Date Time,Station ID,Expected Station Size,Total Docks Installed,Number of Faulty Docks,Total Bikes At Station Per Model,Number of Available Bikes Per Model,Number of Inoperative Bikes Per Model,Geofence Occupancy Ratio,Geofence Capacity,Geofence Total Bikes,Geofence Available Bikes,Geofence Operative Bikes,Geofence Inoperative Bikes,Station Groups,Station Cluster,Station Crown
2025-11-30 00:01:54,35,15,15,0,"fit: 4, efit: 3","fit: 4, efit: 3",,,,0,0,0,0,1,,
2025-11-30 08:58:46,35,15,15,0,"fit: 4, efit: 2","fit: 4, efit: 2",,,,0,0,0,0,1,,
2025-11-30 09:10:03,35,15,15,0,"fit: 4, efit: 1","fit: 4, efit: 1",,,,0,0,0,0,1,,
2025-11-30 12:19:27,35,15,15,0,"fit: 4, efit: 2","fit: 4, efit: 2",,,,0,0,0,0,1,,
2025-11-30 13:24:41,35,15,15,0,"fit: 4, efit: 3","fit: 4, efit: 3",,,,0,0,0,0,1,,
2025-11-30 13:29:42,35,15,15,0,"fit: 4, efit: 3","fit: 4, efit: 2",efit: 1,,,0,0,0,0,1,,
2025-11-30 13:34:43,35,15,15,0,"fit: 4, efit: 2","fit: 4, efit: 2",,,,0,0,0,0,1,,
2025-11-30 13:35:39,35,15,15,0,"fit: 4, efit: 3","fit: 4, efit: 3",,,,0,0,0,0,1,,
2025-11-30 14:04:49,35,15,15,0,"fit: 4, efit: 1","fit: 4, efit: 1",,,,0,0,0,0,1,,
2025-11-30 15:02:27,35,15,15,0,fit: 4,fit: 4,,,,0,0,0,0,1,,
2025-11-30 16:20:19,35,15,15,0,"fit: 4, efit: 1","fit: 4, efit: 1",,,,0,0,0,0,1,,
2025-11-30 17:26:09,35,15,15,0,"fit: 4, efit: 2","fit: 4, efit: 2",,,,0,0,0,0,1,,
2025-11-30 19:41:01,35,15,15,0,"fit: 4, efit: 1","fit: 4, efit: 1",,,,0,0,0,0,1,,
2025-12-01 00:01:55,35,15,15,0,"fit: 4, efit: 1","fit: 4, efit: 1",,,,0,0,0,0,1,,
2025-12-01 06:57:55,35,15,15,0,fit: 4,fit: 4,,,,0,0,0,0,1,,
2025-12-01 16:32:06,35,15,15,0,"fit: 4, efit: 1","fit: 4, efit: 1",,,,0,0,0,0,1,,
2025-12-01 16:39:14,35,15,15,0,fit: 4,fit: 4,,,,0,0,0,0,1,,
2025-12-02 00:00:14,35,15,15,0,fit: 4,fit: 4,,,,0,0,0,0,1,,
2025-12-02 16:30:22,35,15,15,0,"fit: 4, efit: 1","fit: 4, efit: 1",,,,0,0,0,0,1,,
2025-12-03 00:01:57,35,15,15,0,"fit: 4, efit: 1","fit: 4, efit: 1",,,,0,0,0,0,1,,
2025-12-03 09:24:44,35,15,15,0,fit: 4,fit: 4,,,,0,0,0,0,1,,
2025-12-03 14:20:54,35,15,15,0,"fit: 4, efit: 1","fit: 4, efit: 1",,,,0,0,0,0,1,,
2025-12-03 16:08:20,35,15,15,0,fit: 4,fit: 4,,,,0,0,0,0,1,,
2025-12-03 16:43:25,35,15,15,0,"fit: 4, efit: 1","fit: 4, efit: 1",,,,0,0,0,0,1,,
2025-12-03 16:54:29,35,15,15,0,"fit: 4, efit: 2","fit: 4, efit: 2",,,,0,0,0,0,1,,
2025-12-03 18:24:48,35,15,15,0,"fit: 5, efit: 2","fit: 5, efit: 2",,,,0,0,0,0,1,,
2025-12-03 18:26:39,35,15,15,0,"fit: 5, efit: 1","fit: 5, efit: 1",,,,0,0,0,0,1,,
2025-12-03 21:02:06,35,15,15,0,"fit: 4, efit: 1","fit: 4, efit: 1",,,,0,0,0,0,1,,
2025-12-04 00:01:00,35,15,15,0,"fit: 4, efit: 1","fit: 4, efit: 1",,,,0,0,0,0,1,,
2025-12-04 08:04:04,35,15,15,0,fit: 4,fit: 4,,,,0,0,0,0,1,,
2025-12-04 08:05:31,35,15,15,0,fit: 3,fit: 3,,,,0,0,0,0,1,,
2025-12-04 10:09:26,35,15,15,0,"fit: 4, efit: 1","fit: 4, efit: 1",,,,0,0,0,0,1,,
2025-12-04 10:57:27,35,15,15,0,"fit: 4, efit: 2","fit: 4, efit: 2",,,,0,0,0,0,1,,
2025-12-04 12:04:47,35,15,15,0,"fit: 4, efit: 1","fit: 4, efit: 1",,,,0,0,0,0,1,,
2025-12-04 12:32:47,35,15,15,0,"fit: 4, efit: 2","fit: 4, efit: 2",,,,0,0,0,0,1,,
2025-12-04 14:36:25,35,15,15,0,"fit: 3, efit: 2","fit: 3, efit: 2",,,,0,0,0,0,1,,
2025-12-04 15:10:21,35,15,15,0,"fit: 3, efit: 3","fit: 3, efit: 3",,,,0,0,0,0,1,,
2025-12-04 17:13:46,35,15,15,0,"fit: 4, efit: 3","fit: 4, efit: 3",,,,0,0,0,0,1,,
2025-12-04 17:28:49,35,15,15,0,"fit: 4, efit: 4","fit: 4, efit: 4",,,,0,0,0,0,1,,
2025-12-04 17:38:51,35,15,15,0,"fit: 4, efit: 5","fit: 4, efit: 5",,,,0,0,0,0,1,,
2025-12-05 00:00:11,35,15,15,0,"fit: 4, efit: 5","fit: 4, efit: 5",,,,0,0,0,0,1,,
2025-12-05 09:57:16,35,15,15,0,"fit: 4, efit: 6","fit: 4, efit: 6",,,,0,0,0,0,1,,
2025-12-05 11:32:35,35,15,15,0,"fit: 4, efit: 7","fit: 4, efit: 7",,,,0,0,0,0,1,,
2025-12-05 12:12:44,35,15,15,0,"fit: 4, efit: 8","fit: 4, efit: 8",,,,0,0,0,0,1,,
2025-12-05 12:47:52,35,15,15,0,"fit: 4, efit: 7","fit: 4, efit: 7",,,,0,0,0,0,1,,
2025-12-05 16:32:31,35,15,15,0,"fit: 4, efit: 8","fit: 4, efit: 8",,,,0,0,0,0,1,,
2025-12-05 17:27:41,35,15,15,0,"fit: 4, efit: 7","fit: 4, efit: 7",,,,0,0,0,0,1,,
2025-12-05 19:48:07,35,15,15,0,"fit: 4, efit: 6","fit: 4, efit: 6",,,,0,0,0,0,1,,
2025-12-06 00:00:16,35,15,15,0,"fit: 4, efit: 6","fit: 4, efit: 6",,,,0,0,0,0,1,,
2025-12-06 03:14:27,35,15,15,0,"fit: 4, efit: 7","fit: 4, efit: 7",,,,0,0,0,0,1,,
2025-12-06 07:46:53,35,15,15,0,"fit: 4, efit: 6","fit: 4, efit: 6",,,,0,0,0,0,1,,
2025-12-06 10:10:40,35,15,15,0,"fit: 4, efit: 5","fit: 4, efit: 5",,,,0,0,0,0,1,,
2025-12-06 10:15:41,35,15,15,0,"fit: 4, efit: 6","fit: 4, efit: 6",,,,0,0,0,0,1,,
2025-12-06 14:46:29,35,15,15,0,"fit: 4, efit: 7","fit: 4, efit: 7",,,,0,0,0,0,1,,
2025-12-06 18:17:07,35,15,15,0,"fit: 4, efit: 8","fit: 4, efit: 8",,,,0,0,0,0,1,,
2025-12-06 21:37:41,35,15,15,0,"fit: 4, efit: 7","fit: 4, efit: 7",,,,0,0,0,0,1,,
2025-12-07 00:00:16,35,15,15,0,"fit: 4, efit: 7","fit: 4, efit: 7",,,,0,0,0,0,1,,
2025-12-07 02:18:31,35,15,15,0,"fit: 4, efit: 8","fit: 4, efit: 8",,,,0,0,0,0,1,,
2025-12-07 12:30:56,35,15,15,0,"fit: 4, efit: 7","fit: 4, efit: 7",,,,0,0,0,0,1,,
2025-12-07 12:42:56,35,15,15,0,"fit: 4, efit: 8","fit: 4, efit: 8",,,,0,0,0,0,1,,
2025-12-07 14:05:37,35,15,15,0,"fit: 4, efit: 9","fit: 4, efit: 9",,,,0,0,0,0,1,,
2025-12-07 14:53:25,35,15,15,0,"fit: 4, efit: 10","fit: 4, efit: 10",,,,0,0,0,0,1,,
2025-12-07 15:08:28,35,15,15,0,"fit: 3, efit: 10","fit: 3, efit: 10",,,,0,0,0,0,1,,
2025-12-07 15:28:32,35,15,15,0,"fit: 4, efit: 10","fit: 4, efit: 10",,,,0,0,0,0,1,,
2025-12-07 19:44:26,35,15,15,0,"fit: 4, efit: 9","fit: 4, efit: 9",,,,0,0,0,0,1,,
2025-12-08 00:00:20,35,15,15,0,"fit: 4, efit: 9","fit: 4, efit: 9",,,,0,0,0,0,1,,
2025-12-08 06:51:46,35,15,15,0,"fit: 4, efit: 8","fit: 4, efit: 8",,,,0,0,0,0,1,,
2025-12-08 16:54:43,35,15,15,0,"fit: 4, efit: 9","fit: 4, efit: 9",,,,0,0,0,0,1,,
2025-12-08 17:49:51,35,15,15,0,"fit: 4, efit: 8","fit: 4, efit: 8",,,,0,0,0,0,1,,
2025-12-08 18:04:11,35,15,15,0,"fit: 4, efit: 7","fit: 4, efit: 7",,,,0,0,0,0,1,,
2025-12-08 19:59:36,35,15,15,0,"fit: 4, efit: 8","fit: 4, efit: 8",,,,0,0,0,0,1,,
2025-12-09 00:00:29,35,15,15,0,"fit: 4, efit: 8","fit: 4, efit: 8",,,,0,0,0,0,1,,
2025-12-09 06:41:36,35,15,15,0,"fit: 4, efit: 7","fit: 4, efit: 7",,,,0,0,0,0,1,,
2025-12-09 08:07:09,35,15,15,0,"fit: 3, efit: 7","fit: 3, efit: 7",,,,0,0,0,0,1,,
2025-12-09 08:16:49,35,15,15,0,"fit: 4, efit: 6","fit: 4, efit: 6",,,,0,0,0,0,1,,
2025-12-09 09:16:57,35,15,15,0,"fit: 4, efit: 5","fit: 4, efit: 5",,,,0,0,0,0,1,,
2025-12-09 09:21:58,35,15,15,0,"fit: 4, efit: 4","fit: 4, efit: 4",,,,0,0,0,0,1,,
2025-12-09 10:57:44,35,15,15,0,"fit: 4, efit: 5","fit: 4, efit: 5",,,,0,0,0,0,1,,
2025-12-09 12:12:23,35,15,15,0,"fit: 4, efit: 4","fit: 4, efit: 4",,,,0,0,0,0,1,,
2025-12-09 12:22:24,35,15,15,0,"fit: 4, efit: 5","fit: 4, efit: 5",,,,0,0,0,0,1,,
2025-12-09 13:07:30,35,15,15,0,"fit: 4, efit: 4","fit: 4, efit: 4",,,,0,0,0,0,1,,
2025-12-09 15:12:47,35,15,15,0,"fit: 4, efit: 3","fit: 4, efit: 3",,,,0,0,0,0,1,,
2025-12-09 16:43:00,35,15,15,0,"fit: 4, efit: 4","fit: 4, efit: 4",,,,0,0,0,0,1,,
2025-12-09 17:13:04,35,15,15,0,"fit: 4, efit: 5","fit: 4, efit: 5",,,,0,0,0,0,1,,
2025-12-09 17:44:10,35,15,15,0,"fit: 3, efit: 5","fit: 3, efit: 5",,,,0,0,0,0,1,,
2025-12-09 22:03:44,35,15,15,0,"fit: 3, efit: 6","fit: 3, efit: 6",,,,0,0,0,0,1,,
2025-12-10 00:00:30,35,15,15,0,"fit: 3, efit: 6","fit: 3, efit: 6",,,,0,0,0,0,1,,
2025-12-10 08:10:08,35,15,15,0,"fit: 3, efit: 5","fit: 3, efit: 5",,,,0,0,0,0,1,,
2025-12-10 08:12:14,35,15,15,0,"fit: 3, efit: 4","fit: 3, efit: 4",,,,0,0,0,0,1,,
2025-12-10 09:40:21,35,15,15,0,"fit: 3, efit: 5","fit: 3, efit: 5",,,,0,0,0,0,1,,
2025-12-10 10:35:29,35,15,15,0,"fit: 3, efit: 4","fit: 3, efit: 4",,,,0,0,0,0,1,,
2025-12-10 12:40:46,35,15,15,0,"fit: 3, efit: 6","fit: 3, efit: 6",,,,0,0,0,0,1,,
2025-12-10 13:50:56,35,15,15,0,"fit: 3, efit: 6","fit: 2, efit: 6",fit: 1,,,0,0,0,0,1,,
2025-12-10 13:55:57,35,15,15,0,"fit: 2, efit: 7","fit: 2, efit: 7",,,,0,0,0,0,1,,
2025-12-10 16:41:20,35,15,15,0,"fit: 2, efit: 6","fit: 2, efit: 6",,,,0,0,0,0,1,,
2025-12-10 16:43:43,35,15,15,0,"fit: 2, efit: 7","fit: 2, efit: 7",,,,0,0,0,0,1,,
2025-12-10 17:04:02,35,15,15,0,"fit: 2, efit: 8","fit: 2, efit: 8",,,,0,0,0,0,1,,
2025-12-10 19:14:09,35,15,15,0,"fit: 2, efit: 7","fit: 2, efit: 7",,,,0,0,0,0,1,,
2025-12-10 21:06:56,35,15,15,0,"fit: 2, efit: 6","fit: 2, efit: 6",,,,0,0,0,0,1,,
2025-12-11 00:00:27,35,15,15,0,"fit: 2, efit: 6","fit: 2, efit: 6",,,,0,0,0,0,1,,
2025-12-11 19:48:11,35,15,15,0,"fit: 2, efit: 7","fit: 2, efit: 7",,,,0,0,0,0,1,,
2025-12-11 20:40:10,35,15,15,0,"fit: 2, efit: 6","fit: 2, efit: 6",,,,0,0,0,0,1,,
2025-12-11 21:23:30,35,15,15,0,"fit: 2, efit: 5","fit: 2, efit: 5",,,,0,0,0,0,1,,
2025-12-11 22:13:41,35,15,15,0,"fit: 2, efit: 6","fit: 2, efit: 6",,,,0,0,0,0,1,,
2025-12-12 00:02:32,35,15,15,0,"fit: 2, efit: 6","fit: 2, efit: 6",,,,0,0,0,0,1,,
2025-12-12 08:50:43,35,15,15,0,"fit: 2, efit: 7","fit: 2, efit: 7",,,,0,0,0,0,1,,
2025-12-12 08:55:44,35,15,15,0,"fit: 2, efit: 6","fit: 2, efit: 6",,,,0,0,0,0,1,,
2025-12-12 10:04:00,35,15,15,0,"fit: 2, efit: 7","fit: 2, efit: 6",,,,0,0,0,0,1,,
2025-12-12 10:36:37,35,15,15,0,"fit: 2, efit: 7","fit: 2, efit: 7",,,,0,0,0,0,1,,
2025-12-12 13:49:34,35,15,15,0,"fit: 2, efit: 6","fit: 2, efit: 6",,,,0,0,0,0,1,,
2025-12-12 16:37:52,35,15,15,0,"fit: 2, efit: 7","fit: 2, efit: 7",,,,0,0,0,0,1,,
2025-12-12 18:23:10,35,15,15,0,"fit: 2, efit: 8","fit: 2, efit: 8",,,,0,0,0,0,1,,
2025-12-12 19:23:20,35,15,15,0,"fit: 2, efit: 7","fit: 2, efit: 7",,,,0,0,0,0,1,,
2025-12-13 00:01:01,35,15,15,0,"fit: 2, efit: 7","fit: 2, efit: 7",,,,0,0,0,0,1,,
2025-12-13 04:04:47,35,15,15,0,"fit: 2, efit: 8","fit: 2, efit: 8",,,,0,0,0,0,1,,
2025-12-13 07:45:24,35,15,15,0,"fit: 2, efit: 7","fit: 2, efit: 7",,,,0,0,0,0,1,,
2025-12-13 07:52:08,35,15,15,0,"fit: 2, efit: 6","fit: 2, efit: 6",,,,0,0,0,0,1,,
2025-12-13 11:36:04,35,15,15,0,"fit: 2, efit: 5","fit: 2, efit: 5",,,,0,0,0,0,1,,
2025-12-13 16:16:50,35,15,15,0,"fit: 2, efit: 6","fit: 2, efit: 6",,,,0,0,0,0,1,,
2025-12-14 00:00:34,35,15,15,0,"fit: 2, efit: 6","fit: 2, efit: 6",,,,0,0,0,0,1,,
2025-12-14 11:03:12,35,15,15,0,"fit: 1, efit: 2","fit: 1, efit: 2",,,,0,0,0,0,1,,
2025-12-14 11:13:14,35,15,15,0,"fit: 2, efit: 5","fit: 2, efit: 5",,,,0,0,0,0,1,,
2025-12-14 11:15:57,35,15,15,0,"fit: 2, efit: 6","fit: 2, efit: 6",,,,0,0,0,0,1,,
2025-12-14 14:20:30,35,15,15,0,"fit: 2, efit: 7","fit: 2, efit: 7",,,,0,0,0,0,1,,
2025-12-14 15:45:44,35,15,15,0,"fit: 2, efit: 8","fit: 2, efit: 8",,,,0,0,0,0,1,,
2025-12-15 00:01:19,35,15,15,0,"fit: 2, efit: 8","fit: 2, efit: 8",,,,0,0,0,0,1,,
2025-12-15 17:20:56,35,15,15,0,"fit: 1, efit: 8","fit: 1, efit: 8",,,,0,0,0,0,1,,
2025-12-15 17:56:03,35,15,15,0,"fit: 1, efit: 7","fit: 1, efit: 7",,,,0,0,0,0,1,,
2025-12-15 17:56:08,35,15,15,0,"fit: 2, efit: 7","fit: 2, efit: 7",,,,0,0,0,0,1,,
2025-12-15 18:36:12,35,15,15,0,"fit: 2, efit: 8","fit: 2, efit: 8",,,,0,0,0,0,1,,
2025-12-15 22:31:47,35,15,15,0,"fit: 2, efit: 8","fit: 2, efit: 7",,,,0,0,0,0,1,,
2025-12-16 00:02:01,35,15,15,0,"fit: 2, efit: 8","fit: 2, efit: 7",,,,0,0,0,0,1,,
2025-12-16 06:23:00,35,15,15,0,"fit: 2, efit: 8","fit: 2, efit: 6",,,,0,0,0,0,1,,
2025-12-16 07:33:43,35,15,15,0,"fit: 2, efit: 8","fit: 2, efit: 5",,,,0,0,0,0,1,,
2025-12-16 07:53:14,35,15,15,0,"fit: 1, efit: 8","fit: 1, efit: 5",,,,0,0,0,0,1,,
2025-12-16 08:33:21,35,15,15,0,"fit: 2, efit: 8","fit: 2, efit: 5",,,,0,0,0,0,1,,
2025-12-16 10:33:39,35,15,15,0,"fit: 2, efit: 6","fit: 2, efit: 5",,,,0,0,0,0,1,,
2025-12-16 10:35:38,35,15,15,0,"fit: 2, efit: 7","fit: 2, efit: 6",,,,0,0,0,0,1,,
2025-12-16 10:38:40,35,15,15,0,"fit: 2, efit: 8","fit: 2, efit: 8",,,,0,0,0,0,1,,
2025-12-16 13:04:03,35,15,15,0,"fit: 1, efit: 8","fit: 1, efit: 8",,,,0,0,0,0,1,,
2025-12-16 13:44:10,35,15,15,0,"fit: 1, efit: 9","fit: 1, efit: 9",,,,0,0,0,0,1,,
2025-12-16 13:49:11,35,15,15,0,"fit: 1, efit: 8","fit: 1, efit: 8",,,,0,0,0,0,1,,
2025-12-16 16:24:35,35,15,15,0,"fit: 1, efit: 7","fit: 1, efit: 7",,,,0,0,0,0,1,,
2025-12-16 17:15:41,35,15,15,0,"fit: 2, efit: 7","fit: 2, efit: 7",,,,0,0,0,0,1,,
2025-12-17 00:00:47,35,15,15,0,"fit: 2, efit: 7","fit: 2, efit: 7",,,,0,0,0,0,1,,
2025-12-17 09:27:16,35,15,15,0,"fit: 2, efit: 6","fit: 2, efit: 6",,,,0,0,0,0,1,,
2025-12-17 12:32:46,35,15,15,0,"fit: 2, efit: 5","fit: 2, efit: 5",,,,0,0,0,0,1,,
2025-12-17 13:07:52,35,15,15,0,"fit: 2, efit: 4","fit: 2, efit: 4",,,,0,0,0,0,1,,
2025-12-17 15:15:06,35,15,15,0,"fit: 2, efit: 5","fit: 2, efit: 5",,,,0,0,0,0,1,,
2025-12-17 16:53:27,35,15,15,0,"fit: 3, efit: 5","fit: 3, efit: 5",,,,0,0,0,0,1,,
2025-12-17 17:05:29,35,15,15,0,"fit: 3, efit: 6","fit: 3, efit: 6",,,,0,0,0,0,1,,
2025-12-17 17:13:30,35,15,15,0,"fit: 3, efit: 7","fit: 3, efit: 7",,,,0,0,0,0,1,,
2025-12-17 18:10:43,35,15,15,0,"fit: 3, efit: 6","fit: 3, efit: 6",,,,0,0,0,0,1,,
2025-12-17 21:31:23,35,15,15,0,"fit: 3, efit: 7","fit: 3, efit: 7",,,,0,0,0,0,1,,
2025-12-18 00:01:53,35,15,15,0,"fit: 3, efit: 7","fit: 3, efit: 7",,,,0,0,0,0,1,,
2025-12-18 08:00:46,35,15,15,0,"fit: 3, efit: 6","fit: 3, efit: 6",,,,0,0,0,0,1,,
2025-12-18 08:18:21,35,15,15,0,"fit: 2, efit: 6","fit: 2, efit: 6",,,,0,0,0,0,1,,
2025-12-18 09:05:56,35,15,15,0,"fit: 2, efit: 5","fit: 2, efit: 5",,,,0,0,0,0,1,,
2025-12-18 09:41:02,35,15,15,0,"fit: 2, efit: 4","fit: 2, efit: 4",,,,0,0,0,0,1,,
2025-12-18 10:11:06,35,15,15,0,"fit: 2, efit: 5","fit: 2, efit: 5",,,,0,0,0,0,1,,
2025-12-18 11:53:58,35,15,15,0,"fit: 2, efit: 4","fit: 2, efit: 4",,,,0,0,0,0,1,,
2025-12-18 12:14:14,35,15,15,0,"fit: 3, efit: 4","fit: 3, efit: 4",,,,0,0,0,0,1,,
2025-12-18 12:19:03,35,15,15,0,"fit: 3, efit: 3","fit: 3, efit: 3",,,,0,0,0,0,1,,
2025-12-18 13:26:36,35,15,15,0,"fit: 3, efit: 4","fit: 3, efit: 4",,,,0,0,0,0,1,,
2025-12-18 13:34:16,35,15,15,0,"fit: 3, efit: 5","fit: 3, efit: 5",,,,0,0,0,0,1,,
2025-12-18 13:44:17,35,15,15,0,"fit: 3, efit: 4","fit: 3, efit: 4",,,,0,0,0,0,1,,
2025-12-18 13:46:39,35,15,15,0,"fit: 3, efit: 3","fit: 3, efit: 3",,,,0,0,0,0,1,,
2025-12-18 14:19:23,35,15,15,0,"fit: 3, efit: 2","fit: 3, efit: 2",,,,0,0,0,0,1,,
2025-12-18 14:39:27,35,15,15,0,"fit: 3, efit: 3","fit: 3, efit: 3",,,,0,0,0,0,1,,
2025-12-18 14:46:48,35,15,15,0,"fit: 3, efit: 4","fit: 3, efit: 4",,,,0,0,0,0,1,,
2025-12-18 15:04:31,35,15,15,0,"fit: 3, efit: 5","fit: 3, efit: 5",,,,0,0,0,0,1,,
2025-12-18 16:27:04,35,15,15,0,"fit: 3, efit: 6","fit: 3, efit: 6",,,,0,0,0,0,1,,
2025-12-18 16:39:47,35,15,15,0,"fit: 3, efit: 7","fit: 3, efit: 7",,,,0,0,0,0,1,,
2025-12-18 16:44:48,35,15,15,0,"fit: 3, efit: 9","fit: 3, efit: 9",,,,0,0,0,0,1,,
2025-12-18 16:59:50,35,15,15,0,"fit: 3, efit: 10","fit: 3, efit: 10",,,,0,0,0,0,1,,
2025-12-18 17:09:52,35,15,15,0,"fit: 3, efit: 11","fit: 3, efit: 11",,,,0,0,0,0,1,,
2025-12-18 17:14:53,35,15,15,0,"fit: 3, efit: 12","fit: 3, efit: 12",,,,0,0,0,0,1,,
2025-12-19 00:01:04,35,15,15,0,"fit: 3, efit: 12","fit: 3, efit: 12",,,,0,0,0,0,1,,
2025-12-19 08:17:27,35,15,15,0,"fit: 2, efit: 11","fit: 2, efit: 11",,,,0,0,0,0,1,,
2025-12-19 11:02:54,35,15,15,0,"fit: 3, efit: 11","fit: 3, efit: 11",,,,0,0,0,0,1,,
2025-12-19 12:58:13,35,15,15,0,"fit: 3, efit: 10","fit: 3, efit: 10",,,,0,0,0,0,1,,
2025-12-19 13:13:15,35,15,15,0,"fit: 3, efit: 11","fit: 3, efit: 11",,,,0,0,0,0,1,,
2025-12-19 14:43:30,35,15,15,0,"fit: 2, efit: 10","fit: 2, efit: 10",,,,0,0,0,0,1,,
2025-12-19 14:44:38,35,15,15,0,"fit: 2, efit: 8","fit: 2, efit: 8",,,,0,0,0,0,1,,
2025-12-19 14:45:29,35,15,15,0,"fit: 2, efit: 7","fit: 2, efit: 7",,,,0,0,0,0,1,,
2025-12-19 16:38:49,35,15,15,0,"fit: 2, efit: 6","fit: 2, efit: 6",,,,0,0,0,0,1,,
2025-12-20 00:00:01,35,15,15,0,"fit: 2, efit: 6","fit: 2, efit: 6",,,,0,0,0,0,1,,
2025-12-20 12:23:45,35,15,15,0,"fit: 2, efit: 7","fit: 2, efit: 7",,,,0,0,0,0,1,,
2025-12-20 13:32:14,35,15,15,0,"fit: 2, efit: 8","fit: 2, efit: 8",,,,0,0,0,0,1,,
2025-12-20 14:27:23,35,15,15,0,"fit: 2, efit: 9","fit: 2, efit: 9",,,,0,0,0,0,1,,
2025-12-20 15:12:31,35,15,15,0,"fit: 2, efit: 10","fit: 2, efit: 10",,,,0,0,0,0,1,,
2025-12-20 18:02:58,35,15,15,0,"fit: 2, efit: 11","fit: 2, efit: 11",,,,0,0,0,0,1,,
2025-12-21 00:00:31,35,15,15,0,"fit: 2, efit: 11","fit: 2, efit: 11",,,,0,0,0,0,1,,
2025-12-21 04:31:12,35,15,15,0,"fit: 2, efit: 12","fit: 2, efit: 12",,,,0,0,0,0,1,,
2025-12-21 09:03:03,35,15,15,0,"fit: 2, efit: 11","fit: 2, efit: 11",,,,0,0,0,0,1,,
2025-12-21 09:38:10,35,15,15,0,"fit: 2, efit: 10","fit: 2, efit: 10",,,,0,0,0,0,1,,
2025-12-21 10:57:09,35,15,15,0,"fit: 2, efit: 11","fit: 2, efit: 11",,,,0,0,0,0,1,,
2025-12-21 12:38:46,35,15,15,0,"fit: 3, efit: 11","fit: 3, efit: 11",,,,0,0,0,0,1,,
2025-12-21 13:42:34,35,15,15,0,"fit: 3, efit: 12","fit: 3, efit: 12",,,,0,0,0,0,1,,
2025-12-21 15:22:49,35,15,15,0,"fit: 3, efit: 11","fit: 3, efit: 11",,,,0,0,0,0,1,,
2025-12-21 15:59:27,35,15,15,0,"fit: 3, efit: 9","fit: 3, efit: 9",,,,0,0,0,0,1,,
2025-12-21 16:01:32,35,15,15,0,"fit: 3, efit: 7","fit: 3, efit: 7",,,,0,0,0,0,1,,
2025-12-21 16:24:32,35,15,15,0,"fit: 3, efit: 6","fit: 3, efit: 6",,,,0,0,0,0,1,,
2025-12-21 22:47:39,35,15,15,0,"fit: 3, efit: 7","fit: 3, efit: 7",,,,0,0,0,0,1,,
2025-12-22 00:01:04,35,15,15,0,"fit: 3, efit: 7","fit: 3, efit: 7",,,,0,0,0,0,1,,
2025-12-22 06:53:57,35,15,15,0,"fit: 3, efit: 6","fit: 3, efit: 6",,,,0,0,0,0,1,,
2025-12-22 07:42:37,35,15,15,0,"fit: 4, efit: 5","fit: 4, efit: 5",,,,0,0,0,0,1,,
2025-12-22 14:44:02,35,15,15,0,"fit: 4, efit: 4","fit: 4, efit: 4",,,,0,0,0,0,1,,
2025-12-22 14:45:15,35,15,15,0,"fit: 4, efit: 3","fit: 4, efit: 3",,,,0,0,0,0,1,,
2025-12-22 16:21:37,35,15,15,0,"fit: 4, efit: 4","fit: 4, efit: 4",,,,0,0,0,0,1,,
2025-12-22 16:46:41,35,15,15,0,"fit: 4, efit: 3","fit: 4, efit: 3",,,,0,0,0,0,1,,
2025-12-22 17:14:34,35,15,15,0,"fit: 4, efit: 4","fit: 4, efit: 4",,,,0,0,0,0,1,,
2025-12-22 17:39:39,35,15,15,0,"fit: 4, efit: 3","fit: 4, efit: 3",,,,0,0,0,0,1,,
2025-12-22 17:50:46,35,15,15,0,"fit: 4, efit: 4","fit: 4, efit: 4",,,,0,0,0,0,1,,
2025-12-22 18:19:47,35,15,15,0,"fit: 4, efit: 5","fit: 4, efit: 5",,,,0,0,0,0,1,,
2025-12-22 18:39:51,35,15,15,0,"fit: 4, efit: 6","fit: 4, efit: 6",,,,0,0,0,0,1,,
2025-12-23 00:00:55,35,15,15,0,"fit: 4, efit: 6","fit: 4, efit: 6",,,,0,0,0,0,1,,
2025-12-23 07:07:21,35,15,15,0,"fit: 4, efit: 7","fit: 4, efit: 7",,,,0,0,0,0,1,,
2025-12-23 09:57:55,35,15,15,0,"fit: 4, efit: 8","fit: 4, efit: 8",,,,0,0,0,0,1,,
2025-12-23 11:38:15,35,15,15,0,"fit: 4, efit: 7","fit: 4, efit: 7",,,,0,0,0,0,1,,
2025-12-23 11:53:18,35,15,15,0,"fit: 4, efit: 8","fit: 4, efit: 8",,,,0,0,0,0,1,,
2025-12-23 15:44:04,35,15,15,0,"fit: 4, efit: 9","fit: 4, efit: 9",,,,0,0,0,0,1,,
2025-12-23 16:34:15,35,15,15,0,"fit: 4, efit: 10","fit: 4, efit: 10",,,,0,0,0,0,1,,
2025-12-23 18:09:34,35,15,15,0,"fit: 4, efit: 9","fit: 4, efit: 9",,,,0,0,0,0,1,,
2025-12-23 18:24:37,35,15,15,0,"fit: 4, efit: 10","fit: 4, efit: 10",,,,0,0,0,0,1,,
2025-12-23 19:14:46,35,15,15,0,"fit: 4, efit: 9","fit: 4, efit: 9",,,,0,0,0,0,1,,
2025-12-24 00:00:37,35,15,15,0,"fit: 4, efit: 9","fit: 4, efit: 9",,,,0,0,0,0,1,,
2025-12-24 09:22:07,35,15,15,0,"fit: 4, efit: 8","fit: 4, efit: 8",,,,0,0,0,0,1,,
2025-12-24 10:22:43,35,15,15,0,"fit: 4, efit: 9","fit: 4, efit: 9",,,,0,0,0,0,1,,
2025-12-24 12:18:07,35,15,15,0,"fit: 4, efit: 10","fit: 4, efit: 10",,,,0,0,0,0,1,,
2025-12-24 12:47:40,35,15,15,0,"fit: 4, efit: 9","fit: 4, efit: 9",,,,0,0,0,0,1,,
2025-12-24 12:57:41,35,15,15,0,"fit: 4, efit: 8","fit: 4, efit: 8",,,,0,0,0,0,1,,
2025-12-24 15:03:40,35,15,15,0,"fit: 4, efit: 7","fit: 4, efit: 7",,,,0,0,0,0,1,,
2025-12-24 15:33:42,35,15,15,0,"fit: 4, efit: 8","fit: 4, efit: 8",,,,0,0,0,0,1,,
2025-12-24 15:43:09,35,15,15,0,"fit: 4, efit: 9","fit: 4, efit: 9",,,,0,0,0,0,1,,
2025-12-24 19:09:15,35,15,15,0,"fit: 4, efit: 10","fit: 4, efit: 10",,,,0,0,0,0,1,,
2025-12-25 00:00:25,35,15,15,0,"fit: 4, efit: 10","fit: 4, efit: 10",,,,0,0,0,0,1,,
2025-12-25 12:21:30,35,15,15,0,"fit: 4, efit: 9","fit: 4, efit: 9",,,,0,0,0,0,1,,
2025-12-25 14:41:53,35,15,15,0,"fit: 4, efit: 9","fit: 4, efit: 8",efit: 1,,,0,0,0,0,1,,
2025-12-25 14:48:22,35,15,15,0,"fit: 4, efit: 8","fit: 4, efit: 7",efit: 1,,,0,0,0,0,1,,
2025-12-25 16:37:12,35,15,15,0,"fit: 4, efit: 9","fit: 4, efit: 8",efit: 1,,,0,0,0,0,1,,
2025-12-25 18:57:35,35,15,15,0,"fit: 4, efit: 10","fit: 4, efit: 9",efit: 1,,,0,0,0,0,1,,
2025-12-25 19:32:40,35,15,15,0,"fit: 4, efit: 11","fit: 4, efit: 10",efit: 1,,,0,0,0,0,1,,
2025-12-26 00:00:14,35,15,15,0,"fit: 4, efit: 11","fit: 4, efit: 10",efit: 1,,,0,0,0,0,1,,
2025-12-26 08:24:46,35,15,15,0,"fit: 4, efit: 10","fit: 4, efit: 9",efit: 1,,,0,0,0,0,1,,
2025-12-26 10:15:05,35,15,15,0,"fit: 4, efit: 11","fit: 4, efit: 10",efit: 1,,,0,0,0,0,1,,
2025-12-26 11:17:31,35,15,15,0,"fit: 4, efit: 10","fit: 4, efit: 9",efit: 1,,,0,0,0,0,1,,
2025-12-26 14:53:15,35,15,15,0,"fit: 4, efit: 9","fit: 4, efit: 8",efit: 1,,,0,0,0,0,1,,
2025-12-26 17:38:48,35,15,15,0,"fit: 4, efit: 10","fit: 4, efit: 9",efit: 1,,,0,0,0,0,1,,
2025-12-26 20:41:40,35,15,15,0,"fit: 4, efit: 9","fit: 4, efit: 8",efit: 1,,,0,0,0,0,1,,
2025-12-27 00:00:05,35,15,15,0,"fit: 4, efit: 9","fit: 4, efit: 8",efit: 1,,,0,0,0,0,1,,
2025-12-27 01:50:27,35,15,15,0,"fit: 4, efit: 10","fit: 4, efit: 9",efit: 1,,,0,0,0,0,1,,
2025-12-27 06:26:22,35,15,15,0,"fit: 4, efit: 9","fit: 4, efit: 8",efit: 1,,,0,0,0,0,1,,
2025-12-27 08:08:22,35,15,15,0,"fit: 4, efit: 10","fit: 4, efit: 9",efit: 1,,,0,0,0,0,1,,
2025-12-27 08:26:46,35,15,15,0,"fit: 4, efit: 9","fit: 4, efit: 9",,,,0,0,0,0,1,,
2025-12-27 09:13:32,35,15,15,0,"fit: 4, efit: 8","fit: 4, efit: 8",,,,0,0,0,0,1,,
2025-12-27 11:17:21,35,15,15,0,"fit: 4, efit: 9","fit: 4, efit: 9",,,,0,0,0,0,1,,
2025-12-27 13:44:14,35,15,15,0,"fit: 4, efit: 10","fit: 4, efit: 10",,,,0,0,0,0,1,,
2025-12-27 17:08:31,35,15,15,0,"fit: 3, efit: 10","fit: 3, efit: 10",,,,0,0,0,0,1,,
2025-12-28 00:00:49,35,15,15,0,"fit: 3, efit: 9","fit: 3, efit: 9",,,,0,0,0,0,1,,
2025-12-28 13:27:37,35,15,15,0,"fit: 3, efit: 8","fit: 3, efit: 8",,,,0,0,0,0,1,,
2025-12-28 16:03:48,35,15,15,0,"fit: 3, efit: 6","fit: 3, efit: 6",,,,0,0,0,0,1,,
2025-12-28 16:53:18,35,15,15,0,"fit: 3, efit: 7","fit: 3, efit: 7",,,,0,0,0,0,1,,
2025-12-28 17:03:20,35,15,15,0,"fit: 3, efit: 9","fit: 3, efit: 9",,,,0,0,0,0,1,,
2025-12-28 19:53:46,35,15,15,0,"fit: 2, efit: 9","fit: 2, efit: 9",,,,0,0,0,0,1,,
2025-12-29 00:00:07,35,15,15,0,"fit: 2, efit: 9","fit: 2, efit: 9",,,,0,0,0,0,1,,
2025-12-29 14:47:27,35,15,15,0,"fit: 2, efit: 10","fit: 2, efit: 10",,,,0,0,0,0,1,,
2025-12-29 18:43:06,35,15,15,0,"fit: 2, efit: 11","fit: 2, efit: 11",,,,0,0,0,0,1,,
2025-12-29 20:50:55,35,15,15,0,"fit: 2, efit: 12","fit: 2, efit: 12",,,,0,0,0,0,1,,
2025-12-29 20:53:28,35,15,15,0,"fit: 2, efit: 11","fit: 2, efit: 11",,,,0,0,0,0,1,,
2025-12-30 00:01:25,35,15,15,0,"fit: 2, efit: 11","fit: 2, efit: 11",,,,0,0,0,0,1,,
2025-12-30 10:05:38,35,15,15,0,"fit: 3, efit: 11","fit: 3, efit: 11",,,,0,0,0,0,1,,
2025-12-30 13:28:28,35,15,15,0,"fit: 2, efit: 11","fit: 2, efit: 11",,,,0,0,0,0,1,,
2025-12-30 13:42:09,35,15,15,0,"fit: 2, efit: 10","fit: 2, efit: 10",,,,0,0,0,0,1,,
2025-12-30 15:23:45,35,15,15,0,"fit: 2, efit: 11","fit: 2, efit: 11",,,,0,0,0,0,1,,
2025-12-30 20:27:19,35,15,15,0,"fit: 2, efit: 10","fit: 2, efit: 10",,,,0,0,0,0,1,,
2025-12-31 00:00:05,35,15,15,0,"fit: 2, efit: 10","fit: 2, efit: 10",,,,0,0,0,0,1,,
2026-01-01 00:01:50,35,15,15,0,"fit: 2, efit: 10","fit: 2, efit: 10",,,,0,0,0,0,1,,
2026-01-01 15:34:22,35,15,15,0,"fit: 2, efit: 11","fit: 2, efit: 11",,,,0,0,0,0,1,,
2026-01-02 00:00:46,35,15,15,0,"fit: 2, efit: 11","fit: 2, efit: 11",,,,0,0,0,0,1,,
2026-01-02 00:10:48,35,15,15,0,"fit: 2, efit: 11","fit: 2, efit: 10",,,,0,0,0,0,1,,
2026-01-02 00:27:27,35,15,15,0,"fit: 2, efit: 11","fit: 2, efit: 9",,,,0,0,0,0,1,,
2026-01-02 00:33:57,35,15,15,0,"fit: 2, efit: 11","fit: 2, efit: 8",,,,0,0,0,0,1,,
2026-01-02 00:35:52,35,15,15,0,"fit: 2, efit: 11","fit: 2, efit: 7",,,,0,0,0,0,1,,
2026-01-02 01:12:34,35,15,15,0,"fit: 2, efit: 11","fit: 2, efit: 6",,,,0,0,0,0,1,,
2026-01-02 01:29:08,35,15,15,0,"fit: 2, efit: 11","fit: 2, efit: 5",,,,0,0,0,0,1,,
2026-01-02 01:31:01,35,15,15,0,"fit: 2, efit: 11","fit: 2, efit: 4",,,,0,0,0,0,1,,
2026-01-02 02:14:17,35,15,15,0,"fit: 2, efit: 11","fit: 2, efit: 3",,,,0,0,0,0,1,,
2026-01-02 02:59:26,35,15,15,0,"fit: 2, efit: 11","fit: 2, efit: 2",,,,0,0,0,0,1,,
2026-01-02 03:09:28,35,15,15,0,"fit: 2, efit: 11","fit: 2, efit: 1",,,,0,0,0,0,1,,
2026-01-02 08:37:11,35,15,15,0,"fit: 2, efit: 11","fit: 2, efit: 2",,,,0,0,0,0,1,,
2026-01-02 08:38:42,35,15,15,0,"fit: 2, efit: 11","fit: 2, efit: 1",,,,0,0,0,0,1,,
2026-01-02 10:00:52,35,15,15,0,"fit: 2, efit: 7","fit: 2, efit: 1",,,,0,0,0,0,1,,
2026-01-02 10:02:25,35,15,15,0,"fit: 1, efit: 3",fit: 1,,,,0,0,0,0,1,,
2026-01-02 10:03:55,35,15,15,0,,,,,,0,0,0,0,1,,
2026-01-02 10:10:54,35,15,15,0,fit: 2,fit: 2,,,,0,0,0,0,1,,
2026-01-02 10:12:27,35,15,15,0,"fit: 2, efit: 2","fit: 2, efit: 2",,,,0,0,0,0,1,,
2026-01-02 10:13:56,35,15,15,0,"fit: 2, efit: 3","fit: 2, efit: 3",,,,0,0,0,0,1,,
2026-01-02 10:15:55,35,15,15,0,"fit: 2, efit: 5","fit: 2, efit: 5",,,,0,0,0,0,1,,
2026-01-02 10:17:27,35,15,15,0,"fit: 2, efit: 6","fit: 2, efit: 6",,,,0,0,0,0,1,,
2026-01-02 10:18:57,35,15,15,0,"fit: 2, efit: 7","fit: 2, efit: 7",,,,0,0,0,0,1,,
2026-01-02 10:20:56,35,15,15,0,"fit: 2, efit: 8","fit: 2, efit: 8",,,,0,0,0,0,1,,
2026-01-02 17:23:38,35,15,15,0,"fit: 2, efit: 8","fit: 2, efit: 7",,,,0,0,0,0,1,,
2026-01-02 17:58:44,35,15,15,0,"fit: 2, efit: 7","fit: 2, efit: 6",,,,0,0,0,0,1,,
2026-01-02 18:00:10,35,15,15,0,"fit: 2, efit: 8","fit: 2, efit: 7",,,,0,0,0,0,1,,
2026-01-02 18:02:30,35,15,15,0,"fit: 2, efit: 7","fit: 2, efit: 6",,,,0,0,0,0,1,,
2026-01-02 19:17:45,35,15,15,0,"fit: 2, efit: 6","fit: 2, efit: 5",,,,0,0,0,0,1,,
2026-01-03 00:01:06,35,15,15,0,"fit: 2, efit: 6","fit: 2, efit: 5",,,,0,0,0,0,1,,
2026-01-03 15:56:56,35,15,15,0,"fit: 2, efit: 7","fit: 2, efit: 6",,,,0,0,0,0,1,,
2026-01-03 19:17:37,35,15,15,0,"fit: 2, efit: 8","fit: 2, efit: 7",,,,0,0,0,0,1,,
2026-01-03 19:37:41,35,15,15,0,"fit: 2, efit: 7","fit: 2, efit: 6",,,,0,0,0,0,1,,
2026-01-03 21:49:26,35,15,15,0,"fit: 2, efit: 7","fit: 2, efit: 6",efit: 1,,,0,0,0,0,1,,
2026-01-03 22:09:29,35,15,15,0,"fit: 2, efit: 7","fit: 2, efit: 6",,,,0,0,0,0,1,,
2026-01-03 22:13:13,35,15,15,0,"fit: 2, efit: 7","fit: 2, efit: 6",efit: 1,,,0,0,0,0,1,,
2026-01-03 22:14:30,35,15,15,0,"fit: 2, efit: 7","fit: 2, efit: 6",,,,0,0,0,0,1,,
2026-01-03 22:18:14,35,15,15,0,"fit: 2, efit: 7","fit: 2, efit: 6",efit: 1,,,0,0,0,0,1,,
2026-01-03 22:19:31,35,15,15,0,"fit: 2, efit: 7","fit: 2, efit: 6",,,,0,0,0,0,1,,
2026-01-03 22:23:15,35,15,15,0,"fit: 2, efit: 7","fit: 2, efit: 6",efit: 1,,,0,0,0,0,1,,
2026-01-03 23:08:24,35,15,15,0,"fit: 2, efit: 7","fit: 2, efit: 6",,,,0,0,0,0,1,,
2026-01-03 23:38:30,35,15,15,0,"fit: 2, efit: 7","fit: 2, efit: 6",efit: 1,,,0,0,0,0,1,,
2026-01-04 00:03:35,35,15,15,0,"fit: 2, efit: 7","fit: 2, efit: 6",efit: 1,,,0,0,0,0,1,,
2026-01-04 00:29:50,35,15,15,0,"fit: 2, efit: 7","fit: 2, efit: 6",,,,0,0,0,0,1,,
2026-01-04 00:33:41,35,15,15,0,"fit: 2, efit: 7","fit: 2, efit: 6",efit: 1,,,0,0,0,0,1,,
2026-01-04 01:19:57,35,15,15,0,"fit: 2, efit: 7","fit: 2, efit: 6",,,,0,0,0,0,1,,
2026-01-04 01:40:01,35,15,15,0,"fit: 2, efit: 7","fit: 2, efit: 6",efit: 1,,,0,0,0,0,1,,
2026-01-04 03:35:19,35,15,15,0,"fit: 2, efit: 7","fit: 2, efit: 6",,,,0,0,0,0,1,,
2026-01-04 03:39:11,35,15,15,0,"fit: 2, efit: 7","fit: 2, efit: 6",efit: 1,,,0,0,0,0,1,,
2026-01-04 03:40:19,35,15,15,0,"fit: 2, efit: 7","fit: 2, efit: 6",,,,0,0,0,0,1,,
2026-01-04 03:44:12,35,15,15,0,"fit: 2, efit: 7","fit: 2, efit: 6",efit: 1,,,0,0,0,0,1,,
2026-01-04 03:45:20,35,15,15,0,"fit: 2, efit: 7","fit: 2, efit: 6",,,,0,0,0,0,1,,
2026-01-04 03:55:22,35,15,15,0,"fit: 2, efit: 7","fit: 2, efit: 6",efit: 1,,,0,0,0,0,1,,
2026-01-04 04:39:21,35,15,15,0,"fit: 2, efit: 7","fit: 2, efit: 6",,,,0,0,0,0,1,,
2026-01-04 04:40:29,35,15,15,0,"fit: 2, efit: 7","fit: 2, efit: 6",efit: 1,,,0,0,0,0,1,,
2026-01-04 04:44:22,35,15,15,0,"fit: 2, efit: 7","fit: 2, efit: 6",,,,0,0,0,0,1,,
2026-01-04 04:45:29,35,15,15,0,"fit: 2, efit: 7","fit: 2, efit: 6",efit: 1,,,0,0,0,0,1,,
2026-01-04 06:45:48,35,15,15,0,"fit: 2, efit: 7","fit: 2, efit: 6",,,,0,0,0,0,1,,
2026-01-04 06:49:42,35,15,15,0,"fit: 2, efit: 7","fit: 2, efit: 6",efit: 1,,,0,0,0,0,1,,
2026-01-04 06:50:49,35,15,15,0,"fit: 2, efit: 7","fit: 2, efit: 6",,,,0,0,0,0,1,,
2026-01-04 06:54:43,35,15,15,0,"fit: 2, efit: 7","fit: 2, efit: 6",efit: 1,,,0,0,0,0,1,,
2026-01-04 06:55:49,35,15,15,0,"fit: 2, efit: 7","fit: 2, efit: 6",,,,0,0,0,0,1,,
2026-01-04 07:04:45,35,15,15,0,"fit: 2, efit: 7","fit: 2, efit: 6",efit: 1,,,0,0,0,0,1,,
2026-01-04 07:49:52,35,15,15,0,"fit: 2, efit: 7","fit: 2, efit: 6",,,,0,0,0,0,1,,
2026-01-04 07:55:58,35,15,15,0,"fit: 2, efit: 7","fit: 2, efit: 6",efit: 1,,,0,0,0,0,1,,
2026-01-04 07:59:54,35,15,15,0,"fit: 2, efit: 7","fit: 2, efit: 6",,,,0,0,0,0,1,,
2026-01-04 08:00:07,35,15,15,0,"fit: 2, efit: 7","fit: 2, efit: 6",efit: 1,,,0,0,0,0,1,,
2026-01-04 09:10:06,35,15,15,0,"fit: 2, efit: 7","fit: 2, efit: 6",,,,0,0,0,0,1,,
2026-01-04 09:15:07,35,15,15,0,"fit: 2, efit: 7","fit: 2, efit: 6",efit: 1,,,0,0,0,0,1,,
2026-01-04 09:16:11,35,15,15,0,"fit: 2, efit: 7","fit: 2, efit: 6",,,,0,0,0,0,1,,
2026-01-04 09:20:07,35,15,15,0,"fit: 2, efit: 7","fit: 2, efit: 6",efit: 1,,,0,0,0,0,1,,
2026-01-04 10:05:16,35,15,15,0,"fit: 2, efit: 7","fit: 2, efit: 6",,,,0,0,0,0,1,,
2026-01-04 10:16:20,35,15,15,0,"fit: 2, efit: 7","fit: 2, efit: 6",efit: 1,,,0,0,0,0,1,,
2026-01-04 10:20:18,35,15,15,0,"fit: 2, efit: 7","fit: 2, efit: 6",,,,0,0,0,0,1,,
2026-01-04 10:21:21,35,15,15,0,"fit: 2, efit: 7","fit: 2, efit: 6",efit: 1,,,0,0,0,0,1,,
2026-01-04 10:45:22,35,15,15,0,"fit: 2, efit: 6","fit: 2, efit: 5",efit: 1,,,0,0,0,0,1,,
2026-01-04 11:30:30,35,15,15,0,"fit: 2, efit: 7","fit: 2, efit: 6",efit: 1,,,0,0,0,0,1,,
2026-01-04 12:11:38,35,15,15,0,"fit: 2, efit: 7","fit: 2, efit: 6",,,,0,0,0,0,1,,
2026-01-04 12:15:37,35,15,15,0,"fit: 2, efit: 7","fit: 2, efit: 6",efit: 1,,,0,0,0,0,1,,
2026-01-04 12:16:39,35,15,15,0,"fit: 2, efit: 7","fit: 2, efit: 6",,,,0,0,0,0,1,,
2026-01-04 12:20:38,35,15,15,0,"fit: 2, efit: 7","fit: 2, efit: 6",efit: 1,,,0,0,0,0,1,,
2026-01-04 12:21:00,35,15,15,0,"fit: 2, efit: 7","fit: 2, efit: 6",,,,0,0,0,0,1,,
2026-01-04 12:30:40,35,15,15,0,"fit: 2, efit: 7","fit: 2, efit: 6",efit: 1,,,0,0,0,0,1,,
2026-01-04 13:15:47,35,15,15,0,"fit: 2, efit: 7","fit: 2, efit: 6",,,,0,0,0,0,1,,
2026-01-04 13:16:48,35,15,15,0,"fit: 2, efit: 7","fit: 2, efit: 6",efit: 1,,,0,0,0,0,1,,
2026-01-04 13:20:48,35,15,15,0,"fit: 2, efit: 7","fit: 2, efit: 6",,,,0,0,0,0,1,,
2026-01-04 13:21:49,35,15,15,0,"fit: 2, efit: 7","fit: 2, efit: 6",efit: 1,,,0,0,0,0,1,,
2026-01-04 13:25:49,35,15,15,0,"fit: 2, efit: 7","fit: 2, efit: 6",,,,0,0,0,0,1,,
2026-01-04 13:26:13,35,15,15,0,"fit: 2, efit: 7","fit: 2, efit: 6",efit: 1,,,0,0,0,0,1,,
2026-01-04 15:22:07,35,15,15,0,"fit: 2, efit: 7","fit: 2, efit: 6",,,,0,0,0,0,1,,
2026-01-04 15:26:09,35,15,15,0,"fit: 2, efit: 7","fit: 2, efit: 6",efit: 1,,,0,0,0,0,1,,
2026-01-04 15:27:08,35,15,15,0,"fit: 2, efit: 7","fit: 2, efit: 6",,,,0,0,0,0,1,,
2026-01-04 15:31:10,35,15,15,0,"fit: 2, efit: 7","fit: 2, efit: 6",efit: 1,,,0,0,0,0,1,,
2026-01-04 15:32:09,35,15,15,0,"fit: 2, efit: 7","fit: 2, efit: 6",,,,0,0,0,0,1,,
2026-01-04 15:36:11,35,15,15,0,"fit: 2, efit: 7","fit: 2, efit: 6",efit: 1,,,0,0,0,0,1,,
2026-01-04 15:36:40,35,15,15,0,"fit: 2, efit: 7","fit: 2, efit: 6",,,,0,0,0,0,1,,
2026-01-04 15:41:11,35,15,15,0,"fit: 2, efit: 7","fit: 2, efit: 6",efit: 1,,,0,0,0,0,1,,
2026-01-04 15:42:10,35,15,15,0,"fit: 2, efit: 7","fit: 2, efit: 6",,,,0,0,0,0,1,,
2026-01-04 15:46:12,35,15,15,0,"fit: 2, efit: 7","fit: 2, efit: 6",efit: 1,,,0,0,0,0,1,,
2026-01-04 15:56:14,35,15,15,0,"fit: 2, efit: 7","fit: 2, efit: 6",,,,0,0,0,0,1,,
2026-01-04 16:06:16,35,15,15,0,"fit: 2, efit: 7","fit: 2, efit: 6",efit: 1,,,0,0,0,0,1,,
2026-01-04 16:16:17,35,15,15,0,"fit: 2, efit: 7","fit: 2, efit: 6",,,,0,0,0,0,1,,
2026-01-04 17:11:26,35,15,15,0,"fit: 2, efit: 7","fit: 2, efit: 6",efit: 1,,,0,0,0,0,1,,
2026-01-04 17:16:27,35,15,15,0,"fit: 2, efit: 7","fit: 2, efit: 6",,,,0,0,0,0,1,,
2026-01-04 17:27:26,35,15,15,0,"fit: 2, efit: 7","fit: 2, efit: 6",efit: 1,,,0,0,0,0,1,,
2026-01-04 17:31:30,35,15,15,0,"fit: 2, efit: 7","fit: 2, efit: 6",,,,0,0,0,0,1,,
2026-01-04 17:41:31,35,15,15,0,"fit: 2, efit: 8","fit: 2, efit: 7",efit: 1,,,0,0,0,0,1,,
2026-01-04 17:56:34,35,15,15,0,"fit: 2, efit: 8","fit: 2, efit: 7",,,,0,0,0,0,1,,
2026-01-04 18:31:40,35,15,15,0,"fit: 2, efit: 8","fit: 2, efit: 7",efit: 1,,,0,0,0,0,1,,
2026-01-04 18:32:16,35,15,15,0,"fit: 2, efit: 8","fit: 2, efit: 7",,,,0,0,0,0,1,,
2026-01-04 18:46:42,35,15,15,0,"fit: 2, efit: 8","fit: 2, efit: 7",efit: 1,,,0,0,0,0,1,,
2026-01-04 18:47:39,35,15,15,0,"fit: 2, efit: 8","fit: 2, efit: 7",,,,0,0,0,0,1,,
2026-01-04 18:51:43,35,15,15,0,"fit: 2, efit: 8","fit: 2, efit: 7",efit: 1,,,0,0,0,0,1,,
2026-01-04 19:37:29,35,15,15,0,"fit: 2, efit: 8","fit: 2, efit: 7",,,,0,0,0,0,1,,
2026-01-04 19:52:49,35,15,15,0,"fit: 2, efit: 8","fit: 2, efit: 7",efit: 1,,,0,0,0,0,1,,
2026-01-04 21:52:56,35,15,15,0,"fit: 2, efit: 8","fit: 2, efit: 7",,,,0,0,0,0,1,,
2026-01-04 21:57:13,35,15,15,0,"fit: 2, efit: 8","fit: 2, efit: 7",efit: 1,,,0,0,0,0,1,,
2026-01-04 21:57:57,35,15,15,0,"fit: 2, efit: 8","fit: 2, efit: 7",,,,0,0,0,0,1,,
2026-01-04 22:02:14,35,15,15,0,"fit: 2, efit: 8","fit: 2, efit: 7",efit: 1,,,0,0,0,0,1,,
2026-01-04 22:02:58,35,15,15,0,"fit: 2, efit: 8","fit: 2, efit: 7",,,,0,0,0,0,1,,
2026-01-04 22:07:15,35,15,15,0,"fit: 2, efit: 8","fit: 2, efit: 7",efit: 1,,,0,0,0,0,1,,
2026-01-04 22:07:59,35,15,15,0,"fit: 2, efit: 8","fit: 2, efit: 7",,,,0,0,0,0,1,,
2026-01-04 22:12:16,35,15,15,0,"fit: 2, efit: 9","fit: 2, efit: 8",efit: 1,,,0,0,0,0,1,,
2026-01-04 22:57:23,35,15,15,0,"fit: 2, efit: 9","fit: 2, efit: 8",,,,0,0,0,0,1,,
2026-01-04 23:13:13,35,15,15,0,"fit: 2, efit: 9","fit: 2, efit: 8",efit: 1,,,0,0,0,0,1,,
2026-01-04 23:17:27,35,15,15,0,"fit: 2, efit: 9","fit: 2, efit: 8",,,,0,0,0,0,1,,
2026-01-04 23:18:14,35,15,15,0,"fit: 2, efit: 9","fit: 2, efit: 8",efit: 1,,,0,0,0,0,1,,
2026-01-05 00:02:34,35,15,15,0,"fit: 2, efit: 9","fit: 2, efit: 8",efit: 1,,,0,0,0,0,1,,
2026-01-05 00:42:41,35,15,15,0,"fit: 3, efit: 10","fit: 3, efit: 8",efit: 1,,,0,0,0,0,1,,
2026-01-05 01:13:37,35,15,15,0,"fit: 3, efit: 10","fit: 3, efit: 8",,,,0,0,0,0,1,,
2026-01-05 01:17:46,35,15,15,0,"fit: 3, efit: 10","fit: 3, efit: 8",efit: 1,,,0,0,0,0,1,,
2026-01-05 01:18:37,35,15,15,0,"fit: 3, efit: 10","fit: 3, efit: 8",,,,0,0,0,0,1,,
2026-01-05 01:22:47,35,15,15,0,"fit: 3, efit: 10","fit: 3, efit: 8",efit: 1,,,0,0,0,0,1,,
2026-01-05 01:23:37,35,15,15,0,"fit: 3, efit: 10","fit: 3, efit: 8",,,,0,0,0,0,1,,
2026-01-05 01:27:48,35,15,15,0,"fit: 3, efit: 10","fit: 3, efit: 8",efit: 1,,,0,0,0,0,1,,
2026-01-05 01:28:38,35,15,15,0,"fit: 3, efit: 10","fit: 3, efit: 8",,,,0,0,0,0,1,,
2026-01-05 01:32:49,35,15,15,0,"fit: 3, efit: 10","fit: 3, efit: 8",efit: 1,,,0,0,0,0,1,,
2026-01-05 02:17:56,35,15,15,0,"fit: 3, efit: 10","fit: 3, efit: 8",,,,0,0,0,0,1,,
2026-01-05 02:23:46,35,15,15,0,"fit: 3, efit: 10","fit: 3, efit: 8",efit: 1,,,0,0,0,0,1,,
2026-01-05 02:27:58,35,15,15,0,"fit: 3, efit: 10","fit: 3, efit: 8",,,,0,0,0,0,1,,
2026-01-05 02:28:47,35,15,15,0,"fit: 3, efit: 10","fit: 3, efit: 8",efit: 1,,,0,0,0,0,1,,
2026-01-05 02:32:59,35,15,15,0,"fit: 3, efit: 10","fit: 3, efit: 8",,,,0,0,0,0,1,,
2026-01-05 02:33:47,35,15,15,0,"fit: 3, efit: 10","fit: 3, efit: 8",efit: 1,,,0,0,0,0,1,,
2026-01-05 02:37:59,35,15,15,0,"fit: 3, efit: 10","fit: 3, efit: 8",,,,0,0,0,0,1,,
2026-01-05 02:38:48,35,15,15,0,"fit: 3, efit: 10","fit: 3, efit: 8",efit: 1,,,0,0,0,0,1,,
2026-01-05 04:34:15,35,15,15,0,"fit: 3, efit: 10","fit: 3, efit: 8",,,,0,0,0,0,1,,
2026-01-05 04:38:19,35,15,15,0,"fit: 3, efit: 10","fit: 3, efit: 8",efit: 1,,,0,0,0,0,1,,
2026-01-05 04:39:06,35,15,15,0,"fit: 3, efit: 10","fit: 3, efit: 8",,,,0,0,0,0,1,,
2026-01-05 04:43:20,35,15,15,0,"fit: 3, efit: 10","fit: 3, efit: 8",efit: 1,,,0,0,0,0,1,,
2026-01-05 04:44:07,35,15,15,0,"fit: 3, efit: 10","fit: 3, efit: 8",,,,0,0,0,0,1,,
2026-01-05 04:53:21,35,15,15,0,"fit: 3, efit: 10","fit: 3, efit: 8",efit: 1,,,0,0,0,0,1,,
2026-01-05 05:38:29,35,15,15,0,"fit: 3, efit: 10","fit: 3, efit: 8",,,,0,0,0,0,1,,
2026-01-05 05:39:16,35,15,15,0,"fit: 3, efit: 10","fit: 3, efit: 8",efit: 1,,,0,0,0,0,1,,
2026-01-05 05:43:30,35,15,15,0,"fit: 3, efit: 10","fit: 3, efit: 8",,,,0,0,0,0,1,,
2026-01-05 05:44:30,35,15,15,0,"fit: 3, efit: 10","fit: 3, efit: 8",efit: 1,,,0,0,0,0,1,,
2026-01-05 05:48:30,35,15,15,0,"fit: 3, efit: 10","fit: 3, efit: 8",,,,0,0,0,0,1,,
2026-01-05 05:49:17,35,15,15,0,"fit: 3, efit: 10","fit: 3, efit: 8",efit: 1,,,0,0,0,0,1,,
2026-01-05 05:53:31,35,15,15,0,"fit: 3, efit: 10","fit: 3, efit: 8",,,,0,0,0,0,1,,
2026-01-05 05:54:18,35,15,15,0,"fit: 3, efit: 10","fit: 3, efit: 8",efit: 1,,,0,0,0,0,1,,
2026-01-05 06:49:26,35,15,15,0,"fit: 3, efit: 9","fit: 3, efit: 7",efit: 1,,,0,0,0,0,1,,
2026-01-05 07:44:54,35,15,15,0,"fit: 3, efit: 9","fit: 3, efit: 7",,,,0,0,0,0,1,,
2026-01-05 07:48:50,35,15,15,0,"fit: 3, efit: 9","fit: 3, efit: 7",efit: 1,,,0,0,0,0,1,,
2026-01-05 07:49:35,35,15,15,0,"fit: 3, efit: 9","fit: 3, efit: 7",,,,0,0,0,0,1,,
2026-01-05 07:53:51,35,15,15,0,"fit: 3, efit: 9","fit: 3, efit: 7",efit: 1,,,0,0,0,0,1,,
2026-01-05 07:54:36,35,15,15,0,"fit: 3, efit: 9","fit: 3, efit: 7",,,,0,0,0,0,1,,
2026-01-05 08:03:52,35,15,15,0,"fit: 3, efit: 9","fit: 3, efit: 7",efit: 1,,,0,0,0,0,1,,
2026-01-05 08:49:00,35,15,15,0,"fit: 3, efit: 9","fit: 3, efit: 7",,,,0,0,0,0,1,,
2026-01-05 09:09:04,35,15,15,0,"fit: 3, efit: 9","fit: 3, efit: 7",efit: 1,,,0,0,0,0,1,,
2026-01-05 09:54:11,35,15,15,0,"fit: 3, efit: 9","fit: 3, efit: 7",,,,0,0,0,0,1,,
2026-01-05 10:00:22,35,15,15,0,"fit: 3, efit: 9","fit: 3, efit: 7",efit: 1,,,0,0,0,0,1,,
2026-01-05 10:04:13,35,15,15,0,"fit: 3, efit: 9","fit: 3, efit: 7",,,,0,0,0,0,1,,
2026-01-05 10:04:57,35,15,15,0,"fit: 3, efit: 9","fit: 3, efit: 7",efit: 1,,,0,0,0,0,1,,
2026-01-05 10:09:14,35,15,15,0,"fit: 3, efit: 9","fit: 3, efit: 7",,,,0,0,0,0,1,,
2026-01-05 10:09:58,35,15,15,0,"fit: 3, efit: 9","fit: 3, efit: 7",efit: 1,,,0,0,0,0,1,,
2026-01-05 10:59:22,35,15,15,0,"fit: 3, efit: 9","fit: 3, efit: 7",,,,0,0,0,0,1,,
2026-01-05 12:19:36,35,15,15,0,"fit: 3, efit: 9","fit: 3, efit: 8",,,,0,0,0,0,1,,
2026-01-05 13:19:46,35,15,15,0,"fit: 3, efit: 9","fit: 3, efit: 9",,,,0,0,0,0,1,,
2026-01-05 13:24:46,35,15,15,0,"fit: 3, efit: 8","fit: 3, efit: 8",,,,0,0,0,0,1,,
2026-01-05 15:10:05,35,15,15,0,"fit: 3, efit: 9","fit: 3, efit: 9",,,,0,0,0,0,1,,
2026-01-05 16:06:37,35,15,15,0,"fit: 3, efit: 8","fit: 3, efit: 8",,,,0,0,0,0,1,,
2026-01-05 16:25:18,35,15,15,0,"fit: 3, efit: 9","fit: 3, efit: 9",,,,0,0,0,0,1,,
2026-01-05 16:30:19,35,15,15,0,"fit: 3, efit: 10","fit: 3, efit: 10",,,,0,0,0,0,1,,
2026-01-05 16:35:19,35,15,15,0,"fit: 3, efit: 11","fit: 3, efit: 11",,,,0,0,0,0,1,,
2026-01-05 17:10:25,35,15,15,0,"fit: 3, efit: 10","fit: 3, efit: 10",,,,0,0,0,0,1,,
2026-01-05 21:46:11,35,15,15,0,"fit: 3, efit: 8","fit: 3, efit: 8",,,,0,0,0,0,1,,
2026-01-06 00:01:33,35,15,15,0,"fit: 3, efit: 8","fit: 3, efit: 8",,,,0,0,0,0,1,,
2026-01-06 05:52:31,35,15,15,0,"fit: 3, efit: 9","fit: 3, efit: 9",,,,0,0,0,0,1,,
2026-01-06 07:47:50,35,15,15,0,"fit: 3, efit: 8","fit: 3, efit: 8",,,,0,0,0,0,1,,
2026-01-06 09:00:05,35,15,15,0,"fit: 3, efit: 9","fit: 3, efit: 9",,,,0,0,0,0,1,,
2026-01-06 09:18:05,35,15,15,0,"fit: 4, efit: 9","fit: 4, efit: 9",,,,0,0,0,0,1,,
2026-01-06 09:30:11,35,15,15,0,"fit: 4, efit: 10","fit: 4, efit: 10",,,,0,0,0,0,1,,
2026-01-06 09:33:08,35,15,15,0,"fit: 4, efit: 9","fit: 4, efit: 9",,,,0,0,0,0,1,,
2026-01-06 10:30:23,35,15,15,0,"fit: 4, efit: 7","fit: 4, efit: 7",,,,0,0,0,0,1,,
2026-01-06 14:23:56,35,15,15,0,"fit: 4, efit: 8","fit: 4, efit: 8",,,,0,0,0,0,1,,
2026-01-06 15:09:03,35,15,15,0,"fit: 4, efit: 9","fit: 4, efit: 9",,,,0,0,0,0,1,,
2026-01-06 17:11:45,35,15,15,0,"fit: 4, efit: 10","fit: 4, efit: 10",,,,0,0,0,0,1,,
2026-01-06 17:14:24,35,15,15,0,"fit: 4, efit: 9","fit: 4, efit: 9",,,,0,0,0,0,1,,
2026-01-07 00:00:32,35,15,15,0,"fit: 4, efit: 9","fit: 4, efit: 9",,,,0,0,0,0,1,,
2026-01-07 06:29:25,35,15,15,0,"fit: 4, efit: 8","fit: 4, efit: 8",,,,0,0,0,0,1,,
2026-01-07 11:17:23,35,15,15,0,"fit: 4, efit: 9","fit: 4, efit: 8",,,,0,0,0,0,1,,
2026-01-07 12:10:34,35,15,15,0,"fit: 4, efit: 9","fit: 4, efit: 9",,,,0,0,0,0,1,,
2026-01-07 12:45:41,35,15,15,0,"fit: 4, efit: 10","fit: 4, efit: 10",,,,0,0,0,0,1,,
2026-01-07 13:02:41,35,15,15,0,"fit: 4, efit: 11","fit: 4, efit: 11",,,,0,0,0,0,1,,
2026-01-07 13:22:44,35,15,15,0,"fit: 4, efit: 10","fit: 4, efit: 10",,,,0,0,0,0,1,,
2026-01-07 13:45:53,35,15,15,0,"fit: 3, efit: 7","fit: 3, efit: 7",,,,0,0,0,0,1,,
2026-01-07 15:33:17,35,15,15,0,"fit: 4, efit: 7","fit: 4, efit: 7",,,,0,0,0,0,1,,
2026-01-07 16:31:28,35,15,15,0,"fit: 4, efit: 8","fit: 4, efit: 8",,,,0,0,0,0,1,,
2026-01-07 17:18:23,35,15,15,0,"fit: 4, efit: 9","fit: 4, efit: 9",,,,0,0,0,0,1,,
2026-01-07 19:42:07,35,15,15,0,"fit: 4, efit: 8","fit: 4, efit: 8",,,,0,0,0,0,1,,
2026-01-07 23:32:53,35,15,15,0,"fit: 4, efit: 9","fit: 4, efit: 9",,,,0,0,0,0,1,,
2026-01-08 00:02:59,35,15,15,0,"fit: 4, efit: 9","fit: 4, efit: 9",,,,0,0,0,0,1,,
2026-01-08 06:44:21,35,15,15,0,"fit: 4, efit: 8","fit: 4, efit: 8",,,,0,0,0,0,1,,
2026-01-08 07:44:33,35,15,15,0,"fit: 4, efit: 9","fit: 4, efit: 9",,,,0,0,0,0,1,,
2026-01-08 07:55:47,35,15,15,0,"fit: 4, efit: 8","fit: 4, efit: 8",,,,0,0,0,0,1,,
2026-01-08 07:59:36,35,15,15,0,"fit: 4, efit: 9","fit: 4, efit: 9",,,,0,0,0,0,1,,
2026-01-08 08:24:41,35,15,15,0,"fit: 4, efit: 5","fit: 4, efit: 5",,,,0,0,0,0,1,,
2026-01-08 10:50:11,35,15,15,0,"fit: 4, efit: 6","fit: 4, efit: 6",,,,0,0,0,0,1,,
2026-01-08 12:10:28,35,15,15,0,"fit: 4, efit: 7","fit: 4, efit: 7",,,,0,0,0,0,1,,
2026-01-08 12:30:32,35,15,15,0,"fit: 4, efit: 6","fit: 4, efit: 6",,,,0,0,0,0,1,,
2026-01-08 12:35:33,35,15,15,0,"fit: 4, efit: 5","fit: 4, efit: 5",,,,0,0,0,0,1,,
2026-01-08 13:40:46,35,15,15,0,"fit: 4, efit: 4","fit: 4, efit: 4",,,,0,0,0,0,1,,
2026-01-08 14:21:39,35,15,15,0,"fit: 4, efit: 5","fit: 4, efit: 5",,,,0,0,0,0,1,,
2026-01-08 14:51:01,35,15,15,0,"fit: 4, efit: 5","fit: 4, efit: 3",efit: 2,,,0,0,0,0,1,,
2026-01-08 15:01:03,35,15,15,0,"fit: 4, efit: 5","fit: 4, efit: 5",,,,0,0,0,0,1,,
2026-01-08 15:46:12,35,15,15,0,"fit: 4, efit: 6","fit: 4, efit: 6",,,,0,0,0,0,1,,
2026-01-08 16:31:22,35,15,15,0,"fit: 4, efit: 7","fit: 4, efit: 7",,,,0,0,0,0,1,,
2026-01-08 16:46:25,35,15,15,0,"fit: 4, efit: 6","fit: 4, efit: 6",,,,0,0,0,0,1,,
2026-01-08 16:51:26,35,15,15,0,"fit: 4, efit: 7","fit: 4, efit: 7",,,,0,0,0,0,1,,
2026-01-08 17:11:31,35,15,15,0,"fit: 4, efit: 8","fit: 4, efit: 8",,,,0,0,0,0,1,,
2026-01-08 17:16:32,35,15,15,0,"fit: 4, efit: 7","fit: 4, efit: 7",,,,0,0,0,0,1,,
2026-01-08 17:21:33,35,15,15,0,"fit: 4, efit: 9","fit: 4, efit: 9",,,,0,0,0,0,1,,
2026-01-08 17:37:10,35,15,15,0,"fit: 3, efit: 9","fit: 3, efit: 9",,,,0,0,0,0,1,,
2026-01-08 17:57:13,35,15,15,0,"fit: 3, efit: 8","fit: 3, efit: 8",,,,0,0,0,0,1,,
2026-01-08 18:06:42,35,15,15,0,"fit: 3, efit: 7","fit: 3, efit: 7",,,,0,0,0,0,1,,
2026-01-08 19:57:32,35,15,15,0,"fit: 3, efit: 8","fit: 3, efit: 8",,,,0,0,0,0,1,,
2026-01-08 20:02:05,35,15,15,0,"fit: 4, efit: 8","fit: 4, efit: 8",,,,0,0,0,0,1,,
2026-01-08 21:32:23,35,15,15,0,"fit: 4, efit: 9","fit: 4, efit: 9",,,,0,0,0,0,1,,
2026-01-08 21:52:27,35,15,15,0,"fit: 4, efit: 7","fit: 4, efit: 7",,,,0,0,0,0,1,,
2026-01-09 00:02:54,35,15,15,0,"fit: 4, efit: 7","fit: 4, efit: 7",,,,0,0,0,0,1,,
2026-01-09 14:55:25,35,15,15,0,"fit: 4, efit: 6","fit: 4, efit: 6",,,,0,0,0,0,1,,
2026-01-09 16:00:35,35,15,15,0,"fit: 4, efit: 6","fit: 4, efit: 5",efit: 1,,,0,0,0,0,1,,
2026-01-09 16:05:36,35,15,15,0,"fit: 4, efit: 5","fit: 4, efit: 4",efit: 1,,,0,0,0,0,1,,
2026-01-09 16:25:59,35,15,15,0,"fit: 4, efit: 6","fit: 4, efit: 5",efit: 1,,,0,0,0,0,1,,
2026-01-09 16:36:12,35,15,15,0,"fit: 4, efit: 7","fit: 4, efit: 6",efit: 1,,,0,0,0,0,1,,
2026-01-09 17:36:11,35,15,15,0,"fit: 4, efit: 6","fit: 4, efit: 5",efit: 1,,,0,0,0,0,1,,
2026-01-10 00:01:51,35,15,15,0,"fit: 4, efit: 6","fit: 4, efit: 5",efit: 1,,,0,0,0,0,1,,
2026-01-10 07:43:01,35,15,15,0,"fit: 4, efit: 5","fit: 4, efit: 4",efit: 1,,,0,0,0,0,1,,
2026-01-10 12:34:18,35,15,15,0,"fit: 4, efit: 4","fit: 4, efit: 4",,,,0,0,0,0,1,,
2026-01-10 12:35:12,35,15,15,0,"fit: 4, efit: 5","fit: 4, efit: 5",,,,0,0,0,0,1,,
2026-01-10 13:13:51,35,15,15,0,"fit: 4, efit: 4","fit: 4, efit: 4",,,,0,0,0,0,1,,
2026-01-10 13:34:28,35,15,15,0,"fit: 4, efit: 5","fit: 4, efit: 5",,,,0,0,0,0,1,,
2026-01-10 13:35:24,35,15,15,0,"fit: 4, efit: 4","fit: 4, efit: 4",,,,0,0,0,0,1,,
2026-01-10 17:51:15,35,15,15,0,"fit: 4, efit: 5","fit: 4, efit: 5",,,,0,0,0,0,1,,
2026-01-10 18:04:36,35,15,15,0,"fit: 4, efit: 4","fit: 4, efit: 4",,,,0,0,0,0,1,,
2026-01-10 21:31:59,35,15,15,0,"fit: 4, efit: 3","fit: 4, efit: 3",,,,0,0,0,0,1,,
2026-01-11 00:00:31,35,15,15,0,"fit: 4, efit: 3","fit: 4, efit: 3",,,,0,0,0,0,1,,
2026-01-11 00:07:31,35,15,15,0,"fit: 4, efit: 2","fit: 4, efit: 2",,,,0,0,0,0,1,,
2026-01-11 08:52:37,35,15,15,0,"fit: 4, efit: 1","fit: 4, efit: 1",,,,0,0,0,0,1,,
2026-01-11 09:59:29,35,15,15,0,"fit: 4, efit: 2","fit: 4, efit: 2",,,,0,0,0,0,1,,
2026-01-11 12:17:24,35,15,15,0,"fit: 4, efit: 3","fit: 4, efit: 3",,,,0,0,0,0,1,,
2026-01-12 00:00:07,35,15,15,0,"fit: 4, efit: 3","fit: 4, efit: 3",,,,0,0,0,0,1,,
2026-01-12 09:31:41,35,15,15,0,"fit: 4, efit: 2","fit: 4, efit: 2",,,,0,0,0,0,1,,
2026-01-12 09:39:18,35,15,15,0,"fit: 4, efit: 1","fit: 4, efit: 1",,,,0,0,0,0,1,,
2026-01-12 13:12:18,35,15,15,0,"fit: 4, efit: 2","fit: 4, efit: 2",,,,0,0,0,0,1,,
2026-01-12 16:47:54,35,15,15,0,"fit: 4, efit: 3","fit: 4, efit: 3",,,,0,0,0,0,1,,
2026-01-12 17:10:51,35,15,15,0,"fit: 4, efit: 2","fit: 4, efit: 2",,,,0,0,0,0,1,,
2026-01-12 17:35:56,35,15,15,0,"fit: 4, efit: 1","fit: 4, efit: 1",,,,0,0,0,0,1,,
2026-01-13 00:02:18,35,15,15,0,"fit: 4, efit: 1","fit: 4, efit: 1",,,,0,0,0,0,1,,
2026-01-13 06:43:41,35,15,15,0,fit: 4,fit: 4,,,,0,0,0,0,1,,
2026-01-13 07:33:52,35,15,15,0,fit: 3,fit: 3,,,,0,0,0,0,1,,
2026-01-13 07:55:26,35,15,15,0,fit: 2,fit: 2,,,,0,0,0,0,1,,
2026-01-13 09:05:39,35,15,15,0,fit: 1,fit: 1,,,,0,0,0,0,1,,
2026-01-13 12:04:48,35,15,15,0,"fit: 1, efit: 1","fit: 1, efit: 1",,,,0,0,0,0,1,,
2026-01-13 12:29:50,35,15,15,0,fit: 1,fit: 1,,,,0,0,0,0,1,,
2026-01-13 12:59:55,35,15,15,0,"fit: 1, efit: 1","fit: 1, efit: 1",,,,0,0,0,0,1,,
2026-01-13 13:09:57,35,15,15,0,"fit: 1, efit: 2","fit: 1, efit: 2",,,,0,0,0,0,1,,
2026-01-13 14:20:09,35,15,15,0,"fit: 1, efit: 3","fit: 1, efit: 3",,,,0,0,0,0,1,,
2026-01-13 14:25:10,35,15,15,0,"fit: 1, efit: 2","fit: 1, efit: 2",,,,0,0,0,0,1,,
2026-01-13 15:20:19,35,15,15,0,"fit: 1, efit: 3","fit: 1, efit: 3",,,,0,0,0,0,1,,
2026-01-13 15:25:20,35,15,15,0,"fit: 1, efit: 4","fit: 1, efit: 4",,,,0,0,0,0,1,,
2026-01-13 16:05:26,35,15,15,0,"fit: 1, efit: 5","fit: 1, efit: 5",,,,0,0,0,0,1,,
2026-01-13 16:10:27,35,15,15,0,"fit: 1, efit: 6","fit: 1, efit: 6",,,,0,0,0,0,1,,
2026-01-13 17:01:59,35,15,15,0,"fit: 1, efit: 7","fit: 1, efit: 7",,,,0,0,0,0,1,,
2026-01-13 17:07:00,35,15,15,0,"fit: 1, efit: 6","fit: 1, efit: 6",,,,0,0,0,0,1,,
2026-01-13 17:10:37,35,15,15,0,"fit: 1, efit: 7","fit: 1, efit: 7",,,,0,0,0,0,1,,
2026-01-13 17:15:38,35,15,15,0,"fit: 1, efit: 6","fit: 1, efit: 6",,,,0,0,0,0,1,,
2026-01-13 17:35:41,35,15,15,0,"fit: 1, efit: 7","fit: 1, efit: 7",,,,0,0,0,0,1,,
2026-01-13 17:47:07,35,15,15,0,"fit: 1, efit: 6","fit: 1, efit: 6",,,,0,0,0,0,1,,
2026-01-13 17:50:44,35,15,15,0,"fit: 1, efit: 7","fit: 1, efit: 7",,,,0,0,0,0,1,,
2026-01-13 19:10:56,35,15,15,0,"fit: 1, efit: 8","fit: 1, efit: 8",,,,0,0,0,0,1,,
2026-01-14 00:00:09,35,15,15,0,"fit: 1, efit: 8","fit: 1, efit: 8",,,,0,0,0,0,1,,
2026-01-14 06:35:31,35,15,15,0,"fit: 1, efit: 7","fit: 1, efit: 7",,,,0,0,0,0,1,,
2026-01-14 13:53:02,35,15,15,0,"fit: 1, efit: 8","fit: 1, efit: 8",,,,0,0,0,0,1,,
2026-01-14 19:52:36,35,15,15,0,"fit: 1, efit: 7","fit: 1, efit: 7",,,,0,0,0,0,1,,
2026-01-14 20:22:41,35,15,15,0,"fit: 1, efit: 8","fit: 1, efit: 8",,,,0,0,0,0,1,,
2026-01-14 20:28:38,35,15,15,0,"fit: 1, efit: 9","fit: 1, efit: 9",,,,0,0,0,0,1,,
2026-01-15 00:00:32,35,15,15,0,"fit: 1, efit: 9","fit: 1, efit: 9",,,,0,0,0,0,1,,
2026-01-15 08:59:42,35,15,15,0,"fit: 1, efit: 8","fit: 1, efit: 8",,,,0,0,0,0,1,,
2026-01-15 18:07:22,35,15,15,0,"fit: 1, efit: 7","fit: 1, efit: 7",,,,0,0,0,0,1,,
2026-01-16 00:01:24,35,15,15,0,"fit: 1, efit: 7","fit: 1, efit: 7",,,,0,0,0,0,1,,
2026-01-16 12:29:04,35,15,15,0,"fit: 1, efit: 8","fit: 1, efit: 8",,,,0,0,0,0,1,,
2026-01-16 14:04:20,35,15,15,0,"fit: 1, efit: 9","fit: 1, efit: 9",,,,0,0,0,0,1,,
2026-01-16 16:45:26,35,15,15,0,"fit: 1, efit: 10","fit: 1, efit: 10",,,,0,0,0,0,1,,
2026-01-16 21:50:36,35,15,15,0,"fit: 1, efit: 9","fit: 1, efit: 9",,,,0,0,0,0,1,,
2026-01-17 00:00:57,35,15,15,0,"fit: 1, efit: 9","fit: 1, efit: 9",,,,0,0,0,0,1,,
2026-01-17 11:17:44,35,15,15,0,"fit: 1, efit: 6","fit: 1, efit: 6",,,,0,0,0,0,1,,
2026-01-17 11:19:21,35,15,15,0,"fit: 1, efit: 5","fit: 1, efit: 5",,,,0,0,0,0,1,,
2026-01-17 15:48:27,35,15,15,0,"fit: 1, efit: 6","fit: 1, efit: 6",,,,0,0,0,0,1,,
2026-01-17 21:59:25,35,15,15,0,"fit: 1, efit: 5","fit: 1, efit: 5",,,,0,0,0,0,1,,
2026-01-18 00:01:32,35,15,15,0,"fit: 1, efit: 5","fit: 1, efit: 5",,,,0,0,0,0,1,,
2026-01-18 08:21:03,35,15,15,0,"fit: 1, efit: 4","fit: 1, efit: 4",,,,0,0,0,0,1,,
2026-01-18 15:06:32,35,15,15,0,"fit: 1, efit: 3","fit: 1, efit: 3",,,,0,0,0,0,1,,
2026-01-19 00:00:37,35,15,15,0,"fit: 1, efit: 3","fit: 1, efit: 3",,,,0,0,0,0,1,,
2026-01-19 08:27:04,35,15,15,0,"fit: 1, efit: 4","fit: 1, efit: 4",,,,0,0,0,0,1,,
2026-01-19 08:29:56,35,15,15,0,"fit: 1, efit: 3","fit: 1, efit: 3",,,,0,0,0,0,1,,
2026-01-19 12:16:38,35,15,15,0,"fit: 1, efit: 2","fit: 1, efit: 2",,,,0,0,0,0,1,,
2026-01-20 00:00:32,35,15,15,0,"fit: 1, efit: 2","fit: 1, efit: 2",,,,0,0,0,0,1,,
2026-01-20 07:56:25,35,15,15,0,"fit: 1, efit: 1","fit: 1, efit: 1",,,,0,0,0,0,1,,
2026-01-20 14:14:43,35,15,15,0,"fit: 2, efit: 1","fit: 2, efit: 1",,,,0,0,0,0,1,,
2026-01-20 15:49:58,35,15,15,0,"fit: 2, efit: 1",fit: 2,,,,0,0,0,0,1,,
2026-01-20 16:28:26,35,15,15,0,"fit: 2, efit: 2","fit: 2, efit: 1",,,,0,0,0,0,1,,
2026-01-20 16:40:08,35,15,15,0,"fit: 2, efit: 2","fit: 2, efit: 2",,,,0,0,0,0,1,,
2026-01-20 17:18:27,35,15,15,0,"fit: 3, efit: 2","fit: 3, efit: 2",,,,0,0,0,0,1,,
2026-01-21 00:00:17,35,15,15,0,"fit: 3, efit: 2","fit: 3, efit: 2",,,,0,0,0,0,1,,
2026-01-21 09:31:59,35,15,15,0,"fit: 3, efit: 1","fit: 3, efit: 1",,,,0,0,0,0,1,,
2026-01-21 16:33:12,35,15,15,0,"fit: 3, efit: 2","fit: 3, efit: 2",,,,0,0,0,0,1,,
2026-01-21 16:48:14,35,15,15,0,"fit: 3, efit: 3","fit: 3, efit: 3",,,,0,0,0,0,1,,
2026-01-22 00:00:12,35,15,15,0,"fit: 3, efit: 3","fit: 3, efit: 3",,,,0,0,0,0,1,,
2026-01-22 07:58:13,35,15,15,0,"fit: 2, efit: 3","fit: 2, efit: 3",,,,0,0,0,0,1,,
2026-01-22 12:36:44,35,15,15,0,"fit: 2, efit: 2","fit: 2, efit: 2",,,,0,0,0,0,1,,
2026-01-22 13:41:55,35,15,15,0,"fit: 2, efit: 3","fit: 2, efit: 3",,,,0,0,0,0,1,,
2026-01-22 16:32:25,35,15,15,0,"fit: 2, efit: 2","fit: 2, efit: 2",,,,0,0,0,0,1,,
2026-01-22 17:27:59,35,15,15,0,"fit: 3, efit: 2","fit: 3, efit: 2",,,,0,0,0,0,1,,
2026-01-22 18:12:42,35,15,15,0,"fit: 3, efit: 1","fit: 3, efit: 1",,,,0,0,0,0,1,,
2026-01-23 00:02:16,35,15,15,0,"fit: 3, efit: 1","fit: 3, efit: 1",,,,0,0,0,0,1,,
2026-01-23 07:44:14,35,15,15,0,fit: 3,fit: 3,,,,0,0,0,0,1,,
2026-01-23 09:14:37,35,15,15,0,fit: 2,fit: 2,,,,0,0,0,0,1,,
2026-01-23 10:55:03,35,15,15,0,"fit: 2, efit: 1","fit: 2, efit: 1",,,,0,0,0,0,1,,
2026-01-23 12:10:22,35,15,15,0,fit: 2,fit: 2,,,,0,0,0,0,1,,
2026-01-23 16:51:26,35,15,15,0,"fit: 2, efit: 1","fit: 2, efit: 1",,,,0,0,0,0,1,,
2026-01-23 17:51:45,35,15,15,0,fit: 2,fit: 2,,,,0,0,0,0,1,,
2026-01-24 00:02:32,35,15,15,0,fit: 2,fit: 2,,,,0,0,0,0,1,,
2026-01-25 00:01:13,35,15,15,0,fit: 2,fit: 2,,,,0,0,0,0,1,,
2026-01-26 00:00:10,35,15,15,0,fit: 2,fit: 2,,,,0,0,0,0,1,,
2026-01-27 00:01:05,35,15,15,0,fit: 2,fit: 2,,,,0,0,0,0,1,,
2026-01-28 00:02:05,35,15,15,0,fit: 2,fit: 2,,,,0,0,0,0,1,,
2026-01-29 00:01:21,35,15,15,0,fit: 2,fit: 2,,,,0,0,0,0,1,,
2026-01-30 00:00:15,35,15,15,0,fit: 2,fit: 2,,,,0,0,0,0,1,,
2026-01-30 09:38:59,35,15,15,0,fit: 1,fit: 1,,,,0,0,0,0,1,,
2026-01-30 09:49:01,35,15,15,0,,,,,,0,0,0,0,1,,
2026-01-30 10:04:03,35,15,15,0,fit: 1,fit: 1,,,,0,0,0,0,1,,
2026-01-30 10:06:26,35,15,15,0,fit: 2,fit: 2,,,,0,0,0,0,1,,
2026-01-30 17:02:58,35,15,15,0,"fit: 2, efit: 1","fit: 2, efit: 1",,,,0,0,0,0,1,,
2026-01-30 22:58:55,35,15,15,0,"fit: 2, efit: 1",fit: 2,,,,0,0,0,0,1,,
2026-01-31 00:01:27,35,15,15,0,"fit: 2, efit: 1",fit: 2,,,,0,0,0,0,1,,
2026-01-31 21:10:02,35,15,15,0,"fit: 2, efit: 1",fit: 2,efit: 1,,,0,0,0,0,1,,
2026-01-31 21:42:35,35,15,15,0,"fit: 2, efit: 1",fit: 2,,,,0,0,0,0,1,,
2026-01-31 21:45:08,35,15,15,0,"fit: 2, efit: 1",fit: 2,efit: 1,,,0,0,0,0,1,,
2026-01-31 22:37:44,35,15,15,0,"fit: 2, efit: 1",fit: 2,,,,0,0,0,0,1,,
2026-01-31 22:40:19,35,15,15,0,"fit: 2, efit: 1",fit: 2,efit: 1,,,0,0,0,0,1,,
2026-01-31 22:42:44,35,15,15,0,"fit: 2, efit: 1",fit: 2,,,,0,0,0,0,1,,
2026-01-31 22:45:19,35,15,15,0,"fit: 2, efit: 1",fit: 2,efit: 1,,,0,0,0,0,1,,
2026-01-31 22:47:45,35,15,15,0,"fit: 2, efit: 1",fit: 2,,,,0,0,0,0,1,,
2026-01-31 22:50:20,35,15,15,0,"fit: 2, efit: 1",fit: 2,efit: 1,,,0,0,0,0,1,,
2026-01-31 22:52:46,35,15,15,0,"fit: 2, efit: 1",fit: 2,,,,0,0,0,0,1,,
2026-01-31 22:55:21,35,15,15,0,"fit: 2, efit: 1",fit: 2,efit: 1,,,0,0,0,0,1,,
2026-01-31 23:45:30,35,15,15,0,"fit: 2, efit: 1",fit: 2,,,,0,0,0,0,1,,
2026-01-31 23:47:55,35,15,15,0,"fit: 2, efit: 1",fit: 2,efit: 1,,,0,0,0,0,1,,
2026-01-31 23:50:31,35,15,15,0,"fit: 2, efit: 1",fit: 2,,,,0,0,0,0,1,,
2026-01-31 23:52:56,35,15,15,0,"fit: 2, efit: 1",fit: 2,efit: 1,,,0,0,0,0,1,,
2026-01-31 23:55:32,35,15,15,0,"fit: 2, efit: 1",fit: 2,,,,0,0,0,0,1,,
2026-01-31 23:57:56,35,15,15,0,"fit: 2, efit: 1",fit: 2,efit: 1,,,0,0,0,0,1,,
2026-02-01 00:00:33,35,15,15,0,"fit: 2, efit: 1",fit: 2,efit: 1,,,0,0,0,0,1,,
2026-02-01 00:45:40,35,15,15,0,"fit: 2, efit: 1",fit: 2,,,,0,0,0,0,1,,
2026-02-01 00:46:01,35,15,15,0,"fit: 2, efit: 1",fit: 2,efit: 1,,,0,0,0,0,1,,
2026-02-01 01:48:14,35,15,15,0,"fit: 2, efit: 1",fit: 2,,,,0,0,0,0,1,,
2026-02-01 01:50:52,35,15,15,0,"fit: 2, efit: 1",fit: 2,efit: 1,,,0,0,0,0,1,,
2026-02-01 01:53:15,35,15,15,0,"fit: 2, efit: 1",fit: 2,,,,0,0,0,0,1,,
2026-02-01 01:55:52,35,15,15,0,"fit: 2, efit: 1",fit: 2,efit: 1,,,0,0,0,0,1,,
2026-02-01 01:58:16,35,15,15,0,"fit: 2, efit: 1",fit: 2,,,,0,0,0,0,1,,
2026-02-01 02:00:53,35,15,15,0,"fit: 2, efit: 1",fit: 2,efit: 1,,,0,0,0,0,1,,
2026-02-01 02:51:02,35,15,15,0,"fit: 2, efit: 1",fit: 2,,,,0,0,0,0,1,,
2026-02-01 02:53:25,35,15,15,0,"fit: 2, efit: 1",fit: 2,efit: 1,,,0,0,0,0,1,,
2026-02-01 02:56:03,35,15,15,0,"fit: 2, efit: 1",fit: 2,,,,0,0,0,0,1,,
2026-02-01 02:58:25,35,15,15,0,"fit: 2, efit: 1",fit: 2,efit: 1,,,0,0,0,0,1,,
2026-02-01 03:01:04,35,15,15,0,"fit: 2, efit: 1",fit: 2,,,,0,0,0,0,1,,
2026-02-01 03:03:26,35,15,15,0,"fit: 2, efit: 1",fit: 2,efit: 1,,,0,0,0,0,1,,
2026-02-01 03:06:05,35,15,15,0,"fit: 2, efit: 1",fit: 2,,,,0,0,0,0,1,,
2026-02-01 03:06:36,35,15,15,0,"fit: 2, efit: 1",fit: 2,efit: 1,,,0,0,0,0,1,,
2026-02-01 04:03:36,35,15,15,0,"fit: 2, efit: 1",fit: 2,,,,0,0,0,0,1,,
2026-02-01 04:06:15,35,15,15,0,"fit: 2, efit: 1",fit: 2,efit: 1,,,0,0,0,0,1,,
2026-02-01 04:58:44,35,15,15,0,"fit: 2, efit: 1",fit: 2,,,,0,0,0,0,1,,
2026-02-01 05:01:24,35,15,15,0,"fit: 2, efit: 1",fit: 2,efit: 1,,,0,0,0,0,1,,
2026-02-01 05:03:45,35,15,15,0,"fit: 2, efit: 1",fit: 2,,,,0,0,0,0,1,,
2026-02-01 05:06:25,35,15,15,0,"fit: 2, efit: 1",fit: 2,efit: 1,,,0,0,0,0,1,,
2026-02-01 05:08:46,35,15,15,0,"fit: 2, efit: 1",fit: 2,,,,0,0,0,0,1,,
2026-02-01 05:11:26,35,15,15,0,"fit: 2, efit: 1",fit: 2,efit: 1,,,0,0,0,0,1,,
2026-02-01 05:13:47,35,15,15,0,"fit: 2, efit: 1",fit: 2,,,,0,0,0,0,1,,
2026-02-01 05:16:27,35,15,15,0,"fit: 2, efit: 1",fit: 2,efit: 1,,,0,0,0,0,1,,
2026-02-01 05:18:47,35,15,15,0,"fit: 2, efit: 1",fit: 2,,,,0,0,0,0,1,,
2026-02-01 05:21:28,35,15,15,0,"fit: 2, efit: 1",fit: 2,efit: 1,,,0,0,0,0,1,,
2026-02-01 06:07:20,35,15,15,0,"fit: 2, efit: 1",fit: 2,,,,0,0,0,0,1,,
2026-02-01 06:11:36,35,15,15,0,"fit: 2, efit: 1",fit: 2,efit: 1,,,0,0,0,0,1,,
2026-02-01 06:12:22,35,15,15,0,"fit: 2, efit: 1",fit: 2,,,,0,0,0,0,1,,
2026-02-01 06:16:37,35,15,15,0,"fit: 2, efit: 1",fit: 2,efit: 1,,,0,0,0,0,1,,
2026-02-01 06:17:23,35,15,15,0,"fit: 2, efit: 1",fit: 2,,,,0,0,0,0,1,,
2026-02-01 06:21:38,35,15,15,0,"fit: 2, efit: 1",fit: 2,efit: 1,,,0,0,0,0,1,,
2026-02-01 06:22:24,35,15,15,0,"fit: 2, efit: 1",fit: 2,,,,0,0,0,0,1,,
2026-02-01 06:26:39,35,15,15,0,"fit: 2, efit: 1",fit: 2,efit: 1,,,0,0,0,0,1,,
2026-02-01 07:11:47,35,15,15,0,"fit: 2, efit: 1",fit: 2,,,,0,0,0,0,1,,
2026-02-01 07:14:06,35,15,15,0,"fit: 2, efit: 1",fit: 2,efit: 1,,,0,0,0,0,1,,
2026-02-01 07:16:48,35,15,15,0,"fit: 2, efit: 1",fit: 2,,,,0,0,0,0,1,,
2026-02-01 07:19:07,35,15,15,0,"fit: 2, efit: 1",fit: 2,efit: 1,,,0,0,0,0,1,,
2026-02-01 07:21:49,35,15,15,0,"fit: 2, efit: 1",fit: 2,,,,0,0,0,0,1,,
2026-02-01 07:24:07,35,15,15,0,"fit: 2, efit: 1",fit: 2,efit: 1,,,0,0,0,0,1,,
2026-02-01 07:26:49,35,15,15,0,"fit: 2, efit: 1",fit: 2,,,,0,0,0,0,1,,
2026-02-01 07:29:08,35,15,15,0,"fit: 2, efit: 1",fit: 2,efit: 1,,,0,0,0,0,1,,
2026-02-01 08:16:58,35,15,15,0,"fit: 2, efit: 1",fit: 2,,,,0,0,0,0,1,,
2026-02-01 08:17:52,35,15,15,0,"fit: 2, efit: 1",fit: 2,efit: 1,,,0,0,0,0,1,,
2026-02-01 08:21:59,35,15,15,0,"fit: 2, efit: 1",fit: 2,,,,0,0,0,0,1,,
2026-02-01 08:22:54,35,15,15,0,"fit: 2, efit: 1",fit: 2,efit: 1,,,0,0,0,0,1,,
2026-02-01 08:27:00,35,15,15,0,"fit: 2, efit: 1",fit: 2,,,,0,0,0,0,1,,
2026-02-01 08:27:55,35,15,15,0,"fit: 2, efit: 1",fit: 2,efit: 1,,,0,0,0,0,1,,
2026-02-01 08:32:01,35,15,15,0,"fit: 2, efit: 1",fit: 2,,,,0,0,0,0,1,,
2026-02-01 08:32:56,35,15,15,0,"fit: 2, efit: 1",fit: 2,efit: 1,,,0,0,0,0,1,,
2026-02-01 09:34:28,35,15,15,0,"fit: 2, efit: 1",fit: 2,,,,0,0,0,0,1,,
2026-02-01 09:37:12,35,15,15,0,"fit: 2, efit: 1",fit: 2,efit: 1,,,0,0,0,0,1,,
2026-02-01 10:24:37,35,15,15,0,"fit: 2, efit: 1",fit: 2,,,,0,0,0,0,1,,
2026-02-01 10:27:20,35,15,15,0,"fit: 2, efit: 1",fit: 2,efit: 1,,,0,0,0,0,1,,
2026-02-01 10:29:37,35,15,15,0,"fit: 2, efit: 1",fit: 2,,,,0,0,0,0,1,,
2026-02-01 10:32:21,35,15,15,0,"fit: 2, efit: 1",fit: 2,efit: 1,,,0,0,0,0,1,,
2026-02-01 10:34:38,35,15,15,0,"fit: 2, efit: 1",fit: 2,,,,0,0,0,0,1,,
2026-02-01 10:37:22,35,15,15,0,"fit: 2, efit: 1",fit: 2,efit: 1,,,0,0,0,0,1,,
2026-02-01 10:38:27,35,15,15,0,"fit: 2, efit: 1",fit: 2,,,,0,0,0,0,1,,
2026-02-01 10:42:23,35,15,15,0,"fit: 2, efit: 1",fit: 2,efit: 1,,,0,0,0,0,1,,
2026-02-01 11:28:40,35,15,15,0,"fit: 2, efit: 1",fit: 2,,,,0,0,0,0,1,,
2026-02-01 11:29:47,35,15,15,0,"fit: 2, efit: 1",fit: 2,efit: 1,,,0,0,0,0,1,,
2026-02-01 11:32:32,35,15,15,0,"fit: 2, efit: 1",fit: 2,,,,0,0,0,0,1,,
2026-02-01 11:34:48,35,15,15,0,"fit: 2, efit: 1",fit: 2,efit: 1,,,0,0,0,0,1,,
2026-02-01 11:37:33,35,15,15,0,"fit: 2, efit: 1",fit: 2,,,,0,0,0,0,1,,
2026-02-01 11:39:49,35,15,15,0,"fit: 2, efit: 1",fit: 2,efit: 1,,,0,0,0,0,1,,
2026-02-01 11:42:34,35,15,15,0,"fit: 2, efit: 1",fit: 2,,,,0,0,0,0,1,,
2026-02-01 11:43:44,35,15,15,0,"fit: 2, efit: 1",fit: 2,efit: 1,,,0,0,0,0,1,,
2026-02-01 11:47:34,35,15,15,0,"fit: 2, efit: 1",fit: 2,,,,0,0,0,0,1,,
2026-02-01 11:48:45,35,15,15,0,"fit: 2, efit: 1",fit: 2,efit: 1,,,0,0,0,0,1,,
2026-02-01 12:37:43,35,15,15,0,"fit: 2, efit: 1",fit: 2,,,,0,0,0,0,1,,
2026-02-01 12:38:58,35,15,15,0,"fit: 2, efit: 1",fit: 2,efit: 1,,,0,0,0,0,1,,
2026-02-01 13:40:09,35,15,15,0,"fit: 2, efit: 1",fit: 2,,,,0,0,0,0,1,,
2026-02-01 14:48:06,35,15,15,0,"fit: 2, efit: 1","fit: 2, efit: 1",,,,0,0,0,0,1,,
2026-02-02 00:01:49,35,15,15,0,"fit: 2, efit: 1","fit: 2, efit: 1",,,,0,0,0,0,1,,
2026-02-02 14:07:07,35,15,15,0,fit: 2,fit: 2,,,,0,0,0,0,1,,
2026-02-03 00:00:45,35,15,15,0,fit: 2,fit: 2,,,,0,0,0,0,1,,
2026-02-03 07:57:02,35,15,15,0,fit: 1,fit: 1,,,,0,0,0,0,1,,
2026-02-03 14:53:11,35,15,15,0,"fit: 1, efit: 1","fit: 1, efit: 1",,,,0,0,0,0,1,,
2026-02-03 15:36:30,35,15,15,0,fit: 1,fit: 1,,,,0,0,0,0,1,,
2026-02-03 17:26:49,35,15,15,0,fit: 2,fit: 2,,,,0,0,0,0,1,,
2026-02-04 00:02:56,35,15,15,0,fit: 2,fit: 2,,,,0,0,0,0,1,,
2026-02-04 09:44:34,35,15,15,0,"fit: 3, efit: 4","fit: 3, efit: 4",,,,0,0,0,0,1,,
2026-02-05 00:02:02,35,15,15,0,"fit: 3, efit: 4","fit: 3, efit: 4",,,,0,0,0,0,1,,
2026-02-05 08:01:41,35,15,15,0,"fit: 2, efit: 4","fit: 2, efit: 4",,,,0,0,0,0,1,,
2026-02-05 09:22:01,35,15,15,0,"fit: 2, efit: 3","fit: 2, efit: 3",,,,0,0,0,0,1,,
2026-02-05 13:05:40,35,15,15,0,"fit: 2, efit: 4","fit: 2, efit: 4",,,,0,0,0,0,1,,
2026-02-05 13:07:57,35,15,15,0,"fit: 2, efit: 3","fit: 2, efit: 3",,,,0,0,0,0,1,,
2026-02-05 13:58:10,35,15,15,0,"fit: 2, efit: 4","fit: 2, efit: 4",,,,0,0,0,0,1,,
2026-02-05 17:24:01,35,15,15,0,"fit: 3, efit: 4","fit: 3, efit: 4",,,,0,0,0,0,1,,
2026-02-06 00:00:40,35,15,15,0,"fit: 3, efit: 4","fit: 3, efit: 4",,,,0,0,0,0,1,,
2026-02-06 04:11:55,35,15,15,0,"fit: 3, efit: 4","fit: 3, efit: 3",,,,0,0,0,0,1,,
2026-02-06 04:13:12,35,15,15,0,"fit: 3, efit: 4","fit: 3, efit: 4",,,,0,0,0,0,1,,
2026-02-06 17:14:08,35,15,15,0,"fit: 3, efit: 3","fit: 3, efit: 3",,,,0,0,0,0,1,,
2026-02-07 00:00:17,35,15,15,0,"fit: 3, efit: 3","fit: 3, efit: 3",,,,0,0,0,0,1,,
2026-02-07 23:07:13,35,15,15,0,"fit: 3, efit: 2","fit: 3, efit: 2",,,,0,0,0,0,1,,
2026-02-08 00:00:29,35,15,15,0,"fit: 3, efit: 2","fit: 3, efit: 2",,,,0,0,0,0,1,,
2026-02-08 13:30:44,35,15,15,0,"fit: 3, efit: 3","fit: 3, efit: 3",,,,0,0,0,0,1,,
2026-02-08 13:31:38,35,15,15,0,"fit: 3, efit: 6","fit: 3, efit: 6",,,,0,0,0,0,1,,
2026-02-09 00:03:24,35,15,15,0,"fit: 3, efit: 6","fit: 3, efit: 6",,,,0,0,0,0,1,,
2026-02-09 20:16:50,35,15,15,0,"fit: 3, efit: 7","fit: 3, efit: 7",,,,0,0,0,0,1,,
2026-02-09 22:27:14,35,15,15,0,"fit: 3, efit: 6","fit: 3, efit: 6",,,,0,0,0,0,1,,
2026-02-10 00:02:30,35,15,15,0,"fit: 3, efit: 6","fit: 3, efit: 6",,,,0,0,0,0,1,,
2026-02-10 07:59:51,35,15,15,0,"fit: 2, efit: 6","fit: 2, efit: 6",,,,0,0,0,0,1,,
2026-02-10 08:01:17,35,15,15,0,"fit: 2, efit: 6","fit: 1, efit: 6",fit: 1,,,0,0,0,0,1,,
2026-02-10 13:02:34,35,15,15,0,"fit: 2, efit: 5","fit: 1, efit: 5",fit: 1,,,0,0,0,0,1,,
2026-02-10 15:20:11,35,15,15,0,"fit: 2, efit: 4","fit: 1, efit: 4",fit: 1,,,0,0,0,0,1,,
2026-02-10 15:36:11,35,15,15,0,"fit: 2, efit: 5","fit: 1, efit: 5",fit: 1,,,0,0,0,0,1,,
2026-02-10 16:21:19,35,15,15,0,"fit: 2, efit: 6","fit: 1, efit: 6",fit: 1,,,0,0,0,0,1,,
2026-02-10 17:00:28,35,15,15,0,"fit: 3, efit: 6","fit: 2, efit: 6",fit: 1,,,0,0,0,0,1,,
2026-02-11 00:00:22,35,15,15,0,"fit: 3, efit: 6","fit: 2, efit: 6",fit: 1,,,0,0,0,0,1,,
2026-02-11 14:13:55,35,15,15,0,"fit: 2, efit: 6","fit: 2, efit: 6",,,,0,0,0,0,1,,
2026-02-11 15:30:12,35,15,15,0,"fit: 2, efit: 5","fit: 2, efit: 5",,,,0,0,0,0,1,,
2026-02-12 00:00:52,35,15,15,0,"fit: 2, efit: 5","fit: 2, efit: 5",,,,0,0,0,0,1,,
2026-02-12 08:02:56,35,15,15,0,"fit: 1, efit: 5","fit: 1, efit: 5",,,,0,0,0,0,1,,
2026-02-12 17:23:51,35,15,15,0,"fit: 2, efit: 5","fit: 2, efit: 5",,,,0,0,0,0,1,,
2026-02-13 00:00:02,35,15,15,0,"fit: 2, efit: 5","fit: 2, efit: 5",,,,0,0,0,0,1,,
2026-02-13 16:18:22,35,15,15,0,"fit: 2, efit: 4","fit: 2, efit: 4",,,,0,0,0,0,1,,
2026-02-13 17:26:43,35,15,15,0,"fit: 2, efit: 5","fit: 2, efit: 5",,,,0,0,0,0,1,,
2026-02-13 21:12:40,35,15,15,0,"fit: 2, efit: 3","fit: 2, efit: 3",,,,0,0,0,0,1,,
2026-02-14 00:03:24,35,15,15,0,"fit: 2, efit: 3","fit: 2, efit: 3",,,,0,0,0,0,1,,
2026-02-14 14:06:41,35,15,15,0,"fit: 2, efit: 2","fit: 2, efit: 2",,,,0,0,0,0,1,,
2026-02-14 15:57:01,35,15,15,0,"fit: 2, efit: 3","fit: 2, efit: 3",,,,0,0,0,0,1,,
2026-02-14 16:27:06,35,15,15,0,"fit: 3, efit: 3","fit: 3, efit: 3",,,,0,0,0,0,1,,
2026-02-14 17:12:14,35,15,15,0,"fit: 3, efit: 2","fit: 3, efit: 2",,,,0,0,0,0,1,,
2026-02-14 17:17:15,35,15,15,0,"fit: 3, efit: 3","fit: 3, efit: 3",,,,0,0,0,0,1,,
2026-02-14 17:27:17,35,15,15,0,fit: 3,fit: 3,,,,0,0,0,0,1,,
2026-02-14 18:17:26,35,15,15,0,"fit: 3, efit: 1","fit: 3, efit: 1",,,,0,0,0,0,1,,
2026-02-14 18:17:41,35,15,15,0,"fit: 3, efit: 2","fit: 3, efit: 2",,,,0,0,0,0,1,,
2026-02-14 19:32:39,35,15,15,0,fit: 3,fit: 3,,,,0,0,0,0,1,,
2026-02-15 00:03:26,35,15,15,0,fit: 3,fit: 3,,,,0,0,0,0,1,,
2026-02-15 10:31:55,35,15,15,0,fit: 2,fit: 2,,,,0,0,0,0,1,,
2026-02-15 12:17:22,35,15,15,0,"fit: 2, efit: 1","fit: 2, efit: 1",,,,0,0,0,0,1,,
2026-02-15 15:43:12,35,15,15,0,"fit: 2, efit: 2","fit: 2, efit: 2",,,,0,0,0,0,1,,
2026-02-15 16:20:58,35,15,15,0,"fit: 2, efit: 1","fit: 2, efit: 1",,,,0,0,0,0,1,,
2026-02-15 19:11:26,35,15,15,0,"fit: 2, efit: 2","fit: 2, efit: 2",,,,0,0,0,0,1,,
2026-02-15 19:39:11,35,15,15,0,"fit: 2, efit: 4","fit: 2, efit: 4",,,,0,0,0,0,1,,
2026-02-15 19:41:31,35,15,15,0,"fit: 2, efit: 2","fit: 2, efit: 2",,,,0,0,0,0,1,,
2026-02-16 00:00:16,35,15,15,0,"fit: 2, efit: 2","fit: 2, efit: 2",,,,0,0,0,0,1,,
2026-02-16 09:52:41,35,15,15,0,"fit: 2, efit: 1","fit: 2, efit: 1",,,,0,0,0,0,1,,
2026-02-16 12:49:39,35,15,15,0,"fit: 2, efit: 2","fit: 2, efit: 2",,,,0,0,0,0,1,,
2026-02-16 17:49:41,35,15,15,0,"fit: 1, efit: 2","fit: 1, efit: 2",,,,0,0,0,0,1,,
2026-02-16 18:54:57,35,15,15,0,"fit: 1, efit: 3","fit: 1, efit: 3",,,,0,0,0,0,1,,
2026-02-16 19:10:01,35,15,15,0,"fit: 1, efit: 2","fit: 1, efit: 2",,,,0,0,0,0,1,,
2026-02-16 22:31:26,35,15,15,0,"fit: 1, efit: 3","fit: 1, efit: 3",,,,0,0,0,0,1,,
2026-02-17 00:00:54,35,15,15,0,"fit: 1, efit: 3","fit: 1, efit: 3",,,,0,0,0,0,1,,
2026-02-17 06:26:57,35,15,15,0,"fit: 1, efit: 2","fit: 1, efit: 2",,,,0,0,0,0,1,,
2026-02-17 08:03:22,35,15,15,0,efit: 2,efit: 2,,,,0,0,0,0,1,,
2026-02-17 10:47:41,35,15,15,0,"fit: 1, efit: 4","fit: 1, efit: 4",,,,0,0,0,0,1,,
2026-02-17 10:48:55,35,15,15,0,"fit: 2, efit: 4","fit: 2, efit: 4",,,,0,0,0,0,1,,
2026-02-17 13:34:29,35,15,15,0,"fit: 2, efit: 5","fit: 2, efit: 5",,,,0,0,0,0,1,,
2026-02-17 13:43:10,35,15,15,0,"fit: 2, efit: 4","fit: 2, efit: 4",,,,0,0,0,0,1,,
2026-02-17 13:44:31,35,15,15,0,"fit: 2, efit: 3","fit: 2, efit: 3",,,,0,0,0,0,1,,
2026-02-17 14:18:17,35,15,15,0,"fit: 2, efit: 4","fit: 2, efit: 4",,,,0,0,0,0,1,,
2026-02-17 14:48:22,35,15,15,0,"fit: 2, efit: 5","fit: 2, efit: 5",,,,0,0,0,0,1,,
2026-02-17 14:53:22,35,15,15,0,"fit: 2, efit: 4","fit: 2, efit: 4",,,,0,0,0,0,1,,
2026-02-17 15:03:24,35,15,15,0,"fit: 2, efit: 5","fit: 2, efit: 5",,,,0,0,0,0,1,,
2026-02-17 16:30:07,35,15,15,0,"fit: 2, efit: 4","fit: 2, efit: 4",,,,0,0,0,0,1,,
2026-02-17 16:43:41,35,15,15,0,"fit: 2, efit: 5","fit: 2, efit: 5",,,,0,0,0,0,1,,
2026-02-17 17:03:44,35,15,15,0,"fit: 2, efit: 6","fit: 2, efit: 6",,,,0,0,0,0,1,,
2026-02-17 17:50:24,35,15,15,0,"fit: 2, efit: 7","fit: 2, efit: 7",,,,0,0,0,0,1,,
2026-02-18 00:01:40,35,15,15,0,"fit: 2, efit: 7","fit: 2, efit: 7",,,,0,0,0,0,1,,
2026-02-18 09:31:27,35,15,15,0,"fit: 2, efit: 6","fit: 2, efit: 6",,,,0,0,0,0,1,,
2026-02-18 13:14:12,35,15,15,0,"fit: 2, efit: 7","fit: 2, efit: 7",,,,0,0,0,0,1,,
2026-02-18 13:22:03,35,15,15,0,"fit: 2, efit: 6","fit: 2, efit: 6",,,,0,0,0,0,1,,
2026-02-18 14:27:14,35,15,15,0,"fit: 2, efit: 7","fit: 2, efit: 7",,,,0,0,0,0,1,,
2026-02-18 15:17:22,35,15,15,0,"fit: 2, efit: 6","fit: 2, efit: 6",,,,0,0,0,0,1,,
2026-02-18 15:22:23,35,15,15,0,"fit: 2, efit: 7","fit: 2, efit: 7",,,,0,0,0,0,1,,
2026-02-18 15:59:40,35,15,15,0,"fit: 2, efit: 8","fit: 2, efit: 8",,,,0,0,0,0,1,,
2026-02-18 17:09:52,35,15,15,0,"fit: 2, efit: 7","fit: 2, efit: 7",,,,0,0,0,0,1,,
2026-02-18 18:22:52,35,15,15,0,"fit: 2, efit: 6","fit: 2, efit: 6",,,,0,0,0,0,1,,
2026-02-18 18:25:06,35,15,15,0,"fit: 2, efit: 4","fit: 2, efit: 4",,,,0,0,0,0,1,,
2026-02-18 18:27:53,35,15,15,0,"fit: 2, efit: 7","fit: 2, efit: 7",,,,0,0,0,0,1,,
2026-02-18 18:30:07,35,15,15,0,"fit: 2, efit: 3","fit: 2, efit: 3",,,,0,0,0,0,1,,
2026-02-19 00:01:05,35,15,15,0,"fit: 2, efit: 3","fit: 2, efit: 3",,,,0,0,0,0,1,,
2026-02-19 08:02:26,35,15,15,0,"fit: 2, efit: 2","fit: 2, efit: 2",,,,0,0,0,0,1,,
2026-02-19 08:43:16,35,15,15,0,"fit: 1, efit: 2","fit: 1, efit: 2",,,,0,0,0,0,1,,
2026-02-19 11:33:02,35,15,15,0,"fit: 1, efit: 1","fit: 1, efit: 1",,,,0,0,0,0,1,,
2026-02-19 12:39:03,35,15,15,0,"fit: 1, efit: 2","fit: 1, efit: 2",,,,0,0,0,0,1,,
2026-02-19 13:43:24,35,15,15,0,"fit: 1, efit: 1","fit: 1, efit: 1",,,,0,0,0,0,1,,
2026-02-19 13:53:26,35,15,15,0,"fit: 1, efit: 2","fit: 1, efit: 2",,,,0,0,0,0,1,,
2026-02-19 16:21:14,35,15,15,0,"fit: 1, efit: 3","fit: 1, efit: 3",,,,0,0,0,0,1,,
2026-02-19 17:09:58,35,15,15,0,"fit: 1, efit: 2","fit: 1, efit: 2",,,,0,0,0,0,1,,
2026-02-19 17:11:20,35,15,15,0,"fit: 1, efit: 3","fit: 1, efit: 3",,,,0,0,0,0,1,,
2026-02-19 17:47:07,35,15,15,0,"fit: 1, efit: 4","fit: 1, efit: 3",,,,0,0,0,0,1,,
2026-02-19 18:10:11,35,15,15,0,"fit: 1, efit: 4","fit: 1, efit: 4",,,,0,0,0,0,1,,
2026-02-19 18:25:14,35,15,15,0,"fit: 1, efit: 5","fit: 1, efit: 5",,,,0,0,0,0,1,,
2026-02-19 19:45:31,35,15,15,0,"fit: 1, efit: 6","fit: 1, efit: 6",,,,0,0,0,0,1,,
2026-02-19 22:17:53,35,15,15,0,"fit: 1, efit: 5","fit: 1, efit: 5",,,,0,0,0,0,1,,
2026-02-20 00:01:25,35,15,15,0,"fit: 1, efit: 5","fit: 1, efit: 5",,,,0,0,0,0,1,,
2026-02-20 09:13:15,35,15,15,0,"fit: 1, efit: 4","fit: 1, efit: 4",,,,0,0,0,0,1,,
2026-02-20 13:50:35,35,15,15,0,"fit: 1, efit: 5","fit: 1, efit: 5",,,,0,0,0,0,1,,
2026-02-20 14:19:17,35,15,15,0,"fit: 1, efit: 4","fit: 1, efit: 4",,,,0,0,0,0,1,,
2026-02-20 17:09:51,35,15,15,0,"fit: 1, efit: 5","fit: 1, efit: 5",,,,0,0,0,0,1,,
2026-02-20 17:14:52,35,15,15,0,"fit: 1, efit: 4","fit: 1, efit: 4",,,,0,0,0,0,1,,
2026-02-20 17:29:55,35,15,15,0,"fit: 1, efit: 5","fit: 1, efit: 5",,,,0,0,0,0,1,,
2026-02-20 19:15:17,35,15,15,0,"fit: 1, efit: 6","fit: 1, efit: 6",,,,0,0,0,0,1,,
2026-02-20 20:56:50,35,15,15,0,"fit: 1, efit: 7","fit: 1, efit: 7",,,,0,0,0,0,1,,
2026-02-20 21:40:47,35,15,15,0,"fit: 1, efit: 6","fit: 1, efit: 6",,,,0,0,0,0,1,,
2026-02-20 22:02:01,35,15,15,0,"fit: 1, efit: 5","fit: 1, efit: 5",,,,0,0,0,0,1,,
2026-02-21 00:01:16,35,15,15,0,"fit: 1, efit: 5","fit: 1, efit: 5",,,,0,0,0,0,1,,
2026-02-21 10:44:13,35,15,15,0,"fit: 1, efit: 6","fit: 1, efit: 6",,,,0,0,0,0,1,,
2026-02-21 12:28:19,35,15,15,0,"fit: 1, efit: 5","fit: 1, efit: 5",,,,0,0,0,0,1,,
2026-02-21 12:34:32,35,15,15,0,"fit: 1, efit: 4","fit: 1, efit: 4",,,,0,0,0,0,1,,
2026-02-21 17:29:08,35,15,15,0,"fit: 1, efit: 3","fit: 1, efit: 3",,,,0,0,0,0,1,,
2026-02-21 20:44:40,35,15,15,0,"fit: 1, efit: 4","fit: 1, efit: 3",,,,0,0,0,0,1,,
2026-02-21 21:01:03,35,15,15,0,"fit: 1, efit: 4","fit: 1, efit: 4",,,,0,0,0,0,1,,
2026-02-21 21:19:45,35,15,15,0,"fit: 1, efit: 3","fit: 1, efit: 3",,,,0,0,0,0,1,,
2026-02-22 00:00:13,35,15,15,0,"fit: 1, efit: 3","fit: 1, efit: 3",,,,0,0,0,0,1,,
2026-02-22 08:26:35,35,15,15,0,"fit: 1, efit: 3","fit: 1, efit: 2",,,,0,0,0,0,1,,
2026-02-22 08:27:44,35,15,15,0,"fit: 1, efit: 3","fit: 1, efit: 3",,,,0,0,0,0,1,,
2026-02-23 00:00:41,35,15,15,0,"fit: 1, efit: 3","fit: 1, efit: 3",,,,0,0,0,0,1,,
2026-02-23 08:27:08,35,15,15,0,"fit: 1, efit: 2","fit: 1, efit: 2",,,,0,0,0,0,1,,
2026-02-23 09:22:20,35,15,15,0,"fit: 1, efit: 3","fit: 1, efit: 3",,,,0,0,0,0,1,,
2026-02-23 17:46:58,35,15,15,0,efit: 3,efit: 3,,,,0,0,0,0,1,,
2026-02-23 18:42:08,35,15,15,0,efit: 2,efit: 2,,,,0,0,0,0,1,,
2026-02-23 18:47:09,35,15,15,0,efit: 3,efit: 3,,,,0,0,0,0,1,,
2026-02-24 00:00:16,35,15,15,0,efit: 3,efit: 3,,,,0,0,0,0,1,,
2026-02-24 08:01:21,35,15,15,0,efit: 2,efit: 2,,,,0,0,0,0,1,,
2026-02-24 09:16:35,35,15,15,0,efit: 3,efit: 3,,,,0,0,0,0,1,,
2026-02-24 09:17:06,35,15,15,0,efit: 2,efit: 2,,,,0,0,0,0,1,,
2026-02-24 14:17:30,35,15,15,0,efit: 3,efit: 2,,,,0,0,0,0,1,,
2026-02-24 14:32:33,35,15,15,0,efit: 3,efit: 3,,,,0,0,0,0,1,,
2026-02-24 17:15:01,35,15,15,0,efit: 4,efit: 4,,,,0,0,0,0,1,,
2026-02-24 17:26:31,35,15,15,0,efit: 5,efit: 5,,,,0,0,0,0,1,,
2026-02-24 17:56:39,35,15,15,0,efit: 6,efit: 6,,,,0,0,0,0,1,,
2026-02-24 18:20:13,35,15,15,0,efit: 5,efit: 5,,,,0,0,0,0,1,,
2026-02-24 19:15:23,35,15,15,0,efit: 4,efit: 4,,,,0,0,0,0,1,,
2026-02-25 00:01:15,35,15,15,0,efit: 4,efit: 4,,,,0,0,0,0,1,,
2026-02-25 09:27:50,35,15,15,0,efit: 5,efit: 5,,,,0,0,0,0,1,,
2026-02-25 11:00:56,35,15,15,0,efit: 6,efit: 6,,,,0,0,0,0,1,,
2026-02-25 12:08:20,35,15,15,0,efit: 5,efit: 5,,,,0,0,0,0,1,,
2026-02-25 12:38:25,35,15,15,0,efit: 4,efit: 4,,,,0,0,0,0,1,,
2026-02-25 13:33:34,35,15,15,0,efit: 5,efit: 5,,,,0,0,0,0,1,,
2026-02-25 14:21:47,35,15,15,0,efit: 6,efit: 6,,,,0,0,0,0,1,,
2026-02-25 16:22:17,35,15,15,0,efit: 7,efit: 7,,,,0,0,0,0,1,,
2026-02-25 17:47:39,35,15,15,0,efit: 6,efit: 6,,,,0,0,0,0,1,,
2026-02-25 20:24:34,35,15,15,0,efit: 7,efit: 7,,,,0,0,0,0,1,,
2026-02-26 00:00:07,35,15,15,0,efit: 7,efit: 7,,,,0,0,0,0,1,,
2026-02-26 07:10:56,35,15,15,0,efit: 6,efit: 6,,,,0,0,0,0,1,,
2026-02-26 11:02:13,35,15,15,0,efit: 7,efit: 7,,,,0,0,0,0,1,,
2026-02-26 12:06:56,35,15,15,0,efit: 6,efit: 6,,,,0,0,0,0,1,,
2026-02-26 13:12:36,35,15,15,0,efit: 7,efit: 7,,,,0,0,0,0,1,,
2026-02-26 14:12:16,35,15,15,0,efit: 8,efit: 8,,,,0,0,0,0,1,,
2026-02-26 14:47:21,35,15,15,0,efit: 9,efit: 9,,,,0,0,0,0,1,,
2026-02-26 14:52:22,35,15,15,0,efit: 10,efit: 9,,,,0,0,0,0,1,,
2026-02-26 14:57:23,35,15,15,0,efit: 9,efit: 8,,,,0,0,0,0,1,,
2026-02-26 15:27:27,35,15,15,0,efit: 9,efit: 9,,,,0,0,0,0,1,,
2026-02-26 17:42:47,35,15,15,0,efit: 8,efit: 8,,,,0,0,0,0,1,,
2026-02-26 18:17:53,35,15,15,0,efit: 7,efit: 7,,,,0,0,0,0,1,,
2026-02-26 18:22:53,35,15,15,0,efit: 8,efit: 8,,,,0,0,0,0,1,,
2026-02-26 18:47:57,35,15,15,0,efit: 7,efit: 7,,,,0,0,0,0,1,,
2026-02-26 18:57:58,35,15,15,0,efit: 8,efit: 8,,,,0,0,0,0,1,,
2026-02-26 19:38:04,35,15,15,0,efit: 9,efit: 9,,,,0,0,0,0,1,,
2026-02-26 21:28:21,35,15,15,0,efit: 10,efit: 10,,,,0,0,0,0,1,,
2026-02-27 00:00:09,35,15,15,0,efit: 10,efit: 10,,,,0,0,0,0,1,,
2026-02-27 08:09:53,35,15,15,0,efit: 11,efit: 11,,,,0,0,0,0,1,,
2026-02-27 08:19:55,35,15,15,0,efit: 10,efit: 10,,,,0,0,0,0,1,,
2026-02-27 09:20:04,35,15,15,0,efit: 9,efit: 9,,,,0,0,0,0,1,,
2026-02-27 09:20:59,35,15,15,0,efit: 8,efit: 8,,,,0,0,0,0,1,,
2026-02-27 09:25:05,35,15,15,0,efit: 6,efit: 6,,,,0,0,0,0,1,,
2026-02-27 10:55:18,35,15,15,0,efit: 7,efit: 7,,,,0,0,0,0,1,,
2026-02-27 14:56:57,35,15,15,0,efit: 6,efit: 6,,,,0,0,0,0,1,,
2026-02-27 15:20:58,35,15,15,0,efit: 4,efit: 4,,,,0,0,0,0,1,,
2026-02-27 15:25:59,35,15,15,0,efit: 3,efit: 3,,,,0,0,0,0,1,,
2026-02-27 16:47:16,35,15,15,0,efit: 4,efit: 4,,,,0,0,0,0,1,,
2026-02-27 16:59:24,35,15,15,0,efit: 5,efit: 5,,,,0,0,0,0,1,,
2026-02-27 17:44:35,35,15,15,0,efit: 4,efit: 4,,,,0,0,0,0,1,,
2026-02-27 17:51:21,35,15,15,0,efit: 3,efit: 3,,,,0,0,0,0,1,,
2026-02-27 19:52:48,35,15,15,0,efit: 2,efit: 2,,,,0,0,0,0,1,,
2026-02-27 23:43:26,35,15,15,0,efit: 3,efit: 3,,,,0,0,0,0,1,,
2026-02-28 00:01:07,35,15,15,0,efit: 3,efit: 3,,,,0,0,0,0,1,,
2026-02-28 06:27:38,35,15,15,0,efit: 2,efit: 2,,,,0,0,0,0,1,,
2026-02-28 08:18:30,35,15,15,0,efit: 3,efit: 3,,,,0,0,0,0,1,,
2026-02-28 09:10:04,35,15,15,0,efit: 2,efit: 2,,,,0,0,0,0,1,,
2026-02-28 09:30:07,35,15,15,0,"fit: 1, efit: 2","fit: 1, efit: 2",,,,0,0,0,0,1,,
2026-02-28 09:33:23,35,15,15,0,"fit: 1, efit: 1","fit: 1, efit: 1",,,,0,0,0,0,1,,
2026-02-28 10:18:33,35,15,15,0,efit: 1,efit: 1,,,,0,0,0,0,1,,
2026-02-28 10:53:42,35,15,15,0,efit: 2,efit: 2,,,,0,0,0,0,1,,
2026-02-28 12:00:33,35,15,15,0,efit: 3,efit: 3,,,,0,0,0,0,1,,
2026-02-28 12:03:58,35,15,15,0,efit: 1,efit: 1,,,,0,0,0,0,1,,
2026-02-28 14:30:59,35,15,15,0,efit: 1,,efit: 1,,,0,0,0,0,1,,
2026-02-28 17:15:12,35,15,15,0,efit: 2,efit: 1,efit: 1,,,0,0,0,0,1,,
2026-02-28 17:16:28,35,15,15,0,efit: 1,,efit: 1,,,0,0,0,0,1,,
2026-02-28 17:39:53,35,15,15,0,efit: 3,efit: 2,efit: 1,,,0,0,0,0,1,,
2026-02-28 17:49:55,35,15,15,0,efit: 2,efit: 1,efit: 1,,,0,0,0,0,1,,
2026-02-28 17:51:34,35,15,15,0,efit: 1,,efit: 1,,,0,0,0,0,1,,
2026-02-28 19:00:06,35,15,15,0,"fit: 1, efit: 1",fit: 1,efit: 1,,,0,0,0,0,1,,
2026-02-28 19:25:10,35,15,15,0,"fit: 1, efit: 2","fit: 1, efit: 1",efit: 1,,,0,0,0,0,1,,
2026-02-28 21:00:24,35,15,15,0,efit: 2,efit: 1,efit: 1,,,0,0,0,0,1,,
2026-03-01 00:00:51,35,15,15,0,efit: 2,efit: 1,efit: 1,,,0,0,0,0,1,,
2026-03-01 09:27:16,35,15,15,0,efit: 1,efit: 1,,,,0,0,0,0,1,,
2026-03-01 11:37:36,35,15,15,0,,,,,,0,0,0,0,1,,
2026-03-01 11:59:35,35,15,15,0,fit: 2,fit: 2,,,,0,0,0,0,1,,
2026-03-01 12:02:40,35,15,15,0,"fit: 4, efit: 2","fit: 4, efit: 2",,,,0,0,0,0,1,,
2026-03-01 13:02:50,35,15,15,0,"fit: 4, efit: 3","fit: 4, efit: 3",,,,0,0,0,0,1,,
2026-03-01 13:19:48,35,15,15,0,"fit: 4, efit: 4","fit: 4, efit: 4",,,,0,0,0,0,1,,
2026-03-01 15:43:14,35,15,15,0,"fit: 4, efit: 3","fit: 4, efit: 3",,,,0,0,0,0,1,,
2026-03-02 00:01:37,35,15,15,0,"fit: 4, efit: 3","fit: 4, efit: 3",,,,0,0,0,0,1,,
2026-03-02 06:50:29,35,15,15,0,"fit: 4, efit: 2","fit: 4, efit: 2",,,,0,0,0,0,1,,
2026-03-02 08:38:03,35,15,15,0,"fit: 3, efit: 2","fit: 3, efit: 2",,,,0,0,0,0,1,,
2026-03-02 12:16:19,35,15,15,0,"fit: 3, efit: 3","fit: 3, efit: 3",,,,0,0,0,0,1,,
2026-03-02 16:29:22,35,15,15,0,"fit: 3, efit: 4","fit: 3, efit: 4",,,,0,0,0,0,1,,
2026-03-02 17:37:08,35,15,15,0,"fit: 3, efit: 3","fit: 3, efit: 3",,,,0,0,0,0,1,,
2026-03-02 17:39:34,35,15,15,0,"fit: 3, efit: 2","fit: 3, efit: 2",,,,0,0,0,0,1,,
2026-03-02 19:07:03,35,15,15,0,"fit: 3, efit: 3","fit: 3, efit: 3",,,,0,0,0,0,1,,
2026-03-03 00:00:38,35,15,15,0,"fit: 3, efit: 3","fit: 3, efit: 3",,,,0,0,0,0,1,,
2026-03-03 10:54:40,35,15,15,0,"fit: 3, efit: 4","fit: 3, efit: 4",,,,0,0,0,0,1,,
2026-03-03 11:54:49,35,15,15,0,"fit: 3, efit: 5","fit: 3, efit: 5",,,,0,0,0,0,1,,
2026-03-03 12:14:52,35,15,15,0,"fit: 3, efit: 4","fit: 3, efit: 4",,,,0,0,0,0,1,,
2026-03-03 13:25:02,35,15,15,0,"fit: 3, efit: 5","fit: 3, efit: 5",,,,0,0,0,0,1,,
2026-03-03 17:35:41,35,15,15,0,"fit: 3, efit: 4","fit: 3, efit: 4",,,,0,0,0,0,1,,
2026-03-03 19:23:41,35,15,15,0,"fit: 3, efit: 3","fit: 3, efit: 3",,,,0,0,0,0,1,,
2026-03-04 00:01:38,35,15,15,0,"fit: 3, efit: 3","fit: 3, efit: 3",,,,0,0,0,0,1,,
2026-03-04 08:20:57,35,15,15,0,"fit: 3, efit: 4","fit: 3, efit: 4",,,,0,0,0,0,1,,
2026-03-04 09:26:09,35,15,15,0,"fit: 3, efit: 3","fit: 3, efit: 3",,,,0,0,0,0,1,,
2026-03-04 10:26:19,35,15,15,0,"fit: 2, efit: 3","fit: 2, efit: 3",,,,0,0,0,0,1,,
2026-03-04 10:56:24,35,15,15,0,"fit: 2, efit: 4","fit: 2, efit: 4",,,,0,0,0,0,1,,
2026-03-04 12:11:37,35,15,15,0,"fit: 2, efit: 3","fit: 2, efit: 3",,,,0,0,0,0,1,,
2026-03-04 13:18:37,35,15,15,0,"fit: 2, efit: 2","fit: 2, efit: 2",,,,0,0,0,0,1,,
2026-03-04 14:01:56,35,15,15,0,"fit: 2, efit: 3","fit: 2, efit: 3",,,,0,0,0,0,1,,
2026-03-04 16:35:07,35,15,15,0,"fit: 2, efit: 4","fit: 2, efit: 4",,,,0,0,0,0,1,,
2026-03-04 16:50:10,35,15,15,0,"fit: 2, efit: 5","fit: 2, efit: 5",,,,0,0,0,0,1,,
2026-03-04 17:35:17,35,15,15,0,"fit: 2, efit: 4","fit: 2, efit: 4",,,,0,0,0,0,1,,
2026-03-04 17:45:19,35,15,15,0,"fit: 2, efit: 5","fit: 2, efit: 5",,,,0,0,0,0,1,,
2026-03-04 18:31:31,35,15,15,0,"fit: 2, efit: 6","fit: 2, efit: 6",,,,0,0,0,0,1,,
2026-03-04 19:47:17,35,15,15,0,"fit: 2, efit: 5","fit: 2, efit: 5",,,,0,0,0,0,1,,
2026-03-04 23:41:16,35,15,15,0,"fit: 2, efit: 6","fit: 2, efit: 6",,,,0,0,0,0,1,,
2026-03-05 00:02:33,35,15,15,0,"fit: 2, efit: 6","fit: 2, efit: 6",,,,0,0,0,0,1,,
2026-03-05 00:12:35,35,15,15,0,"fit: 2, efit: 7","fit: 2, efit: 7",,,,0,0,0,0,1,,
2026-03-05 06:35:15,35,15,15,0,"fit: 2, efit: 6","fit: 2, efit: 6",,,,0,0,0,0,1,,
2026-03-05 07:59:02,35,15,15,0,"fit: 2, efit: 5","fit: 2, efit: 5",,,,0,0,0,0,1,,
2026-03-05 09:44:40,35,15,15,0,"fit: 2, efit: 4","fit: 2, efit: 4",,,,0,0,0,0,1,,
2026-03-05 14:20:15,35,15,15,0,"fit: 2, efit: 3","fit: 2, efit: 3",,,,0,0,0,0,1,,
2026-03-05 14:45:20,35,15,15,0,"fit: 2, efit: 5","fit: 2, efit: 5",,,,0,0,0,0,1,,
2026-03-05 14:55:22,35,15,15,0,"fit: 2, efit: 6","fit: 2, efit: 6",,,,0,0,0,0,1,,
2026-03-05 15:35:30,35,15,15,0,"fit: 2, efit: 5","fit: 2, efit: 5",,,,0,0,0,0,1,,
2026-03-05 16:05:36,35,15,15,0,"fit: 2, efit: 4","fit: 2, efit: 4",,,,0,0,0,0,1,,
2026-03-05 16:55:45,35,15,15,0,"fit: 2, efit: 3","fit: 2, efit: 3",,,,0,0,0,0,1,,
2026-03-05 17:15:49,35,15,15,0,"fit: 2, efit: 4","fit: 2, efit: 4",,,,0,0,0,0,1,,
2026-03-05 17:43:14,35,15,15,0,"fit: 2, efit: 2","fit: 2, efit: 2",,,,0,0,0,0,1,,
2026-03-05 17:48:15,35,15,15,0,"fit: 2, efit: 3","fit: 2, efit: 3",,,,0,0,0,0,1,,
2026-03-05 18:28:21,35,15,15,0,"fit: 2, efit: 2","fit: 2, efit: 2",,,,0,0,0,0,1,,
2026-03-06 00:01:33,35,15,15,0,"fit: 2, efit: 2","fit: 2, efit: 2",,,,0,0,0,0,1,,
2026-03-06 07:22:45,35,15,15,0,"fit: 2, efit: 3","fit: 2, efit: 3",,,,0,0,0,0,1,,
2026-03-06 08:38:46,35,15,15,0,"fit: 1, efit: 3","fit: 1, efit: 3",,,,0,0,0,0,1,,
2026-03-06 09:23:56,35,15,15,0,"fit: 1, efit: 2","fit: 1, efit: 2",,,,0,0,0,0,1,,
2026-03-06 09:28:58,35,15,15,0,"fit: 1, efit: 3","fit: 1, efit: 3",,,,0,0,0,0,1,,
2026-03-06 10:58:20,35,15,15,0,"fit: 1, efit: 4","fit: 1, efit: 4",,,,0,0,0,0,1,,
2026-03-06 12:03:31,35,15,15,0,"fit: 1, efit: 3","fit: 1, efit: 3",,,,0,0,0,0,1,,
2026-03-06 12:09:36,35,15,15,0,"fit: 1, efit: 2","fit: 1, efit: 2",,,,0,0,0,0,1,,
2026-03-06 12:33:36,35,15,15,0,"fit: 1, efit: 1","fit: 1, efit: 1",,,,0,0,0,0,1,,
2026-03-06 12:48:38,35,15,15,0,fit: 1,fit: 1,,,,0,0,0,0,1,,
2026-03-06 14:53:59,35,15,15,0,"fit: 1, efit: 1","fit: 1, efit: 1",,,,0,0,0,0,1,,
2026-03-06 15:14:03,35,15,15,0,"fit: 1, efit: 2","fit: 1, efit: 2",,,,0,0,0,0,1,,
2026-03-06 16:29:15,35,15,15,0,"fit: 1, efit: 3","fit: 1, efit: 3",,,,0,0,0,0,1,,
2026-03-06 16:59:20,35,15,15,0,"fit: 1, efit: 5","fit: 1, efit: 5",,,,0,0,0,0,1,,
2026-03-06 17:04:21,35,15,15,0,"fit: 1, efit: 4","fit: 1, efit: 4",,,,0,0,0,0,1,,
2026-03-06 17:34:26,35,15,15,0,"fit: 1, efit: 3","fit: 1, efit: 3",,,,0,0,0,0,1,,
2026-03-06 17:56:49,35,15,15,0,"fit: 1, efit: 4","fit: 1, efit: 4",,,,0,0,0,0,1,,
2026-03-06 18:14:33,35,15,15,0,"fit: 1, efit: 6","fit: 1, efit: 6",,,,0,0,0,0,1,,
2026-03-06 18:36:09,35,15,15,0,"fit: 1, efit: 5","fit: 1, efit: 5",,,,0,0,0,0,1,,
2026-03-06 18:39:37,35,15,15,0,"fit: 1, efit: 6","fit: 1, efit: 6",,,,0,0,0,0,1,,
2026-03-06 19:44:48,35,15,15,0,"fit: 1, efit: 7","fit: 1, efit: 7",,,,0,0,0,0,1,,
2026-03-06 21:05:02,35,15,15,0,"fit: 1, efit: 8","fit: 1, efit: 8",,,,0,0,0,0,1,,
2026-03-07 00:00:32,35,15,15,0,"fit: 1, efit: 8","fit: 1, efit: 8",,,,0,0,0,0,1,,
2026-03-07 01:42:50,35,15,15,0,"fit: 1, efit: 7","fit: 1, efit: 7",,,,0,0,0,0,1,,
2026-03-07 01:42:58,35,15,15,0,"fit: 1, efit: 6","fit: 1, efit: 6",,,,0,0,0,0,1,,
2026-03-07 06:31:36,35,15,15,0,"fit: 1, efit: 5","fit: 1, efit: 5",,,,0,0,0,0,1,,
2026-03-07 08:19:21,35,15,15,0,"fit: 1, efit: 6","fit: 1, efit: 6",,,,0,0,0,0,1,,
2026-03-07 08:28:55,35,15,15,0,"fit: 1, efit: 5","fit: 1, efit: 5",,,,0,0,0,0,1,,
2026-03-07 08:48:58,35,15,15,0,"fit: 2, efit: 5","fit: 2, efit: 5",,,,0,0,0,0,1,,
2026-03-07 08:49:28,35,15,15,0,"fit: 2, efit: 4","fit: 2, efit: 4",,,,0,0,0,0,1,,
2026-03-07 10:47:18,35,15,15,0,"fit: 2, efit: 3","fit: 2, efit: 3",,,,0,0,0,0,1,,
2026-03-07 10:57:20,35,15,15,0,"fit: 2, efit: 4","fit: 2, efit: 4",,,,0,0,0,0,1,,
2026-03-07 11:32:25,35,15,15,0,"fit: 2, efit: 3","fit: 2, efit: 3",,,,0,0,0,0,1,,
2026-03-07 11:34:22,35,15,15,0,fit: 1,fit: 1,,,,0,0,0,0,1,,
2026-03-07 11:35:08,35,15,15,0,fit: 2,fit: 2,,,,0,0,0,0,1,,
2026-03-07 11:37:26,35,15,15,0,fit: 1,fit: 1,,,,0,0,0,0,1,,
2026-03-07 11:39:23,35,15,15,0,fit: 2,fit: 2,,,,0,0,0,0,1,,
2026-03-07 11:40:09,35,15,15,0,fit: 1,fit: 1,,,,0,0,0,0,1,,
2026-03-07 12:29:31,35,15,15,0,,,,,,0,0,0,0,1,,
2026-03-07 13:39:41,35,15,15,0,fit: 1,fit: 1,,,,0,0,0,0,1,,
2026-03-07 13:59:44,35,15,15,0,"fit: 1, efit: 1","fit: 1, efit: 1",,,,0,0,0,0,1,,
2026-03-07 14:00:42,35,15,15,0,fit: 1,fit: 1,,,,0,0,0,0,1,,
2026-03-07 14:20:47,35,15,15,0,"fit: 1, efit: 2","fit: 1, efit: 2",,,,0,0,0,0,1,,
2026-03-07 14:39:50,35,15,15,0,"fit: 1, efit: 3","fit: 1, efit: 3",,,,0,0,0,0,1,,
2026-03-07 14:57:59,35,15,15,0,"fit: 1, efit: 2","fit: 1, efit: 2",,,,0,0,0,0,1,,
2026-03-07 15:23:04,35,15,15,0,"fit: 1, efit: 3","fit: 1, efit: 3",,,,0,0,0,0,1,,
2026-03-07 15:50:01,35,15,15,0,"fit: 1, efit: 2","fit: 1, efit: 2",,,,0,0,0,0,1,,
2026-03-07 19:03:40,35,15,15,0,"fit: 1, efit: 3","fit: 1, efit: 3",,,,0,0,0,0,1,,
2026-03-07 19:48:48,35,15,15,0,"fit: 1, efit: 4","fit: 1, efit: 4",,,,0,0,0,0,1,,
2026-03-07 20:25:42,35,15,15,0,"fit: 1, efit: 5","fit: 1, efit: 5",,,,0,0,0,0,1,,
2026-03-07 21:35:53,35,15,15,0,"fit: 3, efit: 5","fit: 3, efit: 5",,,,0,0,0,0,1,,
2026-03-07 23:11:07,35,15,15,0,"fit: 3, efit: 4","fit: 3, efit: 4",,,,0,0,0,0,1,,
2026-03-08 00:01:14,35,15,15,0,"fit: 4, efit: 4","fit: 4, efit: 4",,,,0,0,0,0,1,,
2026-03-08 07:40:36,35,15,15,0,"fit: 4, efit: 5","fit: 4, efit: 5",,,,0,0,0,0,1,,
2026-03-08 08:59:59,35,15,15,0,"fit: 4, efit: 4","fit: 4, efit: 4",,,,0,0,0,0,1,,
2026-03-08 11:30:36,35,15,15,0,"fit: 4, efit: 3","fit: 4, efit: 3",,,,0,0,0,0,1,,
2026-03-08 12:42:57,35,15,15,0,"fit: 4, efit: 5","fit: 4, efit: 5",,,,0,0,0,0,1,,
2026-03-08 13:11:00,35,15,15,0,"fit: 4, efit: 4","fit: 4, efit: 4",,,,0,0,0,0,1,,
2026-03-08 14:21:17,35,15,15,0,"fit: 4, efit: 2","fit: 4, efit: 2",,,,0,0,0,0,1,,
2026-03-08 15:31:34,35,15,15,0,"fit: 4, efit: 3","fit: 4, efit: 3",,,,0,0,0,0,1,,
2026-03-08 16:06:42,35,15,15,0,"fit: 4, efit: 2","fit: 4, efit: 2",,,,0,0,0,0,1,,
2026-03-08 16:07:01,35,15,15,0,"fit: 4, efit: 3","fit: 4, efit: 3",,,,0,0,0,0,1,,
2026-03-08 16:08:28,35,15,15,0,"fit: 4, efit: 1","fit: 4, efit: 1",,,,0,0,0,0,1,,
2026-03-08 16:13:29,35,15,15,0,"fit: 4, efit: 3","fit: 4, efit: 3",,,,0,0,0,0,1,,
2026-03-08 17:06:56,35,15,15,0,"fit: 4, efit: 2","fit: 4, efit: 2",,,,0,0,0,0,1,,
2026-03-09 00:03:16,35,15,15,0,"fit: 4, efit: 3","fit: 4, efit: 3",,,,0,0,0,0,1,,
2026-03-09 00:04:38,35,15,15,0,"fit: 4, efit: 4","fit: 4, efit: 3",,,,0,0,0,0,1,,
2026-03-09 00:48:24,35,15,15,0,"fit: 4, efit: 4","fit: 4, efit: 4",,,,0,0,0,0,1,,
2026-03-09 15:15:50,35,15,15,0,"fit: 4, efit: 6","fit: 4, efit: 6",,,,0,0,0,0,1,,
2026-03-09 16:01:58,35,15,15,0,"fit: 4, efit: 5","fit: 4, efit: 5",,,,0,0,0,0,1,,
2026-03-09 17:08:48,35,15,15,0,"fit: 4, efit: 6","fit: 4, efit: 6",,,,0,0,0,0,1,,
2026-03-09 17:31:13,35,15,15,0,"fit: 4, efit: 5","fit: 4, efit: 5",,,,0,0,0,0,1,,
2026-03-09 19:21:31,35,15,15,0,"fit: 5, efit: 6","fit: 5, efit: 6",,,,0,0,0,0,1,,
2026-03-09 19:22:28,35,15,15,0,"fit: 5, efit: 7","fit: 5, efit: 7",,,,0,0,0,0,1,,
2026-03-09 19:37:30,35,15,15,0,"fit: 5, efit: 8","fit: 5, efit: 8",,,,0,0,0,0,1,,
2026-03-09 19:39:09,35,15,15,0,"fit: 5, efit: 10","fit: 5, efit: 10",,,,0,0,0,0,1,,
2026-03-09 19:57:33,35,15,15,0,"fit: 5, efit: 8","fit: 5, efit: 8",,,,0,0,0,0,1,,
2026-03-09 19:59:12,35,15,15,0,"fit: 5, efit: 10","fit: 5, efit: 10",,,,0,0,0,0,1,,
2026-03-09 20:01:38,35,15,15,0,"fit: 5, efit: 8","fit: 5, efit: 8",,,,0,0,0,0,1,,
2026-03-09 20:04:12,35,15,15,0,"fit: 5, efit: 7","fit: 5, efit: 7",,,,0,0,0,0,1,,
2026-03-09 20:59:20,35,15,15,0,"fit: 5, efit: 9","fit: 5, efit: 9",,,,0,0,0,0,1,,
2026-03-09 21:01:48,35,15,15,0,"fit: 3, efit: 9","fit: 3, efit: 9",,,,0,0,0,0,1,,
2026-03-09 21:51:56,35,15,15,0,"fit: 2, efit: 8","fit: 2, efit: 8",,,,0,0,0,0,1,,
2026-03-10 00:02:17,35,15,15,0,"fit: 2, efit: 8","fit: 2, efit: 8",,,,0,0,0,0,1,,
2026-03-10 06:03:16,35,15,15,0,"fit: 2, efit: 7","fit: 2, efit: 7",,,,0,0,0,0,1,,
2026-03-10 06:38:22,35,15,15,0,"fit: 2, efit: 6","fit: 2, efit: 6",,,,0,0,0,0,1,,
2026-03-10 07:23:29,35,15,15,0,"fit: 2, efit: 5","fit: 2, efit: 5",,,,0,0,0,0,1,,
2026-03-10 08:05:47,35,15,15,0,"fit: 2, efit: 4","fit: 2, efit: 4",,,,0,0,0,0,1,,
2026-03-10 08:48:43,35,15,15,0,"fit: 2, efit: 3","fit: 2, efit: 3",,,,0,0,0,0,1,,
2026-03-10 10:54:05,35,15,15,0,"fit: 3, efit: 3","fit: 3, efit: 3",,,,0,0,0,0,1,,
2026-03-10 11:51:18,35,15,15,0,"fit: 3, efit: 2","fit: 3, efit: 2",,,,0,0,0,0,1,,
2026-03-10 12:09:17,35,15,15,0,"fit: 3, efit: 1","fit: 3, efit: 1",,,,0,0,0,0,1,,
2026-03-10 14:14:37,35,15,15,0,"fit: 3, efit: 2","fit: 3, efit: 2",,,,0,0,0,0,1,,
2026-03-10 14:50:17,35,15,15,0,"fit: 3, efit: 3","fit: 3, efit: 3",,,,0,0,0,0,1,,
2026-03-10 16:04:56,35,15,15,0,"fit: 3, efit: 4","fit: 3, efit: 4",,,,0,0,0,0,1,,
2026-03-10 17:22:03,35,15,15,0,"fit: 3, efit: 5","fit: 3, efit: 5",,,,0,0,0,0,1,,
2026-03-10 17:45:14,35,15,15,0,"fit: 3, efit: 6","fit: 3, efit: 6",,,,0,0,0,0,1,,
2026-03-10 18:00:46,35,15,15,0,"fit: 3, efit: 7","fit: 3, efit: 7",,,,0,0,0,0,1,,
2026-03-10 18:05:17,35,15,15,0,"fit: 3, efit: 8","fit: 3, efit: 8",,,,0,0,0,0,1,,
2026-03-10 18:15:19,35,15,15,0,"fit: 3, efit: 7","fit: 3, efit: 7",,,,0,0,0,0,1,,
2026-03-10 19:05:55,35,15,15,0,"fit: 3, efit: 6","fit: 3, efit: 6",,,,0,0,0,0,1,,
2026-03-11 00:01:17,35,15,15,0,"fit: 3, efit: 6","fit: 3, efit: 6",,,,0,0,0,0,1,,
2026-03-11 05:52:14,35,15,15,0,"fit: 3, efit: 7","fit: 3, efit: 7",,,,0,0,0,0,1,,
2026-03-11 07:42:32,35,15,15,0,"fit: 3, efit: 6","fit: 3, efit: 6",,,,0,0,0,0,1,,
2026-03-11 08:22:39,35,15,15,0,"fit: 3, efit: 5","fit: 3, efit: 5",,,,0,0,0,0,1,,
2026-03-11 08:52:44,35,15,15,0,"fit: 3, efit: 6","fit: 3, efit: 6",,,,0,0,0,0,1,,
2026-03-11 09:22:49,35,15,15,0,"fit: 3, efit: 5","fit: 3, efit: 5",,,,0,0,0,0,1,,
2026-03-11 09:22:58,35,15,15,0,"fit: 3, efit: 4","fit: 3, efit: 4",,,,0,0,0,0,1,,
2026-03-11 13:13:26,35,15,15,0,"fit: 3, efit: 5","fit: 3, efit: 5",,,,0,0,0,0,1,,
2026-03-11 16:59:01,35,15,15,0,"fit: 3, efit: 6","fit: 3, efit: 6",,,,0,0,0,0,1,,
2026-03-11 17:39:04,35,15,15,0,"fit: 3, efit: 5","fit: 3, efit: 5",,,,0,0,0,0,1,,
2026-03-11 20:20:41,35,15,15,0,"fit: 3, efit: 4","fit: 3, efit: 4",,,,0,0,0,0,1,,
2026-03-11 20:25:41,35,15,15,0,"fit: 3, efit: 5","fit: 3, efit: 5",,,,0,0,0,0,1,,
2026-03-12 00:00:05,35,15,15,0,"fit: 3, efit: 5","fit: 3, efit: 5",,,,0,0,0,0,1,,
2026-03-12 06:40:56,35,15,15,0,"fit: 3, efit: 4","fit: 3, efit: 4",,,,0,0,0,0,1,,
2026-03-12 06:47:04,35,15,15,0,"fit: 3, efit: 3","fit: 3, efit: 3",,,,0,0,0,0,1,,
2026-03-12 09:26:20,35,15,15,1,"fit: 3, efit: 3","fit: 3, efit: 3",,,,0,0,0,0,1,,
2026-03-12 09:56:24,35,15,15,0,"fit: 3, efit: 3","fit: 3, efit: 3",,,,0,0,0,0,1,,
2026-03-12 11:06:34,35,15,15,0,"fit: 3, efit: 4","fit: 3, efit: 4",,,,0,0,0,0,1,,
2026-03-12 12:11:44,35,15,15,0,"fit: 3, efit: 5","fit: 3, efit: 5",,,,0,0,0,0,1,,
2026-03-12 12:16:44,35,15,15,0,"fit: 3, efit: 4","fit: 3, efit: 4",,,,0,0,0,0,1,,
2026-03-12 13:32:18,35,15,15,0,"fit: 3, efit: 3","fit: 3, efit: 3",,,,0,0,0,0,1,,
2026-03-12 15:02:08,35,15,15,0,"fit: 3, efit: 4","fit: 3, efit: 4",,,,0,0,0,0,1,,
2026-03-12 15:37:13,35,15,15,0,"fit: 3, efit: 3","fit: 3, efit: 3",,,,0,0,0,0,1,,
2026-03-12 16:13:20,35,15,15,0,"fit: 3, efit: 4","fit: 3, efit: 4",,,,0,0,0,0,1,,
2026-03-12 20:58:31,35,15,15,0,"fit: 3, efit: 3","fit: 3, efit: 3",,,,0,0,0,0,1,,
2026-03-13 00:03:27,35,15,15,0,"fit: 3, efit: 3","fit: 3, efit: 3",,,,0,0,0,0,1,,
2026-03-13 05:04:51,35,15,15,1,"fit: 3, efit: 3","fit: 3, efit: 3",,,,0,0,0,0,1,,
2026-03-13 05:34:55,35,15,15,0,"fit: 3, efit: 3","fit: 3, efit: 3",,,,0,0,0,0,1,,
2026-03-13 07:05:12,35,15,15,1,"fit: 3, efit: 3","fit: 3, efit: 3",,,,0,0,0,0,1,,
2026-03-13 07:35:25,35,15,15,0,"fit: 3, efit: 3","fit: 3, efit: 3",,,,0,0,0,0,1,,
2026-03-13 09:10:32,35,15,15,0,"fit: 3, efit: 4","fit: 3, efit: 4",,,,0,0,0,0,1,,
2026-03-13 09:29:48,35,15,15,0,"fit: 2, efit: 4","fit: 2, efit: 4",,,,0,0,0,0,1,,
2026-03-13 11:40:08,35,15,15,1,"fit: 2, efit: 4","fit: 2, efit: 4",,,,0,0,0,0,1,,
2026-03-13 11:55:10,35,15,15,1,"fit: 2, efit: 3","fit: 2, efit: 3",,,,0,0,0,0,1,,
2026-03-13 12:10:12,35,15,15,0,"fit: 2, efit: 3","fit: 2, efit: 3",,,,0,0,0,0,1,,
2026-03-13 13:00:19,35,15,15,0,efit: 2,efit: 2,,,,0,0,0,0,1,,
2026-03-13 13:01:06,35,15,15,0,efit: 1,efit: 1,,,,0,0,0,0,1,,
2026-03-13 14:50:35,35,15,15,0,efit: 5,efit: 5,,,,0,0,0,0,1,,
2026-03-13 15:25:40,35,15,15,0,efit: 10,efit: 9,,,,0,0,0,0,1,,
2026-03-13 16:40:51,35,15,15,0,efit: 10,efit: 10,,,,0,0,0,0,1,,
2026-03-13 16:45:52,35,15,15,0,"fit: 1, efit: 12","fit: 1, efit: 12",,,,0,0,0,0,1,,
2026-03-13 17:05:55,35,15,15,0,"fit: 1, efit: 10","fit: 1, efit: 10",,,,0,0,0,0,1,,
2026-03-13 17:10:56,35,15,15,0,"fit: 1, efit: 9","fit: 1, efit: 9",,,,0,0,0,0,1,,
2026-03-13 17:25:58,35,15,15,0,"fit: 1, efit: 7","fit: 1, efit: 7",,,,0,0,0,0,1,,
2026-03-13 19:26:57,35,15,15,0,"fit: 1, efit: 6","fit: 1, efit: 6",,,,0,0,0,0,1,,
2026-03-13 20:16:23,35,15,15,0,"fit: 1, efit: 9","fit: 1, efit: 9",,,,0,0,0,0,1,,
2026-03-14 00:01:55,35,15,15,0,"fit: 1, efit: 9","fit: 1, efit: 9",,,,0,0,0,0,1,,
2026-03-14 03:17:23,35,15,15,1,"fit: 1, efit: 9","fit: 1, efit: 9",,,,0,0,0,0,1,,
2026-03-14 03:47:27,35,15,15,0,"fit: 1, efit: 9","fit: 1, efit: 9",,,,0,0,0,0,1,,
2026-03-14 06:33:59,35,15,15,0,"fit: 1, efit: 8","fit: 1, efit: 8",,,,0,0,0,0,1,,
2026-03-14 07:58:03,35,15,15,0,"fit: 1, efit: 8","fit: 1, efit: 7",efit: 1,,,0,0,0,0,1,,
2026-03-14 08:13:05,35,15,15,0,"fit: 1, efit: 9","fit: 1, efit: 8",efit: 1,,,0,0,0,0,1,,
2026-03-14 09:43:18,35,15,15,0,"fit: 1, efit: 8","fit: 1, efit: 7",efit: 1,,,0,0,0,0,1,,
2026-03-14 10:23:58,35,15,15,0,"fit: 1, efit: 7","fit: 1, efit: 6",efit: 1,,,0,0,0,0,1,,
2026-03-14 10:58:28,35,15,15,0,"fit: 1, efit: 8","fit: 1, efit: 7",efit: 1,,,0,0,0,0,1,,
2026-03-14 11:48:35,35,15,15,1,"fit: 1, efit: 8","fit: 1, efit: 7",efit: 1,,,0,0,0,0,1,,
2026-03-14 12:08:39,35,15,15,1,"fit: 1, efit: 7","fit: 1, efit: 6",efit: 1,,,0,0,0,0,1,,
2026-03-14 12:19:14,35,15,15,0,"fit: 1, efit: 7","fit: 1, efit: 6",efit: 1,,,0,0,0,0,1,,
2026-03-14 12:53:45,35,15,15,0,"fit: 1, efit: 6","fit: 1, efit: 5",efit: 1,,,0,0,0,0,1,,
2026-03-14 13:03:46,35,15,15,0,"fit: 1, efit: 7","fit: 1, efit: 6",efit: 1,,,0,0,0,0,1,,
2026-03-14 13:33:51,35,15,15,0,"fit: 1, efit: 6","fit: 1, efit: 5",efit: 1,,,0,0,0,0,1,,
2026-03-14 13:48:53,35,15,15,0,"fit: 1, efit: 7","fit: 1, efit: 6",efit: 1,,,0,0,0,0,1,,
2026-03-14 14:13:57,35,15,15,0,"fit: 1, efit: 6","fit: 1, efit: 6",,,,0,0,0,0,1,,
2026-03-14 14:19:31,35,15,15,0,"fit: 2, efit: 7","fit: 2, efit: 7",,,,0,0,0,0,1,,
2026-03-14 15:00:21,35,15,15,0,"fit: 2, efit: 9","fit: 2, efit: 9",,,,0,0,0,0,1,,
2026-03-14 15:09:05,35,15,15,0,"fit: 2, efit: 10","fit: 2, efit: 10",,,,0,0,0,0,1,,
2026-03-14 15:29:08,35,15,15,0,"fit: 2, efit: 9","fit: 2, efit: 9",,,,0,0,0,0,1,,
2026-03-14 15:44:10,35,15,15,0,"fit: 2, efit: 8","fit: 2, efit: 8",,,,0,0,0,0,1,,
2026-03-14 17:50:01,35,15,15,0,"fit: 2, efit: 9","fit: 2, efit: 9",,,,0,0,0,0,1,,
2026-03-14 17:54:29,35,15,15,1,"fit: 2, efit: 10","fit: 2, efit: 10",,,,0,0,0,0,1,,
2026-03-14 17:59:30,35,15,15,1,"fit: 2, efit: 8","fit: 2, efit: 8",,,,0,0,0,0,1,,
2026-03-14 18:00:52,35,15,15,1,"fit: 2, efit: 9","fit: 2, efit: 9",,,,0,0,0,0,1,,
2026-03-14 18:24:34,35,15,15,0,"fit: 2, efit: 7","fit: 2, efit: 7",,,,0,0,0,0,1,,
2026-03-14 18:34:35,35,15,15,0,"fit: 2, efit: 6","fit: 2, efit: 6",,,,0,0,0,0,1,,
2026-03-14 18:44:37,35,15,15,0,"fit: 2, efit: 5","fit: 2, efit: 5",,,,0,0,0,0,1,,
2026-03-14 20:04:49,35,15,15,0,"fit: 2, efit: 4","fit: 2, efit: 4",,,,0,0,0,0,1,,
2026-03-14 21:09:58,35,15,15,0,"fit: 2, efit: 5","fit: 2, efit: 5",,,,0,0,0,0,1,,
2026-03-14 22:41:38,35,15,15,0,"fit: 2, efit: 4","fit: 2, efit: 4",,,,0,0,0,0,1,,
2026-03-15 00:00:24,35,15,15,0,"fit: 2, efit: 4","fit: 2, efit: 4",,,,0,0,0,0,1,,
2026-03-15 00:46:59,35,15,15,0,"fit: 2, efit: 3","fit: 2, efit: 3",,,,0,0,0,0,1,,
2026-03-15 09:01:41,35,15,15,0,"fit: 2, efit: 2","fit: 2, efit: 2",,,,0,0,0,0,1,,
2026-03-15 09:31:45,35,15,15,0,"fit: 2, efit: 3","fit: 2, efit: 3",,,,0,0,0,0,1,,
2026-03-15 11:01:59,35,15,15,0,"fit: 2, efit: 4","fit: 2, efit: 4",,,,0,0,0,0,1,,
2026-03-15 11:06:59,35,15,15,0,"fit: 2, efit: 6","fit: 2, efit: 6",,,,0,0,0,0,1,,
2026-03-15 11:17:01,35,15,15,0,"fit: 2, efit: 5","fit: 2, efit: 5",,,,0,0,0,0,1,,
2026-03-15 11:17:28,35,15,15,0,"fit: 2, efit: 4","fit: 2, efit: 4",,,,0,0,0,0,1,,
2026-03-15 12:37:12,35,15,15,0,"fit: 2, efit: 5","fit: 2, efit: 5",,,,0,0,0,0,1,,
2026-03-15 14:02:25,35,15,15,0,"fit: 3, efit: 5","fit: 3, efit: 5",,,,0,0,0,0,1,,
2026-03-15 14:02:52,35,15,15,0,"fit: 3, efit: 4","fit: 3, efit: 4",,,,0,0,0,0,1,,
2026-03-15 14:04:09,35,15,15,0,"fit: 3, efit: 5","fit: 3, efit: 5",,,,0,0,0,0,1,,
2026-03-15 14:07:26,35,15,15,0,"fit: 2, efit: 4","fit: 2, efit: 4",,,,0,0,0,0,1,,
2026-03-15 14:12:26,35,15,15,0,"fit: 2, efit: 3","fit: 2, efit: 3",,,,0,0,0,0,1,,
2026-03-15 14:37:30,35,15,15,0,"fit: 3, efit: 3","fit: 3, efit: 3",,,,0,0,0,0,1,,
2026-03-15 14:42:31,35,15,15,0,"fit: 3, efit: 2","fit: 3, efit: 2",,,,0,0,0,0,1,,
2026-03-15 16:32:47,35,15,15,0,"fit: 3, efit: 3","fit: 3, efit: 3",,,,0,0,0,0,1,,
2026-03-15 16:47:49,35,15,15,0,"fit: 3, efit: 2","fit: 3, efit: 2",,,,0,0,0,0,1,,
2026-03-15 18:43:07,35,15,15,0,"fit: 3, efit: 3","fit: 3, efit: 3",,,,0,0,0,0,1,,
2026-03-15 18:48:07,35,15,15,0,"fit: 3, efit: 2","fit: 3, efit: 2",,,,0,0,0,0,1,,
2026-03-15 19:33:14,35,15,15,0,"fit: 3, efit: 3","fit: 3, efit: 3",,,,0,0,0,0,1,,
2026-03-16 00:00:47,35,15,15,0,"fit: 3, efit: 3","fit: 3, efit: 3",,,,0,0,0,0,1,,
2026-03-16 06:44:51,35,15,15,0,"fit: 3, efit: 4","fit: 3, efit: 4",,,,0,0,0,0,1,,
2026-03-16 06:51:55,35,15,15,0,"fit: 3, efit: 3","fit: 3, efit: 3",,,,0,0,0,0,1,,
2026-03-16 08:00:02,35,15,15,0,"fit: 3, efit: 4","fit: 3, efit: 4",,,,0,0,0,0,1,,
2026-03-16 08:15:27,35,15,15,0,"fit: 3, efit: 5","fit: 3, efit: 5",,,,0,0,0,0,1,,
2026-03-16 12:57:35,35,15,15,0,"fit: 3, efit: 6","fit: 3, efit: 6",,,,0,0,0,0,1,,
2026-03-16 13:42:42,35,15,15,0,"fit: 3, efit: 5","fit: 3, efit: 5",,,,0,0,0,0,1,,
2026-03-16 14:42:51,35,15,15,0,"fit: 3, efit: 6","fit: 3, efit: 6",,,,0,0,0,0,1,,
2026-03-16 15:15:39,35,15,15,0,"fit: 3, efit: 5","fit: 3, efit: 5",,,,0,0,0,0,1,,
2026-03-17 00:02:17,35,15,15,0,"fit: 3, efit: 5","fit: 3, efit: 5",,,,0,0,0,0,1,,
2026-03-17 02:48:29,35,15,15,1,"fit: 3, efit: 5","fit: 3, efit: 5",,,,0,0,0,0,1,,
2026-03-17 03:48:43,35,15,15,0,"fit: 3, efit: 5","fit: 3, efit: 5",,,,0,0,0,0,1,,
2026-03-17 07:59:42,35,15,15,0,"fit: 2, efit: 5","fit: 2, efit: 5",,,,0,0,0,0,1,,
2026-03-17 16:24:35,35,15,15,1,"fit: 2, efit: 5","fit: 2, efit: 5",,,,0,0,0,0,1,,
2026-03-17 16:56:53,35,15,15,0,"fit: 2, efit: 5","fit: 2, efit: 5",,,,0,0,0,0,1,,
2026-03-17 17:16:57,35,15,15,0,"fit: 3, efit: 5","fit: 3, efit: 5",,,,0,0,0,0,1,,
2026-03-17 17:49:47,35,15,15,0,"fit: 3, efit: 6","fit: 3, efit: 6",,,,0,0,0,0,1,,
2026-03-17 18:57:16,35,15,15,0,"fit: 3, efit: 7","fit: 3, efit: 7",,,,0,0,0,0,1,,
2026-03-17 19:22:20,35,15,15,0,"fit: 3, efit: 8","fit: 3, efit: 8",,,,0,0,0,0,1,,
2026-03-17 20:42:36,35,15,15,0,"fit: 3, efit: 9","fit: 3, efit: 9",,,,0,0,0,0,1,,
2026-03-17 21:12:39,35,15,15,0,"fit: 3, efit: 8","fit: 3, efit: 8",,,,0,0,0,0,1,,
2026-03-17 21:37:42,35,15,15,0,"fit: 3, efit: 7","fit: 3, efit: 7",,,,0,0,0,0,1,,
2026-03-18 00:00:40,35,15,15,0,"fit: 3, efit: 7","fit: 3, efit: 7",,,,0,0,0,0,1,,
2026-03-18 03:31:10,35,15,15,1,"fit: 3, efit: 7","fit: 3, efit: 7",,,,0,0,0,0,1,,
2026-03-18 04:01:14,35,15,15,0,"fit: 3, efit: 7","fit: 3, efit: 7",,,,0,0,0,0,1,,
2026-03-18 07:01:39,35,15,15,1,"fit: 3, efit: 7","fit: 3, efit: 7",,,,0,0,0,0,1,,
2026-03-18 07:29:15,35,15,15,1,"fit: 3, efit: 6","fit: 3, efit: 6",,,,0,0,0,0,1,,
2026-03-18 07:31:44,35,15,15,0,"fit: 3, efit: 6","fit: 3, efit: 6",,,,0,0,0,0,1,,
2026-03-18 08:19:23,35,15,15,0,"fit: 3, efit: 7","fit: 3, efit: 7",,,,0,0,0,0,1,,
2026-03-18 09:24:33,35,15,15,0,"fit: 3, efit: 6","fit: 3, efit: 6",,,,0,0,0,0,1,,
2026-03-18 13:35:15,35,15,15,0,"fit: 3, efit: 7","fit: 3, efit: 7",,,,0,0,0,0,1,,
2026-03-18 14:35:25,35,15,15,1,"fit: 3, efit: 7","fit: 3, efit: 7",,,,0,0,0,0,1,,
2026-03-18 15:05:30,35,15,15,0,"fit: 3, efit: 7","fit: 3, efit: 7",,,,0,0,0,0,1,,
2026-03-18 15:45:36,35,15,15,0,"fit: 3, efit: 8","fit: 3, efit: 8",,,,0,0,0,0,1,,
2026-03-18 16:00:39,35,15,15,0,"fit: 3, efit: 8","fit: 3, efit: 7",,,,0,0,0,0,1,,
2026-03-18 16:01:11,35,15,15,0,"fit: 3, efit: 8","fit: 3, efit: 8",,,,0,0,0,0,1,,
2026-03-18 23:41:54,35,15,15,1,"fit: 3, efit: 8","fit: 3, efit: 8",,,,0,0,0,0,1,,
2026-03-19 00:01:57,35,15,15,1,"fit: 3, efit: 8","fit: 3, efit: 8",,,,0,0,0,0,1,,
2026-03-19 00:11:59,35,15,15,0,"fit: 3, efit: 8","fit: 3, efit: 8",,,,0,0,0,0,1,,
2026-03-19 06:12:57,35,15,15,1,"fit: 3, efit: 8","fit: 3, efit: 8",,,,0,0,0,0,1,,
2026-03-19 06:22:59,35,15,15,1,"fit: 3, efit: 7","fit: 3, efit: 7",,,,0,0,0,0,1,,
2026-03-19 06:43:02,35,15,15,0,"fit: 3, efit: 7","fit: 3, efit: 7",,,,0,0,0,0,1,,
2026-03-19 06:43:59,35,15,15,0,"fit: 3, efit: 6","fit: 3, efit: 6",,,,0,0,0,0,1,,
2026-03-19 07:13:07,35,15,15,0,"fit: 3, efit: 7","fit: 3, efit: 7",,,,0,0,0,0,1,,
2026-03-19 07:29:08,35,15,15,0,"fit: 3, efit: 6","fit: 3, efit: 6",,,,0,0,0,0,1,,
2026-03-19 07:48:12,35,15,15,0,"fit: 3, efit: 5","fit: 3, efit: 5",,,,0,0,0,0,1,,
2026-03-19 12:13:56,35,15,15,0,"fit: 3, efit: 4","fit: 3, efit: 4",,,,0,0,0,0,1,,
2026-03-19 12:35:48,35,15,15,0,"fit: 4, efit: 4","fit: 4, efit: 4",,,,0,0,0,0,1,,
2026-03-19 12:39:00,35,15,15,0,"fit: 4, efit: 3","fit: 4, efit: 3",,,,0,0,0,0,1,,
2026-03-19 15:39:30,35,15,15,0,"fit: 4, efit: 4","fit: 4, efit: 4",,,,0,0,0,0,1,,
2026-03-19 16:16:19,35,15,15,0,"fit: 4, efit: 4","fit: 4, efit: 3",efit: 1,,,0,0,0,0,1,,
2026-03-19 16:25:52,35,15,15,0,"fit: 4, efit: 5","fit: 4, efit: 4",efit: 1,,,0,0,0,0,1,,
2026-03-19 16:29:38,35,15,15,0,"fit: 4, efit: 6","fit: 4, efit: 5",efit: 1,,,0,0,0,0,1,,
2026-03-19 16:39:40,35,15,15,0,"fit: 4, efit: 7","fit: 4, efit: 6",efit: 1,,,0,0,0,0,1,,
2026-03-19 16:55:58,35,15,15,0,"fit: 4, efit: 8","fit: 4, efit: 7",efit: 1,,,0,0,0,0,1,,
2026-03-19 17:11:01,35,15,15,0,"fit: 4, efit: 7","fit: 4, efit: 6",efit: 1,,,0,0,0,0,1,,
2026-03-19 17:31:05,35,15,15,0,"fit: 4, efit: 6","fit: 4, efit: 5",efit: 1,,,0,0,0,0,1,,
2026-03-19 18:06:12,35,15,15,0,"fit: 4, efit: 7","fit: 4, efit: 6",efit: 1,,,0,0,0,0,1,,
2026-03-19 18:41:19,35,15,15,0,"fit: 4, efit: 8","fit: 4, efit: 7",efit: 1,,,0,0,0,0,1,,
2026-03-19 18:51:21,35,15,15,0,"fit: 4, efit: 9","fit: 4, efit: 8",efit: 1,,,0,0,0,0,1,,
2026-03-19 18:55:03,35,15,15,0,"fit: 4, efit: 8","fit: 4, efit: 7",efit: 1,,,0,0,0,0,1,,
2026-03-19 19:01:23,35,15,15,0,"fit: 4, efit: 7","fit: 4, efit: 6",efit: 1,,,0,0,0,0,1,,
2026-03-19 21:55:34,35,15,15,0,"fit: 4, efit: 6","fit: 4, efit: 5",efit: 1,,,0,0,0,0,1,,
2026-03-19 22:57:09,35,15,15,0,"fit: 4, efit: 5","fit: 4, efit: 4",efit: 1,,,0,0,0,0,1,,
2026-03-20 00:00:55,35,15,15,0,"fit: 4, efit: 5","fit: 4, efit: 4",efit: 1,,,0,0,0,0,1,,
2026-03-20 08:17:17,35,15,15,0,"fit: 4, efit: 6","fit: 4, efit: 5",efit: 1,,,0,0,0,0,1,,
2026-03-20 10:37:40,35,15,15,0,"fit: 4, efit: 7","fit: 4, efit: 6",efit: 1,,,0,0,0,0,1,,
2026-03-20 12:09:11,35,15,15,0,"fit: 4, efit: 8","fit: 4, efit: 7",efit: 1,,,0,0,0,0,1,,
2026-03-20 13:08:06,35,15,15,0,"fit: 4, efit: 7","fit: 4, efit: 6",efit: 1,,,0,0,0,0,1,,
2026-03-20 13:38:10,35,15,15,0,"fit: 4, efit: 6","fit: 4, efit: 5",efit: 1,,,0,0,0,0,1,,
2026-03-20 13:49:26,35,15,15,0,"fit: 3, efit: 6","fit: 3, efit: 5",efit: 1,,,0,0,0,0,1,,
2026-03-20 13:49:57,35,15,15,0,"fit: 2, efit: 5","fit: 2, efit: 5",,,,0,0,0,0,1,,
2026-03-20 13:53:13,35,15,15,0,efit: 5,efit: 4,,,,0,0,0,0,1,,
2026-03-20 14:28:18,35,15,15,0,efit: 5,efit: 5,,,,0,0,0,0,1,,
2026-03-20 15:39:42,35,15,15,0,efit: 6,efit: 6,,,,0,0,0,0,1,,
2026-03-20 15:58:34,35,15,15,0,efit: 7,efit: 7,,,,0,0,0,0,1,,
2026-03-20 16:40:30,35,15,15,0,efit: 6,efit: 6,,,,0,0,0,0,1,,
2026-03-20 17:58:54,35,15,15,0,efit: 7,efit: 7,,,,0,0,0,0,1,,
2026-03-20 18:25:50,35,15,15,0,"fit: 1, efit: 7","fit: 1, efit: 7",,,,0,0,0,0,1,,
2026-03-20 19:04:05,35,15,15,0,"fit: 1, efit: 6","fit: 1, efit: 6",,,,0,0,0,0,1,,
2026-03-20 19:05:13,35,15,15,0,"fit: 1, efit: 5","fit: 1, efit: 5",,,,0,0,0,0,1,,
2026-03-20 21:06:21,35,15,15,0,"fit: 1, efit: 6","fit: 1, efit: 6",,,,0,0,0,0,1,,
2026-03-20 21:14:27,35,15,15,0,"fit: 1, efit: 7","fit: 1, efit: 7",,,,0,0,0,0,1,,
2026-03-20 22:34:40,35,15,15,0,"fit: 1, efit: 6","fit: 1, efit: 6",,,,0,0,0,0,1,,
2026-03-20 23:09:46,35,15,15,0,"fit: 1, efit: 5","fit: 1, efit: 5",,,,0,0,0,0,1,,
2026-03-20 23:20:51,35,15,15,0,"fit: 1, efit: 4","fit: 1, efit: 4",,,,0,0,0,0,1,,
2026-03-21 00:00:56,35,15,15,0,"fit: 1, efit: 4","fit: 1, efit: 4",,,,0,0,0,0,1,,
2026-03-21 06:31:53,35,15,15,0,"fit: 1, efit: 3","fit: 1, efit: 3",,,,0,0,0,0,1,,
2026-03-21 08:06:14,35,15,15,0,"fit: 1, efit: 4","fit: 1, efit: 4",,,,0,0,0,0,1,,
2026-03-21 09:43:45,35,15,15,0,"fit: 1, efit: 3","fit: 1, efit: 3",,,,0,0,0,0,1,,
2026-03-21 10:18:52,35,15,15,0,"fit: 1, efit: 4","fit: 1, efit: 4",,,,0,0,0,0,1,,
2026-03-21 10:56:42,35,15,15,0,"fit: 1, efit: 5","fit: 1, efit: 5",,,,0,0,0,0,1,,
2026-03-21 11:49:09,35,15,15,0,"fit: 1, efit: 3","fit: 1, efit: 3",,,,0,0,0,0,1,,
2026-03-21 12:11:54,35,15,15,0,"fit: 1, efit: 7","fit: 1, efit: 7",,,,0,0,0,0,1,,
2026-03-21 12:19:15,35,15,15,0,"fit: 1, efit: 6","fit: 1, efit: 6",,,,0,0,0,0,1,,
2026-03-21 12:44:20,35,15,15,0,"fit: 1, efit: 8","fit: 1, efit: 8",,,,0,0,0,0,1,,
2026-03-21 13:27:54,35,15,15,0,"fit: 1, efit: 9","fit: 1, efit: 9",,,,0,0,0,0,1,,
2026-03-21 14:07:59,35,15,15,0,"fit: 2, efit: 9","fit: 2, efit: 9",,,,0,0,0,0,1,,
2026-03-21 14:09:36,35,15,15,0,"fit: 2, efit: 10","fit: 2, efit: 10",,,,0,0,0,0,1,,
2026-03-21 14:47:20,35,15,15,0,"fit: 1, efit: 10","fit: 1, efit: 10",,,,0,0,0,0,1,,
2026-03-21 15:09:48,35,15,15,0,"fit: 1, efit: 9","fit: 1, efit: 9",,,,0,0,0,0,1,,
2026-03-21 16:02:33,35,15,15,0,"fit: 1, efit: 10","fit: 1, efit: 10",,,,0,0,0,0,1,,
2026-03-21 16:07:34,35,15,15,0,"fit: 1, efit: 10","fit: 1, efit: 9",,,,0,0,0,0,1,,
2026-03-21 16:28:20,35,15,15,0,efit: 10,efit: 9,,,,0,0,0,0,1,,
2026-03-21 16:30:04,35,15,15,0,"fit: 1, efit: 10","fit: 1, efit: 9",,,,0,0,0,0,1,,
2026-03-21 16:32:38,35,15,15,0,efit: 10,efit: 9,,,,0,0,0,0,1,,
2026-03-21 16:40:06,35,15,15,0,efit: 10,efit: 10,,,,0,0,0,0,1,,
2026-03-21 17:15:12,35,15,15,0,efit: 9,efit: 9,,,,0,0,0,0,1,,
2026-03-21 17:27:47,35,15,15,0,efit: 10,efit: 10,,,,0,0,0,0,1,,
2026-03-21 17:28:29,35,15,15,0,efit: 9,efit: 9,,,,0,0,0,0,1,,
2026-03-21 17:45:18,35,15,15,0,efit: 10,efit: 10,,,,0,0,0,0,1,,
2026-03-21 17:47:50,35,15,15,0,efit: 12,efit: 12,,,,0,0,0,0,1,,
2026-03-21 17:52:51,35,15,15,0,efit: 15,efit: 15,,,,0,0,0,0,1,,
2026-03-21 17:55:20,35,15,15,0,efit: 14,efit: 14,,,,0,0,0,0,1,,
2026-03-21 17:57:52,35,15,15,0,efit: 12,efit: 12,,,,0,0,0,0,1,,
2026-03-21 18:07:54,35,15,15,0,efit: 11,efit: 11,,,,0,0,0,0,1,,
2026-03-21 18:23:37,35,15,15,0,efit: 12,efit: 12,,,,0,0,0,0,1,,
2026-03-21 18:25:26,35,15,15,0,efit: 11,efit: 11,,,,0,0,0,0,1,,
2026-03-21 18:30:27,35,15,15,0,efit: 12,efit: 12,,,,0,0,0,0,1,,
2026-03-21 18:32:58,35,15,15,0,efit: 11,efit: 11,,,,0,0,0,0,1,,
2026-03-21 18:40:29,35,15,15,0,efit: 12,efit: 12,,,,0,0,0,0,1,,
2026-03-21 18:43:40,35,15,15,0,efit: 10,efit: 10,,,,0,0,0,0,1,,
2026-03-21 19:03:03,35,15,15,0,efit: 9,efit: 9,,,,0,0,0,0,1,,
2026-03-21 19:30:39,35,15,15,0,efit: 11,efit: 11,,,,0,0,0,0,1,,
2026-03-21 19:48:10,35,15,15,0,"fit: 1, efit: 11","fit: 1, efit: 11",,,,0,0,0,0,1,,
2026-03-21 20:10:46,35,15,15,0,"fit: 1, efit: 13","fit: 1, efit: 13",,,,0,0,0,0,1,,
2026-03-21 21:15:59,35,15,15,0,"fit: 1, efit: 12","fit: 1, efit: 12",,,,0,0,0,0,1,,
2026-03-21 21:21:00,35,15,15,0,"fit: 1, efit: 10","fit: 1, efit: 10",,,,0,0,0,0,1,,
2026-03-21 21:38:28,35,15,15,0,"fit: 1, efit: 9","fit: 1, efit: 9",,,,0,0,0,0,1,,
2026-03-21 22:38:38,35,15,15,0,"fit: 1, efit: 8","fit: 1, efit: 8",,,,0,0,0,0,1,,
2026-03-21 23:06:21,35,15,15,0,"fit: 1, efit: 9","fit: 1, efit: 9",,,,0,0,0,0,1,,
2026-03-22 00:01:31,35,15,15,0,"fit: 1, efit: 9","fit: 1, efit: 9",,,,0,0,0,0,1,,
2026-03-22 00:26:36,35,15,15,0,"fit: 1, efit: 8","fit: 1, efit: 8",,,,0,0,0,0,1,,
2026-03-22 08:55:18,35,15,15,0,"fit: 1, efit: 7","fit: 1, efit: 7",,,,0,0,0,0,1,,
2026-03-22 09:38:19,35,15,15,0,"fit: 1, efit: 6","fit: 1, efit: 6",,,,0,0,0,0,1,,
2026-03-22 12:46:17,35,15,15,0,"fit: 1, efit: 8","fit: 1, efit: 8",,,,0,0,0,0,1,,
2026-03-22 14:41:16,35,15,15,0,"fit: 1, efit: 9","fit: 1, efit: 9",,,,0,0,0,0,1,,
2026-03-22 14:41:34,35,15,15,0,"fit: 1, efit: 8","fit: 1, efit: 8",,,,0,0,0,0,1,,
2026-03-22 15:04:22,35,15,15,0,"fit: 1, efit: 6","fit: 1, efit: 6",,,,0,0,0,0,1,,
2026-03-22 15:19:25,35,15,15,0,"fit: 1, efit: 7","fit: 1, efit: 7",,,,0,0,0,0,1,,
2026-03-22 15:34:28,35,15,15,0,"fit: 2, efit: 7","fit: 2, efit: 7",,,,0,0,0,0,1,,
2026-03-22 15:49:31,35,15,15,0,"fit: 2, efit: 9","fit: 2, efit: 9",,,,0,0,0,0,1,,
2026-03-22 16:09:35,35,15,15,0,"fit: 6, efit: 9","fit: 6, efit: 9",,,,0,0,0,0,1,,
2026-03-22 19:37:05,35,15,15,0,"fit: 6, efit: 8","fit: 6, efit: 8",,,,0,0,0,0,1,,
2026-03-23 00:01:05,35,15,15,0,"fit: 6, efit: 8","fit: 6, efit: 8",,,,0,0,0,0,1,,
2026-03-23 06:43:48,35,15,15,0,"fit: 6, efit: 7","fit: 6, efit: 7",,,,0,0,0,0,1,,
2026-03-23 07:27:29,35,15,15,0,"fit: 6, efit: 6","fit: 6, efit: 6",,,,0,0,0,0,1,,
2026-03-23 08:17:39,35,15,15,0,"fit: 6, efit: 5","fit: 6, efit: 5",,,,0,0,0,0,1,,
2026-03-23 09:17:53,35,15,15,0,"fit: 6, efit: 4","fit: 6, efit: 4",,,,0,0,0,0,1,,
2026-03-23 09:22:54,35,15,15,0,"fit: 6, efit: 3","fit: 6, efit: 3",,,,0,0,0,0,1,,
2026-03-23 10:43:10,35,15,15,0,"fit: 6, efit: 2","fit: 6, efit: 2",,,,0,0,0,0,1,,
2026-03-23 11:28:19,35,15,15,0,"fit: 6, efit: 1","fit: 6, efit: 1",,,,0,0,0,0,1,,
2026-03-23 12:14:42,35,15,15,0,"fit: 6, efit: 2","fit: 6, efit: 2",,,,0,0,0,0,1,,
2026-03-23 14:38:56,35,15,15,0,"fit: 6, efit: 1","fit: 6, efit: 1",,,,0,0,0,0,1,,
2026-03-23 15:14:03,35,15,15,0,"fit: 6, efit: 2","fit: 6, efit: 2",,,,0,0,0,0,1,,
2026-03-23 16:49:21,35,15,15,0,"fit: 6, efit: 3","fit: 6, efit: 3",,,,0,0,0,0,1,,
2026-03-23 18:45:49,35,15,15,0,"fit: 6, efit: 4","fit: 6, efit: 4",,,,0,0,0,0,1,,
2026-03-23 20:45:07,35,15,15,0,"fit: 6, efit: 3","fit: 6, efit: 3",,,,0,0,0,0,1,,
2026-03-24 00:00:45,35,15,15,0,"fit: 6, efit: 3","fit: 6, efit: 3",,,,0,0,0,0,1,,
2026-03-24 07:32:11,35,15,15,0,"fit: 6, efit: 2","fit: 6, efit: 2",,,,0,0,0,0,1,,
2026-03-24 08:48:08,35,15,15,0,"fit: 6, efit: 1","fit: 6, efit: 1",,,,0,0,0,0,1,,
2026-03-24 12:01:23,35,15,15,0,"fit: 6, efit: 2","fit: 6, efit: 1",,,,0,0,0,0,1,,
2026-03-24 12:15:58,35,15,15,0,"fit: 6, efit: 2","fit: 6, efit: 2",,,,0,0,0,0,1,,
2026-03-24 12:41:02,35,15,15,0,"fit: 6, efit: 1","fit: 6, efit: 1",,,,0,0,0,0,1,,
2026-03-24 12:51:04,35,15,15,0,"fit: 6, efit: 2","fit: 6, efit: 2",,,,0,0,0,0,1,,
2026-03-24 13:21:09,35,15,15,0,"fit: 6, efit: 1","fit: 6, efit: 1",,,,0,0,0,0,1,,
2026-03-24 13:36:12,35,15,15,0,"fit: 6, efit: 2","fit: 6, efit: 2",,,,0,0,0,0,1,,
2026-03-24 14:21:20,35,15,15,0,"fit: 6, efit: 3","fit: 6, efit: 3",,,,0,0,0,0,1,,
2026-03-24 15:16:29,35,15,15,0,"fit: 6, efit: 4","fit: 6, efit: 4",,,,0,0,0,0,1,,
2026-03-24 16:31:43,35,15,15,0,"fit: 6, efit: 5","fit: 6, efit: 5",,,,0,0,0,0,1,,
2026-03-24 16:57:40,35,15,15,0,"fit: 6, efit: 6","fit: 6, efit: 6",,,,0,0,0,0,1,,
2026-03-24 17:01:48,35,15,15,0,"fit: 6, efit: 5","fit: 6, efit: 5",,,,0,0,0,0,1,,
2026-03-24 17:26:52,35,15,15,0,"fit: 6, efit: 4","fit: 6, efit: 4",,,,0,0,0,0,1,,
2026-03-24 17:27:46,35,15,15,0,"fit: 6, efit: 5","fit: 6, efit: 5",,,,0,0,0,0,1,,
2026-03-24 19:03:05,35,15,15,0,"fit: 6, efit: 4","fit: 6, efit: 4",,,,0,0,0,0,1,,
2026-03-24 19:07:10,35,15,15,0,"fit: 6, efit: 3","fit: 6, efit: 3",,,,0,0,0,0,1,,
2026-03-25 00:00:14,35,15,15,0,"fit: 6, efit: 3","fit: 6, efit: 3",,,,0,0,0,0,1,,
2026-03-25 08:31:30,35,15,15,0,"fit: 6, efit: 4","fit: 6, efit: 4",,,,0,0,0,0,1,,
2026-03-25 10:51:51,35,15,15,0,"fit: 6, efit: 5","fit: 6, efit: 5",,,,0,0,0,0,1,,
2026-03-25 11:26:56,35,15,15,0,"fit: 7, efit: 5","fit: 7, efit: 5",,,,0,0,0,0,1,,
2026-03-25 12:12:03,35,15,15,0,"fit: 7, efit: 4","fit: 7, efit: 4",,,,0,0,0,0,1,,
2026-03-25 12:42:08,35,15,15,0,"fit: 7, efit: 3","fit: 7, efit: 3",,,,0,0,0,0,1,,
2026-03-25 13:47:52,35,15,15,0,"fit: 6, efit: 3","fit: 6, efit: 3",,,,0,0,0,0,1,,
2026-03-25 14:22:57,35,15,15,0,"fit: 7, efit: 3","fit: 7, efit: 3",,,,0,0,0,0,1,,
2026-03-25 16:43:59,35,15,15,0,"fit: 7, efit: 2","fit: 7, efit: 2",,,,0,0,0,0,1,,
2026-03-25 16:52:47,35,15,15,0,"fit: 7, efit: 3","fit: 7, efit: 3",,,,0,0,0,0,1,,
2026-03-25 16:57:48,35,15,15,0,"fit: 7, efit: 4","fit: 7, efit: 4",,,,0,0,0,0,1,,
2026-03-25 17:02:49,35,15,15,0,"fit: 7, efit: 5","fit: 7, efit: 5",,,,0,0,0,0,1,,
2026-03-25 17:12:50,35,15,15,0,"fit: 7, efit: 6","fit: 7, efit: 6",,,,0,0,0,0,1,,
2026-03-25 17:59:14,35,15,15,0,"fit: 7, efit: 7","fit: 7, efit: 7",,,,0,0,0,0,1,,
2026-03-25 18:19:18,35,15,15,0,"fit: 7, efit: 8","fit: 7, efit: 8",,,,0,0,0,0,1,,
2026-03-25 19:04:27,35,15,15,0,"fit: 6, efit: 8","fit: 6, efit: 8",,,,0,0,0,0,1,,
2026-03-25 19:08:08,35,15,15,0,"fit: 7, efit: 8","fit: 6, efit: 8",fit: 1,,,0,0,0,0,1,,
2026-03-25 19:23:10,35,15,15,0,"fit: 7, efit: 7","fit: 6, efit: 7",fit: 1,,,0,0,0,0,1,,
2026-03-25 19:43:54,35,15,15,0,"fit: 7, efit: 8","fit: 6, efit: 8",fit: 1,,,0,0,0,0,1,,
2026-03-25 20:58:24,35,15,15,1,"fit: 7, efit: 8","fit: 6, efit: 8",fit: 1,,,0,0,0,0,1,,
2026-03-25 21:28:29,35,15,15,0,"fit: 7, efit: 8","fit: 6, efit: 8",fit: 1,,,0,0,0,0,1,,
2026-03-25 22:14:20,35,15,15,0,"fit: 7, efit: 7","fit: 6, efit: 7",fit: 1,,,0,0,0,0,1,,
2026-03-26 00:00:26,35,15,15,0,"fit: 7, efit: 7","fit: 6, efit: 7",fit: 1,,,0,0,0,0,1,,
2026-03-26 08:26:02,35,15,15,0,"fit: 6, efit: 7","fit: 6, efit: 7",,,,0,0,0,0,1,,
2026-03-26 08:30:05,35,15,15,0,"fit: 4, efit: 5","fit: 4, efit: 5",,,,0,0,0,0,1,,
2026-03-26 08:31:03,35,15,15,0,"fit: 4, efit: 3","fit: 4, efit: 3",,,,0,0,0,0,1,,
2026-03-26 08:51:07,35,15,15,0,"fit: 4, efit: 2","fit: 4, efit: 2",,,,0,0,0,0,1,,
2026-03-26 09:50:18,35,15,15,0,"fit: 4, efit: 1","fit: 4, efit: 1",,,,0,0,0,0,1,,
2026-03-26 10:47:32,35,15,15,0,fit: 4,fit: 4,,,,0,0,0,0,1,,
2026-03-26 11:02:36,35,15,15,0,"fit: 4, efit: 1","fit: 4, efit: 1",,,,0,0,0,0,1,,
2026-03-26 12:06:41,35,15,15,0,fit: 4,fit: 4,,,,0,0,0,0,1,,
2026-03-26 12:11:42,35,15,15,0,"fit: 4, efit: 1","fit: 4, efit: 1",,,,0,0,0,0,1,,
2026-03-26 12:20:41,35,15,15,0,fit: 4,fit: 4,,,,0,0,0,0,1,,
2026-03-26 13:40:53,35,15,15,0,fit: 3,fit: 3,,,,0,0,0,0,1,,
2026-03-26 14:18:14,35,15,15,0,"fit: 3, efit: 1","fit: 3, efit: 1",,,,0,0,0,0,1,,
2026-03-26 16:51:22,35,15,15,0,"fit: 3, efit: 2","fit: 3, efit: 2",,,,0,0,0,0,1,,
2026-03-26 17:27:39,35,15,15,0,"fit: 4, efit: 2","fit: 4, efit: 2",,,,0,0,0,0,1,,
2026-03-26 17:38:34,35,15,15,0,"fit: 4, efit: 3","fit: 4, efit: 3",,,,0,0,0,0,1,,
2026-03-26 18:06:34,35,15,15,0,"fit: 4, efit: 4","fit: 4, efit: 4",,,,0,0,0,0,1,,
2026-03-26 18:07:46,35,15,15,1,"fit: 4, efit: 4","fit: 4, efit: 4",,,,0,0,0,0,1,,
2026-03-26 18:21:37,35,15,15,1,"fit: 4, efit: 3","fit: 4, efit: 3",,,,0,0,0,0,1,,
2026-03-26 18:28:44,35,15,15,1,"fit: 4, efit: 4","fit: 4, efit: 4",,,,0,0,0,0,1,,
2026-03-26 18:37:51,35,15,15,0,"fit: 4, efit: 4","fit: 4, efit: 4",,,,0,0,0,0,1,,
2026-03-26 18:53:49,35,15,15,0,"fit: 4, efit: 5","fit: 4, efit: 5",,,,0,0,0,0,1,,
2026-03-26 19:51:50,35,15,15,0,"fit: 4, efit: 6","fit: 4, efit: 6",,,,0,0,0,0,1,,
2026-03-26 23:39:45,35,15,15,1,"fit: 4, efit: 6","fit: 4, efit: 6",,,,0,0,0,0,1,,
2026-03-27 00:02:28,35,15,15,1,"fit: 4, efit: 6","fit: 4, efit: 6",,,,0,0,0,0,1,,
2026-03-27 00:09:51,35,15,15,0,"fit: 4, efit: 6","fit: 4, efit: 6",,,,0,0,0,0,1,,
2026-03-27 07:28:33,35,15,15,0,"fit: 4, efit: 5","fit: 4, efit: 5",,,,0,0,0,0,1,,
2026-03-27 08:46:31,35,15,15,0,"fit: 4, efit: 6","fit: 4, efit: 6",,,,0,0,0,0,1,,
2026-03-27 09:13:49,35,15,15,1,"fit: 4, efit: 7","fit: 4, efit: 7",,,,0,0,0,0,1,,
2026-03-27 09:23:50,35,15,15,1,"fit: 4, efit: 8","fit: 4, efit: 8",,,,0,0,0,0,1,,
2026-03-27 09:45:28,35,15,15,0,"fit: 4, efit: 8","fit: 4, efit: 8",,,,0,0,0,0,1,,
2026-03-27 10:39:02,35,15,15,0,"fit: 4, efit: 9","fit: 4, efit: 9",,,,0,0,0,0,1,,
2026-03-27 10:49:03,35,15,15,0,"fit: 4, efit: 10","fit: 4, efit: 10",,,,0,0,0,0,1,,
2026-03-27 11:00:41,35,15,15,0,"fit: 4, efit: 11","fit: 4, efit: 11",,,,0,0,0,0,1,,
2026-03-27 11:01:57,35,15,15,0,"fit: 4, efit: 11","fit: 4, efit: 10",,,,0,0,0,0,1,,
2026-03-27 11:15:44,35,15,15,0,"fit: 4, efit: 11","fit: 4, efit: 11",,,,0,0,0,0,1,,
2026-03-27 12:05:53,35,15,15,0,"fit: 4, efit: 10","fit: 4, efit: 10",,,,0,0,0,0,1,,
2026-03-27 12:19:17,35,15,15,0,"fit: 4, efit: 11","fit: 4, efit: 11",,,,0,0,0,0,1,,
2026-03-27 12:20:56,35,15,15,0,"fit: 4, efit: 10","fit: 4, efit: 10",,,,0,0,0,0,1,,
2026-03-27 12:25:56,35,15,15,0,"fit: 4, efit: 11","fit: 4, efit: 11",,,,0,0,0,0,1,,
2026-03-27 14:27:39,35,15,15,0,"fit: 4, efit: 10","fit: 4, efit: 10",,,,0,0,0,0,1,,
2026-03-27 15:01:25,35,15,15,0,"fit: 4, efit: 11","fit: 4, efit: 11",,,,0,0,0,0,1,,
2026-03-27 18:10:11,35,15,15,0,"fit: 4, efit: 10","fit: 4, efit: 10",,,,0,0,0,0,1,,
2026-03-27 18:18:24,35,15,15,1,"fit: 4, efit: 10","fit: 4, efit: 10",,,,0,0,0,0,1,,
2026-03-27 18:30:14,35,15,15,1,"fit: 4, efit: 11","fit: 4, efit: 11",,,,0,0,0,0,1,,
2026-03-27 18:38:28,35,15,15,1,"fit: 4, efit: 10","fit: 4, efit: 10",,,,0,0,0,0,1,,
2026-03-27 18:40:16,35,15,15,1,"fit: 4, efit: 11","fit: 4, efit: 11",,,,0,0,0,0,1,,
2026-03-27 18:43:29,35,15,15,1,"fit: 4, efit: 10","fit: 4, efit: 10",,,,0,0,0,0,1,,
2026-03-27 18:45:16,35,15,15,1,"fit: 4, efit: 9","fit: 4, efit: 9",,,,0,0,0,0,1,,
2026-03-27 18:47:07,35,15,15,1,"fit: 4, efit: 8","fit: 4, efit: 8",,,,0,0,0,0,1,,
2026-03-27 18:48:30,35,15,15,0,"fit: 4, efit: 8","fit: 4, efit: 8",,,,0,0,0,0,1,,
2026-03-27 19:58:44,35,15,15,0,"fit: 4, efit: 11","fit: 4, efit: 11",,,,0,0,0,0,1,,
2026-03-27 21:54:07,35,15,15,0,"fit: 4, efit: 10","fit: 4, efit: 10",,,,0,0,0,0,1,,
2026-03-28 00:01:05,35,15,15,0,"fit: 4, efit: 10","fit: 4, efit: 10",,,,0,0,0,0,1,,
2026-03-28 00:53:11,35,15,15,1,"fit: 4, efit: 10","fit: 4, efit: 10",,,,0,0,0,0,1,,
2026-03-28 01:53:22,35,15,15,0,"fit: 4, efit: 10","fit: 4, efit: 10",,,,0,0,0,0,1,,
2026-03-28 09:01:16,35,15,15,0,"fit: 4, efit: 11","fit: 4, efit: 11",,,,0,0,0,0,1,,
2026-03-28 11:30:02,35,15,15,0,"fit: 3, efit: 8","fit: 3, efit: 8",,,,0,0,0,0,1,,
2026-03-28 11:31:46,35,15,15,0,"fit: 3, efit: 7","fit: 3, efit: 7",,,,0,0,0,0,1,,
2026-03-28 12:17:52,35,15,15,0,"fit: 3, efit: 6","fit: 3, efit: 6",,,,0,0,0,0,1,,
2026-03-28 12:35:13,35,15,15,0,"fit: 3, efit: 6","fit: 3, efit: 5",efit: 1,,,0,0,0,0,1,,
2026-03-28 14:53:15,35,15,15,0,"fit: 3, efit: 8","fit: 3, efit: 7",efit: 1,,,0,0,0,0,1,,
2026-03-28 15:10:41,35,15,15,0,"fit: 3, efit: 9","fit: 3, efit: 8",efit: 1,,,0,0,0,0,1,,
2026-03-28 15:12:29,35,15,15,0,"fit: 3, efit: 8","fit: 3, efit: 7",efit: 1,,,0,0,0,0,1,,
2026-03-28 15:30:44,35,15,15,1,"fit: 3, efit: 8","fit: 3, efit: 7",efit: 1,,,0,0,0,0,1,,
2026-03-28 16:00:49,35,15,15,0,"fit: 3, efit: 6","fit: 3, efit: 5",efit: 1,,,0,0,0,0,1,,
2026-03-28 16:15:52,35,15,15,0,"fit: 3, efit: 7","fit: 3, efit: 6",efit: 1,,,0,0,0,0,1,,
2026-03-28 16:25:54,35,15,15,0,"fit: 3, efit: 8","fit: 3, efit: 7",efit: 1,,,0,0,0,0,1,,
2026-03-28 16:27:43,35,15,15,0,"fit: 3, efit: 7","fit: 3, efit: 6",efit: 1,,,0,0,0,0,1,,
2026-03-28 16:40:56,35,15,15,0,"fit: 3, efit: 6","fit: 3, efit: 5",efit: 1,,,0,0,0,0,1,,
2026-03-28 16:42:46,35,15,15,0,"fit: 3, efit: 5","fit: 3, efit: 4",efit: 1,,,0,0,0,0,1,,
2026-03-28 16:45:57,35,15,15,0,"fit: 2, efit: 5","fit: 2, efit: 4",efit: 1,,,0,0,0,0,1,,
2026-03-28 18:18:05,35,15,15,0,"fit: 2, efit: 6","fit: 2, efit: 5",efit: 1,,,0,0,0,0,1,,
2026-03-28 18:18:46,35,15,15,0,"fit: 3, efit: 6","fit: 3, efit: 5",efit: 1,,,0,0,0,0,1,,
2026-03-28 18:21:15,35,15,15,0,"fit: 3, efit: 7","fit: 3, efit: 6",efit: 1,,,0,0,0,0,1,,
2026-03-28 18:38:09,35,15,15,0,"fit: 3, efit: 6","fit: 3, efit: 5",efit: 1,,,0,0,0,0,1,,
2026-03-28 22:36:59,35,15,15,0,"fit: 3, efit: 5","fit: 3, efit: 4",efit: 1,,,0,0,0,0,1,,
2026-03-29 00:02:14,35,15,15,0,"fit: 3, efit: 5","fit: 3, efit: 4",efit: 1,,,0,0,0,0,1,,
2026-03-29 09:00:54,35,15,15,0,"fit: 3, efit: 6","fit: 3, efit: 5",efit: 1,,,0,0,0,0,1,,
2026-03-29 09:13:49,35,15,15,0,"fit: 3, efit: 5","fit: 3, efit: 4",efit: 1,,,0,0,0,0,1,,
2026-03-29 11:31:15,35,15,15,0,"fit: 3, efit: 4","fit: 3, efit: 3",efit: 1,,,0,0,0,0,1,,
2026-03-29 12:11:30,35,15,15,0,"fit: 3, efit: 5","fit: 3, efit: 4",efit: 1,,,0,0,0,0,1,,
2026-03-29 12:14:20,35,15,15,0,"fit: 3, efit: 4","fit: 3, efit: 3",efit: 1,,,0,0,0,0,1,,
2026-03-29 12:46:26,35,15,15,0,"fit: 4, efit: 4","fit: 4, efit: 3",efit: 1,,,0,0,0,0,1,,
2026-03-29 13:39:35,35,15,15,0,"fit: 4, efit: 3","fit: 4, efit: 2",efit: 1,,,0,0,0,0,1,,
2026-03-29 13:46:35,35,15,15,0,"fit: 4, efit: 2","fit: 4, efit: 1",efit: 1,,,0,0,0,0,1,,
2026-03-29 15:44:56,35,15,15,0,"fit: 4, efit: 1",fit: 4,efit: 1,,,0,0,0,0,1,,
2026-03-29 16:47:03,35,15,15,0,"fit: 4, efit: 2","fit: 4, efit: 1",efit: 1,,,0,0,0,0,1,,
2026-03-29 17:12:07,35,15,15,1,"fit: 4, efit: 2","fit: 4, efit: 1",efit: 1,,,0,0,0,0,1,,
2026-03-29 17:42:11,35,15,15,0,"fit: 4, efit: 2","fit: 4, efit: 1",efit: 1,,,0,0,0,0,1,,
2026-03-29 18:15:25,35,15,15,0,"fit: 4, efit: 1",fit: 4,efit: 1,,,0,0,0,0,1,,
2026-03-29 19:37:58,35,15,15,0,"fit: 3, efit: 1",fit: 3,efit: 1,,,0,0,0,0,1,,
2026-03-29 20:35:49,35,15,15,0,"fit: 3, efit: 2","fit: 3, efit: 1",efit: 1,,,0,0,0,0,1,,
2026-03-29 21:05:55,35,15,15,0,"fit: 3, efit: 4","fit: 3, efit: 3",efit: 1,,,0,0,0,0,1,,
2026-03-29 21:32:45,35,15,15,0,"fit: 3, efit: 2","fit: 3, efit: 1",efit: 1,,,0,0,0,0,1,,
2026-03-29 22:07:50,35,15,15,0,"fit: 3, efit: 1",fit: 3,efit: 1,,,0,0,0,0,1,,
2026-03-29 22:12:51,35,15,15,0,"fit: 3, efit: 2","fit: 3, efit: 1",efit: 1,,,0,0,0,0,1,,
2026-03-30 00:01:25,35,15,15,0,"fit: 3, efit: 2","fit: 3, efit: 1",efit: 1,,,0,0,0,0,1,,
2026-03-30 07:20:11,35,15,15,0,"fit: 3, efit: 3","fit: 3, efit: 2",efit: 1,,,0,0,0,0,1,,
2026-03-30 07:25:12,35,15,15,0,"fit: 3, efit: 2","fit: 3, efit: 1",efit: 1,,,0,0,0,0,1,,
2026-03-30 12:01:08,35,15,15,0,"fit: 3, efit: 1",fit: 3,efit: 1,,,0,0,0,0,1,,
2026-03-30 14:28:55,35,15,15,0,"fit: 2, efit: 1",fit: 2,efit: 1,,,0,0,0,0,1,,
2026-03-30 14:56:43,35,15,15,0,"fit: 2, efit: 2","fit: 2, efit: 1",efit: 1,,,0,0,0,0,1,,
2026-03-30 15:39:07,35,15,15,0,"fit: 2, efit: 1",fit: 2,efit: 1,,,0,0,0,0,1,,
2026-03-30 16:40:37,35,15,15,0,"fit: 3, efit: 1",fit: 3,efit: 1,,,0,0,0,0,1,,
2026-03-30 16:52:07,35,15,15,0,"fit: 3, efit: 2","fit: 3, efit: 1",efit: 1,,,0,0,0,0,1,,
2026-03-30 16:54:21,35,15,15,0,"fit: 3, efit: 1",fit: 3,efit: 1,,,0,0,0,0,1,,
2026-03-30 16:59:21,35,15,15,0,"fit: 2, efit: 1",fit: 2,efit: 1,,,0,0,0,0,1,,
2026-03-30 19:32:39,35,15,15,0,"fit: 1, efit: 1",fit: 1,efit: 1,,,0,0,0,0,1,,
2026-03-30 19:39:50,35,15,15,0,"fit: 1, efit: 3","fit: 1, efit: 2",efit: 1,,,0,0,0,0,1,,
2026-03-30 20:24:58,35,15,15,0,"fit: 1, efit: 4","fit: 1, efit: 3",efit: 1,,,0,0,0,0,1,,
2026-03-30 20:35:00,35,15,15,0,"fit: 1, efit: 5","fit: 1, efit: 4",efit: 1,,,0,0,0,0,1,,
2026-03-30 20:57:56,35,15,15,0,"fit: 1, efit: 4","fit: 1, efit: 3",efit: 1,,,0,0,0,0,1,,
2026-03-31 00:00:36,35,15,15,0,"fit: 1, efit: 4","fit: 1, efit: 3",efit: 1,,,0,0,0,0,1,,
2026-03-31 06:42:42,35,15,15,0,"fit: 1, efit: 3","fit: 1, efit: 2",efit: 1,,,0,0,0,0,1,,
2026-03-31 06:51:46,35,15,15,0,"fit: 1, efit: 2","fit: 1, efit: 1",efit: 1,,,0,0,0,0,1,,
2026-03-31 07:24:57,35,15,15,0,"fit: 1, efit: 1",fit: 1,efit: 1,,,0,0,0,0,1,,
2026-03-31 08:25:09,35,15,15,0,efit: 1,,efit: 1,,,0,0,0,0,1,,
2026-03-31 11:52:39,35,15,15,0,efit: 3,efit: 2,efit: 1,,,0,0,0,0,1,,
2026-03-31 12:03:30,35,15,15,0,efit: 1,,efit: 1,,,0,0,0,0,1,,
2026-03-31 12:05:54,35,15,15,0,efit: 2,efit: 1,efit: 1,,,0,0,0,0,1,,
2026-03-31 12:07:42,35,15,15,0,efit: 1,,efit: 1,,,0,0,0,0,1,,
2026-03-31 12:17:44,35,15,15,0,efit: 2,efit: 1,efit: 1,,,0,0,0,0,1,,
2026-03-31 12:27:45,35,15,15,0,efit: 3,efit: 2,efit: 1,,,0,0,0,0,1,,
2026-03-31 14:16:20,35,15,15,0,efit: 2,efit: 1,efit: 1,,,0,0,0,0,1,,
2026-03-31 15:08:14,35,15,15,0,efit: 2,efit: 2,,,,0,0,0,0,1,,
2026-03-31 16:11:43,35,15,15,0,efit: 1,efit: 1,,,,0,0,0,0,1,,
2026-03-31 16:49:15,35,15,15,0,efit: 2,efit: 2,,,,0,0,0,0,1,,
2026-03-31 16:53:32,35,15,15,0,efit: 3,efit: 3,,,,0,0,0,0,1,,
2026-03-31 16:54:16,35,15,15,0,efit: 4,efit: 4,,,,0,0,0,0,1,,
2026-03-31 16:56:52,35,15,15,0,efit: 5,efit: 5,,,,0,0,0,0,1,,
2026-03-31 18:02:06,35,15,15,0,efit: 6,efit: 6,,,,0,0,0,0,1,,
2026-03-31 18:22:10,35,15,15,0,efit: 7,efit: 7,,,,0,0,0,0,1,,
2026-03-31 18:59:36,35,15,15,0,efit: 6,efit: 6,,,,0,0,0,0,1,,
2026-03-31 19:22:22,35,15,15,0,efit: 5,efit: 5,,,,0,0,0,0,1,,
2026-03-31 19:59:45,35,15,15,0,efit: 6,efit: 6,,,,0,0,0,0,1,,
2026-03-31 20:27:35,35,15,15,0,efit: 8,efit: 8,,,,0,0,0,0,1,,
2026-03-31 20:39:12,35,15,15,0,efit: 9,efit: 9,,,,0,0,0,0,1,,
2026-03-31 20:49:14,35,15,15,0,efit: 10,efit: 10,,,,0,0,0,0,1,,
2026-04-01 00:04:05,35,15,15,0,efit: 10,efit: 10,,,,0,0,0,0,1,,
2026-04-01 07:30:31,35,15,15,0,efit: 9,efit: 9,,,,0,0,0,0,1,,
2026-04-01 12:06:17,35,15,15,0,efit: 8,efit: 8,,,,0,0,0,0,1,,
2026-04-01 13:32:27,35,15,15,0,efit: 9,efit: 9,,,,0,0,0,0,1,,
2026-04-01 13:41:34,35,15,15,0,efit: 8,efit: 8,,,,0,0,0,0,1,,
2026-04-01 14:16:39,35,15,15,0,efit: 5,efit: 5,,,,0,0,0,0,1,,
2026-04-01 14:21:40,35,15,15,0,efit: 6,efit: 6,,,,0,0,0,0,1,,
2026-04-01 15:01:47,35,15,15,0,efit: 4,efit: 4,,,,0,0,0,0,1,,
2026-04-01 16:11:58,35,15,15,0,efit: 5,efit: 5,,,,0,0,0,0,1,,
2026-04-01 17:02:07,35,15,15,0,efit: 6,efit: 6,,,,0,0,0,0,1,,
2026-04-01 17:12:09,35,15,15,0,efit: 5,efit: 5,,,,0,0,0,0,1,,
2026-04-01 17:37:13,35,15,15,0,efit: 4,efit: 4,,,,0,0,0,0,1,,
2026-04-01 17:42:13,35,15,15,0,efit: 5,efit: 5,,,,0,0,0,0,1,,
2026-04-01 17:43:20,35,15,15,0,efit: 6,efit: 6,,,,0,0,0,0,1,,
2026-04-01 19:02:27,35,15,15,0,efit: 5,efit: 5,,,,0,0,0,0,1,,
2026-04-01 19:12:29,35,15,15,0,efit: 6,efit: 6,,,,0,0,0,0,1,,
2026-04-02 00:03:17,35,15,15,0,efit: 6,efit: 6,,,,0,0,0,0,1,,
2026-04-02 07:19:26,35,15,15,0,efit: 7,efit: 7,,,,0,0,0,0,1,,
2026-04-02 08:10:19,35,15,15,0,efit: 6,efit: 6,,,,0,0,0,0,1,,
2026-04-02 08:31:24,35,15,15,0,efit: 5,efit: 5,,,,0,0,0,0,1,,
2026-04-02 09:49:51,35,15,15,0,efit: 4,efit: 4,,,,0,0,0,0,1,,
2026-04-02 12:01:06,35,15,15,0,efit: 3,efit: 3,,,,0,0,0,0,1,,
2026-04-02 12:27:13,35,15,15,0,efit: 4,efit: 4,,,,0,0,0,0,1,,
2026-04-02 12:40:20,35,15,15,0,efit: 5,efit: 5,,,,0,0,0,0,1,,
2026-04-02 12:41:14,35,15,15,0,efit: 4,efit: 4,,,,0,0,0,0,1,,
2026-04-02 13:10:25,35,15,15,0,efit: 3,efit: 3,,,,0,0,0,0,1,,
2026-04-02 13:35:29,35,15,15,0,efit: 1,efit: 1,,,,0,0,0,0,1,,
2026-04-02 14:55:43,35,15,15,0,,,,,,0,0,0,0,1,,
2026-04-02 15:06:44,35,15,15,0,efit: 1,efit: 1,,,,0,0,0,0,1,,
2026-04-02 15:20:47,35,15,15,0,efit: 2,efit: 2,,,,0,0,0,0,1,,
2026-04-02 16:11:57,35,15,15,0,efit: 3,efit: 3,,,,0,0,0,0,1,,
2026-04-02 16:58:11,35,15,15,0,efit: 2,efit: 2,,,,0,0,0,0,1,,
2026-04-02 17:37:15,35,15,15,0,efit: 3,efit: 3,,,,0,0,0,0,1,,
2026-04-02 17:41:12,35,15,15,0,efit: 4,efit: 4,,,,0,0,0,0,1,,
2026-04-02 18:07:21,35,15,15,0,efit: 5,efit: 5,,,,0,0,0,0,1,,
2026-04-02 18:36:22,35,15,15,0,"fit: 1, efit: 5","fit: 1, efit: 5",,,,0,0,0,0,1,,
2026-04-02 18:51:25,35,15,15,0,"fit: 1, efit: 4","fit: 1, efit: 4",,,,0,0,0,0,1,,
2026-04-02 18:56:25,35,15,15,0,"fit: 1, efit: 3","fit: 1, efit: 3",,,,0,0,0,0,1,,
2026-04-02 19:52:43,35,15,15,0,"fit: 1, efit: 4","fit: 1, efit: 4",,,,0,0,0,0,1,,
2026-04-02 20:01:37,35,15,15,0,"fit: 2, efit: 4","fit: 2, efit: 4",,,,0,0,0,0,1,,
2026-04-02 20:46:44,35,15,15,0,"fit: 2, efit: 2","fit: 2, efit: 2",,,,0,0,0,0,1,,
2026-04-02 20:49:00,35,15,15,0,"fit: 2, efit: 1","fit: 2, efit: 1",,,,0,0,0,0,1,,
2026-04-02 21:06:48,35,15,15,0,fit: 2,fit: 2,,,,0,0,0,0,1,,
2026-04-02 23:12:08,35,15,15,0,"fit: 2, efit: 1","fit: 2, efit: 1",,,,0,0,0,0,1,,
2026-04-02 23:29:33,35,15,15,0,"fit: 3, efit: 1","fit: 3, efit: 1",,,,0,0,0,0,1,,
2026-04-02 23:52:15,35,15,15,0,"fit: 2, efit: 1","fit: 2, efit: 1",,,,0,0,0,0,1,,
2026-04-03 00:02:16,35,15,15,0,"fit: 2, efit: 1","fit: 2, efit: 1",,,,0,0,0,0,1,,
2026-04-03 04:12:55,35,15,15,0,"fit: 2, efit: 2","fit: 2, efit: 2",,,,0,0,0,0,1,,
2026-04-03 05:34:38,35,15,15,0,"fit: 2, efit: 1","fit: 2, efit: 1",,,,0,0,0,0,1,,
2026-04-03 07:04:55,35,15,15,0,"fit: 2, efit: 2","fit: 2, efit: 2",,,,0,0,0,0,1,,
2026-04-03 07:08:22,35,15,15,0,"fit: 2, efit: 1","fit: 2, efit: 1",,,,0,0,0,0,1,,
2026-04-03 07:36:12,35,15,15,0,fit: 2,fit: 2,,,,0,0,0,0,1,,
2026-04-03 08:53:40,35,15,15,0,"fit: 2, efit: 2","fit: 2, efit: 2",,,,0,0,0,0,1,,
2026-04-03 09:23:45,35,15,15,0,"fit: 1, efit: 2","fit: 1, efit: 2",,,,0,0,0,0,1,,
2026-04-03 09:55:30,35,15,15,0,"fit: 1, efit: 1","fit: 1, efit: 1",,,,0,0,0,0,1,,
2026-04-03 12:26:05,35,15,15,0,"fit: 1, efit: 2","fit: 1, efit: 2",,,,0,0,0,0,1,,
2026-04-03 12:42:16,35,15,15,0,"fit: 1, efit: 1","fit: 1, efit: 1",,,,0,0,0,0,1,,
2026-04-03 12:57:19,35,15,15,0,fit: 1,fit: 1,,,,0,0,0,0,1,,
2026-04-03 14:56:38,35,15,15,0,,,,,,0,0,0,0,1,,
2026-04-03 15:59:52,35,15,15,0,efit: 1,efit: 1,,,,0,0,0,0,1,,
2026-04-03 16:19:55,35,15,15,0,,,,,,0,0,0,0,1,,
2026-04-03 18:00:14,35,15,15,0,efit: 1,efit: 1,,,,0,0,0,0,1,,
2026-04-03 18:33:32,35,15,15,0,"fit: 1, efit: 1","fit: 1, efit: 1",,,,0,0,0,0,1,,
2026-04-03 18:35:20,35,15,15,0,fit: 1,fit: 1,,,,0,0,0,0,1,,
2026-04-03 18:38:33,35,15,15,0,,,,,,0,0,0,0,1,,
2026-04-03 19:07:31,35,15,15,0,efit: 2,efit: 2,,,,0,0,0,0,1,,
2026-04-03 19:22:34,35,15,15,0,efit: 3,efit: 2,efit: 1,,,0,0,0,0,1,,
2026-04-03 19:23:43,35,15,15,0,efit: 6,efit: 5,efit: 1,,,0,0,0,0,1,,
2026-04-03 19:25:29,35,15,15,0,"fit: 1, efit: 6","fit: 1, efit: 5",efit: 1,,,0,0,0,0,1,,
2026-04-03 19:33:45,35,15,15,0,"fit: 1, efit: 7","fit: 1, efit: 6",efit: 1,,,0,0,0,0,1,,
2026-04-03 19:57:42,35,15,15,0,"fit: 1, efit: 8","fit: 1, efit: 7",efit: 1,,,0,0,0,0,1,,
2026-04-03 20:32:49,35,15,15,0,"fit: 1, efit: 9","fit: 1, efit: 8",efit: 1,,,0,0,0,0,1,,
2026-04-03 20:37:50,35,15,15,0,"fit: 1, efit: 8","fit: 1, efit: 7",efit: 1,,,0,0,0,0,1,,
2026-04-03 21:48:03,35,15,15,0,"fit: 1, efit: 9","fit: 1, efit: 8",efit: 1,,,0,0,0,0,1,,
2026-04-03 21:50:52,35,15,15,0,"fit: 2, efit: 9","fit: 2, efit: 8",efit: 1,,,0,0,0,0,1,,
2026-04-03 22:23:10,35,15,15,0,"fit: 2, efit: 8","fit: 2, efit: 7",efit: 1,,,0,0,0,0,1,,
2026-04-03 23:44:35,35,15,15,0,"fit: 2, efit: 7","fit: 2, efit: 6",efit: 1,,,0,0,0,0,1,,
2026-04-03 23:46:10,35,15,15,0,"fit: 2, efit: 6","fit: 2, efit: 5",efit: 1,,,0,0,0,0,1,,
2026-04-04 00:01:13,35,15,15,0,"fit: 2, efit: 6","fit: 2, efit: 5",efit: 1,,,0,0,0,0,1,,
2026-04-04 00:51:20,35,15,15,0,"fit: 2, efit: 7","fit: 2, efit: 6",efit: 1,,,0,0,0,0,1,,
2026-04-04 00:58:39,35,15,15,0,"fit: 2, efit: 8","fit: 2, efit: 7",efit: 1,,,0,0,0,0,1,,
2026-04-04 00:59:49,35,15,15,0,"fit: 2, efit: 9","fit: 2, efit: 8",efit: 1,,,0,0,0,0,1,,
2026-04-04 01:44:58,35,15,15,0,"fit: 4, efit: 8","fit: 4, efit: 7",efit: 1,,,0,0,0,0,1,,
2026-04-04 01:46:29,35,15,15,0,"fit: 4, efit: 7","fit: 4, efit: 6",efit: 1,,,0,0,0,0,1,,
2026-04-04 02:26:35,35,15,15,0,"fit: 5, efit: 7","fit: 5, efit: 6",efit: 1,,,0,0,0,0,1,,
2026-04-04 07:51:07,35,15,15,0,"fit: 5, efit: 6","fit: 5, efit: 5",efit: 1,,,0,0,0,0,1,,
2026-04-04 10:10:19,35,15,15,0,"fit: 5, efit: 9","fit: 5, efit: 8",efit: 1,,,0,0,0,0,1,,
2026-04-04 10:45:26,35,15,15,0,"fit: 5, efit: 8","fit: 5, efit: 7",efit: 1,,,0,0,0,0,1,,
2026-04-04 11:16:47,35,15,15,0,"fit: 5, efit: 9","fit: 5, efit: 8",efit: 1,,,0,0,0,0,1,,
2026-04-04 11:20:33,35,15,15,0,"fit: 5, efit: 10","fit: 5, efit: 9",efit: 1,,,0,0,0,0,1,,
2026-04-04 11:26:49,35,15,15,0,"fit: 5, efit: 9","fit: 5, efit: 8",efit: 1,,,0,0,0,0,1,,
2026-04-04 11:42:57,35,15,15,0,"fit: 5, efit: 8","fit: 5, efit: 7",efit: 1,,,0,0,0,0,1,,
2026-04-04 12:22:00,35,15,15,0,"fit: 5, efit: 7","fit: 5, efit: 6",efit: 1,,,0,0,0,0,1,,
2026-04-04 12:23:03,35,15,15,0,"fit: 5, efit: 6","fit: 5, efit: 5",efit: 1,,,0,0,0,0,1,,
2026-04-04 12:35:47,35,15,15,0,"fit: 4, efit: 7","fit: 4, efit: 6",efit: 1,,,0,0,0,0,1,,
2026-04-04 12:47:05,35,15,15,0,"fit: 4, efit: 9","fit: 4, efit: 8",efit: 1,,,0,0,0,0,1,,
2026-04-04 13:17:11,35,15,15,0,"fit: 4, efit: 7","fit: 4, efit: 6",efit: 1,,,0,0,0,0,1,,
2026-04-04 13:18:12,35,15,15,0,"fit: 4, efit: 5","fit: 4, efit: 4",efit: 1,,,0,0,0,0,1,,
2026-04-04 13:23:12,35,15,15,0,"fit: 4, efit: 4","fit: 4, efit: 3",efit: 1,,,0,0,0,0,1,,
2026-04-04 13:32:14,35,15,15,0,"fit: 3, efit: 4","fit: 3, efit: 3",efit: 1,,,0,0,0,0,1,,
2026-04-04 13:43:16,35,15,15,0,"fit: 3, efit: 5","fit: 3, efit: 4",efit: 1,,,0,0,0,0,1,,
2026-04-04 13:46:01,35,15,15,1,"fit: 3, efit: 7","fit: 3, efit: 6",efit: 1,,,0,0,0,0,1,,
2026-04-04 13:47:17,35,15,15,1,"fit: 3, efit: 8","fit: 3, efit: 7",efit: 1,,,0,0,0,0,1,,
2026-04-04 13:48:16,35,15,15,1,"fit: 3, efit: 7","fit: 3, efit: 6",efit: 1,,,0,0,0,0,1,,
2026-04-04 13:51:02,35,15,15,1,"fit: 3, efit: 9","fit: 3, efit: 8",efit: 1,,,0,0,0,0,1,,
2026-04-04 14:16:07,35,15,15,0,"fit: 3, efit: 9","fit: 3, efit: 8",efit: 1,,,0,0,0,0,1,,
2026-04-04 14:22:24,35,15,15,0,"fit: 4, efit: 10","fit: 4, efit: 9",efit: 1,,,0,0,0,0,1,,
2026-04-04 14:23:22,35,15,15,0,"fit: 4, efit: 9","fit: 4, efit: 8",efit: 1,,,0,0,0,0,1,,
2026-04-04 14:36:10,35,15,15,0,"fit: 4, efit: 8","fit: 4, efit: 7",efit: 1,,,0,0,0,0,1,,
2026-04-04 14:46:12,35,15,15,1,"fit: 4, efit: 8","fit: 4, efit: 7",efit: 1,,,0,0,0,0,1,,
2026-04-04 14:56:14,35,15,15,1,"fit: 4, efit: 7","fit: 4, efit: 6",efit: 1,,,0,0,0,0,1,,
2026-04-04 14:57:31,35,15,15,1,"fit: 4, efit: 6","fit: 4, efit: 5",efit: 1,,,0,0,0,0,1,,
2026-04-04 15:16:18,35,15,15,0,"fit: 4, efit: 6","fit: 4, efit: 5",efit: 1,,,0,0,0,0,1,,
2026-04-04 15:26:20,35,15,15,0,"fit: 4, efit: 5","fit: 4, efit: 4",efit: 1,,,0,0,0,0,1,,
2026-04-04 15:48:35,35,15,15,0,"fit: 4, efit: 4","fit: 4, efit: 3",efit: 1,,,0,0,0,0,1,,
2026-04-04 15:56:26,35,15,15,0,"fit: 4, efit: 3","fit: 4, efit: 2",efit: 1,,,0,0,0,0,1,,
2026-04-04 16:31:33,35,15,15,0,"fit: 6, efit: 2","fit: 6, efit: 1",efit: 1,,,0,0,0,0,1,,
2026-04-04 16:32:50,35,15,15,0,"fit: 6, efit: 1",fit: 6,efit: 1,,,0,0,0,0,1,,
2026-04-04 18:06:51,35,15,15,0,"fit: 4, efit: 1",fit: 4,efit: 1,,,0,0,0,0,1,,
2026-04-04 18:36:57,35,15,15,0,"fit: 4, efit: 3","fit: 4, efit: 2",efit: 1,,,0,0,0,0,1,,
2026-04-04 18:43:16,35,15,15,0,"fit: 4, efit: 2","fit: 4, efit: 1",efit: 1,,,0,0,0,0,1,,
2026-04-04 19:13:21,35,15,15,0,"fit: 4, efit: 3","fit: 4, efit: 2",efit: 1,,,0,0,0,0,1,,
2026-04-04 19:17:05,35,15,15,0,"fit: 4, efit: 2","fit: 4, efit: 1",efit: 1,,,0,0,0,0,1,,
2026-04-04 19:32:07,35,15,15,0,"fit: 4, efit: 4","fit: 4, efit: 3",efit: 1,,,0,0,0,0,1,,
2026-04-04 19:43:27,35,15,15,0,"fit: 4, efit: 5","fit: 4, efit: 4",efit: 1,,,0,0,0,0,1,,
2026-04-04 19:52:11,35,15,15,0,"fit: 4, efit: 4","fit: 4, efit: 3",efit: 1,,,0,0,0,0,1,,
2026-04-04 19:59:14,35,15,15,0,"fit: 4, efit: 5","fit: 4, efit: 4",efit: 1,,,0,0,0,0,1,,
2026-04-04 20:09:15,35,15,15,0,"fit: 5, efit: 6","fit: 5, efit: 5",efit: 1,,,0,0,0,0,1,,
2026-04-04 20:23:35,35,15,15,0,"fit: 5, efit: 4","fit: 5, efit: 3",efit: 1,,,0,0,0,0,1,,
2026-04-04 20:48:40,35,15,15,0,"fit: 5, efit: 3","fit: 5, efit: 2",efit: 1,,,0,0,0,0,1,,
2026-04-04 20:49:21,35,15,15,0,"fit: 5, efit: 2","fit: 5, efit: 1",efit: 1,,,0,0,0,0,1,,
2026-04-04 22:32:41,35,15,15,0,"fit: 5, efit: 1",fit: 5,efit: 1,,,0,0,0,0,1,,
2026-04-04 22:34:00,35,15,15,0,"fit: 4, efit: 2","fit: 4, efit: 1",efit: 1,,,0,0,0,0,1,,
2026-04-04 22:49:39,35,15,15,1,"fit: 4, efit: 2","fit: 4, efit: 1",efit: 1,,,0,0,0,0,1,,
2026-04-04 23:19:44,35,15,15,0,"fit: 4, efit: 2","fit: 4, efit: 1",efit: 1,,,0,0,0,0,1,,
2026-04-04 23:49:15,35,15,15,0,"fit: 5, efit: 1",fit: 5,efit: 1,,,0,0,0,0,1,,
2026-04-05 00:02:58,35,15,15,0,"fit: 5, efit: 1",fit: 5,efit: 1,,,0,0,0,0,1,,
2026-04-05 04:53:50,35,15,15,1,"fit: 5, efit: 1",fit: 5,efit: 1,,,0,0,0,0,1,,
2026-04-05 05:23:55,35,15,15,0,"fit: 5, efit: 1",fit: 5,efit: 1,,,0,0,0,0,1,,
2026-04-05 10:49:54,35,15,15,0,"fit: 4, efit: 1",fit: 4,efit: 1,,,0,0,0,0,1,,
2026-04-05 13:06:43,35,15,15,0,"fit: 4, efit: 2","fit: 4, efit: 1",efit: 1,,,0,0,0,0,1,,
2026-04-05 13:45:27,35,15,15,0,"fit: 4, efit: 3","fit: 4, efit: 2",efit: 1,,,0,0,0,0,1,,
2026-04-05 14:46:57,35,15,15,0,"fit: 4, efit: 4","fit: 4, efit: 3",efit: 1,,,0,0,0,0,1,,
2026-04-05 15:20:45,35,15,15,0,"fit: 4, efit: 5","fit: 4, efit: 4",efit: 1,,,0,0,0,0,1,,
2026-04-05 15:30:47,35,15,15,0,"fit: 4, efit: 6","fit: 4, efit: 5",efit: 1,,,0,0,0,0,1,,
2026-04-05 16:35:59,35,15,15,0,"fit: 4, efit: 5","fit: 4, efit: 4",efit: 1,,,0,0,0,0,1,,
2026-04-05 16:56:03,35,15,15,0,"fit: 4, efit: 6","fit: 4, efit: 5",efit: 1,,,0,0,0,0,1,,
2026-04-05 18:12:27,35,15,15,0,"fit: 4, efit: 7","fit: 4, efit: 5",efit: 1,,,0,0,0,0,1,,
2026-04-06 00:02:21,35,15,15,0,"fit: 4, efit: 7","fit: 4, efit: 5",efit: 1,,,0,0,0,0,1,,
2026-04-06 00:32:26,35,15,15,1,"fit: 4, efit: 7","fit: 4, efit: 5",efit: 1,,,0,0,0,0,1,,
2026-04-06 01:02:32,35,15,15,0,"fit: 4, efit: 7","fit: 4, efit: 5",efit: 1,,,0,0,0,0,1,,
2026-04-06 05:43:23,35,15,15,0,"fit: 4, efit: 6","fit: 4, efit: 4",efit: 1,,,0,0,0,0,1,,
2026-04-06 05:53:25,35,15,15,0,"fit: 5, efit: 6","fit: 5, efit: 4",efit: 1,,,0,0,0,0,1,,
2026-04-06 06:19:55,35,15,15,0,"fit: 5, efit: 5","fit: 5, efit: 3",efit: 1,,,0,0,0,0,1,,
2026-04-06 06:24:56,35,15,15,0,"fit: 5, efit: 6","fit: 5, efit: 4",efit: 1,,,0,0,0,0,1,,
2026-04-06 07:28:43,35,15,15,0,"fit: 5, efit: 5","fit: 5, efit: 3",efit: 1,,,0,0,0,0,1,,
2026-04-06 08:29:34,35,15,15,0,"fit: 5, efit: 4","fit: 5, efit: 2",efit: 1,,,0,0,0,0,1,,
2026-04-06 08:43:59,35,15,15,0,"fit: 4, efit: 4","fit: 4, efit: 2",efit: 1,,,0,0,0,0,1,,
2026-04-06 08:59:02,35,15,15,0,"fit: 4, efit: 5","fit: 4, efit: 2",efit: 1,,,0,0,0,0,1,,
2026-04-06 09:04:03,35,15,15,0,"fit: 4, efit: 4","fit: 4, efit: 1",efit: 1,,,0,0,0,0,1,,
2026-04-06 09:34:09,35,15,15,0,"fit: 4, efit: 4","fit: 4, efit: 2",efit: 1,,,0,0,0,0,1,,
2026-04-06 10:59:26,35,15,15,0,"fit: 4, efit: 3","fit: 4, efit: 1",efit: 1,,,0,0,0,0,1,,
2026-04-06 11:31:02,35,15,15,0,"fit: 4, efit: 4","fit: 4, efit: 2",efit: 1,,,0,0,0,0,1,,
2026-04-06 11:34:33,35,15,15,0,"fit: 4, efit: 3","fit: 4, efit: 1",efit: 1,,,0,0,0,0,1,,
2026-04-06 14:30:10,35,15,15,0,"fit: 4, efit: 4","fit: 4, efit: 2",efit: 1,,,0,0,0,0,1,,
2026-04-06 14:50:14,35,15,15,0,"fit: 4, efit: 3","fit: 4, efit: 1",efit: 1,,,0,0,0,0,1,,
2026-04-06 15:51:56,35,15,15,0,"fit: 4, efit: 3","fit: 4, efit: 1",efit: 2,,,0,0,0,0,1,,
2026-04-06 16:20:52,35,15,15,0,"fit: 4, efit: 2",fit: 4,efit: 2,,,0,0,0,0,1,,
2026-04-06 16:35:36,35,15,15,0,"fit: 4, efit: 3","fit: 4, efit: 1",efit: 2,,,0,0,0,0,1,,
2026-04-06 17:00:41,35,15,15,0,"fit: 4, efit: 4","fit: 4, efit: 2",efit: 2,,,0,0,0,0,1,,
2026-04-06 18:16:12,35,15,15,0,"fit: 4, efit: 3","fit: 4, efit: 1",efit: 2,,,0,0,0,0,1,,
2026-04-06 20:46:26,35,15,15,0,"fit: 4, efit: 4","fit: 4, efit: 2",efit: 2,,,0,0,0,0,1,,
2026-04-07 00:02:04,35,15,15,0,"fit: 4, efit: 4","fit: 4, efit: 2",efit: 2,,,0,0,0,0,1,,
2026-04-07 06:38:03,35,15,15,0,"fit: 4, efit: 3","fit: 4, efit: 1",efit: 2,,,0,0,0,0,1,,
2026-04-07 07:30:01,35,15,15,0,"fit: 4, efit: 2",fit: 4,efit: 2,,,0,0,0,0,1,,
2026-04-07 08:00:07,35,15,15,0,"fit: 3, efit: 2",fit: 3,efit: 2,,,0,0,0,0,1,,
2026-04-07 08:28:20,35,15,15,0,"fit: 2, efit: 2",fit: 2,efit: 2,,,0,0,0,0,1,,
2026-04-07 09:28:30,35,15,15,0,"fit: 1, efit: 2",fit: 1,efit: 2,,,0,0,0,0,1,,
2026-04-07 09:50:30,35,15,15,0,"fit: 1, efit: 2","fit: 1, efit: 1",efit: 1,,,0,0,0,0,1,,
2026-04-07 09:53:34,35,15,15,0,"fit: 1, efit: 2","fit: 1, efit: 2",,,,0,0,0,0,1,,
2026-04-07 10:23:39,35,15,15,0,"fit: 1, efit: 3","fit: 1, efit: 3",,,,0,0,0,0,1,,
2026-04-07 10:45:41,35,15,15,0,"fit: 1, efit: 2","fit: 1, efit: 2",,,,0,0,0,0,1,,
2026-04-07 11:18:47,35,15,15,0,"fit: 1, efit: 3","fit: 1, efit: 3",,,,0,0,0,0,1,,
2026-04-07 14:54:22,35,15,15,0,"fit: 1, efit: 4","fit: 1, efit: 4",,,,0,0,0,0,1,,
2026-04-07 15:19:55,35,15,15,0,"fit: 1, efit: 6","fit: 1, efit: 6",,,,0,0,0,0,1,,
2026-04-07 16:04:33,35,15,15,0,"fit: 1, efit: 5","fit: 1, efit: 5",,,,0,0,0,0,1,,
2026-04-07 16:06:47,35,15,15,0,"fit: 1, efit: 4","fit: 1, efit: 4",,,,0,0,0,0,1,,
2026-04-07 16:51:57,35,15,15,0,"fit: 1, efit: 5","fit: 1, efit: 5",,,,0,0,0,0,1,,
2026-04-07 16:56:58,35,15,15,0,"fit: 1, efit: 6","fit: 1, efit: 6",,,,0,0,0,0,1,,
2026-04-07 17:15:19,35,15,15,0,"fit: 2, efit: 6","fit: 2, efit: 6",,,,0,0,0,0,1,,
2026-04-07 17:34:48,35,15,15,0,"fit: 2, efit: 7","fit: 2, efit: 7",,,,0,0,0,0,1,,
2026-04-07 17:45:25,35,15,15,0,"fit: 2, efit: 8","fit: 2, efit: 8",,,,0,0,0,0,1,,
2026-04-07 18:27:17,35,15,15,0,"fit: 2, efit: 7","fit: 2, efit: 7",,,,0,0,0,0,1,,
2026-04-07 19:15:05,35,15,15,0,"fit: 2, efit: 6","fit: 2, efit: 6",,,,0,0,0,0,1,,
2026-04-07 19:50:11,35,15,15,0,"fit: 2, efit: 5","fit: 2, efit: 5",,,,0,0,0,0,1,,
2026-04-07 19:52:34,35,15,15,0,"fit: 3, efit: 5","fit: 3, efit: 5",,,,0,0,0,0,1,,
2026-04-07 19:57:35,35,15,15,0,"fit: 3, efit: 7","fit: 3, efit: 7",,,,0,0,0,0,1,,
2026-04-07 20:10:14,35,15,15,0,"fit: 3, efit: 6","fit: 3, efit: 6",,,,0,0,0,0,1,,
2026-04-07 21:35:28,35,15,15,0,"fit: 3, efit: 7","fit: 3, efit: 7",,,,0,0,0,0,1,,
2026-04-07 22:03:00,35,15,15,0,"fit: 3, efit: 6","fit: 3, efit: 6",,,,0,0,0,0,1,,
2026-04-07 23:10:42,35,15,15,0,"fit: 3, efit: 7","fit: 3, efit: 7",,,,0,0,0,0,1,,
2026-04-08 00:00:50,35,15,15,0,"fit: 3, efit: 7","fit: 3, efit: 7",,,,0,0,0,0,1,,
2026-04-08 00:01:39,35,15,15,0,"fit: 3, efit: 8","fit: 3, efit: 8",,,,0,0,0,0,1,,
2026-04-08 00:03:24,35,15,15,0,"fit: 3, efit: 7","fit: 3, efit: 7",,,,0,0,0,0,1,,
2026-04-08 05:46:43,35,15,15,0,"fit: 3, efit: 8","fit: 3, efit: 8",,,,0,0,0,0,1,,
2026-04-08 07:23:03,35,15,15,0,"fit: 3, efit: 7","fit: 3, efit: 7",,,,0,0,0,0,1,,
2026-04-08 07:43:07,35,15,15,0,"fit: 3, efit: 8","fit: 3, efit: 8",,,,0,0,0,0,1,,
2026-04-08 08:53:21,35,15,15,0,"fit: 2, efit: 8","fit: 2, efit: 8",,,,0,0,0,0,1,,
2026-04-08 09:27:18,35,15,15,0,"fit: 1, efit: 8","fit: 1, efit: 8",,,,0,0,0,0,1,,
2026-04-08 14:23:08,35,15,15,0,"fit: 1, efit: 9","fit: 1, efit: 9",,,,0,0,0,0,1,,
2026-04-08 15:16:30,35,15,15,0,"fit: 1, efit: 10","fit: 1, efit: 10",,,,0,0,0,0,1,,
2026-04-08 17:05:00,35,15,15,0,"fit: 1, efit: 11","fit: 1, efit: 11",,,,0,0,0,0,1,,
2026-04-08 18:58:53,35,15,15,0,"fit: 1, efit: 10","fit: 1, efit: 10",,,,0,0,0,0,1,,
2026-04-08 19:42:26,35,15,15,0,"fit: 1, efit: 11","fit: 1, efit: 11",,,,0,0,0,0,1,,
2026-04-08 19:54:02,35,15,15,0,"fit: 2, efit: 11","fit: 2, efit: 11",,,,0,0,0,0,1,,
2026-04-08 23:11:14,35,15,15,0,"fit: 2, efit: 10","fit: 2, efit: 10",,,,0,0,0,0,1,,
2026-04-08 23:23:10,35,15,15,0,"fit: 2, efit: 11","fit: 2, efit: 11",,,,0,0,0,0,1,,
2026-04-09 00:01:23,35,15,15,0,"fit: 2, efit: 11","fit: 2, efit: 11",,,,0,0,0,0,1,,
2026-04-09 06:37:38,35,15,15,0,"fit: 2, efit: 10","fit: 2, efit: 10",,,,0,0,0,0,1,,
2026-04-09 07:22:47,35,15,15,0,"fit: 2, efit: 9","fit: 2, efit: 9",,,,0,0,0,0,1,,
2026-04-09 07:24:43,35,15,15,0,"fit: 2, efit: 7","fit: 2, efit: 7",,,,0,0,0,0,1,,
2026-04-09 07:25:50,35,15,15,0,"fit: 2, efit: 5","fit: 2, efit: 5",,,,0,0,0,0,1,,
2026-04-09 07:27:48,35,15,15,0,"fit: 2, efit: 4","fit: 2, efit: 4",,,,0,0,0,0,1,,
2026-04-09 08:04:52,35,15,15,0,"fit: 2, efit: 3","fit: 2, efit: 3",,,,0,0,0,0,1,,
2026-04-09 08:20:59,35,15,15,0,"fit: 2, efit: 2","fit: 2, efit: 2",,,,0,0,0,0,1,,
2026-04-09 08:28:01,35,15,15,0,"fit: 2, efit: 1","fit: 2, efit: 1",,,,0,0,0,0,1,,
2026-04-09 09:18:11,35,15,15,0,fit: 2,fit: 2,,,,0,0,0,0,1,,
2026-04-09 09:48:17,35,15,15,0,fit: 1,fit: 1,,,,0,0,0,0,1,,
2026-04-09 10:46:23,35,15,15,0,"fit: 1, efit: 1","fit: 1, efit: 1",,,,0,0,0,0,1,,
2026-04-09 10:51:24,35,15,15,0,"fit: 1, efit: 2","fit: 1, efit: 2",,,,0,0,0,0,1,,
2026-04-09 11:38:40,35,15,15,0,"fit: 1, efit: 1","fit: 1, efit: 1",,,,0,0,0,0,1,,
2026-04-09 13:51:06,35,15,15,0,"fit: 1, efit: 2","fit: 1, efit: 2",,,,0,0,0,0,1,,
2026-04-09 14:09:11,35,15,15,0,"fit: 1, efit: 3","fit: 1, efit: 3",,,,0,0,0,0,1,,
2026-04-09 14:59:21,35,15,15,0,"fit: 1, efit: 4","fit: 1, efit: 4",,,,0,0,0,0,1,,
2026-04-09 15:07:07,35,15,15,0,"fit: 1, efit: 3","fit: 1, efit: 3",,,,0,0,0,0,1,,
2026-04-09 15:54:32,35,15,15,0,"fit: 1, efit: 4","fit: 1, efit: 4",,,,0,0,0,0,1,,
2026-04-09 16:11:35,35,15,15,0,efit: 1,efit: 1,,,,0,0,0,0,1,,
2026-04-09 16:12:17,35,15,15,0,,,,,,0,0,0,0,1,,
2026-04-09 17:06:47,35,15,15,0,efit: 1,efit: 1,,,,0,0,0,0,1,,
2026-04-09 17:09:48,35,15,15,0,,,,,,0,0,0,0,1,,
2026-04-09 18:35:06,35,15,15,0,efit: 1,efit: 1,,,,0,0,0,0,1,,
2026-04-09 18:45:09,35,15,15,0,,,,,,0,0,0,0,1,,
2026-04-09 19:00:12,35,15,15,0,efit: 1,efit: 1,,,,0,0,0,0,1,,
2026-04-09 19:37:51,35,15,15,0,efit: 2,efit: 2,,,,0,0,0,0,1,,
2026-04-09 20:07:26,35,15,15,0,efit: 3,efit: 3,,,,0,0,0,0,1,,
2026-04-09 20:25:28,35,15,15,0,efit: 2,efit: 2,,,,0,0,0,0,1,,
2026-04-09 21:15:38,35,15,15,0,efit: 3,efit: 3,,,,0,0,0,0,1,,
2026-04-10 00:01:10,35,15,15,0,efit: 3,efit: 3,,,,0,0,0,0,1,,
2026-04-10 00:18:16,35,15,15,1,efit: 3,efit: 3,,,,0,0,0,0,1,,
2026-04-10 00:48:22,35,15,15,0,efit: 3,efit: 3,,,,0,0,0,0,1,,
2026-04-10 07:57:40,35,15,15,0,efit: 2,efit: 2,,,,0,0,0,0,1,,
2026-04-10 08:57:52,35,15,15,0,efit: 1,efit: 1,,,,0,0,0,0,1,,
2026-04-10 09:27:58,35,15,15,0,efit: 3,efit: 3,,,,0,0,0,0,1,,
2026-04-10 09:53:03,35,15,15,0,efit: 2,efit: 2,,,,0,0,0,0,1,,
2026-04-10 10:10:04,35,15,15,0,efit: 1,efit: 1,,,,0,0,0,0,1,,
2026-04-10 10:25:06,35,15,15,0,,,,,,0,0,0,0,1,,
2026-04-10 10:55:11,35,15,15,0,efit: 1,efit: 1,,,,0,0,0,0,1,,
2026-04-10 10:58:17,35,15,15,0,,,,,,0,0,0,0,1,,
2026-04-10 11:00:12,35,15,15,0,efit: 1,efit: 1,,,,0,0,0,0,1,,
2026-04-10 11:08:19,35,15,15,0,fit: 1,fit: 1,,,,0,0,0,0,1,,
2026-04-10 12:05:23,35,15,15,0,"fit: 1, efit: 1","fit: 1, efit: 1",,,,0,0,0,0,1,,
2026-04-10 13:05:33,35,15,15,0,fit: 1,fit: 1,,,,0,0,0,0,1,,
2026-04-10 13:33:48,35,15,15,0,"fit: 1, efit: 1","fit: 1, efit: 1",,,,0,0,0,0,1,,
2026-04-10 13:38:49,35,15,15,0,fit: 1,fit: 1,,,,0,0,0,0,1,,
2026-04-10 14:50:51,35,15,15,0,,,,,,0,0,0,0,1,,
2026-04-10 15:30:58,35,15,15,0,efit: 1,efit: 1,,,,0,0,0,0,1,,
2026-04-10 16:16:06,35,15,15,0,efit: 2,efit: 2,,,,0,0,0,0,1,,
2026-04-10 16:19:22,35,15,15,0,efit: 3,efit: 3,,,,0,0,0,0,1,,
2026-04-10 19:31:38,35,15,15,0,efit: 4,efit: 4,,,,0,0,0,0,1,,
2026-04-10 20:07:16,35,15,15,0,efit: 3,efit: 3,,,,0,0,0,0,1,,
2026-04-10 22:57:49,35,15,15,0,efit: 5,efit: 5,,,,0,0,0,0,1,,
2026-04-10 23:42:58,35,15,15,0,efit: 6,efit: 6,,,,0,0,0,0,1,,
2026-04-10 23:52:18,35,15,15,0,efit: 7,efit: 7,,,,0,0,0,0,1,,
2026-04-11 00:00:53,35,15,15,0,efit: 7,efit: 7,,,,0,0,0,0,1,,
2026-04-11 01:53:23,35,15,15,0,"fit: 1, efit: 7","fit: 1, efit: 7",,,,0,0,0,0,1,,
2026-04-11 01:56:15,35,15,15,0,"fit: 2, efit: 5","fit: 2, efit: 5",,,,0,0,0,0,1,,
2026-04-11 02:11:18,35,15,15,0,"fit: 2, efit: 4","fit: 2, efit: 4",,,,0,0,0,0,1,,
2026-04-11 03:01:27,35,15,15,1,"fit: 2, efit: 4","fit: 2, efit: 4",,,,0,0,0,0,1,,
2026-04-11 03:31:33,35,15,15,0,"fit: 2, efit: 4","fit: 2, efit: 4",,,,0,0,0,0,1,,
2026-04-11 06:33:19,35,15,15,1,"fit: 2, efit: 4","fit: 2, efit: 4",,,,0,0,0,0,1,,
2026-04-11 07:03:24,35,15,15,0,"fit: 2, efit: 4","fit: 2, efit: 4",,,,0,0,0,0,1,,
2026-04-11 09:27:41,35,15,15,0,"fit: 2, efit: 5","fit: 2, efit: 5",,,,0,0,0,0,1,,
2026-04-11 10:49:00,35,15,15,0,"fit: 3, efit: 5","fit: 3, efit: 5",,,,0,0,0,0,1,,
2026-04-11 12:05:25,35,15,15,1,"fit: 3, efit: 5","fit: 3, efit: 5",,,,0,0,0,0,1,,
2026-04-11 12:29:17,35,15,15,1,"fit: 3, efit: 4","fit: 3, efit: 4",,,,0,0,0,0,1,,
2026-04-11 12:35:32,35,15,15,0,"fit: 3, efit: 4","fit: 3, efit: 4",,,,0,0,0,0,1,,
2026-04-11 12:43:21,35,15,15,0,"fit: 2, efit: 4","fit: 2, efit: 4",,,,0,0,0,0,1,,
2026-04-11 13:14:24,35,15,15,0,"fit: 2, efit: 2","fit: 2, efit: 2",,,,0,0,0,0,1,,
2026-04-11 13:18:28,35,15,15,0,"fit: 2, efit: 3","fit: 2, efit: 3",,,,0,0,0,0,1,,
2026-04-11 13:43:33,35,15,15,0,"fit: 2, efit: 5","fit: 2, efit: 5",,,,0,0,0,0,1,,
2026-04-11 13:48:34,35,15,15,0,"fit: 2, efit: 7","fit: 2, efit: 7",,,,0,0,0,0,1,,
2026-04-11 14:10:52,35,15,15,0,"fit: 2, efit: 9","fit: 2, efit: 9",,,,0,0,0,0,1,,
2026-04-11 15:14:45,35,15,15,0,"fit: 2, efit: 8","fit: 2, efit: 8",,,,0,0,0,0,1,,
2026-04-11 15:16:07,35,15,15,0,"fit: 1, efit: 7","fit: 1, efit: 7",,,,0,0,0,0,1,,
2026-04-11 15:56:16,35,15,15,0,"fit: 1, efit: 8","fit: 1, efit: 8",,,,0,0,0,0,1,,
2026-04-11 15:59:02,35,15,15,0,"fit: 1, efit: 6","fit: 1, efit: 6",,,,0,0,0,0,1,,
2026-04-11 16:14:55,35,15,15,0,"fit: 1, efit: 4","fit: 1, efit: 4",,,,0,0,0,0,1,,
2026-04-11 16:19:06,35,15,15,0,"fit: 2, efit: 5","fit: 2, efit: 5",,,,0,0,0,0,1,,
2026-04-11 16:34:09,35,15,15,0,"fit: 2, efit: 4","fit: 2, efit: 4",,,,0,0,0,0,1,,
2026-04-11 16:49:12,35,15,15,0,"fit: 2, efit: 5","fit: 2, efit: 5",,,,0,0,0,0,1,,
2026-04-11 16:54:14,35,15,15,0,"fit: 2, efit: 7","fit: 2, efit: 7",,,,0,0,0,0,1,,
2026-04-11 17:01:30,35,15,15,0,"fit: 2, efit: 10","fit: 2, efit: 10",,,,0,0,0,0,1,,
2026-04-11 17:04:16,35,15,15,0,"fit: 3, efit: 10","fit: 3, efit: 10",,,,0,0,0,0,1,,
2026-04-11 17:19:19,35,15,15,0,"fit: 3, efit: 9","fit: 3, efit: 9",,,,0,0,0,0,1,,
2026-04-11 18:20:17,35,15,15,0,"fit: 3, efit: 9","fit: 3, efit: 8",,,,0,0,0,0,1,,
2026-04-11 18:29:34,35,15,15,1,"fit: 3, efit: 10","fit: 3, efit: 9",,,,0,0,0,0,1,,
2026-04-11 18:39:36,35,15,15,0,"fit: 3, efit: 10","fit: 3, efit: 9",,,,0,0,0,0,1,,
2026-04-11 18:51:53,35,15,15,0,"fit: 3, efit: 9","fit: 3, efit: 8",,,,0,0,0,0,1,,
2026-04-11 19:09:42,35,15,15,0,"fit: 3, efit: 9","fit: 3, efit: 9",,,,0,0,0,0,1,,
2026-04-11 19:49:50,35,15,15,0,"fit: 3, efit: 8","fit: 3, efit: 8",,,,0,0,0,0,1,,
2026-04-11 20:55:04,35,15,15,0,"fit: 3, efit: 7","fit: 3, efit: 7",,,,0,0,0,0,1,,
2026-04-11 22:15:20,35,15,15,0,"fit: 3, efit: 9","fit: 3, efit: 9",,,,0,0,0,0,1,,
2026-04-11 23:05:30,35,15,15,0,"fit: 3, efit: 8","fit: 3, efit: 8",,,,0,0,0,0,1,,
2026-04-11 23:42:55,35,15,15,0,"fit: 3, efit: 7","fit: 3, efit: 7",,,,0,0,0,0,1,,
2026-04-12 00:00:41,35,15,15,0,"fit: 3, efit: 7","fit: 3, efit: 7",,,,0,0,0,0,1,,
2026-04-12 07:49:34,35,15,15,0,"fit: 3, efit: 6","fit: 3, efit: 6",,,,0,0,0,0,1,,
2026-04-12 11:37:59,35,15,15,0,"fit: 3, efit: 8","fit: 3, efit: 8",,,,0,0,0,0,1,,
2026-04-12 12:13:06,35,15,15,0,"fit: 3, efit: 9","fit: 3, efit: 9",,,,0,0,0,0,1,,
2026-04-12 12:25:32,35,15,15,0,"fit: 3, efit: 8","fit: 3, efit: 8",,,,0,0,0,0,1,,
2026-04-12 12:55:38,35,15,15,0,"fit: 4, efit: 8","fit: 4, efit: 8",,,,0,0,0,0,1,,
2026-04-12 12:58:15,35,15,15,0,"fit: 4, efit: 9","fit: 4, efit: 9",,,,0,0,0,0,1,,
2026-04-12 13:00:39,35,15,15,0,"fit: 4, efit: 8","fit: 4, efit: 8",,,,0,0,0,0,1,,
2026-04-12 13:03:16,35,15,15,0,"fit: 4, efit: 7","fit: 4, efit: 7",,,,0,0,0,0,1,,
2026-04-12 13:23:21,35,15,15,0,"fit: 4, efit: 6","fit: 4, efit: 6",,,,0,0,0,0,1,,
2026-04-12 13:43:23,35,15,15,0,"fit: 5, efit: 6","fit: 5, efit: 6",,,,0,0,0,0,1,,
2026-04-12 14:51:03,35,15,15,0,"fit: 2, efit: 5","fit: 2, efit: 5",,,,0,0,0,0,1,,
2026-04-12 15:28:37,35,15,15,0,"fit: 2, efit: 6","fit: 2, efit: 6",,,,0,0,0,0,1,,
2026-04-12 15:48:40,35,15,15,0,"fit: 2, efit: 5","fit: 2, efit: 5",,,,0,0,0,0,1,,
2026-04-12 16:38:49,35,15,15,0,"fit: 2, efit: 9","fit: 2, efit: 9",,,,0,0,0,0,1,,
2026-04-12 16:51:29,35,15,15,0,"fit: 1, efit: 10","fit: 1, efit: 10",,,,0,0,0,0,1,,
2026-04-12 16:58:52,35,15,15,0,"fit: 1, efit: 9","fit: 1, efit: 9",,,,0,0,0,0,1,,
2026-04-12 17:59:02,35,15,15,0,"fit: 2, efit: 9","fit: 2, efit: 9",,,,0,0,0,0,1,,
2026-04-12 18:06:44,35,15,15,0,"fit: 2, efit: 8","fit: 2, efit: 8",,,,0,0,0,0,1,,
2026-04-12 18:11:46,35,15,15,0,"fit: 4, efit: 8","fit: 4, efit: 8",,,,0,0,0,0,1,,
2026-04-12 19:14:15,35,15,15,0,"fit: 6, efit: 8","fit: 6, efit: 8",,,,0,0,0,0,1,,
2026-04-12 19:34:18,35,15,15,0,"fit: 6, efit: 6","fit: 6, efit: 6",,,,0,0,0,0,1,,
2026-04-12 19:34:30,35,15,15,0,"fit: 6, efit: 5","fit: 6, efit: 5",,,,0,0,0,0,1,,
2026-04-12 20:44:30,35,15,15,0,"fit: 6, efit: 4","fit: 6, efit: 4",,,,0,0,0,0,1,,
2026-04-12 21:09:34,35,15,15,0,"fit: 6, efit: 3","fit: 6, efit: 3",,,,0,0,0,0,1,,
2026-04-12 21:22:26,35,15,15,1,"fit: 6, efit: 3","fit: 6, efit: 3",,,,0,0,0,0,1,,
2026-04-12 21:24:36,35,15,15,1,"fit: 6, efit: 4","fit: 6, efit: 4",,,,0,0,0,0,1,,
2026-04-12 21:27:27,35,15,15,1,"fit: 6, efit: 3","fit: 6, efit: 3",,,,0,0,0,0,1,,
2026-04-12 21:52:32,35,15,15,0,"fit: 6, efit: 3","fit: 6, efit: 3",,,,0,0,0,0,1,,
2026-04-12 22:22:38,35,15,15,1,"fit: 6, efit: 3","fit: 6, efit: 3",,,,0,0,0,0,1,,
2026-04-12 22:52:44,35,15,15,0,"fit: 6, efit: 3","fit: 6, efit: 3",,,,0,0,0,0,1,,
2026-04-12 23:52:56,35,15,15,1,"fit: 6, efit: 3","fit: 6, efit: 3",,,,0,0,0,0,1,,
2026-04-13 00:00:02,35,15,15,1,"fit: 6, efit: 3","fit: 6, efit: 3",,,,0,0,0,0,1,,
2026-04-13 00:15:04,35,15,15,1,"fit: 6, efit: 1","fit: 6, efit: 1",,,,0,0,0,0,1,,
2026-04-13 00:23:03,35,15,15,0,"fit: 6, efit: 1","fit: 6, efit: 1",,,,0,0,0,0,1,,
2026-04-13 00:43:07,35,15,15,0,"fit: 6, efit: 3","fit: 6, efit: 3",,,,0,0,0,0,1,,
2026-04-13 03:25:36,35,15,15,1,"fit: 6, efit: 3","fit: 6, efit: 3",,,,0,0,0,0,1,,
2026-04-13 03:55:40,35,15,15,0,"fit: 6, efit: 3","fit: 6, efit: 3",,,,0,0,0,0,1,,
2026-04-13 06:36:07,35,15,15,0,"fit: 6, efit: 2","fit: 6, efit: 2",,,,0,0,0,0,1,,
2026-04-13 07:14:26,35,15,15,0,"fit: 6, efit: 2","fit: 6, efit: 1",,,,0,0,0,0,1,,
2026-04-13 07:26:15,35,15,15,0,"fit: 6, efit: 1","fit: 6, efit: 1",,,,0,0,0,0,1,,
2026-04-13 11:06:52,35,15,15,0,"fit: 5, efit: 1","fit: 5, efit: 1",,,,0,0,0,0,1,,
2026-04-13 15:47:40,35,15,15,0,fit: 5,fit: 5,,,,0,0,0,0,1,,
2026-04-13 16:37:48,35,15,15,0,"fit: 5, efit: 1","fit: 5, efit: 1",,,,0,0,0,0,1,,
2026-04-13 17:06:36,35,15,15,0,"fit: 5, efit: 2","fit: 5, efit: 2",,,,0,0,0,0,1,,
2026-04-13 17:49:00,35,15,15,0,"fit: 5, efit: 1","fit: 5, efit: 1",,,,0,0,0,0,1,,
2026-04-13 17:51:46,35,15,15,0,fit: 6,fit: 6,,,,0,0,0,0,1,,
2026-04-13 18:21:53,35,15,15,0,fit: 5,fit: 5,,,,0,0,0,0,1,,
2026-04-13 18:29:08,35,15,15,0,fit: 4,fit: 4,,,,0,0,0,0,1,,
2026-04-13 19:32:08,35,15,15,0,"fit: 4, efit: 1","fit: 4, efit: 1",,,,0,0,0,0,1,,
2026-04-13 19:42:10,35,15,15,0,"fit: 4, efit: 2","fit: 4, efit: 2",,,,0,0,0,0,1,,
2026-04-13 19:47:12,35,15,15,0,"fit: 4, efit: 1","fit: 4, efit: 1",,,,0,0,0,0,1,,
2026-04-13 21:09:41,35,15,15,0,"fit: 4, efit: 2","fit: 4, efit: 2",,,,0,0,0,0,1,,
2026-04-13 21:18:35,35,15,15,0,"fit: 4, efit: 3","fit: 4, efit: 3",,,,0,0,0,0,1,,
2026-04-13 22:32:47,35,15,15,0,"fit: 6, efit: 3","fit: 6, efit: 3",,,,0,0,0,0,1,,
2026-04-14 00:00:15,35,15,15,0,"fit: 6, efit: 3","fit: 6, efit: 3",,,,0,0,0,0,1,,
2026-04-14 01:08:18,35,15,15,0,"fit: 6, efit: 2","fit: 6, efit: 2",,,,0,0,0,0,1,,
2026-04-14 06:36:32,35,15,15,0,"fit: 6, efit: 1","fit: 6, efit: 1",,,,0,0,0,0,1,,
2026-04-14 06:39:24,35,15,15,0,fit: 6,fit: 6,,,,0,0,0,0,1,,
2026-04-14 07:29:34,35,15,15,0,fit: 5,fit: 5,,,,0,0,0,0,1,,
2026-04-14 07:56:48,35,15,15,0,fit: 4,fit: 4,,,,0,0,0,0,1,,
2026-04-14 09:22:05,35,15,15,0,"fit: 4, efit: 1","fit: 4, efit: 1",,,,0,0,0,0,1,,
2026-04-14 09:40:01,35,15,15,0,fit: 4,fit: 4,,,,0,0,0,0,1,,
2026-04-14 10:42:21,35,15,15,0,fit: 3,fit: 3,,,,0,0,0,0,1,,
2026-04-14 11:50:29,35,15,15,0,"fit: 3, efit: 1","fit: 3, efit: 1",,,,0,0,0,0,1,,
2026-04-14 12:25:36,35,15,15,0,"fit: 4, efit: 1","fit: 4, efit: 1",,,,0,0,0,0,1,,
2026-04-14 13:02:49,35,15,15,0,"fit: 4, efit: 2","fit: 4, efit: 2",,,,0,0,0,0,1,,
2026-04-14 14:46:07,35,15,15,0,"fit: 4, efit: 3","fit: 4, efit: 3",,,,0,0,0,0,1,,
2026-04-14 14:51:08,35,15,15,0,"fit: 4, efit: 2","fit: 4, efit: 2",,,,0,0,0,0,1,,
2026-04-14 16:53:37,35,15,15,0,"fit: 4, efit: 3","fit: 4, efit: 3",,,,0,0,0,0,1,,
2026-04-14 17:51:47,35,15,15,0,"fit: 4, efit: 2","fit: 4, efit: 2",,,,0,0,0,0,1,,
2026-04-14 18:33:58,35,15,15,0,fit: 4,fit: 4,,,,0,0,0,0,1,,
2026-04-14 19:04:05,35,15,15,0,"fit: 4, efit: 2","fit: 4, efit: 2",,,,0,0,0,0,1,,
2026-04-14 19:07:04,35,15,15,0,"fit: 4, efit: 1","fit: 4, efit: 1",,,,0,0,0,0,1,,
2026-04-14 19:12:05,35,15,15,0,fit: 4,fit: 4,,,,0,0,0,0,1,,
2026-04-14 19:44:13,35,15,15,0,"fit: 4, efit: 1","fit: 4, efit: 1",,,,0,0,0,0,1,,
2026-04-14 19:52:13,35,15,15,0,fit: 4,fit: 4,,,,0,0,0,0,1,,
2026-04-14 19:54:15,35,15,15,0,"fit: 4, efit: 1","fit: 4, efit: 1",,,,0,0,0,0,1,,
2026-04-14 22:24:45,35,15,15,0,"fit: 4, efit: 2","fit: 4, efit: 2",,,,0,0,0,0,1,,
2026-04-15 00:00:03,35,15,15,0,"fit: 4, efit: 2","fit: 4, efit: 2",,,,0,0,0,0,1,,
2026-04-15 07:19:28,35,15,15,0,"fit: 4, efit: 3","fit: 4, efit: 3",,,,0,0,0,0,1,,
2026-04-15 07:54:35,35,15,15,0,"fit: 4, efit: 2","fit: 4, efit: 2",,,,0,0,0,0,1,,
2026-04-15 08:09:11,35,15,15,0,"fit: 5, efit: 2","fit: 5, efit: 2",,,,0,0,0,0,1,,
2026-04-15 09:31:57,35,15,15,0,"fit: 5, efit: 1","fit: 5, efit: 1",,,,0,0,0,0,1,,
2026-04-15 09:49:28,35,15,15,0,"fit: 4, efit: 1","fit: 4, efit: 1",,,,0,0,0,0,1,,
2026-04-15 10:49:37,35,15,15,0,"fit: 5, efit: 1","fit: 5, efit: 1",,,,0,0,0,0,1,,
2026-04-15 12:05:28,35,15,15,0,"fit: 4, efit: 1","fit: 4, efit: 1",,,,0,0,0,0,1,,
2026-04-15 12:14:51,35,15,15,0,"fit: 4, efit: 4","fit: 4, efit: 4",,,,0,0,0,0,1,,
2026-04-15 12:55:39,35,15,15,0,"fit: 4, efit: 5","fit: 4, efit: 5",,,,0,0,0,0,1,,
2026-04-15 13:35:05,35,15,15,0,"fit: 4, efit: 4","fit: 4, efit: 4",,,,0,0,0,0,1,,
2026-04-15 13:55:08,35,15,15,0,"fit: 4, efit: 5","fit: 4, efit: 5",,,,0,0,0,0,1,,
2026-04-15 14:12:54,35,15,15,0,"fit: 4, efit: 6","fit: 4, efit: 6",,,,0,0,0,0,1,,
2026-04-15 14:15:12,35,15,15,0,"fit: 4, efit: 5","fit: 4, efit: 5",,,,0,0,0,0,1,,
2026-04-15 14:20:12,35,15,15,0,"fit: 4, efit: 4","fit: 4, efit: 4",,,,0,0,0,0,1,,
2026-04-15 14:50:17,35,15,15,0,"fit: 4, efit: 3","fit: 4, efit: 3",,,,0,0,0,0,1,,
2026-04-15 16:00:29,35,15,15,0,"fit: 4, efit: 4","fit: 4, efit: 4",,,,0,0,0,0,1,,
2026-04-15 16:53:27,35,15,15,0,"fit: 4, efit: 3","fit: 4, efit: 3",,,,0,0,0,0,1,,
2026-04-15 17:13:32,35,15,15,0,"fit: 4, efit: 2","fit: 4, efit: 2",,,,0,0,0,0,1,,
2026-04-15 17:30:44,35,15,15,0,"fit: 5, efit: 2","fit: 5, efit: 2",,,,0,0,0,0,1,,
2026-04-15 17:58:41,35,15,15,0,"fit: 5, efit: 3","fit: 5, efit: 3",,,,0,0,0,0,1,,
2026-04-15 18:15:52,35,15,15,0,"fit: 5, efit: 2","fit: 5, efit: 2",,,,0,0,0,0,1,,
2026-04-15 18:20:52,35,15,15,0,"fit: 5, efit: 1","fit: 5, efit: 1",,,,0,0,0,0,1,,
2026-04-15 18:41:51,35,15,15,0,"fit: 5, efit: 3","fit: 5, efit: 3",,,,0,0,0,0,1,,
2026-04-15 18:43:50,35,15,15,0,"fit: 5, efit: 3","fit: 5, efit: 2",,,,0,0,0,0,1,,
2026-04-15 18:53:52,35,15,15,0,"fit: 5, efit: 3","fit: 5, efit: 3",,,,0,0,0,0,1,,
2026-04-15 19:01:55,35,15,15,0,"fit: 5, efit: 4","fit: 5, efit: 4",,,,0,0,0,0,1,,
2026-04-15 19:11:01,35,15,15,0,"fit: 5, efit: 3","fit: 5, efit: 3",,,,0,0,0,0,1,,
2026-04-15 19:16:58,35,15,15,0,"fit: 5, efit: 4","fit: 5, efit: 4",,,,0,0,0,0,1,,
2026-04-15 20:16:12,35,15,15,0,"fit: 5, efit: 5","fit: 5, efit: 5",,,,0,0,0,0,1,,
2026-04-15 20:22:11,35,15,15,0,"fit: 5, efit: 4","fit: 5, efit: 4",,,,0,0,0,0,1,,
2026-04-15 20:47:17,35,15,15,0,"fit: 5, efit: 5","fit: 5, efit: 5",,,,0,0,0,0,1,,
2026-04-15 21:17:22,35,15,15,0,"fit: 5, efit: 6","fit: 5, efit: 6",,,,0,0,0,0,1,,
2026-04-15 22:32:38,35,15,15,0,"fit: 5, efit: 5","fit: 5, efit: 5",,,,0,0,0,0,1,,
2026-04-16 00:01:48,35,15,15,0,"fit: 5, efit: 5","fit: 5, efit: 5",,,,0,0,0,0,1,,
2026-04-16 06:47:51,35,15,15,0,"fit: 5, efit: 4","fit: 5, efit: 4",,,,0,0,0,0,1,,
2026-04-16 07:21:17,35,15,15,0,"fit: 5, efit: 5","fit: 5, efit: 5",,,,0,0,0,0,1,,
2026-04-16 07:29:25,35,15,15,0,"fit: 5, efit: 4","fit: 5, efit: 4",,,,0,0,0,0,1,,
2026-04-16 07:51:22,35,15,15,0,"fit: 5, efit: 3","fit: 5, efit: 3",,,,0,0,0,0,1,,
2026-04-16 08:06:25,35,15,15,0,"fit: 5, efit: 2","fit: 5, efit: 2",,,,0,0,0,0,1,,
2026-04-16 10:18:25,35,15,15,0,"fit: 4, efit: 2","fit: 4, efit: 2",,,,0,0,0,0,1,,
2026-04-16 11:23:36,35,15,15,0,"fit: 4, efit: 3","fit: 4, efit: 3",,,,0,0,0,0,1,,
2026-04-16 13:40:43,35,15,15,0,"fit: 4, efit: 2","fit: 4, efit: 2",,,,0,0,0,0,1,,
2026-04-16 14:07:39,35,15,15,0,"fit: 5, efit: 2","fit: 5, efit: 2",,,,0,0,0,0,1,,
2026-04-16 16:31:19,35,15,15,0,"fit: 5, efit: 3","fit: 5, efit: 3",,,,0,0,0,0,1,,
2026-04-16 16:38:09,35,15,15,0,"fit: 5, efit: 4","fit: 5, efit: 4",,,,0,0,0,0,1,,
2026-04-16 17:06:26,35,15,15,0,"fit: 5, efit: 5","fit: 5, efit: 5",,,,0,0,0,0,1,,
2026-04-16 18:59:51,35,15,15,0,"fit: 5, efit: 4","fit: 5, efit: 4",,,,0,0,0,0,1,,
2026-04-16 19:41:58,35,15,15,0,"fit: 5, efit: 5","fit: 5, efit: 5",,,,0,0,0,0,1,,
2026-04-16 20:02:03,35,15,15,0,"fit: 5, efit: 6","fit: 5, efit: 6",,,,0,0,0,0,1,,
2026-04-16 20:30:06,35,15,15,0,"fit: 6, efit: 6","fit: 6, efit: 6",,,,0,0,0,0,1,,
2026-04-16 20:32:09,35,15,15,0,"fit: 6, efit: 7","fit: 6, efit: 7",,,,0,0,0,0,1,,
2026-04-16 21:12:18,35,15,15,0,"fit: 6, efit: 6","fit: 6, efit: 6",,,,0,0,0,0,1,,
2026-04-16 22:34:20,35,15,15,0,"fit: 6, efit: 5","fit: 6, efit: 5",,,,0,0,0,0,1,,
2026-04-17 00:00:40,35,15,15,0,"fit: 6, efit: 5","fit: 6, efit: 5",,,,0,0,0,0,1,,
2026-04-17 08:10:06,35,15,15,0,"fit: 7, efit: 5","fit: 7, efit: 5",,,,0,0,0,0,1,,
2026-04-17 08:10:58,35,15,15,0,"fit: 7, efit: 4","fit: 7, efit: 4",,,,0,0,0,0,1,,
2026-04-17 08:15:07,35,15,15,0,"fit: 7, efit: 3","fit: 7, efit: 3",,,,0,0,0,0,1,,
2026-04-17 08:25:09,35,15,15,0,"fit: 6, efit: 3","fit: 6, efit: 3",,,,0,0,0,0,1,,
2026-04-17 08:45:12,35,15,15,0,"fit: 6, efit: 1","fit: 6, efit: 1",,,,0,0,0,0,1,,
2026-04-17 09:00:15,35,15,15,0,fit: 6,fit: 6,,,,0,0,0,0,1,,
2026-04-17 10:05:25,35,15,15,0,fit: 7,fit: 7,,,,0,0,0,0,1,,
2026-04-17 11:51:01,35,15,15,0,"fit: 7, efit: 1","fit: 7, efit: 1",,,,0,0,0,0,1,,
2026-04-17 13:25:59,35,15,15,0,fit: 7,fit: 7,,,,0,0,0,0,1,,
2026-04-17 14:41:12,35,15,15,0,fit: 6,fit: 6,,,,0,0,0,0,1,,
2026-04-17 17:21:40,35,15,15,0,fit: 7,fit: 7,,,,0,0,0,0,1,,
2026-04-17 17:46:44,35,15,15,0,fit: 8,fit: 8,,,,0,0,0,0,1,,
2026-04-17 17:51:45,35,15,15,0,fit: 7,fit: 7,,,,0,0,0,0,1,,
2026-04-17 17:56:46,35,15,15,0,fit: 8,fit: 8,,,,0,0,0,0,1,,
2026-04-17 18:36:52,35,15,15,0,fit: 3,fit: 3,,,,0,0,0,0,1,,
2026-04-17 18:41:53,35,15,15,0,fit: 1,fit: 1,,,,0,0,0,0,1,,
2026-04-17 19:27:01,35,15,15,0,,,,,,0,0,0,0,1,,
2026-04-17 19:52:44,35,15,15,0,efit: 1,efit: 1,,,,0,0,0,0,1,,
2026-04-17 20:22:10,35,15,15,0,efit: 2,efit: 2,,,,0,0,0,0,1,,
2026-04-17 21:18:02,35,15,15,0,"fit: 1, efit: 2","fit: 1, efit: 2",,,,0,0,0,0,1,,
2026-04-17 23:38:58,35,15,15,0,"fit: 1, efit: 1","fit: 1, efit: 1",,,,0,0,0,0,1,,
2026-04-18 00:02:47,35,15,15,0,"fit: 1, efit: 1","fit: 1, efit: 1",,,,0,0,0,0,1,,
2026-04-18 00:18:38,35,15,15,0,"fit: 1, efit: 2","fit: 1, efit: 2",,,,0,0,0,0,1,,
2026-04-18 01:38:02,35,15,15,0,"fit: 1, efit: 1","fit: 1, efit: 1",,,,0,0,0,0,1,,
2026-04-18 01:48:56,35,15,15,0,fit: 2,fit: 2,,,,0,0,0,0,1,,
2026-04-18 02:13:07,35,15,15,0,fit: 1,fit: 1,,,,0,0,0,0,1,,
2026-04-18 02:18:08,35,15,15,0,"fit: 1, efit: 1","fit: 1, efit: 1",,,,0,0,0,0,1,,
2026-04-18 02:48:12,35,15,15,0,fit: 1,fit: 1,,,,0,0,0,0,1,,
2026-04-18 07:45:06,35,15,15,0,,,,,,0,0,0,0,1,,
2026-04-18 10:45:59,35,15,15,0,efit: 1,efit: 1,,,,0,0,0,0,1,,
2026-04-18 12:14:41,35,15,15,0,efit: 2,efit: 2,,,,0,0,0,0,1,,
2026-04-18 12:16:04,35,15,15,0,efit: 1,efit: 1,,,,0,0,0,0,1,,
2026-04-18 12:34:44,35,15,15,0,efit: 2,efit: 2,,,,0,0,0,0,1,,
2026-04-18 14:30:04,35,15,15,0,efit: 1,efit: 1,,,,0,0,0,0,1,,
2026-04-18 14:50:07,35,15,15,0,,,,,,0,0,0,0,1,,
2026-04-18 15:25:12,35,15,15,0,efit: 2,efit: 1,,,,0,0,0,0,1,,
2026-04-18 15:51:49,35,15,15,0,efit: 1,,,,,0,0,0,0,1,,
2026-04-18 15:55:17,35,15,15,0,efit: 1,efit: 1,,,,0,0,0,0,1,,
2026-04-18 16:25:22,35,15,15,0,"fit: 1, efit: 1","fit: 1, efit: 1",,,,0,0,0,0,1,,
2026-04-18 16:30:23,35,15,15,0,fit: 1,fit: 1,,,,0,0,0,0,1,,
2026-04-18 16:45:26,35,15,15,0,"fit: 1, efit: 1","fit: 1, efit: 1",,,,0,0,0,0,1,,
2026-04-18 20:05:57,35,15,15,0,"fit: 1, efit: 2","fit: 1, efit: 2",,,,0,0,0,0,1,,
2026-04-18 21:02:52,35,15,15,0,"fit: 1, efit: 4","fit: 1, efit: 4",,,,0,0,0,0,1,,
2026-04-18 22:21:19,35,15,15,0,"fit: 1, efit: 3","fit: 1, efit: 3",,,,0,0,0,0,1,,
2026-04-18 23:11:26,35,15,15,0,"fit: 1, efit: 2","fit: 1, efit: 2",,,,0,0,0,0,1,,
2026-04-18 23:36:31,35,15,15,0,"fit: 1, efit: 3","fit: 1, efit: 3",,,,0,0,0,0,1,,
2026-04-19 00:01:35,35,15,15,0,"fit: 1, efit: 3","fit: 1, efit: 3",,,,0,0,0,0,1,,
2026-04-19 03:38:59,35,15,15,0,"fit: 1, efit: 4","fit: 1, efit: 4",,,,0,0,0,0,1,,
2026-04-19 08:22:52,35,15,15,0,"fit: 1, efit: 3","fit: 1, efit: 3",,,,0,0,0,0,1,,
2026-04-19 10:28:11,35,15,15,0,"fit: 1, efit: 4","fit: 1, efit: 4",,,,0,0,0,0,1,,
2026-04-19 10:48:14,35,15,15,0,"fit: 2, efit: 3","fit: 2, efit: 3",,,,0,0,0,0,1,,
2026-04-19 11:00:20,35,15,15,0,"fit: 2, efit: 4","fit: 2, efit: 4",,,,0,0,0,0,1,,
2026-04-19 11:45:28,35,15,15,0,"fit: 2, efit: 3","fit: 2, efit: 3",,,,0,0,0,0,1,,
2026-04-19 12:45:40,35,15,15,0,"fit: 2, efit: 4","fit: 2, efit: 4",,,,0,0,0,0,1,,
2026-04-19 12:48:34,35,15,15,0,"fit: 2, efit: 5","fit: 2, efit: 5",,,,0,0,0,0,1,,
2026-04-19 14:41:02,35,15,15,0,"fit: 2, efit: 3","fit: 2, efit: 3",,,,0,0,0,0,1,,
2026-04-19 14:58:54,35,15,15,0,"fit: 2, efit: 4","fit: 2, efit: 4",,,,0,0,0,0,1,,
2026-04-19 15:23:58,35,15,15,0,"fit: 2, efit: 5","fit: 2, efit: 5",,,,0,0,0,0,1,,
2026-04-19 15:36:12,35,15,15,0,"fit: 2, efit: 6","fit: 2, efit: 6",,,,0,0,0,0,1,,
2026-04-19 15:44:02,35,15,15,0,"fit: 2, efit: 7","fit: 2, efit: 7",,,,0,0,0,0,1,,
2026-04-19 15:46:14,35,15,15,0,"fit: 2, efit: 8","fit: 2, efit: 8",,,,0,0,0,0,1,,
2026-04-19 16:16:36,35,15,15,0,"fit: 2, efit: 7","fit: 2, efit: 7",,,,0,0,0,0,1,,
2026-04-19 16:29:09,35,15,15,0,"fit: 2, efit: 8","fit: 2, efit: 8",,,,0,0,0,0,1,,
2026-04-19 16:59:14,35,15,15,0,"fit: 2, efit: 8","fit: 2, efit: 7",efit: 1,,,0,0,0,0,1,,
2026-04-19 17:09:15,35,15,15,0,"fit: 2, efit: 7","fit: 2, efit: 6",efit: 1,,,0,0,0,0,1,,
2026-04-19 17:16:32,35,15,15,0,"fit: 2, efit: 8","fit: 2, efit: 7",efit: 1,,,0,0,0,0,1,,
2026-04-19 17:49:21,35,15,15,0,"fit: 2, efit: 7","fit: 2, efit: 6",efit: 1,,,0,0,0,0,1,,
2026-04-19 18:01:40,35,15,15,0,"fit: 2, efit: 12","fit: 2, efit: 11",efit: 1,,,0,0,0,0,1,,
2026-04-19 19:39:39,35,15,15,0,"fit: 2, efit: 11","fit: 2, efit: 10",efit: 1,,,0,0,0,0,1,,
2026-04-19 19:49:41,35,15,15,0,"fit: 2, efit: 10","fit: 2, efit: 9",efit: 1,,,0,0,0,0,1,,
2026-04-19 20:24:46,35,15,15,0,"fit: 2, efit: 9","fit: 2, efit: 8",efit: 1,,,0,0,0,0,1,,
2026-04-19 20:39:49,35,15,15,1,"fit: 2, efit: 9","fit: 2, efit: 8",efit: 1,,,0,0,0,0,1,,
2026-04-19 21:09:53,35,15,15,0,"fit: 2, efit: 9","fit: 2, efit: 8",efit: 1,,,0,0,0,0,1,,
2026-04-19 22:20:05,35,15,15,0,"fit: 2, efit: 10","fit: 2, efit: 9",efit: 1,,,0,0,0,0,1,,
2026-04-19 23:02:36,35,15,15,0,"fit: 2, efit: 9","fit: 2, efit: 8",efit: 1,,,0,0,0,0,1,,
2026-04-20 00:00:20,35,15,15,0,"fit: 2, efit: 9","fit: 2, efit: 8",efit: 1,,,0,0,0,0,1,,
2026-04-20 05:43:50,35,15,15,1,"fit: 2, efit: 9","fit: 2, efit: 8",efit: 1,,,0,0,0,0,1,,
2026-04-20 06:13:55,35,15,15,0,"fit: 2, efit: 9","fit: 2, efit: 8",efit: 1,,,0,0,0,0,1,,
2026-04-20 07:29:42,35,15,15,0,"fit: 2, efit: 8","fit: 2, efit: 7",efit: 1,,,0,0,0,0,1,,
2026-04-20 09:04:27,35,15,15,0,"fit: 2, efit: 9","fit: 2, efit: 8",efit: 1,,,0,0,0,0,1,,
2026-04-20 09:44:35,35,15,15,1,"fit: 2, efit: 9","fit: 2, efit: 8",efit: 1,,,0,0,0,0,1,,
2026-04-20 10:15:18,35,15,15,0,"fit: 2, efit: 9","fit: 2, efit: 8",efit: 1,,,0,0,0,0,1,,
2026-04-20 10:25:20,35,15,15,0,"fit: 3, efit: 8","fit: 3, efit: 7",efit: 1,,,0,0,0,0,1,,
2026-04-20 12:15:44,35,15,15,1,"fit: 3, efit: 8","fit: 3, efit: 7",efit: 1,,,0,0,0,0,1,,
2026-04-20 12:40:49,35,15,15,1,"fit: 3, efit: 7","fit: 3, efit: 6",efit: 1,,,0,0,0,0,1,,
2026-04-20 12:45:13,35,15,15,1,"fit: 3, efit: 8","fit: 3, efit: 7",efit: 1,,,0,0,0,0,1,,
2026-04-20 12:47:22,35,15,15,0,"fit: 3, efit: 8","fit: 3, efit: 7",efit: 1,,,0,0,0,0,1,,
2026-04-20 13:00:54,35,15,15,0,"fit: 3, efit: 9","fit: 3, efit: 8",efit: 1,,,0,0,0,0,1,,
2026-04-20 13:10:18,35,15,15,0,"fit: 3, efit: 8","fit: 3, efit: 7",efit: 1,,,0,0,0,0,1,,
2026-04-20 14:55:38,35,15,15,0,"fit: 2, efit: 8","fit: 2, efit: 7",efit: 1,,,0,0,0,0,1,,
2026-04-20 15:22:47,35,15,15,0,"fit: 2, efit: 9","fit: 2, efit: 8",efit: 1,,,0,0,0,0,1,,
2026-04-20 16:07:55,35,15,15,0,"fit: 2, efit: 10","fit: 2, efit: 9",efit: 1,,,0,0,0,0,1,,
2026-04-20 17:51:55,35,15,15,0,"fit: 2, efit: 11","fit: 2, efit: 10",efit: 1,,,0,0,0,0,1,,
2026-04-20 18:56:25,35,15,15,0,"fit: 2, efit: 12","fit: 2, efit: 11",efit: 1,,,0,0,0,0,1,,
2026-04-20 19:58:33,35,15,15,0,"fit: 2, efit: 11","fit: 2, efit: 10",efit: 1,,,0,0,0,0,1,,
2026-04-20 22:22:04,35,15,15,1,"fit: 2, efit: 11","fit: 2, efit: 10",efit: 1,,,0,0,0,0,1,,
2026-04-20 22:52:09,35,15,15,0,"fit: 2, efit: 11","fit: 2, efit: 10",efit: 1,,,0,0,0,0,1,,
2026-04-21 00:02:22,35,15,15,0,"fit: 2, efit: 11","fit: 2, efit: 10",efit: 1,,,0,0,0,0,1,,
2026-04-21 06:55:17,35,15,15,1,"fit: 2, efit: 11","fit: 2, efit: 10",efit: 1,,,0,0,0,0,1,,
2026-04-21 07:25:21,35,15,15,0,"fit: 2, efit: 11","fit: 2, efit: 10",efit: 1,,,0,0,0,0,1,,
2026-04-21 07:40:24,35,15,15,0,"fit: 2, efit: 10","fit: 2, efit: 9",efit: 1,,,0,0,0,0,1,,
2026-04-21 07:43:47,35,15,15,0,"fit: 2, efit: 9","fit: 2, efit: 8",efit: 1,,,0,0,0,0,1,,
2026-04-21 08:00:27,35,15,15,0,"fit: 2, efit: 8","fit: 2, efit: 7",efit: 1,,,0,0,0,0,1,,
2026-04-21 08:13:52,35,15,15,0,"fit: 2, efit: 7","fit: 2, efit: 6",efit: 1,,,0,0,0,0,1,,
2026-04-21 08:38:57,35,15,15,0,"fit: 1, efit: 7","fit: 1, efit: 6",efit: 1,,,0,0,0,0,1,,
2026-04-21 10:10:13,35,15,15,0,"fit: 1, efit: 6","fit: 1, efit: 5",efit: 1,,,0,0,0,0,1,,
2026-04-21 10:39:20,35,15,15,0,"fit: 2, efit: 6","fit: 2, efit: 5",efit: 1,,,0,0,0,0,1,,
2026-04-21 10:59:24,35,15,15,0,"fit: 2, efit: 7","fit: 2, efit: 6",efit: 1,,,0,0,0,0,1,,
2026-04-21 11:29:30,35,15,15,1,"fit: 2, efit: 7","fit: 2, efit: 6",efit: 1,,,0,0,0,0,1,,
2026-04-21 11:59:35,35,15,15,0,"fit: 2, efit: 7","fit: 2, efit: 6",efit: 1,,,0,0,0,0,1,,
2026-04-21 12:34:42,35,15,15,0,"fit: 2, efit: 8","fit: 2, efit: 7",efit: 1,,,0,0,0,0,1,,
2026-04-21 15:01:14,35,15,15,0,"fit: 2, efit: 9","fit: 2, efit: 8",efit: 1,,,0,0,0,0,1,,
2026-04-21 15:35:18,35,15,15,0,"fit: 2, efit: 10","fit: 2, efit: 9",efit: 1,,,0,0,0,0,1,,
2026-04-21 16:10:25,35,15,15,0,"fit: 2, efit: 11","fit: 2, efit: 10",efit: 1,,,0,0,0,0,1,,
2026-04-21 16:30:29,35,15,15,0,"fit: 2, efit: 12","fit: 2, efit: 11",efit: 1,,,0,0,0,0,1,,
2026-04-21 17:05:36,35,15,15,0,"fit: 2, efit: 13","fit: 2, efit: 12",efit: 1,,,0,0,0,0,1,,
2026-04-21 17:45:44,35,15,15,0,"fit: 2, efit: 12","fit: 2, efit: 11",efit: 1,,,0,0,0,0,1,,
2026-04-21 17:46:49,35,15,15,0,"fit: 2, efit: 13","fit: 2, efit: 12",efit: 1,,,0,0,0,0,1,,
2026-04-21 18:25:52,35,15,15,0,"fit: 2, efit: 12","fit: 2, efit: 11",efit: 1,,,0,0,0,0,1,,
2026-04-21 18:35:54,35,15,15,0,"fit: 2, efit: 13","fit: 2, efit: 12",efit: 1,,,0,0,0,0,1,,
2026-04-21 19:06:01,35,15,15,0,"fit: 2, efit: 12","fit: 2, efit: 11",efit: 1,,,0,0,0,0,1,,
2026-04-21 19:16:03,35,15,15,0,"fit: 2, efit: 10","fit: 2, efit: 9",efit: 1,,,0,0,0,0,1,,
2026-04-21 19:52:15,35,15,15,0,"fit: 2, efit: 11","fit: 2, efit: 10",efit: 1,,,0,0,0,0,1,,
2026-04-21 20:11:13,35,15,15,0,"fit: 2, efit: 12","fit: 2, efit: 11",efit: 1,,,0,0,0,0,1,,
2026-04-21 21:01:23,35,15,15,0,"fit: 2, efit: 13","fit: 2, efit: 12",efit: 1,,,0,0,0,0,1,,
2026-04-21 23:26:51,35,15,15,0,"fit: 2, efit: 12","fit: 2, efit: 11",efit: 1,,,0,0,0,0,1,,
2026-04-22 00:01:57,35,15,15,0,"fit: 2, efit: 12","fit: 2, efit: 11",efit: 1,,,0,0,0,0,1,,
2026-04-22 06:33:09,35,15,15,0,"fit: 2, efit: 9","fit: 2, efit: 8",efit: 1,,,0,0,0,0,1,,
2026-04-22 06:34:00,35,15,15,0,"fit: 1, efit: 8","fit: 1, efit: 7",efit: 1,,,0,0,0,0,1,,
2026-04-22 06:38:10,35,15,15,0,"fit: 1, efit: 7","fit: 1, efit: 7",,,,0,0,0,0,1,,
2026-04-22 07:23:18,35,15,15,0,"fit: 1, efit: 8","fit: 1, efit: 8",,,,0,0,0,0,1,,
2026-04-22 07:28:19,35,15,15,0,"fit: 1, efit: 6","fit: 1, efit: 6",,,,0,0,0,0,1,,
2026-04-22 08:08:26,35,15,15,1,"fit: 1, efit: 6","fit: 1, efit: 6",,,,0,0,0,0,1,,
2026-04-22 08:18:29,35,15,15,1,"fit: 1, efit: 5","fit: 1, efit: 5",,,,0,0,0,0,1,,
2026-04-22 08:24:18,35,15,15,1,"fit: 1, efit: 4","fit: 1, efit: 4",,,,0,0,0,0,1,,
2026-04-22 08:34:19,35,15,15,1,efit: 4,efit: 4,,,,0,0,0,0,1,,
2026-04-22 08:38:32,35,15,15,0,efit: 4,efit: 4,,,,0,0,0,0,1,,
2026-04-22 09:23:41,35,15,15,0,efit: 3,efit: 3,,,,0,0,0,0,1,,
2026-04-22 09:54:32,35,15,15,0,efit: 2,efit: 2,,,,0,0,0,0,1,,
2026-04-22 10:28:57,35,15,15,0,efit: 3,efit: 3,,,,0,0,0,0,1,,
2026-04-22 10:39:40,35,15,15,0,efit: 4,efit: 4,,,,0,0,0,0,1,,
2026-04-22 10:49:01,35,15,15,0,efit: 3,efit: 3,,,,0,0,0,0,1,,
2026-04-22 11:09:05,35,15,15,0,"fit: 1, efit: 3","fit: 1, efit: 3",,,,0,0,0,0,1,,
2026-04-22 12:09:17,35,15,15,0,"fit: 1, efit: 4","fit: 1, efit: 4",,,,0,0,0,0,1,,
2026-04-22 13:00:03,35,15,15,0,"fit: 1, efit: 3","fit: 1, efit: 3",,,,0,0,0,0,1,,
2026-04-22 14:39:46,35,15,15,0,"fit: 1, efit: 4","fit: 1, efit: 4",,,,0,0,0,0,1,,
2026-04-22 16:10:10,35,15,15,0,"fit: 1, efit: 5","fit: 1, efit: 5",,,,0,0,0,0,1,,
2026-04-22 16:50:16,35,15,15,0,"fit: 1, efit: 4","fit: 1, efit: 4",,,,0,0,0,0,1,,
2026-04-22 17:00:18,35,15,15,0,"fit: 1, efit: 3","fit: 1, efit: 3",,,,0,0,0,0,1,,
2026-04-22 17:25:22,35,15,15,0,"fit: 2, efit: 2","fit: 2, efit: 2",,,,0,0,0,0,1,,
2026-04-22 17:30:23,35,15,15,0,"fit: 2, efit: 1","fit: 2, efit: 1",,,,0,0,0,0,1,,
2026-04-22 17:35:24,35,15,15,0,fit: 2,fit: 2,,,,0,0,0,0,1,,
2026-04-22 17:55:27,35,15,15,0,"fit: 1, efit: 1","fit: 1, efit: 1",,,,0,0,0,0,1,,
2026-04-22 18:00:28,35,15,15,0,"fit: 1, efit: 2","fit: 1, efit: 2",,,,0,0,0,0,1,,
2026-04-22 18:20:31,35,15,15,0,"fit: 1, efit: 1","fit: 1, efit: 1",,,,0,0,0,0,1,,
2026-04-22 18:35:34,35,15,15,0,fit: 1,fit: 1,,,,0,0,0,0,1,,
2026-04-22 19:01:33,35,15,15,0,,,,,,0,0,0,0,1,,
2026-04-22 22:26:10,35,15,15,0,efit: 1,efit: 1,,,,0,0,0,0,1,,
2026-04-23 00:01:24,35,15,15,0,efit: 1,efit: 1,,,,0,0,0,0,1,,
2026-04-23 06:42:20,35,15,15,0,,,,,,0,0,0,0,1,,
2026-04-23 07:08:49,35,15,15,0,efit: 1,efit: 1,,,,0,0,0,0,1,,
2026-04-23 07:27:26,35,15,15,0,,,,,,0,0,0,0,1,,
2026-04-23 09:38:50,35,15,15,0,efit: 1,efit: 1,,,,0,0,0,0,1,,
2026-04-23 10:39:02,35,15,15,0,,,,,,0,0,0,0,1,,
2026-04-23 11:02:58,35,15,15,0,fit: 2,fit: 2,,,,0,0,0,0,1,,
2026-04-23 11:04:08,35,15,15,0,fit: 8,fit: 8,,,,0,0,0,0,1,,
2026-04-23 11:04:34,35,15,15,0,fit: 9,fit: 9,,,,0,0,0,0,1,,
2026-04-23 11:44:16,35,15,15,0,fit: 8,fit: 8,,,,0,0,0,0,1,,
2026-04-23 13:04:57,35,15,15,0,"fit: 8, efit: 1","fit: 8, efit: 1",,,,0,0,0,0,1,,
2026-04-23 13:19:59,35,15,15,0,"fit: 9, efit: 1","fit: 9, efit: 1",,,,0,0,0,0,1,,
2026-04-23 13:38:22,35,15,15,0,fit: 9,fit: 9,,,,0,0,0,0,1,,
2026-04-23 14:08:26,35,15,15,0,"fit: 9, efit: 1","fit: 9, efit: 1",,,,0,0,0,0,1,,
2026-04-23 14:09:46,35,15,15,0,"fit: 8, efit: 1","fit: 8, efit: 1",,,,0,0,0,0,1,,
2026-04-23 14:10:09,35,15,15,0,"fit: 9, efit: 1","fit: 9, efit: 1",,,,0,0,0,0,1,,
2026-04-23 14:13:27,35,15,15,0,"fit: 8, efit: 1","fit: 8, efit: 1",,,,0,0,0,0,1,,
2026-04-23 14:43:31,35,15,15,0,fit: 8,fit: 8,,,,0,0,0,0,1,,
2026-04-23 15:30:04,35,15,15,0,fit: 7,fit: 7,,,,0,0,0,0,1,,
2026-04-23 15:38:39,35,15,15,0,fit: 5,fit: 5,,,,0,0,0,0,1,,
2026-04-23 16:03:44,35,15,15,0,fit: 6,fit: 6,,,,0,0,0,0,1,,
2026-04-23 16:18:46,35,15,15,0,fit: 5,fit: 5,,,,0,0,0,0,1,,
2026-04-23 16:25:16,35,15,15,0,"fit: 5, efit: 1","fit: 5, efit: 1",,,,0,0,0,0,1,,
2026-04-23 16:38:49,35,15,15,0,fit: 6,fit: 6,,,,0,0,0,0,1,,
2026-04-23 16:45:21,35,15,15,0,fit: 5,fit: 5,,,,0,0,0,0,1,,
2026-04-23 16:48:51,35,15,15,0,fit: 4,fit: 4,,,,0,0,0,0,1,,
2026-04-23 16:50:22,35,15,15,0,fit: 3,fit: 3,,,,0,0,0,0,1,,
2026-04-23 17:05:26,35,15,15,0,fit: 2,fit: 2,,,,0,0,0,0,1,,
2026-04-23 17:10:46,35,15,15,0,fit: 1,fit: 1,,,,0,0,0,0,1,,
2026-04-23 17:13:55,35,15,15,0,,,,,,0,0,0,0,1,,
2026-04-23 17:15:28,35,15,15,0,efit: 1,,,,,0,0,0,0,1,,
2026-04-23 17:18:56,35,15,15,0,"fit: 2, efit: 1",fit: 2,,,,0,0,0,0,1,,
2026-04-23 17:33:59,35,15,15,0,"fit: 1, efit: 1",fit: 1,,,,0,0,0,0,1,,
2026-04-23 17:40:33,35,15,15,0,"fit: 1, efit: 3","fit: 1, efit: 2",,,,0,0,0,0,1,,
2026-04-23 17:54:03,35,15,15,0,"fit: 1, efit: 3","fit: 1, efit: 3",,,,0,0,0,0,1,,
2026-04-23 18:10:40,35,15,15,0,"fit: 1, efit: 2","fit: 1, efit: 2",,,,0,0,0,0,1,,
2026-04-23 18:11:00,35,15,15,0,efit: 2,efit: 2,,,,0,0,0,0,1,,
2026-04-23 18:19:07,35,15,15,0,,,,,,0,0,0,0,1,,
2026-04-23 19:09:15,35,15,15,0,efit: 2,efit: 2,,,,0,0,0,0,1,,
2026-04-23 19:25:58,35,15,15,0,"fit: 1, efit: 2","fit: 1, efit: 2",,,,0,0,0,0,1,,
2026-04-23 19:30:59,35,15,15,0,"fit: 1, efit: 1","fit: 1, efit: 1",,,,0,0,0,0,1,,
2026-04-23 19:41:02,35,15,15,0,"fit: 1, efit: 3","fit: 1, efit: 3",,,,0,0,0,0,1,,
2026-04-23 19:59:24,35,15,15,0,"fit: 1, efit: 2","fit: 1, efit: 2",,,,0,0,0,0,1,,
2026-04-23 20:14:26,35,15,15,0,"fit: 1, efit: 1","fit: 1, efit: 1",,,,0,0,0,0,1,,
2026-04-23 20:21:10,35,15,15,0,fit: 1,fit: 1,,,,0,0,0,0,1,,
2026-04-23 21:31:39,35,15,15,0,"fit: 1, efit: 1","fit: 1, efit: 1",,,,0,0,0,0,1,,
2026-04-23 21:59:43,35,15,15,0,"fit: 3, efit: 1","fit: 3, efit: 1",,,,0,0,0,0,1,,
2026-04-23 22:26:38,35,15,15,0,"fit: 4, efit: 1","fit: 4, efit: 1",,,,0,0,0,0,1,,
2026-04-23 22:34:48,35,15,15,0,"fit: 6, efit: 1","fit: 6, efit: 1",,,,0,0,0,0,1,,
2026-04-23 22:51:43,35,15,15,0,"fit: 7, efit: 1","fit: 7, efit: 1",,,,0,0,0,0,1,,
2026-04-23 22:54:51,35,15,15,0,"fit: 7, efit: 5","fit: 7, efit: 4",efit: 1,,,0,0,0,0,1,,
2026-04-23 22:59:52,35,15,15,0,"fit: 9, efit: 5","fit: 9, efit: 4",efit: 1,,,0,0,0,0,1,,
2026-04-23 23:14:54,35,15,15,0,"fit: 9, efit: 4","fit: 9, efit: 3",efit: 1,,,0,0,0,0,1,,
2026-04-23 23:19:55,35,15,15,0,"fit: 11, efit: 3","fit: 11, efit: 2",efit: 1,,,0,0,0,0,1,,
2026-04-23 23:24:56,35,15,15,0,"fit: 11, efit: 4","fit: 11, efit: 3",efit: 1,,,0,0,0,0,1,,
2026-04-24 00:00:02,35,15,15,0,"fit: 11, efit: 4","fit: 11, efit: 3",efit: 1,,,0,0,0,0,1,,
2026-04-24 03:57:47,35,15,15,1,"fit: 11, efit: 4","fit: 11, efit: 3",efit: 1,,,0,0,0,0,1,,
2026-04-24 04:27:53,35,15,15,0,"fit: 11, efit: 4","fit: 11, efit: 3",efit: 1,,,0,0,0,0,1,,
2026-04-24 07:41:10,35,15,15,0,"fit: 11, efit: 3","fit: 11, efit: 2",efit: 1,,,0,0,0,0,1,,
2026-04-24 08:01:13,35,15,15,0,"fit: 11, efit: 4","fit: 11, efit: 3",efit: 1,,,0,0,0,0,1,,
2026-04-24 08:18:32,35,15,15,0,"fit: 10, efit: 4","fit: 10, efit: 3",efit: 1,,,0,0,0,0,1,,
2026-04-24 08:23:33,35,15,15,0,"fit: 9, efit: 4","fit: 9, efit: 3",efit: 1,,,0,0,0,0,1,,
2026-04-24 08:41:19,35,15,15,0,"fit: 9, efit: 3","fit: 9, efit: 2",efit: 1,,,0,0,0,0,1,,
2026-04-24 08:51:20,35,15,15,0,"fit: 9, efit: 2","fit: 9, efit: 2",,,,0,0,0,0,1,,
2026-04-24 08:53:39,35,15,15,0,"fit: 8, efit: 2","fit: 8, efit: 2",,,,0,0,0,0,1,,
2026-04-24 08:56:21,35,15,15,0,"fit: 7, efit: 2","fit: 7, efit: 2",,,,0,0,0,0,1,,
2026-04-24 09:08:42,35,15,15,0,"fit: 7, efit: 3","fit: 7, efit: 3",,,,0,0,0,0,1,,
2026-04-24 09:18:44,35,15,15,0,"fit: 7, efit: 4","fit: 7, efit: 4",,,,0,0,0,0,1,,
2026-04-24 11:11:42,35,15,15,0,"fit: 7, efit: 5","fit: 7, efit: 5",,,,0,0,0,0,1,,
2026-04-24 11:24:09,35,15,15,0,"fit: 7, efit: 6","fit: 7, efit: 5",,,,0,0,0,0,1,,
2026-04-24 11:31:45,35,15,15,0,"fit: 7, efit: 5","fit: 7, efit: 4",,,,0,0,0,0,1,,
2026-04-24 11:44:13,35,15,15,0,"fit: 7, efit: 3","fit: 7, efit: 2",,,,0,0,0,0,1,,
2026-04-24 11:59:16,35,15,15,0,"fit: 7, efit: 3","fit: 7, efit: 3",,,,0,0,0,0,1,,
2026-04-24 12:34:22,35,15,15,0,"fit: 7, efit: 1","fit: 7, efit: 1",,,,0,0,0,0,1,,
2026-04-24 12:39:23,35,15,15,0,"fit: 7, efit: 3","fit: 7, efit: 3",,,,0,0,0,0,1,,
2026-04-24 13:09:29,35,15,15,0,"fit: 7, efit: 2","fit: 7, efit: 2",,,,0,0,0,0,1,,
2026-04-24 13:12:01,35,15,15,0,"fit: 7, efit: 1","fit: 7, efit: 1",,,,0,0,0,0,1,,
2026-04-24 13:17:02,35,15,15,0,"fit: 6, efit: 1","fit: 6, efit: 1",,,,0,0,0,0,1,,
2026-04-24 13:19:31,35,15,15,0,"fit: 5, efit: 1","fit: 5, efit: 1",,,,0,0,0,0,1,,
2026-04-24 13:42:05,35,15,15,0,"fit: 4, efit: 1","fit: 4, efit: 1",,,,0,0,0,0,1,,
2026-04-24 13:44:36,35,15,15,0,"fit: 3, efit: 1","fit: 3, efit: 1",,,,0,0,0,0,1,,
2026-04-24 14:22:11,35,15,15,0,fit: 3,fit: 3,,,,0,0,0,0,1,,
2026-04-24 15:27:21,35,15,15,0,"fit: 3, efit: 1","fit: 3, efit: 1",,,,0,0,0,0,1,,
2026-04-24 15:39:58,35,15,15,0,fit: 3,fit: 3,,,,0,0,0,0,1,,
2026-04-24 15:57:26,35,15,15,0,"fit: 3, efit: 1","fit: 3, efit: 1",,,,0,0,0,0,1,,
2026-04-24 16:20:07,35,15,15,0,fit: 3,fit: 3,,,,0,0,0,0,1,,
2026-04-24 16:45:12,35,15,15,0,"fit: 3, efit: 1","fit: 3, efit: 1",,,,0,0,0,0,1,,
2026-04-24 16:52:35,35,15,15,0,"fit: 3, efit: 3","fit: 3, efit: 3",,,,0,0,0,0,1,,
2026-04-24 17:02:36,35,15,15,0,"fit: 3, efit: 2","fit: 3, efit: 2",,,,0,0,0,0,1,,
2026-04-24 17:15:18,35,15,15,0,"fit: 3, efit: 3","fit: 3, efit: 2",,,,0,0,0,0,1,,
2026-04-24 17:22:39,35,15,15,0,"fit: 2, efit: 3","fit: 2, efit: 2",,,,0,0,0,0,1,,
2026-04-24 17:35:22,35,15,15,0,"fit: 2, efit: 3","fit: 2, efit: 3",,,,0,0,0,0,1,,
2026-04-24 18:05:27,35,15,15,0,"fit: 1, efit: 2","fit: 1, efit: 2",,,,0,0,0,0,1,,
2026-04-24 18:07:46,35,15,15,0,,,,,,0,0,0,0,1,,
2026-04-24 18:20:30,35,15,15,0,"fit: 1, efit: 2","fit: 1, efit: 2",,,,0,0,0,0,1,,
2026-04-24 18:25:31,35,15,15,0,,,,,,0,0,0,0,1,,
2026-04-24 18:40:34,35,15,15,0,fit: 2,fit: 2,,,,0,0,0,0,1,,
2026-04-24 18:42:51,35,15,15,0,,,,,,0,0,0,0,1,,
2026-04-24 18:47:52,35,15,15,0,efit: 1,efit: 1,,,,0,0,0,0,1,,
2026-04-24 18:50:36,35,15,15,0,,,,,,0,0,0,0,1,,
2026-04-24 19:07:55,35,15,15,0,fit: 1,fit: 1,,,,0,0,0,0,1,,
2026-04-24 19:32:59,35,15,15,0,"fit: 1, efit: 1","fit: 1, efit: 1",,,,0,0,0,0,1,,
2026-04-24 19:40:46,35,15,15,0,fit: 1,fit: 1,,,,0,0,0,0,1,,
2026-04-24 20:28:08,35,15,15,0,"fit: 1, efit: 1","fit: 1, efit: 1",,,,0,0,0,0,1,,
2026-04-24 20:30:56,35,15,15,0,"fit: 1, efit: 2","fit: 1, efit: 2",,,,0,0,0,0,1,,
2026-04-24 20:35:57,35,15,15,0,"fit: 1, efit: 4","fit: 1, efit: 4",,,,0,0,0,0,1,,
2026-04-24 20:45:59,35,15,15,0,"fit: 1, efit: 2","fit: 1, efit: 2",,,,0,0,0,0,1,,
2026-04-24 20:48:11,35,15,15,0,efit: 1,efit: 1,,,,0,0,0,0,1,,
2026-04-24 21:03:13,35,15,15,0,efit: 2,efit: 2,,,,0,0,0,0,1,,
2026-04-24 21:06:03,35,15,15,0,efit: 1,efit: 1,,,,0,0,0,0,1,,
2026-04-24 21:18:15,35,15,15,0,efit: 2,efit: 2,,,,0,0,0,0,1,,
2026-04-24 21:28:17,35,15,15,0,efit: 1,efit: 1,,,,0,0,0,0,1,,
2026-04-24 21:41:10,35,15,15,0,efit: 2,efit: 2,,,,0,0,0,0,1,,
2026-04-24 21:46:11,35,15,15,0,"fit: 1, efit: 2","fit: 1, efit: 2",,,,0,0,0,0,1,,
2026-04-24 21:46:26,35,15,15,0,"fit: 1, efit: 3","fit: 1, efit: 3",,,,0,0,0,0,1,,
2026-04-24 22:01:13,35,15,15,0,"fit: 2, efit: 3","fit: 2, efit: 3",,,,0,0,0,0,1,,
2026-04-24 22:18:24,35,15,15,0,"fit: 2, efit: 4","fit: 2, efit: 4",,,,0,0,0,0,1,,
2026-04-24 22:31:19,35,15,15,0,"fit: 3, efit: 3","fit: 3, efit: 3",,,,0,0,0,0,1,,
2026-04-24 23:41:32,35,15,15,0,"fit: 5, efit: 3","fit: 5, efit: 3",,,,0,0,0,0,1,,
2026-04-25 00:01:35,35,15,15,0,"fit: 5, efit: 3","fit: 5, efit: 3",,,,0,0,0,0,1,,
2026-04-25 00:01:54,35,15,15,0,"fit: 5, efit: 4","fit: 5, efit: 4",,,,0,0,0,0,1,,
2026-04-25 01:43:53,35,15,15,0,"fit: 6, efit: 4","fit: 6, efit: 4",,,,0,0,0,0,1,,
2026-04-25 01:46:54,35,15,15,0,"fit: 6, efit: 3","fit: 6, efit: 3",,,,0,0,0,0,1,,
2026-04-25 01:48:54,35,15,15,0,"fit: 6, efit: 1","fit: 6, efit: 1",,,,0,0,0,0,1,,
2026-04-25 01:51:55,35,15,15,0,fit: 8,fit: 8,,,,0,0,0,0,1,,
2026-04-25 02:03:56,35,15,15,0,fit: 7,fit: 7,,,,0,0,0,0,1,,
2026-04-25 06:32:44,35,15,15,0,fit: 6,fit: 6,,,,0,0,0,0,1,,
2026-04-25 07:17:52,35,15,15,0,fit: 5,fit: 5,,,,0,0,0,0,1,,
2026-04-25 07:18:21,35,15,15,0,fit: 4,fit: 4,,,,0,0,0,0,1,,
2026-04-25 07:24:40,35,15,15,0,"fit: 4, efit: 1","fit: 4, efit: 1",,,,0,0,0,0,1,,
2026-04-25 08:04:45,35,15,15,0,"fit: 4, efit: 2","fit: 4, efit: 2",,,,0,0,0,0,1,,
2026-04-25 10:23:26,35,15,15,0,"fit: 4, efit: 3","fit: 4, efit: 3",,,,0,0,0,0,1,,
2026-04-25 11:38:40,35,15,15,0,"fit: 4, efit: 4","fit: 4, efit: 4",,,,0,0,0,0,1,,
2026-04-25 12:23:49,35,15,15,0,"fit: 4, efit: 3","fit: 4, efit: 3",,,,0,0,0,0,1,,
2026-04-25 13:30:33,35,15,15,0,"fit: 4, efit: 2","fit: 4, efit: 2",,,,0,0,0,0,1,,
2026-04-25 13:49:05,35,15,15,0,"fit: 4, efit: 1","fit: 4, efit: 1",,,,0,0,0,0,1,,
2026-04-25 14:09:09,35,15,15,0,"fit: 4, efit: 2","fit: 4, efit: 2",,,,0,0,0,0,1,,
2026-04-25 14:29:12,35,15,15,0,"fit: 4, efit: 1","fit: 4, efit: 1",,,,0,0,0,0,1,,
2026-04-25 14:34:51,35,15,15,0,"fit: 3, efit: 1","fit: 3, efit: 1",,,,0,0,0,0,1,,
2026-04-25 16:09:31,35,15,15,0,"fit: 3, efit: 3","fit: 3, efit: 3",,,,0,0,0,0,1,,
2026-04-25 16:10:56,35,15,15,0,"fit: 3, efit: 2","fit: 3, efit: 2",,,,0,0,0,0,1,,
2026-04-25 16:59:41,35,15,15,0,"fit: 3, efit: 1","fit: 3, efit: 1",,,,0,0,0,0,1,,
2026-04-25 17:19:45,35,15,15,0,"fit: 4, efit: 1","fit: 4, efit: 1",,,,0,0,0,0,1,,
2026-04-25 19:25:09,35,15,15,0,"fit: 4, efit: 2","fit: 4, efit: 2",,,,0,0,0,0,1,,
2026-04-25 20:10:18,35,15,15,0,"fit: 5, efit: 1","fit: 5, efit: 1",,,,0,0,0,0,1,,
2026-04-25 22:35:45,35,15,15,0,"fit: 5, efit: 3","fit: 5, efit: 3",,,,0,0,0,0,1,,
2026-04-25 22:50:48,35,15,15,0,"fit: 5, efit: 2","fit: 5, efit: 2",,,,0,0,0,0,1,,
2026-04-26 00:01:01,35,15,15,0,"fit: 5, efit: 2","fit: 5, efit: 2",,,,0,0,0,0,1,,
2026-04-26 00:36:07,35,15,15,0,"fit: 5, efit: 3","fit: 5, efit: 3",,,,0,0,0,0,1,,
2026-04-26 01:06:13,35,15,15,0,"fit: 5, efit: 1","fit: 5, efit: 1",,,,0,0,0,0,1,,
2026-04-26 07:17:19,35,15,15,0,fit: 5,fit: 5,,,,0,0,0,0,1,,
2026-04-26 07:22:20,35,15,15,0,fit: 4,fit: 4,,,,0,0,0,0,1,,
2026-04-26 09:33:44,35,15,15,0,fit: 3,fit: 3,,,,0,0,0,0,1,,
2026-04-26 09:37:45,35,15,15,0,fit: 2,fit: 2,,,,0,0,0,0,1,,
2026-04-26 10:18:54,35,15,15,0,"fit: 2, efit: 1","fit: 2, efit: 1",,,,0,0,0,0,1,,
2026-04-26 10:42:57,35,15,15,0,"fit: 2, efit: 3","fit: 2, efit: 3",,,,0,0,0,0,1,,
2026-04-26 11:23:05,35,15,15,1,"fit: 2, efit: 3","fit: 2, efit: 3",,,,0,0,0,0,1,,
2026-04-26 11:38:08,35,15,15,1,"fit: 2, efit: 3","fit: 2, efit: 1",efit: 2,,,0,0,0,0,1,,
2026-04-26 11:53:10,35,15,15,0,"fit: 2, efit: 3","fit: 2, efit: 1",efit: 2,,,0,0,0,0,1,,
2026-04-26 12:53:52,35,15,15,1,"fit: 2, efit: 3","fit: 2, efit: 1",efit: 2,,,0,0,0,0,1,,
2026-04-26 13:13:26,35,15,15,1,"fit: 2, efit: 4","fit: 2, efit: 2",efit: 2,,,0,0,0,0,1,,
2026-04-26 13:23:28,35,15,15,0,"fit: 2, efit: 4","fit: 2, efit: 2",efit: 2,,,0,0,0,0,1,,
2026-04-26 14:09:43,35,15,15,0,"fit: 2, efit: 5","fit: 2, efit: 3",efit: 2,,,0,0,0,0,1,,
2026-04-26 14:13:38,35,15,15,0,"fit: 2, efit: 7","fit: 2, efit: 5",efit: 2,,,0,0,0,0,1,,
2026-04-26 14:33:42,35,15,15,0,"fit: 2, efit: 6","fit: 2, efit: 4",efit: 2,,,0,0,0,0,1,,
2026-04-26 14:43:44,35,15,15,0,"fit: 2, efit: 5","fit: 2, efit: 3",efit: 2,,,0,0,0,0,1,,
2026-04-26 15:03:49,35,15,15,0,"fit: 2, efit: 6","fit: 2, efit: 4",efit: 2,,,0,0,0,0,1,,
2026-04-26 15:08:50,35,15,15,0,"fit: 2, efit: 5","fit: 2, efit: 3",efit: 2,,,0,0,0,0,1,,
2026-04-26 16:14:03,35,15,15,0,"fit: 2, efit: 4","fit: 2, efit: 2",efit: 2,,,0,0,0,0,1,,
2026-04-26 16:19:04,35,15,15,0,"fit: 2, efit: 3","fit: 2, efit: 1",efit: 2,,,0,0,0,0,1,,
2026-04-26 16:34:07,35,15,15,0,"fit: 2, efit: 2",fit: 2,efit: 2,,,0,0,0,0,1,,
2026-04-26 16:49:09,35,15,15,0,"fit: 2, efit: 4","fit: 2, efit: 2",efit: 2,,,0,0,0,0,1,,
2026-04-26 16:49:29,35,15,15,0,"fit: 2, efit: 5","fit: 2, efit: 3",efit: 2,,,0,0,0,0,1,,
2026-04-26 16:54:10,35,15,15,0,"fit: 2, efit: 3","fit: 2, efit: 1",efit: 2,,,0,0,0,0,1,,
2026-04-26 17:04:12,35,15,15,0,"fit: 2, efit: 4","fit: 2, efit: 2",efit: 2,,,0,0,0,0,1,,
2026-04-26 17:20:26,35,15,15,0,"fit: 2, efit: 3","fit: 2, efit: 1",efit: 2,,,0,0,0,0,1,,
2026-04-26 17:25:27,35,15,15,0,"fit: 3, efit: 3","fit: 3, efit: 1",efit: 2,,,0,0,0,0,1,,
2026-04-26 17:29:17,35,15,15,0,"fit: 2, efit: 3","fit: 2, efit: 1",efit: 2,,,0,0,0,0,1,,
2026-04-26 17:39:19,35,15,15,0,"fit: 2, efit: 4","fit: 2, efit: 2",efit: 2,,,0,0,0,0,1,,
2026-04-26 18:14:26,35,15,15,0,"fit: 2, efit: 5","fit: 2, efit: 3",efit: 2,,,0,0,0,0,1,,
2026-04-26 18:49:33,35,15,15,0,"fit: 2, efit: 4","fit: 2, efit: 2",efit: 2,,,0,0,0,0,1,,
2026-04-26 18:59:35,35,15,15,0,"fit: 2, efit: 5","fit: 2, efit: 3",efit: 2,,,0,0,0,0,1,,
2026-04-26 23:40:29,35,15,15,0,"fit: 2, efit: 6","fit: 2, efit: 4",efit: 2,,,0,0,0,0,1,,
2026-04-27 00:00:32,35,15,15,0,"fit: 2, efit: 6","fit: 2, efit: 4",efit: 2,,,0,0,0,0,1,,
2026-04-27 03:31:02,35,15,15,0,"fit: 2, efit: 6","fit: 2, efit: 3",efit: 3,,,0,0,0,0,1,,
2026-04-27 07:21:35,35,15,15,0,"fit: 2, efit: 7","fit: 2, efit: 4",efit: 3,,,0,0,0,0,1,,
2026-04-27 07:41:38,35,15,15,0,"fit: 3, efit: 6","fit: 3, efit: 3",efit: 3,,,0,0,0,0,1,,
2026-04-27 09:41:56,35,15,15,0,"fit: 3, efit: 5","fit: 3, efit: 2",efit: 3,,,0,0,0,0,1,,
2026-04-27 11:17:14,35,15,15,0,"fit: 4, efit: 4","fit: 4, efit: 1",efit: 3,,,0,0,0,0,1,,
2026-04-27 12:22:24,35,15,15,0,"fit: 4, efit: 3",fit: 4,efit: 3,,,0,0,0,0,1,,
2026-04-27 14:42:45,35,15,15,0,"fit: 3, efit: 3",fit: 3,efit: 3,,,0,0,0,0,1,,
2026-04-27 15:10:00,35,15,15,0,"fit: 3, efit: 1",fit: 3,efit: 1,,,0,0,0,0,1,,
2026-04-27 15:13:22,35,15,15,0,fit: 3,fit: 3,,,,0,0,0,0,1,,
2026-04-27 15:15:01,35,15,15,0,"fit: 3, efit: 1","fit: 3, efit: 1",,,,0,0,0,0,1,,
2026-04-27 15:22:52,35,15,15,0,fit: 3,fit: 3,,,,0,0,0,0,1,,
2026-04-27 15:32:54,35,15,15,0,"fit: 3, efit: 1","fit: 3, efit: 1",,,,0,0,0,0,1,,
2026-04-27 17:25:33,35,15,15,0,"fit: 3, efit: 2","fit: 3, efit: 2",,,,0,0,0,0,1,,
2026-04-27 18:18:23,35,15,15,0,fit: 3,fit: 3,,,,0,0,0,0,1,,
2026-04-27 18:20:45,35,15,15,0,"fit: 3, efit: 1","fit: 3, efit: 1",,,,0,0,0,0,1,,
2026-04-27 18:25:46,35,15,15,0,"fit: 4, efit: 1","fit: 4, efit: 1",,,,0,0,0,0,1,,
2026-04-27 19:43:36,35,15,15,0,"fit: 4, efit: 2","fit: 4, efit: 2",,,,0,0,0,0,1,,
2026-04-27 20:11:09,35,15,15,0,"fit: 4, efit: 4","fit: 4, efit: 4",,,,0,0,0,0,1,,
2026-04-27 20:23:42,35,15,15,0,"fit: 4, efit: 5","fit: 4, efit: 5",,,,0,0,0,0,1,,
2026-04-27 21:48:55,35,15,15,0,"fit: 4, efit: 6","fit: 4, efit: 6",,,,0,0,0,0,1,,
2026-04-28 00:00:12,35,15,15,0,"fit: 4, efit: 6","fit: 4, efit: 6",,,,0,0,0,0,1,,
2026-04-28 07:28:27,35,15,15,0,"fit: 4, efit: 5","fit: 4, efit: 5",,,,0,0,0,0,1,,
2026-04-28 08:20:27,35,15,15,0,"fit: 4, efit: 4","fit: 4, efit: 4",,,,0,0,0,0,1,,
2026-04-28 08:45:31,35,15,15,0,"fit: 4, efit: 3","fit: 4, efit: 3",,,,0,0,0,0,1,,
2026-04-28 13:59:49,35,15,15,0,"fit: 4, efit: 4","fit: 4, efit: 4",,,,0,0,0,0,1,,
2026-04-28 14:53:02,35,15,15,0,"fit: 4, efit: 5","fit: 4, efit: 5",,,,0,0,0,0,1,,
2026-04-28 14:56:29,35,15,15,0,"fit: 4, efit: 6","fit: 4, efit: 6",,,,0,0,0,0,1,,
2026-04-28 15:55:14,35,15,15,0,"fit: 4, efit: 7","fit: 4, efit: 7",,,,0,0,0,0,1,,
2026-04-28 16:28:21,35,15,15,0,"fit: 4, efit: 8","fit: 4, efit: 8",,,,0,0,0,0,1,,
2026-04-28 17:06:49,35,15,15,0,"fit: 4, efit: 9","fit: 4, efit: 9",,,,0,0,0,0,1,,
2026-04-28 17:15:31,35,15,15,0,"fit: 4, efit: 10","fit: 4, efit: 10",,,,0,0,0,0,1,,
2026-04-28 17:43:36,35,15,15,0,"fit: 4, efit: 9","fit: 4, efit: 9",,,,0,0,0,0,1,,
2026-04-28 17:53:38,35,15,15,0,"fit: 4, efit: 7","fit: 4, efit: 7",,,,0,0,0,0,1,,
2026-04-28 18:10:44,35,15,15,0,"fit: 4, efit: 8","fit: 4, efit: 8",,,,0,0,0,0,1,,
2026-04-28 18:18:43,35,15,15,0,"fit: 4, efit: 7","fit: 4, efit: 7",,,,0,0,0,0,1,,
2026-04-28 18:23:44,35,15,15,0,"fit: 4, efit: 6","fit: 4, efit: 6",,,,0,0,0,0,1,,
2026-04-28 18:25:47,35,15,15,0,"fit: 5, efit: 6","fit: 5, efit: 6",,,,0,0,0,0,1,,
2026-04-28 18:37:04,35,15,15,0,"fit: 5, efit: 7","fit: 5, efit: 7",,,,0,0,0,0,1,,
2026-04-28 18:48:49,35,15,15,0,"fit: 5, efit: 6","fit: 5, efit: 6",,,,0,0,0,0,1,,
2026-04-28 18:57:07,35,15,15,0,"fit: 5, efit: 7","fit: 5, efit: 7",,,,0,0,0,0,1,,
2026-04-28 18:58:51,35,15,15,0,"fit: 5, efit: 6","fit: 5, efit: 6",,,,0,0,0,0,1,,
2026-04-28 19:08:53,35,15,15,0,"fit: 6, efit: 6","fit: 6, efit: 6",,,,0,0,0,0,1,,
2026-04-28 20:11:10,35,15,15,0,"fit: 6, efit: 7","fit: 6, efit: 7",,,,0,0,0,0,1,,
2026-04-28 21:01:20,35,15,15,0,"fit: 6, efit: 8","fit: 6, efit: 8",,,,0,0,0,0,1,,
2026-04-28 21:22:29,35,15,15,0,"fit: 7, efit: 8","fit: 7, efit: 8",,,,0,0,0,0,1,,
2026-04-28 21:26:25,35,15,15,0,"fit: 7, efit: 7","fit: 7, efit: 7",,,,0,0,0,0,1,,
2026-04-29 00:01:57,35,15,15,0,"fit: 7, efit: 7","fit: 7, efit: 7",,,,0,0,0,0,1,,
2026-04-29 07:08:22,35,15,15,0,"fit: 7, efit: 8","fit: 7, efit: 8",,,,0,0,0,0,1,,
2026-04-29 07:28:26,35,15,15,0,"fit: 7, efit: 7","fit: 7, efit: 7",,,,0,0,0,0,1,,
2026-04-29 07:28:56,35,15,15,0,"fit: 7, efit: 6","fit: 7, efit: 6",,,,0,0,0,0,1,,
2026-04-29 07:43:58,35,15,15,0,"fit: 7, efit: 5","fit: 7, efit: 5",,,,0,0,0,0,1,,
2026-04-29 08:33:39,35,15,15,0,"fit: 7, efit: 6","fit: 7, efit: 6",,,,0,0,0,0,1,,
2026-04-29 10:49:07,35,15,15,0,"fit: 3, efit: 4","fit: 3, efit: 4",,,,0,0,0,0,1,,
2026-04-29 10:51:53,35,15,15,0,"fit: 3, efit: 2","fit: 3, efit: 2",,,,0,0,0,0,1,,
2026-04-29 10:54:09,35,15,15,0,"fit: 2, efit: 2","fit: 2, efit: 2",,,,0,0,0,0,1,,
2026-04-29 11:06:56,35,15,15,0,"fit: 2, efit: 3","fit: 2, efit: 3",,,,0,0,0,0,1,,
2026-04-29 11:29:16,35,15,15,0,"fit: 2, efit: 2","fit: 2, efit: 2",,,,0,0,0,0,1,,
2026-04-29 11:39:18,35,15,15,0,"fit: 2, efit: 1","fit: 2, efit: 1",,,,0,0,0,0,1,,
2026-04-29 12:22:10,35,15,15,0,fit: 2,fit: 2,,,,0,0,0,0,1,,
2026-04-29 17:10:20,35,15,15,0,"fit: 2, efit: 1","fit: 2, efit: 1",,,,0,0,0,0,1,,
2026-04-29 17:13:05,35,15,15,0,"fit: 2, efit: 2","fit: 2, efit: 2",,,,0,0,0,0,1,,
2026-04-29 17:53:13,35,15,15,0,"fit: 2, efit: 3","fit: 2, efit: 3",,,,0,0,0,0,1,,
2026-04-29 18:05:29,35,15,15,0,"fit: 2, efit: 4","fit: 2, efit: 4",,,,0,0,0,0,1,,
2026-04-29 18:15:30,35,15,15,0,"fit: 2, efit: 3","fit: 2, efit: 3",,,,0,0,0,0,1,,
2026-04-29 18:55:36,35,15,15,0,"fit: 2, efit: 2","fit: 2, efit: 2",,,,0,0,0,0,1,,
2026-04-29 19:05:37,35,15,15,0,"fit: 2, efit: 3","fit: 2, efit: 3",,,,0,0,0,0,1,,
2026-04-29 19:08:27,35,15,15,0,"fit: 2, efit: 4","fit: 2, efit: 4",,,,0,0,0,0,1,,
2026-04-29 19:10:38,35,15,15,0,"fit: 3, efit: 4","fit: 3, efit: 4",,,,0,0,0,0,1,,
2026-04-29 21:13:50,35,15,15,0,"fit: 3, efit: 3","fit: 3, efit: 3",,,,0,0,0,0,1,,
2026-04-29 22:03:59,35,15,15,0,"fit: 3, efit: 2","fit: 3, efit: 2",,,,0,0,0,0,1,,
2026-04-29 23:36:17,35,15,15,0,"fit: 3, efit: 1","fit: 3, efit: 1",,,,0,0,0,0,1,,
2026-04-30 00:01:21,35,15,15,0,"fit: 3, efit: 1","fit: 3, efit: 1",,,,0,0,0,0,1,,
2026-04-30 07:22:22,35,15,15,0,fit: 3,fit: 3,,,,0,0,0,0,1,,
2026-04-30 07:53:19,35,15,15,0,fit: 2,fit: 2,,,,0,0,0,0,1,,
2026-04-30 07:55:47,35,15,15,0,"fit: 2, efit: 1","fit: 2, efit: 1",,,,0,0,0,0,1,,
2026-04-30 08:32:32,35,15,15,0,fit: 2,fit: 2,,,,0,0,0,0,1,,
2026-04-30 09:37:41,35,15,15,0,fit: 1,fit: 1,,,,0,0,0,0,1,,
2026-04-30 14:39:42,35,15,15,0,"fit: 1, efit: 1","fit: 1, efit: 1",,,,0,0,0,0,1,,
2026-04-30 15:09:49,35,15,15,0,"fit: 1, efit: 3","fit: 1, efit: 3",,,,0,0,0,0,1,,
2026-04-30 15:12:12,35,15,15,0,"fit: 1, efit: 1","fit: 1, efit: 1",,,,0,0,0,0,1,,
2026-04-30 16:48:44,35,15,15,0,"fit: 1, efit: 2","fit: 1, efit: 2",,,,0,0,0,0,1,,
2026-04-30 17:28:50,35,15,15,0,"fit: 1, efit: 3","fit: 1, efit: 3",,,,0,0,0,0,1,,
2026-04-30 17:42:43,35,15,15,0,"fit: 1, efit: 4","fit: 1, efit: 4",,,,0,0,0,0,1,,
2026-04-30 19:48:10,35,15,15,0,"fit: 1, efit: 3","fit: 1, efit: 3",,,,0,0,0,0,1,,
2026-04-30 23:16:32,35,15,15,0,"fit: 1, efit: 2","fit: 1, efit: 2",,,,0,0,0,0,1,,
2026-05-01 00:01:41,35,15,15,0,"fit: 1, efit: 2","fit: 1, efit: 2",,,,0,0,0,0,1,,
2026-05-01 06:45:22,35,15,15,0,"fit: 2, efit: 2","fit: 2, efit: 2",,,,0,0,0,0,1,,
2026-05-01 10:08:42,35,15,15,0,"fit: 2, efit: 1","fit: 2, efit: 1",,,,0,0,0,0,1,,
2026-05-01 13:24:22,35,15,15,0,"fit: 2, efit: 2","fit: 2, efit: 2",,,,0,0,0,0,1,,
2026-05-01 14:29:36,35,15,15,0,"fit: 2, efit: 1","fit: 2, efit: 1",,,,0,0,0,0,1,,
2026-05-01 14:59:42,35,15,15,0,fit: 2,fit: 2,,,,0,0,0,0,1,,
2026-05-01 15:01:53,35,15,15,0,"fit: 2, efit: 1","fit: 2, efit: 1",,,,0,0,0,0,1,,
2026-05-01 15:52:00,35,15,15,0,fit: 2,fit: 2,,,,0,0,0,0,1,,
2026-05-01 18:42:39,35,15,15,0,fit: 3,fit: 3,,,,0,0,0,0,1,,
2026-05-01 19:47:50,35,15,15,0,"fit: 3, efit: 1","fit: 3, efit: 1",,,,0,0,0,0,1,,
2026-05-01 22:23:16,35,15,15,0,"fit: 3, efit: 2","fit: 3, efit: 2",,,,0,0,0,0,1,,
2026-05-01 22:58:21,35,15,15,0,"fit: 3, efit: 3","fit: 3, efit: 3",,,,0,0,0,0,1,,
2026-05-01 23:08:23,35,15,15,0,"fit: 3, efit: 2","fit: 3, efit: 2",,,,0,0,0,0,1,,
2026-05-02 00:03:31,35,15,15,0,"fit: 3, efit: 2","fit: 3, efit: 2",,,,0,0,0,0,1,,
2026-05-02 01:18:43,35,15,15,0,"fit: 3, efit: 1","fit: 3, efit: 1",,,,0,0,0,0,1,,
2026-05-02 06:45:50,35,15,15,0,"fit: 2, efit: 1","fit: 2, efit: 1",,,,0,0,0,0,1,,
2026-05-02 09:04:56,35,15,15,0,"fit: 3, efit: 5","fit: 3, efit: 5",,,,0,0,0,0,1,,
2026-05-02 11:35:20,35,15,15,0,"fit: 3, efit: 6","fit: 3, efit: 6",,,,0,0,0,0,1,,
2026-05-02 12:10:26,35,15,15,0,"fit: 3, efit: 5","fit: 3, efit: 5",,,,0,0,0,0,1,,
2026-05-02 12:35:30,35,15,15,0,"fit: 3, efit: 6","fit: 3, efit: 6",,,,0,0,0,0,1,,
2026-05-02 14:05:46,35,15,15,0,"fit: 2, efit: 6","fit: 2, efit: 6",,,,0,0,0,0,1,,
2026-05-02 14:32:24,35,15,15,0,"fit: 2, efit: 5","fit: 2, efit: 5",,,,0,0,0,0,1,,
2026-05-02 14:47:22,35,15,15,0,"fit: 3, efit: 5","fit: 3, efit: 5",,,,0,0,0,0,1,,
2026-05-02 15:17:29,35,15,15,0,"fit: 3, efit: 6","fit: 3, efit: 6",,,,0,0,0,0,1,,
2026-05-02 15:32:32,35,15,15,0,"fit: 3, efit: 5","fit: 3, efit: 5",,,,0,0,0,0,1,,
2026-05-02 17:02:50,35,15,15,0,"fit: 3, efit: 4","fit: 3, efit: 4",,,,0,0,0,0,1,,
2026-05-02 19:33:21,35,15,15,0,"fit: 3, efit: 3","fit: 3, efit: 3",,,,0,0,0,0,1,,
2026-05-02 20:38:34,35,15,15,0,"fit: 3, efit: 2","fit: 3, efit: 2",,,,0,0,0,0,1,,
2026-05-03 00:04:14,35,15,15,0,"fit: 3, efit: 2","fit: 3, efit: 2",,,,0,0,0,0,1,,
2026-05-03 02:14:39,35,15,15,0,"fit: 3, efit: 1","fit: 3, efit: 1",,,,0,0,0,0,1,,
2026-05-03 06:15:24,35,15,15,0,"fit: 2, efit: 1","fit: 2, efit: 1",,,,0,0,0,0,1,,
2026-05-03 06:40:29,35,15,15,0,fit: 1,fit: 1,,,,0,0,0,0,1,,
2026-05-03 07:00:33,35,15,15,0,,,,,,0,0,0,0,1,,
2026-05-03 08:40:54,35,15,15,0,efit: 1,efit: 1,,,,0,0,0,0,1,,
2026-05-03 08:55:57,35,15,15,0,,,,,,0,0,0,0,1,,
2026-05-03 09:16:01,35,15,15,0,efit: 1,efit: 1,,,,0,0,0,0,1,,
2026-05-03 10:26:16,35,15,15,0,efit: 3,efit: 3,,,,0,0,0,0,1,,
2026-05-03 10:51:29,35,15,15,0,"fit: 1, efit: 3","fit: 1, efit: 3",,,,0,0,0,0,1,,
2026-05-03 10:56:23,35,15,15,0,"fit: 2, efit: 3","fit: 2, efit: 3",,,,0,0,0,0,1,,
2026-05-03 11:01:24,35,15,15,0,"fit: 3, efit: 3","fit: 3, efit: 3",,,,0,0,0,0,1,,
2026-05-03 11:06:25,35,15,15,0,"fit: 3, efit: 4","fit: 3, efit: 4",,,,0,0,0,0,1,,
2026-05-03 11:31:30,35,15,15,0,"fit: 3, efit: 2","fit: 3, efit: 2",,,,0,0,0,0,1,,
2026-05-03 11:36:31,35,15,15,0,"fit: 3, efit: 1","fit: 3, efit: 1",,,,0,0,0,0,1,,
2026-05-03 12:06:38,35,15,15,0,fit: 4,fit: 4,,,,0,0,0,0,1,,
2026-05-03 13:11:49,35,15,15,0,"fit: 3, efit: 1","fit: 3, efit: 1",,,,0,0,0,0,1,,
2026-05-03 13:26:50,35,15,15,0,fit: 2,fit: 2,,,,0,0,0,0,1,,
2026-05-03 13:41:51,35,15,15,0,fit: 3,fit: 3,,,,0,0,0,0,1,,
2026-05-03 15:17:01,35,15,15,0,fit: 1,fit: 1,,,,0,0,0,0,1,,
2026-05-03 15:57:19,35,15,15,0,fit: 2,fit: 2,,,,0,0,0,0,1,,
2026-05-03 16:02:06,35,15,15,0,fit: 3,fit: 3,,,,0,0,0,0,1,,
2026-05-03 16:12:08,35,15,15,0,"fit: 3, efit: 1","fit: 3, efit: 1",,,,0,0,0,0,1,,
2026-05-03 16:22:10,35,15,15,0,"fit: 3, efit: 2","fit: 3, efit: 2",,,,0,0,0,0,1,,
2026-05-03 16:27:11,35,15,15,0,"fit: 3, efit: 4","fit: 3, efit: 4",,,,0,0,0,0,1,,
2026-05-03 16:47:16,35,15,15,0,fit: 3,fit: 3,,,,0,0,0,0,1,,
2026-05-03 16:57:17,35,15,15,0,"fit: 3, efit: 1","fit: 3, efit: 1",,,,0,0,0,0,1,,
2026-05-03 17:02:31,35,15,15,0,fit: 3,fit: 3,,,,0,0,0,0,1,,
2026-05-03 18:57:42,35,15,15,0,"fit: 3, efit: 1","fit: 3, efit: 1",,,,0,0,0,0,1,,
2026-05-03 19:32:49,35,15,15,0,fit: 3,fit: 3,,,,0,0,0,0,1,,
2026-05-04 00:03:43,35,15,15,0,fit: 3,fit: 3,,,,0,0,0,0,1,,
2026-05-04 07:45:02,35,15,15,0,"fit: 3, efit: 1","fit: 3, efit: 1",,,,0,0,0,0,1,,
2026-05-04 09:30:24,35,15,15,0,"fit: 4, efit: 1","fit: 4, efit: 1",,,,0,0,0,0,1,,
2026-05-04 10:30:36,35,15,15,0,"fit: 5, efit: 1","fit: 5, efit: 1",,,,0,0,0,0,1,,
2026-05-04 10:55:41,35,15,15,0,"fit: 6, efit: 1","fit: 6, efit: 1",,,,0,0,0,0,1,,
2026-05-04 11:00:42,35,15,15,0,"fit: 7, efit: 1","fit: 7, efit: 1",,,,0,0,0,0,1,,
2026-05-04 11:40:51,35,15,15,0,fit: 7,fit: 7,,,,0,0,0,0,1,,
2026-05-04 14:36:27,35,15,15,0,"fit: 7, efit: 1","fit: 7, efit: 1",,,,0,0,0,0,1,,
2026-05-04 14:51:30,35,15,15,0,fit: 7,fit: 7,,,,0,0,0,0,1,,
2026-05-04 15:31:38,35,15,15,0,"fit: 7, efit: 2","fit: 7, efit: 2",,,,0,0,0,0,1,,
2026-05-04 15:41:40,35,15,15,0,"fit: 8, efit: 1","fit: 8, efit: 1",,,,0,0,0,0,1,,
2026-05-04 16:56:56,35,15,15,0,fit: 8,fit: 8,,,,0,0,0,0,1,,
2026-05-04 17:11:58,35,15,15,0,"fit: 8, efit: 1","fit: 8, efit: 1",,,,0,0,0,0,1,,
2026-05-04 17:42:02,35,15,15,0,"fit: 8, efit: 2","fit: 8, efit: 1",,,,0,0,0,0,1,,
2026-05-04 17:52:04,35,15,15,0,"fit: 8, efit: 1","fit: 8, efit: 1",,,,0,0,0,0,1,,
2026-05-04 17:52:09,35,15,15,0,"fit: 7, efit: 1","fit: 7, efit: 1",,,,0,0,0,0,1,,
2026-05-04 18:42:13,35,15,15,0,fit: 7,fit: 7,,,,0,0,0,0,1,,
2026-05-04 19:27:22,35,15,15,0,fit: 6,fit: 6,,,,0,0,0,0,1,,
2026-05-04 22:33:00,35,15,15,0,"fit: 6, efit: 1","fit: 6, efit: 1",,,,0,0,0,0,1,,
2026-05-05 00:03:18,35,15,15,0,"fit: 6, efit: 1","fit: 6, efit: 1",,,,0,0,0,0,1,,
2026-05-05 06:08:54,35,15,15,0,"fit: 6, efit: 2","fit: 6, efit: 2",,,,0,0,0,0,1,,
2026-05-05 06:58:59,35,15,15,0,"fit: 6, efit: 1","fit: 6, efit: 1",,,,0,0,0,0,1,,
2026-05-05 07:29:03,35,15,15,0,fit: 6,fit: 6,,,,0,0,0,0,1,,
2026-05-05 07:29:41,35,15,15,0,"fit: 6, efit: 1","fit: 6, efit: 1",,,,0,0,0,0,1,,
2026-05-05 07:44:06,35,15,15,0,fit: 6,fit: 6,,,,0,0,0,0,1,,
2026-05-05 09:07:30,35,15,15,0,fit: 5,fit: 5,,,,0,0,0,0,1,,
2026-05-05 10:52:50,35,15,15,0,"fit: 5, efit: 1","fit: 5, efit: 1",,,,0,0,0,0,1,,
2026-05-05 11:13:22,35,15,15,0,fit: 5,fit: 5,,,,0,0,0,0,1,,
2026-05-05 13:38:22,35,15,15,0,"fit: 5, efit: 1","fit: 5, efit: 1",,,,0,0,0,0,1,,
2026-05-05 15:58:49,35,15,15,0,fit: 5,fit: 5,,,,0,0,0,0,1,,
2026-05-05 16:38:57,35,15,15,0,fit: 4,fit: 4,,,,0,0,0,0,1,,
2026-05-05 17:09:03,35,15,15,0,"fit: 4, efit: 1","fit: 4, efit: 1",,,,0,0,0,0,1,,
2026-05-05 17:19:05,35,15,15,0,fit: 4,fit: 4,,,,0,0,0,0,1,,
2026-05-05 17:19:40,35,15,15,0,fit: 3,fit: 3,,,,0,0,0,0,1,,
2026-05-05 17:44:10,35,15,15,0,"fit: 3, efit: 1","fit: 3, efit: 1",,,,0,0,0,0,1,,
2026-05-05 17:49:34,35,15,15,0,fit: 3,fit: 3,,,,0,0,0,0,1,,
2026-05-05 17:59:13,35,15,15,0,"fit: 3, efit: 1","fit: 3, efit: 1",,,,0,0,0,0,1,,
2026-05-05 18:14:16,35,15,15,0,"fit: 3, efit: 3","fit: 3, efit: 3",,,,0,0,0,0,1,,
2026-05-05 18:34:20,35,15,15,0,"fit: 3, efit: 4","fit: 3, efit: 4",,,,0,0,0,0,1,,
2026-05-05 18:39:21,35,15,15,0,"fit: 3, efit: 5","fit: 3, efit: 5",,,,0,0,0,0,1,,
2026-05-05 18:44:22,35,15,15,0,"fit: 3, efit: 6","fit: 3, efit: 6",,,,0,0,0,0,1,,
2026-05-05 18:59:25,35,15,15,0,"fit: 3, efit: 5","fit: 3, efit: 5",,,,0,0,0,0,1,,
2026-05-05 19:59:38,35,15,15,0,"fit: 3, efit: 3","fit: 3, efit: 3",,,,0,0,0,0,1,,
2026-05-05 20:14:41,35,15,15,0,"fit: 3, efit: 4","fit: 3, efit: 4",,,,0,0,0,0,1,,
2026-05-05 21:19:54,35,15,15,0,"fit: 2, efit: 4","fit: 2, efit: 4",,,,0,0,0,0,1,,
2026-05-05 23:00:14,35,15,15,0,"fit: 3, efit: 4","fit: 3, efit: 4",,,,0,0,0,0,1,,
2026-05-05 23:50:23,35,15,15,0,"fit: 3, efit: 3","fit: 3, efit: 3",,,,0,0,0,0,1,,
2026-05-06 00:00:25,35,15,15,0,"fit: 3, efit: 3","fit: 3, efit: 3",,,,0,0,0,0,1,,
2026-05-06 07:31:49,35,15,15,0,"fit: 3, efit: 2","fit: 3, efit: 2",,,,0,0,0,0,1,,
2026-05-06 12:12:42,35,15,15,0,"fit: 3, efit: 1","fit: 3, efit: 1",,,,0,0,0,0,1,,
2026-05-06 13:42:12,35,15,15,0,fit: 3,fit: 3,,,,0,0,0,0,1,,
2026-05-06 16:40:28,35,15,15,0,"fit: 3, efit: 1","fit: 3, efit: 1",,,,0,0,0,0,1,,
2026-05-06 17:10:33,35,15,15,0,"fit: 3, efit: 2","fit: 3, efit: 2",,,,0,0,0,0,1,,
2026-05-06 18:06:28,35,15,15,0,"fit: 3, efit: 3","fit: 3, efit: 3",,,,0,0,0,0,1,,
2026-05-06 18:15:43,35,15,15,0,"fit: 3, efit: 2","fit: 3, efit: 2",,,,0,0,0,0,1,,
2026-05-06 18:30:45,35,15,15,0,"fit: 3, efit: 1","fit: 3, efit: 1",,,,0,0,0,0,1,,
2026-05-06 18:40:47,35,15,15,0,fit: 3,fit: 3,,,,0,0,0,0,1,,
2026-05-06 19:20:53,35,15,15,0,fit: 2,fit: 2,,,,0,0,0,0,1,,
2026-05-06 20:56:23,35,15,15,0,fit: 1,fit: 1,,,,0,0,0,0,1,,
2026-05-07 00:01:37,35,15,15,0,fit: 1,fit: 1,,,,0,0,0,0,1,,
2026-05-07 06:48:17,35,15,15,0,,,,,,0,0,0,0,1,,
2026-05-07 07:27:43,35,15,15,0,efit: 1,efit: 1,,,,0,0,0,0,1,,
2026-05-07 07:57:48,35,15,15,0,,,,,,0,0,0,0,1,,
2026-05-07 09:48:53,35,15,15,0,fit: 1,fit: 1,,,,0,0,0,0,1,,
2026-05-07 10:38:12,35,15,15,0,"fit: 6, efit: 1","fit: 6, efit: 1",,,,0,0,0,0,1,,
2026-05-07 11:23:19,35,15,15,0,"fit: 5, efit: 1","fit: 5, efit: 1",,,,0,0,0,0,1,,
2026-05-07 11:28:20,35,15,15,0,"fit: 6, efit: 1","fit: 6, efit: 1",,,,0,0,0,0,1,,
2026-05-07 14:18:45,35,15,15,0,"fit: 6, efit: 2","fit: 6, efit: 1",efit: 1,,,0,0,0,0,1,,
2026-05-07 14:23:46,35,15,15,0,"fit: 6, efit: 3","fit: 6, efit: 2",efit: 1,,,0,0,0,0,1,,
2026-05-07 15:08:52,35,15,15,0,"fit: 6, efit: 4","fit: 6, efit: 3",efit: 1,,,0,0,0,0,1,,
2026-05-07 15:34:53,35,15,15,0,"fit: 6, efit: 4","fit: 6, efit: 4",,,,0,0,0,0,1,,
2026-05-07 15:38:57,35,15,15,0,"fit: 6, efit: 4","fit: 6, efit: 3",efit: 1,,,0,0,0,0,1,,
2026-05-07 16:14:02,35,15,15,0,"fit: 6, efit: 4","fit: 6, efit: 4",,,,0,0,0,0,1,,
2026-05-07 16:15:00,35,15,15,0,"fit: 6, efit: 4","fit: 6, efit: 3",efit: 1,,,0,0,0,0,1,,
2026-05-07 16:19:03,35,15,15,0,"fit: 6, efit: 5","fit: 6, efit: 5",,,,0,0,0,0,1,,
2026-05-07 16:29:05,35,15,15,0,"fit: 6, efit: 4","fit: 6, efit: 4",,,,0,0,0,0,1,,
2026-05-07 16:40:04,35,15,15,0,"fit: 6, efit: 4","fit: 6, efit: 3",efit: 1,,,0,0,0,0,1,,
2026-05-07 16:44:07,35,15,15,0,"fit: 6, efit: 4","fit: 6, efit: 4",,,,0,0,0,0,1,,
2026-05-07 16:45:05,35,15,15,0,"fit: 6, efit: 4","fit: 6, efit: 3",efit: 1,,,0,0,0,0,1,,
2026-05-07 16:49:08,35,15,15,0,"fit: 6, efit: 5","fit: 6, efit: 5",,,,0,0,0,0,1,,
2026-05-07 16:50:06,35,15,15,0,"fit: 6, efit: 5","fit: 6, efit: 4",efit: 1,,,0,0,0,0,1,,
2026-05-07 16:59:09,35,15,15,0,"fit: 6, efit: 5","fit: 6, efit: 5",,,,0,0,0,0,1,,
2026-05-07 17:00:07,35,15,15,0,"fit: 6, efit: 5","fit: 6, efit: 4",efit: 1,,,0,0,0,0,1,,
2026-05-07 17:10:09,35,15,15,0,"fit: 6, efit: 4","fit: 6, efit: 3",efit: 1,,,0,0,0,0,1,,
2026-05-07 17:19:13,35,15,15,0,"fit: 5, efit: 4","fit: 5, efit: 3",efit: 1,,,0,0,0,0,1,,
2026-05-07 17:29:14,35,15,15,0,"fit: 5, efit: 5","fit: 5, efit: 4",efit: 1,,,0,0,0,0,1,,
2026-05-07 17:44:16,35,15,15,0,"fit: 4, efit: 5","fit: 4, efit: 4",efit: 1,,,0,0,0,0,1,,
2026-05-07 18:09:20,35,15,15,0,"fit: 5, efit: 5","fit: 5, efit: 4",efit: 1,,,0,0,0,0,1,,
2026-05-07 18:19:22,35,15,15,0,"fit: 5, efit: 6","fit: 5, efit: 5",efit: 1,,,0,0,0,0,1,,
2026-05-07 18:29:24,35,15,15,0,"fit: 5, efit: 7","fit: 5, efit: 6",efit: 1,,,0,0,0,0,1,,
2026-05-07 18:50:26,35,15,15,0,"fit: 5, efit: 7","fit: 5, efit: 7",,,,0,0,0,0,1,,
2026-05-07 18:54:28,35,15,15,0,"fit: 5, efit: 7","fit: 5, efit: 6",efit: 1,,,0,0,0,0,1,,
2026-05-07 18:55:27,35,15,15,0,"fit: 5, efit: 7","fit: 5, efit: 7",,,,0,0,0,0,1,,
2026-05-07 18:59:29,35,15,15,0,"fit: 5, efit: 7","fit: 5, efit: 6",efit: 1,,,0,0,0,0,1,,
2026-05-07 19:00:28,35,15,15,0,"fit: 5, efit: 7","fit: 5, efit: 7",,,,0,0,0,0,1,,
2026-05-07 19:04:29,35,15,15,0,"fit: 5, efit: 6","fit: 5, efit: 5",efit: 1,,,0,0,0,0,1,,
2026-05-07 19:05:29,35,15,15,0,"fit: 5, efit: 6","fit: 5, efit: 6",,,,0,0,0,0,1,,
2026-05-07 19:09:30,35,15,15,0,"fit: 5, efit: 6","fit: 5, efit: 5",efit: 1,,,0,0,0,0,1,,
2026-05-07 19:44:36,35,15,15,0,"fit: 5, efit: 7","fit: 5, efit: 6",efit: 1,,,0,0,0,0,1,,
2026-05-07 19:49:36,35,15,15,0,"fit: 5, efit: 8","fit: 5, efit: 7",efit: 1,,,0,0,0,0,1,,
2026-05-07 19:54:37,35,15,15,0,"fit: 5, efit: 8","fit: 5, efit: 8",,,,0,0,0,0,1,,
2026-05-07 19:55:55,35,15,15,0,"fit: 5, efit: 8","fit: 5, efit: 7",efit: 1,,,0,0,0,0,1,,
2026-05-07 19:59:38,35,15,15,0,"fit: 5, efit: 8","fit: 5, efit: 8",,,,0,0,0,0,1,,
2026-05-07 20:00:39,35,15,15,0,"fit: 5, efit: 8","fit: 5, efit: 7",efit: 1,,,0,0,0,0,1,,
2026-05-07 20:04:39,35,15,15,0,"fit: 5, efit: 8","fit: 5, efit: 8",,,,0,0,0,0,1,,
2026-05-07 20:05:39,35,15,15,0,"fit: 5, efit: 8","fit: 5, efit: 7",efit: 1,,,0,0,0,0,1,,
2026-05-07 20:09:40,35,15,15,0,"fit: 5, efit: 8","fit: 5, efit: 8",,,,0,0,0,0,1,,
2026-05-07 20:10:40,35,15,15,0,"fit: 5, efit: 8","fit: 5, efit: 7",efit: 1,,,0,0,0,0,1,,
2026-05-07 20:24:42,35,15,15,0,"fit: 6, efit: 8","fit: 6, efit: 7",efit: 1,,,0,0,0,0,1,,
2026-05-07 22:01:21,35,15,15,0,"fit: 6, efit: 8","fit: 6, efit: 8",,,,0,0,0,0,1,,
2026-05-07 22:04:57,35,15,15,0,"fit: 6, efit: 8","fit: 6, efit: 7",efit: 1,,,0,0,0,0,1,,
2026-05-07 22:05:59,35,15,15,0,"fit: 6, efit: 8","fit: 6, efit: 8",,,,0,0,0,0,1,,
2026-05-07 22:09:58,35,15,15,0,"fit: 6, efit: 8","fit: 6, efit: 7",efit: 1,,,0,0,0,0,1,,
2026-05-07 22:11:00,35,15,15,0,"fit: 6, efit: 8","fit: 6, efit: 8",,,,0,0,0,0,1,,
2026-05-07 22:14:59,35,15,15,0,"fit: 6, efit: 8","fit: 6, efit: 7",efit: 1,,,0,0,0,0,1,,
2026-05-07 22:16:01,35,15,15,0,"fit: 6, efit: 8","fit: 6, efit: 8",,,,0,0,0,0,1,,
2026-05-07 22:20:00,35,15,15,0,"fit: 6, efit: 8","fit: 6, efit: 7",efit: 1,,,0,0,0,0,1,,
2026-05-07 23:05:07,35,15,15,0,"fit: 6, efit: 8","fit: 6, efit: 8",,,,0,0,0,0,1,,
2026-05-07 23:16:36,35,15,15,0,"fit: 6, efit: 8","fit: 6, efit: 7",efit: 1,,,0,0,0,0,1,,
2026-05-07 23:20:10,35,15,15,0,"fit: 6, efit: 8","fit: 6, efit: 8",,,,0,0,0,0,1,,
2026-05-07 23:21:11,35,15,15,0,"fit: 6, efit: 8","fit: 6, efit: 7",efit: 1,,,0,0,0,0,1,,
2026-05-08 00:00:16,35,15,15,0,"fit: 6, efit: 8","fit: 6, efit: 7",efit: 1,,,0,0,0,0,1,,
2026-05-08 00:10:18,35,15,15,0,"fit: 6, efit: 8","fit: 6, efit: 8",,,,0,0,0,0,1,,
2026-05-08 00:11:18,35,15,15,0,"fit: 6, efit: 8","fit: 6, efit: 7",efit: 1,,,0,0,0,0,1,,
2026-05-08 00:15:19,35,15,15,0,"fit: 6, efit: 8","fit: 6, efit: 8",,,,0,0,0,0,1,,
2026-05-08 00:16:19,35,15,15,0,"fit: 6, efit: 8","fit: 6, efit: 7",efit: 1,,,0,0,0,0,1,,
2026-05-08 00:20:20,35,15,15,0,"fit: 6, efit: 8","fit: 6, efit: 8",,,,0,0,0,0,1,,
2026-05-08 00:21:20,35,15,15,0,"fit: 6, efit: 8","fit: 6, efit: 7",efit: 1,,,0,0,0,0,1,,
2026-05-08 00:25:21,35,15,15,0,"fit: 6, efit: 8","fit: 6, efit: 8",,,,0,0,0,0,1,,
2026-05-08 00:26:21,35,15,15,0,"fit: 6, efit: 8","fit: 6, efit: 7",efit: 1,,,0,0,0,0,1,,
2026-05-08 02:17:19,35,15,15,0,"fit: 6, efit: 8","fit: 6, efit: 8",,,,0,0,0,0,1,,
2026-05-08 02:20:41,35,15,15,0,"fit: 6, efit: 8","fit: 6, efit: 7",efit: 1,,,0,0,0,0,1,,
2026-05-08 02:22:20,35,15,15,0,"fit: 6, efit: 8","fit: 6, efit: 8",,,,0,0,0,0,1,,
2026-05-08 02:25:42,35,15,15,0,"fit: 6, efit: 8","fit: 6, efit: 7",efit: 1,,,0,0,0,0,1,,
2026-05-08 02:27:22,35,15,15,0,"fit: 6, efit: 8","fit: 6, efit: 8",,,,0,0,0,0,1,,
2026-05-08 02:30:42,35,15,15,0,"fit: 6, efit: 8","fit: 6, efit: 7",efit: 1,,,0,0,0,0,1,,
2026-05-08 02:32:23,35,15,15,0,"fit: 6, efit: 8","fit: 6, efit: 8",,,,0,0,0,0,1,,
2026-05-08 02:35:43,35,15,15,0,"fit: 6, efit: 8","fit: 6, efit: 7",efit: 1,,,0,0,0,0,1,,
2026-05-08 03:21:48,35,15,15,0,"fit: 6, efit: 8","fit: 6, efit: 8",,,,0,0,0,0,1,,
2026-05-08 03:27:35,35,15,15,0,"fit: 6, efit: 8","fit: 6, efit: 7",efit: 1,,,0,0,0,0,1,,
2026-05-08 03:30:52,35,15,15,0,"fit: 6, efit: 8","fit: 6, efit: 8",,,,0,0,0,0,1,,
2026-05-08 03:32:37,35,15,15,0,"fit: 6, efit: 8","fit: 6, efit: 7",efit: 1,,,0,0,0,0,1,,
2026-05-08 03:35:53,35,15,15,0,"fit: 6, efit: 8","fit: 6, efit: 8",,,,0,0,0,0,1,,
2026-05-08 03:37:38,35,15,15,0,"fit: 6, efit: 8","fit: 6, efit: 7",efit: 1,,,0,0,0,0,1,,
2026-05-08 04:26:02,35,15,15,0,"fit: 6, efit: 8","fit: 6, efit: 8",,,,0,0,0,0,1,,
2026-05-08 04:26:58,35,15,15,0,"fit: 6, efit: 8","fit: 6, efit: 7",efit: 1,,,0,0,0,0,1,,
2026-05-08 04:31:03,35,15,15,0,"fit: 6, efit: 8","fit: 6, efit: 8",,,,0,0,0,0,1,,
2026-05-08 04:31:58,35,15,15,0,"fit: 6, efit: 8","fit: 6, efit: 7",efit: 1,,,0,0,0,0,1,,
2026-05-08 04:36:04,35,15,15,0,"fit: 6, efit: 8","fit: 6, efit: 8",,,,0,0,0,0,1,,
2026-05-08 04:36:59,35,15,15,0,"fit: 6, efit: 8","fit: 6, efit: 7",efit: 1,,,0,0,0,0,1,,
2026-05-08 04:41:05,35,15,15,0,"fit: 6, efit: 8","fit: 6, efit: 8",,,,0,0,0,0,1,,
2026-05-08 04:42:00,35,15,15,0,"fit: 6, efit: 8","fit: 6, efit: 7",efit: 1,,,0,0,0,0,1,,
2026-05-08 05:43:08,35,15,15,0,"fit: 6, efit: 8","fit: 6, efit: 8",,,,0,0,0,0,1,,
2026-05-08 05:46:16,35,15,15,0,"fit: 6, efit: 8","fit: 6, efit: 7",efit: 1,,,0,0,0,0,1,,
2026-05-08 06:32:17,35,15,15,0,"fit: 6, efit: 8","fit: 6, efit: 8",,,,0,0,0,0,1,,
2026-05-08 06:36:24,35,15,15,0,"fit: 6, efit: 8","fit: 6, efit: 7",efit: 1,,,0,0,0,0,1,,
2026-05-08 06:37:18,35,15,15,0,"fit: 6, efit: 8","fit: 6, efit: 8",,,,0,0,0,0,1,,
2026-05-08 06:41:25,35,15,15,0,"fit: 6, efit: 8","fit: 6, efit: 7",efit: 1,,,0,0,0,0,1,,
2026-05-08 06:42:19,35,15,15,0,"fit: 6, efit: 8","fit: 6, efit: 8",,,,0,0,0,0,1,,
2026-05-08 06:46:26,35,15,15,0,"fit: 6, efit: 7","fit: 6, efit: 6",efit: 1,,,0,0,0,0,1,,
2026-05-08 06:47:19,35,15,15,0,"fit: 6, efit: 7","fit: 6, efit: 7",,,,0,0,0,0,1,,
2026-05-08 06:51:27,35,15,15,0,"fit: 6, efit: 7","fit: 6, efit: 6",efit: 1,,,0,0,0,0,1,,
2026-05-08 07:01:29,35,15,15,0,"fit: 6, efit: 6","fit: 6, efit: 5",efit: 1,,,0,0,0,0,1,,
2026-05-08 07:28:33,35,15,15,0,"fit: 6, efit: 5","fit: 6, efit: 4",efit: 1,,,0,0,0,0,1,,
2026-05-08 07:36:35,35,15,15,0,"fit: 6, efit: 5","fit: 6, efit: 5",,,,0,0,0,0,1,,
2026-05-08 07:38:35,35,15,15,0,"fit: 6, efit: 5","fit: 6, efit: 4",efit: 1,,,0,0,0,0,1,,
2026-05-08 07:41:36,35,15,15,0,"fit: 6, efit: 5","fit: 6, efit: 5",,,,0,0,0,0,1,,
2026-05-08 07:43:36,35,15,15,0,"fit: 6, efit: 5","fit: 6, efit: 4",efit: 1,,,0,0,0,0,1,,
2026-05-08 07:46:37,35,15,15,0,"fit: 6, efit: 5","fit: 6, efit: 5",,,,0,0,0,0,1,,
2026-05-08 07:48:38,35,15,15,0,"fit: 6, efit: 5","fit: 6, efit: 4",efit: 1,,,0,0,0,0,1,,
2026-05-08 07:51:38,35,15,15,0,"fit: 6, efit: 5","fit: 6, efit: 5",,,,0,0,0,0,1,,
2026-05-08 07:52:29,35,15,15,0,"fit: 6, efit: 5","fit: 6, efit: 4",efit: 1,,,0,0,0,0,1,,
2026-05-08 08:03:41,35,15,15,0,"fit: 6, efit: 4","fit: 6, efit: 3",efit: 1,,,0,0,0,0,1,,
2026-05-08 08:33:49,35,15,15,0,"fit: 7, efit: 4","fit: 7, efit: 3",efit: 1,,,0,0,0,0,1,,
2026-05-08 08:36:46,35,15,15,0,"fit: 7, efit: 3","fit: 7, efit: 2",efit: 1,,,0,0,0,0,1,,
2026-05-08 08:41:47,35,15,15,0,"fit: 8, efit: 2","fit: 8, efit: 2",,,,0,0,0,0,1,,
2026-05-08 08:42:37,35,15,15,0,"fit: 8, efit: 2","fit: 8, efit: 1",efit: 1,,,0,0,0,0,1,,
2026-05-08 08:46:48,35,15,15,0,"fit: 8, efit: 2","fit: 8, efit: 2",,,,0,0,0,0,1,,
2026-05-08 08:47:38,35,15,15,0,"fit: 8, efit: 2","fit: 8, efit: 1",efit: 1,,,0,0,0,0,1,,
2026-05-08 08:51:49,35,15,15,0,"fit: 8, efit: 2","fit: 8, efit: 2",,,,0,0,0,0,1,,
2026-05-08 08:52:39,35,15,15,0,"fit: 8, efit: 2","fit: 8, efit: 1",efit: 1,,,0,0,0,0,1,,
2026-05-08 08:56:50,35,15,15,0,"fit: 8, efit: 2","fit: 8, efit: 2",,,,0,0,0,0,1,,
2026-05-08 08:57:40,35,15,15,0,"fit: 8, efit: 2","fit: 8, efit: 1",efit: 1,,,0,0,0,0,1,,
2026-05-08 09:19:00,35,15,15,0,"fit: 8, efit: 1",fit: 8,efit: 1,,,0,0,0,0,1,,
2026-05-08 09:27:45,35,15,15,0,"fit: 9, efit: 1",fit: 9,efit: 1,,,0,0,0,0,1,,
2026-05-08 09:31:56,35,15,15,0,"fit: 8, efit: 1","fit: 8, efit: 1",,,,0,0,0,0,1,,
2026-05-08 09:34:04,35,15,15,0,"fit: 9, efit: 1",fit: 9,efit: 1,,,0,0,0,0,1,,
2026-05-08 09:49:07,35,15,15,0,"fit: 9, efit: 1","fit: 9, efit: 1",,,,0,0,0,0,1,,
2026-05-08 09:51:59,35,15,15,0,"fit: 9, efit: 1","fit: 8, efit: 1",fit: 1,,,0,0,0,0,1,,
2026-05-08 10:19:15,35,15,15,0,"fit: 9, efit: 1",fit: 8,"fit: 1, efit: 1",,,0,0,0,0,1,,
2026-05-08 10:22:05,35,15,15,0,"fit: 9, efit: 1","fit: 8, efit: 1",fit: 1,,,0,0,0,0,1,,
2026-05-08 10:24:16,35,15,15,0,"fit: 9, efit: 1",fit: 8,"fit: 1, efit: 1",,,0,0,0,0,1,,
2026-05-08 10:27:06,35,15,15,0,"fit: 9, efit: 1","fit: 8, efit: 1",fit: 1,,,0,0,0,0,1,,
2026-05-08 10:27:54,35,15,15,0,"fit: 9, efit: 1",fit: 8,"fit: 1, efit: 1",,,0,0,0,0,1,,
2026-05-08 11:32:17,35,15,15,0,"fit: 9, efit: 1","fit: 8, efit: 1",fit: 1,,,0,0,0,0,1,,
2026-05-08 11:37:18,35,15,15,0,fit: 9,fit: 8,fit: 1,,,0,0,0,0,1,,
2026-05-08 11:57:22,35,15,15,0,"fit: 9, efit: 1","fit: 8, efit: 1",fit: 1,,,0,0,0,0,1,,
2026-05-08 12:17:26,35,15,15,0,fit: 10,fit: 9,fit: 1,,,0,0,0,0,1,,
2026-05-08 12:28:14,35,15,15,0,"fit: 10, efit: 1","fit: 9, efit: 1",fit: 1,,,0,0,0,0,1,,
2026-05-08 12:37:29,35,15,15,0,"fit: 9, efit: 1","fit: 8, efit: 1",fit: 1,,,0,0,0,0,1,,
2026-05-08 12:39:49,35,15,15,0,fit: 10,fit: 9,fit: 1,,,0,0,0,0,1,,
2026-05-08 15:10:27,35,15,15,0,"fit: 10, efit: 1","fit: 9, efit: 1",fit: 1,,,0,0,0,0,1,,
2026-05-08 15:43:04,35,15,15,0,"fit: 10, efit: 2","fit: 9, efit: 2",fit: 1,,,0,0,0,0,1,,
2026-05-08 15:55:38,35,15,15,0,"fit: 10, efit: 1","fit: 9, efit: 1",fit: 1,,,0,0,0,0,1,,
2026-05-08 21:29:07,35,15,15,0,"fit: 10, efit: 2","fit: 9, efit: 2",fit: 1,,,0,0,0,0,1,,
2026-05-08 22:27:17,35,15,15,0,"fit: 10, efit: 3","fit: 9, efit: 3",fit: 1,,,0,0,0,0,1,,
2026-05-08 23:34:29,35,15,15,0,"fit: 10, efit: 4","fit: 9, efit: 4",fit: 1,,,0,0,0,0,1,,
2026-05-08 23:59:33,35,15,15,0,"fit: 10, efit: 3","fit: 9, efit: 3",fit: 1,,,0,0,0,0,1,,
2026-05-09 00:00:08,35,15,15,0,"fit: 10, efit: 3","fit: 9, efit: 3",fit: 1,,,0,0,0,0,1,,
2026-05-09 01:53:07,35,15,15,0,"fit: 10, efit: 2","fit: 9, efit: 2",fit: 1,,,0,0,0,0,1,,
2026-05-09 03:55:15,35,15,15,1,"fit: 10, efit: 2","fit: 9, efit: 2",fit: 1,,,0,0,0,0,1,,
2026-05-09 04:25:20,35,15,15,0,"fit: 10, efit: 2","fit: 9, efit: 2",fit: 1,,,0,0,0,0,1,,
2026-05-09 06:19:09,35,15,15,0,"fit: 10, efit: 1","fit: 9, efit: 1",fit: 1,,,0,0,0,0,1,,
2026-05-09 08:05:58,35,15,15,0,"fit: 10, efit: 2","fit: 9, efit: 2",fit: 1,,,0,0,0,0,1,,
2026-05-09 10:05:04,35,15,15,0,fit: 10,fit: 9,fit: 1,,,0,0,0,0,1,,
2026-05-09 10:16:42,35,15,15,0,fit: 9,fit: 9,,,,0,0,0,0,1,,
2026-05-09 10:40:12,35,15,15,0,"fit: 9, efit: 1","fit: 9, efit: 1",,,,0,0,0,0,1,,
2026-05-09 11:26:34,35,15,15,0,"fit: 9, efit: 3","fit: 9, efit: 3",,,,0,0,0,0,1,,
2026-05-09 12:30:40,35,15,15,0,"fit: 5, efit: 3","fit: 5, efit: 3",,,,0,0,0,0,1,,
2026-05-09 12:45:44,35,15,15,0,"fit: 4, efit: 4","fit: 4, efit: 4",,,,0,0,0,0,1,,
2026-05-09 13:51:01,35,15,15,0,"fit: 4, efit: 3","fit: 4, efit: 3",,,,0,0,0,0,1,,
2026-05-09 14:11:06,35,15,15,0,"fit: 4, efit: 2","fit: 4, efit: 2",,,,0,0,0,0,1,,
2026-05-09 14:42:09,35,15,15,0,"fit: 4, efit: 4","fit: 4, efit: 4",,,,0,0,0,0,1,,
2026-05-09 18:42:13,35,15,15,0,"fit: 4, efit: 5","fit: 4, efit: 5",,,,0,0,0,0,1,,
2026-05-09 18:47:15,35,15,15,0,"fit: 4, efit: 6","fit: 4, efit: 6",,,,0,0,0,0,1,,
2026-05-09 19:12:21,35,15,15,0,"fit: 4, efit: 5","fit: 4, efit: 5",,,,0,0,0,0,1,,
2026-05-09 19:27:24,35,15,15,0,"fit: 4, efit: 4","fit: 4, efit: 4",,,,0,0,0,0,1,,
2026-05-09 20:12:35,35,15,15,0,"fit: 4, efit: 5","fit: 4, efit: 5",,,,0,0,0,0,1,,
2026-05-09 22:33:09,35,15,15,1,"fit: 4, efit: 5","fit: 4, efit: 5",,,,0,0,0,0,1,,
2026-05-09 23:03:16,35,15,15,0,"fit: 4, efit: 5","fit: 4, efit: 5",,,,0,0,0,0,1,,
2026-05-10 00:03:31,35,15,15,0,"fit: 4, efit: 5","fit: 4, efit: 5",,,,0,0,0,0,1,,
2026-05-10 06:19:48,35,15,15,0,"fit: 4, efit: 6","fit: 4, efit: 6",,,,0,0,0,0,1,,
2026-05-10 07:19:55,35,15,15,0,"fit: 4, efit: 7","fit: 4, efit: 7",,,,0,0,0,0,1,,
2026-05-10 15:52:13,35,15,15,0,"fit: 5, efit: 7","fit: 5, efit: 7",,,,0,0,0,0,1,,
2026-05-10 15:56:12,35,15,15,0,"fit: 6, efit: 7","fit: 6, efit: 7",,,,0,0,0,0,1,,
2026-05-10 17:26:37,35,15,15,0,"fit: 7, efit: 7","fit: 7, efit: 7",,,,0,0,0,0,1,,
2026-05-10 17:41:29,35,15,15,0,"fit: 5, efit: 7","fit: 5, efit: 7",,,,0,0,0,0,1,,
2026-05-10 18:06:33,35,15,15,0,"fit: 5, efit: 9","fit: 5, efit: 9",,,,0,0,0,0,1,,
2026-05-10 18:12:49,35,15,15,1,"fit: 5, efit: 9","fit: 5, efit: 9",,,,0,0,0,0,1,,
2026-05-10 18:42:57,35,15,15,0,"fit: 5, efit: 9","fit: 5, efit: 9",,,,0,0,0,0,1,,
2026-05-10 19:43:12,35,15,15,0,"fit: 4, efit: 8","fit: 4, efit: 8",,,,0,0,0,0,1,,
2026-05-10 19:48:13,35,15,15,0,"fit: 4, efit: 7","fit: 4, efit: 7",,,,0,0,0,0,1,,
2026-05-10 20:52:01,35,15,15,0,"fit: 4, efit: 6","fit: 4, efit: 6",,,,0,0,0,0,1,,
2026-05-10 21:28:38,35,15,15,0,"fit: 4, efit: 5","fit: 4, efit: 5",,,,0,0,0,0,1,,
2026-05-10 21:32:07,35,15,15,0,"fit: 4, efit: 4","fit: 4, efit: 4",,,,0,0,0,0,1,,
2026-05-10 21:48:43,35,15,15,0,"fit: 4, efit: 6","fit: 4, efit: 6",,,,0,0,0,0,1,,
2026-05-11 00:02:30,35,15,15,0,"fit: 4, efit: 6","fit: 4, efit: 6",,,,0,0,0,0,1,,
2026-05-11 06:40:49,35,15,15,0,"fit: 4, efit: 5","fit: 4, efit: 5",,,,0,0,0,0,1,,
2026-05-11 07:51:06,35,15,15,0,"fit: 4, efit: 4","fit: 4, efit: 4",,,,0,0,0,0,1,,
2026-05-11 09:49:31,35,15,15,1,"fit: 4, efit: 4","fit: 4, efit: 4",,,,0,0,0,0,1,,
2026-05-11 10:26:45,35,15,15,0,"fit: 4, efit: 4","fit: 4, efit: 3",efit: 1,,,0,0,0,0,1,,
2026-05-11 10:41:49,35,15,15,1,"fit: 4, efit: 4","fit: 4, efit: 3",efit: 1,,,0,0,0,0,1,,
2026-05-11 10:44:10,35,15,15,0,"fit: 4, efit: 4","fit: 4, efit: 3",efit: 1,,,0,0,0,0,1,,
2026-05-11 10:51:52,35,15,15,0,"fit: 4, efit: 5","fit: 4, efit: 4",efit: 1,,,0,0,0,0,1,,
2026-05-11 11:21:59,35,15,15,0,"fit: 4, efit: 4","fit: 4, efit: 3",efit: 1,,,0,0,0,0,1,,
2026-05-11 11:57:11,35,15,15,0,"fit: 4, efit: 5","fit: 4, efit: 4",efit: 1,,,0,0,0,0,1,,
2026-05-11 12:50:04,35,15,15,0,"fit: 4, efit: 4","fit: 4, efit: 3",efit: 1,,,0,0,0,0,1,,
2026-05-11 13:44:40,35,15,15,0,"fit: 4, efit: 3","fit: 4, efit: 2",efit: 1,,,0,0,0,0,1,,
2026-05-11 13:57:41,35,15,15,0,"fit: 4, efit: 2","fit: 4, efit: 1",efit: 1,,,0,0,0,0,1,,
2026-05-11 15:09:53,35,15,15,0,"fit: 4, efit: 3","fit: 4, efit: 2",efit: 1,,,0,0,0,0,1,,
2026-05-11 16:00:02,35,15,15,0,"fit: 4, efit: 2","fit: 4, efit: 1",efit: 1,,,0,0,0,0,1,,
2026-05-11 16:35:45,35,15,15,0,"fit: 4, efit: 3","fit: 4, efit: 2",efit: 1,,,0,0,0,0,1,,
2026-05-11 18:03:41,35,15,15,0,"fit: 4, efit: 2","fit: 4, efit: 1",efit: 1,,,0,0,0,0,1,,
2026-05-11 18:23:45,35,15,15,0,"fit: 4, efit: 1",fit: 4,efit: 1,,,0,0,0,0,1,,
2026-05-11 18:25:27,35,15,15,0,"fit: 4, efit: 2","fit: 4, efit: 1",efit: 1,,,0,0,0,0,1,,
2026-05-11 18:45:31,35,15,15,1,"fit: 4, efit: 2","fit: 4, efit: 1",efit: 1,,,0,0,0,0,1,,
2026-05-11 19:15:35,35,15,15,1,"fit: 4, efit: 3","fit: 4, efit: 2",efit: 1,,,0,0,0,0,1,,
2026-05-11 19:16:14,35,15,15,0,"fit: 4, efit: 3","fit: 4, efit: 2",efit: 1,,,0,0,0,0,1,,
2026-05-11 19:39:03,35,15,15,0,"fit: 4, efit: 4","fit: 4, efit: 3",efit: 1,,,0,0,0,0,1,,
2026-05-11 19:44:04,35,15,15,0,"fit: 4, efit: 3","fit: 4, efit: 2",efit: 1,,,0,0,0,0,1,,
2026-05-11 20:54:19,35,15,15,0,"fit: 4, efit: 4","fit: 4, efit: 3",efit: 1,,,0,0,0,0,1,,
2026-05-11 22:49:43,35,15,15,0,"fit: 4, efit: 5","fit: 4, efit: 4",efit: 1,,,0,0,0,0,1,,
2026-05-12 00:01:20,35,15,15,0,"fit: 4, efit: 5","fit: 4, efit: 4",efit: 1,,,0,0,0,0,1,,
2026-05-12 05:21:04,35,15,15,1,"fit: 4, efit: 5","fit: 4, efit: 4",efit: 1,,,0,0,0,0,1,,
2026-05-12 05:51:10,35,15,15,0,"fit: 4, efit: 5","fit: 4, efit: 4",efit: 1,,,0,0,0,0,1,,
2026-05-12 06:43:12,35,15,15,0,"fit: 4, efit: 4","fit: 4, efit: 3",efit: 1,,,0,0,0,0,1,,
2026-05-12 07:06:26,35,15,15,0,"fit: 4, efit: 3","fit: 4, efit: 2",efit: 1,,,0,0,0,0,1,,
2026-05-12 07:56:37,35,15,15,0,"fit: 4, efit: 1",fit: 4,efit: 1,,,0,0,0,0,1,,
2026-05-12 08:36:46,35,15,15,0,"fit: 3, efit: 1",fit: 3,efit: 1,,,0,0,0,0,1,,
2026-05-12 09:32:48,35,15,15,0,"fit: 2, efit: 1",fit: 2,efit: 1,,,0,0,0,0,1,,
2026-05-12 09:52:51,35,15,15,1,"fit: 2, efit: 1",fit: 2,efit: 1,,,0,0,0,0,1,,
2026-05-12 10:22:56,35,15,15,0,"fit: 2, efit: 1",fit: 2,efit: 1,,,0,0,0,0,1,,
2026-05-12 11:07:18,35,15,15,0,"fit: 3, efit: 1",fit: 3,efit: 1,,,0,0,0,0,1,,
2026-05-12 13:50:02,35,15,15,0,"fit: 3, efit: 1","fit: 3, efit: 1",,,,0,0,0,0,1,,
2026-05-12 14:35:11,35,15,15,0,fit: 3,fit: 3,,,,0,0,0,0,1,,
2026-05-12 15:08:44,35,15,15,0,"fit: 3, efit: 1","fit: 3, efit: 1",,,,0,0,0,0,1,,
2026-05-12 16:35:35,35,15,15,0,"fit: 3, efit: 2","fit: 3, efit: 2",,,,0,0,0,0,1,,
2026-05-12 16:49:05,35,15,15,0,"fit: 3, efit: 1","fit: 3, efit: 1",,,,0,0,0,0,1,,
2026-05-12 17:25:45,35,15,15,0,"fit: 4, efit: 1","fit: 4, efit: 1",,,,0,0,0,0,1,,
2026-05-12 17:29:13,35,15,15,0,"fit: 4, efit: 2","fit: 4, efit: 2",,,,0,0,0,0,1,,
2026-05-12 17:30:46,35,15,15,0,"fit: 4, efit: 3","fit: 4, efit: 3",,,,0,0,0,0,1,,
2026-05-12 17:34:14,35,15,15,0,"fit: 4, efit: 4","fit: 4, efit: 4",,,,0,0,0,0,1,,
2026-05-12 18:25:54,35,15,15,0,"fit: 4, efit: 3","fit: 4, efit: 3",,,,0,0,0,0,1,,
2026-05-12 18:30:55,35,15,15,0,"fit: 4, efit: 2","fit: 4, efit: 2",,,,0,0,0,0,1,,
2026-05-12 18:35:55,35,15,15,0,"fit: 4, efit: 3","fit: 4, efit: 3",,,,0,0,0,0,1,,
2026-05-12 19:09:33,35,15,15,0,"fit: 4, efit: 2","fit: 4, efit: 2",,,,0,0,0,0,1,,
2026-05-12 19:29:37,35,15,15,0,"fit: 4, efit: 1","fit: 4, efit: 1",,,,0,0,0,0,1,,
2026-05-12 20:39:50,35,15,15,0,fit: 4,fit: 4,,,,0,0,0,0,1,,
2026-05-12 21:40:03,35,15,15,0,"fit: 4, efit: 1","fit: 4, efit: 1",,,,0,0,0,0,1,,
2026-05-12 23:11:43,35,15,15,0,"fit: 4, efit: 3","fit: 4, efit: 3",,,,0,0,0,0,1,,
2026-05-13 00:00:29,35,15,15,0,"fit: 4, efit: 3","fit: 4, efit: 3",,,,0,0,0,0,1,,
2026-05-13 09:27:17,35,15,15,0,"fit: 4, efit: 2","fit: 4, efit: 2",,,,0,0,0,0,1,,
2026-05-13 12:38:58,35,15,15,0,"fit: 4, efit: 1","fit: 4, efit: 1",,,,0,0,0,0,1,,
2026-05-13 13:43:07,35,15,15,0,fit: 4,fit: 4,,,,0,0,0,0,1,,
2026-05-13 14:04:12,35,15,15,0,"fit: 4, efit: 1","fit: 4, efit: 1",,,,0,0,0,0,1,,
2026-05-13 14:18:14,35,15,15,0,"fit: 4, efit: 2","fit: 4, efit: 1",,,,0,0,0,0,1,,
2026-05-13 15:08:24,35,15,15,0,"fit: 4, efit: 2","fit: 4, efit: 2",,,,0,0,0,0,1,,
2026-05-13 16:18:37,35,15,15,0,"fit: 4, efit: 3","fit: 4, efit: 3",,,,0,0,0,0,1,,
2026-05-13 16:23:39,35,15,15,0,"fit: 4, efit: 5","fit: 4, efit: 5",,,,0,0,0,0,1,,
2026-05-13 16:33:41,35,15,15,0,"fit: 4, efit: 6","fit: 4, efit: 6",,,,0,0,0,0,1,,
2026-05-13 17:08:48,35,15,15,0,"fit: 4, efit: 7","fit: 4, efit: 7",,,,0,0,0,0,1,,
2026-05-13 17:39:48,35,15,15,0,"fit: 5, efit: 7","fit: 5, efit: 7",,,,0,0,0,0,1,,
2026-05-13 18:19:02,35,15,15,0,"fit: 5, efit: 6","fit: 5, efit: 6",,,,0,0,0,0,1,,
2026-05-13 19:45:45,35,15,15,0,"fit: 4, efit: 6","fit: 4, efit: 6",,,,0,0,0,0,1,,
2026-05-13 19:49:20,35,15,15,0,"fit: 5, efit: 5","fit: 5, efit: 5",,,,0,0,0,0,1,,
2026-05-13 21:51:09,35,15,15,0,"fit: 5, efit: 6","fit: 5, efit: 6",,,,0,0,0,0,1,,
2026-05-14 00:01:33,35,15,15,0,"fit: 5, efit: 6","fit: 5, efit: 6",,,,0,0,0,0,1,,
2026-05-14 06:07:37,35,15,15,0,"fit: 6, efit: 6","fit: 6, efit: 6",,,,0,0,0,0,1,,
2026-05-14 06:37:42,35,15,15,0,"fit: 6, efit: 5","fit: 6, efit: 5",,,,0,0,0,0,1,,
2026-05-14 07:02:47,35,15,15,0,"fit: 6, efit: 4","fit: 6, efit: 4",,,,0,0,0,0,1,,
2026-05-14 07:42:54,35,15,15,0,"fit: 6, efit: 4","fit: 5, efit: 4",fit: 1,,,0,0,0,0,1,,
2026-05-14 07:52:56,35,15,15,0,"fit: 6, efit: 3","fit: 5, efit: 3",fit: 1,,,0,0,0,0,1,,
2026-05-14 09:18:12,35,15,15,0,"fit: 6, efit: 2","fit: 5, efit: 2",fit: 1,,,0,0,0,0,1,,
2026-05-14 12:40:17,35,15,15,0,"fit: 6, efit: 1","fit: 5, efit: 1",fit: 1,,,0,0,0,0,1,,
2026-05-14 14:00:34,35,15,15,0,"fit: 6, efit: 3","fit: 5, efit: 3",fit: 1,,,0,0,0,0,1,,
2026-05-14 14:04:04,35,15,15,0,"fit: 5, efit: 4","fit: 5, efit: 4",,,,0,0,0,0,1,,
2026-05-14 14:05:35,35,15,15,0,"fit: 5, efit: 4","fit: 5, efit: 3",,,,0,0,0,0,1,,
2026-05-14 14:19:07,35,15,15,0,"fit: 6, efit: 4","fit: 6, efit: 3",,,,0,0,0,0,1,,
2026-05-14 15:09:16,35,15,15,0,"fit: 6, efit: 3","fit: 6, efit: 2",,,,0,0,0,0,1,,
2026-05-14 15:49:23,35,15,15,0,"fit: 6, efit: 4","fit: 6, efit: 3",,,,0,0,0,0,1,,
2026-05-14 16:09:27,35,15,15,0,"fit: 6, efit: 3","fit: 6, efit: 2",,,,0,0,0,0,1,,
2026-05-14 16:21:02,35,15,15,0,"fit: 6, efit: 4","fit: 6, efit: 3",,,,0,0,0,0,1,,
2026-05-14 16:41:06,35,15,15,0,"fit: 6, efit: 5","fit: 6, efit: 4",,,,0,0,0,0,1,,
2026-05-14 16:44:31,35,15,15,0,"fit: 7, efit: 5","fit: 7, efit: 5",,,,0,0,0,0,1,,
2026-05-14 17:06:11,35,15,15,0,"fit: 7, efit: 6","fit: 7, efit: 6",,,,0,0,0,0,1,,
2026-05-14 17:24:34,35,15,15,0,"fit: 7, efit: 7","fit: 7, efit: 7",,,,0,0,0,0,1,,
2026-05-14 17:39:37,35,15,15,0,"fit: 7, efit: 6","fit: 7, efit: 6",,,,0,0,0,0,1,,
2026-05-14 17:46:20,35,15,15,0,"fit: 7, efit: 5","fit: 7, efit: 5",,,,0,0,0,0,1,,
2026-05-14 18:16:26,35,15,15,0,"fit: 7, efit: 4","fit: 7, efit: 4",,,,0,0,0,0,1,,
2026-05-14 18:44:49,35,15,15,0,"fit: 7, efit: 5","fit: 7, efit: 5",,,,0,0,0,0,1,,
2026-05-14 18:51:33,35,15,15,0,"fit: 7, efit: 6","fit: 7, efit: 6",,,,0,0,0,0,1,,
2026-05-14 19:16:38,35,15,15,0,"fit: 7, efit: 6","fit: 7, efit: 5",,,,0,0,0,0,1,,
2026-05-14 19:19:54,35,15,15,0,"fit: 7, efit: 6","fit: 7, efit: 6",,,,0,0,0,0,1,,
2026-05-14 19:50:00,35,15,15,0,"fit: 7, efit: 7","fit: 7, efit: 7",,,,0,0,0,0,1,,
2026-05-14 20:06:48,35,15,15,0,"fit: 7, efit: 8","fit: 7, efit: 8",,,,0,0,0,0,1,,
2026-05-14 20:56:59,35,15,15,0,"fit: 7, efit: 7","fit: 7, efit: 7",,,,0,0,0,0,1,,
2026-05-15 00:00:42,35,15,15,0,"fit: 7, efit: 7","fit: 7, efit: 7",,,,0,0,0,0,1,,
2026-05-15 06:41:45,35,15,15,0,"fit: 7, efit: 6","fit: 7, efit: 6",,,,0,0,0,0,1,,
2026-05-15 08:32:02,35,15,15,0,"fit: 7, efit: 3","fit: 7, efit: 3",,,,0,0,0,0,1,,
2026-05-15 08:34:15,35,15,15,0,"fit: 7, efit: 2","fit: 7, efit: 2",,,,0,0,0,0,1,,
2026-05-15 08:37:03,35,15,15,0,"fit: 7, efit: 1","fit: 7, efit: 1",,,,0,0,0,0,1,,
2026-05-15 08:57:07,35,15,15,0,"fit: 7, efit: 2","fit: 7, efit: 2",,,,0,0,0,0,1,,
2026-05-15 11:57:36,35,15,15,0,"fit: 7, efit: 4","fit: 7, efit: 4",,,,0,0,0,0,1,,
2026-05-15 12:15:01,35,15,15,0,"fit: 7, efit: 2","fit: 7, efit: 2",,,,0,0,0,0,1,,
2026-05-15 15:55:46,35,15,15,0,"fit: 7, efit: 3","fit: 7, efit: 3",,,,0,0,0,0,1,,
2026-05-15 15:58:18,35,15,15,0,"fit: 7, efit: 4","fit: 7, efit: 4",,,,0,0,0,0,1,,
2026-05-15 16:33:24,35,15,15,0,"fit: 7, efit: 6","fit: 7, efit: 6",,,,0,0,0,0,1,,
2026-05-15 16:35:54,35,15,15,0,"fit: 7, efit: 7","fit: 7, efit: 7",,,,0,0,0,0,1,,
2026-05-15 17:36:07,35,15,15,0,"fit: 7, efit: 5","fit: 7, efit: 5",,,,0,0,0,0,1,,
2026-05-15 18:03:40,35,15,15,0,"fit: 7, efit: 6","fit: 7, efit: 6",,,,0,0,0,0,1,,
2026-05-15 18:06:14,35,15,15,0,"fit: 7, efit: 5","fit: 7, efit: 5",,,,0,0,0,0,1,,
2026-05-15 18:38:46,35,15,15,0,"fit: 7, efit: 6","fit: 7, efit: 6",,,,0,0,0,0,1,,
2026-05-15 18:59:22,35,15,15,1,"fit: 7, efit: 6","fit: 7, efit: 6",,,,0,0,0,0,1,,
2026-05-15 19:01:25,35,15,15,0,"fit: 7, efit: 6","fit: 7, efit: 6",,,,0,0,0,0,1,,
2026-05-15 20:29:06,35,15,15,0,"fit: 7, efit: 7","fit: 7, efit: 7",,,,0,0,0,0,1,,
2026-05-15 20:54:10,35,15,15,0,"fit: 7, efit: 8","fit: 7, efit: 8",,,,0,0,0,0,1,,
2026-05-15 21:44:19,35,15,15,0,"fit: 7, efit: 7","fit: 7, efit: 7",,,,0,0,0,0,1,,
2026-05-15 21:44:55,35,15,15,0,"fit: 7, efit: 6","fit: 7, efit: 6",,,,0,0,0,0,1,,
2026-05-15 23:24:35,35,15,15,0,"fit: 7, efit: 5","fit: 7, efit: 5",,,,0,0,0,0,1,,
2026-05-16 00:00:21,35,15,15,0,"fit: 7, efit: 5","fit: 7, efit: 5",,,,0,0,0,0,1,,
2026-05-16 00:59:50,35,15,15,0,"fit: 7, efit: 4","fit: 7, efit: 4",,,,0,0,0,0,1,,
2026-05-16 02:15:04,35,15,15,0,"fit: 8, efit: 4","fit: 8, efit: 4",,,,0,0,0,0,1,,
2026-05-16 06:15:42,35,15,15,0,"fit: 8, efit: 3","fit: 8, efit: 3",,,,0,0,0,0,1,,
2026-05-16 07:38:55,35,15,15,0,"fit: 8, efit: 4","fit: 8, efit: 4",,,,0,0,0,0,1,,
2026-05-16 07:40:55,35,15,15,0,"fit: 8, efit: 3","fit: 8, efit: 3",,,,0,0,0,0,1,,
2026-05-16 08:51:07,35,15,15,0,"fit: 8, efit: 4","fit: 8, efit: 4",,,,0,0,0,0,1,,
2026-05-16 10:34:30,35,15,15,0,"fit: 8, efit: 5","fit: 8, efit: 4",,,,0,0,0,0,1,,
2026-05-16 11:16:31,35,15,15,0,"fit: 8, efit: 5","fit: 8, efit: 5",,,,0,0,0,0,1,,
2026-05-16 11:17:23,35,15,15,0,"fit: 7, efit: 5","fit: 7, efit: 5",,,,0,0,0,0,1,,
2026-05-16 11:19:39,35,15,15,0,"fit: 3, efit: 5","fit: 3, efit: 5",,,,0,0,0,0,1,,
2026-05-16 11:44:44,35,15,15,0,"fit: 3, efit: 4","fit: 3, efit: 4",,,,0,0,0,0,1,,
2026-05-16 11:52:30,35,15,15,0,"fit: 3, efit: 3","fit: 3, efit: 3",,,,0,0,0,0,1,,
2026-05-16 12:51:50,35,15,15,0,"fit: 3, efit: 3","fit: 3, efit: 2",efit: 1,,,0,0,0,0,1,,
2026-05-16 13:45:10,35,15,15,0,"fit: 3, efit: 4","fit: 3, efit: 3",efit: 1,,,0,0,0,0,1,,
2026-05-16 14:25:19,35,15,15,0,"fit: 3, efit: 3","fit: 3, efit: 3",,,,0,0,0,0,1,,
2026-05-16 14:27:06,35,15,15,0,"fit: 2, efit: 3","fit: 2, efit: 3",,,,0,0,0,0,1,,
2026-05-16 14:32:59,35,15,15,0,"fit: 2, efit: 4","fit: 2, efit: 4",,,,0,0,0,0,1,,
2026-05-16 14:45:23,35,15,15,0,"fit: 2, efit: 5","fit: 2, efit: 5",,,,0,0,0,0,1,,
2026-05-16 16:08:17,35,15,15,0,"fit: 2, efit: 6","fit: 2, efit: 6",,,,0,0,0,0,1,,
2026-05-16 17:05:54,35,15,15,0,"fit: 3, efit: 6","fit: 3, efit: 6",,,,0,0,0,0,1,,
2026-05-16 19:33:55,35,15,15,0,"fit: 5, efit: 6","fit: 5, efit: 6",,,,0,0,0,0,1,,
2026-05-16 19:51:28,35,15,15,0,"fit: 5, efit: 5","fit: 5, efit: 5",,,,0,0,0,0,1,,
2026-05-16 21:18:14,35,15,15,0,"fit: 5, efit: 4","fit: 5, efit: 4",,,,0,0,0,0,1,,
2026-05-17 00:02:19,35,15,15,0,"fit: 5, efit: 4","fit: 5, efit: 4",,,,0,0,0,0,1,,
2026-05-17 00:13:41,35,15,15,1,"fit: 5, efit: 4","fit: 5, efit: 4",,,,0,0,0,0,1,,
2026-05-17 00:43:46,35,15,15,0,"fit: 5, efit: 4","fit: 5, efit: 4",,,,0,0,0,0,1,,
2026-05-17 01:14:57,35,15,15,0,"fit: 5, efit: 3","fit: 5, efit: 3",,,,0,0,0,0,1,,
2026-05-17 04:13:07,35,15,15,0,"fit: 6, efit: 3","fit: 6, efit: 3",,,,0,0,0,0,1,,
2026-05-17 04:14:19,35,15,15,0,"fit: 6, efit: 2","fit: 6, efit: 2",,,,0,0,0,0,1,,
2026-05-17 04:45:36,35,15,15,1,"fit: 6, efit: 2","fit: 6, efit: 2",,,,0,0,0,0,1,,
2026-05-17 05:18:19,35,15,15,0,"fit: 6, efit: 2","fit: 6, efit: 2",,,,0,0,0,0,1,,
2026-05-17 08:18:54,35,15,15,0,"fit: 6, efit: 1","fit: 6, efit: 1",,,,0,0,0,0,1,,
2026-05-17 09:29:07,35,15,15,0,"fit: 6, efit: 2","fit: 6, efit: 2",,,,0,0,0,0,1,,
2026-05-17 10:39:21,35,15,15,0,"fit: 6, efit: 3","fit: 6, efit: 3",,,,0,0,0,0,1,,
2026-05-17 10:40:20,35,15,15,0,"fit: 6, efit: 2","fit: 6, efit: 2",,,,0,0,0,0,1,,
2026-05-17 10:59:25,35,15,15,0,"fit: 4, efit: 2","fit: 4, efit: 2",,,,0,0,0,0,1,,
2026-05-17 11:06:46,35,15,15,0,"fit: 4, efit: 3","fit: 4, efit: 3",,,,0,0,0,0,1,,
2026-05-17 11:49:35,35,15,15,0,"fit: 4, efit: 1","fit: 4, efit: 1",,,,0,0,0,0,1,,
2026-05-17 11:50:32,35,15,15,0,"fit: 2, efit: 1","fit: 2, efit: 1",,,,0,0,0,0,1,,
2026-05-17 12:32:02,35,15,15,0,"fit: 1, efit: 1","fit: 1, efit: 1",,,,0,0,0,0,1,,
2026-05-17 12:39:46,35,15,15,0,fit: 1,fit: 1,,,,0,0,0,0,1,,
2026-05-17 12:54:49,35,15,15,0,,,,,,0,0,0,0,1,,
2026-05-17 13:19:54,35,15,15,0,fit: 1,fit: 1,,,,0,0,0,0,1,,
2026-05-17 13:39:59,35,15,15,0,"fit: 1, efit: 1","fit: 1, efit: 1",,,,0,0,0,0,1,,
2026-05-17 14:17:22,35,15,15,0,fit: 1,fit: 1,,,,0,0,0,0,1,,
2026-05-17 14:45:13,35,15,15,0,"fit: 1, efit: 1","fit: 1, efit: 1",,,,0,0,0,0,1,,
2026-05-17 14:50:14,35,15,15,0,,,,,,0,0,0,0,1,,
2026-05-17 16:05:31,35,15,15,0,efit: 1,efit: 1,,,,0,0,0,0,1,,
2026-05-17 16:11:16,35,15,15,0,efit: 2,efit: 1,,,,0,0,0,0,1,,
2026-05-17 16:12:45,35,15,15,0,efit: 3,efit: 2,,,,0,0,0,0,1,,
2026-05-17 16:20:34,35,15,15,0,efit: 4,efit: 3,,,,0,0,0,0,1,,
2026-05-17 16:50:40,35,15,15,0,efit: 4,efit: 4,,,,0,0,0,0,1,,
2026-05-17 17:10:45,35,15,15,0,efit: 5,efit: 5,,,,0,0,0,0,1,,
2026-05-17 17:15:46,35,15,15,0,"fit: 3, efit: 5","fit: 3, efit: 5",,,,0,0,0,0,1,,
2026-05-17 17:20:47,35,15,15,0,"fit: 3, efit: 6","fit: 3, efit: 6",,,,0,0,0,0,1,,
2026-05-17 17:30:49,35,15,15,0,"fit: 4, efit: 6","fit: 4, efit: 6",,,,0,0,0,0,1,,
2026-05-17 17:35:50,35,15,15,0,"fit: 4, efit: 8","fit: 4, efit: 8",,,,0,0,0,0,1,,
2026-05-17 18:56:07,35,15,15,0,"fit: 4, efit: 7","fit: 4, efit: 7",,,,0,0,0,0,1,,
2026-05-17 19:08:20,35,15,15,0,"fit: 4, efit: 8","fit: 4, efit: 8",,,,0,0,0,0,1,,
2026-05-17 19:31:15,35,15,15,0,"fit: 4, efit: 10","fit: 4, efit: 10",,,,0,0,0,0,1,,
2026-05-17 20:16:24,35,15,15,0,"fit: 4, efit: 11","fit: 4, efit: 11",,,,0,0,0,0,1,,
2026-05-17 23:42:06,35,15,15,0,"fit: 4, efit: 10","fit: 4, efit: 10",,,,0,0,0,0,1,,
2026-05-18 00:02:10,35,15,15,0,"fit: 4, efit: 10","fit: 4, efit: 10",,,,0,0,0,0,1,,
2026-05-18 00:24:19,35,15,15,1,"fit: 4, efit: 10","fit: 4, efit: 10",,,,0,0,0,0,1,,
2026-05-18 00:54:24,35,15,15,0,"fit: 4, efit: 10","fit: 4, efit: 10",,,,0,0,0,0,1,,
2026-05-18 06:03:20,35,15,15,0,"fit: 4, efit: 9","fit: 4, efit: 9",,,,0,0,0,0,1,,
2026-05-18 06:40:26,35,15,15,0,"fit: 4, efit: 8","fit: 4, efit: 8",,,,0,0,0,0,1,,
2026-05-18 07:18:35,35,15,15,0,"fit: 4, efit: 7","fit: 4, efit: 7",,,,0,0,0,0,1,,
2026-05-18 07:20:33,35,15,15,0,"fit: 4, efit: 8","fit: 4, efit: 8",,,,0,0,0,0,1,,
2026-05-18 09:03:55,35,15,15,0,"fit: 4, efit: 6","fit: 4, efit: 6",,,,0,0,0,0,1,,
2026-05-18 09:15:54,35,15,15,0,"fit: 3, efit: 6","fit: 3, efit: 6",,,,0,0,0,0,1,,
2026-05-18 10:06:04,35,15,15,0,"fit: 3, efit: 5","fit: 3, efit: 5",,,,0,0,0,0,1,,
2026-05-18 12:24:27,35,15,15,0,"fit: 3, efit: 4","fit: 3, efit: 4",,,,0,0,0,0,1,,
2026-05-18 13:16:43,35,15,15,0,"fit: 3, efit: 3","fit: 3, efit: 3",,,,0,0,0,0,1,,
2026-05-18 13:29:38,35,15,15,1,"fit: 3, efit: 3","fit: 3, efit: 3",,,,0,0,0,0,1,,
2026-05-18 13:59:55,35,15,15,0,"fit: 3, efit: 3","fit: 3, efit: 3",,,,0,0,0,0,1,,
2026-05-18 15:37:10,35,15,15,0,"fit: 3, efit: 4","fit: 3, efit: 3",,,,0,0,0,0,1,,
2026-05-18 15:40:01,35,15,15,0,"fit: 4, efit: 4","fit: 4, efit: 3",,,,0,0,0,0,1,,
2026-05-18 15:45:02,35,15,15,0,"fit: 4, efit: 3","fit: 4, efit: 2",,,,0,0,0,0,1,,
2026-05-18 15:47:12,35,15,15,0,"fit: 4, efit: 2","fit: 4, efit: 1",,,,0,0,0,0,1,,
2026-05-18 16:22:19,35,15,15,0,"fit: 4, efit: 3","fit: 4, efit: 2",,,,0,0,0,0,1,,
2026-05-18 16:27:20,35,15,15,0,"fit: 4, efit: 4","fit: 4, efit: 3",,,,0,0,0,0,1,,
2026-05-18 17:07:28,35,15,15,0,"fit: 4, efit: 3","fit: 4, efit: 2",,,,0,0,0,0,1,,
2026-05-18 17:25:20,35,15,15,0,"fit: 4, efit: 4","fit: 4, efit: 3",,,,0,0,0,0,1,,
2026-05-18 18:05:27,35,15,15,0,"fit: 4, efit: 5","fit: 4, efit: 4",,,,0,0,0,0,1,,
2026-05-18 19:02:51,35,15,15,0,"fit: 4, efit: 5","fit: 4, efit: 5",,,,0,0,0,0,1,,
2026-05-18 19:20:40,35,15,15,0,"fit: 4, efit: 4","fit: 4, efit: 4",,,,0,0,0,0,1,,
2026-05-18 19:32:57,35,15,15,0,"fit: 4, efit: 5","fit: 4, efit: 5",,,,0,0,0,0,1,,
2026-05-18 19:40:43,35,15,15,0,"fit: 4, efit: 4","fit: 4, efit: 4",,,,0,0,0,0,1,,
2026-05-18 21:21:00,35,15,15,0,"fit: 4, efit: 5","fit: 4, efit: 5",,,,0,0,0,0,1,,
2026-05-19 00:01:26,35,15,15,0,"fit: 4, efit: 5","fit: 4, efit: 5",,,,0,0,0,0,1,,
2026-05-19 00:06:27,35,15,15,1,"fit: 4, efit: 5","fit: 4, efit: 5",,,,0,0,0,0,1,,
2026-05-19 00:36:31,35,15,15,0,"fit: 4, efit: 5","fit: 4, efit: 5",,,,0,0,0,0,1,,
2026-05-19 07:08:30,35,15,15,0,"fit: 4, efit: 4","fit: 4, efit: 4",,,,0,0,0,0,1,,
2026-05-19 07:27:35,35,15,15,0,"fit: 4, efit: 3","fit: 4, efit: 3",,,,0,0,0,0,1,,
2026-05-19 07:53:39,35,15,15,0,"fit: 4, efit: 2","fit: 4, efit: 2",,,,0,0,0,0,1,,
2026-05-19 08:05:15,35,15,15,0,"fit: 4, efit: 1","fit: 4, efit: 1",,,,0,0,0,0,1,,
2026-05-19 08:37:47,35,15,15,0,fit: 4,fit: 4,,,,0,0,0,0,1,,
2026-05-19 10:45:45,35,15,15,0,,,,,,0,0,0,0,1,,
2026-05-19 14:23:45,35,15,15,0,efit: 1,efit: 1,,,,0,0,0,0,1,,
2026-05-19 14:48:49,35,15,15,0,,,,,,0,0,0,0,1,,
2026-05-19 15:33:56,35,15,15,0,efit: 1,,,,,0,0,0,0,1,,
2026-05-19 15:54:00,35,15,15,0,efit: 2,efit: 1,,,,0,0,0,0,1,,
2026-05-19 16:10:25,35,15,15,0,efit: 2,efit: 2,,,,0,0,0,0,1,,
2026-05-19 17:30:43,35,15,15,0,efit: 3,efit: 3,,,,0,0,0,0,1,,
2026-05-19 17:32:04,35,15,15,0,efit: 4,efit: 4,,,,0,0,0,0,1,,
2026-05-19 17:42:06,35,15,15,0,efit: 3,efit: 3,,,,0,0,0,0,1,,
2026-05-19 17:47:07,35,15,15,0,efit: 2,efit: 2,,,,0,0,0,0,1,,
2026-05-19 17:52:08,35,15,15,0,efit: 1,efit: 1,,,,0,0,0,0,1,,
2026-05-19 17:54:20,35,15,15,0,efit: 2,efit: 2,,,,0,0,0,0,1,,
2026-05-19 17:55:49,35,15,15,0,efit: 1,efit: 1,,,,0,0,0,0,1,,
2026-05-19 18:07:10,35,15,15,0,efit: 2,efit: 2,,,,0,0,0,0,1,,
2026-05-19 18:10:52,35,15,15,0,efit: 3,efit: 3,,,,0,0,0,0,1,,
2026-05-19 18:17:12,35,15,15,0,efit: 4,efit: 4,,,,0,0,0,0,1,,
2026-05-19 18:34:27,35,15,15,0,efit: 5,efit: 5,,,,0,0,0,0,1,,
2026-05-19 19:16:07,35,15,15,0,efit: 4,efit: 4,,,,0,0,0,0,1,,
2026-05-19 19:19:35,35,15,15,0,efit: 3,efit: 3,,,,0,0,0,0,1,,
2026-05-19 19:29:36,35,15,15,0,"fit: 2, efit: 4","fit: 2, efit: 4",,,,0,0,0,0,1,,
2026-05-19 19:31:10,35,15,15,0,"fit: 3, efit: 6","fit: 3, efit: 6",,,,0,0,0,0,1,,
2026-05-19 19:32:27,35,15,15,0,"fit: 3, efit: 5","fit: 3, efit: 5",,,,0,0,0,0,1,,
2026-05-19 19:34:37,35,15,15,0,"fit: 3, efit: 4","fit: 3, efit: 4",,,,0,0,0,0,1,,
2026-05-19 19:54:41,35,15,15,0,"fit: 3, efit: 6","fit: 3, efit: 6",,,,0,0,0,0,1,,
2026-05-19 21:26:34,35,15,15,0,"fit: 3, efit: 7","fit: 3, efit: 7",,,,0,0,0,0,1,,
2026-05-19 23:08:07,35,15,15,0,"fit: 3, efit: 8","fit: 3, efit: 8",,,,0,0,0,0,1,,
2026-05-19 23:15:14,35,15,15,0,"fit: 3, efit: 7","fit: 3, efit: 7",,,,0,0,0,0,1,,
2026-05-20 00:00:21,35,15,15,0,"fit: 3, efit: 7","fit: 3, efit: 7",,,,0,0,0,0,1,,
2026-05-20 06:44:29,35,15,15,0,"fit: 3, efit: 6","fit: 3, efit: 6",,,,0,0,0,0,1,,
2026-05-20 07:48:35,35,15,15,0,"fit: 3, efit: 5","fit: 3, efit: 5",,,,0,0,0,0,1,,
2026-05-20 08:43:46,35,15,15,0,"fit: 3, efit: 6","fit: 3, efit: 6",,,,0,0,0,0,1,,
2026-05-20 13:32:28,35,15,15,0,"fit: 3, efit: 5","fit: 3, efit: 5",,,,0,0,0,0,1,,
2026-05-20 14:20:55,35,15,15,0,"fit: 3, efit: 6","fit: 3, efit: 6",,,,0,0,0,0,1,,
2026-05-20 14:22:36,35,15,15,0,"fit: 3, efit: 5","fit: 3, efit: 5",,,,0,0,0,0,1,,
2026-05-20 16:15:19,35,15,15,0,"fit: 3, efit: 4","fit: 3, efit: 4",,,,0,0,0,0,1,,
2026-05-20 16:36:22,35,15,15,0,"fit: 3, efit: 5","fit: 3, efit: 5",,,,0,0,0,0,1,,
2026-05-20 17:33:48,35,15,15,0,"fit: 3, efit: 6","fit: 3, efit: 6",,,,0,0,0,0,1,,
2026-05-20 17:36:36,35,15,15,0,"fit: 4, efit: 6","fit: 4, efit: 6",,,,0,0,0,0,1,,
2026-05-20 17:51:39,35,15,15,0,"fit: 4, efit: 7","fit: 4, efit: 7",,,,0,0,0,0,1,,
2026-05-20 18:33:57,35,15,15,0,"fit: 4, efit: 8","fit: 4, efit: 8",,,,0,0,0,0,1,,
2026-05-20 19:19:36,35,15,15,0,"fit: 4, efit: 9","fit: 4, efit: 9",,,,0,0,0,0,1,,
2026-05-20 19:24:06,35,15,15,0,"fit: 4, efit: 10","fit: 4, efit: 10",,,,0,0,0,0,1,,
2026-05-20 19:31:56,35,15,15,0,"fit: 4, efit: 9","fit: 4, efit: 9",,,,0,0,0,0,1,,
2026-05-20 19:59:11,35,15,15,0,"fit: 4, efit: 8","fit: 4, efit: 8",,,,0,0,0,0,1,,
2026-05-20 23:25:27,35,15,15,1,"fit: 4, efit: 8","fit: 4, efit: 8",,,,0,0,0,0,1,,
2026-05-20 23:55:33,35,15,15,0,"fit: 4, efit: 8","fit: 4, efit: 8",,,,0,0,0,0,1,,
2026-05-21 00:00:34,35,15,15,0,"fit: 4, efit: 8","fit: 4, efit: 8",,,,0,0,0,0,1,,
2026-05-21 07:58:59,35,15,15,0,"fit: 4, efit: 7","fit: 4, efit: 7",,,,0,0,0,0,1,,
2026-05-21 08:04:00,35,15,15,0,"fit: 4, efit: 6","fit: 4, efit: 6",,,,0,0,0,0,1,,
2026-05-21 08:41:05,35,15,15,0,"fit: 4, efit: 5","fit: 4, efit: 5",,,,0,0,0,0,1,,
2026-05-21 08:47:18,35,15,15,0,"fit: 4, efit: 4","fit: 4, efit: 4",,,,0,0,0,0,1,,
2026-05-21 09:36:14,35,15,15,0,"fit: 4, efit: 3","fit: 4, efit: 3",,,,0,0,0,0,1,,
2026-05-21 10:01:17,35,15,15,1,"fit: 4, efit: 3","fit: 4, efit: 3",,,,0,0,0,0,1,,
2026-05-21 10:29:25,35,15,15,1,"fit: 4, efit: 4","fit: 4, efit: 4",,,,0,0,0,0,1,,
2026-05-21 10:31:22,35,15,15,0,"fit: 4, efit: 4","fit: 4, efit: 4",,,,0,0,0,0,1,,
2026-05-21 13:24:54,35,15,15,0,"fit: 4, efit: 5","fit: 4, efit: 5",,,,0,0,0,0,1,,
2026-05-21 15:07:04,35,15,15,0,"fit: 4, efit: 4","fit: 4, efit: 4",,,,0,0,0,0,1,,
2026-05-21 17:04:00,35,15,15,0,"fit: 4, efit: 5","fit: 4, efit: 5",,,,0,0,0,0,1,,
2026-05-21 17:19:48,35,15,15,0,"fit: 4, efit: 6","fit: 4, efit: 6",,,,0,0,0,0,1,,
2026-05-21 17:24:05,35,15,15,0,"fit: 4, efit: 7","fit: 4, efit: 7",,,,0,0,0,0,1,,
2026-05-21 17:49:52,35,15,15,0,"fit: 4, efit: 8","fit: 4, efit: 8",,,,0,0,0,0,1,,
2026-05-21 18:00:44,35,15,15,0,"fit: 4, efit: 9","fit: 4, efit: 9",,,,0,0,0,0,1,,
2026-05-21 18:14:15,35,15,15,0,"fit: 4, efit: 10","fit: 4, efit: 10",,,,0,0,0,0,1,,
2026-05-21 18:29:18,35,15,15,0,"fit: 4, efit: 11","fit: 4, efit: 11",,,,0,0,0,0,1,,
2026-05-21 19:04:26,35,15,15,0,"fit: 4, efit: 10","fit: 4, efit: 10",,,,0,0,0,0,1,,
2026-05-21 19:09:27,35,15,15,0,"fit: 4, efit: 11","fit: 4, efit: 11",,,,0,0,0,0,1,,
2026-05-21 19:15:05,35,15,15,0,"fit: 4, efit: 9","fit: 4, efit: 9",,,,0,0,0,0,1,,
2026-05-21 19:15:58,35,15,15,0,"fit: 4, efit: 8","fit: 4, efit: 8",,,,0,0,0,0,1,,
2026-05-21 19:34:33,35,15,15,1,"fit: 4, efit: 8","fit: 4, efit: 8",,,,0,0,0,0,1,,
2026-05-21 19:36:02,35,15,15,1,"fit: 4, efit: 7","fit: 4, efit: 7",,,,0,0,0,0,1,,
2026-05-21 19:39:34,35,15,15,1,"fit: 4, efit: 6","fit: 4, efit: 6",,,,0,0,0,0,1,,
2026-05-21 20:05:12,35,15,15,0,"fit: 4, efit: 6","fit: 4, efit: 6",,,,0,0,0,0,1,,
2026-05-21 22:40:12,35,15,15,0,"fit: 4, efit: 5","fit: 4, efit: 5",,,,0,0,0,0,1,,
2026-05-22 00:00:29,35,15,15,0,"fit: 4, efit: 5","fit: 4, efit: 5",,,,0,0,0,0,1,,
2026-05-22 00:06:50,35,15,15,1,"fit: 4, efit: 5","fit: 4, efit: 5",,,,0,0,0,0,1,,
2026-05-22 00:36:55,35,15,15,0,"fit: 4, efit: 5","fit: 4, efit: 5",,,,0,0,0,0,1,,
2026-05-22 01:07:00,35,15,15,1,"fit: 4, efit: 5","fit: 4, efit: 5",,,,0,0,0,0,1,,
2026-05-22 01:40:49,35,15,15,0,"fit: 4, efit: 5","fit: 4, efit: 5",,,,0,0,0,0,1,,
2026-05-22 05:11:24,35,15,15,1,"fit: 4, efit: 5","fit: 4, efit: 5",,,,0,0,0,0,1,,
2026-05-22 05:41:28,35,15,15,0,"fit: 4, efit: 5","fit: 4, efit: 5",,,,0,0,0,0,1,,
2026-05-22 06:26:34,35,15,15,0,"fit: 4, efit: 4","fit: 4, efit: 4",,,,0,0,0,0,1,,
2026-05-22 07:26:42,35,15,15,0,"fit: 4, efit: 3","fit: 4, efit: 3",,,,0,0,0,0,1,,
2026-05-22 08:01:47,35,15,15,0,"fit: 3, efit: 3","fit: 3, efit: 3",,,,0,0,0,0,1,,
2026-05-22 08:02:01,35,15,15,0,"fit: 3, efit: 2","fit: 3, efit: 2",,,,0,0,0,0,1,,
2026-05-22 10:02:08,35,15,15,0,"fit: 3, efit: 3","fit: 3, efit: 3",,,,0,0,0,0,1,,
2026-05-22 11:58:51,35,15,15,0,"fit: 3, efit: 4","fit: 3, efit: 4",,,,0,0,0,0,1,,
2026-05-22 14:53:29,35,15,15,0,"fit: 3, efit: 5","fit: 3, efit: 5",,,,0,0,0,0,1,,
2026-05-22 15:28:36,35,15,15,0,"fit: 3, efit: 6","fit: 3, efit: 6",,,,0,0,0,0,1,,
2026-05-22 15:37:59,35,15,15,0,"fit: 3, efit: 5","fit: 3, efit: 5",,,,0,0,0,0,1,,
2026-05-22 15:58:02,35,15,15,0,"fit: 3, efit: 6","fit: 3, efit: 6",,,,0,0,0,0,1,,
2026-05-22 16:54:43,35,15,15,0,"fit: 3, efit: 7","fit: 3, efit: 7",,,,0,0,0,0,1,,
2026-05-22 21:03:44,35,15,15,0,"fit: 3, efit: 8","fit: 3, efit: 8",,,,0,0,0,0,1,,
2026-05-22 21:04:46,35,15,15,0,"fit: 3, efit: 7","fit: 3, efit: 7",,,,0,0,0,0,1,,
2026-05-23 00:00:21,35,15,15,0,"fit: 3, efit: 7","fit: 3, efit: 7",,,,0,0,0,0,1,,
2026-05-23 00:54:14,35,15,15,0,"fit: 3, efit: 8","fit: 3, efit: 8",,,,0,0,0,0,1,,
2026-05-23 05:19:49,35,15,15,1,"fit: 3, efit: 8","fit: 3, efit: 8",,,,0,0,0,0,1,,
2026-05-23 05:49:53,35,15,15,0,"fit: 3, efit: 8","fit: 3, efit: 8",,,,0,0,0,0,1,,
2026-05-23 06:26:37,35,15,15,0,"fit: 3, efit: 8","fit: 3, efit: 7",efit: 1,,,0,0,0,0,1,,
2026-05-23 06:31:38,35,15,15,0,"fit: 3, efit: 8","fit: 3, efit: 8",,,,0,0,0,0,1,,
2026-05-23 06:34:59,35,15,15,0,"fit: 3, efit: 8","fit: 3, efit: 7",efit: 1,,,0,0,0,0,1,,
2026-05-23 06:36:39,35,15,15,0,"fit: 3, efit: 8","fit: 3, efit: 8",,,,0,0,0,0,1,,
2026-05-23 06:37:07,35,15,15,0,"fit: 3, efit: 8","fit: 3, efit: 7",efit: 1,,,0,0,0,0,1,,
2026-05-23 06:40:00,35,15,15,0,"fit: 3, efit: 8","fit: 3, efit: 8",,,,0,0,0,0,1,,
2026-05-23 07:00:03,35,15,15,0,"fit: 3, efit: 8","fit: 3, efit: 7",efit: 1,,,0,0,0,0,1,,
2026-05-23 07:35:07,35,15,15,0,"fit: 3, efit: 8","fit: 3, efit: 8",,,,0,0,0,0,1,,
2026-05-23 07:36:51,35,15,15,0,"fit: 3, efit: 8","fit: 3, efit: 7",efit: 1,,,0,0,0,0,1,,
2026-05-23 07:40:08,35,15,15,0,"fit: 3, efit: 8","fit: 3, efit: 8",,,,0,0,0,0,1,,
2026-05-23 07:41:52,35,15,15,0,"fit: 3, efit: 8","fit: 3, efit: 7",efit: 1,,,0,0,0,0,1,,
2026-05-23 08:37:27,35,15,15,0,"fit: 3, efit: 8","fit: 3, efit: 8",,,,0,0,0,0,1,,
2026-05-23 08:40:16,35,15,15,0,"fit: 3, efit: 8","fit: 3, efit: 7",efit: 1,,,0,0,0,0,1,,
2026-05-23 08:42:04,35,15,15,0,"fit: 3, efit: 8","fit: 3, efit: 8",,,,0,0,0,0,1,,
2026-05-23 08:45:17,35,15,15,0,"fit: 3, efit: 8","fit: 3, efit: 7",efit: 1,,,0,0,0,0,1,,
2026-05-23 08:47:05,35,15,15,0,"fit: 3, efit: 8","fit: 3, efit: 8",,,,0,0,0,0,1,,
2026-05-23 08:50:17,35,15,15,0,"fit: 3, efit: 8","fit: 3, efit: 7",efit: 1,,,0,0,0,0,1,,
2026-05-23 08:52:06,35,15,15,0,"fit: 3, efit: 8","fit: 3, efit: 8",,,,0,0,0,0,1,,
2026-05-23 08:55:18,35,15,15,0,"fit: 3, efit: 8","fit: 3, efit: 7",efit: 1,,,0,0,0,0,1,,
2026-05-23 09:40:24,35,15,15,0,"fit: 3, efit: 8","fit: 3, efit: 8",,,,0,0,0,0,1,,
2026-05-23 09:42:15,35,15,15,0,"fit: 3, efit: 8","fit: 3, efit: 7",efit: 1,,,0,0,0,0,1,,
2026-05-23 09:45:25,35,15,15,0,"fit: 3, efit: 8","fit: 3, efit: 8",,,,0,0,0,0,1,,
2026-05-23 09:47:16,35,15,15,0,"fit: 3, efit: 8","fit: 3, efit: 7",efit: 1,,,0,0,0,0,1,,
2026-05-23 09:50:26,35,15,15,0,"fit: 3, efit: 8","fit: 3, efit: 8",,,,0,0,0,0,1,,
2026-05-23 09:52:17,35,15,15,0,"fit: 3, efit: 8","fit: 3, efit: 7",efit: 1,,,0,0,0,0,1,,
2026-05-23 09:55:26,35,15,15,0,"fit: 3, efit: 8","fit: 3, efit: 8",,,,0,0,0,0,1,,
2026-05-23 09:57:18,35,15,15,0,"fit: 3, efit: 8","fit: 3, efit: 7",efit: 1,,,0,0,0,0,1,,
2026-05-23 10:57:52,35,15,15,0,"fit: 3, efit: 8","fit: 3, efit: 8",,,,0,0,0,0,1,,
2026-05-23 11:00:35,35,15,15,0,"fit: 3, efit: 8","fit: 3, efit: 7",efit: 1,,,0,0,0,0,1,,
2026-05-23 11:10:36,35,15,15,0,"fit: 3, efit: 4","fit: 3, efit: 4",,,,0,0,0,0,1,,
2026-05-23 11:12:33,35,15,15,0,"fit: 2, efit: 4","fit: 2, efit: 4",,,,0,0,0,0,1,,
2026-05-23 12:10:44,35,15,15,0,"fit: 2, efit: 5","fit: 2, efit: 5",,,,0,0,0,0,1,,
2026-05-23 12:55:51,35,15,15,0,"fit: 3, efit: 5","fit: 3, efit: 5",,,,0,0,0,0,1,,
2026-05-23 13:38:20,35,15,15,0,"fit: 2, efit: 5","fit: 2, efit: 5",,,,0,0,0,0,1,,
2026-05-23 14:23:11,35,15,15,0,"fit: 2, efit: 6","fit: 2, efit: 6",,,,0,0,0,0,1,,
2026-05-23 14:28:12,35,15,15,0,"fit: 1, efit: 6","fit: 1, efit: 6",,,,0,0,0,0,1,,
2026-05-23 15:18:22,35,15,15,0,"fit: 1, efit: 5","fit: 1, efit: 5",,,,0,0,0,0,1,,
2026-05-23 15:33:25,35,15,15,0,"fit: 1, efit: 7","fit: 1, efit: 7",,,,0,0,0,0,1,,
2026-05-23 16:48:40,35,15,15,0,"fit: 3, efit: 7","fit: 3, efit: 7",,,,0,0,0,0,1,,
2026-05-23 17:01:24,35,15,15,0,"fit: 3, efit: 6","fit: 3, efit: 6",,,,0,0,0,0,1,,
2026-05-23 17:33:49,35,15,15,0,"fit: 3, efit: 7","fit: 3, efit: 7",,,,0,0,0,0,1,,
2026-05-23 17:36:29,35,15,15,0,"fit: 3, efit: 6","fit: 3, efit: 6",,,,0,0,0,0,1,,
2026-05-23 17:38:50,35,15,15,0,"fit: 2, efit: 5","fit: 2, efit: 5",,,,0,0,0,0,1,,
2026-05-23 18:36:37,35,15,15,0,"fit: 2, efit: 4","fit: 2, efit: 4",,,,0,0,0,0,1,,
2026-05-23 19:11:42,35,15,15,0,"fit: 2, efit: 3","fit: 2, efit: 3",,,,0,0,0,0,1,,
2026-05-23 19:36:45,35,15,15,0,"fit: 2, efit: 4","fit: 2, efit: 4",,,,0,0,0,0,1,,
2026-05-23 20:01:49,35,15,15,0,"fit: 2, efit: 3","fit: 2, efit: 3",,,,0,0,0,0,1,,
2026-05-23 20:19:22,35,15,15,0,"fit: 2, efit: 4","fit: 2, efit: 4",,,,0,0,0,0,1,,
2026-05-23 22:22:08,35,15,15,0,"fit: 2, efit: 3","fit: 2, efit: 3",,,,0,0,0,0,1,,
2026-05-23 23:29:57,35,15,15,1,"fit: 2, efit: 3","fit: 2, efit: 3",,,,0,0,0,0,1,,
