Date Time,Station ID,Expected Station Size,Total Docks Installed,Number of Faulty Docks,Total Bikes At Station Per Model,Number of Available Bikes Per Model,Number of Inoperative Bikes Per Model,Geofence Occupancy Ratio,Geofence Capacity,Geofence Total Bikes,Geofence Available Bikes,Geofence Operative Bikes,Geofence Inoperative Bikes,Station Groups,Station Cluster,Station Crown
2025-11-30 00:01:54,48,19,19,0,"fit: 6, efit: 1","fit: 6, efit: 1",,,,0,0,0,0,2,,
2025-11-30 00:06:55,48,19,19,0,"fit: 6, efit: 2","fit: 6, efit: 2",,,,0,0,0,0,2,,
2025-11-30 00:18:52,48,19,19,0,"fit: 6, efit: 1","fit: 6, efit: 1",,,,0,0,0,0,2,,
2025-11-30 00:28:54,48,19,19,0,fit: 6,fit: 6,,,,0,0,0,0,2,,
2025-11-30 01:24:01,48,19,19,0,fit: 5,fit: 5,,,,0,0,0,0,2,,
2025-11-30 09:21:25,48,19,19,0,"fit: 5, efit: 1",fit: 5,efit: 1,,,0,0,0,0,2,,
2025-11-30 10:25:14,48,19,19,0,"fit: 5, efit: 2","fit: 5, efit: 1",efit: 1,,,0,0,0,0,2,,
2025-11-30 10:29:05,48,19,19,0,"fit: 5, efit: 1",fit: 5,efit: 1,,,0,0,0,0,2,,
2025-11-30 10:59:11,48,19,19,0,"fit: 4, efit: 2","fit: 4, efit: 1",efit: 1,,,0,0,0,0,2,,
2025-11-30 11:00:18,48,19,19,0,"fit: 5, efit: 1",fit: 5,efit: 1,,,0,0,0,0,2,,
2025-11-30 13:14:39,48,19,19,0,"fit: 4, efit: 1",fit: 4,efit: 1,,,0,0,0,0,2,,
2025-11-30 13:15:36,48,19,19,0,fit: 4,fit: 4,,,,0,0,0,0,2,,
2025-11-30 13:17:08,48,19,19,0,"fit: 4, efit: 1","fit: 4, efit: 1",,,,0,0,0,0,2,,
2025-11-30 13:44:45,48,19,19,0,fit: 4,fit: 4,,,,0,0,0,0,2,,
2025-11-30 14:45:48,48,19,19,0,"fit: 4, efit: 1","fit: 4, efit: 1",,,,0,0,0,0,2,,
2025-11-30 15:05:03,48,19,19,0,fit: 4,fit: 4,,,,0,0,0,0,2,,
2025-11-30 15:15:05,48,19,19,0,"fit: 4, efit: 1","fit: 4, efit: 1",,,,0,0,0,0,2,,
2025-11-30 15:45:11,48,19,19,0,fit: 4,fit: 4,,,,0,0,0,0,2,,
2025-11-30 16:00:15,48,19,19,0,"fit: 4, efit: 1","fit: 4, efit: 1",,,,0,0,0,0,2,,
2025-11-30 16:05:16,48,19,19,0,"fit: 4, efit: 3","fit: 4, efit: 3",,,,0,0,0,0,2,,
2025-11-30 16:07:39,48,19,19,0,"fit: 4, efit: 4","fit: 4, efit: 4",,,,0,0,0,0,2,,
2025-11-30 16:10:17,48,19,19,0,"fit: 4, efit: 5","fit: 4, efit: 5",,,,0,0,0,0,2,,
2025-11-30 16:40:23,48,19,19,0,"fit: 4, efit: 6","fit: 4, efit: 6",,,,0,0,0,0,2,,
2025-11-30 16:42:45,48,19,19,0,"fit: 4, efit: 5","fit: 4, efit: 5",,,,0,0,0,0,2,,
2025-11-30 16:45:24,48,19,19,0,"fit: 4, efit: 4","fit: 4, efit: 4",,,,0,0,0,0,2,,
2025-11-30 16:50:25,48,19,19,0,"fit: 4, efit: 5","fit: 4, efit: 5",,,,0,0,0,0,2,,
2025-11-30 17:30:34,48,19,19,0,"fit: 4, efit: 4","fit: 4, efit: 4",,,,0,0,0,0,2,,
2025-11-30 17:50:38,48,19,19,0,"fit: 4, efit: 2","fit: 4, efit: 2",,,,0,0,0,0,2,,
2025-11-30 17:52:57,48,19,19,0,"fit: 4, efit: 1","fit: 4, efit: 1",,,,0,0,0,0,2,,
2025-11-30 18:00:40,48,19,19,0,"fit: 4, efit: 2","fit: 4, efit: 2",,,,0,0,0,0,2,,
2025-11-30 18:18:02,48,19,19,0,"fit: 4, efit: 3","fit: 4, efit: 3",,,,0,0,0,0,2,,
2025-11-30 18:55:52,48,19,19,0,"fit: 4, efit: 4","fit: 4, efit: 4",,,,0,0,0,0,2,,
2025-11-30 19:00:53,48,19,19,0,"fit: 4, efit: 5","fit: 4, efit: 5",,,,0,0,0,0,2,,
2025-11-30 20:06:06,48,19,19,0,"fit: 4, efit: 6","fit: 4, efit: 6",,,,0,0,0,0,2,,
2025-11-30 21:41:26,48,19,19,0,"fit: 4, efit: 7","fit: 4, efit: 7",,,,0,0,0,0,2,,
2025-11-30 22:28:46,48,19,19,0,"fit: 4, efit: 6","fit: 4, efit: 6",,,,0,0,0,0,2,,
2025-11-30 23:26:48,48,19,19,0,"fit: 4, efit: 5","fit: 4, efit: 5",,,,0,0,0,0,2,,
2025-12-01 00:01:55,48,19,19,0,"fit: 4, efit: 5","fit: 4, efit: 5",,,,0,0,0,0,2,,
2025-12-01 00:32:01,48,19,19,0,"fit: 4, efit: 6","fit: 4, efit: 6",,,,0,0,0,0,2,,
2025-12-01 02:04:25,48,19,19,0,"fit: 4, efit: 7","fit: 4, efit: 7",,,,0,0,0,0,2,,
2025-12-01 05:42:45,48,19,19,0,"fit: 4, efit: 8","fit: 4, efit: 8",,,,0,0,0,0,2,,
2025-12-01 07:35:25,48,19,19,0,"fit: 4, efit: 7","fit: 4, efit: 7",,,,0,0,0,0,2,,
2025-12-01 08:25:34,48,19,19,0,"fit: 4, efit: 6","fit: 4, efit: 6",,,,0,0,0,0,2,,
2025-12-01 08:33:08,48,19,19,0,"fit: 4, efit: 5","fit: 4, efit: 5",,,,0,0,0,0,2,,
2025-12-01 08:45:38,48,19,19,0,"fit: 4, efit: 4","fit: 4, efit: 4",,,,0,0,0,0,2,,
2025-12-01 09:08:12,48,19,19,0,"fit: 4, efit: 3","fit: 4, efit: 3",,,,0,0,0,0,2,,
2025-12-01 09:13:13,48,19,19,0,"fit: 4, efit: 2","fit: 4, efit: 2",,,,0,0,0,0,2,,
2025-12-01 09:25:46,48,19,19,0,"fit: 5, efit: 1","fit: 5, efit: 1",,,,0,0,0,0,2,,
2025-12-01 09:35:47,48,19,19,0,"fit: 5, efit: 2","fit: 5, efit: 2",,,,0,0,0,0,2,,
2025-12-01 09:40:48,48,19,19,0,"fit: 5, efit: 1","fit: 5, efit: 1",,,,0,0,0,0,2,,
2025-12-01 09:43:17,48,19,19,0,fit: 5,fit: 5,,,,0,0,0,0,2,,
2025-12-01 10:13:22,48,19,19,0,"fit: 5, efit: 1","fit: 5, efit: 1",,,,0,0,0,0,2,,
2025-12-01 10:28:24,48,19,19,0,"fit: 4, efit: 1","fit: 4, efit: 1",,,,0,0,0,0,2,,
2025-12-01 10:34:03,48,19,19,0,fit: 4,fit: 4,,,,0,0,0,0,2,,
2025-12-01 10:53:27,48,19,19,0,fit: 3,fit: 3,,,,0,0,0,0,2,,
2025-12-01 11:03:28,48,19,19,0,fit: 2,fit: 2,,,,0,0,0,0,2,,
2025-12-01 12:06:17,48,19,19,0,"fit: 2, efit: 1","fit: 2, efit: 1",,,,0,0,0,0,2,,
2025-12-01 12:31:21,48,19,19,0,"fit: 2, efit: 2","fit: 2, efit: 2",,,,0,0,0,0,2,,
2025-12-01 13:08:45,48,19,19,0,"fit: 2, efit: 3","fit: 2, efit: 3",,,,0,0,0,0,2,,
2025-12-01 13:16:29,48,19,19,0,"fit: 2, efit: 4","fit: 2, efit: 4",,,,0,0,0,0,2,,
2025-12-01 13:36:33,48,19,19,0,"fit: 2, efit: 3","fit: 2, efit: 3",,,,0,0,0,0,2,,
2025-12-01 13:43:50,48,19,19,0,"fit: 2, efit: 1","fit: 2, efit: 1",,,,0,0,0,0,2,,
2025-12-01 13:58:52,48,19,19,0,fit: 2,fit: 2,,,,0,0,0,0,2,,
2025-12-01 14:13:54,48,19,19,0,"fit: 2, efit: 1","fit: 2, efit: 1",,,,0,0,0,0,2,,
2025-12-01 14:19:51,48,19,19,0,"fit: 2, efit: 2","fit: 2, efit: 2",,,,0,0,0,0,2,,
2025-12-01 14:59:01,48,19,19,0,"fit: 2, efit: 1","fit: 2, efit: 1",,,,0,0,0,0,2,,
2025-12-01 15:04:02,48,19,19,0,"fit: 2, efit: 2","fit: 2, efit: 2",,,,0,0,0,0,2,,
2025-12-01 15:06:50,48,19,19,0,"fit: 2, efit: 1","fit: 2, efit: 1",,,,0,0,0,0,2,,
2025-12-01 15:15:05,48,19,19,0,"fit: 2, efit: 2","fit: 2, efit: 2",,,,0,0,0,0,2,,
2025-12-01 15:19:04,48,19,19,0,"fit: 2, efit: 3","fit: 2, efit: 3",,,,0,0,0,0,2,,
2025-12-01 15:31:54,48,19,19,0,"fit: 2, efit: 4","fit: 2, efit: 4",,,,0,0,0,0,2,,
2025-12-01 15:46:57,48,19,19,0,"fit: 2, efit: 5","fit: 2, efit: 5",,,,0,0,0,0,2,,
2025-12-01 15:56:59,48,19,19,0,"fit: 2, efit: 4","fit: 2, efit: 4",,,,0,0,0,0,2,,
2025-12-01 16:02:00,48,19,19,0,"fit: 3, efit: 5","fit: 3, efit: 5",,,,0,0,0,0,2,,
2025-12-01 16:04:10,48,19,19,0,"fit: 3, efit: 4","fit: 3, efit: 4",,,,0,0,0,0,2,,
2025-12-01 16:24:12,48,19,19,0,"fit: 3, efit: 5","fit: 3, efit: 5",,,,0,0,0,0,2,,
2025-12-01 16:37:07,48,19,19,0,"fit: 3, efit: 6","fit: 3, efit: 6",,,,0,0,0,0,2,,
2025-12-01 16:47:09,48,19,19,0,"fit: 3, efit: 5","fit: 3, efit: 5",,,,0,0,0,0,2,,
2025-12-01 16:59:17,48,19,19,0,"fit: 3, efit: 4","fit: 3, efit: 4",,,,0,0,0,0,2,,
2025-12-01 17:02:12,48,19,19,0,"fit: 3, efit: 3","fit: 3, efit: 3",,,,0,0,0,0,2,,
2025-12-01 18:02:23,48,19,19,0,"fit: 3, efit: 4","fit: 3, efit: 4",,,,0,0,0,0,2,,
2025-12-01 18:04:26,48,19,19,0,"fit: 3, efit: 5","fit: 3, efit: 5",,,,0,0,0,0,2,,
2025-12-01 18:47:31,48,19,19,0,"fit: 3, efit: 4","fit: 3, efit: 4",,,,0,0,0,0,2,,
2025-12-01 18:54:32,48,19,19,0,"fit: 3, efit: 6","fit: 3, efit: 6",,,,0,0,0,0,2,,
2025-12-01 19:14:36,48,19,19,0,"fit: 3, efit: 7","fit: 3, efit: 7",,,,0,0,0,0,2,,
2025-12-01 19:51:04,48,19,19,0,"fit: 4, efit: 7","fit: 4, efit: 7",,,,0,0,0,0,2,,
2025-12-01 19:54:41,48,19,19,0,"fit: 4, efit: 6","fit: 4, efit: 6",,,,0,0,0,0,2,,
2025-12-01 20:07:46,48,19,19,0,"fit: 4, efit: 5","fit: 4, efit: 5",,,,0,0,0,0,2,,
2025-12-01 20:31:12,48,19,19,0,"fit: 4, efit: 6","fit: 4, efit: 5",,,,0,0,0,0,2,,
2025-12-01 20:36:13,48,19,19,0,"fit: 4, efit: 5","fit: 4, efit: 4",,,,0,0,0,0,2,,
2025-12-01 20:42:53,48,19,19,0,"fit: 4, efit: 4","fit: 4, efit: 3",,,,0,0,0,0,2,,
2025-12-01 21:28:01,48,19,19,0,"fit: 4, efit: 5","fit: 4, efit: 4",,,,0,0,0,0,2,,
2025-12-01 22:08:09,48,19,19,0,"fit: 4, efit: 6","fit: 4, efit: 5",,,,0,0,0,0,2,,
2025-12-01 22:20:01,48,19,19,0,"fit: 4, efit: 7","fit: 4, efit: 6",,,,0,0,0,0,2,,
2025-12-01 22:31:37,48,19,19,0,"fit: 4, efit: 8","fit: 4, efit: 7",,,,0,0,0,0,2,,
2025-12-01 23:10:08,48,19,19,0,"fit: 5, efit: 8","fit: 5, efit: 7",,,,0,0,0,0,2,,
2025-12-02 00:00:14,48,19,19,0,"fit: 5, efit: 8","fit: 5, efit: 7",,,,0,0,0,0,2,,
2025-12-02 01:30:26,48,19,19,0,"fit: 5, efit: 7","fit: 5, efit: 6",,,,0,0,0,0,2,,
2025-12-02 03:42:40,48,19,19,0,"fit: 6, efit: 7","fit: 6, efit: 6",,,,0,0,0,0,2,,
2025-12-02 04:32:51,48,19,19,0,"fit: 8, efit: 5","fit: 8, efit: 4",,,,0,0,0,0,2,,
2025-12-02 05:46:01,48,19,19,0,"fit: 8, efit: 6","fit: 8, efit: 5",,,,0,0,0,0,2,,
2025-12-02 07:28:27,48,19,19,0,"fit: 8, efit: 5","fit: 8, efit: 4",,,,0,0,0,0,2,,
2025-12-02 08:25:00,48,19,19,0,"fit: 8, efit: 4","fit: 8, efit: 3",,,,0,0,0,0,2,,
2025-12-02 09:46:33,48,19,19,0,"fit: 8, efit: 3","fit: 8, efit: 2",,,,0,0,0,0,2,,
2025-12-02 10:11:36,48,19,19,0,"fit: 8, efit: 4","fit: 8, efit: 3",,,,0,0,0,0,2,,
2025-12-02 10:59:11,48,19,19,0,"fit: 8, efit: 3","fit: 8, efit: 2",,,,0,0,0,0,2,,
2025-12-02 11:44:21,48,19,19,0,"fit: 8, efit: 2","fit: 8, efit: 1",,,,0,0,0,0,2,,
2025-12-02 11:46:48,48,19,19,0,"fit: 8, efit: 3","fit: 8, efit: 2",,,,0,0,0,0,2,,
2025-12-02 11:56:50,48,19,19,0,"fit: 8, efit: 2","fit: 8, efit: 1",,,,0,0,0,0,2,,
2025-12-02 12:10:42,48,19,19,0,"fit: 8, efit: 1",fit: 8,,,,0,0,0,0,2,,
2025-12-02 14:02:07,48,19,19,0,"fit: 9, efit: 1",fit: 9,,,,0,0,0,0,2,,
2025-12-02 14:14:52,48,19,19,0,"fit: 9, efit: 2","fit: 9, efit: 1",,,,0,0,0,0,2,,
2025-12-02 14:19:53,48,19,19,0,"fit: 9, efit: 3","fit: 9, efit: 2",,,,0,0,0,0,2,,
2025-12-02 14:24:54,48,19,19,0,"fit: 9, efit: 2","fit: 9, efit: 1",,,,0,0,0,0,2,,
2025-12-02 14:32:12,48,19,19,0,"fit: 9, efit: 3","fit: 9, efit: 2",,,,0,0,0,0,2,,
2025-12-02 14:39:57,48,19,19,0,"fit: 9, efit: 1",fit: 9,,,,0,0,0,0,2,,
2025-12-02 14:49:59,48,19,19,0,"fit: 8, efit: 1",fit: 8,,,,0,0,0,0,2,,
2025-12-02 14:55:00,48,19,19,0,"fit: 8, efit: 2","fit: 8, efit: 1",,,,0,0,0,0,2,,
2025-12-02 15:21:17,48,19,19,0,"fit: 8, efit: 1","fit: 8, efit: 1",,,,0,0,0,0,2,,
2025-12-02 15:25:08,48,19,19,0,"fit: 4, efit: 1","fit: 4, efit: 1",,,,0,0,0,0,2,,
2025-12-02 15:26:18,48,19,19,0,"fit: 5, efit: 1","fit: 5, efit: 1",,,,0,0,0,0,2,,
2025-12-02 15:27:19,48,19,19,0,"fit: 5, efit: 2","fit: 5, efit: 2",,,,0,0,0,0,2,,
2025-12-02 15:30:09,48,19,19,0,"fit: 8, efit: 2","fit: 8, efit: 2",,,,0,0,0,0,2,,
2025-12-02 15:31:19,48,19,19,0,"fit: 8, efit: 3","fit: 8, efit: 3",,,,0,0,0,0,2,,
2025-12-02 15:42:22,48,19,19,0,"fit: 8, efit: 4","fit: 8, efit: 4",,,,0,0,0,0,2,,
2025-12-02 15:46:22,48,19,19,0,"fit: 9, efit: 3","fit: 9, efit: 3",,,,0,0,0,0,2,,
2025-12-02 16:05:16,48,19,19,0,"fit: 9, efit: 2","fit: 9, efit: 2",,,,0,0,0,0,2,,
2025-12-02 16:11:26,48,19,19,0,"fit: 9, efit: 1","fit: 9, efit: 1",,,,0,0,0,0,2,,
2025-12-02 16:15:19,48,19,19,0,"fit: 9, efit: 2","fit: 9, efit: 2",,,,0,0,0,0,2,,
2025-12-02 16:25:21,48,19,19,0,"fit: 9, efit: 3","fit: 9, efit: 3",,,,0,0,0,0,2,,
2025-12-02 16:35:23,48,19,19,0,"fit: 9, efit: 4","fit: 9, efit: 4",,,,0,0,0,0,2,,
2025-12-02 16:57:32,48,19,19,0,"fit: 9, efit: 3","fit: 9, efit: 3",,,,0,0,0,0,2,,
2025-12-02 17:00:28,48,19,19,0,"fit: 9, efit: 4","fit: 9, efit: 4",,,,0,0,0,0,2,,
2025-12-02 17:02:33,48,19,19,0,"fit: 9, efit: 3","fit: 9, efit: 3",,,,0,0,0,0,2,,
2025-12-02 17:05:29,48,19,19,0,"fit: 9, efit: 2","fit: 9, efit: 2",,,,0,0,0,0,2,,
2025-12-02 17:21:39,48,19,19,0,"fit: 9, efit: 1","fit: 9, efit: 1",,,,0,0,0,0,2,,
2025-12-02 17:45:38,48,19,19,0,fit: 9,fit: 9,,,,0,0,0,0,2,,
2025-12-02 17:55:40,48,19,19,0,"fit: 9, efit: 1","fit: 9, efit: 1",,,,0,0,0,0,2,,
2025-12-02 18:40:49,48,19,19,0,fit: 9,fit: 9,,,,0,0,0,0,2,,
2025-12-02 18:42:46,48,19,19,0,"fit: 9, efit: 1","fit: 9, efit: 1",,,,0,0,0,0,2,,
2025-12-02 19:05:54,48,19,19,0,"fit: 9, efit: 2","fit: 9, efit: 2",,,,0,0,0,0,2,,
2025-12-02 20:02:09,48,19,19,0,"fit: 9, efit: 1","fit: 9, efit: 1",,,,0,0,0,0,2,,
2025-12-02 20:17:59,48,19,19,0,"fit: 9, efit: 2","fit: 9, efit: 2",,,,0,0,0,0,2,,
2025-12-02 20:22:13,48,19,19,0,"fit: 9, efit: 3","fit: 9, efit: 3",,,,0,0,0,0,2,,
2025-12-02 20:36:14,48,19,19,0,"fit: 9, efit: 2","fit: 9, efit: 2",,,,0,0,0,0,2,,
2025-12-02 20:47:17,48,19,19,0,"fit: 9, efit: 1","fit: 9, efit: 1",,,,0,0,0,0,2,,
2025-12-02 22:01:32,48,19,19,0,fit: 9,fit: 9,,,,0,0,0,0,2,,
2025-12-02 22:36:39,48,19,19,0,fit: 10,fit: 10,,,,0,0,0,0,2,,
2025-12-03 00:01:57,48,19,19,0,fit: 10,fit: 10,,,,0,0,0,0,2,,
2025-12-03 07:58:37,48,19,19,0,fit: 9,fit: 9,,,,0,0,0,0,2,,
2025-12-03 08:02:35,48,19,19,0,fit: 8,fit: 8,,,,0,0,0,0,2,,
2025-12-03 09:50:05,48,19,19,0,"fit: 8, efit: 1","fit: 8, efit: 1",,,,0,0,0,0,2,,
2025-12-03 10:00:07,48,19,19,0,fit: 8,fit: 8,,,,0,0,0,0,2,,
2025-12-03 10:43:10,48,19,19,0,fit: 7,fit: 7,,,,0,0,0,0,2,,
2025-12-03 10:45:15,48,19,19,0,fit: 6,fit: 6,,,,0,0,0,0,2,,
2025-12-03 10:52:36,48,19,19,0,fit: 5,fit: 5,,,,0,0,0,0,2,,
2025-12-03 11:00:18,48,19,19,0,"fit: 5, efit: 1","fit: 5, efit: 1",,,,0,0,0,0,2,,
2025-12-03 11:12:39,48,19,19,0,"fit: 5, efit: 2","fit: 5, efit: 2",,,,0,0,0,0,2,,
2025-12-03 11:15:21,48,19,19,0,"fit: 5, efit: 3","fit: 5, efit: 3",,,,0,0,0,0,2,,
2025-12-03 11:22:40,48,19,19,0,"fit: 5, efit: 2","fit: 5, efit: 2",,,,0,0,0,0,2,,
2025-12-03 11:42:43,48,19,19,0,"fit: 5, efit: 1","fit: 5, efit: 1",,,,0,0,0,0,2,,
2025-12-03 11:43:23,48,19,19,0,fit: 5,fit: 5,,,,0,0,0,0,2,,
2025-12-03 11:57:45,48,19,19,0,"fit: 5, efit: 1","fit: 5, efit: 1",,,,0,0,0,0,2,,
2025-12-03 12:02:46,48,19,19,0,fit: 5,fit: 5,,,,0,0,0,0,2,,
2025-12-03 12:30:34,48,19,19,0,"fit: 5, efit: 1","fit: 5, efit: 1",,,,0,0,0,0,2,,
2025-12-03 12:57:54,48,19,19,0,fit: 5,fit: 5,,,,0,0,0,0,2,,
2025-12-03 13:00:40,48,19,19,0,"fit: 5, efit: 1","fit: 5, efit: 1",,,,0,0,0,0,2,,
2025-12-03 13:07:55,48,19,19,0,fit: 5,fit: 5,,,,0,0,0,0,2,,
2025-12-03 13:10:41,48,19,19,0,"fit: 5, efit: 1","fit: 5, efit: 1",,,,0,0,0,0,2,,
2025-12-03 13:33:46,48,19,19,0,"fit: 5, efit: 2","fit: 5, efit: 2",,,,0,0,0,0,2,,
2025-12-03 13:45:48,48,19,19,0,"fit: 6, efit: 2","fit: 6, efit: 2",,,,0,0,0,0,2,,
2025-12-03 13:58:02,48,19,19,0,"fit: 7, efit: 2","fit: 7, efit: 2",,,,0,0,0,0,2,,
2025-12-03 14:20:54,48,19,19,0,"fit: 8, efit: 1","fit: 8, efit: 1",,,,0,0,0,0,2,,
2025-12-03 14:28:07,48,19,19,0,fit: 8,fit: 8,,,,0,0,0,0,2,,
2025-12-03 15:18:13,48,19,19,0,fit: 7,fit: 7,,,,0,0,0,0,2,,
2025-12-03 15:31:07,48,19,19,0,"fit: 7, efit: 1","fit: 7, efit: 1",,,,0,0,0,0,2,,
2025-12-03 15:34:12,48,19,19,0,"fit: 7, efit: 2","fit: 7, efit: 2",,,,0,0,0,0,2,,
2025-12-03 15:36:08,48,19,19,0,"fit: 7, efit: 3","fit: 7, efit: 3",,,,0,0,0,0,2,,
2025-12-03 16:14:21,48,19,19,0,"fit: 7, efit: 2","fit: 7, efit: 2",,,,0,0,0,0,2,,
2025-12-03 16:23:23,48,19,19,0,"fit: 7, efit: 1","fit: 7, efit: 1",,,,0,0,0,0,2,,
2025-12-03 16:43:25,48,19,19,0,fit: 7,fit: 7,,,,0,0,0,0,2,,
2025-12-03 17:04:32,48,19,19,0,fit: 6,fit: 6,,,,0,0,0,0,2,,
2025-12-03 17:18:30,48,19,19,0,fit: 5,fit: 5,,,,0,0,0,0,2,,
2025-12-03 17:41:31,48,19,19,0,"fit: 5, efit: 1","fit: 5, efit: 1",,,,0,0,0,0,2,,
2025-12-03 17:44:40,48,19,19,0,fit: 5,fit: 5,,,,0,0,0,0,2,,
2025-12-03 19:16:48,48,19,19,0,"fit: 5, efit: 1","fit: 5, efit: 1",,,,0,0,0,0,2,,
2025-12-03 19:26:49,48,19,19,0,fit: 5,fit: 5,,,,0,0,0,0,2,,
2025-12-03 20:06:56,48,19,19,0,fit: 6,fit: 6,,,,0,0,0,0,2,,
2025-12-03 20:33:56,48,19,19,0,"fit: 6, efit: 1","fit: 6, efit: 1",,,,0,0,0,0,2,,
2025-12-03 20:43:58,48,19,19,0,"fit: 6, efit: 2","fit: 6, efit: 2",,,,0,0,0,0,2,,
2025-12-03 22:02:17,48,19,19,0,"fit: 6, efit: 3","fit: 6, efit: 3",,,,0,0,0,0,2,,
2025-12-03 23:22:30,48,19,19,0,"fit: 8, efit: 3","fit: 8, efit: 3",,,,0,0,0,0,2,,
2025-12-04 00:01:00,48,19,19,0,"fit: 8, efit: 3","fit: 8, efit: 3",,,,0,0,0,0,2,,
2025-12-04 01:01:13,48,19,19,0,"fit: 9, efit: 3","fit: 9, efit: 3",,,,0,0,0,0,2,,
2025-12-04 01:02:49,48,19,19,0,"fit: 9, efit: 2","fit: 9, efit: 2",,,,0,0,0,0,2,,
2025-12-04 07:22:31,48,19,19,0,"fit: 9, efit: 1","fit: 9, efit: 1",,,,0,0,0,0,2,,
2025-12-04 07:37:34,48,19,19,0,fit: 9,fit: 9,,,,0,0,0,0,2,,
2025-12-04 07:55:30,48,19,19,0,fit: 8,fit: 8,,,,0,0,0,0,2,,
2025-12-04 08:19:07,48,19,19,0,fit: 7,fit: 7,,,,0,0,0,0,2,,
2025-12-04 08:46:58,48,19,19,0,"fit: 7, efit: 1","fit: 7, efit: 1",,,,0,0,0,0,2,,
2025-12-04 08:54:13,48,19,19,0,fit: 7,fit: 7,,,,0,0,0,0,2,,
2025-12-04 09:04:15,48,19,19,0,"fit: 7, efit: 1","fit: 7, efit: 1",,,,0,0,0,0,2,,
2025-12-04 09:49:22,48,19,19,0,fit: 7,fit: 7,,,,0,0,0,0,2,,
2025-12-04 10:04:25,48,19,19,0,"fit: 7, efit: 1","fit: 7, efit: 1",,,,0,0,0,0,2,,
2025-12-04 10:19:28,48,19,19,0,fit: 7,fit: 7,,,,0,0,0,0,2,,
2025-12-04 10:57:27,48,19,19,0,fit: 6,fit: 6,,,,0,0,0,0,2,,
2025-12-04 12:14:49,48,19,19,0,"fit: 6, efit: 1","fit: 6, efit: 1",,,,0,0,0,0,2,,
2025-12-04 12:39:53,48,19,19,0,"fit: 6, efit: 2","fit: 6, efit: 2",,,,0,0,0,0,2,,
2025-12-04 12:42:49,48,19,19,0,"fit: 6, efit: 1","fit: 6, efit: 1",,,,0,0,0,0,2,,
2025-12-04 12:57:52,48,19,19,0,"fit: 6, efit: 2","fit: 6, efit: 2",,,,0,0,0,0,2,,
2025-12-04 13:21:15,48,19,19,0,"fit: 6, efit: 3","fit: 6, efit: 3",,,,0,0,0,0,2,,
2025-12-04 13:26:16,48,19,19,0,"fit: 6, efit: 2","fit: 6, efit: 2",,,,0,0,0,0,2,,
2025-12-04 13:43:02,48,19,19,0,"fit: 6, efit: 1","fit: 6, efit: 1",,,,0,0,0,0,2,,
2025-12-04 13:50:06,48,19,19,0,"fit: 6, efit: 2","fit: 6, efit: 2",,,,0,0,0,0,2,,
2025-12-04 13:53:04,48,19,19,0,"fit: 6, efit: 3","fit: 6, efit: 3",,,,0,0,0,0,2,,
2025-12-04 14:11:22,48,19,19,0,"fit: 6, efit: 2","fit: 6, efit: 2",,,,0,0,0,0,2,,
2025-12-04 14:33:12,48,19,19,0,"fit: 6, efit: 3","fit: 6, efit: 3",,,,0,0,0,0,2,,
2025-12-04 14:38:13,48,19,19,0,"fit: 6, efit: 4","fit: 6, efit: 4",,,,0,0,0,0,2,,
2025-12-04 14:48:15,48,19,19,0,"fit: 6, efit: 3","fit: 6, efit: 3",,,,0,0,0,0,2,,
2025-12-04 14:50:17,48,19,19,0,"fit: 5, efit: 3","fit: 5, efit: 3",,,,0,0,0,0,2,,
2025-12-04 14:53:17,48,19,19,0,"fit: 5, efit: 2","fit: 5, efit: 2",,,,0,0,0,0,2,,
2025-12-04 15:11:30,48,19,19,0,"fit: 5, efit: 3","fit: 5, efit: 3",,,,0,0,0,0,2,,
2025-12-04 15:31:33,48,19,19,0,"fit: 5, efit: 4","fit: 5, efit: 4",,,,0,0,0,0,2,,
2025-12-04 15:43:27,48,19,19,0,"fit: 5, efit: 3","fit: 5, efit: 3",,,,0,0,0,0,2,,
2025-12-04 15:46:35,48,19,19,0,"fit: 5, efit: 4","fit: 5, efit: 4",,,,0,0,0,0,2,,
2025-12-04 15:50:28,48,19,19,0,"fit: 5, efit: 3","fit: 5, efit: 3",,,,0,0,0,0,2,,
2025-12-04 15:51:36,48,19,19,0,"fit: 5, efit: 2","fit: 5, efit: 2",,,,0,0,0,0,2,,
2025-12-04 15:53:29,48,19,19,0,"fit: 5, efit: 1","fit: 5, efit: 1",,,,0,0,0,0,2,,
2025-12-04 15:55:29,48,19,19,0,"fit: 5, efit: 2","fit: 5, efit: 2",,,,0,0,0,0,2,,
2025-12-04 16:18:35,48,19,19,0,fit: 5,fit: 5,,,,0,0,0,0,2,,
2025-12-04 16:53:42,48,19,19,0,fit: 4,fit: 4,,,,0,0,0,0,2,,
2025-12-04 16:58:43,48,19,19,0,fit: 3,fit: 3,,,,0,0,0,0,2,,
2025-12-04 17:18:47,48,19,19,0,"fit: 3, efit: 1","fit: 3, efit: 1",,,,0,0,0,0,2,,
2025-12-04 17:21:48,48,19,19,0,"fit: 3, efit: 2","fit: 3, efit: 2",,,,0,0,0,0,2,,
2025-12-04 17:23:48,48,19,19,0,"fit: 3, efit: 3","fit: 3, efit: 3",,,,0,0,0,0,2,,
2025-12-04 17:28:49,48,19,19,0,"fit: 3, efit: 4","fit: 3, efit: 4",,,,0,0,0,0,2,,
2025-12-04 17:35:48,48,19,19,0,"fit: 3, efit: 3","fit: 3, efit: 3",,,,0,0,0,0,2,,
2025-12-04 17:36:50,48,19,19,0,"fit: 3, efit: 2","fit: 3, efit: 2",,,,0,0,0,0,2,,
2025-12-04 17:40:49,48,19,19,0,"fit: 3, efit: 3","fit: 3, efit: 3",,,,0,0,0,0,2,,
2025-12-04 18:10:54,48,19,19,0,"fit: 3, efit: 4","fit: 3, efit: 4",,,,0,0,0,0,2,,
2025-12-04 18:30:57,48,19,19,0,"fit: 4, efit: 4","fit: 4, efit: 4",,,,0,0,0,0,2,,
2025-12-04 18:46:00,48,19,19,0,"fit: 4, efit: 3","fit: 4, efit: 3",,,,0,0,0,0,2,,
2025-12-04 19:09:10,48,19,19,0,"fit: 4, efit: 4","fit: 4, efit: 4",,,,0,0,0,0,2,,
2025-12-04 19:44:18,48,19,19,0,"fit: 4, efit: 6","fit: 4, efit: 5",,,,0,0,0,0,2,,
2025-12-04 19:54:20,48,19,19,0,"fit: 5, efit: 6","fit: 5, efit: 5",,,,0,0,0,0,2,,
2025-12-04 20:09:23,48,19,19,0,"fit: 5, efit: 7","fit: 5, efit: 6",,,,0,0,0,0,2,,
2025-12-04 20:27:13,48,19,19,0,"fit: 5, efit: 6","fit: 5, efit: 5",,,,0,0,0,0,2,,
2025-12-04 20:42:15,48,19,19,0,"fit: 5, efit: 7","fit: 5, efit: 6",,,,0,0,0,0,2,,
2025-12-04 21:29:40,48,19,19,0,"fit: 5, efit: 5","fit: 5, efit: 4",,,,0,0,0,0,2,,
2025-12-04 21:31:29,48,19,19,0,"fit: 5, efit: 6","fit: 5, efit: 5",,,,0,0,0,0,2,,
2025-12-04 21:36:30,48,19,19,0,"fit: 6, efit: 5","fit: 6, efit: 4",,,,0,0,0,0,2,,
2025-12-04 21:51:33,48,19,19,0,"fit: 6, efit: 7","fit: 6, efit: 6",,,,0,0,0,0,2,,
2025-12-04 21:57:25,48,19,19,0,"fit: 6, efit: 6","fit: 6, efit: 5",,,,0,0,0,0,2,,
2025-12-04 22:04:47,48,19,19,0,"fit: 7, efit: 5","fit: 7, efit: 4",,,,0,0,0,0,2,,
2025-12-04 22:19:50,48,19,19,0,"fit: 8, efit: 5","fit: 8, efit: 4",,,,0,0,0,0,2,,
2025-12-05 00:00:11,48,19,19,0,"fit: 8, efit: 5","fit: 8, efit: 4",,,,0,0,0,0,2,,
2025-12-05 00:21:59,48,19,19,0,"fit: 8, efit: 4","fit: 8, efit: 3",,,,0,0,0,0,2,,
2025-12-05 02:07:18,48,19,19,0,"fit: 9, efit: 4","fit: 9, efit: 3",,,,0,0,0,0,2,,
2025-12-05 02:25:41,48,19,19,0,"fit: 9, efit: 3","fit: 9, efit: 2",,,,0,0,0,0,2,,
2025-12-05 03:45:57,48,19,19,0,"fit: 9, efit: 3","fit: 9, efit: 1",,,,0,0,0,0,2,,
2025-12-05 07:46:47,48,19,19,0,"fit: 9, efit: 2",fit: 9,,,,0,0,0,0,2,,
2025-12-05 09:18:57,48,19,19,0,"fit: 8, efit: 2",fit: 8,,,,0,0,0,0,2,,
2025-12-05 09:48:39,48,19,19,0,"fit: 8, efit: 3","fit: 8, efit: 1",,,,0,0,0,0,2,,
2025-12-05 09:58:41,48,19,19,0,"fit: 8, efit: 2","fit: 8, efit: 2",,,,0,0,0,0,2,,
2025-12-05 10:02:17,48,19,19,0,"fit: 8, efit: 3","fit: 8, efit: 3",,,,0,0,0,0,2,,
2025-12-05 10:17:20,48,19,19,0,"fit: 8, efit: 2","fit: 8, efit: 2",,,,0,0,0,0,2,,
2025-12-05 10:42:25,48,19,19,0,"fit: 8, efit: 1","fit: 8, efit: 1",,,,0,0,0,0,2,,
2025-12-05 10:47:26,48,19,19,0,fit: 8,fit: 8,,,,0,0,0,0,2,,
2025-12-05 10:52:27,48,19,19,0,fit: 7,fit: 7,,,,0,0,0,0,2,,
2025-12-05 11:47:39,48,19,19,0,fit: 6,fit: 6,,,,0,0,0,0,2,,
2025-12-05 11:52:40,48,19,19,0,fit: 5,fit: 5,,,,0,0,0,0,2,,
2025-12-05 12:07:43,48,19,19,0,fit: 4,fit: 4,,,,0,0,0,0,2,,
2025-12-05 12:57:54,48,19,19,0,"fit: 4, efit: 1","fit: 4, efit: 1",,,,0,0,0,0,2,,
2025-12-05 13:07:56,48,19,19,0,"fit: 4, efit: 2","fit: 4, efit: 2",,,,0,0,0,0,2,,
2025-12-05 13:17:58,48,19,19,0,"fit: 4, efit: 3","fit: 4, efit: 3",,,,0,0,0,0,2,,
2025-12-05 13:24:18,48,19,19,0,"fit: 4, efit: 2","fit: 4, efit: 2",,,,0,0,0,0,2,,
2025-12-05 13:33:02,48,19,19,0,"fit: 4, efit: 1","fit: 4, efit: 1",,,,0,0,0,0,2,,
2025-12-05 13:49:34,48,19,19,0,"fit: 4, efit: 3","fit: 4, efit: 3",,,,0,0,0,0,2,,
2025-12-05 13:53:06,48,19,19,0,"fit: 4, efit: 4","fit: 4, efit: 4",,,,0,0,0,0,2,,
2025-12-05 14:09:26,48,19,19,0,"fit: 4, efit: 3","fit: 4, efit: 3",,,,0,0,0,0,2,,
2025-12-05 14:28:13,48,19,19,0,"fit: 4, efit: 2","fit: 4, efit: 2",,,,0,0,0,0,2,,
2025-12-05 14:48:18,48,19,19,0,"fit: 4, efit: 3","fit: 4, efit: 3",,,,0,0,0,0,2,,
2025-12-05 15:18:24,48,19,19,0,"fit: 4, efit: 4","fit: 4, efit: 4",,,,0,0,0,0,2,,
2025-12-05 15:23:25,48,19,19,0,"fit: 4, efit: 3","fit: 4, efit: 3",,,,0,0,0,0,2,,
2025-12-05 15:28:26,48,19,19,0,"fit: 4, efit: 2","fit: 4, efit: 2",,,,0,0,0,0,2,,
2025-12-05 15:43:29,48,19,19,0,"fit: 4, efit: 1","fit: 4, efit: 1",,,,0,0,0,0,2,,
2025-12-05 16:08:35,48,19,19,0,"fit: 4, efit: 2","fit: 4, efit: 2",,,,0,0,0,0,2,,
2025-12-05 16:27:30,48,19,19,0,"fit: 4, efit: 1","fit: 4, efit: 1",,,,0,0,0,0,2,,
2025-12-05 16:52:34,48,19,19,0,"fit: 4, efit: 2","fit: 4, efit: 2",,,,0,0,0,0,2,,
2025-12-05 16:57:35,48,19,19,0,"fit: 4, efit: 3","fit: 4, efit: 3",,,,0,0,0,0,2,,
2025-12-05 17:02:36,48,19,19,0,"fit: 4, efit: 1","fit: 4, efit: 1",,,,0,0,0,0,2,,
2025-12-05 17:22:40,48,19,19,0,"fit: 4, efit: 2","fit: 4, efit: 2",,,,0,0,0,0,2,,
2025-12-05 17:43:55,48,19,19,0,"fit: 4, efit: 3","fit: 4, efit: 3",,,,0,0,0,0,2,,
2025-12-05 17:47:45,48,19,19,0,"fit: 4, efit: 4","fit: 4, efit: 4",,,,0,0,0,0,2,,
2025-12-05 17:48:56,48,19,19,0,"fit: 4, efit: 3","fit: 4, efit: 3",,,,0,0,0,0,2,,
2025-12-05 17:50:09,48,19,19,0,"fit: 4, efit: 2","fit: 4, efit: 2",,,,0,0,0,0,2,,
2025-12-05 18:09:00,48,19,19,0,"fit: 4, efit: 3","fit: 4, efit: 3",,,,0,0,0,0,2,,
2025-12-05 18:17:50,48,19,19,0,"fit: 4, efit: 2","fit: 4, efit: 2",,,,0,0,0,0,2,,
2025-12-05 18:25:14,48,19,19,0,"fit: 4, efit: 3","fit: 4, efit: 3",,,,0,0,0,0,2,,
2025-12-05 18:30:14,48,19,19,0,"fit: 4, efit: 4","fit: 4, efit: 4",,,,0,0,0,0,2,,
2025-12-05 18:37:54,48,19,19,0,"fit: 4, efit: 5","fit: 4, efit: 5",,,,0,0,0,0,2,,
2025-12-05 18:57:57,48,19,19,0,"fit: 4, efit: 6","fit: 4, efit: 6",,,,0,0,0,0,2,,
2025-12-05 19:07:59,48,19,19,0,"fit: 4, efit: 7","fit: 4, efit: 7",,,,0,0,0,0,2,,
2025-12-05 19:09:12,48,19,19,0,"fit: 4, efit: 6","fit: 4, efit: 6",,,,0,0,0,0,2,,
2025-12-05 19:13:00,48,19,19,0,"fit: 4, efit: 5","fit: 4, efit: 5",,,,0,0,0,0,2,,
2025-12-05 19:14:13,48,19,19,0,"fit: 4, efit: 6","fit: 4, efit: 6",,,,0,0,0,0,2,,
2025-12-05 19:38:05,48,19,19,0,"fit: 4, efit: 5","fit: 4, efit: 5",,,,0,0,0,0,2,,
2025-12-05 19:53:08,48,19,19,0,"fit: 4, efit: 4","fit: 4, efit: 4",,,,0,0,0,0,2,,
2025-12-05 19:59:23,48,19,19,0,"fit: 4, efit: 5","fit: 4, efit: 5",,,,0,0,0,0,2,,
2025-12-05 20:03:10,48,19,19,0,"fit: 4, efit: 6","fit: 4, efit: 6",,,,0,0,0,0,2,,
2025-12-05 20:04:24,48,19,19,0,"fit: 5, efit: 6","fit: 5, efit: 6",,,,0,0,0,0,2,,
2025-12-05 20:08:11,48,19,19,0,"fit: 6, efit: 6","fit: 6, efit: 6",,,,0,0,0,0,2,,
2025-12-05 20:34:31,48,19,19,0,"fit: 6, efit: 5","fit: 6, efit: 5",,,,0,0,0,0,2,,
2025-12-05 20:49:34,48,19,19,0,"fit: 7, efit: 5","fit: 7, efit: 5",,,,0,0,0,0,2,,
2025-12-05 20:53:19,48,19,19,0,"fit: 7, efit: 4","fit: 7, efit: 4",,,,0,0,0,0,2,,
2025-12-05 21:29:42,48,19,19,0,"fit: 7, efit: 3","fit: 7, efit: 3",,,,0,0,0,0,2,,
2025-12-05 21:39:45,48,19,19,0,"fit: 7, efit: 2","fit: 7, efit: 2",,,,0,0,0,0,2,,
2025-12-05 22:03:32,48,19,19,0,"fit: 7, efit: 3","fit: 7, efit: 3",,,,0,0,0,0,2,,
2025-12-05 22:23:36,48,19,19,0,"fit: 7, efit: 4","fit: 7, efit: 4",,,,0,0,0,0,2,,
2025-12-05 22:29:55,48,19,19,0,"fit: 7, efit: 5","fit: 7, efit: 5",,,,0,0,0,0,2,,
2025-12-05 22:43:40,48,19,19,0,"fit: 7, efit: 4","fit: 7, efit: 4",,,,0,0,0,0,2,,
2025-12-05 23:18:46,48,19,19,0,"fit: 8, efit: 4","fit: 8, efit: 4",,,,0,0,0,0,2,,
2025-12-05 23:58:53,48,19,19,0,"fit: 8, efit: 6","fit: 8, efit: 6",,,,0,0,0,0,2,,
2025-12-06 00:00:16,48,19,19,0,"fit: 8, efit: 6","fit: 8, efit: 6",,,,0,0,0,0,2,,
2025-12-06 00:03:54,48,19,19,0,"fit: 8, efit: 5","fit: 8, efit: 5",,,,0,0,0,0,2,,
2025-12-06 01:00:28,48,19,19,0,"fit: 8, efit: 4","fit: 8, efit: 4",,,,0,0,0,0,2,,
2025-12-06 01:14:07,48,19,19,0,"fit: 8, efit: 6","fit: 8, efit: 6",,,,0,0,0,0,2,,
2025-12-06 01:20:32,48,19,19,0,"fit: 8, efit: 4","fit: 8, efit: 4",,,,0,0,0,0,2,,
2025-12-06 01:24:08,48,19,19,0,"fit: 8, efit: 6","fit: 8, efit: 6",,,,0,0,0,0,2,,
2025-12-06 02:46:23,48,19,19,0,"fit: 8, efit: 7","fit: 8, efit: 7",,,,0,0,0,0,2,,
2025-12-06 03:06:26,48,19,19,0,"fit: 8, efit: 8","fit: 8, efit: 8",,,,0,0,0,0,2,,
2025-12-06 03:24:29,48,19,19,0,"fit: 8, efit: 7","fit: 8, efit: 7",,,,0,0,0,0,2,,
2025-12-06 04:19:38,48,19,19,0,"fit: 8, efit: 8","fit: 8, efit: 8",,,,0,0,0,0,2,,
2025-12-06 07:10:08,48,19,19,0,"fit: 8, efit: 7","fit: 8, efit: 7",,,,0,0,0,0,2,,
2025-12-06 07:51:54,48,19,19,0,"fit: 8, efit: 8","fit: 8, efit: 8",,,,0,0,0,0,2,,
2025-12-06 09:15:30,48,19,19,0,"fit: 8, efit: 7","fit: 8, efit: 7",,,,0,0,0,0,2,,
2025-12-06 09:45:36,48,19,19,0,"fit: 8, efit: 5","fit: 8, efit: 5",,,,0,0,0,0,2,,
2025-12-06 10:05:39,48,19,19,0,"fit: 8, efit: 4","fit: 8, efit: 4",,,,0,0,0,0,2,,
2025-12-06 10:15:41,48,19,19,0,"fit: 8, efit: 4","fit: 8, efit: 3",efit: 1,,,0,0,0,0,2,,
2025-12-06 10:22:24,48,19,19,0,"fit: 8, efit: 3","fit: 8, efit: 2",efit: 1,,,0,0,0,0,2,,
2025-12-06 10:42:26,48,19,19,0,"fit: 8, efit: 2","fit: 8, efit: 2",,,,0,0,0,0,2,,
2025-12-06 11:05:50,48,19,19,0,"fit: 8, efit: 1","fit: 8, efit: 1",,,,0,0,0,0,2,,
2025-12-06 11:42:34,48,19,19,0,"fit: 8, efit: 3","fit: 8, efit: 3",,,,0,0,0,0,2,,
2025-12-06 11:47:34,48,19,19,0,"fit: 9, efit: 4","fit: 9, efit: 4",,,,0,0,0,0,2,,
2025-12-06 12:07:37,48,19,19,0,"fit: 9, efit: 5","fit: 9, efit: 5",,,,0,0,0,0,2,,
2025-12-06 12:37:41,48,19,19,0,"fit: 9, efit: 4","fit: 9, efit: 4",,,,0,0,0,0,2,,
2025-12-06 12:41:07,48,19,19,0,"fit: 9, efit: 2","fit: 9, efit: 2",,,,0,0,0,0,2,,
2025-12-06 13:01:10,48,19,19,0,"fit: 9, efit: 1","fit: 9, efit: 1",,,,0,0,0,0,2,,
2025-12-06 13:07:45,48,19,19,0,fit: 9,fit: 9,,,,0,0,0,0,2,,
2025-12-06 13:31:16,48,19,19,0,"fit: 9, efit: 1","fit: 9, efit: 1",,,,0,0,0,0,2,,
2025-12-06 13:42:50,48,19,19,0,fit: 9,fit: 9,,,,0,0,0,0,2,,
2025-12-06 13:57:52,48,19,19,0,"fit: 8, efit: 1","fit: 8, efit: 1",,,,0,0,0,0,2,,
2025-12-06 14:17:55,48,19,19,0,fit: 8,fit: 8,,,,0,0,0,0,2,,
2025-12-06 14:46:29,48,19,19,0,fit: 9,fit: 9,,,,0,0,0,0,2,,
2025-12-06 15:31:37,48,19,19,0,"fit: 9, efit: 1","fit: 9, efit: 1",,,,0,0,0,0,2,,
2025-12-06 15:36:38,48,19,19,0,"fit: 9, efit: 2","fit: 9, efit: 2",,,,0,0,0,0,2,,
2025-12-06 16:01:42,48,19,19,0,"fit: 9, efit: 1","fit: 9, efit: 1",,,,0,0,0,0,2,,
2025-12-06 16:13:11,48,19,19,0,"fit: 9, efit: 2","fit: 9, efit: 2",,,,0,0,0,0,2,,
2025-12-06 16:33:13,48,19,19,0,"fit: 9, efit: 3","fit: 9, efit: 3",,,,0,0,0,0,2,,
2025-12-06 16:33:40,48,19,19,0,"fit: 9, efit: 2","fit: 9, efit: 2",,,,0,0,0,0,2,,
2025-12-06 16:48:15,48,19,19,0,"fit: 9, efit: 1","fit: 9, efit: 1",,,,0,0,0,0,2,,
2025-12-06 16:53:44,48,19,19,0,fit: 9,fit: 9,,,,0,0,0,0,2,,
2025-12-06 17:03:46,48,19,19,0,fit: 8,fit: 8,,,,0,0,0,0,2,,
2025-12-06 17:21:56,48,19,19,0,fit: 7,fit: 7,,,,0,0,0,0,2,,
2025-12-06 17:42:00,48,19,19,0,"fit: 7, efit: 2","fit: 7, efit: 2",,,,0,0,0,0,2,,
2025-12-06 17:57:03,48,19,19,0,fit: 7,fit: 7,,,,0,0,0,0,2,,
2025-12-06 18:02:04,48,19,19,0,"fit: 7, efit: 1","fit: 7, efit: 1",,,,0,0,0,0,2,,
2025-12-06 18:22:07,48,19,19,0,fit: 7,fit: 7,,,,0,0,0,0,2,,
2025-12-06 18:53:32,48,19,19,0,"fit: 7, efit: 1","fit: 7, efit: 1",,,,0,0,0,0,2,,
2025-12-06 19:18:36,48,19,19,0,fit: 7,fit: 7,,,,0,0,0,0,2,,
2025-12-06 19:59:23,48,19,19,0,"fit: 8, efit: 1","fit: 8, efit: 1",,,,0,0,0,0,2,,
2025-12-06 20:02:25,48,19,19,0,"fit: 10, efit: 1","fit: 10, efit: 1",,,,0,0,0,0,2,,
2025-12-06 20:22:28,48,19,19,0,fit: 10,fit: 10,,,,0,0,0,0,2,,
2025-12-06 20:33:46,48,19,19,0,"fit: 10, efit: 1","fit: 10, efit: 1",,,,0,0,0,0,2,,
2025-12-06 20:42:32,48,19,19,0,fit: 10,fit: 10,,,,0,0,0,0,2,,
2025-12-06 22:12:48,48,19,19,0,"fit: 10, efit: 1","fit: 10, efit: 1",,,,0,0,0,0,2,,
2025-12-06 23:07:57,48,19,19,0,"fit: 10, efit: 2","fit: 10, efit: 2",,,,0,0,0,0,2,,
2025-12-06 23:40:11,48,19,19,0,"fit: 10, efit: 4","fit: 10, efit: 4",,,,0,0,0,0,2,,
2025-12-06 23:43:04,48,19,19,0,"fit: 10, efit: 5","fit: 10, efit: 5",,,,0,0,0,0,2,,
2025-12-06 23:48:05,48,19,19,0,"fit: 11, efit: 5","fit: 11, efit: 5",,,,0,0,0,0,2,,
2025-12-07 00:00:16,48,19,19,0,"fit: 11, efit: 5","fit: 11, efit: 5",,,,0,0,0,0,2,,
2025-12-07 00:08:08,48,19,19,0,"fit: 11, efit: 6","fit: 11, efit: 6",,,,0,0,0,0,2,,
2025-12-07 00:24:17,48,19,19,0,"fit: 11, efit: 8","fit: 11, efit: 8",,,,0,0,0,0,2,,
2025-12-07 01:23:21,48,19,19,0,"fit: 11, efit: 5","fit: 11, efit: 5",,,,0,0,0,0,2,,
2025-12-07 02:05:42,48,19,19,0,"fit: 12, efit: 5","fit: 12, efit: 5",,,,0,0,0,0,2,,
2025-12-07 02:18:31,48,19,19,0,"fit: 13, efit: 4","fit: 13, efit: 4",,,,0,0,0,0,2,,
2025-12-07 02:33:34,48,19,19,0,"fit: 13, efit: 5","fit: 13, efit: 5",,,,0,0,0,0,2,,
2025-12-07 02:38:34,48,19,19,0,"fit: 14, efit: 5","fit: 14, efit: 5",,,,0,0,0,0,2,,
2025-12-07 03:05:54,48,19,19,0,"fit: 14, efit: 4","fit: 14, efit: 4",,,,0,0,0,0,2,,
2025-12-07 09:57:21,48,19,19,0,"fit: 14, efit: 3","fit: 14, efit: 3",,,,0,0,0,0,2,,
2025-12-07 10:29:56,48,19,19,0,"fit: 13, efit: 3","fit: 13, efit: 3",,,,0,0,0,0,2,,
2025-12-07 10:32:29,48,19,19,0,"fit: 13, efit: 2","fit: 13, efit: 2",,,,0,0,0,0,2,,
2025-12-07 10:50:00,48,19,19,0,"fit: 14, efit: 2","fit: 14, efit: 2",,,,0,0,0,0,2,,
2025-12-07 10:50:42,48,19,19,0,"fit: 14, efit: 1","fit: 14, efit: 1",,,,0,0,0,0,2,,
2025-12-07 10:57:34,48,19,19,0,fit: 15,fit: 15,,,,0,0,0,0,2,,
2025-12-07 11:30:08,48,19,19,0,fit: 14,fit: 14,,,,0,0,0,0,2,,
2025-12-07 12:15:17,48,19,19,0,fit: 13,fit: 13,,,,0,0,0,0,2,,
2025-12-07 12:15:54,48,19,19,0,fit: 14,fit: 14,,,,0,0,0,0,2,,
2025-12-07 12:25:18,48,19,19,0,fit: 13,fit: 13,,,,0,0,0,0,2,,
2025-12-07 13:13:03,48,19,19,0,fit: 11,fit: 11,,,,0,0,0,0,2,,
2025-12-07 13:15:28,48,19,19,0,fit: 9,fit: 9,,,,0,0,0,0,2,,
2025-12-07 13:23:05,48,19,19,0,fit: 8,fit: 8,,,,0,0,0,0,2,,
2025-12-07 13:30:31,48,19,19,0,"fit: 8, efit: 1","fit: 8, efit: 1",,,,0,0,0,0,2,,
2025-12-07 13:56:08,48,19,19,0,fit: 8,fit: 8,,,,0,0,0,0,2,,
2025-12-07 14:50:46,48,19,19,0,fit: 7,fit: 7,,,,0,0,0,0,2,,
2025-12-07 15:08:28,48,19,19,0,"fit: 7, efit: 1","fit: 7, efit: 1",,,,0,0,0,0,2,,
2025-12-07 15:10:49,48,19,19,0,"fit: 7, efit: 2","fit: 7, efit: 2",,,,0,0,0,0,2,,
2025-12-07 15:30:53,48,19,19,0,fit: 7,fit: 7,,,,0,0,0,0,2,,
2025-12-07 15:58:39,48,19,19,0,"fit: 7, efit: 1","fit: 7, efit: 1",,,,0,0,0,0,2,,
2025-12-07 16:18:43,48,19,19,0,"fit: 7, efit: 2","fit: 7, efit: 2",,,,0,0,0,0,2,,
2025-12-07 16:21:02,48,19,19,0,"fit: 7, efit: 1","fit: 7, efit: 1",,,,0,0,0,0,2,,
2025-12-07 16:26:03,48,19,19,0,"fit: 6, efit: 1","fit: 6, efit: 1",,,,0,0,0,0,2,,
2025-12-07 16:28:45,48,19,19,0,fit: 7,fit: 7,,,,0,0,0,0,2,,
2025-12-07 17:06:10,48,19,19,0,"fit: 7, efit: 2","fit: 7, efit: 2",,,,0,0,0,0,2,,
2025-12-07 17:26:13,48,19,19,0,"fit: 7, efit: 1","fit: 7, efit: 1",,,,0,0,0,0,2,,
2025-12-07 18:09:06,48,19,19,0,"fit: 7, efit: 2","fit: 7, efit: 2",,,,0,0,0,0,2,,
2025-12-07 18:16:22,48,19,19,0,fit: 7,fit: 7,,,,0,0,0,0,2,,
2025-12-07 18:21:23,48,19,19,0,fit: 6,fit: 6,,,,0,0,0,0,2,,
2025-12-07 18:26:44,48,19,19,0,fit: 5,fit: 5,,,,0,0,0,0,2,,
2025-12-07 18:46:28,48,19,19,0,"fit: 5, efit: 1","fit: 5, efit: 1",,,,0,0,0,0,2,,
2025-12-07 19:09:19,48,19,19,0,fit: 5,fit: 5,,,,0,0,0,0,2,,
2025-12-07 20:04:31,48,19,19,0,"fit: 4, efit: 1","fit: 4, efit: 1",,,,0,0,0,0,2,,
2025-12-07 20:19:34,48,19,19,0,fit: 4,fit: 4,,,,0,0,0,0,2,,
2025-12-07 20:59:42,48,19,19,0,"fit: 4, efit: 2","fit: 4, efit: 2",,,,0,0,0,0,2,,
2025-12-07 21:41:58,48,19,19,0,"fit: 4, efit: 3","fit: 4, efit: 3",,,,0,0,0,0,2,,
2025-12-07 21:46:59,48,19,19,0,"fit: 4, efit: 4","fit: 4, efit: 4",,,,0,0,0,0,2,,
2025-12-07 21:59:55,48,19,19,0,"fit: 4, efit: 5","fit: 4, efit: 5",,,,0,0,0,0,2,,
2025-12-07 22:02:02,48,19,19,0,"fit: 4, efit: 6","fit: 4, efit: 6",,,,0,0,0,0,2,,
2025-12-07 22:07:02,48,19,19,0,"fit: 5, efit: 6","fit: 5, efit: 6",,,,0,0,0,0,2,,
2025-12-07 22:19:59,48,19,19,0,"fit: 5, efit: 8","fit: 5, efit: 8",,,,0,0,0,0,2,,
2025-12-07 22:35:02,48,19,19,0,"fit: 6, efit: 8","fit: 6, efit: 8",,,,0,0,0,0,2,,
2025-12-07 22:47:09,48,19,19,0,"fit: 6, efit: 9","fit: 6, efit: 9",,,,0,0,0,0,2,,
2025-12-07 23:32:17,48,19,19,0,"fit: 6, efit: 8","fit: 6, efit: 8",,,,0,0,0,0,2,,
2025-12-08 00:00:20,48,19,19,0,"fit: 6, efit: 8","fit: 6, efit: 8",,,,0,0,0,0,2,,
2025-12-08 01:35:40,48,19,19,0,"fit: 6, efit: 9","fit: 6, efit: 9",,,,0,0,0,0,2,,
2025-12-08 02:42:50,48,19,19,0,"fit: 6, efit: 10","fit: 6, efit: 10",,,,0,0,0,0,2,,
2025-12-08 03:36:05,48,19,19,0,"fit: 6, efit: 9","fit: 6, efit: 9",,,,0,0,0,0,2,,
2025-12-08 03:56:10,48,19,19,0,"fit: 6, efit: 8","fit: 6, efit: 8",,,,0,0,0,0,2,,
2025-12-08 06:51:46,48,19,19,0,"fit: 6, efit: 7","fit: 6, efit: 7",,,,0,0,0,0,2,,
2025-12-08 06:53:21,48,19,19,0,"fit: 6, efit: 6","fit: 6, efit: 6",,,,0,0,0,0,2,,
2025-12-08 07:18:25,48,19,19,0,"fit: 6, efit: 5","fit: 6, efit: 5",,,,0,0,0,0,2,,
2025-12-08 08:02:01,48,19,19,0,"fit: 7, efit: 4","fit: 7, efit: 4",,,,0,0,0,0,2,,
2025-12-08 08:13:32,48,19,19,0,"fit: 7, efit: 3","fit: 7, efit: 3",,,,0,0,0,0,2,,
2025-12-08 08:13:44,48,19,19,0,"fit: 7, efit: 2","fit: 7, efit: 2",,,,0,0,0,0,2,,
2025-12-08 08:22:05,48,19,19,0,"fit: 7, efit: 1","fit: 7, efit: 1",,,,0,0,0,0,2,,
2025-12-08 08:37:09,48,19,19,0,fit: 7,fit: 7,,,,0,0,0,0,2,,
2025-12-08 09:22:18,48,19,19,0,fit: 6,fit: 6,,,,0,0,0,0,2,,
2025-12-08 09:47:24,48,19,19,0,fit: 7,fit: 7,,,,0,0,0,0,2,,
2025-12-08 11:02:39,48,19,19,0,"fit: 6, efit: 1","fit: 6, efit: 1",,,,0,0,0,0,2,,
2025-12-08 11:37:47,48,19,19,0,fit: 6,fit: 6,,,,0,0,0,0,2,,
2025-12-08 11:42:48,48,19,19,0,fit: 5,fit: 5,,,,0,0,0,0,2,,
2025-12-08 12:32:59,48,19,19,0,fit: 4,fit: 4,,,,0,0,0,0,2,,
2025-12-08 12:38:00,48,19,19,0,fit: 3,fit: 3,,,,0,0,0,0,2,,
2025-12-08 13:18:09,48,19,19,0,"fit: 3, efit: 1",fit: 3,,,,0,0,0,0,2,,
2025-12-08 14:24:23,48,19,19,0,"fit: 2, efit: 1",fit: 2,,,,0,0,0,0,2,,
2025-12-08 14:33:26,48,19,19,0,"fit: 1, efit: 1",fit: 1,,,,0,0,0,0,2,,
2025-12-08 14:48:29,48,19,19,0,fit: 1,fit: 1,,,,0,0,0,0,2,,
2025-12-08 15:09:59,48,19,19,0,"fit: 1, efit: 1","fit: 1, efit: 1",,,,0,0,0,0,2,,
2025-12-08 15:13:34,48,19,19,0,"fit: 1, efit: 3","fit: 1, efit: 3",,,,0,0,0,0,2,,
2025-12-08 15:24:31,48,19,19,0,"fit: 1, efit: 4","fit: 1, efit: 4",,,,0,0,0,0,2,,
2025-12-08 15:53:42,48,19,19,0,"fit: 1, efit: 5","fit: 1, efit: 5",,,,0,0,0,0,2,,
2025-12-08 16:03:44,48,19,19,0,"fit: 1, efit: 6","fit: 1, efit: 6",,,,0,0,0,0,2,,
2025-12-08 16:09:37,48,19,19,0,"fit: 1, efit: 7","fit: 1, efit: 7",,,,0,0,0,0,2,,
2025-12-08 16:18:48,48,19,19,0,"fit: 1, efit: 6","fit: 1, efit: 6",,,,0,0,0,0,2,,
2025-12-08 16:33:51,48,19,19,0,"fit: 1, efit: 5","fit: 1, efit: 5",,,,0,0,0,0,2,,
2025-12-08 16:38:52,48,19,19,0,"fit: 1, efit: 6","fit: 1, efit: 6",,,,0,0,0,0,2,,
2025-12-08 16:48:55,48,19,19,0,"fit: 2, efit: 6","fit: 2, efit: 6",,,,0,0,0,0,2,,
2025-12-08 17:39:06,48,19,19,0,"fit: 3, efit: 6","fit: 3, efit: 6",,,,0,0,0,0,2,,
2025-12-08 17:54:09,48,19,19,0,"fit: 3, efit: 7","fit: 3, efit: 7",,,,0,0,0,0,2,,
2025-12-08 17:59:10,48,19,19,0,"fit: 3, efit: 6","fit: 3, efit: 6",,,,0,0,0,0,2,,
2025-12-08 18:04:11,48,19,19,0,"fit: 4, efit: 6","fit: 4, efit: 6",,,,0,0,0,0,2,,
2025-12-08 18:10:32,48,19,19,0,"fit: 4, efit: 7","fit: 4, efit: 7",,,,0,0,0,0,2,,
2025-12-08 18:14:13,48,19,19,0,"fit: 4, efit: 6","fit: 4, efit: 6",,,,0,0,0,0,2,,
2025-12-08 18:19:14,48,19,19,0,"fit: 4, efit: 5","fit: 4, efit: 5",,,,0,0,0,0,2,,
2025-12-08 18:24:16,48,19,19,0,"fit: 4, efit: 3","fit: 4, efit: 3",,,,0,0,0,0,2,,
2025-12-08 18:25:35,48,19,19,0,"fit: 4, efit: 4","fit: 4, efit: 4",,,,0,0,0,0,2,,
2025-12-08 18:34:18,48,19,19,0,"fit: 4, efit: 3","fit: 4, efit: 3",,,,0,0,0,0,2,,
2025-12-08 18:44:20,48,19,19,0,"fit: 4, efit: 4","fit: 4, efit: 4",,,,0,0,0,0,2,,
2025-12-08 18:50:39,48,19,19,0,"fit: 4, efit: 5","fit: 4, efit: 5",,,,0,0,0,0,2,,
2025-12-08 19:14:26,48,19,19,0,"fit: 4, efit: 4","fit: 4, efit: 4",,,,0,0,0,0,2,,
2025-12-08 19:19:27,48,19,19,0,"fit: 4, efit: 3","fit: 4, efit: 3",,,,0,0,0,0,2,,
2025-12-08 19:35:07,48,19,19,0,"fit: 4, efit: 2","fit: 4, efit: 2",,,,0,0,0,0,2,,
2025-12-08 19:44:33,48,19,19,0,"fit: 4, efit: 1","fit: 4, efit: 1",,,,0,0,0,0,2,,
2025-12-08 20:00:52,48,19,19,0,"fit: 4, efit: 2","fit: 4, efit: 2",,,,0,0,0,0,2,,
2025-12-08 20:25:14,48,19,19,0,"fit: 4, efit: 1","fit: 4, efit: 1",,,,0,0,0,0,2,,
2025-12-08 20:29:42,48,19,19,0,"fit: 4, efit: 4","fit: 4, efit: 4",,,,0,0,0,0,2,,
2025-12-08 20:44:46,48,19,19,0,"fit: 4, efit: 5","fit: 4, efit: 5",,,,0,0,0,0,2,,
2025-12-08 21:19:53,48,19,19,0,"fit: 4, efit: 6","fit: 4, efit: 6",,,,0,0,0,0,2,,
2025-12-08 21:24:54,48,19,19,0,"fit: 4, efit: 5","fit: 4, efit: 5",,,,0,0,0,0,2,,
2025-12-08 22:26:17,48,19,19,0,"fit: 4, efit: 6","fit: 4, efit: 6",,,,0,0,0,0,2,,
2025-12-08 22:45:12,48,19,19,0,"fit: 4, efit: 7","fit: 4, efit: 7",,,,0,0,0,0,2,,
2025-12-08 23:15:19,48,19,19,0,"fit: 4, efit: 8","fit: 4, efit: 8",,,,0,0,0,0,2,,
2025-12-08 23:20:38,48,19,19,0,"fit: 4, efit: 9","fit: 4, efit: 9",,,,0,0,0,0,2,,
2025-12-08 23:41:30,48,19,19,0,"fit: 4, efit: 10","fit: 4, efit: 10",,,,0,0,0,0,2,,
2025-12-08 23:50:27,48,19,19,0,"fit: 4, efit: 12","fit: 4, efit: 12",,,,0,0,0,0,2,,
2025-12-09 00:00:30,48,19,19,0,"fit: 4, efit: 12","fit: 4, efit: 12",,,,0,0,0,0,2,,
2025-12-09 00:11:36,48,19,19,0,"fit: 5, efit: 12","fit: 5, efit: 12",,,,0,0,0,0,2,,
2025-12-09 01:05:43,48,19,19,0,"fit: 5, efit: 14","fit: 5, efit: 14",,,,0,0,0,0,2,,
2025-12-09 03:01:08,48,19,19,0,"fit: 5, efit: 13","fit: 5, efit: 13",,,,0,0,0,0,2,,
2025-12-09 05:37:32,48,19,19,0,"fit: 5, efit: 14","fit: 5, efit: 14",,,,0,0,0,0,2,,
2025-12-09 07:16:41,48,19,19,0,"fit: 5, efit: 13","fit: 5, efit: 13",,,,0,0,0,0,2,,
2025-12-09 07:46:45,48,19,19,0,"fit: 5, efit: 12","fit: 5, efit: 12",,,,0,0,0,0,2,,
2025-12-09 08:01:47,48,19,19,0,"fit: 5, efit: 11","fit: 5, efit: 11",,,,0,0,0,0,2,,
2025-12-09 08:16:49,48,19,19,0,"fit: 5, efit: 12","fit: 5, efit: 12",,,,0,0,0,0,2,,
2025-12-09 08:31:51,48,19,19,0,"fit: 5, efit: 11","fit: 5, efit: 11",,,,0,0,0,0,2,,
2025-12-09 08:46:53,48,19,19,0,"fit: 5, efit: 10","fit: 5, efit: 10",,,,0,0,0,0,2,,
2025-12-09 09:08:10,48,19,19,0,"fit: 5, efit: 9","fit: 5, efit: 9",,,,0,0,0,0,2,,
2025-12-09 09:11:57,48,19,19,0,"fit: 5, efit: 10","fit: 5, efit: 10",,,,0,0,0,0,2,,
2025-12-09 09:17:23,48,19,19,0,"fit: 5, efit: 9","fit: 5, efit: 9",,,,0,0,0,0,2,,
2025-12-09 09:31:59,48,19,19,0,"fit: 5, efit: 10","fit: 5, efit: 10",,,,0,0,0,0,2,,
2025-12-09 09:43:16,48,19,19,0,"fit: 5, efit: 9","fit: 5, efit: 9",,,,0,0,0,0,2,,
2025-12-09 10:12:05,48,19,19,0,"fit: 5, efit: 8","fit: 5, efit: 8",,,,0,0,0,0,2,,
2025-12-09 10:27:07,48,19,19,0,"fit: 5, efit: 7","fit: 5, efit: 7",,,,0,0,0,0,2,,
2025-12-09 10:32:08,48,19,19,0,"fit: 5, efit: 6","fit: 5, efit: 6",,,,0,0,0,0,2,,
2025-12-09 10:42:41,48,19,19,0,"fit: 5, efit: 7","fit: 5, efit: 7",,,,0,0,0,0,2,,
2025-12-09 11:02:12,48,19,19,0,"fit: 5, efit: 8","fit: 5, efit: 8",,,,0,0,0,0,2,,
2025-12-09 11:23:33,48,19,19,0,"fit: 5, efit: 7","fit: 5, efit: 7",,,,0,0,0,0,2,,
2025-12-09 11:32:17,48,19,19,0,"fit: 5, efit: 8","fit: 5, efit: 8",,,,0,0,0,0,2,,
2025-12-09 11:33:35,48,19,19,0,"fit: 5, efit: 9","fit: 5, efit: 9",,,,0,0,0,0,2,,
2025-12-09 11:52:56,48,19,19,0,"fit: 5, efit: 8","fit: 5, efit: 8",,,,0,0,0,0,2,,
2025-12-09 11:57:20,48,19,19,0,"fit: 5, efit: 6","fit: 5, efit: 6",,,,0,0,0,0,2,,
2025-12-09 12:22:24,48,19,19,0,"fit: 5, efit: 7","fit: 5, efit: 7",,,,0,0,0,0,2,,
2025-12-09 12:58:51,48,19,19,0,"fit: 5, efit: 6","fit: 5, efit: 6",,,,0,0,0,0,2,,
2025-12-09 14:02:38,48,19,19,0,"fit: 5, efit: 7","fit: 5, efit: 7",,,,0,0,0,0,2,,
2025-12-09 14:12:39,48,19,19,0,"fit: 5, efit: 8","fit: 5, efit: 8",,,,0,0,0,0,2,,
2025-12-09 14:42:43,48,19,19,0,"fit: 5, efit: 7","fit: 5, efit: 7",,,,0,0,0,0,2,,
2025-12-09 15:54:22,48,19,19,0,"fit: 5, efit: 8","fit: 5, efit: 8",,,,0,0,0,0,2,,
2025-12-09 16:27:58,48,19,19,0,"fit: 5, efit: 7","fit: 5, efit: 7",,,,0,0,0,0,2,,
2025-12-09 17:03:03,48,19,19,0,"fit: 5, efit: 6","fit: 5, efit: 6",,,,0,0,0,0,2,,
2025-12-09 17:08:04,48,19,19,0,"fit: 5, efit: 7","fit: 5, efit: 7",,,,0,0,0,0,2,,
2025-12-09 17:09:03,48,19,19,0,"fit: 5, efit: 8","fit: 5, efit: 8",,,,0,0,0,0,2,,
2025-12-09 17:28:06,48,19,19,0,"fit: 5, efit: 9","fit: 5, efit: 9",,,,0,0,0,0,2,,
2025-12-09 17:44:41,48,19,19,0,"fit: 5, efit: 9","fit: 5, efit: 8",efit: 1,,,0,0,0,0,2,,
2025-12-09 17:53:10,48,19,19,0,"fit: 5, efit: 8","fit: 5, efit: 7",efit: 1,,,0,0,0,0,2,,
2025-12-09 17:54:13,48,19,19,0,"fit: 5, efit: 9","fit: 5, efit: 8",efit: 1,,,0,0,0,0,2,,
2025-12-09 18:03:11,48,19,19,0,"fit: 5, efit: 10","fit: 5, efit: 9",efit: 1,,,0,0,0,0,2,,
2025-12-09 18:18:13,48,19,19,0,"fit: 5, efit: 11","fit: 5, efit: 10",efit: 1,,,0,0,0,0,2,,
2025-12-09 18:23:14,48,19,19,0,"fit: 5, efit: 10","fit: 5, efit: 9",efit: 1,,,0,0,0,0,2,,
2025-12-09 18:33:15,48,19,19,0,"fit: 5, efit: 11","fit: 5, efit: 10",efit: 1,,,0,0,0,0,2,,
2025-12-09 18:43:16,48,19,19,0,"fit: 5, efit: 9","fit: 5, efit: 8",efit: 1,,,0,0,0,0,2,,
2025-12-09 18:44:24,48,19,19,0,"fit: 5, efit: 10","fit: 5, efit: 9",efit: 1,,,0,0,0,0,2,,
2025-12-09 19:28:23,48,19,19,0,"fit: 5, efit: 9","fit: 5, efit: 8",efit: 1,,,0,0,0,0,2,,
2025-12-09 19:38:24,48,19,19,0,"fit: 5, efit: 10","fit: 5, efit: 9",efit: 1,,,0,0,0,0,2,,
2025-12-09 20:20:10,48,19,19,0,"fit: 5, efit: 9","fit: 5, efit: 8",efit: 1,,,0,0,0,0,2,,
2025-12-09 20:28:31,48,19,19,0,"fit: 5, efit: 8","fit: 5, efit: 7",efit: 1,,,0,0,0,0,2,,
2025-12-09 20:33:32,48,19,19,0,"fit: 5, efit: 9","fit: 5, efit: 8",efit: 1,,,0,0,0,0,2,,
2025-12-09 20:49:49,48,19,19,0,"fit: 5, efit: 8","fit: 5, efit: 7",efit: 1,,,0,0,0,0,2,,
2025-12-09 21:28:40,48,19,19,0,"fit: 6, efit: 8","fit: 6, efit: 7",efit: 1,,,0,0,0,0,2,,
2025-12-09 21:53:43,48,19,19,0,"fit: 6, efit: 7","fit: 6, efit: 6",efit: 1,,,0,0,0,0,2,,
2025-12-09 22:15:08,48,19,19,0,"fit: 6, efit: 8","fit: 6, efit: 7",efit: 1,,,0,0,0,0,2,,
2025-12-09 22:28:48,48,19,19,0,"fit: 6, efit: 7","fit: 6, efit: 6",efit: 1,,,0,0,0,0,2,,
2025-12-09 22:35:34,48,19,19,0,"fit: 6, efit: 8","fit: 6, efit: 7",efit: 1,,,0,0,0,0,2,,
2025-12-09 22:38:49,48,19,19,0,"fit: 6, efit: 10","fit: 6, efit: 9",efit: 1,,,0,0,0,0,2,,
2025-12-09 23:38:57,48,19,19,0,"fit: 6, efit: 12","fit: 6, efit: 11",efit: 1,,,0,0,0,0,2,,
2025-12-09 23:59:00,48,19,19,0,"fit: 6, efit: 13","fit: 6, efit: 12",efit: 1,,,0,0,0,0,2,,
2025-12-10 00:00:30,48,19,19,0,"fit: 6, efit: 13","fit: 6, efit: 12",efit: 1,,,0,0,0,0,2,,
2025-12-10 03:26:15,48,19,19,0,"fit: 6, efit: 13","fit: 6, efit: 13",,,,0,0,0,0,2,,
2025-12-10 04:21:26,48,19,19,0,"fit: 6, efit: 12","fit: 6, efit: 12",,,,0,0,0,0,2,,
2025-12-10 04:29:37,48,19,19,0,"fit: 6, efit: 13","fit: 6, efit: 13",,,,0,0,0,0,2,,
2025-12-10 07:27:05,48,19,19,0,"fit: 6, efit: 12","fit: 6, efit: 12",,,,0,0,0,0,2,,
2025-12-10 07:37:07,48,19,19,0,"fit: 6, efit: 11","fit: 6, efit: 11",,,,0,0,0,0,2,,
2025-12-10 07:45:05,48,19,19,0,"fit: 6, efit: 10","fit: 6, efit: 10",,,,0,0,0,0,2,,
2025-12-10 07:52:10,48,19,19,0,"fit: 6, efit: 9","fit: 6, efit: 9",,,,0,0,0,0,2,,
2025-12-10 07:57:11,48,19,19,0,"fit: 6, efit: 10","fit: 6, efit: 10",,,,0,0,0,0,2,,
2025-12-10 08:45:13,48,19,19,0,"fit: 6, efit: 11","fit: 6, efit: 10",,,,0,0,0,0,2,,
2025-12-10 08:47:19,48,19,19,0,"fit: 6, efit: 10","fit: 6, efit: 9",,,,0,0,0,0,2,,
2025-12-10 08:50:14,48,19,19,0,"fit: 6, efit: 11","fit: 6, efit: 10",,,,0,0,0,0,2,,
2025-12-10 09:37:26,48,19,19,0,"fit: 6, efit: 10","fit: 6, efit: 9",,,,0,0,0,0,2,,
2025-12-10 09:45:22,48,19,19,0,"fit: 6, efit: 9","fit: 6, efit: 8",,,,0,0,0,0,2,,
2025-12-10 10:02:31,48,19,19,0,"fit: 6, efit: 8","fit: 6, efit: 7",,,,0,0,0,0,2,,
2025-12-10 10:20:27,48,19,19,0,"fit: 6, efit: 7","fit: 6, efit: 6",,,,0,0,0,0,2,,
2025-12-10 10:52:40,48,19,19,0,"fit: 6, efit: 8","fit: 6, efit: 7",,,,0,0,0,0,2,,
2025-12-10 11:15:34,48,19,19,0,"fit: 6, efit: 7","fit: 6, efit: 6",,,,0,0,0,0,2,,
2025-12-10 11:22:45,48,19,19,0,"fit: 6, efit: 6","fit: 6, efit: 5",,,,0,0,0,0,2,,
2025-12-10 11:47:49,48,19,19,0,"fit: 6, efit: 7","fit: 6, efit: 6",,,,0,0,0,0,2,,
2025-12-10 12:15:43,48,19,19,0,"fit: 6, efit: 6","fit: 6, efit: 5",,,,0,0,0,0,2,,
2025-12-10 13:15:52,48,19,19,0,"fit: 6, efit: 7","fit: 6, efit: 6",,,,0,0,0,0,2,,
2025-12-10 13:18:06,48,19,19,0,"fit: 6, efit: 8","fit: 6, efit: 7",,,,0,0,0,0,2,,
2025-12-10 13:40:55,48,19,19,0,"fit: 6, efit: 9","fit: 6, efit: 8",,,,0,0,0,0,2,,
2025-12-10 14:03:14,48,19,19,0,"fit: 6, efit: 10","fit: 6, efit: 9",,,,0,0,0,0,2,,
2025-12-10 14:31:03,48,19,19,0,"fit: 6, efit: 11","fit: 6, efit: 10",,,,0,0,0,0,2,,
2025-12-10 14:58:24,48,19,19,0,"fit: 6, efit: 10","fit: 6, efit: 10",,,,0,0,0,0,2,,
2025-12-10 15:08:38,48,19,19,0,"fit: 6, efit: 10","fit: 6, efit: 9",,,,0,0,0,0,2,,
2025-12-10 15:21:09,48,19,19,0,"fit: 6, efit: 11","fit: 6, efit: 10",,,,0,0,0,0,2,,
2025-12-10 15:26:10,48,19,19,0,"fit: 6, efit: 12","fit: 6, efit: 11",,,,0,0,0,0,2,,
2025-12-10 15:43:32,48,19,19,0,"fit: 6, efit: 13","fit: 6, efit: 12",,,,0,0,0,0,2,,
2025-12-10 15:48:33,48,19,19,0,"fit: 6, efit: 12","fit: 6, efit: 11",,,,0,0,0,0,2,,
2025-12-10 16:43:43,48,19,19,0,"fit: 6, efit: 13","fit: 6, efit: 12",,,,0,0,0,0,2,,
2025-12-10 16:51:22,48,19,19,0,"fit: 6, efit: 12","fit: 6, efit: 11",,,,0,0,0,0,2,,
2025-12-10 17:11:24,48,19,19,0,"fit: 6, efit: 11","fit: 6, efit: 10",,,,0,0,0,0,2,,
2025-12-10 17:46:29,48,19,19,0,"fit: 7, efit: 11","fit: 7, efit: 10",,,,0,0,0,0,2,,
2025-12-10 17:48:54,48,19,19,0,"fit: 7, efit: 10","fit: 7, efit: 9",,,,0,0,0,0,2,,
2025-12-10 17:51:30,48,19,19,0,"fit: 7, efit: 9","fit: 7, efit: 8",,,,0,0,0,0,2,,
2025-12-10 18:03:57,48,19,19,0,"fit: 7, efit: 8","fit: 7, efit: 7",,,,0,0,0,0,2,,
2025-12-10 18:11:33,48,19,19,0,"fit: 8, efit: 7","fit: 8, efit: 6",,,,0,0,0,0,2,,
2025-12-10 18:24:01,48,19,19,0,"fit: 8, efit: 6","fit: 8, efit: 5",,,,0,0,0,0,2,,
2025-12-10 18:34:02,48,19,19,0,"fit: 8, efit: 7","fit: 8, efit: 6",,,,0,0,0,0,2,,
2025-12-10 18:51:38,48,19,19,0,"fit: 8, efit: 6","fit: 8, efit: 5",,,,0,0,0,0,2,,
2025-12-10 18:56:39,48,19,19,0,"fit: 8, efit: 5","fit: 8, efit: 4",,,,0,0,0,0,2,,
2025-12-10 18:59:06,48,19,19,0,"fit: 8, efit: 4","fit: 8, efit: 3",,,,0,0,0,0,2,,
2025-12-10 19:29:12,48,19,19,0,"fit: 8, efit: 5","fit: 8, efit: 4",,,,0,0,0,0,2,,
2025-12-10 19:34:13,48,19,19,0,"fit: 8, efit: 4","fit: 8, efit: 3",,,,0,0,0,0,2,,
2025-12-10 20:14:41,48,19,19,0,"fit: 8, efit: 5","fit: 8, efit: 4",,,,0,0,0,0,2,,
2025-12-10 21:11:57,48,19,19,0,"fit: 8, efit: 6","fit: 8, efit: 5",,,,0,0,0,0,2,,
2025-12-10 21:49:36,48,19,19,0,"fit: 8, efit: 5","fit: 8, efit: 4",,,,0,0,0,0,2,,
2025-12-10 22:19:41,48,19,19,0,"fit: 8, efit: 6","fit: 8, efit: 5",,,,0,0,0,0,2,,
2025-12-10 23:12:13,48,19,19,0,"fit: 8, efit: 6","fit: 8, efit: 4",,,,0,0,0,0,2,,
2025-12-10 23:17:14,48,19,19,0,"fit: 8, efit: 6","fit: 8, efit: 3",,,,0,0,0,0,2,,
2025-12-11 00:00:27,48,19,19,0,"fit: 8, efit: 6","fit: 8, efit: 3",,,,0,0,0,0,2,,
2025-12-11 00:05:00,48,19,19,0,"fit: 8, efit: 5","fit: 8, efit: 2",,,,0,0,0,0,2,,
2025-12-11 00:15:02,48,19,19,0,"fit: 8, efit: 6","fit: 8, efit: 3",,,,0,0,0,0,2,,
2025-12-11 03:00:31,48,19,19,0,"fit: 8, efit: 7","fit: 8, efit: 4",,,,0,0,0,0,2,,
2025-12-11 03:07:45,48,19,19,0,"fit: 8, efit: 8","fit: 8, efit: 5",,,,0,0,0,0,2,,
2025-12-11 04:40:49,48,19,19,0,"fit: 8, efit: 7","fit: 8, efit: 4",,,,0,0,0,0,2,,
2025-12-11 05:08:01,48,19,19,0,"fit: 8, efit: 8","fit: 8, efit: 5",,,,0,0,0,0,2,,
2025-12-11 06:03:08,48,19,19,0,"fit: 8, efit: 9","fit: 8, efit: 6",,,,0,0,0,0,2,,
2025-12-11 07:11:15,48,19,19,0,"fit: 8, efit: 8","fit: 8, efit: 5",,,,0,0,0,0,2,,
2025-12-11 07:46:21,48,19,19,0,"fit: 8, efit: 7","fit: 8, efit: 4",,,,0,0,0,0,2,,
2025-12-11 08:31:29,48,19,19,0,"fit: 8, efit: 7","fit: 7, efit: 4",fit: 1,,,0,0,0,0,2,,
2025-12-11 08:32:15,48,19,19,0,"fit: 8, efit: 7","fit: 6, efit: 4",fit: 2,,,0,0,0,0,2,,
2025-12-11 08:36:30,48,19,19,0,"fit: 8, efit: 6","fit: 6, efit: 3",fit: 2,,,0,0,0,0,2,,
2025-12-11 09:16:37,48,19,19,0,"fit: 6, efit: 5","fit: 6, efit: 3",,,,0,0,0,0,2,,
2025-12-11 09:17:25,48,19,19,0,"fit: 6, efit: 6","fit: 6, efit: 4",,,,0,0,0,0,2,,
2025-12-11 09:18:35,48,19,19,0,"fit: 6, efit: 5","fit: 6, efit: 4",,,,0,0,0,0,2,,
2025-12-11 09:21:38,48,19,19,0,"fit: 6, efit: 6","fit: 6, efit: 6",,,,0,0,0,0,2,,
2025-12-11 10:11:47,48,19,19,0,"fit: 6, efit: 5","fit: 6, efit: 5",,,,0,0,0,0,2,,
2025-12-11 10:26:50,48,19,19,0,"fit: 6, efit: 4","fit: 6, efit: 4",,,,0,0,0,0,2,,
2025-12-11 10:46:53,48,19,19,0,"fit: 6, efit: 5","fit: 6, efit: 5",,,,0,0,0,0,2,,
2025-12-11 11:18:51,48,19,19,0,"fit: 6, efit: 4","fit: 6, efit: 4",,,,0,0,0,0,2,,
2025-12-11 11:27:52,48,19,19,0,"fit: 6, efit: 3","fit: 6, efit: 3",,,,0,0,0,0,2,,
2025-12-11 11:37:02,48,19,19,0,"fit: 6, efit: 4","fit: 6, efit: 4",,,,0,0,0,0,2,,
2025-12-11 12:12:09,48,19,19,0,"fit: 6, efit: 3","fit: 6, efit: 3",,,,0,0,0,0,2,,
2025-12-11 12:17:10,48,19,19,0,"fit: 6, efit: 2","fit: 6, efit: 2",,,,0,0,0,0,2,,
2025-12-11 12:22:11,48,19,19,0,"fit: 6, efit: 3","fit: 6, efit: 3",,,,0,0,0,0,2,,
2025-12-11 12:53:10,48,19,19,0,"fit: 6, efit: 4","fit: 6, efit: 4",,,,0,0,0,0,2,,
2025-12-11 13:12:20,48,19,19,0,"fit: 6, efit: 3","fit: 6, efit: 3",,,,0,0,0,0,2,,
2025-12-11 13:33:19,48,19,19,0,"fit: 6, efit: 2","fit: 6, efit: 2",,,,0,0,0,0,2,,
2025-12-11 13:53:23,48,19,19,0,"fit: 6, efit: 1","fit: 6, efit: 1",,,,0,0,0,0,2,,
2025-12-11 14:12:31,48,19,19,0,"fit: 6, efit: 3","fit: 6, efit: 3",,,,0,0,0,0,2,,
2025-12-11 14:22:33,48,19,19,0,"fit: 6, efit: 2","fit: 6, efit: 2",,,,0,0,0,0,2,,
2025-12-11 14:42:36,48,19,19,0,"fit: 6, efit: 3","fit: 6, efit: 3",,,,0,0,0,0,2,,
2025-12-11 14:52:38,48,19,19,0,"fit: 6, efit: 2","fit: 6, efit: 2",,,,0,0,0,0,2,,
2025-12-11 15:17:42,48,19,19,0,"fit: 6, efit: 3","fit: 6, efit: 3",,,,0,0,0,0,2,,
2025-12-11 15:32:45,48,19,19,0,"fit: 6, efit: 4","fit: 6, efit: 4",,,,0,0,0,0,2,,
2025-12-11 15:43:45,48,19,19,0,"fit: 7, efit: 4","fit: 7, efit: 4",,,,0,0,0,0,2,,
2025-12-11 15:48:47,48,19,19,0,"fit: 7, efit: 3","fit: 7, efit: 3",,,,0,0,0,0,2,,
2025-12-11 16:09:32,48,19,19,0,"fit: 7, efit: 2","fit: 7, efit: 2",,,,0,0,0,0,2,,
2025-12-11 16:19:33,48,19,19,0,"fit: 7, efit: 1","fit: 7, efit: 1",,,,0,0,0,0,2,,
2025-12-11 17:23:05,48,19,19,0,"fit: 7, efit: 2","fit: 7, efit: 2",,,,0,0,0,0,2,,
2025-12-11 17:24:07,48,19,19,0,"fit: 7, efit: 3","fit: 7, efit: 3",,,,0,0,0,0,2,,
2025-12-11 17:28:06,48,19,19,0,"fit: 7, efit: 2","fit: 7, efit: 2",,,,0,0,0,0,2,,
2025-12-11 17:39:44,48,19,19,0,"fit: 7, efit: 1","fit: 7, efit: 1",,,,0,0,0,0,2,,
2025-12-11 17:43:08,48,19,19,0,"fit: 7, efit: 3","fit: 7, efit: 3",,,,0,0,0,0,2,,
2025-12-11 17:44:44,48,19,19,0,"fit: 7, efit: 2","fit: 7, efit: 2",,,,0,0,0,0,2,,
2025-12-11 17:49:45,48,19,19,0,"fit: 7, efit: 1","fit: 7, efit: 1",,,,0,0,0,0,2,,
2025-12-11 17:59:15,48,19,19,0,"fit: 7, efit: 2","fit: 7, efit: 2",,,,0,0,0,0,2,,
2025-12-11 18:14:18,48,19,19,0,"fit: 7, efit: 3","fit: 7, efit: 3",,,,0,0,0,0,2,,
2025-12-11 18:18:14,48,19,19,0,"fit: 7, efit: 2","fit: 7, efit: 2",,,,0,0,0,0,2,,
2025-12-11 19:04:56,48,19,19,0,"fit: 7, efit: 1","fit: 7, efit: 1",,,,0,0,0,0,2,,
2025-12-11 19:13:04,48,19,19,0,"fit: 7, efit: 2","fit: 7, efit: 2",,,,0,0,0,0,2,,
2025-12-11 19:28:07,48,19,19,0,"fit: 7, efit: 3","fit: 7, efit: 3",,,,0,0,0,0,2,,
2025-12-11 19:33:08,48,19,19,0,"fit: 8, efit: 2","fit: 8, efit: 2",,,,0,0,0,0,2,,
2025-12-11 20:15:07,48,19,19,0,"fit: 9, efit: 2","fit: 9, efit: 2",,,,0,0,0,0,2,,
2025-12-11 20:53:24,48,19,19,0,"fit: 10, efit: 2","fit: 10, efit: 2",,,,0,0,0,0,2,,
2025-12-11 20:55:12,48,19,19,0,"fit: 10, efit: 3","fit: 10, efit: 3",,,,0,0,0,0,2,,
2025-12-11 20:58:25,48,19,19,0,"fit: 10, efit: 2","fit: 10, efit: 2",,,,0,0,0,0,2,,
2025-12-11 21:13:28,48,19,19,0,"fit: 10, efit: 3","fit: 10, efit: 3",,,,0,0,0,0,2,,
2025-12-11 21:18:46,48,19,19,0,"fit: 10, efit: 2","fit: 10, efit: 2",,,,0,0,0,0,2,,
2025-12-11 21:20:15,48,19,19,0,"fit: 10, efit: 3","fit: 10, efit: 3",,,,0,0,0,0,2,,
2025-12-11 21:23:30,48,19,19,0,"fit: 10, efit: 2","fit: 10, efit: 2",,,,0,0,0,0,2,,
2025-12-11 21:48:35,48,19,19,0,"fit: 10, efit: 4","fit: 10, efit: 4",,,,0,0,0,0,2,,
2025-12-11 21:55:20,48,19,19,0,"fit: 10, efit: 3","fit: 10, efit: 3",,,,0,0,0,0,2,,
2025-12-11 22:03:39,48,19,19,0,"fit: 10, efit: 4","fit: 10, efit: 4",,,,0,0,0,0,2,,
2025-12-12 00:02:32,48,19,19,0,"fit: 10, efit: 4","fit: 10, efit: 4",,,,0,0,0,0,2,,
2025-12-12 01:52:48,48,19,19,0,"fit: 10, efit: 5","fit: 10, efit: 5",,,,0,0,0,0,2,,
2025-12-12 04:55:02,48,19,19,0,"fit: 10, efit: 4","fit: 10, efit: 4",,,,0,0,0,0,2,,
2025-12-12 06:15:16,48,19,19,0,"fit: 10, efit: 3","fit: 10, efit: 3",,,,0,0,0,0,2,,
2025-12-12 07:43:40,48,19,19,0,"fit: 10, efit: 2","fit: 10, efit: 2",,,,0,0,0,0,2,,
2025-12-12 08:35:41,48,19,19,0,"fit: 10, efit: 1","fit: 10, efit: 1",,,,0,0,0,0,2,,
2025-12-12 09:01:14,48,19,19,0,fit: 10,fit: 10,,,,0,0,0,0,2,,
2025-12-12 09:10:47,48,19,19,0,"fit: 10, efit: 1","fit: 10, efit: 1",,,,0,0,0,0,2,,
2025-12-12 09:11:16,48,19,19,0,fit: 10,fit: 10,,,,0,0,0,0,2,,
2025-12-12 09:41:24,48,19,19,0,fit: 9,fit: 9,,,,0,0,0,0,2,,
2025-12-12 09:43:57,48,19,19,0,fit: 10,fit: 10,,,,0,0,0,0,2,,
2025-12-12 09:45:53,48,19,19,0,fit: 9,fit: 9,,,,0,0,0,0,2,,
2025-12-12 10:15:58,48,19,19,0,"fit: 9, efit: 1","fit: 9, efit: 1",,,,0,0,0,0,2,,
2025-12-12 10:29:04,48,19,19,0,"fit: 9, efit: 2","fit: 9, efit: 2",,,,0,0,0,0,2,,
2025-12-12 10:36:37,48,19,19,0,"fit: 9, efit: 1","fit: 9, efit: 1",,,,0,0,0,0,2,,
2025-12-12 10:41:02,48,19,19,0,fit: 9,fit: 9,,,,0,0,0,0,2,,
2025-12-12 11:06:06,48,19,19,0,fit: 7,fit: 7,,,,0,0,0,0,2,,
2025-12-12 11:14:11,48,19,19,0,fit: 8,fit: 8,,,,0,0,0,0,2,,
2025-12-12 11:19:11,48,19,19,0,"fit: 8, efit: 1","fit: 8, efit: 1",,,,0,0,0,0,2,,
2025-12-12 11:41:12,48,19,19,0,fit: 8,fit: 8,,,,0,0,0,0,2,,
2025-12-12 12:29:22,48,19,19,0,"fit: 8, efit: 1","fit: 8, efit: 1",,,,0,0,0,0,2,,
2025-12-12 12:47:08,48,19,19,0,"fit: 8, efit: 2","fit: 8, efit: 2",,,,0,0,0,0,2,,
2025-12-12 12:54:26,48,19,19,0,"fit: 8, efit: 3","fit: 8, efit: 3",,,,0,0,0,0,2,,
2025-12-12 12:56:25,48,19,19,0,"fit: 8, efit: 2","fit: 8, efit: 2",,,,0,0,0,0,2,,
2025-12-12 13:06:27,48,19,19,0,"fit: 8, efit: 3","fit: 8, efit: 3",,,,0,0,0,0,2,,
2025-12-12 13:07:13,48,19,19,0,"fit: 8, efit: 4","fit: 8, efit: 4",,,,0,0,0,0,2,,
2025-12-12 13:14:29,48,19,19,0,"fit: 8, efit: 3","fit: 8, efit: 3",,,,0,0,0,0,2,,
2025-12-12 13:19:29,48,19,19,0,"fit: 8, efit: 2","fit: 8, efit: 2",,,,0,0,0,0,2,,
2025-12-12 14:01:36,48,19,19,0,"fit: 8, efit: 1","fit: 8, efit: 1",,,,0,0,0,0,2,,
2025-12-12 14:14:37,48,19,19,0,fit: 8,fit: 8,,,,0,0,0,0,2,,
2025-12-12 14:44:41,48,19,19,0,fit: 7,fit: 7,,,,0,0,0,0,2,,
2025-12-12 14:47:36,48,19,19,0,fit: 8,fit: 8,,,,0,0,0,0,2,,
2025-12-12 15:39:49,48,19,19,0,fit: 7,fit: 7,,,,0,0,0,0,2,,
2025-12-12 15:44:50,48,19,19,0,"fit: 7, efit: 1","fit: 7, efit: 1",,,,0,0,0,0,2,,
2025-12-12 16:12:48,48,19,19,0,fit: 7,fit: 7,,,,0,0,0,0,2,,
2025-12-12 16:17:49,48,19,19,0,fit: 6,fit: 6,,,,0,0,0,0,2,,
2025-12-12 16:27:51,48,19,19,0,fit: 5,fit: 5,,,,0,0,0,0,2,,
2025-12-12 16:29:56,48,19,19,0,"fit: 5, efit: 1","fit: 5, efit: 1",,,,0,0,0,0,2,,
2025-12-12 16:32:51,48,19,19,0,"fit: 6, efit: 1","fit: 6, efit: 1",,,,0,0,0,0,2,,
2025-12-12 16:49:59,48,19,19,0,"fit: 6, efit: 2","fit: 6, efit: 2",,,,0,0,0,0,2,,
2025-12-12 16:52:55,48,19,19,0,"fit: 7, efit: 2","fit: 7, efit: 2",,,,0,0,0,0,2,,
2025-12-12 17:20:04,48,19,19,0,"fit: 7, efit: 1","fit: 7, efit: 1",,,,0,0,0,0,2,,
2025-12-12 17:23:00,48,19,19,0,"fit: 7, efit: 2","fit: 7, efit: 2",,,,0,0,0,0,2,,
2025-12-12 17:28:01,48,19,19,0,"fit: 7, efit: 3","fit: 7, efit: 3",,,,0,0,0,0,2,,
2025-12-12 17:30:06,48,19,19,0,"fit: 7, efit: 2","fit: 7, efit: 2",,,,0,0,0,0,2,,
2025-12-12 17:33:02,48,19,19,0,"fit: 7, efit: 3","fit: 7, efit: 3",,,,0,0,0,0,2,,
2025-12-12 17:35:06,48,19,19,0,"fit: 7, efit: 4","fit: 7, efit: 4",,,,0,0,0,0,2,,
2025-12-12 17:53:05,48,19,19,0,"fit: 7, efit: 2","fit: 7, efit: 2",,,,0,0,0,0,2,,
2025-12-12 18:23:10,48,19,19,0,"fit: 7, efit: 3","fit: 7, efit: 3",,,,0,0,0,0,2,,
2025-12-12 18:50:17,48,19,19,0,"fit: 7, efit: 2","fit: 7, efit: 2",,,,0,0,0,0,2,,
2025-12-12 18:53:32,48,19,19,0,"fit: 7, efit: 3","fit: 7, efit: 3",,,,0,0,0,0,2,,
2025-12-12 19:38:22,48,19,19,0,"fit: 7, efit: 4","fit: 7, efit: 4",,,,0,0,0,0,2,,
2025-12-12 20:00:27,48,19,19,0,"fit: 7, efit: 5","fit: 7, efit: 5",,,,0,0,0,0,2,,
2025-12-12 20:05:28,48,19,19,0,"fit: 7, efit: 6","fit: 7, efit: 6",,,,0,0,0,0,2,,
2025-12-12 20:08:27,48,19,19,0,"fit: 7, efit: 5","fit: 7, efit: 5",,,,0,0,0,0,2,,
2025-12-12 20:10:29,48,19,19,0,"fit: 7, efit: 6","fit: 7, efit: 6",,,,0,0,0,0,2,,
2025-12-12 20:13:28,48,19,19,0,"fit: 8, efit: 6","fit: 8, efit: 6",,,,0,0,0,0,2,,
2025-12-12 20:28:31,48,19,19,0,"fit: 8, efit: 5","fit: 8, efit: 5",,,,0,0,0,0,2,,
2025-12-12 21:03:36,48,19,19,0,"fit: 8, efit: 6","fit: 8, efit: 6",,,,0,0,0,0,2,,
2025-12-12 21:28:41,48,19,19,0,"fit: 8, efit: 7","fit: 8, efit: 7",,,,0,0,0,0,2,,
2025-12-12 22:03:46,48,19,19,0,"fit: 8, efit: 6","fit: 8, efit: 6",,,,0,0,0,0,2,,
2025-12-12 22:08:47,48,19,19,0,"fit: 9, efit: 6","fit: 9, efit: 6",,,,0,0,0,0,2,,
2025-12-12 22:58:56,48,19,19,0,"fit: 9, efit: 7","fit: 9, efit: 7",,,,0,0,0,0,2,,
2025-12-12 23:13:58,48,19,19,0,"fit: 9, efit: 6","fit: 9, efit: 6",,,,0,0,0,0,2,,
2025-12-12 23:24:00,48,19,19,0,"fit: 9, efit: 5","fit: 9, efit: 5",,,,0,0,0,0,2,,
2025-12-12 23:29:01,48,19,19,0,"fit: 9, efit: 6","fit: 9, efit: 6",,,,0,0,0,0,2,,
2025-12-12 23:34:40,48,19,19,0,"fit: 9, efit: 5","fit: 9, efit: 5",,,,0,0,0,0,2,,
2025-12-12 23:40:58,48,19,19,0,"fit: 10, efit: 4","fit: 10, efit: 4",,,,0,0,0,0,2,,
2025-12-13 00:01:01,48,19,19,0,"fit: 10, efit: 4","fit: 10, efit: 4",,,,0,0,0,0,2,,
2025-12-13 04:51:42,48,19,19,0,"fit: 10, efit: 5","fit: 10, efit: 5",,,,0,0,0,0,2,,
2025-12-13 07:15:20,48,19,19,0,"fit: 10, efit: 4","fit: 10, efit: 4",,,,0,0,0,0,2,,
2025-12-13 08:20:30,48,19,19,0,"fit: 10, efit: 3","fit: 10, efit: 3",,,,0,0,0,0,2,,
2025-12-13 08:45:35,48,19,19,0,"fit: 11, efit: 3","fit: 11, efit: 3",,,,0,0,0,0,2,,
2025-12-13 08:46:54,48,19,19,0,"fit: 11, efit: 2","fit: 11, efit: 2",,,,0,0,0,0,2,,
2025-12-13 08:56:56,48,19,19,0,"fit: 11, efit: 3","fit: 11, efit: 3",,,,0,0,0,0,2,,
2025-12-13 10:00:47,48,19,19,0,"fit: 11, efit: 1","fit: 11, efit: 1",,,,0,0,0,0,2,,
2025-12-13 10:25:51,48,19,19,0,fit: 11,fit: 11,,,,0,0,0,0,2,,
2025-12-13 11:51:06,48,19,19,0,fit: 10,fit: 10,,,,0,0,0,0,2,,
2025-12-13 12:07:43,48,19,19,0,fit: 9,fit: 9,,,,0,0,0,0,2,,
2025-12-13 12:11:09,48,19,19,0,fit: 8,fit: 8,,,,0,0,0,0,2,,
2025-12-13 12:12:44,48,19,19,0,"fit: 8, efit: 1","fit: 8, efit: 1",,,,0,0,0,0,2,,
2025-12-13 12:31:13,48,19,19,0,fit: 8,fit: 8,,,,0,0,0,0,2,,
2025-12-13 12:37:47,48,19,19,0,fit: 7,fit: 7,,,,0,0,0,0,2,,
2025-12-13 13:07:51,48,19,19,0,fit: 6,fit: 6,,,,0,0,0,0,2,,
2025-12-13 13:11:20,48,19,19,0,fit: 7,fit: 7,,,,0,0,0,0,2,,
2025-12-13 13:42:56,48,19,19,0,fit: 6,fit: 6,,,,0,0,0,0,2,,
2025-12-13 13:51:26,48,19,19,0,fit: 5,fit: 5,,,,0,0,0,0,2,,
2025-12-13 14:11:30,48,19,19,0,"fit: 5, efit: 1","fit: 5, efit: 1",,,,0,0,0,0,2,,
2025-12-13 14:51:36,48,19,19,0,"fit: 5, efit: 2","fit: 5, efit: 2",,,,0,0,0,0,2,,
2025-12-13 16:03:16,48,19,19,0,"fit: 5, efit: 1","fit: 5, efit: 1",,,,0,0,0,0,2,,
2025-12-13 16:11:50,48,19,19,0,"fit: 5, efit: 2","fit: 5, efit: 2",,,,0,0,0,0,2,,
2025-12-13 16:13:41,48,19,19,0,"fit: 5, efit: 3","fit: 5, efit: 3",,,,0,0,0,0,2,,
2025-12-13 16:26:52,48,19,19,0,"fit: 5, efit: 2","fit: 5, efit: 2",,,,0,0,0,0,2,,
2025-12-13 17:37:04,48,19,19,0,"fit: 5, efit: 3","fit: 5, efit: 3",,,,0,0,0,0,2,,
2025-12-13 17:47:05,48,19,19,0,"fit: 5, efit: 2","fit: 5, efit: 2",,,,0,0,0,0,2,,
2025-12-13 19:12:20,48,19,19,0,"fit: 5, efit: 1","fit: 5, efit: 1",,,,0,0,0,0,2,,
2025-12-13 19:13:42,48,19,19,0,"fit: 5, efit: 2","fit: 5, efit: 2",,,,0,0,0,0,2,,
2025-12-13 19:42:24,48,19,19,0,"fit: 5, efit: 1","fit: 5, efit: 1",,,,0,0,0,0,2,,
2025-12-13 20:09:37,48,19,19,0,"fit: 5, efit: 2","fit: 5, efit: 2",,,,0,0,0,0,2,,
2025-12-13 20:37:34,48,19,19,0,"fit: 5, efit: 1","fit: 5, efit: 1",,,,0,0,0,0,2,,
2025-12-13 20:48:56,48,19,19,0,"fit: 5, efit: 2","fit: 5, efit: 2",,,,0,0,0,0,2,,
2025-12-13 22:02:48,48,19,19,0,"fit: 5, efit: 3","fit: 5, efit: 3",,,,0,0,0,0,2,,
2025-12-14 00:00:34,48,19,19,0,"fit: 5, efit: 3","fit: 5, efit: 3",,,,0,0,0,0,2,,
2025-12-14 01:19:34,48,19,19,0,"fit: 5, efit: 4","fit: 5, efit: 4",,,,0,0,0,0,2,,
2025-12-14 06:25:17,48,19,19,0,"fit: 4, efit: 4","fit: 4, efit: 4",,,,0,0,0,0,2,,
2025-12-14 11:13:14,48,19,19,0,"fit: 4, efit: 5","fit: 4, efit: 5",,,,0,0,0,0,2,,
2025-12-14 14:13:58,48,19,19,0,"fit: 4, efit: 4","fit: 4, efit: 4",,,,0,0,0,0,2,,
2025-12-14 17:21:01,48,19,19,0,"fit: 4, efit: 3","fit: 4, efit: 3",,,,0,0,0,0,2,,
2025-12-14 19:55:20,48,19,19,0,"fit: 4, efit: 4","fit: 4, efit: 3",,,,0,0,0,0,2,,
2025-12-14 21:05:37,48,19,19,0,"fit: 4, efit: 6","fit: 4, efit: 5",,,,0,0,0,0,2,,
2025-12-15 00:01:19,48,19,19,0,"fit: 4, efit: 6","fit: 4, efit: 5",,,,0,0,0,0,2,,
2025-12-15 00:21:24,48,19,19,0,"fit: 4, efit: 7","fit: 4, efit: 6",,,,0,0,0,0,2,,
2025-12-15 08:53:27,48,19,19,0,"fit: 4, efit: 6","fit: 4, efit: 5",,,,0,0,0,0,2,,
2025-12-15 11:24:21,48,19,19,0,"fit: 4, efit: 5","fit: 4, efit: 4",,,,0,0,0,0,2,,
2025-12-15 15:19:38,48,19,19,0,,,,,,0,0,0,0,2,,
2025-12-15 15:35:34,48,19,19,0,"fit: 4, efit: 4","fit: 4, efit: 4",,,,0,0,0,0,2,,
2025-12-15 15:37:09,48,19,19,0,"fit: 4, efit: 5","fit: 4, efit: 5",,,,0,0,0,0,2,,
2025-12-15 16:45:49,48,19,19,0,"fit: 4, efit: 4","fit: 4, efit: 4",,,,0,0,0,0,2,,
2025-12-15 17:02:36,48,19,19,0,"fit: 4, efit: 3","fit: 4, efit: 3",,,,0,0,0,0,2,,
2025-12-15 17:42:43,48,19,19,0,"fit: 4, efit: 4","fit: 4, efit: 4",,,,0,0,0,0,2,,
2025-12-15 17:51:02,48,19,19,0,"fit: 4, efit: 3","fit: 4, efit: 3",,,,0,0,0,0,2,,
2025-12-15 20:31:28,48,19,19,0,"fit: 4, efit: 4","fit: 4, efit: 4",,,,0,0,0,0,2,,
2025-12-15 20:51:31,48,19,19,0,"fit: 4, efit: 5","fit: 4, efit: 4",,,,0,0,0,0,2,,
2025-12-15 22:06:43,48,19,19,0,"fit: 4, efit: 5","fit: 4, efit: 5",,,,0,0,0,0,2,,
2025-12-15 23:46:59,48,19,19,0,"fit: 4, efit: 6","fit: 4, efit: 6",,,,0,0,0,0,2,,
2025-12-16 00:02:02,48,19,19,0,"fit: 4, efit: 6","fit: 4, efit: 6",,,,0,0,0,0,2,,
2025-12-16 08:10:12,48,19,19,0,"fit: 4, efit: 7","fit: 4, efit: 7",,,,0,0,0,0,2,,
2025-12-16 08:53:24,48,19,19,0,"fit: 4, efit: 6","fit: 4, efit: 6",,,,0,0,0,0,2,,
2025-12-16 09:10:23,48,19,19,0,"fit: 4, efit: 5","fit: 4, efit: 5",,,,0,0,0,0,2,,
2025-12-16 09:18:28,48,19,19,0,"fit: 4, efit: 6","fit: 4, efit: 6",,,,0,0,0,0,2,,
2025-12-16 09:23:28,48,19,19,0,"fit: 5, efit: 5","fit: 5, efit: 5",,,,0,0,0,0,2,,
2025-12-16 10:25:36,48,19,19,0,"fit: 5, efit: 4","fit: 5, efit: 4",,,,0,0,0,0,2,,
2025-12-16 10:38:40,48,19,19,0,"fit: 5, efit: 3","fit: 5, efit: 3",,,,0,0,0,0,2,,
2025-12-16 12:29:42,48,19,19,0,"fit: 5, efit: 3","fit: 5, efit: 2",,,,0,0,0,0,2,,
2025-12-16 15:01:23,48,19,19,0,"fit: 5, efit: 4","fit: 5, efit: 3",,,,0,0,0,0,2,,
2025-12-16 16:16:36,48,19,19,0,"fit: 5, efit: 5","fit: 5, efit: 4",,,,0,0,0,0,2,,
2025-12-16 16:49:39,48,19,19,0,"fit: 5, efit: 6","fit: 5, efit: 5",,,,0,0,0,0,2,,
2025-12-16 16:51:42,48,19,19,0,"fit: 5, efit: 5","fit: 5, efit: 4",,,,0,0,0,0,2,,
2025-12-16 17:14:43,48,19,19,0,"fit: 5, efit: 4","fit: 5, efit: 3",,,,0,0,0,0,2,,
2025-12-16 18:19:53,48,19,19,0,"fit: 5, efit: 5","fit: 5, efit: 4",,,,0,0,0,0,2,,
2025-12-16 18:24:54,48,19,19,0,"fit: 5, efit: 4","fit: 5, efit: 3",,,,0,0,0,0,2,,
2025-12-16 19:35:05,48,19,19,0,"fit: 5, efit: 5","fit: 5, efit: 4",,,,0,0,0,0,2,,
2025-12-16 21:16:30,48,19,19,0,"fit: 5, efit: 6","fit: 5, efit: 5",,,,0,0,0,0,2,,
2025-12-16 21:35:24,48,19,19,0,"fit: 5, efit: 7","fit: 5, efit: 6",,,,0,0,0,0,2,,
2025-12-16 21:55:27,48,19,19,0,"fit: 5, efit: 6","fit: 5, efit: 5",,,,0,0,0,0,2,,
2025-12-17 00:00:47,48,19,19,0,"fit: 5, efit: 6","fit: 5, efit: 5",,,,0,0,0,0,2,,
2025-12-17 00:15:50,48,19,19,0,"fit: 5, efit: 7","fit: 5, efit: 6",,,,0,0,0,0,2,,
2025-12-17 02:33:20,48,19,19,0,"fit: 5, efit: 7","fit: 5, efit: 5",,,,0,0,0,0,2,,
2025-12-17 08:42:09,48,19,19,0,"fit: 5, efit: 6","fit: 5, efit: 4",,,,0,0,0,0,2,,
2025-12-17 08:43:47,48,19,19,0,"fit: 5, efit: 5","fit: 5, efit: 4",,,,0,0,0,0,2,,
2025-12-17 08:47:10,48,19,19,0,"fit: 5, efit: 6","fit: 5, efit: 5",,,,0,0,0,0,2,,
2025-12-17 08:52:11,48,19,19,0,"fit: 5, efit: 5","fit: 5, efit: 5",,,,0,0,0,0,2,,
2025-12-17 08:53:49,48,19,19,0,"fit: 5, efit: 6","fit: 5, efit: 6",,,,0,0,0,0,2,,
2025-12-17 09:32:17,48,19,19,0,"fit: 5, efit: 5","fit: 5, efit: 5",,,,0,0,0,0,2,,
2025-12-17 10:47:29,48,19,19,0,"fit: 5, efit: 4","fit: 5, efit: 4",,,,0,0,0,0,2,,
2025-12-17 11:29:20,48,19,19,0,"fit: 5, efit: 3","fit: 5, efit: 3",,,,0,0,0,0,2,,
2025-12-17 11:32:37,48,19,19,0,"fit: 5, efit: 4","fit: 5, efit: 4",,,,0,0,0,0,2,,
2025-12-17 12:39:35,48,19,19,0,"fit: 5, efit: 3","fit: 5, efit: 3",,,,0,0,0,0,2,,
2025-12-17 13:37:57,48,19,19,0,"fit: 5, efit: 4","fit: 5, efit: 3",,,,0,0,0,0,2,,
2025-12-17 13:44:48,48,19,19,0,"fit: 5, efit: 5","fit: 5, efit: 4",,,,0,0,0,0,2,,
2025-12-17 13:55:17,48,19,19,0,"fit: 5, efit: 4","fit: 5, efit: 3",,,,0,0,0,0,2,,
2025-12-17 15:13:12,48,19,19,0,"fit: 5, efit: 5","fit: 5, efit: 4",,,,0,0,0,0,2,,
2025-12-17 16:48:26,48,19,19,0,"fit: 5, efit: 4","fit: 5, efit: 3",,,,0,0,0,0,2,,
2025-12-17 17:00:28,48,19,19,0,"fit: 5, efit: 5","fit: 5, efit: 4",,,,0,0,0,0,2,,
2025-12-17 17:08:30,48,19,19,0,"fit: 5, efit: 4","fit: 5, efit: 3",,,,0,0,0,0,2,,
2025-12-17 17:23:32,48,19,19,0,"fit: 5, efit: 5","fit: 5, efit: 4",,,,0,0,0,0,2,,
2025-12-17 17:35:35,48,19,19,0,"fit: 5, efit: 4","fit: 5, efit: 3",,,,0,0,0,0,2,,
2025-12-17 17:50:38,48,19,19,0,"fit: 5, efit: 3","fit: 5, efit: 2",,,,0,0,0,0,2,,
2025-12-17 18:03:38,48,19,19,0,"fit: 5, efit: 4","fit: 5, efit: 3",,,,0,0,0,0,2,,
2025-12-17 18:05:42,48,19,19,0,"fit: 5, efit: 4","fit: 5, efit: 2",,,,0,0,0,0,2,,
2025-12-17 18:08:39,48,19,19,0,"fit: 5, efit: 5","fit: 5, efit: 3",,,,0,0,0,0,2,,
2025-12-17 18:23:41,48,19,19,0,"fit: 5, efit: 4","fit: 5, efit: 2",,,,0,0,0,0,2,,
2025-12-17 19:23:50,48,19,19,0,"fit: 5, efit: 5","fit: 5, efit: 3",,,,0,0,0,0,2,,
2025-12-17 20:31:11,48,19,19,0,"fit: 5, efit: 6","fit: 5, efit: 4",,,,0,0,0,0,2,,
2025-12-17 21:31:23,48,19,19,0,"fit: 5, efit: 7","fit: 5, efit: 5",,,,0,0,0,0,2,,
2025-12-17 22:36:36,48,19,19,0,"fit: 5, efit: 6","fit: 5, efit: 4",,,,0,0,0,0,2,,
2025-12-17 23:01:41,48,19,19,0,"fit: 5, efit: 7","fit: 5, efit: 5",,,,0,0,0,0,2,,
2025-12-17 23:51:51,48,19,19,0,"fit: 5, efit: 6","fit: 5, efit: 4",,,,0,0,0,0,2,,
2025-12-18 00:01:53,48,19,19,0,"fit: 5, efit: 6","fit: 5, efit: 4",,,,0,0,0,0,2,,
2025-12-18 07:58:17,48,19,19,0,"fit: 5, efit: 5","fit: 5, efit: 3",,,,0,0,0,0,2,,
2025-12-18 08:40:52,48,19,19,0,"fit: 5, efit: 4","fit: 5, efit: 2",,,,0,0,0,0,2,,
2025-12-18 08:45:53,48,19,19,0,"fit: 5, efit: 5","fit: 5, efit: 3",,,,0,0,0,0,2,,
2025-12-18 09:51:03,48,19,19,0,"fit: 5, efit: 4","fit: 5, efit: 2",,,,0,0,0,0,2,,
2025-12-18 09:53:38,48,19,19,0,"fit: 5, efit: 5","fit: 5, efit: 5",,,,0,0,0,0,2,,
2025-12-18 09:56:04,48,19,19,0,"fit: 5, efit: 6","fit: 5, efit: 6",,,,0,0,0,0,2,,
2025-12-18 10:03:39,48,19,19,0,"fit: 5, efit: 5","fit: 5, efit: 5",,,,0,0,0,0,2,,
2025-12-18 10:06:06,48,19,19,0,"fit: 5, efit: 4","fit: 5, efit: 4",,,,0,0,0,0,2,,
2025-12-18 10:28:43,48,19,19,0,"fit: 5, efit: 3","fit: 5, efit: 3",,,,0,0,0,0,2,,
2025-12-18 11:46:21,48,19,19,0,"fit: 5, efit: 1","fit: 5, efit: 1",,,,0,0,0,0,2,,
2025-12-18 12:06:24,48,19,19,0,"fit: 5, efit: 2","fit: 5, efit: 2",,,,0,0,0,0,2,,
2025-12-18 12:24:16,48,19,19,0,"fit: 5, efit: 1","fit: 5, efit: 1",,,,0,0,0,0,2,,
2025-12-18 12:46:30,48,19,19,0,fit: 5,fit: 5,,,,0,0,0,0,2,,
2025-12-18 12:56:31,48,19,19,0,fit: 4,fit: 4,,,,0,0,0,0,2,,
2025-12-18 13:29:15,48,19,19,0,"fit: 4, efit: 1","fit: 4, efit: 1",,,,0,0,0,0,2,,
2025-12-18 15:44:38,48,19,19,0,"fit: 4, efit: 2","fit: 4, efit: 2",,,,0,0,0,0,2,,
2025-12-18 15:51:58,48,19,19,0,"fit: 4, efit: 1","fit: 4, efit: 1",,,,0,0,0,0,2,,
2025-12-18 15:54:39,48,19,19,0,"fit: 4, efit: 2","fit: 4, efit: 2",,,,0,0,0,0,2,,
2025-12-18 16:34:46,48,19,19,0,"fit: 4, efit: 3","fit: 4, efit: 3",,,,0,0,0,0,2,,
2025-12-18 16:35:08,48,19,19,0,"fit: 4, efit: 4","fit: 4, efit: 4",,,,0,0,0,0,2,,
2025-12-18 16:39:47,48,19,19,0,"fit: 4, efit: 5","fit: 4, efit: 5",,,,0,0,0,0,2,,
2025-12-18 16:45:10,48,19,19,0,"fit: 4, efit: 4","fit: 4, efit: 4",,,,0,0,0,0,2,,
2025-12-18 17:10:15,48,19,19,0,"fit: 4, efit: 3","fit: 4, efit: 3",,,,0,0,0,0,2,,
2025-12-18 17:24:54,48,19,19,0,"fit: 4, efit: 2","fit: 4, efit: 2",,,,0,0,0,0,2,,
2025-12-18 18:10:03,48,19,19,0,"fit: 4, efit: 1","fit: 4, efit: 1",,,,0,0,0,0,2,,
2025-12-18 18:25:05,48,19,19,0,fit: 4,fit: 4,,,,0,0,0,0,2,,
2025-12-18 19:02:27,48,19,19,0,"fit: 4, efit: 1","fit: 4, efit: 1",,,,0,0,0,0,2,,
2025-12-18 19:30:16,48,19,19,0,"fit: 4, efit: 2","fit: 4, efit: 2",,,,0,0,0,0,2,,
2025-12-18 19:47:35,48,19,19,0,"fit: 4, efit: 1","fit: 4, efit: 1",,,,0,0,0,0,2,,
2025-12-18 20:37:42,48,19,19,0,"fit: 4, efit: 2","fit: 4, efit: 2",,,,0,0,0,0,2,,
2025-12-18 21:21:07,48,19,19,0,"fit: 4, efit: 3","fit: 4, efit: 3",,,,0,0,0,0,2,,
2025-12-18 21:27:50,48,19,19,0,"fit: 4, efit: 4","fit: 4, efit: 4",,,,0,0,0,0,2,,
2025-12-18 22:35:49,48,19,19,0,"fit: 4, efit: 3","fit: 4, efit: 3",,,,0,0,0,0,2,,
2025-12-19 00:01:04,48,19,19,0,"fit: 4, efit: 3","fit: 4, efit: 3",,,,0,0,0,0,2,,
2025-12-19 00:21:07,48,19,19,0,"fit: 4, efit: 2","fit: 4, efit: 2",,,,0,0,0,0,2,,
2025-12-19 00:43:20,48,19,19,0,"fit: 4, efit: 3","fit: 4, efit: 3",,,,0,0,0,0,2,,
2025-12-19 06:39:14,48,19,19,0,"fit: 4, efit: 4","fit: 4, efit: 4",,,,0,0,0,0,2,,
2025-12-19 07:52:23,48,19,19,0,"fit: 4, efit: 3","fit: 4, efit: 3",,,,0,0,0,0,2,,
2025-12-19 08:18:21,48,19,19,0,"fit: 4, efit: 2","fit: 4, efit: 2",,,,0,0,0,0,2,,
2025-12-19 08:22:28,48,19,19,0,"fit: 5, efit: 1","fit: 5, efit: 1",,,,0,0,0,0,2,,
2025-12-19 08:27:29,48,19,19,0,fit: 5,fit: 5,,,,0,0,0,0,2,,
2025-12-19 13:04:18,48,19,19,0,fit: 4,fit: 4,,,,0,0,0,0,2,,
2025-12-19 13:05:13,48,19,19,0,fit: 6,fit: 6,,,,0,0,0,0,2,,
2025-12-19 13:08:15,48,19,19,0,"fit: 9, efit: 1","fit: 9, efit: 1",,,,0,0,0,0,2,,
2025-12-19 16:18:46,48,19,19,0,fit: 9,fit: 9,,,,0,0,0,0,2,,
2025-12-19 17:38:59,48,19,19,0,fit: 10,fit: 10,,,,0,0,0,0,2,,
2025-12-19 21:24:36,48,19,19,0,fit: 9,fit: 9,,,,0,0,0,0,2,,
2025-12-19 21:29:36,48,19,19,0,fit: 10,fit: 10,,,,0,0,0,0,2,,
2025-12-19 22:19:45,48,19,19,0,"fit: 10, efit: 1","fit: 10, efit: 1",,,,0,0,0,0,2,,
2025-12-19 22:21:10,48,19,19,0,"fit: 10, efit: 2","fit: 10, efit: 2",,,,0,0,0,0,2,,
2025-12-19 23:14:54,48,19,19,0,"fit: 10, efit: 1","fit: 10, efit: 1",,,,0,0,0,0,2,,
2025-12-20 00:00:01,48,19,19,0,"fit: 10, efit: 1","fit: 10, efit: 1",,,,0,0,0,0,2,,
2025-12-20 02:05:21,48,19,19,0,"fit: 9, efit: 1","fit: 9, efit: 1",,,,0,0,0,0,2,,
2025-12-20 06:41:06,48,19,19,0,fit: 10,fit: 10,,,,0,0,0,0,2,,
2025-12-20 08:03:05,48,19,19,0,"fit: 10, efit: 1","fit: 10, efit: 1",,,,0,0,0,0,2,,
2025-12-20 11:18:35,48,19,19,0,fit: 10,fit: 10,,,,0,0,0,0,2,,
2025-12-20 11:48:40,48,19,19,0,"fit: 10, efit: 1","fit: 10, efit: 1",,,,0,0,0,0,2,,
2025-12-20 12:22:02,48,19,19,0,fit: 10,fit: 10,,,,0,0,0,0,2,,
2025-12-20 13:02:09,48,19,19,0,"fit: 10, efit: 1","fit: 10, efit: 1",,,,0,0,0,0,2,,
2025-12-20 13:17:12,48,19,19,0,"fit: 10, efit: 2","fit: 10, efit: 2",,,,0,0,0,0,2,,
2025-12-20 14:22:22,48,19,19,0,"fit: 10, efit: 1","fit: 10, efit: 1",,,,0,0,0,0,2,,
2025-12-20 15:09:10,48,19,19,0,"fit: 11, efit: 1","fit: 11, efit: 1",,,,0,0,0,0,2,,
2025-12-20 15:52:37,48,19,19,0,"fit: 11, efit: 2","fit: 11, efit: 2",,,,0,0,0,0,2,,
2025-12-20 16:27:43,48,19,19,0,"fit: 11, efit: 1","fit: 11, efit: 1",,,,0,0,0,0,2,,
2025-12-20 18:53:07,48,19,19,0,fit: 11,fit: 11,,,,0,0,0,0,2,,
2025-12-20 20:09:56,48,19,19,0,fit: 10,fit: 10,,,,0,0,0,0,2,,
2025-12-20 20:33:23,48,19,19,0,"fit: 10, efit: 1","fit: 10, efit: 1",,,,0,0,0,0,2,,
2025-12-21 00:00:31,48,19,19,0,"fit: 10, efit: 1","fit: 10, efit: 1",,,,0,0,0,0,2,,
2025-12-21 07:20:06,48,19,19,0,fit: 10,fit: 10,,,,0,0,0,0,2,,
2025-12-21 13:41:09,48,19,19,0,"fit: 10, efit: 1","fit: 10, efit: 1",,,,0,0,0,0,2,,
2025-12-21 13:56:11,48,19,19,0,fit: 10,fit: 10,,,,0,0,0,0,2,,
2025-12-21 14:56:22,48,19,19,0,"fit: 10, efit: 1","fit: 10, efit: 1",,,,0,0,0,0,2,,
2025-12-21 14:57:45,48,19,19,0,fit: 10,fit: 10,,,,0,0,0,0,2,,
2025-12-21 15:02:46,48,19,19,0,fit: 9,fit: 9,,,,0,0,0,0,2,,
2025-12-21 15:14:18,48,19,19,0,"fit: 9, efit: 1","fit: 9, efit: 1",,,,0,0,0,0,2,,
2025-12-21 15:21:26,48,19,19,0,fit: 9,fit: 9,,,,0,0,0,0,2,,
2025-12-21 16:11:34,48,19,19,0,"fit: 9, efit: 1","fit: 9, efit: 1",,,,0,0,0,0,2,,
2025-12-21 16:26:36,48,19,19,0,fit: 9,fit: 9,,,,0,0,0,0,2,,
2025-12-21 16:34:34,48,19,19,0,fit: 8,fit: 8,,,,0,0,0,0,2,,
2025-12-21 17:39:47,48,19,19,0,fit: 7,fit: 7,,,,0,0,0,0,2,,
2025-12-21 18:03:13,48,19,19,0,"fit: 7, efit: 1","fit: 7, efit: 1",,,,0,0,0,0,2,,
2025-12-21 18:14:54,48,19,19,0,"fit: 7, efit: 2","fit: 7, efit: 2",,,,0,0,0,0,2,,
2025-12-21 19:55:15,48,19,19,0,"fit: 7, efit: 3","fit: 7, efit: 3",,,,0,0,0,0,2,,
2025-12-21 21:35:35,48,19,19,0,"fit: 7, efit: 2","fit: 7, efit: 2",,,,0,0,0,0,2,,
2025-12-21 22:33:54,48,19,19,0,"fit: 7, efit: 1","fit: 7, efit: 1",,,,0,0,0,0,2,,
2025-12-22 00:01:04,48,19,19,0,"fit: 7, efit: 1","fit: 7, efit: 1",,,,0,0,0,0,2,,
2025-12-22 10:28:11,48,19,19,0,fit: 7,fit: 7,,,,0,0,0,0,2,,
2025-12-22 12:48:39,48,19,19,0,fit: 6,fit: 6,,,,0,0,0,0,2,,
2025-12-22 13:43:50,48,19,19,0,"fit: 6, efit: 1","fit: 6, efit: 1",,,,0,0,0,0,2,,
2025-12-22 16:05:28,48,19,19,0,fit: 6,fit: 6,,,,0,0,0,0,2,,
2025-12-22 16:14:21,48,19,19,0,"fit: 6, efit: 1","fit: 6, efit: 1",,,,0,0,0,0,2,,
2025-12-22 17:04:32,48,19,19,0,"fit: 6, efit: 2","fit: 6, efit: 2",,,,0,0,0,0,2,,
2025-12-22 17:14:34,48,19,19,0,"fit: 6, efit: 1","fit: 6, efit: 1",,,,0,0,0,0,2,,
2025-12-22 17:34:38,48,19,19,0,"fit: 6, efit: 2","fit: 6, efit: 2",,,,0,0,0,0,2,,
2025-12-22 17:59:43,48,19,19,0,"fit: 6, efit: 1","fit: 6, efit: 1",,,,0,0,0,0,2,,
2025-12-22 19:02:03,48,19,19,0,fit: 6,fit: 6,,,,0,0,0,0,2,,
2025-12-22 19:19:59,48,19,19,0,"fit: 6, efit: 1","fit: 6, efit: 1",,,,0,0,0,0,2,,
2025-12-22 20:05:08,48,19,19,0,fit: 5,fit: 5,,,,0,0,0,0,2,,
2025-12-22 21:15:22,48,19,19,0,"fit: 5, efit: 1","fit: 5, efit: 1",,,,0,0,0,0,2,,
2025-12-23 00:00:55,48,19,19,0,"fit: 5, efit: 1","fit: 5, efit: 1",,,,0,0,0,0,2,,
2025-12-23 09:32:50,48,19,19,0,fit: 5,fit: 5,,,,0,0,0,0,2,,
2025-12-23 11:38:15,48,19,19,0,"fit: 5, efit: 1","fit: 5, efit: 1",,,,0,0,0,0,2,,
2025-12-23 12:03:44,48,19,19,0,"fit: 5, efit: 2","fit: 5, efit: 2",,,,0,0,0,0,2,,
2025-12-23 12:48:29,48,19,19,0,"fit: 5, efit: 1","fit: 5, efit: 1",,,,0,0,0,0,2,,
2025-12-23 12:58:53,48,19,19,0,fit: 5,fit: 5,,,,0,0,0,0,2,,
2025-12-23 15:15:06,48,19,19,0,fit: 4,fit: 4,,,,0,0,0,0,2,,
2025-12-23 17:09:22,48,19,19,0,"fit: 4, efit: 1","fit: 4, efit: 1",,,,0,0,0,0,2,,
2025-12-23 19:09:46,48,19,19,0,"fit: 4, efit: 2","fit: 4, efit: 2",,,,0,0,0,0,2,,
2025-12-23 19:14:47,48,19,19,0,"fit: 4, efit: 1","fit: 4, efit: 1",,,,0,0,0,0,2,,
2025-12-23 21:10:10,48,19,19,0,"fit: 4, efit: 2","fit: 4, efit: 2",,,,0,0,0,0,2,,
2025-12-24 00:00:37,48,19,19,0,"fit: 4, efit: 2","fit: 4, efit: 2",,,,0,0,0,0,2,,
2025-12-24 09:52:37,48,19,19,0,"fit: 4, efit: 1","fit: 4, efit: 1",,,,0,0,0,0,2,,
2025-12-24 10:12:15,48,19,19,0,fit: 4,fit: 4,,,,0,0,0,0,2,,
2025-12-24 13:22:45,48,19,19,0,fit: 3,fit: 3,,,,0,0,0,0,2,,
2025-12-24 13:57:51,48,19,19,0,"fit: 3, efit: 1","fit: 3, efit: 1",,,,0,0,0,0,2,,
2025-12-24 14:07:53,48,19,19,0,fit: 3,fit: 3,,,,0,0,0,0,2,,
2025-12-24 17:38:27,48,19,19,0,"fit: 3, efit: 1","fit: 3, efit: 1",,,,0,0,0,0,2,,
2025-12-24 18:03:31,48,19,19,0,fit: 3,fit: 3,,,,0,0,0,0,2,,
2025-12-24 18:23:35,48,19,19,0,"fit: 3, efit: 1","fit: 3, efit: 1",,,,0,0,0,0,2,,
2025-12-24 19:39:32,48,19,19,0,"fit: 3, efit: 2","fit: 3, efit: 2",,,,0,0,0,0,2,,
2025-12-25 00:00:25,48,19,19,0,"fit: 3, efit: 2","fit: 3, efit: 2",,,,0,0,0,0,2,,
2025-12-25 11:36:23,48,19,19,0,"fit: 4, efit: 2","fit: 4, efit: 2",,,,0,0,0,0,2,,
2025-12-25 12:16:30,48,19,19,0,fit: 6,fit: 6,,,,0,0,0,0,2,,
2025-12-25 15:47:04,48,19,19,0,"fit: 6, efit: 1","fit: 6, efit: 1",,,,0,0,0,0,2,,
2025-12-25 18:17:28,48,19,19,0,fit: 6,fit: 6,,,,0,0,0,0,2,,
2025-12-25 20:02:45,48,19,19,0,"fit: 6, efit: 1",fit: 6,,,,0,0,0,0,2,,
2025-12-25 20:07:46,48,19,19,0,"fit: 6, efit: 1","fit: 6, efit: 1",,,,0,0,0,0,2,,
2025-12-26 00:00:14,48,19,19,0,"fit: 6, efit: 1","fit: 6, efit: 1",,,,0,0,0,0,2,,
2025-12-26 09:34:58,48,19,19,0,"fit: 6, efit: 2","fit: 6, efit: 2",,,,0,0,0,0,2,,
2025-12-26 11:02:28,48,19,19,0,"fit: 6, efit: 1","fit: 6, efit: 1",,,,0,0,0,0,2,,
2025-12-26 14:55:51,48,19,19,0,fit: 6,fit: 6,,,,0,0,0,0,2,,
2025-12-26 21:01:43,48,19,19,0,fit: 7,fit: 7,,,,0,0,0,0,2,,
2025-12-26 22:24:45,48,19,19,0,fit: 6,fit: 6,,,,0,0,0,0,2,,
2025-12-26 22:39:48,48,19,19,0,fit: 5,fit: 5,,,,0,0,0,0,2,,
2025-12-26 22:51:59,48,19,19,0,"fit: 5, efit: 1","fit: 5, efit: 1",,,,0,0,0,0,2,,
2025-12-27 00:00:05,48,19,19,0,"fit: 5, efit: 1","fit: 5, efit: 1",,,,0,0,0,0,2,,
2025-12-27 08:31:47,48,19,19,0,fit: 5,fit: 5,,,,0,0,0,0,2,,
2025-12-27 09:23:34,48,19,19,0,fit: 4,fit: 4,,,,0,0,0,0,2,,
2025-12-27 09:31:59,48,19,19,0,fit: 4,fit: 3,fit: 1,,,0,0,0,0,2,,
2025-12-27 11:57:29,48,19,19,0,fit: 3,fit: 2,fit: 1,,,0,0,0,0,2,,
2025-12-27 13:19:10,48,19,19,0,"fit: 3, efit: 1","fit: 2, efit: 1",fit: 1,,,0,0,0,0,2,,
2025-12-27 14:02:54,48,19,19,0,"fit: 4, efit: 1","fit: 3, efit: 1",fit: 1,,,0,0,0,0,2,,
2025-12-27 14:22:58,48,19,19,0,"fit: 4, efit: 2","fit: 3, efit: 2",fit: 1,,,0,0,0,0,2,,
2025-12-27 14:49:24,48,19,19,0,"fit: 4, efit: 1","fit: 3, efit: 1",fit: 1,,,0,0,0,0,2,,
2025-12-27 14:53:04,48,19,19,0,"fit: 4, efit: 2","fit: 3, efit: 2",fit: 1,,,0,0,0,0,2,,
2025-12-27 17:43:38,48,19,19,0,"fit: 4, efit: 3","fit: 3, efit: 3",fit: 1,,,0,0,0,0,2,,
2025-12-27 17:53:40,48,19,19,0,"fit: 4, efit: 2","fit: 3, efit: 2",fit: 1,,,0,0,0,0,2,,
2025-12-27 18:13:44,48,19,19,0,"fit: 4, efit: 1","fit: 3, efit: 1",fit: 1,,,0,0,0,0,2,,
2025-12-27 18:34:58,48,19,19,0,fit: 4,fit: 3,fit: 1,,,0,0,0,0,2,,
2025-12-27 20:20:15,48,19,19,0,"fit: 4, efit: 1","fit: 3, efit: 1",fit: 1,,,0,0,0,0,2,,
2025-12-27 22:04:31,48,19,19,0,fit: 4,fit: 3,fit: 1,,,0,0,0,0,2,,
2025-12-27 22:10:32,48,19,19,0,"fit: 4, efit: 1","fit: 3, efit: 1",fit: 1,,,0,0,0,0,2,,
2025-12-27 22:24:35,48,19,19,0,"fit: 4, efit: 2","fit: 3, efit: 2",fit: 1,,,0,0,0,0,2,,
2025-12-28 00:00:49,48,19,19,0,"fit: 4, efit: 2","fit: 3, efit: 2",fit: 1,,,0,0,0,0,2,,
2025-12-28 09:01:44,48,19,19,0,"fit: 4, efit: 1","fit: 3, efit: 1",fit: 1,,,0,0,0,0,2,,
2025-12-28 12:23:12,48,19,19,0,fit: 4,fit: 3,fit: 1,,,0,0,0,0,2,,
2025-12-28 14:22:48,48,19,19,0,"fit: 4, efit: 1","fit: 3, efit: 1",fit: 1,,,0,0,0,0,2,,
2025-12-28 14:28:33,48,19,19,0,fit: 4,fit: 3,fit: 1,,,0,0,0,0,2,,
2025-12-28 14:52:54,48,19,19,0,fit: 4,fit: 4,,,,0,0,0,0,2,,
2025-12-28 16:43:16,48,19,19,0,fit: 3,fit: 3,,,,0,0,0,0,2,,
2025-12-28 17:03:20,48,19,19,0,"fit: 3, efit: 1","fit: 3, efit: 1",,,,0,0,0,0,2,,
2025-12-28 17:18:23,48,19,19,0,"fit: 2, efit: 1","fit: 2, efit: 1",,,,0,0,0,0,2,,
2025-12-28 19:08:39,48,19,19,0,fit: 2,fit: 2,,,,0,0,0,0,2,,
2025-12-28 20:34:33,48,19,19,0,"fit: 2, efit: 1","fit: 2, efit: 1",,,,0,0,0,0,2,,
2025-12-28 22:19:08,48,19,19,0,fit: 2,fit: 2,,,,0,0,0,0,2,,
2025-12-28 22:34:53,48,19,19,0,"fit: 2, efit: 1","fit: 2, efit: 1",,,,0,0,0,0,2,,
2025-12-29 00:00:07,48,19,19,0,"fit: 2, efit: 1","fit: 2, efit: 1",,,,0,0,0,0,2,,
2025-12-29 02:14:43,48,19,19,0,fit: 2,fit: 2,,,,0,0,0,0,2,,
2025-12-29 04:35:04,48,19,19,0,"fit: 2, efit: 2","fit: 2, efit: 2",,,,0,0,0,0,2,,
2025-12-29 10:56:01,48,19,19,0,"fit: 2, efit: 1","fit: 2, efit: 1",,,,0,0,0,0,2,,
2025-12-29 13:36:26,48,19,19,0,"fit: 2, efit: 2","fit: 2, efit: 2",,,,0,0,0,0,2,,
2025-12-29 13:46:27,48,19,19,0,"fit: 3, efit: 2","fit: 3, efit: 2",,,,0,0,0,0,2,,
2025-12-29 13:51:28,48,19,19,0,"fit: 3, efit: 3","fit: 3, efit: 3",,,,0,0,0,0,2,,
2025-12-29 13:56:29,48,19,19,0,"fit: 3, efit: 2","fit: 3, efit: 2",,,,0,0,0,0,2,,
2025-12-29 15:35:06,48,19,19,0,"fit: 3, efit: 3","fit: 3, efit: 3",,,,0,0,0,0,2,,
2025-12-29 19:08:10,48,19,19,0,"fit: 3, efit: 4","fit: 3, efit: 4",,,,0,0,0,0,2,,
2025-12-29 22:48:46,48,19,19,0,"fit: 3, efit: 5","fit: 3, efit: 5",,,,0,0,0,0,2,,
2025-12-30 00:01:25,48,19,19,0,"fit: 3, efit: 5","fit: 3, efit: 5",,,,0,0,0,0,2,,
2025-12-30 09:42:53,48,19,19,0,"fit: 3, efit: 4","fit: 3, efit: 4",,,,0,0,0,0,2,,
2025-12-30 11:05:48,48,19,19,0,"fit: 3, efit: 3","fit: 3, efit: 3",,,,0,0,0,0,2,,
2025-12-30 17:14:03,48,19,19,0,"fit: 3, efit: 2","fit: 3, efit: 2",,,,0,0,0,0,2,,
2025-12-30 18:26:59,48,19,19,0,"fit: 3, efit: 3","fit: 3, efit: 3",,,,0,0,0,0,2,,
2025-12-31 00:00:05,48,19,19,0,"fit: 3, efit: 3","fit: 3, efit: 3",,,,0,0,0,0,2,,
2025-12-31 09:04:21,48,19,19,0,"fit: 3, efit: 2","fit: 3, efit: 2",,,,0,0,0,0,2,,
2025-12-31 09:19:23,48,19,19,0,"fit: 3, efit: 1","fit: 3, efit: 1",,,,0,0,0,0,2,,
2025-12-31 11:36:32,48,19,19,0,fit: 3,fit: 3,,,,0,0,0,0,2,,
2025-12-31 12:01:37,48,19,19,0,fit: 2,fit: 2,,,,0,0,0,0,2,,
2025-12-31 12:31:43,48,19,19,0,"fit: 2, efit: 1","fit: 2, efit: 1",,,,0,0,0,0,2,,
2025-12-31 15:10:23,48,19,19,0,"fit: 2, efit: 2","fit: 2, efit: 2",,,,0,0,0,0,2,,
2025-12-31 15:52:23,48,19,19,0,"fit: 2, efit: 3","fit: 2, efit: 3",,,,0,0,0,0,2,,
2025-12-31 17:55:50,48,19,19,0,"fit: 2, efit: 4","fit: 2, efit: 4",,,,0,0,0,0,2,,
2026-01-01 00:01:50,48,19,19,0,"fit: 2, efit: 4","fit: 2, efit: 4",,,,0,0,0,0,2,,
2026-01-01 10:31:06,48,19,19,0,"fit: 2, efit: 3","fit: 2, efit: 3",,,,0,0,0,0,2,,
2026-01-02 00:00:46,48,19,19,0,"fit: 2, efit: 3","fit: 2, efit: 3",,,,0,0,0,0,2,,
2026-01-02 08:03:36,48,19,19,0,"fit: 2, efit: 3","fit: 2, efit: 2",,,,0,0,0,0,2,,
2026-01-02 11:57:44,48,19,19,0,"fit: 2, efit: 4","fit: 2, efit: 3",,,,0,0,0,0,2,,
2026-01-02 14:31:47,48,19,19,0,"fit: 2, efit: 5","fit: 2, efit: 4",,,,0,0,0,0,2,,
2026-01-02 14:33:10,48,19,19,0,"fit: 2, efit: 4","fit: 2, efit: 3",,,,0,0,0,0,2,,
2026-01-02 17:05:02,48,19,19,0,"fit: 2, efit: 3","fit: 2, efit: 2",,,,0,0,0,0,2,,
2026-01-02 19:12:44,48,19,19,0,"fit: 2, efit: 4","fit: 2, efit: 3",,,,0,0,0,0,2,,
2026-01-03 00:01:06,48,19,19,0,"fit: 2, efit: 5","fit: 2, efit: 4",,,,0,0,0,0,2,,
2026-01-03 00:03:43,48,19,19,0,"fit: 2, efit: 5","fit: 2, efit: 3",,,,0,0,0,0,2,,
2026-01-03 09:00:31,48,19,19,0,efit: 4,efit: 2,,,,0,0,0,0,2,,
2026-01-03 09:01:13,48,19,19,0,efit: 2,efit: 1,,,,0,0,0,0,2,,
2026-01-03 09:02:29,48,19,19,0,,,,,,0,0,0,0,2,,
2026-01-03 09:15:34,48,19,19,0,efit: 5,efit: 5,,,,0,0,0,0,2,,
2026-01-03 09:16:15,48,19,19,0,"fit: 2, efit: 5","fit: 2, efit: 5",,,,0,0,0,0,2,,
2026-01-03 11:21:36,48,19,19,0,"fit: 2, efit: 4","fit: 2, efit: 4",,,,0,0,0,0,2,,
2026-01-03 15:51:55,48,19,19,0,"fit: 2, efit: 5","fit: 2, efit: 5",,,,0,0,0,0,2,,
2026-01-03 16:01:57,48,19,19,0,"fit: 2, efit: 4","fit: 2, efit: 4",,,,0,0,0,0,2,,
2026-01-03 16:02:21,48,19,19,0,"fit: 2, efit: 5","fit: 2, efit: 5",,,,0,0,0,0,2,,
2026-01-03 16:06:58,48,19,19,0,"fit: 2, efit: 4","fit: 2, efit: 4",,,,0,0,0,0,2,,
2026-01-03 17:27:14,48,19,19,0,"fit: 2, efit: 5","fit: 2, efit: 5",,,,0,0,0,0,2,,
2026-01-03 21:18:01,48,19,19,0,"fit: 2, efit: 5","fit: 2, efit: 4",,,,0,0,0,0,2,,
2026-01-04 00:03:35,48,19,19,0,"fit: 2, efit: 5","fit: 2, efit: 4",,,,0,0,0,0,2,,
2026-01-04 05:59:35,48,19,19,0,"fit: 2, efit: 5","fit: 2, efit: 5",,,,0,0,0,0,2,,
2026-01-04 06:04:35,48,19,19,0,"fit: 2, efit: 5","fit: 2, efit: 4",,,,0,0,0,0,2,,
2026-01-04 11:20:28,48,19,19,0,"fit: 2, efit: 4","fit: 2, efit: 3",,,,0,0,0,0,2,,
2026-01-04 13:45:52,48,19,19,0,"fit: 2, efit: 5","fit: 2, efit: 4",,,,0,0,0,0,2,,
2026-01-04 14:56:04,48,19,19,0,"fit: 2, efit: 4","fit: 2, efit: 4",,,,0,0,0,0,2,,
2026-01-04 17:11:26,48,19,19,0,"fit: 2, efit: 3","fit: 2, efit: 3",,,,0,0,0,0,2,,
2026-01-04 17:47:07,48,19,19,0,"fit: 2, efit: 4","fit: 2, efit: 3",,,,0,0,0,0,2,,
2026-01-04 22:42:21,48,19,19,0,"fit: 2, efit: 3","fit: 2, efit: 2",,,,0,0,0,0,2,,
2026-01-05 00:02:34,48,19,19,0,"fit: 2, efit: 3","fit: 2, efit: 2",,,,0,0,0,0,2,,
2026-01-05 08:33:57,48,19,19,0,"fit: 2, efit: 2","fit: 2, efit: 2",,,,0,0,0,0,2,,
2026-01-05 08:44:44,48,19,19,0,"fit: 2, efit: 1","fit: 2, efit: 1",,,,0,0,0,0,2,,
2026-01-05 08:59:02,48,19,19,0,fit: 2,fit: 2,,,,0,0,0,0,2,,
2026-01-05 10:29:17,48,19,19,0,fit: 3,fit: 3,,,,0,0,0,0,2,,
2026-01-05 10:34:18,48,19,19,0,fit: 2,fit: 2,,,,0,0,0,0,2,,
2026-01-05 12:35:54,48,19,19,0,"fit: 2, efit: 1","fit: 2, efit: 1",,,,0,0,0,0,2,,
2026-01-05 13:19:46,48,19,19,0,"fit: 2, efit: 2","fit: 2, efit: 2",,,,0,0,0,0,2,,
2026-01-05 13:44:50,48,19,19,0,"fit: 2, efit: 3","fit: 2, efit: 3",,,,0,0,0,0,2,,
2026-01-05 13:45:33,48,19,19,0,"fit: 2, efit: 2","fit: 2, efit: 2",,,,0,0,0,0,2,,
2026-01-05 13:49:51,48,19,19,0,"fit: 2, efit: 3","fit: 2, efit: 3",,,,0,0,0,0,2,,
2026-01-05 14:30:40,48,19,19,0,"fit: 2, efit: 2","fit: 2, efit: 2",,,,0,0,0,0,2,,
2026-01-05 14:40:00,48,19,19,0,"fit: 2, efit: 1","fit: 2, efit: 1",,,,0,0,0,0,2,,
2026-01-05 14:55:02,48,19,19,0,"fit: 2, efit: 2","fit: 2, efit: 2",,,,0,0,0,0,2,,
2026-01-05 15:55:13,48,19,19,0,"fit: 2, efit: 3","fit: 2, efit: 3",,,,0,0,0,0,2,,
2026-01-05 16:56:03,48,19,19,0,"fit: 2, efit: 2","fit: 2, efit: 2",,,,0,0,0,0,2,,
2026-01-05 17:05:24,48,19,19,0,"fit: 2, efit: 4","fit: 2, efit: 4",,,,0,0,0,0,2,,
2026-01-05 17:20:27,48,19,19,0,"fit: 2, efit: 3","fit: 2, efit: 3",,,,0,0,0,0,2,,
2026-01-05 17:25:28,48,19,19,0,"fit: 2, efit: 2","fit: 2, efit: 2",,,,0,0,0,0,2,,
2026-01-05 18:02:01,48,19,19,0,"fit: 2, efit: 3","fit: 2, efit: 3",,,,0,0,0,0,2,,
2026-01-05 18:20:37,48,19,19,0,"fit: 2, efit: 4","fit: 2, efit: 4",,,,0,0,0,0,2,,
2026-01-05 18:30:39,48,19,19,0,"fit: 2, efit: 5","fit: 2, efit: 5",,,,0,0,0,0,2,,
2026-01-05 19:00:44,48,19,19,0,"fit: 2, efit: 6","fit: 2, efit: 6",,,,0,0,0,0,2,,
2026-01-05 19:51:30,48,19,19,0,"fit: 2, efit: 7","fit: 2, efit: 7",,,,0,0,0,0,2,,
2026-01-05 21:26:08,48,19,19,0,"fit: 2, efit: 8","fit: 2, efit: 8",,,,0,0,0,0,2,,
2026-01-06 00:01:33,48,19,19,0,"fit: 2, efit: 8","fit: 2, efit: 8",,,,0,0,0,0,2,,
2026-01-06 04:57:22,48,19,19,0,"fit: 2, efit: 8","fit: 2, efit: 7",,,,0,0,0,0,2,,
2026-01-06 07:44:49,48,19,19,0,"fit: 2, efit: 7","fit: 2, efit: 6",,,,0,0,0,0,2,,
2026-01-06 08:40:01,48,19,19,0,"fit: 3, efit: 7","fit: 3, efit: 6",,,,0,0,0,0,2,,
2026-01-06 09:08:04,48,19,19,0,"fit: 3, efit: 6","fit: 3, efit: 5",,,,0,0,0,0,2,,
2026-01-06 09:55:16,48,19,19,0,"fit: 3, efit: 5","fit: 3, efit: 4",,,,0,0,0,0,2,,
2026-01-06 09:58:12,48,19,19,0,"fit: 3, efit: 4","fit: 3, efit: 3",,,,0,0,0,0,2,,
2026-01-06 10:23:16,48,19,19,0,"fit: 3, efit: 5","fit: 3, efit: 4",,,,0,0,0,0,2,,
2026-01-06 10:30:23,48,19,19,0,"fit: 3, efit: 4","fit: 3, efit: 3",,,,0,0,0,0,2,,
2026-01-06 11:50:39,48,19,19,0,"fit: 3, efit: 5","fit: 3, efit: 4",,,,0,0,0,0,2,,
2026-01-06 12:15:44,48,19,19,0,"fit: 3, efit: 4","fit: 3, efit: 3",,,,0,0,0,0,2,,
2026-01-06 14:29:23,48,19,19,0,"fit: 3, efit: 5","fit: 3, efit: 4",,,,0,0,0,0,2,,
2026-01-06 15:14:04,48,19,19,0,"fit: 3, efit: 4","fit: 3, efit: 3",,,,0,0,0,0,2,,
2026-01-06 16:36:38,48,19,19,0,"fit: 3, efit: 3","fit: 3, efit: 2",,,,0,0,0,0,2,,
2026-01-06 17:09:23,48,19,19,0,"fit: 3, efit: 4","fit: 3, efit: 3",,,,0,0,0,0,2,,
2026-01-06 17:26:48,48,19,19,0,"fit: 3, efit: 5","fit: 3, efit: 4",,,,0,0,0,0,2,,
2026-01-06 17:29:27,48,19,19,0,"fit: 3, efit: 3","fit: 3, efit: 2",,,,0,0,0,0,2,,
2026-01-06 17:36:50,48,19,19,0,"fit: 3, efit: 4","fit: 3, efit: 3",,,,0,0,0,0,2,,
2026-01-06 17:39:28,48,19,19,0,"fit: 3, efit: 5","fit: 3, efit: 4",,,,0,0,0,0,2,,
2026-01-06 17:46:52,48,19,19,0,"fit: 3, efit: 4","fit: 3, efit: 3",,,,0,0,0,0,2,,
2026-01-06 18:01:55,48,19,19,0,"fit: 3, efit: 5","fit: 3, efit: 4",,,,0,0,0,0,2,,
2026-01-06 18:57:06,48,19,19,0,"fit: 3, efit: 4","fit: 3, efit: 3",,,,0,0,0,0,2,,
2026-01-06 19:19:45,48,19,19,0,"fit: 3, efit: 3","fit: 3, efit: 2",,,,0,0,0,0,2,,
2026-01-06 20:09:53,48,19,19,0,"fit: 3, efit: 4","fit: 3, efit: 3",,,,0,0,0,0,2,,
2026-01-07 00:00:32,48,19,19,0,"fit: 3, efit: 4","fit: 3, efit: 3",,,,0,0,0,0,2,,
2026-01-07 08:54:54,48,19,19,0,"fit: 3, efit: 5","fit: 3, efit: 4",,,,0,0,0,0,2,,
2026-01-07 08:56:59,48,19,19,0,"fit: 3, efit: 4","fit: 3, efit: 3",,,,0,0,0,0,2,,
2026-01-07 09:02:00,48,19,19,0,"fit: 3, efit: 3","fit: 3, efit: 3",,,,0,0,0,0,2,,
2026-01-07 09:04:56,48,19,19,0,"fit: 3, efit: 4","fit: 3, efit: 3",,,,0,0,0,0,2,,
2026-01-07 09:22:19,48,19,19,0,"fit: 3, efit: 5","fit: 3, efit: 4",,,,0,0,0,0,2,,
2026-01-07 09:25:01,48,19,19,0,"fit: 3, efit: 4","fit: 3, efit: 3",,,,0,0,0,0,2,,
2026-01-07 09:32:05,48,19,19,0,"fit: 3, efit: 5","fit: 3, efit: 4",,,,0,0,0,0,2,,
2026-01-07 09:55:07,48,19,19,0,"fit: 3, efit: 4","fit: 3, efit: 3",,,,0,0,0,0,2,,
2026-01-07 10:32:15,48,19,19,0,"fit: 3, efit: 3","fit: 3, efit: 2",,,,0,0,0,0,2,,
2026-01-07 10:47:18,48,19,19,0,"fit: 4, efit: 3","fit: 4, efit: 2",,,,0,0,0,0,2,,
2026-01-07 10:47:33,48,19,19,0,"fit: 4, efit: 2","fit: 4, efit: 1",,,,0,0,0,0,2,,
2026-01-07 10:52:19,48,19,19,0,"fit: 4, efit: 1",fit: 4,,,,0,0,0,0,2,,
2026-01-07 10:55:19,48,19,19,0,"fit: 3, efit: 1",fit: 3,,,,0,0,0,0,2,,
2026-01-07 11:12:22,48,19,19,0,"fit: 3, efit: 2","fit: 3, efit: 1",,,,0,0,0,0,2,,
2026-01-07 11:42:28,48,19,19,0,"fit: 3, efit: 2","fit: 3, efit: 2",,,,0,0,0,0,2,,
2026-01-07 12:20:36,48,19,19,0,"fit: 3, efit: 1","fit: 3, efit: 1",,,,0,0,0,0,2,,
2026-01-07 13:45:53,48,19,19,0,fit: 3,fit: 3,,,,0,0,0,0,2,,
2026-01-07 13:57:50,48,19,19,0,fit: 2,fit: 2,,,,0,0,0,0,2,,
2026-01-07 14:56:08,48,19,19,0,"fit: 2, efit: 1","fit: 2, efit: 1",,,,0,0,0,0,2,,
2026-01-07 15:21:13,48,19,19,0,fit: 3,fit: 3,,,,0,0,0,0,2,,
2026-01-07 15:28:05,48,19,19,0,fit: 2,fit: 2,,,,0,0,0,0,2,,
2026-01-07 15:56:21,48,19,19,0,"fit: 2, efit: 1","fit: 2, efit: 1",,,,0,0,0,0,2,,
2026-01-07 16:06:23,48,19,19,0,"fit: 2, efit: 2","fit: 2, efit: 2",,,,0,0,0,0,2,,
2026-01-07 16:16:25,48,19,19,0,"fit: 2, efit: 3","fit: 2, efit: 3",,,,0,0,0,0,2,,
2026-01-07 16:21:26,48,19,19,0,"fit: 2, efit: 4","fit: 2, efit: 4",,,,0,0,0,0,2,,
2026-01-07 17:03:21,48,19,19,0,"fit: 2, efit: 3","fit: 2, efit: 3",,,,0,0,0,0,2,,
2026-01-07 17:11:36,48,19,19,0,"fit: 2, efit: 2","fit: 2, efit: 2",,,,0,0,0,0,2,,
2026-01-07 17:31:40,48,19,19,0,"fit: 2, efit: 2","fit: 2, efit: 1",,,,0,0,0,0,2,,
2026-01-07 18:06:47,48,19,19,0,"fit: 2, efit: 3","fit: 2, efit: 2",,,,0,0,0,0,2,,
2026-01-07 18:36:53,48,19,19,0,"fit: 2, efit: 6","fit: 2, efit: 5",,,,0,0,0,0,2,,
2026-01-07 18:56:57,48,19,19,0,"fit: 2, efit: 5","fit: 2, efit: 4",,,,0,0,0,0,2,,
2026-01-07 18:58:40,48,19,19,0,"fit: 2, efit: 4","fit: 2, efit: 3",,,,0,0,0,0,2,,
2026-01-07 19:08:41,48,19,19,0,"fit: 3, efit: 4","fit: 3, efit: 3",,,,0,0,0,0,2,,
2026-01-07 19:33:45,48,19,19,0,"fit: 3, efit: 3","fit: 3, efit: 2",,,,0,0,0,0,2,,
2026-01-07 19:38:46,48,19,19,0,"fit: 3, efit: 2","fit: 3, efit: 1",,,,0,0,0,0,2,,
2026-01-07 21:07:24,48,19,19,0,"fit: 3, efit: 3","fit: 3, efit: 2",,,,0,0,0,0,2,,
2026-01-07 21:27:28,48,19,19,0,"fit: 3, efit: 4","fit: 3, efit: 3",,,,0,0,0,0,2,,
2026-01-07 23:54:28,48,19,19,0,"fit: 3, efit: 3","fit: 3, efit: 2",,,,0,0,0,0,2,,
2026-01-08 00:02:59,48,19,19,0,"fit: 3, efit: 3","fit: 3, efit: 2",,,,0,0,0,0,2,,
2026-01-08 08:14:39,48,19,19,0,"fit: 3, efit: 1",fit: 3,,,,0,0,0,0,2,,
2026-01-08 08:54:47,48,19,19,0,"fit: 4, efit: 1",fit: 4,,,,0,0,0,0,2,,
2026-01-08 09:09:50,48,19,19,0,"fit: 4, efit: 2","fit: 4, efit: 1",,,,0,0,0,0,2,,
2026-01-08 09:44:57,48,19,19,0,"fit: 4, efit: 1","fit: 4, efit: 1",,,,0,0,0,0,2,,
2026-01-08 09:46:05,48,19,19,0,fit: 4,fit: 4,,,,0,0,0,0,2,,
2026-01-08 09:49:58,48,19,19,0,"fit: 4, efit: 1","fit: 4, efit: 1",,,,0,0,0,0,2,,
2026-01-08 10:30:07,48,19,19,0,fit: 4,fit: 4,,,,0,0,0,0,2,,
2026-01-08 11:55:25,48,19,19,0,"fit: 4, efit: 1","fit: 4, efit: 1",,,,0,0,0,0,2,,
2026-01-08 13:10:40,48,19,19,0,fit: 3,fit: 3,,,,0,0,0,0,2,,
2026-01-08 13:36:32,48,19,19,0,fit: 2,fit: 2,,,,0,0,0,0,2,,
2026-01-08 14:56:02,48,19,19,0,"fit: 2, efit: 1","fit: 2, efit: 1",,,,0,0,0,0,2,,
2026-01-08 15:01:03,48,19,19,0,"fit: 2, efit: 2","fit: 2, efit: 2",,,,0,0,0,0,2,,
2026-01-08 16:21:20,48,19,19,0,"fit: 2, efit: 2","fit: 2, efit: 1",,,,0,0,0,0,2,,
2026-01-08 16:56:28,48,19,19,0,"fit: 2, efit: 3","fit: 2, efit: 2",,,,0,0,0,0,2,,
2026-01-08 17:01:29,48,19,19,0,"fit: 2, efit: 2","fit: 2, efit: 1",,,,0,0,0,0,2,,
2026-01-08 17:41:36,48,19,19,0,"fit: 2, efit: 3","fit: 2, efit: 2",,,,0,0,0,0,2,,
2026-01-08 17:57:13,48,19,19,0,"fit: 2, efit: 4","fit: 2, efit: 3",,,,0,0,0,0,2,,
2026-01-08 18:11:43,48,19,19,0,"fit: 2, efit: 3","fit: 2, efit: 2",,,,0,0,0,0,2,,
2026-01-08 18:21:45,48,19,19,0,"fit: 2, efit: 4","fit: 2, efit: 3",,,,0,0,0,0,2,,
2026-01-08 18:26:46,48,19,19,0,"fit: 4, efit: 2","fit: 4, efit: 1",,,,0,0,0,0,2,,
2026-01-08 19:42:01,48,19,19,0,"fit: 3, efit: 1",fit: 3,,,,0,0,0,0,2,,
2026-01-08 22:42:38,48,19,19,0,"fit: 3, efit: 2","fit: 3, efit: 1",,,,0,0,0,0,2,,
2026-01-08 23:18:03,48,19,19,0,"fit: 3, efit: 1",fit: 3,,,,0,0,0,0,2,,
2026-01-08 23:27:47,48,19,19,0,"fit: 3, efit: 2","fit: 3, efit: 1",,,,0,0,0,0,2,,
2026-01-09 00:02:54,48,19,19,0,"fit: 3, efit: 2","fit: 3, efit: 1",,,,0,0,0,0,2,,
2026-01-09 07:34:15,48,19,19,0,"fit: 3, efit: 1",fit: 3,,,,0,0,0,0,2,,
2026-01-09 09:29:33,48,19,19,0,"fit: 3, efit: 2","fit: 3, efit: 1",,,,0,0,0,0,2,,
2026-01-09 09:49:36,48,19,19,0,"fit: 3, efit: 1","fit: 3, efit: 1",,,,0,0,0,0,2,,
2026-01-09 09:59:38,48,19,19,0,"fit: 4, efit: 1","fit: 4, efit: 1",,,,0,0,0,0,2,,
2026-01-09 10:19:41,48,19,19,0,"fit: 4, efit: 2","fit: 4, efit: 2",,,,0,0,0,0,2,,
2026-01-09 10:49:46,48,19,19,0,"fit: 4, efit: 1","fit: 4, efit: 1",,,,0,0,0,0,2,,
2026-01-09 11:29:52,48,19,19,0,fit: 4,fit: 4,,,,0,0,0,0,2,,
2026-01-09 13:30:12,48,19,19,0,"fit: 4, efit: 1","fit: 4, efit: 1",,,,0,0,0,0,2,,
2026-01-09 15:55:35,48,19,19,0,fit: 3,fit: 3,,,,0,0,0,0,2,,
2026-01-09 16:00:35,48,19,19,0,fit: 2,fit: 2,,,,0,0,0,0,2,,
2026-01-09 16:05:36,48,19,19,0,"fit: 2, efit: 1","fit: 2, efit: 1",,,,0,0,0,0,2,,
2026-01-09 16:10:37,48,19,19,0,efit: 1,efit: 1,,,,0,0,0,0,2,,
2026-01-09 16:15:38,48,19,19,0,,,,,,0,0,0,0,2,,
2026-01-09 16:40:42,48,19,19,0,efit: 1,efit: 1,,,,0,0,0,0,2,,
2026-01-09 16:55:44,48,19,19,0,efit: 2,efit: 2,,,,0,0,0,0,2,,
2026-01-09 17:05:46,48,19,19,0,efit: 4,efit: 4,,,,0,0,0,0,2,,
2026-01-09 17:15:47,48,19,19,0,efit: 5,efit: 5,,,,0,0,0,0,2,,
2026-01-09 17:20:48,48,19,19,0,efit: 3,efit: 3,,,,0,0,0,0,2,,
2026-01-09 17:25:49,48,19,19,0,efit: 4,efit: 4,,,,0,0,0,0,2,,
2026-01-09 17:35:50,48,19,19,0,efit: 5,efit: 5,,,,0,0,0,0,2,,
2026-01-09 17:40:51,48,19,19,0,efit: 4,efit: 4,,,,0,0,0,0,2,,
2026-01-09 17:45:52,48,19,19,0,efit: 5,efit: 5,,,,0,0,0,0,2,,
2026-01-09 18:00:54,48,19,19,0,efit: 4,efit: 4,,,,0,0,0,0,2,,
2026-01-09 18:06:17,48,19,19,0,efit: 5,efit: 5,,,,0,0,0,0,2,,
2026-01-09 18:25:58,48,19,19,0,efit: 4,efit: 4,,,,0,0,0,0,2,,
2026-01-09 18:30:59,48,19,19,0,efit: 5,efit: 5,,,,0,0,0,0,2,,
2026-01-09 19:06:04,48,19,19,0,efit: 6,efit: 6,,,,0,0,0,0,2,,
2026-01-09 19:16:29,48,19,19,0,efit: 8,efit: 8,,,,0,0,0,0,2,,
2026-01-09 19:31:08,48,19,19,0,efit: 7,efit: 7,,,,0,0,0,0,2,,
2026-01-09 21:16:25,48,19,19,0,efit: 8,efit: 8,,,,0,0,0,0,2,,
2026-01-09 21:46:30,48,19,19,0,efit: 7,efit: 7,,,,0,0,0,0,2,,
2026-01-09 22:26:36,48,19,19,0,"fit: 1, efit: 6","fit: 1, efit: 6",,,,0,0,0,0,2,,
2026-01-10 00:01:51,48,19,19,0,"fit: 1, efit: 6","fit: 1, efit: 6",,,,0,0,0,0,2,,
2026-01-10 00:11:52,48,19,19,0,"fit: 2, efit: 5","fit: 2, efit: 5",,,,0,0,0,0,2,,
2026-01-10 00:16:53,48,19,19,0,"fit: 2, efit: 4","fit: 2, efit: 4",,,,0,0,0,0,2,,
2026-01-10 08:49:26,48,19,19,0,"fit: 2, efit: 6","fit: 2, efit: 6",,,,0,0,0,0,2,,
2026-01-10 08:53:12,48,19,19,0,"fit: 2, efit: 9","fit: 2, efit: 9",,,,0,0,0,0,2,,
2026-01-10 09:13:15,48,19,19,0,"fit: 2, efit: 9","fit: 2, efit: 8",,,,0,0,0,0,2,,
2026-01-10 12:44:20,48,19,19,0,"fit: 3, efit: 9","fit: 3, efit: 8",,,,0,0,0,0,2,,
2026-01-10 12:45:14,48,19,19,0,"fit: 3, efit: 8","fit: 3, efit: 7",,,,0,0,0,0,2,,
2026-01-10 13:33:54,48,19,19,0,"fit: 3, efit: 9","fit: 3, efit: 8",,,,0,0,0,0,2,,
2026-01-10 13:58:58,48,19,19,0,"fit: 3, efit: 8","fit: 3, efit: 7",,,,0,0,0,0,2,,
2026-01-10 14:19:02,48,19,19,0,"fit: 3, efit: 7","fit: 3, efit: 7",,,,0,0,0,0,2,,
2026-01-10 14:20:33,48,19,19,0,"fit: 3, efit: 9","fit: 3, efit: 9",,,,0,0,0,0,2,,
2026-01-10 14:30:35,48,19,19,0,"fit: 3, efit: 8","fit: 3, efit: 8",,,,0,0,0,0,2,,
2026-01-10 14:39:05,48,19,19,0,"fit: 3, efit: 7","fit: 3, efit: 7",,,,0,0,0,0,2,,
2026-01-10 15:09:10,48,19,19,0,"fit: 3, efit: 6","fit: 3, efit: 6",,,,0,0,0,0,2,,
2026-01-10 15:14:10,48,19,19,0,"fit: 3, efit: 5","fit: 3, efit: 5",,,,0,0,0,0,2,,
2026-01-10 15:24:12,48,19,19,0,"fit: 3, efit: 7","fit: 3, efit: 7",,,,0,0,0,0,2,,
2026-01-10 15:34:13,48,19,19,0,"fit: 3, efit: 8","fit: 3, efit: 8",,,,0,0,0,0,2,,
2026-01-10 15:54:16,48,19,19,0,"fit: 3, efit: 10","fit: 3, efit: 10",,,,0,0,0,0,2,,
2026-01-10 16:05:54,48,19,19,0,"fit: 3, efit: 11","fit: 3, efit: 11",,,,0,0,0,0,2,,
2026-01-10 16:24:21,48,19,19,0,"fit: 3, efit: 12","fit: 3, efit: 12",,,,0,0,0,0,2,,
2026-01-10 16:29:22,48,19,19,0,"fit: 3, efit: 13","fit: 3, efit: 13",,,,0,0,0,0,2,,
2026-01-10 17:06:06,48,19,19,0,"fit: 3, efit: 14","fit: 3, efit: 14",,,,0,0,0,0,2,,
2026-01-10 17:09:28,48,19,19,0,"fit: 3, efit: 13","fit: 3, efit: 13",,,,0,0,0,0,2,,
2026-01-10 17:25:06,48,19,19,0,"fit: 3, efit: 12","fit: 3, efit: 12",,,,0,0,0,0,2,,
2026-01-10 17:51:16,48,19,19,0,"fit: 3, efit: 13","fit: 3, efit: 13",,,,0,0,0,0,2,,
2026-01-10 17:54:34,48,19,19,0,"fit: 3, efit: 12","fit: 3, efit: 12",,,,0,0,0,0,2,,
2026-01-10 19:04:45,48,19,19,0,"fit: 3, efit: 13","fit: 3, efit: 13",,,,0,0,0,0,2,,
2026-01-10 19:05:23,48,19,19,0,"fit: 3, efit: 14","fit: 3, efit: 14",,,,0,0,0,0,2,,
2026-01-10 19:06:31,48,19,19,0,"fit: 3, efit: 15","fit: 3, efit: 15",,,,0,0,0,0,2,,
2026-01-10 19:19:47,48,19,19,0,"fit: 3, efit: 12","fit: 3, efit: 12",,,,0,0,0,0,2,,
2026-01-10 20:56:53,48,19,19,0,"fit: 3, efit: 13","fit: 3, efit: 13",,,,0,0,0,0,2,,
2026-01-10 21:32:00,48,19,19,0,"fit: 3, efit: 12","fit: 3, efit: 12",,,,0,0,0,0,2,,
2026-01-10 23:06:02,48,19,19,0,"fit: 3, efit: 11","fit: 3, efit: 11",,,,0,0,0,0,2,,
2026-01-10 23:52:28,48,19,19,0,"fit: 3, efit: 10","fit: 3, efit: 10",,,,0,0,0,0,2,,
2026-01-11 00:00:31,48,19,19,0,"fit: 3, efit: 10","fit: 3, efit: 10",,,,0,0,0,0,2,,
2026-01-11 00:16:14,48,19,19,0,"fit: 3, efit: 9","fit: 3, efit: 9",,,,0,0,0,0,2,,
2026-01-11 02:15:52,48,19,19,0,"fit: 3, efit: 9","fit: 3, efit: 8",,,,0,0,0,0,2,,
2026-01-11 02:17:57,48,19,19,0,"fit: 3, efit: 9","fit: 3, efit: 9",,,,0,0,0,0,2,,
2026-01-11 03:16:01,48,19,19,0,"fit: 3, efit: 12","fit: 3, efit: 12",,,,0,0,0,0,2,,
2026-01-11 08:11:46,48,19,19,0,"fit: 3, efit: 11","fit: 3, efit: 11",,,,0,0,0,0,2,,
2026-01-11 09:07:40,48,19,19,0,"fit: 3, efit: 12","fit: 3, efit: 12",,,,0,0,0,0,2,,
2026-01-11 10:14:32,48,19,19,0,"fit: 3, efit: 13","fit: 3, efit: 13",,,,0,0,0,0,2,,
2026-01-11 10:17:05,48,19,19,0,"fit: 3, efit: 12","fit: 3, efit: 12",,,,0,0,0,0,2,,
2026-01-11 10:29:35,48,19,19,0,"fit: 3, efit: 11","fit: 3, efit: 11",,,,0,0,0,0,2,,
2026-01-11 10:42:10,48,19,19,0,"fit: 3, efit: 10","fit: 3, efit: 10",,,,0,0,0,0,2,,
2026-01-11 10:44:38,48,19,19,0,"fit: 3, efit: 11","fit: 3, efit: 11",,,,0,0,0,0,2,,
2026-01-11 10:49:39,48,19,19,0,"fit: 3, efit: 10","fit: 3, efit: 10",,,,0,0,0,0,2,,
2026-01-11 10:59:41,48,19,19,0,"fit: 3, efit: 11","fit: 3, efit: 11",,,,0,0,0,0,2,,
2026-01-11 11:39:49,48,19,19,0,"fit: 3, efit: 12","fit: 3, efit: 12",,,,0,0,0,0,2,,
2026-01-11 12:17:24,48,19,19,0,"fit: 3, efit: 11","fit: 3, efit: 11",,,,0,0,0,0,2,,
2026-01-11 12:57:30,48,19,19,0,"fit: 3, efit: 10","fit: 3, efit: 10",,,,0,0,0,0,2,,
2026-01-11 13:02:31,48,19,19,0,"fit: 3, efit: 8","fit: 3, efit: 8",,,,0,0,0,0,2,,
2026-01-11 13:22:34,48,19,19,0,"fit: 3, efit: 9","fit: 3, efit: 9",,,,0,0,0,0,2,,
2026-01-11 13:30:12,48,19,19,0,"fit: 3, efit: 8","fit: 3, efit: 8",,,,0,0,0,0,2,,
2026-01-11 13:37:36,48,19,19,0,"fit: 3, efit: 7","fit: 3, efit: 7",,,,0,0,0,0,2,,
2026-01-11 14:03:28,48,19,19,0,"fit: 3, efit: 6","fit: 3, efit: 6",,,,0,0,0,0,2,,
2026-01-11 14:08:29,48,19,19,0,"fit: 3, efit: 5","fit: 3, efit: 5",,,,0,0,0,0,2,,
2026-01-11 14:18:31,48,19,19,0,"fit: 3, efit: 6","fit: 3, efit: 6",,,,0,0,0,0,2,,
2026-01-11 14:47:47,48,19,19,0,"fit: 3, efit: 7","fit: 3, efit: 7",,,,0,0,0,0,2,,
2026-01-11 14:58:37,48,19,19,0,"fit: 3, efit: 8","fit: 3, efit: 8",,,,0,0,0,0,2,,
2026-01-11 15:10:32,48,19,19,0,"fit: 3, efit: 7","fit: 3, efit: 7",,,,0,0,0,0,2,,
2026-01-11 15:58:47,48,19,19,0,"fit: 3, efit: 8","fit: 3, efit: 8",,,,0,0,0,0,2,,
2026-01-11 16:18:00,48,19,19,0,"fit: 3, efit: 9","fit: 3, efit: 9",,,,0,0,0,0,2,,
2026-01-11 16:33:03,48,19,19,0,"fit: 3, efit: 8","fit: 3, efit: 8",,,,0,0,0,0,2,,
2026-01-11 18:44:14,48,19,19,0,"fit: 3, efit: 7","fit: 3, efit: 7",,,,0,0,0,0,2,,
2026-01-11 19:03:26,48,19,19,0,"fit: 3, efit: 8","fit: 3, efit: 8",,,,0,0,0,0,2,,
2026-01-11 19:49:25,48,19,19,0,"fit: 3, efit: 9","fit: 3, efit: 9",,,,0,0,0,0,2,,
2026-01-11 20:01:31,48,19,19,0,"fit: 3, efit: 10","fit: 3, efit: 10",,,,0,0,0,0,2,,
2026-01-11 20:04:27,48,19,19,0,"fit: 3, efit: 9","fit: 3, efit: 9",,,,0,0,0,0,2,,
2026-01-11 20:06:32,48,19,19,0,"fit: 3, efit: 10","fit: 3, efit: 10",,,,0,0,0,0,2,,
2026-01-11 22:54:01,48,19,19,0,"fit: 3, efit: 9","fit: 3, efit: 9",,,,0,0,0,0,2,,
2026-01-11 23:14:04,48,19,19,0,"fit: 3, efit: 10","fit: 3, efit: 10",,,,0,0,0,0,2,,
2026-01-12 00:00:07,48,19,19,0,"fit: 3, efit: 10","fit: 3, efit: 10",,,,0,0,0,0,2,,
2026-01-12 06:08:34,48,19,19,0,"fit: 3, efit: 9","fit: 3, efit: 9",,,,0,0,0,0,2,,
2026-01-12 07:05:18,48,19,19,0,"fit: 3, efit: 8","fit: 3, efit: 8",,,,0,0,0,0,2,,
2026-01-12 07:26:20,48,19,19,0,"fit: 3, efit: 7","fit: 3, efit: 7",,,,0,0,0,0,2,,
2026-01-12 07:41:23,48,19,19,0,"fit: 3, efit: 8","fit: 3, efit: 8",,,,0,0,0,0,2,,
2026-01-12 07:46:24,48,19,19,0,"fit: 3, efit: 7","fit: 3, efit: 7",,,,0,0,0,0,2,,
2026-01-12 07:48:55,48,19,19,0,"fit: 3, efit: 8","fit: 3, efit: 8",,,,0,0,0,0,2,,
2026-01-12 08:16:29,48,19,19,0,"fit: 3, efit: 7","fit: 3, efit: 7",,,,0,0,0,0,2,,
2026-01-12 08:36:32,48,19,19,0,"fit: 3, efit: 6","fit: 3, efit: 6",,,,0,0,0,0,2,,
2026-01-12 08:44:07,48,19,19,0,"fit: 3, efit: 5","fit: 3, efit: 5",,,,0,0,0,0,2,,
2026-01-12 08:46:34,48,19,19,0,"fit: 3, efit: 4","fit: 3, efit: 4",,,,0,0,0,0,2,,
2026-01-12 08:54:09,48,19,19,0,"fit: 3, efit: 3","fit: 3, efit: 3",,,,0,0,0,0,2,,
2026-01-12 09:44:19,48,19,19,0,"fit: 3, efit: 2","fit: 3, efit: 2",,,,0,0,0,0,2,,
2026-01-12 09:45:43,48,19,19,0,"fit: 3, efit: 3","fit: 3, efit: 3",,,,0,0,0,0,2,,
2026-01-12 10:05:46,48,19,19,0,"fit: 3, efit: 4","fit: 3, efit: 4",,,,0,0,0,0,2,,
2026-01-12 10:16:48,48,19,19,0,"fit: 3, efit: 5","fit: 3, efit: 5",,,,0,0,0,0,2,,
2026-01-12 10:24:27,48,19,19,0,"fit: 3, efit: 4","fit: 3, efit: 4",,,,0,0,0,0,2,,
2026-01-12 10:25:49,48,19,19,0,"fit: 3, efit: 3","fit: 3, efit: 3",,,,0,0,0,0,2,,
2026-01-12 10:29:28,48,19,19,0,"fit: 3, efit: 2","fit: 3, efit: 2",,,,0,0,0,0,2,,
2026-01-12 10:45:52,48,19,19,0,"fit: 3, efit: 1","fit: 3, efit: 1",,,,0,0,0,0,2,,
2026-01-12 10:55:54,48,19,19,0,fit: 3,fit: 3,,,,0,0,0,0,2,,
2026-01-12 11:15:57,48,19,19,0,fit: 2,fit: 2,,,,0,0,0,0,2,,
2026-01-12 11:39:42,48,19,19,0,fit: 1,fit: 1,,,,0,0,0,0,2,,
2026-01-12 11:44:43,48,19,19,0,,,,,,0,0,0,0,2,,
2026-01-12 12:24:51,48,19,19,0,efit: 1,efit: 1,,,,0,0,0,0,2,,
2026-01-12 12:39:54,48,19,19,0,,,,,,0,0,0,0,2,,
2026-01-12 12:59:58,48,19,19,0,efit: 1,efit: 1,,,,0,0,0,0,2,,
2026-01-12 13:20:03,48,19,19,0,,,,,,0,0,0,0,2,,
2026-01-12 14:06:25,48,19,19,0,fit: 1,fit: 1,,,,0,0,0,0,2,,
2026-01-12 14:16:26,48,19,19,0,"fit: 1, efit: 2","fit: 1, efit: 2",,,,0,0,0,0,2,,
2026-01-12 14:40:20,48,19,19,0,"fit: 1, efit: 3","fit: 1, efit: 3",,,,0,0,0,0,2,,
2026-01-12 14:41:30,48,19,19,0,"fit: 1, efit: 4","fit: 1, efit: 4",,,,0,0,0,0,2,,
2026-01-12 14:45:21,48,19,19,0,"fit: 1, efit: 3","fit: 1, efit: 3",,,,0,0,0,0,2,,
2026-01-12 15:17:39,48,19,19,0,"fit: 1, efit: 4","fit: 1, efit: 4",,,,0,0,0,0,2,,
2026-01-12 15:42:43,48,19,19,0,"fit: 1, efit: 5","fit: 1, efit: 5",,,,0,0,0,0,2,,
2026-01-12 15:52:45,48,19,19,0,"fit: 1, efit: 4","fit: 1, efit: 4",,,,0,0,0,0,2,,
2026-01-12 16:15:39,48,19,19,0,"fit: 1, efit: 3","fit: 1, efit: 3",,,,0,0,0,0,2,,
2026-01-12 16:25:41,48,19,19,0,"fit: 1, efit: 4","fit: 1, efit: 4",,,,0,0,0,0,2,,
2026-01-12 16:42:53,48,19,19,0,"fit: 1, efit: 3","fit: 1, efit: 3",,,,0,0,0,0,2,,
2026-01-12 16:45:46,48,19,19,0,"fit: 1, efit: 4","fit: 1, efit: 4",,,,0,0,0,0,2,,
2026-01-12 16:55:47,48,19,19,0,"fit: 1, efit: 6","fit: 1, efit: 6",,,,0,0,0,0,2,,
2026-01-12 16:57:56,48,19,19,0,"fit: 1, efit: 7","fit: 1, efit: 7",,,,0,0,0,0,2,,
2026-01-12 17:00:49,48,19,19,0,"fit: 1, efit: 9","fit: 1, efit: 9",,,,0,0,0,0,2,,
2026-01-12 17:23:00,48,19,19,0,"fit: 1, efit: 10","fit: 1, efit: 10",,,,0,0,0,0,2,,
2026-01-12 18:01:02,48,19,19,0,"fit: 1, efit: 11","fit: 1, efit: 11",,,,0,0,0,0,2,,
2026-01-12 18:26:07,48,19,19,0,"fit: 1, efit: 12","fit: 1, efit: 12",,,,0,0,0,0,2,,
2026-01-12 18:41:10,48,19,19,0,"fit: 1, efit: 11","fit: 1, efit: 11",,,,0,0,0,0,2,,
2026-01-12 18:42:08,48,19,19,0,"fit: 1, efit: 12","fit: 1, efit: 12",,,,0,0,0,0,2,,
2026-01-12 18:46:11,48,19,19,0,"fit: 1, efit: 13","fit: 1, efit: 13",,,,0,0,0,0,2,,
2026-01-12 18:58:16,48,19,19,0,"fit: 1, efit: 12","fit: 1, efit: 12",,,,0,0,0,0,2,,
2026-01-12 19:02:11,48,19,19,0,"fit: 1, efit: 13","fit: 1, efit: 13",,,,0,0,0,0,2,,
2026-01-12 19:12:12,48,19,19,0,"fit: 1, efit: 14","fit: 1, efit: 14",,,,0,0,0,0,2,,
2026-01-12 19:16:17,48,19,19,0,"fit: 1, efit: 13","fit: 1, efit: 13",,,,0,0,0,0,2,,
2026-01-12 19:18:19,48,19,19,0,"fit: 1, efit: 12","fit: 1, efit: 12",,,,0,0,0,0,2,,
2026-01-12 19:51:25,48,19,19,0,"fit: 2, efit: 12","fit: 2, efit: 12",,,,0,0,0,0,2,,
2026-01-12 19:58:26,48,19,19,0,"fit: 2, efit: 11","fit: 2, efit: 11",,,,0,0,0,0,2,,
2026-01-12 20:11:29,48,19,19,0,"fit: 2, efit: 10","fit: 2, efit: 10",,,,0,0,0,0,2,,
2026-01-12 20:26:32,48,19,19,0,"fit: 2, efit: 11","fit: 2, efit: 11",,,,0,0,0,0,2,,
2026-01-12 20:31:33,48,19,19,0,"fit: 2, efit: 10","fit: 2, efit: 10",,,,0,0,0,0,2,,
2026-01-12 22:07:40,48,19,19,0,"fit: 2, efit: 11","fit: 2, efit: 11",,,,0,0,0,0,2,,
2026-01-12 23:17:08,48,19,19,0,"fit: 2, efit: 12","fit: 2, efit: 12",,,,0,0,0,0,2,,
2026-01-12 23:27:10,48,19,19,0,"fit: 2, efit: 11","fit: 2, efit: 11",,,,0,0,0,0,2,,
2026-01-12 23:42:13,48,19,19,0,"fit: 2, efit: 12","fit: 2, efit: 12",,,,0,0,0,0,2,,
2026-01-13 00:02:18,48,19,19,0,"fit: 2, efit: 12","fit: 2, efit: 12",,,,0,0,0,0,2,,
2026-01-13 00:07:19,48,19,19,0,"fit: 2, efit: 13","fit: 2, efit: 13",,,,0,0,0,0,2,,
2026-01-13 01:47:40,48,19,19,0,"fit: 2, efit: 13","fit: 2, efit: 12",,,,0,0,0,0,2,,
2026-01-13 06:53:44,48,19,19,0,"fit: 2, efit: 11","fit: 2, efit: 10",,,,0,0,0,0,2,,
2026-01-13 07:08:47,48,19,19,0,"fit: 2, efit: 10","fit: 2, efit: 9",,,,0,0,0,0,2,,
2026-01-13 07:10:19,48,19,19,0,"fit: 2, efit: 11","fit: 2, efit: 10",,,,0,0,0,0,2,,
2026-01-13 07:48:55,48,19,19,0,"fit: 2, efit: 10","fit: 2, efit: 9",,,,0,0,0,0,2,,
2026-01-13 08:14:00,48,19,19,0,"fit: 2, efit: 9","fit: 2, efit: 8",,,,0,0,0,0,2,,
2026-01-13 08:24:03,48,19,19,0,"fit: 3, efit: 8","fit: 3, efit: 7",,,,0,0,0,0,2,,
2026-01-13 08:30:32,48,19,19,0,"fit: 3, efit: 7","fit: 3, efit: 7",,,,0,0,0,0,2,,
2026-01-13 08:55:37,48,19,19,0,"fit: 3, efit: 6","fit: 3, efit: 6",,,,0,0,0,0,2,,
2026-01-13 09:10:40,48,19,19,0,"fit: 3, efit: 4","fit: 3, efit: 4",,,,0,0,0,0,2,,
2026-01-13 09:19:15,48,19,19,0,"fit: 4, efit: 3","fit: 4, efit: 3",,,,0,0,0,0,2,,
2026-01-13 09:24:16,48,19,19,0,"fit: 4, efit: 1","fit: 4, efit: 1",,,,0,0,0,0,2,,
2026-01-13 09:45:46,48,19,19,0,fit: 4,fit: 4,,,,0,0,0,0,2,,
2026-01-13 09:54:23,48,19,19,0,fit: 3,fit: 3,,,,0,0,0,0,2,,
2026-01-13 10:49:34,48,19,19,0,"fit: 3, efit: 1","fit: 3, efit: 1",,,,0,0,0,0,2,,
2026-01-13 10:54:35,48,19,19,0,fit: 3,fit: 3,,,,0,0,0,0,2,,
2026-01-13 10:55:58,48,19,19,0,"fit: 3, efit: 1","fit: 3, efit: 1",,,,0,0,0,0,2,,
2026-01-13 10:59:36,48,19,19,0,fit: 2,fit: 2,,,,0,0,0,0,2,,
2026-01-13 11:00:59,48,19,19,0,"fit: 2, efit: 1","fit: 2, efit: 1",,,,0,0,0,0,2,,
2026-01-13 11:05:59,48,19,19,0,"fit: 2, efit: 2","fit: 2, efit: 2",,,,0,0,0,0,2,,
2026-01-13 11:09:38,48,19,19,0,"fit: 2, efit: 1","fit: 2, efit: 1",,,,0,0,0,0,2,,
2026-01-13 11:24:41,48,19,19,0,"fit: 2, efit: 2","fit: 2, efit: 2",,,,0,0,0,0,2,,
2026-01-13 11:26:03,48,19,19,0,"fit: 2, efit: 3","fit: 2, efit: 3",,,,0,0,0,0,2,,
2026-01-13 11:29:42,48,19,19,0,"fit: 2, efit: 2","fit: 2, efit: 2",,,,0,0,0,0,2,,
2026-01-13 11:44:46,48,19,19,0,"fit: 2, efit: 1","fit: 2, efit: 1",,,,0,0,0,0,2,,
2026-01-13 11:51:07,48,19,19,0,fit: 2,fit: 2,,,,0,0,0,0,2,,
2026-01-13 12:31:14,48,19,19,0,"fit: 2, efit: 1","fit: 2, efit: 1",,,,0,0,0,0,2,,
2026-01-13 12:36:15,48,19,19,0,fit: 2,fit: 2,,,,0,0,0,0,2,,
2026-01-13 13:06:20,48,19,19,0,"fit: 2, efit: 1","fit: 2, efit: 1",,,,0,0,0,0,2,,
2026-01-13 13:09:57,48,19,19,0,fit: 2,fit: 2,,,,0,0,0,0,2,,
2026-01-13 14:10:07,48,19,19,0,fit: 1,fit: 1,,,,0,0,0,0,2,,
2026-01-13 14:15:08,48,19,19,0,"fit: 1, efit: 1","fit: 1, efit: 1",,,,0,0,0,0,2,,
2026-01-13 14:20:09,48,19,19,0,"fit: 1, efit: 2","fit: 1, efit: 2",,,,0,0,0,0,2,,
2026-01-13 14:25:10,48,19,19,0,"fit: 1, efit: 1","fit: 1, efit: 1",,,,0,0,0,0,2,,
2026-01-13 14:35:12,48,19,19,0,"fit: 1, efit: 3","fit: 1, efit: 3",,,,0,0,0,0,2,,
2026-01-13 15:06:40,48,19,19,0,"fit: 1, efit: 4","fit: 1, efit: 4",,,,0,0,0,0,2,,
2026-01-13 15:15:18,48,19,19,0,"fit: 1, efit: 5","fit: 1, efit: 5",,,,0,0,0,0,2,,
2026-01-13 15:21:42,48,19,19,0,"fit: 1, efit: 4","fit: 1, efit: 4",,,,0,0,0,0,2,,
2026-01-13 15:50:24,48,19,19,0,"fit: 1, efit: 5","fit: 1, efit: 5",,,,0,0,0,0,2,,
2026-01-13 15:55:25,48,19,19,0,"fit: 1, efit: 6","fit: 1, efit: 6",,,,0,0,0,0,2,,
2026-01-13 16:00:26,48,19,19,0,"fit: 1, efit: 5","fit: 1, efit: 5",,,,0,0,0,0,2,,
2026-01-13 16:06:50,48,19,19,0,"fit: 1, efit: 4","fit: 1, efit: 4",,,,0,0,0,0,2,,
2026-01-13 16:26:53,48,19,19,0,"fit: 1, efit: 3","fit: 1, efit: 3",,,,0,0,0,0,2,,
2026-01-13 16:36:55,48,19,19,0,"fit: 1, efit: 2","fit: 1, efit: 2",,,,0,0,0,0,2,,
2026-01-13 17:00:35,48,19,19,0,"fit: 1, efit: 3","fit: 1, efit: 3",,,,0,0,0,0,2,,
2026-01-13 17:07:00,48,19,19,0,"fit: 1, efit: 2","fit: 1, efit: 2",,,,0,0,0,0,2,,
2026-01-13 17:10:37,48,19,19,0,"fit: 1, efit: 3","fit: 1, efit: 3",,,,0,0,0,0,2,,
2026-01-13 17:15:38,48,19,19,0,"fit: 1, efit: 4","fit: 1, efit: 4",,,,0,0,0,0,2,,
2026-01-13 17:30:40,48,19,19,0,"fit: 1, efit: 5","fit: 1, efit: 5",,,,0,0,0,0,2,,
2026-01-13 17:35:41,48,19,19,0,"fit: 1, efit: 6","fit: 1, efit: 6",,,,0,0,0,0,2,,
2026-01-13 17:40:42,48,19,19,0,"fit: 1, efit: 7","fit: 1, efit: 7",,,,0,0,0,0,2,,
2026-01-13 17:42:06,48,19,19,0,"fit: 1, efit: 6","fit: 1, efit: 6",,,,0,0,0,0,2,,
2026-01-13 17:50:44,48,19,19,0,"fit: 3, efit: 4","fit: 3, efit: 4",,,,0,0,0,0,2,,
2026-01-13 17:52:08,48,19,19,0,"fit: 3, efit: 3","fit: 3, efit: 3",,,,0,0,0,0,2,,
2026-01-13 18:00:45,48,19,19,0,"fit: 3, efit: 2","fit: 3, efit: 2",,,,0,0,0,0,2,,
2026-01-13 18:12:11,48,19,19,0,"fit: 3, efit: 1","fit: 3, efit: 1",,,,0,0,0,0,2,,
2026-01-13 18:20:49,48,19,19,0,fit: 3,fit: 3,,,,0,0,0,0,2,,
2026-01-13 18:25:49,48,19,19,0,"fit: 3, efit: 2","fit: 3, efit: 2",,,,0,0,0,0,2,,
2026-01-13 18:42:16,48,19,19,0,"fit: 3, efit: 1","fit: 3, efit: 1",,,,0,0,0,0,2,,
2026-01-13 19:00:55,48,19,19,0,"fit: 3, efit: 2","fit: 3, efit: 2",,,,0,0,0,0,2,,
2026-01-13 19:05:55,48,19,19,0,"fit: 3, efit: 3","fit: 3, efit: 3",,,,0,0,0,0,2,,
2026-01-13 19:36:00,48,19,19,0,"fit: 3, efit: 2","fit: 3, efit: 2",,,,0,0,0,0,2,,
2026-01-13 19:51:26,48,19,19,0,"fit: 3, efit: 3","fit: 3, efit: 3",,,,0,0,0,0,2,,
2026-01-13 20:11:06,48,19,19,0,"fit: 3, efit: 4","fit: 3, efit: 4",,,,0,0,0,0,2,,
2026-01-13 20:16:07,48,19,19,0,"fit: 3, efit: 2","fit: 3, efit: 2",,,,0,0,0,0,2,,
2026-01-13 20:21:07,48,19,19,0,"fit: 3, efit: 1","fit: 3, efit: 1",,,,0,0,0,0,2,,
2026-01-13 20:31:09,48,19,19,0,"fit: 3, efit: 2","fit: 3, efit: 2",,,,0,0,0,0,2,,
2026-01-13 21:06:15,48,19,19,0,"fit: 3, efit: 3","fit: 3, efit: 3",,,,0,0,0,0,2,,
2026-01-13 21:26:18,48,19,19,0,"fit: 3, efit: 2","fit: 3, efit: 2",,,,0,0,0,0,2,,
2026-01-13 21:51:23,48,19,19,0,"fit: 3, efit: 3","fit: 3, efit: 3",,,,0,0,0,0,2,,
2026-01-14 00:00:09,48,19,19,0,"fit: 3, efit: 3","fit: 3, efit: 3",,,,0,0,0,0,2,,
2026-01-14 01:34:44,48,19,19,0,"fit: 3, efit: 2","fit: 3, efit: 2",,,,0,0,0,0,2,,
2026-01-14 04:55:16,48,19,19,0,"fit: 3, efit: 1","fit: 3, efit: 1",,,,0,0,0,0,2,,
2026-01-14 06:11:11,48,19,19,0,"fit: 3, efit: 2","fit: 3, efit: 2",,,,0,0,0,0,2,,
2026-01-14 06:55:35,48,19,19,0,"fit: 2, efit: 1","fit: 2, efit: 1",,,,0,0,0,0,2,,
2026-01-14 08:25:48,48,19,19,0,fit: 2,fit: 2,,,,0,0,0,0,2,,
2026-01-14 08:51:37,48,19,19,0,"fit: 2, efit: 1","fit: 2, efit: 1",,,,0,0,0,0,2,,
2026-01-14 08:56:37,48,19,19,0,"fit: 2, efit: 4","fit: 2, efit: 4",,,,0,0,0,0,2,,
2026-01-14 08:56:49,48,19,19,0,"fit: 2, efit: 5","fit: 2, efit: 5",,,,0,0,0,0,2,,
2026-01-14 09:00:54,48,19,19,0,"fit: 2, efit: 8","fit: 2, efit: 8",,,,0,0,0,0,2,,
2026-01-14 09:31:43,48,19,19,0,"fit: 2, efit: 7","fit: 2, efit: 7",,,,0,0,0,0,2,,
2026-01-14 09:51:47,48,19,19,0,"fit: 2, efit: 6","fit: 2, efit: 6",,,,0,0,0,0,2,,
2026-01-14 10:06:04,48,19,19,0,"fit: 2, efit: 8","fit: 2, efit: 8",,,,0,0,0,0,2,,
2026-01-14 10:26:53,48,19,19,0,"fit: 2, efit: 7","fit: 2, efit: 7",,,,0,0,0,0,2,,
2026-01-14 11:56:21,48,19,19,0,"fit: 2, efit: 6","fit: 2, efit: 6",,,,0,0,0,0,2,,
2026-01-14 12:07:10,48,19,19,0,"fit: 2, efit: 7","fit: 2, efit: 7",,,,0,0,0,0,2,,
2026-01-14 12:31:26,48,19,19,0,"fit: 2, efit: 6","fit: 2, efit: 6",,,,0,0,0,0,2,,
2026-01-14 12:41:27,48,19,19,0,"fit: 2, efit: 5","fit: 2, efit: 5",,,,0,0,0,0,2,,
2026-01-14 12:42:17,48,19,19,0,"fit: 2, efit: 4","fit: 2, efit: 4",,,,0,0,0,0,2,,
2026-01-14 12:56:30,48,19,19,0,"fit: 2, efit: 6","fit: 2, efit: 6",,,,0,0,0,0,2,,
2026-01-14 13:02:20,48,19,19,0,"fit: 2, efit: 7","fit: 2, efit: 7",,,,0,0,0,0,2,,
2026-01-14 14:06:41,48,19,19,0,"fit: 2, efit: 8","fit: 2, efit: 8",,,,0,0,0,0,2,,
2026-01-14 14:27:35,48,19,19,0,"fit: 2, efit: 9","fit: 2, efit: 9",,,,0,0,0,0,2,,
2026-01-14 14:31:45,48,19,19,0,"fit: 2, efit: 11","fit: 2, efit: 11",,,,0,0,0,0,2,,
2026-01-14 14:41:46,48,19,19,0,"fit: 2, efit: 10","fit: 2, efit: 10",,,,0,0,0,0,2,,
2026-01-14 14:46:47,48,19,19,0,"fit: 2, efit: 9","fit: 2, efit: 9",,,,0,0,0,0,2,,
2026-01-14 15:17:44,48,19,19,0,"fit: 2, efit: 10","fit: 2, efit: 10",,,,0,0,0,0,2,,
2026-01-14 15:36:55,48,19,19,0,"fit: 2, efit: 11","fit: 2, efit: 11",,,,0,0,0,0,2,,
2026-01-14 16:42:59,48,19,19,0,"fit: 2, efit: 12","fit: 2, efit: 12",,,,0,0,0,0,2,,
2026-01-14 16:47:07,48,19,19,0,"fit: 2, efit: 13","fit: 2, efit: 13",,,,0,0,0,0,2,,
2026-01-14 16:52:07,48,19,19,0,"fit: 2, efit: 14","fit: 2, efit: 14",,,,0,0,0,0,2,,
2026-01-14 16:58:02,48,19,19,0,"fit: 2, efit: 15","fit: 2, efit: 15",,,,0,0,0,0,2,,
2026-01-14 16:58:48,48,19,19,0,"fit: 2, efit: 14","fit: 2, efit: 14",,,,0,0,0,0,2,,
2026-01-14 18:12:21,48,19,19,0,"fit: 2, efit: 12","fit: 2, efit: 12",,,,0,0,0,0,2,,
2026-01-14 18:42:25,48,19,19,0,"fit: 2, efit: 13","fit: 2, efit: 13",,,,0,0,0,0,2,,
2026-01-14 19:07:30,48,19,19,0,"fit: 2, efit: 14","fit: 2, efit: 14",,,,0,0,0,0,2,,
2026-01-14 19:34:26,48,19,19,0,"fit: 2, efit: 13","fit: 2, efit: 13",,,,0,0,0,0,2,,
2026-01-14 19:37:34,48,19,19,0,"fit: 2, efit: 12","fit: 2, efit: 12",,,,0,0,0,0,2,,
2026-01-14 20:18:36,48,19,19,0,"fit: 3, efit: 12","fit: 3, efit: 12",,,,0,0,0,0,2,,
2026-01-14 20:19:37,48,19,19,0,"fit: 3, efit: 11","fit: 3, efit: 11",,,,0,0,0,0,2,,
2026-01-14 20:23:37,48,19,19,0,"fit: 3, efit: 10","fit: 3, efit: 10",,,,0,0,0,0,2,,
2026-01-14 21:57:56,48,19,19,0,"fit: 3, efit: 9","fit: 3, efit: 9",,,,0,0,0,0,2,,
2026-01-14 22:00:02,48,19,19,0,"fit: 3, efit: 8","fit: 3, efit: 8",,,,0,0,0,0,2,,
2026-01-14 23:28:11,48,19,19,0,"fit: 3, efit: 7","fit: 3, efit: 7",,,,0,0,0,0,2,,
2026-01-15 00:00:32,48,19,19,0,"fit: 3, efit: 7","fit: 3, efit: 7",,,,0,0,0,0,2,,
2026-01-15 00:09:15,48,19,19,0,"fit: 3, efit: 6","fit: 3, efit: 6",,,,0,0,0,0,2,,
2026-01-15 05:05:07,48,19,19,0,"fit: 3, efit: 5","fit: 3, efit: 5",,,,0,0,0,0,2,,
2026-01-15 06:27:07,48,19,19,0,"fit: 3, efit: 6","fit: 3, efit: 6",,,,0,0,0,0,2,,
2026-01-15 07:17:19,48,19,19,0,"fit: 3, efit: 7","fit: 3, efit: 7",,,,0,0,0,0,2,,
2026-01-15 07:32:23,48,19,19,0,"fit: 3, efit: 6","fit: 3, efit: 6",,,,0,0,0,0,2,,
2026-01-15 07:44:30,48,19,19,0,"fit: 3, efit: 5","fit: 3, efit: 5",,,,0,0,0,0,2,,
2026-01-15 08:24:36,48,19,19,0,"fit: 3, efit: 4","fit: 3, efit: 4",,,,0,0,0,0,2,,
2026-01-15 08:44:39,48,19,19,0,"fit: 3, efit: 3","fit: 3, efit: 3",,,,0,0,0,0,2,,
2026-01-15 09:07:46,48,19,19,0,"fit: 3, efit: 2","fit: 3, efit: 2",,,,0,0,0,0,2,,
2026-01-15 09:14:44,48,19,19,0,"fit: 3, efit: 1","fit: 3, efit: 1",,,,0,0,0,0,2,,
2026-01-15 09:27:51,48,19,19,0,fit: 3,fit: 3,,,,0,0,0,0,2,,
2026-01-15 09:40:54,48,19,19,0,fit: 2,fit: 2,,,,0,0,0,0,2,,
2026-01-15 10:00:58,48,19,19,0,fit: 1,fit: 1,,,,0,0,0,0,2,,
2026-01-15 10:21:02,48,19,19,0,"fit: 1, efit: 1","fit: 1, efit: 1",,,,0,0,0,0,2,,
2026-01-15 10:39:58,48,19,19,0,fit: 1,fit: 1,,,,0,0,0,0,2,,
2026-01-15 12:15:15,48,19,19,0,"fit: 1, efit: 1","fit: 1, efit: 1",,,,0,0,0,0,2,,
2026-01-15 12:36:25,48,19,19,0,"fit: 1, efit: 2","fit: 1, efit: 2",,,,0,0,0,0,2,,
2026-01-15 13:41:36,48,19,19,0,"fit: 1, efit: 1","fit: 1, efit: 1",,,,0,0,0,0,2,,
2026-01-15 14:00:33,48,19,19,0,fit: 1,fit: 1,,,,0,0,0,0,2,,
2026-01-15 14:24:03,48,19,19,0,"fit: 1, efit: 1","fit: 1, efit: 1",,,,0,0,0,0,2,,
2026-01-15 14:30:38,48,19,19,0,"fit: 1, efit: 2","fit: 1, efit: 2",,,,0,0,0,0,2,,
2026-01-15 14:36:46,48,19,19,0,"fit: 1, efit: 3","fit: 1, efit: 3",,,,0,0,0,0,2,,
2026-01-15 14:44:08,48,19,19,0,"fit: 1, efit: 2","fit: 1, efit: 2",,,,0,0,0,0,2,,
2026-01-15 14:49:09,48,19,19,0,"fit: 1, efit: 1","fit: 1, efit: 1",,,,0,0,0,0,2,,
2026-01-15 15:09:14,48,19,19,0,"fit: 1, efit: 2","fit: 1, efit: 2",,,,0,0,0,0,2,,
2026-01-15 15:34:20,48,19,19,0,"fit: 1, efit: 3","fit: 1, efit: 3",,,,0,0,0,0,2,,
2026-01-15 15:51:58,48,19,19,0,"fit: 1, efit: 4","fit: 1, efit: 4",,,,0,0,0,0,2,,
2026-01-15 16:42:07,48,19,19,0,"fit: 1, efit: 5","fit: 1, efit: 5",,,,0,0,0,0,2,,
2026-01-15 17:21:05,48,19,19,0,"fit: 2, efit: 5","fit: 2, efit: 5",,,,0,0,0,0,2,,
2026-01-15 17:29:48,48,19,19,0,"fit: 2, efit: 6","fit: 2, efit: 6",,,,0,0,0,0,2,,
2026-01-15 17:31:06,48,19,19,0,"fit: 2, efit: 7","fit: 2, efit: 7",,,,0,0,0,0,2,,
2026-01-15 17:46:09,48,19,19,0,"fit: 3, efit: 6","fit: 3, efit: 6",,,,0,0,0,0,2,,
2026-01-15 18:09:58,48,19,19,0,"fit: 3, efit: 7","fit: 3, efit: 7",,,,0,0,0,0,2,,
2026-01-15 18:20:01,48,19,19,0,"fit: 3, efit: 8","fit: 3, efit: 8",,,,0,0,0,0,2,,
2026-01-15 18:42:28,48,19,19,0,"fit: 3, efit: 9","fit: 3, efit: 9",,,,0,0,0,0,2,,
2026-01-15 19:00:10,48,19,19,0,"fit: 3, efit: 10","fit: 3, efit: 10",,,,0,0,0,0,2,,
2026-01-15 19:32:36,48,19,19,0,"fit: 3, efit: 9","fit: 3, efit: 9",,,,0,0,0,0,2,,
2026-01-15 19:40:20,48,19,19,0,"fit: 3, efit: 8","fit: 3, efit: 8",,,,0,0,0,0,2,,
2026-01-15 20:12:43,48,19,19,0,"fit: 3, efit: 9","fit: 3, efit: 9",,,,0,0,0,0,2,,
2026-01-15 20:20:30,48,19,19,0,"fit: 3, efit: 10","fit: 3, efit: 10",,,,0,0,0,0,2,,
2026-01-15 20:25:31,48,19,19,0,"fit: 5, efit: 9","fit: 4, efit: 9",fit: 1,,,0,0,0,0,2,,
2026-01-15 20:27:45,48,19,19,0,"fit: 5, efit: 8","fit: 4, efit: 8",fit: 1,,,0,0,0,0,2,,
2026-01-15 21:02:52,48,19,19,0,"fit: 5, efit: 9","fit: 4, efit: 9",fit: 1,,,0,0,0,0,2,,
2026-01-15 21:05:42,48,19,19,0,"fit: 5, efit: 8","fit: 4, efit: 8",fit: 1,,,0,0,0,0,2,,
2026-01-16 00:01:24,48,19,19,0,"fit: 5, efit: 8","fit: 4, efit: 8",fit: 1,,,0,0,0,0,2,,
2026-01-16 04:02:46,48,19,19,0,"fit: 5, efit: 8","fit: 4, efit: 7",fit: 1,,,0,0,0,0,2,,
2026-01-16 07:33:13,48,19,19,0,"fit: 5, efit: 7","fit: 4, efit: 6",fit: 1,,,0,0,0,0,2,,
2026-01-16 08:34:49,48,19,19,0,"fit: 5, efit: 6","fit: 4, efit: 5",fit: 1,,,0,0,0,0,2,,
2026-01-16 08:38:28,48,19,19,0,"fit: 5, efit: 5","fit: 4, efit: 4",fit: 1,,,0,0,0,0,2,,
2026-01-16 08:43:29,48,19,19,0,"fit: 5, efit: 3","fit: 4, efit: 2",fit: 1,,,0,0,0,0,2,,
2026-01-16 08:48:30,48,19,19,0,"fit: 5, efit: 1",fit: 4,fit: 1,,,0,0,0,0,2,,
2026-01-16 09:45:01,48,19,19,0,"fit: 3, efit: 1",fit: 2,fit: 1,,,0,0,0,0,2,,
2026-01-16 11:00:14,48,19,19,0,"fit: 3, efit: 2","fit: 2, efit: 1",fit: 1,,,0,0,0,0,2,,
2026-01-16 11:33:55,48,19,19,0,"fit: 4, efit: 2","fit: 3, efit: 1",fit: 1,,,0,0,0,0,2,,
2026-01-16 11:35:21,48,19,19,0,"fit: 4, efit: 6","fit: 3, efit: 5",fit: 1,,,0,0,0,0,2,,
2026-01-16 11:38:56,48,19,19,0,"fit: 3, efit: 5","fit: 3, efit: 5",,,,0,0,0,0,2,,
2026-01-16 11:40:22,48,19,19,0,"fit: 4, efit: 6","fit: 4, efit: 6",,,,0,0,0,0,2,,
2026-01-16 11:45:23,48,19,19,0,"fit: 4, efit: 5","fit: 4, efit: 5",,,,0,0,0,0,2,,
2026-01-16 11:53:58,48,19,19,0,"fit: 4, efit: 4","fit: 4, efit: 4",,,,0,0,0,0,2,,
2026-01-16 12:04:00,48,19,19,0,"fit: 4, efit: 5","fit: 4, efit: 5",,,,0,0,0,0,2,,
2026-01-16 12:10:27,48,19,19,0,"fit: 5, efit: 5","fit: 5, efit: 5",,,,0,0,0,0,2,,
2026-01-16 12:24:04,48,19,19,0,"fit: 5, efit: 6","fit: 5, efit: 6",,,,0,0,0,0,2,,
2026-01-16 12:34:05,48,19,19,0,"fit: 5, efit: 7","fit: 5, efit: 7",,,,0,0,0,0,2,,
2026-01-16 12:35:32,48,19,19,0,"fit: 5, efit: 6","fit: 5, efit: 6",,,,0,0,0,0,2,,
2026-01-16 13:09:11,48,19,19,0,"fit: 5, efit: 7","fit: 5, efit: 7",,,,0,0,0,0,2,,
2026-01-16 13:14:12,48,19,19,0,"fit: 5, efit: 6","fit: 5, efit: 6",,,,0,0,0,0,2,,
2026-01-16 13:20:39,48,19,19,0,"fit: 5, efit: 7","fit: 5, efit: 7",,,,0,0,0,0,2,,
2026-01-16 13:25:40,48,19,19,0,"fit: 5, efit: 8","fit: 5, efit: 8",,,,0,0,0,0,2,,
2026-01-16 13:29:14,48,19,19,0,"fit: 5, efit: 7","fit: 5, efit: 7",,,,0,0,0,0,2,,
2026-01-16 13:34:15,48,19,19,0,"fit: 5, efit: 9","fit: 5, efit: 9",,,,0,0,0,0,2,,
2026-01-16 13:44:17,48,19,19,0,"fit: 5, efit: 10","fit: 5, efit: 10",,,,0,0,0,0,2,,
2026-01-16 14:19:22,48,19,19,0,"fit: 5, efit: 9","fit: 5, efit: 9",,,,0,0,0,0,2,,
2026-01-16 14:49:57,48,19,19,0,"fit: 5, efit: 8","fit: 5, efit: 8",,,,0,0,0,0,2,,
2026-01-16 15:10:59,48,19,19,0,"fit: 5, efit: 9","fit: 5, efit: 9",,,,0,0,0,0,2,,
2026-01-16 15:19:33,48,19,19,0,"fit: 5, efit: 10","fit: 5, efit: 10",,,,0,0,0,0,2,,
2026-01-16 15:34:35,48,19,19,0,"fit: 6, efit: 9","fit: 6, efit: 9",,,,0,0,0,0,2,,
2026-01-16 15:49:38,48,19,19,0,"fit: 6, efit: 10","fit: 6, efit: 10",,,,0,0,0,0,2,,
2026-01-16 15:54:38,48,19,19,0,"fit: 6, efit: 11","fit: 6, efit: 11",,,,0,0,0,0,2,,
2026-01-16 16:00:15,48,19,19,0,"fit: 7, efit: 11","fit: 7, efit: 11",,,,0,0,0,0,2,,
2026-01-16 16:04:40,48,19,19,0,"fit: 7, efit: 12","fit: 7, efit: 12",,,,0,0,0,0,2,,
2026-01-16 17:04:50,48,19,19,0,"fit: 7, efit: 11","fit: 7, efit: 11",,,,0,0,0,0,2,,
2026-01-16 17:05:31,48,19,19,0,"fit: 7, efit: 10","fit: 7, efit: 10",,,,0,0,0,0,2,,
2026-01-16 17:14:51,48,19,19,0,"fit: 7, efit: 9","fit: 7, efit: 9",,,,0,0,0,0,2,,
2026-01-16 18:15:01,48,19,19,0,"fit: 7, efit: 8","fit: 7, efit: 8",,,,0,0,0,0,2,,
2026-01-16 18:25:03,48,19,19,0,"fit: 7, efit: 7","fit: 7, efit: 7",,,,0,0,0,0,2,,
2026-01-16 18:41:35,48,19,19,0,"fit: 7, efit: 8","fit: 7, efit: 8",,,,0,0,0,0,2,,
2026-01-16 18:50:57,48,19,19,0,"fit: 8, efit: 8","fit: 8, efit: 8",,,,0,0,0,0,2,,
2026-01-16 18:55:59,48,19,19,0,"fit: 9, efit: 8","fit: 9, efit: 8",,,,0,0,0,0,2,,
2026-01-16 19:00:09,48,19,19,0,"fit: 9, efit: 6","fit: 9, efit: 6",,,,0,0,0,0,2,,
2026-01-16 19:05:10,48,19,19,0,"fit: 9, efit: 5","fit: 9, efit: 5",,,,0,0,0,0,2,,
2026-01-16 19:16:04,48,19,19,0,"fit: 9, efit: 6","fit: 9, efit: 6",,,,0,0,0,0,2,,
2026-01-16 19:50:17,48,19,19,0,"fit: 9, efit: 5","fit: 9, efit: 5",,,,0,0,0,0,2,,
2026-01-16 19:56:13,48,19,19,0,"fit: 9, efit: 4","fit: 9, efit: 4",,,,0,0,0,0,2,,
2026-01-16 19:56:48,48,19,19,0,"fit: 9, efit: 3","fit: 9, efit: 3",,,,0,0,0,0,2,,
2026-01-16 20:01:15,48,19,19,0,"fit: 9, efit: 4","fit: 9, efit: 4",,,,0,0,0,0,2,,
2026-01-16 20:01:48,48,19,19,0,"fit: 9, efit: 3","fit: 9, efit: 3",,,,0,0,0,0,2,,
2026-01-16 20:05:20,48,19,19,0,"fit: 9, efit: 4","fit: 9, efit: 4",,,,0,0,0,0,2,,
2026-01-16 20:10:20,48,19,19,0,"fit: 9, efit: 3","fit: 9, efit: 3",,,,0,0,0,0,2,,
2026-01-16 20:21:52,48,19,19,0,"fit: 9, efit: 2","fit: 9, efit: 2",,,,0,0,0,0,2,,
2026-01-16 20:30:24,48,19,19,0,"fit: 10, efit: 2","fit: 10, efit: 2",,,,0,0,0,0,2,,
2026-01-16 20:31:22,48,19,19,0,"fit: 10, efit: 1","fit: 10, efit: 1",,,,0,0,0,0,2,,
2026-01-16 21:05:29,48,19,19,0,"fit: 10, efit: 2","fit: 10, efit: 2",,,,0,0,0,0,2,,
2026-01-16 21:45:36,48,19,19,0,"fit: 10, efit: 1","fit: 10, efit: 1",,,,0,0,0,0,2,,
2026-01-16 22:20:41,48,19,19,0,"fit: 10, efit: 2","fit: 10, efit: 2",,,,0,0,0,0,2,,
2026-01-16 22:45:45,48,19,19,0,"fit: 10, efit: 3","fit: 10, efit: 3",,,,0,0,0,0,2,,
2026-01-17 00:00:57,48,19,19,0,"fit: 10, efit: 3","fit: 10, efit: 3",,,,0,0,0,0,2,,
2026-01-17 00:31:02,48,19,19,0,"fit: 10, efit: 4","fit: 10, efit: 4",,,,0,0,0,0,2,,
2026-01-17 02:11:18,48,19,19,0,"fit: 10, efit: 3","fit: 10, efit: 3",,,,0,0,0,0,2,,
2026-01-17 09:17:26,48,19,19,0,"fit: 10, efit: 2","fit: 10, efit: 2",,,,0,0,0,0,2,,
2026-01-17 09:37:29,48,19,19,0,"fit: 10, efit: 3","fit: 10, efit: 3",,,,0,0,0,0,2,,
2026-01-17 09:42:30,48,19,19,0,"fit: 10, efit: 1","fit: 10, efit: 1",,,,0,0,0,0,2,,
2026-01-17 10:39:39,48,19,19,0,fit: 10,fit: 10,,,,0,0,0,0,2,,
2026-01-17 11:27:46,48,19,19,0,"fit: 10, efit: 1","fit: 10, efit: 1",,,,0,0,0,0,2,,
2026-01-17 11:47:49,48,19,19,0,"fit: 10, efit: 2","fit: 10, efit: 2",,,,0,0,0,0,2,,
2026-01-17 11:49:55,48,19,19,0,"fit: 10, efit: 1","fit: 10, efit: 1",,,,0,0,0,0,2,,
2026-01-17 11:59:28,48,19,19,0,fit: 10,fit: 10,,,,0,0,0,0,2,,
2026-01-17 12:02:51,48,19,19,0,"fit: 10, efit: 1","fit: 10, efit: 1",,,,0,0,0,0,2,,
2026-01-17 12:24:32,48,19,19,0,fit: 10,fit: 10,,,,0,0,0,0,2,,
2026-01-17 12:30:05,48,19,19,0,fit: 9,fit: 9,,,,0,0,0,0,2,,
2026-01-17 12:42:58,48,19,19,0,"fit: 9, efit: 1","fit: 9, efit: 1",,,,0,0,0,0,2,,
2026-01-17 12:47:58,48,19,19,0,"fit: 9, efit: 2","fit: 9, efit: 2",,,,0,0,0,0,2,,
2026-01-17 12:58:00,48,19,19,0,"fit: 9, efit: 1","fit: 9, efit: 1",,,,0,0,0,0,2,,
2026-01-17 13:13:03,48,19,19,0,fit: 9,fit: 9,,,,0,0,0,0,2,,
2026-01-17 13:28:05,48,19,19,0,"fit: 9, efit: 1","fit: 9, efit: 1",,,,0,0,0,0,2,,
2026-01-17 13:33:06,48,19,19,0,fit: 9,fit: 9,,,,0,0,0,0,2,,
2026-01-17 13:34:44,48,19,19,0,"fit: 8, efit: 1","fit: 8, efit: 1",,,,0,0,0,0,2,,
2026-01-17 13:39:45,48,19,19,0,"fit: 8, efit: 2","fit: 8, efit: 2",,,,0,0,0,0,2,,
2026-01-17 14:09:50,48,19,19,0,"fit: 8, efit: 1","fit: 8, efit: 1",,,,0,0,0,0,2,,
2026-01-17 14:13:12,48,19,19,0,"fit: 8, efit: 2","fit: 8, efit: 2",,,,0,0,0,0,2,,
2026-01-17 14:23:13,48,19,19,0,"fit: 8, efit: 3","fit: 8, efit: 3",,,,0,0,0,0,2,,
2026-01-17 14:54:58,48,19,19,0,"fit: 8, efit: 5","fit: 8, efit: 5",,,,0,0,0,0,2,,
2026-01-17 15:10:01,48,19,19,0,"fit: 8, efit: 4","fit: 8, efit: 4",,,,0,0,0,0,2,,
2026-01-17 15:20:47,48,19,19,0,"fit: 8, efit: 3","fit: 8, efit: 3",,,,0,0,0,0,2,,
2026-01-17 15:25:03,48,19,19,0,"fit: 8, efit: 4","fit: 8, efit: 4",,,,0,0,0,0,2,,
2026-01-17 15:30:50,48,19,19,0,"fit: 8, efit: 3","fit: 8, efit: 3",,,,0,0,0,0,2,,
2026-01-17 15:35:05,48,19,19,0,"fit: 8, efit: 2","fit: 8, efit: 2",,,,0,0,0,0,2,,
2026-01-17 15:35:51,48,19,19,0,"fit: 9, efit: 1","fit: 9, efit: 1",,,,0,0,0,0,2,,
2026-01-17 15:45:53,48,19,19,0,"fit: 9, efit: 2","fit: 9, efit: 2",,,,0,0,0,0,2,,
2026-01-17 15:50:08,48,19,19,0,"fit: 9, efit: 3","fit: 9, efit: 3",,,,0,0,0,0,2,,
2026-01-17 16:13:31,48,19,19,0,"fit: 9, efit: 4","fit: 9, efit: 4",,,,0,0,0,0,2,,
2026-01-17 16:25:14,48,19,19,0,"fit: 9, efit: 2","fit: 9, efit: 2",,,,0,0,0,0,2,,
2026-01-17 16:53:37,48,19,19,0,"fit: 9, efit: 2","fit: 9, efit: 1",,,,0,0,0,0,2,,
2026-01-17 16:58:37,48,19,19,0,"fit: 10, efit: 2","fit: 10, efit: 1",,,,0,0,0,0,2,,
2026-01-17 17:10:22,48,19,19,0,"fit: 10, efit: 1",fit: 10,,,,0,0,0,0,2,,
2026-01-17 17:31:19,48,19,19,0,"fit: 9, efit: 1",fit: 9,,,,0,0,0,0,2,,
2026-01-17 17:36:20,48,19,19,0,"fit: 8, efit: 1",fit: 8,,,,0,0,0,0,2,,
2026-01-17 17:55:30,48,19,19,0,"fit: 8, efit: 2","fit: 8, efit: 1",,,,0,0,0,0,2,,
2026-01-17 18:05:32,48,19,19,0,"fit: 8, efit: 1",fit: 8,,,,0,0,0,0,2,,
2026-01-17 18:08:49,48,19,19,0,"fit: 8, efit: 2","fit: 8, efit: 1",,,,0,0,0,0,2,,
2026-01-17 18:13:50,48,19,19,0,"fit: 8, efit: 3","fit: 8, efit: 2",,,,0,0,0,0,2,,
2026-01-17 18:38:54,48,19,19,0,"fit: 9, efit: 2","fit: 9, efit: 1",,,,0,0,0,0,2,,
2026-01-17 18:55:40,48,19,19,0,"fit: 9, efit: 4","fit: 9, efit: 3",,,,0,0,0,0,2,,
2026-01-17 19:01:41,48,19,19,0,"fit: 9, efit: 3","fit: 9, efit: 2",,,,0,0,0,0,2,,
2026-01-17 19:13:59,48,19,19,0,"fit: 10, efit: 2","fit: 10, efit: 1",,,,0,0,0,0,2,,
2026-01-17 19:25:45,48,19,19,0,"fit: 9, efit: 2","fit: 9, efit: 1",,,,0,0,0,0,2,,
2026-01-17 19:30:46,48,19,19,0,"fit: 9, efit: 3","fit: 9, efit: 2",,,,0,0,0,0,2,,
2026-01-17 19:39:04,48,19,19,0,"fit: 8, efit: 3","fit: 8, efit: 2",,,,0,0,0,0,2,,
2026-01-17 20:14:09,48,19,19,0,"fit: 8, efit: 4","fit: 8, efit: 3",,,,0,0,0,0,2,,
2026-01-17 20:15:54,48,19,19,0,"fit: 8, efit: 5","fit: 8, efit: 4",,,,0,0,0,0,2,,
2026-01-17 20:29:11,48,19,19,0,"fit: 8, efit: 4","fit: 8, efit: 3",,,,0,0,0,0,2,,
2026-01-17 20:34:12,48,19,19,0,"fit: 8, efit: 5","fit: 8, efit: 4",,,,0,0,0,0,2,,
2026-01-17 20:35:57,48,19,19,0,"fit: 8, efit: 4","fit: 8, efit: 3",,,,0,0,0,0,2,,
2026-01-17 20:37:04,48,19,19,0,"fit: 9, efit: 4","fit: 9, efit: 3",,,,0,0,0,0,2,,
2026-01-17 21:11:04,48,19,19,0,"fit: 9, efit: 5","fit: 9, efit: 4",,,,0,0,0,0,2,,
2026-01-17 21:27:15,48,19,19,0,"fit: 8, efit: 5","fit: 8, efit: 4",,,,0,0,0,0,2,,
2026-01-17 21:29:21,48,19,19,0,"fit: 9, efit: 5","fit: 9, efit: 4",,,,0,0,0,0,2,,
2026-01-17 21:31:07,48,19,19,0,"fit: 9, efit: 6","fit: 9, efit: 5",,,,0,0,0,0,2,,
2026-01-17 21:34:22,48,19,19,0,"fit: 9, efit: 6","fit: 9, efit: 4",,,,0,0,0,0,2,,
2026-01-17 21:44:23,48,19,19,0,"fit: 9, efit: 5","fit: 9, efit: 3",,,,0,0,0,0,2,,
2026-01-17 21:54:25,48,19,19,0,"fit: 8, efit: 5","fit: 8, efit: 3",,,,0,0,0,0,2,,
2026-01-17 22:27:30,48,19,19,0,"fit: 8, efit: 4","fit: 8, efit: 2",,,,0,0,0,0,2,,
2026-01-17 22:36:18,48,19,19,0,"fit: 8, efit: 3","fit: 8, efit: 1",,,,0,0,0,0,2,,
2026-01-18 00:01:32,48,19,19,0,"fit: 8, efit: 3","fit: 8, efit: 1",,,,0,0,0,0,2,,
2026-01-18 00:02:53,48,19,19,0,"fit: 8, efit: 4","fit: 8, efit: 2",,,,0,0,0,0,2,,
2026-01-18 00:07:54,48,19,19,0,"fit: 8, efit: 3","fit: 8, efit: 1",,,,0,0,0,0,2,,
2026-01-18 00:22:57,48,19,19,0,"fit: 8, efit: 4","fit: 8, efit: 2",,,,0,0,0,0,2,,
2026-01-18 01:56:52,48,19,19,0,"fit: 7, efit: 4","fit: 7, efit: 2",,,,0,0,0,0,2,,
2026-01-18 01:58:20,48,19,19,0,"fit: 8, efit: 3","fit: 8, efit: 1",,,,0,0,0,0,2,,
2026-01-18 02:13:24,48,19,19,0,"fit: 8, efit: 4","fit: 8, efit: 2",,,,0,0,0,0,2,,
2026-01-18 02:53:34,48,19,19,0,"fit: 8, efit: 5","fit: 8, efit: 3",,,,0,0,0,0,2,,
2026-01-18 08:17:55,48,19,19,0,"fit: 8, efit: 4","fit: 8, efit: 2",,,,0,0,0,0,2,,
2026-01-18 08:54:59,48,19,19,0,"fit: 8, efit: 3","fit: 8, efit: 3",,,,0,0,0,0,2,,
2026-01-18 08:56:09,48,19,19,0,"fit: 8, efit: 4","fit: 8, efit: 4",,,,0,0,0,0,2,,
2026-01-18 09:40:11,48,19,19,0,"fit: 9, efit: 4","fit: 9, efit: 4",,,,0,0,0,0,2,,
2026-01-18 10:03:13,48,19,19,0,"fit: 9, efit: 3","fit: 9, efit: 3",,,,0,0,0,0,2,,
2026-01-18 10:08:14,48,19,19,0,"fit: 9, efit: 4","fit: 9, efit: 4",,,,0,0,0,0,2,,
2026-01-18 10:10:19,48,19,19,0,"fit: 9, efit: 3","fit: 9, efit: 3",,,,0,0,0,0,2,,
2026-01-18 10:58:23,48,19,19,0,"fit: 9, efit: 5","fit: 9, efit: 5",,,,0,0,0,0,2,,
2026-01-18 11:16:31,48,19,19,0,"fit: 9, efit: 6","fit: 9, efit: 6",,,,0,0,0,0,2,,
2026-01-18 11:55:45,48,19,19,0,"fit: 9, efit: 7","fit: 9, efit: 7",,,,0,0,0,0,2,,
2026-01-18 12:31:42,48,19,19,0,"fit: 9, efit: 6","fit: 9, efit: 6",,,,0,0,0,0,2,,
2026-01-18 12:33:39,48,19,19,0,"fit: 9, efit: 5","fit: 9, efit: 5",,,,0,0,0,0,2,,
2026-01-18 13:01:01,48,19,19,0,"fit: 9, efit: 6","fit: 9, efit: 6",,,,0,0,0,0,2,,
2026-01-18 13:08:45,48,19,19,0,"fit: 9, efit: 5","fit: 9, efit: 5",,,,0,0,0,0,2,,
2026-01-18 13:11:49,48,19,19,0,"fit: 9, efit: 4","fit: 9, efit: 4",,,,0,0,0,0,2,,
2026-01-18 13:31:52,48,19,19,0,"fit: 9, efit: 5","fit: 9, efit: 5",,,,0,0,0,0,2,,
2026-01-18 13:51:13,48,19,19,0,"fit: 9, efit: 4","fit: 9, efit: 4",,,,0,0,0,0,2,,
2026-01-18 13:53:52,48,19,19,0,"fit: 9, efit: 5","fit: 9, efit: 5",,,,0,0,0,0,2,,
2026-01-18 13:56:15,48,19,19,0,"fit: 9, efit: 4","fit: 9, efit: 4",,,,0,0,0,0,2,,
2026-01-18 14:01:16,48,19,19,0,"fit: 9, efit: 5","fit: 9, efit: 5",,,,0,0,0,0,2,,
2026-01-18 14:03:54,48,19,19,0,"fit: 9, efit: 4","fit: 9, efit: 4",,,,0,0,0,0,2,,
2026-01-18 14:13:56,48,19,19,0,"fit: 9, efit: 3","fit: 9, efit: 3",,,,0,0,0,0,2,,
2026-01-18 15:04:04,48,19,19,0,"fit: 9, efit: 4","fit: 9, efit: 4",,,,0,0,0,0,2,,
2026-01-18 15:06:32,48,19,19,0,"fit: 9, efit: 3","fit: 9, efit: 3",,,,0,0,0,0,2,,
2026-01-18 15:16:34,48,19,19,0,"fit: 9, efit: 2","fit: 9, efit: 2",,,,0,0,0,0,2,,
2026-01-18 15:41:40,48,19,19,0,"fit: 9, efit: 1","fit: 9, efit: 1",,,,0,0,0,0,2,,
2026-01-18 16:31:52,48,19,19,0,"fit: 10, efit: 1","fit: 10, efit: 1",,,,0,0,0,0,2,,
2026-01-18 17:04:25,48,19,19,0,"fit: 9, efit: 1","fit: 9, efit: 1",,,,0,0,0,0,2,,
2026-01-18 17:22:05,48,19,19,0,"fit: 8, efit: 1","fit: 8, efit: 1",,,,0,0,0,0,2,,
2026-01-18 17:37:08,48,19,19,0,fit: 8,fit: 8,,,,0,0,0,0,2,,
2026-01-18 17:49:33,48,19,19,0,fit: 7,fit: 7,,,,0,0,0,0,2,,
2026-01-18 18:19:38,48,19,19,0,fit: 5,fit: 5,,,,0,0,0,0,2,,
2026-01-18 18:37:23,48,19,19,0,"fit: 5, efit: 1","fit: 5, efit: 1",,,,0,0,0,0,2,,
2026-01-18 18:37:40,48,19,19,0,"fit: 5, efit: 2","fit: 5, efit: 2",,,,0,0,0,0,2,,
2026-01-18 19:12:31,48,19,19,0,"fit: 5, efit: 3","fit: 5, efit: 3",,,,0,0,0,0,2,,
2026-01-18 19:47:39,48,19,19,0,"fit: 5, efit: 2","fit: 5, efit: 2",,,,0,0,0,0,2,,
2026-01-18 20:17:46,48,19,19,0,"fit: 5, efit: 3","fit: 5, efit: 3",,,,0,0,0,0,2,,
2026-01-18 20:40:02,48,19,19,0,"fit: 5, efit: 4","fit: 5, efit: 4",,,,0,0,0,0,2,,
2026-01-18 21:13:00,48,19,19,0,"fit: 5, efit: 5","fit: 5, efit: 5",,,,0,0,0,0,2,,
2026-01-18 21:30:11,48,19,19,0,"fit: 5, efit: 4","fit: 5, efit: 4",,,,0,0,0,0,2,,
2026-01-18 22:15:19,48,19,19,0,"fit: 5, efit: 5","fit: 5, efit: 5",,,,0,0,0,0,2,,
2026-01-18 23:15:29,48,19,19,0,"fit: 5, efit: 4","fit: 5, efit: 3",,,,0,0,0,0,2,,
2026-01-19 00:00:37,48,19,19,0,"fit: 5, efit: 4","fit: 5, efit: 3",,,,0,0,0,0,2,,
2026-01-19 01:03:38,48,19,19,0,"fit: 5, efit: 5","fit: 5, efit: 4",,,,0,0,0,0,2,,
2026-01-19 01:05:48,48,19,19,0,"fit: 5, efit: 6","fit: 5, efit: 5",,,,0,0,0,0,2,,
2026-01-19 01:25:52,48,19,19,0,"fit: 6, efit: 7","fit: 6, efit: 6",,,,0,0,0,0,2,,
2026-01-19 07:46:57,48,19,19,0,"fit: 6, efit: 6","fit: 6, efit: 5",,,,0,0,0,0,2,,
2026-01-19 08:37:05,48,19,19,0,"fit: 6, efit: 5","fit: 6, efit: 5",,,,0,0,0,0,2,,
2026-01-19 08:39:57,48,19,19,0,"fit: 6, efit: 6","fit: 6, efit: 6",,,,0,0,0,0,2,,
2026-01-19 08:40:44,48,19,19,0,"fit: 6, efit: 6","fit: 6, efit: 5",efit: 1,,,0,0,0,0,2,,
2026-01-19 08:55:00,48,19,19,0,"fit: 6, efit: 5","fit: 6, efit: 4",efit: 1,,,0,0,0,0,2,,
2026-01-19 10:02:20,48,19,19,0,"fit: 6, efit: 4","fit: 6, efit: 3",efit: 1,,,0,0,0,0,2,,
2026-01-19 10:45:19,48,19,19,0,"fit: 6, efit: 5","fit: 6, efit: 4",efit: 1,,,0,0,0,0,2,,
2026-01-19 10:50:20,48,19,19,0,"fit: 6, efit: 6","fit: 6, efit: 4",efit: 2,,,0,0,0,0,2,,
2026-01-19 11:00:21,48,19,19,0,"fit: 6, efit: 5","fit: 6, efit: 3",efit: 2,,,0,0,0,0,2,,
2026-01-19 11:40:28,48,19,19,0,"fit: 6, efit: 6","fit: 6, efit: 4",efit: 2,,,0,0,0,0,2,,
2026-01-19 12:05:32,48,19,19,0,"fit: 6, efit: 5","fit: 6, efit: 3",efit: 2,,,0,0,0,0,2,,
2026-01-19 12:10:33,48,19,19,0,"fit: 6, efit: 6","fit: 6, efit: 4",efit: 2,,,0,0,0,0,2,,
2026-01-19 12:46:46,48,19,19,0,"fit: 6, efit: 5","fit: 6, efit: 3",efit: 2,,,0,0,0,0,2,,
2026-01-19 14:00:51,48,19,19,0,"fit: 6, efit: 5","fit: 6, efit: 2",efit: 2,,,0,0,0,0,2,,
2026-01-19 14:08:03,48,19,19,0,"fit: 6, efit: 4","fit: 6, efit: 1",efit: 2,,,0,0,0,0,2,,
2026-01-19 14:10:53,48,19,19,0,"fit: 6, efit: 3",fit: 6,efit: 2,,,0,0,0,0,2,,
2026-01-19 14:15:53,48,19,19,0,"fit: 6, efit: 4","fit: 6, efit: 1",efit: 2,,,0,0,0,0,2,,
2026-01-19 14:20:54,48,19,19,0,"fit: 6, efit: 2","fit: 6, efit: 1",efit: 1,,,0,0,0,0,2,,
2026-01-19 14:23:06,48,19,19,0,"fit: 6, efit: 3","fit: 6, efit: 2",efit: 1,,,0,0,0,0,2,,
2026-01-19 14:25:55,48,19,19,0,"fit: 6, efit: 4","fit: 6, efit: 4",,,,0,0,0,0,2,,
2026-01-19 16:17:37,48,19,19,0,"fit: 6, efit: 5","fit: 6, efit: 5",,,,0,0,0,0,2,,
2026-01-19 16:36:17,48,19,19,0,"fit: 8, efit: 5","fit: 8, efit: 5",,,,0,0,0,0,2,,
2026-01-19 17:09:21,48,19,19,0,"fit: 8, efit: 4","fit: 8, efit: 4",,,,0,0,0,0,2,,
2026-01-19 18:08:05,48,19,19,0,"fit: 8, efit: 5","fit: 8, efit: 5",,,,0,0,0,0,2,,
2026-01-19 18:18:08,48,19,19,0,"fit: 8, efit: 6","fit: 8, efit: 6",,,,0,0,0,0,2,,
2026-01-19 18:26:35,48,19,19,0,"fit: 8, efit: 7","fit: 8, efit: 7",,,,0,0,0,0,2,,
2026-01-19 18:28:10,48,19,19,0,"fit: 8, efit: 6","fit: 8, efit: 6",,,,0,0,0,0,2,,
2026-01-19 18:44:38,48,19,19,0,"fit: 8, efit: 5","fit: 8, efit: 5",,,,0,0,0,0,2,,
2026-01-19 18:53:16,48,19,19,0,"fit: 8, efit: 4","fit: 8, efit: 4",,,,0,0,0,0,2,,
2026-01-19 19:01:40,48,19,19,0,"fit: 8, efit: 5","fit: 8, efit: 5",,,,0,0,0,0,2,,
2026-01-19 19:31:45,48,19,19,0,"fit: 8, efit: 4","fit: 8, efit: 4",,,,0,0,0,0,2,,
2026-01-19 21:00:02,48,19,19,0,"fit: 8, efit: 5","fit: 8, efit: 5",,,,0,0,0,0,2,,
2026-01-19 21:57:09,48,19,19,0,"fit: 8, efit: 6","fit: 8, efit: 6",,,,0,0,0,0,2,,
2026-01-19 22:07:10,48,19,19,0,"fit: 8, efit: 5","fit: 8, efit: 5",,,,0,0,0,0,2,,
2026-01-20 00:00:32,48,19,19,0,"fit: 8, efit: 5","fit: 8, efit: 5",,,,0,0,0,0,2,,
2026-01-20 01:07:38,48,19,19,0,"fit: 8, efit: 4","fit: 8, efit: 4",,,,0,0,0,0,2,,
2026-01-20 06:56:10,48,19,19,0,"fit: 8, efit: 3","fit: 8, efit: 3",,,,0,0,0,0,2,,
2026-01-20 07:31:19,48,19,19,0,"fit: 8, efit: 2","fit: 8, efit: 2",,,,0,0,0,0,2,,
2026-01-20 07:36:20,48,19,19,0,"fit: 8, efit: 1","fit: 8, efit: 1",,,,0,0,0,0,2,,
2026-01-20 07:41:22,48,19,19,0,fit: 8,fit: 8,,,,0,0,0,0,2,,
2026-01-20 09:21:46,48,19,19,0,fit: 7,fit: 7,,,,0,0,0,0,2,,
2026-01-20 09:46:52,48,19,19,0,fit: 6,fit: 6,,,,0,0,0,0,2,,
2026-01-20 10:02:15,48,19,19,0,fit: 5,fit: 5,,,,0,0,0,0,2,,
2026-01-20 10:11:58,48,19,19,0,fit: 4,fit: 4,,,,0,0,0,0,2,,
2026-01-20 11:19:16,48,19,19,0,"fit: 4, efit: 1","fit: 4, efit: 1",,,,0,0,0,0,2,,
2026-01-20 11:27:17,48,19,19,0,fit: 4,fit: 4,,,,0,0,0,0,2,,
2026-01-20 12:57:39,48,19,19,0,"fit: 4, efit: 2","fit: 4, efit: 2",,,,0,0,0,0,2,,
2026-01-20 13:34:37,48,19,19,0,"fit: 4, efit: 1","fit: 4, efit: 1",,,,0,0,0,0,2,,
2026-01-20 13:52:54,48,19,19,0,fit: 4,fit: 4,,,,0,0,0,0,2,,
2026-01-20 15:08:04,48,19,19,0,"fit: 4, efit: 1","fit: 4, efit: 1",,,,0,0,0,0,2,,
2026-01-20 15:29:55,48,19,19,0,fit: 3,fit: 3,,,,0,0,0,0,2,,
2026-01-20 15:33:08,48,19,19,0,"fit: 4, efit: 1","fit: 4, efit: 1",,,,0,0,0,0,2,,
2026-01-20 15:54:59,48,19,19,0,fit: 4,fit: 4,,,,0,0,0,0,2,,
2026-01-20 16:48:21,48,19,19,0,fit: 3,fit: 3,,,,0,0,0,0,2,,
2026-01-20 16:48:31,48,19,19,0,fit: 4,fit: 4,,,,0,0,0,0,2,,
2026-01-20 17:20:15,48,19,19,0,"fit: 4, efit: 1","fit: 4, efit: 1",,,,0,0,0,0,2,,
2026-01-20 17:28:28,48,19,19,0,"fit: 4, efit: 2","fit: 4, efit: 2",,,,0,0,0,0,2,,
2026-01-20 17:40:18,48,19,19,0,"fit: 4, efit: 3","fit: 4, efit: 3",,,,0,0,0,0,2,,
2026-01-20 17:43:31,48,19,19,0,"fit: 4, efit: 2","fit: 4, efit: 2",,,,0,0,0,0,2,,
2026-01-20 17:58:33,48,19,19,0,"fit: 5, efit: 3","fit: 5, efit: 3",,,,0,0,0,0,2,,
2026-01-20 18:03:34,48,19,19,0,"fit: 5, efit: 4","fit: 5, efit: 4",,,,0,0,0,0,2,,
2026-01-20 18:13:52,48,19,19,0,"fit: 5, efit: 2","fit: 5, efit: 2",,,,0,0,0,0,2,,
2026-01-20 18:23:37,48,19,19,0,"fit: 5, efit: 3","fit: 5, efit: 3",,,,0,0,0,0,2,,
2026-01-20 18:28:56,48,19,19,0,"fit: 5, efit: 2","fit: 5, efit: 2",,,,0,0,0,0,2,,
2026-01-20 18:43:41,48,19,19,0,"fit: 5, efit: 3","fit: 5, efit: 2",,,,0,0,0,0,2,,
2026-01-20 18:53:42,48,19,19,0,"fit: 5, efit: 4","fit: 5, efit: 3",,,,0,0,0,0,2,,
2026-01-20 19:48:52,48,19,19,0,"fit: 6, efit: 4","fit: 6, efit: 3",,,,0,0,0,0,2,,
2026-01-20 20:15:44,48,19,19,0,"fit: 6, efit: 5","fit: 6, efit: 4",,,,0,0,0,0,2,,
2026-01-20 21:19:08,48,19,19,0,"fit: 7, efit: 5","fit: 7, efit: 4",,,,0,0,0,0,2,,
2026-01-20 21:40:57,48,19,19,0,"fit: 7, efit: 6","fit: 7, efit: 5",,,,0,0,0,0,2,,
2026-01-20 21:44:13,48,19,19,0,"fit: 7, efit: 5","fit: 7, efit: 4",,,,0,0,0,0,2,,
2026-01-20 21:54:14,48,19,19,0,"fit: 7, efit: 6","fit: 7, efit: 5",,,,0,0,0,0,2,,
2026-01-20 22:04:16,48,19,19,0,"fit: 7, efit: 5","fit: 7, efit: 4",,,,0,0,0,0,2,,
2026-01-20 22:44:23,48,19,19,0,"fit: 7, efit: 6","fit: 7, efit: 5",,,,0,0,0,0,2,,
2026-01-20 22:49:23,48,19,19,0,"fit: 7, efit: 5","fit: 7, efit: 4",,,,0,0,0,0,2,,
2026-01-21 00:00:17,48,19,19,0,"fit: 7, efit: 5","fit: 7, efit: 4",,,,0,0,0,0,2,,
2026-01-21 06:51:31,48,19,19,0,"fit: 7, efit: 4","fit: 7, efit: 3",,,,0,0,0,0,2,,
2026-01-21 06:51:57,48,19,19,0,"fit: 7, efit: 4","fit: 7, efit: 2",,,,0,0,0,0,2,,
2026-01-21 07:26:37,48,19,19,0,"fit: 7, efit: 3","fit: 7, efit: 1",,,,0,0,0,0,2,,
2026-01-21 08:57:29,48,19,19,0,"fit: 7, efit: 2",fit: 7,,,,0,0,0,0,2,,
2026-01-21 09:06:54,48,19,19,0,"fit: 7, efit: 3","fit: 7, efit: 1",,,,0,0,0,0,2,,
2026-01-21 09:11:55,48,19,19,0,"fit: 7, efit: 2",fit: 7,,,,0,0,0,0,2,,
2026-01-21 09:57:03,48,19,19,0,"fit: 6, efit: 2",fit: 6,,,,0,0,0,0,2,,
2026-01-21 10:47:12,48,19,19,0,"fit: 5, efit: 2",fit: 5,,,,0,0,0,0,2,,
2026-01-21 10:58:00,48,19,19,0,"fit: 4, efit: 2",fit: 4,,,,0,0,0,0,2,,
2026-01-21 11:07:16,48,19,19,0,"fit: 4, efit: 3","fit: 4, efit: 1",,,,0,0,0,0,2,,
2026-01-21 11:17:17,48,19,19,0,"fit: 4, efit: 4","fit: 4, efit: 2",,,,0,0,0,0,2,,
2026-01-21 11:32:20,48,19,19,0,"fit: 4, efit: 5","fit: 4, efit: 3",,,,0,0,0,0,2,,
2026-01-21 11:38:10,48,19,19,0,"fit: 4, efit: 4","fit: 4, efit: 2",,,,0,0,0,0,2,,
2026-01-21 12:02:25,48,19,19,0,"fit: 4, efit: 5","fit: 4, efit: 3",,,,0,0,0,0,2,,
2026-01-21 12:03:13,48,19,19,0,"fit: 4, efit: 4","fit: 4, efit: 2",,,,0,0,0,0,2,,
2026-01-21 12:17:28,48,19,19,0,"fit: 4, efit: 3","fit: 4, efit: 1",,,,0,0,0,0,2,,
2026-01-21 12:27:29,48,19,19,0,"fit: 4, efit: 2",fit: 4,,,,0,0,0,0,2,,
2026-01-21 12:28:17,48,19,19,0,"fit: 2, efit: 2",fit: 2,,,,0,0,0,0,2,,
2026-01-21 12:57:35,48,19,19,0,"fit: 1, efit: 2",fit: 1,,,,0,0,0,0,2,,
2026-01-21 13:27:40,48,19,19,0,"fit: 1, efit: 3","fit: 1, efit: 1",,,,0,0,0,0,2,,
2026-01-21 13:32:41,48,19,19,0,"fit: 1, efit: 4","fit: 1, efit: 2",,,,0,0,0,0,2,,
2026-01-21 14:32:51,48,19,19,0,"fit: 1, efit: 5","fit: 1, efit: 3",,,,0,0,0,0,2,,
2026-01-21 14:37:52,48,19,19,0,"fit: 1, efit: 3","fit: 1, efit: 1",,,,0,0,0,0,2,,
2026-01-21 14:52:54,48,19,19,0,"fit: 1, efit: 4","fit: 1, efit: 2",,,,0,0,0,0,2,,
2026-01-21 14:53:41,48,19,19,0,"fit: 1, efit: 3","fit: 1, efit: 1",,,,0,0,0,0,2,,
2026-01-21 14:57:55,48,19,19,0,"fit: 1, efit: 2",fit: 1,,,,0,0,0,0,2,,
2026-01-21 15:17:59,48,19,19,0,"fit: 1, efit: 2","fit: 1, efit: 2",,,,0,0,0,0,2,,
2026-01-21 15:18:45,48,19,19,0,"fit: 1, efit: 4","fit: 1, efit: 4",,,,0,0,0,0,2,,
2026-01-21 15:19:03,48,19,19,0,"fit: 1, efit: 5","fit: 1, efit: 5",,,,0,0,0,0,2,,
2026-01-21 15:22:59,48,19,19,0,"fit: 1, efit: 3","fit: 1, efit: 3",,,,0,0,0,0,2,,
2026-01-21 15:23:46,48,19,19,0,"fit: 1, efit: 2","fit: 1, efit: 2",,,,0,0,0,0,2,,
2026-01-21 15:38:02,48,19,19,0,"fit: 1, efit: 3","fit: 1, efit: 3",,,,0,0,0,0,2,,
2026-01-21 15:49:10,48,19,19,0,"fit: 1, efit: 2","fit: 1, efit: 2",,,,0,0,0,0,2,,
2026-01-21 15:58:52,48,19,19,0,"fit: 2, efit: 2","fit: 2, efit: 2",,,,0,0,0,0,2,,
2026-01-21 16:03:07,48,19,19,0,"fit: 2, efit: 3","fit: 2, efit: 3",,,,0,0,0,0,2,,
2026-01-21 16:23:56,48,19,19,0,"fit: 2, efit: 4","fit: 2, efit: 4",,,,0,0,0,0,2,,
2026-01-21 16:44:24,48,19,19,0,"fit: 2, efit: 5","fit: 2, efit: 5",,,,0,0,0,0,2,,
2026-01-21 16:58:16,48,19,19,0,"fit: 2, efit: 7","fit: 2, efit: 7",,,,0,0,0,0,2,,
2026-01-21 17:08:18,48,19,19,0,"fit: 2, efit: 6","fit: 2, efit: 6",,,,0,0,0,0,2,,
2026-01-21 17:09:03,48,19,19,0,"fit: 2, efit: 5","fit: 2, efit: 5",,,,0,0,0,0,2,,
2026-01-21 17:13:19,48,19,19,0,"fit: 2, efit: 7","fit: 2, efit: 7",,,,0,0,0,0,2,,
2026-01-21 17:18:20,48,19,19,0,"fit: 2, efit: 8","fit: 2, efit: 8",,,,0,0,0,0,2,,
2026-01-21 18:08:29,48,19,19,0,"fit: 2, efit: 9","fit: 2, efit: 9",,,,0,0,0,0,2,,
2026-01-21 18:09:13,48,19,19,0,"fit: 2, efit: 10","fit: 2, efit: 10",,,,0,0,0,0,2,,
2026-01-21 18:13:30,48,19,19,0,"fit: 2, efit: 11","fit: 2, efit: 11",,,,0,0,0,0,2,,
2026-01-21 18:18:31,48,19,19,0,"fit: 2, efit: 12","fit: 2, efit: 12",,,,0,0,0,0,2,,
2026-01-21 20:28:53,48,19,19,0,"fit: 2, efit: 11","fit: 2, efit: 11",,,,0,0,0,0,2,,
2026-01-21 21:00:28,48,19,19,0,"fit: 2, efit: 12","fit: 2, efit: 12",,,,0,0,0,0,2,,
2026-01-21 21:03:59,48,19,19,0,"fit: 2, efit: 11","fit: 2, efit: 11",,,,0,0,0,0,2,,
2026-01-21 21:14:01,48,19,19,0,"fit: 2, efit: 12","fit: 2, efit: 12",,,,0,0,0,0,2,,
2026-01-21 22:24:56,48,19,19,0,"fit: 3, efit: 12","fit: 3, efit: 12",,,,0,0,0,0,2,,
2026-01-22 00:00:12,48,19,19,0,"fit: 3, efit: 12","fit: 3, efit: 12",,,,0,0,0,0,2,,
2026-01-22 06:45:42,48,19,19,0,"fit: 3, efit: 11","fit: 3, efit: 11",,,,0,0,0,0,2,,
2026-01-22 07:18:04,48,19,19,0,"fit: 3, efit: 12","fit: 3, efit: 12",,,,0,0,0,0,2,,
2026-01-22 07:35:51,48,19,19,0,"fit: 3, efit: 11","fit: 3, efit: 11",,,,0,0,0,0,2,,
2026-01-22 08:23:19,48,19,19,0,"fit: 4, efit: 11","fit: 4, efit: 11",,,,0,0,0,0,2,,
2026-01-22 08:26:00,48,19,19,0,"fit: 4, efit: 10","fit: 4, efit: 10",,,,0,0,0,0,2,,
2026-01-22 08:36:35,48,19,19,0,"fit: 4, efit: 9","fit: 4, efit: 9",,,,0,0,0,0,2,,
2026-01-22 08:41:35,48,19,19,0,"fit: 4, efit: 8","fit: 4, efit: 8",,,,0,0,0,0,2,,
2026-01-22 08:46:03,48,19,19,0,"fit: 4, efit: 7","fit: 4, efit: 7",,,,0,0,0,0,2,,
2026-01-22 09:01:06,48,19,19,0,"fit: 4, efit: 6","fit: 4, efit: 6",,,,0,0,0,0,2,,
2026-01-22 09:06:40,48,19,19,0,"fit: 4, efit: 5","fit: 4, efit: 5",,,,0,0,0,0,2,,
2026-01-22 09:11:41,48,19,19,0,"fit: 4, efit: 4","fit: 4, efit: 4",,,,0,0,0,0,2,,
2026-01-22 09:13:32,48,19,19,0,"fit: 4, efit: 3","fit: 4, efit: 3",,,,0,0,0,0,2,,
2026-01-22 09:23:34,48,19,19,0,"fit: 4, efit: 4","fit: 4, efit: 4",,,,0,0,0,0,2,,
2026-01-22 09:48:41,48,19,19,0,"fit: 4, efit: 3","fit: 4, efit: 3",,,,0,0,0,0,2,,
2026-01-22 09:56:16,48,19,19,0,"fit: 4, efit: 2","fit: 4, efit: 2",,,,0,0,0,0,2,,
2026-01-22 10:01:17,48,19,19,0,"fit: 4, efit: 2","fit: 4, efit: 1",,,,0,0,0,0,2,,
2026-01-22 10:08:46,48,19,19,0,"fit: 4, efit: 1",fit: 4,,,,0,0,0,0,2,,
2026-01-22 10:16:51,48,19,19,0,"fit: 3, efit: 1",fit: 3,,,,0,0,0,0,2,,
2026-01-22 10:58:58,48,19,19,0,"fit: 2, efit: 1",fit: 2,,,,0,0,0,0,2,,
2026-01-22 11:21:31,48,19,19,0,"fit: 1, efit: 1",fit: 1,,,,0,0,0,0,2,,
2026-01-22 11:31:33,48,19,19,0,efit: 1,,,,,0,0,0,0,2,,
2026-01-22 11:39:09,48,19,19,0,efit: 2,efit: 1,,,,0,0,0,0,2,,
2026-01-22 11:41:34,48,19,19,0,efit: 1,,,,,0,0,0,0,2,,
2026-01-22 11:44:10,48,19,19,0,efit: 2,efit: 1,,,,0,0,0,0,2,,
2026-01-22 11:54:12,48,19,19,0,efit: 3,efit: 2,,,,0,0,0,0,2,,
2026-01-22 12:01:38,48,19,19,0,efit: 2,efit: 1,,,,0,0,0,0,2,,
2026-01-22 12:09:16,48,19,19,0,efit: 3,efit: 2,,,,0,0,0,0,2,,
2026-01-22 12:16:41,48,19,19,0,efit: 4,efit: 3,,,,0,0,0,0,2,,
2026-01-22 12:31:43,48,19,19,0,efit: 5,efit: 4,,,,0,0,0,0,2,,
2026-01-22 12:46:46,48,19,19,0,efit: 4,efit: 3,,,,0,0,0,0,2,,
2026-01-22 12:54:27,48,19,19,0,efit: 3,efit: 2,,,,0,0,0,0,2,,
2026-01-22 12:56:48,48,19,19,0,efit: 2,efit: 1,,,,0,0,0,0,2,,
2026-01-22 12:59:28,48,19,19,0,efit: 1,,,,,0,0,0,0,2,,
2026-01-22 13:09:31,48,19,19,0,efit: 2,efit: 1,,,,0,0,0,0,2,,
2026-01-22 13:16:51,48,19,19,0,efit: 1,,,,,0,0,0,0,2,,
2026-01-22 13:21:52,48,19,19,0,,,,,,0,0,0,0,2,,
2026-01-22 13:22:21,48,19,19,0,efit: 1,efit: 1,,,,0,0,0,0,2,,
2026-01-22 13:46:56,48,19,19,0,,,,,,0,0,0,0,2,,
2026-01-22 13:54:42,48,19,19,0,efit: 1,efit: 1,,,,0,0,0,0,2,,
2026-01-22 14:12:01,48,19,19,0,"fit: 1, efit: 1","fit: 1, efit: 1",,,,0,0,0,0,2,,
2026-01-22 14:14:47,48,19,19,0,fit: 1,fit: 1,,,,0,0,0,0,2,,
2026-01-22 14:24:49,48,19,19,0,"fit: 1, efit: 3","fit: 1, efit: 3",,,,0,0,0,0,2,,
2026-01-22 14:29:50,48,19,19,0,"fit: 1, efit: 4","fit: 1, efit: 4",,,,0,0,0,0,2,,
2026-01-22 14:37:05,48,19,19,0,"fit: 1, efit: 3","fit: 1, efit: 3",,,,0,0,0,0,2,,
2026-01-22 14:54:57,48,19,19,0,"fit: 1, efit: 2","fit: 1, efit: 2",,,,0,0,0,0,2,,
2026-01-22 15:15:02,48,19,19,0,"fit: 1, efit: 1","fit: 1, efit: 1",,,,0,0,0,0,2,,
2026-01-22 15:37:15,48,19,19,0,"fit: 1, efit: 2","fit: 1, efit: 2",,,,0,0,0,0,2,,
2026-01-22 16:12:21,48,19,19,0,"fit: 1, efit: 1","fit: 1, efit: 1",,,,0,0,0,0,2,,
2026-01-22 16:35:22,48,19,19,0,fit: 1,fit: 1,,,,0,0,0,0,2,,
2026-01-22 16:37:26,48,19,19,0,"fit: 1, efit: 1","fit: 1, efit: 1",,,,0,0,0,0,2,,
2026-01-22 17:00:28,48,19,19,0,"fit: 1, efit: 2","fit: 1, efit: 2",,,,0,0,0,0,2,,
2026-01-22 17:05:30,48,19,19,0,"fit: 1, efit: 3","fit: 1, efit: 3",,,,0,0,0,0,2,,
2026-01-22 17:20:34,48,19,19,0,"fit: 2, efit: 3","fit: 2, efit: 3",,,,0,0,0,0,2,,
2026-01-22 17:22:59,48,19,19,0,"fit: 2, efit: 4","fit: 2, efit: 4",,,,0,0,0,0,2,,
2026-01-22 17:27:34,48,19,19,0,"fit: 2, efit: 5","fit: 2, efit: 5",,,,0,0,0,0,2,,
2026-01-22 17:32:35,48,19,19,0,"fit: 2, efit: 4","fit: 2, efit: 4",,,,0,0,0,0,2,,
2026-01-22 17:37:36,48,19,19,0,"fit: 3, efit: 5","fit: 3, efit: 5",,,,0,0,0,0,2,,
2026-01-22 17:55:43,48,19,19,0,"fit: 3, efit: 6","fit: 3, efit: 6",,,,0,0,0,0,2,,
2026-01-22 18:00:44,48,19,19,0,"fit: 3, efit: 7","fit: 3, efit: 7",,,,0,0,0,0,2,,
2026-01-22 18:12:42,48,19,19,0,"fit: 3, efit: 13","fit: 3, efit: 13",,,,0,0,0,0,2,,
2026-01-22 18:45:55,48,19,19,0,"fit: 3, efit: 14","fit: 3, efit: 14",,,,0,0,0,0,2,,
2026-01-22 18:55:58,48,19,19,0,"fit: 3, efit: 13","fit: 3, efit: 13",,,,0,0,0,0,2,,
2026-01-22 18:57:50,48,19,19,0,"fit: 3, efit: 12","fit: 3, efit: 12",,,,0,0,0,0,2,,
2026-01-22 19:02:51,48,19,19,0,"fit: 3, efit: 13","fit: 3, efit: 13",,,,0,0,0,0,2,,
2026-01-22 19:11:02,48,19,19,0,"fit: 3, efit: 14","fit: 3, efit: 14",,,,0,0,0,0,2,,
2026-01-22 19:16:03,48,19,19,0,"fit: 3, efit: 14","fit: 3, efit: 13",,,,0,0,0,0,2,,
2026-01-22 19:22:55,48,19,19,0,"fit: 3, efit: 13","fit: 3, efit: 12",,,,0,0,0,0,2,,
2026-01-22 19:37:57,48,19,19,0,"fit: 4, efit: 13","fit: 4, efit: 12",,,,0,0,0,0,2,,
2026-01-22 19:41:10,48,19,19,0,"fit: 4, efit: 14","fit: 4, efit: 13",,,,0,0,0,0,2,,
2026-01-22 19:47:59,48,19,19,0,"fit: 4, efit: 13","fit: 4, efit: 12",,,,0,0,0,0,2,,
2026-01-22 20:06:16,48,19,19,0,"fit: 4, efit: 14","fit: 4, efit: 13",,,,0,0,0,0,2,,
2026-01-22 20:16:19,48,19,19,0,"fit: 4, efit: 13","fit: 4, efit: 12",,,,0,0,0,0,2,,
2026-01-22 20:23:05,48,19,19,0,"fit: 4, efit: 14","fit: 4, efit: 13",,,,0,0,0,0,2,,
2026-01-22 20:58:12,48,19,19,0,"fit: 4, efit: 13","fit: 4, efit: 12",,,,0,0,0,0,2,,
2026-01-22 21:01:30,48,19,19,0,"fit: 4, efit: 12","fit: 4, efit: 11",,,,0,0,0,0,2,,
2026-01-22 21:21:35,48,19,19,0,"fit: 4, efit: 11","fit: 4, efit: 10",,,,0,0,0,0,2,,
2026-01-22 21:28:37,48,19,19,0,"fit: 4, efit: 12","fit: 4, efit: 11",,,,0,0,0,0,2,,
2026-01-22 22:08:24,48,19,19,0,"fit: 4, efit: 11","fit: 4, efit: 10",,,,0,0,0,0,2,,
2026-01-22 22:43:30,48,19,19,0,"fit: 4, efit: 12","fit: 4, efit: 11",,,,0,0,0,0,2,,
2026-01-23 00:02:16,48,19,19,0,"fit: 4, efit: 12","fit: 4, efit: 11",,,,0,0,0,0,2,,
2026-01-23 00:42:26,48,19,19,0,"fit: 4, efit: 11","fit: 4, efit: 10",,,,0,0,0,0,2,,
2026-01-23 06:49:53,48,19,19,0,"fit: 4, efit: 10","fit: 4, efit: 9",,,,0,0,0,0,2,,
2026-01-23 06:54:54,48,19,19,0,"fit: 4, efit: 9","fit: 4, efit: 8",,,,0,0,0,0,2,,
2026-01-23 07:19:07,48,19,19,0,"fit: 4, efit: 8","fit: 4, efit: 7",,,,0,0,0,0,2,,
2026-01-23 08:14:22,48,19,19,0,"fit: 4, efit: 7","fit: 4, efit: 6",,,,0,0,0,0,2,,
2026-01-23 08:44:29,48,19,19,0,"fit: 4, efit: 6","fit: 4, efit: 5",,,,0,0,0,0,2,,
2026-01-23 08:55:16,48,19,19,0,"fit: 4, efit: 5","fit: 4, efit: 4",,,,0,0,0,0,2,,
2026-01-23 09:24:39,48,19,19,0,"fit: 4, efit: 6","fit: 4, efit: 5",,,,0,0,0,0,2,,
2026-01-23 09:44:45,48,19,19,0,"fit: 4, efit: 4","fit: 4, efit: 3",,,,0,0,0,0,2,,
2026-01-23 09:49:46,48,19,19,0,"fit: 4, efit: 3","fit: 4, efit: 2",,,,0,0,0,0,2,,
2026-01-23 09:54:47,48,19,19,0,"fit: 2, efit: 3","fit: 2, efit: 2",,,,0,0,0,0,2,,
2026-01-23 10:39:59,48,19,19,0,"fit: 1, efit: 3","fit: 1, efit: 2",,,,0,0,0,0,2,,
2026-01-23 10:45:01,48,19,19,0,"fit: 1, efit: 2","fit: 1, efit: 1",,,,0,0,0,0,2,,
2026-01-23 10:50:02,48,19,19,0,efit: 1,,,,,0,0,0,0,2,,
2026-01-23 11:20:10,48,19,19,0,efit: 2,efit: 1,,,,0,0,0,0,2,,
2026-01-23 11:25:11,48,19,19,0,efit: 4,efit: 3,,,,0,0,0,0,2,,
2026-01-23 11:40:15,48,19,19,0,efit: 3,efit: 2,,,,0,0,0,0,2,,
2026-01-23 11:55:19,48,19,19,0,efit: 1,,,,,0,0,0,0,2,,
2026-01-23 12:15:24,48,19,19,0,efit: 2,efit: 1,,,,0,0,0,0,2,,
2026-01-23 12:20:25,48,19,19,0,efit: 3,efit: 2,,,,0,0,0,0,2,,
2026-01-23 12:25:26,48,19,19,0,efit: 2,efit: 1,,,,0,0,0,0,2,,
2026-01-23 12:40:30,48,19,19,0,efit: 1,,,,,0,0,0,0,2,,
2026-01-23 13:05:36,48,19,19,0,efit: 2,efit: 1,,,,0,0,0,0,2,,
2026-01-23 13:15:39,48,19,19,0,efit: 3,efit: 2,,,,0,0,0,0,2,,
2026-01-23 13:25:42,48,19,19,0,efit: 5,efit: 4,,,,0,0,0,0,2,,
2026-01-23 13:30:43,48,19,19,0,efit: 4,efit: 3,,,,0,0,0,0,2,,
2026-01-23 13:45:47,48,19,19,0,efit: 3,efit: 2,,,,0,0,0,0,2,,
2026-01-23 13:50:48,48,19,19,0,efit: 4,efit: 3,,,,0,0,0,0,2,,
2026-01-23 14:05:52,48,19,19,0,efit: 5,efit: 4,,,,0,0,0,0,2,,
2026-01-23 14:25:57,48,19,19,0,efit: 6,efit: 5,,,,0,0,0,0,2,,
2026-01-23 14:46:02,48,19,19,0,efit: 7,efit: 6,,,,0,0,0,0,2,,
2026-01-23 14:51:03,48,19,19,0,efit: 8,efit: 7,,,,0,0,0,0,2,,
2026-01-23 14:56:04,48,19,19,0,efit: 7,efit: 6,,,,0,0,0,0,2,,
2026-01-23 15:06:07,48,19,19,0,efit: 6,efit: 5,,,,0,0,0,0,2,,
2026-01-23 15:21:11,48,19,19,0,efit: 6,efit: 6,,,,0,0,0,0,2,,
2026-01-23 15:26:12,48,19,19,0,efit: 6,efit: 5,,,,0,0,0,0,2,,
2026-01-23 15:41:16,48,19,19,0,efit: 7,efit: 6,,,,0,0,0,0,2,,
2026-01-23 15:56:17,48,19,19,0,"fit: 2, efit: 6","fit: 2, efit: 5",,,,0,0,0,0,2,,
2026-01-23 16:06:19,48,19,19,0,"fit: 3, efit: 6","fit: 3, efit: 5",,,,0,0,0,0,2,,
2026-01-23 17:01:27,48,19,19,0,"fit: 3, efit: 7","fit: 3, efit: 6",,,,0,0,0,0,2,,
2026-01-23 17:21:30,48,19,19,0,"fit: 3, efit: 8","fit: 3, efit: 7",,,,0,0,0,0,2,,
2026-01-23 17:31:32,48,19,19,0,"fit: 3, efit: 9","fit: 3, efit: 8",,,,0,0,0,0,2,,
2026-01-23 17:41:33,48,19,19,0,"fit: 3, efit: 10","fit: 3, efit: 9",,,,0,0,0,0,2,,
2026-01-23 18:21:39,48,19,19,0,"fit: 3, efit: 11","fit: 3, efit: 10",,,,0,0,0,0,2,,
2026-01-23 18:51:44,48,19,19,0,"fit: 3, efit: 14","fit: 3, efit: 13",,,,0,0,0,0,2,,
2026-01-23 18:56:45,48,19,19,0,"fit: 3, efit: 14","fit: 3, efit: 12",efit: 1,,,0,0,0,0,2,,
2026-01-23 19:11:47,48,19,19,0,"fit: 3, efit: 15","fit: 3, efit: 13",efit: 1,,,0,0,0,0,2,,
2026-01-23 19:51:53,48,19,19,0,"fit: 3, efit: 16","fit: 3, efit: 13",efit: 1,,,0,0,0,0,2,,
2026-01-23 21:07:11,48,19,19,0,"fit: 3, efit: 15","fit: 3, efit: 12",efit: 1,,,0,0,0,0,2,,
2026-01-23 21:17:07,48,19,19,0,"fit: 3, efit: 16","fit: 3, efit: 13",efit: 1,,,0,0,0,0,2,,
2026-01-23 23:17:25,48,19,19,0,"fit: 3, efit: 15","fit: 3, efit: 12",efit: 1,,,0,0,0,0,2,,
2026-01-23 23:42:29,48,19,19,0,"fit: 3, efit: 14","fit: 3, efit: 11",efit: 1,,,0,0,0,0,2,,
2026-01-23 23:47:30,48,19,19,0,"fit: 3, efit: 15","fit: 3, efit: 12",efit: 1,,,0,0,0,0,2,,
2026-01-23 23:52:31,48,19,19,0,"fit: 3, efit: 16","fit: 3, efit: 13",efit: 1,,,0,0,0,0,2,,
2026-01-24 00:02:32,48,19,19,0,"fit: 3, efit: 16","fit: 3, efit: 13",efit: 1,,,0,0,0,0,2,,
2026-01-24 08:45:25,48,19,19,0,"fit: 3, efit: 15","fit: 3, efit: 12",efit: 1,,,0,0,0,0,2,,
2026-01-24 09:08:55,48,19,19,0,"fit: 3, efit: 14","fit: 3, efit: 11",efit: 1,,,0,0,0,0,2,,
2026-01-24 09:18:57,48,19,19,0,"fit: 3, efit: 13","fit: 3, efit: 10",efit: 1,,,0,0,0,0,2,,
2026-01-24 10:04:04,48,19,19,0,"fit: 3, efit: 12","fit: 3, efit: 9",efit: 1,,,0,0,0,0,2,,
2026-01-24 10:24:07,48,19,19,0,"fit: 3, efit: 11","fit: 3, efit: 8",efit: 1,,,0,0,0,0,2,,
2026-01-24 10:54:12,48,19,19,0,"fit: 4, efit: 11","fit: 4, efit: 8",efit: 1,,,0,0,0,0,2,,
2026-01-24 10:59:12,48,19,19,0,"fit: 4, efit: 7","fit: 4, efit: 6",,,,0,0,0,0,2,,
2026-01-24 11:00:59,48,19,19,0,"fit: 4, efit: 5","fit: 4, efit: 5",,,,0,0,0,0,2,,
2026-01-24 11:04:13,48,19,19,0,"fit: 4, efit: 4","fit: 4, efit: 4",,,,0,0,0,0,2,,
2026-01-24 11:09:14,48,19,19,0,"fit: 5, efit: 4","fit: 5, efit: 4",,,,0,0,0,0,2,,
2026-01-24 11:19:36,48,19,19,0,"fit: 5, efit: 3","fit: 5, efit: 3",,,,0,0,0,0,2,,
2026-01-24 11:46:10,48,19,19,0,"fit: 5, efit: 2","fit: 5, efit: 2",,,,0,0,0,0,2,,
2026-01-24 12:46:24,48,19,19,0,"fit: 5, efit: 1","fit: 5, efit: 1",,,,0,0,0,0,2,,
2026-01-24 13:21:33,48,19,19,0,"fit: 5, efit: 2","fit: 5, efit: 2",,,,0,0,0,0,2,,
2026-01-24 14:14:42,48,19,19,0,fit: 5,fit: 5,,,,0,0,0,0,2,,
2026-01-24 14:39:46,48,19,19,0,fit: 3,fit: 3,,,,0,0,0,0,2,,
2026-01-24 15:05:15,48,19,19,0,fit: 2,fit: 2,,,,0,0,0,0,2,,
2026-01-24 15:12:01,48,19,19,0,fit: 1,fit: 1,,,,0,0,0,0,2,,
2026-01-24 15:14:52,48,19,19,0,,,,,,0,0,0,0,2,,
2026-01-24 15:15:16,48,19,19,0,fit: 1,fit: 1,,,,0,0,0,0,2,,
2026-01-24 15:25:18,48,19,19,0,fit: 2,fit: 2,,,,0,0,0,0,2,,
2026-01-24 16:04:59,48,19,19,0,"fit: 2, efit: 1",fit: 2,,,,0,0,0,0,2,,
2026-01-24 17:02:28,48,19,19,0,"fit: 1, efit: 1",fit: 1,,,,0,0,0,0,2,,
2026-01-24 17:35:14,48,19,19,0,"fit: 1, efit: 2","fit: 1, efit: 1",,,,0,0,0,0,2,,
2026-01-24 17:40:15,48,19,19,0,"fit: 1, efit: 2",fit: 1,,,,0,0,0,0,2,,
2026-01-24 17:47:39,48,19,19,0,"fit: 1, efit: 3","fit: 1, efit: 1",,,,0,0,0,0,2,,
2026-01-24 18:00:18,48,19,19,0,"fit: 1, efit: 4","fit: 1, efit: 2",,,,0,0,0,0,2,,
2026-01-24 18:05:19,48,19,19,0,"fit: 1, efit: 3","fit: 1, efit: 1",,,,0,0,0,0,2,,
2026-01-24 18:15:20,48,19,19,0,"fit: 1, efit: 2",fit: 1,,,,0,0,0,0,2,,
2026-01-24 18:20:21,48,19,19,0,"fit: 1, efit: 3","fit: 1, efit: 1",,,,0,0,0,0,2,,
2026-01-24 18:25:49,48,19,19,0,"fit: 1, efit: 4","fit: 1, efit: 2",,,,0,0,0,0,2,,
2026-01-24 18:30:22,48,19,19,0,"fit: 2, efit: 4","fit: 2, efit: 2",,,,0,0,0,0,2,,
2026-01-24 18:42:53,48,19,19,0,"fit: 2, efit: 3","fit: 2, efit: 1",,,,0,0,0,0,2,,
2026-01-24 19:48:10,48,19,19,0,"fit: 2, efit: 4","fit: 2, efit: 1",,,,0,0,0,0,2,,
2026-01-24 21:05:46,48,19,19,0,"fit: 2, efit: 5","fit: 2, efit: 2",,,,0,0,0,0,2,,
2026-01-24 21:10:47,48,19,19,0,"fit: 2, efit: 4","fit: 2, efit: 1",,,,0,0,0,0,2,,
2026-01-24 21:28:34,48,19,19,0,"fit: 2, efit: 5","fit: 2, efit: 2",,,,0,0,0,0,2,,
2026-01-24 21:40:51,48,19,19,0,"fit: 2, efit: 6","fit: 2, efit: 3",,,,0,0,0,0,2,,
2026-01-24 21:50:53,48,19,19,0,"fit: 2, efit: 5","fit: 2, efit: 2",,,,0,0,0,0,2,,
2026-01-24 22:36:33,48,19,19,0,"fit: 2, efit: 7","fit: 2, efit: 4",,,,0,0,0,0,2,,
2026-01-25 00:01:13,48,19,19,0,"fit: 2, efit: 7","fit: 2, efit: 4",,,,0,0,0,0,2,,
2026-01-25 01:39:37,48,19,19,0,"fit: 2, efit: 7","fit: 2, efit: 3",,,,0,0,0,0,2,,
2026-01-25 02:39:52,48,19,19,0,"fit: 2, efit: 7","fit: 2, efit: 2",,,,0,0,0,0,2,,
2026-01-25 06:47:14,48,19,19,0,"fit: 2, efit: 6","fit: 2, efit: 1",,,,0,0,0,0,2,,
2026-01-25 06:50:55,48,19,19,0,"fit: 2, efit: 7","fit: 2, efit: 2",,,,0,0,0,0,2,,
2026-01-25 08:01:12,48,19,19,0,"fit: 2, efit: 6","fit: 2, efit: 1",,,,0,0,0,0,2,,
2026-01-25 10:01:42,48,19,19,0,"fit: 2, efit: 6",fit: 2,,,,0,0,0,0,2,,
2026-01-26 00:00:10,48,19,19,0,"fit: 2, efit: 6",fit: 2,,,,0,0,0,0,2,,
2026-01-26 13:48:12,48,19,19,0,"fit: 2, efit: 6","fit: 2, efit: 1",,,,0,0,0,0,2,,
2026-01-26 13:52:02,48,19,19,0,"fit: 2, efit: 6",fit: 2,,,,0,0,0,0,2,,
2026-01-26 16:27:27,48,19,19,0,"fit: 2, efit: 6",fit: 2,efit: 1,,,0,0,0,0,2,,
2026-01-26 19:24:55,48,19,19,0,"fit: 2, efit: 6",fit: 2,efit: 2,,,0,0,0,0,2,,
2026-01-26 20:39:22,48,19,19,0,"fit: 2, efit: 6",fit: 2,efit: 1,,,0,0,0,0,2,,
2026-01-26 21:08:12,48,19,19,0,"fit: 2, efit: 6",fit: 2,efit: 2,,,0,0,0,0,2,,
2026-01-26 22:28:25,48,19,19,0,"fit: 2, efit: 6",fit: 2,efit: 3,,,0,0,0,0,2,,
2026-01-26 22:35:43,48,19,19,0,"fit: 1, efit: 6",fit: 1,efit: 3,,,0,0,0,0,2,,
2026-01-27 00:01:05,48,19,19,0,"fit: 1, efit: 6",fit: 1,efit: 3,,,0,0,0,0,2,,
2026-01-27 01:38:55,48,19,19,0,"fit: 1, efit: 6",fit: 1,efit: 4,,,0,0,0,0,2,,
2026-01-27 03:15:30,48,19,19,0,"fit: 1, efit: 6",fit: 1,efit: 5,,,0,0,0,0,2,,
2026-01-27 05:24:30,48,19,19,0,"fit: 1, efit: 6",fit: 1,efit: 4,,,0,0,0,0,2,,
2026-01-27 05:55:57,48,19,19,0,"fit: 1, efit: 6",fit: 1,efit: 5,,,0,0,0,0,2,,
2026-01-27 11:25:29,48,19,19,0,"fit: 1, efit: 6",fit: 1,efit: 6,,,0,0,0,0,2,,
2026-01-27 14:20:58,48,19,19,0,"fit: 1, efit: 6",fit: 1,efit: 5,,,0,0,0,0,2,,
2026-01-27 15:36:11,48,19,19,0,"fit: 1, efit: 7","fit: 1, efit: 1",efit: 5,,,0,0,0,0,2,,
2026-01-27 18:25:41,48,19,19,0,"fit: 1, efit: 7","fit: 1, efit: 1",efit: 6,,,0,0,0,0,2,,
2026-01-27 18:40:44,48,19,19,0,"fit: 1, efit: 7","fit: 1, efit: 1",efit: 5,,,0,0,0,0,2,,
2026-01-27 19:18:16,48,19,19,0,"fit: 1, efit: 7","fit: 1, efit: 1",efit: 6,,,0,0,0,0,2,,
2026-01-27 19:35:59,48,19,19,0,"fit: 1, efit: 7",fit: 1,efit: 6,,,0,0,0,0,2,,
2026-01-28 00:02:05,48,19,19,0,"fit: 1, efit: 7",fit: 1,efit: 6,,,0,0,0,0,2,,
2026-01-28 01:07:22,48,19,19,0,"fit: 1, efit: 7",fit: 1,efit: 5,,,0,0,0,0,2,,
2026-01-28 01:32:28,48,19,19,0,"fit: 1, efit: 7",fit: 1,efit: 6,,,0,0,0,0,2,,
2026-01-28 13:39:41,48,19,19,0,"fit: 2, efit: 7",fit: 2,efit: 6,,,0,0,0,0,2,,
2026-01-28 17:30:18,48,19,19,0,"fit: 3, efit: 7",fit: 3,efit: 6,,,0,0,0,0,2,,
2026-01-29 00:01:22,48,19,19,0,"fit: 3, efit: 7",fit: 3,efit: 6,,,0,0,0,0,2,,
2026-01-29 09:30:20,48,19,19,0,"fit: 2, efit: 7",fit: 2,efit: 6,,,0,0,0,0,2,,
2026-01-29 10:58:07,48,19,19,0,"fit: 1, efit: 7",fit: 1,efit: 6,,,0,0,0,0,2,,
2026-01-29 11:35:12,48,19,19,0,efit: 4,,efit: 4,,,0,0,0,0,2,,
2026-01-29 11:45:14,48,19,19,0,"fit: 1, efit: 4",fit: 1,efit: 4,,,0,0,0,0,2,,
2026-01-29 11:48:15,48,19,19,0,"fit: 1, efit: 5",fit: 1,efit: 5,,,0,0,0,0,2,,
2026-01-29 11:50:15,48,19,19,0,"fit: 1, efit: 6","fit: 1, efit: 1",efit: 5,,,0,0,0,0,2,,
2026-01-29 11:50:55,48,19,19,0,"fit: 1, efit: 7","fit: 1, efit: 1",efit: 5,,,0,0,0,0,2,,
2026-01-29 12:05:18,48,19,19,0,"fit: 1, efit: 7","fit: 1, efit: 1",efit: 4,,,0,0,0,0,2,,
2026-01-29 12:11:00,48,19,19,0,"fit: 1, efit: 7",fit: 1,efit: 5,,,0,0,0,0,2,,
2026-01-29 12:18:21,48,19,19,0,efit: 7,,efit: 5,,,0,0,0,0,2,,
2026-01-29 13:05:28,48,19,19,0,"fit: 1, efit: 7",fit: 1,efit: 5,,,0,0,0,0,2,,
2026-01-29 13:18:31,48,19,19,0,efit: 7,,efit: 5,,,0,0,0,0,2,,
2026-01-29 14:08:39,48,19,19,0,efit: 7,,efit: 6,,,0,0,0,0,2,,
2026-01-29 17:32:20,48,19,19,0,"fit: 1, efit: 7",fit: 1,efit: 6,,,0,0,0,0,2,,
2026-01-29 18:29:21,48,19,19,0,efit: 7,,efit: 6,,,0,0,0,0,2,,
2026-01-29 18:37:36,48,19,19,0,efit: 7,,efit: 7,,,0,0,0,0,2,,
2026-01-29 20:36:47,48,19,19,0,"fit: 1, efit: 7",fit: 1,efit: 7,,,0,0,0,0,2,,
2026-01-30 00:00:15,48,19,19,0,"fit: 1, efit: 7",fit: 1,efit: 7,,,0,0,0,0,2,,
2026-01-30 05:15:13,48,19,19,0,efit: 7,,efit: 7,,,0,0,0,0,2,,
2026-01-30 17:13:00,48,19,19,0,"fit: 1, efit: 7",fit: 1,efit: 7,,,0,0,0,0,2,,
2026-01-30 23:59:05,48,19,19,0,"fit: 2, efit: 7",fit: 2,efit: 7,,,0,0,0,0,2,,
2026-01-31 00:01:27,48,19,19,0,"fit: 2, efit: 7",fit: 2,efit: 7,,,0,0,0,0,2,,
2026-01-31 12:06:01,48,19,19,0,"fit: 3, efit: 7",fit: 3,efit: 7,,,0,0,0,0,2,,
2026-01-31 13:18:12,48,19,19,0,"fit: 4, efit: 7",fit: 4,efit: 7,,,0,0,0,0,2,,
2026-01-31 17:21:53,48,19,19,0,"fit: 5, efit: 7",fit: 5,efit: 7,,,0,0,0,0,2,,
2026-01-31 19:02:09,48,19,19,0,"fit: 4, efit: 7",fit: 4,efit: 7,,,0,0,0,0,2,,
2026-01-31 20:52:27,48,19,19,0,"fit: 5, efit: 7",fit: 5,efit: 7,,,0,0,0,0,2,,
2026-02-01 00:00:33,48,19,19,0,"fit: 5, efit: 7",fit: 5,efit: 7,,,0,0,0,0,2,,
2026-02-01 14:12:59,48,19,19,0,"fit: 6, efit: 7",fit: 6,efit: 7,,,0,0,0,0,2,,
2026-02-01 15:18:11,48,19,19,0,"fit: 7, efit: 7",fit: 7,efit: 7,,,0,0,0,0,2,,
2026-02-01 15:33:13,48,19,19,0,"fit: 6, efit: 7",fit: 6,efit: 7,,,0,0,0,0,2,,
2026-02-01 15:53:17,48,19,19,0,"fit: 7, efit: 7",fit: 7,efit: 7,,,0,0,0,0,2,,
2026-02-01 20:15:54,48,19,19,0,"fit: 7, efit: 8","fit: 7, efit: 1",efit: 7,,,0,0,0,0,2,,
2026-02-01 21:06:07,48,19,19,0,"fit: 7, efit: 9","fit: 7, efit: 1",efit: 7,,,0,0,0,0,2,,
2026-02-01 21:26:11,48,19,19,0,"fit: 7, efit: 8",fit: 7,efit: 7,,,0,0,0,0,2,,
2026-02-01 22:14:22,48,19,19,0,"fit: 7, efit: 8","fit: 7, efit: 1",efit: 7,,,0,0,0,0,2,,
2026-02-01 22:51:32,48,19,19,0,"fit: 6, efit: 8","fit: 6, efit: 1",efit: 7,,,0,0,0,0,2,,
2026-02-02 00:01:50,48,19,19,0,"fit: 6, efit: 8","fit: 6, efit: 1",efit: 7,,,0,0,0,0,2,,
2026-02-02 03:17:22,48,19,19,0,"fit: 6, efit: 8",fit: 6,efit: 7,,,0,0,0,0,2,,
2026-02-02 08:26:08,48,19,19,0,"fit: 5, efit: 8",fit: 5,efit: 7,,,0,0,0,0,2,,
2026-02-02 09:16:16,48,19,19,0,"fit: 4, efit: 8",fit: 4,efit: 7,,,0,0,0,0,2,,
2026-02-02 12:18:49,48,19,19,0,"fit: 4, efit: 9","fit: 4, efit: 1",efit: 7,,,0,0,0,0,2,,
2026-02-02 12:19:52,48,19,19,0,"fit: 4, efit: 8",fit: 4,efit: 7,,,0,0,0,0,2,,
2026-02-02 15:15:38,48,19,19,0,"fit: 4, efit: 9","fit: 4, efit: 1",efit: 7,,,0,0,0,0,2,,
2026-02-02 15:34:22,48,19,19,0,"fit: 5, efit: 9","fit: 5, efit: 1",efit: 7,,,0,0,0,0,2,,
2026-02-02 19:14:58,48,19,19,0,"fit: 5, efit: 10","fit: 5, efit: 2",efit: 7,,,0,0,0,0,2,,
2026-02-02 21:18:23,48,19,19,0,"fit: 5, efit: 12","fit: 5, efit: 4",efit: 7,,,0,0,0,0,2,,
2026-02-03 00:00:45,48,19,19,0,"fit: 5, efit: 12","fit: 5, efit: 4",efit: 7,,,0,0,0,0,2,,
2026-02-03 09:25:12,48,19,19,0,"fit: 5, efit: 11","fit: 5, efit: 3",efit: 7,,,0,0,0,0,2,,
2026-02-03 09:50:19,48,19,19,0,"fit: 5, efit: 10","fit: 5, efit: 2",efit: 7,,,0,0,0,0,2,,
2026-02-03 10:05:23,48,19,19,0,"fit: 6, efit: 9","fit: 6, efit: 1",efit: 7,,,0,0,0,0,2,,
2026-02-03 10:17:25,48,19,19,0,"fit: 6, efit: 7","fit: 6, efit: 1",efit: 5,,,0,0,0,0,2,,
2026-02-03 10:20:27,48,19,19,0,"fit: 6, efit: 4","fit: 6, efit: 1",efit: 2,,,0,0,0,0,2,,
2026-02-03 10:22:26,48,19,19,0,"fit: 6, efit: 3","fit: 6, efit: 2",efit: 1,,,0,0,0,0,2,,
2026-02-03 10:25:28,48,19,19,0,"fit: 6, efit: 2","fit: 6, efit: 2",,,,0,0,0,0,2,,
2026-02-03 10:27:26,48,19,19,0,"fit: 5, efit: 2","fit: 5, efit: 2",,,,0,0,0,0,2,,
2026-02-03 10:30:29,48,19,19,0,"fit: 6, efit: 2","fit: 6, efit: 2",,,,0,0,0,0,2,,
2026-02-03 10:35:31,48,19,19,0,"fit: 6, efit: 1","fit: 6, efit: 1",,,,0,0,0,0,2,,
2026-02-03 11:15:41,48,19,19,0,fit: 6,fit: 6,,,,0,0,0,0,2,,
2026-02-03 11:22:36,48,19,19,0,"fit: 6, efit: 1","fit: 6, efit: 1",,,,0,0,0,0,2,,
2026-02-03 11:25:44,48,19,19,0,fit: 6,fit: 6,,,,0,0,0,0,2,,
2026-02-03 12:31:00,48,19,19,0,"fit: 6, efit: 1","fit: 6, efit: 1",,,,0,0,0,0,2,,
2026-02-03 12:47:50,48,19,19,0,fit: 6,fit: 6,,,,0,0,0,0,2,,
2026-02-03 13:11:05,48,19,19,0,fit: 7,fit: 7,,,,0,0,0,0,2,,
2026-02-03 13:42:59,48,19,19,0,fit: 6,fit: 6,,,,0,0,0,0,2,,
2026-02-03 13:51:12,48,19,19,0,fit: 4,fit: 4,,,,0,0,0,0,2,,
2026-02-03 14:01:14,48,19,19,0,fit: 3,fit: 3,,,,0,0,0,0,2,,
2026-02-03 14:06:15,48,19,19,0,fit: 7,fit: 7,,,,0,0,0,0,2,,
2026-02-03 14:16:17,48,19,19,0,fit: 6,fit: 6,,,,0,0,0,0,2,,
2026-02-03 14:38:08,48,19,19,0,"fit: 6, efit: 1","fit: 6, efit: 1",,,,0,0,0,0,2,,
2026-02-03 15:11:26,48,19,19,0,fit: 6,fit: 6,,,,0,0,0,0,2,,
2026-02-03 15:41:31,48,19,19,0,"fit: 6, efit: 1","fit: 6, efit: 1",,,,0,0,0,0,2,,
2026-02-03 16:46:42,48,19,19,0,"fit: 6, efit: 2","fit: 6, efit: 2",,,,0,0,0,0,2,,
2026-02-03 17:06:46,48,19,19,0,"fit: 6, efit: 3","fit: 6, efit: 3",,,,0,0,0,0,2,,
2026-02-03 17:27:13,48,19,19,0,"fit: 6, efit: 4","fit: 6, efit: 4",,,,0,0,0,0,2,,
2026-02-03 17:41:52,48,19,19,0,"fit: 7, efit: 4","fit: 7, efit: 4",,,,0,0,0,0,2,,
2026-02-03 17:51:53,48,19,19,0,"fit: 7, efit: 2","fit: 7, efit: 2",,,,0,0,0,0,2,,
2026-02-03 17:53:40,48,19,19,0,"fit: 7, efit: 3","fit: 7, efit: 3",,,,0,0,0,0,2,,
2026-02-03 18:06:56,48,19,19,0,"fit: 7, efit: 2","fit: 7, efit: 2",,,,0,0,0,0,2,,
2026-02-03 18:13:44,48,19,19,0,"fit: 7, efit: 1","fit: 7, efit: 1",,,,0,0,0,0,2,,
2026-02-03 18:16:58,48,19,19,0,"fit: 7, efit: 2","fit: 7, efit: 2",,,,0,0,0,0,2,,
2026-02-03 18:21:58,48,19,19,0,"fit: 7, efit: 1","fit: 7, efit: 1",,,,0,0,0,0,2,,
2026-02-03 18:47:03,48,19,19,0,"fit: 7, efit: 3","fit: 7, efit: 3",,,,0,0,0,0,2,,
2026-02-03 19:37:11,48,19,19,0,"fit: 7, efit: 4","fit: 7, efit: 4",,,,0,0,0,0,2,,
2026-02-03 20:12:17,48,19,19,0,"fit: 7, efit: 5","fit: 7, efit: 5",,,,0,0,0,0,2,,
2026-02-03 21:17:28,48,19,19,0,"fit: 8, efit: 5","fit: 8, efit: 5",,,,0,0,0,0,2,,
2026-02-03 21:22:29,48,19,19,0,"fit: 8, efit: 6","fit: 8, efit: 6",,,,0,0,0,0,2,,
2026-02-04 00:02:56,48,19,19,0,"fit: 8, efit: 6","fit: 8, efit: 6",,,,0,0,0,0,2,,
2026-02-04 08:14:18,48,19,19,0,"fit: 8, efit: 6","fit: 8, efit: 5",,,,0,0,0,0,2,,
2026-02-04 08:19:19,48,19,19,0,"fit: 8, efit: 6","fit: 8, efit: 6",,,,0,0,0,0,2,,
2026-02-04 08:20:53,48,19,19,0,"fit: 8, efit: 5","fit: 8, efit: 5",,,,0,0,0,0,2,,
2026-02-04 08:29:21,48,19,19,0,"fit: 8, efit: 4","fit: 8, efit: 4",,,,0,0,0,0,2,,
2026-02-04 09:04:27,48,19,19,0,"fit: 8, efit: 3","fit: 8, efit: 3",,,,0,0,0,0,2,,
2026-02-04 09:24:31,48,19,19,0,"fit: 9, efit: 3","fit: 9, efit: 3",,,,0,0,0,0,2,,
2026-02-04 10:06:16,48,19,19,0,"fit: 9, efit: 2","fit: 9, efit: 2",,,,0,0,0,0,2,,
2026-02-04 11:21:27,48,19,19,0,"fit: 9, efit: 3","fit: 9, efit: 3",,,,0,0,0,0,2,,
2026-02-04 11:29:52,48,19,19,0,"fit: 9, efit: 2","fit: 9, efit: 2",,,,0,0,0,0,2,,
2026-02-04 11:34:53,48,19,19,0,"fit: 9, efit: 3","fit: 9, efit: 3",,,,0,0,0,0,2,,
2026-02-04 11:51:32,48,19,19,0,"fit: 9, efit: 2","fit: 9, efit: 2",,,,0,0,0,0,2,,
2026-02-04 12:21:37,48,19,19,0,"fit: 9, efit: 1","fit: 9, efit: 1",,,,0,0,0,0,2,,
2026-02-04 12:45:05,48,19,19,0,"fit: 9, efit: 2","fit: 9, efit: 2",,,,0,0,0,0,2,,
2026-02-04 13:56:53,48,19,19,0,"fit: 9, efit: 3","fit: 9, efit: 3",,,,0,0,0,0,2,,
2026-02-04 14:16:56,48,19,19,0,"fit: 9, efit: 2","fit: 9, efit: 2",,,,0,0,0,0,2,,
2026-02-04 14:30:24,48,19,19,0,"fit: 9, efit: 3","fit: 9, efit: 3",,,,0,0,0,0,2,,
2026-02-04 14:55:28,48,19,19,0,"fit: 9, efit: 3","fit: 9, efit: 2",,,,0,0,0,0,2,,
2026-02-04 15:42:10,48,19,19,0,"fit: 9, efit: 4","fit: 9, efit: 3",,,,0,0,0,0,2,,
2026-02-04 15:55:39,48,19,19,0,"fit: 9, efit: 3","fit: 9, efit: 2",,,,0,0,0,0,2,,
2026-02-04 16:55:49,48,19,19,0,"fit: 9, efit: 4","fit: 9, efit: 3",,,,0,0,0,0,2,,
2026-02-04 17:18:03,48,19,19,0,"fit: 9, efit: 5","fit: 9, efit: 4",,,,0,0,0,0,2,,
2026-02-04 17:20:53,48,19,19,0,"fit: 9, efit: 4","fit: 9, efit: 3",,,,0,0,0,0,2,,
2026-02-04 18:01:00,48,19,19,0,"fit: 9, efit: 5","fit: 9, efit: 4",,,,0,0,0,0,2,,
2026-02-04 18:02:33,48,19,19,0,"fit: 9, efit: 6","fit: 9, efit: 5",,,,0,0,0,0,2,,
2026-02-04 18:03:15,48,19,19,0,"fit: 9, efit: 5","fit: 9, efit: 4",,,,0,0,0,0,2,,
2026-02-04 18:31:06,48,19,19,0,"fit: 9, efit: 6","fit: 9, efit: 5",,,,0,0,0,0,2,,
2026-02-04 19:17:46,48,19,19,0,"fit: 9, efit: 7","fit: 9, efit: 6",,,,0,0,0,0,2,,
2026-02-04 19:31:16,48,19,19,0,"fit: 9, efit: 6","fit: 9, efit: 5",,,,0,0,0,0,2,,
2026-02-04 19:32:49,48,19,19,0,"fit: 9, efit: 4","fit: 9, efit: 3",,,,0,0,0,0,2,,
2026-02-04 19:41:18,48,19,19,0,"fit: 9, efit: 6","fit: 9, efit: 5",,,,0,0,0,0,2,,
2026-02-04 20:36:27,48,19,19,0,"fit: 9, efit: 7","fit: 9, efit: 6",,,,0,0,0,0,2,,
2026-02-04 21:16:34,48,19,19,0,"fit: 9, efit: 8","fit: 9, efit: 7",,,,0,0,0,0,2,,
2026-02-04 22:09:15,48,19,19,0,"fit: 9, efit: 9","fit: 9, efit: 8",,,,0,0,0,0,2,,
2026-02-05 00:02:02,48,19,19,0,"fit: 9, efit: 9","fit: 9, efit: 8",,,,0,0,0,0,2,,
2026-02-05 05:26:03,48,19,19,0,"fit: 9, efit: 9","fit: 9, efit: 7",,,,0,0,0,0,2,,
2026-02-05 07:38:21,48,19,19,0,"fit: 9, efit: 10","fit: 9, efit: 8",,,,0,0,0,0,2,,
2026-02-05 09:30:04,48,19,19,0,"fit: 9, efit: 9","fit: 9, efit: 7",,,,0,0,0,0,2,,
2026-02-05 10:02:11,48,19,19,0,"fit: 9, efit: 8","fit: 9, efit: 6",,,,0,0,0,0,2,,
2026-02-05 10:03:46,48,19,19,0,"fit: 9, efit: 7","fit: 9, efit: 6",,,,0,0,0,0,2,,
2026-02-05 10:05:10,48,19,19,0,"fit: 9, efit: 8","fit: 9, efit: 8",,,,0,0,0,0,2,,
2026-02-05 10:07:12,48,19,19,0,"fit: 5, efit: 6","fit: 5, efit: 6",,,,0,0,0,0,2,,
2026-02-05 10:08:47,48,19,19,0,"fit: 5, efit: 5","fit: 5, efit: 5",,,,0,0,0,0,2,,
2026-02-05 10:15:12,48,19,19,0,"fit: 5, efit: 4","fit: 5, efit: 4",,,,0,0,0,0,2,,
2026-02-05 10:50:17,48,19,19,0,"fit: 5, efit: 3","fit: 5, efit: 3",,,,0,0,0,0,2,,
2026-02-05 11:08:58,48,19,19,0,"fit: 5, efit: 2","fit: 5, efit: 2",,,,0,0,0,0,2,,
2026-02-05 11:20:22,48,19,19,0,"fit: 4, efit: 2","fit: 4, efit: 2",,,,0,0,0,0,2,,
2026-02-05 12:17:44,48,19,19,0,"fit: 4, efit: 3","fit: 4, efit: 3",,,,0,0,0,0,2,,
2026-02-05 12:27:47,48,19,19,0,"fit: 4, efit: 2","fit: 4, efit: 2",,,,0,0,0,0,2,,
2026-02-05 12:34:13,48,19,19,0,"fit: 4, efit: 3","fit: 4, efit: 3",,,,0,0,0,0,2,,
2026-02-05 13:12:58,48,19,19,0,"fit: 4, efit: 2","fit: 4, efit: 2",,,,0,0,0,0,2,,
2026-02-05 13:30:44,48,19,19,0,"fit: 4, efit: 1","fit: 4, efit: 1",,,,0,0,0,0,2,,
2026-02-05 14:20:52,48,19,19,0,fit: 4,fit: 4,,,,0,0,0,0,2,,
2026-02-05 15:34:45,48,19,19,0,"fit: 4, efit: 1","fit: 4, efit: 1",,,,0,0,0,0,2,,
2026-02-05 15:48:37,48,19,19,0,fit: 4,fit: 4,,,,0,0,0,0,2,,
2026-02-05 16:13:44,48,19,19,0,"fit: 4, efit: 1",fit: 4,efit: 1,,,0,0,0,0,2,,
2026-02-05 17:10:03,48,19,19,0,"fit: 4, efit: 2","fit: 4, efit: 1",efit: 1,,,0,0,0,0,2,,
2026-02-05 17:44:06,48,19,19,0,"fit: 4, efit: 1",fit: 4,efit: 1,,,0,0,0,0,2,,
2026-02-05 17:56:28,48,19,19,0,"fit: 4, efit: 2","fit: 4, efit: 1",efit: 1,,,0,0,0,0,2,,
2026-02-05 18:31:34,48,19,19,0,"fit: 4, efit: 3","fit: 4, efit: 2",efit: 1,,,0,0,0,0,2,,
2026-02-05 18:49:23,48,19,19,0,"fit: 4, efit: 4","fit: 4, efit: 3",efit: 1,,,0,0,0,0,2,,
2026-02-05 18:54:24,48,19,19,0,"fit: 4, efit: 5","fit: 4, efit: 4",efit: 1,,,0,0,0,0,2,,
2026-02-05 18:56:38,48,19,19,0,"fit: 4, efit: 4","fit: 4, efit: 3",efit: 1,,,0,0,0,0,2,,
2026-02-05 19:01:39,48,19,19,0,"fit: 4, efit: 3","fit: 4, efit: 2",efit: 1,,,0,0,0,0,2,,
2026-02-05 19:19:30,48,19,19,0,"fit: 4, efit: 4","fit: 4, efit: 3",efit: 1,,,0,0,0,0,2,,
2026-02-05 19:26:43,48,19,19,0,"fit: 5, efit: 4","fit: 5, efit: 3",efit: 1,,,0,0,0,0,2,,
2026-02-05 20:16:52,48,19,19,0,"fit: 6, efit: 4","fit: 6, efit: 3",efit: 1,,,0,0,0,0,2,,
2026-02-05 20:29:48,48,19,19,0,"fit: 6, efit: 3","fit: 6, efit: 2",efit: 1,,,0,0,0,0,2,,
2026-02-05 21:09:57,48,19,19,0,"fit: 6, efit: 4","fit: 6, efit: 3",efit: 1,,,0,0,0,0,2,,
2026-02-06 00:00:40,48,19,19,0,"fit: 6, efit: 4","fit: 6, efit: 3",efit: 1,,,0,0,0,0,2,,
2026-02-06 00:25:46,48,19,19,0,"fit: 6, efit: 3","fit: 6, efit: 2",efit: 1,,,0,0,0,0,2,,
2026-02-06 06:52:23,48,19,19,0,"fit: 6, efit: 2","fit: 6, efit: 1",efit: 1,,,0,0,0,0,2,,
2026-02-06 09:27:48,48,19,19,0,"fit: 6, efit: 1",fit: 6,efit: 1,,,0,0,0,0,2,,
2026-02-06 10:43:02,48,19,19,0,"fit: 5, efit: 1",fit: 5,efit: 1,,,0,0,0,0,2,,
2026-02-06 12:08:16,48,19,19,0,"fit: 5, efit: 2","fit: 5, efit: 1",efit: 1,,,0,0,0,0,2,,
2026-02-06 12:18:18,48,19,19,0,"fit: 5, efit: 3","fit: 5, efit: 2",efit: 1,,,0,0,0,0,2,,
2026-02-06 12:23:19,48,19,19,0,"fit: 5, efit: 2","fit: 5, efit: 1",efit: 1,,,0,0,0,0,2,,
2026-02-06 14:33:41,48,19,19,0,"fit: 6, efit: 1","fit: 6, efit: 1",,,,0,0,0,0,2,,
2026-02-06 14:34:56,48,19,19,0,"fit: 6, efit: 2","fit: 6, efit: 2",,,,0,0,0,0,2,,
2026-02-06 15:38:52,48,19,19,0,"fit: 6, efit: 3","fit: 6, efit: 3",,,,0,0,0,0,2,,
2026-02-06 16:08:57,48,19,19,0,"fit: 6, efit: 2","fit: 6, efit: 2",,,,0,0,0,0,2,,
2026-02-06 16:13:58,48,19,19,0,"fit: 6, efit: 1","fit: 6, efit: 1",,,,0,0,0,0,2,,
2026-02-06 18:19:20,48,19,19,0,"fit: 6, efit: 2","fit: 6, efit: 2",,,,0,0,0,0,2,,
2026-02-06 23:10:09,48,19,19,0,"fit: 6, efit: 1","fit: 6, efit: 1",,,,0,0,0,0,2,,
2026-02-07 00:00:17,48,19,19,0,"fit: 6, efit: 1","fit: 6, efit: 1",,,,0,0,0,0,2,,
2026-02-07 01:20:31,48,19,19,0,"fit: 6, efit: 2","fit: 6, efit: 2",,,,0,0,0,0,2,,
2026-02-07 03:50:55,48,19,19,0,"fit: 6, efit: 2","fit: 6, efit: 1",efit: 1,,,0,0,0,0,2,,
2026-02-07 04:10:59,48,19,19,0,"fit: 6, efit: 2","fit: 6, efit: 2",,,,0,0,0,0,2,,
2026-02-07 04:36:04,48,19,19,0,"fit: 6, efit: 2","fit: 6, efit: 1",efit: 1,,,0,0,0,0,2,,
2026-02-07 07:37:46,48,19,19,0,"fit: 6, efit: 2","fit: 6, efit: 2",,,,0,0,0,0,2,,
2026-02-07 08:01:39,48,19,19,0,"fit: 6, efit: 2","fit: 6, efit: 1",efit: 1,,,0,0,0,0,2,,
2026-02-07 08:12:51,48,19,19,0,"fit: 6, efit: 2","fit: 5, efit: 1","fit: 1, efit: 1",,,0,0,0,0,2,,
2026-02-07 08:46:46,48,19,19,0,"fit: 6, efit: 2","fit: 5, efit: 2",fit: 1,,,0,0,0,0,2,,
2026-02-07 08:56:48,48,19,19,0,"fit: 6, efit: 3","fit: 5, efit: 3",fit: 1,,,0,0,0,0,2,,
2026-02-07 09:11:50,48,19,19,0,"fit: 5, efit: 3","fit: 5, efit: 3",,,,0,0,0,0,2,,
2026-02-07 11:44:25,48,19,19,0,"fit: 5, efit: 2","fit: 5, efit: 2",,,,0,0,0,0,2,,
2026-02-07 12:04:30,48,19,19,0,"fit: 5, efit: 1","fit: 5, efit: 1",,,,0,0,0,0,2,,
2026-02-07 12:07:20,48,19,19,0,"fit: 5, efit: 2","fit: 5, efit: 2",,,,0,0,0,0,2,,
2026-02-07 13:24:50,48,19,19,0,"fit: 5, efit: 1","fit: 5, efit: 1",,,,0,0,0,0,2,,
2026-02-07 13:28:44,48,19,19,0,fit: 5,fit: 5,,,,0,0,0,0,2,,
2026-02-07 14:02:40,48,19,19,0,"fit: 5, efit: 1","fit: 5, efit: 1",,,,0,0,0,0,2,,
2026-02-07 14:15:02,48,19,19,0,"fit: 5, efit: 2","fit: 5, efit: 2",,,,0,0,0,0,2,,
2026-02-07 14:17:42,48,19,19,0,"fit: 4, efit: 2","fit: 4, efit: 2",,,,0,0,0,0,2,,
2026-02-07 14:48:57,48,19,19,0,"fit: 4, efit: 1","fit: 4, efit: 1",,,,0,0,0,0,2,,
2026-02-07 15:25:19,48,19,19,0,fit: 4,fit: 4,,,,0,0,0,0,2,,
2026-02-07 15:40:23,48,19,19,0,fit: 3,fit: 3,,,,0,0,0,0,2,,
2026-02-07 15:59:09,48,19,19,0,fit: 4,fit: 4,,,,0,0,0,0,2,,
2026-02-07 16:04:10,48,19,19,0,"fit: 4, efit: 1","fit: 4, efit: 1",,,,0,0,0,0,2,,
2026-02-07 16:29:14,48,19,19,0,fit: 4,fit: 4,,,,0,0,0,0,2,,
2026-02-07 17:19:22,48,19,19,0,"fit: 4, efit: 1","fit: 4, efit: 1",,,,0,0,0,0,2,,
2026-02-07 18:13:22,48,19,19,0,"fit: 4, efit: 2","fit: 4, efit: 2",,,,0,0,0,0,2,,
2026-02-07 20:33:46,48,19,19,0,"fit: 4, efit: 3","fit: 4, efit: 3",,,,0,0,0,0,2,,
2026-02-07 21:21:47,48,19,19,0,"fit: 4, efit: 2","fit: 4, efit: 2",,,,0,0,0,0,2,,
2026-02-07 21:51:54,48,19,19,0,"fit: 4, efit: 3","fit: 4, efit: 3",,,,0,0,0,0,2,,
2026-02-08 00:00:29,48,19,19,0,"fit: 4, efit: 4","fit: 4, efit: 3",efit: 1,,,0,0,0,0,2,,
2026-02-08 02:12:58,48,19,19,0,"fit: 4, efit: 5","fit: 4, efit: 4",efit: 1,,,0,0,0,0,2,,
2026-02-08 07:26:43,48,19,19,0,"fit: 4, efit: 4","fit: 4, efit: 3",efit: 1,,,0,0,0,0,2,,
2026-02-08 07:39:17,48,19,19,0,"fit: 4, efit: 5","fit: 4, efit: 3",efit: 1,,,0,0,0,0,2,,
2026-02-08 08:39:32,48,19,19,0,"fit: 4, efit: 4","fit: 4, efit: 3",,,,0,0,0,0,2,,
2026-02-08 08:40:49,48,19,19,0,"fit: 4, efit: 4","fit: 4, efit: 4",,,,0,0,0,0,2,,
2026-02-08 08:41:55,48,19,19,0,"fit: 4, efit: 5","fit: 4, efit: 5",,,,0,0,0,0,2,,
2026-02-08 11:10:10,48,19,19,0,"fit: 4, efit: 4","fit: 4, efit: 4",,,,0,0,0,0,2,,
2026-02-08 11:42:26,48,19,19,0,"fit: 4, efit: 3","fit: 4, efit: 3",,,,0,0,0,0,2,,
2026-02-08 11:57:28,48,19,19,0,"fit: 4, efit: 2","fit: 4, efit: 2",,,,0,0,0,0,2,,
2026-02-08 12:10:25,48,19,19,0,"fit: 4, efit: 3","fit: 4, efit: 3",,,,0,0,0,0,2,,
2026-02-08 12:12:31,48,19,19,0,"fit: 4, efit: 4","fit: 4, efit: 4",,,,0,0,0,0,2,,
2026-02-08 15:26:57,48,19,19,0,"fit: 4, efit: 5","fit: 4, efit: 5",,,,0,0,0,0,2,,
2026-02-08 15:41:18,48,19,19,0,"fit: 4, efit: 4","fit: 4, efit: 4",,,,0,0,0,0,2,,
2026-02-08 16:38:15,48,19,19,0,"fit: 4, efit: 2","fit: 4, efit: 2",,,,0,0,0,0,2,,
2026-02-08 17:51:51,48,19,19,0,"fit: 4, efit: 1","fit: 4, efit: 1",,,,0,0,0,0,2,,
2026-02-08 18:16:57,48,19,19,0,fit: 4,fit: 4,,,,0,0,0,0,2,,
2026-02-08 18:52:32,48,19,19,0,"fit: 4, efit: 1","fit: 4, efit: 1",,,,0,0,0,0,2,,
2026-02-08 19:03:39,48,19,19,0,"fit: 4, efit: 2","fit: 4, efit: 2",,,,0,0,0,0,2,,
2026-02-08 19:48:47,48,19,19,0,"fit: 5, efit: 2","fit: 5, efit: 2",,,,0,0,0,0,2,,
2026-02-08 20:18:51,48,19,19,0,"fit: 5, efit: 3","fit: 5, efit: 3",,,,0,0,0,0,2,,
2026-02-08 22:22:58,48,19,19,0,"fit: 5, efit: 2","fit: 5, efit: 2",,,,0,0,0,0,2,,
2026-02-09 00:03:24,48,19,19,0,"fit: 5, efit: 2","fit: 5, efit: 2",,,,0,0,0,0,2,,
2026-02-09 01:43:39,48,19,19,0,"fit: 5, efit: 3","fit: 5, efit: 2",,,,0,0,0,0,2,,
2026-02-09 01:48:47,48,19,19,0,"fit: 5, efit: 2","fit: 5, efit: 1",,,,0,0,0,0,2,,
2026-02-09 02:08:43,48,19,19,0,"fit: 5, efit: 3","fit: 5, efit: 2",,,,0,0,0,0,2,,
2026-02-09 03:03:52,48,19,19,0,"fit: 5, efit: 3","fit: 5, efit: 3",,,,0,0,0,0,2,,
2026-02-09 06:39:29,48,19,19,0,"fit: 5, efit: 2","fit: 5, efit: 2",,,,0,0,0,0,2,,
2026-02-09 06:59:32,48,19,19,0,"fit: 5, efit: 1","fit: 5, efit: 1",,,,0,0,0,0,2,,
2026-02-09 08:19:46,48,19,19,0,"fit: 4, efit: 1","fit: 4, efit: 1",,,,0,0,0,0,2,,
2026-02-09 09:55:02,48,19,19,0,fit: 4,fit: 4,,,,0,0,0,0,2,,
2026-02-09 10:10:51,48,19,19,0,"fit: 4, efit: 1","fit: 4, efit: 1",,,,0,0,0,0,2,,
2026-02-09 11:01:04,48,19,19,0,"fit: 4, efit: 2","fit: 4, efit: 2",,,,0,0,0,0,2,,
2026-02-09 13:25:39,48,19,19,0,"fit: 4, efit: 1","fit: 4, efit: 1",,,,0,0,0,0,2,,
2026-02-09 14:20:48,48,19,19,0,"fit: 4, efit: 2","fit: 4, efit: 2",,,,0,0,0,0,2,,
2026-02-09 16:36:12,48,19,19,0,"fit: 5, efit: 2","fit: 5, efit: 2",,,,0,0,0,0,2,,
2026-02-09 17:22:23,48,19,19,0,"fit: 5, efit: 3","fit: 5, efit: 3",,,,0,0,0,0,2,,
2026-02-09 17:26:21,48,19,19,0,"fit: 5, efit: 4","fit: 5, efit: 4",,,,0,0,0,0,2,,
2026-02-09 17:37:25,48,19,19,0,"fit: 5, efit: 3","fit: 5, efit: 3",,,,0,0,0,0,2,,
2026-02-09 17:52:28,48,19,19,0,"fit: 5, efit: 4","fit: 5, efit: 4",,,,0,0,0,0,2,,
2026-02-09 18:16:29,48,19,19,0,"fit: 5, efit: 5","fit: 5, efit: 5",,,,0,0,0,0,2,,
2026-02-09 18:32:35,48,19,19,0,"fit: 5, efit: 4","fit: 5, efit: 4",,,,0,0,0,0,2,,
2026-02-09 18:32:55,48,19,19,0,"fit: 5, efit: 5","fit: 5, efit: 5",,,,0,0,0,0,2,,
2026-02-09 18:36:33,48,19,19,0,"fit: 5, efit: 4","fit: 5, efit: 4",,,,0,0,0,0,2,,
2026-02-09 19:17:43,48,19,19,0,"fit: 5, efit: 5","fit: 5, efit: 5",,,,0,0,0,0,2,,
2026-02-09 19:21:41,48,19,19,0,"fit: 5, efit: 6","fit: 5, efit: 6",,,,0,0,0,0,2,,
2026-02-09 20:02:50,48,19,19,0,"fit: 5, efit: 7","fit: 5, efit: 7",,,,0,0,0,0,2,,
2026-02-09 20:22:54,48,19,19,0,"fit: 5, efit: 6","fit: 5, efit: 6",,,,0,0,0,0,2,,
2026-02-09 21:01:58,48,19,19,0,"fit: 5, efit: 7","fit: 5, efit: 7",,,,0,0,0,0,2,,
2026-02-09 21:48:44,48,19,19,0,"fit: 5, efit: 8","fit: 5, efit: 8",,,,0,0,0,0,2,,
2026-02-09 21:52:08,48,19,19,0,"fit: 5, efit: 7","fit: 5, efit: 7",,,,0,0,0,0,2,,
2026-02-10 00:02:30,48,19,19,0,"fit: 5, efit: 7","fit: 5, efit: 7",,,,0,0,0,0,2,,
2026-02-10 00:17:33,48,19,19,0,"fit: 5, efit: 6","fit: 5, efit: 6",,,,0,0,0,0,2,,
2026-02-10 00:54:30,48,19,19,0,"fit: 5, efit: 7","fit: 5, efit: 7",,,,0,0,0,0,2,,
2026-02-10 01:34:40,48,19,19,0,"fit: 5, efit: 8","fit: 5, efit: 8",,,,0,0,0,0,2,,
2026-02-10 06:43:39,48,19,19,0,"fit: 5, efit: 7","fit: 5, efit: 7",,,,0,0,0,0,2,,
2026-02-10 06:53:41,48,19,19,0,"fit: 5, efit: 6","fit: 5, efit: 6",,,,0,0,0,0,2,,
2026-02-10 06:56:00,48,19,19,0,"fit: 5, efit: 5","fit: 5, efit: 5",,,,0,0,0,0,2,,
2026-02-10 09:04:04,48,19,19,0,"fit: 5, efit: 4","fit: 5, efit: 4",,,,0,0,0,0,2,,
2026-02-10 09:14:05,48,19,19,0,"fit: 5, efit: 3","fit: 5, efit: 3",,,,0,0,0,0,2,,
2026-02-10 09:16:36,48,19,19,0,"fit: 5, efit: 2","fit: 5, efit: 2",,,,0,0,0,0,2,,
2026-02-10 09:44:11,48,19,19,0,"fit: 5, efit: 1","fit: 5, efit: 1",,,,0,0,0,0,2,,
2026-02-10 09:50:11,48,19,19,0,fit: 5,fit: 5,,,,0,0,0,0,2,,
2026-02-10 10:14:16,48,19,19,0,fit: 4,fit: 4,,,,0,0,0,0,2,,
2026-02-10 11:14:27,48,19,19,0,fit: 3,fit: 3,,,,0,0,0,0,2,,
2026-02-10 11:49:33,48,19,19,0,"fit: 3, efit: 1","fit: 3, efit: 1",,,,0,0,0,0,2,,
2026-02-10 12:14:37,48,19,19,0,fit: 3,fit: 3,,,,0,0,0,0,2,,
2026-02-10 12:37:27,48,19,19,0,"fit: 3, efit: 1","fit: 3, efit: 1",,,,0,0,0,0,2,,
2026-02-10 12:49:43,48,19,19,0,fit: 3,fit: 3,,,,0,0,0,0,2,,
2026-02-10 12:50:42,48,19,19,0,"fit: 3, efit: 1","fit: 3, efit: 1",,,,0,0,0,0,2,,
2026-02-10 13:04:46,48,19,19,0,"fit: 3, efit: 2","fit: 3, efit: 2",,,,0,0,0,0,2,,
2026-02-10 14:05:55,48,19,19,0,"fit: 3, efit: 3","fit: 3, efit: 3",,,,0,0,0,0,2,,
2026-02-10 14:22:55,48,19,19,0,"fit: 3, efit: 2","fit: 3, efit: 2",,,,0,0,0,0,2,,
2026-02-10 14:53:03,48,19,19,0,"fit: 3, efit: 1","fit: 3, efit: 1",,,,0,0,0,0,2,,
2026-02-10 15:03:05,48,19,19,0,"fit: 3, efit: 2","fit: 3, efit: 2",,,,0,0,0,0,2,,
2026-02-10 15:55:17,48,19,19,0,"fit: 3, efit: 1","fit: 3, efit: 1",,,,0,0,0,0,2,,
2026-02-10 16:10:20,48,19,19,0,fit: 3,fit: 3,,,,0,0,0,0,2,,
2026-02-10 16:38:30,48,19,19,0,fit: 2,fit: 2,,,,0,0,0,0,2,,
2026-02-10 17:21:29,48,19,19,0,"fit: 2, efit: 1","fit: 2, efit: 1",,,,0,0,0,0,2,,
2026-02-10 17:26:30,48,19,19,0,"fit: 2, efit: 2","fit: 2, efit: 2",,,,0,0,0,0,2,,
2026-02-10 17:33:44,48,19,19,0,"fit: 2, efit: 1","fit: 2, efit: 1",,,,0,0,0,0,2,,
2026-02-10 18:06:37,48,19,19,0,"fit: 2, efit: 2","fit: 2, efit: 2",,,,0,0,0,0,2,,
2026-02-10 18:16:39,48,19,19,0,"fit: 3, efit: 2","fit: 3, efit: 2",,,,0,0,0,0,2,,
2026-02-10 18:18:56,48,19,19,0,"fit: 3, efit: 1","fit: 3, efit: 1",,,,0,0,0,0,2,,
2026-02-10 18:30:44,48,19,19,0,"fit: 3, efit: 2","fit: 3, efit: 1",,,,0,0,0,0,2,,
2026-02-10 18:49:04,48,19,19,0,"fit: 3, efit: 3","fit: 3, efit: 2",,,,0,0,0,0,2,,
2026-02-10 18:59:07,48,19,19,0,"fit: 3, efit: 4","fit: 3, efit: 3",,,,0,0,0,0,2,,
2026-02-10 19:16:49,48,19,19,0,"fit: 3, efit: 3","fit: 3, efit: 2",,,,0,0,0,0,2,,
2026-02-10 19:29:14,48,19,19,0,"fit: 3, efit: 2","fit: 3, efit: 1",,,,0,0,0,0,2,,
2026-02-10 19:30:55,48,19,19,0,"fit: 2, efit: 1",fit: 2,,,,0,0,0,0,2,,
2026-02-10 19:55:59,48,19,19,0,"fit: 1, efit: 1",fit: 1,,,,0,0,0,0,2,,
2026-02-10 20:16:03,48,19,19,0,efit: 1,,,,,0,0,0,0,2,,
2026-02-10 20:19:26,48,19,19,0,"fit: 1, efit: 1",fit: 1,,,,0,0,0,0,2,,
2026-02-10 21:02:07,48,19,19,0,"fit: 1, efit: 2","fit: 1, efit: 1",,,,0,0,0,0,2,,
2026-02-10 21:19:42,48,19,19,0,"fit: 1, efit: 3","fit: 1, efit: 2",,,,0,0,0,0,2,,
2026-02-10 21:56:21,48,19,19,0,"fit: 2, efit: 3","fit: 2, efit: 2",,,,0,0,0,0,2,,
2026-02-10 23:00:07,48,19,19,0,"fit: 2, efit: 4","fit: 2, efit: 3",,,,0,0,0,0,2,,
2026-02-10 23:25:13,48,19,19,0,"fit: 2, efit: 5","fit: 2, efit: 4",,,,0,0,0,0,2,,
2026-02-10 23:32:33,48,19,19,0,"fit: 2, efit: 4","fit: 2, efit: 3",,,,0,0,0,0,2,,
2026-02-11 00:00:22,48,19,19,0,"fit: 2, efit: 4","fit: 2, efit: 3",,,,0,0,0,0,2,,
2026-02-11 00:40:32,48,19,19,0,"fit: 2, efit: 3","fit: 2, efit: 2",,,,0,0,0,0,2,,
2026-02-11 06:52:05,48,19,19,0,"fit: 2, efit: 2","fit: 2, efit: 1",,,,0,0,0,0,2,,
2026-02-11 08:18:59,48,19,19,0,"fit: 2, efit: 1",fit: 2,,,,0,0,0,0,2,,
2026-02-11 08:52:35,48,19,19,0,"fit: 2, efit: 2","fit: 2, efit: 1",,,,0,0,0,0,2,,
2026-02-11 09:02:38,48,19,19,0,"fit: 3, efit: 5","fit: 3, efit: 4",,,,0,0,0,0,2,,
2026-02-11 09:04:07,48,19,19,0,"fit: 3, efit: 4","fit: 3, efit: 4",,,,0,0,0,0,2,,
2026-02-11 09:07:39,48,19,19,0,"fit: 4, efit: 5","fit: 4, efit: 5",,,,0,0,0,0,2,,
2026-02-11 09:32:45,48,19,19,0,"fit: 4, efit: 4","fit: 4, efit: 4",,,,0,0,0,0,2,,
2026-02-11 09:52:50,48,19,19,0,"fit: 4, efit: 3","fit: 4, efit: 3",,,,0,0,0,0,2,,
2026-02-11 09:53:25,48,19,19,0,"fit: 4, efit: 2","fit: 4, efit: 2",,,,0,0,0,0,2,,
2026-02-11 09:59:17,48,19,19,0,"fit: 4, efit: 1","fit: 4, efit: 1",,,,0,0,0,0,2,,
2026-02-11 10:43:02,48,19,19,0,"fit: 4, efit: 2","fit: 4, efit: 2",,,,0,0,0,0,2,,
2026-02-11 10:48:04,48,19,19,0,"fit: 4, efit: 1","fit: 4, efit: 1",,,,0,0,0,0,2,,
2026-02-11 10:49:25,48,19,19,0,fit: 4,fit: 4,,,,0,0,0,0,2,,
2026-02-11 10:53:05,48,19,19,0,"fit: 4, efit: 1","fit: 4, efit: 1",,,,0,0,0,0,2,,
2026-02-11 12:03:22,48,19,19,0,fit: 5,fit: 5,,,,0,0,0,0,2,,
2026-02-11 12:09:38,48,19,19,0,"fit: 5, efit: 1","fit: 5, efit: 1",,,,0,0,0,0,2,,
2026-02-11 12:53:35,48,19,19,0,fit: 5,fit: 5,,,,0,0,0,0,2,,
2026-02-11 13:34:04,48,19,19,0,fit: 4,fit: 4,,,,0,0,0,0,2,,
2026-02-11 13:48:49,48,19,19,0,"fit: 4, efit: 1","fit: 4, efit: 1",,,,0,0,0,0,2,,
2026-02-11 13:54:56,48,19,19,0,"fit: 4, efit: 2","fit: 4, efit: 2",,,,0,0,0,0,2,,
2026-02-11 14:34:01,48,19,19,0,"fit: 4, efit: 6","fit: 4, efit: 6",,,,0,0,0,0,2,,
2026-02-11 14:35:03,48,19,19,0,"fit: 4, efit: 7","fit: 4, efit: 7",,,,0,0,0,0,2,,
2026-02-11 14:39:02,48,19,19,0,"fit: 4, efit: 8","fit: 4, efit: 8",,,,0,0,0,0,2,,
2026-02-11 16:39:33,48,19,19,0,"fit: 4, efit: 9","fit: 4, efit: 9",,,,0,0,0,0,2,,
2026-02-11 17:34:42,48,19,19,0,"fit: 4, efit: 10","fit: 4, efit: 10",,,,0,0,0,0,2,,
2026-02-11 17:39:43,48,19,19,0,"fit: 5, efit: 11","fit: 5, efit: 11",,,,0,0,0,0,2,,
2026-02-11 17:44:44,48,19,19,0,"fit: 5, efit: 12","fit: 5, efit: 12",,,,0,0,0,0,2,,
2026-02-11 18:09:49,48,19,19,0,"fit: 5, efit: 13","fit: 5, efit: 13",,,,0,0,0,0,2,,
2026-02-11 18:14:50,48,19,19,0,"fit: 5, efit: 14","fit: 5, efit: 14",,,,0,0,0,0,2,,
2026-02-11 18:59:59,48,19,19,0,"fit: 5, efit: 13","fit: 5, efit: 13",,,,0,0,0,0,2,,
2026-02-11 19:10:50,48,19,19,0,"fit: 5, efit: 14","fit: 5, efit: 13",efit: 1,,,0,0,0,0,2,,
2026-02-11 19:15:02,48,19,19,0,"fit: 5, efit: 13","fit: 5, efit: 12",efit: 1,,,0,0,0,0,2,,
2026-02-11 19:45:07,48,19,19,0,"fit: 5, efit: 14","fit: 5, efit: 13",efit: 1,,,0,0,0,0,2,,
2026-02-11 20:45:18,48,19,19,0,"fit: 5, efit: 13","fit: 5, efit: 12",efit: 1,,,0,0,0,0,2,,
2026-02-11 22:20:35,48,19,19,0,"fit: 5, efit: 14","fit: 5, efit: 13",efit: 1,,,0,0,0,0,2,,
2026-02-11 22:35:38,48,19,19,0,"fit: 5, efit: 13","fit: 5, efit: 12",efit: 1,,,0,0,0,0,2,,
2026-02-11 22:50:40,48,19,19,0,"fit: 5, efit: 14","fit: 5, efit: 13",efit: 1,,,0,0,0,0,2,,
2026-02-12 00:00:52,48,19,19,0,"fit: 5, efit: 14","fit: 5, efit: 13",efit: 1,,,0,0,0,0,2,,
2026-02-12 04:51:41,48,19,19,0,"fit: 5, efit: 14","fit: 5, efit: 12",efit: 1,,,0,0,0,0,2,,
2026-02-12 06:52:44,48,19,19,0,"fit: 5, efit: 13","fit: 5, efit: 11",efit: 1,,,0,0,0,0,2,,
2026-02-12 07:27:08,48,19,19,0,"fit: 5, efit: 12","fit: 5, efit: 10",efit: 1,,,0,0,0,0,2,,
2026-02-12 07:42:11,48,19,19,0,"fit: 5, efit: 13","fit: 5, efit: 11",efit: 1,,,0,0,0,0,2,,
2026-02-12 08:42:22,48,19,19,0,"fit: 5, efit: 12","fit: 5, efit: 10",efit: 1,,,0,0,0,0,2,,
2026-02-12 08:48:04,48,19,19,0,"fit: 5, efit: 13","fit: 5, efit: 11",efit: 1,,,0,0,0,0,2,,
2026-02-12 09:13:08,48,19,19,0,"fit: 5, efit: 12","fit: 5, efit: 10",efit: 1,,,0,0,0,0,2,,
2026-02-12 09:27:30,48,19,19,0,"fit: 5, efit: 11","fit: 5, efit: 11",,,,0,0,0,0,2,,
2026-02-12 09:28:42,48,19,19,0,"fit: 5, efit: 10","fit: 5, efit: 10",,,,0,0,0,0,2,,
2026-02-12 09:32:31,48,19,19,0,"fit: 5, efit: 7","fit: 5, efit: 7",,,,0,0,0,0,2,,
2026-02-12 09:47:33,48,19,19,0,"fit: 5, efit: 6","fit: 5, efit: 6",,,,0,0,0,0,2,,
2026-02-12 09:48:14,48,19,19,0,"fit: 5, efit: 5","fit: 5, efit: 5",,,,0,0,0,0,2,,
2026-02-12 09:52:34,48,19,19,0,"fit: 5, efit: 4","fit: 5, efit: 4",,,,0,0,0,0,2,,
2026-02-12 10:12:37,48,19,19,0,"fit: 5, efit: 5","fit: 5, efit: 5",,,,0,0,0,0,2,,
2026-02-12 10:27:40,48,19,19,0,"fit: 5, efit: 4","fit: 5, efit: 4",,,,0,0,0,0,2,,
2026-02-12 10:59:04,48,19,19,0,"fit: 5, efit: 3","fit: 5, efit: 3",,,,0,0,0,0,2,,
2026-02-12 11:52:54,48,19,19,0,"fit: 5, efit: 2","fit: 5, efit: 2",,,,0,0,0,0,2,,
2026-02-12 12:28:01,48,19,19,0,"fit: 6, efit: 2","fit: 6, efit: 2",,,,0,0,0,0,2,,
2026-02-12 12:58:06,48,19,19,0,"fit: 6, efit: 1","fit: 6, efit: 1",,,,0,0,0,0,2,,
2026-02-12 13:33:12,48,19,19,0,"fit: 6, efit: 2","fit: 6, efit: 2",,,,0,0,0,0,2,,
2026-02-12 13:58:16,48,19,19,0,"fit: 7, efit: 2","fit: 7, efit: 2",,,,0,0,0,0,2,,
2026-02-12 14:08:18,48,19,19,0,"fit: 7, efit: 1","fit: 7, efit: 1",,,,0,0,0,0,2,,
2026-02-12 14:14:54,48,19,19,0,fit: 7,fit: 7,,,,0,0,0,0,2,,
2026-02-12 15:43:34,48,19,19,0,"fit: 7, efit: 1","fit: 7, efit: 1",,,,0,0,0,0,2,,
2026-02-12 16:08:38,48,19,19,0,"fit: 7, efit: 2","fit: 7, efit: 2",,,,0,0,0,0,2,,
2026-02-12 16:55:34,48,19,19,0,"fit: 7, efit: 1","fit: 7, efit: 1",,,,0,0,0,0,2,,
2026-02-12 17:13:50,48,19,19,0,"fit: 7, efit: 2","fit: 7, efit: 2",,,,0,0,0,0,2,,
2026-02-12 17:24:31,48,19,19,0,"fit: 7, efit: 3","fit: 7, efit: 3",,,,0,0,0,0,2,,
2026-02-12 17:35:44,48,19,19,0,"fit: 7, efit: 2","fit: 7, efit: 2",,,,0,0,0,0,2,,
2026-02-12 17:40:46,48,19,19,0,"fit: 8, efit: 2","fit: 8, efit: 2",,,,0,0,0,0,2,,
2026-02-12 17:48:56,48,19,19,0,"fit: 8, efit: 3","fit: 8, efit: 3",,,,0,0,0,0,2,,
2026-02-12 17:53:57,48,19,19,0,"fit: 8, efit: 4","fit: 8, efit: 4",,,,0,0,0,0,2,,
2026-02-12 17:55:49,48,19,19,0,"fit: 8, efit: 5","fit: 8, efit: 5",,,,0,0,0,0,2,,
2026-02-12 18:14:01,48,19,19,0,"fit: 8, efit: 4","fit: 8, efit: 4",,,,0,0,0,0,2,,
2026-02-12 18:19:02,48,19,19,0,"fit: 8, efit: 5","fit: 8, efit: 5",,,,0,0,0,0,2,,
2026-02-12 18:34:04,48,19,19,0,"fit: 8, efit: 7","fit: 8, efit: 7",,,,0,0,0,0,2,,
2026-02-12 18:49:07,48,19,19,0,"fit: 8, efit: 6","fit: 8, efit: 6",,,,0,0,0,0,2,,
2026-02-12 19:01:06,48,19,19,0,"fit: 9, efit: 6","fit: 9, efit: 6",,,,0,0,0,0,2,,
2026-02-12 19:31:14,48,19,19,0,"fit: 9, efit: 5","fit: 9, efit: 5",,,,0,0,0,0,2,,
2026-02-12 19:41:16,48,19,19,0,"fit: 9, efit: 4","fit: 9, efit: 4",,,,0,0,0,0,2,,
2026-02-12 20:01:21,48,19,19,0,"fit: 9, efit: 4","fit: 9, efit: 3",efit: 1,,,0,0,0,0,2,,
2026-02-12 20:09:21,48,19,19,0,"fit: 9, efit: 3","fit: 9, efit: 2",efit: 1,,,0,0,0,0,2,,
2026-02-12 20:20:01,48,19,19,0,"fit: 10, efit: 2","fit: 10, efit: 1",efit: 1,,,0,0,0,0,2,,
2026-02-12 21:09:32,48,19,19,0,"fit: 10, efit: 3","fit: 10, efit: 2",efit: 1,,,0,0,0,0,2,,
2026-02-12 22:49:49,48,19,19,0,"fit: 10, efit: 4","fit: 10, efit: 3",efit: 1,,,0,0,0,0,2,,
2026-02-12 23:45:35,48,19,19,0,"fit: 10, efit: 5","fit: 10, efit: 4",efit: 1,,,0,0,0,0,2,,
2026-02-13 00:00:02,48,19,19,0,"fit: 10, efit: 5","fit: 10, efit: 4",efit: 1,,,0,0,0,0,2,,
2026-02-13 03:50:43,48,19,19,0,"fit: 10, efit: 6","fit: 10, efit: 5",efit: 1,,,0,0,0,0,2,,
2026-02-13 07:41:23,48,19,19,0,"fit: 10, efit: 5","fit: 10, efit: 4",efit: 1,,,0,0,0,0,2,,
2026-02-13 08:46:35,48,19,19,0,"fit: 9, efit: 5","fit: 9, efit: 4",efit: 1,,,0,0,0,0,2,,
2026-02-13 09:09:37,48,19,19,0,"fit: 9, efit: 4","fit: 9, efit: 3",efit: 1,,,0,0,0,0,2,,
2026-02-13 09:16:40,48,19,19,0,"fit: 9, efit: 3","fit: 9, efit: 2",efit: 1,,,0,0,0,0,2,,
2026-02-13 09:31:42,48,19,19,0,"fit: 9, efit: 2","fit: 9, efit: 1",efit: 1,,,0,0,0,0,2,,
2026-02-13 09:34:43,48,19,19,0,"fit: 7, efit: 1","fit: 7, efit: 1",,,,0,0,0,0,2,,
2026-02-13 09:36:43,48,19,19,0,"fit: 4, efit: 2","fit: 4, efit: 2",,,,0,0,0,0,2,,
2026-02-13 09:37:14,48,19,19,0,"fit: 3, efit: 2","fit: 3, efit: 2",,,,0,0,0,0,2,,
2026-02-13 09:41:44,48,19,19,0,"fit: 3, efit: 1","fit: 3, efit: 1",,,,0,0,0,0,2,,
2026-02-13 09:51:46,48,19,19,0,fit: 3,fit: 3,,,,0,0,0,0,2,,
2026-02-13 10:19:54,48,19,19,0,fit: 2,fit: 2,,,,0,0,0,0,2,,
2026-02-13 10:21:51,48,19,19,0,"fit: 2, efit: 1","fit: 2, efit: 1",,,,0,0,0,0,2,,
2026-02-13 10:24:56,48,19,19,0,fit: 2,fit: 2,,,,0,0,0,0,2,,
2026-02-13 11:12:00,48,19,19,0,"fit: 2, efit: 1","fit: 2, efit: 1",,,,0,0,0,0,2,,
2026-02-13 12:15:24,48,19,19,0,"fit: 2, efit: 2","fit: 2, efit: 2",,,,0,0,0,0,2,,
2026-02-13 12:25:27,48,19,19,0,"fit: 2, efit: 1","fit: 2, efit: 1",,,,0,0,0,0,2,,
2026-02-13 12:42:16,48,19,19,0,fit: 2,fit: 2,,,,0,0,0,0,2,,
2026-02-13 12:57:19,48,19,19,0,fit: 1,fit: 1,,,,0,0,0,0,2,,
2026-02-13 13:00:35,48,19,19,0,"fit: 1, efit: 1","fit: 1, efit: 1",,,,0,0,0,0,2,,
2026-02-13 13:05:36,48,19,19,0,"fit: 1, efit: 2","fit: 1, efit: 2",,,,0,0,0,0,2,,
2026-02-13 13:07:49,48,19,19,0,"fit: 2, efit: 2","fit: 2, efit: 2",,,,0,0,0,0,2,,
2026-02-13 13:10:38,48,19,19,0,"fit: 2, efit: 1","fit: 2, efit: 1",,,,0,0,0,0,2,,
2026-02-13 14:00:50,48,19,19,0,fit: 2,fit: 2,,,,0,0,0,0,2,,
2026-02-13 14:13:01,48,19,19,0,"fit: 2, efit: 1","fit: 2, efit: 1",,,,0,0,0,0,2,,
2026-02-13 14:23:02,48,19,19,0,fit: 2,fit: 2,,,,0,0,0,0,2,,
2026-02-13 15:03:09,48,19,19,0,"fit: 2, efit: 1","fit: 2, efit: 1",,,,0,0,0,0,2,,
2026-02-13 15:11:08,48,19,19,0,"fit: 2, efit: 2","fit: 2, efit: 2",,,,0,0,0,0,2,,
2026-02-13 15:17:43,48,19,19,0,"fit: 2, efit: 3","fit: 2, efit: 3",,,,0,0,0,0,2,,
2026-02-13 15:36:15,48,19,19,0,"fit: 2, efit: 4","fit: 2, efit: 4",,,,0,0,0,0,2,,
2026-02-13 15:51:19,48,19,19,0,"fit: 2, efit: 6","fit: 2, efit: 6",,,,0,0,0,0,2,,
2026-02-13 15:57:50,48,19,19,0,"fit: 3, efit: 6","fit: 3, efit: 6",,,,0,0,0,0,2,,
2026-02-13 16:16:26,48,19,19,0,"fit: 3, efit: 7","fit: 3, efit: 7",,,,0,0,0,0,2,,
2026-02-13 16:31:29,48,19,19,0,"fit: 3, efit: 6","fit: 3, efit: 6",,,,0,0,0,0,2,,
2026-02-13 16:48:27,48,19,19,0,"fit: 3, efit: 7","fit: 3, efit: 7",,,,0,0,0,0,2,,
2026-02-13 17:06:38,48,19,19,0,"fit: 3, efit: 6","fit: 3, efit: 6",,,,0,0,0,0,2,,
2026-02-13 17:26:43,48,19,19,0,"fit: 3, efit: 7","fit: 3, efit: 7",,,,0,0,0,0,2,,
2026-02-13 17:28:05,48,19,19,0,"fit: 3, efit: 6","fit: 3, efit: 6",,,,0,0,0,0,2,,
2026-02-13 17:36:46,48,19,19,0,"fit: 3, efit: 5","fit: 3, efit: 5",,,,0,0,0,0,2,,
2026-02-13 17:56:51,48,19,19,0,"fit: 3, efit: 6","fit: 3, efit: 6",,,,0,0,0,0,2,,
2026-02-13 17:58:11,48,19,19,0,"fit: 3, efit: 7","fit: 3, efit: 7",,,,0,0,0,0,2,,
2026-02-13 18:08:13,48,19,19,0,"fit: 3, efit: 6","fit: 3, efit: 6",,,,0,0,0,0,2,,
2026-02-13 18:11:55,48,19,19,0,"fit: 4, efit: 5","fit: 4, efit: 5",,,,0,0,0,0,2,,
2026-02-13 18:52:05,48,19,19,0,"fit: 4, efit: 4","fit: 4, efit: 4",,,,0,0,0,0,2,,
2026-02-13 19:03:50,48,19,19,0,"fit: 4, efit: 5","fit: 4, efit: 5",,,,0,0,0,0,2,,
2026-02-13 19:07:09,48,19,19,0,"fit: 4, efit: 6","fit: 4, efit: 6",,,,0,0,0,0,2,,
2026-02-13 19:12:10,48,19,19,0,"fit: 4, efit: 7","fit: 4, efit: 7",,,,0,0,0,0,2,,
2026-02-13 19:17:12,48,19,19,0,"fit: 4, efit: 8","fit: 4, efit: 8",,,,0,0,0,0,2,,
2026-02-13 19:28:27,48,19,19,0,"fit: 4, efit: 6","fit: 4, efit: 6",,,,0,0,0,0,2,,
2026-02-13 19:32:16,48,19,19,0,"fit: 4, efit: 7","fit: 4, efit: 7",,,,0,0,0,0,2,,
2026-02-13 20:32:31,48,19,19,0,"fit: 4, efit: 6","fit: 4, efit: 6",,,,0,0,0,0,2,,
2026-02-13 20:42:33,48,19,19,0,"fit: 5, efit: 6","fit: 5, efit: 6",,,,0,0,0,0,2,,
2026-02-13 21:02:38,48,19,19,0,"fit: 5, efit: 7","fit: 5, efit: 7",,,,0,0,0,0,2,,
2026-02-13 21:07:39,48,19,19,0,"fit: 5, efit: 6","fit: 5, efit: 6",,,,0,0,0,0,2,,
2026-02-13 21:22:43,48,19,19,0,"fit: 5, efit: 5","fit: 5, efit: 5",,,,0,0,0,0,2,,
2026-02-13 21:23:47,48,19,19,0,"fit: 5, efit: 4","fit: 5, efit: 4",,,,0,0,0,0,2,,
2026-02-13 21:27:44,48,19,19,0,"fit: 5, efit: 3","fit: 5, efit: 3",,,,0,0,0,0,2,,
2026-02-13 21:28:48,48,19,19,0,"fit: 6, efit: 2","fit: 6, efit: 2",,,,0,0,0,0,2,,
2026-02-13 22:08:55,48,19,19,0,"fit: 6, efit: 1","fit: 6, efit: 1",,,,0,0,0,0,2,,
2026-02-13 22:58:07,48,19,19,0,"fit: 5, efit: 1","fit: 5, efit: 1",,,,0,0,0,0,2,,
2026-02-13 23:29:34,48,19,19,0,"fit: 5, efit: 2","fit: 5, efit: 2",,,,0,0,0,0,2,,
2026-02-13 23:48:21,48,19,19,0,"fit: 5, efit: 1","fit: 5, efit: 1",,,,0,0,0,0,2,,
2026-02-14 00:03:24,48,19,19,0,"fit: 5, efit: 1","fit: 5, efit: 1",,,,0,0,0,0,2,,
2026-02-14 01:43:49,48,19,19,0,"fit: 4, efit: 1","fit: 4, efit: 1",,,,0,0,0,0,2,,
2026-02-14 07:55:38,48,19,19,0,fit: 4,fit: 4,,,,0,0,0,0,2,,
2026-02-14 08:40:34,48,19,19,0,"fit: 4, efit: 1","fit: 4, efit: 1",,,,0,0,0,0,2,,
2026-02-14 09:00:39,48,19,19,0,"fit: 4, efit: 2","fit: 4, efit: 2",,,,0,0,0,0,2,,
2026-02-14 09:30:46,48,19,19,0,"fit: 4, efit: 3","fit: 4, efit: 2",efit: 1,,,0,0,0,0,2,,
2026-02-14 09:31:17,48,19,19,0,"fit: 4, efit: 2","fit: 4, efit: 1",efit: 1,,,0,0,0,0,2,,
2026-02-14 09:40:49,48,19,19,0,"fit: 4, efit: 1",fit: 4,efit: 1,,,0,0,0,0,2,,
2026-02-14 10:05:55,48,19,19,0,"fit: 4, efit: 2","fit: 4, efit: 1",efit: 1,,,0,0,0,0,2,,
2026-02-14 10:15:58,48,19,19,0,"fit: 4, efit: 3","fit: 4, efit: 2",efit: 1,,,0,0,0,0,2,,
2026-02-14 10:20:59,48,19,19,0,"fit: 4, efit: 4","fit: 4, efit: 3",efit: 1,,,0,0,0,0,2,,
2026-02-14 10:41:04,48,19,19,0,"fit: 5, efit: 2","fit: 5, efit: 1",efit: 1,,,0,0,0,0,2,,
2026-02-14 10:46:05,48,19,19,0,"fit: 5, efit: 1",fit: 5,efit: 1,,,0,0,0,0,2,,
2026-02-14 11:26:13,48,19,19,0,fit: 5,fit: 5,,,,0,0,0,0,2,,
2026-02-14 11:26:36,48,19,19,0,"fit: 5, efit: 1","fit: 5, efit: 1",,,,0,0,0,0,2,,
2026-02-14 11:31:14,48,19,19,0,"fit: 5, efit: 2","fit: 5, efit: 2",,,,0,0,0,0,2,,
2026-02-14 11:36:15,48,19,19,0,"fit: 6, efit: 2","fit: 6, efit: 2",,,,0,0,0,0,2,,
2026-02-14 11:36:38,48,19,19,0,"fit: 6, efit: 1","fit: 6, efit: 1",,,,0,0,0,0,2,,
2026-02-14 11:56:19,48,19,19,0,fit: 6,fit: 6,,,,0,0,0,0,2,,
2026-02-14 12:01:19,48,19,19,0,"fit: 4, efit: 1","fit: 4, efit: 1",,,,0,0,0,0,2,,
2026-02-14 12:36:25,48,19,19,0,"fit: 4, efit: 2","fit: 4, efit: 2",,,,0,0,0,0,2,,
2026-02-14 12:51:28,48,19,19,0,"fit: 4, efit: 3","fit: 4, efit: 3",,,,0,0,0,0,2,,
2026-02-14 12:56:29,48,19,19,0,"fit: 4, efit: 2","fit: 4, efit: 2",,,,0,0,0,0,2,,
2026-02-14 13:16:32,48,19,19,0,"fit: 4, efit: 3","fit: 4, efit: 3",,,,0,0,0,0,2,,
2026-02-14 13:26:34,48,19,19,0,"fit: 4, efit: 2","fit: 4, efit: 2",,,,0,0,0,0,2,,
2026-02-14 13:36:36,48,19,19,0,"fit: 4, efit: 1","fit: 4, efit: 1",,,,0,0,0,0,2,,
2026-02-14 13:41:37,48,19,19,0,"fit: 4, efit: 3","fit: 4, efit: 3",,,,0,0,0,0,2,,
2026-02-14 13:46:37,48,19,19,0,"fit: 4, efit: 2","fit: 4, efit: 2",,,,0,0,0,0,2,,
2026-02-14 13:56:39,48,19,19,0,"fit: 4, efit: 1","fit: 4, efit: 1",,,,0,0,0,0,2,,
2026-02-14 14:01:40,48,19,19,0,"fit: 4, efit: 2","fit: 4, efit: 2",,,,0,0,0,0,2,,
2026-02-14 14:11:42,48,19,19,0,"fit: 4, efit: 3","fit: 4, efit: 3",,,,0,0,0,0,2,,
2026-02-14 14:21:44,48,19,19,0,"fit: 4, efit: 4","fit: 4, efit: 4",,,,0,0,0,0,2,,
2026-02-14 14:26:45,48,19,19,0,"fit: 4, efit: 3","fit: 4, efit: 3",,,,0,0,0,0,2,,
2026-02-14 14:32:02,48,19,19,0,"fit: 4, efit: 2","fit: 4, efit: 2",,,,0,0,0,0,2,,
2026-02-14 14:51:50,48,19,19,0,"fit: 4, efit: 1","fit: 4, efit: 1",,,,0,0,0,0,2,,
2026-02-14 14:56:51,48,19,19,0,fit: 4,fit: 4,,,,0,0,0,0,2,,
2026-02-14 15:06:52,48,19,19,0,fit: 3,fit: 3,,,,0,0,0,0,2,,
2026-02-14 15:26:56,48,19,19,0,fit: 2,fit: 2,,,,0,0,0,0,2,,
2026-02-14 15:36:57,48,19,19,0,fit: 3,fit: 3,,,,0,0,0,0,2,,
2026-02-14 15:52:00,48,19,19,0,fit: 4,fit: 4,,,,0,0,0,0,2,,
2026-02-14 16:27:06,48,19,19,0,"fit: 4, efit: 2","fit: 4, efit: 2",,,,0,0,0,0,2,,
2026-02-14 16:37:08,48,19,19,0,"fit: 4, efit: 1","fit: 4, efit: 1",,,,0,0,0,0,2,,
2026-02-14 17:02:13,48,19,19,0,"fit: 4, efit: 2","fit: 4, efit: 2",,,,0,0,0,0,2,,
2026-02-14 17:22:16,48,19,19,0,"fit: 4, efit: 1","fit: 4, efit: 1",,,,0,0,0,0,2,,
2026-02-14 17:42:35,48,19,19,0,fit: 4,fit: 4,,,,0,0,0,0,2,,
2026-02-14 18:07:24,48,19,19,0,fit: 5,fit: 5,,,,0,0,0,0,2,,
2026-02-14 18:17:26,48,19,19,0,fit: 4,fit: 4,,,,0,0,0,0,2,,
2026-02-14 18:52:32,48,19,19,0,fit: 5,fit: 5,,,,0,0,0,0,2,,
2026-02-14 19:07:35,48,19,19,0,fit: 4,fit: 4,,,,0,0,0,0,2,,
2026-02-14 19:07:49,48,19,19,0,"fit: 4, efit: 1","fit: 4, efit: 1",,,,0,0,0,0,2,,
2026-02-14 19:12:36,48,19,19,0,fit: 5,fit: 5,,,,0,0,0,0,2,,
2026-02-14 20:02:44,48,19,19,0,"fit: 5, efit: 1","fit: 5, efit: 1",,,,0,0,0,0,2,,
2026-02-14 21:02:55,48,19,19,0,"fit: 5, efit: 2","fit: 5, efit: 2",,,,0,0,0,0,2,,
2026-02-14 21:07:55,48,19,19,0,"fit: 5, efit: 3","fit: 5, efit: 3",,,,0,0,0,0,2,,
2026-02-14 21:33:00,48,19,19,0,"fit: 5, efit: 2","fit: 5, efit: 2",,,,0,0,0,0,2,,
2026-02-14 22:53:14,48,19,19,0,"fit: 5, efit: 5","fit: 5, efit: 5",,,,0,0,0,0,2,,
2026-02-15 00:03:26,48,19,19,0,"fit: 5, efit: 5","fit: 5, efit: 5",,,,0,0,0,0,2,,
2026-02-15 01:33:42,48,19,19,0,"fit: 5, efit: 6","fit: 5, efit: 6",,,,0,0,0,0,2,,
2026-02-15 02:18:50,48,19,19,0,"fit: 6, efit: 6","fit: 6, efit: 6",,,,0,0,0,0,2,,
2026-02-15 02:29:57,48,19,19,0,"fit: 6, efit: 8","fit: 6, efit: 8",,,,0,0,0,0,2,,
2026-02-15 03:29:02,48,19,19,0,"fit: 6, efit: 7","fit: 6, efit: 7",,,,0,0,0,0,2,,
2026-02-15 04:19:11,48,19,19,0,"fit: 6, efit: 6","fit: 6, efit: 6",,,,0,0,0,0,2,,
2026-02-15 09:51:45,48,19,19,0,"fit: 6, efit: 5","fit: 6, efit: 5",,,,0,0,0,0,2,,
2026-02-15 10:50:14,48,19,19,0,"fit: 6, efit: 4","fit: 6, efit: 4",,,,0,0,0,0,2,,
2026-02-15 10:52:00,48,19,19,0,"fit: 6, efit: 3","fit: 6, efit: 3",,,,0,0,0,0,2,,
2026-02-15 11:02:03,48,19,19,0,"fit: 6, efit: 2","fit: 6, efit: 2",,,,0,0,0,0,2,,
2026-02-15 11:07:04,48,19,19,0,"fit: 6, efit: 3","fit: 6, efit: 3",,,,0,0,0,0,2,,
2026-02-15 11:25:18,48,19,19,0,"fit: 6, efit: 2","fit: 6, efit: 2",,,,0,0,0,0,2,,
2026-02-15 11:45:19,48,19,19,0,"fit: 6, efit: 1","fit: 6, efit: 1",,,,0,0,0,0,2,,
2026-02-15 12:25:23,48,19,19,0,"fit: 6, efit: 3","fit: 6, efit: 3",,,,0,0,0,0,2,,
2026-02-15 14:12:50,48,19,19,0,"fit: 6, efit: 2","fit: 6, efit: 2",,,,0,0,0,0,2,,
2026-02-15 14:15:37,48,19,19,0,"fit: 6, efit: 1","fit: 6, efit: 1",,,,0,0,0,0,2,,
2026-02-15 15:05:45,48,19,19,0,fit: 6,fit: 6,,,,0,0,0,0,2,,
2026-02-15 15:53:14,48,19,19,0,fit: 7,fit: 7,,,,0,0,0,0,2,,
2026-02-15 16:18:21,48,19,19,0,"fit: 7, efit: 1","fit: 7, efit: 1",,,,0,0,0,0,2,,
2026-02-15 16:20:58,48,19,19,0,fit: 7,fit: 7,,,,0,0,0,0,2,,
2026-02-15 16:51:03,48,19,19,0,"fit: 7, efit: 1","fit: 7, efit: 1",,,,0,0,0,0,2,,
2026-02-15 17:01:04,48,19,19,0,"fit: 7, efit: 2","fit: 7, efit: 2",,,,0,0,0,0,2,,
2026-02-15 17:43:42,48,19,19,0,"fit: 7, efit: 1","fit: 7, efit: 1",,,,0,0,0,0,2,,
2026-02-15 17:46:12,48,19,19,0,"fit: 7, efit: 2","fit: 7, efit: 2",,,,0,0,0,0,2,,
2026-02-15 17:48:43,48,19,19,0,"fit: 7, efit: 1","fit: 7, efit: 1",,,,0,0,0,0,2,,
2026-02-15 18:01:14,48,19,19,0,"fit: 7, efit: 2","fit: 7, efit: 2",,,,0,0,0,0,2,,
2026-02-15 18:06:20,48,19,19,0,"fit: 7, efit: 3","fit: 7, efit: 3",,,,0,0,0,0,2,,
2026-02-15 18:16:16,48,19,19,0,"fit: 7, efit: 2","fit: 7, efit: 2",,,,0,0,0,0,2,,
2026-02-15 18:43:57,48,19,19,0,"fit: 7, efit: 3","fit: 7, efit: 3",,,,0,0,0,0,2,,
2026-02-15 19:36:30,48,19,19,0,"fit: 7, efit: 4","fit: 7, efit: 4",,,,0,0,0,0,2,,
2026-02-15 19:56:33,48,19,19,0,"fit: 7, efit: 5","fit: 7, efit: 5",,,,0,0,0,0,2,,
2026-02-15 20:39:25,48,19,19,0,"fit: 7, efit: 4","fit: 7, efit: 4",,,,0,0,0,0,2,,
2026-02-15 21:19:35,48,19,19,0,"fit: 7, efit: 3","fit: 7, efit: 3",,,,0,0,0,0,2,,
2026-02-15 21:44:41,48,19,19,0,"fit: 7, efit: 5","fit: 7, efit: 5",,,,0,0,0,0,2,,
2026-02-15 21:56:53,48,19,19,0,"fit: 7, efit: 6","fit: 7, efit: 6",,,,0,0,0,0,2,,
2026-02-15 22:52:02,48,19,19,0,"fit: 7, efit: 3","fit: 7, efit: 3",,,,0,0,0,0,2,,
2026-02-15 23:30:09,48,19,19,0,"fit: 7, efit: 6","fit: 7, efit: 6",,,,0,0,0,0,2,,
2026-02-15 23:32:08,48,19,19,0,"fit: 7, efit: 3","fit: 7, efit: 3",,,,0,0,0,0,2,,
2026-02-16 00:00:16,48,19,19,0,"fit: 7, efit: 3","fit: 7, efit: 3",,,,0,0,0,0,2,,
2026-02-16 00:22:17,48,19,19,0,"fit: 7, efit: 4","fit: 7, efit: 4",,,,0,0,0,0,2,,
2026-02-16 06:51:57,48,19,19,0,"fit: 7, efit: 3","fit: 7, efit: 3",,,,0,0,0,0,2,,
2026-02-16 08:22:18,48,19,19,0,"fit: 7, efit: 2","fit: 7, efit: 2",,,,0,0,0,0,2,,
2026-02-16 08:23:35,48,19,19,0,"fit: 7, efit: 1","fit: 7, efit: 1",,,,0,0,0,0,2,,
2026-02-16 08:43:38,48,19,19,0,fit: 7,fit: 7,,,,0,0,0,0,2,,
2026-02-16 09:22:33,48,19,19,0,fit: 6,fit: 6,,,,0,0,0,0,2,,
2026-02-16 09:29:03,48,19,19,0,fit: 5,fit: 5,,,,0,0,0,0,2,,
2026-02-16 09:42:38,48,19,19,0,"fit: 5, efit: 1","fit: 5, efit: 1",,,,0,0,0,0,2,,
2026-02-16 10:02:43,48,19,19,0,"fit: 5, efit: 2","fit: 5, efit: 2",,,,0,0,0,0,2,,
2026-02-16 10:09:10,48,19,19,0,"fit: 5, efit: 3","fit: 5, efit: 3",,,,0,0,0,0,2,,
2026-02-16 10:17:47,48,19,19,0,"fit: 5, efit: 4","fit: 5, efit: 4",,,,0,0,0,0,2,,
2026-02-16 10:22:48,48,19,19,0,"fit: 5, efit: 2","fit: 5, efit: 2",,,,0,0,0,0,2,,
2026-02-16 10:59:19,48,19,19,0,"fit: 5, efit: 2","fit: 5, efit: 1",efit: 1,,,0,0,0,0,2,,
2026-02-16 11:23:05,48,19,19,0,"fit: 5, efit: 1",fit: 5,efit: 1,,,0,0,0,0,2,,
2026-02-16 12:03:15,48,19,19,0,"fit: 5, efit: 2","fit: 5, efit: 1",efit: 1,,,0,0,0,0,2,,
2026-02-16 12:09:13,48,19,19,0,"fit: 5, efit: 1",fit: 5,efit: 1,,,0,0,0,0,2,,
2026-02-16 13:03:29,48,19,19,0,"fit: 4, efit: 1",fit: 4,efit: 1,,,0,0,0,0,2,,
2026-02-16 13:48:41,48,19,19,0,"fit: 4, efit: 2","fit: 4, efit: 1",efit: 1,,,0,0,0,0,2,,
2026-02-16 14:19:34,48,19,19,0,"fit: 4, efit: 3","fit: 4, efit: 2",efit: 1,,,0,0,0,0,2,,
2026-02-16 14:24:35,48,19,19,0,"fit: 4, efit: 2","fit: 4, efit: 1",efit: 1,,,0,0,0,0,2,,
2026-02-16 14:28:51,48,19,19,0,"fit: 4, efit: 1",fit: 4,efit: 1,,,0,0,0,0,2,,
2026-02-16 14:33:52,48,19,19,0,"fit: 3, efit: 1",fit: 3,efit: 1,,,0,0,0,0,2,,
2026-02-16 14:39:38,48,19,19,0,fit: 3,fit: 3,,,,0,0,0,0,2,,
2026-02-16 15:04:00,48,19,19,0,"fit: 3, efit: 1","fit: 3, efit: 1",,,,0,0,0,0,2,,
2026-02-16 15:44:10,48,19,19,0,fit: 3,fit: 3,,,,0,0,0,0,2,,
2026-02-16 15:49:11,48,19,19,0,fit: 2,fit: 2,,,,0,0,0,0,2,,
2026-02-16 16:29:21,48,19,19,0,"fit: 2, efit: 1","fit: 2, efit: 1",,,,0,0,0,0,2,,
2026-02-16 17:04:30,48,19,19,0,"fit: 2, efit: 2","fit: 2, efit: 2",,,,0,0,0,0,2,,
2026-02-16 17:09:31,48,19,19,0,"fit: 2, efit: 1","fit: 2, efit: 1",,,,0,0,0,0,2,,
2026-02-16 17:14:33,48,19,19,0,"fit: 3, efit: 1","fit: 3, efit: 1",,,,0,0,0,0,2,,
2026-02-16 17:19:34,48,19,19,0,"fit: 4, efit: 1","fit: 4, efit: 1",,,,0,0,0,0,2,,
2026-02-16 17:34:37,48,19,19,0,fit: 4,fit: 4,,,,0,0,0,0,2,,
2026-02-16 17:39:39,48,19,19,0,fit: 5,fit: 5,,,,0,0,0,0,2,,
2026-02-16 17:44:40,48,19,19,0,fit: 4,fit: 4,,,,0,0,0,0,2,,
2026-02-16 17:45:33,48,19,19,0,fit: 3,fit: 3,,,,0,0,0,0,2,,
2026-02-16 17:55:35,48,19,19,0,fit: 4,fit: 4,,,,0,0,0,0,2,,
2026-02-16 17:59:44,48,19,19,0,"fit: 4, efit: 1","fit: 4, efit: 1",,,,0,0,0,0,2,,
2026-02-16 18:04:45,48,19,19,0,"fit: 4, efit: 2","fit: 4, efit: 2",,,,0,0,0,0,2,,
2026-02-16 18:09:46,48,19,19,0,"fit: 4, efit: 1","fit: 4, efit: 1",,,,0,0,0,0,2,,
2026-02-16 18:14:47,48,19,19,0,"fit: 4, efit: 2","fit: 4, efit: 2",,,,0,0,0,0,2,,
2026-02-16 18:20:40,48,19,19,0,"fit: 4, efit: 3","fit: 4, efit: 3",,,,0,0,0,0,2,,
2026-02-16 18:34:52,48,19,19,0,"fit: 4, efit: 1","fit: 4, efit: 1",,,,0,0,0,0,2,,
2026-02-16 18:50:45,48,19,19,0,"fit: 5, efit: 1","fit: 5, efit: 1",,,,0,0,0,0,2,,
2026-02-16 18:59:59,48,19,19,0,"fit: 5, efit: 4","fit: 5, efit: 4",,,,0,0,0,0,2,,
2026-02-16 19:05:00,48,19,19,0,"fit: 5, efit: 5","fit: 5, efit: 5",,,,0,0,0,0,2,,
2026-02-16 19:30:07,48,19,19,0,"fit: 6, efit: 5","fit: 6, efit: 5",,,,0,0,0,0,2,,
2026-02-16 19:50:12,48,19,19,0,"fit: 6, efit: 4","fit: 6, efit: 4",,,,0,0,0,0,2,,
2026-02-16 21:10:34,48,19,19,0,"fit: 6, efit: 6","fit: 6, efit: 6",,,,0,0,0,0,2,,
2026-02-16 21:45:43,48,19,19,0,"fit: 6, efit: 7","fit: 6, efit: 7",,,,0,0,0,0,2,,
2026-02-16 22:00:47,48,19,19,0,"fit: 6, efit: 6","fit: 6, efit: 6",,,,0,0,0,0,2,,
2026-02-16 22:26:25,48,19,19,0,"fit: 6, efit: 5","fit: 6, efit: 5",,,,0,0,0,0,2,,
2026-02-16 22:30:54,48,19,19,0,"fit: 6, efit: 4","fit: 6, efit: 4",,,,0,0,0,0,2,,
2026-02-16 23:51:40,48,19,19,0,"fit: 6, efit: 5","fit: 6, efit: 5",,,,0,0,0,0,2,,
2026-02-17 00:00:54,48,19,19,0,"fit: 6, efit: 5","fit: 6, efit: 5",,,,0,0,0,0,2,,
2026-02-17 05:21:47,48,19,19,0,"fit: 6, efit: 4","fit: 6, efit: 4",,,,0,0,0,0,2,,
2026-02-17 06:08:43,48,19,19,0,"fit: 6, efit: 4","fit: 6, efit: 3",,,,0,0,0,0,2,,
2026-02-17 06:53:51,48,19,19,0,"fit: 6, efit: 3","fit: 6, efit: 2",,,,0,0,0,0,2,,
2026-02-17 07:02:03,48,19,19,0,"fit: 6, efit: 2","fit: 6, efit: 1",,,,0,0,0,0,2,,
2026-02-17 07:17:05,48,19,19,0,"fit: 6, efit: 1",fit: 6,,,,0,0,0,0,2,,
2026-02-17 07:38:59,48,19,19,0,"fit: 5, efit: 1",fit: 5,,,,0,0,0,0,2,,
2026-02-17 09:52:32,48,19,19,0,fit: 5,fit: 5,,,,0,0,0,0,2,,
2026-02-17 09:53:44,48,19,19,0,"fit: 5, efit: 1","fit: 5, efit: 1",,,,0,0,0,0,2,,
2026-02-17 10:37:40,48,19,19,0,fit: 5,fit: 5,,,,0,0,0,0,2,,
2026-02-17 11:12:45,48,19,19,0,"fit: 5, efit: 1","fit: 5, efit: 1",,,,0,0,0,0,2,,
2026-02-17 11:19:02,48,19,19,0,fit: 5,fit: 5,,,,0,0,0,0,2,,
2026-02-17 11:22:47,48,19,19,0,"fit: 5, efit: 1","fit: 5, efit: 1",,,,0,0,0,0,2,,
2026-02-17 11:27:48,48,19,19,0,"fit: 5, efit: 2","fit: 5, efit: 2",,,,0,0,0,0,2,,
2026-02-17 11:37:49,48,19,19,0,"fit: 5, efit: 1","fit: 5, efit: 1",,,,0,0,0,0,2,,
2026-02-17 11:47:51,48,19,19,0,"fit: 5, efit: 2","fit: 5, efit: 2",,,,0,0,0,0,2,,
2026-02-17 11:49:08,48,19,19,0,"fit: 4, efit: 2","fit: 4, efit: 2",,,,0,0,0,0,2,,
2026-02-17 11:57:53,48,19,19,0,"fit: 4, efit: 1","fit: 4, efit: 1",,,,0,0,0,0,2,,
2026-02-17 12:02:53,48,19,19,0,fit: 4,fit: 4,,,,0,0,0,0,2,,
2026-02-17 12:19:14,48,19,19,0,"fit: 4, efit: 1","fit: 4, efit: 1",,,,0,0,0,0,2,,
2026-02-17 12:32:58,48,19,19,0,"fit: 4, efit: 2","fit: 4, efit: 2",,,,0,0,0,0,2,,
2026-02-17 12:39:53,48,19,19,0,"fit: 4, efit: 1","fit: 4, efit: 1",,,,0,0,0,0,2,,
2026-02-17 12:48:01,48,19,19,0,"fit: 4, efit: 2","fit: 4, efit: 2",,,,0,0,0,0,2,,
2026-02-17 13:18:06,48,19,19,0,"fit: 4, efit: 1","fit: 4, efit: 1",,,,0,0,0,0,2,,
2026-02-17 13:53:13,48,19,19,0,fit: 4,fit: 4,,,,0,0,0,0,2,,
2026-02-17 14:18:17,48,19,19,0,"fit: 4, efit: 1","fit: 4, efit: 1",,,,0,0,0,0,2,,
2026-02-17 14:23:17,48,19,19,0,fit: 4,fit: 4,,,,0,0,0,0,2,,
2026-02-17 14:58:23,48,19,19,0,"fit: 4, efit: 1","fit: 4, efit: 1",,,,0,0,0,0,2,,
2026-02-17 15:08:25,48,19,19,0,"fit: 5, efit: 1","fit: 5, efit: 1",,,,0,0,0,0,2,,
2026-02-17 15:23:27,48,19,19,0,fit: 4,fit: 4,,,,0,0,0,0,2,,
2026-02-17 15:28:28,48,19,19,0,"fit: 4, efit: 1","fit: 4, efit: 1",,,,0,0,0,0,2,,
2026-02-17 15:33:29,48,19,19,0,"fit: 4, efit: 2","fit: 4, efit: 2",,,,0,0,0,0,2,,
2026-02-17 16:03:34,48,19,19,0,"fit: 4, efit: 1","fit: 4, efit: 1",,,,0,0,0,0,2,,
2026-02-17 16:05:02,48,19,19,0,"fit: 4, efit: 2","fit: 4, efit: 2",,,,0,0,0,0,2,,
2026-02-17 16:15:32,48,19,19,0,"fit: 4, efit: 1","fit: 4, efit: 1",,,,0,0,0,0,2,,
2026-02-17 16:18:37,48,19,19,0,"fit: 5, efit: 1","fit: 5, efit: 1",,,,0,0,0,0,2,,
2026-02-17 16:25:34,48,19,19,0,"fit: 5, efit: 2","fit: 5, efit: 2",,,,0,0,0,0,2,,
2026-02-17 16:30:35,48,19,19,0,"fit: 5, efit: 3","fit: 5, efit: 3",,,,0,0,0,0,2,,
2026-02-17 16:35:08,48,19,19,0,"fit: 5, efit: 4","fit: 5, efit: 4",,,,0,0,0,0,2,,
2026-02-17 16:38:40,48,19,19,0,"fit: 5, efit: 3","fit: 5, efit: 3",,,,0,0,0,0,2,,
2026-02-17 16:43:41,48,19,19,0,"fit: 5, efit: 4","fit: 5, efit: 4",,,,0,0,0,0,2,,
2026-02-17 16:45:11,48,19,19,0,"fit: 5, efit: 5","fit: 5, efit: 5",,,,0,0,0,0,2,,
2026-02-17 16:45:38,48,19,19,0,"fit: 5, efit: 4","fit: 5, efit: 4",,,,0,0,0,0,2,,
2026-02-17 16:50:38,48,19,19,0,"fit: 5, efit: 5","fit: 5, efit: 5",,,,0,0,0,0,2,,
2026-02-17 16:53:42,48,19,19,0,"fit: 5, efit: 4","fit: 5, efit: 4",,,,0,0,0,0,2,,
2026-02-17 17:00:40,48,19,19,0,"fit: 5, efit: 5","fit: 5, efit: 5",,,,0,0,0,0,2,,
2026-02-17 17:03:44,48,19,19,0,"fit: 5, efit: 7","fit: 5, efit: 7",,,,0,0,0,0,2,,
2026-02-17 17:10:16,48,19,19,0,"fit: 5, efit: 6","fit: 5, efit: 6",,,,0,0,0,0,2,,
2026-02-17 17:18:46,48,19,19,0,"fit: 5, efit: 5","fit: 5, efit: 5",,,,0,0,0,0,2,,
2026-02-17 17:20:44,48,19,19,0,"fit: 5, efit: 4","fit: 5, efit: 4",,,,0,0,0,0,2,,
2026-02-17 17:25:19,48,19,19,0,"fit: 5, efit: 3","fit: 5, efit: 3",,,,0,0,0,0,2,,
2026-02-17 17:33:49,48,19,19,0,"fit: 5, efit: 4","fit: 5, efit: 4",,,,0,0,0,0,2,,
2026-02-17 17:40:22,48,19,19,0,"fit: 5, efit: 5","fit: 5, efit: 5",,,,0,0,0,0,2,,
2026-02-17 17:48:52,48,19,19,0,"fit: 5, efit: 6","fit: 5, efit: 6",,,,0,0,0,0,2,,
2026-02-17 17:53:53,48,19,19,0,"fit: 5, efit: 4","fit: 5, efit: 4",,,,0,0,0,0,2,,
2026-02-17 17:55:50,48,19,19,0,"fit: 5, efit: 5","fit: 5, efit: 5",,,,0,0,0,0,2,,
2026-02-17 17:58:53,48,19,19,0,"fit: 5, efit: 4","fit: 5, efit: 4",,,,0,0,0,0,2,,
2026-02-17 18:03:54,48,19,19,0,"fit: 5, efit: 5","fit: 5, efit: 5",,,,0,0,0,0,2,,
2026-02-17 18:10:28,48,19,19,0,"fit: 5, efit: 4","fit: 5, efit: 4",,,,0,0,0,0,2,,
2026-02-17 18:13:56,48,19,19,0,"fit: 5, efit: 5","fit: 5, efit: 5",,,,0,0,0,0,2,,
2026-02-17 18:25:32,48,19,19,0,"fit: 5, efit: 4","fit: 5, efit: 4",,,,0,0,0,0,2,,
2026-02-17 18:44:01,48,19,19,0,"fit: 5, efit: 3","fit: 5, efit: 3",,,,0,0,0,0,2,,
2026-02-17 19:04:04,48,19,19,0,"fit: 5, efit: 4","fit: 5, efit: 4",,,,0,0,0,0,2,,
2026-02-17 19:25:44,48,19,19,0,"fit: 5, efit: 3","fit: 5, efit: 3",,,,0,0,0,0,2,,
2026-02-17 19:30:45,48,19,19,0,"fit: 5, efit: 4","fit: 5, efit: 4",,,,0,0,0,0,2,,
2026-02-17 19:34:09,48,19,19,0,"fit: 7, efit: 3","fit: 7, efit: 3",,,,0,0,0,0,2,,
2026-02-17 19:35:46,48,19,19,0,"fit: 7, efit: 2","fit: 7, efit: 2",,,,0,0,0,0,2,,
2026-02-17 19:50:49,48,19,19,0,"fit: 7, efit: 1","fit: 7, efit: 1",,,,0,0,0,0,2,,
2026-02-17 19:51:11,48,19,19,0,"fit: 7, efit: 2","fit: 7, efit: 2",,,,0,0,0,0,2,,
2026-02-17 19:54:13,48,19,19,0,"fit: 7, efit: 1","fit: 7, efit: 1",,,,0,0,0,0,2,,
2026-02-17 19:59:14,48,19,19,0,fit: 7,fit: 7,,,,0,0,0,0,2,,
2026-02-17 20:06:14,48,19,19,0,fit: 6,fit: 6,,,,0,0,0,0,2,,
2026-02-17 20:19:17,48,19,19,0,"fit: 6, efit: 1","fit: 6, efit: 1",,,,0,0,0,0,2,,
2026-02-17 20:39:21,48,19,19,0,"fit: 6, efit: 2","fit: 6, efit: 2",,,,0,0,0,0,2,,
2026-02-17 21:21:08,48,19,19,0,"fit: 6, efit: 3","fit: 6, efit: 3",,,,0,0,0,0,2,,
2026-02-17 21:24:28,48,19,19,0,"fit: 6, efit: 4","fit: 6, efit: 4",,,,0,0,0,0,2,,
2026-02-17 21:31:10,48,19,19,0,"fit: 6, efit: 3","fit: 6, efit: 3",,,,0,0,0,0,2,,
2026-02-17 21:34:30,48,19,19,0,"fit: 6, efit: 1","fit: 6, efit: 1",,,,0,0,0,0,2,,
2026-02-17 21:44:32,48,19,19,0,"fit: 6, efit: 2","fit: 6, efit: 2",,,,0,0,0,0,2,,
2026-02-17 21:56:15,48,19,19,0,"fit: 6, efit: 1","fit: 6, efit: 1",,,,0,0,0,0,2,,
2026-02-17 22:04:35,48,19,19,0,fit: 7,fit: 7,,,,0,0,0,0,2,,
2026-02-17 22:11:18,48,19,19,0,"fit: 7, efit: 1","fit: 7, efit: 1",,,,0,0,0,0,2,,
2026-02-17 22:19:38,48,19,19,0,fit: 7,fit: 7,,,,0,0,0,0,2,,
2026-02-17 22:39:41,48,19,19,0,"fit: 7, efit: 1","fit: 7, efit: 1",,,,0,0,0,0,2,,
2026-02-17 22:44:42,48,19,19,0,"fit: 7, efit: 2","fit: 7, efit: 2",,,,0,0,0,0,2,,
2026-02-17 22:54:43,48,19,19,0,"fit: 7, efit: 3","fit: 7, efit: 3",,,,0,0,0,0,2,,
2026-02-17 23:19:47,48,19,19,0,"fit: 7, efit: 4","fit: 7, efit: 4",,,,0,0,0,0,2,,
2026-02-18 00:01:40,48,19,19,0,"fit: 7, efit: 4","fit: 7, efit: 4",,,,0,0,0,0,2,,
2026-02-18 00:19:57,48,19,19,0,"fit: 7, efit: 5","fit: 7, efit: 5",,,,0,0,0,0,2,,
2026-02-18 05:17:45,48,19,19,0,"fit: 7, efit: 4","fit: 7, efit: 4",,,,0,0,0,0,2,,
2026-02-18 06:05:53,48,19,19,0,"fit: 7, efit: 3","fit: 7, efit: 3",,,,0,0,0,0,2,,
2026-02-18 06:45:59,48,19,19,0,"fit: 8, efit: 2","fit: 8, efit: 2",,,,0,0,0,0,2,,
2026-02-18 06:48:03,48,19,19,0,"fit: 8, efit: 3","fit: 8, efit: 3",,,,0,0,0,0,2,,
2026-02-18 06:51:01,48,19,19,0,"fit: 8, efit: 2","fit: 8, efit: 2",,,,0,0,0,0,2,,
2026-02-18 07:31:07,48,19,19,0,"fit: 8, efit: 1","fit: 8, efit: 1",,,,0,0,0,0,2,,
2026-02-18 07:41:09,48,19,19,0,fit: 8,fit: 8,,,,0,0,0,0,2,,
2026-02-18 08:18:22,48,19,19,0,fit: 7,fit: 7,,,,0,0,0,0,2,,
2026-02-18 08:48:28,48,19,19,0,fit: 6,fit: 6,,,,0,0,0,0,2,,
2026-02-18 10:08:42,48,19,19,0,"fit: 6, efit: 1","fit: 6, efit: 1",,,,0,0,0,0,2,,
2026-02-18 10:11:33,48,19,19,0,fit: 6,fit: 6,,,,0,0,0,0,2,,
2026-02-18 10:31:36,48,19,19,0,fit: 5,fit: 5,,,,0,0,0,0,2,,
2026-02-18 10:36:37,48,19,19,0,"fit: 5, efit: 1","fit: 5, efit: 1",,,,0,0,0,0,2,,
2026-02-18 10:41:38,48,19,19,0,fit: 4,fit: 4,,,,0,0,0,0,2,,
2026-02-18 11:06:42,48,19,19,0,"fit: 4, efit: 1","fit: 4, efit: 1",,,,0,0,0,0,2,,
2026-02-18 11:48:57,48,19,19,0,fit: 4,fit: 4,,,,0,0,0,0,2,,
2026-02-18 11:51:49,48,19,19,0,fit: 3,fit: 3,,,,0,0,0,0,2,,
2026-02-18 12:09:00,48,19,19,0,"fit: 3, efit: 1","fit: 3, efit: 1",,,,0,0,0,0,2,,
2026-02-18 12:14:05,48,19,19,0,"fit: 3, efit: 2","fit: 3, efit: 2",,,,0,0,0,0,2,,
2026-02-18 12:36:56,48,19,19,0,fit: 3,fit: 3,,,,0,0,0,0,2,,
2026-02-18 12:49:12,48,19,19,0,fit: 2,fit: 2,,,,0,0,0,0,2,,
2026-02-18 13:37:06,48,19,19,0,"fit: 2, efit: 1","fit: 2, efit: 1",,,,0,0,0,0,2,,
2026-02-18 14:09:21,48,19,19,0,"fit: 2, efit: 2","fit: 2, efit: 2",,,,0,0,0,0,2,,
2026-02-18 14:14:22,48,19,19,0,"fit: 2, efit: 3","fit: 2, efit: 3",,,,0,0,0,0,2,,
2026-02-18 14:49:28,48,19,19,0,"fit: 2, efit: 4","fit: 2, efit: 4",,,,0,0,0,0,2,,
2026-02-18 14:54:29,48,19,19,0,"fit: 2, efit: 5","fit: 2, efit: 5",,,,0,0,0,0,2,,
2026-02-18 15:04:31,48,19,19,0,"fit: 2, efit: 4","fit: 2, efit: 4",,,,0,0,0,0,2,,
2026-02-18 15:19:33,48,19,19,0,"fit: 2, efit: 5","fit: 2, efit: 5",,,,0,0,0,0,2,,
2026-02-18 15:37:26,48,19,19,0,"fit: 2, efit: 4","fit: 2, efit: 4",,,,0,0,0,0,2,,
2026-02-18 15:49:39,48,19,19,0,"fit: 2, efit: 5","fit: 2, efit: 5",,,,0,0,0,0,2,,
2026-02-18 15:52:28,48,19,19,0,"fit: 2, efit: 4","fit: 2, efit: 4",,,,0,0,0,0,2,,
2026-02-18 16:09:42,48,19,19,0,"fit: 2, efit: 5","fit: 2, efit: 5",,,,0,0,0,0,2,,
2026-02-18 16:44:48,48,19,19,0,"fit: 2, efit: 4","fit: 2, efit: 4",,,,0,0,0,0,2,,
2026-02-18 16:47:37,48,19,19,0,"fit: 2, efit: 5","fit: 2, efit: 5",,,,0,0,0,0,2,,
2026-02-18 16:49:49,48,19,19,0,"fit: 2, efit: 6","fit: 2, efit: 6",,,,0,0,0,0,2,,
2026-02-18 16:54:50,48,19,19,0,"fit: 2, efit: 7","fit: 2, efit: 7",,,,0,0,0,0,2,,
2026-02-18 17:02:39,48,19,19,0,"fit: 2, efit: 8","fit: 2, efit: 8",,,,0,0,0,0,2,,
2026-02-18 17:04:52,48,19,19,0,"fit: 2, efit: 9","fit: 2, efit: 9",,,,0,0,0,0,2,,
2026-02-18 17:29:56,48,19,19,0,"fit: 2, efit: 10","fit: 2, efit: 10",,,,0,0,0,0,2,,
2026-02-18 17:32:44,48,19,19,0,"fit: 2, efit: 9","fit: 2, efit: 9",,,,0,0,0,0,2,,
2026-02-18 17:35:11,48,19,19,0,"fit: 2, efit: 10","fit: 2, efit: 10",,,,0,0,0,0,2,,
2026-02-18 17:37:45,48,19,19,0,"fit: 3, efit: 9","fit: 3, efit: 9",,,,0,0,0,0,2,,
2026-02-18 17:42:46,48,19,19,0,"fit: 3, efit: 8","fit: 3, efit: 8",,,,0,0,0,0,2,,
2026-02-18 17:49:59,48,19,19,0,"fit: 3, efit: 9","fit: 3, efit: 9",,,,0,0,0,0,2,,
2026-02-18 18:10:03,48,19,19,0,"fit: 3, efit: 10","fit: 3, efit: 10",,,,0,0,0,0,2,,
2026-02-18 18:15:04,48,19,19,0,"fit: 3, efit: 9","fit: 3, efit: 9",,,,0,0,0,0,2,,
2026-02-18 18:32:54,48,19,19,0,"fit: 3, efit: 10","fit: 3, efit: 10",,,,0,0,0,0,2,,
2026-02-18 18:40:09,48,19,19,0,"fit: 3, efit: 11","fit: 3, efit: 11",,,,0,0,0,0,2,,
2026-02-18 18:47:56,48,19,19,0,"fit: 3, efit: 10","fit: 3, efit: 10",,,,0,0,0,0,2,,
2026-02-18 18:55:11,48,19,19,0,"fit: 3, efit: 11","fit: 3, efit: 11",,,,0,0,0,0,2,,
2026-02-18 19:12:59,48,19,19,0,"fit: 3, efit: 12","fit: 3, efit: 12",,,,0,0,0,0,2,,
2026-02-18 19:25:17,48,19,19,0,"fit: 3, efit: 11","fit: 3, efit: 11",,,,0,0,0,0,2,,
2026-02-18 19:30:17,48,19,19,0,"fit: 3, efit: 10","fit: 3, efit: 10",,,,0,0,0,0,2,,
2026-02-18 19:43:04,48,19,19,0,"fit: 3, efit: 9","fit: 3, efit: 9",,,,0,0,0,0,2,,
2026-02-18 20:03:07,48,19,19,0,"fit: 3, efit: 10","fit: 3, efit: 10",,,,0,0,0,0,2,,
2026-02-18 20:13:09,48,19,19,0,"fit: 3, efit: 9","fit: 3, efit: 9",,,,0,0,0,0,2,,
2026-02-18 20:23:11,48,19,19,0,"fit: 3, efit: 8","fit: 3, efit: 8",,,,0,0,0,0,2,,
2026-02-18 20:25:27,48,19,19,0,"fit: 3, efit: 7","fit: 3, efit: 7",,,,0,0,0,0,2,,
2026-02-18 20:30:28,48,19,19,0,"fit: 3, efit: 8","fit: 3, efit: 8",,,,0,0,0,0,2,,
2026-02-18 21:10:56,48,19,19,0,"fit: 3, efit: 9","fit: 3, efit: 9",,,,0,0,0,0,2,,
2026-02-18 21:28:21,48,19,19,0,"fit: 3, efit: 10","fit: 3, efit: 10",,,,0,0,0,0,2,,
2026-02-18 21:36:01,48,19,19,0,"fit: 3, efit: 11","fit: 3, efit: 11",,,,0,0,0,0,2,,
2026-02-18 21:50:42,48,19,19,0,"fit: 3, efit: 9","fit: 3, efit: 9",,,,0,0,0,0,2,,
2026-02-18 22:11:09,48,19,19,0,"fit: 5, efit: 9","fit: 5, efit: 9",,,,0,0,0,0,2,,
2026-02-18 22:15:46,48,19,19,0,"fit: 5, efit: 10","fit: 5, efit: 10",,,,0,0,0,0,2,,
2026-02-18 23:03:35,48,19,19,0,"fit: 5, efit: 11","fit: 5, efit: 11",,,,0,0,0,0,2,,
2026-02-18 23:16:22,48,19,19,0,"fit: 5, efit: 10","fit: 5, efit: 10",,,,0,0,0,0,2,,
2026-02-18 23:25:59,48,19,19,0,"fit: 5, efit: 11","fit: 5, efit: 11",,,,0,0,0,0,2,,
2026-02-19 00:01:05,48,19,19,0,"fit: 5, efit: 11","fit: 5, efit: 11",,,,0,0,0,0,2,,
2026-02-19 05:16:57,48,19,19,0,"fit: 5, efit: 10","fit: 5, efit: 10",,,,0,0,0,0,2,,
2026-02-19 06:07:06,48,19,19,0,"fit: 5, efit: 9","fit: 5, efit: 9",,,,0,0,0,0,2,,
2026-02-19 06:42:12,48,19,19,0,"fit: 5, efit: 10","fit: 5, efit: 10",,,,0,0,0,0,2,,
2026-02-19 06:47:13,48,19,19,0,"fit: 5, efit: 9","fit: 5, efit: 9",,,,0,0,0,0,2,,
2026-02-19 07:53:05,48,19,19,0,"fit: 5, efit: 10","fit: 5, efit: 10",,,,0,0,0,0,2,,
2026-02-19 08:02:26,48,19,19,0,"fit: 5, efit: 9","fit: 5, efit: 9",,,,0,0,0,0,2,,
2026-02-19 08:14:58,48,19,19,0,"fit: 5, efit: 11","fit: 5, efit: 11",,,,0,0,0,0,2,,
2026-02-19 09:02:36,48,19,19,0,"fit: 5, efit: 11","fit: 5, efit: 10",,,,0,0,0,0,2,,
2026-02-19 09:18:23,48,19,19,0,"fit: 5, efit: 10","fit: 5, efit: 9",,,,0,0,0,0,2,,
2026-02-19 09:23:24,48,19,19,0,"fit: 5, efit: 9","fit: 5, efit: 8",,,,0,0,0,0,2,,
2026-02-19 09:45:13,48,19,19,0,"fit: 5, efit: 8","fit: 5, efit: 7",,,,0,0,0,0,2,,
2026-02-19 09:52:45,48,19,19,0,"fit: 5, efit: 7","fit: 5, efit: 6",,,,0,0,0,0,2,,
2026-02-19 10:05:16,48,19,19,0,"fit: 5, efit: 8","fit: 5, efit: 7",,,,0,0,0,0,2,,
2026-02-19 10:23:35,48,19,19,0,"fit: 5, efit: 9","fit: 5, efit: 8",,,,0,0,0,0,2,,
2026-02-19 10:25:19,48,19,19,0,"fit: 5, efit: 8","fit: 5, efit: 7",,,,0,0,0,0,2,,
2026-02-19 10:30:20,48,19,19,0,"fit: 5, efit: 7","fit: 5, efit: 6",,,,0,0,0,0,2,,
2026-02-19 10:42:53,48,19,19,0,"fit: 5, efit: 6","fit: 5, efit: 5",,,,0,0,0,0,2,,
2026-02-19 10:52:55,48,19,19,0,"fit: 5, efit: 7","fit: 5, efit: 6",,,,0,0,0,0,2,,
2026-02-19 10:57:56,48,19,19,0,"fit: 5, efit: 6","fit: 5, efit: 5",,,,0,0,0,0,2,,
2026-02-19 11:12:59,48,19,19,0,"fit: 5, efit: 5","fit: 5, efit: 4",,,,0,0,0,0,2,,
2026-02-19 11:15:27,48,19,19,0,"fit: 5, efit: 6","fit: 5, efit: 5",,,,0,0,0,0,2,,
2026-02-19 11:43:04,48,19,19,0,"fit: 5, efit: 5","fit: 5, efit: 4",,,,0,0,0,0,2,,
2026-02-19 11:48:05,48,19,19,0,"fit: 5, efit: 4","fit: 5, efit: 3",,,,0,0,0,0,2,,
2026-02-19 12:00:34,48,19,19,0,"fit: 6, efit: 4","fit: 6, efit: 3",,,,0,0,0,0,2,,
2026-02-19 12:08:57,48,19,19,0,"fit: 6, efit: 5","fit: 6, efit: 4",,,,0,0,0,0,2,,
2026-02-19 12:10:36,48,19,19,0,"fit: 6, efit: 4","fit: 6, efit: 3",,,,0,0,0,0,2,,
2026-02-19 12:13:09,48,19,19,0,"fit: 6, efit: 5","fit: 6, efit: 4",,,,0,0,0,0,2,,
2026-02-19 12:13:58,48,19,19,0,"fit: 6, efit: 2","fit: 6, efit: 1",,,,0,0,0,0,2,,
2026-02-19 12:20:37,48,19,19,0,"fit: 6, efit: 3","fit: 6, efit: 2",,,,0,0,0,0,2,,
2026-02-19 12:29:01,48,19,19,0,"fit: 6, efit: 2","fit: 6, efit: 1",,,,0,0,0,0,2,,
2026-02-19 12:33:13,48,19,19,0,"fit: 6, efit: 3","fit: 6, efit: 2",,,,0,0,0,0,2,,
2026-02-19 12:40:40,48,19,19,0,"fit: 6, efit: 2","fit: 6, efit: 1",,,,0,0,0,0,2,,
2026-02-19 12:43:14,48,19,19,0,"fit: 6, efit: 1",fit: 6,,,,0,0,0,0,2,,
2026-02-19 12:53:16,48,19,19,0,"fit: 6, efit: 2","fit: 6, efit: 1",,,,0,0,0,0,2,,
2026-02-19 12:59:08,48,19,19,0,"fit: 6, efit: 1",fit: 6,,,,0,0,0,0,2,,
2026-02-19 13:10:45,48,19,19,0,"fit: 6, efit: 2","fit: 6, efit: 1",,,,0,0,0,0,2,,
2026-02-19 13:23:21,48,19,19,0,"fit: 6, efit: 3","fit: 6, efit: 2",,,,0,0,0,0,2,,
2026-02-19 13:39:16,48,19,19,0,"fit: 6, efit: 2","fit: 6, efit: 1",,,,0,0,0,0,2,,
2026-02-19 13:48:25,48,19,19,0,"fit: 7, efit: 1",fit: 7,,,,0,0,0,0,2,,
2026-02-19 15:04:33,48,19,19,0,"fit: 7, efit: 2","fit: 7, efit: 1",,,,0,0,0,0,2,,
2026-02-19 15:28:42,48,19,19,0,"fit: 7, efit: 1",fit: 7,,,,0,0,0,0,2,,
2026-02-19 15:29:38,48,19,19,0,"fit: 7, efit: 2","fit: 7, efit: 1",,,,0,0,0,0,2,,
2026-02-19 15:41:08,48,19,19,0,"fit: 7, efit: 3","fit: 7, efit: 2",,,,0,0,0,0,2,,
2026-02-19 15:43:44,48,19,19,0,"fit: 7, efit: 2","fit: 7, efit: 1",,,,0,0,0,0,2,,
2026-02-19 16:06:12,48,19,19,0,"fit: 7, efit: 1",fit: 7,,,,0,0,0,0,2,,
2026-02-19 17:40:05,48,19,19,0,"fit: 7, efit: 2","fit: 7, efit: 1",,,,0,0,0,0,2,,
2026-02-19 18:00:09,48,19,19,0,"fit: 7, efit: 1",fit: 7,,,,0,0,0,0,2,,
2026-02-19 18:05:10,48,19,19,0,"fit: 6, efit: 1",fit: 6,,,,0,0,0,0,2,,
2026-02-19 18:22:13,48,19,19,0,"fit: 6, efit: 2","fit: 6, efit: 1",,,,0,0,0,0,2,,
2026-02-19 18:30:16,48,19,19,0,"fit: 6, efit: 3","fit: 6, efit: 2",,,,0,0,0,0,2,,
2026-02-19 18:31:33,48,19,19,0,"fit: 6, efit: 4","fit: 6, efit: 3",,,,0,0,0,0,2,,
2026-02-19 18:35:17,48,19,19,0,"fit: 6, efit: 3","fit: 6, efit: 2",,,,0,0,0,0,2,,
2026-02-19 18:40:18,48,19,19,0,"fit: 6, efit: 2","fit: 6, efit: 1",,,,0,0,0,0,2,,
2026-02-19 18:50:20,48,19,19,0,"fit: 6, efit: 1",fit: 6,,,,0,0,0,0,2,,
2026-02-19 19:25:27,48,19,19,0,"fit: 6, efit: 2","fit: 6, efit: 1",,,,0,0,0,0,2,,
2026-02-19 19:46:46,48,19,19,0,"fit: 6, efit: 3","fit: 6, efit: 2",,,,0,0,0,0,2,,
2026-02-19 19:55:33,48,19,19,0,"fit: 6, efit: 4","fit: 6, efit: 3",,,,0,0,0,0,2,,
2026-02-19 20:12:32,48,19,19,0,"fit: 6, efit: 3","fit: 6, efit: 2",,,,0,0,0,0,2,,
2026-02-19 20:21:51,48,19,19,0,"fit: 6, efit: 2","fit: 6, efit: 1",,,,0,0,0,0,2,,
2026-02-19 20:35:41,48,19,19,0,"fit: 7, efit: 2","fit: 7, efit: 1",,,,0,0,0,0,2,,
2026-02-19 21:25:51,48,19,19,0,"fit: 7, efit: 3","fit: 7, efit: 2",,,,0,0,0,0,2,,
2026-02-19 22:27:12,48,19,19,0,"fit: 7, efit: 4","fit: 7, efit: 3",,,,0,0,0,0,2,,
2026-02-19 22:36:06,48,19,19,0,"fit: 7, efit: 5","fit: 7, efit: 4",,,,0,0,0,0,2,,
2026-02-19 23:01:11,48,19,19,0,"fit: 9, efit: 5","fit: 9, efit: 4",,,,0,0,0,0,2,,
2026-02-19 23:52:26,48,19,19,0,"fit: 9, efit: 6","fit: 9, efit: 5",,,,0,0,0,0,2,,
2026-02-20 00:01:25,48,19,19,0,"fit: 9, efit: 6","fit: 9, efit: 5",,,,0,0,0,0,2,,
2026-02-20 06:48:33,48,19,19,0,"fit: 9, efit: 5","fit: 9, efit: 4",,,,0,0,0,0,2,,
2026-02-20 08:43:08,48,19,19,0,"fit: 9, efit: 4","fit: 9, efit: 3",,,,0,0,0,0,2,,
2026-02-20 08:53:11,48,19,19,0,"fit: 9, efit: 3","fit: 9, efit: 2",,,,0,0,0,0,2,,
2026-02-20 08:53:53,48,19,19,0,"fit: 9, efit: 4","fit: 9, efit: 3",,,,0,0,0,0,2,,
2026-02-20 08:54:42,48,19,19,0,"fit: 9, efit: 3","fit: 9, efit: 2",,,,0,0,0,0,2,,
2026-02-20 08:58:12,48,19,19,0,"fit: 8, efit: 3","fit: 8, efit: 2",,,,0,0,0,0,2,,
2026-02-20 09:23:17,48,19,19,0,"fit: 8, efit: 2","fit: 8, efit: 1",,,,0,0,0,0,2,,
2026-02-20 09:33:19,48,19,19,0,"fit: 8, efit: 1",fit: 8,,,,0,0,0,0,2,,
2026-02-20 10:44:11,48,19,19,0,"fit: 7, efit: 1",fit: 7,,,,0,0,0,0,2,,
2026-02-20 10:48:34,48,19,19,0,"fit: 6, efit: 1",fit: 6,,,,0,0,0,0,2,,
2026-02-20 10:55:03,48,19,19,0,"fit: 6, efit: 2","fit: 6, efit: 1",,,,0,0,0,0,2,,
2026-02-20 11:03:37,48,19,19,0,"fit: 6, efit: 1",fit: 6,,,,0,0,0,0,2,,
2026-02-20 11:33:43,48,19,19,0,"fit: 4, efit: 1",fit: 4,,,,0,0,0,0,2,,
2026-02-20 11:38:44,48,19,19,0,"fit: 4, efit: 2","fit: 4, efit: 1",,,,0,0,0,0,2,,
2026-02-20 11:58:48,48,19,19,0,"fit: 3, efit: 1",fit: 3,,,,0,0,0,0,2,,
2026-02-20 12:04:25,48,19,19,0,"fit: 2, efit: 1",fit: 2,,,,0,0,0,0,2,,
2026-02-20 12:23:53,48,19,19,0,"fit: 2, efit: 2","fit: 2, efit: 1",,,,0,0,0,0,2,,
2026-02-20 12:48:58,48,19,19,0,"fit: 2, efit: 1",fit: 2,,,,0,0,0,0,2,,
2026-02-20 12:59:00,48,19,19,0,"fit: 2, efit: 2","fit: 2, efit: 1",,,,0,0,0,0,2,,
2026-02-20 13:00:26,48,19,19,0,"fit: 2, efit: 3","fit: 2, efit: 2",,,,0,0,0,0,2,,
2026-02-20 13:09:02,48,19,19,0,"fit: 3, efit: 2","fit: 3, efit: 1",,,,0,0,0,0,2,,
2026-02-20 13:14:03,48,19,19,0,"fit: 3, efit: 1",fit: 3,,,,0,0,0,0,2,,
2026-02-20 13:19:04,48,19,19,0,"fit: 3, efit: 2","fit: 3, efit: 1",,,,0,0,0,0,2,,
2026-02-20 13:34:07,48,19,19,0,"fit: 3, efit: 3","fit: 3, efit: 2",,,,0,0,0,0,2,,
2026-02-20 13:49:10,48,19,19,0,"fit: 3, efit: 4","fit: 3, efit: 3",,,,0,0,0,0,2,,
2026-02-20 13:59:12,48,19,19,0,"fit: 3, efit: 3","fit: 3, efit: 2",,,,0,0,0,0,2,,
2026-02-20 14:04:44,48,19,19,0,"fit: 3, efit: 2","fit: 3, efit: 1",,,,0,0,0,0,2,,
2026-02-20 14:29:19,48,19,19,0,"fit: 3, efit: 1",fit: 3,,,,0,0,0,0,2,,
2026-02-20 14:30:43,48,19,19,0,"fit: 4, efit: 1",fit: 4,,,,0,0,0,0,2,,
2026-02-20 14:54:52,48,19,19,0,"fit: 4, efit: 2","fit: 4, efit: 1",,,,0,0,0,0,2,,
2026-02-20 15:14:28,48,19,19,0,"fit: 5, efit: 2","fit: 5, efit: 1",,,,0,0,0,0,2,,
2026-02-20 15:44:34,48,19,19,0,"fit: 5, efit: 1",fit: 5,,,,0,0,0,0,2,,
2026-02-20 15:54:36,48,19,19,0,"fit: 4, efit: 1",fit: 4,,,,0,0,0,0,2,,
2026-02-20 15:59:37,48,19,19,0,"fit: 3, efit: 1",fit: 3,,,,0,0,0,0,2,,
2026-02-20 16:05:59,48,19,19,0,"fit: 3, efit: 2","fit: 3, efit: 1",,,,0,0,0,0,2,,
2026-02-20 16:14:40,48,19,19,0,"fit: 3, efit: 1",fit: 3,,,,0,0,0,0,2,,
2026-02-20 16:31:04,48,19,19,0,"fit: 3, efit: 3","fit: 3, efit: 2",,,,0,0,0,0,2,,
2026-02-20 16:34:44,48,19,19,0,"fit: 3, efit: 5","fit: 3, efit: 4",,,,0,0,0,0,2,,
2026-02-20 16:39:45,48,19,19,0,"fit: 3, efit: 1",fit: 3,,,,0,0,0,0,2,,
2026-02-20 16:49:47,48,19,19,0,"fit: 2, efit: 1",fit: 2,,,,0,0,0,0,2,,
2026-02-20 16:50:12,48,19,19,0,"fit: 2, efit: 2","fit: 2, efit: 1",,,,0,0,0,0,2,,
2026-02-20 17:04:50,48,19,19,0,"fit: 2, efit: 3","fit: 2, efit: 2",,,,0,0,0,0,2,,
2026-02-20 17:16:12,48,19,19,0,"fit: 4, efit: 3","fit: 4, efit: 2",,,,0,0,0,0,2,,
2026-02-20 17:26:14,48,19,19,0,"fit: 4, efit: 4","fit: 4, efit: 3",,,,0,0,0,0,2,,
2026-02-20 17:55:01,48,19,19,0,"fit: 4, efit: 3","fit: 4, efit: 2",,,,0,0,0,0,2,,
2026-02-20 18:00:02,48,19,19,0,"fit: 5, efit: 3","fit: 5, efit: 2",,,,0,0,0,0,2,,
2026-02-20 18:00:23,48,19,19,0,"fit: 5, efit: 1",fit: 5,,,,0,0,0,0,2,,
2026-02-20 18:20:06,48,19,19,0,"fit: 6, efit: 1",fit: 6,,,,0,0,0,0,2,,
2026-02-20 18:25:07,48,19,19,0,"fit: 7, efit: 1",fit: 7,,,,0,0,0,0,2,,
2026-02-20 18:35:09,48,19,19,0,"fit: 6, efit: 1",fit: 6,,,,0,0,0,0,2,,
2026-02-20 18:50:12,48,19,19,0,"fit: 5, efit: 1",fit: 5,,,,0,0,0,0,2,,
2026-02-20 19:16:33,48,19,19,0,"fit: 5, efit: 2","fit: 5, efit: 1",,,,0,0,0,0,2,,
2026-02-20 19:25:20,48,19,19,0,"fit: 5, efit: 3","fit: 5, efit: 2",,,,0,0,0,0,2,,
2026-02-20 19:35:22,48,19,19,0,"fit: 6, efit: 3","fit: 6, efit: 2",,,,0,0,0,0,2,,
2026-02-20 19:35:39,48,19,19,0,"fit: 6, efit: 2","fit: 6, efit: 1",,,,0,0,0,0,2,,
2026-02-20 19:40:23,48,19,19,0,"fit: 6, efit: 1",fit: 6,,,,0,0,0,0,2,,
2026-02-20 19:41:37,48,19,19,0,"fit: 7, efit: 1",fit: 7,,,,0,0,0,0,2,,
2026-02-20 19:46:38,48,19,19,0,"fit: 8, efit: 2","fit: 8, efit: 1",,,,0,0,0,0,2,,
2026-02-20 19:50:25,48,19,19,0,"fit: 9, efit: 1",fit: 9,,,,0,0,0,0,2,,
2026-02-20 20:35:34,48,19,19,0,"fit: 9, efit: 2","fit: 9, efit: 1",,,,0,0,0,0,2,,
2026-02-20 21:05:40,48,19,19,0,"fit: 9, efit: 3","fit: 9, efit: 1",efit: 1,,,0,0,0,0,2,,
2026-02-20 21:25:44,48,19,19,0,"fit: 9, efit: 4","fit: 9, efit: 2",efit: 1,,,0,0,0,0,2,,
2026-02-20 21:35:46,48,19,19,0,"fit: 9, efit: 5","fit: 9, efit: 3",efit: 1,,,0,0,0,0,2,,
2026-02-20 21:50:49,48,19,19,0,"fit: 10, efit: 6","fit: 10, efit: 4",efit: 1,,,0,0,0,0,2,,
2026-02-20 22:10:53,48,19,19,0,"fit: 10, efit: 7","fit: 10, efit: 5",efit: 1,,,0,0,0,0,2,,
2026-02-20 22:15:54,48,19,19,0,"fit: 10, efit: 8","fit: 10, efit: 6",efit: 1,,,0,0,0,0,2,,
2026-02-20 22:25:56,48,19,19,0,"fit: 11, efit: 7","fit: 11, efit: 5",efit: 1,,,0,0,0,0,2,,
2026-02-20 22:35:59,48,19,19,0,"fit: 11, efit: 6","fit: 11, efit: 4",efit: 1,,,0,0,0,0,2,,
2026-02-20 22:51:02,48,19,19,0,"fit: 11, efit: 3","fit: 11, efit: 1",efit: 1,,,0,0,0,0,2,,
2026-02-20 22:56:03,48,19,19,0,"fit: 11, efit: 4","fit: 11, efit: 2",efit: 1,,,0,0,0,0,2,,
2026-02-20 23:26:09,48,19,19,0,"fit: 11, efit: 3","fit: 11, efit: 1",efit: 1,,,0,0,0,0,2,,
2026-02-21 00:01:16,48,19,19,0,"fit: 11, efit: 3","fit: 11, efit: 1",efit: 1,,,0,0,0,0,2,,
2026-02-21 00:12:25,48,19,19,0,"fit: 11, efit: 2",fit: 11,efit: 1,,,0,0,0,0,2,,
2026-02-21 00:57:33,48,19,19,0,"fit: 11, efit: 3","fit: 11, efit: 1",efit: 1,,,0,0,0,0,2,,
2026-02-21 01:06:29,48,19,19,0,"fit: 11, efit: 2",fit: 11,efit: 1,,,0,0,0,0,2,,
2026-02-21 01:16:31,48,19,19,0,"fit: 11, efit: 3","fit: 11, efit: 1",efit: 1,,,0,0,0,0,2,,
2026-02-21 02:36:46,48,19,19,0,"fit: 13, efit: 3","fit: 13, efit: 1",efit: 1,,,0,0,0,0,2,,
2026-02-21 08:02:35,48,19,19,0,"fit: 13, efit: 2",fit: 13,efit: 1,,,0,0,0,0,2,,
2026-02-21 09:02:46,48,19,19,0,"fit: 13, efit: 3","fit: 13, efit: 1",efit: 1,,,0,0,0,0,2,,
2026-02-21 09:37:51,48,19,19,0,"fit: 13, efit: 4","fit: 13, efit: 2",efit: 1,,,0,0,0,0,2,,
2026-02-21 09:39:02,48,19,19,0,"fit: 13, efit: 3","fit: 13, efit: 1",efit: 1,,,0,0,0,0,2,,
2026-02-21 10:38:00,48,19,19,0,"fit: 14, efit: 3","fit: 14, efit: 1",efit: 1,,,0,0,0,0,2,,
2026-02-21 10:58:04,48,19,19,0,"fit: 14, efit: 2",fit: 14,efit: 1,,,0,0,0,0,2,,
2026-02-21 11:43:11,48,19,19,0,"fit: 15, efit: 2",fit: 15,efit: 1,,,0,0,0,0,2,,
2026-02-21 11:53:14,48,19,19,0,"fit: 14, efit: 2",fit: 14,efit: 1,,,0,0,0,0,2,,
2026-02-21 12:34:32,48,19,19,0,"fit: 13, efit: 2",fit: 13,efit: 1,,,0,0,0,0,2,,
2026-02-21 13:03:25,48,19,19,0,"fit: 12, efit: 2",fit: 12,efit: 1,,,0,0,0,0,2,,
2026-02-21 13:08:26,48,19,19,0,"fit: 12, efit: 3","fit: 12, efit: 1",efit: 1,,,0,0,0,0,2,,
2026-02-21 13:13:26,48,19,19,0,"fit: 12, efit: 3","fit: 12, efit: 1",efit: 2,,,0,0,0,0,2,,
2026-02-21 13:23:28,48,19,19,0,"fit: 12, efit: 3","fit: 12, efit: 2",efit: 1,,,0,0,0,0,2,,
2026-02-21 13:28:29,48,19,19,0,"fit: 11, efit: 4","fit: 11, efit: 3",efit: 1,,,0,0,0,0,2,,
2026-02-21 13:29:41,48,19,19,0,"fit: 11, efit: 3","fit: 11, efit: 3",,,,0,0,0,0,2,,
2026-02-21 13:33:29,48,19,19,0,"fit: 8, efit: 3","fit: 8, efit: 3",,,,0,0,0,0,2,,
2026-02-21 13:33:53,48,19,19,0,"fit: 7, efit: 3","fit: 7, efit: 3",,,,0,0,0,0,2,,
2026-02-21 13:34:42,48,19,19,0,"fit: 6, efit: 3","fit: 6, efit: 3",,,,0,0,0,0,2,,
2026-02-21 13:38:30,48,19,19,0,"fit: 2, efit: 3","fit: 2, efit: 3",,,,0,0,0,0,2,,
2026-02-21 13:39:43,48,19,19,0,efit: 3,efit: 3,,,,0,0,0,0,2,,
2026-02-21 13:43:31,48,19,19,0,efit: 2,efit: 2,,,,0,0,0,0,2,,
2026-02-21 13:44:44,48,19,19,0,efit: 1,efit: 1,,,,0,0,0,0,2,,
2026-02-21 13:48:32,48,19,19,0,,,,,,0,0,0,0,2,,
2026-02-21 13:53:33,48,19,19,0,efit: 1,efit: 1,,,,0,0,0,0,2,,
2026-02-21 13:58:33,48,19,19,0,,,,,,0,0,0,0,2,,
2026-02-21 14:23:37,48,19,19,0,efit: 1,efit: 1,,,,0,0,0,0,2,,
2026-02-21 14:28:38,48,19,19,0,efit: 2,efit: 2,,,,0,0,0,0,2,,
2026-02-21 14:33:39,48,19,19,0,efit: 2,efit: 1,,,,0,0,0,0,2,,
2026-02-21 14:53:43,48,19,19,0,efit: 1,,,,,0,0,0,0,2,,
2026-02-21 14:58:43,48,19,19,0,efit: 2,efit: 1,,,,0,0,0,0,2,,
2026-02-21 15:13:46,48,19,19,0,efit: 1,,,,,0,0,0,0,2,,
2026-02-21 15:48:52,48,19,19,0,efit: 2,efit: 1,,,,0,0,0,0,2,,
2026-02-21 15:53:52,48,19,19,0,efit: 1,,,,,0,0,0,0,2,,
2026-02-21 17:45:28,48,19,19,0,efit: 2,efit: 1,,,,0,0,0,0,2,,
2026-02-21 17:49:11,48,19,19,0,efit: 3,efit: 2,,,,0,0,0,0,2,,
2026-02-21 18:04:14,48,19,19,0,efit: 4,efit: 3,,,,0,0,0,0,2,,
2026-02-21 18:14:15,48,19,19,0,efit: 5,efit: 4,,,,0,0,0,0,2,,
2026-02-21 18:14:49,48,19,19,0,efit: 7,efit: 6,,,,0,0,0,0,2,,
2026-02-21 18:15:34,48,19,19,0,efit: 8,efit: 7,,,,0,0,0,0,2,,
2026-02-21 18:19:16,48,19,19,0,efit: 4,efit: 3,,,,0,0,0,0,2,,
2026-02-21 18:24:52,48,19,19,0,efit: 3,efit: 2,,,,0,0,0,0,2,,
2026-02-21 18:30:36,48,19,19,0,efit: 4,efit: 3,,,,0,0,0,0,2,,
2026-02-21 18:34:19,48,19,19,0,efit: 5,efit: 4,,,,0,0,0,0,2,,
2026-02-21 18:54:57,48,19,19,0,"fit: 1, efit: 5","fit: 1, efit: 4",,,,0,0,0,0,2,,
2026-02-21 19:04:24,48,19,19,0,"fit: 1, efit: 4","fit: 1, efit: 3",,,,0,0,0,0,2,,
2026-02-21 19:24:27,48,19,19,0,"fit: 1, efit: 5","fit: 1, efit: 4",,,,0,0,0,0,2,,
2026-02-21 19:44:30,48,19,19,0,"fit: 1, efit: 6","fit: 1, efit: 5",,,,0,0,0,0,2,,
2026-02-21 19:49:31,48,19,19,0,"fit: 2, efit: 6","fit: 2, efit: 5",,,,0,0,0,0,2,,
2026-02-21 20:19:36,48,19,19,0,"fit: 2, efit: 7","fit: 2, efit: 6",,,,0,0,0,0,2,,
2026-02-21 20:20:56,48,19,19,0,"fit: 2, efit: 6","fit: 2, efit: 5",,,,0,0,0,0,2,,
2026-02-21 20:24:37,48,19,19,0,"fit: 2, efit: 5","fit: 2, efit: 4",,,,0,0,0,0,2,,
2026-02-21 20:25:17,48,19,19,0,"fit: 2, efit: 6","fit: 2, efit: 5",,,,0,0,0,0,2,,
2026-02-21 20:54:41,48,19,19,0,"fit: 2, efit: 5","fit: 2, efit: 4",,,,0,0,0,0,2,,
2026-02-21 21:05:25,48,19,19,0,"fit: 2, efit: 7","fit: 2, efit: 6",,,,0,0,0,0,2,,
2026-02-21 21:19:45,48,19,19,0,"fit: 2, efit: 8","fit: 2, efit: 7",,,,0,0,0,0,2,,
2026-02-21 21:20:28,48,19,19,0,"fit: 2, efit: 7","fit: 2, efit: 6",,,,0,0,0,0,2,,
2026-02-21 21:21:06,48,19,19,0,"fit: 2, efit: 6","fit: 2, efit: 5",,,,0,0,0,0,2,,
2026-02-21 21:31:08,48,19,19,0,"fit: 2, efit: 5","fit: 2, efit: 4",,,,0,0,0,0,2,,
2026-02-21 21:39:49,48,19,19,0,"fit: 2, efit: 6","fit: 2, efit: 5",,,,0,0,0,0,2,,
2026-02-21 21:44:50,48,19,19,0,"fit: 2, efit: 7","fit: 2, efit: 6",,,,0,0,0,0,2,,
2026-02-21 21:50:34,48,19,19,0,"fit: 2, efit: 5","fit: 2, efit: 4",,,,0,0,0,0,2,,
2026-02-21 22:14:55,48,19,19,0,"fit: 2, efit: 4","fit: 2, efit: 3",,,,0,0,0,0,2,,
2026-02-21 23:10:50,48,19,19,0,"fit: 2, efit: 5","fit: 2, efit: 4",,,,0,0,0,0,2,,
2026-02-21 23:31:30,48,19,19,0,"fit: 2, efit: 7","fit: 2, efit: 6",,,,0,0,0,0,2,,
2026-02-21 23:46:33,48,19,19,0,"fit: 3, efit: 7","fit: 3, efit: 6",,,,0,0,0,0,2,,
2026-02-22 00:00:13,48,19,19,0,"fit: 3, efit: 7","fit: 3, efit: 6",,,,0,0,0,0,2,,
2026-02-22 01:50:31,48,19,19,0,"fit: 3, efit: 10","fit: 3, efit: 9",,,,0,0,0,0,2,,
2026-02-22 02:05:33,48,19,19,0,"fit: 3, efit: 11","fit: 3, efit: 10",,,,0,0,0,0,2,,
2026-02-22 09:53:01,48,19,19,0,"fit: 3, efit: 10","fit: 3, efit: 9",,,,0,0,0,0,2,,
2026-02-22 10:41:57,48,19,19,0,"fit: 3, efit: 11","fit: 3, efit: 10",,,,0,0,0,0,2,,
2026-02-22 10:57:00,48,19,19,0,"fit: 3, efit: 10","fit: 3, efit: 9",,,,0,0,0,0,2,,
2026-02-22 10:58:13,48,19,19,0,"fit: 3, efit: 9","fit: 3, efit: 8",,,,0,0,0,0,2,,
2026-02-22 11:12:02,48,19,19,0,"fit: 3, efit: 8","fit: 3, efit: 7",,,,0,0,0,0,2,,
2026-02-22 12:07:11,48,19,19,0,"fit: 3, efit: 7","fit: 3, efit: 6",,,,0,0,0,0,2,,
2026-02-22 12:33:44,48,19,19,0,"fit: 3, efit: 8","fit: 3, efit: 7",,,,0,0,0,0,2,,
2026-02-22 12:37:15,48,19,19,0,"fit: 3, efit: 7","fit: 3, efit: 6",,,,0,0,0,0,2,,
2026-02-22 13:57:28,48,19,19,0,"fit: 3, efit: 8","fit: 3, efit: 7",,,,0,0,0,0,2,,
2026-02-22 13:58:48,48,19,19,0,"fit: 3, efit: 7","fit: 3, efit: 6",,,,0,0,0,0,2,,
2026-02-22 14:03:59,48,19,19,0,"fit: 3, efit: 8","fit: 3, efit: 7",,,,0,0,0,0,2,,
2026-02-22 14:07:30,48,19,19,0,"fit: 3, efit: 9","fit: 3, efit: 8",,,,0,0,0,0,2,,
2026-02-22 14:12:30,48,19,19,0,"fit: 3, efit: 8","fit: 3, efit: 7",,,,0,0,0,0,2,,
2026-02-22 15:04:01,48,19,19,0,"fit: 3, efit: 7","fit: 3, efit: 6",,,,0,0,0,0,2,,
2026-02-22 15:07:39,48,19,19,0,"fit: 3, efit: 6","fit: 3, efit: 5",,,,0,0,0,0,2,,
2026-02-22 15:19:04,48,19,19,0,"fit: 3, efit: 5","fit: 3, efit: 4",,,,0,0,0,0,2,,
2026-02-22 15:22:42,48,19,19,0,"fit: 3, efit: 6","fit: 3, efit: 5",,,,0,0,0,0,2,,
2026-02-22 15:27:42,48,19,19,0,"fit: 3, efit: 7","fit: 3, efit: 6",,,,0,0,0,0,2,,
2026-02-22 15:32:43,48,19,19,0,"fit: 3, efit: 6","fit: 3, efit: 5",,,,0,0,0,0,2,,
2026-02-22 15:34:07,48,19,19,0,"fit: 3, efit: 7","fit: 3, efit: 6",,,,0,0,0,0,2,,
2026-02-22 15:37:44,48,19,19,0,"fit: 3, efit: 6","fit: 3, efit: 5",,,,0,0,0,0,2,,
2026-02-22 16:32:53,48,19,19,0,"fit: 3, efit: 7","fit: 3, efit: 6",,,,0,0,0,0,2,,
2026-02-22 16:59:24,48,19,19,0,"fit: 3, efit: 8","fit: 3, efit: 7",,,,0,0,0,0,2,,
2026-02-22 17:02:58,48,19,19,0,"fit: 3, efit: 6","fit: 3, efit: 5",,,,0,0,0,0,2,,
2026-02-22 17:18:00,48,19,19,0,"fit: 3, efit: 7","fit: 3, efit: 6",,,,0,0,0,0,2,,
2026-02-22 17:23:01,48,19,19,0,"fit: 3, efit: 6","fit: 3, efit: 5",,,,0,0,0,0,2,,
2026-02-22 17:33:03,48,19,19,0,"fit: 3, efit: 8","fit: 3, efit: 7",,,,0,0,0,0,2,,
2026-02-22 17:43:04,48,19,19,0,"fit: 3, efit: 7","fit: 3, efit: 6",,,,0,0,0,0,2,,
2026-02-22 17:48:05,48,19,19,0,"fit: 3, efit: 6","fit: 3, efit: 5",,,,0,0,0,0,2,,
2026-02-22 17:53:06,48,19,19,0,"fit: 3, efit: 7","fit: 3, efit: 6",,,,0,0,0,0,2,,
2026-02-22 18:03:08,48,19,19,0,"fit: 3, efit: 8","fit: 3, efit: 7",,,,0,0,0,0,2,,
2026-02-22 19:13:19,48,19,19,0,"fit: 3, efit: 7","fit: 3, efit: 6",,,,0,0,0,0,2,,
2026-02-22 19:28:22,48,19,19,0,"fit: 3, efit: 6","fit: 3, efit: 5",,,,0,0,0,0,2,,
2026-02-22 19:33:23,48,19,19,0,"fit: 3, efit: 7","fit: 3, efit: 5",efit: 1,,,0,0,0,0,2,,
2026-02-22 19:43:24,48,19,19,0,"fit: 3, efit: 8","fit: 3, efit: 6",efit: 1,,,0,0,0,0,2,,
2026-02-22 19:48:25,48,19,19,0,"fit: 3, efit: 9","fit: 3, efit: 7",efit: 1,,,0,0,0,0,2,,
2026-02-22 20:53:36,48,19,19,0,"fit: 3, efit: 10","fit: 3, efit: 8",efit: 1,,,0,0,0,0,2,,
2026-02-22 21:10:12,48,19,19,0,"fit: 3, efit: 11","fit: 3, efit: 9",efit: 1,,,0,0,0,0,2,,
2026-02-22 23:10:32,48,19,19,0,"fit: 3, efit: 12","fit: 3, efit: 10",efit: 1,,,0,0,0,0,2,,
2026-02-22 23:25:35,48,19,19,0,"fit: 3, efit: 14","fit: 3, efit: 12",efit: 1,,,0,0,0,0,2,,
2026-02-22 23:34:01,48,19,19,0,"fit: 3, efit: 13","fit: 3, efit: 11",efit: 1,,,0,0,0,0,2,,
2026-02-23 00:00:41,48,19,19,0,"fit: 3, efit: 13","fit: 3, efit: 11",efit: 1,,,0,0,0,0,2,,
2026-02-23 00:04:06,48,19,19,0,"fit: 3, efit: 12","fit: 3, efit: 10",efit: 1,,,0,0,0,0,2,,
2026-02-23 05:29:58,48,19,19,0,"fit: 3, efit: 10","fit: 3, efit: 8",efit: 1,,,0,0,0,0,2,,
2026-02-23 06:55:12,48,19,19,0,"fit: 3, efit: 9","fit: 3, efit: 7",efit: 1,,,0,0,0,0,2,,
2026-02-23 07:31:58,48,19,19,0,"fit: 3, efit: 9","fit: 3, efit: 7",efit: 2,,,0,0,0,0,2,,
2026-02-23 08:27:08,48,19,19,0,"fit: 3, efit: 8","fit: 3, efit: 6",efit: 2,,,0,0,0,0,2,,
2026-02-23 08:45:30,48,19,19,0,"fit: 3, efit: 8","fit: 3, efit: 6",efit: 1,,,0,0,0,0,2,,
2026-02-23 08:55:32,48,19,19,0,"fit: 3, efit: 7","fit: 3, efit: 5",efit: 1,,,0,0,0,0,2,,
2026-02-23 08:57:14,48,19,19,0,"fit: 3, efit: 7","fit: 3, efit: 4",efit: 1,,,0,0,0,0,2,,
2026-02-23 09:00:33,48,19,19,0,"fit: 3, efit: 6","fit: 3, efit: 3",efit: 1,,,0,0,0,0,2,,
2026-02-23 09:10:34,48,19,19,0,"fit: 4, efit: 6","fit: 4, efit: 3",efit: 1,,,0,0,0,0,2,,
2026-02-23 09:12:19,48,19,19,0,"fit: 4, efit: 5","fit: 4, efit: 2",efit: 1,,,0,0,0,0,2,,
2026-02-23 09:15:35,48,19,19,0,"fit: 4, efit: 5","fit: 4, efit: 2",efit: 2,,,0,0,0,0,2,,
2026-02-23 10:10:44,48,19,19,0,"fit: 4, efit: 4","fit: 4, efit: 1",efit: 2,,,0,0,0,0,2,,
2026-02-23 10:32:33,48,19,19,0,"fit: 4, efit: 3",fit: 4,efit: 2,,,0,0,0,0,2,,
2026-02-23 10:55:51,48,19,19,0,"fit: 4, efit: 4","fit: 4, efit: 1",efit: 2,,,0,0,0,0,2,,
2026-02-23 11:10:54,48,19,19,0,"fit: 4, efit: 3",fit: 4,efit: 2,,,0,0,0,0,2,,
2026-02-23 11:57:47,48,19,19,0,"fit: 3, efit: 3",fit: 3,efit: 2,,,0,0,0,0,2,,
2026-02-23 12:01:02,48,19,19,0,"fit: 3, efit: 4","fit: 3, efit: 1",efit: 2,,,0,0,0,0,2,,
2026-02-23 12:17:51,48,19,19,0,"fit: 3, efit: 3",fit: 3,efit: 2,,,0,0,0,0,2,,
2026-02-23 12:26:06,48,19,19,0,"fit: 2, efit: 3",fit: 2,efit: 2,,,0,0,0,0,2,,
2026-02-23 12:32:54,48,19,19,0,"fit: 3, efit: 3",fit: 3,efit: 2,,,0,0,0,0,2,,
2026-02-23 12:36:08,48,19,19,0,"fit: 2, efit: 3",fit: 2,efit: 1,,,0,0,0,0,2,,
2026-02-23 13:06:13,48,19,19,0,"fit: 2, efit: 4","fit: 2, efit: 1",efit: 1,,,0,0,0,0,2,,
2026-02-23 13:11:14,48,19,19,0,"fit: 3, efit: 4","fit: 3, efit: 1",efit: 2,,,0,0,0,0,2,,
2026-02-23 13:31:17,48,19,19,0,"fit: 3, efit: 5","fit: 3, efit: 2",efit: 2,,,0,0,0,0,2,,
2026-02-23 13:41:19,48,19,19,0,"fit: 3, efit: 6","fit: 3, efit: 3",efit: 2,,,0,0,0,0,2,,
2026-02-23 13:46:20,48,19,19,0,"fit: 4, efit: 4","fit: 4, efit: 4",,,,0,0,0,0,2,,
2026-02-23 13:58:09,48,19,19,0,"fit: 4, efit: 5","fit: 4, efit: 5",,,,0,0,0,0,2,,
2026-02-23 14:08:11,48,19,19,0,"fit: 4, efit: 6","fit: 4, efit: 6",,,,0,0,0,0,2,,
2026-02-23 14:28:14,48,19,19,0,"fit: 4, efit: 5","fit: 4, efit: 5",,,,0,0,0,0,2,,
2026-02-23 14:38:16,48,19,19,0,"fit: 4, efit: 4","fit: 4, efit: 4",,,,0,0,0,0,2,,
2026-02-23 14:48:17,48,19,19,0,"fit: 4, efit: 3","fit: 4, efit: 3",,,,0,0,0,0,2,,
2026-02-23 14:53:18,48,19,19,0,"fit: 4, efit: 4","fit: 4, efit: 4",,,,0,0,0,0,2,,
2026-02-23 15:03:20,48,19,19,0,"fit: 4, efit: 5","fit: 4, efit: 5",,,,0,0,0,0,2,,
2026-02-23 15:13:22,48,19,19,0,"fit: 4, efit: 4","fit: 4, efit: 4",,,,0,0,0,0,2,,
2026-02-23 15:26:36,48,19,19,0,"fit: 4, efit: 5","fit: 4, efit: 5",,,,0,0,0,0,2,,
2026-02-23 15:38:26,48,19,19,0,"fit: 4, efit: 6","fit: 4, efit: 6",,,,0,0,0,0,2,,
2026-02-23 15:43:27,48,19,19,0,"fit: 4, efit: 5","fit: 4, efit: 5",,,,0,0,0,0,2,,
2026-02-23 15:48:27,48,19,19,0,"fit: 4, efit: 4","fit: 4, efit: 4",,,,0,0,0,0,2,,
2026-02-23 16:18:33,48,19,19,0,"fit: 4, efit: 5","fit: 4, efit: 5",,,,0,0,0,0,2,,
2026-02-23 16:38:36,48,19,19,0,"fit: 4, efit: 6","fit: 4, efit: 6",,,,0,0,0,0,2,,
2026-02-23 17:11:53,48,19,19,0,"fit: 5, efit: 7","fit: 5, efit: 7",,,,0,0,0,0,2,,
2026-02-23 17:36:57,48,19,19,0,"fit: 5, efit: 8","fit: 5, efit: 8",,,,0,0,0,0,2,,
2026-02-23 17:46:58,48,19,19,0,"fit: 5, efit: 10","fit: 5, efit: 10",,,,0,0,0,0,2,,
2026-02-23 17:53:49,48,19,19,0,"fit: 5, efit: 9","fit: 5, efit: 9",,,,0,0,0,0,2,,
2026-02-23 17:57:00,48,19,19,0,"fit: 5, efit: 10","fit: 5, efit: 10",,,,0,0,0,0,2,,
2026-02-23 18:12:03,48,19,19,0,"fit: 5, efit: 11","fit: 5, efit: 11",,,,0,0,0,0,2,,
2026-02-23 18:24:13,48,19,19,0,"fit: 5, efit: 12","fit: 5, efit: 12",,,,0,0,0,0,2,,
2026-02-23 18:42:08,48,19,19,0,"fit: 5, efit: 13","fit: 5, efit: 13",,,,0,0,0,0,2,,
2026-02-23 18:47:09,48,19,19,0,"fit: 5, efit: 12","fit: 5, efit: 12",,,,0,0,0,0,2,,
2026-02-23 18:48:58,48,19,19,0,"fit: 5, efit: 11","fit: 5, efit: 11",,,,0,0,0,0,2,,
2026-02-23 18:52:10,48,19,19,0,"fit: 5, efit: 12","fit: 5, efit: 12",,,,0,0,0,0,2,,
2026-02-23 19:09:02,48,19,19,0,"fit: 5, efit: 13","fit: 5, efit: 13",,,,0,0,0,0,2,,
2026-02-23 19:17:14,48,19,19,0,"fit: 5, efit: 12","fit: 5, efit: 12",,,,0,0,0,0,2,,
2026-02-23 19:19:03,48,19,19,0,"fit: 5, efit: 11","fit: 5, efit: 11",,,,0,0,0,0,2,,
2026-02-23 19:32:16,48,19,19,0,"fit: 5, efit: 12","fit: 5, efit: 12",,,,0,0,0,0,2,,
2026-02-23 19:37:17,48,19,19,0,"fit: 5, efit: 13","fit: 5, efit: 13",,,,0,0,0,0,2,,
2026-02-23 19:57:20,48,19,19,0,"fit: 5, efit: 12","fit: 5, efit: 12",,,,0,0,0,0,2,,
2026-02-23 20:34:16,48,19,19,0,"fit: 5, efit: 13","fit: 5, efit: 13",,,,0,0,0,0,2,,
2026-02-23 20:42:28,48,19,19,0,"fit: 5, efit: 12","fit: 5, efit: 12",,,,0,0,0,0,2,,
2026-02-23 22:34:37,48,19,19,0,"fit: 5, efit: 11","fit: 5, efit: 11",,,,0,0,0,0,2,,
2026-02-24 00:00:16,48,19,19,0,"fit: 5, efit: 11","fit: 5, efit: 11",,,,0,0,0,0,2,,
2026-02-24 00:45:28,48,19,19,0,"fit: 5, efit: 10","fit: 5, efit: 10",,,,0,0,0,0,2,,
2026-02-24 01:00:04,48,19,19,0,"fit: 5, efit: 11","fit: 5, efit: 11",,,,0,0,0,0,2,,
2026-02-24 06:51:09,48,19,19,0,"fit: 5, efit: 10","fit: 5, efit: 10",,,,0,0,0,0,2,,
2026-02-24 06:56:09,48,19,19,0,"fit: 5, efit: 9","fit: 5, efit: 9",,,,0,0,0,0,2,,
2026-02-24 08:31:27,48,19,19,0,"fit: 5, efit: 9","fit: 5, efit: 8",,,,0,0,0,0,2,,
2026-02-24 08:36:29,48,19,19,0,"fit: 5, efit: 10","fit: 5, efit: 9",,,,0,0,0,0,2,,
2026-02-24 08:51:31,48,19,19,0,"fit: 5, efit: 11","fit: 5, efit: 10",,,,0,0,0,0,2,,
2026-02-24 08:52:28,48,19,19,0,"fit: 5, efit: 10","fit: 5, efit: 9",,,,0,0,0,0,2,,
2026-02-24 08:56:32,48,19,19,0,"fit: 5, efit: 9","fit: 5, efit: 8",,,,0,0,0,0,2,,
2026-02-24 09:06:34,48,19,19,0,"fit: 6, efit: 8","fit: 6, efit: 7",,,,0,0,0,0,2,,
2026-02-24 09:36:39,48,19,19,0,"fit: 6, efit: 7","fit: 6, efit: 6",,,,0,0,0,0,2,,
2026-02-24 09:51:42,48,19,19,0,"fit: 6, efit: 6","fit: 6, efit: 5",,,,0,0,0,0,2,,
2026-02-24 10:16:47,48,19,19,0,"fit: 6, efit: 5","fit: 6, efit: 5",,,,0,0,0,0,2,,
2026-02-24 10:21:47,48,19,19,0,"fit: 6, efit: 6","fit: 6, efit: 6",,,,0,0,0,0,2,,
2026-02-24 10:36:50,48,19,19,0,"fit: 6, efit: 5","fit: 6, efit: 5",,,,0,0,0,0,2,,
2026-02-24 10:51:53,48,19,19,0,"fit: 6, efit: 4","fit: 6, efit: 4",,,,0,0,0,0,2,,
2026-02-24 11:32:00,48,19,19,0,"fit: 6, efit: 5","fit: 6, efit: 5",,,,0,0,0,0,2,,
2026-02-24 11:47:03,48,19,19,0,"fit: 6, efit: 4","fit: 6, efit: 4",,,,0,0,0,0,2,,
2026-02-24 11:52:04,48,19,19,0,"fit: 6, efit: 3","fit: 6, efit: 3",,,,0,0,0,0,2,,
2026-02-24 11:57:31,48,19,19,0,"fit: 6, efit: 2","fit: 6, efit: 2",,,,0,0,0,0,2,,
2026-02-24 12:22:09,48,19,19,0,"fit: 6, efit: 3","fit: 6, efit: 3",,,,0,0,0,0,2,,
2026-02-24 12:42:13,48,19,19,0,"fit: 6, efit: 2","fit: 6, efit: 2",,,,0,0,0,0,2,,
2026-02-24 12:48:26,48,19,19,0,"fit: 6, efit: 1","fit: 6, efit: 1",,,,0,0,0,0,2,,
2026-02-24 12:53:27,48,19,19,0,fit: 6,fit: 6,,,,0,0,0,0,2,,
2026-02-24 13:48:41,48,19,19,0,"fit: 6, efit: 1","fit: 6, efit: 1",,,,0,0,0,0,2,,
2026-02-24 14:22:31,48,19,19,0,fit: 6,fit: 6,,,,0,0,0,0,2,,
2026-02-24 15:39:09,48,19,19,0,"fit: 6, efit: 1","fit: 6, efit: 1",,,,0,0,0,0,2,,
2026-02-24 15:47:47,48,19,19,0,fit: 6,fit: 6,,,,0,0,0,0,2,,
2026-02-24 16:14:18,48,19,19,0,"fit: 6, efit: 1","fit: 6, efit: 1",,,,0,0,0,0,2,,
2026-02-24 16:17:52,48,19,19,0,"fit: 6, efit: 2","fit: 6, efit: 2",,,,0,0,0,0,2,,
2026-02-24 16:44:26,48,19,19,0,"fit: 6, efit: 1","fit: 6, efit: 1",,,,0,0,0,0,2,,
2026-02-24 17:35:05,48,19,19,0,"fit: 6, efit: 2","fit: 6, efit: 2",,,,0,0,0,0,2,,
2026-02-24 17:45:40,48,19,19,0,"fit: 7, efit: 2","fit: 7, efit: 2",,,,0,0,0,0,2,,
2026-02-24 17:46:36,48,19,19,0,"fit: 7, efit: 1","fit: 7, efit: 1",,,,0,0,0,0,2,,
2026-02-24 17:50:08,48,19,19,0,fit: 7,fit: 7,,,,0,0,0,0,2,,
2026-02-24 18:05:10,48,19,19,0,"fit: 7, efit: 1","fit: 7, efit: 1",,,,0,0,0,0,2,,
2026-02-24 18:55:20,48,19,19,0,"fit: 7, efit: 2","fit: 7, efit: 2",,,,0,0,0,0,2,,
2026-02-24 18:55:50,48,19,19,0,"fit: 8, efit: 2","fit: 8, efit: 2",,,,0,0,0,0,2,,
2026-02-24 19:00:21,48,19,19,0,"fit: 8, efit: 3","fit: 8, efit: 3",,,,0,0,0,0,2,,
2026-02-24 19:16:59,48,19,19,0,"fit: 8, efit: 4","fit: 8, efit: 4",,,,0,0,0,0,2,,
2026-02-24 19:25:26,48,19,19,0,"fit: 8, efit: 3","fit: 8, efit: 3",,,,0,0,0,0,2,,
2026-02-24 19:35:27,48,19,19,0,"fit: 8, efit: 4","fit: 8, efit: 4",,,,0,0,0,0,2,,
2026-02-24 19:37:04,48,19,19,0,"fit: 8, efit: 3","fit: 8, efit: 3",,,,0,0,0,0,2,,
2026-02-24 19:50:30,48,19,19,0,"fit: 8, efit: 4","fit: 8, efit: 4",,,,0,0,0,0,2,,
2026-02-24 20:25:36,48,19,19,0,"fit: 8, efit: 5","fit: 8, efit: 5",,,,0,0,0,0,2,,
2026-02-24 20:32:18,48,19,19,0,"fit: 8, efit: 6","fit: 8, efit: 6",,,,0,0,0,0,2,,
2026-02-24 20:40:39,48,19,19,0,"fit: 8, efit: 5","fit: 8, efit: 5",,,,0,0,0,0,2,,
2026-02-24 21:26:14,48,19,19,0,"fit: 8, efit: 7","fit: 8, efit: 7",,,,0,0,0,0,2,,
2026-02-24 21:35:49,48,19,19,0,"fit: 8, efit: 8","fit: 8, efit: 8",,,,0,0,0,0,2,,
2026-02-24 22:00:53,48,19,19,0,"fit: 8, efit: 9","fit: 8, efit: 9",,,,0,0,0,0,2,,
2026-02-24 23:17:59,48,19,19,0,"fit: 8, efit: 10","fit: 8, efit: 10",,,,0,0,0,0,2,,
2026-02-25 00:01:15,48,19,19,0,"fit: 8, efit: 10","fit: 8, efit: 10",,,,0,0,0,0,2,,
2026-02-25 00:13:13,48,19,19,0,"fit: 8, efit: 9","fit: 8, efit: 9",,,,0,0,0,0,2,,
2026-02-25 07:02:26,48,19,19,0,"fit: 8, efit: 8","fit: 8, efit: 8",,,,0,0,0,0,2,,
2026-02-25 07:09:56,48,19,19,0,"fit: 8, efit: 7","fit: 8, efit: 7",,,,0,0,0,0,2,,
2026-02-25 07:50:09,48,19,19,0,"fit: 8, efit: 6","fit: 8, efit: 6",,,,0,0,0,0,2,,
2026-02-25 08:22:39,48,19,19,0,"fit: 8, efit: 4","fit: 8, efit: 4",,,,0,0,0,0,2,,
2026-02-25 08:30:19,48,19,19,0,"fit: 8, efit: 3","fit: 8, efit: 3",,,,0,0,0,0,2,,
2026-02-25 08:37:42,48,19,19,0,"fit: 8, efit: 2","fit: 8, efit: 2",,,,0,0,0,0,2,,
2026-02-25 08:42:42,48,19,19,0,"fit: 8, efit: 1","fit: 8, efit: 1",,,,0,0,0,0,2,,
2026-02-25 09:37:52,48,19,19,0,fit: 8,fit: 8,,,,0,0,0,0,2,,
2026-02-25 09:45:38,48,19,19,0,fit: 7,fit: 7,,,,0,0,0,0,2,,
2026-02-25 10:02:56,48,19,19,0,fit: 8,fit: 8,,,,0,0,0,0,2,,
2026-02-25 10:05:43,48,19,19,0,"fit: 8, efit: 1","fit: 8, efit: 1",,,,0,0,0,0,2,,
2026-02-25 10:33:02,48,19,19,0,"fit: 8, efit: 2","fit: 8, efit: 2",,,,0,0,0,0,2,,
2026-02-25 10:43:04,48,19,19,0,"fit: 8, efit: 1","fit: 8, efit: 1",,,,0,0,0,0,2,,
2026-02-25 10:48:05,48,19,19,0,fit: 8,fit: 8,,,,0,0,0,0,2,,
2026-02-25 11:10:59,48,19,19,0,"fit: 8, efit: 1","fit: 8, efit: 1",,,,0,0,0,0,2,,
2026-02-25 11:18:11,48,19,19,0,"fit: 8, efit: 2","fit: 8, efit: 2",,,,0,0,0,0,2,,
2026-02-25 11:43:20,48,19,19,0,"fit: 8, efit: 1","fit: 8, efit: 1",,,,0,0,0,0,2,,
2026-02-25 11:53:17,48,19,19,0,fit: 8,fit: 8,,,,0,0,0,0,2,,
2026-02-25 11:58:18,48,19,19,0,"fit: 7, efit: 1","fit: 7, efit: 1",,,,0,0,0,0,2,,
2026-02-25 12:03:19,48,19,19,0,"fit: 7, efit: 2","fit: 7, efit: 2",,,,0,0,0,0,2,,
2026-02-25 12:18:21,48,19,19,0,"fit: 7, efit: 1","fit: 7, efit: 1",,,,0,0,0,0,2,,
2026-02-25 12:26:18,48,19,19,0,fit: 7,fit: 7,,,,0,0,0,0,2,,
2026-02-25 12:48:27,48,19,19,0,fit: 6,fit: 6,,,,0,0,0,0,2,,
2026-02-25 12:51:25,48,19,19,0,"fit: 6, efit: 1","fit: 6, efit: 1",,,,0,0,0,0,2,,
2026-02-25 12:56:26,48,19,19,0,fit: 6,fit: 6,,,,0,0,0,0,2,,
2026-02-25 13:01:27,48,19,19,0,"fit: 6, efit: 1","fit: 6, efit: 1",,,,0,0,0,0,2,,
2026-02-25 13:06:28,48,19,19,0,"fit: 6, efit: 3","fit: 6, efit: 3",,,,0,0,0,0,2,,
2026-02-25 13:11:29,48,19,19,0,"fit: 6, efit: 1","fit: 6, efit: 1",,,,0,0,0,0,2,,
2026-02-25 13:23:33,48,19,19,0,"fit: 6, efit: 3","fit: 6, efit: 3",,,,0,0,0,0,2,,
2026-02-25 13:33:35,48,19,19,0,"fit: 6, efit: 1","fit: 6, efit: 1",,,,0,0,0,0,2,,
2026-02-25 13:43:36,48,19,19,0,"fit: 6, efit: 2","fit: 6, efit: 2",,,,0,0,0,0,2,,
2026-02-25 13:46:38,48,19,19,0,fit: 6,fit: 6,,,,0,0,0,0,2,,
2026-02-25 14:01:42,48,19,19,0,"fit: 6, efit: 1","fit: 6, efit: 1",,,,0,0,0,0,2,,
2026-02-25 14:03:40,48,19,19,0,"fit: 6, efit: 2","fit: 6, efit: 2",,,,0,0,0,0,2,,
2026-02-25 14:06:43,48,19,19,0,"fit: 6, efit: 3","fit: 6, efit: 3",,,,0,0,0,0,2,,
2026-02-25 14:08:41,48,19,19,0,"fit: 6, efit: 4","fit: 6, efit: 4",,,,0,0,0,0,2,,
2026-02-25 14:11:44,48,19,19,0,"fit: 6, efit: 3","fit: 6, efit: 3",,,,0,0,0,0,2,,
2026-02-25 14:31:49,48,19,19,0,"fit: 6, efit: 2","fit: 6, efit: 2",,,,0,0,0,0,2,,
2026-02-25 14:56:55,48,19,19,0,"fit: 6, efit: 1","fit: 6, efit: 1",,,,0,0,0,0,2,,
2026-02-25 15:06:58,48,19,19,0,"fit: 7, efit: 1","fit: 7, efit: 1",,,,0,0,0,0,2,,
2026-02-25 15:52:10,48,19,19,0,"fit: 7, efit: 2","fit: 7, efit: 2",,,,0,0,0,0,2,,
2026-02-25 16:07:14,48,19,19,0,"fit: 7, efit: 3","fit: 7, efit: 3",,,,0,0,0,0,2,,
2026-02-25 16:17:16,48,19,19,0,"fit: 7, efit: 2","fit: 7, efit: 2",,,,0,0,0,0,2,,
2026-02-25 16:32:20,48,19,19,0,"fit: 7, efit: 3","fit: 7, efit: 3",,,,0,0,0,0,2,,
2026-02-25 16:33:58,48,19,19,0,"fit: 7, efit: 4","fit: 7, efit: 4",,,,0,0,0,0,2,,
2026-02-25 16:42:23,48,19,19,0,"fit: 7, efit: 6","fit: 7, efit: 6",,,,0,0,0,0,2,,
2026-02-25 16:44:00,48,19,19,0,"fit: 7, efit: 7","fit: 7, efit: 7",,,,0,0,0,0,2,,
2026-02-25 17:17:31,48,19,19,0,"fit: 7, efit: 6","fit: 7, efit: 6",,,,0,0,0,0,2,,
2026-02-25 17:32:35,48,19,19,0,"fit: 7, efit: 7","fit: 7, efit: 7",,,,0,0,0,0,2,,
2026-02-25 17:47:39,48,19,19,0,"fit: 7, efit: 7","fit: 7, efit: 6",,,,0,0,0,0,2,,
2026-02-25 17:54:11,48,19,19,0,"fit: 7, efit: 8","fit: 7, efit: 7",,,,0,0,0,0,2,,
2026-02-25 18:02:42,48,19,19,0,"fit: 7, efit: 7","fit: 7, efit: 6",,,,0,0,0,0,2,,
2026-02-25 18:09:14,48,19,19,0,"fit: 7, efit: 6","fit: 7, efit: 5",,,,0,0,0,0,2,,
2026-02-25 18:12:45,48,19,19,0,"fit: 7, efit: 5","fit: 7, efit: 4",,,,0,0,0,0,2,,
2026-02-25 18:32:50,48,19,19,0,"fit: 7, efit: 6","fit: 7, efit: 5",,,,0,0,0,0,2,,
2026-02-25 18:42:52,48,19,19,0,"fit: 7, efit: 7","fit: 7, efit: 6",,,,0,0,0,0,2,,
2026-02-25 18:49:20,48,19,19,0,"fit: 7, efit: 5","fit: 7, efit: 4",,,,0,0,0,0,2,,
2026-02-25 18:59:21,48,19,19,0,"fit: 7, efit: 4","fit: 7, efit: 3",,,,0,0,0,0,2,,
2026-02-25 19:49:29,48,19,19,0,"fit: 7, efit: 3","fit: 7, efit: 2",,,,0,0,0,0,2,,
2026-02-25 19:53:09,48,19,19,0,"fit: 7, efit: 2","fit: 7, efit: 1",,,,0,0,0,0,2,,
2026-02-25 19:59:30,48,19,19,0,"fit: 7, efit: 3","fit: 7, efit: 2",,,,0,0,0,0,2,,
2026-02-25 20:23:16,48,19,19,0,"fit: 8, efit: 3","fit: 8, efit: 2",,,,0,0,0,0,2,,
2026-02-25 20:49:38,48,19,19,0,"fit: 8, efit: 2","fit: 8, efit: 1",,,,0,0,0,0,2,,
2026-02-25 21:09:41,48,19,19,0,"fit: 8, efit: 1",fit: 8,,,,0,0,0,0,2,,
2026-02-25 21:43:35,48,19,19,0,"fit: 7, efit: 1",fit: 7,,,,0,0,0,0,2,,
2026-02-25 21:48:36,48,19,19,0,"fit: 7, efit: 2",fit: 7,efit: 1,,,0,0,0,0,2,,
2026-02-25 22:28:46,48,19,19,0,"fit: 8, efit: 4","fit: 8, efit: 2",efit: 1,,,0,0,0,0,2,,
2026-02-26 00:00:08,48,19,19,0,"fit: 8, efit: 4","fit: 8, efit: 2",efit: 1,,,0,0,0,0,2,,
2026-02-26 01:24:29,48,19,19,0,"fit: 8, efit: 5","fit: 8, efit: 3",efit: 1,,,0,0,0,0,2,,
2026-02-26 02:39:47,48,19,19,0,"fit: 8, efit: 4","fit: 8, efit: 2",efit: 1,,,0,0,0,0,2,,
2026-02-26 06:50:51,48,19,19,0,"fit: 8, efit: 3","fit: 8, efit: 1",efit: 1,,,0,0,0,0,2,,
2026-02-26 07:10:56,48,19,19,0,"fit: 8, efit: 2",fit: 8,efit: 1,,,0,0,0,0,2,,
2026-02-26 07:56:08,48,19,19,0,"fit: 7, efit: 2",fit: 7,efit: 1,,,0,0,0,0,2,,
2026-02-26 08:11:12,48,19,19,0,"fit: 6, efit: 2",fit: 6,efit: 1,,,0,0,0,0,2,,
2026-02-26 08:41:19,48,19,19,0,"fit: 6, efit: 3","fit: 6, efit: 1",efit: 1,,,0,0,0,0,2,,
2026-02-26 08:51:22,48,19,19,0,"fit: 6, efit: 2",fit: 6,efit: 1,,,0,0,0,0,2,,
2026-02-26 09:31:31,48,19,19,0,"fit: 5, efit: 2",fit: 5,efit: 1,,,0,0,0,0,2,,
2026-02-26 09:36:32,48,19,19,0,"fit: 4, efit: 2",fit: 4,efit: 1,,,0,0,0,0,2,,
2026-02-26 09:51:34,48,19,19,0,"fit: 3, efit: 2",fit: 3,efit: 1,,,0,0,0,0,2,,
2026-02-26 10:52:12,48,19,19,0,"fit: 3, efit: 3","fit: 3, efit: 1",efit: 1,,,0,0,0,0,2,,
2026-02-26 10:56:44,48,19,19,0,"fit: 2, efit: 2",fit: 2,efit: 1,,,0,0,0,0,2,,
2026-02-26 11:01:44,48,19,19,0,"fit: 2, efit: 3","fit: 2, efit: 1",efit: 1,,,0,0,0,0,2,,
2026-02-26 11:11:46,48,19,19,0,"fit: 2, efit: 4","fit: 2, efit: 2",efit: 1,,,0,0,0,0,2,,
2026-02-26 11:21:48,48,19,19,0,"fit: 2, efit: 6","fit: 2, efit: 4",efit: 1,,,0,0,0,0,2,,
2026-02-26 11:26:48,48,19,19,0,"fit: 2, efit: 7","fit: 2, efit: 5",efit: 1,,,0,0,0,0,2,,
2026-02-26 11:36:50,48,19,19,0,"fit: 2, efit: 6","fit: 2, efit: 4",efit: 1,,,0,0,0,0,2,,
2026-02-26 11:46:51,48,19,19,0,"fit: 3, efit: 6","fit: 3, efit: 4",efit: 1,,,0,0,0,0,2,,
2026-02-26 11:52:23,48,19,19,0,"fit: 3, efit: 5","fit: 3, efit: 3",efit: 1,,,0,0,0,0,2,,
2026-02-26 11:56:53,48,19,19,0,"fit: 3, efit: 6","fit: 3, efit: 4",efit: 1,,,0,0,0,0,2,,
2026-02-26 12:11:57,48,19,19,0,"fit: 3, efit: 7","fit: 3, efit: 5",efit: 1,,,0,0,0,0,2,,
2026-02-26 12:16:58,48,19,19,0,"fit: 3, efit: 6","fit: 3, efit: 4",efit: 1,,,0,0,0,0,2,,
2026-02-26 12:47:02,48,19,19,0,"fit: 3, efit: 5","fit: 3, efit: 3",efit: 1,,,0,0,0,0,2,,
2026-02-26 12:52:03,48,19,19,0,"fit: 3, efit: 3","fit: 3, efit: 1",efit: 1,,,0,0,0,0,2,,
2026-02-26 13:37:10,48,19,19,0,"fit: 3, efit: 2",fit: 2,"fit: 1, efit: 1",,,0,0,0,0,2,,
2026-02-26 13:37:33,48,19,19,0,"fit: 3, efit: 2",fit: 1,"fit: 2, efit: 1",,,0,0,0,0,2,,
2026-02-26 13:42:11,48,19,19,0,"fit: 3, efit: 1","fit: 3, efit: 1",,,,0,0,0,0,2,,
2026-02-26 13:42:42,48,19,19,0,"fit: 3, efit: 2","fit: 3, efit: 2",,,,0,0,0,0,2,,
2026-02-26 14:27:18,48,19,19,0,"fit: 3, efit: 4","fit: 3, efit: 4",,,,0,0,0,0,2,,
2026-02-26 14:42:20,48,19,19,0,"fit: 3, efit: 5","fit: 3, efit: 5",,,,0,0,0,0,2,,
2026-02-26 14:47:51,48,19,19,0,"fit: 3, efit: 6","fit: 3, efit: 6",,,,0,0,0,0,2,,
2026-02-26 14:52:22,48,19,19,0,"fit: 3, efit: 7","fit: 3, efit: 7",,,,0,0,0,0,2,,
2026-02-26 14:57:23,48,19,19,0,"fit: 3, efit: 6","fit: 3, efit: 6",,,,0,0,0,0,2,,
2026-02-26 15:02:23,48,19,19,0,"fit: 3, efit: 4","fit: 3, efit: 4",,,,0,0,0,0,2,,
2026-02-26 15:32:28,48,19,19,0,"fit: 3, efit: 5","fit: 3, efit: 5",,,,0,0,0,0,2,,
2026-02-26 15:37:28,48,19,19,0,"fit: 3, efit: 7","fit: 3, efit: 7",,,,0,0,0,0,2,,
2026-02-26 15:57:31,48,19,19,0,"fit: 3, efit: 8","fit: 3, efit: 8",,,,0,0,0,0,2,,
2026-02-26 15:58:03,48,19,19,0,"fit: 3, efit: 9","fit: 3, efit: 9",,,,0,0,0,0,2,,
2026-02-26 16:12:34,48,19,19,0,"fit: 4, efit: 9","fit: 4, efit: 9",,,,0,0,0,0,2,,
2026-02-26 16:22:36,48,19,19,0,"fit: 4, efit: 8","fit: 4, efit: 8",,,,0,0,0,0,2,,
2026-02-26 16:42:39,48,19,19,0,"fit: 4, efit: 7","fit: 4, efit: 7",,,,0,0,0,0,2,,
2026-02-26 16:47:40,48,19,19,0,"fit: 4, efit: 6","fit: 4, efit: 6",,,,0,0,0,0,2,,
2026-02-26 16:57:41,48,19,19,0,"fit: 4, efit: 7","fit: 4, efit: 7",,,,0,0,0,0,2,,
2026-02-26 17:07:43,48,19,19,0,"fit: 4, efit: 8","fit: 4, efit: 8",,,,0,0,0,0,2,,
2026-02-26 17:27:45,48,19,19,0,"fit: 4, efit: 7","fit: 4, efit: 7",,,,0,0,0,0,2,,
2026-02-26 17:52:49,48,19,19,0,"fit: 4, efit: 10","fit: 4, efit: 10",,,,0,0,0,0,2,,
2026-02-26 17:57:50,48,19,19,0,"fit: 4, efit: 11","fit: 4, efit: 11",,,,0,0,0,0,2,,
2026-02-26 18:12:52,48,19,19,0,"fit: 4, efit: 10","fit: 4, efit: 10",,,,0,0,0,0,2,,
2026-02-26 18:27:54,48,19,19,0,"fit: 4, efit: 11","fit: 4, efit: 10",,,,0,0,0,0,2,,
2026-02-26 18:42:56,48,19,19,0,"fit: 4, efit: 12","fit: 4, efit: 11",,,,0,0,0,0,2,,
2026-02-26 18:43:32,48,19,19,0,"fit: 4, efit: 11","fit: 4, efit: 10",,,,0,0,0,0,2,,
2026-02-26 18:57:58,48,19,19,0,"fit: 5, efit: 11","fit: 5, efit: 10",,,,0,0,0,0,2,,
2026-02-26 18:58:35,48,19,19,0,"fit: 6, efit: 11","fit: 6, efit: 10",,,,0,0,0,0,2,,
2026-02-26 19:13:01,48,19,19,0,"fit: 6, efit: 10","fit: 6, efit: 9",,,,0,0,0,0,2,,
2026-02-26 19:23:02,48,19,19,0,"fit: 7, efit: 8","fit: 7, efit: 7",,,,0,0,0,0,2,,
2026-02-26 19:28:03,48,19,19,0,"fit: 7, efit: 9","fit: 7, efit: 8",,,,0,0,0,0,2,,
2026-02-26 19:38:04,48,19,19,0,"fit: 8, efit: 7","fit: 8, efit: 6",,,,0,0,0,0,2,,
2026-02-26 20:03:08,48,19,19,0,"fit: 8, efit: 8","fit: 8, efit: 7",,,,0,0,0,0,2,,
2026-02-26 20:18:10,48,19,19,0,"fit: 8, efit: 7","fit: 8, efit: 6",,,,0,0,0,0,2,,
2026-02-26 20:38:13,48,19,19,0,"fit: 8, efit: 8","fit: 8, efit: 7",,,,0,0,0,0,2,,
2026-02-26 21:28:21,48,19,19,0,"fit: 8, efit: 9","fit: 8, efit: 8",,,,0,0,0,0,2,,
2026-02-26 21:33:21,48,19,19,0,"fit: 8, efit: 8","fit: 8, efit: 7",,,,0,0,0,0,2,,
2026-02-26 21:38:22,48,19,19,0,"fit: 8, efit: 8","fit: 8, efit: 6",,,,0,0,0,0,2,,
2026-02-27 00:00:09,48,19,19,0,"fit: 8, efit: 8","fit: 8, efit: 6",,,,0,0,0,0,2,,
2026-02-27 00:13:45,48,19,19,0,"fit: 8, efit: 9","fit: 8, efit: 7",,,,0,0,0,0,2,,
2026-02-27 00:23:46,48,19,19,0,"fit: 8, efit: 10","fit: 8, efit: 8",,,,0,0,0,0,2,,
2026-02-27 01:33:56,48,19,19,0,"fit: 8, efit: 9","fit: 8, efit: 7",,,,0,0,0,0,2,,
2026-02-27 03:24:13,48,19,19,0,"fit: 8, efit: 8","fit: 8, efit: 6",,,,0,0,0,0,2,,
2026-02-27 07:24:47,48,19,19,0,"fit: 8, efit: 7","fit: 8, efit: 5",,,,0,0,0,0,2,,
2026-02-27 08:19:55,48,19,19,0,"fit: 8, efit: 6","fit: 8, efit: 4",,,,0,0,0,0,2,,
2026-02-27 08:39:58,48,19,19,0,"fit: 8, efit: 5","fit: 8, efit: 3",,,,0,0,0,0,2,,
2026-02-27 08:40:52,48,19,19,0,"fit: 8, efit: 4","fit: 8, efit: 2",,,,0,0,0,0,2,,
2026-02-27 08:47:19,48,19,19,0,"fit: 8, efit: 3","fit: 8, efit: 1",,,,0,0,0,0,2,,
2026-02-27 09:05:02,48,19,19,0,"fit: 7, efit: 3","fit: 7, efit: 1",,,,0,0,0,0,2,,
2026-02-27 09:22:28,48,19,19,0,"fit: 7, efit: 3",fit: 7,,,,0,0,0,0,2,,
2026-02-27 09:25:05,48,19,19,0,"fit: 6, efit: 3",fit: 6,,,,0,0,0,0,2,,
2026-02-27 10:02:38,48,19,19,0,"fit: 6, efit: 4","fit: 6, efit: 1",,,,0,0,0,0,2,,
2026-02-27 10:11:08,48,19,19,0,"fit: 7, efit: 3",fit: 7,,,,0,0,0,0,2,,
2026-02-27 10:25:14,48,19,19,0,"fit: 6, efit: 4","fit: 6, efit: 1",,,,0,0,0,0,2,,
2026-02-27 10:26:11,48,19,19,0,"fit: 6, efit: 6","fit: 6, efit: 3",,,,0,0,0,0,2,,
2026-02-27 10:27:44,48,19,19,0,"fit: 4, efit: 7","fit: 4, efit: 4",,,,0,0,0,0,2,,
2026-02-27 10:30:15,48,19,19,0,"fit: 3, efit: 6","fit: 3, efit: 4",,,,0,0,0,0,2,,
2026-02-27 10:31:12,48,19,19,0,"fit: 3, efit: 7","fit: 3, efit: 5",,,,0,0,0,0,2,,
2026-02-27 10:32:45,48,19,19,0,"fit: 3, efit: 6","fit: 3, efit: 6",,,,0,0,0,0,2,,
2026-02-27 10:35:15,48,19,19,0,"fit: 3, efit: 8","fit: 3, efit: 8",,,,0,0,0,0,2,,
2026-02-27 10:45:17,48,19,19,0,"fit: 3, efit: 7","fit: 3, efit: 7",,,,0,0,0,0,2,,
2026-02-27 10:55:18,48,19,19,0,"fit: 3, efit: 8","fit: 3, efit: 8",,,,0,0,0,0,2,,
2026-02-27 11:01:17,48,19,19,0,"fit: 3, efit: 9","fit: 3, efit: 9",,,,0,0,0,0,2,,
2026-02-27 11:02:53,48,19,19,0,"fit: 3, efit: 10","fit: 3, efit: 10",,,,0,0,0,0,2,,
2026-02-27 11:12:55,48,19,19,0,"fit: 3, efit: 9","fit: 3, efit: 9",,,,0,0,0,0,2,,
2026-02-27 11:15:21,48,19,19,0,"fit: 3, efit: 10","fit: 3, efit: 10",,,,0,0,0,0,2,,
2026-02-27 11:17:57,48,19,19,0,"fit: 3, efit: 11","fit: 3, efit: 11",,,,0,0,0,0,2,,
2026-02-27 11:41:24,48,19,19,0,"fit: 3, efit: 10","fit: 3, efit: 10",,,,0,0,0,0,2,,
2026-02-27 11:45:26,48,19,19,0,"fit: 3, efit: 9","fit: 3, efit: 9",,,,0,0,0,0,2,,
2026-02-27 11:50:27,48,19,19,0,"fit: 3, efit: 8","fit: 3, efit: 8",,,,0,0,0,0,2,,
2026-02-27 11:56:26,48,19,19,0,"fit: 3, efit: 7","fit: 3, efit: 7",,,,0,0,0,0,2,,
2026-02-27 12:10:30,48,19,19,0,"fit: 3, efit: 8","fit: 3, efit: 8",,,,0,0,0,0,2,,
2026-02-27 12:18:12,48,19,19,0,"fit: 3, efit: 9","fit: 3, efit: 9",,,,0,0,0,0,2,,
2026-02-27 12:28:15,48,19,19,0,"fit: 3, efit: 7","fit: 3, efit: 7",,,,0,0,0,0,2,,
2026-02-27 12:35:33,48,19,19,0,"fit: 3, efit: 6","fit: 3, efit: 6",,,,0,0,0,0,2,,
2026-02-27 12:38:17,48,19,19,0,"fit: 3, efit: 5","fit: 3, efit: 5",,,,0,0,0,0,2,,
2026-02-27 12:43:19,48,19,19,0,"fit: 3, efit: 4","fit: 3, efit: 4",,,,0,0,0,0,2,,
2026-02-27 12:45:35,48,19,19,0,"fit: 3, efit: 5","fit: 3, efit: 5",,,,0,0,0,0,2,,
2026-02-27 12:50:35,48,19,19,0,"fit: 3, efit: 4","fit: 3, efit: 4",,,,0,0,0,0,2,,
2026-02-27 12:55:36,48,19,19,0,"fit: 3, efit: 5","fit: 3, efit: 5",,,,0,0,0,0,2,,
2026-02-27 12:58:23,48,19,19,0,"fit: 3, efit: 6","fit: 3, efit: 6",,,,0,0,0,0,2,,
2026-02-27 13:10:39,48,19,19,0,"fit: 3, efit: 7","fit: 3, efit: 7",,,,0,0,0,0,2,,
2026-02-27 13:28:30,48,19,19,0,"fit: 3, efit: 8","fit: 3, efit: 8",,,,0,0,0,0,2,,
2026-02-27 13:43:34,48,19,19,0,"fit: 3, efit: 7","fit: 3, efit: 7",,,,0,0,0,0,2,,
2026-02-27 13:46:45,48,19,19,0,"fit: 3, efit: 6","fit: 3, efit: 6",,,,0,0,0,0,2,,
2026-02-27 14:10:47,48,19,19,0,"fit: 3, efit: 7","fit: 3, efit: 7",,,,0,0,0,0,2,,
2026-02-27 14:48:50,48,19,19,0,"fit: 3, efit: 6","fit: 3, efit: 6",,,,0,0,0,0,2,,
2026-02-27 15:05:56,48,19,19,0,"fit: 3, efit: 7","fit: 3, efit: 7",,,,0,0,0,0,2,,
2026-02-27 15:25:59,48,19,19,0,"fit: 3, efit: 8","fit: 3, efit: 8",,,,0,0,0,0,2,,
2026-02-27 15:27:02,48,19,19,0,"fit: 3, efit: 9","fit: 3, efit: 9",,,,0,0,0,0,2,,
2026-02-27 15:34:02,48,19,19,0,"fit: 3, efit: 8","fit: 3, efit: 8",,,,0,0,0,0,2,,
2026-02-27 16:01:04,48,19,19,0,"fit: 3, efit: 9","fit: 3, efit: 9",,,,0,0,0,0,2,,
2026-02-27 16:07:09,48,19,19,0,"fit: 3, efit: 8","fit: 3, efit: 8",,,,0,0,0,0,2,,
2026-02-27 16:09:11,48,19,19,0,"fit: 3, efit: 6","fit: 3, efit: 6",,,,0,0,0,0,2,,
2026-02-27 16:16:07,48,19,19,0,"fit: 3, efit: 7","fit: 3, efit: 7",,,,0,0,0,0,2,,
2026-02-27 16:27:13,48,19,19,0,"fit: 3, efit: 8","fit: 3, efit: 8",,,,0,0,0,0,2,,
2026-02-27 16:32:13,48,19,19,0,"fit: 3, efit: 9","fit: 3, efit: 9",,,,0,0,0,0,2,,
2026-02-27 17:14:28,48,19,19,0,"fit: 3, efit: 10","fit: 3, efit: 10",,,,0,0,0,0,2,,
2026-02-27 17:24:30,48,19,19,0,"fit: 3, efit: 11","fit: 3, efit: 11",,,,0,0,0,0,2,,
2026-02-27 17:36:19,48,19,19,0,"fit: 3, efit: 13","fit: 3, efit: 13",,,,0,0,0,0,2,,
2026-02-27 17:41:19,48,19,19,0,"fit: 3, efit: 12","fit: 3, efit: 12",,,,0,0,0,0,2,,
2026-02-27 17:44:35,48,19,19,0,"fit: 3, efit: 11","fit: 3, efit: 11",,,,0,0,0,0,2,,
2026-02-27 18:14:43,48,19,19,0,"fit: 3, efit: 10","fit: 3, efit: 10",,,,0,0,0,0,2,,
2026-02-27 18:21:26,48,19,19,0,"fit: 4, efit: 10","fit: 4, efit: 10",,,,0,0,0,0,2,,
2026-02-27 18:22:33,48,19,19,0,"fit: 4, efit: 11","fit: 4, efit: 11",,,,0,0,0,0,2,,
2026-02-27 18:27:33,48,19,19,0,"fit: 4, efit: 12","fit: 4, efit: 12",,,,0,0,0,0,2,,
2026-02-27 18:29:46,48,19,19,0,"fit: 4, efit: 11","fit: 4, efit: 11",,,,0,0,0,0,2,,
2026-02-27 18:39:49,48,19,19,0,"fit: 4, efit: 9","fit: 4, efit: 9",,,,0,0,0,0,2,,
2026-02-27 18:44:50,48,19,19,0,"fit: 6, efit: 7","fit: 6, efit: 7",,,,0,0,0,0,2,,
2026-02-27 18:46:29,48,19,19,0,"fit: 6, efit: 6","fit: 6, efit: 6",,,,0,0,0,0,2,,
2026-02-27 18:49:52,48,19,19,0,"fit: 6, efit: 7","fit: 6, efit: 7",,,,0,0,0,0,2,,
2026-02-27 18:51:30,48,19,19,0,"fit: 6, efit: 8","fit: 6, efit: 8",,,,0,0,0,0,2,,
2026-02-27 18:59:54,48,19,19,0,"fit: 7, efit: 8","fit: 7, efit: 8",,,,0,0,0,0,2,,
2026-02-27 19:07:40,48,19,19,0,"fit: 7, efit: 7","fit: 7, efit: 7",,,,0,0,0,0,2,,
2026-02-27 19:14:57,48,19,19,0,"fit: 7, efit: 8","fit: 7, efit: 8",,,,0,0,0,0,2,,
2026-02-27 19:22:43,48,19,19,0,"fit: 7, efit: 7","fit: 7, efit: 7",,,,0,0,0,0,2,,
2026-02-27 19:31:37,48,19,19,0,"fit: 7, efit: 6","fit: 7, efit: 6",,,,0,0,0,0,2,,
2026-02-27 19:51:39,48,19,19,0,"fit: 7, efit: 5","fit: 7, efit: 5",,,,0,0,0,0,2,,
2026-02-27 20:01:41,48,19,19,0,"fit: 7, efit: 6","fit: 7, efit: 6",,,,0,0,0,0,2,,
2026-02-27 20:02:49,48,19,19,0,"fit: 7, efit: 5","fit: 7, efit: 5",,,,0,0,0,0,2,,
2026-02-27 20:10:11,48,19,19,0,"fit: 7, efit: 6","fit: 7, efit: 6",,,,0,0,0,0,2,,
2026-02-27 20:27:54,48,19,19,0,"fit: 7, efit: 7","fit: 7, efit: 7",,,,0,0,0,0,2,,
2026-02-27 20:35:17,48,19,19,0,"fit: 7, efit: 8","fit: 7, efit: 8",,,,0,0,0,0,2,,
2026-02-27 20:40:18,48,19,19,0,"fit: 7, efit: 9","fit: 7, efit: 9",,,,0,0,0,0,2,,
2026-02-27 20:55:22,48,19,19,0,"fit: 7, efit: 8","fit: 7, efit: 8",,,,0,0,0,0,2,,
2026-02-27 21:08:00,48,19,19,0,"fit: 7, efit: 9","fit: 7, efit: 9",,,,0,0,0,0,2,,
2026-02-27 21:10:25,48,19,19,0,"fit: 7, efit: 10","fit: 7, efit: 10",,,,0,0,0,0,2,,
2026-02-27 22:27:03,48,19,19,0,"fit: 7, efit: 11","fit: 7, efit: 11",,,,0,0,0,0,2,,
2026-02-27 22:42:05,48,19,19,0,"fit: 7, efit: 12","fit: 7, efit: 12",,,,0,0,0,0,2,,
2026-02-27 22:45:48,48,19,19,0,"fit: 7, efit: 11","fit: 7, efit: 11",,,,0,0,0,0,2,,
2026-02-27 23:00:52,48,19,19,0,"fit: 7, efit: 12","fit: 7, efit: 12",,,,0,0,0,0,2,,
2026-02-27 23:42:14,48,19,19,0,"fit: 7, efit: 11","fit: 7, efit: 11",,,,0,0,0,0,2,,
2026-02-28 00:01:07,48,19,19,0,"fit: 7, efit: 11","fit: 7, efit: 11",,,,0,0,0,0,2,,
2026-02-28 00:58:39,48,19,19,0,"fit: 7, efit: 8","fit: 7, efit: 8",,,,0,0,0,0,2,,
2026-02-28 01:01:21,48,19,19,0,"fit: 7, efit: 7","fit: 7, efit: 7",,,,0,0,0,0,2,,
2026-02-28 01:11:24,48,19,19,0,"fit: 7, efit: 8","fit: 7, efit: 8",,,,0,0,0,0,2,,
2026-02-28 01:17:28,48,19,19,0,"fit: 7, efit: 11","fit: 7, efit: 11",,,,0,0,0,0,2,,
2026-02-28 01:21:26,48,19,19,0,"fit: 7, efit: 8","fit: 7, efit: 8",,,,0,0,0,0,2,,
2026-02-28 01:41:31,48,19,19,0,"fit: 7, efit: 10","fit: 7, efit: 10",,,,0,0,0,0,2,,
2026-02-28 01:43:47,48,19,19,0,"fit: 7, efit: 8","fit: 7, efit: 8",,,,0,0,0,0,2,,
2026-02-28 01:51:33,48,19,19,0,"fit: 7, efit: 9","fit: 7, efit: 9",,,,0,0,0,0,2,,
2026-02-28 02:06:36,48,19,19,0,"fit: 7, efit: 12","fit: 7, efit: 12",,,,0,0,0,0,2,,
2026-02-28 02:08:51,48,19,19,0,"fit: 7, efit: 11","fit: 7, efit: 11",,,,0,0,0,0,2,,
2026-02-28 02:11:37,48,19,19,0,"fit: 7, efit: 9","fit: 7, efit: 9",,,,0,0,0,0,2,,
2026-02-28 02:33:55,48,19,19,0,"fit: 7, efit: 10","fit: 7, efit: 10",,,,0,0,0,0,2,,
2026-02-28 07:52:59,48,19,19,0,"fit: 7, efit: 9","fit: 7, efit: 9",,,,0,0,0,0,2,,
2026-02-28 08:04:52,48,19,19,0,"fit: 7, efit: 8","fit: 7, efit: 8",,,,0,0,0,0,2,,
2026-02-28 08:48:12,48,19,19,0,"fit: 7, efit: 6","fit: 7, efit: 6",,,,0,0,0,0,2,,
2026-02-28 09:08:37,48,19,19,0,"fit: 7, efit: 6","fit: 7, efit: 5",,,,0,0,0,0,2,,
2026-02-28 09:13:18,48,19,19,0,"fit: 7, efit: 7","fit: 7, efit: 6",,,,0,0,0,0,2,,
2026-02-28 09:28:21,48,19,19,0,"fit: 7, efit: 6","fit: 7, efit: 5",,,,0,0,0,0,2,,
2026-02-28 09:30:07,48,19,19,0,"fit: 7, efit: 5","fit: 7, efit: 4",,,,0,0,0,0,2,,
2026-02-28 10:00:12,48,19,19,0,"fit: 7, efit: 6","fit: 7, efit: 5",,,,0,0,0,0,2,,
2026-02-28 10:33:37,48,19,19,0,"fit: 7, efit: 7","fit: 7, efit: 6",,,,0,0,0,0,2,,
2026-02-28 10:33:50,48,19,19,0,"fit: 7, efit: 6","fit: 7, efit: 5",,,,0,0,0,0,2,,
2026-02-28 10:45:20,48,19,19,0,"fit: 6, efit: 6","fit: 6, efit: 5",,,,0,0,0,0,2,,
2026-02-28 10:48:40,48,19,19,0,"fit: 5, efit: 5","fit: 5, efit: 4",,,,0,0,0,0,2,,
2026-02-28 10:50:21,48,19,19,0,"fit: 5, efit: 2","fit: 5, efit: 2",,,,0,0,0,0,2,,
2026-02-28 10:53:42,48,19,19,0,"fit: 5, efit: 6","fit: 5, efit: 6",,,,0,0,0,0,2,,
2026-02-28 10:53:53,48,19,19,0,"fit: 5, efit: 7","fit: 5, efit: 7",,,,0,0,0,0,2,,
2026-02-28 10:55:22,48,19,19,0,"fit: 3, efit: 6","fit: 3, efit: 6",,,,0,0,0,0,2,,
2026-02-28 10:58:43,48,19,19,0,"fit: 3, efit: 5","fit: 3, efit: 5",,,,0,0,0,0,2,,
2026-02-28 11:00:23,48,19,19,0,"fit: 3, efit: 7","fit: 3, efit: 7",,,,0,0,0,0,2,,
2026-02-28 11:33:51,48,19,19,0,"fit: 3, efit: 6","fit: 3, efit: 6",,,,0,0,0,0,2,,
2026-02-28 11:40:30,48,19,19,0,"fit: 3, efit: 5","fit: 3, efit: 5",,,,0,0,0,0,2,,
2026-02-28 11:48:55,48,19,19,0,"fit: 3, efit: 4","fit: 3, efit: 4",,,,0,0,0,0,2,,
2026-02-28 12:14:01,48,19,19,0,"fit: 3, efit: 5","fit: 3, efit: 5",,,,0,0,0,0,2,,
2026-02-28 12:24:03,48,19,19,0,"fit: 3, efit: 6","fit: 3, efit: 6",,,,0,0,0,0,2,,
2026-02-28 12:29:04,48,19,19,0,"fit: 3, efit: 5","fit: 3, efit: 5",,,,0,0,0,0,2,,
2026-02-28 12:30:38,48,19,19,0,"fit: 3, efit: 4","fit: 3, efit: 4",,,,0,0,0,0,2,,
2026-02-28 12:39:07,48,19,19,0,"fit: 3, efit: 3","fit: 3, efit: 3",,,,0,0,0,0,2,,
2026-02-28 12:54:10,48,19,19,0,"fit: 3, efit: 4","fit: 3, efit: 4",,,,0,0,0,0,2,,
2026-02-28 13:10:45,48,19,19,0,"fit: 3, efit: 5","fit: 3, efit: 5",,,,0,0,0,0,2,,
2026-02-28 13:20:47,48,19,19,0,"fit: 3, efit: 4","fit: 3, efit: 4",,,,0,0,0,0,2,,
2026-02-28 13:25:48,48,19,19,0,"fit: 3, efit: 5","fit: 3, efit: 5",,,,0,0,0,0,2,,
2026-02-28 13:29:14,48,19,19,0,"fit: 3, efit: 4","fit: 3, efit: 4",,,,0,0,0,0,2,,
2026-02-28 13:34:15,48,19,19,0,"fit: 3, efit: 6","fit: 3, efit: 6",,,,0,0,0,0,2,,
2026-02-28 13:49:17,48,19,19,0,"fit: 3, efit: 5","fit: 3, efit: 5",,,,0,0,0,0,2,,
2026-02-28 13:54:18,48,19,19,0,"fit: 3, efit: 6","fit: 3, efit: 6",,,,0,0,0,0,2,,
2026-02-28 13:55:53,48,19,19,0,"fit: 3, efit: 5","fit: 3, efit: 5",,,,0,0,0,0,2,,
2026-02-28 13:59:19,48,19,19,0,"fit: 3, efit: 6","fit: 3, efit: 6",,,,0,0,0,0,2,,
2026-02-28 14:00:54,48,19,19,0,"fit: 3, efit: 5","fit: 3, efit: 5",,,,0,0,0,0,2,,
2026-02-28 14:25:58,48,19,19,0,"fit: 3, efit: 4","fit: 3, efit: 4",,,,0,0,0,0,2,,
2026-02-28 14:29:23,48,19,19,0,"fit: 3, efit: 3","fit: 3, efit: 3",,,,0,0,0,0,2,,
2026-02-28 14:30:59,48,19,19,0,"fit: 3, efit: 2","fit: 3, efit: 2",,,,0,0,0,0,2,,
2026-02-28 14:36:00,48,19,19,0,"fit: 3, efit: 1","fit: 3, efit: 1",,,,0,0,0,0,2,,
2026-02-28 14:51:03,48,19,19,0,fit: 3,fit: 3,,,,0,0,0,0,2,,
2026-02-28 15:19:31,48,19,19,0,"fit: 3, efit: 1",fit: 3,,,,0,0,0,0,2,,
2026-02-28 15:24:32,48,19,19,0,"fit: 2, efit: 1",fit: 2,,,,0,0,0,0,2,,
2026-02-28 15:34:34,48,19,19,0,"fit: 2, efit: 2","fit: 2, efit: 1",,,,0,0,0,0,2,,
2026-02-28 15:51:14,48,19,19,0,"fit: 2, efit: 1",fit: 2,,,,0,0,0,0,2,,
2026-02-28 16:21:19,48,19,19,0,"fit: 3, efit: 2","fit: 2, efit: 1",fit: 1,,,0,0,0,0,2,,
2026-02-28 16:24:41,48,19,19,0,"fit: 4, efit: 1",fit: 3,fit: 1,,,0,0,0,0,2,,
2026-02-28 16:39:44,48,19,19,0,"fit: 3, efit: 1",fit: 2,fit: 1,,,0,0,0,0,2,,
2026-02-28 16:41:22,48,19,19,0,"fit: 3, efit: 3","fit: 2, efit: 2",fit: 1,,,0,0,0,0,2,,
2026-02-28 17:09:49,48,19,19,0,"fit: 3, efit: 4","fit: 2, efit: 3",fit: 1,,,0,0,0,0,2,,
2026-02-28 17:14:49,48,19,19,0,"fit: 3, efit: 5","fit: 2, efit: 4",fit: 1,,,0,0,0,0,2,,
2026-02-28 17:16:28,48,19,19,0,"fit: 3, efit: 6","fit: 2, efit: 5",fit: 1,,,0,0,0,0,2,,
2026-02-28 17:26:30,48,19,19,0,"fit: 3, efit: 5","fit: 2, efit: 4",fit: 1,,,0,0,0,0,2,,
2026-02-28 17:31:31,48,19,19,0,"fit: 3, efit: 6","fit: 2, efit: 4",fit: 1,,,0,0,0,0,2,,
2026-02-28 17:34:52,48,19,19,0,"fit: 3, efit: 5","fit: 2, efit: 3",fit: 1,,,0,0,0,0,2,,
2026-02-28 17:39:53,48,19,19,0,"fit: 3, efit: 4","fit: 2, efit: 2",fit: 1,,,0,0,0,0,2,,
2026-02-28 17:49:55,48,19,19,0,"fit: 3, efit: 3","fit: 2, efit: 1",fit: 1,,,0,0,0,0,2,,
2026-02-28 17:51:34,48,19,19,0,"fit: 2, efit: 3","fit: 1, efit: 1",fit: 1,,,0,0,0,0,2,,
2026-02-28 17:54:55,48,19,19,0,"fit: 2, efit: 2",fit: 1,fit: 1,,,0,0,0,0,2,,
2026-02-28 17:59:56,48,19,19,0,"fit: 2, efit: 3","fit: 1, efit: 1",fit: 1,,,0,0,0,0,2,,
2026-02-28 18:25:29,48,19,19,0,"fit: 2, efit: 4","fit: 1, efit: 2",fit: 1,,,0,0,0,0,2,,
2026-02-28 18:45:04,48,19,19,0,"fit: 2, efit: 3","fit: 1, efit: 1",fit: 1,,,0,0,0,0,2,,
2026-02-28 18:50:04,48,19,19,0,"fit: 2, efit: 4","fit: 1, efit: 2",fit: 1,,,0,0,0,0,2,,
2026-02-28 19:00:06,48,19,19,0,"fit: 2, efit: 3","fit: 1, efit: 1",fit: 1,,,0,0,0,0,2,,
2026-02-28 19:00:37,48,19,19,0,"fit: 2, efit: 2",fit: 1,fit: 1,,,0,0,0,0,2,,
2026-02-28 19:25:10,48,19,19,0,"fit: 3, efit: 2",fit: 2,fit: 1,,,0,0,0,0,2,,
2026-02-28 19:40:12,48,19,19,0,"fit: 3, efit: 3","fit: 2, efit: 1",fit: 1,,,0,0,0,0,2,,
2026-02-28 19:50:13,48,19,19,0,"fit: 3, efit: 2",fit: 2,fit: 1,,,0,0,0,0,2,,
2026-02-28 20:00:15,48,19,19,0,"fit: 3, efit: 3","fit: 2, efit: 1",fit: 1,,,0,0,0,0,2,,
2026-02-28 20:20:57,48,19,19,0,"fit: 3, efit: 4","fit: 2, efit: 2",fit: 1,,,0,0,0,0,2,,
2026-02-28 20:25:19,48,19,19,0,"fit: 4, efit: 4","fit: 3, efit: 2",fit: 1,,,0,0,0,0,2,,
2026-02-28 20:40:21,48,19,19,0,"fit: 4, efit: 3","fit: 3, efit: 1",fit: 1,,,0,0,0,0,2,,
2026-02-28 20:50:23,48,19,19,0,"fit: 4, efit: 2",fit: 3,fit: 1,,,0,0,0,0,2,,
2026-02-28 20:55:23,48,19,19,0,"fit: 4, efit: 3","fit: 3, efit: 1",fit: 1,,,0,0,0,0,2,,
2026-02-28 20:57:06,48,19,19,0,"fit: 4, efit: 2",fit: 3,fit: 1,,,0,0,0,0,2,,
2026-02-28 21:07:08,48,19,19,0,"fit: 4, efit: 3","fit: 3, efit: 1",fit: 1,,,0,0,0,0,2,,
2026-02-28 21:15:26,48,19,19,0,"fit: 4, efit: 2",fit: 3,fit: 1,,,0,0,0,0,2,,
2026-02-28 21:16:10,48,19,19,0,"fit: 4, efit: 4","fit: 3, efit: 2",fit: 1,,,0,0,0,0,2,,
2026-02-28 21:25:28,48,19,19,0,"fit: 5, efit: 4","fit: 4, efit: 2",fit: 1,,,0,0,0,0,2,,
2026-02-28 22:15:35,48,19,19,0,"fit: 5, efit: 5","fit: 4, efit: 3",fit: 1,,,0,0,0,0,2,,
2026-02-28 22:42:24,48,19,19,0,"fit: 6, efit: 5","fit: 5, efit: 3",fit: 1,,,0,0,0,0,2,,
2026-02-28 22:45:40,48,19,19,0,"fit: 6, efit: 4","fit: 5, efit: 2",fit: 1,,,0,0,0,0,2,,
2026-02-28 23:00:42,48,19,19,0,"fit: 6, efit: 3","fit: 5, efit: 1",fit: 1,,,0,0,0,0,2,,
2026-02-28 23:22:31,48,19,19,0,"fit: 6, efit: 4","fit: 5, efit: 2",fit: 1,,,0,0,0,0,2,,
2026-02-28 23:36:44,48,19,19,0,"fit: 6, efit: 5","fit: 5, efit: 3",fit: 1,,,0,0,0,0,2,,
2026-02-28 23:47:35,48,19,19,0,"fit: 6, efit: 4","fit: 5, efit: 2",fit: 1,,,0,0,0,0,2,,
2026-03-01 00:00:51,48,19,19,0,"fit: 6, efit: 4","fit: 5, efit: 2",fit: 1,,,0,0,0,0,2,,
2026-03-01 01:47:15,48,19,19,0,"fit: 6, efit: 6","fit: 5, efit: 4",fit: 1,,,0,0,0,0,2,,
2026-03-01 02:47:29,48,19,19,0,"fit: 6, efit: 7","fit: 5, efit: 5",fit: 1,,,0,0,0,0,2,,
2026-03-01 03:01:19,48,19,19,0,"fit: 6, efit: 8","fit: 5, efit: 6",fit: 1,,,0,0,0,0,2,,
2026-03-01 03:11:20,48,19,19,0,"fit: 6, efit: 9","fit: 5, efit: 7",fit: 1,,,0,0,0,0,2,,
2026-03-01 06:01:45,48,19,19,0,"fit: 6, efit: 8","fit: 5, efit: 6",fit: 1,,,0,0,0,0,2,,
2026-03-01 06:21:48,48,19,19,0,"fit: 6, efit: 9","fit: 5, efit: 7",fit: 1,,,0,0,0,0,2,,
2026-03-01 07:33:37,48,19,19,0,"fit: 6, efit: 8","fit: 5, efit: 6",fit: 1,,,0,0,0,0,2,,
2026-03-01 08:38:52,48,19,19,0,"fit: 6, efit: 6","fit: 5, efit: 6",fit: 1,,,0,0,0,0,2,,
2026-03-01 08:42:10,48,19,19,0,"fit: 5, efit: 7","fit: 5, efit: 7",,,,0,0,0,0,2,,
2026-03-01 08:47:10,48,19,19,0,"fit: 6, efit: 7","fit: 6, efit: 7",,,,0,0,0,0,2,,
2026-03-01 09:02:13,48,19,19,0,"fit: 6, efit: 8","fit: 6, efit: 8",,,,0,0,0,0,2,,
2026-03-01 09:27:16,48,19,19,0,"fit: 6, efit: 7","fit: 6, efit: 7",,,,0,0,0,0,2,,
2026-03-01 09:37:18,48,19,19,0,"fit: 6, efit: 6","fit: 6, efit: 6",,,,0,0,0,0,2,,
2026-03-01 10:27:25,48,19,19,0,"fit: 6, efit: 5","fit: 6, efit: 5",,,,0,0,0,0,2,,
2026-03-01 10:52:29,48,19,19,0,"fit: 6, efit: 4","fit: 6, efit: 4",,,,0,0,0,0,2,,
2026-03-01 11:02:31,48,19,19,0,"fit: 6, efit: 3","fit: 6, efit: 3",,,,0,0,0,0,2,,
2026-03-01 11:07:31,48,19,19,0,"fit: 6, efit: 2","fit: 6, efit: 2",,,,0,0,0,0,2,,
2026-03-01 11:22:34,48,19,19,0,"fit: 6, efit: 3","fit: 6, efit: 3",,,,0,0,0,0,2,,
2026-03-01 11:57:40,48,19,19,0,"fit: 6, efit: 2","fit: 6, efit: 2",,,,0,0,0,0,2,,
2026-03-01 12:09:36,48,19,19,0,"fit: 5, efit: 2","fit: 5, efit: 2",,,,0,0,0,0,2,,
2026-03-01 12:17:43,48,19,19,0,fit: 5,fit: 5,,,,0,0,0,0,2,,
2026-03-01 12:24:39,48,19,19,0,"fit: 5, efit: 1","fit: 5, efit: 1",,,,0,0,0,0,2,,
2026-03-01 12:39:41,48,19,19,0,fit: 5,fit: 5,,,,0,0,0,0,2,,
2026-03-01 13:22:53,48,19,19,0,"fit: 5, efit: 1","fit: 5, efit: 1",,,,0,0,0,0,2,,
2026-03-01 13:49:53,48,19,19,0,fit: 5,fit: 5,,,,0,0,0,0,2,,
2026-03-01 13:55:06,48,19,19,0,"fit: 5, efit: 1","fit: 5, efit: 1",,,,0,0,0,0,2,,
2026-03-01 14:04:55,48,19,19,0,fit: 5,fit: 5,,,,0,0,0,0,2,,
2026-03-01 14:35:16,48,19,19,0,"fit: 5, efit: 1","fit: 5, efit: 1",,,,0,0,0,0,2,,
2026-03-01 14:40:02,48,19,19,0,fit: 5,fit: 5,,,,0,0,0,0,2,,
2026-03-01 14:43:05,48,19,19,0,fit: 4,fit: 4,,,,0,0,0,0,2,,
2026-03-01 14:48:06,48,19,19,0,fit: 3,fit: 3,,,,0,0,0,0,2,,
2026-03-01 14:53:07,48,19,19,0,fit: 4,fit: 4,,,,0,0,0,0,2,,
2026-03-01 15:10:07,48,19,19,0,"fit: 4, efit: 1","fit: 4, efit: 1",,,,0,0,0,0,2,,
2026-03-01 15:43:14,48,19,19,0,fit: 3,fit: 3,,,,0,0,0,0,2,,
2026-03-01 15:53:16,48,19,19,0,"fit: 3, efit: 1","fit: 3, efit: 1",,,,0,0,0,0,2,,
2026-03-01 16:00:16,48,19,19,0,"fit: 3, efit: 2","fit: 3, efit: 2",,,,0,0,0,0,2,,
2026-03-01 16:05:17,48,19,19,0,"fit: 3, efit: 1","fit: 3, efit: 1",,,,0,0,0,0,2,,
2026-03-01 16:25:20,48,19,19,0,fit: 3,fit: 3,,,,0,0,0,0,2,,
2026-03-01 16:53:25,48,19,19,0,"fit: 3, efit: 1","fit: 3, efit: 1",,,,0,0,0,0,2,,
2026-03-01 17:28:30,48,19,19,0,"fit: 3, efit: 2","fit: 3, efit: 2",,,,0,0,0,0,2,,
2026-03-01 17:38:32,48,19,19,0,fit: 3,fit: 3,,,,0,0,0,0,2,,
2026-03-01 17:48:33,48,19,19,0,"fit: 3, efit: 1","fit: 3, efit: 1",,,,0,0,0,0,2,,
2026-03-01 19:00:46,48,19,19,0,fit: 3,fit: 3,,,,0,0,0,0,2,,
2026-03-01 20:21:00,48,19,19,0,"fit: 3, efit: 1","fit: 3, efit: 1",,,,0,0,0,0,2,,
2026-03-01 20:26:01,48,19,19,0,"fit: 3, efit: 2","fit: 3, efit: 2",,,,0,0,0,0,2,,
2026-03-01 20:51:05,48,19,19,0,"fit: 3, efit: 3","fit: 3, efit: 3",,,,0,0,0,0,2,,
2026-03-01 20:51:45,48,19,19,0,"fit: 3, efit: 4","fit: 3, efit: 4",,,,0,0,0,0,2,,
2026-03-01 21:11:09,48,19,19,0,"fit: 3, efit: 6","fit: 3, efit: 6",,,,0,0,0,0,2,,
2026-03-01 21:21:52,48,19,19,0,"fit: 3, efit: 7","fit: 3, efit: 7",,,,0,0,0,0,2,,
2026-03-01 21:36:13,48,19,19,0,"fit: 3, efit: 8","fit: 3, efit: 8",,,,0,0,0,0,2,,
2026-03-01 22:06:18,48,19,19,0,"fit: 3, efit: 7","fit: 3, efit: 7",,,,0,0,0,0,2,,
2026-03-01 23:09:21,48,19,19,0,"fit: 3, efit: 5","fit: 3, efit: 5",,,,0,0,0,0,2,,
2026-03-01 23:21:30,48,19,19,0,"fit: 3, efit: 6","fit: 3, efit: 6",,,,0,0,0,0,2,,
2026-03-02 00:01:37,48,19,19,0,"fit: 3, efit: 6","fit: 3, efit: 6",,,,0,0,0,0,2,,
2026-03-02 00:24:32,48,19,19,0,"fit: 3, efit: 7","fit: 3, efit: 7",,,,0,0,0,0,2,,
2026-03-02 01:19:40,48,19,19,0,"fit: 3, efit: 8","fit: 3, efit: 8",,,,0,0,0,0,2,,
2026-03-02 05:37:33,48,19,19,0,"fit: 3, efit: 9","fit: 3, efit: 9",,,,0,0,0,0,2,,
2026-03-02 05:52:35,48,19,19,0,"fit: 3, efit: 10","fit: 3, efit: 10",,,,0,0,0,0,2,,
2026-03-02 06:49:05,48,19,19,0,"fit: 3, efit: 9","fit: 3, efit: 9",,,,0,0,0,0,2,,
2026-03-02 08:07:58,48,19,19,0,"fit: 3, efit: 8","fit: 3, efit: 8",,,,0,0,0,0,2,,
2026-03-02 08:33:02,48,19,19,0,"fit: 3, efit: 7","fit: 3, efit: 7",,,,0,0,0,0,2,,
2026-03-02 09:49:49,48,19,19,0,"fit: 3, efit: 6","fit: 3, efit: 6",,,,0,0,0,0,2,,
2026-03-02 09:54:50,48,19,19,0,"fit: 3, efit: 5","fit: 3, efit: 5",,,,0,0,0,0,2,,
2026-03-02 09:55:57,48,19,19,0,"fit: 3, efit: 4","fit: 3, efit: 4",,,,0,0,0,0,2,,
2026-03-02 09:58:16,48,19,19,0,"fit: 3, efit: 5","fit: 3, efit: 5",,,,0,0,0,0,2,,
2026-03-02 10:09:54,48,19,19,0,"fit: 3, efit: 5","fit: 3, efit: 4",,,,0,0,0,0,2,,
2026-03-02 10:13:19,48,19,19,0,"fit: 3, efit: 5","fit: 3, efit: 5",,,,0,0,0,0,2,,
2026-03-02 10:40:01,48,19,19,0,"fit: 3, efit: 6","fit: 3, efit: 6",,,,0,0,0,0,2,,
2026-03-02 10:46:05,48,19,19,0,"fit: 3, efit: 5","fit: 3, efit: 5",,,,0,0,0,0,2,,
2026-03-02 10:56:07,48,19,19,0,"fit: 3, efit: 4","fit: 3, efit: 4",,,,0,0,0,0,2,,
2026-03-02 11:05:07,48,19,19,0,"fit: 4, efit: 3","fit: 4, efit: 3",,,,0,0,0,0,2,,
2026-03-02 11:08:28,48,19,19,0,"fit: 4, efit: 2","fit: 4, efit: 2",,,,0,0,0,0,2,,
2026-03-02 11:26:11,48,19,19,0,"fit: 4, efit: 1","fit: 4, efit: 1",,,,0,0,0,0,2,,
2026-03-02 11:33:32,48,19,19,0,fit: 4,fit: 4,,,,0,0,0,0,2,,
2026-03-02 11:53:36,48,19,19,0,"fit: 4, efit: 1","fit: 4, efit: 1",,,,0,0,0,0,2,,
2026-03-02 11:55:20,48,19,19,0,fit: 5,fit: 5,,,,0,0,0,0,2,,
2026-03-02 12:05:22,48,19,19,0,"fit: 5, efit: 1","fit: 5, efit: 1",,,,0,0,0,0,2,,
2026-03-02 12:33:42,48,19,19,0,fit: 5,fit: 5,,,,0,0,0,0,2,,
2026-03-02 13:33:52,48,19,19,0,fit: 4,fit: 4,,,,0,0,0,0,2,,
2026-03-02 14:05:50,48,19,19,0,"fit: 4, efit: 1","fit: 4, efit: 1",,,,0,0,0,0,2,,
2026-03-02 14:08:58,48,19,19,0,"fit: 5, efit: 1","fit: 5, efit: 1",,,,0,0,0,0,2,,
2026-03-02 14:39:03,48,19,19,0,fit: 5,fit: 5,,,,0,0,0,0,2,,
2026-03-02 15:04:08,48,19,19,0,fit: 4,fit: 4,,,,0,0,0,0,2,,
2026-03-02 15:16:46,48,19,19,0,fit: 3,fit: 3,,,,0,0,0,0,2,,
2026-03-02 15:31:11,48,19,19,0,fit: 2,fit: 2,,,,0,0,0,0,2,,
2026-03-02 15:31:49,48,19,19,0,"fit: 2, efit: 1","fit: 2, efit: 1",,,,0,0,0,0,2,,
2026-03-02 15:41:50,48,19,19,0,"fit: 2, efit: 2","fit: 2, efit: 2",,,,0,0,0,0,2,,
2026-03-02 16:39:24,48,19,19,0,"fit: 2, efit: 3","fit: 2, efit: 3",,,,0,0,0,0,2,,
2026-03-02 16:54:26,48,19,19,0,"fit: 2, efit: 2","fit: 2, efit: 2",,,,0,0,0,0,2,,
2026-03-02 17:09:29,48,19,19,0,"fit: 5, efit: 2","fit: 5, efit: 2",,,,0,0,0,0,2,,
2026-03-02 17:16:36,48,19,19,0,"fit: 6, efit: 1","fit: 6, efit: 1",,,,0,0,0,0,2,,
2026-03-02 17:34:33,48,19,19,0,"fit: 6, efit: 2","fit: 6, efit: 2",,,,0,0,0,0,2,,
2026-03-02 17:41:42,48,19,19,0,"fit: 6, efit: 1","fit: 6, efit: 1",,,,0,0,0,0,2,,
2026-03-02 17:46:44,48,19,19,0,fit: 6,fit: 6,,,,0,0,0,0,2,,
2026-03-02 17:49:35,48,19,19,0,fit: 5,fit: 5,,,,0,0,0,0,2,,
2026-03-02 17:56:46,48,19,19,0,"fit: 5, efit: 1","fit: 5, efit: 1",,,,0,0,0,0,2,,
2026-03-02 18:02:12,48,19,19,0,"fit: 6, efit: 1","fit: 6, efit: 1",,,,0,0,0,0,2,,
2026-03-02 18:19:40,48,19,19,0,fit: 6,fit: 6,,,,0,0,0,0,2,,
2026-03-02 18:26:53,48,19,19,0,fit: 5,fit: 5,,,,0,0,0,0,2,,
2026-03-02 18:44:45,48,19,19,0,"fit: 5, efit: 4","fit: 5, efit: 4",,,,0,0,0,0,2,,
2026-03-02 18:57:01,48,19,19,0,"fit: 5, efit: 5","fit: 5, efit: 5",,,,0,0,0,0,2,,
2026-03-02 19:12:05,48,19,19,0,"fit: 5, efit: 1","fit: 5, efit: 1",,,,0,0,0,0,2,,
2026-03-02 19:19:51,48,19,19,0,fit: 5,fit: 5,,,,0,0,0,0,2,,
2026-03-02 20:15:00,48,19,19,0,fit: 4,fit: 4,,,,0,0,0,0,2,,
2026-03-02 20:32:24,48,19,19,0,"fit: 4, efit: 1","fit: 4, efit: 1",,,,0,0,0,0,2,,
2026-03-02 20:50:06,48,19,19,0,fit: 4,fit: 4,,,,0,0,0,0,2,,
2026-03-02 21:10:09,48,19,19,0,"fit: 4, efit: 1","fit: 4, efit: 1",,,,0,0,0,0,2,,
2026-03-02 21:20:11,48,19,19,0,"fit: 4, efit: 2","fit: 4, efit: 2",,,,0,0,0,0,2,,
2026-03-02 22:22:49,48,19,19,0,"fit: 4, efit: 3","fit: 4, efit: 3",,,,0,0,0,0,2,,
2026-03-02 22:32:50,48,19,19,0,"fit: 4, efit: 4","fit: 4, efit: 4",,,,0,0,0,0,2,,
2026-03-02 23:48:01,48,19,19,0,"fit: 4, efit: 3","fit: 4, efit: 3",,,,0,0,0,0,2,,
2026-03-03 00:00:38,48,19,19,0,"fit: 4, efit: 3","fit: 4, efit: 3",,,,0,0,0,0,2,,
2026-03-03 01:20:51,48,19,19,0,"fit: 4, efit: 4","fit: 4, efit: 4",,,,0,0,0,0,2,,
2026-03-03 01:45:55,48,19,19,0,"fit: 4, efit: 3","fit: 4, efit: 3",,,,0,0,0,0,2,,
2026-03-03 03:46:16,48,19,19,0,"fit: 4, efit: 2","fit: 4, efit: 2",,,,0,0,0,0,2,,
2026-03-03 05:36:33,48,19,19,0,"fit: 4, efit: 3","fit: 4, efit: 3",,,,0,0,0,0,2,,
2026-03-03 06:49:03,48,19,19,0,"fit: 4, efit: 2","fit: 4, efit: 2",,,,0,0,0,0,2,,
2026-03-03 08:22:01,48,19,19,0,fit: 4,fit: 4,,,,0,0,0,0,2,,
2026-03-03 09:50:31,48,19,19,0,fit: 3,fit: 3,,,,0,0,0,0,2,,
2026-03-03 10:44:38,48,19,19,0,"fit: 3, efit: 1",fit: 3,,,,0,0,0,0,2,,
2026-03-03 10:45:44,48,19,19,0,"fit: 3, efit: 2","fit: 3, efit: 1",,,,0,0,0,0,2,,
2026-03-03 10:47:25,48,19,19,0,"fit: 3, efit: 3","fit: 3, efit: 2",,,,0,0,0,0,2,,
2026-03-03 10:54:40,48,19,19,0,"fit: 3, efit: 4","fit: 3, efit: 3",,,,0,0,0,0,2,,
2026-03-03 11:15:51,48,19,19,0,"fit: 3, efit: 3","fit: 3, efit: 3",,,,0,0,0,0,2,,
2026-03-03 11:30:55,48,19,19,0,"fit: 3, efit: 4","fit: 3, efit: 4",,,,0,0,0,0,2,,
2026-03-03 11:44:47,48,19,19,0,"fit: 3, efit: 3","fit: 3, efit: 3",,,,0,0,0,0,2,,
2026-03-03 12:11:05,48,19,19,0,"fit: 3, efit: 4","fit: 3, efit: 3",,,,0,0,0,0,2,,
2026-03-03 12:14:52,48,19,19,0,"fit: 3, efit: 5","fit: 3, efit: 4",,,,0,0,0,0,2,,
2026-03-03 12:32:43,48,19,19,0,"fit: 3, efit: 4","fit: 3, efit: 3",,,,0,0,0,0,2,,
2026-03-03 12:47:46,48,19,19,0,"fit: 3, efit: 5","fit: 3, efit: 4",,,,0,0,0,0,2,,
2026-03-03 12:54:58,48,19,19,0,"fit: 3, efit: 4","fit: 3, efit: 3",,,,0,0,0,0,2,,
2026-03-03 13:10:00,48,19,19,0,"fit: 3, efit: 4","fit: 3, efit: 4",,,,0,0,0,0,2,,
2026-03-03 13:12:50,48,19,19,0,"fit: 3, efit: 5","fit: 3, efit: 5",,,,0,0,0,0,2,,
2026-03-03 13:20:02,48,19,19,0,"fit: 4, efit: 5","fit: 4, efit: 5",,,,0,0,0,0,2,,
2026-03-03 13:52:34,48,19,19,0,"fit: 4, efit: 4","fit: 4, efit: 4",,,,0,0,0,0,2,,
2026-03-03 14:22:41,48,19,19,0,"fit: 4, efit: 3","fit: 4, efit: 3",,,,0,0,0,0,2,,
2026-03-03 14:40:14,48,19,19,0,"fit: 4, efit: 4","fit: 4, efit: 4",,,,0,0,0,0,2,,
2026-03-03 16:38:09,48,19,19,0,"fit: 4, efit: 5","fit: 4, efit: 5",,,,0,0,0,0,2,,
2026-03-03 17:20:38,48,19,19,0,"fit: 4, efit: 6","fit: 4, efit: 6",,,,0,0,0,0,2,,
2026-03-03 18:10:46,48,19,19,0,"fit: 4, efit: 5","fit: 4, efit: 5",,,,0,0,0,0,2,,
2026-03-03 18:20:48,48,19,19,0,"fit: 4, efit: 6","fit: 4, efit: 6",,,,0,0,0,0,2,,
2026-03-03 18:48:34,48,19,19,0,"fit: 4, efit: 7","fit: 4, efit: 7",,,,0,0,0,0,2,,
2026-03-03 19:03:37,48,19,19,0,"fit: 4, efit: 8","fit: 4, efit: 8",,,,0,0,0,0,2,,
2026-03-03 19:08:38,48,19,19,0,"fit: 4, efit: 9","fit: 4, efit: 9",,,,0,0,0,0,2,,
2026-03-03 20:06:04,48,19,19,0,"fit: 5, efit: 9","fit: 5, efit: 9",,,,0,0,0,0,2,,
2026-03-03 20:21:06,48,19,19,0,"fit: 5, efit: 8","fit: 5, efit: 8",,,,0,0,0,0,2,,
2026-03-03 20:36:08,48,19,19,0,"fit: 5, efit: 9","fit: 5, efit: 9",,,,0,0,0,0,2,,
2026-03-03 20:43:57,48,19,19,0,"fit: 5, efit: 8","fit: 5, efit: 8",,,,0,0,0,0,2,,
2026-03-03 20:48:58,48,19,19,0,"fit: 5, efit: 9","fit: 5, efit: 9",,,,0,0,0,0,2,,
2026-03-03 20:59:00,48,19,19,0,"fit: 5, efit: 7","fit: 5, efit: 7",,,,0,0,0,0,2,,
2026-03-03 21:11:13,48,19,19,0,"fit: 6, efit: 7","fit: 6, efit: 7",,,,0,0,0,0,2,,
2026-03-03 21:16:14,48,19,19,0,"fit: 6, efit: 8","fit: 6, efit: 8",,,,0,0,0,0,2,,
2026-03-03 21:19:04,48,19,19,0,"fit: 6, efit: 9","fit: 6, efit: 9",,,,0,0,0,0,2,,
2026-03-03 22:06:22,48,19,19,0,"fit: 7, efit: 9","fit: 7, efit: 9",,,,0,0,0,0,2,,
2026-03-03 22:26:24,48,19,19,0,"fit: 7, efit: 10","fit: 7, efit: 10",,,,0,0,0,0,2,,
2026-03-03 22:31:25,48,19,19,0,"fit: 7, efit: 11","fit: 7, efit: 11",,,,0,0,0,0,2,,
2026-03-03 22:34:19,48,19,19,0,"fit: 7, efit: 12","fit: 7, efit: 12",,,,0,0,0,0,2,,
2026-03-04 00:01:38,48,19,19,0,"fit: 7, efit: 12","fit: 7, efit: 12",,,,0,0,0,0,2,,
2026-03-04 03:52:13,48,19,19,0,"fit: 7, efit: 11","fit: 7, efit: 11",,,,0,0,0,0,2,,
2026-03-04 05:17:26,48,19,19,0,"fit: 7, efit: 10","fit: 7, efit: 10",,,,0,0,0,0,2,,
2026-03-04 07:35:50,48,19,19,0,"fit: 7, efit: 9","fit: 7, efit: 9",,,,0,0,0,0,2,,
2026-03-04 08:26:12,48,19,19,0,"fit: 7, efit: 8","fit: 7, efit: 8",,,,0,0,0,0,2,,
2026-03-04 08:56:03,48,19,19,0,"fit: 7, efit: 7","fit: 7, efit: 7",,,,0,0,0,0,2,,
2026-03-04 09:23:02,48,19,19,0,"fit: 7, efit: 8","fit: 7, efit: 8",,,,0,0,0,0,2,,
2026-03-04 09:56:14,48,19,19,0,"fit: 7, efit: 7","fit: 7, efit: 7",,,,0,0,0,0,2,,
2026-03-04 09:58:07,48,19,19,0,"fit: 7, efit: 8","fit: 7, efit: 8",,,,0,0,0,0,2,,
2026-03-04 10:06:15,48,19,19,0,"fit: 7, efit: 7","fit: 7, efit: 7",,,,0,0,0,0,2,,
2026-03-04 10:46:23,48,19,19,0,"fit: 7, efit: 6","fit: 7, efit: 6",,,,0,0,0,0,2,,
2026-03-04 10:56:24,48,19,19,0,"fit: 7, efit: 5","fit: 7, efit: 5",,,,0,0,0,0,2,,
2026-03-04 11:51:34,48,19,19,0,"fit: 7, efit: 4","fit: 7, efit: 4",,,,0,0,0,0,2,,
2026-03-04 11:53:24,48,19,19,0,"fit: 7, efit: 5","fit: 7, efit: 5",,,,0,0,0,0,2,,
2026-03-04 11:56:34,48,19,19,0,"fit: 7, efit: 6","fit: 7, efit: 6",,,,0,0,0,0,2,,
2026-03-04 12:06:36,48,19,19,0,"fit: 7, efit: 4","fit: 7, efit: 4",,,,0,0,0,0,2,,
2026-03-04 12:21:39,48,19,19,0,"fit: 7, efit: 3","fit: 7, efit: 3",,,,0,0,0,0,2,,
2026-03-04 12:23:29,48,19,19,0,"fit: 7, efit: 2","fit: 7, efit: 2",,,,0,0,0,0,2,,
2026-03-04 12:56:45,48,19,19,0,"fit: 7, efit: 3","fit: 7, efit: 3",,,,0,0,0,0,2,,
2026-03-04 13:11:47,48,19,19,0,"fit: 7, efit: 4","fit: 7, efit: 4",,,,0,0,0,0,2,,
2026-03-04 13:33:39,48,19,19,0,"fit: 7, efit: 5","fit: 7, efit: 5",,,,0,0,0,0,2,,
2026-03-04 13:38:40,48,19,19,0,"fit: 7, efit: 4","fit: 7, efit: 4",,,,0,0,0,0,2,,
2026-03-04 14:11:58,48,19,19,0,"fit: 7, efit: 5","fit: 7, efit: 5",,,,0,0,0,0,2,,
2026-03-04 14:47:26,48,19,19,0,"fit: 7, efit: 4","fit: 7, efit: 4",,,,0,0,0,0,2,,
2026-03-04 14:49:50,48,19,19,0,"fit: 7, efit: 3","fit: 7, efit: 3",,,,0,0,0,0,2,,
2026-03-04 15:09:54,48,19,19,0,"fit: 7, efit: 2","fit: 7, efit: 2",,,,0,0,0,0,2,,
2026-03-04 15:27:34,48,19,19,0,"fit: 7, efit: 3","fit: 7, efit: 3",,,,0,0,0,0,2,,
2026-03-04 15:36:32,48,19,19,0,"fit: 7, efit: 2","fit: 7, efit: 2",,,,0,0,0,0,2,,
2026-03-04 15:50:00,48,19,19,0,"fit: 7, efit: 3","fit: 7, efit: 3",,,,0,0,0,0,2,,
2026-03-04 16:01:36,48,19,19,0,"fit: 7, efit: 2","fit: 7, efit: 2",,,,0,0,0,0,2,,
2026-03-04 16:36:08,48,19,19,0,"fit: 7, efit: 4","fit: 7, efit: 3",,,,0,0,0,0,2,,
2026-03-04 16:40:08,48,19,19,0,"fit: 7, efit: 3","fit: 7, efit: 2",,,,0,0,0,0,2,,
2026-03-04 16:41:44,48,19,19,0,"fit: 7, efit: 2","fit: 7, efit: 1",,,,0,0,0,0,2,,
2026-03-04 16:45:09,48,19,19,0,"fit: 7, efit: 1",fit: 7,,,,0,0,0,0,2,,
2026-03-04 16:55:11,48,19,19,0,"fit: 7, efit: 2","fit: 7, efit: 1",,,,0,0,0,0,2,,
2026-03-04 16:56:13,48,19,19,0,"fit: 7, efit: 4","fit: 7, efit: 3",,,,0,0,0,0,2,,
2026-03-04 17:36:54,48,19,19,0,"fit: 7, efit: 5","fit: 7, efit: 4",,,,0,0,0,0,2,,
2026-03-04 17:40:18,48,19,19,0,"fit: 7, efit: 6","fit: 7, efit: 5",,,,0,0,0,0,2,,
2026-03-04 18:05:22,48,19,19,0,"fit: 7, efit: 5","fit: 7, efit: 4",,,,0,0,0,0,2,,
2026-03-04 18:15:24,48,19,19,0,"fit: 7, efit: 6","fit: 7, efit: 5",,,,0,0,0,0,2,,
2026-03-04 18:40:28,48,19,19,0,"fit: 7, efit: 5","fit: 7, efit: 4",,,,0,0,0,0,2,,
2026-03-04 18:41:33,48,19,19,0,"fit: 8, efit: 5","fit: 8, efit: 4",,,,0,0,0,0,2,,
2026-03-04 18:42:05,48,19,19,0,"fit: 8, efit: 6","fit: 8, efit: 5",,,,0,0,0,0,2,,
2026-03-04 18:47:06,48,19,19,0,"fit: 8, efit: 5","fit: 8, efit: 4",,,,0,0,0,0,2,,
2026-03-04 18:50:29,48,19,19,0,"fit: 8, efit: 6","fit: 8, efit: 5",,,,0,0,0,0,2,,
2026-03-04 18:55:30,48,19,19,0,"fit: 8, efit: 7","fit: 8, efit: 6",,,,0,0,0,0,2,,
2026-03-04 19:06:38,48,19,19,0,"fit: 8, efit: 6","fit: 8, efit: 5",,,,0,0,0,0,2,,
2026-03-04 19:15:33,48,19,19,0,"fit: 8, efit: 5","fit: 8, efit: 4",,,,0,0,0,0,2,,
2026-03-04 20:00:41,48,19,19,0,"fit: 8, efit: 4","fit: 8, efit: 3",,,,0,0,0,0,2,,
2026-03-04 20:17:22,48,19,19,0,"fit: 8, efit: 5","fit: 8, efit: 4",,,,0,0,0,0,2,,
2026-03-04 20:30:45,48,19,19,0,"fit: 9, efit: 5","fit: 9, efit: 4",,,,0,0,0,0,2,,
2026-03-04 21:07:01,48,19,19,0,"fit: 9, efit: 4","fit: 9, efit: 3",,,,0,0,0,0,2,,
2026-03-04 21:15:52,48,19,19,0,"fit: 9, efit: 3","fit: 9, efit: 2",,,,0,0,0,0,2,,
2026-03-04 21:22:04,48,19,19,0,"fit: 9, efit: 4","fit: 9, efit: 3",,,,0,0,0,0,2,,
2026-03-04 21:45:57,48,19,19,0,"fit: 10, efit: 4","fit: 10, efit: 3",,,,0,0,0,0,2,,
2026-03-04 21:55:58,48,19,19,0,"fit: 10, efit: 5","fit: 10, efit: 4",,,,0,0,0,0,2,,
2026-03-04 22:11:01,48,19,19,0,"fit: 10, efit: 4","fit: 10, efit: 3",,,,0,0,0,0,2,,
2026-03-04 23:52:31,48,19,19,0,"fit: 11, efit: 4","fit: 11, efit: 3",,,,0,0,0,0,2,,
2026-03-05 00:02:33,48,19,19,0,"fit: 11, efit: 4","fit: 11, efit: 3",,,,0,0,0,0,2,,
2026-03-05 00:09:20,48,19,19,0,"fit: 11, efit: 5","fit: 11, efit: 4",,,,0,0,0,0,2,,
2026-03-05 00:12:35,48,19,19,0,"fit: 11, efit: 6","fit: 11, efit: 5",,,,0,0,0,0,2,,
2026-03-05 00:22:37,48,19,19,0,"fit: 11, efit: 5","fit: 11, efit: 4",,,,0,0,0,0,2,,
2026-03-05 00:44:25,48,19,19,0,"fit: 11, efit: 6","fit: 11, efit: 5",,,,0,0,0,0,2,,
2026-03-05 03:39:49,48,19,19,0,"fit: 11, efit: 5","fit: 11, efit: 4",,,,0,0,0,0,2,,
2026-03-05 06:38:47,48,19,19,0,"fit: 11, efit: 4","fit: 11, efit: 3",,,,0,0,0,0,2,,
2026-03-05 07:18:54,48,19,19,0,"fit: 11, efit: 3","fit: 11, efit: 2",,,,0,0,0,0,2,,
2026-03-05 07:54:01,48,19,19,0,"fit: 11, efit: 4","fit: 11, efit: 3",,,,0,0,0,0,2,,
2026-03-05 09:20:38,48,19,19,0,"fit: 11, efit: 3","fit: 11, efit: 2",,,,0,0,0,0,2,,
2026-03-05 09:45:42,48,19,19,0,"fit: 11, efit: 2","fit: 11, efit: 1",,,,0,0,0,0,2,,
2026-03-05 10:00:44,48,19,19,0,"fit: 11, efit: 1",fit: 11,,,,0,0,0,0,2,,
2026-03-05 10:09:26,48,19,19,0,fit: 11,fit: 11,,,,0,0,0,0,2,,
2026-03-05 10:10:46,48,19,19,0,"fit: 11, efit: 1","fit: 11, efit: 1",,,,0,0,0,0,2,,
2026-03-05 10:49:34,48,19,19,0,fit: 11,fit: 11,,,,0,0,0,0,2,,
2026-03-05 10:59:36,48,19,19,0,fit: 10,fit: 10,,,,0,0,0,0,2,,
2026-03-05 11:09:37,48,19,19,0,fit: 9,fit: 9,,,,0,0,0,0,2,,
2026-03-05 11:24:40,48,19,19,0,"fit: 9, efit: 1","fit: 9, efit: 1",,,,0,0,0,0,2,,
2026-03-05 11:34:42,48,19,19,0,fit: 10,fit: 10,,,,0,0,0,0,2,,
2026-03-05 11:54:46,48,19,19,0,"fit: 10, efit: 2","fit: 10, efit: 1",,,,0,0,0,0,2,,
2026-03-05 12:01:02,48,19,19,0,"fit: 10, efit: 3","fit: 10, efit: 2",,,,0,0,0,0,2,,
2026-03-05 12:11:03,48,19,19,0,"fit: 10, efit: 4","fit: 10, efit: 3",,,,0,0,0,0,2,,
2026-03-05 12:14:50,48,19,19,0,"fit: 10, efit: 5","fit: 10, efit: 4",,,,0,0,0,0,2,,
2026-03-05 12:30:10,48,19,19,0,"fit: 10, efit: 4","fit: 10, efit: 3",,,,0,0,0,0,2,,
2026-03-05 12:34:54,48,19,19,0,"fit: 10, efit: 3","fit: 10, efit: 2",,,,0,0,0,0,2,,
2026-03-05 12:39:55,48,19,19,0,"fit: 10, efit: 4","fit: 10, efit: 3",,,,0,0,0,0,2,,
2026-03-05 12:54:57,48,19,19,0,"fit: 10, efit: 4","fit: 10, efit: 2",,,,0,0,0,0,2,,
2026-03-05 13:10:01,48,19,19,0,"fit: 10, efit: 3","fit: 10, efit: 1",,,,0,0,0,0,2,,
2026-03-05 13:30:05,48,19,19,0,"fit: 10, efit: 4","fit: 10, efit: 2",,,,0,0,0,0,2,,
2026-03-05 13:50:09,48,19,19,0,"fit: 9, efit: 5","fit: 9, efit: 3",,,,0,0,0,0,2,,
2026-03-05 13:55:10,48,19,19,0,"fit: 9, efit: 4","fit: 9, efit: 2",,,,0,0,0,0,2,,
2026-03-05 14:15:14,48,19,19,0,"fit: 9, efit: 5","fit: 9, efit: 3",,,,0,0,0,0,2,,
2026-03-05 14:16:21,48,19,19,0,"fit: 9, efit: 4","fit: 9, efit: 3",,,,0,0,0,0,2,,
2026-03-05 14:20:15,48,19,19,0,"fit: 9, efit: 5","fit: 9, efit: 5",,,,0,0,0,0,2,,
2026-03-05 14:25:16,48,19,19,0,"fit: 9, efit: 4","fit: 9, efit: 4",,,,0,0,0,0,2,,
2026-03-05 14:40:19,48,19,19,0,"fit: 9, efit: 3","fit: 9, efit: 3",,,,0,0,0,0,2,,
2026-03-05 15:41:33,48,19,19,0,"fit: 9, efit: 2","fit: 9, efit: 2",,,,0,0,0,0,2,,
2026-03-05 15:51:35,48,19,19,0,"fit: 9, efit: 1","fit: 9, efit: 1",,,,0,0,0,0,2,,
2026-03-05 16:00:35,48,19,19,0,"fit: 9, efit: 2","fit: 9, efit: 2",,,,0,0,0,0,2,,
2026-03-05 16:10:37,48,19,19,0,"fit: 9, efit: 3","fit: 9, efit: 3",,,,0,0,0,0,2,,
2026-03-05 16:25:40,48,19,19,0,"fit: 9, efit: 4","fit: 9, efit: 4",,,,0,0,0,0,2,,
2026-03-05 16:50:44,48,19,19,0,"fit: 9, efit: 3","fit: 9, efit: 3",,,,0,0,0,0,2,,
2026-03-05 17:10:48,48,19,19,0,"fit: 9, efit: 1","fit: 9, efit: 1",,,,0,0,0,0,2,,
2026-03-05 17:20:50,48,19,19,0,"fit: 9, efit: 2","fit: 9, efit: 2",,,,0,0,0,0,2,,
2026-03-05 17:21:02,48,19,19,0,"fit: 9, efit: 1","fit: 9, efit: 1",,,,0,0,0,0,2,,
2026-03-05 17:35:28,48,19,19,0,fit: 9,fit: 9,,,,0,0,0,0,2,,
2026-03-05 18:03:17,48,19,19,0,"fit: 9, efit: 1","fit: 9, efit: 1",,,,0,0,0,0,2,,
2026-03-05 18:08:18,48,19,19,0,"fit: 9, efit: 2","fit: 9, efit: 2",,,,0,0,0,0,2,,
2026-03-05 18:15:23,48,19,19,0,"fit: 10, efit: 1","fit: 10, efit: 1",,,,0,0,0,0,2,,
2026-03-05 18:23:20,48,19,19,0,"fit: 10, efit: 2","fit: 10, efit: 2",,,,0,0,0,0,2,,
2026-03-05 18:40:29,48,19,19,0,"fit: 10, efit: 3","fit: 10, efit: 3",,,,0,0,0,0,2,,
2026-03-05 18:45:30,48,19,19,0,"fit: 10, efit: 4","fit: 10, efit: 4",,,,0,0,0,0,2,,
2026-03-05 19:18:28,48,19,19,0,"fit: 10, efit: 5","fit: 10, efit: 5",,,,0,0,0,0,2,,
2026-03-05 19:20:47,48,19,19,0,"fit: 10, efit: 6","fit: 10, efit: 6",,,,0,0,0,0,2,,
2026-03-05 19:30:41,48,19,19,0,"fit: 10, efit: 5","fit: 10, efit: 5",,,,0,0,0,0,2,,
2026-03-05 19:40:44,48,19,19,0,"fit: 11, efit: 5","fit: 11, efit: 5",,,,0,0,0,0,2,,
2026-03-05 19:53:34,48,19,19,0,"fit: 11, efit: 4","fit: 11, efit: 4",,,,0,0,0,0,2,,
2026-03-05 20:00:49,48,19,19,0,"fit: 12, efit: 2","fit: 12, efit: 2",,,,0,0,0,0,2,,
2026-03-05 20:23:38,48,19,19,0,"fit: 12, efit: 3","fit: 12, efit: 3",,,,0,0,0,0,2,,
2026-03-05 20:35:58,48,19,19,0,"fit: 12, efit: 2","fit: 12, efit: 2",,,,0,0,0,0,2,,
2026-03-05 20:51:01,48,19,19,0,"fit: 12, efit: 3","fit: 12, efit: 3",,,,0,0,0,0,2,,
2026-03-05 20:58:43,48,19,19,0,"fit: 12, efit: 4","fit: 12, efit: 4",,,,0,0,0,0,2,,
2026-03-05 21:18:46,48,19,19,0,"fit: 13, efit: 4","fit: 13, efit: 4",,,,0,0,0,0,2,,
2026-03-05 21:41:09,48,19,19,0,"fit: 13, efit: 1","fit: 13, efit: 1",,,,0,0,0,0,2,,
2026-03-05 21:48:51,48,19,19,0,fit: 12,fit: 12,,,,0,0,0,0,2,,
2026-03-05 22:01:13,48,19,19,0,fit: 11,fit: 11,,,,0,0,0,0,2,,
2026-03-05 22:03:53,48,19,19,0,fit: 12,fit: 12,,,,0,0,0,0,2,,
2026-03-05 22:46:21,48,19,19,0,"fit: 12, efit: 1","fit: 12, efit: 1",,,,0,0,0,0,2,,
2026-03-05 23:24:05,48,19,19,0,fit: 12,fit: 12,,,,0,0,0,0,2,,
2026-03-05 23:26:27,48,19,19,0,"fit: 12, efit: 1","fit: 12, efit: 1",,,,0,0,0,0,2,,
2026-03-05 23:31:28,48,19,19,0,fit: 12,fit: 12,,,,0,0,0,0,2,,
2026-03-05 23:41:30,48,19,19,0,"fit: 12, efit: 1","fit: 12, efit: 1",,,,0,0,0,0,2,,
2026-03-05 23:51:31,48,19,19,0,"fit: 12, efit: 2","fit: 12, efit: 2",,,,0,0,0,0,2,,
2026-03-05 23:56:32,48,19,19,0,"fit: 12, efit: 1","fit: 12, efit: 1",,,,0,0,0,0,2,,
2026-03-05 23:59:10,48,19,19,0,"fit: 12, efit: 2","fit: 12, efit: 2",,,,0,0,0,0,2,,
2026-03-06 00:01:33,48,19,19,0,"fit: 12, efit: 2","fit: 12, efit: 2",,,,0,0,0,0,2,,
2026-03-06 00:21:36,48,19,19,0,"fit: 12, efit: 3","fit: 12, efit: 3",,,,0,0,0,0,2,,
2026-03-06 00:34:15,48,19,19,0,"fit: 12, efit: 2","fit: 12, efit: 2",,,,0,0,0,0,2,,
2026-03-06 01:24:22,48,19,19,0,"fit: 12, efit: 1","fit: 12, efit: 1",,,,0,0,0,0,2,,
2026-03-06 01:44:25,48,19,19,0,"fit: 12, efit: 2","fit: 12, efit: 2",,,,0,0,0,0,2,,
2026-03-06 01:49:26,48,19,19,0,"fit: 12, efit: 3","fit: 12, efit: 3",,,,0,0,0,0,2,,
2026-03-06 03:27:07,48,19,19,0,"fit: 12, efit: 4","fit: 12, efit: 4",,,,0,0,0,0,2,,
2026-03-06 03:52:11,48,19,19,0,"fit: 12, efit: 3","fit: 12, efit: 3",,,,0,0,0,0,2,,
2026-03-06 05:29:58,48,19,19,0,"fit: 12, efit: 4","fit: 12, efit: 4",,,,0,0,0,0,2,,
2026-03-06 06:22:35,48,19,19,0,"fit: 12, efit: 4","fit: 12, efit: 3",,,,0,0,0,0,2,,
2026-03-06 07:47:49,48,19,19,0,"fit: 12, efit: 3","fit: 12, efit: 2",,,,0,0,0,0,2,,
2026-03-06 07:50:19,48,19,19,0,"fit: 12, efit: 4","fit: 12, efit: 3",,,,0,0,0,0,2,,
2026-03-06 09:28:05,48,19,19,0,"fit: 12, efit: 3","fit: 12, efit: 2",,,,0,0,0,0,2,,
2026-03-06 09:30:34,48,19,19,0,"fit: 12, efit: 2","fit: 12, efit: 1",,,,0,0,0,0,2,,
2026-03-06 09:33:06,48,19,19,0,"fit: 12, efit: 1",fit: 12,,,,0,0,0,0,2,,
2026-03-06 09:53:10,48,19,19,0,"fit: 11, efit: 1",fit: 11,,,,0,0,0,0,2,,
2026-03-06 10:05:39,48,19,19,0,"fit: 11, efit: 2","fit: 11, efit: 1",,,,0,0,0,0,2,,
2026-03-06 10:15:40,48,19,19,0,"fit: 11, efit: 1",fit: 11,,,,0,0,0,0,2,,
2026-03-06 10:24:11,48,19,19,0,"fit: 10, efit: 1",fit: 10,,,,0,0,0,0,2,,
2026-03-06 10:39:15,48,19,19,0,"fit: 11, efit: 1",fit: 11,,,,0,0,0,0,2,,
2026-03-06 10:50:46,48,19,19,0,"fit: 10, efit: 1",fit: 10,,,,0,0,0,0,2,,
2026-03-06 10:53:19,48,19,19,0,"fit: 10, efit: 2","fit: 10, efit: 1",,,,0,0,0,0,2,,
2026-03-06 10:58:20,48,19,19,0,"fit: 10, efit: 1",fit: 10,,,,0,0,0,0,2,,
2026-03-06 11:08:22,48,19,19,0,"fit: 10, efit: 2","fit: 10, efit: 1",,,,0,0,0,0,2,,
2026-03-06 11:15:49,48,19,19,0,"fit: 10, efit: 3","fit: 10, efit: 2",,,,0,0,0,0,2,,
2026-03-06 12:20:59,48,19,19,0,"fit: 10, efit: 2","fit: 10, efit: 1",,,,0,0,0,0,2,,
2026-03-06 12:23:34,48,19,19,0,"fit: 10, efit: 1",fit: 10,,,,0,0,0,0,2,,
2026-03-06 12:28:35,48,19,19,0,"fit: 9, efit: 1",fit: 9,,,,0,0,0,0,2,,
2026-03-06 12:39:43,48,19,19,0,"fit: 8, efit: 1",fit: 8,,,,0,0,0,0,2,,
2026-03-06 12:48:38,48,19,19,0,"fit: 8, efit: 2","fit: 8, efit: 1",,,,0,0,0,0,2,,
2026-03-06 12:56:05,48,19,19,0,"fit: 8, efit: 1",fit: 8,,,,0,0,0,0,2,,
2026-03-06 13:08:42,48,19,19,0,"fit: 8, efit: 2","fit: 8, efit: 1",,,,0,0,0,0,2,,
2026-03-06 13:16:08,48,19,19,0,"fit: 9, efit: 2","fit: 9, efit: 1",,,,0,0,0,0,2,,
2026-03-06 13:23:44,48,19,19,0,"fit: 9, efit: 1",fit: 9,,,,0,0,0,0,2,,
2026-03-06 13:48:48,48,19,19,0,"fit: 8, efit: 1",fit: 8,,,,0,0,0,0,2,,
2026-03-06 14:01:14,48,19,19,0,"fit: 8, efit: 2","fit: 8, efit: 1",,,,0,0,0,0,2,,
2026-03-06 14:05:04,48,19,19,0,"fit: 8, efit: 3","fit: 8, efit: 2",,,,0,0,0,0,2,,
2026-03-06 14:08:52,48,19,19,0,"fit: 8, efit: 2","fit: 8, efit: 1",,,,0,0,0,0,2,,
2026-03-06 14:23:54,48,19,19,0,"fit: 8, efit: 3","fit: 8, efit: 2",,,,0,0,0,0,2,,
2026-03-06 14:41:20,48,19,19,0,"fit: 8, efit: 4","fit: 8, efit: 3",,,,0,0,0,0,2,,
2026-03-06 14:48:58,48,19,19,0,"fit: 8, efit: 3","fit: 8, efit: 2",,,,0,0,0,0,2,,
2026-03-06 14:53:59,48,19,19,0,"fit: 8, efit: 4","fit: 8, efit: 3",,,,0,0,0,0,2,,
2026-03-06 15:00:17,48,19,19,0,"fit: 7, efit: 4","fit: 7, efit: 3",,,,0,0,0,0,2,,
2026-03-06 15:05:18,48,19,19,0,"fit: 7, efit: 5","fit: 7, efit: 4",,,,0,0,0,0,2,,
2026-03-06 15:24:04,48,19,19,0,"fit: 7, efit: 6","fit: 7, efit: 5",,,,0,0,0,0,2,,
2026-03-06 15:29:05,48,19,19,0,"fit: 7, efit: 7","fit: 7, efit: 6",,,,0,0,0,0,2,,
2026-03-06 15:30:24,48,19,19,0,"fit: 7, efit: 6","fit: 7, efit: 5",,,,0,0,0,0,2,,
2026-03-06 15:35:25,48,19,19,0,"fit: 7, efit: 5","fit: 7, efit: 4",,,,0,0,0,0,2,,
2026-03-06 15:39:07,48,19,19,0,"fit: 7, efit: 4","fit: 7, efit: 3",,,,0,0,0,0,2,,
2026-03-06 15:44:08,48,19,19,0,"fit: 7, efit: 3","fit: 7, efit: 2",,,,0,0,0,0,2,,
2026-03-06 16:06:33,48,19,19,0,"fit: 7, efit: 4","fit: 7, efit: 3",,,,0,0,0,0,2,,
2026-03-06 16:09:12,48,19,19,0,"fit: 7, efit: 6","fit: 7, efit: 5",,,,0,0,0,0,2,,
2026-03-06 16:14:13,48,19,19,0,"fit: 8, efit: 5","fit: 8, efit: 4",,,,0,0,0,0,2,,
2026-03-06 16:39:17,48,19,19,0,"fit: 8, efit: 3","fit: 8, efit: 2",,,,0,0,0,0,2,,
2026-03-06 16:44:18,48,19,19,0,"fit: 8, efit: 2","fit: 8, efit: 1",,,,0,0,0,0,2,,
2026-03-06 16:59:20,48,19,19,0,"fit: 8, efit: 3","fit: 8, efit: 2",,,,0,0,0,0,2,,
2026-03-06 17:00:46,48,19,19,0,"fit: 8, efit: 2","fit: 8, efit: 1",,,,0,0,0,0,2,,
2026-03-06 17:29:25,48,19,19,0,"fit: 8, efit: 3","fit: 8, efit: 2",,,,0,0,0,0,2,,
2026-03-06 17:40:56,48,19,19,0,"fit: 8, efit: 4","fit: 8, efit: 3",,,,0,0,0,0,2,,
2026-03-06 17:45:57,48,19,19,0,"fit: 8, efit: 3","fit: 8, efit: 2",,,,0,0,0,0,2,,
2026-03-06 17:49:29,48,19,19,0,"fit: 8, efit: 2","fit: 8, efit: 1",,,,0,0,0,0,2,,
2026-03-06 18:04:31,48,19,19,0,"fit: 9, efit: 3","fit: 9, efit: 2",,,,0,0,0,0,2,,
2026-03-06 18:09:32,48,19,19,0,"fit: 9, efit: 2","fit: 9, efit: 1",,,,0,0,0,0,2,,
2026-03-06 18:21:06,48,19,19,0,"fit: 9, efit: 3","fit: 9, efit: 2",,,,0,0,0,0,2,,
2026-03-06 18:26:07,48,19,19,0,"fit: 9, efit: 4","fit: 9, efit: 3",,,,0,0,0,0,2,,
2026-03-06 18:29:35,48,19,19,0,"fit: 9, efit: 3","fit: 9, efit: 2",,,,0,0,0,0,2,,
2026-03-06 18:31:54,48,19,19,0,"fit: 9, efit: 2","fit: 9, efit: 1",,,,0,0,0,0,2,,
2026-03-06 18:36:09,48,19,19,0,"fit: 9, efit: 3","fit: 9, efit: 2",,,,0,0,0,0,2,,
2026-03-06 19:01:15,48,19,19,0,"fit: 9, efit: 6","fit: 9, efit: 5",,,,0,0,0,0,2,,
2026-03-06 19:01:59,48,19,19,0,"fit: 9, efit: 7","fit: 9, efit: 6",,,,0,0,0,0,2,,
2026-03-06 19:17:01,48,19,19,0,"fit: 9, efit: 6","fit: 9, efit: 5",,,,0,0,0,0,2,,
2026-03-06 19:19:44,48,19,19,0,"fit: 9, efit: 7","fit: 9, efit: 6",,,,0,0,0,0,2,,
2026-03-06 19:39:47,48,19,19,0,"fit: 9, efit: 8","fit: 9, efit: 7",,,,0,0,0,0,2,,
2026-03-06 19:41:25,48,19,19,0,"fit: 9, efit: 7","fit: 9, efit: 6",,,,0,0,0,0,2,,
2026-03-06 19:46:26,48,19,19,0,"fit: 9, efit: 8","fit: 9, efit: 7",,,,0,0,0,0,2,,
2026-03-06 19:57:07,48,19,19,0,"fit: 9, efit: 7","fit: 9, efit: 6",,,,0,0,0,0,2,,
2026-03-06 20:16:33,48,19,19,0,"fit: 9, efit: 8","fit: 9, efit: 7",,,,0,0,0,0,2,,
2026-03-06 20:41:39,48,19,19,0,"fit: 9, efit: 9","fit: 9, efit: 8",,,,0,0,0,0,2,,
2026-03-06 20:44:58,48,19,19,0,"fit: 9, efit: 8","fit: 9, efit: 7",,,,0,0,0,0,2,,
2026-03-06 20:51:41,48,19,19,0,"fit: 9, efit: 9","fit: 9, efit: 8",,,,0,0,0,0,2,,
2026-03-06 20:54:59,48,19,19,0,"fit: 9, efit: 8","fit: 9, efit: 7",,,,0,0,0,0,2,,
2026-03-06 20:57:16,48,19,19,0,"fit: 9, efit: 9","fit: 9, efit: 8",,,,0,0,0,0,2,,
2026-03-06 21:00:01,48,19,19,0,"fit: 9, efit: 8","fit: 9, efit: 7",,,,0,0,0,0,2,,
2026-03-06 21:12:18,48,19,19,0,"fit: 9, efit: 9","fit: 9, efit: 8",,,,0,0,0,0,2,,
2026-03-06 21:30:06,48,19,19,0,"fit: 9, efit: 10","fit: 9, efit: 9",,,,0,0,0,0,2,,
2026-03-06 21:40:08,48,19,19,0,"fit: 9, efit: 9","fit: 9, efit: 8",,,,0,0,0,0,2,,
2026-03-06 21:45:09,48,19,19,0,"fit: 9, efit: 10","fit: 9, efit: 9",,,,0,0,0,0,2,,
2026-03-06 22:20:15,48,19,19,0,"fit: 9, efit: 9","fit: 9, efit: 8",,,,0,0,0,0,2,,
2026-03-06 22:25:16,48,19,19,0,"fit: 9, efit: 8","fit: 9, efit: 7",,,,0,0,0,0,2,,
2026-03-06 23:10:23,48,19,19,0,"fit: 9, efit: 10","fit: 9, efit: 9",,,,0,0,0,0,2,,
2026-03-06 23:17:37,48,19,19,0,"fit: 9, efit: 9","fit: 9, efit: 8",,,,0,0,0,0,2,,
2026-03-06 23:20:25,48,19,19,0,"fit: 9, efit: 8","fit: 9, efit: 7",,,,0,0,0,0,2,,
2026-03-06 23:40:28,48,19,19,0,"fit: 9, efit: 3","fit: 9, efit: 2",,,,0,0,0,0,2,,
2026-03-07 00:00:32,48,19,19,0,"fit: 9, efit: 3","fit: 9, efit: 2",,,,0,0,0,0,2,,
2026-03-07 00:32:34,48,19,19,0,"fit: 9, efit: 4","fit: 9, efit: 3",,,,0,0,0,0,2,,
2026-03-07 00:35:38,48,19,19,0,"fit: 9, efit: 5","fit: 9, efit: 4",,,,0,0,0,0,2,,
2026-03-07 01:12:43,48,19,19,0,"fit: 9, efit: 6","fit: 9, efit: 5",,,,0,0,0,0,2,,
2026-03-07 01:57:54,48,19,19,0,"fit: 9, efit: 5","fit: 9, efit: 4",,,,0,0,0,0,2,,
2026-03-07 02:17:59,48,19,19,0,"fit: 9, efit: 6","fit: 9, efit: 5",,,,0,0,0,0,2,,
2026-03-07 02:23:00,48,19,19,0,"fit: 9, efit: 5","fit: 9, efit: 4",,,,0,0,0,0,2,,
2026-03-07 03:21:05,48,19,19,0,"fit: 9, efit: 6","fit: 9, efit: 5",,,,0,0,0,0,2,,
2026-03-07 03:33:12,48,19,19,0,"fit: 9, efit: 6","fit: 9, efit: 4",,,,0,0,0,0,2,,
2026-03-07 03:51:10,48,19,19,0,"fit: 9, efit: 7","fit: 9, efit: 5",,,,0,0,0,0,2,,
2026-03-07 07:41:47,48,19,19,0,"fit: 9, efit: 8","fit: 9, efit: 6",,,,0,0,0,0,2,,
2026-03-07 07:51:49,48,19,19,0,"fit: 9, efit: 7","fit: 9, efit: 5",,,,0,0,0,0,2,,
2026-03-07 08:51:59,48,19,19,0,"fit: 9, efit: 6","fit: 9, efit: 4",,,,0,0,0,0,2,,
2026-03-07 09:04:00,48,19,19,0,"fit: 9, efit: 5","fit: 9, efit: 3",,,,0,0,0,0,2,,
2026-03-07 09:24:03,48,19,19,0,"fit: 9, efit: 4","fit: 9, efit: 2",,,,0,0,0,0,2,,
2026-03-07 09:52:09,48,19,19,0,"fit: 9, efit: 3","fit: 9, efit: 1",,,,0,0,0,0,2,,
2026-03-07 10:12:12,48,19,19,0,"fit: 9, efit: 2",fit: 9,,,,0,0,0,0,2,,
2026-03-07 10:27:15,48,19,19,0,"fit: 8, efit: 2",fit: 8,,,,0,0,0,0,2,,
2026-03-07 11:30:07,48,19,19,0,"fit: 8, efit: 3","fit: 8, efit: 1",,,,0,0,0,0,2,,
2026-03-07 11:39:23,48,19,19,0,"fit: 8, efit: 2",fit: 8,,,,0,0,0,0,2,,
2026-03-07 11:44:24,48,19,19,0,"fit: 7, efit: 2",fit: 7,,,,0,0,0,0,2,,
2026-03-07 11:45:10,48,19,19,0,"fit: 6, efit: 2",fit: 6,,,,0,0,0,0,2,,
2026-03-07 11:47:28,48,19,19,0,"fit: 6, efit: 3","fit: 6, efit: 1",,,,0,0,0,0,2,,
2026-03-07 12:04:27,48,19,19,0,"fit: 6, efit: 2",fit: 6,,,,0,0,0,0,2,,
2026-03-07 13:09:37,48,19,19,0,"fit: 5, efit: 2",fit: 5,,,,0,0,0,0,2,,
2026-03-07 13:15:32,48,19,19,0,"fit: 4, efit: 2",fit: 4,,,,0,0,0,0,2,,
2026-03-07 13:17:43,48,19,19,0,"fit: 4, efit: 3","fit: 4, efit: 1",,,,0,0,0,0,2,,
2026-03-07 13:32:45,48,19,19,0,"fit: 5, efit: 3","fit: 5, efit: 1",,,,0,0,0,0,2,,
2026-03-07 13:47:48,48,19,19,0,"fit: 5, efit: 4","fit: 5, efit: 2",,,,0,0,0,0,2,,
2026-03-07 13:52:49,48,19,19,0,"fit: 6, efit: 3","fit: 6, efit: 1",,,,0,0,0,0,2,,
2026-03-07 13:54:43,48,19,19,0,"fit: 6, efit: 2",fit: 6,,,,0,0,0,0,2,,
2026-03-07 13:57:50,48,19,19,0,"fit: 6, efit: 3","fit: 6, efit: 1",,,,0,0,0,0,2,,
2026-03-07 14:02:50,48,19,19,0,"fit: 7, efit: 2",fit: 7,,,,0,0,0,0,2,,
2026-03-07 14:04:45,48,19,19,0,"fit: 6, efit: 2",fit: 6,,,,0,0,0,0,2,,
2026-03-07 14:12:52,48,19,19,0,"fit: 5, efit: 2",fit: 5,,,,0,0,0,0,2,,
2026-03-07 14:58:00,48,19,19,0,"fit: 4, efit: 2",fit: 4,,,,0,0,0,0,2,,
2026-03-07 15:24:57,48,19,19,0,"fit: 3, efit: 2",fit: 3,,,,0,0,0,0,2,,
2026-03-07 15:29:57,48,19,19,0,"fit: 3, efit: 3","fit: 3, efit: 1",,,,0,0,0,0,2,,
2026-03-07 16:03:11,48,19,19,0,"fit: 3, efit: 2",fit: 3,,,,0,0,0,0,2,,
2026-03-07 17:00:11,48,19,19,0,"fit: 3, efit: 3","fit: 3, efit: 1",,,,0,0,0,0,2,,
2026-03-07 17:01:26,48,19,19,0,"fit: 3, efit: 2",fit: 3,,,,0,0,0,0,2,,
2026-03-07 18:38:36,48,19,19,0,"fit: 2, efit: 2",fit: 2,,,,0,0,0,0,2,,
2026-03-07 19:01:56,48,19,19,0,"fit: 2, efit: 3","fit: 2, efit: 1",,,,0,0,0,0,2,,
2026-03-07 19:06:57,48,19,19,0,"fit: 2, efit: 4","fit: 2, efit: 2",,,,0,0,0,0,2,,
2026-03-07 19:22:00,48,19,19,0,"fit: 2, efit: 3","fit: 2, efit: 1",,,,0,0,0,0,2,,
2026-03-07 19:25:33,48,19,19,0,"fit: 2, efit: 4","fit: 2, efit: 2",,,,0,0,0,0,2,,
2026-03-07 19:27:02,48,19,19,0,"fit: 3, efit: 4","fit: 3, efit: 2",,,,0,0,0,0,2,,
2026-03-07 20:05:39,48,19,19,0,"fit: 3, efit: 5","fit: 3, efit: 3",,,,0,0,0,0,2,,
2026-03-07 21:05:48,48,19,19,0,"fit: 3, efit: 4","fit: 3, efit: 2",,,,0,0,0,0,2,,
2026-03-07 21:20:51,48,19,19,0,"fit: 4, efit: 4","fit: 4, efit: 2",,,,0,0,0,0,2,,
2026-03-07 21:22:28,48,19,19,0,"fit: 4, efit: 3","fit: 4, efit: 1",,,,0,0,0,0,2,,
2026-03-07 21:34:05,48,19,19,0,"fit: 4, efit: 2",fit: 4,,,,0,0,0,0,2,,
2026-03-07 21:47:34,48,19,19,0,"fit: 4, efit: 3","fit: 4, efit: 1",,,,0,0,0,0,2,,
2026-03-07 22:21:00,48,19,19,0,"fit: 4, efit: 2",fit: 4,,,,0,0,0,0,2,,
2026-03-07 22:44:17,48,19,19,0,"fit: 3, efit: 2",fit: 3,,,,0,0,0,0,2,,
2026-03-07 23:11:07,48,19,19,0,"fit: 4, efit: 2",fit: 4,,,,0,0,0,0,2,,
2026-03-07 23:31:10,48,19,19,0,"fit: 4, efit: 3","fit: 4, efit: 1",,,,0,0,0,0,2,,
2026-03-08 00:01:14,48,19,19,0,"fit: 4, efit: 3","fit: 4, efit: 1",,,,0,0,0,0,2,,
2026-03-08 03:21:35,48,19,19,0,"fit: 4, efit: 5","fit: 4, efit: 3",,,,0,0,0,0,2,,
2026-03-08 03:23:39,48,19,19,0,"fit: 4, efit: 3","fit: 4, efit: 1",,,,0,0,0,0,2,,
2026-03-08 03:53:46,48,19,19,0,"fit: 4, efit: 4","fit: 4, efit: 2",,,,0,0,0,0,2,,
2026-03-08 04:54:01,48,19,19,0,"fit: 4, efit: 4","fit: 4, efit: 2",efit: 1,,,0,0,0,0,2,,
2026-03-08 05:19:06,48,19,19,0,"fit: 4, efit: 7","fit: 4, efit: 5",efit: 1,,,0,0,0,0,2,,
2026-03-08 07:29:37,48,19,19,0,"fit: 4, efit: 6","fit: 4, efit: 4",efit: 1,,,0,0,0,0,2,,
2026-03-08 08:49:57,48,19,19,0,"fit: 4, efit: 5","fit: 4, efit: 3",efit: 1,,,0,0,0,0,2,,
2026-03-08 09:05:01,48,19,19,0,"fit: 4, efit: 4","fit: 4, efit: 2",efit: 1,,,0,0,0,0,2,,
2026-03-08 09:30:54,48,19,19,0,"fit: 4, efit: 3","fit: 4, efit: 1",efit: 1,,,0,0,0,0,2,,
2026-03-08 10:55:28,48,19,19,0,"fit: 3, efit: 2",fit: 3,efit: 1,,,0,0,0,0,2,,
2026-03-08 11:42:48,48,19,19,0,"fit: 3, efit: 3","fit: 3, efit: 1",efit: 1,,,0,0,0,0,2,,
2026-03-08 11:45:40,48,19,19,0,"fit: 3, efit: 2",fit: 3,efit: 1,,,0,0,0,0,2,,
2026-03-08 11:50:41,48,19,19,0,"fit: 2, efit: 2",fit: 2,efit: 1,,,0,0,0,0,2,,
2026-03-08 12:50:55,48,19,19,0,"fit: 1, efit: 2",fit: 1,efit: 1,,,0,0,0,0,2,,
2026-03-08 13:11:00,48,19,19,0,"fit: 1, efit: 2",fit: 1,,,,0,0,0,0,2,,
2026-03-08 13:18:03,48,19,19,0,efit: 3,efit: 1,,,,0,0,0,0,2,,
2026-03-08 13:21:03,48,19,19,0,"fit: 1, efit: 2",fit: 1,,,,0,0,0,0,2,,
2026-03-08 13:53:08,48,19,19,0,"fit: 1, efit: 2",fit: 1,efit: 1,,,0,0,0,0,2,,
2026-03-08 14:01:12,48,19,19,0,"fit: 1, efit: 3","fit: 1, efit: 1",efit: 1,,,0,0,0,0,2,,
2026-03-08 14:11:15,48,19,19,0,"fit: 1, efit: 2",fit: 1,efit: 1,,,0,0,0,0,2,,
2026-03-08 14:21:17,48,19,19,0,"fit: 1, efit: 3","fit: 1, efit: 1",efit: 1,,,0,0,0,0,2,,
2026-03-08 14:31:20,48,19,19,0,"fit: 1, efit: 2",fit: 1,efit: 1,,,0,0,0,0,2,,
2026-03-08 15:01:27,48,19,19,0,efit: 2,,efit: 1,,,0,0,0,0,2,,
2026-03-08 15:01:50,48,19,19,0,"fit: 1, efit: 2",fit: 1,efit: 1,,,0,0,0,0,2,,
2026-03-08 15:03:18,48,19,19,0,efit: 2,,efit: 1,,,0,0,0,0,2,,
2026-03-08 15:43:24,48,19,19,0,efit: 3,efit: 1,efit: 1,,,0,0,0,0,2,,
2026-03-08 15:46:38,48,19,19,0,efit: 2,,efit: 1,,,0,0,0,0,2,,
2026-03-08 15:51:39,48,19,19,0,efit: 3,efit: 1,efit: 1,,,0,0,0,0,2,,
2026-03-08 15:51:58,48,19,19,0,efit: 2,,efit: 1,,,0,0,0,0,2,,
2026-03-08 16:03:27,48,19,19,0,efit: 3,efit: 1,efit: 1,,,0,0,0,0,2,,
2026-03-08 16:13:29,48,19,19,0,efit: 2,,efit: 1,,,0,0,0,0,2,,
2026-03-08 16:56:54,48,19,19,0,efit: 3,efit: 1,efit: 1,,,0,0,0,0,2,,
2026-03-08 17:11:58,48,19,19,0,efit: 2,,efit: 1,,,0,0,0,0,2,,
2026-03-08 17:22:01,48,19,19,0,efit: 3,efit: 1,efit: 1,,,0,0,0,0,2,,
2026-03-08 17:43:42,48,19,19,0,efit: 4,efit: 2,efit: 1,,,0,0,0,0,2,,
2026-03-08 17:53:44,48,19,19,0,efit: 5,efit: 3,efit: 1,,,0,0,0,0,2,,
2026-03-08 18:02:10,48,19,19,0,efit: 4,efit: 2,efit: 1,,,0,0,0,0,2,,
2026-03-08 18:17:14,48,19,19,0,efit: 6,efit: 4,efit: 1,,,0,0,0,0,2,,
2026-03-08 18:22:15,48,19,19,0,efit: 5,efit: 3,efit: 1,,,0,0,0,0,2,,
2026-03-08 18:32:17,48,19,19,0,"fit: 1, efit: 4","fit: 1, efit: 2",efit: 1,,,0,0,0,0,2,,
2026-03-08 18:42:27,48,19,19,0,"fit: 1, efit: 3","fit: 1, efit: 1",efit: 1,,,0,0,0,0,2,,
2026-03-08 19:07:26,48,19,19,0,"fit: 2, efit: 3","fit: 2, efit: 1",efit: 1,,,0,0,0,0,2,,
2026-03-08 19:13:56,48,19,19,0,"fit: 3, efit: 2",fit: 3,efit: 1,,,0,0,0,0,2,,
2026-03-08 19:57:37,48,19,19,0,"fit: 3, efit: 4","fit: 3, efit: 2",efit: 1,,,0,0,0,0,2,,
2026-03-08 20:17:41,48,19,19,0,"fit: 3, efit: 5","fit: 3, efit: 3",efit: 1,,,0,0,0,0,2,,
2026-03-08 20:22:41,48,19,19,0,"fit: 3, efit: 6","fit: 3, efit: 4",efit: 1,,,0,0,0,0,2,,
2026-03-08 20:24:06,48,19,19,0,"fit: 3, efit: 5","fit: 3, efit: 3",efit: 1,,,0,0,0,0,2,,
2026-03-08 20:29:07,48,19,19,0,"fit: 3, efit: 6","fit: 3, efit: 4",efit: 1,,,0,0,0,0,2,,
2026-03-08 20:32:42,48,19,19,0,"fit: 3, efit: 5","fit: 3, efit: 3",efit: 1,,,0,0,0,0,2,,
2026-03-08 20:39:09,48,19,19,0,"fit: 3, efit: 6","fit: 3, efit: 4",efit: 1,,,0,0,0,0,2,,
2026-03-08 20:57:46,48,19,19,0,"fit: 3, efit: 7","fit: 3, efit: 5",efit: 1,,,0,0,0,0,2,,
2026-03-08 21:02:47,48,19,19,0,"fit: 3, efit: 8","fit: 3, efit: 6",efit: 1,,,0,0,0,0,2,,
2026-03-08 21:12:49,48,19,19,0,"fit: 3, efit: 9","fit: 3, efit: 7",efit: 1,,,0,0,0,0,2,,
2026-03-08 23:08:08,48,19,19,0,"fit: 3, efit: 10","fit: 3, efit: 8",efit: 1,,,0,0,0,0,2,,
2026-03-08 23:24:33,48,19,19,0,"fit: 3, efit: 11","fit: 3, efit: 9",efit: 1,,,0,0,0,0,2,,
2026-03-08 23:49:36,48,19,19,0,"fit: 3, efit: 11","fit: 3, efit: 9",efit: 2,,,0,0,0,0,2,,
2026-03-09 00:03:17,48,19,19,0,"fit: 3, efit: 11","fit: 3, efit: 9",efit: 1,,,0,0,0,0,2,,
2026-03-09 00:08:17,48,19,19,0,"fit: 3, efit: 8","fit: 3, efit: 6",efit: 1,,,0,0,0,0,2,,
2026-03-09 00:09:39,48,19,19,0,"fit: 3, efit: 7","fit: 3, efit: 5",efit: 1,,,0,0,0,0,2,,
2026-03-09 00:38:22,48,19,19,0,"fit: 3, efit: 7","fit: 3, efit: 5",efit: 2,,,0,0,0,0,2,,
2026-03-09 01:13:28,48,19,19,0,"fit: 3, efit: 6","fit: 3, efit: 4",efit: 2,,,0,0,0,0,2,,
2026-03-09 01:23:51,48,19,19,0,"fit: 3, efit: 7","fit: 3, efit: 5",efit: 2,,,0,0,0,0,2,,
2026-03-09 01:33:31,48,19,19,0,"fit: 3, efit: 11","fit: 3, efit: 9",efit: 2,,,0,0,0,0,2,,
2026-03-09 04:54:03,48,19,19,0,"fit: 3, efit: 10","fit: 3, efit: 8",efit: 2,,,0,0,0,0,2,,
2026-03-09 06:50:37,48,19,19,0,"fit: 3, efit: 9","fit: 3, efit: 7",efit: 2,,,0,0,0,0,2,,
2026-03-09 07:29:28,48,19,19,0,"fit: 3, efit: 10","fit: 3, efit: 8",efit: 2,,,0,0,0,0,2,,
2026-03-09 08:00:23,48,19,19,0,"fit: 3, efit: 9","fit: 3, efit: 7",efit: 2,,,0,0,0,0,2,,
2026-03-09 08:09:35,48,19,19,0,"fit: 3, efit: 8","fit: 3, efit: 6",efit: 2,,,0,0,0,0,2,,
2026-03-09 08:29:38,48,19,19,0,"fit: 3, efit: 7","fit: 3, efit: 5",efit: 2,,,0,0,0,0,2,,
2026-03-09 08:39:40,48,19,19,0,"fit: 3, efit: 8","fit: 3, efit: 6",efit: 2,,,0,0,0,0,2,,
2026-03-09 08:40:32,48,19,19,0,"fit: 3, efit: 7","fit: 3, efit: 5",efit: 2,,,0,0,0,0,2,,
2026-03-09 08:44:41,48,19,19,0,"fit: 3, efit: 6","fit: 3, efit: 4",efit: 2,,,0,0,0,0,2,,
2026-03-09 08:49:42,48,19,19,0,"fit: 3, efit: 5","fit: 3, efit: 3",efit: 2,,,0,0,0,0,2,,
2026-03-09 08:59:43,48,19,19,0,"fit: 3, efit: 4","fit: 3, efit: 2",efit: 2,,,0,0,0,0,2,,
2026-03-09 09:04:44,48,19,19,0,"fit: 3, efit: 3","fit: 3, efit: 1",efit: 2,,,0,0,0,0,2,,
2026-03-09 09:10:39,48,19,19,0,"fit: 3, efit: 2",fit: 3,efit: 2,,,0,0,0,0,2,,
2026-03-09 09:44:51,48,19,19,0,"fit: 3, efit: 4","fit: 3, efit: 3",efit: 1,,,0,0,0,0,2,,
2026-03-09 09:45:48,48,19,19,0,"fit: 3, efit: 4","fit: 3, efit: 4",,,,0,0,0,0,2,,
2026-03-09 09:46:04,48,19,19,0,"fit: 3, efit: 5","fit: 3, efit: 5",,,,0,0,0,0,2,,
2026-03-09 10:24:57,48,19,19,0,"fit: 3, efit: 3","fit: 3, efit: 3",,,,0,0,0,0,2,,
2026-03-09 10:40:02,48,19,19,0,"fit: 3, efit: 2","fit: 3, efit: 2",,,,0,0,0,0,2,,
2026-03-09 10:45:04,48,19,19,0,"fit: 3, efit: 1","fit: 3, efit: 1",,,,0,0,0,0,2,,
2026-03-09 10:50:05,48,19,19,0,"fit: 3, efit: 2","fit: 3, efit: 2",,,,0,0,0,0,2,,
2026-03-09 11:00:07,48,19,19,0,"fit: 3, efit: 1","fit: 3, efit: 1",,,,0,0,0,0,2,,
2026-03-09 11:10:08,48,19,19,0,"fit: 3, efit: 2","fit: 3, efit: 2",,,,0,0,0,0,2,,
2026-03-09 11:30:12,48,19,19,0,"fit: 3, efit: 4","fit: 3, efit: 3",,,,0,0,0,0,2,,
2026-03-09 11:35:13,48,19,19,0,"fit: 3, efit: 3","fit: 3, efit: 2",,,,0,0,0,0,2,,
2026-03-09 11:40:13,48,19,19,0,"fit: 4, efit: 3","fit: 4, efit: 2",,,,0,0,0,0,2,,
2026-03-09 12:20:20,48,19,19,0,"fit: 4, efit: 4","fit: 4, efit: 3",,,,0,0,0,0,2,,
2026-03-09 12:35:23,48,19,19,0,"fit: 4, efit: 3","fit: 4, efit: 2",,,,0,0,0,0,2,,
2026-03-09 12:50:26,48,19,19,0,"fit: 4, efit: 2","fit: 4, efit: 1",,,,0,0,0,0,2,,
2026-03-09 13:00:27,48,19,19,0,"fit: 4, efit: 3","fit: 4, efit: 2",,,,0,0,0,0,2,,
2026-03-09 13:05:28,48,19,19,0,"fit: 4, efit: 2","fit: 4, efit: 1",,,,0,0,0,0,2,,
2026-03-09 13:45:35,48,19,19,0,"fit: 4, efit: 1",fit: 4,,,,0,0,0,0,2,,
2026-03-09 13:46:38,48,19,19,0,fit: 4,fit: 4,,,,0,0,0,0,2,,
2026-03-09 13:50:36,48,19,19,0,"fit: 4, efit: 1","fit: 4, efit: 1",,,,0,0,0,0,2,,
2026-03-09 14:20:41,48,19,19,0,fit: 4,fit: 4,,,,0,0,0,0,2,,
2026-03-09 14:30:43,48,19,19,0,"fit: 4, efit: 1","fit: 4, efit: 1",,,,0,0,0,0,2,,
2026-03-09 14:40:44,48,19,19,0,fit: 4,fit: 4,,,,0,0,0,0,2,,
2026-03-09 14:53:29,48,19,19,0,fit: 3,fit: 3,,,,0,0,0,0,2,,
2026-03-09 15:05:49,48,19,19,0,fit: 2,fit: 2,,,,0,0,0,0,2,,
2026-03-09 15:50:56,48,19,19,0,fit: 1,fit: 1,,,,0,0,0,0,2,,
2026-03-09 16:03:39,48,19,19,0,"fit: 1, efit: 1","fit: 1, efit: 1",,,,0,0,0,0,2,,
2026-03-09 16:05:59,48,19,19,0,"fit: 1, efit: 2","fit: 1, efit: 2",,,,0,0,0,0,2,,
2026-03-09 16:46:06,48,19,19,0,"fit: 1, efit: 1","fit: 1, efit: 1",,,,0,0,0,0,2,,
2026-03-09 17:06:09,48,19,19,0,fit: 1,fit: 1,,,,0,0,0,0,2,,
2026-03-09 17:16:11,48,19,19,0,fit: 2,fit: 2,,,,0,0,0,0,2,,
2026-03-09 17:27:11,48,19,19,0,fit: 1,fit: 1,,,,0,0,0,0,2,,
2026-03-09 17:37:12,48,19,19,0,"fit: 1, efit: 1","fit: 1, efit: 1",,,,0,0,0,0,2,,
2026-03-09 17:46:16,48,19,19,0,fit: 1,fit: 1,,,,0,0,0,0,2,,
2026-03-09 18:03:55,48,19,19,0,fit: 2,fit: 2,,,,0,0,0,0,2,,
2026-03-09 18:12:18,48,19,19,0,"fit: 2, efit: 1","fit: 2, efit: 1",,,,0,0,0,0,2,,
2026-03-09 18:18:57,48,19,19,0,"fit: 3, efit: 1","fit: 3, efit: 1",,,,0,0,0,0,2,,
2026-03-09 18:21:21,48,19,19,0,fit: 4,fit: 4,,,,0,0,0,0,2,,
2026-03-09 18:22:19,48,19,19,0,fit: 3,fit: 3,,,,0,0,0,0,2,,
2026-03-09 18:26:22,48,19,19,0,fit: 4,fit: 4,,,,0,0,0,0,2,,
2026-03-09 18:36:24,48,19,19,0,"fit: 4, efit: 1","fit: 4, efit: 1",,,,0,0,0,0,2,,
2026-03-09 18:37:21,48,19,19,0,fit: 4,fit: 4,,,,0,0,0,0,2,,
2026-03-09 18:42:22,48,19,19,0,"fit: 4, efit: 1","fit: 4, efit: 1",,,,0,0,0,0,2,,
2026-03-09 18:52:24,48,19,19,0,fit: 4,fit: 4,,,,0,0,0,0,2,,
2026-03-09 19:26:32,48,19,19,0,fit: 3,fit: 3,,,,0,0,0,0,2,,
2026-03-09 19:34:08,48,19,19,0,fit: 4,fit: 4,,,,0,0,0,0,2,,
2026-03-09 19:41:35,48,19,19,0,"fit: 4, efit: 1","fit: 4, efit: 1",,,,0,0,0,0,2,,
2026-03-09 19:57:33,48,19,19,0,fit: 4,fit: 4,,,,0,0,0,0,2,,
2026-03-09 20:14:14,48,19,19,0,"fit: 4, efit: 1","fit: 4, efit: 1",,,,0,0,0,0,2,,
2026-03-09 20:39:17,48,19,19,0,"fit: 4, efit: 2","fit: 4, efit: 2",,,,0,0,0,0,2,,
2026-03-09 20:41:45,48,19,19,0,"fit: 4, efit: 1","fit: 4, efit: 1",,,,0,0,0,0,2,,
2026-03-09 20:51:46,48,19,19,0,fit: 4,fit: 4,,,,0,0,0,0,2,,
2026-03-09 21:51:56,48,19,19,0,"fit: 4, efit: 1","fit: 4, efit: 1",,,,0,0,0,0,2,,
2026-03-09 21:57:51,48,19,19,0,"fit: 4, efit: 2","fit: 4, efit: 2",,,,0,0,0,0,2,,
2026-03-09 22:22:01,48,19,19,0,"fit: 4, efit: 3","fit: 4, efit: 3",,,,0,0,0,0,2,,
2026-03-09 22:27:55,48,19,19,0,"fit: 4, efit: 4","fit: 4, efit: 4",,,,0,0,0,0,2,,
2026-03-09 22:29:31,48,19,19,0,"fit: 4, efit: 5","fit: 4, efit: 5",,,,0,0,0,0,2,,
2026-03-09 22:42:04,48,19,19,0,"fit: 4, efit: 6","fit: 4, efit: 6",,,,0,0,0,0,2,,
2026-03-09 22:52:06,48,19,19,0,"fit: 6, efit: 6","fit: 6, efit: 6",,,,0,0,0,0,2,,
2026-03-09 23:22:11,48,19,19,0,"fit: 7, efit: 6","fit: 7, efit: 6",,,,0,0,0,0,2,,
2026-03-09 23:23:03,48,19,19,0,"fit: 10, efit: 2","fit: 10, efit: 2",,,,0,0,0,0,2,,
2026-03-10 00:02:17,48,19,19,0,"fit: 10, efit: 2","fit: 10, efit: 2",,,,0,0,0,0,2,,
2026-03-10 00:48:15,48,19,19,0,"fit: 11, efit: 2","fit: 11, efit: 2",,,,0,0,0,0,2,,
2026-03-10 02:27:41,48,19,19,0,"fit: 11, efit: 1","fit: 11, efit: 1",,,,0,0,0,0,2,,
2026-03-10 05:23:10,48,19,19,0,fit: 11,fit: 11,,,,0,0,0,0,2,,
2026-03-10 07:15:41,48,19,19,0,"fit: 11, efit: 1","fit: 11, efit: 1",,,,0,0,0,0,2,,
2026-03-10 07:18:29,48,19,19,0,fit: 11,fit: 11,,,,0,0,0,0,2,,
2026-03-10 08:04:17,48,19,19,0,"fit: 11, efit: 1","fit: 11, efit: 1",,,,0,0,0,0,2,,
2026-03-10 08:05:47,48,19,19,0,fit: 11,fit: 11,,,,0,0,0,0,2,,
2026-03-10 08:50:53,48,19,19,0,fit: 10,fit: 10,,,,0,0,0,0,2,,
2026-03-10 09:53:54,48,19,19,0,"fit: 10, efit: 1","fit: 10, efit: 1",,,,0,0,0,0,2,,
2026-03-10 10:21:06,48,19,19,0,"fit: 10, efit: 2","fit: 10, efit: 2",,,,0,0,0,0,2,,
2026-03-10 10:44:03,48,19,19,0,"fit: 10, efit: 1","fit: 10, efit: 1",,,,0,0,0,0,2,,
2026-03-10 11:39:12,48,19,19,0,fit: 10,fit: 10,,,,0,0,0,0,2,,
2026-03-10 11:46:18,48,19,19,0,"fit: 10, efit: 1","fit: 10, efit: 1",,,,0,0,0,0,2,,
2026-03-10 11:59:15,48,19,19,0,fit: 9,fit: 9,,,,0,0,0,0,2,,
2026-03-10 12:11:21,48,19,19,0,"fit: 9, efit: 2","fit: 9, efit: 2",,,,0,0,0,0,2,,
2026-03-10 12:26:23,48,19,19,0,"fit: 9, efit: 3","fit: 9, efit: 3",,,,0,0,0,0,2,,
2026-03-10 12:34:21,48,19,19,0,"fit: 9, efit: 2","fit: 9, efit: 2",,,,0,0,0,0,2,,
2026-03-10 12:36:24,48,19,19,0,"fit: 9, efit: 3","fit: 9, efit: 3",,,,0,0,0,0,2,,
2026-03-10 12:49:23,48,19,19,0,"fit: 9, efit: 4","fit: 9, efit: 4",,,,0,0,0,0,2,,
2026-03-10 12:54:24,48,19,19,0,"fit: 9, efit: 3","fit: 9, efit: 3",,,,0,0,0,0,2,,
2026-03-10 12:59:25,48,19,19,0,"fit: 9, efit: 2","fit: 9, efit: 2",,,,0,0,0,0,2,,
2026-03-10 13:14:28,48,19,19,0,"fit: 9, efit: 1","fit: 9, efit: 1",,,,0,0,0,0,2,,
2026-03-10 13:36:32,48,19,19,0,fit: 9,fit: 9,,,,0,0,0,0,2,,
2026-03-10 13:50:09,48,19,19,0,"fit: 9, efit: 1","fit: 9, efit: 1",,,,0,0,0,0,2,,
2026-03-10 13:56:35,48,19,19,0,fit: 9,fit: 9,,,,0,0,0,0,2,,
2026-03-10 13:59:35,48,19,19,0,fit: 8,fit: 8,,,,0,0,0,0,2,,
2026-03-10 14:40:16,48,19,19,0,"fit: 8, efit: 1","fit: 8, efit: 1",,,,0,0,0,0,2,,
2026-03-10 15:04:46,48,19,19,0,fit: 8,fit: 8,,,,0,0,0,0,2,,
2026-03-10 15:21:46,48,19,19,0,"fit: 8, efit: 1","fit: 8, efit: 1",,,,0,0,0,0,2,,
2026-03-10 15:34:51,48,19,19,0,"fit: 8, efit: 2","fit: 8, efit: 2",,,,0,0,0,0,2,,
2026-03-10 15:39:51,48,19,19,0,"fit: 8, efit: 3","fit: 8, efit: 3",,,,0,0,0,0,2,,
2026-03-10 15:44:52,48,19,19,0,"fit: 8, efit: 4","fit: 8, efit: 4",,,,0,0,0,0,2,,
2026-03-10 15:50:26,48,19,19,0,"fit: 8, efit: 5","fit: 8, efit: 5",,,,0,0,0,0,2,,
2026-03-10 15:54:54,48,19,19,0,"fit: 8, efit: 4","fit: 8, efit: 4",,,,0,0,0,0,2,,
2026-03-10 16:21:55,48,19,19,0,"fit: 9, efit: 4","fit: 9, efit: 4",,,,0,0,0,0,2,,
2026-03-10 16:40:33,48,19,19,0,"fit: 9, efit: 3","fit: 9, efit: 3",,,,0,0,0,0,2,,
2026-03-10 16:45:03,48,19,19,0,"fit: 9, efit: 4","fit: 9, efit: 3",,,,0,0,0,0,2,,
2026-03-10 16:50:04,48,19,19,0,"fit: 11, efit: 4","fit: 11, efit: 3",,,,0,0,0,0,2,,
2026-03-10 16:50:35,48,19,19,0,"fit: 11, efit: 2","fit: 11, efit: 1",,,,0,0,0,0,2,,
2026-03-10 16:55:05,48,19,19,0,"fit: 12, efit: 2","fit: 12, efit: 1",,,,0,0,0,0,2,,
2026-03-10 17:05:07,48,19,19,0,"fit: 12, efit: 4","fit: 12, efit: 3",,,,0,0,0,0,2,,
2026-03-10 17:05:37,48,19,19,0,"fit: 12, efit: 2","fit: 12, efit: 1",,,,0,0,0,0,2,,
2026-03-10 17:15:09,48,19,19,0,"fit: 11, efit: 1",fit: 11,,,,0,0,0,0,2,,
2026-03-10 17:15:39,48,19,19,0,"fit: 10, efit: 1",fit: 10,,,,0,0,0,0,2,,
2026-03-10 17:25:40,48,19,19,0,"fit: 10, efit: 2","fit: 10, efit: 1",,,,0,0,0,0,2,,
2026-03-10 17:42:06,48,19,19,0,"fit: 10, efit: 3","fit: 10, efit: 2",,,,0,0,0,0,2,,
2026-03-10 17:55:15,48,19,19,0,"fit: 10, efit: 2","fit: 10, efit: 1",,,,0,0,0,0,2,,
2026-03-10 18:00:16,48,19,19,0,"fit: 10, efit: 1",fit: 10,,,,0,0,0,0,2,,
2026-03-10 18:35:22,48,19,19,0,"fit: 10, efit: 2","fit: 10, efit: 1",,,,0,0,0,0,2,,
2026-03-10 18:40:23,48,19,19,0,"fit: 10, efit: 1",fit: 10,,,,0,0,0,0,2,,
2026-03-10 18:50:25,48,19,19,0,"fit: 10, efit: 2","fit: 10, efit: 1",,,,0,0,0,0,2,,
2026-03-10 18:57:17,48,19,19,0,"fit: 10, efit: 3","fit: 10, efit: 2",,,,0,0,0,0,2,,
2026-03-10 19:02:17,48,19,19,0,"fit: 10, efit: 5","fit: 10, efit: 4",,,,0,0,0,0,2,,
2026-03-10 19:05:27,48,19,19,0,"fit: 10, efit: 6","fit: 10, efit: 5",,,,0,0,0,0,2,,
2026-03-10 19:25:31,48,19,19,0,"fit: 10, efit: 4","fit: 10, efit: 3",,,,0,0,0,0,2,,
2026-03-10 19:56:03,48,19,19,0,"fit: 10, efit: 3","fit: 10, efit: 2",,,,0,0,0,0,2,,
2026-03-10 19:57:25,48,19,19,0,"fit: 11, efit: 3","fit: 11, efit: 2",,,,0,0,0,0,2,,
2026-03-10 20:02:25,48,19,19,0,"fit: 11, efit: 2","fit: 11, efit: 1",,,,0,0,0,0,2,,
2026-03-10 20:15:39,48,19,19,0,"fit: 11, efit: 1",fit: 11,,,,0,0,0,0,2,,
2026-03-10 20:31:08,48,19,19,0,"fit: 9, efit: 1",fit: 9,,,,0,0,0,0,2,,
2026-03-10 21:10:48,48,19,19,0,"fit: 9, efit: 2","fit: 9, efit: 1",,,,0,0,0,0,2,,
2026-03-10 21:17:35,48,19,19,0,"fit: 9, efit: 3","fit: 9, efit: 2",,,,0,0,0,0,2,,
2026-03-10 21:22:36,48,19,19,0,"fit: 9, efit: 4","fit: 9, efit: 3",,,,0,0,0,0,2,,
2026-03-10 21:25:51,48,19,19,0,"fit: 9, efit: 3","fit: 9, efit: 2",,,,0,0,0,0,2,,
2026-03-10 21:32:37,48,19,19,0,"fit: 9, efit: 2","fit: 9, efit: 1",,,,0,0,0,0,2,,
2026-03-10 22:41:03,48,19,19,0,"fit: 9, efit: 3","fit: 9, efit: 2",,,,0,0,0,0,2,,
2026-03-10 23:02:50,48,19,19,0,"fit: 10, efit: 3","fit: 10, efit: 2",,,,0,0,0,0,2,,
2026-03-10 23:06:07,48,19,19,0,"fit: 11, efit: 3","fit: 11, efit: 2",,,,0,0,0,0,2,,
2026-03-10 23:16:09,48,19,19,0,"fit: 11, efit: 4","fit: 11, efit: 3",,,,0,0,0,0,2,,
2026-03-10 23:47:55,48,19,19,0,"fit: 13, efit: 4","fit: 13, efit: 3",,,,0,0,0,0,2,,
2026-03-11 00:01:17,48,19,19,0,"fit: 13, efit: 4","fit: 13, efit: 3",,,,0,0,0,0,2,,
2026-03-11 01:33:10,48,19,19,0,"fit: 13, efit: 5","fit: 13, efit: 4",,,,0,0,0,0,2,,
2026-03-11 01:36:32,48,19,19,0,"fit: 14, efit: 5","fit: 14, efit: 4",,,,0,0,0,0,2,,
2026-03-11 05:47:14,48,19,19,0,"fit: 14, efit: 4","fit: 14, efit: 3",,,,0,0,0,0,2,,
2026-03-11 07:37:32,48,19,19,0,"fit: 14, efit: 3","fit: 14, efit: 2",,,,0,0,0,0,2,,
2026-03-11 07:42:33,48,19,19,0,"fit: 13, efit: 3","fit: 13, efit: 2",,,,0,0,0,0,2,,
2026-03-11 07:47:33,48,19,19,0,"fit: 13, efit: 2","fit: 13, efit: 1",,,,0,0,0,0,2,,
2026-03-11 08:09:02,48,19,19,0,"fit: 13, efit: 3","fit: 13, efit: 1",,,,0,0,0,0,2,,
2026-03-11 08:12:37,48,19,19,0,"fit: 12, efit: 3","fit: 12, efit: 1",,,,0,0,0,0,2,,
2026-03-11 08:27:40,48,19,19,0,"fit: 12, efit: 2",fit: 12,,,,0,0,0,0,2,,
2026-03-11 08:44:06,48,19,19,0,"fit: 11, efit: 2",fit: 11,,,,0,0,0,0,2,,
2026-03-11 08:52:44,48,19,19,0,"fit: 11, efit: 2","fit: 11, efit: 1",,,,0,0,0,0,2,,
2026-03-11 09:02:45,48,19,19,0,fit: 11,fit: 11,,,,0,0,0,0,2,,
2026-03-11 10:07:56,48,19,19,0,fit: 10,fit: 10,,,,0,0,0,0,2,,
2026-03-11 10:27:59,48,19,19,0,"fit: 10, efit: 1","fit: 10, efit: 1",,,,0,0,0,0,2,,
2026-03-11 10:33:00,48,19,19,0,fit: 10,fit: 10,,,,0,0,0,0,2,,
2026-03-11 10:48:03,48,19,19,0,"fit: 8, efit: 1","fit: 8, efit: 1",,,,0,0,0,0,2,,
2026-03-11 10:58:04,48,19,19,0,fit: 8,fit: 8,,,,0,0,0,0,2,,
2026-03-11 13:13:26,48,19,19,0,"fit: 7, efit: 1","fit: 7, efit: 1",,,,0,0,0,0,2,,
2026-03-11 13:29:44,48,19,19,0,"fit: 7, efit: 2","fit: 7, efit: 2",,,,0,0,0,0,2,,
2026-03-11 13:48:32,48,19,19,0,"fit: 7, efit: 1","fit: 7, efit: 1",,,,0,0,0,0,2,,
2026-03-11 13:53:33,48,19,19,0,fit: 7,fit: 7,,,,0,0,0,0,2,,
2026-03-11 14:18:37,48,19,19,0,"fit: 7, efit: 1","fit: 7, efit: 1",,,,0,0,0,0,2,,
2026-03-11 14:28:39,48,19,19,0,"fit: 7, efit: 2","fit: 7, efit: 2",,,,0,0,0,0,2,,
2026-03-11 15:45:03,48,19,19,0,"fit: 7, efit: 3","fit: 7, efit: 3",,,,0,0,0,0,2,,
2026-03-11 16:25:08,48,19,19,0,"fit: 7, efit: 4","fit: 7, efit: 4",,,,0,0,0,0,2,,
2026-03-11 16:28:58,48,19,19,0,"fit: 7, efit: 5","fit: 7, efit: 5",,,,0,0,0,0,2,,
2026-03-11 16:43:59,48,19,19,0,"fit: 7, efit: 4","fit: 7, efit: 4",,,,0,0,0,0,2,,
2026-03-11 17:40:18,48,19,19,0,"fit: 7, efit: 3","fit: 7, efit: 3",,,,0,0,0,0,2,,
2026-03-11 17:49:05,48,19,19,0,"fit: 8, efit: 3","fit: 8, efit: 3",,,,0,0,0,0,2,,
2026-03-11 17:59:06,48,19,19,0,"fit: 8, efit: 2","fit: 8, efit: 2",,,,0,0,0,0,2,,
2026-03-11 19:04:15,48,19,19,0,"fit: 8, efit: 1","fit: 8, efit: 1",,,,0,0,0,0,2,,
2026-03-11 19:15:32,48,19,19,0,fit: 8,fit: 8,,,,0,0,0,0,2,,
2026-03-12 00:00:05,48,19,19,0,fit: 8,fit: 8,,,,0,0,0,0,2,,
2026-03-12 04:50:40,48,19,19,0,fit: 7,fit: 7,,,,0,0,0,0,2,,
2026-03-12 05:10:43,48,19,19,0,"fit: 7, efit: 1","fit: 7, efit: 1",,,,0,0,0,0,2,,
2026-03-12 05:50:49,48,19,19,0,fit: 7,fit: 7,,,,0,0,0,0,2,,
2026-03-12 09:01:16,48,19,19,0,"fit: 7, efit: 3","fit: 7, efit: 3",,,,0,0,0,0,2,,
2026-03-12 09:16:18,48,19,19,0,"fit: 7, efit: 2","fit: 7, efit: 2",,,,0,0,0,0,2,,
2026-03-12 09:16:36,48,19,19,0,"fit: 7, efit: 1","fit: 7, efit: 1",,,,0,0,0,0,2,,
2026-03-12 09:21:19,48,19,19,0,"fit: 7, efit: 2","fit: 7, efit: 2",,,,0,0,0,0,2,,
2026-03-12 09:22:25,48,19,19,0,"fit: 7, efit: 1","fit: 7, efit: 1",,,,0,0,0,0,2,,
2026-03-12 09:36:39,48,19,19,0,"fit: 7, efit: 2","fit: 7, efit: 2",,,,0,0,0,0,2,,
2026-03-12 09:41:22,48,19,19,0,"fit: 7, efit: 1","fit: 7, efit: 1",,,,0,0,0,0,2,,
2026-03-12 09:46:23,48,19,19,0,fit: 8,fit: 8,,,,0,0,0,0,2,,
2026-03-12 09:56:24,48,19,19,0,fit: 7,fit: 7,,,,0,0,0,0,2,,
2026-03-12 10:21:28,48,19,19,0,fit: 6,fit: 6,,,,0,0,0,0,2,,
2026-03-12 12:16:45,48,19,19,0,fit: 5,fit: 5,,,,0,0,0,0,2,,
2026-03-12 13:11:52,48,19,19,0,"fit: 5, efit: 1","fit: 5, efit: 1",,,,0,0,0,0,2,,
2026-03-12 13:21:54,48,19,19,0,fit: 5,fit: 5,,,,0,0,0,0,2,,
2026-03-12 13:51:58,48,19,19,0,"fit: 5, efit: 1","fit: 5, efit: 1",,,,0,0,0,0,2,,
2026-03-12 14:01:59,48,19,19,0,fit: 5,fit: 5,,,,0,0,0,0,2,,
2026-03-12 14:18:04,48,19,19,0,"fit: 5, efit: 1","fit: 5, efit: 1",,,,0,0,0,0,2,,
2026-03-12 14:22:26,48,19,19,0,"fit: 5, efit: 2","fit: 5, efit: 2",,,,0,0,0,0,2,,
2026-03-12 14:27:03,48,19,19,0,"fit: 5, efit: 3","fit: 5, efit: 3",,,,0,0,0,0,2,,
2026-03-12 14:42:05,48,19,19,0,"fit: 5, efit: 2","fit: 5, efit: 2",,,,0,0,0,0,2,,
2026-03-12 15:32:13,48,19,19,0,"fit: 5, efit: 1","fit: 5, efit: 1",,,,0,0,0,0,2,,
2026-03-12 15:37:13,48,19,19,0,"fit: 5, efit: 2","fit: 5, efit: 2",,,,0,0,0,0,2,,
2026-03-12 15:52:16,48,19,19,0,"fit: 5, efit: 1","fit: 5, efit: 1",,,,0,0,0,0,2,,
2026-03-12 15:57:16,48,19,19,0,fit: 5,fit: 5,,,,0,0,0,0,2,,
2026-03-12 16:18:21,48,19,19,0,fit: 4,fit: 4,,,,0,0,0,0,2,,
2026-03-12 16:22:20,48,19,19,0,"fit: 4, efit: 1","fit: 4, efit: 1",,,,0,0,0,0,2,,
2026-03-12 16:37:22,48,19,19,0,fit: 4,fit: 4,,,,0,0,0,0,2,,
2026-03-12 17:12:27,48,19,19,0,fit: 3,fit: 3,,,,0,0,0,0,2,,
2026-03-12 17:17:28,48,19,19,0,fit: 2,fit: 2,,,,0,0,0,0,2,,
2026-03-12 17:22:29,48,19,19,0,fit: 1,fit: 1,,,,0,0,0,0,2,,
2026-03-12 17:42:32,48,19,19,0,"fit: 1, efit: 1","fit: 1, efit: 1",,,,0,0,0,0,2,,
2026-03-12 18:07:35,48,19,19,0,fit: 1,fit: 1,,,,0,0,0,0,2,,
2026-03-12 18:22:38,48,19,19,0,,,,,,0,0,0,0,2,,
2026-03-12 18:23:06,48,19,19,0,fit: 1,fit: 1,,,,0,0,0,0,2,,
2026-03-12 19:18:15,48,19,19,0,"fit: 1, efit: 1","fit: 1, efit: 1",,,,0,0,0,0,2,,
2026-03-12 19:32:48,48,19,19,0,fit: 1,fit: 1,,,,0,0,0,0,2,,
2026-03-12 19:37:48,48,19,19,0,"fit: 1, efit: 2","fit: 1, efit: 2",,,,0,0,0,0,2,,
2026-03-12 20:12:54,48,19,19,0,"fit: 1, efit: 1","fit: 1, efit: 1",,,,0,0,0,0,2,,
2026-03-12 20:27:56,48,19,19,0,"fit: 1, efit: 2","fit: 1, efit: 2",,,,0,0,0,0,2,,
2026-03-12 20:38:28,48,19,19,0,"fit: 1, efit: 3","fit: 1, efit: 3",,,,0,0,0,0,2,,
2026-03-12 20:38:56,48,19,19,0,"fit: 1, efit: 4","fit: 1, efit: 4",,,,0,0,0,0,2,,
2026-03-12 21:08:02,48,19,19,0,"fit: 1, efit: 5","fit: 1, efit: 5",,,,0,0,0,0,2,,
2026-03-12 21:18:03,48,19,19,0,"fit: 1, efit: 6","fit: 1, efit: 6",,,,0,0,0,0,2,,
2026-03-12 22:43:15,48,19,19,0,"fit: 1, efit: 7","fit: 1, efit: 7",,,,0,0,0,0,2,,
2026-03-12 22:53:50,48,19,19,0,"fit: 1, efit: 8","fit: 1, efit: 8",,,,0,0,0,0,2,,
2026-03-13 00:03:27,48,19,19,0,"fit: 1, efit: 8","fit: 1, efit: 8",,,,0,0,0,0,2,,
2026-03-13 00:48:33,48,19,19,0,"fit: 1, efit: 9","fit: 1, efit: 9",,,,0,0,0,0,2,,
2026-03-13 04:49:08,48,19,19,0,"fit: 1, efit: 8","fit: 1, efit: 8",,,,0,0,0,0,2,,
2026-03-13 05:20:07,48,19,19,0,"fit: 1, efit: 9","fit: 1, efit: 9",,,,0,0,0,0,2,,
2026-03-13 08:44:42,48,19,19,0,"fit: 1, efit: 8","fit: 1, efit: 8",,,,0,0,0,0,2,,
2026-03-13 09:10:33,48,19,19,0,"fit: 1, efit: 6","fit: 1, efit: 6",,,,0,0,0,0,2,,
2026-03-13 09:45:38,48,19,19,0,"fit: 1, efit: 5","fit: 1, efit: 5",,,,0,0,0,0,2,,
2026-03-13 10:09:54,48,19,19,0,"fit: 1, efit: 4","fit: 1, efit: 4",,,,0,0,0,0,2,,
2026-03-13 10:29:57,48,19,19,0,"fit: 1, efit: 2","fit: 1, efit: 2",,,,0,0,0,0,2,,
2026-03-13 10:34:58,48,19,19,0,"fit: 1, efit: 3","fit: 1, efit: 3",,,,0,0,0,0,2,,
2026-03-13 10:55:01,48,19,19,0,"fit: 1, efit: 2","fit: 1, efit: 2",,,,0,0,0,0,2,,
2026-03-13 11:05:03,48,19,19,0,"fit: 1, efit: 1","fit: 1, efit: 1",,,,0,0,0,0,2,,
2026-03-13 11:05:51,48,19,19,0,"fit: 1, efit: 2","fit: 1, efit: 2",,,,0,0,0,0,2,,
2026-03-13 11:50:09,48,19,19,0,"fit: 1, efit: 1","fit: 1, efit: 1",,,,0,0,0,0,2,,
2026-03-13 12:35:16,48,19,19,0,fit: 1,fit: 1,,,,0,0,0,0,2,,
2026-03-13 13:25:23,48,19,19,0,"fit: 1, efit: 1","fit: 1, efit: 1",,,,0,0,0,0,2,,
2026-03-13 13:35:24,48,19,19,0,fit: 1,fit: 1,,,,0,0,0,0,2,,
2026-03-13 13:45:26,48,19,19,0,"fit: 3, efit: 3","fit: 3, efit: 3",,,,0,0,0,0,2,,
2026-03-13 14:10:29,48,19,19,0,"fit: 3, efit: 2","fit: 3, efit: 2",,,,0,0,0,0,2,,
2026-03-13 15:00:37,48,19,19,0,"fit: 3, efit: 3","fit: 3, efit: 3",,,,0,0,0,0,2,,
2026-03-13 15:05:37,48,19,19,0,"fit: 3, efit: 4","fit: 3, efit: 4",,,,0,0,0,0,2,,
2026-03-13 15:10:38,48,19,19,0,"fit: 3, efit: 3","fit: 3, efit: 3",,,,0,0,0,0,2,,
2026-03-13 15:25:40,48,19,19,0,"fit: 3, efit: 4","fit: 3, efit: 4",,,,0,0,0,0,2,,
2026-03-13 15:30:41,48,19,19,0,"fit: 3, efit: 3","fit: 3, efit: 3",,,,0,0,0,0,2,,
2026-03-13 15:35:42,48,19,19,0,"fit: 3, efit: 4","fit: 3, efit: 4",,,,0,0,0,0,2,,
2026-03-13 15:50:44,48,19,19,0,"fit: 3, efit: 5","fit: 3, efit: 5",,,,0,0,0,0,2,,
2026-03-13 16:15:48,48,19,19,0,"fit: 3, efit: 4","fit: 3, efit: 4",,,,0,0,0,0,2,,
2026-03-13 16:35:50,48,19,19,0,"fit: 3, efit: 5","fit: 3, efit: 5",,,,0,0,0,0,2,,
2026-03-13 16:40:51,48,19,19,0,"fit: 3, efit: 4","fit: 3, efit: 4",,,,0,0,0,0,2,,
2026-03-13 16:45:52,48,19,19,0,"fit: 3, efit: 5","fit: 3, efit: 5",,,,0,0,0,0,2,,
2026-03-13 17:05:55,48,19,19,0,"fit: 3, efit: 3","fit: 3, efit: 3",,,,0,0,0,0,2,,
2026-03-13 17:15:56,48,19,19,0,"fit: 3, efit: 2","fit: 3, efit: 2",,,,0,0,0,0,2,,
2026-03-13 17:51:02,48,19,19,0,"fit: 3, efit: 3","fit: 3, efit: 3",,,,0,0,0,0,2,,
2026-03-13 18:01:03,48,19,19,0,"fit: 3, efit: 2","fit: 3, efit: 2",,,,0,0,0,0,2,,
2026-03-13 18:06:46,48,19,19,0,"fit: 3, efit: 1","fit: 3, efit: 1",,,,0,0,0,0,2,,
2026-03-13 18:41:09,48,19,19,0,"fit: 3, efit: 2","fit: 3, efit: 2",,,,0,0,0,0,2,,
2026-03-13 18:46:10,48,19,19,0,"fit: 3, efit: 3","fit: 3, efit: 3",,,,0,0,0,0,2,,
2026-03-13 19:01:12,48,19,19,0,"fit: 4, efit: 4","fit: 4, efit: 4",,,,0,0,0,0,2,,
2026-03-13 19:06:13,48,19,19,0,"fit: 4, efit: 3","fit: 4, efit: 3",,,,0,0,0,0,2,,
2026-03-13 20:06:21,48,19,19,0,"fit: 4, efit: 2","fit: 4, efit: 2",,,,0,0,0,0,2,,
2026-03-13 20:56:29,48,19,19,0,"fit: 4, efit: 3","fit: 4, efit: 3",,,,0,0,0,0,2,,
2026-03-13 21:01:30,48,19,19,0,"fit: 4, efit: 5","fit: 4, efit: 5",,,,0,0,0,0,2,,
2026-03-13 21:21:32,48,19,19,0,"fit: 4, efit: 6","fit: 4, efit: 6",,,,0,0,0,0,2,,
2026-03-13 21:36:35,48,19,19,0,"fit: 4, efit: 7","fit: 4, efit: 7",,,,0,0,0,0,2,,
2026-03-13 21:56:38,48,19,19,0,"fit: 4, efit: 8","fit: 4, efit: 8",,,,0,0,0,0,2,,
2026-03-13 22:07:18,48,19,19,0,"fit: 4, efit: 9","fit: 4, efit: 9",,,,0,0,0,0,2,,
2026-03-13 22:51:45,48,19,19,0,"fit: 4, efit: 10","fit: 4, efit: 10",,,,0,0,0,0,2,,
2026-03-13 22:56:46,48,19,19,0,"fit: 4, efit: 9","fit: 4, efit: 9",,,,0,0,0,0,2,,
2026-03-13 23:21:50,48,19,19,0,"fit: 4, efit: 10","fit: 4, efit: 10",,,,0,0,0,0,2,,
2026-03-14 00:01:55,48,19,19,0,"fit: 4, efit: 11","fit: 4, efit: 11",,,,0,0,0,0,2,,
2026-03-14 00:42:01,48,19,19,0,"fit: 4, efit: 12","fit: 4, efit: 12",,,,0,0,0,0,2,,
2026-03-14 01:48:13,48,19,19,0,"fit: 4, efit: 11","fit: 4, efit: 11",,,,0,0,0,0,2,,
2026-03-14 03:13:27,48,19,19,0,"fit: 4, efit: 10","fit: 4, efit: 10",,,,0,0,0,0,2,,
2026-03-14 03:53:33,48,19,19,0,"fit: 4, efit: 11","fit: 4, efit: 11",,,,0,0,0,0,2,,
2026-03-14 05:47:44,48,19,19,0,"fit: 4, efit: 12","fit: 4, efit: 12",,,,0,0,0,0,2,,
2026-03-14 07:23:33,48,19,19,0,"fit: 4, efit: 11","fit: 4, efit: 11",,,,0,0,0,0,2,,
2026-03-14 08:18:06,48,19,19,0,"fit: 4, efit: 10","fit: 4, efit: 10",,,,0,0,0,0,2,,
2026-03-14 10:18:23,48,19,19,0,"fit: 4, efit: 11","fit: 4, efit: 11",,,,0,0,0,0,2,,
2026-03-14 10:28:24,48,19,19,0,"fit: 4, efit: 10","fit: 4, efit: 10",,,,0,0,0,0,2,,
2026-03-14 10:43:26,48,19,19,0,"fit: 4, efit: 8","fit: 4, efit: 8",,,,0,0,0,0,2,,
2026-03-14 11:43:35,48,19,19,0,"fit: 4, efit: 7","fit: 4, efit: 7",,,,0,0,0,0,2,,
2026-03-14 12:03:38,48,19,19,0,"fit: 4, efit: 6","fit: 4, efit: 6",,,,0,0,0,0,2,,
2026-03-14 12:13:39,48,19,19,0,"fit: 4, efit: 5","fit: 4, efit: 5",,,,0,0,0,0,2,,
2026-03-14 12:19:54,48,19,19,0,"fit: 4, efit: 4","fit: 4, efit: 4",,,,0,0,0,0,2,,
2026-03-14 12:39:58,48,19,19,0,"fit: 4, efit: 3","fit: 4, efit: 3",,,,0,0,0,0,2,,
2026-03-14 12:48:44,48,19,19,0,"fit: 4, efit: 2","fit: 4, efit: 2",,,,0,0,0,0,2,,
2026-03-14 13:18:49,48,19,19,0,fit: 4,fit: 4,,,,0,0,0,0,2,,
2026-03-14 13:28:50,48,19,19,0,"fit: 4, efit: 1","fit: 4, efit: 1",,,,0,0,0,0,2,,
2026-03-14 13:53:54,48,19,19,0,"fit: 4, efit: 2","fit: 4, efit: 2",,,,0,0,0,0,2,,
2026-03-14 14:20:15,48,19,19,0,"fit: 4, efit: 1","fit: 4, efit: 1",,,,0,0,0,0,2,,
2026-03-14 14:34:00,48,19,19,0,fit: 4,fit: 4,,,,0,0,0,0,2,,
2026-03-14 14:44:02,48,19,19,0,fit: 3,fit: 3,,,,0,0,0,0,2,,
2026-03-14 14:45:19,48,19,19,0,"fit: 2, efit: 1","fit: 2, efit: 1",,,,0,0,0,0,2,,
2026-03-14 14:54:03,48,19,19,0,fit: 2,fit: 2,,,,0,0,0,0,2,,
2026-03-14 15:19:07,48,19,19,0,fit: 1,fit: 1,,,,0,0,0,0,2,,
2026-03-14 15:55:31,48,19,19,0,"fit: 1, efit: 1","fit: 1, efit: 1",,,,0,0,0,0,2,,
2026-03-14 16:25:36,48,19,19,0,"fit: 1, efit: 2","fit: 1, efit: 2",,,,0,0,0,0,2,,
2026-03-14 16:34:50,48,19,19,0,"fit: 1, efit: 4","fit: 1, efit: 4",,,,0,0,0,0,2,,
2026-03-14 16:39:18,48,19,19,0,"fit: 1, efit: 3","fit: 1, efit: 3",,,,0,0,0,0,2,,
2026-03-14 16:44:19,48,19,19,0,"fit: 1, efit: 4","fit: 1, efit: 4",,,,0,0,0,0,2,,
2026-03-14 16:54:20,48,19,19,0,"fit: 1, efit: 3","fit: 1, efit: 3",,,,0,0,0,0,2,,
2026-03-14 17:04:54,48,19,19,0,"fit: 1, efit: 2","fit: 1, efit: 2",,,,0,0,0,0,2,,
2026-03-14 17:24:25,48,19,19,0,"fit: 1, efit: 3","fit: 1, efit: 3",,,,0,0,0,0,2,,
2026-03-14 17:29:26,48,19,19,0,"fit: 1, efit: 4","fit: 1, efit: 4",,,,0,0,0,0,2,,
2026-03-14 17:49:29,48,19,19,0,"fit: 1, efit: 3","fit: 1, efit: 3",,,,0,0,0,0,2,,
2026-03-14 18:15:05,48,19,19,0,"fit: 1, efit: 5","fit: 1, efit: 5",,,,0,0,0,0,2,,
2026-03-14 18:24:34,48,19,19,0,"fit: 2, efit: 4","fit: 2, efit: 4",,,,0,0,0,0,2,,
2026-03-14 18:54:38,48,19,19,0,"fit: 2, efit: 3","fit: 2, efit: 3",,,,0,0,0,0,2,,
2026-03-14 18:56:01,48,19,19,0,"fit: 2, efit: 2","fit: 2, efit: 2",,,,0,0,0,0,2,,
2026-03-14 19:14:41,48,19,19,0,"fit: 2, efit: 1","fit: 2, efit: 1",,,,0,0,0,0,2,,
2026-03-14 19:55:19,48,19,19,0,"fit: 2, efit: 2","fit: 2, efit: 2",,,,0,0,0,0,2,,
2026-03-14 19:59:48,48,19,19,0,"fit: 2, efit: 3","fit: 2, efit: 3",,,,0,0,0,0,2,,
2026-03-14 20:04:49,48,19,19,0,"fit: 2, efit: 2","fit: 2, efit: 2",,,,0,0,0,0,2,,
2026-03-14 20:29:52,48,19,19,0,"fit: 2, efit: 3","fit: 2, efit: 3",,,,0,0,0,0,2,,
2026-03-14 20:55:28,48,19,19,0,"fit: 2, efit: 2","fit: 2, efit: 2",,,,0,0,0,0,2,,
2026-03-14 21:04:58,48,19,19,0,"fit: 2, efit: 3","fit: 2, efit: 3",,,,0,0,0,0,2,,
2026-03-14 21:35:02,48,19,19,0,"fit: 2, efit: 2","fit: 2, efit: 2",,,,0,0,0,0,2,,
2026-03-14 21:45:04,48,19,19,0,"fit: 2, efit: 1","fit: 2, efit: 1",,,,0,0,0,0,2,,
2026-03-14 22:00:06,48,19,19,0,"fit: 1, efit: 1","fit: 1, efit: 1",,,,0,0,0,0,2,,
2026-03-14 22:00:37,48,19,19,0,"fit: 2, efit: 1","fit: 2, efit: 1",,,,0,0,0,0,2,,
2026-03-14 22:01:32,48,19,19,0,"fit: 1, efit: 1","fit: 1, efit: 1",,,,0,0,0,0,2,,
2026-03-14 22:05:07,48,19,19,0,"fit: 1, efit: 2","fit: 1, efit: 2",,,,0,0,0,0,2,,
2026-03-14 22:25:10,48,19,19,0,"fit: 1, efit: 1","fit: 1, efit: 1",,,,0,0,0,0,2,,
2026-03-14 22:46:39,48,19,19,0,"fit: 2, efit: 1","fit: 2, efit: 1",,,,0,0,0,0,2,,
2026-03-14 22:55:14,48,19,19,0,"fit: 2, efit: 2","fit: 2, efit: 2",,,,0,0,0,0,2,,
2026-03-14 23:06:42,48,19,19,0,"fit: 2, efit: 1","fit: 2, efit: 1",,,,0,0,0,0,2,,
2026-03-14 23:40:51,48,19,19,0,"fit: 3, efit: 1","fit: 3, efit: 1",,,,0,0,0,0,2,,
2026-03-15 00:00:24,48,19,19,0,"fit: 3, efit: 1","fit: 3, efit: 1",,,,0,0,0,0,2,,
2026-03-15 01:55:40,48,19,19,0,"fit: 3, efit: 2","fit: 3, efit: 2",,,,0,0,0,0,2,,
2026-03-15 03:20:52,48,19,19,0,"fit: 3, efit: 3","fit: 3, efit: 3",,,,0,0,0,0,2,,
2026-03-15 07:36:58,48,19,19,0,"fit: 3, efit: 4","fit: 3, efit: 4",,,,0,0,0,0,2,,
2026-03-15 08:16:35,48,19,19,0,"fit: 3, efit: 3","fit: 3, efit: 3",,,,0,0,0,0,2,,
2026-03-15 08:18:12,48,19,19,0,"fit: 3, efit: 2","fit: 3, efit: 2",,,,0,0,0,0,2,,
2026-03-15 08:46:39,48,19,19,0,"fit: 3, efit: 1","fit: 3, efit: 1",,,,0,0,0,0,2,,
2026-03-15 10:46:56,48,19,19,0,"fit: 3, efit: 3","fit: 3, efit: 3",,,,0,0,0,0,2,,
2026-03-15 10:56:58,48,19,19,0,"fit: 3, efit: 2","fit: 3, efit: 2",,,,0,0,0,0,2,,
2026-03-15 11:03:39,48,19,19,0,"fit: 3, efit: 3","fit: 3, efit: 3",,,,0,0,0,0,2,,
2026-03-15 11:08:40,48,19,19,0,"fit: 2, efit: 3","fit: 2, efit: 3",,,,0,0,0,0,2,,
2026-03-15 11:12:00,48,19,19,0,"fit: 1, efit: 3","fit: 1, efit: 3",,,,0,0,0,0,2,,
2026-03-15 11:53:47,48,19,19,0,"fit: 1, efit: 2","fit: 1, efit: 2",,,,0,0,0,0,2,,
2026-03-15 11:57:07,48,19,19,0,"fit: 1, efit: 1","fit: 1, efit: 1",,,,0,0,0,0,2,,
2026-03-15 12:02:08,48,19,19,0,"fit: 1, efit: 2","fit: 1, efit: 2",,,,0,0,0,0,2,,
2026-03-15 12:03:49,48,19,19,0,"fit: 1, efit: 3","fit: 1, efit: 3",,,,0,0,0,0,2,,
2026-03-15 12:17:10,48,19,19,0,"fit: 1, efit: 2","fit: 1, efit: 2",,,,0,0,0,0,2,,
2026-03-15 12:22:10,48,19,19,0,"fit: 1, efit: 1","fit: 1, efit: 1",,,,0,0,0,0,2,,
2026-03-15 12:43:55,48,19,19,0,"fit: 1, efit: 2","fit: 1, efit: 2",,,,0,0,0,0,2,,
2026-03-15 12:52:15,48,19,19,0,"fit: 1, efit: 1","fit: 1, efit: 1",,,,0,0,0,0,2,,
2026-03-15 13:07:17,48,19,19,0,fit: 1,fit: 1,,,,0,0,0,0,2,,
2026-03-15 13:27:20,48,19,19,0,fit: 1,,fit: 1,,,0,0,0,0,2,,
2026-03-15 13:37:21,48,19,19,0,fit: 2,fit: 1,fit: 1,,,0,0,0,0,2,,
2026-03-15 13:47:23,48,19,19,0,fit: 1,,fit: 1,,,0,0,0,0,2,,
2026-03-15 14:12:26,48,19,19,0,"fit: 1, efit: 1",efit: 1,fit: 1,,,0,0,0,0,2,,
2026-03-15 14:22:28,48,19,19,0,"fit: 1, efit: 3",efit: 3,fit: 1,,,0,0,0,0,2,,
2026-03-15 14:29:13,48,19,19,0,"fit: 1, efit: 2",efit: 2,fit: 1,,,0,0,0,0,2,,
2026-03-15 14:47:32,48,19,19,0,fit: 1,,fit: 1,,,0,0,0,0,2,,
2026-03-15 15:22:37,48,19,19,0,"fit: 1, efit: 1",efit: 1,fit: 1,,,0,0,0,0,2,,
2026-03-15 15:39:24,48,19,19,0,"fit: 1, efit: 3",efit: 3,fit: 1,,,0,0,0,0,2,,
2026-03-15 15:42:40,48,19,19,0,"fit: 1, efit: 5",efit: 5,fit: 1,,,0,0,0,0,2,,
2026-03-15 16:02:43,48,19,19,0,"fit: 1, efit: 6",efit: 6,fit: 1,,,0,0,0,0,2,,
2026-03-15 16:12:44,48,19,19,0,"fit: 1, efit: 5",efit: 5,fit: 1,,,0,0,0,0,2,,
2026-03-15 16:18:11,48,19,19,0,"fit: 1, efit: 4",efit: 4,fit: 1,,,0,0,0,0,2,,
2026-03-15 16:19:31,48,19,19,0,"fit: 2, efit: 3","fit: 1, efit: 3",fit: 1,,,0,0,0,0,2,,
2026-03-15 16:27:46,48,19,19,0,"fit: 2, efit: 4","fit: 1, efit: 4",fit: 1,,,0,0,0,0,2,,
2026-03-15 16:43:15,48,19,19,0,"fit: 2, efit: 3","fit: 1, efit: 3",fit: 1,,,0,0,0,0,2,,
2026-03-15 16:52:50,48,19,19,0,"fit: 2, efit: 4","fit: 1, efit: 4",fit: 1,,,0,0,0,0,2,,
2026-03-15 17:02:51,48,19,19,0,"fit: 2, efit: 3","fit: 1, efit: 3",fit: 1,,,0,0,0,0,2,,
2026-03-15 17:07:52,48,19,19,0,"fit: 2, efit: 4","fit: 1, efit: 4",fit: 1,,,0,0,0,0,2,,
2026-03-15 17:09:39,48,19,19,0,"fit: 2, efit: 2","fit: 1, efit: 2",fit: 1,,,0,0,0,0,2,,
2026-03-15 17:17:54,48,19,19,0,"fit: 2, efit: 3","fit: 1, efit: 3",fit: 1,,,0,0,0,0,2,,
2026-03-15 17:22:55,48,19,19,0,"fit: 3, efit: 3","fit: 2, efit: 3",fit: 1,,,0,0,0,0,2,,
2026-03-15 17:28:21,48,19,19,0,"fit: 3, efit: 2","fit: 2, efit: 2",fit: 1,,,0,0,0,0,2,,
2026-03-15 17:42:57,48,19,19,0,fit: 3,fit: 2,fit: 1,,,0,0,0,0,2,,
2026-03-15 17:44:45,48,19,19,0,"fit: 3, efit: 1","fit: 2, efit: 1",fit: 1,,,0,0,0,0,2,,
2026-03-15 17:58:25,48,19,19,0,fit: 3,fit: 2,fit: 1,,,0,0,0,0,2,,
2026-03-15 18:08:01,48,19,19,0,fit: 2,fit: 1,fit: 1,,,0,0,0,0,2,,
2026-03-15 18:14:50,48,19,19,0,"fit: 2, efit: 1","fit: 1, efit: 1",fit: 1,,,0,0,0,0,2,,
2026-03-15 18:28:05,48,19,19,0,fit: 2,fit: 1,fit: 1,,,0,0,0,0,2,,
2026-03-15 18:43:07,48,19,19,0,"fit: 2, efit: 1","fit: 1, efit: 1",fit: 1,,,0,0,0,0,2,,
2026-03-15 18:49:56,48,19,19,0,"fit: 2, efit: 2","fit: 1, efit: 2",fit: 1,,,0,0,0,0,2,,
2026-03-15 18:53:08,48,19,19,0,"fit: 2, efit: 1","fit: 1, efit: 1",fit: 1,,,0,0,0,0,2,,
2026-03-15 18:54:57,48,19,19,0,"fit: 2, efit: 2","fit: 1, efit: 2",fit: 1,,,0,0,0,0,2,,
2026-03-15 19:33:14,48,19,19,0,"fit: 2, efit: 1","fit: 1, efit: 1",fit: 1,,,0,0,0,0,2,,
2026-03-15 19:43:16,48,19,19,0,"fit: 2, efit: 3","fit: 1, efit: 3",fit: 1,,,0,0,0,0,2,,
2026-03-15 19:45:05,48,19,19,0,"fit: 2, efit: 4","fit: 1, efit: 4",fit: 1,,,0,0,0,0,2,,
2026-03-15 19:55:07,48,19,19,0,"fit: 2, efit: 5","fit: 1, efit: 5",fit: 1,,,0,0,0,0,2,,
2026-03-15 20:18:21,48,19,19,0,"fit: 2, efit: 6","fit: 1, efit: 6",fit: 1,,,0,0,0,0,2,,
2026-03-15 20:43:24,48,19,19,0,"fit: 2, efit: 7","fit: 1, efit: 7",fit: 1,,,0,0,0,0,2,,
2026-03-15 20:58:26,48,19,19,0,"fit: 2, efit: 6","fit: 1, efit: 6",fit: 1,,,0,0,0,0,2,,
2026-03-15 21:20:21,48,19,19,0,"fit: 3, efit: 5","fit: 2, efit: 5",fit: 1,,,0,0,0,0,2,,
2026-03-15 21:23:30,48,19,19,0,"fit: 3, efit: 6","fit: 2, efit: 6",fit: 1,,,0,0,0,0,2,,
2026-03-15 21:30:23,48,19,19,0,"fit: 4, efit: 6","fit: 3, efit: 6",fit: 1,,,0,0,0,0,2,,
2026-03-15 23:03:45,48,19,19,0,"fit: 4, efit: 5","fit: 3, efit: 5",fit: 1,,,0,0,0,0,2,,
2026-03-16 00:00:48,48,19,19,0,"fit: 4, efit: 5","fit: 3, efit: 5",fit: 1,,,0,0,0,0,2,,
2026-03-16 00:08:54,48,19,19,0,"fit: 4, efit: 6","fit: 3, efit: 6",fit: 1,,,0,0,0,0,2,,
2026-03-16 00:28:57,48,19,19,0,"fit: 4, efit: 7","fit: 3, efit: 6",fit: 1,,,0,0,0,0,2,,
2026-03-16 01:24:05,48,19,19,0,"fit: 4, efit: 8","fit: 3, efit: 7",fit: 1,,,0,0,0,0,2,,
2026-03-16 04:36:33,48,19,19,0,"fit: 4, efit: 9","fit: 3, efit: 8",fit: 1,,,0,0,0,0,2,,
2026-03-16 04:39:33,48,19,19,0,"fit: 4, efit: 8","fit: 3, efit: 7",fit: 1,,,0,0,0,0,2,,
2026-03-16 05:54:44,48,19,19,0,"fit: 4, efit: 7","fit: 3, efit: 6",fit: 1,,,0,0,0,0,2,,
2026-03-16 06:36:53,48,19,19,0,"fit: 4, efit: 6","fit: 3, efit: 5",fit: 1,,,0,0,0,0,2,,
2026-03-16 07:47:05,48,19,19,0,"fit: 4, efit: 5","fit: 3, efit: 4",fit: 1,,,0,0,0,0,2,,
2026-03-16 07:55:01,48,19,19,0,"fit: 4, efit: 6","fit: 3, efit: 5",fit: 1,,,0,0,0,0,2,,
2026-03-16 07:57:06,48,19,19,0,"fit: 4, efit: 5","fit: 3, efit: 4",fit: 1,,,0,0,0,0,2,,
2026-03-16 08:25:06,48,19,19,0,"fit: 4, efit: 4","fit: 3, efit: 3",fit: 1,,,0,0,0,0,2,,
2026-03-16 08:42:14,48,19,19,0,"fit: 4, efit: 3","fit: 3, efit: 3",fit: 1,,,0,0,0,0,2,,
2026-03-16 08:45:09,48,19,19,0,"fit: 3, efit: 4","fit: 3, efit: 4",,,,0,0,0,0,2,,
2026-03-16 08:45:31,48,19,19,0,"fit: 4, efit: 4","fit: 4, efit: 4",,,,0,0,0,0,2,,
2026-03-16 10:02:27,48,19,19,0,"fit: 4, efit: 5","fit: 4, efit: 5",,,,0,0,0,0,2,,
2026-03-16 10:10:22,48,19,19,0,"fit: 4, efit: 4","fit: 4, efit: 4",,,,0,0,0,0,2,,
2026-03-16 10:25:24,48,19,19,0,"fit: 4, efit: 3","fit: 4, efit: 3",,,,0,0,0,0,2,,
2026-03-16 10:47:37,48,19,19,0,"fit: 4, efit: 2","fit: 4, efit: 2",,,,0,0,0,0,2,,
2026-03-16 10:50:28,48,19,19,0,"fit: 4, efit: 1","fit: 4, efit: 1",,,,0,0,0,0,2,,
2026-03-16 10:55:29,48,19,19,0,fit: 4,fit: 4,,,,0,0,0,0,2,,
2026-03-16 11:10:31,48,19,19,0,"fit: 4, efit: 1","fit: 4, efit: 1",,,,0,0,0,0,2,,
2026-03-16 11:22:43,48,19,19,0,"fit: 4, efit: 2","fit: 4, efit: 2",,,,0,0,0,0,2,,
2026-03-16 11:40:36,48,19,19,0,"fit: 4, efit: 1","fit: 4, efit: 1",,,,0,0,0,0,2,,
2026-03-16 11:44:45,48,19,19,0,fit: 4,fit: 4,,,,0,0,0,0,2,,
2026-03-16 12:55:43,48,19,19,0,fit: 3,fit: 3,,,,0,0,0,0,2,,
2026-03-16 12:57:35,48,19,19,0,"fit: 3, efit: 1","fit: 3, efit: 1",,,,0,0,0,0,2,,
2026-03-16 13:00:04,48,19,19,0,fit: 3,fit: 3,,,,0,0,0,0,2,,
2026-03-16 13:02:35,48,19,19,0,"fit: 3, efit: 1","fit: 3, efit: 1",,,,0,0,0,0,2,,
2026-03-16 13:12:37,48,19,19,0,fit: 3,fit: 3,,,,0,0,0,0,2,,
2026-03-16 13:17:38,48,19,19,0,"fit: 3, efit: 1","fit: 3, efit: 1",,,,0,0,0,0,2,,
2026-03-16 13:20:46,48,19,19,0,fit: 3,fit: 3,,,,0,0,0,0,2,,
2026-03-16 13:37:41,48,19,19,0,"fit: 3, efit: 1","fit: 3, efit: 1",,,,0,0,0,0,2,,
2026-03-16 14:12:47,48,19,19,0,fit: 3,fit: 3,,,,0,0,0,0,2,,
2026-03-16 14:20:25,48,19,19,0,"fit: 3, efit: 1","fit: 3, efit: 1",,,,0,0,0,0,2,,
2026-03-16 14:27:49,48,19,19,0,"fit: 3, efit: 2","fit: 3, efit: 2",,,,0,0,0,0,2,,
2026-03-16 14:50:32,48,19,19,0,"fit: 3, efit: 1","fit: 3, efit: 1",,,,0,0,0,0,2,,
2026-03-16 15:43:01,48,19,19,0,"fit: 3, efit: 2","fit: 3, efit: 2",,,,0,0,0,0,2,,
2026-03-16 15:58:04,48,19,19,0,"fit: 3, efit: 3","fit: 3, efit: 3",,,,0,0,0,0,2,,
2026-03-16 16:36:04,48,19,19,0,"fit: 3, efit: 4","fit: 3, efit: 4",,,,0,0,0,0,2,,
2026-03-16 17:56:23,48,19,19,0,"fit: 3, efit: 5","fit: 3, efit: 5",,,,0,0,0,0,2,,
2026-03-16 18:06:25,48,19,19,0,"fit: 3, efit: 4","fit: 3, efit: 4",,,,0,0,0,0,2,,
2026-03-16 18:11:26,48,19,19,0,"fit: 4, efit: 4","fit: 4, efit: 4",,,,0,0,0,0,2,,
2026-03-16 18:33:29,48,19,19,0,"fit: 4, efit: 5","fit: 4, efit: 5",,,,0,0,0,0,2,,
2026-03-16 18:51:33,48,19,19,0,"fit: 4, efit: 6","fit: 4, efit: 6",,,,0,0,0,0,2,,
2026-03-16 18:53:32,48,19,19,0,"fit: 4, efit: 5","fit: 4, efit: 5",,,,0,0,0,0,2,,
2026-03-16 18:56:34,48,19,19,0,"fit: 4, efit: 6","fit: 4, efit: 6",,,,0,0,0,0,2,,
2026-03-16 22:12:02,48,19,19,0,"fit: 5, efit: 6","fit: 5, efit: 6",,,,0,0,0,0,2,,
2026-03-16 22:24:05,48,19,19,0,"fit: 5, efit: 7","fit: 5, efit: 6",,,,0,0,0,0,2,,
2026-03-17 00:02:17,48,19,19,0,"fit: 5, efit: 7","fit: 5, efit: 6",,,,0,0,0,0,2,,
2026-03-17 08:18:26,48,19,19,0,"fit: 5, efit: 6","fit: 5, efit: 5",,,,0,0,0,0,2,,
2026-03-17 09:33:37,48,19,19,0,"fit: 5, efit: 5","fit: 5, efit: 4",,,,0,0,0,0,2,,
2026-03-17 09:50:32,48,19,19,0,"fit: 5, efit: 4","fit: 5, efit: 3",,,,0,0,0,0,2,,
2026-03-17 10:48:47,48,19,19,0,"fit: 5, efit: 3","fit: 5, efit: 2",,,,0,0,0,0,2,,
2026-03-17 10:50:44,48,19,19,0,"fit: 5, efit: 4","fit: 5, efit: 3",,,,0,0,0,0,2,,
2026-03-17 10:53:48,48,19,19,0,"fit: 5, efit: 5","fit: 5, efit: 4",,,,0,0,0,0,2,,
2026-03-17 10:55:45,48,19,19,0,"fit: 5, efit: 4","fit: 5, efit: 3",,,,0,0,0,0,2,,
2026-03-17 11:28:53,48,19,19,0,"fit: 5, efit: 4","fit: 5, efit: 4",,,,0,0,0,0,2,,
2026-03-17 12:51:06,48,19,19,0,"fit: 5, efit: 5","fit: 5, efit: 5",,,,0,0,0,0,2,,
2026-03-17 12:59:06,48,19,19,0,"fit: 5, efit: 4","fit: 5, efit: 4",,,,0,0,0,0,2,,
2026-03-17 14:16:23,48,19,19,0,"fit: 5, efit: 3","fit: 5, efit: 3",,,,0,0,0,0,2,,
2026-03-17 14:34:19,48,19,19,0,"fit: 5, efit: 4","fit: 5, efit: 4",,,,0,0,0,0,2,,
2026-03-17 14:36:26,48,19,19,0,"fit: 5, efit: 3","fit: 5, efit: 3",,,,0,0,0,0,2,,
2026-03-17 14:39:20,48,19,19,0,"fit: 5, efit: 2","fit: 5, efit: 2",,,,0,0,0,0,2,,
2026-03-17 15:01:42,48,19,19,0,"fit: 5, efit: 3","fit: 5, efit: 3",,,,0,0,0,0,2,,
2026-03-17 15:16:34,48,19,19,0,"fit: 5, efit: 2","fit: 5, efit: 2",,,,0,0,0,0,2,,
2026-03-17 15:19:25,48,19,19,0,fit: 5,fit: 5,,,,0,0,0,0,2,,
2026-03-17 15:24:26,48,19,19,0,"fit: 4, efit: 1","fit: 4, efit: 1",,,,0,0,0,0,2,,
2026-03-17 15:46:40,48,19,19,0,"fit: 4, efit: 2","fit: 4, efit: 2",,,,0,0,0,0,2,,
2026-03-17 15:49:30,48,19,19,0,"fit: 5, efit: 2","fit: 5, efit: 2",,,,0,0,0,0,2,,
2026-03-17 16:11:44,48,19,19,0,"fit: 5, efit: 1","fit: 5, efit: 1",,,,0,0,0,0,2,,
2026-03-17 16:54:39,48,19,19,0,"fit: 4, efit: 1","fit: 4, efit: 1",,,,0,0,0,0,2,,
2026-03-17 17:54:48,48,19,19,0,"fit: 4, efit: 2","fit: 4, efit: 2",,,,0,0,0,0,2,,
2026-03-17 17:57:05,48,19,19,0,"fit: 4, efit: 1","fit: 4, efit: 1",,,,0,0,0,0,2,,
2026-03-17 18:19:51,48,19,19,0,"fit: 4, efit: 2","fit: 4, efit: 2",,,,0,0,0,0,2,,
2026-03-17 18:29:53,48,19,19,0,"fit: 4, efit: 3","fit: 4, efit: 3",,,,0,0,0,0,2,,
2026-03-17 19:12:19,48,19,19,0,"fit: 4, efit: 4","fit: 4, efit: 4",,,,0,0,0,0,2,,
2026-03-17 19:35:02,48,19,19,0,"fit: 4, efit: 5","fit: 4, efit: 5",,,,0,0,0,0,2,,
2026-03-17 19:37:23,48,19,19,0,"fit: 4, efit: 6","fit: 4, efit: 6",,,,0,0,0,0,2,,
2026-03-17 19:52:26,48,19,19,0,"fit: 6, efit: 6","fit: 6, efit: 6",,,,0,0,0,0,2,,
2026-03-17 20:30:10,48,19,19,0,"fit: 6, efit: 5","fit: 6, efit: 5",,,,0,0,0,0,2,,
2026-03-17 20:37:35,48,19,19,0,"fit: 6, efit: 6","fit: 6, efit: 6",,,,0,0,0,0,2,,
2026-03-17 21:15:16,48,19,19,0,"fit: 6, efit: 7","fit: 6, efit: 7",,,,0,0,0,0,2,,
2026-03-17 21:40:20,48,19,19,0,"fit: 6, efit: 8","fit: 6, efit: 8",,,,0,0,0,0,2,,
2026-03-17 21:57:43,48,19,19,0,"fit: 6, efit: 7","fit: 6, efit: 7",,,,0,0,0,0,2,,
2026-03-17 23:05:32,48,19,19,0,"fit: 6, efit: 6","fit: 6, efit: 6",,,,0,0,0,0,2,,
2026-03-17 23:17:56,48,19,19,0,"fit: 6, efit: 4","fit: 6, efit: 4",,,,0,0,0,0,2,,
2026-03-18 00:00:40,48,19,19,0,"fit: 6, efit: 4","fit: 6, efit: 4",,,,0,0,0,0,2,,
2026-03-18 00:23:07,48,19,19,0,"fit: 6, efit: 5","fit: 6, efit: 5",,,,0,0,0,0,2,,
2026-03-18 06:51:38,48,19,19,0,"fit: 6, efit: 4","fit: 6, efit: 4",,,,0,0,0,0,2,,
2026-03-18 08:26:51,48,19,19,0,"fit: 6, efit: 3","fit: 6, efit: 3",,,,0,0,0,0,2,,
2026-03-18 08:44:46,48,19,19,0,"fit: 6, efit: 2","fit: 6, efit: 2",,,,0,0,0,0,2,,
2026-03-18 08:59:29,48,19,19,0,"fit: 6, efit: 1","fit: 6, efit: 1",,,,0,0,0,0,2,,
2026-03-18 09:04:30,48,19,19,0,"fit: 6, efit: 2","fit: 6, efit: 2",,,,0,0,0,0,2,,
2026-03-18 09:47:03,48,19,19,0,"fit: 6, efit: 1","fit: 6, efit: 1",,,,0,0,0,0,2,,
2026-03-18 09:49:37,48,19,19,0,fit: 6,fit: 6,,,,0,0,0,0,2,,
2026-03-18 10:49:47,48,19,19,0,fit: 4,fit: 4,,,,0,0,0,0,2,,
2026-03-18 11:24:53,48,19,19,0,"fit: 4, efit: 1","fit: 4, efit: 1",,,,0,0,0,0,2,,
2026-03-18 11:27:17,48,19,19,0,"fit: 4, efit: 2","fit: 4, efit: 2",,,,0,0,0,0,2,,
2026-03-18 11:37:19,48,19,19,0,"fit: 4, efit: 3","fit: 4, efit: 3",,,,0,0,0,0,2,,
2026-03-18 11:44:56,48,19,19,0,"fit: 4, efit: 2","fit: 4, efit: 2",,,,0,0,0,0,2,,
2026-03-18 12:10:00,48,19,19,0,"fit: 4, efit: 3","fit: 4, efit: 3",,,,0,0,0,0,2,,
2026-03-18 12:52:29,48,19,19,0,"fit: 4, efit: 2","fit: 4, efit: 2",,,,0,0,0,0,2,,
2026-03-18 12:55:35,48,19,19,0,"fit: 4, efit: 1","fit: 4, efit: 1",,,,0,0,0,0,2,,
2026-03-18 13:37:36,48,19,19,0,fit: 4,fit: 4,,,,0,0,0,0,2,,
2026-03-18 14:40:56,48,19,19,0,"fit: 4, efit: 1","fit: 4, efit: 1",,,,0,0,0,0,2,,
2026-03-18 15:06:00,48,19,19,0,"fit: 7, efit: 1","fit: 7, efit: 1",,,,0,0,0,0,2,,
2026-03-18 15:15:32,48,19,19,0,"fit: 7, efit: 2","fit: 7, efit: 2",,,,0,0,0,0,2,,
2026-03-18 15:57:55,48,19,19,0,"fit: 7, efit: 3","fit: 7, efit: 3",,,,0,0,0,0,2,,
2026-03-18 16:00:39,48,19,19,0,"fit: 7, efit: 4","fit: 7, efit: 4",,,,0,0,0,0,2,,
2026-03-18 16:12:58,48,19,19,0,"fit: 7, efit: 6","fit: 7, efit: 6",,,,0,0,0,0,2,,
2026-03-18 16:20:42,48,19,19,0,"fit: 7, efit: 6","fit: 7, efit: 5",,,,0,0,0,0,2,,
2026-03-18 16:50:47,48,19,19,0,"fit: 7, efit: 7","fit: 7, efit: 6",,,,0,0,0,0,2,,
2026-03-18 16:53:03,48,19,19,0,"fit: 7, efit: 6","fit: 7, efit: 5",,,,0,0,0,0,2,,
2026-03-18 17:15:51,48,19,19,0,"fit: 7, efit: 5","fit: 7, efit: 4",,,,0,0,0,0,2,,
2026-03-18 17:40:55,48,19,19,0,"fit: 7, efit: 4","fit: 7, efit: 3",,,,0,0,0,0,2,,
2026-03-18 17:45:56,48,19,19,0,"fit: 7, efit: 3","fit: 7, efit: 2",,,,0,0,0,0,2,,
2026-03-18 17:55:57,48,19,19,0,"fit: 7, efit: 4","fit: 7, efit: 3",,,,0,0,0,0,2,,
2026-03-18 18:08:14,48,19,19,0,"fit: 7, efit: 5","fit: 7, efit: 4",,,,0,0,0,0,2,,
2026-03-18 18:26:03,48,19,19,0,"fit: 7, efit: 4","fit: 7, efit: 3",,,,0,0,0,0,2,,
2026-03-18 18:33:17,48,19,19,0,"fit: 8, efit: 4","fit: 8, efit: 3",,,,0,0,0,0,2,,
2026-03-18 18:38:18,48,19,19,0,"fit: 8, efit: 5","fit: 8, efit: 4",,,,0,0,0,0,2,,
2026-03-18 18:43:19,48,19,19,0,"fit: 8, efit: 4","fit: 8, efit: 3",,,,0,0,0,0,2,,
2026-03-18 18:46:06,48,19,19,0,"fit: 8, efit: 3","fit: 8, efit: 2",,,,0,0,0,0,2,,
2026-03-18 18:56:07,48,19,19,0,"fit: 8, efit: 4","fit: 8, efit: 3",,,,0,0,0,0,2,,
2026-03-18 19:01:08,48,19,19,0,"fit: 8, efit: 3","fit: 8, efit: 2",,,,0,0,0,0,2,,
2026-03-18 19:11:10,48,19,19,0,"fit: 8, efit: 4","fit: 8, efit: 3",,,,0,0,0,0,2,,
2026-03-18 19:26:12,48,19,19,0,"fit: 8, efit: 6","fit: 8, efit: 5",,,,0,0,0,0,2,,
2026-03-18 19:43:27,48,19,19,0,"fit: 8, efit: 7","fit: 8, efit: 6",,,,0,0,0,0,2,,
2026-03-18 19:46:15,48,19,19,0,"fit: 8, efit: 6","fit: 8, efit: 5",,,,0,0,0,0,2,,
2026-03-18 19:53:28,48,19,19,0,"fit: 8, efit: 5","fit: 8, efit: 4",,,,0,0,0,0,2,,
2026-03-18 19:58:29,48,19,19,0,"fit: 8, efit: 6","fit: 8, efit: 5",,,,0,0,0,0,2,,
2026-03-18 20:06:19,48,19,19,0,"fit: 8, efit: 7","fit: 8, efit: 6",,,,0,0,0,0,2,,
2026-03-18 20:28:33,48,19,19,0,"fit: 8, efit: 8","fit: 8, efit: 7",,,,0,0,0,0,2,,
2026-03-18 21:06:29,48,19,19,0,"fit: 8, efit: 9","fit: 8, efit: 8",,,,0,0,0,0,2,,
2026-03-18 21:28:42,48,19,19,0,"fit: 8, efit: 10","fit: 8, efit: 9",,,,0,0,0,0,2,,
2026-03-18 21:51:36,48,19,19,0,"fit: 8, efit: 9","fit: 8, efit: 8",,,,0,0,0,0,2,,
2026-03-18 21:56:37,48,19,19,0,"fit: 8, efit: 8","fit: 8, efit: 7",,,,0,0,0,0,2,,
2026-03-18 22:01:38,48,19,19,0,"fit: 9, efit: 7","fit: 9, efit: 6",,,,0,0,0,0,2,,
2026-03-19 00:01:58,48,19,19,0,"fit: 9, efit: 7","fit: 9, efit: 6",,,,0,0,0,0,2,,
2026-03-19 00:54:10,48,19,19,0,"fit: 10, efit: 6","fit: 10, efit: 5",,,,0,0,0,0,2,,
2026-03-19 02:37:23,48,19,19,0,"fit: 10, efit: 7","fit: 10, efit: 6",,,,0,0,0,0,2,,
2026-03-19 05:28:45,48,19,19,0,"fit: 10, efit: 6","fit: 10, efit: 5",,,,0,0,0,0,2,,
2026-03-19 05:47:53,48,19,19,0,"fit: 10, efit: 5","fit: 10, efit: 4",,,,0,0,0,0,2,,
2026-03-19 06:48:03,48,19,19,0,"fit: 10, efit: 4","fit: 10, efit: 3",,,,0,0,0,0,2,,
2026-03-19 07:33:10,48,19,19,0,"fit: 10, efit: 5","fit: 10, efit: 4",,,,0,0,0,0,2,,
2026-03-19 07:53:13,48,19,19,0,"fit: 10, efit: 4","fit: 10, efit: 3",,,,0,0,0,0,2,,
2026-03-19 07:59:14,48,19,19,0,"fit: 10, efit: 3","fit: 10, efit: 2",,,,0,0,0,0,2,,
2026-03-19 08:28:19,48,19,19,0,"fit: 10, efit: 2","fit: 10, efit: 1",,,,0,0,0,0,2,,
2026-03-19 08:40:15,48,19,19,0,"fit: 10, efit: 1",fit: 10,,,,0,0,0,0,2,,
2026-03-19 08:44:22,48,19,19,0,"fit: 9, efit: 1",fit: 9,,,,0,0,0,0,2,,
2026-03-19 08:59:25,48,19,19,0,"fit: 8, efit: 1",fit: 8,,,,0,0,0,0,2,,
2026-03-19 09:03:25,48,19,19,0,"fit: 8, efit: 2","fit: 8, efit: 1",,,,0,0,0,0,2,,
2026-03-19 09:18:27,48,19,19,0,"fit: 8, efit: 1",fit: 8,,,,0,0,0,0,2,,
2026-03-19 09:38:30,48,19,19,0,"fit: 8, efit: 2","fit: 8, efit: 1",,,,0,0,0,0,2,,
2026-03-19 09:58:34,48,19,19,0,"fit: 3, efit: 2","fit: 3, efit: 2",,,,0,0,0,0,2,,
2026-03-19 09:59:37,48,19,19,0,"fit: 3, efit: 1","fit: 3, efit: 1",,,,0,0,0,0,2,,
2026-03-19 10:40:32,48,19,19,0,fit: 3,fit: 3,,,,0,0,0,0,2,,
2026-03-19 10:44:45,48,19,19,0,fit: 2,fit: 2,,,,0,0,0,0,2,,
2026-03-19 10:58:44,48,19,19,0,"fit: 2, efit: 1","fit: 2, efit: 1",,,,0,0,0,0,2,,
2026-03-19 11:04:49,48,19,19,0,fit: 2,fit: 2,,,,0,0,0,0,2,,
2026-03-19 11:08:45,48,19,19,0,fit: 1,fit: 1,,,,0,0,0,0,2,,
2026-03-19 11:24:53,48,19,19,0,"fit: 1, efit: 1",fit: 1,,,,0,0,0,0,2,,
2026-03-19 12:39:00,48,19,19,0,"fit: 1, efit: 2","fit: 1, efit: 1",,,,0,0,0,0,2,,
2026-03-19 13:39:10,48,19,19,0,"fit: 1, efit: 3","fit: 1, efit: 2",,,,0,0,0,0,2,,
2026-03-19 13:40:20,48,19,19,0,"fit: 1, efit: 4","fit: 1, efit: 3",,,,0,0,0,0,2,,
2026-03-19 14:09:15,48,19,19,0,"fit: 1, efit: 5","fit: 1, efit: 4",,,,0,0,0,0,2,,
2026-03-19 14:11:02,48,19,19,0,"fit: 1, efit: 6","fit: 1, efit: 5",,,,0,0,0,0,2,,
2026-03-19 14:34:20,48,19,19,0,"fit: 1, efit: 7","fit: 1, efit: 6",,,,0,0,0,0,2,,
2026-03-19 14:44:21,48,19,19,0,"fit: 1, efit: 8","fit: 1, efit: 7",,,,0,0,0,0,2,,
2026-03-19 15:05:37,48,19,19,0,"fit: 2, efit: 8","fit: 2, efit: 7",,,,0,0,0,0,2,,
2026-03-19 15:19:27,48,19,19,0,"fit: 2, efit: 7","fit: 2, efit: 7",,,,0,0,0,0,2,,
2026-03-19 15:20:40,48,19,19,0,"fit: 2, efit: 8","fit: 2, efit: 8",,,,0,0,0,0,2,,
2026-03-19 15:24:28,48,19,19,0,"fit: 3, efit: 9","fit: 3, efit: 9",,,,0,0,0,0,2,,
2026-03-19 15:29:28,48,19,19,0,"fit: 3, efit: 8","fit: 3, efit: 8",,,,0,0,0,0,2,,
2026-03-19 15:40:44,48,19,19,0,"fit: 3, efit: 9","fit: 3, efit: 9",,,,0,0,0,0,2,,
2026-03-19 15:45:45,48,19,19,0,"fit: 3, efit: 10","fit: 3, efit: 10",,,,0,0,0,0,2,,
2026-03-19 15:49:32,48,19,19,0,"fit: 3, efit: 11","fit: 3, efit: 11",,,,0,0,0,0,2,,
2026-03-19 16:09:35,48,19,19,0,"fit: 3, efit: 10","fit: 3, efit: 10",,,,0,0,0,0,2,,
2026-03-19 16:19:37,48,19,19,0,"fit: 3, efit: 12","fit: 3, efit: 12",,,,0,0,0,0,2,,
2026-03-19 16:35:54,48,19,19,0,"fit: 3, efit: 13","fit: 3, efit: 13",,,,0,0,0,0,2,,
2026-03-19 16:39:40,48,19,19,0,"fit: 4, efit: 13","fit: 4, efit: 13",,,,0,0,0,0,2,,
2026-03-19 16:45:56,48,19,19,0,"fit: 4, efit: 14","fit: 4, efit: 14",,,,0,0,0,0,2,,
2026-03-19 16:49:42,48,19,19,0,"fit: 4, efit: 13","fit: 4, efit: 13",,,,0,0,0,0,2,,
2026-03-19 16:50:57,48,19,19,0,"fit: 5, efit: 13","fit: 5, efit: 13",,,,0,0,0,0,2,,
2026-03-19 16:59:43,48,19,19,0,"fit: 5, efit: 14","fit: 5, efit: 14",,,,0,0,0,0,2,,
2026-03-19 17:00:59,48,19,19,0,"fit: 5, efit: 13","fit: 5, efit: 13",,,,0,0,0,0,2,,
2026-03-19 17:04:44,48,19,19,0,"fit: 5, efit: 12","fit: 5, efit: 12",,,,0,0,0,0,2,,
2026-03-19 17:14:46,48,19,19,0,"fit: 5, efit: 13","fit: 5, efit: 13",,,,0,0,0,0,2,,
2026-03-19 17:21:29,48,19,19,0,"fit: 5, efit: 14","fit: 5, efit: 14",,,,0,0,0,0,2,,
2026-03-19 17:29:49,48,19,19,0,"fit: 5, efit: 13","fit: 5, efit: 13",,,,0,0,0,0,2,,
2026-03-19 17:31:05,48,19,19,0,"fit: 5, efit: 14","fit: 5, efit: 14",,,,0,0,0,0,2,,
2026-03-19 17:51:09,48,19,19,0,"fit: 5, efit: 13","fit: 5, efit: 13",,,,0,0,0,0,2,,
2026-03-19 17:56:34,48,19,19,0,"fit: 5, efit: 12","fit: 5, efit: 12",,,,0,0,0,0,2,,
2026-03-19 18:04:55,48,19,19,0,"fit: 5, efit: 13","fit: 5, efit: 13",,,,0,0,0,0,2,,
2026-03-19 18:14:56,48,19,19,0,"fit: 5, efit: 14","fit: 5, efit: 14",,,,0,0,0,0,2,,
2026-03-19 18:24:58,48,19,19,0,"fit: 5, efit: 13","fit: 5, efit: 13",,,,0,0,0,0,2,,
2026-03-19 18:35:00,48,19,19,0,"fit: 6, efit: 13","fit: 6, efit: 13",,,,0,0,0,0,2,,
2026-03-19 18:36:18,48,19,19,0,"fit: 6, efit: 11","fit: 6, efit: 11",,,,0,0,0,0,2,,
2026-03-19 18:40:01,48,19,19,0,"fit: 6, efit: 12","fit: 6, efit: 12",,,,0,0,0,0,2,,
2026-03-19 18:56:22,48,19,19,0,"fit: 6, efit: 13","fit: 6, efit: 13",,,,0,0,0,0,2,,
2026-03-19 19:06:24,48,19,19,0,"fit: 7, efit: 12","fit: 7, efit: 12",,,,0,0,0,0,2,,
2026-03-19 19:06:45,48,19,19,0,"fit: 7, efit: 11","fit: 7, efit: 11",,,,0,0,0,0,2,,
2026-03-19 19:10:06,48,19,19,0,"fit: 7, efit: 12","fit: 7, efit: 12",,,,0,0,0,0,2,,
2026-03-19 19:15:07,48,19,19,0,"fit: 7, efit: 11","fit: 7, efit: 11",,,,0,0,0,0,2,,
2026-03-19 19:16:26,48,19,19,0,"fit: 7, efit: 10","fit: 7, efit: 10",,,,0,0,0,0,2,,
2026-03-19 19:21:27,48,19,19,0,"fit: 7, efit: 8","fit: 7, efit: 8",,,,0,0,0,0,2,,
2026-03-19 19:30:10,48,19,19,0,"fit: 7, efit: 9","fit: 7, efit: 9",,,,0,0,0,0,2,,
2026-03-19 19:31:29,48,19,19,0,"fit: 7, efit: 10","fit: 7, efit: 10",,,,0,0,0,0,2,,
2026-03-19 19:36:30,48,19,19,0,"fit: 7, efit: 8","fit: 7, efit: 8",,,,0,0,0,0,2,,
2026-03-19 19:40:11,48,19,19,0,"fit: 7, efit: 9","fit: 7, efit: 9",,,,0,0,0,0,2,,
2026-03-19 20:05:15,48,19,19,0,"fit: 7, efit: 10","fit: 7, efit: 10",,,,0,0,0,0,2,,
2026-03-19 20:10:16,48,19,19,0,"fit: 7, efit: 11","fit: 7, efit: 11",,,,0,0,0,0,2,,
2026-03-19 20:11:54,48,19,19,0,"fit: 7, efit: 10","fit: 7, efit: 10",,,,0,0,0,0,2,,
2026-03-19 20:15:17,48,19,19,0,"fit: 7, efit: 9","fit: 7, efit: 9",,,,0,0,0,0,2,,
2026-03-19 20:16:38,48,19,19,0,"fit: 8, efit: 9","fit: 8, efit: 9",,,,0,0,0,0,2,,
2026-03-19 20:16:55,48,19,19,0,"fit: 8, efit: 8","fit: 8, efit: 8",,,,0,0,0,0,2,,
2026-03-19 20:25:19,48,19,19,0,"fit: 9, efit: 8","fit: 9, efit: 8",,,,0,0,0,0,2,,
2026-03-19 20:30:20,48,19,19,0,"fit: 9, efit: 7","fit: 9, efit: 7",,,,0,0,0,0,2,,
2026-03-19 20:40:22,48,19,19,0,"fit: 9, efit: 6","fit: 9, efit: 6",,,,0,0,0,0,2,,
2026-03-19 20:55:24,48,19,19,0,"fit: 10, efit: 6","fit: 10, efit: 6",,,,0,0,0,0,2,,
2026-03-19 20:56:46,48,19,19,0,"fit: 10, efit: 5","fit: 10, efit: 5",,,,0,0,0,0,2,,
2026-03-19 21:26:52,48,19,19,0,"fit: 10, efit: 6","fit: 10, efit: 6",,,,0,0,0,0,2,,
2026-03-19 21:31:52,48,19,19,0,"fit: 11, efit: 6","fit: 11, efit: 6",,,,0,0,0,0,2,,
2026-03-19 21:35:31,48,19,19,0,"fit: 11, efit: 7","fit: 11, efit: 7",,,,0,0,0,0,2,,
2026-03-19 21:40:32,48,19,19,0,"fit: 11, efit: 8","fit: 11, efit: 8",,,,0,0,0,0,2,,
2026-03-19 22:05:36,48,19,19,0,"fit: 11, efit: 5","fit: 11, efit: 5",,,,0,0,0,0,2,,
2026-03-19 22:07:12,48,19,19,0,"fit: 12, efit: 5","fit: 12, efit: 5",,,,0,0,0,0,2,,
2026-03-19 22:10:37,48,19,19,0,"fit: 12, efit: 4","fit: 12, efit: 4",,,,0,0,0,0,2,,
2026-03-19 22:45:43,48,19,19,0,"fit: 12, efit: 3","fit: 12, efit: 3",,,,0,0,0,0,2,,
2026-03-19 22:55:44,48,19,19,0,"fit: 12, efit: 2","fit: 12, efit: 2",,,,0,0,0,0,2,,
2026-03-19 23:05:46,48,19,19,0,"fit: 12, efit: 1","fit: 12, efit: 1",,,,0,0,0,0,2,,
2026-03-20 00:00:55,48,19,19,0,"fit: 12, efit: 1","fit: 12, efit: 1",,,,0,0,0,0,2,,
2026-03-20 01:16:08,48,19,19,0,"fit: 12, efit: 2","fit: 12, efit: 2",,,,0,0,0,0,2,,
2026-03-20 02:01:16,48,19,19,0,"fit: 12, efit: 4","fit: 12, efit: 4",,,,0,0,0,0,2,,
2026-03-20 06:48:24,48,19,19,0,"fit: 12, efit: 3","fit: 12, efit: 3",,,,0,0,0,0,2,,
2026-03-20 07:37:10,48,19,19,0,"fit: 12, efit: 2","fit: 12, efit: 2",,,,0,0,0,0,2,,
2026-03-20 07:58:35,48,19,19,0,"fit: 12, efit: 1","fit: 12, efit: 1",,,,0,0,0,0,2,,
2026-03-20 08:23:38,48,19,19,0,fit: 12,fit: 12,,,,0,0,0,0,2,,
2026-03-20 08:27:19,48,19,19,0,fit: 11,fit: 11,,,,0,0,0,0,2,,
2026-03-20 08:32:20,48,19,19,0,"fit: 11, efit: 1","fit: 11, efit: 1",,,,0,0,0,0,2,,
2026-03-20 08:57:24,48,19,19,0,fit: 11,fit: 11,,,,0,0,0,0,2,,
2026-03-20 09:17:27,48,19,19,0,fit: 10,fit: 10,,,,0,0,0,0,2,,
2026-03-20 09:47:32,48,19,19,0,fit: 9,fit: 9,,,,0,0,0,0,2,,
2026-03-20 10:13:54,48,19,19,0,"fit: 9, efit: 1","fit: 9, efit: 1",,,,0,0,0,0,2,,
2026-03-20 10:27:39,48,19,19,0,fit: 9,fit: 9,,,,0,0,0,0,2,,
2026-03-20 10:47:42,48,19,19,0,fit: 8,fit: 8,,,,0,0,0,0,2,,
2026-03-20 10:57:44,48,19,19,0,fit: 7,fit: 7,,,,0,0,0,0,2,,
2026-03-20 10:59:01,48,19,19,0,fit: 6,fit: 6,,,,0,0,0,0,2,,
2026-03-20 11:59:10,48,19,19,0,fit: 4,fit: 4,,,,0,0,0,0,2,,
2026-03-20 12:07:55,48,19,19,0,"fit: 4, efit: 1","fit: 4, efit: 1",,,,0,0,0,0,2,,
2026-03-20 12:09:11,48,19,19,0,"fit: 4, efit: 3","fit: 4, efit: 3",,,,0,0,0,0,2,,
2026-03-20 12:14:38,48,19,19,0,"fit: 4, efit: 2","fit: 4, efit: 2",,,,0,0,0,0,2,,
2026-03-20 12:17:57,48,19,19,0,"fit: 4, efit: 3","fit: 4, efit: 3",,,,0,0,0,0,2,,
2026-03-20 12:27:59,48,19,19,0,"fit: 4, efit: 4","fit: 4, efit: 4",,,,0,0,0,0,2,,
2026-03-20 12:29:14,48,19,19,0,"fit: 4, efit: 3","fit: 4, efit: 3",,,,0,0,0,0,2,,
2026-03-20 12:33:00,48,19,19,0,"fit: 4, efit: 1","fit: 4, efit: 1",,,,0,0,0,0,2,,
2026-03-20 12:34:42,48,19,19,0,fit: 4,fit: 4,,,,0,0,0,0,2,,
2026-03-20 12:39:16,48,19,19,0,fit: 3,fit: 3,,,,0,0,0,0,2,,
2026-03-20 12:59:19,48,19,19,0,"fit: 3, efit: 1","fit: 3, efit: 1",,,,0,0,0,0,2,,
2026-03-20 13:03:05,48,19,19,0,"fit: 3, efit: 2","fit: 3, efit: 2",,,,0,0,0,0,2,,
2026-03-20 13:08:06,48,19,19,0,"fit: 3, efit: 3","fit: 3, efit: 3",,,,0,0,0,0,2,,
2026-03-20 13:23:08,48,19,19,0,fit: 3,fit: 3,,,,0,0,0,0,2,,
2026-03-20 13:49:26,48,19,19,0,fit: 2,fit: 2,,,,0,0,0,0,2,,
2026-03-20 13:49:57,48,19,19,0,fit: 1,fit: 1,,,,0,0,0,0,2,,
2026-03-20 13:53:13,48,19,19,0,"fit: 1, efit: 3","fit: 1, efit: 3",,,,0,0,0,0,2,,
2026-03-20 13:58:14,48,19,19,0,"fit: 1, efit: 4","fit: 1, efit: 4",,,,0,0,0,0,2,,
2026-03-20 14:24:31,48,19,19,0,"fit: 1, efit: 5","fit: 1, efit: 5",,,,0,0,0,0,2,,
2026-03-20 14:25:04,48,19,19,0,"fit: 1, efit: 6","fit: 1, efit: 6",,,,0,0,0,0,2,,
2026-03-20 14:39:33,48,19,19,0,"fit: 1, efit: 5","fit: 1, efit: 5",,,,0,0,0,0,2,,
2026-03-20 14:50:08,48,19,19,0,"fit: 1, efit: 4","fit: 1, efit: 4",,,,0,0,0,0,2,,
2026-03-20 15:04:37,48,19,19,0,"fit: 1, efit: 3","fit: 1, efit: 3",,,,0,0,0,0,2,,
2026-03-20 15:38:30,48,19,19,0,"fit: 1, efit: 4","fit: 1, efit: 4",,,,0,0,0,0,2,,
2026-03-20 15:43:31,48,19,19,0,"fit: 1, efit: 2","fit: 1, efit: 2",,,,0,0,0,0,2,,
2026-03-20 15:45:19,48,19,19,0,"fit: 1, efit: 3","fit: 1, efit: 3",,,,0,0,0,0,2,,
2026-03-20 15:50:20,48,19,19,0,"fit: 1, efit: 2","fit: 1, efit: 2",,,,0,0,0,0,2,,
2026-03-20 15:53:33,48,19,19,0,"fit: 2, efit: 2","fit: 2, efit: 2",,,,0,0,0,0,2,,
2026-03-20 15:58:34,48,19,19,0,"fit: 2, efit: 3","fit: 2, efit: 3",,,,0,0,0,0,2,,
2026-03-20 16:03:34,48,19,19,0,"fit: 2, efit: 2","fit: 2, efit: 2",,,,0,0,0,0,2,,
2026-03-20 16:08:35,48,19,19,0,"fit: 2, efit: 3","fit: 2, efit: 3",,,,0,0,0,0,2,,
2026-03-20 16:28:39,48,19,19,0,"fit: 2, efit: 4","fit: 2, efit: 4",,,,0,0,0,0,2,,
2026-03-20 16:43:41,48,19,19,0,"fit: 2, efit: 2","fit: 2, efit: 2",,,,0,0,0,0,2,,
2026-03-20 17:03:44,48,19,19,0,"fit: 2, efit: 3","fit: 2, efit: 3",,,,0,0,0,0,2,,
2026-03-20 17:05:35,48,19,19,0,"fit: 2, efit: 4","fit: 2, efit: 4",,,,0,0,0,0,2,,
2026-03-20 17:08:45,48,19,19,0,"fit: 2, efit: 5","fit: 2, efit: 5",,,,0,0,0,0,2,,
2026-03-20 17:14:56,48,19,19,0,"fit: 2, efit: 6","fit: 2, efit: 6",,,,0,0,0,0,2,,
2026-03-20 17:18:47,48,19,19,0,"fit: 2, efit: 5","fit: 2, efit: 5",,,,0,0,0,0,2,,
2026-03-20 17:33:50,48,19,19,0,"fit: 2, efit: 6","fit: 2, efit: 6",,,,0,0,0,0,2,,
2026-03-20 17:43:51,48,19,19,0,"fit: 2, efit: 7","fit: 2, efit: 7",,,,0,0,0,0,2,,
2026-03-20 18:03:54,48,19,19,0,"fit: 2, efit: 8","fit: 2, efit: 8",,,,0,0,0,0,2,,
2026-03-20 18:25:50,48,19,19,0,"fit: 2, efit: 9","fit: 2, efit: 9",,,,0,0,0,0,2,,
2026-03-20 18:35:08,48,19,19,0,"fit: 2, efit: 8","fit: 2, efit: 8",,,,0,0,0,0,2,,
2026-03-20 18:50:10,48,19,19,0,"fit: 2, efit: 7","fit: 2, efit: 7",,,,0,0,0,0,2,,
2026-03-20 18:54:03,48,19,19,0,"fit: 2, efit: 6","fit: 2, efit: 6",,,,0,0,0,0,2,,
2026-03-20 18:55:11,48,19,19,0,"fit: 2, efit: 7","fit: 2, efit: 7",,,,0,0,0,0,2,,
2026-03-20 18:59:04,48,19,19,0,"fit: 2, efit: 6","fit: 2, efit: 6",,,,0,0,0,0,2,,
2026-03-20 19:25:16,48,19,19,0,"fit: 2, efit: 7","fit: 2, efit: 7",,,,0,0,0,0,2,,
2026-03-20 19:29:09,48,19,19,0,"fit: 2, efit: 8","fit: 2, efit: 8",,,,0,0,0,0,2,,
2026-03-20 19:34:10,48,19,19,0,"fit: 2, efit: 6","fit: 2, efit: 6",,,,0,0,0,0,2,,
2026-03-20 19:45:19,48,19,19,0,"fit: 2, efit: 7","fit: 2, efit: 7",,,,0,0,0,0,2,,
2026-03-20 20:01:09,48,19,19,0,"fit: 2, efit: 8","fit: 2, efit: 8",,,,0,0,0,0,2,,
2026-03-20 20:06:10,48,19,19,0,"fit: 2, efit: 7","fit: 2, efit: 7",,,,0,0,0,0,2,,
2026-03-20 20:14:17,48,19,19,0,"fit: 2, efit: 6","fit: 2, efit: 6",,,,0,0,0,0,2,,
2026-03-20 20:26:14,48,19,19,0,"fit: 2, efit: 7","fit: 2, efit: 7",,,,0,0,0,0,2,,
2026-03-20 20:29:19,48,19,19,0,"fit: 2, efit: 6","fit: 2, efit: 6",,,,0,0,0,0,2,,
2026-03-20 20:39:21,48,19,19,0,"fit: 2, efit: 8","fit: 2, efit: 8",,,,0,0,0,0,2,,
2026-03-20 20:59:24,48,19,19,0,"fit: 2, efit: 9","fit: 2, efit: 9",,,,0,0,0,0,2,,
2026-03-20 21:09:26,48,19,19,0,"fit: 3, efit: 9","fit: 3, efit: 9",,,,0,0,0,0,2,,
2026-03-20 21:34:30,48,19,19,0,"fit: 3, efit: 10","fit: 3, efit: 10",,,,0,0,0,0,2,,
2026-03-20 22:35:44,48,19,19,0,"fit: 3, efit: 9","fit: 3, efit: 9",,,,0,0,0,0,2,,
2026-03-20 23:34:50,48,19,19,0,"fit: 3, efit: 8","fit: 3, efit: 8",,,,0,0,0,0,2,,
2026-03-21 00:00:56,48,19,19,0,"fit: 3, efit: 8","fit: 3, efit: 8",,,,0,0,0,0,2,,
2026-03-21 00:24:58,48,19,19,0,"fit: 3, efit: 7","fit: 3, efit: 7",,,,0,0,0,0,2,,
2026-03-21 00:26:59,48,19,19,0,"fit: 3, efit: 6","fit: 3, efit: 6",,,,0,0,0,0,2,,
2026-03-21 01:12:08,48,19,19,0,"fit: 3, efit: 8","fit: 3, efit: 7",efit: 1,,,0,0,0,0,2,,
2026-03-21 01:15:06,48,19,19,0,"fit: 3, efit: 6","fit: 3, efit: 5",efit: 1,,,0,0,0,0,2,,
2026-03-21 01:30:09,48,19,19,0,"fit: 3, efit: 4","fit: 3, efit: 3",efit: 1,,,0,0,0,0,2,,
2026-03-21 01:35:10,48,19,19,0,"fit: 4, efit: 4","fit: 4, efit: 3",efit: 1,,,0,0,0,0,2,,
2026-03-21 01:56:13,48,19,19,0,"fit: 4, efit: 5","fit: 4, efit: 4",efit: 1,,,0,0,0,0,2,,
2026-03-21 01:57:17,48,19,19,0,"fit: 4, efit: 7","fit: 4, efit: 6",efit: 1,,,0,0,0,0,2,,
2026-03-21 02:00:14,48,19,19,0,"fit: 4, efit: 6","fit: 4, efit: 5",efit: 1,,,0,0,0,0,2,,
2026-03-21 02:01:14,48,19,19,0,"fit: 4, efit: 4","fit: 4, efit: 3",efit: 1,,,0,0,0,0,2,,
2026-03-21 02:07:19,48,19,19,0,"fit: 4, efit: 5","fit: 4, efit: 4",efit: 1,,,0,0,0,0,2,,
2026-03-21 02:10:15,48,19,19,0,"fit: 4, efit: 6","fit: 4, efit: 5",efit: 1,,,0,0,0,0,2,,
2026-03-21 02:20:17,48,19,19,0,"fit: 4, efit: 8","fit: 4, efit: 7",efit: 1,,,0,0,0,0,2,,
2026-03-21 02:40:21,48,19,19,0,"fit: 4, efit: 6","fit: 4, efit: 5",efit: 1,,,0,0,0,0,2,,
2026-03-21 08:02:06,48,19,19,0,"fit: 4, efit: 7","fit: 4, efit: 6",efit: 1,,,0,0,0,0,2,,
2026-03-21 08:31:18,48,19,19,0,"fit: 4, efit: 6","fit: 4, efit: 5",efit: 1,,,0,0,0,0,2,,
2026-03-21 08:43:34,48,19,19,0,"fit: 4, efit: 5","fit: 4, efit: 4",efit: 1,,,0,0,0,0,2,,
2026-03-21 08:46:21,48,19,19,0,"fit: 4, efit: 6","fit: 4, efit: 5",efit: 1,,,0,0,0,0,2,,
2026-03-21 08:48:35,48,19,19,0,"fit: 4, efit: 5","fit: 4, efit: 4",efit: 1,,,0,0,0,0,2,,
2026-03-21 09:07:15,48,19,19,0,"fit: 4, efit: 4","fit: 4, efit: 3",efit: 1,,,0,0,0,0,2,,
2026-03-21 09:16:26,48,19,19,0,"fit: 4, efit: 3","fit: 4, efit: 2",efit: 1,,,0,0,0,0,2,,
2026-03-21 09:43:45,48,19,19,0,"fit: 4, efit: 2","fit: 4, efit: 1",efit: 1,,,0,0,0,0,2,,
2026-03-21 10:06:34,48,19,19,0,"fit: 5, efit: 2","fit: 5, efit: 1",efit: 1,,,0,0,0,0,2,,
2026-03-21 10:12:25,48,19,19,0,"fit: 5, efit: 1",fit: 5,efit: 1,,,0,0,0,0,2,,
2026-03-21 10:16:35,48,19,19,0,fit: 4,fit: 4,,,,0,0,0,0,2,,
2026-03-21 11:31:48,48,19,19,0,"fit: 4, efit: 1","fit: 4, efit: 1",,,,0,0,0,0,2,,
2026-03-21 11:34:06,48,19,19,0,fit: 4,fit: 4,,,,0,0,0,0,2,,
2026-03-21 11:36:49,48,19,19,0,"fit: 4, efit: 1","fit: 4, efit: 1",,,,0,0,0,0,2,,
2026-03-21 11:41:49,48,19,19,0,"fit: 4, efit: 2","fit: 4, efit: 2",,,,0,0,0,0,2,,
2026-03-21 12:01:53,48,19,19,0,"fit: 4, efit: 1","fit: 4, efit: 1",,,,0,0,0,0,2,,
2026-03-21 12:09:13,48,19,19,0,"fit: 4, efit: 2","fit: 4, efit: 2",,,,0,0,0,0,2,,
2026-03-21 12:19:15,48,19,19,0,"fit: 4, efit: 1","fit: 4, efit: 1",,,,0,0,0,0,2,,
2026-03-21 12:26:57,48,19,19,0,fit: 4,fit: 4,,,,0,0,0,0,2,,
2026-03-21 12:27:45,48,19,19,0,"fit: 4, efit: 1","fit: 4, efit: 1",,,,0,0,0,0,2,,
2026-03-21 12:31:57,48,19,19,0,fit: 3,fit: 3,,,,0,0,0,0,2,,
2026-03-21 12:44:20,48,19,19,0,fit: 2,fit: 2,,,,0,0,0,0,2,,
2026-03-21 12:47:00,48,19,19,0,fit: 3,fit: 3,,,,0,0,0,0,2,,
2026-03-21 12:54:22,48,19,19,0,fit: 1,fit: 1,,,,0,0,0,0,2,,
2026-03-21 13:29:28,48,19,19,0,fit: 2,fit: 2,,,,0,0,0,0,2,,
2026-03-21 13:37:09,48,19,19,0,"fit: 2, efit: 1","fit: 2, efit: 1",,,,0,0,0,0,2,,
2026-03-21 13:42:09,48,19,19,0,"fit: 3, efit: 1","fit: 3, efit: 1",,,,0,0,0,0,2,,
2026-03-21 13:42:56,48,19,19,0,fit: 3,fit: 3,,,,0,0,0,0,2,,
2026-03-21 13:44:31,48,19,19,0,"fit: 3, efit: 1","fit: 3, efit: 1",,,,0,0,0,0,2,,
2026-03-21 14:04:35,48,19,19,0,fit: 3,fit: 3,,,,0,0,0,0,2,,
2026-03-21 14:14:37,48,19,19,0,fit: 2,fit: 2,,,,0,0,0,0,2,,
2026-03-21 14:17:15,48,19,19,0,"fit: 2, efit: 1","fit: 2, efit: 1",,,,0,0,0,0,2,,
2026-03-21 14:18:01,48,19,19,0,fit: 2,fit: 2,,,,0,0,0,0,2,,
2026-03-21 14:19:38,48,19,19,0,fit: 1,fit: 1,,,,0,0,0,0,2,,
2026-03-21 14:22:16,48,19,19,0,"fit: 1, efit: 1",fit: 1,,,,0,0,0,0,2,,
2026-03-21 14:23:02,48,19,19,0,"fit: 1, efit: 3","fit: 1, efit: 2",,,,0,0,0,0,2,,
2026-03-21 14:24:39,48,19,19,0,"fit: 1, efit: 4","fit: 1, efit: 3",,,,0,0,0,0,2,,
2026-03-21 14:29:40,48,19,19,0,"fit: 1, efit: 3","fit: 1, efit: 2",,,,0,0,0,0,2,,
2026-03-21 14:32:18,48,19,19,0,"fit: 2, efit: 4","fit: 2, efit: 3",,,,0,0,0,0,2,,
2026-03-21 14:34:41,48,19,19,0,"fit: 3, efit: 4","fit: 3, efit: 3",,,,0,0,0,0,2,,
2026-03-21 14:37:19,48,19,19,0,"fit: 3, efit: 3","fit: 3, efit: 2",,,,0,0,0,0,2,,
2026-03-21 14:52:21,48,19,19,0,"fit: 3, efit: 2","fit: 3, efit: 1",,,,0,0,0,0,2,,
2026-03-21 15:18:10,48,19,19,0,"fit: 3, efit: 1",fit: 3,,,,0,0,0,0,2,,
2026-03-21 15:24:51,48,19,19,0,"fit: 3, efit: 2","fit: 3, efit: 1",,,,0,0,0,0,2,,
2026-03-21 15:32:28,48,19,19,0,"fit: 3, efit: 1",fit: 3,,,,0,0,0,0,2,,
2026-03-21 15:59:58,48,19,19,0,"fit: 4, efit: 1",fit: 4,,,,0,0,0,0,2,,
2026-03-21 16:03:17,48,19,19,0,"fit: 3, efit: 1",fit: 3,,,,0,0,0,0,2,,
2026-03-21 16:10:00,48,19,19,0,"fit: 2, efit: 1",fit: 2,,,,0,0,0,0,2,,
2026-03-21 16:33:21,48,19,19,0,"fit: 1, efit: 1",fit: 1,,,,0,0,0,0,2,,
2026-03-21 16:50:08,48,19,19,0,"fit: 1, efit: 4","fit: 1, efit: 3",,,,0,0,0,0,2,,
2026-03-21 17:22:46,48,19,19,0,"fit: 1, efit: 3","fit: 1, efit: 2",,,,0,0,0,0,2,,
2026-03-21 17:32:48,48,19,19,0,"fit: 1, efit: 2","fit: 1, efit: 1",,,,0,0,0,0,2,,
2026-03-21 17:37:49,48,19,19,0,"fit: 1, efit: 3","fit: 1, efit: 2",,,,0,0,0,0,2,,
2026-03-21 17:40:17,48,19,19,0,"fit: 2, efit: 1",fit: 2,,,,0,0,0,0,2,,
2026-03-21 17:52:51,48,19,19,0,"fit: 1, efit: 1",fit: 1,,,,0,0,0,0,2,,
2026-03-21 18:00:21,48,19,19,0,"fit: 1, efit: 2","fit: 1, efit: 1",,,,0,0,0,0,2,,
2026-03-21 18:02:53,48,19,19,0,"fit: 1, efit: 1",fit: 1,,,,0,0,0,0,2,,
2026-03-21 18:07:54,48,19,19,0,"fit: 1, efit: 2","fit: 1, efit: 1",,,,0,0,0,0,2,,
2026-03-21 18:10:23,48,19,19,0,"fit: 1, efit: 4","fit: 1, efit: 3",,,,0,0,0,0,2,,
2026-03-21 18:37:59,48,19,19,0,"fit: 1, efit: 3","fit: 1, efit: 2",,,,0,0,0,0,2,,
2026-03-21 19:03:03,48,19,19,0,"fit: 1, efit: 2","fit: 1, efit: 1",,,,0,0,0,0,2,,
2026-03-21 19:23:06,48,19,19,0,"fit: 1, efit: 5","fit: 1, efit: 4",,,,0,0,0,0,2,,
2026-03-21 19:38:09,48,19,19,0,"fit: 1, efit: 4","fit: 1, efit: 3",,,,0,0,0,0,2,,
2026-03-21 19:40:41,48,19,19,0,"fit: 1, efit: 5","fit: 1, efit: 4",,,,0,0,0,0,2,,
2026-03-21 19:53:11,48,19,19,0,"fit: 1, efit: 6","fit: 1, efit: 5",,,,0,0,0,0,2,,
2026-03-21 19:58:12,48,19,19,0,"fit: 2, efit: 7","fit: 2, efit: 6",,,,0,0,0,0,2,,
2026-03-21 20:00:44,48,19,19,0,"fit: 2, efit: 6","fit: 2, efit: 5",,,,0,0,0,0,2,,
2026-03-21 20:13:14,48,19,19,0,"fit: 2, efit: 7","fit: 2, efit: 6",,,,0,0,0,0,2,,
2026-03-21 20:35:51,48,19,19,0,"fit: 3, efit: 9","fit: 3, efit: 8",,,,0,0,0,0,2,,
2026-03-21 20:38:18,48,19,19,0,"fit: 4, efit: 7","fit: 4, efit: 6",,,,0,0,0,0,2,,
2026-03-21 20:43:58,48,19,19,0,"fit: 4, efit: 6","fit: 4, efit: 5",,,,0,0,0,0,2,,
2026-03-21 20:48:20,48,19,19,0,"fit: 5, efit: 6","fit: 5, efit: 5",,,,0,0,0,0,2,,
2026-03-21 20:50:54,48,19,19,0,"fit: 5, efit: 7","fit: 5, efit: 6",,,,0,0,0,0,2,,
2026-03-21 20:58:22,48,19,19,0,"fit: 5, efit: 8","fit: 5, efit: 7",,,,0,0,0,0,2,,
2026-03-21 20:59:00,48,19,19,0,"fit: 5, efit: 7","fit: 5, efit: 6",,,,0,0,0,0,2,,
2026-03-21 21:08:23,48,19,19,0,"fit: 5, efit: 6","fit: 5, efit: 5",,,,0,0,0,0,2,,
2026-03-21 21:23:26,48,19,19,0,"fit: 5, efit: 7","fit: 5, efit: 6",,,,0,0,0,0,2,,
2026-03-21 21:26:01,48,19,19,0,"fit: 6, efit: 6","fit: 6, efit: 5",,,,0,0,0,0,2,,
2026-03-21 21:29:04,48,19,19,0,"fit: 5, efit: 6","fit: 5, efit: 5",,,,0,0,0,0,2,,
2026-03-21 21:34:05,48,19,19,0,"fit: 5, efit: 5","fit: 5, efit: 4",,,,0,0,0,0,2,,
2026-03-21 21:36:03,48,19,19,0,"fit: 5, efit: 6","fit: 5, efit: 5",,,,0,0,0,0,2,,
2026-03-21 21:38:28,48,19,19,0,"fit: 6, efit: 6","fit: 6, efit: 5",,,,0,0,0,0,2,,
2026-03-21 21:59:09,48,19,19,0,"fit: 6, efit: 7","fit: 6, efit: 6",,,,0,0,0,0,2,,
2026-03-21 22:03:32,48,19,19,0,"fit: 7, efit: 7","fit: 7, efit: 6",,,,0,0,0,0,2,,
2026-03-21 22:28:36,48,19,19,0,"fit: 7, efit: 6","fit: 7, efit: 5",,,,0,0,0,0,2,,
2026-03-21 22:33:37,48,19,19,0,"fit: 7, efit: 7","fit: 7, efit: 6",,,,0,0,0,0,2,,
2026-03-21 22:53:40,48,19,19,0,"fit: 7, efit: 6","fit: 7, efit: 5",,,,0,0,0,0,2,,
2026-03-21 22:58:41,48,19,19,0,"fit: 7, efit: 7","fit: 7, efit: 6",,,,0,0,0,0,2,,
2026-03-21 23:39:23,48,19,19,0,"fit: 7, efit: 5","fit: 7, efit: 4",,,,0,0,0,0,2,,
2026-03-21 23:53:50,48,19,19,0,"fit: 7, efit: 6","fit: 7, efit: 5",,,,0,0,0,0,2,,
2026-03-22 00:01:31,48,19,19,0,"fit: 7, efit: 6","fit: 7, efit: 5",,,,0,0,0,0,2,,
2026-03-22 01:06:44,48,19,19,0,"fit: 8, efit: 6","fit: 8, efit: 5",,,,0,0,0,0,2,,
2026-03-22 01:19:04,48,19,19,0,"fit: 8, efit: 7","fit: 8, efit: 6",,,,0,0,0,0,2,,
2026-03-22 01:59:44,48,19,19,0,"fit: 8, efit: 8","fit: 8, efit: 7",,,,0,0,0,0,2,,
2026-03-22 04:34:35,48,19,19,0,"fit: 8, efit: 9","fit: 8, efit: 8",,,,0,0,0,0,2,,
2026-03-22 05:17:31,48,19,19,0,"fit: 8, efit: 10","fit: 8, efit: 9",,,,0,0,0,0,2,,
2026-03-22 08:00:36,48,19,19,0,"fit: 8, efit: 9","fit: 8, efit: 8",,,,0,0,0,0,2,,
2026-03-22 08:40:15,48,19,19,0,"fit: 8, efit: 8","fit: 8, efit: 7",,,,0,0,0,0,2,,
2026-03-22 08:58:12,48,19,19,0,"fit: 8, efit: 7","fit: 8, efit: 6",,,,0,0,0,0,2,,
2026-03-22 09:13:15,48,19,19,0,"fit: 8, efit: 3","fit: 8, efit: 2",,,,0,0,0,0,2,,
2026-03-22 09:23:17,48,19,19,0,"fit: 8, efit: 2","fit: 8, efit: 2",,,,0,0,0,0,2,,
2026-03-22 09:28:18,48,19,19,0,"fit: 8, efit: 1","fit: 8, efit: 1",,,,0,0,0,0,2,,
2026-03-22 09:35:24,48,19,19,0,fit: 8,fit: 8,,,,0,0,0,0,2,,
2026-03-22 09:58:23,48,19,19,0,"fit: 8, efit: 1","fit: 8, efit: 1",,,,0,0,0,0,2,,
2026-03-22 10:03:24,48,19,19,0,fit: 7,fit: 7,,,,0,0,0,0,2,,
2026-03-22 10:33:30,48,19,19,0,fit: 6,fit: 6,,,,0,0,0,0,2,,
2026-03-22 10:55:38,48,19,19,0,fit: 5,fit: 5,,,,0,0,0,0,2,,
2026-03-22 10:58:35,48,19,19,0,fit: 4,fit: 4,,,,0,0,0,0,2,,
2026-03-22 11:15:41,48,19,19,0,fit: 3,fit: 3,,,,0,0,0,0,2,,
2026-03-22 11:35:44,48,19,19,0,"fit: 3, efit: 2","fit: 3, efit: 2",,,,0,0,0,0,2,,
2026-03-22 11:50:47,48,19,19,0,"fit: 3, efit: 1","fit: 3, efit: 1",,,,0,0,0,0,2,,
2026-03-22 11:55:48,48,19,19,0,fit: 3,fit: 3,,,,0,0,0,0,2,,
2026-03-22 12:06:11,48,19,19,0,fit: 2,fit: 2,,,,0,0,0,0,2,,
2026-03-22 12:10:50,48,19,19,0,fit: 1,fit: 1,,,,0,0,0,0,2,,
2026-03-22 12:13:49,48,19,19,0,fit: 3,fit: 3,,,,0,0,0,0,2,,
2026-03-22 12:53:57,48,19,19,0,"fit: 3, efit: 1","fit: 3, efit: 1",,,,0,0,0,0,2,,
2026-03-22 12:55:58,48,19,19,0,fit: 3,fit: 3,,,,0,0,0,0,2,,
2026-03-22 13:03:58,48,19,19,0,fit: 2,fit: 2,,,,0,0,0,0,2,,
2026-03-22 13:08:59,48,19,19,0,fit: 1,fit: 1,,,,0,0,0,0,2,,
2026-03-22 13:19:02,48,19,19,0,"fit: 1, efit: 1","fit: 1, efit: 1",,,,0,0,0,0,2,,
2026-03-22 13:21:02,48,19,19,0,efit: 1,efit: 1,,,,0,0,0,0,2,,
2026-03-22 13:29:04,48,19,19,0,efit: 2,efit: 2,,,,0,0,0,0,2,,
2026-03-22 13:31:24,48,19,19,0,efit: 3,efit: 3,,,,0,0,0,0,2,,
2026-03-22 13:41:06,48,19,19,0,efit: 2,efit: 2,,,,0,0,0,0,2,,
2026-03-22 13:44:07,48,19,19,0,efit: 1,efit: 1,,,,0,0,0,0,2,,
2026-03-22 13:46:07,48,19,19,0,"fit: 1, efit: 1","fit: 1, efit: 1",,,,0,0,0,0,2,,
2026-03-22 13:49:07,48,19,19,0,fit: 1,fit: 1,,,,0,0,0,0,2,,
2026-03-22 13:51:08,48,19,19,0,efit: 1,efit: 1,,,,0,0,0,0,2,,
2026-03-22 14:01:09,48,19,19,0,efit: 2,efit: 2,,,,0,0,0,0,2,,
2026-03-22 14:11:11,48,19,19,0,efit: 1,efit: 1,,,,0,0,0,0,2,,
2026-03-22 14:21:12,48,19,19,0,"fit: 1, efit: 2","fit: 1, efit: 2",,,,0,0,0,0,2,,
2026-03-22 14:24:14,48,19,19,0,"fit: 1, efit: 1","fit: 1, efit: 1",,,,0,0,0,0,2,,
2026-03-22 14:34:16,48,19,19,0,,,,,,0,0,0,0,2,,
2026-03-22 14:36:15,48,19,19,0,efit: 2,efit: 2,,,,0,0,0,0,2,,
2026-03-22 14:46:17,48,19,19,0,,,,,,0,0,0,0,2,,
2026-03-22 14:49:19,48,19,19,0,efit: 1,efit: 1,,,,0,0,0,0,2,,
2026-03-22 15:11:21,48,19,19,0,efit: 2,efit: 2,,,,0,0,0,0,2,,
2026-03-22 15:21:23,48,19,19,0,"fit: 1, efit: 1","fit: 1, efit: 1",,,,0,0,0,0,2,,
2026-03-22 15:36:25,48,19,19,0,fit: 1,fit: 1,,,,0,0,0,0,2,,
2026-03-22 15:46:27,48,19,19,0,"fit: 1, efit: 1","fit: 1, efit: 1",,,,0,0,0,0,2,,
2026-03-22 16:04:34,48,19,19,0,fit: 1,fit: 1,,,,0,0,0,0,2,,
2026-03-22 16:14:36,48,19,19,0,,,,,,0,0,0,0,2,,
2026-03-22 17:01:55,48,19,19,0,efit: 3,efit: 2,,,,0,0,0,0,2,,
2026-03-22 18:20:01,48,19,19,0,efit: 4,efit: 3,,,,0,0,0,0,2,,
2026-03-22 18:25:02,48,19,19,0,efit: 5,efit: 4,,,,0,0,0,0,2,,
2026-03-22 18:30:03,48,19,19,0,"fit: 1, efit: 4","fit: 1, efit: 3",,,,0,0,0,0,2,,
2026-03-22 19:00:08,48,19,19,0,"fit: 1, efit: 5","fit: 1, efit: 4",,,,0,0,0,0,2,,
2026-03-22 19:01:59,48,19,19,0,"fit: 1, efit: 4","fit: 1, efit: 3",,,,0,0,0,0,2,,
2026-03-22 19:20:12,48,19,19,0,"fit: 1, efit: 5","fit: 1, efit: 4",,,,0,0,0,0,2,,
2026-03-22 19:22:03,48,19,19,0,"fit: 1, efit: 6","fit: 1, efit: 5",,,,0,0,0,0,2,,
2026-03-22 19:40:16,48,19,19,0,"fit: 1, efit: 7","fit: 1, efit: 6",,,,0,0,0,0,2,,
2026-03-22 19:50:18,48,19,19,0,"fit: 1, efit: 6","fit: 1, efit: 5",,,,0,0,0,0,2,,
2026-03-22 19:55:19,48,19,19,0,"fit: 1, efit: 5","fit: 1, efit: 4",,,,0,0,0,0,2,,
2026-03-22 19:57:09,48,19,19,0,"fit: 1, efit: 6","fit: 1, efit: 5",,,,0,0,0,0,2,,
2026-03-22 20:10:22,48,19,19,0,"fit: 1, efit: 7","fit: 1, efit: 6",,,,0,0,0,0,2,,
2026-03-22 20:45:28,48,19,19,0,"fit: 1, efit: 8","fit: 1, efit: 7",,,,0,0,0,0,2,,
2026-03-22 20:47:17,48,19,19,0,"fit: 1, efit: 8","fit: 1, efit: 6",,,,0,0,0,0,2,,
2026-03-22 20:50:29,48,19,19,0,"fit: 2, efit: 8","fit: 2, efit: 6",,,,0,0,0,0,2,,
2026-03-22 21:00:31,48,19,19,0,"fit: 2, efit: 9","fit: 2, efit: 7",,,,0,0,0,0,2,,
2026-03-22 21:05:32,48,19,19,0,"fit: 2, efit: 8","fit: 2, efit: 6",,,,0,0,0,0,2,,
2026-03-22 21:15:34,48,19,19,0,"fit: 2, efit: 7","fit: 2, efit: 5",,,,0,0,0,0,2,,
2026-03-22 21:32:24,48,19,19,0,"fit: 2, efit: 6","fit: 2, efit: 4",,,,0,0,0,0,2,,
2026-03-22 22:10:45,48,19,19,0,"fit: 2, efit: 7","fit: 2, efit: 5",,,,0,0,0,0,2,,
2026-03-22 22:55:53,48,19,19,0,"fit: 2, efit: 8","fit: 2, efit: 6",,,,0,0,0,0,2,,
2026-03-22 22:57:38,48,19,19,0,"fit: 2, efit: 7","fit: 2, efit: 5",,,,0,0,0,0,2,,
2026-03-22 23:15:57,48,19,19,0,"fit: 2, efit: 9","fit: 2, efit: 7",,,,0,0,0,0,2,,
2026-03-23 00:01:05,48,19,19,0,"fit: 2, efit: 9","fit: 2, efit: 7",,,,0,0,0,0,2,,
2026-03-23 01:56:27,48,19,19,0,"fit: 2, efit: 9","fit: 2, efit: 6",,,,0,0,0,0,2,,
2026-03-23 03:26:44,48,19,19,0,"fit: 3, efit: 9","fit: 3, efit: 6",,,,0,0,0,0,2,,
2026-03-23 05:13:39,48,19,19,0,"fit: 3, efit: 10","fit: 3, efit: 7",,,,0,0,0,0,2,,
2026-03-23 06:43:48,48,19,19,0,"fit: 3, efit: 9","fit: 3, efit: 6",,,,0,0,0,0,2,,
2026-03-23 06:53:48,48,19,19,0,"fit: 3, efit: 10","fit: 3, efit: 7",,,,0,0,0,0,2,,
2026-03-23 07:33:53,48,19,19,0,"fit: 3, efit: 12","fit: 3, efit: 9",,,,0,0,0,0,2,,
2026-03-23 08:07:36,48,19,19,0,"fit: 3, efit: 11","fit: 3, efit: 8",,,,0,0,0,0,2,,
2026-03-23 08:22:43,48,19,19,0,"fit: 3, efit: 10","fit: 3, efit: 7",,,,0,0,0,0,2,,
2026-03-23 08:42:47,48,19,19,0,"fit: 3, efit: 9","fit: 3, efit: 6",,,,0,0,0,0,2,,
2026-03-23 08:47:47,48,19,19,0,"fit: 3, efit: 7","fit: 3, efit: 4",,,,0,0,0,0,2,,
2026-03-23 08:52:49,48,19,19,0,"fit: 3, efit: 6","fit: 3, efit: 3",,,,0,0,0,0,2,,
2026-03-23 09:02:50,48,19,19,0,"fit: 3, efit: 5","fit: 3, efit: 2",,,,0,0,0,0,2,,
2026-03-23 09:07:51,48,19,19,0,"fit: 3, efit: 4","fit: 3, efit: 1",,,,0,0,0,0,2,,
2026-03-23 09:37:57,48,19,19,0,"fit: 3, efit: 3","fit: 3, efit: 1",,,,0,0,0,0,2,,
2026-03-23 09:39:11,48,19,19,0,"fit: 3, efit: 4","fit: 3, efit: 2",,,,0,0,0,0,2,,
2026-03-23 09:39:16,48,19,19,0,"fit: 3, efit: 3","fit: 3, efit: 2",,,,0,0,0,0,2,,
2026-03-23 09:42:58,48,19,19,0,"fit: 3, efit: 4","fit: 3, efit: 4",,,,0,0,0,0,2,,
2026-03-23 09:53:00,48,19,19,0,"fit: 3, efit: 3","fit: 3, efit: 3",,,,0,0,0,0,2,,
2026-03-23 09:58:01,48,19,19,0,"fit: 3, efit: 2","fit: 3, efit: 2",,,,0,0,0,0,2,,
2026-03-23 10:03:02,48,19,19,0,"fit: 3, efit: 3","fit: 3, efit: 3",,,,0,0,0,0,2,,
2026-03-23 10:04:15,48,19,19,0,"fit: 3, efit: 2","fit: 3, efit: 2",,,,0,0,0,0,2,,
2026-03-23 10:08:03,48,19,19,0,"fit: 3, efit: 1","fit: 3, efit: 1",,,,0,0,0,0,2,,
2026-03-23 10:18:05,48,19,19,0,"fit: 2, efit: 1","fit: 2, efit: 1",,,,0,0,0,0,2,,
2026-03-23 10:44:21,48,19,19,0,"fit: 1, efit: 1","fit: 1, efit: 1",,,,0,0,0,0,2,,
2026-03-23 10:53:12,48,19,19,0,fit: 1,fit: 1,,,,0,0,0,0,2,,
2026-03-23 11:29:28,48,19,19,0,"fit: 1, efit: 1","fit: 1, efit: 1",,,,0,0,0,0,2,,
2026-03-23 11:54:32,48,19,19,0,fit: 1,fit: 1,,,,0,0,0,0,2,,
2026-03-23 12:23:30,48,19,19,0,"fit: 1, efit: 1","fit: 1, efit: 1",,,,0,0,0,0,2,,
2026-03-23 12:28:31,48,19,19,0,fit: 1,fit: 1,,,,0,0,0,0,2,,
2026-03-23 13:03:37,48,19,19,0,,,,,,0,0,0,0,2,,
2026-03-23 13:33:43,48,19,19,0,efit: 1,efit: 1,,,,0,0,0,0,2,,
2026-03-23 13:39:48,48,19,19,0,efit: 2,efit: 2,,,,0,0,0,0,2,,
2026-03-23 14:03:49,48,19,19,0,efit: 1,efit: 1,,,,0,0,0,0,2,,
2026-03-23 14:59:00,48,19,19,0,,,,,,0,0,0,0,2,,
2026-03-23 15:05:02,48,19,19,0,efit: 1,efit: 1,,,,0,0,0,0,2,,
2026-03-23 15:09:02,48,19,19,0,,,,,,0,0,0,0,2,,
2026-03-23 15:29:06,48,19,19,0,efit: 1,efit: 1,,,,0,0,0,0,2,,
2026-03-23 15:44:09,48,19,19,0,,,,,,0,0,0,0,2,,
2026-03-23 17:54:34,48,19,19,0,efit: 1,efit: 1,,,,0,0,0,0,2,,
2026-03-23 18:34:42,48,19,19,0,"fit: 1, efit: 1","fit: 1, efit: 1",,,,0,0,0,0,2,,
2026-03-23 18:49:45,48,19,19,0,fit: 1,fit: 1,,,,0,0,0,0,2,,
2026-03-23 19:24:51,48,19,19,0,"fit: 1, efit: 1","fit: 1, efit: 1",,,,0,0,0,0,2,,
2026-03-23 19:54:57,48,19,19,0,fit: 1,fit: 1,,,,0,0,0,0,2,,
2026-03-23 20:15:48,48,19,19,0,fit: 2,fit: 2,,,,0,0,0,0,2,,
2026-03-23 20:55:09,48,19,19,0,"fit: 2, efit: 1","fit: 2, efit: 1",,,,0,0,0,0,2,,
2026-03-23 21:40:18,48,19,19,0,"fit: 2, efit: 2","fit: 2, efit: 2",,,,0,0,0,0,2,,
2026-03-23 22:10:24,48,19,19,0,"fit: 2, efit: 3","fit: 2, efit: 3",,,,0,0,0,0,2,,
2026-03-23 22:25:27,48,19,19,0,"fit: 2, efit: 4","fit: 2, efit: 4",,,,0,0,0,0,2,,
2026-03-23 22:35:29,48,19,19,0,"fit: 2, efit: 3","fit: 2, efit: 3",,,,0,0,0,0,2,,
2026-03-23 22:36:27,48,19,19,0,"fit: 1, efit: 3","fit: 1, efit: 3",,,,0,0,0,0,2,,
2026-03-23 22:50:32,48,19,19,0,"fit: 1, efit: 2","fit: 1, efit: 2",,,,0,0,0,0,2,,
2026-03-24 00:00:45,48,19,19,0,"fit: 1, efit: 2","fit: 1, efit: 2",,,,0,0,0,0,2,,
2026-03-24 00:05:46,48,19,19,0,"fit: 2, efit: 2","fit: 2, efit: 2",,,,0,0,0,0,2,,
2026-03-24 00:40:53,48,19,19,0,"fit: 2, efit: 1","fit: 2, efit: 1",,,,0,0,0,0,2,,
2026-03-24 01:26:02,48,19,19,0,"fit: 2, efit: 2","fit: 2, efit: 2",,,,0,0,0,0,2,,
2026-03-24 01:26:33,48,19,19,0,"fit: 2, efit: 1","fit: 2, efit: 1",,,,0,0,0,0,2,,
2026-03-24 05:26:47,48,19,19,0,fit: 2,fit: 2,,,,0,0,0,0,2,,
2026-03-24 07:37:12,48,19,19,0,fit: 1,fit: 1,,,,0,0,0,0,2,,
2026-03-24 09:27:33,48,19,19,0,"fit: 1, efit: 1",fit: 1,,,,0,0,0,0,2,,
2026-03-24 09:32:34,48,19,19,0,efit: 1,,,,,0,0,0,0,2,,
2026-03-24 10:07:41,48,19,19,0,efit: 2,efit: 1,,,,0,0,0,0,2,,
2026-03-24 10:22:44,48,19,19,0,efit: 3,efit: 2,,,,0,0,0,0,2,,
2026-03-24 10:32:46,48,19,19,0,efit: 2,efit: 1,,,,0,0,0,0,2,,
2026-03-24 10:37:47,48,19,19,0,efit: 1,,,,,0,0,0,0,2,,
2026-03-24 11:30:50,48,19,19,0,efit: 1,efit: 1,,,,0,0,0,0,2,,
2026-03-24 11:31:34,48,19,19,0,efit: 2,efit: 2,,,,0,0,0,0,2,,
2026-03-24 12:01:23,48,19,19,0,efit: 1,efit: 1,,,,0,0,0,0,2,,
2026-03-24 12:41:02,48,19,19,0,,,,,,0,0,0,0,2,,
2026-03-24 14:26:21,48,19,19,0,efit: 2,efit: 2,,,,0,0,0,0,2,,
2026-03-24 14:31:47,48,19,19,0,efit: 1,efit: 1,,,,0,0,0,0,2,,
2026-03-24 14:56:26,48,19,19,0,,,,,,0,0,0,0,2,,
2026-03-24 15:16:29,48,19,19,0,efit: 2,efit: 2,,,,0,0,0,0,2,,
2026-03-24 15:26:31,48,19,19,0,,,,,,0,0,0,0,2,,
2026-03-24 15:36:33,48,19,19,0,efit: 1,efit: 1,,,,0,0,0,0,2,,
2026-03-24 15:36:57,48,19,19,0,efit: 2,efit: 2,,,,0,0,0,0,2,,
2026-03-24 16:01:37,48,19,19,0,"fit: 1, efit: 1","fit: 1, efit: 1",,,,0,0,0,0,2,,
2026-03-24 16:06:38,48,19,19,0,fit: 1,fit: 1,,,,0,0,0,0,2,,
2026-03-24 16:16:40,48,19,19,0,,,,,,0,0,0,0,2,,
2026-03-24 17:01:48,48,19,19,0,efit: 1,efit: 1,,,,0,0,0,0,2,,
2026-03-24 17:17:44,48,19,19,0,efit: 2,efit: 2,,,,0,0,0,0,2,,
2026-03-24 17:36:54,48,19,19,0,efit: 1,efit: 1,,,,0,0,0,0,2,,
2026-03-24 17:51:57,48,19,19,0,efit: 2,efit: 2,,,,0,0,0,0,2,,
2026-03-24 17:52:51,48,19,19,0,efit: 3,efit: 3,,,,0,0,0,0,2,,
2026-03-24 17:56:58,48,19,19,0,efit: 2,efit: 2,,,,0,0,0,0,2,,
2026-03-24 17:57:52,48,19,19,0,efit: 3,efit: 3,,,,0,0,0,0,2,,
2026-03-24 18:06:59,48,19,19,0,efit: 6,efit: 6,,,,0,0,0,0,2,,
2026-03-24 18:17:01,48,19,19,0,efit: 7,efit: 7,,,,0,0,0,0,2,,
2026-03-24 18:37:05,48,19,19,0,efit: 6,efit: 6,,,,0,0,0,0,2,,
2026-03-24 18:42:06,48,19,19,0,efit: 5,efit: 5,,,,0,0,0,0,2,,
2026-03-24 18:47:06,48,19,19,0,efit: 2,efit: 2,,,,0,0,0,0,2,,
2026-03-24 18:47:26,48,19,19,0,efit: 3,efit: 3,,,,0,0,0,0,2,,
2026-03-24 18:48:02,48,19,19,0,efit: 2,efit: 2,,,,0,0,0,0,2,,
2026-03-24 18:52:07,48,19,19,0,efit: 1,efit: 1,,,,0,0,0,0,2,,
2026-03-24 18:53:04,48,19,19,0,,,,,,0,0,0,0,2,,
2026-03-24 19:02:09,48,19,19,0,efit: 1,efit: 1,,,,0,0,0,0,2,,
2026-03-24 19:12:11,48,19,19,0,"fit: 1, efit: 1","fit: 1, efit: 1",,,,0,0,0,0,2,,
2026-03-24 19:17:11,48,19,19,0,"fit: 1, efit: 2","fit: 1, efit: 2",,,,0,0,0,0,2,,
2026-03-24 19:18:08,48,19,19,0,"fit: 1, efit: 4","fit: 1, efit: 4",,,,0,0,0,0,2,,
2026-03-24 19:52:17,48,19,19,0,"fit: 2, efit: 4","fit: 2, efit: 4",,,,0,0,0,0,2,,
2026-03-24 20:02:19,48,19,19,0,"fit: 2, efit: 5","fit: 2, efit: 5",,,,0,0,0,0,2,,
2026-03-24 20:12:21,48,19,19,0,"fit: 2, efit: 4","fit: 2, efit: 4",,,,0,0,0,0,2,,
2026-03-24 20:17:22,48,19,19,0,"fit: 2, efit: 5","fit: 2, efit: 5",,,,0,0,0,0,2,,
2026-03-24 20:27:23,48,19,19,0,"fit: 2, efit: 6","fit: 2, efit: 5",efit: 1,,,0,0,0,0,2,,
2026-03-24 20:32:24,48,19,19,0,"fit: 2, efit: 5","fit: 2, efit: 4",efit: 1,,,0,0,0,0,2,,
2026-03-24 20:42:26,48,19,19,0,"fit: 2, efit: 6","fit: 2, efit: 5",efit: 1,,,0,0,0,0,2,,
2026-03-24 20:52:27,48,19,19,0,"fit: 2, efit: 5","fit: 2, efit: 4",efit: 1,,,0,0,0,0,2,,
2026-03-24 20:57:28,48,19,19,0,"fit: 2, efit: 6","fit: 2, efit: 5",efit: 1,,,0,0,0,0,2,,
2026-03-24 21:18:32,48,19,19,0,"fit: 2, efit: 7","fit: 2, efit: 6",efit: 1,,,0,0,0,0,2,,
2026-03-24 21:27:33,48,19,19,0,"fit: 2, efit: 6","fit: 2, efit: 5",efit: 1,,,0,0,0,0,2,,
2026-03-24 21:28:34,48,19,19,0,"fit: 3, efit: 6","fit: 3, efit: 5",efit: 1,,,0,0,0,0,2,,
2026-03-24 21:32:34,48,19,19,0,"fit: 3, efit: 5","fit: 3, efit: 4",efit: 1,,,0,0,0,0,2,,
2026-03-24 21:37:35,48,19,19,0,"fit: 3, efit: 4","fit: 3, efit: 3",efit: 1,,,0,0,0,0,2,,
2026-03-24 21:42:36,48,19,19,0,"fit: 3, efit: 5","fit: 3, efit: 4",efit: 1,,,0,0,0,0,2,,
2026-03-24 22:02:39,48,19,19,0,"fit: 3, efit: 6","fit: 3, efit: 5",efit: 1,,,0,0,0,0,2,,
2026-03-24 22:12:41,48,19,19,0,"fit: 4, efit: 6","fit: 4, efit: 5",efit: 1,,,0,0,0,0,2,,
2026-03-24 22:22:43,48,19,19,0,"fit: 5, efit: 6","fit: 5, efit: 5",efit: 1,,,0,0,0,0,2,,
2026-03-24 22:38:47,48,19,19,0,"fit: 5, efit: 7","fit: 5, efit: 6",efit: 1,,,0,0,0,0,2,,
2026-03-24 22:58:51,48,19,19,0,"fit: 5, efit: 8","fit: 5, efit: 7",efit: 1,,,0,0,0,0,2,,
2026-03-25 00:00:14,48,19,19,0,"fit: 5, efit: 8","fit: 5, efit: 7",efit: 1,,,0,0,0,0,2,,
2026-03-25 04:45:56,48,19,19,0,"fit: 5, efit: 7","fit: 5, efit: 6",efit: 1,,,0,0,0,0,2,,
2026-03-25 07:01:17,48,19,19,0,"fit: 5, efit: 6","fit: 5, efit: 5",efit: 1,,,0,0,0,0,2,,
2026-03-25 07:56:25,48,19,19,0,"fit: 5, efit: 5","fit: 5, efit: 4",efit: 1,,,0,0,0,0,2,,
2026-03-25 08:11:27,48,19,19,0,"fit: 5, efit: 4","fit: 5, efit: 3",efit: 1,,,0,0,0,0,2,,
2026-03-25 08:21:28,48,19,19,0,"fit: 5, efit: 3","fit: 5, efit: 2",efit: 1,,,0,0,0,0,2,,
2026-03-25 09:21:38,48,19,19,0,"fit: 5, efit: 4","fit: 5, efit: 3",efit: 1,,,0,0,0,0,2,,
2026-03-25 09:22:32,48,19,19,0,"fit: 5, efit: 5","fit: 5, efit: 4",efit: 1,,,0,0,0,0,2,,
2026-03-25 09:26:38,48,19,19,0,"fit: 5, efit: 6","fit: 5, efit: 5",efit: 1,,,0,0,0,0,2,,
2026-03-25 09:51:42,48,19,19,0,"fit: 5, efit: 5","fit: 5, efit: 4",efit: 1,,,0,0,0,0,2,,
2026-03-25 10:01:44,48,19,19,0,"fit: 5, efit: 4","fit: 5, efit: 3",efit: 1,,,0,0,0,0,2,,
2026-03-25 10:06:44,48,19,19,0,"fit: 5, efit: 2","fit: 5, efit: 1",efit: 1,,,0,0,0,0,2,,
2026-03-25 10:42:20,48,19,19,0,"fit: 5, efit: 1",fit: 5,efit: 1,,,0,0,0,0,2,,
2026-03-25 10:56:52,48,19,19,0,"fit: 5, efit: 2","fit: 5, efit: 1",efit: 1,,,0,0,0,0,2,,
2026-03-25 10:57:22,48,19,19,0,"fit: 5, efit: 1",fit: 5,efit: 1,,,0,0,0,0,2,,
2026-03-25 11:16:55,48,19,19,0,"fit: 4, efit: 1",fit: 4,efit: 1,,,0,0,0,0,2,,
2026-03-25 11:48:01,48,19,19,0,"fit: 3, efit: 1",fit: 3,efit: 1,,,0,0,0,0,2,,
2026-03-25 11:52:00,48,19,19,0,"fit: 2, efit: 2","fit: 2, efit: 1",efit: 1,,,0,0,0,0,2,,
2026-03-25 11:57:01,48,19,19,0,"fit: 3, efit: 1",fit: 3,efit: 1,,,0,0,0,0,2,,
2026-03-25 12:02:02,48,19,19,0,"fit: 2, efit: 2","fit: 2, efit: 1",efit: 1,,,0,0,0,0,2,,
2026-03-25 12:12:03,48,19,19,0,"fit: 2, efit: 3","fit: 2, efit: 2",efit: 1,,,0,0,0,0,2,,
2026-03-25 12:27:06,48,19,19,0,"fit: 2, efit: 1",fit: 2,efit: 1,,,0,0,0,0,2,,
2026-03-25 12:28:09,48,19,19,0,"fit: 2, efit: 2","fit: 2, efit: 1",efit: 1,,,0,0,0,0,2,,
2026-03-25 12:37:07,48,19,19,0,"fit: 2, efit: 1",fit: 2,efit: 1,,,0,0,0,0,2,,
2026-03-25 12:42:08,48,19,19,0,"fit: 1, efit: 2","fit: 1, efit: 1",efit: 1,,,0,0,0,0,2,,
2026-03-25 12:52:10,48,19,19,0,efit: 2,efit: 1,efit: 1,,,0,0,0,0,2,,
2026-03-25 12:53:14,48,19,19,0,efit: 1,,efit: 1,,,0,0,0,0,2,,
2026-03-25 13:07:12,48,19,19,0,efit: 2,efit: 1,efit: 1,,,0,0,0,0,2,,
2026-03-25 13:47:52,48,19,19,0,efit: 1,,efit: 1,,,0,0,0,0,2,,
2026-03-25 14:32:25,48,19,19,0,efit: 2,efit: 1,efit: 1,,,0,0,0,0,2,,
2026-03-25 14:53:03,48,19,19,0,efit: 1,,efit: 1,,,0,0,0,0,2,,
2026-03-25 15:02:30,48,19,19,0,efit: 4,efit: 4,,,,0,0,0,0,2,,
2026-03-25 15:12:31,48,19,19,0,efit: 5,efit: 5,,,,0,0,0,0,2,,
2026-03-25 15:22:33,48,19,19,0,efit: 6,efit: 6,,,,0,0,0,0,2,,
2026-03-25 15:37:35,48,19,19,0,efit: 7,efit: 7,,,,0,0,0,0,2,,
2026-03-25 15:52:37,48,19,19,0,efit: 6,efit: 6,,,,0,0,0,0,2,,
2026-03-25 15:53:14,48,19,19,0,efit: 7,efit: 7,,,,0,0,0,0,2,,
2026-03-25 15:57:38,48,19,19,0,"fit: 1, efit: 7","fit: 1, efit: 7",,,,0,0,0,0,2,,
2026-03-25 16:02:39,48,19,19,0,"fit: 1, efit: 10","fit: 1, efit: 10",,,,0,0,0,0,2,,
2026-03-25 16:27:43,48,19,19,0,"fit: 1, efit: 12","fit: 1, efit: 12",,,,0,0,0,0,2,,
2026-03-25 16:43:22,48,19,19,0,"fit: 1, efit: 11","fit: 1, efit: 11",,,,0,0,0,0,2,,
2026-03-25 16:47:46,48,19,19,0,"fit: 2, efit: 11","fit: 2, efit: 11",,,,0,0,0,0,2,,
2026-03-25 16:53:24,48,19,19,0,"fit: 2, efit: 12","fit: 2, efit: 12",,,,0,0,0,0,2,,
2026-03-25 16:58:25,48,19,19,0,"fit: 2, efit: 11","fit: 2, efit: 11",,,,0,0,0,0,2,,
2026-03-25 17:02:49,48,19,19,0,"fit: 2, efit: 12","fit: 2, efit: 12",,,,0,0,0,0,2,,
2026-03-25 17:12:50,48,19,19,0,"fit: 2, efit: 11","fit: 2, efit: 11",,,,0,0,0,0,2,,
2026-03-25 17:17:51,48,19,19,0,"fit: 3, efit: 10","fit: 3, efit: 10",,,,0,0,0,0,2,,
2026-03-25 17:18:28,48,19,19,0,"fit: 3, efit: 9","fit: 3, efit: 9",,,,0,0,0,0,2,,
2026-03-25 17:24:07,48,19,19,0,"fit: 4, efit: 9","fit: 4, efit: 9",,,,0,0,0,0,2,,
2026-03-25 17:32:53,48,19,19,0,"fit: 4, efit: 10","fit: 4, efit: 10",,,,0,0,0,0,2,,
2026-03-25 17:42:55,48,19,19,0,"fit: 4, efit: 9","fit: 4, efit: 9",,,,0,0,0,0,2,,
2026-03-25 17:57:57,48,19,19,0,"fit: 4, efit: 8","fit: 4, efit: 8",,,,0,0,0,0,2,,
2026-03-25 18:14:17,48,19,19,0,"fit: 4, efit: 7","fit: 4, efit: 7",,,,0,0,0,0,2,,
2026-03-25 18:28:02,48,19,19,0,"fit: 2, efit: 1","fit: 2, efit: 1",,,,0,0,0,0,2,,
2026-03-25 18:43:04,48,19,19,0,fit: 2,fit: 2,,,,0,0,0,0,2,,
2026-03-25 18:48:05,48,19,19,0,fit: 1,fit: 1,,,,0,0,0,0,2,,
2026-03-25 18:58:46,48,19,19,0,"fit: 1, efit: 1","fit: 1, efit: 1",,,,0,0,0,0,2,,
2026-03-25 19:13:09,48,19,19,0,fit: 1,fit: 1,,,,0,0,0,0,2,,
2026-03-25 19:18:10,48,19,19,0,efit: 1,efit: 1,,,,0,0,0,0,2,,
2026-03-25 19:29:32,48,19,19,0,,,,,,0,0,0,0,2,,
2026-03-25 19:38:13,48,19,19,0,fit: 1,fit: 1,,,,0,0,0,0,2,,
2026-03-25 19:43:13,48,19,19,0,,,,,,0,0,0,0,2,,
2026-03-25 19:54:37,48,19,19,0,efit: 1,efit: 1,,,,0,0,0,0,2,,
2026-03-25 20:03:16,48,19,19,0,efit: 2,efit: 2,,,,0,0,0,0,2,,
2026-03-25 20:08:17,48,19,19,0,efit: 3,efit: 3,,,,0,0,0,0,2,,
2026-03-25 20:13:18,48,19,19,0,efit: 5,efit: 5,,,,0,0,0,0,2,,
2026-03-25 20:14:41,48,19,19,0,efit: 4,efit: 4,,,,0,0,0,0,2,,
2026-03-25 20:18:18,48,19,19,0,efit: 3,efit: 3,,,,0,0,0,0,2,,
2026-03-25 20:28:20,48,19,19,0,efit: 4,efit: 4,,,,0,0,0,0,2,,
2026-03-25 20:33:21,48,19,19,0,efit: 5,efit: 5,,,,0,0,0,0,2,,
2026-03-25 20:34:03,48,19,19,0,efit: 6,efit: 6,,,,0,0,0,0,2,,
2026-03-25 20:38:21,48,19,19,0,efit: 5,efit: 5,,,,0,0,0,0,2,,
2026-03-25 20:54:49,48,19,19,0,efit: 4,efit: 4,,,,0,0,0,0,2,,
2026-03-25 21:08:26,48,19,19,0,efit: 3,efit: 3,,,,0,0,0,0,2,,
2026-03-25 21:23:28,48,19,19,0,efit: 2,efit: 2,,,,0,0,0,0,2,,
2026-03-25 21:33:29,48,19,19,0,efit: 1,efit: 1,,,,0,0,0,0,2,,
2026-03-25 21:53:32,48,19,19,0,efit: 2,efit: 2,,,,0,0,0,0,2,,
2026-03-25 22:08:35,48,19,19,0,efit: 3,efit: 3,,,,0,0,0,0,2,,
2026-03-25 22:13:35,48,19,19,0,efit: 2,efit: 2,,,,0,0,0,0,2,,
2026-03-25 22:33:38,48,19,19,0,efit: 3,efit: 3,,,,0,0,0,0,2,,
2026-03-25 22:48:40,48,19,19,0,efit: 4,efit: 4,,,,0,0,0,0,2,,
2026-03-25 23:10:16,48,19,19,0,"fit: 1, efit: 3","fit: 1, efit: 3",,,,0,0,0,0,2,,
2026-03-26 00:00:26,48,19,19,0,"fit: 1, efit: 3","fit: 1, efit: 3",,,,0,0,0,0,2,,
2026-03-26 00:13:53,48,19,19,0,"fit: 1, efit: 4","fit: 1, efit: 4",,,,0,0,0,0,2,,
2026-03-26 01:09:49,48,19,19,0,"fit: 1, efit: 5","fit: 1, efit: 5",,,,0,0,0,0,2,,
2026-03-26 01:19:02,48,19,19,0,"fit: 1, efit: 4","fit: 1, efit: 4",,,,0,0,0,0,2,,
2026-03-26 05:24:38,48,19,19,0,"fit: 1, efit: 3","fit: 1, efit: 3",,,,0,0,0,0,2,,
2026-03-26 05:46:33,48,19,19,0,"fit: 1, efit: 2","fit: 1, efit: 2",,,,0,0,0,0,2,,
2026-03-26 06:49:50,48,19,19,0,"fit: 1, efit: 1","fit: 1, efit: 1",,,,0,0,0,0,2,,
2026-03-26 07:09:53,48,19,19,0,fit: 1,fit: 1,,,,0,0,0,0,2,,
2026-03-26 07:44:58,48,19,19,0,"fit: 1, efit: 1","fit: 1, efit: 1",,,,0,0,0,0,2,,
2026-03-26 08:00:01,48,19,19,0,fit: 2,fit: 2,,,,0,0,0,0,2,,
2026-03-26 09:15:12,48,19,19,0,fit: 1,fit: 1,,,,0,0,0,0,2,,
2026-03-26 09:35:16,48,19,19,0,,,,,,0,0,0,0,2,,
2026-03-26 09:40:16,48,19,19,0,efit: 2,efit: 2,,,,0,0,0,0,2,,
2026-03-26 09:45:17,48,19,19,0,"fit: 1, efit: 1","fit: 1, efit: 1",,,,0,0,0,0,2,,
2026-03-26 09:50:18,48,19,19,0,"fit: 1, efit: 2","fit: 1, efit: 2",,,,0,0,0,0,2,,
2026-03-26 10:00:20,48,19,19,0,fit: 1,fit: 1,,,,0,0,0,0,2,,
2026-03-26 10:35:25,48,19,19,0,,,,,,0,0,0,0,2,,
2026-03-26 10:55:28,48,19,19,0,fit: 1,fit: 1,,,,0,0,0,0,2,,
2026-03-26 11:11:31,48,19,19,0,,,,,,0,0,0,0,2,,
2026-03-26 11:50:36,48,19,19,0,fit: 1,fit: 1,,,,0,0,0,0,2,,
2026-03-26 11:51:38,48,19,19,0,"fit: 2, efit: 1","fit: 2, efit: 1",,,,0,0,0,0,2,,
2026-03-26 11:55:37,48,19,19,0,"fit: 2, efit: 2","fit: 2, efit: 2",,,,0,0,0,0,2,,
2026-03-26 12:00:38,48,19,19,0,"fit: 2, efit: 1","fit: 2, efit: 1",,,,0,0,0,0,2,,
2026-03-26 12:36:46,48,19,19,0,fit: 1,fit: 1,,,,0,0,0,0,2,,
2026-03-26 12:50:45,48,19,19,0,"fit: 1, efit: 1","fit: 1, efit: 1",,,,0,0,0,0,2,,
2026-03-26 13:16:54,48,19,19,0,fit: 1,fit: 1,,,,0,0,0,0,2,,
2026-03-26 13:33:06,48,19,19,0,,,,,,0,0,0,0,2,,
2026-03-26 13:55:55,48,19,19,0,fit: 1,fit: 1,,,,0,0,0,0,2,,
2026-03-26 14:18:14,48,19,19,0,"fit: 1, efit: 1","fit: 1, efit: 1",,,,0,0,0,0,2,,
2026-03-26 14:20:59,48,19,19,0,"fit: 1, efit: 2","fit: 1, efit: 2",,,,0,0,0,0,2,,
2026-03-26 14:31:01,48,19,19,0,"fit: 2, efit: 2","fit: 2, efit: 2",,,,0,0,0,0,2,,
2026-03-26 14:38:18,48,19,19,0,"fit: 2, efit: 1","fit: 2, efit: 1",,,,0,0,0,0,2,,
2026-03-26 14:57:12,48,19,19,0,fit: 2,fit: 2,,,,0,0,0,0,2,,
2026-03-26 15:02:13,48,19,19,0,fit: 1,fit: 1,,,,0,0,0,0,2,,
2026-03-26 15:16:08,48,19,19,0,fit: 3,fit: 3,,,,0,0,0,0,2,,
2026-03-26 15:18:06,48,19,19,0,"fit: 3, efit: 1","fit: 3, efit: 1",,,,0,0,0,0,2,,
2026-03-26 15:32:19,48,19,19,0,"fit: 3, efit: 2","fit: 3, efit: 2",,,,0,0,0,0,2,,
2026-03-26 15:46:13,48,19,19,0,"fit: 3, efit: 3","fit: 3, efit: 3",,,,0,0,0,0,2,,
2026-03-26 15:48:12,48,19,19,0,"fit: 3, efit: 4","fit: 3, efit: 4",,,,0,0,0,0,2,,
2026-03-26 15:52:22,48,19,19,0,"fit: 3, efit: 6","fit: 3, efit: 6",,,,0,0,0,0,2,,
2026-03-26 16:01:15,48,19,19,0,"fit: 3, efit: 7","fit: 3, efit: 7",,,,0,0,0,0,2,,
2026-03-26 16:11:16,48,19,19,0,"fit: 3, efit: 6","fit: 3, efit: 6",,,,0,0,0,0,2,,
2026-03-26 16:16:17,48,19,19,0,"fit: 3, efit: 5","fit: 3, efit: 5",,,,0,0,0,0,2,,
2026-03-26 16:31:19,48,19,19,0,"fit: 3, efit: 6","fit: 3, efit: 6",,,,0,0,0,0,2,,
2026-03-26 16:36:20,48,19,19,0,"fit: 3, efit: 7","fit: 3, efit: 7",,,,0,0,0,0,2,,
2026-03-26 16:42:31,48,19,19,0,"fit: 3, efit: 5","fit: 3, efit: 5",,,,0,0,0,0,2,,
2026-03-26 16:46:22,48,19,19,0,"fit: 3, efit: 6","fit: 3, efit: 6",,,,0,0,0,0,2,,
2026-03-26 16:57:34,48,19,19,0,"fit: 4, efit: 6","fit: 4, efit: 6",,,,0,0,0,0,2,,
2026-03-26 17:01:24,48,19,19,0,"fit: 5, efit: 6","fit: 5, efit: 6",,,,0,0,0,0,2,,
2026-03-26 17:03:27,48,19,19,0,"fit: 5, efit: 5","fit: 5, efit: 5",,,,0,0,0,0,2,,
2026-03-26 17:11:26,48,19,19,0,"fit: 5, efit: 4","fit: 5, efit: 4",,,,0,0,0,0,2,,
2026-03-26 17:18:30,48,19,19,0,"fit: 5, efit: 5","fit: 5, efit: 5",,,,0,0,0,0,2,,
2026-03-26 17:26:28,48,19,19,0,"fit: 5, efit: 3","fit: 5, efit: 3",,,,0,0,0,0,2,,
2026-03-26 17:31:29,48,19,19,0,"fit: 5, efit: 4","fit: 5, efit: 4",,,,0,0,0,0,2,,
2026-03-26 17:46:31,48,19,19,0,"fit: 5, efit: 3","fit: 5, efit: 3",,,,0,0,0,0,2,,
2026-03-26 17:47:42,48,19,19,0,"fit: 6, efit: 2","fit: 6, efit: 2",,,,0,0,0,0,2,,
2026-03-26 17:48:36,48,19,19,0,"fit: 6, efit: 1","fit: 6, efit: 1",,,,0,0,0,0,2,,
2026-03-26 17:51:32,48,19,19,0,fit: 6,fit: 6,,,,0,0,0,0,2,,
2026-03-26 18:28:44,48,19,19,0,"fit: 6, efit: 1","fit: 6, efit: 1",,,,0,0,0,0,2,,
2026-03-26 18:31:38,48,19,19,0,"fit: 5, efit: 2","fit: 5, efit: 2",,,,0,0,0,0,2,,
2026-03-26 18:36:39,48,19,19,0,"fit: 5, efit: 3","fit: 5, efit: 3",,,,0,0,0,0,2,,
2026-03-26 18:38:46,48,19,19,0,"fit: 6, efit: 1","fit: 6, efit: 1",,,,0,0,0,0,2,,
2026-03-26 18:41:40,48,19,19,0,"fit: 7, efit: 2","fit: 7, efit: 2",,,,0,0,0,0,2,,
2026-03-26 18:46:40,48,19,19,0,"fit: 7, efit: 1","fit: 7, efit: 1",,,,0,0,0,0,2,,
2026-03-26 18:47:53,48,19,19,0,"fit: 7, efit: 2","fit: 7, efit: 2",,,,0,0,0,0,2,,
2026-03-26 18:56:42,48,19,19,0,fit: 7,fit: 7,,,,0,0,0,0,2,,
2026-03-26 19:06:43,48,19,19,0,fit: 6,fit: 6,,,,0,0,0,0,2,,
2026-03-26 19:21:46,48,19,19,0,fit: 5,fit: 5,,,,0,0,0,0,2,,
2026-03-26 19:31:47,48,19,19,0,fit: 4,fit: 4,,,,0,0,0,0,2,,
2026-03-26 19:41:49,48,19,19,0,fit: 3,fit: 3,,,,0,0,0,0,2,,
2026-03-26 19:58:05,48,19,19,0,fit: 4,fit: 4,,,,0,0,0,0,2,,
2026-03-26 20:01:52,48,19,19,0,fit: 3,fit: 3,,,,0,0,0,0,2,,
2026-03-26 20:11:53,48,19,19,0,fit: 2,fit: 2,,,,0,0,0,0,2,,
2026-03-26 20:14:05,48,19,19,0,"fit: 2, efit: 1","fit: 2, efit: 1",,,,0,0,0,0,2,,
2026-03-26 20:26:56,48,19,19,0,"fit: 3, efit: 2","fit: 3, efit: 2",,,,0,0,0,0,2,,
2026-03-26 20:51:59,48,19,19,0,"fit: 3, efit: 3","fit: 3, efit: 3",,,,0,0,0,0,2,,
2026-03-26 20:58:16,48,19,19,0,"fit: 3, efit: 4","fit: 3, efit: 4",,,,0,0,0,0,2,,
2026-03-26 21:03:17,48,19,19,0,"fit: 3, efit: 3","fit: 3, efit: 3",,,,0,0,0,0,2,,
2026-03-26 21:12:03,48,19,19,0,"fit: 3, efit: 4","fit: 3, efit: 4",,,,0,0,0,0,2,,
2026-03-26 21:17:04,48,19,19,0,"fit: 3, efit: 3","fit: 3, efit: 3",,,,0,0,0,0,2,,
2026-03-26 21:33:22,48,19,19,0,"fit: 3, efit: 4","fit: 3, efit: 4",,,,0,0,0,0,2,,
2026-03-26 23:47:26,48,19,19,0,"fit: 3, efit: 3","fit: 3, efit: 3",,,,0,0,0,0,2,,
2026-03-27 00:02:28,48,19,19,0,"fit: 3, efit: 3","fit: 3, efit: 3",,,,0,0,0,0,2,,
2026-03-27 02:52:53,48,19,19,0,"fit: 3, efit: 4","fit: 3, efit: 4",,,,0,0,0,0,2,,
2026-03-27 07:30:04,48,19,19,0,"fit: 3, efit: 3","fit: 3, efit: 3",,,,0,0,0,0,2,,
2026-03-27 07:38:35,48,19,19,0,"fit: 3, efit: 2","fit: 3, efit: 2",,,,0,0,0,0,2,,
2026-03-27 08:15:12,48,19,19,0,"fit: 3, efit: 1","fit: 3, efit: 1",,,,0,0,0,0,2,,
2026-03-27 08:28:42,48,19,19,0,fit: 3,fit: 3,,,,0,0,0,0,2,,
2026-03-27 08:41:30,48,19,19,0,fit: 2,fit: 2,,,,0,0,0,0,2,,
2026-03-27 08:48:45,48,19,19,0,fit: 1,fit: 1,,,,0,0,0,0,2,,
2026-03-27 09:01:34,48,19,19,0,,,,,,0,0,0,0,2,,
2026-03-27 10:08:57,48,19,19,0,efit: 1,efit: 1,,,,0,0,0,0,2,,
2026-03-27 10:18:59,48,19,19,0,efit: 3,efit: 3,,,,0,0,0,0,2,,
2026-03-27 10:20:34,48,19,19,0,efit: 6,efit: 6,,,,0,0,0,0,2,,
2026-03-27 10:21:49,48,19,19,0,efit: 8,efit: 8,,,,0,0,0,0,2,,
2026-03-27 10:23:59,48,19,19,0,efit: 12,efit: 12,,,,0,0,0,0,2,,
2026-03-27 10:25:35,48,19,19,0,efit: 13,efit: 13,,,,0,0,0,0,2,,
2026-03-27 10:56:56,48,19,19,0,efit: 12,efit: 12,,,,0,0,0,0,2,,
2026-03-27 11:06:58,48,19,19,0,efit: 11,efit: 11,,,,0,0,0,0,2,,
2026-03-27 11:12:00,48,19,19,0,efit: 10,efit: 10,,,,0,0,0,0,2,,
2026-03-27 11:35:48,48,19,19,0,efit: 11,efit: 11,,,,0,0,0,0,2,,
2026-03-27 11:39:11,48,19,19,0,efit: 10,efit: 10,,,,0,0,0,0,2,,
2026-03-27 11:42:06,48,19,19,0,efit: 11,efit: 11,,,,0,0,0,0,2,,
2026-03-27 11:50:50,48,19,19,0,efit: 10,efit: 10,,,,0,0,0,0,2,,
2026-03-27 11:55:51,48,19,19,0,efit: 9,efit: 9,,,,0,0,0,0,2,,
2026-03-27 11:59:14,48,19,19,0,efit: 8,efit: 8,,,,0,0,0,0,2,,
2026-03-27 12:02:10,48,19,19,0,efit: 8,efit: 7,efit: 1,,,0,0,0,0,2,,
2026-03-27 12:09:15,48,19,19,0,efit: 7,efit: 6,efit: 1,,,0,0,0,0,2,,
2026-03-27 12:10:54,48,19,19,0,efit: 6,efit: 5,efit: 1,,,0,0,0,0,2,,
2026-03-27 12:15:55,48,19,19,0,efit: 7,efit: 6,efit: 1,,,0,0,0,0,2,,
2026-03-27 12:20:56,48,19,19,0,efit: 8,efit: 7,efit: 1,,,0,0,0,0,2,,
2026-03-27 12:52:20,48,19,19,0,efit: 7,efit: 6,efit: 1,,,0,0,0,0,2,,
2026-03-27 13:02:22,48,19,19,0,efit: 6,efit: 5,efit: 1,,,0,0,0,0,2,,
2026-03-27 13:09:24,48,19,19,0,efit: 7,efit: 5,efit: 1,,,0,0,0,0,2,,
2026-03-27 13:17:25,48,19,19,0,efit: 6,efit: 4,efit: 1,,,0,0,0,0,2,,
2026-03-27 13:27:27,48,19,19,0,"fit: 1, efit: 6","fit: 1, efit: 4",efit: 1,,,0,0,0,0,2,,
2026-03-27 13:31:09,48,19,19,0,"fit: 1, efit: 7","fit: 1, efit: 5",efit: 1,,,0,0,0,0,2,,
2026-03-27 13:39:29,48,19,19,0,"fit: 1, efit: 6","fit: 1, efit: 4",efit: 1,,,0,0,0,0,2,,
2026-03-27 13:41:10,48,19,19,0,"fit: 1, efit: 5","fit: 1, efit: 3",efit: 1,,,0,0,0,0,2,,
2026-03-27 13:47:31,48,19,19,0,"fit: 1, efit: 4","fit: 1, efit: 2",efit: 1,,,0,0,0,0,2,,
2026-03-27 13:59:32,48,19,19,0,"fit: 1, efit: 5","fit: 1, efit: 3",efit: 1,,,0,0,0,0,2,,
2026-03-27 14:09:33,48,19,19,0,"fit: 1, efit: 3","fit: 1, efit: 1",efit: 1,,,0,0,0,0,2,,
2026-03-27 14:26:19,48,19,19,0,"fit: 1, efit: 5","fit: 1, efit: 3",efit: 1,,,0,0,0,0,2,,
2026-03-27 14:32:40,48,19,19,0,"fit: 1, efit: 4","fit: 1, efit: 2",efit: 1,,,0,0,0,0,2,,
2026-03-27 14:42:42,48,19,19,0,"fit: 1, efit: 5","fit: 1, efit: 3",efit: 1,,,0,0,0,0,2,,
2026-03-27 14:51:23,48,19,19,0,"fit: 1, efit: 4","fit: 1, efit: 2",efit: 1,,,0,0,0,0,2,,
2026-03-27 14:59:41,48,19,19,0,"fit: 1, efit: 5","fit: 1, efit: 3",efit: 1,,,0,0,0,0,2,,
2026-03-27 15:04:42,48,19,19,0,"fit: 1, efit: 4","fit: 1, efit: 2",efit: 1,,,0,0,0,0,2,,
2026-03-27 15:07:47,48,19,19,0,"fit: 1, efit: 5","fit: 1, efit: 3",efit: 1,,,0,0,0,0,2,,
2026-03-27 15:19:44,48,19,19,0,"fit: 1, efit: 4","fit: 1, efit: 2",efit: 1,,,0,0,0,0,2,,
2026-03-27 15:27:51,48,19,19,0,"fit: 1, efit: 5","fit: 1, efit: 3",efit: 1,,,0,0,0,0,2,,
2026-03-27 15:34:46,48,19,19,0,"fit: 1, efit: 4","fit: 1, efit: 2",efit: 1,,,0,0,0,0,2,,
2026-03-27 15:39:47,48,19,19,0,"fit: 1, efit: 3","fit: 1, efit: 1",efit: 1,,,0,0,0,0,2,,
2026-03-27 15:46:33,48,19,19,0,"fit: 1, efit: 2",fit: 1,efit: 1,,,0,0,0,0,2,,
2026-03-27 15:56:35,48,19,19,0,"fit: 2, efit: 2",fit: 2,efit: 1,,,0,0,0,0,2,,
2026-03-27 16:36:43,48,19,19,0,"fit: 2, efit: 3","fit: 2, efit: 1",efit: 1,,,0,0,0,0,2,,
2026-03-27 16:56:46,48,19,19,0,"fit: 2, efit: 2",fit: 2,efit: 1,,,0,0,0,0,2,,
2026-03-27 16:59:59,48,19,19,0,"fit: 2, efit: 4","fit: 2, efit: 2",efit: 1,,,0,0,0,0,2,,
2026-03-27 17:03:09,48,19,19,0,"fit: 2, efit: 5","fit: 2, efit: 3",efit: 1,,,0,0,0,0,2,,
2026-03-27 17:28:14,48,19,19,0,"fit: 2, efit: 4","fit: 2, efit: 2",efit: 1,,,0,0,0,0,2,,
2026-03-27 17:36:54,48,19,19,0,"fit: 2, efit: 3","fit: 2, efit: 1",efit: 1,,,0,0,0,0,2,,
2026-03-27 17:46:56,48,19,19,0,"fit: 2, efit: 4","fit: 2, efit: 2",efit: 1,,,0,0,0,0,2,,
2026-03-27 18:05:10,48,19,19,0,"fit: 2, efit: 3","fit: 2, efit: 1",efit: 1,,,0,0,0,0,2,,
2026-03-27 18:10:11,48,19,19,0,"fit: 2, efit: 4","fit: 2, efit: 2",efit: 1,,,0,0,0,0,2,,
2026-03-27 18:13:23,48,19,19,0,"fit: 2, efit: 3","fit: 2, efit: 1",efit: 1,,,0,0,0,0,2,,
2026-03-27 18:20:13,48,19,19,0,"fit: 2, efit: 2",fit: 2,efit: 1,,,0,0,0,0,2,,
2026-03-27 18:22:02,48,19,19,0,"fit: 2, efit: 3","fit: 2, efit: 1",efit: 1,,,0,0,0,0,2,,
2026-03-27 18:30:14,48,19,19,0,"fit: 2, efit: 2",fit: 2,efit: 1,,,0,0,0,0,2,,
2026-03-27 18:50:17,48,19,19,0,"fit: 1, efit: 2",fit: 1,efit: 1,,,0,0,0,0,2,,
2026-03-27 18:55:18,48,19,19,0,"fit: 1, efit: 3","fit: 1, efit: 1",efit: 1,,,0,0,0,0,2,,
2026-03-27 19:02:09,48,19,19,0,"fit: 2, efit: 3","fit: 2, efit: 1",efit: 1,,,0,0,0,0,2,,
2026-03-27 19:03:33,48,19,19,0,"fit: 2, efit: 2",fit: 2,efit: 1,,,0,0,0,0,2,,
2026-03-27 19:13:35,48,19,19,0,"fit: 3, efit: 2",fit: 3,efit: 1,,,0,0,0,0,2,,
2026-03-27 19:22:13,48,19,19,0,"fit: 4, efit: 3","fit: 4, efit: 1",efit: 1,,,0,0,0,0,2,,
2026-03-27 19:47:17,48,19,19,0,"fit: 4, efit: 4","fit: 4, efit: 2",efit: 1,,,0,0,0,0,2,,
2026-03-27 19:52:18,48,19,19,0,"fit: 4, efit: 2",fit: 4,efit: 1,,,0,0,0,0,2,,
2026-03-27 19:53:43,48,19,19,0,"fit: 3, efit: 2",fit: 3,efit: 1,,,0,0,0,0,2,,
2026-03-27 19:55:27,48,19,19,0,"fit: 2, efit: 2",fit: 2,efit: 1,,,0,0,0,0,2,,
2026-03-27 19:58:44,48,19,19,0,"fit: 1, efit: 2",fit: 1,efit: 1,,,0,0,0,0,2,,
2026-03-27 20:12:22,48,19,19,0,"fit: 1, efit: 3","fit: 1, efit: 1",efit: 1,,,0,0,0,0,2,,
2026-03-27 20:13:47,48,19,19,0,"fit: 1, efit: 4","fit: 1, efit: 2",efit: 1,,,0,0,0,0,2,,
2026-03-27 20:17:23,48,19,19,0,"fit: 1, efit: 3","fit: 1, efit: 1",efit: 1,,,0,0,0,0,2,,
2026-03-27 20:22:23,48,19,19,0,"fit: 1, efit: 4","fit: 1, efit: 2",efit: 1,,,0,0,0,0,2,,
2026-03-27 20:25:32,48,19,19,0,"fit: 1, efit: 5","fit: 1, efit: 3",efit: 1,,,0,0,0,0,2,,
2026-03-27 21:03:57,48,19,19,0,"fit: 1, efit: 4","fit: 1, efit: 2",efit: 1,,,0,0,0,0,2,,
2026-03-27 21:08:58,48,19,19,0,"fit: 1, efit: 5","fit: 1, efit: 3",efit: 1,,,0,0,0,0,2,,
2026-03-27 21:13:59,48,19,19,0,"fit: 1, efit: 6","fit: 1, efit: 4",efit: 1,,,0,0,0,0,2,,
2026-03-27 21:29:02,48,19,19,0,"fit: 1, efit: 5","fit: 1, efit: 3",efit: 1,,,0,0,0,0,2,,
2026-03-27 21:49:06,48,19,19,0,"fit: 1, efit: 4","fit: 1, efit: 2",efit: 1,,,0,0,0,0,2,,
2026-03-27 21:54:07,48,19,19,0,"fit: 1, efit: 5","fit: 1, efit: 3",efit: 1,,,0,0,0,0,2,,
2026-03-27 22:05:47,48,19,19,0,"fit: 1, efit: 6","fit: 1, efit: 4",efit: 1,,,0,0,0,0,2,,
2026-03-27 22:09:10,48,19,19,0,"fit: 1, efit: 5","fit: 1, efit: 3",efit: 1,,,0,0,0,0,2,,
2026-03-27 22:15:49,48,19,19,0,"fit: 1, efit: 4","fit: 1, efit: 2",efit: 1,,,0,0,0,0,2,,
2026-03-27 22:25:50,48,19,19,0,"fit: 1, efit: 3","fit: 1, efit: 1",efit: 1,,,0,0,0,0,2,,
2026-03-27 22:27:46,48,19,19,0,"fit: 1, efit: 2",fit: 1,efit: 1,,,0,0,0,0,2,,
2026-03-27 23:02:52,48,19,19,0,"fit: 1, efit: 3","fit: 1, efit: 1",efit: 1,,,0,0,0,0,2,,
2026-03-27 23:32:57,48,19,19,0,"fit: 1, efit: 5","fit: 1, efit: 3",efit: 1,,,0,0,0,0,2,,
2026-03-28 00:01:05,48,19,19,0,"fit: 1, efit: 5","fit: 1, efit: 3",efit: 1,,,0,0,0,0,2,,
2026-03-28 02:08:24,48,19,19,0,"fit: 1, efit: 6","fit: 1, efit: 4",efit: 1,,,0,0,0,0,2,,
2026-03-28 02:19:58,48,19,19,0,"fit: 1, efit: 7","fit: 1, efit: 5",efit: 1,,,0,0,0,0,2,,
2026-03-28 02:58:33,48,19,19,0,"fit: 1, efit: 8","fit: 1, efit: 6",efit: 1,,,0,0,0,0,2,,
2026-03-28 05:46:55,48,19,19,0,"fit: 1, efit: 9","fit: 1, efit: 7",efit: 1,,,0,0,0,0,2,,
2026-03-28 07:52:13,48,19,19,0,"fit: 1, efit: 9","fit: 1, efit: 6",efit: 2,,,0,0,0,0,2,,
2026-03-28 07:54:23,48,19,19,0,"fit: 1, efit: 10","fit: 1, efit: 7",efit: 2,,,0,0,0,0,2,,
2026-03-28 08:21:09,48,19,19,0,"fit: 1, efit: 9","fit: 1, efit: 6",efit: 2,,,0,0,0,0,2,,
2026-03-28 08:24:29,48,19,19,0,"fit: 1, efit: 9","fit: 1, efit: 7",efit: 1,,,0,0,0,0,2,,
2026-03-28 08:26:09,48,19,19,0,"fit: 1, efit: 8","fit: 1, efit: 8",,,,0,0,0,0,2,,
2026-03-28 08:29:29,48,19,19,0,"fit: 1, efit: 9","fit: 1, efit: 9",,,,0,0,0,0,2,,
2026-03-28 08:34:30,48,19,19,0,"fit: 1, efit: 8","fit: 1, efit: 8",,,,0,0,0,0,2,,
2026-03-28 08:46:13,48,19,19,0,"fit: 1, efit: 7","fit: 1, efit: 7",,,,0,0,0,0,2,,
2026-03-28 09:09:37,48,19,19,0,"fit: 1, efit: 6","fit: 1, efit: 6",,,,0,0,0,0,2,,
2026-03-28 09:41:24,48,19,19,0,"fit: 1, efit: 5","fit: 1, efit: 5",,,,0,0,0,0,2,,
2026-03-28 09:54:45,48,19,19,0,"fit: 1, efit: 4","fit: 1, efit: 4",,,,0,0,0,0,2,,
2026-03-28 10:29:51,48,19,19,0,"fit: 1, efit: 3","fit: 1, efit: 3",,,,0,0,0,0,2,,
2026-03-28 11:41:48,48,19,19,0,"fit: 1, efit: 2","fit: 1, efit: 2",,,,0,0,0,0,2,,
2026-03-28 11:45:04,48,19,19,0,"fit: 1, efit: 3","fit: 1, efit: 3",,,,0,0,0,0,2,,
2026-03-28 12:01:52,48,19,19,0,"fit: 1, efit: 4","fit: 1, efit: 4",,,,0,0,0,0,2,,
2026-03-28 12:16:54,48,19,19,0,"fit: 1, efit: 3","fit: 1, efit: 3",,,,0,0,0,0,2,,
2026-03-28 12:20:11,48,19,19,0,"fit: 2, efit: 2","fit: 2, efit: 2",,,,0,0,0,0,2,,
2026-03-28 12:37:55,48,19,19,0,"fit: 2, efit: 3","fit: 2, efit: 3",,,,0,0,0,0,2,,
2026-03-28 12:45:15,48,19,19,0,"fit: 2, efit: 4","fit: 2, efit: 4",,,,0,0,0,0,2,,
2026-03-28 13:05:18,48,19,19,0,"fit: 2, efit: 3","fit: 2, efit: 3",,,,0,0,0,0,2,,
2026-03-28 13:25:22,48,19,19,0,"fit: 3, efit: 2","fit: 3, efit: 2",,,,0,0,0,0,2,,
2026-03-28 13:37:10,48,19,19,0,"fit: 3, efit: 1","fit: 3, efit: 1",,,,0,0,0,0,2,,
2026-03-28 13:38:04,48,19,19,0,fit: 3,fit: 3,,,,0,0,0,0,2,,
2026-03-28 13:52:13,48,19,19,0,fit: 2,fit: 2,,,,0,0,0,0,2,,
2026-03-28 14:05:29,48,19,19,0,"fit: 2, efit: 1","fit: 2, efit: 1",,,,0,0,0,0,2,,
2026-03-28 14:37:22,48,19,19,0,fit: 1,fit: 1,,,,0,0,0,0,2,,
2026-03-28 14:40:35,48,19,19,0,,,,,,0,0,0,0,2,,
2026-03-28 14:45:36,48,19,19,0,efit: 1,efit: 1,,,,0,0,0,0,2,,
2026-03-28 14:50:37,48,19,19,0,efit: 1,,,,,0,0,0,0,2,,
2026-03-28 14:55:38,48,19,19,0,efit: 2,efit: 1,,,,0,0,0,0,2,,
2026-03-28 15:00:39,48,19,19,0,efit: 1,,,,,0,0,0,0,2,,
2026-03-28 15:25:43,48,19,19,0,efit: 2,efit: 1,,,,0,0,0,0,2,,
2026-03-28 16:37:45,48,19,19,0,efit: 1,,,,,0,0,0,0,2,,
2026-03-28 16:38:31,48,19,19,0,efit: 2,,,,,0,0,0,0,2,,
2026-03-28 16:42:46,48,19,19,0,efit: 3,efit: 1,,,,0,0,0,0,2,,
2026-03-28 16:45:57,48,19,19,0,efit: 4,efit: 2,,,,0,0,0,0,2,,
2026-03-28 17:07:51,48,19,19,0,efit: 5,efit: 2,,,,0,0,0,0,2,,
2026-03-28 17:13:36,48,19,19,0,efit: 6,efit: 3,,,,0,0,0,0,2,,
2026-03-28 17:16:03,48,19,19,0,efit: 7,efit: 4,,,,0,0,0,0,2,,
2026-03-28 17:22:54,48,19,19,0,efit: 8,efit: 5,,,,0,0,0,0,2,,
2026-03-28 17:26:05,48,19,19,0,efit: 10,efit: 7,,,,0,0,0,0,2,,
2026-03-28 17:42:58,48,19,19,0,efit: 9,efit: 6,,,,0,0,0,0,2,,
2026-03-28 17:56:10,48,19,19,0,efit: 10,efit: 7,,,,0,0,0,0,2,,
2026-03-28 18:01:11,48,19,19,0,efit: 9,efit: 6,,,,0,0,0,0,2,,
2026-03-28 18:08:03,48,19,19,0,efit: 8,efit: 5,,,,0,0,0,0,2,,
2026-03-28 18:21:15,48,19,19,0,efit: 7,efit: 4,,,,0,0,0,0,2,,
2026-03-28 18:36:17,48,19,19,0,efit: 6,efit: 3,,,,0,0,0,0,2,,
2026-03-28 18:41:18,48,19,19,0,"fit: 1, efit: 4","fit: 1, efit: 1",,,,0,0,0,0,2,,
2026-03-28 18:46:19,48,19,19,0,"fit: 2, efit: 4","fit: 2, efit: 1",,,,0,0,0,0,2,,
2026-03-28 18:53:12,48,19,19,0,"fit: 2, efit: 5","fit: 2, efit: 2",,,,0,0,0,0,2,,
2026-03-28 18:56:21,48,19,19,0,"fit: 2, efit: 6","fit: 2, efit: 3",,,,0,0,0,0,2,,
2026-03-28 19:13:16,48,19,19,0,"fit: 2, efit: 5","fit: 2, efit: 2",,,,0,0,0,0,2,,
2026-03-28 19:13:54,48,19,19,0,"fit: 2, efit: 6","fit: 2, efit: 3",,,,0,0,0,0,2,,
2026-03-28 19:23:18,48,19,19,0,"fit: 2, efit: 7","fit: 2, efit: 4",,,,0,0,0,0,2,,
2026-03-28 19:31:27,48,19,19,0,"fit: 2, efit: 6","fit: 2, efit: 3",,,,0,0,0,0,2,,
2026-03-28 19:36:28,48,19,19,0,"fit: 2, efit: 5","fit: 2, efit: 2",,,,0,0,0,0,2,,
2026-03-28 19:41:29,48,19,19,0,"fit: 2, efit: 6","fit: 2, efit: 3",,,,0,0,0,0,2,,
2026-03-28 19:46:29,48,19,19,0,"fit: 2, efit: 5","fit: 2, efit: 2",,,,0,0,0,0,2,,
2026-03-28 19:51:30,48,19,19,0,"fit: 2, efit: 4","fit: 2, efit: 1",,,,0,0,0,0,2,,
2026-03-28 19:56:31,48,19,19,0,"fit: 2, efit: 9","fit: 2, efit: 6",,,,0,0,0,0,2,,
2026-03-28 20:01:32,48,19,19,0,"fit: 2, efit: 8","fit: 2, efit: 5",,,,0,0,0,0,2,,
2026-03-28 20:03:25,48,19,19,0,"fit: 2, efit: 11","fit: 2, efit: 8",,,,0,0,0,0,2,,
2026-03-28 20:06:33,48,19,19,0,"fit: 2, efit: 12","fit: 2, efit: 9",,,,0,0,0,0,2,,
2026-03-28 20:18:28,48,19,19,0,"fit: 2, efit: 11","fit: 2, efit: 8",,,,0,0,0,0,2,,
2026-03-28 20:46:40,48,19,19,0,"fit: 2, efit: 10","fit: 2, efit: 7",,,,0,0,0,0,2,,
2026-03-28 20:56:42,48,19,19,0,"fit: 2, efit: 11","fit: 2, efit: 8",,,,0,0,0,0,2,,
2026-03-28 20:58:36,48,19,19,0,"fit: 2, efit: 7","fit: 2, efit: 4",,,,0,0,0,0,2,,
2026-03-28 21:03:37,48,19,19,0,"fit: 2, efit: 8","fit: 2, efit: 5",,,,0,0,0,0,2,,
2026-03-28 21:06:44,48,19,19,0,"fit: 2, efit: 7","fit: 2, efit: 4",,,,0,0,0,0,2,,
2026-03-28 21:09:11,48,19,19,0,"fit: 2, efit: 8","fit: 2, efit: 5",,,,0,0,0,0,2,,
2026-03-28 21:21:46,48,19,19,0,"fit: 2, efit: 7","fit: 2, efit: 4",,,,0,0,0,0,2,,
2026-03-28 21:36:49,48,19,19,0,"fit: 2, efit: 6","fit: 2, efit: 3",,,,0,0,0,0,2,,
2026-03-28 21:48:46,48,19,19,0,"fit: 2, efit: 5","fit: 2, efit: 2",,,,0,0,0,0,2,,
2026-03-28 21:58:48,48,19,19,0,"fit: 2, efit: 4","fit: 2, efit: 1",,,,0,0,0,0,2,,
2026-03-28 22:06:54,48,19,19,0,"fit: 3, efit: 3",fit: 3,,,,0,0,0,0,2,,
2026-03-28 22:42:00,48,19,19,0,"fit: 4, efit: 3",fit: 4,,,,0,0,0,0,2,,
2026-03-28 23:14:29,48,19,19,0,"fit: 4, efit: 4","fit: 4, efit: 1",,,,0,0,0,0,2,,
2026-03-28 23:27:08,48,19,19,0,"fit: 4, efit: 3",fit: 4,,,,0,0,0,0,2,,
2026-03-28 23:34:06,48,19,19,0,"fit: 3, efit: 3",fit: 3,,,,0,0,0,0,2,,
2026-03-28 23:37:10,48,19,19,0,efit: 3,,,,,0,0,0,0,2,,
2026-03-29 00:02:14,48,19,19,0,efit: 3,,,,,0,0,0,0,2,,
2026-03-29 00:39:19,48,19,19,0,efit: 4,efit: 1,,,,0,0,0,0,2,,
2026-03-29 01:19:26,48,19,19,0,"fit: 1, efit: 4","fit: 1, efit: 1",,,,0,0,0,0,2,,
2026-03-29 01:44:31,48,19,19,0,efit: 3,,,,,0,0,0,0,2,,
2026-03-29 02:52:44,48,19,19,0,efit: 5,efit: 2,,,,0,0,0,0,2,,
2026-03-29 03:14:48,48,19,19,0,efit: 4,efit: 1,,,,0,0,0,0,2,,
2026-03-29 03:17:48,48,19,19,0,efit: 3,,,,,0,0,0,0,2,,
2026-03-29 04:12:57,48,19,19,0,efit: 4,efit: 1,,,,0,0,0,0,2,,
2026-03-29 08:15:47,48,19,19,0,efit: 4,efit: 1,efit: 1,,,0,0,0,0,2,,
2026-03-29 08:50:53,48,19,19,0,efit: 3,,efit: 1,,,0,0,0,0,2,,
2026-03-29 09:20:56,48,19,19,0,efit: 3,,,,,0,0,0,0,2,,
2026-03-29 09:28:51,48,19,19,0,,,,,,0,0,0,0,2,,
2026-03-29 09:30:57,48,19,19,0,efit: 3,efit: 3,,,,0,0,0,0,2,,
2026-03-29 09:43:54,48,19,19,0,efit: 1,efit: 1,,,,0,0,0,0,2,,
2026-03-29 09:51:00,48,19,19,0,,,,,,0,0,0,0,2,,
2026-03-29 10:39:03,48,19,19,0,efit: 1,efit: 1,,,,0,0,0,0,2,,
2026-03-29 10:46:09,48,19,19,0,"fit: 1, efit: 1","fit: 1, efit: 1",,,,0,0,0,0,2,,
2026-03-29 10:49:05,48,19,19,0,fit: 3,fit: 3,,,,0,0,0,0,2,,
2026-03-29 10:51:09,48,19,19,0,fit: 2,fit: 2,,,,0,0,0,0,2,,
2026-03-29 11:44:14,48,19,19,0,fit: 1,fit: 1,,,,0,0,0,0,2,,
2026-03-29 11:56:19,48,19,19,0,"fit: 1, efit: 1","fit: 1, efit: 1",,,,0,0,0,0,2,,
2026-03-29 11:59:17,48,19,19,0,fit: 1,fit: 1,,,,0,0,0,0,2,,
2026-03-29 12:34:23,48,19,19,0,,,,,,0,0,0,0,2,,
2026-03-29 13:56:37,48,19,19,0,efit: 1,efit: 1,,,,0,0,0,0,2,,
2026-03-29 14:09:40,48,19,19,0,efit: 2,efit: 2,,,,0,0,0,0,2,,
2026-03-29 14:16:40,48,19,19,0,"fit: 2, efit: 5","fit: 2, efit: 5",,,,0,0,0,0,2,,
2026-03-29 14:24:43,48,19,19,0,"fit: 2, efit: 4","fit: 2, efit: 4",,,,0,0,0,0,2,,
2026-03-29 14:29:44,48,19,19,0,"fit: 2, efit: 2","fit: 2, efit: 2",,,,0,0,0,0,2,,
2026-03-29 14:36:58,48,19,19,0,"fit: 2, efit: 1","fit: 2, efit: 1",,,,0,0,0,0,2,,
2026-03-29 14:49:47,48,19,19,0,fit: 2,fit: 2,,,,0,0,0,0,2,,
2026-03-29 14:54:48,48,19,19,0,fit: 1,fit: 1,,,,0,0,0,0,2,,
2026-03-29 15:01:47,48,19,19,0,,,,,,0,0,0,0,2,,
2026-03-29 15:09:51,48,19,19,0,fit: 1,fit: 1,,,,0,0,0,0,2,,
2026-03-29 15:16:49,48,19,19,0,"fit: 1, efit: 1","fit: 1, efit: 1",,,,0,0,0,0,2,,
2026-03-29 15:26:51,48,19,19,0,efit: 1,efit: 1,,,,0,0,0,0,2,,
2026-03-29 15:44:57,48,19,19,0,efit: 2,efit: 2,,,,0,0,0,0,2,,
2026-03-29 16:07:16,48,19,19,0,efit: 1,efit: 1,,,,0,0,0,0,2,,
2026-03-29 16:15:04,48,19,19,0,efit: 2,efit: 2,,,,0,0,0,0,2,,
2026-03-29 16:21:59,48,19,19,0,efit: 3,efit: 3,,,,0,0,0,0,2,,
2026-03-29 16:37:01,48,19,19,0,efit: 4,efit: 4,,,,0,0,0,0,2,,
2026-03-29 16:45:09,48,19,19,0,efit: 3,efit: 3,,,,0,0,0,0,2,,
2026-03-29 16:52:04,48,19,19,0,efit: 4,efit: 4,,,,0,0,0,0,2,,
2026-03-29 16:55:11,48,19,19,0,efit: 3,efit: 3,,,,0,0,0,0,2,,
2026-03-29 17:00:12,48,19,19,0,efit: 2,efit: 2,,,,0,0,0,0,2,,
2026-03-29 17:02:06,48,19,19,0,efit: 1,efit: 1,,,,0,0,0,0,2,,
2026-03-29 17:12:07,48,19,19,0,efit: 2,efit: 2,,,,0,0,0,0,2,,
2026-03-29 17:15:14,48,19,19,0,efit: 1,efit: 1,,,,0,0,0,0,2,,
2026-03-29 17:20:15,48,19,19,0,,,,,,0,0,0,0,2,,
2026-03-29 17:22:09,48,19,19,0,efit: 1,efit: 1,,,,0,0,0,0,2,,
2026-03-29 17:37:34,48,19,19,0,efit: 2,efit: 2,,,,0,0,0,0,2,,
2026-03-29 18:02:14,48,19,19,0,efit: 3,efit: 3,,,,0,0,0,0,2,,
2026-03-29 18:05:23,48,19,19,0,efit: 4,efit: 4,,,,0,0,0,0,2,,
2026-03-29 18:10:24,48,19,19,0,efit: 5,efit: 5,,,,0,0,0,0,2,,
2026-03-29 18:12:16,48,19,19,0,efit: 6,efit: 6,,,,0,0,0,0,2,,
2026-03-29 18:15:25,48,19,19,0,efit: 7,efit: 7,,,,0,0,0,0,2,,
2026-03-29 18:17:17,48,19,19,0,efit: 8,efit: 8,,,,0,0,0,0,2,,
2026-03-29 18:20:26,48,19,19,0,"fit: 1, efit: 8","fit: 1, efit: 8",,,,0,0,0,0,2,,
2026-03-29 18:30:28,48,19,19,0,"fit: 1, efit: 7","fit: 1, efit: 7",,,,0,0,0,0,2,,
2026-03-29 18:40:29,48,19,19,0,"fit: 1, efit: 8","fit: 1, efit: 8",,,,0,0,0,0,2,,
2026-03-29 18:42:20,48,19,19,0,"fit: 1, efit: 6","fit: 1, efit: 6",,,,0,0,0,0,2,,
2026-03-29 18:45:30,48,19,19,0,"fit: 2, efit: 6","fit: 2, efit: 6",,,,0,0,0,0,2,,
2026-03-29 18:55:32,48,19,19,0,"fit: 2, efit: 4","fit: 2, efit: 4",,,,0,0,0,0,2,,
2026-03-29 19:15:35,48,19,19,0,"fit: 3, efit: 5","fit: 3, efit: 5",,,,0,0,0,0,2,,
2026-03-29 19:17:25,48,19,19,0,"fit: 3, efit: 4","fit: 3, efit: 4",,,,0,0,0,0,2,,
2026-03-29 19:20:36,48,19,19,0,"fit: 3, efit: 3","fit: 3, efit: 3",,,,0,0,0,0,2,,
2026-03-29 19:52:31,48,19,19,0,"fit: 3, efit: 2","fit: 3, efit: 2",,,,0,0,0,0,2,,
2026-03-29 20:00:43,48,19,19,0,"fit: 3, efit: 1","fit: 3, efit: 1",,,,0,0,0,0,2,,
2026-03-29 20:03:03,48,19,19,0,fit: 3,fit: 3,,,,0,0,0,0,2,,
2026-03-29 20:07:33,48,19,19,0,"fit: 3, efit: 1","fit: 3, efit: 1",,,,0,0,0,0,2,,
2026-03-29 20:15:46,48,19,19,0,"fit: 3, efit: 3","fit: 3, efit: 3",,,,0,0,0,0,2,,
2026-03-29 20:22:35,48,19,19,0,"fit: 3, efit: 2","fit: 3, efit: 2",,,,0,0,0,0,2,,
2026-03-29 20:25:48,48,19,19,0,"fit: 3, efit: 4","fit: 3, efit: 4",,,,0,0,0,0,2,,
2026-03-29 20:35:49,48,19,19,0,"fit: 3, efit: 5","fit: 3, efit: 5",,,,0,0,0,0,2,,
2026-03-29 20:42:38,48,19,19,0,"fit: 3, efit: 6","fit: 3, efit: 6",,,,0,0,0,0,2,,
2026-03-29 20:52:39,48,19,19,0,"fit: 3, efit: 8","fit: 3, efit: 8",,,,0,0,0,0,2,,
2026-03-29 21:12:42,48,19,19,0,"fit: 3, efit: 7","fit: 3, efit: 7",,,,0,0,0,0,2,,
2026-03-29 21:51:02,48,19,19,0,"fit: 3, efit: 8","fit: 3, efit: 8",,,,0,0,0,0,2,,
2026-03-29 22:01:04,48,19,19,0,"fit: 3, efit: 7","fit: 3, efit: 7",,,,0,0,0,0,2,,
2026-03-29 22:42:55,48,19,19,0,"fit: 3, efit: 6","fit: 3, efit: 6",,,,0,0,0,0,2,,
2026-03-29 22:43:34,48,19,19,0,"fit: 3, efit: 5","fit: 3, efit: 5",,,,0,0,0,0,2,,
2026-03-29 22:56:14,48,19,19,0,"fit: 3, efit: 4","fit: 3, efit: 4",,,,0,0,0,0,2,,
2026-03-29 23:02:58,48,19,19,0,"fit: 3, efit: 6","fit: 3, efit: 6",,,,0,0,0,0,2,,
2026-03-29 23:51:23,48,19,19,0,"fit: 3, efit: 7","fit: 3, efit: 7",,,,0,0,0,0,2,,
2026-03-30 00:01:25,48,19,19,0,"fit: 3, efit: 7","fit: 3, efit: 7",,,,0,0,0,0,2,,
2026-03-30 00:33:11,48,19,19,0,"fit: 3, efit: 6","fit: 3, efit: 6",,,,0,0,0,0,2,,
2026-03-30 00:48:14,48,19,19,0,"fit: 3, efit: 7","fit: 3, efit: 7",,,,0,0,0,0,2,,
2026-03-30 01:18:18,48,19,19,0,"fit: 3, efit: 8","fit: 3, efit: 8",,,,0,0,0,0,2,,
2026-03-30 05:09:47,48,19,19,0,"fit: 3, efit: 9","fit: 3, efit: 9",,,,0,0,0,0,2,,
2026-03-30 06:07:27,48,19,19,0,"fit: 3, efit: 10","fit: 3, efit: 10",,,,0,0,0,0,2,,
2026-03-30 07:20:12,48,19,19,0,"fit: 3, efit: 9","fit: 3, efit: 9",,,,0,0,0,0,2,,
2026-03-30 07:40:16,48,19,19,0,"fit: 3, efit: 8","fit: 3, efit: 8",,,,0,0,0,0,2,,
2026-03-30 07:47:44,48,19,19,0,"fit: 3, efit: 7","fit: 3, efit: 7",,,,0,0,0,0,2,,
2026-03-30 08:22:50,48,19,19,0,"fit: 3, efit: 6","fit: 3, efit: 6",,,,0,0,0,0,2,,
2026-03-30 08:24:20,48,19,19,0,"fit: 3, efit: 5","fit: 3, efit: 5",,,,0,0,0,0,2,,
2026-03-30 08:39:22,48,19,19,0,"fit: 3, efit: 4","fit: 3, efit: 4",,,,0,0,0,0,2,,
2026-03-30 08:42:53,48,19,19,0,"fit: 3, efit: 3","fit: 3, efit: 3",,,,0,0,0,0,2,,
2026-03-30 08:49:24,48,19,19,0,"fit: 3, efit: 2","fit: 3, efit: 2",,,,0,0,0,0,2,,
2026-03-30 09:12:59,48,19,19,0,"fit: 3, efit: 1","fit: 3, efit: 1",,,,0,0,0,0,2,,
2026-03-30 09:14:27,48,19,19,0,"fit: 3, efit: 1",fit: 3,efit: 1,,,0,0,0,0,2,,
2026-03-30 09:25:37,48,19,19,0,"fit: 3, efit: 2","fit: 3, efit: 1",efit: 1,,,0,0,0,0,2,,
2026-03-30 09:39:31,48,19,19,0,"fit: 2, efit: 1",fit: 2,efit: 1,,,0,0,0,0,2,,
2026-03-30 09:44:32,48,19,19,0,"fit: 1, efit: 1",fit: 1,efit: 1,,,0,0,0,0,2,,
2026-03-30 09:58:07,48,19,19,0,efit: 1,,efit: 1,,,0,0,0,0,2,,
2026-03-30 10:09:35,48,19,19,0,efit: 2,efit: 1,efit: 1,,,0,0,0,0,2,,
2026-03-30 10:13:10,48,19,19,0,"fit: 1, efit: 1",fit: 1,efit: 1,,,0,0,0,0,2,,
2026-03-30 10:55:55,48,19,19,0,"fit: 1, efit: 2","fit: 1, efit: 1",efit: 1,,,0,0,0,0,2,,
2026-03-30 11:09:45,48,19,19,0,"fit: 1, efit: 1",fit: 1,efit: 1,,,0,0,0,0,2,,
2026-03-30 11:49:51,48,19,19,0,"fit: 1, efit: 2","fit: 1, efit: 1",efit: 1,,,0,0,0,0,2,,
2026-03-30 11:53:27,48,19,19,0,"fit: 1, efit: 1",fit: 1,efit: 1,,,0,0,0,0,2,,
2026-03-30 12:33:35,48,19,19,0,efit: 1,,efit: 1,,,0,0,0,0,2,,
2026-03-30 12:36:15,48,19,19,0,"fit: 1, efit: 1",fit: 1,efit: 1,,,0,0,0,0,2,,
2026-03-30 12:38:35,48,19,19,0,"fit: 1, efit: 2","fit: 1, efit: 1",efit: 1,,,0,0,0,0,2,,
2026-03-30 12:50:01,48,19,19,0,"fit: 2, efit: 2","fit: 2, efit: 1",efit: 1,,,0,0,0,0,2,,
2026-03-30 12:58:39,48,19,19,0,"fit: 2, efit: 1",fit: 2,efit: 1,,,0,0,0,0,2,,
2026-03-30 13:13:41,48,19,19,0,"fit: 2, efit: 2","fit: 2, efit: 1",efit: 1,,,0,0,0,0,2,,
2026-03-30 13:21:25,48,19,19,0,"fit: 2, efit: 1",fit: 2,efit: 1,,,0,0,0,0,2,,
2026-03-30 13:26:26,48,19,19,0,"fit: 2, efit: 2","fit: 2, efit: 1",efit: 1,,,0,0,0,0,2,,
2026-03-30 13:33:45,48,19,19,0,"fit: 2, efit: 1",fit: 2,efit: 1,,,0,0,0,0,2,,
2026-03-30 13:38:46,48,19,19,0,"fit: 2, efit: 2","fit: 2, efit: 1",efit: 1,,,0,0,0,0,2,,
2026-03-30 13:53:49,48,19,19,0,"fit: 2, efit: 1",fit: 2,efit: 1,,,0,0,0,0,2,,
2026-03-30 13:56:32,48,19,19,0,"fit: 1, efit: 1",fit: 1,efit: 1,,,0,0,0,0,2,,
2026-03-30 14:00:12,48,19,19,0,"fit: 1, efit: 2","fit: 1, efit: 1",efit: 1,,,0,0,0,0,2,,
2026-03-30 14:06:34,48,19,19,0,"fit: 1, efit: 3","fit: 1, efit: 2",efit: 1,,,0,0,0,0,2,,
2026-03-30 14:48:58,48,19,19,0,"fit: 1, efit: 2","fit: 1, efit: 1",efit: 1,,,0,0,0,0,2,,
2026-03-30 14:53:59,48,19,19,0,"fit: 1, efit: 1",fit: 1,efit: 1,,,0,0,0,0,2,,
2026-03-30 15:01:44,48,19,19,0,"fit: 1, efit: 2","fit: 1, efit: 1",efit: 1,,,0,0,0,0,2,,
2026-03-30 15:49:09,48,19,19,0,"fit: 1, efit: 3","fit: 1, efit: 2",efit: 1,,,0,0,0,0,2,,
2026-03-30 15:54:10,48,19,19,0,"fit: 1, efit: 5","fit: 1, efit: 4",efit: 1,,,0,0,0,0,2,,
2026-03-30 15:56:55,48,19,19,0,"fit: 1, efit: 6","fit: 1, efit: 5",efit: 1,,,0,0,0,0,2,,
2026-03-30 16:19:14,48,19,19,0,"fit: 1, efit: 7","fit: 1, efit: 6",efit: 1,,,0,0,0,0,2,,
2026-03-30 16:25:35,48,19,19,0,"fit: 1, efit: 8","fit: 1, efit: 7",efit: 1,,,0,0,0,0,2,,
2026-03-30 16:27:02,48,19,19,0,"fit: 1, efit: 7","fit: 1, efit: 6",efit: 1,,,0,0,0,0,2,,
2026-03-30 16:37:04,48,19,19,0,"fit: 1, efit: 8","fit: 1, efit: 7",efit: 1,,,0,0,0,0,2,,
2026-03-30 16:39:18,48,19,19,0,"fit: 1, efit: 9","fit: 1, efit: 8",efit: 1,,,0,0,0,0,2,,
2026-03-30 16:40:37,48,19,19,0,"fit: 1, efit: 8","fit: 1, efit: 7",efit: 1,,,0,0,0,0,2,,
2026-03-30 16:44:19,48,19,19,0,"fit: 1, efit: 9","fit: 1, efit: 8",efit: 1,,,0,0,0,0,2,,
2026-03-30 16:45:38,48,19,19,0,"fit: 1, efit: 10","fit: 1, efit: 9",efit: 1,,,0,0,0,0,2,,
2026-03-30 16:52:07,48,19,19,0,"fit: 1, efit: 12","fit: 1, efit: 11",efit: 1,,,0,0,0,0,2,,
2026-03-30 17:02:09,48,19,19,0,"fit: 1, efit: 11","fit: 1, efit: 10",efit: 1,,,0,0,0,0,2,,
2026-03-30 17:04:22,48,19,19,0,"fit: 1, efit: 10","fit: 1, efit: 9",efit: 1,,,0,0,0,0,2,,
2026-03-30 17:10:42,48,19,19,0,"fit: 1, efit: 11","fit: 1, efit: 10",efit: 1,,,0,0,0,0,2,,
2026-03-30 17:12:11,48,19,19,0,"fit: 1, efit: 10","fit: 1, efit: 9",efit: 1,,,0,0,0,0,2,,
2026-03-30 17:19:25,48,19,19,0,"fit: 2, efit: 9","fit: 2, efit: 8",efit: 1,,,0,0,0,0,2,,
2026-03-30 17:20:44,48,19,19,0,"fit: 2, efit: 8","fit: 2, efit: 7",efit: 1,,,0,0,0,0,2,,
2026-03-30 17:27:14,48,19,19,0,"fit: 2, efit: 7","fit: 2, efit: 6",efit: 1,,,0,0,0,0,2,,
2026-03-30 17:34:28,48,19,19,0,"fit: 2, efit: 6","fit: 2, efit: 5",efit: 1,,,0,0,0,0,2,,
2026-03-30 17:44:29,48,19,19,0,"fit: 2, efit: 4","fit: 2, efit: 3",efit: 1,,,0,0,0,0,2,,
2026-03-30 17:49:30,48,19,19,0,"fit: 2, efit: 3","fit: 2, efit: 2",efit: 1,,,0,0,0,0,2,,
2026-03-30 17:52:19,48,19,19,0,"fit: 2, efit: 2","fit: 2, efit: 1",efit: 1,,,0,0,0,0,2,,
2026-03-30 18:10:52,48,19,19,0,"fit: 2, efit: 1",fit: 2,efit: 1,,,0,0,0,0,2,,
2026-03-30 18:12:23,48,19,19,0,"fit: 2, efit: 2","fit: 2, efit: 1",efit: 1,,,0,0,0,0,2,,
2026-03-30 18:19:36,48,19,19,0,"fit: 2, efit: 3","fit: 2, efit: 2",efit: 1,,,0,0,0,0,2,,
2026-03-30 18:20:53,48,19,19,0,"fit: 2, efit: 4","fit: 2, efit: 3",efit: 1,,,0,0,0,0,2,,
2026-03-30 18:22:25,48,19,19,0,"fit: 3, efit: 3","fit: 3, efit: 2",efit: 1,,,0,0,0,0,2,,
2026-03-30 18:24:37,48,19,19,0,"fit: 3, efit: 4","fit: 3, efit: 3",efit: 1,,,0,0,0,0,2,,
2026-03-30 18:29:38,48,19,19,0,"fit: 3, efit: 3","fit: 3, efit: 2",efit: 1,,,0,0,0,0,2,,
2026-03-30 18:35:55,48,19,19,0,"fit: 3, efit: 4","fit: 3, efit: 3",efit: 1,,,0,0,0,0,2,,
2026-03-30 18:47:30,48,19,19,0,"fit: 3, efit: 2","fit: 3, efit: 1",efit: 1,,,0,0,0,0,2,,
2026-03-30 18:49:41,48,19,19,0,"fit: 3, efit: 3","fit: 3, efit: 2",efit: 1,,,0,0,0,0,2,,
2026-03-30 18:50:58,48,19,19,0,"fit: 3, efit: 2","fit: 3, efit: 1",efit: 1,,,0,0,0,0,2,,
2026-03-30 18:57:32,48,19,19,0,"fit: 3, efit: 3","fit: 3, efit: 2",efit: 1,,,0,0,0,0,2,,
2026-03-30 19:02:33,48,19,19,0,"fit: 3, efit: 2","fit: 3, efit: 1",efit: 1,,,0,0,0,0,2,,
2026-03-30 19:04:44,48,19,19,0,"fit: 3, efit: 1",fit: 3,efit: 1,,,0,0,0,0,2,,
2026-03-30 19:16:02,48,19,19,0,"fit: 6, efit: 1",fit: 6,efit: 1,,,0,0,0,0,2,,
2026-03-30 19:34:49,48,19,19,0,"fit: 6, efit: 2","fit: 6, efit: 1",efit: 1,,,0,0,0,0,2,,
2026-03-30 19:44:51,48,19,19,0,"fit: 6, efit: 3","fit: 6, efit: 2",efit: 1,,,0,0,0,0,2,,
2026-03-30 20:04:54,48,19,19,0,"fit: 6, efit: 4","fit: 6, efit: 3",efit: 1,,,0,0,0,0,2,,
2026-03-30 20:06:10,48,19,19,0,"fit: 7, efit: 5","fit: 7, efit: 4",efit: 1,,,0,0,0,0,2,,
2026-03-30 20:09:55,48,19,19,0,"fit: 7, efit: 4","fit: 7, efit: 3",efit: 1,,,0,0,0,0,2,,
2026-03-30 20:14:56,48,19,19,0,"fit: 7, efit: 5","fit: 7, efit: 4",efit: 1,,,0,0,0,0,2,,
2026-03-30 20:21:12,48,19,19,0,"fit: 7, efit: 4","fit: 7, efit: 3",efit: 1,,,0,0,0,0,2,,
2026-03-30 20:22:49,48,19,19,0,"fit: 8, efit: 3","fit: 8, efit: 2",efit: 1,,,0,0,0,0,2,,
2026-03-30 20:26:13,48,19,19,0,"fit: 8, efit: 4","fit: 8, efit: 3",efit: 1,,,0,0,0,0,2,,
2026-03-30 20:29:59,48,19,19,0,"fit: 9, efit: 4","fit: 9, efit: 3",efit: 1,,,0,0,0,0,2,,
2026-03-30 20:31:13,48,19,19,0,"fit: 9, efit: 3","fit: 9, efit: 2",efit: 1,,,0,0,0,0,2,,
2026-03-30 20:40:01,48,19,19,0,"fit: 9, efit: 2","fit: 9, efit: 1",efit: 1,,,0,0,0,0,2,,
2026-03-30 20:45:02,48,19,19,0,"fit: 10, efit: 3","fit: 10, efit: 2",efit: 1,,,0,0,0,0,2,,
2026-03-30 20:46:16,48,19,19,0,"fit: 10, efit: 2","fit: 10, efit: 1",efit: 1,,,0,0,0,0,2,,
2026-03-30 20:50:03,48,19,19,0,"fit: 10, efit: 1",fit: 10,efit: 1,,,0,0,0,0,2,,
2026-03-30 20:55:04,48,19,19,0,"fit: 10, efit: 2","fit: 10, efit: 1",efit: 1,,,0,0,0,0,2,,
2026-03-30 21:05:06,48,19,19,0,"fit: 12, efit: 3","fit: 12, efit: 2",efit: 1,,,0,0,0,0,2,,
2026-03-30 21:18:01,48,19,19,0,"fit: 13, efit: 3","fit: 13, efit: 2",efit: 1,,,0,0,0,0,2,,
2026-03-30 21:21:21,48,19,19,0,"fit: 13, efit: 2","fit: 13, efit: 1",efit: 1,,,0,0,0,0,2,,
2026-03-30 22:03:10,48,19,19,0,"fit: 13, efit: 3","fit: 13, efit: 2",efit: 1,,,0,0,0,0,2,,
2026-03-30 22:08:10,48,19,19,0,"fit: 14, efit: 1",fit: 14,efit: 1,,,0,0,0,0,2,,
2026-03-30 22:10:17,48,19,19,0,"fit: 14, efit: 2","fit: 14, efit: 1",efit: 1,,,0,0,0,0,2,,
2026-03-30 22:25:20,48,19,19,0,"fit: 14, efit: 1",fit: 14,efit: 1,,,0,0,0,0,2,,
2026-03-31 00:00:36,48,19,19,0,"fit: 14, efit: 1",fit: 14,efit: 1,,,0,0,0,0,2,,
2026-03-31 00:11:46,48,19,19,0,"fit: 14, efit: 3","fit: 14, efit: 2",efit: 1,,,0,0,0,0,2,,
2026-03-31 01:30:51,48,19,19,0,"fit: 14, efit: 2","fit: 14, efit: 1",efit: 1,,,0,0,0,0,2,,
2026-03-31 01:31:57,48,19,19,0,"fit: 14, efit: 1",fit: 14,efit: 1,,,0,0,0,0,2,,
2026-03-31 01:38:51,48,19,19,0,"fit: 14, efit: 2","fit: 14, efit: 1",efit: 1,,,0,0,0,0,2,,
2026-03-31 01:45:54,48,19,19,0,"fit: 14, efit: 3","fit: 14, efit: 2",efit: 1,,,0,0,0,0,2,,
2026-03-31 02:37:07,48,19,19,0,"fit: 14, efit: 4","fit: 14, efit: 3",efit: 1,,,0,0,0,0,2,,
2026-03-31 03:51:16,48,19,19,0,"fit: 14, efit: 5","fit: 14, efit: 4",efit: 1,,,0,0,0,0,2,,
2026-03-31 05:34:36,48,19,19,0,"fit: 14, efit: 4","fit: 14, efit: 3",efit: 1,,,0,0,0,0,2,,
2026-03-31 07:42:51,48,19,19,0,"fit: 14, efit: 3","fit: 14, efit: 2",efit: 1,,,0,0,0,0,2,,
2026-03-31 07:51:56,48,19,19,0,"fit: 14, efit: 2","fit: 14, efit: 1",efit: 1,,,0,0,0,0,2,,
2026-03-31 08:10:06,48,19,19,0,"fit: 14, efit: 1",fit: 14,efit: 1,,,0,0,0,0,2,,
2026-03-31 08:57:08,48,19,19,0,"fit: 13, efit: 1",fit: 13,efit: 1,,,0,0,0,0,2,,
2026-03-31 09:05:17,48,19,19,0,"fit: 13, efit: 2","fit: 13, efit: 1",efit: 1,,,0,0,0,0,2,,
2026-03-31 09:22:12,48,19,19,0,"fit: 13, efit: 3","fit: 13, efit: 2",efit: 1,,,0,0,0,0,2,,
2026-03-31 09:28:07,48,19,19,0,"fit: 13, efit: 2","fit: 13, efit: 1",efit: 1,,,0,0,0,0,2,,
2026-03-31 09:30:22,48,19,19,0,"fit: 13, efit: 1",fit: 13,efit: 1,,,0,0,0,0,2,,
2026-03-31 09:37:15,48,19,19,0,"fit: 11, efit: 1",fit: 11,efit: 1,,,0,0,0,0,2,,
2026-03-31 09:38:08,48,19,19,0,"fit: 12, efit: 1",fit: 12,efit: 1,,,0,0,0,0,2,,
2026-03-31 09:40:24,48,19,19,0,"fit: 11, efit: 1",fit: 11,efit: 1,,,0,0,0,0,2,,
2026-03-31 09:58:11,48,19,19,0,"fit: 11, efit: 2","fit: 11, efit: 1",efit: 1,,,0,0,0,0,2,,
2026-03-31 10:03:12,48,19,19,0,"fit: 11, efit: 1",fit: 11,efit: 1,,,0,0,0,0,2,,
2026-03-31 10:10:31,48,19,19,0,"fit: 10, efit: 1",fit: 10,efit: 1,,,0,0,0,0,2,,
2026-03-31 10:12:21,48,19,19,0,"fit: 9, efit: 1",fit: 9,efit: 1,,,0,0,0,0,2,,
2026-03-31 10:37:26,48,19,19,0,"fit: 8, efit: 1",fit: 8,efit: 1,,,0,0,0,0,2,,
2026-03-31 10:45:38,48,19,19,0,"fit: 7, efit: 1",fit: 7,efit: 1,,,0,0,0,0,2,,
2026-03-31 10:55:40,48,19,19,0,"fit: 7, efit: 2","fit: 7, efit: 1",efit: 1,,,0,0,0,0,2,,
2026-03-31 10:57:30,48,19,19,0,"fit: 7, efit: 1",fit: 7,efit: 1,,,0,0,0,0,2,,
2026-03-31 11:27:35,48,19,19,0,"fit: 7, efit: 2","fit: 7, efit: 1",efit: 1,,,0,0,0,0,2,,
2026-03-31 11:45:50,48,19,19,0,"fit: 7, efit: 1",fit: 7,efit: 1,,,0,0,0,0,2,,
2026-03-31 12:05:54,48,19,19,0,"fit: 6, efit: 1",fit: 6,efit: 1,,,0,0,0,0,2,,
2026-03-31 12:07:42,48,19,19,0,"fit: 6, efit: 2","fit: 6, efit: 1",efit: 1,,,0,0,0,0,2,,
2026-03-31 12:20:57,48,19,19,0,"fit: 6, efit: 4","fit: 6, efit: 3",efit: 1,,,0,0,0,0,2,,
2026-03-31 12:22:45,48,19,19,0,"fit: 6, efit: 3","fit: 6, efit: 2",efit: 1,,,0,0,0,0,2,,
2026-03-31 12:25:58,48,19,19,0,"fit: 6, efit: 4","fit: 6, efit: 3",efit: 1,,,0,0,0,0,2,,
2026-03-31 12:32:46,48,19,19,0,"fit: 6, efit: 3","fit: 6, efit: 2",efit: 1,,,0,0,0,0,2,,
2026-03-31 12:36:01,48,19,19,0,"fit: 6, efit: 2","fit: 6, efit: 1",efit: 1,,,0,0,0,0,2,,
2026-03-31 12:56:05,48,19,19,0,"fit: 6, efit: 1",fit: 6,efit: 1,,,0,0,0,0,2,,
2026-03-31 13:11:08,48,19,19,0,"fit: 5, efit: 1",fit: 5,efit: 1,,,0,0,0,0,2,,
2026-03-31 13:18:42,48,19,19,0,"fit: 6, efit: 1",fit: 6,efit: 1,,,0,0,0,0,2,,
2026-03-31 13:21:10,48,19,19,0,"fit: 5, efit: 1",fit: 5,efit: 1,,,0,0,0,0,2,,
2026-03-31 13:31:12,48,19,19,0,"fit: 5, efit: 2","fit: 5, efit: 1",efit: 1,,,0,0,0,0,2,,
2026-03-31 13:46:15,48,19,19,0,"fit: 5, efit: 1",fit: 5,efit: 1,,,0,0,0,0,2,,
2026-03-31 13:51:16,48,19,19,0,fit: 4,fit: 4,,,,0,0,0,0,2,,
2026-03-31 14:01:18,48,19,19,0,"fit: 4, efit: 1","fit: 4, efit: 1",,,,0,0,0,0,2,,
2026-03-31 14:16:21,48,19,19,0,"fit: 4, efit: 2","fit: 4, efit: 2",,,,0,0,0,0,2,,
2026-03-31 14:18:52,48,19,19,0,"fit: 5, efit: 2","fit: 5, efit: 2",,,,0,0,0,0,2,,
2026-03-31 14:21:21,48,19,19,0,"fit: 5, efit: 1","fit: 5, efit: 1",,,,0,0,0,0,2,,
2026-03-31 14:51:28,48,19,19,0,fit: 5,fit: 5,,,,0,0,0,0,2,,
2026-03-31 15:19:01,48,19,19,0,"fit: 5, efit: 1","fit: 5, efit: 1",,,,0,0,0,0,2,,
2026-03-31 15:31:36,48,19,19,0,fit: 5,fit: 5,,,,0,0,0,0,2,,
2026-03-31 15:41:38,48,19,19,0,fit: 3,fit: 3,,,,0,0,0,0,2,,
2026-03-31 15:53:22,48,19,19,0,"fit: 3, efit: 1","fit: 3, efit: 1",,,,0,0,0,0,2,,
2026-03-31 15:58:23,48,19,19,0,"fit: 3, efit: 3","fit: 3, efit: 3",,,,0,0,0,0,2,,
2026-03-31 16:01:41,48,19,19,0,"fit: 3, efit: 4","fit: 3, efit: 4",,,,0,0,0,0,2,,
2026-03-31 16:08:25,48,19,19,0,"fit: 3, efit: 3","fit: 3, efit: 3",,,,0,0,0,0,2,,
2026-03-31 16:13:25,48,19,19,0,"fit: 3, efit: 4","fit: 3, efit: 4",,,,0,0,0,0,2,,
2026-03-31 16:16:44,48,19,19,0,"fit: 3, efit: 5","fit: 3, efit: 5",,,,0,0,0,0,2,,
2026-03-31 16:19:10,48,19,19,0,"fit: 3, efit: 4","fit: 3, efit: 4",,,,0,0,0,0,2,,
2026-03-31 16:28:28,48,19,19,0,"fit: 3, efit: 3","fit: 3, efit: 3",,,,0,0,0,0,2,,
2026-03-31 16:41:49,48,19,19,0,"fit: 3, efit: 4","fit: 3, efit: 4",,,,0,0,0,0,2,,
2026-03-31 16:44:14,48,19,19,0,"fit: 2, efit: 4","fit: 2, efit: 4",,,,0,0,0,0,2,,
2026-03-31 16:46:50,48,19,19,0,"fit: 3, efit: 2","fit: 3, efit: 2",,,,0,0,0,0,2,,
2026-03-31 16:49:15,48,19,19,0,"fit: 3, efit: 3","fit: 3, efit: 3",,,,0,0,0,0,2,,
2026-03-31 16:51:51,48,19,19,0,"fit: 3, efit: 4","fit: 3, efit: 4",,,,0,0,0,0,2,,
2026-03-31 16:54:16,48,19,19,0,"fit: 3, efit: 3","fit: 3, efit: 3",,,,0,0,0,0,2,,
2026-03-31 16:58:34,48,19,19,0,"fit: 3, efit: 4","fit: 3, efit: 4",,,,0,0,0,0,2,,
2026-03-31 16:59:17,48,19,19,0,"fit: 3, efit: 3","fit: 3, efit: 3",,,,0,0,0,0,2,,
2026-03-31 17:01:54,48,19,19,0,"fit: 3, efit: 2","fit: 3, efit: 2",,,,0,0,0,0,2,,
2026-03-31 17:03:34,48,19,19,0,"fit: 3, efit: 4","fit: 3, efit: 4",,,,0,0,0,0,2,,
2026-03-31 17:04:17,48,19,19,0,"fit: 3, efit: 5","fit: 3, efit: 5",,,,0,0,0,0,2,,
2026-03-31 17:21:57,48,19,19,0,"fit: 3, efit: 4","fit: 3, efit: 4",,,,0,0,0,0,2,,
2026-03-31 17:26:59,48,19,19,0,"fit: 3, efit: 3","fit: 3, efit: 3",,,,0,0,0,0,2,,
2026-03-31 17:29:21,48,19,19,0,"fit: 3, efit: 2","fit: 3, efit: 2",,,,0,0,0,0,2,,
2026-03-31 17:32:00,48,19,19,0,"fit: 3, efit: 3","fit: 3, efit: 3",,,,0,0,0,0,2,,
2026-03-31 17:37:01,48,19,19,0,"fit: 3, efit: 2","fit: 3, efit: 2",,,,0,0,0,0,2,,
2026-03-31 17:57:05,48,19,19,0,"fit: 3, efit: 3","fit: 3, efit: 3",,,,0,0,0,0,2,,
2026-03-31 17:58:44,48,19,19,0,"fit: 4, efit: 3","fit: 4, efit: 3",,,,0,0,0,0,2,,
2026-03-31 18:02:06,48,19,19,0,"fit: 4, efit: 4","fit: 4, efit: 4",,,,0,0,0,0,2,,
2026-03-31 18:03:45,48,19,19,0,"fit: 4, efit: 5","fit: 4, efit: 5",,,,0,0,0,0,2,,
2026-03-31 18:04:27,48,19,19,0,"fit: 4, efit: 4","fit: 4, efit: 4",,,,0,0,0,0,2,,
2026-03-31 18:08:46,48,19,19,0,"fit: 4, efit: 3","fit: 4, efit: 3",,,,0,0,0,0,2,,
2026-03-31 18:18:48,48,19,19,0,"fit: 4, efit: 4","fit: 4, efit: 4",,,,0,0,0,0,2,,
2026-03-31 18:22:10,48,19,19,0,"fit: 4, efit: 5","fit: 4, efit: 5",,,,0,0,0,0,2,,
2026-03-31 18:23:49,48,19,19,0,"fit: 4, efit: 3","fit: 4, efit: 3",,,,0,0,0,0,2,,
2026-03-31 18:37:13,48,19,19,0,"fit: 4, efit: 4","fit: 4, efit: 4",,,,0,0,0,0,2,,
2026-03-31 18:48:53,48,19,19,0,"fit: 5, efit: 3","fit: 5, efit: 3",,,,0,0,0,0,2,,
2026-03-31 18:49:34,48,19,19,0,"fit: 5, efit: 2","fit: 5, efit: 2",,,,0,0,0,0,2,,
2026-03-31 18:53:54,48,19,19,0,"fit: 5, efit: 3","fit: 5, efit: 3",,,,0,0,0,0,2,,
2026-03-31 18:58:55,48,19,19,0,"fit: 5, efit: 2","fit: 5, efit: 2",,,,0,0,0,0,2,,
2026-03-31 19:08:56,48,19,19,0,"fit: 5, efit: 3","fit: 5, efit: 3",,,,0,0,0,0,2,,
2026-03-31 19:12:20,48,19,19,0,"fit: 5, efit: 4","fit: 5, efit: 4",,,,0,0,0,0,2,,
2026-03-31 19:17:21,48,19,19,0,"fit: 5, efit: 3","fit: 5, efit: 3",,,,0,0,0,0,2,,
2026-03-31 19:29:40,48,19,19,0,"fit: 5, efit: 4","fit: 5, efit: 4",,,,0,0,0,0,2,,
2026-03-31 19:34:01,48,19,19,0,"fit: 5, efit: 3","fit: 5, efit: 3",,,,0,0,0,0,2,,
2026-03-31 19:39:42,48,19,19,0,"fit: 4, efit: 3","fit: 4, efit: 3",,,,0,0,0,0,2,,
2026-03-31 19:42:26,48,19,19,0,"fit: 4, efit: 2","fit: 4, efit: 2",,,,0,0,0,0,2,,
2026-03-31 19:44:03,48,19,19,0,"fit: 4, efit: 1","fit: 4, efit: 1",,,,0,0,0,0,2,,
2026-03-31 19:47:27,48,19,19,0,"fit: 3, efit: 1","fit: 3, efit: 1",,,,0,0,0,0,2,,
2026-03-31 19:49:04,48,19,19,0,"fit: 3, efit: 2","fit: 3, efit: 2",,,,0,0,0,0,2,,
2026-03-31 20:02:30,48,19,19,0,"fit: 4, efit: 4","fit: 4, efit: 4",,,,0,0,0,0,2,,
2026-03-31 20:04:06,48,19,19,0,"fit: 5, efit: 4","fit: 5, efit: 4",,,,0,0,0,0,2,,
2026-03-31 20:22:34,48,19,19,0,"fit: 3, efit: 1","fit: 3, efit: 1",,,,0,0,0,0,2,,
2026-03-31 20:27:35,48,19,19,0,"fit: 4, efit: 1","fit: 4, efit: 1",,,,0,0,0,0,2,,
2026-03-31 20:32:36,48,19,19,0,"fit: 5, efit: 2","fit: 5, efit: 2",,,,0,0,0,0,2,,
2026-03-31 20:39:12,48,19,19,0,"fit: 6, efit: 2","fit: 6, efit: 2",,,,0,0,0,0,2,,
2026-03-31 20:47:39,48,19,19,0,"fit: 6, efit: 3","fit: 6, efit: 3",,,,0,0,0,0,2,,
2026-03-31 20:52:40,48,19,19,0,"fit: 6, efit: 2","fit: 6, efit: 2",,,,0,0,0,0,2,,
2026-03-31 21:09:56,48,19,19,0,"fit: 6, efit: 3","fit: 6, efit: 3",,,,0,0,0,0,2,,
2026-03-31 21:14:18,48,19,19,0,"fit: 6, efit: 2","fit: 6, efit: 2",,,,0,0,0,0,2,,
2026-03-31 21:14:57,48,19,19,0,"fit: 6, efit: 3","fit: 6, efit: 3",,,,0,0,0,0,2,,
2026-03-31 21:17:45,48,19,19,0,"fit: 6, efit: 4","fit: 6, efit: 4",,,,0,0,0,0,2,,
2026-03-31 21:22:46,48,19,19,0,"fit: 7, efit: 5","fit: 7, efit: 5",,,,0,0,0,0,2,,
2026-03-31 21:34:22,48,19,19,0,"fit: 7, efit: 4","fit: 7, efit: 4",,,,0,0,0,0,2,,
2026-03-31 21:35:00,48,19,19,0,"fit: 7, efit: 3","fit: 7, efit: 3",,,,0,0,0,0,2,,
2026-03-31 21:49:24,48,19,19,0,"fit: 7, efit: 2","fit: 7, efit: 2",,,,0,0,0,0,2,,
2026-03-31 22:04:27,48,19,19,0,"fit: 7, efit: 3","fit: 7, efit: 3",,,,0,0,0,0,2,,
2026-03-31 22:14:29,48,19,19,0,"fit: 7, efit: 5","fit: 7, efit: 5",,,,0,0,0,0,2,,
2026-03-31 22:33:00,48,19,19,0,"fit: 7, efit: 7","fit: 7, efit: 7",,,,0,0,0,0,2,,
2026-03-31 22:34:32,48,19,19,0,"fit: 8, efit: 6","fit: 8, efit: 6",,,,0,0,0,0,2,,
2026-03-31 22:38:01,48,19,19,0,"fit: 8, efit: 5","fit: 8, efit: 5",,,,0,0,0,0,2,,
2026-03-31 22:44:34,48,19,19,0,"fit: 8, efit: 4","fit: 8, efit: 4",,,,0,0,0,0,2,,
2026-03-31 22:50:12,48,19,19,0,"fit: 8, efit: 5","fit: 8, efit: 5",,,,0,0,0,0,2,,
2026-03-31 22:58:05,48,19,19,0,"fit: 8, efit: 6","fit: 8, efit: 6",,,,0,0,0,0,2,,
2026-03-31 23:18:56,48,19,19,0,"fit: 8, efit: 8","fit: 8, efit: 8",,,,0,0,0,0,2,,
2026-03-31 23:23:57,48,19,19,0,"fit: 8, efit: 9","fit: 8, efit: 9",,,,0,0,0,0,2,,
2026-03-31 23:28:58,48,19,19,0,"fit: 9, efit: 8","fit: 9, efit: 8",,,,0,0,0,0,2,,
2026-03-31 23:29:16,48,19,19,0,"fit: 9, efit: 7","fit: 9, efit: 7",,,,0,0,0,0,2,,
2026-03-31 23:33:59,48,19,19,0,"fit: 9, efit: 6","fit: 9, efit: 6",,,,0,0,0,0,2,,
2026-03-31 23:44:01,48,19,19,0,"fit: 9, efit: 7","fit: 9, efit: 7",,,,0,0,0,0,2,,
2026-03-31 23:49:33,48,19,19,0,"fit: 9, efit: 6","fit: 9, efit: 6",,,,0,0,0,0,2,,
2026-04-01 00:04:05,48,19,19,0,"fit: 9, efit: 6","fit: 9, efit: 6",,,,0,0,0,0,2,,
2026-04-01 01:19:19,48,19,19,0,"fit: 9, efit: 7","fit: 9, efit: 7",,,,0,0,0,0,2,,
2026-04-01 05:35:09,48,19,19,0,"fit: 9, efit: 6","fit: 9, efit: 6",,,,0,0,0,0,2,,
2026-04-01 07:10:27,48,19,19,0,"fit: 9, efit: 7","fit: 9, efit: 7",,,,0,0,0,0,2,,
2026-04-01 08:25:42,48,19,19,0,"fit: 9, efit: 8","fit: 9, efit: 8",,,,0,0,0,0,2,,
2026-04-01 08:30:43,48,19,19,0,"fit: 9, efit: 7","fit: 9, efit: 7",,,,0,0,0,0,2,,
2026-04-01 08:55:48,48,19,19,0,"fit: 9, efit: 6","fit: 9, efit: 6",,,,0,0,0,0,2,,
2026-04-01 09:41:39,48,19,19,0,"fit: 9, efit: 7","fit: 9, efit: 7",,,,0,0,0,0,2,,
2026-04-01 10:36:03,48,19,19,0,"fit: 9, efit: 6","fit: 9, efit: 6",,,,0,0,0,0,2,,
2026-04-01 10:46:52,48,19,19,0,"fit: 9, efit: 7","fit: 9, efit: 7",,,,0,0,0,0,2,,
2026-04-01 10:51:53,48,19,19,0,"fit: 9, efit: 6","fit: 9, efit: 6",,,,0,0,0,0,2,,
2026-04-01 10:56:06,48,19,19,0,"fit: 9, efit: 3","fit: 9, efit: 3",,,,0,0,0,0,2,,
2026-04-01 10:56:54,48,19,19,0,"fit: 9, efit: 2","fit: 9, efit: 2",,,,0,0,0,0,2,,
2026-04-01 11:16:09,48,19,19,0,"fit: 9, efit: 1","fit: 9, efit: 1",,,,0,0,0,0,2,,
2026-04-01 11:16:59,48,19,19,0,"fit: 9, efit: 2","fit: 9, efit: 2",,,,0,0,0,0,2,,
2026-04-01 11:37:03,48,19,19,0,"fit: 8, efit: 2","fit: 8, efit: 2",,,,0,0,0,0,2,,
2026-04-01 11:41:13,48,19,19,0,"fit: 8, efit: 3","fit: 8, efit: 3",,,,0,0,0,0,2,,
2026-04-01 11:57:07,48,19,19,0,"fit: 8, efit: 2","fit: 8, efit: 2",,,,0,0,0,0,2,,
2026-04-01 12:01:17,48,19,19,0,"fit: 7, efit: 2","fit: 7, efit: 2",,,,0,0,0,0,2,,
2026-04-01 12:16:19,48,19,19,0,"fit: 7, efit: 3","fit: 7, efit: 3",,,,0,0,0,0,2,,
2026-04-01 12:22:13,48,19,19,0,"fit: 7, efit: 4","fit: 7, efit: 4",,,,0,0,0,0,2,,
2026-04-01 12:26:21,48,19,19,0,"fit: 7, efit: 3","fit: 7, efit: 3",,,,0,0,0,0,2,,
2026-04-01 12:31:22,48,19,19,0,"fit: 7, efit: 4","fit: 7, efit: 4",,,,0,0,0,0,2,,
2026-04-01 12:41:23,48,19,19,0,"fit: 7, efit: 2","fit: 7, efit: 2",,,,0,0,0,0,2,,
2026-04-01 12:51:25,48,19,19,0,"fit: 7, efit: 1","fit: 7, efit: 1",,,,0,0,0,0,2,,
2026-04-01 12:56:26,48,19,19,0,fit: 6,fit: 6,,,,0,0,0,0,2,,
2026-04-01 13:01:27,48,19,19,0,"fit: 6, efit: 1","fit: 6, efit: 1",,,,0,0,0,0,2,,
2026-04-01 13:16:29,48,19,19,0,fit: 6,fit: 6,,,,0,0,0,0,2,,
2026-04-01 13:21:30,48,19,19,0,fit: 5,fit: 5,,,,0,0,0,0,2,,
2026-04-01 13:26:31,48,19,19,0,"fit: 5, efit: 1","fit: 5, efit: 1",,,,0,0,0,0,2,,
2026-04-01 13:36:33,48,19,19,0,fit: 5,fit: 5,,,,0,0,0,0,2,,
2026-04-01 13:51:35,48,19,19,0,"fit: 5, efit: 1","fit: 5, efit: 1",,,,0,0,0,0,2,,
2026-04-01 14:06:38,48,19,19,0,"fit: 5, efit: 3","fit: 5, efit: 3",,,,0,0,0,0,2,,
2026-04-01 14:11:38,48,19,19,0,"fit: 5, efit: 1","fit: 5, efit: 1",,,,0,0,0,0,2,,
2026-04-01 14:16:39,48,19,19,0,"fit: 5, efit: 1","fit: 3, efit: 1",fit: 2,,,0,0,0,0,2,,
2026-04-01 14:27:39,48,19,19,0,fit: 5,fit: 3,fit: 2,,,0,0,0,0,2,,
2026-04-01 14:41:43,48,19,19,0,"fit: 5, efit: 1","fit: 3, efit: 1",fit: 2,,,0,0,0,0,2,,
2026-04-01 14:56:46,48,19,19,0,fit: 3,fit: 3,,,,0,0,0,0,2,,
2026-04-01 15:16:49,48,19,19,0,fit: 4,fit: 4,,,,0,0,0,0,2,,
2026-04-01 15:41:53,48,19,19,0,"fit: 4, efit: 2","fit: 4, efit: 2",,,,0,0,0,0,2,,
2026-04-01 15:46:54,48,19,19,0,"fit: 4, efit: 1","fit: 4, efit: 1",,,,0,0,0,0,2,,
2026-04-01 15:47:05,48,19,19,0,"fit: 4, efit: 2","fit: 4, efit: 2",,,,0,0,0,0,2,,
2026-04-01 15:52:57,48,19,19,0,"fit: 4, efit: 1","fit: 4, efit: 1",,,,0,0,0,0,2,,
2026-04-01 15:56:56,48,19,19,0,"fit: 5, efit: 1","fit: 5, efit: 1",,,,0,0,0,0,2,,
2026-04-01 16:02:59,48,19,19,0,"fit: 5, efit: 2","fit: 5, efit: 2",,,,0,0,0,0,2,,
2026-04-01 16:22:00,48,19,19,0,"fit: 5, efit: 3","fit: 5, efit: 3",,,,0,0,0,0,2,,
2026-04-01 16:27:01,48,19,19,0,"fit: 5, efit: 4","fit: 5, efit: 4",,,,0,0,0,0,2,,
2026-04-01 16:32:02,48,19,19,0,"fit: 6, efit: 4","fit: 6, efit: 4",,,,0,0,0,0,2,,
2026-04-01 16:37:03,48,19,19,0,"fit: 6, efit: 5","fit: 6, efit: 5",,,,0,0,0,0,2,,
2026-04-01 16:42:04,48,19,19,0,"fit: 6, efit: 6","fit: 6, efit: 6",,,,0,0,0,0,2,,
2026-04-01 16:47:04,48,19,19,0,"fit: 6, efit: 7","fit: 6, efit: 7",,,,0,0,0,0,2,,
2026-04-01 16:52:05,48,19,19,0,"fit: 6, efit: 6","fit: 6, efit: 6",,,,0,0,0,0,2,,
2026-04-01 16:57:06,48,19,19,0,"fit: 6, efit: 8","fit: 6, efit: 8",,,,0,0,0,0,2,,
2026-04-01 17:02:07,48,19,19,0,"fit: 6, efit: 8","fit: 6, efit: 7",,,,0,0,0,0,2,,
2026-04-01 17:07:08,48,19,19,0,"fit: 6, efit: 9","fit: 6, efit: 8",,,,0,0,0,0,2,,
2026-04-01 17:12:09,48,19,19,0,"fit: 6, efit: 10","fit: 6, efit: 9",,,,0,0,0,0,2,,
2026-04-01 17:27:11,48,19,19,0,"fit: 6, efit: 8","fit: 6, efit: 7",,,,0,0,0,0,2,,
2026-04-01 17:42:28,48,19,19,0,"fit: 6, efit: 7","fit: 6, efit: 6",,,,0,0,0,0,2,,
2026-04-01 17:47:14,48,19,19,0,"fit: 6, efit: 3","fit: 6, efit: 2",,,,0,0,0,0,2,,
2026-04-01 17:52:15,48,19,19,0,"fit: 6, efit: 4","fit: 6, efit: 3",,,,0,0,0,0,2,,
2026-04-01 17:53:22,48,19,19,0,"fit: 6, efit: 3","fit: 6, efit: 2",,,,0,0,0,0,2,,
2026-04-01 17:57:16,48,19,19,0,"fit: 7, efit: 4","fit: 7, efit: 3",,,,0,0,0,0,2,,
2026-04-01 18:02:17,48,19,19,0,"fit: 8, efit: 4","fit: 8, efit: 3",,,,0,0,0,0,2,,
2026-04-01 18:07:18,48,19,19,0,"fit: 9, efit: 3","fit: 9, efit: 2",,,,0,0,0,0,2,,
2026-04-01 18:12:19,48,19,19,0,"fit: 9, efit: 4","fit: 9, efit: 3",,,,0,0,0,0,2,,
2026-04-01 18:13:26,48,19,19,0,"fit: 9, efit: 5","fit: 9, efit: 4",,,,0,0,0,0,2,,
2026-04-01 18:18:27,48,19,19,0,"fit: 10, efit: 5","fit: 10, efit: 4",,,,0,0,0,0,2,,
2026-04-01 18:27:21,48,19,19,0,"fit: 10, efit: 3","fit: 10, efit: 2",,,,0,0,0,0,2,,
2026-04-01 18:43:33,48,19,19,0,"fit: 11, efit: 2","fit: 11, efit: 1",,,,0,0,0,0,2,,
2026-04-01 18:53:35,48,19,19,0,"fit: 12, efit: 1",fit: 12,,,,0,0,0,0,2,,
2026-04-01 19:02:27,48,19,19,0,"fit: 12, efit: 3","fit: 12, efit: 2",,,,0,0,0,0,2,,
2026-04-01 19:12:29,48,19,19,0,"fit: 12, efit: 2","fit: 12, efit: 1",,,,0,0,0,0,2,,
2026-04-01 19:28:42,48,19,19,0,"fit: 12, efit: 1",fit: 12,,,,0,0,0,0,2,,
2026-04-01 19:52:36,48,19,19,0,"fit: 13, efit: 4","fit: 13, efit: 3",,,,0,0,0,0,2,,
2026-04-01 19:53:47,48,19,19,0,"fit: 13, efit: 5","fit: 13, efit: 4",,,,0,0,0,0,2,,
2026-04-01 20:12:39,48,19,19,0,"fit: 13, efit: 4","fit: 13, efit: 3",,,,0,0,0,0,2,,
2026-04-01 20:43:58,48,19,19,0,"fit: 13, efit: 3","fit: 13, efit: 2",,,,0,0,0,0,2,,
2026-04-01 20:57:47,48,19,19,0,"fit: 13, efit: 4","fit: 13, efit: 3",,,,0,0,0,0,2,,
2026-04-01 21:17:50,48,19,19,0,"fit: 13, efit: 6","fit: 13, efit: 5",,,,0,0,0,0,2,,
2026-04-01 21:22:51,48,19,19,0,"fit: 13, efit: 5","fit: 13, efit: 4",,,,0,0,0,0,2,,
2026-04-01 21:32:52,48,19,19,0,"fit: 13, efit: 1",fit: 13,,,,0,0,0,0,2,,
2026-04-01 21:44:11,48,19,19,0,"fit: 12, efit: 1",fit: 12,,,,0,0,0,0,2,,
2026-04-01 21:52:56,48,19,19,0,"fit: 12, efit: 2","fit: 12, efit: 1",,,,0,0,0,0,2,,
2026-04-01 22:12:59,48,19,19,0,"fit: 12, efit: 1",fit: 12,,,,0,0,0,0,2,,
2026-04-01 22:14:17,48,19,19,0,"fit: 12, efit: 2","fit: 12, efit: 1",,,,0,0,0,0,2,,
2026-04-01 22:19:18,48,19,19,0,"fit: 12, efit: 3","fit: 12, efit: 2",,,,0,0,0,0,2,,
2026-04-01 22:23:01,48,19,19,0,"fit: 13, efit: 4","fit: 13, efit: 3",,,,0,0,0,0,2,,
2026-04-01 22:48:05,48,19,19,0,"fit: 13, efit: 3","fit: 13, efit: 2",,,,0,0,0,0,2,,
2026-04-01 23:13:34,48,19,19,0,"fit: 13, efit: 2","fit: 13, efit: 1",,,,0,0,0,0,2,,
2026-04-01 23:28:12,48,19,19,0,"fit: 14, efit: 2","fit: 14, efit: 1",,,,0,0,0,0,2,,
2026-04-02 00:03:17,48,19,19,0,"fit: 14, efit: 2","fit: 14, efit: 1",,,,0,0,0,0,2,,
2026-04-02 00:38:23,48,19,19,0,"fit: 14, efit: 4","fit: 14, efit: 3",,,,0,0,0,0,2,,
2026-04-02 04:29:35,48,19,19,0,"fit: 14, efit: 3","fit: 14, efit: 2",,,,0,0,0,0,2,,
2026-04-02 04:39:37,48,19,19,0,"fit: 14, efit: 4","fit: 14, efit: 3",,,,0,0,0,0,2,,
2026-04-02 05:24:08,48,19,19,0,"fit: 14, efit: 5","fit: 14, efit: 4",,,,0,0,0,0,2,,
2026-04-02 05:39:11,48,19,19,0,"fit: 14, efit: 4","fit: 14, efit: 3",,,,0,0,0,0,2,,
2026-04-02 05:49:51,48,19,19,0,"fit: 14, efit: 3","fit: 14, efit: 2",,,,0,0,0,0,2,,
2026-04-02 06:56:04,48,19,19,0,"fit: 14, efit: 4","fit: 14, efit: 3",,,,0,0,0,0,2,,
2026-04-02 07:36:12,48,19,19,0,"fit: 14, efit: 3","fit: 14, efit: 2",,,,0,0,0,0,2,,
2026-04-02 08:15:20,48,19,19,0,"fit: 14, efit: 2","fit: 14, efit: 1",,,,0,0,0,0,2,,
2026-04-02 08:26:23,48,19,19,0,"fit: 14, efit: 1",fit: 14,,,,0,0,0,0,2,,
2026-04-02 08:29:38,48,19,19,0,"fit: 13, efit: 2","fit: 13, efit: 1",,,,0,0,0,0,2,,
2026-04-02 08:44:40,48,19,19,0,"fit: 12, efit: 2",fit: 12,efit: 1,,,0,0,0,0,2,,
2026-04-02 08:45:26,48,19,19,0,"fit: 11, efit: 2",fit: 11,efit: 1,,,0,0,0,0,2,,
2026-04-02 09:14:45,48,19,19,0,"fit: 10, efit: 2",fit: 10,efit: 1,,,0,0,0,0,2,,
2026-04-02 09:16:33,48,19,19,0,"fit: 9, efit: 2",fit: 9,efit: 1,,,0,0,0,0,2,,
2026-04-02 09:29:48,48,19,19,0,"fit: 8, efit: 2",fit: 8,efit: 1,,,0,0,0,0,2,,
2026-04-02 09:36:37,48,19,19,0,"fit: 7, efit: 2",fit: 7,efit: 1,,,0,0,0,0,2,,
2026-04-02 10:04:53,48,19,19,0,"fit: 7, efit: 3","fit: 7, efit: 1",efit: 1,,,0,0,0,0,2,,
2026-04-02 10:20:45,48,19,19,0,"fit: 7, efit: 2",fit: 7,efit: 1,,,0,0,0,0,2,,
2026-04-02 10:36:50,48,19,19,0,"fit: 6, efit: 2",fit: 6,efit: 1,,,0,0,0,0,2,,
2026-04-02 10:50:51,48,19,19,0,"fit: 5, efit: 2",fit: 5,efit: 1,,,0,0,0,0,2,,
2026-04-02 11:05:04,48,19,19,0,"fit: 4, efit: 2",fit: 4,efit: 1,,,0,0,0,0,2,,
2026-04-02 11:10:55,48,19,19,0,"fit: 3, efit: 2",fit: 3,efit: 1,,,0,0,0,0,2,,
2026-04-02 11:15:06,48,19,19,0,"fit: 3, efit: 1","fit: 3, efit: 1",,,,0,0,0,0,2,,
2026-04-02 11:15:56,48,19,19,0,"fit: 3, efit: 2","fit: 3, efit: 2",,,,0,0,0,0,2,,
2026-04-02 11:40:10,48,19,19,0,"fit: 3, efit: 3","fit: 3, efit: 3",,,,0,0,0,0,2,,
2026-04-02 11:42:04,48,19,19,0,"fit: 3, efit: 2","fit: 3, efit: 2",,,,0,0,0,0,2,,
2026-04-02 11:45:11,48,19,19,0,"fit: 3, efit: 1","fit: 3, efit: 1",,,,0,0,0,0,2,,
2026-04-02 11:55:13,48,19,19,0,fit: 3,fit: 3,,,,0,0,0,0,2,,
2026-04-02 12:12:10,48,19,19,0,"fit: 3, efit: 1","fit: 3, efit: 1",,,,0,0,0,0,2,,
2026-04-02 12:20:17,48,19,19,0,"fit: 3, efit: 2","fit: 3, efit: 2",,,,0,0,0,0,2,,
2026-04-02 12:32:14,48,19,19,0,"fit: 3, efit: 1","fit: 3, efit: 1",,,,0,0,0,0,2,,
2026-04-02 12:40:20,48,19,19,0,fit: 3,fit: 3,,,,0,0,0,0,2,,
2026-04-02 12:42:16,48,19,19,0,"fit: 3, efit: 1","fit: 3, efit: 1",,,,0,0,0,0,2,,
2026-04-02 12:45:21,48,19,19,0,fit: 3,fit: 3,,,,0,0,0,0,2,,
2026-04-02 13:00:23,48,19,19,0,"fit: 2, efit: 1",fit: 2,efit: 1,,,0,0,0,0,2,,
2026-04-02 13:16:21,48,19,19,0,"fit: 2, efit: 2","fit: 2, efit: 1",efit: 1,,,0,0,0,0,2,,
2026-04-02 13:30:29,48,19,19,0,"fit: 1, efit: 1",fit: 1,efit: 1,,,0,0,0,0,2,,
2026-04-02 13:41:26,48,19,19,0,"fit: 1, efit: 2","fit: 1, efit: 1",efit: 1,,,0,0,0,0,2,,
2026-04-02 13:42:29,48,19,19,0,"fit: 2, efit: 1",fit: 2,efit: 1,,,0,0,0,0,2,,
2026-04-02 13:51:29,48,19,19,0,"fit: 2, efit: 2","fit: 2, efit: 1",efit: 1,,,0,0,0,0,2,,
2026-04-02 14:00:34,48,19,19,0,"fit: 2, efit: 3","fit: 2, efit: 2",efit: 1,,,0,0,0,0,2,,
2026-04-02 14:07:34,48,19,19,0,"fit: 2, efit: 2","fit: 2, efit: 1",efit: 1,,,0,0,0,0,2,,
2026-04-02 14:15:36,48,19,19,0,"fit: 3, efit: 2","fit: 3, efit: 1",efit: 1,,,0,0,0,0,2,,
2026-04-02 14:17:36,48,19,19,0,"fit: 3, efit: 1",fit: 3,efit: 1,,,0,0,0,0,2,,
2026-04-02 14:25:38,48,19,19,0,"fit: 4, efit: 1",fit: 4,efit: 1,,,0,0,0,0,2,,
2026-04-02 14:26:36,48,19,19,0,"fit: 3, efit: 1",fit: 3,efit: 1,,,0,0,0,0,2,,
2026-04-02 14:31:37,48,19,19,0,"fit: 3, efit: 2","fit: 3, efit: 1",efit: 1,,,0,0,0,0,2,,
2026-04-02 14:32:39,48,19,19,0,"fit: 2, efit: 1",fit: 2,efit: 1,,,0,0,0,0,2,,
2026-04-02 14:50:42,48,19,19,0,"fit: 2, efit: 2","fit: 2, efit: 1",efit: 1,,,0,0,0,0,2,,
2026-04-02 14:52:44,48,19,19,0,"fit: 2, efit: 1",fit: 2,efit: 1,,,0,0,0,0,2,,
2026-04-02 15:07:47,48,19,19,0,"fit: 1, efit: 1",fit: 1,efit: 1,,,0,0,0,0,2,,
2026-04-02 15:16:46,48,19,19,0,"fit: 1, efit: 2","fit: 1, efit: 1",efit: 1,,,0,0,0,0,2,,
2026-04-02 15:20:47,48,19,19,0,"fit: 1, efit: 1",fit: 1,efit: 1,,,0,0,0,0,2,,
2026-04-02 15:30:49,48,19,19,0,"fit: 2, efit: 1",fit: 2,efit: 1,,,0,0,0,0,2,,
2026-04-02 15:35:50,48,19,19,0,"fit: 2, efit: 3","fit: 2, efit: 2",efit: 1,,,0,0,0,0,2,,
2026-04-02 15:41:51,48,19,19,0,"fit: 3, efit: 1",fit: 3,efit: 1,,,0,0,0,0,2,,
2026-04-02 15:42:54,48,19,19,0,"fit: 4, efit: 1",fit: 4,efit: 1,,,0,0,0,0,2,,
2026-04-02 15:55:53,48,19,19,0,"fit: 5, efit: 1",fit: 5,efit: 1,,,0,0,0,0,2,,
2026-04-02 16:05:55,48,19,19,0,"fit: 4, efit: 2","fit: 4, efit: 1",efit: 1,,,0,0,0,0,2,,
2026-04-02 16:16:58,48,19,19,0,"fit: 4, efit: 3","fit: 4, efit: 2",efit: 1,,,0,0,0,0,2,,
2026-04-02 16:21:59,48,19,19,0,"fit: 4, efit: 2","fit: 4, efit: 1",efit: 1,,,0,0,0,0,2,,
2026-04-02 16:46:03,48,19,19,0,"fit: 4, efit: 3","fit: 4, efit: 2",efit: 1,,,0,0,0,0,2,,
2026-04-02 16:56:05,48,19,19,0,"fit: 4, efit: 4","fit: 4, efit: 3",efit: 1,,,0,0,0,0,2,,
2026-04-02 17:01:05,48,19,19,0,"fit: 4, efit: 4","fit: 4, efit: 2",efit: 2,,,0,0,0,0,2,,
2026-04-02 17:06:06,48,19,19,0,"fit: 4, efit: 2",fit: 4,efit: 2,,,0,0,0,0,2,,
2026-04-02 17:07:09,48,19,19,0,"fit: 5, efit: 2",fit: 5,efit: 2,,,0,0,0,0,2,,
2026-04-02 17:11:07,48,19,19,0,"fit: 4, efit: 2",fit: 4,efit: 2,,,0,0,0,0,2,,
2026-04-02 17:26:10,48,19,19,0,"fit: 4, efit: 3","fit: 4, efit: 1",efit: 2,,,0,0,0,0,2,,
2026-04-02 17:31:11,48,19,19,0,"fit: 4, efit: 4","fit: 4, efit: 2",efit: 2,,,0,0,0,0,2,,
2026-04-02 17:42:16,48,19,19,0,"fit: 4, efit: 5","fit: 4, efit: 3",efit: 2,,,0,0,0,0,2,,
2026-04-02 17:43:21,48,19,19,0,"fit: 4, efit: 4","fit: 4, efit: 2",efit: 2,,,0,0,0,0,2,,
2026-04-02 17:47:17,48,19,19,0,"fit: 4, efit: 5","fit: 4, efit: 3",efit: 2,,,0,0,0,0,2,,
2026-04-02 17:51:14,48,19,19,0,"fit: 6, efit: 4","fit: 6, efit: 2",efit: 2,,,0,0,0,0,2,,
2026-04-02 17:56:15,48,19,19,0,"fit: 6, efit: 5","fit: 6, efit: 3",efit: 2,,,0,0,0,0,2,,
2026-04-02 17:57:19,48,19,19,0,"fit: 6, efit: 4","fit: 6, efit: 2",efit: 2,,,0,0,0,0,2,,
2026-04-02 18:16:19,48,19,19,0,"fit: 6, efit: 6","fit: 6, efit: 4",efit: 2,,,0,0,0,0,2,,
2026-04-02 18:17:23,48,19,19,0,"fit: 6, efit: 7","fit: 6, efit: 5",efit: 2,,,0,0,0,0,2,,
2026-04-02 18:23:29,48,19,19,0,"fit: 6, efit: 6","fit: 6, efit: 4",efit: 2,,,0,0,0,0,2,,
2026-04-02 18:26:20,48,19,19,0,"fit: 6, efit: 4","fit: 6, efit: 2",efit: 2,,,0,0,0,0,2,,
2026-04-02 18:27:25,48,19,19,0,"fit: 7, efit: 3","fit: 7, efit: 1",efit: 2,,,0,0,0,0,2,,
2026-04-02 18:36:22,48,19,19,0,"fit: 8, efit: 3","fit: 8, efit: 1",efit: 2,,,0,0,0,0,2,,
2026-04-02 18:46:24,48,19,19,0,"fit: 8, efit: 4","fit: 8, efit: 2",efit: 2,,,0,0,0,0,2,,
2026-04-02 19:02:33,48,19,19,0,"fit: 8, efit: 5","fit: 8, efit: 3",efit: 2,,,0,0,0,0,2,,
2026-04-02 19:11:28,48,19,19,0,"fit: 8, efit: 6","fit: 8, efit: 4",efit: 2,,,0,0,0,0,2,,
2026-04-02 19:16:29,48,19,19,0,"fit: 8, efit: 5","fit: 8, efit: 3",efit: 2,,,0,0,0,0,2,,
2026-04-02 19:21:30,48,19,19,0,"fit: 8, efit: 4","fit: 8, efit: 2",efit: 2,,,0,0,0,0,2,,
2026-04-02 19:28:43,48,19,19,0,"fit: 8, efit: 3","fit: 8, efit: 1",efit: 2,,,0,0,0,0,2,,
2026-04-02 19:31:32,48,19,19,0,"fit: 6, efit: 3","fit: 6, efit: 1",efit: 2,,,0,0,0,0,2,,
2026-04-02 19:32:39,48,19,19,0,"fit: 5, efit: 3","fit: 5, efit: 1",efit: 2,,,0,0,0,0,2,,
2026-04-02 19:36:33,48,19,19,0,"fit: 5, efit: 4","fit: 5, efit: 2",efit: 2,,,0,0,0,0,2,,
2026-04-02 19:38:46,48,19,19,0,"fit: 5, efit: 4","fit: 5, efit: 1",efit: 2,,,0,0,0,0,2,,
2026-04-02 19:46:34,48,19,19,0,"fit: 5, efit: 3",fit: 5,efit: 2,,,0,0,0,0,2,,
2026-04-02 19:51:35,48,19,19,0,"fit: 5, efit: 5","fit: 5, efit: 2",efit: 2,,,0,0,0,0,2,,
2026-04-02 20:06:37,48,19,19,0,"fit: 5, efit: 4","fit: 5, efit: 1",efit: 2,,,0,0,0,0,2,,
2026-04-02 20:11:38,48,19,19,0,"fit: 5, efit: 5","fit: 5, efit: 2",efit: 2,,,0,0,0,0,2,,
2026-04-02 20:17:48,48,19,19,0,"fit: 5, efit: 6","fit: 5, efit: 3",efit: 2,,,0,0,0,0,2,,
2026-04-02 20:21:40,48,19,19,0,"fit: 5, efit: 5","fit: 5, efit: 2",efit: 2,,,0,0,0,0,2,,
2026-04-02 20:26:41,48,19,19,0,"fit: 6, efit: 4","fit: 6, efit: 1",efit: 2,,,0,0,0,0,2,,
2026-04-02 20:37:52,48,19,19,0,"fit: 6, efit: 3",fit: 6,efit: 2,,,0,0,0,0,2,,
2026-04-02 20:41:44,48,19,19,0,"fit: 6, efit: 4","fit: 6, efit: 1",efit: 2,,,0,0,0,0,2,,
2026-04-02 20:43:59,48,19,19,0,"fit: 6, efit: 3",fit: 6,efit: 2,,,0,0,0,0,2,,
2026-04-02 20:49:01,48,19,19,0,"fit: 5, efit: 3",fit: 5,efit: 2,,,0,0,0,0,2,,
2026-04-02 20:51:45,48,19,19,0,"fit: 4, efit: 3",fit: 4,efit: 2,,,0,0,0,0,2,,
2026-04-02 20:56:46,48,19,19,0,"fit: 3, efit: 3",fit: 3,efit: 2,,,0,0,0,0,2,,
2026-04-02 21:01:47,48,19,19,0,"fit: 3, efit: 4","fit: 3, efit: 1",efit: 2,,,0,0,0,0,2,,
2026-04-02 21:06:48,48,19,19,0,"fit: 2, efit: 3",fit: 2,efit: 2,,,0,0,0,0,2,,
2026-04-02 21:11:49,48,19,19,0,"fit: 2, efit: 7","fit: 2, efit: 4",efit: 2,,,0,0,0,0,2,,
2026-04-02 21:43:05,48,19,19,0,"fit: 2, efit: 8","fit: 2, efit: 5",efit: 2,,,0,0,0,0,2,,
2026-04-02 21:51:55,48,19,19,0,"fit: 2, efit: 7","fit: 2, efit: 4",efit: 2,,,0,0,0,0,2,,
2026-04-02 22:03:09,48,19,19,0,"fit: 2, efit: 8","fit: 2, efit: 5",efit: 2,,,0,0,0,0,2,,
2026-04-02 23:53:31,48,19,19,0,"fit: 2, efit: 7","fit: 2, efit: 4",efit: 2,,,0,0,0,0,2,,
2026-04-03 00:02:16,48,19,19,0,"fit: 2, efit: 7","fit: 2, efit: 4",efit: 2,,,0,0,0,0,2,,
2026-04-03 00:08:34,48,19,19,0,"fit: 2, efit: 9","fit: 2, efit: 6",efit: 2,,,0,0,0,0,2,,
2026-04-03 00:23:37,48,19,19,0,"fit: 2, efit: 10","fit: 2, efit: 7",efit: 2,,,0,0,0,0,2,,
2026-04-03 01:07:26,48,19,19,0,"fit: 2, efit: 9","fit: 2, efit: 6",efit: 2,,,0,0,0,0,2,,
2026-04-03 01:12:27,48,19,19,0,"fit: 2, efit: 10","fit: 2, efit: 7",efit: 2,,,0,0,0,0,2,,
2026-04-03 01:24:56,48,19,19,0,"fit: 2, efit: 11","fit: 2, efit: 8",efit: 2,,,0,0,0,0,2,,
2026-04-03 01:27:29,48,19,19,0,"fit: 2, efit: 10","fit: 2, efit: 7",efit: 2,,,0,0,0,0,2,,
2026-04-03 02:03:56,48,19,19,0,"fit: 2, efit: 12","fit: 2, efit: 9",efit: 2,,,0,0,0,0,2,,
2026-04-03 04:12:55,48,19,19,0,"fit: 2, efit: 13","fit: 2, efit: 10",efit: 2,,,0,0,0,0,2,,
2026-04-03 05:18:05,48,19,19,0,"fit: 2, efit: 14","fit: 2, efit: 11",efit: 2,,,0,0,0,0,2,,
2026-04-03 06:44:52,48,19,19,0,"fit: 3, efit: 14","fit: 3, efit: 11",efit: 2,,,0,0,0,0,2,,
2026-04-03 06:54:54,48,19,19,0,"fit: 3, efit: 13","fit: 3, efit: 10",efit: 2,,,0,0,0,0,2,,
2026-04-03 07:45:04,48,19,19,0,"fit: 3, efit: 12","fit: 3, efit: 9",efit: 2,,,0,0,0,0,2,,
2026-04-03 07:46:14,48,19,19,0,"fit: 3, efit: 11","fit: 3, efit: 8",efit: 2,,,0,0,0,0,2,,
2026-04-03 07:50:05,48,19,19,0,"fit: 3, efit: 12","fit: 3, efit: 9",efit: 2,,,0,0,0,0,2,,
2026-04-03 08:05:08,48,19,19,0,"fit: 3, efit: 13","fit: 3, efit: 10",efit: 2,,,0,0,0,0,2,,
2026-04-03 08:13:34,48,19,19,0,"fit: 3, efit: 12","fit: 3, efit: 9",efit: 2,,,0,0,0,0,2,,
2026-04-03 08:53:40,48,19,19,0,"fit: 3, efit: 13","fit: 3, efit: 10",efit: 2,,,0,0,0,0,2,,
2026-04-03 09:28:46,48,19,19,0,"fit: 3, efit: 12","fit: 3, efit: 9",efit: 2,,,0,0,0,0,2,,
2026-04-03 09:40:27,48,19,19,0,"fit: 3, efit: 11","fit: 3, efit: 8",efit: 2,,,0,0,0,0,2,,
2026-04-03 09:43:48,48,19,19,0,"fit: 3, efit: 9","fit: 3, efit: 6",efit: 2,,,0,0,0,0,2,,
2026-04-03 09:53:50,48,19,19,0,"fit: 3, efit: 8","fit: 3, efit: 5",efit: 2,,,0,0,0,0,2,,
2026-04-03 10:05:33,48,19,19,0,"fit: 3, efit: 7","fit: 3, efit: 4",efit: 2,,,0,0,0,0,2,,
2026-04-03 10:08:52,48,19,19,0,"fit: 3, efit: 6","fit: 3, efit: 3",efit: 2,,,0,0,0,0,2,,
2026-04-03 10:16:45,48,19,19,0,"fit: 3, efit: 5","fit: 3, efit: 2",efit: 2,,,0,0,0,0,2,,
2026-04-03 10:33:56,48,19,19,0,"fit: 3, efit: 4","fit: 3, efit: 1",efit: 2,,,0,0,0,0,2,,
2026-04-03 10:41:50,48,19,19,0,"fit: 1, efit: 4","fit: 1, efit: 1",efit: 2,,,0,0,0,0,2,,
2026-04-03 10:43:58,48,19,19,0,"fit: 1, efit: 3",fit: 1,efit: 2,,,0,0,0,0,2,,
2026-04-03 10:48:59,48,19,19,0,efit: 3,,efit: 2,,,0,0,0,0,2,,
2026-04-03 11:04:02,48,19,19,0,efit: 5,efit: 2,efit: 2,,,0,0,0,0,2,,
2026-04-03 11:09:03,48,19,19,0,efit: 4,efit: 1,efit: 2,,,0,0,0,0,2,,
2026-04-03 11:25:49,48,19,19,0,efit: 6,efit: 3,efit: 2,,,0,0,0,0,2,,
2026-04-03 11:50:55,48,19,19,0,efit: 5,efit: 2,efit: 2,,,0,0,0,0,2,,
2026-04-03 11:55:56,48,19,19,0,efit: 4,efit: 1,efit: 2,,,0,0,0,0,2,,
2026-04-03 11:57:06,48,19,19,0,efit: 5,efit: 2,efit: 2,,,0,0,0,0,2,,
2026-04-03 11:59:11,48,19,19,0,efit: 4,efit: 1,efit: 2,,,0,0,0,0,2,,
2026-04-03 12:09:13,48,19,19,0,efit: 5,efit: 2,efit: 2,,,0,0,0,0,2,,
2026-04-03 12:17:11,48,19,19,0,efit: 3,,efit: 2,,,0,0,0,0,2,,
2026-04-03 12:21:04,48,19,19,0,efit: 4,efit: 1,efit: 2,,,0,0,0,0,2,,
2026-04-03 12:24:15,48,19,19,0,efit: 3,,efit: 2,,,0,0,0,0,2,,
2026-04-03 12:37:15,48,19,19,0,efit: 4,efit: 1,efit: 2,,,0,0,0,0,2,,
2026-04-03 12:41:09,48,19,19,0,efit: 3,,efit: 2,,,0,0,0,0,2,,
2026-04-03 12:56:12,48,19,19,0,efit: 4,,efit: 2,,,0,0,0,0,2,,
2026-04-03 13:04:22,48,19,19,0,efit: 7,efit: 3,efit: 2,,,0,0,0,0,2,,
2026-04-03 13:06:14,48,19,19,0,efit: 6,efit: 2,efit: 2,,,0,0,0,0,2,,
2026-04-03 13:22:24,48,19,19,0,efit: 5,efit: 1,efit: 2,,,0,0,0,0,2,,
2026-04-03 13:29:27,48,19,19,0,efit: 6,efit: 2,efit: 2,,,0,0,0,0,2,,
2026-04-03 13:36:21,48,19,19,0,efit: 5,efit: 1,efit: 2,,,0,0,0,0,2,,
2026-04-03 13:42:29,48,19,19,0,efit: 4,,efit: 2,,,0,0,0,0,2,,
2026-04-03 13:59:32,48,19,19,0,efit: 5,efit: 1,efit: 2,,,0,0,0,0,2,,
2026-04-03 14:01:26,48,19,19,0,efit: 7,efit: 3,efit: 2,,,0,0,0,0,2,,
2026-04-03 14:07:34,48,19,19,0,efit: 6,efit: 2,efit: 2,,,0,0,0,0,2,,
2026-04-03 14:26:31,48,19,19,0,efit: 7,efit: 3,efit: 2,,,0,0,0,0,2,,
2026-04-03 14:31:32,48,19,19,0,efit: 6,efit: 2,efit: 2,,,0,0,0,0,2,,
2026-04-03 14:56:38,48,19,19,0,efit: 5,efit: 1,efit: 2,,,0,0,0,0,2,,
2026-04-03 15:06:40,48,19,19,0,efit: 6,efit: 2,efit: 2,,,0,0,0,0,2,,
2026-04-03 15:14:44,48,19,19,0,efit: 7,efit: 3,efit: 2,,,0,0,0,0,2,,
2026-04-03 15:16:42,48,19,19,0,efit: 8,efit: 4,efit: 2,,,0,0,0,0,2,,
2026-04-03 15:21:43,48,19,19,0,efit: 9,efit: 5,efit: 2,,,0,0,0,0,2,,
2026-04-03 15:24:46,48,19,19,0,efit: 10,efit: 6,efit: 2,,,0,0,0,0,2,,
2026-04-03 15:31:45,48,19,19,0,"fit: 1, efit: 10","fit: 1, efit: 6",efit: 2,,,0,0,0,0,2,,
2026-04-03 15:34:48,48,19,19,0,"fit: 1, efit: 9","fit: 1, efit: 5",efit: 2,,,0,0,0,0,2,,
2026-04-03 15:39:49,48,19,19,0,"fit: 1, efit: 8","fit: 1, efit: 4",efit: 2,,,0,0,0,0,2,,
2026-04-03 15:44:50,48,19,19,0,"fit: 2, efit: 7","fit: 2, efit: 3",efit: 2,,,0,0,0,0,2,,
2026-04-03 15:47:55,48,19,19,0,"fit: 2, efit: 8","fit: 2, efit: 4",efit: 2,,,0,0,0,0,2,,
2026-04-03 15:51:49,48,19,19,0,"fit: 3, efit: 8","fit: 3, efit: 4",efit: 2,,,0,0,0,0,2,,
2026-04-03 16:13:01,48,19,19,0,"fit: 3, efit: 5","fit: 3, efit: 1",efit: 2,,,0,0,0,0,2,,
2026-04-03 16:14:55,48,19,19,0,"fit: 3, efit: 4",fit: 3,efit: 2,,,0,0,0,0,2,,
2026-04-03 16:24:56,48,19,19,0,"fit: 3, efit: 5","fit: 3, efit: 1",efit: 2,,,0,0,0,0,2,,
2026-04-03 16:26:57,48,19,19,0,"fit: 3, efit: 4",fit: 3,efit: 2,,,0,0,0,0,2,,
2026-04-03 16:52:02,48,19,19,0,"fit: 1, efit: 4",fit: 1,efit: 2,,,0,0,0,0,2,,
2026-04-03 16:57:04,48,19,19,0,"fit: 1, efit: 5","fit: 1, efit: 1",efit: 2,,,0,0,0,0,2,,
2026-04-03 17:15:06,48,19,19,0,"fit: 1, efit: 4",fit: 1,efit: 2,,,0,0,0,0,2,,
2026-04-03 17:37:12,48,19,19,0,"fit: 1, efit: 5","fit: 1, efit: 1",efit: 2,,,0,0,0,0,2,,
2026-04-03 17:48:22,48,19,19,0,"fit: 2, efit: 5","fit: 2, efit: 1",efit: 2,,,0,0,0,0,2,,
2026-04-03 17:50:12,48,19,19,0,"fit: 3, efit: 4",fit: 3,efit: 2,,,0,0,0,0,2,,
2026-04-03 17:52:15,48,19,19,0,"fit: 1, efit: 4",fit: 1,efit: 2,,,0,0,0,0,2,,
2026-04-03 17:58:24,48,19,19,0,efit: 5,efit: 1,efit: 2,,,0,0,0,0,2,,
2026-04-03 18:00:14,48,19,19,0,"fit: 1, efit: 5","fit: 1, efit: 1",efit: 2,,,0,0,0,0,2,,
2026-04-03 18:02:17,48,19,19,0,"fit: 1, efit: 4",fit: 1,efit: 2,,,0,0,0,0,2,,
2026-04-03 18:25:19,48,19,19,0,"fit: 1, efit: 5","fit: 1, efit: 1",efit: 2,,,0,0,0,0,2,,
2026-04-03 18:32:24,48,19,19,0,"fit: 1, efit: 4",fit: 1,efit: 2,,,0,0,0,0,2,,
2026-04-03 18:35:20,48,19,19,0,efit: 4,,efit: 2,,,0,0,0,0,2,,
2026-04-03 18:53:36,48,19,19,0,"fit: 1, efit: 4",fit: 1,efit: 2,,,0,0,0,0,2,,
2026-04-03 18:55:24,48,19,19,0,"fit: 1, efit: 5","fit: 1, efit: 1",efit: 2,,,0,0,0,0,2,,
2026-04-03 19:05:25,48,19,19,0,"fit: 1, efit: 6","fit: 1, efit: 2",efit: 2,,,0,0,0,0,2,,
2026-04-03 19:12:32,48,19,19,0,"fit: 1, efit: 7","fit: 1, efit: 3",efit: 2,,,0,0,0,0,2,,
2026-04-03 19:15:27,48,19,19,0,"fit: 1, efit: 8","fit: 1, efit: 4",efit: 2,,,0,0,0,0,2,,
2026-04-03 19:28:44,48,19,19,0,"fit: 1, efit: 7","fit: 1, efit: 3",efit: 2,,,0,0,0,0,2,,
2026-04-03 19:37:38,48,19,19,0,"fit: 1, efit: 6","fit: 1, efit: 2",efit: 2,,,0,0,0,0,2,,
2026-04-03 19:38:46,48,19,19,0,"fit: 1, efit: 4",fit: 1,efit: 2,,,0,0,0,0,2,,
2026-04-03 19:45:32,48,19,19,0,"fit: 1, efit: 5","fit: 1, efit: 1",efit: 2,,,0,0,0,0,2,,
2026-04-03 19:52:41,48,19,19,0,"fit: 1, efit: 4",fit: 1,efit: 2,,,0,0,0,0,2,,
2026-04-03 19:53:50,48,19,19,0,efit: 4,,efit: 2,,,0,0,0,0,2,,
2026-04-03 19:55:34,48,19,19,0,efit: 5,efit: 1,efit: 2,,,0,0,0,0,2,,
2026-04-03 20:10:37,48,19,19,0,efit: 4,,efit: 2,,,0,0,0,0,2,,
2026-04-03 20:12:45,48,19,19,0,efit: 5,efit: 1,efit: 2,,,0,0,0,0,2,,
2026-04-03 20:17:46,48,19,19,0,efit: 6,efit: 2,efit: 2,,,0,0,0,0,2,,
2026-04-03 20:20:38,48,19,19,0,efit: 7,efit: 3,efit: 2,,,0,0,0,0,2,,
2026-04-03 20:22:47,48,19,19,0,efit: 5,efit: 1,efit: 2,,,0,0,0,0,2,,
2026-04-03 20:28:57,48,19,19,0,efit: 4,,efit: 2,,,0,0,0,0,2,,
2026-04-03 20:35:41,48,19,19,0,efit: 5,efit: 1,efit: 2,,,0,0,0,0,2,,
2026-04-03 20:37:50,48,19,19,0,efit: 6,efit: 2,efit: 2,,,0,0,0,0,2,,
2026-04-03 20:47:52,48,19,19,0,efit: 7,efit: 3,efit: 2,,,0,0,0,0,2,,
2026-04-03 21:05:46,48,19,19,0,efit: 6,efit: 2,efit: 2,,,0,0,0,0,2,,
2026-04-03 21:10:46,48,19,19,0,efit: 5,efit: 1,efit: 2,,,0,0,0,0,2,,
2026-04-03 21:14:06,48,19,19,0,efit: 6,efit: 2,efit: 2,,,0,0,0,0,2,,
2026-04-03 21:22:58,48,19,19,0,efit: 4,,efit: 2,,,0,0,0,0,2,,
2026-04-03 21:38:01,48,19,19,0,"fit: 1, efit: 4",fit: 1,efit: 2,,,0,0,0,0,2,,
2026-04-03 21:39:11,48,19,19,0,"fit: 1, efit: 5","fit: 1, efit: 1",efit: 2,,,0,0,0,0,2,,
2026-04-03 21:43:02,48,19,19,0,"fit: 1, efit: 6","fit: 1, efit: 2",efit: 2,,,0,0,0,0,2,,
2026-04-03 21:50:52,48,19,19,0,"fit: 1, efit: 5","fit: 1, efit: 1",efit: 2,,,0,0,0,0,2,,
2026-04-03 21:53:04,48,19,19,0,"fit: 1, efit: 6","fit: 1, efit: 2",efit: 2,,,0,0,0,0,2,,
2026-04-03 22:38:12,48,19,19,0,"fit: 2, efit: 7","fit: 2, efit: 3",efit: 2,,,0,0,0,0,2,,
2026-04-03 22:41:01,48,19,19,0,"fit: 2, efit: 8","fit: 2, efit: 4",efit: 2,,,0,0,0,0,2,,
2026-04-03 23:13:19,48,19,19,0,"fit: 2, efit: 7","fit: 2, efit: 3",efit: 2,,,0,0,0,0,2,,
2026-04-03 23:19:30,48,19,19,0,"fit: 2, efit: 8","fit: 2, efit: 4",efit: 2,,,0,0,0,0,2,,
2026-04-03 23:36:09,48,19,19,0,"fit: 3, efit: 8","fit: 3, efit: 4",efit: 2,,,0,0,0,0,2,,
2026-04-03 23:38:24,48,19,19,0,"fit: 3, efit: 7","fit: 3, efit: 3",efit: 2,,,0,0,0,0,2,,
2026-04-03 23:51:11,48,19,19,0,"fit: 3, efit: 8","fit: 3, efit: 4",efit: 2,,,0,0,0,0,2,,
2026-04-03 23:54:37,48,19,19,0,"fit: 3, efit: 7","fit: 3, efit: 3",efit: 2,,,0,0,0,0,2,,
2026-04-04 00:01:13,48,19,19,0,"fit: 3, efit: 7","fit: 3, efit: 3",efit: 2,,,0,0,0,0,2,,
2026-04-04 00:08:30,48,19,19,0,"fit: 4, efit: 9","fit: 4, efit: 5",efit: 2,,,0,0,0,0,2,,
2026-04-04 00:14:41,48,19,19,0,"fit: 4, efit: 10","fit: 4, efit: 6",efit: 2,,,0,0,0,0,2,,
2026-04-04 01:26:26,48,19,19,0,"fit: 4, efit: 9","fit: 4, efit: 5",efit: 2,,,0,0,0,0,2,,
2026-04-04 01:44:58,48,19,19,0,"fit: 4, efit: 11","fit: 4, efit: 7",efit: 2,,,0,0,0,0,2,,
2026-04-04 01:51:29,48,19,19,0,"fit: 4, efit: 10","fit: 4, efit: 6",efit: 2,,,0,0,0,0,2,,
2026-04-04 01:56:30,48,19,19,0,"fit: 4, efit: 11","fit: 4, efit: 7",efit: 2,,,0,0,0,0,2,,
2026-04-04 02:03:51,48,19,19,0,"fit: 4, efit: 10","fit: 4, efit: 6",efit: 2,,,0,0,0,0,2,,
2026-04-04 03:29:06,48,19,19,0,"fit: 4, efit: 11","fit: 4, efit: 7",efit: 2,,,0,0,0,0,2,,
2026-04-04 07:26:03,48,19,19,0,"fit: 4, efit: 11","fit: 4, efit: 7",efit: 3,,,0,0,0,0,2,,
2026-04-04 07:56:08,48,19,19,0,"fit: 4, efit: 10","fit: 4, efit: 6",efit: 3,,,0,0,0,0,2,,
2026-04-04 07:59:55,48,19,19,0,"fit: 4, efit: 11","fit: 4, efit: 7",efit: 3,,,0,0,0,0,2,,
2026-04-04 08:04:56,48,19,19,0,"fit: 4, efit: 10","fit: 4, efit: 6",efit: 3,,,0,0,0,0,2,,
2026-04-04 08:21:13,48,19,19,0,"fit: 4, efit: 9","fit: 4, efit: 5",efit: 3,,,0,0,0,0,2,,
2026-04-04 08:26:14,48,19,19,0,"fit: 4, efit: 8","fit: 4, efit: 4",efit: 3,,,0,0,0,0,2,,
2026-04-04 08:35:01,48,19,19,0,"fit: 4, efit: 9","fit: 4, efit: 5",efit: 3,,,0,0,0,0,2,,
2026-04-04 08:36:16,48,19,19,0,"fit: 4, efit: 8","fit: 4, efit: 4",efit: 3,,,0,0,0,0,2,,
2026-04-04 08:42:30,48,19,19,0,"fit: 4, efit: 8","fit: 4, efit: 4",efit: 2,,,0,0,0,0,2,,
2026-04-04 08:51:19,48,19,19,0,"fit: 4, efit: 7","fit: 4, efit: 3",efit: 2,,,0,0,0,0,2,,
2026-04-04 08:55:05,48,19,19,0,"fit: 4, efit: 6","fit: 4, efit: 2",efit: 2,,,0,0,0,0,2,,
2026-04-04 09:05:07,48,19,19,0,"fit: 4, efit: 6","fit: 4, efit: 2",efit: 3,,,0,0,0,0,2,,
2026-04-04 09:17:35,48,19,19,0,"fit: 4, efit: 5","fit: 4, efit: 1",efit: 3,,,0,0,0,0,2,,
2026-04-04 09:30:12,48,19,19,0,"fit: 4, efit: 4",fit: 4,efit: 3,,,0,0,0,0,2,,
2026-04-04 09:56:32,48,19,19,0,"fit: 4, efit: 4",fit: 4,efit: 2,,,0,0,0,0,2,,
2026-04-04 10:05:19,48,19,19,0,"fit: 4, efit: 5","fit: 4, efit: 1",efit: 2,,,0,0,0,0,2,,
2026-04-04 10:30:23,48,19,19,0,"fit: 4, efit: 4",fit: 4,efit: 2,,,0,0,0,0,2,,
2026-04-04 11:00:29,48,19,19,0,"fit: 4, efit: 5","fit: 4, efit: 1",efit: 2,,,0,0,0,0,2,,
2026-04-04 11:20:33,48,19,19,0,"fit: 4, efit: 5","fit: 4, efit: 1",efit: 3,,,0,0,0,0,2,,
2026-04-04 11:37:56,48,19,19,0,"fit: 4, efit: 4",fit: 4,efit: 3,,,0,0,0,0,2,,
2026-04-04 11:40:37,48,19,19,0,"fit: 3, efit: 4",fit: 3,efit: 3,,,0,0,0,0,2,,
2026-04-04 11:50:38,48,19,19,0,"fit: 3, efit: 4",fit: 3,efit: 2,,,0,0,0,0,2,,
2026-04-04 12:06:57,48,19,19,0,"fit: 3, efit: 5","fit: 3, efit: 1",efit: 2,,,0,0,0,0,2,,
2026-04-04 12:11:58,48,19,19,0,"fit: 3, efit: 4",fit: 3,efit: 2,,,0,0,0,0,2,,
2026-04-04 12:15:43,48,19,19,0,"fit: 3, efit: 5","fit: 3, efit: 1",efit: 3,,,0,0,0,0,2,,
2026-04-04 12:25:45,48,19,19,0,"fit: 3, efit: 4",fit: 3,efit: 3,,,0,0,0,0,2,,
2026-04-04 12:35:47,48,19,19,0,"fit: 3, efit: 5","fit: 3, efit: 1",efit: 3,,,0,0,0,0,2,,
2026-04-04 12:38:06,48,19,19,0,"fit: 3, efit: 4",fit: 3,efit: 3,,,0,0,0,0,2,,
2026-04-04 12:50:50,48,19,19,0,"fit: 3, efit: 4",fit: 3,efit: 2,,,0,0,0,0,2,,
2026-04-04 13:17:11,48,19,19,0,"fit: 2, efit: 4",fit: 2,efit: 2,,,0,0,0,0,2,,
2026-04-04 13:37:15,48,19,19,0,"fit: 2, efit: 4",fit: 2,efit: 3,,,0,0,0,0,2,,
2026-04-04 13:41:00,48,19,19,0,"fit: 1, efit: 4",fit: 1,efit: 3,,,0,0,0,0,2,,
2026-04-04 13:48:16,48,19,19,0,efit: 4,,efit: 3,,,0,0,0,0,2,,
2026-04-04 14:03:19,48,19,19,0,efit: 5,efit: 1,efit: 3,,,0,0,0,0,2,,
2026-04-04 14:12:22,48,19,19,0,efit: 4,,efit: 3,,,0,0,0,0,2,,
2026-04-04 14:16:07,48,19,19,0,efit: 5,efit: 1,efit: 3,,,0,0,0,0,2,,
2026-04-04 14:26:09,48,19,19,0,efit: 4,,efit: 3,,,0,0,0,0,2,,
2026-04-04 14:48:26,48,19,19,0,efit: 6,efit: 2,efit: 3,,,0,0,0,0,2,,
2026-04-04 15:02:32,48,19,19,0,efit: 5,efit: 1,efit: 3,,,0,0,0,0,2,,
2026-04-04 15:08:29,48,19,19,0,efit: 4,,efit: 3,,,0,0,0,0,2,,
2026-04-04 15:16:18,48,19,19,0,efit: 5,efit: 1,efit: 3,,,0,0,0,0,2,,
2026-04-04 15:21:19,48,19,19,0,efit: 4,,efit: 3,,,0,0,0,0,2,,
2026-04-04 15:26:20,48,19,19,0,efit: 3,,efit: 2,,,0,0,0,0,2,,
2026-04-04 15:27:37,48,19,19,0,efit: 3,efit: 1,efit: 2,,,0,0,0,0,2,,
2026-04-04 15:31:21,48,19,19,0,efit: 2,efit: 2,,,,0,0,0,0,2,,
2026-04-04 15:33:33,48,19,19,0,efit: 3,efit: 3,,,,0,0,0,0,2,,
2026-04-04 15:51:25,48,19,19,0,efit: 4,efit: 4,,,,0,0,0,0,2,,
2026-04-04 16:01:27,48,19,19,0,"fit: 1, efit: 4","fit: 1, efit: 4",,,,0,0,0,0,2,,
2026-04-04 16:06:28,48,19,19,0,"fit: 1, efit: 3","fit: 1, efit: 3",,,,0,0,0,0,2,,
2026-04-04 16:07:45,48,19,19,0,"fit: 1, efit: 2","fit: 1, efit: 2",,,,0,0,0,0,2,,
2026-04-04 16:16:30,48,19,19,0,"fit: 1, efit: 3","fit: 1, efit: 3",,,,0,0,0,0,2,,
2026-04-04 16:23:40,48,19,19,0,"fit: 1, efit: 4","fit: 1, efit: 4",,,,0,0,0,0,2,,
2026-04-04 16:26:32,48,19,19,0,"fit: 1, efit: 3","fit: 1, efit: 3",,,,0,0,0,0,2,,
2026-04-04 16:27:49,48,19,19,0,"fit: 1, efit: 2","fit: 1, efit: 2",,,,0,0,0,0,2,,
2026-04-04 16:28:41,48,19,19,0,"fit: 1, efit: 3","fit: 1, efit: 3",,,,0,0,0,0,2,,
2026-04-04 16:31:33,48,19,19,0,fit: 1,fit: 1,,,,0,0,0,0,2,,
2026-04-04 16:57:55,48,19,19,0,"fit: 1, efit: 1","fit: 1, efit: 1",,,,0,0,0,0,2,,
2026-04-04 17:11:41,48,19,19,0,fit: 1,fit: 1,,,,0,0,0,0,2,,
2026-04-04 17:13:48,48,19,19,0,"fit: 1, efit: 1","fit: 1, efit: 1",,,,0,0,0,0,2,,
2026-04-04 17:17:59,48,19,19,0,"fit: 1, efit: 2","fit: 1, efit: 2",,,,0,0,0,0,2,,
2026-04-04 17:21:43,48,19,19,0,"fit: 1, efit: 1","fit: 1, efit: 1",,,,0,0,0,0,2,,
2026-04-04 17:26:44,48,19,19,0,fit: 1,fit: 1,,,,0,0,0,0,2,,
2026-04-04 17:58:07,48,19,19,0,,,,,,0,0,0,0,2,,
2026-04-04 18:06:51,48,19,19,0,fit: 1,fit: 1,,,,0,0,0,0,2,,
2026-04-04 18:11:52,48,19,19,0,,,,,,0,0,0,0,2,,
2026-04-04 18:23:59,48,19,19,0,efit: 1,efit: 1,,,,0,0,0,0,2,,
2026-04-04 18:31:56,48,19,19,0,efit: 3,efit: 2,,,,0,0,0,0,2,,
2026-04-04 18:39:02,48,19,19,0,efit: 4,efit: 3,,,,0,0,0,0,2,,
2026-04-04 18:41:58,48,19,19,0,efit: 3,efit: 2,,,,0,0,0,0,2,,
2026-04-04 18:43:16,48,19,19,0,efit: 4,efit: 3,,,,0,0,0,0,2,,
2026-04-04 18:44:02,48,19,19,0,efit: 3,efit: 2,,,,0,0,0,0,2,,
2026-04-04 18:58:19,48,19,19,0,efit: 2,efit: 1,,,,0,0,0,0,2,,
2026-04-04 18:59:05,48,19,19,0,efit: 3,efit: 2,,,,0,0,0,0,2,,
2026-04-04 19:03:20,48,19,19,0,efit: 2,efit: 1,,,,0,0,0,0,2,,
2026-04-04 19:38:26,48,19,19,0,"fit: 1, efit: 1",fit: 1,,,,0,0,0,0,2,,
2026-04-04 20:22:17,48,19,19,0,efit: 1,,,,,0,0,0,0,2,,
2026-04-04 20:42:21,48,19,19,0,"fit: 1, efit: 1",fit: 1,,,,0,0,0,0,2,,
2026-04-04 20:43:39,48,19,19,0,efit: 2,efit: 1,,,,0,0,0,0,2,,
2026-04-04 20:44:21,48,19,19,0,efit: 3,efit: 2,,,,0,0,0,0,2,,
2026-04-04 21:04:24,48,19,19,0,efit: 2,efit: 1,,,,0,0,0,0,2,,
2026-04-04 21:19:26,48,19,19,0,efit: 3,efit: 2,,,,0,0,0,0,2,,
2026-04-04 21:22:29,48,19,19,0,efit: 2,efit: 1,,,,0,0,0,0,2,,
2026-04-04 21:34:28,48,19,19,0,efit: 3,efit: 2,,,,0,0,0,0,2,,
2026-04-04 21:37:31,48,19,19,0,efit: 2,efit: 1,,,,0,0,0,0,2,,
2026-04-04 21:52:34,48,19,19,0,efit: 4,efit: 3,,,,0,0,0,0,2,,
2026-04-04 22:02:36,48,19,19,0,efit: 5,efit: 4,,,,0,0,0,0,2,,
2026-04-04 22:12:38,48,19,19,0,efit: 4,efit: 3,,,,0,0,0,0,2,,
2026-04-04 22:29:36,48,19,19,0,efit: 5,efit: 4,,,,0,0,0,0,2,,
2026-04-04 22:32:42,48,19,19,0,efit: 3,efit: 2,,,,0,0,0,0,2,,
2026-04-04 22:37:42,48,19,19,0,efit: 2,efit: 1,,,,0,0,0,0,2,,
2026-04-04 22:39:01,48,19,19,0,efit: 1,,,,,0,0,0,0,2,,
2026-04-04 23:34:46,48,19,19,0,efit: 3,efit: 2,,,,0,0,0,0,2,,
2026-04-04 23:52:56,48,19,19,0,efit: 4,efit: 3,,,,0,0,0,0,2,,
2026-04-05 00:02:58,48,19,19,0,efit: 4,efit: 3,,,,0,0,0,0,2,,
2026-04-05 00:33:04,48,19,19,0,efit: 5,efit: 4,,,,0,0,0,0,2,,
2026-04-05 01:24:33,48,19,19,0,efit: 6,efit: 5,,,,0,0,0,0,2,,
2026-04-05 01:25:02,48,19,19,0,efit: 7,efit: 6,,,,0,0,0,0,2,,
2026-04-05 01:53:18,48,19,19,0,efit: 9,efit: 8,,,,0,0,0,0,2,,
2026-04-05 01:59:39,48,19,19,0,efit: 11,efit: 10,,,,0,0,0,0,2,,
2026-04-05 02:00:07,48,19,19,0,efit: 12,efit: 11,,,,0,0,0,0,2,,
2026-04-05 02:03:20,48,19,19,0,efit: 9,efit: 8,,,,0,0,0,0,2,,
2026-04-05 03:23:34,48,19,19,0,efit: 11,efit: 10,,,,0,0,0,0,2,,
2026-04-05 03:48:38,48,19,19,0,efit: 12,efit: 11,,,,0,0,0,0,2,,
2026-04-05 04:15:04,48,19,19,0,efit: 13,efit: 12,,,,0,0,0,0,2,,
2026-04-05 05:45:21,48,19,19,0,efit: 14,efit: 13,,,,0,0,0,0,2,,
2026-04-05 07:49:21,48,19,19,0,efit: 13,efit: 12,,,,0,0,0,0,2,,
2026-04-05 07:50:58,48,19,19,0,efit: 14,efit: 13,,,,0,0,0,0,2,,
2026-04-05 08:04:24,48,19,19,0,efit: 13,efit: 12,,,,0,0,0,0,2,,
2026-04-05 08:05:47,48,19,19,0,efit: 12,efit: 11,,,,0,0,0,0,2,,
2026-04-05 08:41:05,48,19,19,0,efit: 11,efit: 10,,,,0,0,0,0,2,,
2026-04-05 08:59:34,48,19,19,0,efit: 10,efit: 9,,,,0,0,0,0,2,,
2026-04-05 09:26:02,48,19,19,0,efit: 9,efit: 8,,,,0,0,0,0,2,,
2026-04-05 09:39:41,48,19,19,0,efit: 10,efit: 9,,,,0,0,0,0,2,,
2026-04-05 10:09:47,48,19,19,0,efit: 11,efit: 10,,,,0,0,0,0,2,,
2026-04-05 10:39:52,48,19,19,0,efit: 10,efit: 9,,,,0,0,0,0,2,,
2026-04-05 11:09:58,48,19,19,0,efit: 9,efit: 8,,,,0,0,0,0,2,,
2026-04-05 11:40:04,48,19,19,0,efit: 8,efit: 7,,,,0,0,0,0,2,,
2026-04-05 11:45:05,48,19,19,0,efit: 7,efit: 6,,,,0,0,0,0,2,,
2026-04-05 11:50:06,48,19,19,0,efit: 6,efit: 5,,,,0,0,0,0,2,,
2026-04-05 11:55:07,48,19,19,0,efit: 5,efit: 4,,,,0,0,0,0,2,,
2026-04-05 12:15:10,48,19,19,0,efit: 4,efit: 3,,,,0,0,0,0,2,,
2026-04-05 12:31:37,48,19,19,0,efit: 5,efit: 4,,,,0,0,0,0,2,,
2026-04-05 12:35:14,48,19,19,0,efit: 4,efit: 3,,,,0,0,0,0,2,,
2026-04-05 12:56:42,48,19,19,0,efit: 3,efit: 2,,,,0,0,0,0,2,,
2026-04-05 13:16:46,48,19,19,0,efit: 2,efit: 1,,,,0,0,0,0,2,,
2026-04-05 13:50:28,48,19,19,0,efit: 1,,,,,0,0,0,0,2,,
2026-04-05 14:00:30,48,19,19,0,efit: 1,efit: 1,,,,0,0,0,0,2,,
2026-04-05 14:36:55,48,19,19,0,,,,,,0,0,0,0,2,,
2026-04-05 14:50:39,48,19,19,0,efit: 1,efit: 1,,,,0,0,0,0,2,,
2026-04-05 14:55:40,48,19,19,0,fit: 2,fit: 2,,,,0,0,0,0,2,,
2026-04-05 15:30:47,48,19,19,0,,,,,,0,0,0,0,2,,
2026-04-05 15:35:48,48,19,19,0,efit: 2,efit: 2,,,,0,0,0,0,2,,
2026-04-05 15:50:51,48,19,19,0,efit: 1,efit: 1,,,,0,0,0,0,2,,
2026-04-05 16:05:53,48,19,19,0,fit: 2,fit: 2,,,,0,0,0,0,2,,
2026-04-05 16:30:58,48,19,19,0,"fit: 2, efit: 1","fit: 2, efit: 1",,,,0,0,0,0,2,,
2026-04-05 16:51:02,48,19,19,0,"fit: 2, efit: 2","fit: 2, efit: 2",,,,0,0,0,0,2,,
2026-04-05 16:56:03,48,19,19,0,"fit: 2, efit: 1","fit: 2, efit: 1",,,,0,0,0,0,2,,
2026-04-05 17:06:05,48,19,19,0,fit: 2,fit: 2,,,,0,0,0,0,2,,
2026-04-05 17:11:06,48,19,19,0,"fit: 2, efit: 2","fit: 2, efit: 2",,,,0,0,0,0,2,,
2026-04-05 17:26:08,48,19,19,0,"fit: 2, efit: 1","fit: 2, efit: 1",,,,0,0,0,0,2,,
2026-04-05 17:32:21,48,19,19,0,"fit: 2, efit: 2","fit: 2, efit: 1",efit: 1,,,0,0,0,0,2,,
2026-04-05 17:41:11,48,19,19,0,"fit: 2, efit: 1",fit: 2,efit: 1,,,0,0,0,0,2,,
2026-04-05 17:42:23,48,19,19,0,"fit: 1, efit: 1",fit: 1,efit: 1,,,0,0,0,0,2,,
2026-04-05 17:51:13,48,19,19,0,efit: 1,,efit: 1,,,0,0,0,0,2,,
2026-04-05 17:56:14,48,19,19,0,efit: 2,efit: 1,efit: 1,,,0,0,0,0,2,,
2026-04-05 18:06:16,48,19,19,0,efit: 3,efit: 2,efit: 1,,,0,0,0,0,2,,
2026-04-05 18:17:28,48,19,19,0,efit: 4,efit: 3,efit: 1,,,0,0,0,0,2,,
2026-04-05 18:41:22,48,19,19,0,efit: 3,efit: 2,efit: 1,,,0,0,0,0,2,,
2026-04-05 18:51:24,48,19,19,0,efit: 4,efit: 3,efit: 1,,,0,0,0,0,2,,
2026-04-05 19:01:26,48,19,19,0,efit: 5,efit: 4,efit: 1,,,0,0,0,0,2,,
2026-04-05 19:06:27,48,19,19,0,efit: 4,efit: 3,efit: 1,,,0,0,0,0,2,,
2026-04-05 19:31:32,48,19,19,0,efit: 5,efit: 4,efit: 1,,,0,0,0,0,2,,
2026-04-05 19:36:33,48,19,19,0,"fit: 1, efit: 5","fit: 1, efit: 4",efit: 1,,,0,0,0,0,2,,
2026-04-05 19:52:42,48,19,19,0,"fit: 1, efit: 6","fit: 1, efit: 5",efit: 1,,,0,0,0,0,2,,
2026-04-05 20:36:43,48,19,19,0,"fit: 1, efit: 5","fit: 1, efit: 4",efit: 1,,,0,0,0,0,2,,
2026-04-05 20:41:44,48,19,19,0,"fit: 1, efit: 6","fit: 1, efit: 5",efit: 1,,,0,0,0,0,2,,
2026-04-05 20:46:45,48,19,19,0,"fit: 1, efit: 7","fit: 1, efit: 6",efit: 1,,,0,0,0,0,2,,
2026-04-05 21:53:21,48,19,19,0,"fit: 1, efit: 8","fit: 1, efit: 7",efit: 1,,,0,0,0,0,2,,
2026-04-05 22:42:06,48,19,19,0,"fit: 1, efit: 10","fit: 1, efit: 9",efit: 1,,,0,0,0,0,2,,
2026-04-05 23:37:16,48,19,19,0,"fit: 1, efit: 8","fit: 1, efit: 7",efit: 1,,,0,0,0,0,2,,
2026-04-06 00:02:21,48,19,19,0,"fit: 1, efit: 8","fit: 1, efit: 7",efit: 1,,,0,0,0,0,2,,
2026-04-06 00:17:23,48,19,19,0,"fit: 1, efit: 9","fit: 1, efit: 8",efit: 1,,,0,0,0,0,2,,
2026-04-06 00:37:27,48,19,19,0,"fit: 1, efit: 8","fit: 1, efit: 7",efit: 1,,,0,0,0,0,2,,
2026-04-06 00:52:30,48,19,19,0,"fit: 1, efit: 9","fit: 1, efit: 8",efit: 1,,,0,0,0,0,2,,
2026-04-06 00:58:27,48,19,19,0,"fit: 1, efit: 10","fit: 1, efit: 9",efit: 1,,,0,0,0,0,2,,
2026-04-06 01:42:39,48,19,19,0,"fit: 1, efit: 9","fit: 1, efit: 8",efit: 1,,,0,0,0,0,2,,
2026-04-06 05:18:18,48,19,19,0,"fit: 1, efit: 10","fit: 1, efit: 9",efit: 1,,,0,0,0,0,2,,
2026-04-06 07:14:22,48,19,19,0,"fit: 1, efit: 9","fit: 1, efit: 8",efit: 1,,,0,0,0,0,2,,
2026-04-06 07:38:46,48,19,19,0,"fit: 1, efit: 8","fit: 1, efit: 7",efit: 1,,,0,0,0,0,2,,
2026-04-06 07:53:49,48,19,19,0,"fit: 1, efit: 7","fit: 1, efit: 6",efit: 1,,,0,0,0,0,2,,
2026-04-06 08:38:57,48,19,19,0,"fit: 1, efit: 5","fit: 1, efit: 4",efit: 1,,,0,0,0,0,2,,
2026-04-06 08:40:24,48,19,19,0,"fit: 1, efit: 4","fit: 1, efit: 3",efit: 1,,,0,0,0,0,2,,
2026-04-06 08:43:59,48,19,19,0,"fit: 1, efit: 3","fit: 1, efit: 2",efit: 1,,,0,0,0,0,2,,
2026-04-06 08:49:00,48,19,19,0,"fit: 1, efit: 1",fit: 1,efit: 1,,,0,0,0,0,2,,
2026-04-06 08:54:01,48,19,19,0,efit: 1,,efit: 1,,,0,0,0,0,2,,
2026-04-06 09:39:10,48,19,19,0,efit: 2,efit: 1,efit: 1,,,0,0,0,0,2,,
2026-04-06 09:49:12,48,19,19,0,efit: 1,,efit: 1,,,0,0,0,0,2,,
2026-04-06 09:59:14,48,19,19,0,efit: 2,efit: 1,efit: 1,,,0,0,0,0,2,,
2026-04-06 09:59:48,48,19,19,0,efit: 1,,efit: 1,,,0,0,0,0,2,,
2026-04-06 10:04:15,48,19,19,0,efit: 1,efit: 1,,,,0,0,0,0,2,,
2026-04-06 10:14:17,48,19,19,0,,,,,,0,0,0,0,2,,
2026-04-06 11:24:31,48,19,19,0,efit: 4,efit: 4,,,,0,0,0,0,2,,
2026-04-06 11:26:01,48,19,19,0,efit: 3,efit: 3,,,,0,0,0,0,2,,
2026-04-06 12:04:40,48,19,19,0,efit: 2,efit: 2,,,,0,0,0,0,2,,
2026-04-06 12:09:41,48,19,19,0,efit: 1,efit: 1,,,,0,0,0,0,2,,
2026-04-06 12:35:14,48,19,19,0,,,,,,0,0,0,0,2,,
2026-04-06 13:50:02,48,19,19,0,efit: 1,efit: 1,,,,0,0,0,0,2,,
2026-04-06 13:50:27,48,19,19,0,efit: 2,efit: 2,,,,0,0,0,0,2,,
2026-04-06 13:55:03,48,19,19,0,,,,,,0,0,0,0,2,,
2026-04-06 14:00:04,48,19,19,0,efit: 1,efit: 1,,,,0,0,0,0,2,,
2026-04-06 14:10:06,48,19,19,0,efit: 2,efit: 2,,,,0,0,0,0,2,,
2026-04-06 14:16:36,48,19,19,0,efit: 1,efit: 1,,,,0,0,0,0,2,,
2026-04-06 14:51:43,48,19,19,0,,,,,,0,0,0,0,2,,
2026-04-06 14:55:15,48,19,19,0,efit: 1,efit: 1,,,,0,0,0,0,2,,
2026-04-06 15:10:19,48,19,19,0,efit: 2,efit: 2,,,,0,0,0,0,2,,
2026-04-06 15:16:49,48,19,19,0,efit: 3,efit: 3,,,,0,0,0,0,2,,
2026-04-06 15:20:42,48,19,19,0,efit: 2,efit: 2,,,,0,0,0,0,2,,
2026-04-06 15:55:27,48,19,19,0,efit: 1,efit: 1,,,,0,0,0,0,2,,
2026-04-06 15:55:49,48,19,19,0,efit: 2,efit: 2,,,,0,0,0,0,2,,
2026-04-06 16:05:30,48,19,19,0,efit: 3,efit: 3,,,,0,0,0,0,2,,
2026-04-06 16:10:31,48,19,19,0,efit: 2,efit: 2,,,,0,0,0,0,2,,
2026-04-06 16:30:35,48,19,19,0,efit: 1,efit: 1,,,,0,0,0,0,2,,
2026-04-06 16:32:05,48,19,19,0,efit: 2,efit: 2,,,,0,0,0,0,2,,
2026-04-06 16:37:06,48,19,19,0,efit: 3,efit: 3,,,,0,0,0,0,2,,
2026-04-06 16:40:37,48,19,19,0,"fit: 1, efit: 3","fit: 1, efit: 3",,,,0,0,0,0,2,,
2026-04-06 16:50:39,48,19,19,0,"fit: 1, efit: 2","fit: 1, efit: 2",,,,0,0,0,0,2,,
2026-04-06 16:55:40,48,19,19,0,"fit: 1, efit: 1","fit: 1, efit: 1",,,,0,0,0,0,2,,
2026-04-06 17:00:41,48,19,19,0,fit: 1,fit: 1,,,,0,0,0,0,2,,
2026-04-06 17:02:11,48,19,19,0,"fit: 1, efit: 1","fit: 1, efit: 1",,,,0,0,0,0,2,,
2026-04-06 17:10:43,48,19,19,0,"fit: 1, efit: 2","fit: 1, efit: 2",,,,0,0,0,0,2,,
2026-04-06 17:15:44,48,19,19,0,"fit: 1, efit: 3","fit: 1, efit: 3",,,,0,0,0,0,2,,
2026-04-06 17:20:45,48,19,19,0,"fit: 1, efit: 2","fit: 1, efit: 2",,,,0,0,0,0,2,,
2026-04-06 17:22:15,48,19,19,0,"fit: 1, efit: 1","fit: 1, efit: 1",,,,0,0,0,0,2,,
2026-04-06 17:50:51,48,19,19,0,"fit: 2, efit: 1","fit: 2, efit: 1",,,,0,0,0,0,2,,
2026-04-06 17:52:21,48,19,19,0,fit: 2,fit: 2,,,,0,0,0,0,2,,
2026-04-06 18:00:53,48,19,19,0,"fit: 2, efit: 1","fit: 2, efit: 1",,,,0,0,0,0,2,,
2026-04-06 18:20:57,48,19,19,0,fit: 2,fit: 2,,,,0,0,0,0,2,,
2026-04-06 18:25:58,48,19,19,0,fit: 1,fit: 1,,,,0,0,0,0,2,,
2026-04-06 18:46:03,48,19,19,0,"fit: 1, efit: 1","fit: 1, efit: 1",,,,0,0,0,0,2,,
2026-04-06 19:01:06,48,19,19,0,fit: 1,fit: 1,,,,0,0,0,0,2,,
2026-04-06 19:11:07,48,19,19,0,,,,,,0,0,0,0,2,,
2026-04-06 19:17:39,48,19,19,0,fit: 1,fit: 1,,,,0,0,0,0,2,,
2026-04-06 19:27:41,48,19,19,0,efit: 1,efit: 1,,,,0,0,0,0,2,,
2026-04-06 20:11:19,48,19,19,0,,,,,,0,0,0,0,2,,
2026-04-06 20:21:21,48,19,19,0,efit: 1,efit: 1,,,,0,0,0,0,2,,
2026-04-06 21:11:31,48,19,19,0,efit: 2,efit: 2,,,,0,0,0,0,2,,
2026-04-06 21:36:36,48,19,19,0,efit: 3,efit: 3,,,,0,0,0,0,2,,
2026-04-06 21:43:08,48,19,19,0,efit: 4,efit: 4,,,,0,0,0,0,2,,
2026-04-06 21:48:09,48,19,19,0,"fit: 1, efit: 3","fit: 1, efit: 3",,,,0,0,0,0,2,,
2026-04-06 22:11:43,48,19,19,0,"fit: 1, efit: 4","fit: 1, efit: 4",,,,0,0,0,0,2,,
2026-04-06 22:18:15,48,19,19,0,"fit: 1, efit: 5","fit: 1, efit: 5",,,,0,0,0,0,2,,
2026-04-06 22:43:20,48,19,19,0,"fit: 1, efit: 4","fit: 1, efit: 4",,,,0,0,0,0,2,,
2026-04-06 22:56:51,48,19,19,0,"fit: 1, efit: 5","fit: 1, efit: 5",,,,0,0,0,0,2,,
2026-04-06 23:47:01,48,19,19,0,"fit: 1, efit: 6","fit: 1, efit: 6",,,,0,0,0,0,2,,
2026-04-07 00:02:04,48,19,19,0,"fit: 1, efit: 6","fit: 1, efit: 6",,,,0,0,0,0,2,,
2026-04-07 00:52:13,48,19,19,0,"fit: 1, efit: 7","fit: 1, efit: 7",,,,0,0,0,0,2,,
2026-04-07 01:12:16,48,19,19,0,"fit: 1, efit: 8","fit: 1, efit: 8",,,,0,0,0,0,2,,
2026-04-07 06:02:57,48,19,19,0,"fit: 1, efit: 7","fit: 1, efit: 7",,,,0,0,0,0,2,,
2026-04-07 06:38:03,48,19,19,0,"fit: 1, efit: 8","fit: 1, efit: 8",,,,0,0,0,0,2,,
2026-04-07 06:54:53,48,19,19,0,"fit: 1, efit: 7","fit: 1, efit: 7",,,,0,0,0,0,2,,
2026-04-07 07:30:01,48,19,19,0,"fit: 1, efit: 6","fit: 1, efit: 6",,,,0,0,0,0,2,,
2026-04-07 07:38:12,48,19,19,0,"fit: 1, efit: 5","fit: 1, efit: 5",,,,0,0,0,0,2,,
2026-04-07 07:48:14,48,19,19,0,"fit: 1, efit: 4","fit: 1, efit: 4",,,,0,0,0,0,2,,
2026-04-07 08:13:18,48,19,19,0,"fit: 1, efit: 3","fit: 1, efit: 3",,,,0,0,0,0,2,,
2026-04-07 08:20:11,48,19,19,0,"fit: 1, efit: 2","fit: 1, efit: 2",,,,0,0,0,0,2,,
2026-04-07 08:30:14,48,19,19,0,"fit: 1, efit: 1","fit: 1, efit: 1",,,,0,0,0,0,2,,
2026-04-07 08:58:25,48,19,19,0,"fit: 1, efit: 2","fit: 1, efit: 1",,,,0,0,0,0,2,,
2026-04-07 09:08:26,48,19,19,0,"fit: 1, efit: 3","fit: 1, efit: 2",,,,0,0,0,0,2,,
2026-04-07 09:20:24,48,19,19,0,"fit: 1, efit: 2","fit: 1, efit: 1",,,,0,0,0,0,2,,
2026-04-07 09:28:30,48,19,19,0,"fit: 1, efit: 1",fit: 1,,,,0,0,0,0,2,,
2026-04-07 10:10:34,48,19,19,0,"fit: 1, efit: 2","fit: 1, efit: 1",,,,0,0,0,0,2,,
2026-04-07 10:25:37,48,19,19,0,"fit: 1, efit: 3","fit: 1, efit: 1",,,,0,0,0,0,2,,
2026-04-07 10:28:39,48,19,19,0,"fit: 1, efit: 2",fit: 1,,,,0,0,0,0,2,,
2026-04-07 10:30:38,48,19,19,0,"fit: 1, efit: 3","fit: 1, efit: 1",,,,0,0,0,0,2,,
2026-04-07 10:48:43,48,19,19,0,"fit: 1, efit: 2",fit: 1,,,,0,0,0,0,2,,
2026-04-07 10:53:43,48,19,19,0,"fit: 1, efit: 3","fit: 1, efit: 1",,,,0,0,0,0,2,,
2026-04-07 11:08:46,48,19,19,0,"fit: 1, efit: 2",fit: 1,,,,0,0,0,0,2,,
2026-04-07 11:13:47,48,19,19,0,"fit: 1, efit: 3","fit: 1, efit: 1",,,,0,0,0,0,2,,
2026-04-07 11:20:49,48,19,19,0,"fit: 1, efit: 2",fit: 1,,,,0,0,0,0,2,,
2026-04-07 11:23:48,48,19,19,0,"fit: 1, efit: 3","fit: 1, efit: 1",,,,0,0,0,0,2,,
2026-04-07 11:30:51,48,19,19,0,"fit: 1, efit: 4","fit: 1, efit: 2",,,,0,0,0,0,2,,
2026-04-07 11:33:50,48,19,19,0,"fit: 1, efit: 4","fit: 1, efit: 4",,,,0,0,0,0,2,,
2026-04-07 12:00:57,48,19,19,0,"fit: 1, efit: 3","fit: 1, efit: 3",,,,0,0,0,0,2,,
2026-04-07 12:03:55,48,19,19,0,"fit: 1, efit: 2","fit: 1, efit: 2",,,,0,0,0,0,2,,
2026-04-07 12:08:55,48,19,19,0,"fit: 1, efit: 1","fit: 1, efit: 1",,,,0,0,0,0,2,,
2026-04-07 12:18:57,48,19,19,0,fit: 1,fit: 1,,,,0,0,0,0,2,,
2026-04-07 14:21:26,48,19,19,0,,,,,,0,0,0,0,2,,
2026-04-07 14:24:17,48,19,19,0,efit: 1,efit: 1,,,,0,0,0,0,2,,
2026-04-07 14:31:28,48,19,19,0,efit: 2,efit: 2,,,,0,0,0,0,2,,
2026-04-07 14:41:30,48,19,19,0,efit: 1,efit: 1,,,,0,0,0,0,2,,
2026-04-07 15:04:52,48,19,19,0,efit: 2,efit: 2,,,,0,0,0,0,2,,
2026-04-07 15:39:29,48,19,19,0,efit: 1,efit: 1,,,,0,0,0,0,2,,
2026-04-07 15:41:42,48,19,19,0,efit: 2,efit: 2,,,,0,0,0,0,2,,
2026-04-07 16:09:34,48,19,19,0,efit: 1,efit: 1,,,,0,0,0,0,2,,
2026-04-07 16:26:52,48,19,19,0,,,,,,0,0,0,0,2,,
2026-04-07 16:54:41,48,19,19,0,efit: 1,efit: 1,,,,0,0,0,0,2,,
2026-04-07 16:55:15,48,19,19,0,,,,,,0,0,0,0,2,,
2026-04-07 17:05:17,48,19,19,0,efit: 1,efit: 1,,,,0,0,0,0,2,,
2026-04-07 17:09:44,48,19,19,0,efit: 2,efit: 2,,,,0,0,0,0,2,,
2026-04-07 17:19:46,48,19,19,0,efit: 3,efit: 3,,,,0,0,0,0,2,,
2026-04-07 17:20:20,48,19,19,0,efit: 4,efit: 4,,,,0,0,0,0,2,,
2026-04-07 17:24:46,48,19,19,0,efit: 3,efit: 3,,,,0,0,0,0,2,,
2026-04-07 17:27:05,48,19,19,0,efit: 2,efit: 2,,,,0,0,0,0,2,,
2026-04-07 17:29:47,48,19,19,0,efit: 3,efit: 3,,,,0,0,0,0,2,,
2026-04-07 17:39:49,48,19,19,0,efit: 4,efit: 4,,,,0,0,0,0,2,,
2026-04-07 17:44:50,48,19,19,0,"fit: 1, efit: 3","fit: 1, efit: 3",,,,0,0,0,0,2,,
2026-04-07 17:45:25,48,19,19,0,"fit: 1, efit: 2","fit: 1, efit: 2",,,,0,0,0,0,2,,
2026-04-07 17:52:10,48,19,19,0,"fit: 1, efit: 3","fit: 1, efit: 3",,,,0,0,0,0,2,,
2026-04-07 17:54:51,48,19,19,0,"fit: 1, efit: 2","fit: 1, efit: 2",,,,0,0,0,0,2,,
2026-04-07 18:09:54,48,19,19,0,"fit: 1, efit: 1","fit: 1, efit: 1",,,,0,0,0,0,2,,
2026-04-07 18:14:54,48,19,19,0,fit: 1,fit: 1,,,,0,0,0,0,2,,
2026-04-07 18:22:16,48,19,19,0,,,,,,0,0,0,0,2,,
2026-04-07 18:52:22,48,19,19,0,efit: 1,efit: 1,,,,0,0,0,0,2,,
2026-04-07 19:00:03,48,19,19,0,,,,,,0,0,0,0,2,,
2026-04-07 19:20:06,48,19,19,0,efit: 1,efit: 1,,,,0,0,0,0,2,,
2026-04-07 19:27:29,48,19,19,0,,,,,,0,0,0,0,2,,
2026-04-07 19:30:08,48,19,19,0,efit: 1,efit: 1,,,,0,0,0,0,2,,
2026-04-07 19:32:30,48,19,19,0,efit: 2,efit: 2,,,,0,0,0,0,2,,
2026-04-07 19:45:10,48,19,19,0,efit: 3,efit: 3,,,,0,0,0,0,2,,
2026-04-07 19:52:34,48,19,19,0,efit: 4,efit: 4,,,,0,0,0,0,2,,
2026-04-07 20:05:53,48,19,19,0,efit: 3,efit: 3,,,,0,0,0,0,2,,
2026-04-07 20:35:18,48,19,19,0,efit: 4,efit: 4,,,,0,0,0,0,2,,
2026-04-07 20:37:43,48,19,19,0,efit: 6,efit: 6,,,,0,0,0,0,2,,
2026-04-07 20:50:21,48,19,19,0,efit: 7,efit: 7,,,,0,0,0,0,2,,
2026-04-07 20:55:21,48,19,19,0,efit: 8,efit: 8,,,,0,0,0,0,2,,
2026-04-07 21:10:24,48,19,19,0,"fit: 1, efit: 8","fit: 1, efit: 8",,,,0,0,0,0,2,,
2026-04-07 22:00:32,48,19,19,0,"fit: 1, efit: 9","fit: 1, efit: 9",,,,0,0,0,0,2,,
2026-04-07 22:03:01,48,19,19,0,"fit: 2, efit: 9","fit: 2, efit: 9",,,,0,0,0,0,2,,
2026-04-07 22:18:03,48,19,19,0,"fit: 4, efit: 9","fit: 4, efit: 9",,,,0,0,0,0,2,,
2026-04-07 23:25:45,48,19,19,0,"fit: 4, efit: 8","fit: 4, efit: 8",,,,0,0,0,0,2,,
2026-04-07 23:53:22,48,19,19,0,"fit: 4, efit: 7","fit: 4, efit: 7",,,,0,0,0,0,2,,
2026-04-08 00:00:50,48,19,19,0,"fit: 4, efit: 7","fit: 4, efit: 7",,,,0,0,0,0,2,,
2026-04-08 00:56:49,48,19,19,0,"fit: 5, efit: 6","fit: 5, efit: 6",,,,0,0,0,0,2,,
2026-04-08 01:16:02,48,19,19,0,"fit: 5, efit: 7","fit: 5, efit: 7",,,,0,0,0,0,2,,
2026-04-08 01:36:05,48,19,19,0,"fit: 5, efit: 8","fit: 5, efit: 8",,,,0,0,0,0,2,,
2026-04-08 01:53:46,48,19,19,0,"fit: 5, efit: 7","fit: 5, efit: 7",,,,0,0,0,0,2,,
2026-04-08 05:46:43,48,19,19,0,"fit: 5, efit: 8","fit: 5, efit: 8",,,,0,0,0,0,2,,
2026-04-08 07:16:57,48,19,19,0,"fit: 5, efit: 7","fit: 5, efit: 7",,,,0,0,0,0,2,,
2026-04-08 07:18:02,48,19,19,0,"fit: 5, efit: 6","fit: 5, efit: 6",,,,0,0,0,0,2,,
2026-04-08 07:42:01,48,19,19,0,"fit: 5, efit: 5","fit: 5, efit: 5",,,,0,0,0,0,2,,
2026-04-08 08:07:05,48,19,19,0,"fit: 5, efit: 4","fit: 5, efit: 4",,,,0,0,0,0,2,,
2026-04-08 08:10:01,48,19,19,0,"fit: 5, efit: 3","fit: 5, efit: 3",,,,0,0,0,0,2,,
2026-04-08 08:22:08,48,19,19,0,"fit: 5, efit: 2","fit: 5, efit: 2",,,,0,0,0,0,2,,
2026-04-08 08:38:18,48,19,19,0,"fit: 5, efit: 1","fit: 5, efit: 1",,,,0,0,0,0,2,,
2026-04-08 09:48:32,48,19,19,0,"fit: 5, efit: 2","fit: 5, efit: 2",,,,0,0,0,0,2,,
2026-04-08 09:52:23,48,19,19,0,"fit: 5, efit: 1","fit: 5, efit: 1",,,,0,0,0,0,2,,
2026-04-08 10:00:24,48,19,19,0,"fit: 5, efit: 2","fit: 5, efit: 2",,,,0,0,0,0,2,,
2026-04-08 10:02:24,48,19,19,0,"fit: 5, efit: 3","fit: 5, efit: 3",,,,0,0,0,0,2,,
2026-04-08 10:03:35,48,19,19,0,"fit: 5, efit: 4","fit: 5, efit: 4",,,,0,0,0,0,2,,
2026-04-08 10:07:25,48,19,19,0,"fit: 5, efit: 3","fit: 5, efit: 3",,,,0,0,0,0,2,,
2026-04-08 10:12:26,48,19,19,0,"fit: 5, efit: 2","fit: 5, efit: 2",,,,0,0,0,0,2,,
2026-04-08 10:23:39,48,19,19,0,"fit: 5, efit: 3","fit: 5, efit: 3",,,,0,0,0,0,2,,
2026-04-08 10:25:30,48,19,19,0,"fit: 5, efit: 2","fit: 5, efit: 2",,,,0,0,0,0,2,,
2026-04-08 10:27:28,48,19,19,0,"fit: 5, efit: 1","fit: 5, efit: 1",,,,0,0,0,0,2,,
2026-04-08 10:37:30,48,19,19,0,"fit: 5, efit: 3","fit: 5, efit: 3",,,,0,0,0,0,2,,
2026-04-08 10:40:33,48,19,19,0,"fit: 5, efit: 2","fit: 5, efit: 2",,,,0,0,0,0,2,,
2026-04-08 10:42:31,48,19,19,0,"fit: 5, efit: 3","fit: 5, efit: 2",,,,0,0,0,0,2,,
2026-04-08 10:48:44,48,19,19,0,"fit: 5, efit: 2","fit: 5, efit: 1",,,,0,0,0,0,2,,
2026-04-08 10:58:46,48,19,19,0,"fit: 5, efit: 1",fit: 5,,,,0,0,0,0,2,,
2026-04-08 11:00:37,48,19,19,0,"fit: 6, efit: 1",fit: 6,,,,0,0,0,0,2,,
2026-04-08 11:02:34,48,19,19,0,"fit: 5, efit: 1",fit: 5,,,,0,0,0,0,2,,
2026-04-08 11:07:35,48,19,19,0,"fit: 4, efit: 1",fit: 4,,,,0,0,0,0,2,,
2026-04-08 11:22:37,48,19,19,0,"fit: 3, efit: 1",fit: 3,,,,0,0,0,0,2,,
2026-04-08 11:27:38,48,19,19,0,"fit: 3, efit: 2","fit: 3, efit: 1",,,,0,0,0,0,2,,
2026-04-08 11:35:44,48,19,19,0,"fit: 3, efit: 3","fit: 3, efit: 2",,,,0,0,0,0,2,,
2026-04-08 11:47:42,48,19,19,0,"fit: 3, efit: 2","fit: 3, efit: 1",,,,0,0,0,0,2,,
2026-04-08 11:58:58,48,19,19,0,"fit: 3, efit: 1",fit: 3,,,,0,0,0,0,2,,
2026-04-08 12:02:44,48,19,19,0,"fit: 3, efit: 2","fit: 3, efit: 1",,,,0,0,0,0,2,,
2026-04-08 12:05:51,48,19,19,0,"fit: 3, efit: 1",fit: 3,,,,0,0,0,0,2,,
2026-04-08 12:15:53,48,19,19,0,"fit: 3, efit: 1","fit: 3, efit: 1",,,,0,0,0,0,2,,
2026-04-08 12:22:48,48,19,19,0,"fit: 3, efit: 2","fit: 3, efit: 2",,,,0,0,0,0,2,,
2026-04-08 12:37:50,48,19,19,0,"fit: 3, efit: 3","fit: 3, efit: 3",,,,0,0,0,0,2,,
2026-04-08 12:51:00,48,19,19,0,"fit: 4, efit: 1","fit: 4, efit: 1",,,,0,0,0,0,2,,
2026-04-08 12:59:11,48,19,19,0,"fit: 4, efit: 2","fit: 4, efit: 2",,,,0,0,0,0,2,,
2026-04-08 13:02:55,48,19,19,0,"fit: 4, efit: 3","fit: 4, efit: 3",,,,0,0,0,0,2,,
2026-04-08 13:22:58,48,19,19,0,"fit: 5, efit: 3","fit: 5, efit: 3",,,,0,0,0,0,2,,
2026-04-08 13:26:07,48,19,19,0,"fit: 5, efit: 2","fit: 5, efit: 2",,,,0,0,0,0,2,,
2026-04-08 13:32:59,48,19,19,0,"fit: 5, efit: 3","fit: 5, efit: 3",,,,0,0,0,0,2,,
2026-04-08 13:38:01,48,19,19,0,"fit: 5, efit: 2","fit: 5, efit: 2",,,,0,0,0,0,2,,
2026-04-08 13:53:03,48,19,19,0,"fit: 5, efit: 1","fit: 5, efit: 1",,,,0,0,0,0,2,,
2026-04-08 13:56:14,48,19,19,0,"fit: 5, efit: 2","fit: 5, efit: 2",,,,0,0,0,0,2,,
2026-04-08 13:59:23,48,19,19,0,"fit: 5, efit: 3","fit: 5, efit: 3",,,,0,0,0,0,2,,
2026-04-08 14:01:15,48,19,19,0,"fit: 5, efit: 2","fit: 5, efit: 2",,,,0,0,0,0,2,,
2026-04-08 14:18:07,48,19,19,0,"fit: 5, efit: 3","fit: 5, efit: 3",,,,0,0,0,0,2,,
2026-04-08 14:51:25,48,19,19,0,"fit: 5, efit: 1","fit: 5, efit: 1",,,,0,0,0,0,2,,
2026-04-08 14:56:26,48,19,19,0,fit: 5,fit: 5,,,,0,0,0,0,2,,
2026-04-08 15:01:27,48,19,19,0,fit: 4,fit: 4,,,,0,0,0,0,2,,
2026-04-08 15:24:40,48,19,19,0,"fit: 3, efit: 2","fit: 3, efit: 2",,,,0,0,0,0,2,,
2026-04-08 15:51:37,48,19,19,0,"fit: 3, efit: 1","fit: 3, efit: 1",,,,0,0,0,0,2,,
2026-04-08 16:06:41,48,19,19,0,"fit: 2, efit: 1","fit: 2, efit: 1",,,,0,0,0,0,2,,
2026-04-08 16:08:25,48,19,19,0,"fit: 3, efit: 2","fit: 3, efit: 2",,,,0,0,0,0,2,,
2026-04-08 16:09:49,48,19,19,0,"fit: 3, efit: 3","fit: 3, efit: 3",,,,0,0,0,0,2,,
2026-04-08 16:11:42,48,19,19,0,"fit: 3, efit: 4","fit: 3, efit: 4",,,,0,0,0,0,2,,
2026-04-08 16:16:43,48,19,19,0,"fit: 3, efit: 5","fit: 3, efit: 5",,,,0,0,0,0,2,,
2026-04-08 16:18:27,48,19,19,0,"fit: 4, efit: 6","fit: 4, efit: 6",,,,0,0,0,0,2,,
2026-04-08 16:19:51,48,19,19,0,"fit: 4, efit: 5","fit: 4, efit: 5",,,,0,0,0,0,2,,
2026-04-08 16:21:44,48,19,19,0,"fit: 4, efit: 6","fit: 4, efit: 6",,,,0,0,0,0,2,,
2026-04-08 16:26:45,48,19,19,0,"fit: 5, efit: 6","fit: 5, efit: 6",,,,0,0,0,0,2,,
2026-04-08 16:28:28,48,19,19,0,"fit: 6, efit: 6","fit: 6, efit: 6",,,,0,0,0,0,2,,
2026-04-08 16:34:54,48,19,19,0,"fit: 8, efit: 5","fit: 8, efit: 5",,,,0,0,0,0,2,,
2026-04-08 16:36:47,48,19,19,0,"fit: 8, efit: 4","fit: 8, efit: 4",,,,0,0,0,0,2,,
2026-04-08 16:41:48,48,19,19,0,"fit: 8, efit: 3","fit: 8, efit: 3",,,,0,0,0,0,2,,
2026-04-08 16:46:49,48,19,19,0,"fit: 8, efit: 4","fit: 8, efit: 4",,,,0,0,0,0,2,,
2026-04-08 16:56:51,48,19,19,0,"fit: 8, efit: 3","fit: 8, efit: 3",,,,0,0,0,0,2,,
2026-04-08 16:59:59,48,19,19,0,"fit: 8, efit: 1","fit: 8, efit: 1",,,,0,0,0,0,2,,
2026-04-08 17:13:35,48,19,19,0,fit: 8,fit: 8,,,,0,0,0,0,2,,
2026-04-08 17:16:55,48,19,19,0,fit: 9,fit: 9,,,,0,0,0,0,2,,
2026-04-08 17:28:38,48,19,19,0,fit: 8,fit: 8,,,,0,0,0,0,2,,
2026-04-08 17:50:10,48,19,19,0,fit: 7,fit: 7,,,,0,0,0,0,2,,
2026-04-08 17:57:04,48,19,19,0,"fit: 7, efit: 1","fit: 7, efit: 1",,,,0,0,0,0,2,,
2026-04-08 18:10:14,48,19,19,0,fit: 6,fit: 6,,,,0,0,0,0,2,,
2026-04-08 18:12:07,48,19,19,0,fit: 5,fit: 5,,,,0,0,0,0,2,,
2026-04-08 18:18:46,48,19,19,0,"fit: 5, efit: 1","fit: 5, efit: 1",,,,0,0,0,0,2,,
2026-04-08 18:22:09,48,19,19,0,"fit: 5, efit: 2","fit: 5, efit: 2",,,,0,0,0,0,2,,
2026-04-08 18:32:11,48,19,19,0,"fit: 5, efit: 1","fit: 5, efit: 1",,,,0,0,0,0,2,,
2026-04-08 18:33:48,48,19,19,0,"fit: 5, efit: 2","fit: 5, efit: 2",,,,0,0,0,0,2,,
2026-04-08 18:35:19,48,19,19,0,"fit: 5, efit: 1","fit: 5, efit: 1",,,,0,0,0,0,2,,
2026-04-08 18:38:49,48,19,19,0,fit: 5,fit: 5,,,,0,0,0,0,2,,
2026-04-08 18:53:52,48,19,19,0,"fit: 5, efit: 1","fit: 5, efit: 1",,,,0,0,0,0,2,,
2026-04-08 18:57:17,48,19,19,0,"fit: 5, efit: 2","fit: 5, efit: 2",,,,0,0,0,0,2,,
2026-04-08 18:58:53,48,19,19,0,"fit: 5, efit: 1","fit: 5, efit: 1",,,,0,0,0,0,2,,
2026-04-08 19:00:24,48,19,19,0,fit: 5,fit: 5,,,,0,0,0,0,2,,
2026-04-08 19:03:54,48,19,19,0,"fit: 5, efit: 1","fit: 5, efit: 1",,,,0,0,0,0,2,,
2026-04-08 19:10:26,48,19,19,0,"fit: 5, efit: 2","fit: 5, efit: 2",,,,0,0,0,0,2,,
2026-04-08 19:27:23,48,19,19,0,fit: 5,fit: 5,,,,0,0,0,0,2,,
2026-04-08 19:38:59,48,19,19,0,fit: 4,fit: 4,,,,0,0,0,0,2,,
2026-04-08 19:40:33,48,19,19,0,fit: 3,fit: 3,,,,0,0,0,0,2,,
2026-04-08 19:44:01,48,19,19,0,fit: 2,fit: 2,,,,0,0,0,0,2,,
2026-04-08 19:54:02,48,19,19,0,"fit: 2, efit: 1","fit: 2, efit: 1",,,,0,0,0,0,2,,
2026-04-08 19:55:36,48,19,19,0,"fit: 3, efit: 1","fit: 3, efit: 1",,,,0,0,0,0,2,,
2026-04-08 20:00:37,48,19,19,0,"fit: 3, efit: 2","fit: 3, efit: 2",,,,0,0,0,0,2,,
2026-04-08 20:02:30,48,19,19,0,"fit: 3, efit: 3","fit: 3, efit: 3",,,,0,0,0,0,2,,
2026-04-08 20:17:33,48,19,19,0,"fit: 3, efit: 5","fit: 3, efit: 4",,,,0,0,0,0,2,,
2026-04-08 20:29:08,48,19,19,0,"fit: 3, efit: 4","fit: 3, efit: 3",,,,0,0,0,0,2,,
2026-04-08 20:30:42,48,19,19,0,"fit: 3, efit: 5","fit: 3, efit: 4",,,,0,0,0,0,2,,
2026-04-08 20:35:43,48,19,19,0,"fit: 3, efit: 4","fit: 3, efit: 3",,,,0,0,0,0,2,,
2026-04-08 20:37:37,48,19,19,0,"fit: 3, efit: 5","fit: 3, efit: 4",,,,0,0,0,0,2,,
2026-04-08 20:44:10,48,19,19,0,"fit: 3, efit: 4","fit: 3, efit: 3",,,,0,0,0,0,2,,
2026-04-08 20:55:48,48,19,19,0,"fit: 3, efit: 5","fit: 3, efit: 4",,,,0,0,0,0,2,,
2026-04-08 21:04:13,48,19,19,0,"fit: 3, efit: 4","fit: 3, efit: 3",,,,0,0,0,0,2,,
2026-04-08 21:05:49,48,19,19,0,"fit: 3, efit: 5","fit: 3, efit: 4",,,,0,0,0,0,2,,
2026-04-08 21:07:43,48,19,19,0,"fit: 3, efit: 6","fit: 3, efit: 5",,,,0,0,0,0,2,,
2026-04-08 21:10:50,48,19,19,0,"fit: 3, efit: 5","fit: 3, efit: 4",,,,0,0,0,0,2,,
2026-04-08 21:12:44,48,19,19,0,"fit: 3, efit: 6","fit: 3, efit: 5",,,,0,0,0,0,2,,
2026-04-08 21:22:46,48,19,19,0,"fit: 3, efit: 5","fit: 3, efit: 4",,,,0,0,0,0,2,,
2026-04-08 21:35:55,48,19,19,0,"fit: 5, efit: 5","fit: 5, efit: 4",,,,0,0,0,0,2,,
2026-04-08 21:40:56,48,19,19,0,"fit: 5, efit: 4","fit: 5, efit: 3",,,,0,0,0,0,2,,
2026-04-08 21:52:52,48,19,19,0,"fit: 5, efit: 5","fit: 5, efit: 4",,,,0,0,0,0,2,,
2026-04-08 22:06:02,48,19,19,0,"fit: 5, efit: 6","fit: 5, efit: 5",,,,0,0,0,0,2,,
2026-04-08 22:11:03,48,19,19,0,"fit: 5, efit: 7","fit: 5, efit: 6",,,,0,0,0,0,2,,
2026-04-08 22:19:25,48,19,19,0,"fit: 5, efit: 8","fit: 5, efit: 7",,,,0,0,0,0,2,,
2026-04-08 22:29:26,48,19,19,0,"fit: 5, efit: 7","fit: 5, efit: 6",,,,0,0,0,0,2,,
2026-04-08 22:31:07,48,19,19,0,"fit: 5, efit: 6","fit: 5, efit: 5",,,,0,0,0,0,2,,
2026-04-08 22:34:27,48,19,19,0,"fit: 5, efit: 5","fit: 5, efit: 4",,,,0,0,0,0,2,,
2026-04-08 22:43:02,48,19,19,0,"fit: 5, efit: 4","fit: 5, efit: 3",,,,0,0,0,0,2,,
2026-04-08 23:21:16,48,19,19,0,"fit: 5, efit: 5","fit: 5, efit: 4",,,,0,0,0,0,2,,
2026-04-08 23:23:10,48,19,19,0,"fit: 5, efit: 4","fit: 5, efit: 3",,,,0,0,0,0,2,,
2026-04-08 23:33:12,48,19,19,0,"fit: 5, efit: 5","fit: 5, efit: 4",,,,0,0,0,0,2,,
2026-04-08 23:49:39,48,19,19,0,"fit: 5, efit: 6","fit: 5, efit: 5",,,,0,0,0,0,2,,
2026-04-08 23:59:40,48,19,19,0,"fit: 5, efit: 7","fit: 5, efit: 6",,,,0,0,0,0,2,,
2026-04-09 00:01:24,48,19,19,0,"fit: 5, efit: 7","fit: 5, efit: 6",,,,0,0,0,0,2,,
2026-04-09 00:38:25,48,19,19,0,"fit: 5, efit: 6","fit: 5, efit: 5",,,,0,0,0,0,2,,
2026-04-09 01:29:54,48,19,19,0,"fit: 5, efit: 8","fit: 5, efit: 7",,,,0,0,0,0,2,,
2026-04-09 01:54:58,48,19,19,0,"fit: 5, efit: 6","fit: 5, efit: 5",,,,0,0,0,0,2,,
2026-04-09 02:15:01,48,19,19,0,"fit: 5, efit: 5","fit: 5, efit: 4",,,,0,0,0,0,2,,
2026-04-09 02:21:50,48,19,19,0,"fit: 5, efit: 6","fit: 5, efit: 5",,,,0,0,0,0,2,,
2026-04-09 02:50:07,48,19,19,0,"fit: 5, efit: 4","fit: 5, efit: 3",,,,0,0,0,0,2,,
2026-04-09 03:35:14,48,19,19,0,"fit: 5, efit: 5","fit: 5, efit: 4",,,,0,0,0,0,2,,
2026-04-09 05:27:25,48,19,19,0,"fit: 5, efit: 6","fit: 5, efit: 5",,,,0,0,0,0,2,,
2026-04-09 07:09:41,48,19,19,0,"fit: 5, efit: 5","fit: 5, efit: 4",,,,0,0,0,0,2,,
2026-04-09 07:17:47,48,19,19,0,"fit: 4, efit: 5","fit: 4, efit: 4",,,,0,0,0,0,2,,
2026-04-09 07:50:54,48,19,19,0,"fit: 4, efit: 6","fit: 4, efit: 5",,,,0,0,0,0,2,,
2026-04-09 08:04:52,48,19,19,0,"fit: 4, efit: 7","fit: 4, efit: 6",,,,0,0,0,0,2,,
2026-04-09 08:19:55,48,19,19,0,"fit: 4, efit: 6","fit: 4, efit: 5",,,,0,0,0,0,2,,
2026-04-09 08:39:59,48,19,19,0,"fit: 4, efit: 5","fit: 4, efit: 4",,,,0,0,0,0,2,,
2026-04-09 08:51:04,48,19,19,0,"fit: 4, efit: 4","fit: 4, efit: 3",,,,0,0,0,0,2,,
2026-04-09 08:53:06,48,19,19,0,"fit: 4, efit: 1","fit: 4, efit: 1",,,,0,0,0,0,2,,
2026-04-09 09:01:06,48,19,19,0,fit: 3,fit: 3,,,,0,0,0,0,2,,
2026-04-09 09:03:08,48,19,19,0,fit: 4,fit: 4,,,,0,0,0,0,2,,
2026-04-09 09:38:16,48,19,19,0,"fit: 4, efit: 1","fit: 4, efit: 1",,,,0,0,0,0,2,,
2026-04-09 09:43:17,48,19,19,0,"fit: 4, efit: 2","fit: 4, efit: 2",,,,0,0,0,0,2,,
2026-04-09 09:46:13,48,19,19,0,"fit: 4, efit: 3","fit: 4, efit: 3",,,,0,0,0,0,2,,
2026-04-09 09:50:15,48,19,19,0,"fit: 4, efit: 2","fit: 4, efit: 2",,,,0,0,0,0,2,,
2026-04-09 09:51:14,48,19,19,0,"fit: 4, efit: 1","fit: 4, efit: 1",,,,0,0,0,0,2,,
2026-04-09 09:53:19,48,19,19,0,fit: 4,fit: 4,,,,0,0,0,0,2,,
2026-04-09 10:03:21,48,19,19,0,"fit: 4, efit: 1","fit: 4, efit: 1",,,,0,0,0,0,2,,
2026-04-09 10:06:17,48,19,19,0,"fit: 4, efit: 2","fit: 4, efit: 2",,,,0,0,0,0,2,,
2026-04-09 10:18:24,48,19,19,0,"fit: 4, efit: 1","fit: 4, efit: 1",,,,0,0,0,0,2,,
2026-04-09 10:20:21,48,19,19,0,fit: 4,fit: 4,,,,0,0,0,0,2,,
2026-04-09 10:38:28,48,19,19,0,"fit: 4, efit: 1","fit: 4, efit: 1",,,,0,0,0,0,2,,
2026-04-09 10:43:29,48,19,19,0,fit: 4,fit: 4,,,,0,0,0,0,2,,
2026-04-09 10:45:26,48,19,19,0,"fit: 3, efit: 1","fit: 3, efit: 1",,,,0,0,0,0,2,,
2026-04-09 10:53:31,48,19,19,0,"fit: 3, efit: 2","fit: 3, efit: 2",,,,0,0,0,0,2,,
2026-04-09 11:01:26,48,19,19,0,"fit: 3, efit: 1","fit: 3, efit: 1",,,,0,0,0,0,2,,
2026-04-09 11:03:33,48,19,19,0,"fit: 3, efit: 2","fit: 3, efit: 2",,,,0,0,0,0,2,,
2026-04-09 11:06:26,48,19,19,0,"fit: 3, efit: 3","fit: 3, efit: 3",,,,0,0,0,0,2,,
2026-04-09 11:18:36,48,19,19,0,"fit: 3, efit: 2","fit: 3, efit: 2",,,,0,0,0,0,2,,
2026-04-09 11:23:37,48,19,19,0,"fit: 3, efit: 1","fit: 3, efit: 1",,,,0,0,0,0,2,,
2026-04-09 11:33:39,48,19,19,0,fit: 3,fit: 3,,,,0,0,0,0,2,,
2026-04-09 11:38:40,48,19,19,0,"fit: 3, efit: 1","fit: 3, efit: 1",,,,0,0,0,0,2,,
2026-04-09 11:55:42,48,19,19,0,"fit: 3, efit: 2","fit: 3, efit: 2",,,,0,0,0,0,2,,
2026-04-09 11:58:44,48,19,19,0,"fit: 3, efit: 1","fit: 3, efit: 1",,,,0,0,0,0,2,,
2026-04-09 12:00:43,48,19,19,0,"fit: 3, efit: 2","fit: 3, efit: 2",,,,0,0,0,0,2,,
2026-04-09 12:05:44,48,19,19,0,"fit: 3, efit: 3","fit: 3, efit: 3",,,,0,0,0,0,2,,
2026-04-09 12:06:36,48,19,19,0,"fit: 3, efit: 2","fit: 3, efit: 2",,,,0,0,0,0,2,,
2026-04-09 12:10:45,48,19,19,0,"fit: 3, efit: 1","fit: 3, efit: 1",,,,0,0,0,0,2,,
2026-04-09 12:16:38,48,19,19,0,"fit: 3, efit: 2","fit: 3, efit: 2",,,,0,0,0,0,2,,
2026-04-09 12:18:49,48,19,19,0,"fit: 3, efit: 1","fit: 3, efit: 1",,,,0,0,0,0,2,,
2026-04-09 12:31:41,48,19,19,0,"fit: 3, efit: 2","fit: 3, efit: 2",,,,0,0,0,0,2,,
2026-04-09 12:38:53,48,19,19,0,"fit: 3, efit: 3","fit: 3, efit: 3",,,,0,0,0,0,2,,
2026-04-09 12:40:51,48,19,19,0,"fit: 5, efit: 3","fit: 5, efit: 3",,,,0,0,0,0,2,,
2026-04-09 12:45:52,48,19,19,0,"fit: 5, efit: 2","fit: 5, efit: 2",,,,0,0,0,0,2,,
2026-04-09 12:53:56,48,19,19,0,fit: 5,fit: 5,,,,0,0,0,0,2,,
2026-04-09 13:05:56,48,19,19,0,"fit: 5, efit: 1","fit: 5, efit: 1",,,,0,0,0,0,2,,
2026-04-09 13:14:00,48,19,19,0,fit: 5,fit: 5,,,,0,0,0,0,2,,
2026-04-09 13:29:03,48,19,19,0,"fit: 5, efit: 1","fit: 5, efit: 1",,,,0,0,0,0,2,,
2026-04-09 13:34:04,48,19,19,0,fit: 5,fit: 5,,,,0,0,0,0,2,,
2026-04-09 13:36:03,48,19,19,0,"fit: 5, efit: 1","fit: 5, efit: 1",,,,0,0,0,0,2,,
2026-04-09 13:51:06,48,19,19,0,fit: 5,fit: 5,,,,0,0,0,0,2,,
2026-04-09 13:54:08,48,19,19,0,fit: 4,fit: 4,,,,0,0,0,0,2,,
2026-04-09 13:59:09,48,19,19,0,"fit: 4, efit: 1","fit: 4, efit: 1",,,,0,0,0,0,2,,
2026-04-09 14:01:08,48,19,19,0,fit: 4,fit: 4,,,,0,0,0,0,2,,
2026-04-09 14:11:10,48,19,19,0,fit: 3,fit: 3,,,,0,0,0,0,2,,
2026-04-09 14:11:57,48,19,19,0,fit: 2,fit: 2,,,,0,0,0,0,2,,
2026-04-09 14:16:11,48,19,19,0,"fit: 2, efit: 1","fit: 2, efit: 1",,,,0,0,0,0,2,,
2026-04-09 14:16:58,48,19,19,0,"fit: 2, efit: 2","fit: 2, efit: 2",,,,0,0,0,0,2,,
2026-04-09 14:21:13,48,19,19,0,"fit: 2, efit: 3","fit: 2, efit: 3",,,,0,0,0,0,2,,
2026-04-09 14:29:15,48,19,19,0,"fit: 2, efit: 1","fit: 2, efit: 1",,,,0,0,0,0,2,,
2026-04-09 14:47:04,48,19,19,0,"fit: 2, efit: 2","fit: 2, efit: 2",,,,0,0,0,0,2,,
2026-04-09 14:51:19,48,19,19,0,fit: 2,fit: 2,,,,0,0,0,0,2,,
2026-04-09 14:54:20,48,19,19,0,"fit: 2, efit: 1","fit: 2, efit: 1",,,,0,0,0,0,2,,
2026-04-09 14:56:20,48,19,19,0,"fit: 2, efit: 2","fit: 2, efit: 2",,,,0,0,0,0,2,,
2026-04-09 15:06:22,48,19,19,0,"fit: 2, efit: 1","fit: 2, efit: 1",,,,0,0,0,0,2,,
2026-04-09 15:11:23,48,19,19,0,fit: 2,fit: 2,,,,0,0,0,0,2,,
2026-04-09 15:19:25,48,19,19,0,fit: 1,fit: 1,,,,0,0,0,0,2,,
2026-04-09 15:21:25,48,19,19,0,fit: 2,fit: 2,,,,0,0,0,0,2,,
2026-04-09 15:22:09,48,19,19,0,"fit: 2, efit: 1","fit: 2, efit: 1",,,,0,0,0,0,2,,
2026-04-09 15:39:29,48,19,19,0,fit: 3,fit: 3,,,,0,0,0,0,2,,
2026-04-09 15:44:31,48,19,19,0,fit: 2,fit: 2,,,,0,0,0,0,2,,
2026-04-09 15:51:31,48,19,19,0,"fit: 2, efit: 1","fit: 2, efit: 1",,,,0,0,0,0,2,,
2026-04-09 15:54:33,48,19,19,0,fit: 1,fit: 1,,,,0,0,0,0,2,,
2026-04-09 16:21:38,48,19,19,0,"fit: 1, efit: 1","fit: 1, efit: 1",,,,0,0,0,0,2,,
2026-04-09 16:22:19,48,19,19,0,"fit: 1, efit: 2","fit: 1, efit: 2",,,,0,0,0,0,2,,
2026-04-09 16:24:39,48,19,19,0,"fit: 1, efit: 3","fit: 1, efit: 3",,,,0,0,0,0,2,,
2026-04-09 16:32:21,48,19,19,0,"fit: 1, efit: 4","fit: 1, efit: 4",,,,0,0,0,0,2,,
2026-04-09 16:34:41,48,19,19,0,"fit: 1, efit: 3","fit: 1, efit: 3",,,,0,0,0,0,2,,
2026-04-09 16:39:42,48,19,19,0,efit: 1,efit: 1,,,,0,0,0,0,2,,
2026-04-09 16:41:42,48,19,19,0,,,,,,0,0,0,0,2,,
2026-04-09 16:46:43,48,19,19,0,fit: 1,fit: 1,,,,0,0,0,0,2,,
2026-04-09 16:56:45,48,19,19,0,"fit: 1, efit: 2","fit: 1, efit: 2",,,,0,0,0,0,2,,
2026-04-09 16:57:25,48,19,19,0,"fit: 1, efit: 3","fit: 1, efit: 3",,,,0,0,0,0,2,,
2026-04-09 17:04:47,48,19,19,0,"fit: 1, efit: 2","fit: 1, efit: 2",,,,0,0,0,0,2,,
2026-04-09 17:07:26,48,19,19,0,"fit: 2, efit: 1","fit: 2, efit: 1",,,,0,0,0,0,2,,
2026-04-09 17:16:50,48,19,19,0,"fit: 3, efit: 1","fit: 3, efit: 1",,,,0,0,0,0,2,,
2026-04-09 17:31:53,48,19,19,0,"fit: 3, efit: 2","fit: 3, efit: 2",,,,0,0,0,0,2,,
2026-04-09 17:36:54,48,19,19,0,"fit: 3, efit: 3","fit: 3, efit: 3",,,,0,0,0,0,2,,
2026-04-09 17:46:56,48,19,19,0,"fit: 3, efit: 2","fit: 3, efit: 2",,,,0,0,0,0,2,,
2026-04-09 17:54:57,48,19,19,0,"fit: 3, efit: 1","fit: 3, efit: 1",,,,0,0,0,0,2,,
2026-04-09 17:59:59,48,19,19,0,"fit: 3, efit: 2","fit: 3, efit: 2",,,,0,0,0,0,2,,
2026-04-09 18:15:02,48,19,19,0,"fit: 3, efit: 1","fit: 3, efit: 1",,,,0,0,0,0,2,,
2026-04-09 18:25:04,48,19,19,0,"fit: 4, efit: 1","fit: 4, efit: 1",,,,0,0,0,0,2,,
2026-04-09 18:30:06,48,19,19,0,"fit: 4, efit: 2","fit: 4, efit: 2",,,,0,0,0,0,2,,
2026-04-09 18:32:41,48,19,19,0,"fit: 4, efit: 3","fit: 4, efit: 3",,,,0,0,0,0,2,,
2026-04-09 18:35:07,48,19,19,0,"fit: 4, efit: 2","fit: 4, efit: 2",,,,0,0,0,0,2,,
2026-04-09 18:37:07,48,19,19,0,"fit: 4, efit: 3","fit: 4, efit: 3",,,,0,0,0,0,2,,
2026-04-09 18:42:08,48,19,19,0,"fit: 4, efit: 4","fit: 4, efit: 4",,,,0,0,0,0,2,,
2026-04-09 18:45:09,48,19,19,0,"fit: 4, efit: 1","fit: 4, efit: 1",,,,0,0,0,0,2,,
2026-04-09 19:00:12,48,19,19,0,"fit: 4, efit: 2","fit: 4, efit: 2",,,,0,0,0,0,2,,
2026-04-09 19:02:13,48,19,19,0,"fit: 4, efit: 1","fit: 4, efit: 1",,,,0,0,0,0,2,,
2026-04-09 19:02:46,48,19,19,0,fit: 4,fit: 4,,,,0,0,0,0,2,,
2026-04-09 19:17:16,48,19,19,0,"fit: 4, efit: 1","fit: 4, efit: 1",,,,0,0,0,0,2,,
2026-04-09 19:22:17,48,19,19,0,fit: 4,fit: 4,,,,0,0,0,0,2,,
2026-04-09 20:02:25,48,19,19,0,fit: 3,fit: 3,,,,0,0,0,0,2,,
2026-04-09 20:05:24,48,19,19,0,fit: 4,fit: 4,,,,0,0,0,0,2,,
2026-04-09 20:20:27,48,19,19,0,"fit: 4, efit: 2","fit: 4, efit: 2",,,,0,0,0,0,2,,
2026-04-09 20:37:32,48,19,19,0,"fit: 4, efit: 1","fit: 4, efit: 1",,,,0,0,0,0,2,,
2026-04-09 20:38:01,48,19,19,0,fit: 4,fit: 4,,,,0,0,0,0,2,,
2026-04-09 20:52:36,48,19,19,0,fit: 3,fit: 3,,,,0,0,0,0,2,,
2026-04-09 21:02:37,48,19,19,0,"fit: 3, efit: 1","fit: 3, efit: 1",,,,0,0,0,0,2,,
2026-04-09 21:05:36,48,19,19,0,"fit: 3, efit: 2","fit: 3, efit: 2",,,,0,0,0,0,2,,
2026-04-09 21:07:39,48,19,19,0,"fit: 3, efit: 3","fit: 3, efit: 3",,,,0,0,0,0,2,,
2026-04-09 21:18:08,48,19,19,0,"fit: 3, efit: 2","fit: 3, efit: 2",,,,0,0,0,0,2,,
2026-04-09 21:27:42,48,19,19,0,"fit: 3, efit: 1","fit: 3, efit: 1",,,,0,0,0,0,2,,
2026-04-09 21:53:13,48,19,19,0,"fit: 3, efit: 2","fit: 3, efit: 2",,,,0,0,0,0,2,,
2026-04-09 22:08:15,48,19,19,0,"fit: 3, efit: 1","fit: 3, efit: 1",,,,0,0,0,0,2,,
2026-04-09 22:13:16,48,19,19,0,"fit: 3, efit: 2","fit: 3, efit: 2",,,,0,0,0,0,2,,
2026-04-09 22:28:18,48,19,19,0,"fit: 3, efit: 1","fit: 3, efit: 1",,,,0,0,0,0,2,,
2026-04-09 22:30:53,48,19,19,0,"fit: 3, efit: 2","fit: 3, efit: 2",,,,0,0,0,0,2,,
2026-04-09 22:37:56,48,19,19,0,"fit: 3, efit: 3","fit: 3, efit: 3",,,,0,0,0,0,2,,
2026-04-09 22:45:56,48,19,19,0,"fit: 3, efit: 5","fit: 3, efit: 5",,,,0,0,0,0,2,,
2026-04-09 22:48:21,48,19,19,0,"fit: 3, efit: 4","fit: 3, efit: 4",,,,0,0,0,0,2,,
2026-04-09 23:11:01,48,19,19,0,"fit: 3, efit: 5","fit: 3, efit: 5",,,,0,0,0,0,2,,
2026-04-09 23:13:03,48,19,19,0,"fit: 3, efit: 4","fit: 3, efit: 4",,,,0,0,0,0,2,,
2026-04-09 23:23:05,48,19,19,0,"fit: 4, efit: 4","fit: 4, efit: 4",,,,0,0,0,0,2,,
2026-04-10 00:01:10,48,19,19,0,"fit: 4, efit: 4","fit: 4, efit: 4",,,,0,0,0,0,2,,
2026-04-10 00:23:17,48,19,19,0,"fit: 4, efit: 5","fit: 4, efit: 5",,,,0,0,0,0,2,,
2026-04-10 00:26:15,48,19,19,0,"fit: 4, efit: 4","fit: 4, efit: 4",,,,0,0,0,0,2,,
2026-04-10 01:36:28,48,19,19,0,"fit: 5, efit: 4","fit: 5, efit: 4",,,,0,0,0,0,2,,
2026-04-10 01:38:32,48,19,19,0,"fit: 5, efit: 3","fit: 5, efit: 3",,,,0,0,0,0,2,,
2026-04-10 03:31:50,48,19,19,0,"fit: 5, efit: 4","fit: 5, efit: 4",,,,0,0,0,0,2,,
2026-04-10 04:44:07,48,19,19,0,"fit: 5, efit: 4","fit: 5, efit: 3",,,,0,0,0,0,2,,
2026-04-10 04:47:03,48,19,19,0,"fit: 5, efit: 4","fit: 5, efit: 4",,,,0,0,0,0,2,,
2026-04-10 05:12:08,48,19,19,0,"fit: 5, efit: 4","fit: 5, efit: 3",,,,0,0,0,0,2,,
2026-04-10 05:22:10,48,19,19,0,"fit: 5, efit: 5","fit: 5, efit: 4",,,,0,0,0,0,2,,
2026-04-10 06:44:30,48,19,19,0,"fit: 6, efit: 4","fit: 6, efit: 3",,,,0,0,0,0,2,,
2026-04-10 07:39:41,48,19,19,0,"fit: 6, efit: 3","fit: 6, efit: 2",,,,0,0,0,0,2,,
2026-04-10 08:04:43,48,19,19,0,"fit: 6, efit: 4","fit: 6, efit: 3",,,,0,0,0,0,2,,
2026-04-10 08:12:43,48,19,19,0,"fit: 6, efit: 3","fit: 6, efit: 2",,,,0,0,0,0,2,,
2026-04-10 08:19:45,48,19,19,0,"fit: 6, efit: 1",fit: 6,,,,0,0,0,0,2,,
2026-04-10 08:27:46,48,19,19,0,"fit: 5, efit: 1",fit: 5,,,,0,0,0,0,2,,
2026-04-10 08:54:51,48,19,19,0,"fit: 4, efit: 1",fit: 4,,,,0,0,0,0,2,,
2026-04-10 08:59:51,48,19,19,0,"fit: 4, efit: 2","fit: 4, efit: 1",,,,0,0,0,0,2,,
2026-04-10 09:22:57,48,19,19,0,"fit: 4, efit: 1",fit: 4,,,,0,0,0,0,2,,
2026-04-10 09:27:58,48,19,19,0,"fit: 3, efit: 1",fit: 3,,,,0,0,0,0,2,,
2026-04-10 09:32:59,48,19,19,0,"fit: 2, efit: 1",fit: 2,,,,0,0,0,0,2,,
2026-04-10 10:08:06,48,19,19,0,"fit: 2, efit: 2","fit: 2, efit: 1",,,,0,0,0,0,2,,
2026-04-10 10:13:07,48,19,19,0,"fit: 2, efit: 3","fit: 2, efit: 2",,,,0,0,0,0,2,,
2026-04-10 10:38:12,48,19,19,0,"fit: 2, efit: 2","fit: 2, efit: 1",,,,0,0,0,0,2,,
2026-04-10 10:53:16,48,19,19,0,"fit: 2, efit: 1",fit: 2,,,,0,0,0,0,2,,
2026-04-10 10:58:17,48,19,19,0,"fit: 1, efit: 1",fit: 1,,,,0,0,0,0,2,,
2026-04-10 11:00:12,48,19,19,0,"fit: 1, efit: 2","fit: 1, efit: 1",,,,0,0,0,0,2,,
2026-04-10 11:03:18,48,19,19,0,"fit: 1, efit: 3","fit: 1, efit: 2",,,,0,0,0,0,2,,
2026-04-10 11:15:24,48,19,19,0,"fit: 1, efit: 2","fit: 1, efit: 1",,,,0,0,0,0,2,,
2026-04-10 11:33:24,48,19,19,0,"fit: 1, efit: 4","fit: 1, efit: 3",,,,0,0,0,0,2,,
2026-04-10 11:50:21,48,19,19,0,"fit: 1, efit: 3","fit: 1, efit: 2",,,,0,0,0,0,2,,
2026-04-10 11:53:28,48,19,19,0,"fit: 1, efit: 2","fit: 1, efit: 1",,,,0,0,0,0,2,,
2026-04-10 12:00:22,48,19,19,0,"fit: 1, efit: 1",fit: 1,,,,0,0,0,0,2,,
2026-04-10 12:18:33,48,19,19,0,efit: 1,,,,,0,0,0,0,2,,
2026-04-10 12:20:26,48,19,19,0,efit: 3,efit: 2,,,,0,0,0,0,2,,
2026-04-10 12:30:27,48,19,19,0,efit: 2,efit: 1,,,,0,0,0,0,2,,
2026-04-10 12:35:28,48,19,19,0,efit: 1,,,,,0,0,0,0,2,,
2026-04-10 12:43:38,48,19,19,0,efit: 3,efit: 2,,,,0,0,0,0,2,,
2026-04-10 12:45:30,48,19,19,0,efit: 2,efit: 1,,,,0,0,0,0,2,,
2026-04-10 12:48:39,48,19,19,0,efit: 1,,,,,0,0,0,0,2,,
2026-04-10 12:55:32,48,19,19,0,efit: 2,efit: 1,,,,0,0,0,0,2,,
2026-04-10 13:00:33,48,19,19,0,"fit: 1, efit: 2","fit: 1, efit: 1",,,,0,0,0,0,2,,
2026-04-10 13:08:43,48,19,19,0,"fit: 1, efit: 1",fit: 1,,,,0,0,0,0,2,,
2026-04-10 13:23:46,48,19,19,0,efit: 1,,,,,0,0,0,0,2,,
2026-04-10 13:40:39,48,19,19,0,efit: 2,efit: 1,,,,0,0,0,0,2,,
2026-04-10 13:48:51,48,19,19,0,"fit: 1, efit: 2","fit: 1, efit: 1",,,,0,0,0,0,2,,
2026-04-10 13:50:41,48,19,19,0,"fit: 1, efit: 1",fit: 1,,,,0,0,0,0,2,,
2026-04-10 13:53:52,48,19,19,0,efit: 1,,,,,0,0,0,0,2,,
2026-04-10 13:55:42,48,19,19,0,efit: 2,efit: 1,,,,0,0,0,0,2,,
2026-04-10 14:00:43,48,19,19,0,efit: 3,efit: 2,,,,0,0,0,0,2,,
2026-04-10 14:03:55,48,19,19,0,"fit: 1, efit: 3","fit: 1, efit: 2",,,,0,0,0,0,2,,
2026-04-10 14:08:56,48,19,19,0,"fit: 1, efit: 2","fit: 1, efit: 1",,,,0,0,0,0,2,,
2026-04-10 14:34:01,48,19,19,0,"fit: 1, efit: 3","fit: 1, efit: 2",,,,0,0,0,0,2,,
2026-04-10 14:45:50,48,19,19,0,"fit: 1, efit: 2","fit: 1, efit: 1",,,,0,0,0,0,2,,
2026-04-10 14:49:04,48,19,19,0,"fit: 1, efit: 3","fit: 1, efit: 2",,,,0,0,0,0,2,,
2026-04-10 15:14:09,48,19,19,0,"fit: 1, efit: 5","fit: 1, efit: 4",,,,0,0,0,0,2,,
2026-04-10 15:19:10,48,19,19,0,"fit: 1, efit: 4","fit: 1, efit: 3",,,,0,0,0,0,2,,
2026-04-10 15:24:11,48,19,19,0,"fit: 1, efit: 3","fit: 1, efit: 2",,,,0,0,0,0,2,,
2026-04-10 15:26:16,48,19,19,0,"fit: 1, efit: 2","fit: 1, efit: 1",,,,0,0,0,0,2,,
2026-04-10 15:35:59,48,19,19,0,"fit: 1, efit: 1",fit: 1,,,,0,0,0,0,2,,
2026-04-10 15:49:16,48,19,19,0,efit: 1,,,,,0,0,0,0,2,,
2026-04-10 15:51:02,48,19,19,0,efit: 2,efit: 1,,,,0,0,0,0,2,,
2026-04-10 15:56:02,48,19,19,0,efit: 1,,,,,0,0,0,0,2,,
2026-04-10 16:59:30,48,19,19,0,"fit: 1, efit: 1",fit: 1,,,,0,0,0,0,2,,
2026-04-10 17:14:33,48,19,19,0,"fit: 2, efit: 1",fit: 2,,,,0,0,0,0,2,,
2026-04-10 17:26:18,48,19,19,0,"fit: 2, efit: 2","fit: 2, efit: 1",,,,0,0,0,0,2,,
2026-04-10 17:41:20,48,19,19,0,"fit: 3, efit: 3","fit: 3, efit: 2",,,,0,0,0,0,2,,
2026-04-10 17:59:42,48,19,19,0,"fit: 4, efit: 3","fit: 4, efit: 2",,,,0,0,0,0,2,,
2026-04-10 18:01:24,48,19,19,0,"fit: 5, efit: 3","fit: 5, efit: 2",,,,0,0,0,0,2,,
2026-04-10 18:04:43,48,19,19,0,"fit: 6, efit: 3","fit: 6, efit: 2",,,,0,0,0,0,2,,
2026-04-10 18:06:24,48,19,19,0,"fit: 6, efit: 2","fit: 6, efit: 1",,,,0,0,0,0,2,,
2026-04-10 18:11:25,48,19,19,0,"fit: 6, efit: 3","fit: 6, efit: 2",,,,0,0,0,0,2,,
2026-04-10 18:14:46,48,19,19,0,"fit: 6, efit: 2","fit: 6, efit: 1",,,,0,0,0,0,2,,
2026-04-10 18:21:27,48,19,19,0,"fit: 7, efit: 1",fit: 7,,,,0,0,0,0,2,,
2026-04-10 18:51:32,48,19,19,0,"fit: 7, efit: 2","fit: 7, efit: 1",,,,0,0,0,0,2,,
2026-04-10 18:56:33,48,19,19,0,"fit: 7, efit: 3","fit: 7, efit: 2",,,,0,0,0,0,2,,
2026-04-10 19:04:56,48,19,19,0,"fit: 7, efit: 1",fit: 7,,,,0,0,0,0,2,,
2026-04-10 19:21:37,48,19,19,0,"fit: 7, efit: 2","fit: 7, efit: 1",,,,0,0,0,0,2,,
2026-04-10 19:55:06,48,19,19,0,"fit: 7, efit: 1",fit: 7,,,,0,0,0,0,2,,
2026-04-10 20:20:11,48,19,19,0,"fit: 7, efit: 2","fit: 7, efit: 1",,,,0,0,0,0,2,,
2026-04-10 20:26:47,48,19,19,0,"fit: 7, efit: 1",fit: 7,,,,0,0,0,0,2,,
2026-04-10 21:42:35,48,19,19,0,"fit: 7, efit: 2","fit: 7, efit: 1",,,,0,0,0,0,2,,
2026-04-10 21:50:28,48,19,19,0,"fit: 7, efit: 1",fit: 7,,,,0,0,0,0,2,,
2026-04-10 21:55:29,48,19,19,0,"fit: 7, efit: 3","fit: 7, efit: 2",,,,0,0,0,0,2,,
2026-04-10 22:02:02,48,19,19,0,"fit: 7, efit: 2","fit: 7, efit: 1",,,,0,0,0,0,2,,
2026-04-10 22:37:07,48,19,19,0,"fit: 7, efit: 3","fit: 7, efit: 2",,,,0,0,0,0,2,,
2026-04-10 22:50:40,48,19,19,0,"fit: 8, efit: 3","fit: 8, efit: 2",,,,0,0,0,0,2,,
2026-04-10 22:52:09,48,19,19,0,"fit: 8, efit: 2","fit: 8, efit: 1",,,,0,0,0,0,2,,
2026-04-10 23:05:43,48,19,19,0,"fit: 8, efit: 1",fit: 8,,,,0,0,0,0,2,,
2026-04-10 23:25:47,48,19,19,0,"fit: 8, efit: 2","fit: 8, efit: 1",,,,0,0,0,0,2,,
2026-04-10 23:40:49,48,19,19,0,"fit: 9, efit: 3","fit: 9, efit: 2",,,,0,0,0,0,2,,
2026-04-10 23:45:50,48,19,19,0,"fit: 9, efit: 4","fit: 9, efit: 3",,,,0,0,0,0,2,,
2026-04-10 23:47:18,48,19,19,0,"fit: 11, efit: 4","fit: 11, efit: 3",,,,0,0,0,0,2,,
2026-04-10 23:52:18,48,19,19,0,"fit: 11, efit: 3","fit: 11, efit: 2",,,,0,0,0,0,2,,
2026-04-11 00:00:53,48,19,19,0,"fit: 11, efit: 3","fit: 11, efit: 2",,,,0,0,0,0,2,,
2026-04-11 00:41:01,48,19,19,0,"fit: 11, efit: 4","fit: 11, efit: 3",,,,0,0,0,0,2,,
2026-04-11 00:57:28,48,19,19,0,"fit: 11, efit: 5","fit: 11, efit: 4",,,,0,0,0,0,2,,
2026-04-11 00:58:13,48,19,19,0,"fit: 11, efit: 4","fit: 11, efit: 3",,,,0,0,0,0,2,,
2026-04-11 01:01:05,48,19,19,0,"fit: 11, efit: 3","fit: 11, efit: 2",,,,0,0,0,0,2,,
2026-04-11 01:17:31,48,19,19,0,"fit: 11, efit: 4","fit: 11, efit: 3",,,,0,0,0,0,2,,
2026-04-11 02:36:23,48,19,19,0,"fit: 11, efit: 5","fit: 11, efit: 4",,,,0,0,0,0,2,,
2026-04-11 05:23:08,48,19,19,0,"fit: 11, efit: 4","fit: 11, efit: 3",,,,0,0,0,0,2,,
2026-04-11 05:57:00,48,19,19,0,"fit: 11, efit: 5","fit: 11, efit: 4",,,,0,0,0,0,2,,
2026-04-11 07:37:19,48,19,19,0,"fit: 11, efit: 4","fit: 11, efit: 3",,,,0,0,0,0,2,,
2026-04-11 08:47:33,48,19,19,0,"fit: 11, efit: 3","fit: 11, efit: 2",,,,0,0,0,0,2,,
2026-04-11 09:17:39,48,19,19,0,"fit: 11, efit: 2","fit: 11, efit: 1",,,,0,0,0,0,2,,
2026-04-11 09:28:47,48,19,19,0,"fit: 10, efit: 2","fit: 10, efit: 1",,,,0,0,0,0,2,,
2026-04-11 09:52:46,48,19,19,0,"fit: 10, efit: 3","fit: 10, efit: 2",,,,0,0,0,0,2,,
2026-04-11 09:54:57,48,19,19,0,"fit: 9, efit: 2","fit: 9, efit: 1",,,,0,0,0,0,2,,
2026-04-11 10:32:54,48,19,19,0,"fit: 9, efit: 3","fit: 9, efit: 2",,,,0,0,0,0,2,,
2026-04-11 10:38:59,48,19,19,0,"fit: 9, efit: 2","fit: 9, efit: 1",,,,0,0,0,0,2,,
2026-04-11 10:42:56,48,19,19,0,"fit: 8, efit: 2","fit: 8, efit: 1",,,,0,0,0,0,2,,
2026-04-11 10:50:09,48,19,19,0,"fit: 6, efit: 2","fit: 6, efit: 1",,,,0,0,0,0,2,,
2026-04-11 10:52:58,48,19,19,0,"fit: 5, efit: 1",fit: 5,,,,0,0,0,0,2,,
2026-04-11 11:15:15,48,19,19,0,"fit: 4, efit: 2","fit: 4, efit: 1",,,,0,0,0,0,2,,
2026-04-11 11:33:06,48,19,19,0,"fit: 4, efit: 3","fit: 4, efit: 2",,,,0,0,0,0,2,,
2026-04-11 12:04:13,48,19,19,0,"fit: 4, efit: 4","fit: 4, efit: 3",,,,0,0,0,0,2,,
2026-04-11 12:25:30,48,19,19,0,"fit: 4, efit: 5","fit: 4, efit: 4",,,,0,0,0,0,2,,
2026-04-11 13:08:26,48,19,19,0,"fit: 4, efit: 4","fit: 4, efit: 3",,,,0,0,0,0,2,,
2026-04-11 13:23:29,48,19,19,0,"fit: 4, efit: 3","fit: 4, efit: 2",,,,0,0,0,0,2,,
2026-04-11 13:30:43,48,19,19,0,"fit: 4, efit: 1",fit: 4,,,,0,0,0,0,2,,
2026-04-11 13:34:28,48,19,19,0,"fit: 4, efit: 2","fit: 4, efit: 1",,,,0,0,0,0,2,,
2026-04-11 13:50:48,48,19,19,0,"fit: 4, efit: 1",fit: 4,,,,0,0,0,0,2,,
2026-04-11 13:55:49,48,19,19,0,"fit: 3, efit: 1",fit: 3,,,,0,0,0,0,2,,
2026-04-11 14:00:50,48,19,19,0,"fit: 4, efit: 2","fit: 4, efit: 1",,,,0,0,0,0,2,,
2026-04-11 14:03:38,48,19,19,0,"fit: 5, efit: 1",fit: 5,,,,0,0,0,0,2,,
2026-04-11 14:08:39,48,19,19,0,"fit: 4, efit: 1",fit: 4,,,,0,0,0,0,2,,
2026-04-11 14:15:53,48,19,19,0,"fit: 3, efit: 1",fit: 3,,,,0,0,0,0,2,,
2026-04-11 14:18:41,48,19,19,0,"fit: 2, efit: 1",fit: 2,,,,0,0,0,0,2,,
2026-04-11 14:46:01,48,19,19,0,"fit: 1, efit: 1",fit: 1,,,,0,0,0,0,2,,
2026-04-11 15:24:47,48,19,19,0,"fit: 1, efit: 2","fit: 1, efit: 1",,,,0,0,0,0,2,,
2026-04-11 15:33:57,48,19,19,0,"fit: 1, efit: 3","fit: 1, efit: 2",,,,0,0,0,0,2,,
2026-04-11 15:38:58,48,19,19,0,"fit: 1, efit: 4","fit: 1, efit: 3",,,,0,0,0,0,2,,
2026-04-11 15:43:59,48,19,19,0,"fit: 1, efit: 3","fit: 1, efit: 2",,,,0,0,0,0,2,,
2026-04-11 15:46:13,48,19,19,0,"fit: 1, efit: 4","fit: 1, efit: 3",,,,0,0,0,0,2,,
2026-04-11 15:59:02,48,19,19,0,"fit: 1, efit: 6","fit: 1, efit: 5",,,,0,0,0,0,2,,
2026-04-11 16:04:03,48,19,19,0,"fit: 1, efit: 7","fit: 1, efit: 6",,,,0,0,0,0,2,,
2026-04-11 16:06:18,48,19,19,0,"fit: 1, efit: 6","fit: 1, efit: 5",,,,0,0,0,0,2,,
2026-04-11 16:09:04,48,19,19,0,"fit: 1, efit: 5","fit: 1, efit: 4",,,,0,0,0,0,2,,
2026-04-11 16:14:05,48,19,19,0,"fit: 1, efit: 4","fit: 1, efit: 3",,,,0,0,0,0,2,,
2026-04-11 16:19:06,48,19,19,0,"fit: 1, efit: 3","fit: 1, efit: 2",,,,0,0,0,0,2,,
2026-04-11 16:24:08,48,19,19,0,"fit: 1, efit: 4","fit: 1, efit: 3",,,,0,0,0,0,2,,
2026-04-11 16:24:57,48,19,19,0,"fit: 1, efit: 3","fit: 1, efit: 2",,,,0,0,0,0,2,,
2026-04-11 16:29:09,48,19,19,0,"fit: 1, efit: 4","fit: 1, efit: 3",,,,0,0,0,0,2,,
2026-04-11 16:34:10,48,19,19,0,"fit: 1, efit: 3","fit: 1, efit: 2",,,,0,0,0,0,2,,
2026-04-11 16:34:59,48,19,19,0,"fit: 1, efit: 4","fit: 1, efit: 3",,,,0,0,0,0,2,,
2026-04-11 16:36:24,48,19,19,0,"fit: 1, efit: 5","fit: 1, efit: 4",,,,0,0,0,0,2,,
2026-04-11 16:39:11,48,19,19,0,"fit: 2, efit: 4","fit: 2, efit: 3",,,,0,0,0,0,2,,
2026-04-11 16:44:12,48,19,19,0,"fit: 2, efit: 6","fit: 2, efit: 5",,,,0,0,0,0,2,,
2026-04-11 16:54:14,48,19,19,0,"fit: 2, efit: 7","fit: 2, efit: 6",,,,0,0,0,0,2,,
2026-04-11 16:59:15,48,19,19,0,"fit: 2, efit: 6","fit: 2, efit: 5",,,,0,0,0,0,2,,
2026-04-11 17:24:20,48,19,19,0,"fit: 2, efit: 5","fit: 2, efit: 4",,,,0,0,0,0,2,,
2026-04-11 17:39:23,48,19,19,0,"fit: 2, efit: 4","fit: 2, efit: 3",,,,0,0,0,0,2,,
2026-04-11 18:00:13,48,19,19,0,"fit: 2, efit: 5","fit: 2, efit: 4",,,,0,0,0,0,2,,
2026-04-11 18:04:28,48,19,19,0,"fit: 2, efit: 3","fit: 2, efit: 2",,,,0,0,0,0,2,,
2026-04-11 18:14:31,48,19,19,0,"fit: 4, efit: 3","fit: 4, efit: 2",,,,0,0,0,0,2,,
2026-04-11 18:16:46,48,19,19,0,"fit: 5, efit: 4","fit: 5, efit: 3",,,,0,0,0,0,2,,
2026-04-11 18:19:32,48,19,19,0,"fit: 4, efit: 1",fit: 4,,,,0,0,0,0,2,,
2026-04-11 18:31:49,48,19,19,0,"fit: 4, efit: 2","fit: 4, efit: 1",,,,0,0,0,0,2,,
2026-04-11 18:40:20,48,19,19,0,"fit: 7, efit: 1",fit: 7,,,,0,0,0,0,2,,
2026-04-11 18:41:51,48,19,19,0,"fit: 5, efit: 1",fit: 5,,,,0,0,0,0,2,,
2026-04-11 18:49:38,48,19,19,0,"fit: 3, efit: 1",fit: 3,,,,0,0,0,0,2,,
2026-04-11 19:04:41,48,19,19,0,"fit: 3, efit: 2","fit: 3, efit: 1",,,,0,0,0,0,2,,
2026-04-11 19:05:24,48,19,19,0,"fit: 3, efit: 3","fit: 3, efit: 2",,,,0,0,0,0,2,,
2026-04-11 19:14:43,48,19,19,0,"fit: 3, efit: 2","fit: 3, efit: 1",,,,0,0,0,0,2,,
2026-04-11 19:15:26,48,19,19,0,"fit: 3, efit: 1",fit: 3,,,,0,0,0,0,2,,
2026-04-11 19:30:29,48,19,19,0,"fit: 1, efit: 1",fit: 1,,,,0,0,0,0,2,,
2026-04-11 19:54:51,48,19,19,0,"fit: 1, efit: 2","fit: 1, efit: 1",,,,0,0,0,0,2,,
2026-04-11 20:04:53,48,19,19,0,"fit: 1, efit: 1",fit: 1,,,,0,0,0,0,2,,
2026-04-11 20:09:54,48,19,19,0,"fit: 1, efit: 3","fit: 1, efit: 2",,,,0,0,0,0,2,,
2026-04-11 20:17:12,48,19,19,0,"fit: 2, efit: 2","fit: 2, efit: 1",,,,0,0,0,0,2,,
2026-04-11 20:27:14,48,19,19,0,"fit: 2, efit: 1",fit: 2,,,,0,0,0,0,2,,
2026-04-11 20:29:59,48,19,19,0,"fit: 1, efit: 1",fit: 1,,,,0,0,0,0,2,,
2026-04-11 20:30:39,48,19,19,0,efit: 1,,,,,0,0,0,0,2,,
2026-04-11 20:40:01,48,19,19,0,efit: 3,efit: 2,,,,0,0,0,0,2,,
2026-04-11 21:10:07,48,19,19,0,efit: 2,efit: 1,,,,0,0,0,0,2,,
2026-04-11 21:35:12,48,19,19,0,efit: 1,,,,,0,0,0,0,2,,
2026-04-11 21:40:13,48,19,19,0,efit: 2,efit: 1,,,,0,0,0,0,2,,
2026-04-11 21:45:14,48,19,19,0,efit: 4,efit: 3,,,,0,0,0,0,2,,
2026-04-11 21:50:15,48,19,19,0,efit: 5,efit: 4,,,,0,0,0,0,2,,
2026-04-11 21:57:33,48,19,19,0,"fit: 2, efit: 4","fit: 2, efit: 3",,,,0,0,0,0,2,,
2026-04-11 22:00:17,48,19,19,0,"fit: 2, efit: 3","fit: 2, efit: 2",,,,0,0,0,0,2,,
2026-04-11 22:07:35,48,19,19,0,"fit: 2, efit: 2","fit: 2, efit: 1",,,,0,0,0,0,2,,
2026-04-11 22:17:37,48,19,19,0,"fit: 2, efit: 4","fit: 2, efit: 3",,,,0,0,0,0,2,,
2026-04-11 22:20:21,48,19,19,0,"fit: 2, efit: 3","fit: 2, efit: 2",,,,0,0,0,0,2,,
2026-04-11 22:47:44,48,19,19,0,"fit: 4, efit: 4","fit: 4, efit: 3",,,,0,0,0,0,2,,
2026-04-11 22:55:28,48,19,19,0,"fit: 4, efit: 2","fit: 4, efit: 1",,,,0,0,0,0,2,,
2026-04-11 22:56:02,48,19,19,0,"fit: 4, efit: 3","fit: 4, efit: 2",,,,0,0,0,0,2,,
2026-04-11 23:06:04,48,19,19,0,"fit: 5, efit: 3","fit: 5, efit: 2",,,,0,0,0,0,2,,
2026-04-11 23:07:48,48,19,19,0,"fit: 5, efit: 2","fit: 5, efit: 1",,,,0,0,0,0,2,,
2026-04-11 23:15:32,48,19,19,0,"fit: 5, efit: 3","fit: 5, efit: 2",,,,0,0,0,0,2,,
2026-04-11 23:42:55,48,19,19,0,"fit: 5, efit: 4","fit: 5, efit: 3",,,,0,0,0,0,2,,
2026-04-11 23:52:57,48,19,19,0,"fit: 5, efit: 3","fit: 5, efit: 2",,,,0,0,0,0,2,,
2026-04-12 00:00:41,48,19,19,0,"fit: 5, efit: 3","fit: 5, efit: 2",,,,0,0,0,0,2,,
2026-04-12 00:15:44,48,19,19,0,"fit: 5, efit: 4","fit: 5, efit: 3",,,,0,0,0,0,2,,
2026-04-12 00:25:46,48,19,19,0,"fit: 5, efit: 5","fit: 5, efit: 4",,,,0,0,0,0,2,,
2026-04-12 00:53:09,48,19,19,0,"fit: 5, efit: 5","fit: 5, efit: 4",efit: 1,,,0,0,0,0,2,,
2026-04-12 01:16:25,48,19,19,0,"fit: 5, efit: 6","fit: 5, efit: 5",efit: 1,,,0,0,0,0,2,,
2026-04-12 01:20:57,48,19,19,0,"fit: 5, efit: 5","fit: 5, efit: 4",efit: 1,,,0,0,0,0,2,,
2026-04-12 01:58:23,48,19,19,0,"fit: 5, efit: 4","fit: 5, efit: 3",efit: 1,,,0,0,0,0,2,,
2026-04-12 03:01:17,48,19,19,0,"fit: 5, efit: 5","fit: 5, efit: 4",efit: 1,,,0,0,0,0,2,,
2026-04-12 04:46:38,48,19,19,0,"fit: 4, efit: 5","fit: 4, efit: 4",efit: 1,,,0,0,0,0,2,,
2026-04-12 04:51:39,48,19,19,0,"fit: 4, efit: 4","fit: 4, efit: 3",efit: 1,,,0,0,0,0,2,,
2026-04-12 07:57:15,48,19,19,0,"fit: 4, efit: 5","fit: 4, efit: 4",efit: 1,,,0,0,0,0,2,,
2026-04-12 08:59:49,48,19,19,0,"fit: 4, efit: 6","fit: 4, efit: 5",efit: 1,,,0,0,0,0,2,,
2026-04-12 09:34:56,48,19,19,0,"fit: 4, efit: 5","fit: 4, efit: 4",efit: 1,,,0,0,0,0,2,,
2026-04-12 09:37:35,48,19,19,0,"fit: 4, efit: 3","fit: 4, efit: 2",efit: 1,,,0,0,0,0,2,,
2026-04-12 09:44:58,48,19,19,0,"fit: 4, efit: 2","fit: 4, efit: 1",efit: 1,,,0,0,0,0,2,,
2026-04-12 10:12:42,48,19,19,0,"fit: 4, efit: 1",fit: 4,efit: 1,,,0,0,0,0,2,,
2026-04-12 10:37:47,48,19,19,0,"fit: 3, efit: 1",fit: 3,efit: 1,,,0,0,0,0,2,,
2026-04-12 10:40:10,48,19,19,0,"fit: 2, efit: 1",fit: 2,efit: 1,,,0,0,0,0,2,,
2026-04-12 11:12:54,48,19,19,0,"fit: 1, efit: 1",fit: 1,efit: 1,,,0,0,0,0,2,,
2026-04-12 11:17:55,48,19,19,0,efit: 1,,efit: 1,,,0,0,0,0,2,,
2026-04-12 11:55:25,48,19,19,0,efit: 2,efit: 1,efit: 1,,,0,0,0,0,2,,
2026-04-12 12:15:30,48,19,19,0,efit: 1,,efit: 1,,,0,0,0,0,2,,
2026-04-12 13:00:39,48,19,19,0,efit: 2,efit: 1,efit: 1,,,0,0,0,0,2,,
2026-04-12 13:03:17,48,19,19,0,efit: 1,,efit: 1,,,0,0,0,0,2,,
2026-04-12 13:08:18,48,19,19,0,efit: 2,efit: 1,efit: 1,,,0,0,0,0,2,,
2026-04-12 13:20:43,48,19,19,0,efit: 3,efit: 2,efit: 1,,,0,0,0,0,2,,
2026-04-12 13:30:46,48,19,19,0,efit: 2,efit: 1,efit: 1,,,0,0,0,0,2,,
2026-04-12 13:35:47,48,19,19,0,efit: 1,,efit: 1,,,0,0,0,0,2,,
2026-04-12 13:38:22,48,19,19,0,efit: 2,efit: 1,efit: 1,,,0,0,0,0,2,,
2026-04-12 13:40:48,48,19,19,0,efit: 1,,efit: 1,,,0,0,0,0,2,,
2026-04-12 13:45:49,48,19,19,0,efit: 2,efit: 1,efit: 1,,,0,0,0,0,2,,
2026-04-12 13:48:23,48,19,19,0,efit: 1,,efit: 1,,,0,0,0,0,2,,
2026-04-12 13:53:24,48,19,19,0,efit: 2,efit: 1,efit: 1,,,0,0,0,0,2,,
2026-04-12 14:00:52,48,19,19,0,efit: 1,,efit: 1,,,0,0,0,0,2,,
2026-04-12 14:13:26,48,19,19,0,efit: 2,efit: 1,efit: 1,,,0,0,0,0,2,,
2026-04-12 14:20:56,48,19,19,0,efit: 1,,efit: 1,,,0,0,0,0,2,,
2026-04-12 14:46:02,48,19,19,0,fit: 3,fit: 3,,,,0,0,0,0,2,,
2026-04-12 14:58:32,48,19,19,0,"fit: 3, efit: 1","fit: 3, efit: 1",,,,0,0,0,0,2,,
2026-04-12 15:21:09,48,19,19,0,fit: 3,fit: 3,,,,0,0,0,0,2,,
2026-04-12 15:48:40,48,19,19,0,"fit: 3, efit: 1","fit: 3, efit: 1",,,,0,0,0,0,2,,
2026-04-12 15:53:41,48,19,19,0,fit: 3,fit: 3,,,,0,0,0,0,2,,
2026-04-12 16:06:19,48,19,19,0,"fit: 3, efit: 1","fit: 3, efit: 1",,,,0,0,0,0,2,,
2026-04-12 16:16:21,48,19,19,0,fit: 3,fit: 3,,,,0,0,0,0,2,,
2026-04-12 16:23:46,48,19,19,0,"fit: 3, efit: 1","fit: 3, efit: 1",,,,0,0,0,0,2,,
2026-04-12 16:33:48,48,19,19,0,"fit: 3, efit: 2","fit: 3, efit: 2",,,,0,0,0,0,2,,
2026-04-12 16:41:26,48,19,19,0,"fit: 3, efit: 4","fit: 3, efit: 4",,,,0,0,0,0,2,,
2026-04-12 16:48:50,48,19,19,0,"fit: 3, efit: 3","fit: 3, efit: 3",,,,0,0,0,0,2,,
2026-04-12 17:03:53,48,19,19,0,"fit: 4, efit: 3","fit: 4, efit: 3",,,,0,0,0,0,2,,
2026-04-12 17:28:57,48,19,19,0,"fit: 4, efit: 4","fit: 4, efit: 4",,,,0,0,0,0,2,,
2026-04-12 17:36:38,48,19,19,0,"fit: 3, efit: 3","fit: 3, efit: 3",,,,0,0,0,0,2,,
2026-04-12 17:38:59,48,19,19,0,"fit: 3, efit: 2","fit: 3, efit: 2",,,,0,0,0,0,2,,
2026-04-12 17:41:39,48,19,19,0,"fit: 3, efit: 1","fit: 3, efit: 1",,,,0,0,0,0,2,,
2026-04-12 17:44:00,48,19,19,0,fit: 3,fit: 3,,,,0,0,0,0,2,,
2026-04-12 18:01:43,48,19,19,0,"fit: 3, efit: 1","fit: 3, efit: 1",,,,0,0,0,0,2,,
2026-04-12 18:06:44,48,19,19,0,fit: 3,fit: 3,,,,0,0,0,0,2,,
2026-04-12 18:09:04,48,19,19,0,fit: 2,fit: 2,,,,0,0,0,0,2,,
2026-04-12 18:16:47,48,19,19,0,fit: 1,fit: 1,,,,0,0,0,0,2,,
2026-04-12 18:46:53,48,19,19,0,"fit: 1, efit: 1","fit: 1, efit: 1",,,,0,0,0,0,2,,
2026-04-12 18:49:11,48,19,19,0,"fit: 1, efit: 2","fit: 1, efit: 2",,,,0,0,0,0,2,,
2026-04-12 19:09:14,48,19,19,0,"fit: 1, efit: 1","fit: 1, efit: 1",,,,0,0,0,0,2,,
2026-04-12 19:14:15,48,19,19,0,fit: 1,fit: 1,,,,0,0,0,0,2,,
2026-04-12 19:22:01,48,19,19,0,efit: 1,,,,,0,0,0,0,2,,
2026-04-12 19:39:19,48,19,19,0,efit: 3,efit: 2,,,,0,0,0,0,2,,
2026-04-12 19:44:20,48,19,19,0,efit: 2,efit: 1,,,,0,0,0,0,2,,
2026-04-12 19:47:06,48,19,19,0,efit: 1,,,,,0,0,0,0,2,,
2026-04-12 19:59:22,48,19,19,0,"fit: 1, efit: 1",fit: 1,,,,0,0,0,0,2,,
2026-04-12 20:07:10,48,19,19,0,"fit: 1, efit: 2","fit: 1, efit: 1",,,,0,0,0,0,2,,
2026-04-12 20:14:25,48,19,19,0,"fit: 1, efit: 3","fit: 1, efit: 2",,,,0,0,0,0,2,,
2026-04-12 20:17:12,48,19,19,0,"fit: 1, efit: 2","fit: 1, efit: 1",,,,0,0,0,0,2,,
2026-04-12 20:19:25,48,19,19,0,"fit: 1, efit: 3","fit: 1, efit: 2",,,,0,0,0,0,2,,
2026-04-12 20:22:13,48,19,19,0,"fit: 1, efit: 1",fit: 1,,,,0,0,0,0,2,,
2026-04-12 20:27:14,48,19,19,0,"fit: 1, efit: 2","fit: 1, efit: 1",,,,0,0,0,0,2,,
2026-04-12 20:47:19,48,19,19,0,"fit: 1, efit: 3","fit: 1, efit: 2",,,,0,0,0,0,2,,
2026-04-12 21:09:34,48,19,19,0,"fit: 1, efit: 4","fit: 1, efit: 3",,,,0,0,0,0,2,,
2026-04-12 21:12:24,48,19,19,0,"fit: 1, efit: 6","fit: 1, efit: 5",,,,0,0,0,0,2,,
2026-04-12 21:32:28,48,19,19,0,"fit: 1, efit: 5","fit: 1, efit: 4",,,,0,0,0,0,2,,
2026-04-12 21:34:38,48,19,19,0,"fit: 1, efit: 6","fit: 1, efit: 5",,,,0,0,0,0,2,,
2026-04-12 21:39:39,48,19,19,0,efit: 6,efit: 5,,,,0,0,0,0,2,,
2026-04-12 22:02:34,48,19,19,0,efit: 7,efit: 6,,,,0,0,0,0,2,,
2026-04-12 22:32:40,48,19,19,0,"fit: 1, efit: 7","fit: 1, efit: 6",,,,0,0,0,0,2,,
2026-04-12 22:34:48,48,19,19,0,"fit: 1, efit: 8","fit: 1, efit: 7",,,,0,0,0,0,2,,
2026-04-12 23:04:53,48,19,19,0,"fit: 1, efit: 9","fit: 1, efit: 8",,,,0,0,0,0,2,,
2026-04-12 23:19:55,48,19,19,0,"fit: 1, efit: 7","fit: 1, efit: 6",,,,0,0,0,0,2,,
2026-04-12 23:37:54,48,19,19,0,"fit: 1, efit: 8","fit: 1, efit: 7",,,,0,0,0,0,2,,
2026-04-12 23:55:01,48,19,19,0,"fit: 1, efit: 8","fit: 1, efit: 6",,,,0,0,0,0,2,,
2026-04-13 00:00:02,48,19,19,0,"fit: 1, efit: 8","fit: 1, efit: 6",,,,0,0,0,0,2,,
2026-04-13 00:05:03,48,19,19,0,"fit: 1, efit: 7","fit: 1, efit: 5",,,,0,0,0,0,2,,
2026-04-13 00:10:04,48,19,19,0,"fit: 1, efit: 8","fit: 1, efit: 6",,,,0,0,0,0,2,,
2026-04-13 00:25:06,48,19,19,0,"fit: 1, efit: 9","fit: 1, efit: 7",,,,0,0,0,0,2,,
2026-04-13 00:40:31,48,19,19,0,"fit: 1, efit: 10","fit: 1, efit: 7",efit: 1,,,0,0,0,0,2,,
2026-04-13 01:15:14,48,19,19,0,"fit: 1, efit: 12","fit: 1, efit: 9",efit: 1,,,0,0,0,0,2,,
2026-04-13 03:25:36,48,19,19,0,"fit: 2, efit: 11","fit: 2, efit: 8",efit: 1,,,0,0,0,0,2,,
2026-04-13 05:15:53,48,19,19,0,"fit: 2, efit: 10","fit: 2, efit: 7",efit: 1,,,0,0,0,0,2,,
2026-04-13 05:20:54,48,19,19,0,"fit: 2, efit: 11","fit: 2, efit: 8",efit: 1,,,0,0,0,0,2,,
2026-04-13 05:59:11,48,19,19,0,"fit: 3, efit: 11","fit: 3, efit: 8",efit: 1,,,0,0,0,0,2,,
2026-04-13 06:01:02,48,19,19,0,"fit: 3, efit: 10","fit: 3, efit: 7",efit: 1,,,0,0,0,0,2,,
2026-04-13 06:06:36,48,19,19,0,"fit: 3, efit: 11","fit: 3, efit: 8",efit: 1,,,0,0,0,0,2,,
2026-04-13 07:39:31,48,19,19,0,"fit: 3, efit: 10","fit: 3, efit: 7",efit: 1,,,0,0,0,0,2,,
2026-04-13 07:46:56,48,19,19,0,"fit: 3, efit: 9","fit: 3, efit: 6",efit: 1,,,0,0,0,0,2,,
2026-04-13 07:59:35,48,19,19,0,"fit: 3, efit: 8","fit: 3, efit: 5",efit: 1,,,0,0,0,0,2,,
2026-04-13 08:07:00,48,19,19,0,"fit: 3, efit: 9","fit: 3, efit: 6",efit: 1,,,0,0,0,0,2,,
2026-04-13 08:39:44,48,19,19,0,"fit: 3, efit: 8","fit: 3, efit: 5",efit: 1,,,0,0,0,0,2,,
2026-04-13 08:41:27,48,19,19,0,"fit: 3, efit: 7","fit: 3, efit: 4",efit: 1,,,0,0,0,0,2,,
2026-04-13 08:47:08,48,19,19,0,"fit: 3, efit: 5","fit: 3, efit: 4",,,,0,0,0,0,2,,
2026-04-13 08:49:46,48,19,19,0,"fit: 3, efit: 4","fit: 3, efit: 4",,,,0,0,0,0,2,,
2026-04-13 08:51:29,48,19,19,0,"fit: 3, efit: 3","fit: 3, efit: 3",,,,0,0,0,0,2,,
2026-04-13 08:54:47,48,19,19,0,"fit: 3, efit: 4","fit: 3, efit: 4",,,,0,0,0,0,2,,
2026-04-13 09:14:51,48,19,19,0,"fit: 3, efit: 5","fit: 3, efit: 5",,,,0,0,0,0,2,,
2026-04-13 09:21:34,48,19,19,0,"fit: 3, efit: 4","fit: 3, efit: 4",,,,0,0,0,0,2,,
2026-04-13 09:41:37,48,19,19,0,"fit: 3, efit: 2","fit: 3, efit: 2",,,,0,0,0,0,2,,
2026-04-13 09:42:19,48,19,19,0,"fit: 3, efit: 1","fit: 3, efit: 1",,,,0,0,0,0,2,,
2026-04-13 09:49:59,48,19,19,0,fit: 2,fit: 2,,,,0,0,0,0,2,,
2026-04-13 09:51:39,48,19,19,0,fit: 1,fit: 1,,,,0,0,0,0,2,,
2026-04-13 09:55:00,48,19,19,0,,,,,,0,0,0,0,2,,
2026-04-13 09:56:40,48,19,19,0,efit: 1,efit: 1,,,,0,0,0,0,2,,
2026-04-13 10:00:02,48,19,19,0,,,,,,0,0,0,0,2,,
2026-04-13 10:16:43,48,19,19,0,efit: 1,efit: 1,,,,0,0,0,0,2,,
2026-04-13 10:21:44,48,19,19,0,,,,,,0,0,0,0,2,,
2026-04-13 11:00:15,48,19,19,0,efit: 1,efit: 1,,,,0,0,0,0,2,,
2026-04-13 11:36:57,48,19,19,0,,,,,,0,0,0,0,2,,
2026-04-13 12:20:34,48,19,19,0,efit: 2,efit: 2,,,,0,0,0,0,2,,
2026-04-13 12:30:36,48,19,19,0,efit: 1,efit: 1,,,,0,0,0,0,2,,
2026-04-13 12:42:08,48,19,19,0,,,,,,0,0,0,0,2,,
2026-04-13 12:50:40,48,19,19,0,efit: 1,efit: 1,,,,0,0,0,0,2,,
2026-04-13 13:00:42,48,19,19,0,,,,,,0,0,0,0,2,,
2026-04-13 13:15:46,48,19,19,0,efit: 1,efit: 1,,,,0,0,0,0,2,,
2026-04-13 13:25:48,48,19,19,0,,,,,,0,0,0,0,2,,
2026-04-13 13:30:49,48,19,19,0,efit: 1,efit: 1,,,,0,0,0,0,2,,
2026-04-13 13:40:51,48,19,19,0,,,,,,0,0,0,0,2,,
2026-04-13 14:02:22,48,19,19,0,efit: 1,efit: 1,,,,0,0,0,0,2,,
2026-04-13 14:05:57,48,19,19,0,,,,,,0,0,0,0,2,,
2026-04-13 14:47:30,48,19,19,0,efit: 1,efit: 1,,,,0,0,0,0,2,,
2026-04-13 15:11:11,48,19,19,0,efit: 2,efit: 2,,,,0,0,0,0,2,,
2026-04-13 15:42:39,48,19,19,0,efit: 3,efit: 3,,,,0,0,0,0,2,,
2026-04-13 15:43:34,48,19,19,0,efit: 2,efit: 2,,,,0,0,0,0,2,,
2026-04-13 15:47:40,48,19,19,0,efit: 1,efit: 1,,,,0,0,0,0,2,,
2026-04-13 15:51:20,48,19,19,0,efit: 2,efit: 2,,,,0,0,0,0,2,,
2026-04-13 15:52:41,48,19,19,0,efit: 3,efit: 3,,,,0,0,0,0,2,,
2026-04-13 15:57:41,48,19,19,0,efit: 5,efit: 5,,,,0,0,0,0,2,,
2026-04-13 16:01:22,48,19,19,0,efit: 4,efit: 4,,,,0,0,0,0,2,,
2026-04-13 16:06:23,48,19,19,0,efit: 3,efit: 3,,,,0,0,0,0,2,,
2026-04-13 16:07:43,48,19,19,0,efit: 4,efit: 4,,,,0,0,0,0,2,,
2026-04-13 16:17:45,48,19,19,0,efit: 3,efit: 3,,,,0,0,0,0,2,,
2026-04-13 16:22:46,48,19,19,0,efit: 2,efit: 2,,,,0,0,0,0,2,,
2026-04-13 16:26:27,48,19,19,0,efit: 3,efit: 3,,,,0,0,0,0,2,,
2026-04-13 16:33:44,48,19,19,0,efit: 4,efit: 4,,,,0,0,0,0,2,,
2026-04-13 16:36:30,48,19,19,0,efit: 3,efit: 3,,,,0,0,0,0,2,,
2026-04-13 16:41:31,48,19,19,0,efit: 4,efit: 4,,,,0,0,0,0,2,,
2026-04-13 16:42:49,48,19,19,0,efit: 5,efit: 5,,,,0,0,0,0,2,,
2026-04-13 16:48:47,48,19,19,0,efit: 6,efit: 6,,,,0,0,0,0,2,,
2026-04-13 16:53:48,48,19,19,0,efit: 5,efit: 5,,,,0,0,0,0,2,,
2026-04-13 17:03:51,48,19,19,0,efit: 6,efit: 6,,,,0,0,0,0,2,,
2026-04-13 17:07:53,48,19,19,0,efit: 4,efit: 4,,,,0,0,0,0,2,,
2026-04-13 17:26:40,48,19,19,0,efit: 2,efit: 2,,,,0,0,0,0,2,,
2026-04-13 17:32:57,48,19,19,0,efit: 1,efit: 1,,,,0,0,0,0,2,,
2026-04-13 17:42:59,48,19,19,0,,,,,,0,0,0,0,2,,
2026-04-13 17:43:59,48,19,19,0,efit: 1,efit: 1,,,,0,0,0,0,2,,
2026-04-13 17:54:01,48,19,19,0,efit: 2,efit: 2,,,,0,0,0,0,2,,
2026-04-13 17:56:47,48,19,19,0,efit: 1,efit: 1,,,,0,0,0,0,2,,
2026-04-13 18:01:48,48,19,19,0,efit: 3,efit: 3,,,,0,0,0,0,2,,
2026-04-13 18:09:04,48,19,19,0,efit: 2,efit: 2,,,,0,0,0,0,2,,
2026-04-13 18:11:50,48,19,19,0,"fit: 1, efit: 2","fit: 1, efit: 2",,,,0,0,0,0,2,,
2026-04-13 18:18:05,48,19,19,0,"fit: 1, efit: 1","fit: 1, efit: 1",,,,0,0,0,0,2,,
2026-04-13 18:26:54,48,19,19,0,fit: 1,fit: 1,,,,0,0,0,0,2,,
2026-04-13 18:31:55,48,19,19,0,"fit: 1, efit: 1","fit: 1, efit: 1",,,,0,0,0,0,2,,
2026-04-13 18:33:08,48,19,19,0,fit: 1,fit: 1,,,,0,0,0,0,2,,
2026-04-13 18:41:57,48,19,19,0,,,,,,0,0,0,0,2,,
2026-04-13 18:57:01,48,19,19,0,efit: 1,efit: 1,,,,0,0,0,0,2,,
2026-04-13 19:07:03,48,19,19,0,,,,,,0,0,0,0,2,,
2026-04-13 19:43:20,48,19,19,0,efit: 1,efit: 1,,,,0,0,0,0,2,,
2026-04-13 20:12:17,48,19,19,0,,,,,,0,0,0,0,2,,
2026-04-13 21:03:33,48,19,19,0,efit: 1,efit: 1,,,,0,0,0,0,2,,
2026-04-13 21:18:35,48,19,19,0,efit: 2,efit: 2,,,,0,0,0,0,2,,
2026-04-13 21:22:32,48,19,19,0,"fit: 1, efit: 1","fit: 1, efit: 1",,,,0,0,0,0,2,,
2026-04-13 21:37:35,48,19,19,0,"fit: 1, efit: 2","fit: 1, efit: 2",,,,0,0,0,0,2,,
2026-04-13 21:52:38,48,19,19,0,"fit: 1, efit: 3","fit: 1, efit: 3",,,,0,0,0,0,2,,
2026-04-13 21:54:50,48,19,19,0,"fit: 1, efit: 4","fit: 1, efit: 4",,,,0,0,0,0,2,,
2026-04-13 22:22:45,48,19,19,0,"fit: 1, efit: 3","fit: 1, efit: 3",,,,0,0,0,0,2,,
2026-04-13 22:37:48,48,19,19,0,fit: 1,fit: 1,,,,0,0,0,0,2,,
2026-04-13 22:52:51,48,19,19,0,,,,,,0,0,0,0,2,,
2026-04-14 00:00:15,48,19,19,0,,,,,,0,0,0,0,2,,
2026-04-14 00:23:10,48,19,19,0,efit: 1,efit: 1,,,,0,0,0,0,2,,
2026-04-14 00:33:12,48,19,19,0,efit: 2,efit: 1,,,,0,0,0,0,2,,
2026-04-14 00:35:22,48,19,19,0,efit: 1,,,,,0,0,0,0,2,,
2026-04-14 01:15:30,48,19,19,0,efit: 2,efit: 1,,,,0,0,0,0,2,,
2026-04-14 05:44:13,48,19,19,0,efit: 1,,,,,0,0,0,0,2,,
2026-04-14 08:10:19,48,19,19,0,efit: 2,efit: 1,,,,0,0,0,0,2,,
2026-04-14 08:14:44,48,19,19,0,efit: 1,,,,,0,0,0,0,2,,
2026-04-14 08:49:51,48,19,19,0,efit: 2,efit: 1,,,,0,0,0,0,2,,
2026-04-14 08:50:25,48,19,19,0,efit: 3,efit: 2,,,,0,0,0,0,2,,
2026-04-14 08:54:52,48,19,19,0,efit: 2,efit: 1,,,,0,0,0,0,2,,
2026-04-14 09:02:01,48,19,19,0,efit: 1,,,,,0,0,0,0,2,,
2026-04-14 09:40:02,48,19,19,0,efit: 3,efit: 2,,,,0,0,0,0,2,,
2026-04-14 09:42:09,48,19,19,0,"fit: 1, efit: 2","fit: 1, efit: 1",,,,0,0,0,0,2,,
2026-04-14 09:45:02,48,19,19,0,"fit: 1, efit: 3","fit: 1, efit: 2",,,,0,0,0,0,2,,
2026-04-14 10:05:37,48,19,19,0,"fit: 1, efit: 2","fit: 1, efit: 1",,,,0,0,0,0,2,,
2026-04-14 10:07:14,48,19,19,0,"fit: 1, efit: 1",fit: 1,,,,0,0,0,0,2,,
2026-04-14 10:20:10,48,19,19,0,efit: 1,,,,,0,0,0,0,2,,
2026-04-14 10:42:21,48,19,19,0,efit: 2,efit: 1,,,,0,0,0,0,2,,
2026-04-14 10:45:15,48,19,19,0,efit: 1,,,,,0,0,0,0,2,,
2026-04-14 10:50:16,48,19,19,0,efit: 2,efit: 1,,,,0,0,0,0,2,,
2026-04-14 10:55:17,48,19,19,0,efit: 1,,,,,0,0,0,0,2,,
2026-04-14 11:07:26,48,19,19,0,efit: 2,efit: 1,,,,0,0,0,0,2,,
2026-04-14 11:50:54,48,19,19,0,efit: 1,,,,,0,0,0,0,2,,
2026-04-14 11:55:30,48,19,19,0,efit: 2,efit: 1,,,,0,0,0,0,2,,
2026-04-14 12:05:32,48,19,19,0,efit: 3,efit: 2,,,,0,0,0,0,2,,
2026-04-14 12:15:35,48,19,19,0,efit: 2,efit: 1,,,,0,0,0,0,2,,
2026-04-14 12:30:38,48,19,19,0,efit: 3,efit: 2,,,,0,0,0,0,2,,
2026-04-14 12:37:44,48,19,19,0,efit: 4,efit: 3,,,,0,0,0,0,2,,
2026-04-14 12:40:40,48,19,19,0,efit: 3,efit: 2,,,,0,0,0,0,2,,
2026-04-14 12:45:41,48,19,19,0,"fit: 1, efit: 2","fit: 1, efit: 1",,,,0,0,0,0,2,,
2026-04-14 12:47:46,48,19,19,0,"fit: 1, efit: 1",fit: 1,,,,0,0,0,0,2,,
2026-04-14 12:50:42,48,19,19,0,"fit: 1, efit: 2","fit: 1, efit: 1",,,,0,0,0,0,2,,
2026-04-14 13:00:44,48,19,19,0,"fit: 1, efit: 1",fit: 1,,,,0,0,0,0,2,,
2026-04-14 13:15:48,48,19,19,0,efit: 2,efit: 1,,,,0,0,0,0,2,,
2026-04-14 13:40:53,48,19,19,0,efit: 3,efit: 2,,,,0,0,0,0,2,,
2026-04-14 13:50:55,48,19,19,0,efit: 1,,,,,0,0,0,0,2,,
2026-04-14 14:21:02,48,19,19,0,"fit: 1, efit: 1",fit: 1,,,,0,0,0,0,2,,
2026-04-14 14:31:04,48,19,19,0,"fit: 1, efit: 2","fit: 1, efit: 1",,,,0,0,0,0,2,,
2026-04-14 14:36:05,48,19,19,0,"fit: 2, efit: 2","fit: 2, efit: 1",,,,0,0,0,0,2,,
2026-04-14 14:38:09,48,19,19,0,"fit: 2, efit: 3","fit: 2, efit: 2",,,,0,0,0,0,2,,
2026-04-14 14:43:10,48,19,19,0,"fit: 2, efit: 2","fit: 2, efit: 1",,,,0,0,0,0,2,,
2026-04-14 14:46:07,48,19,19,0,"fit: 2, efit: 3","fit: 2, efit: 2",,,,0,0,0,0,2,,
2026-04-14 14:51:08,48,19,19,0,"fit: 2, efit: 2","fit: 2, efit: 1",,,,0,0,0,0,2,,
2026-04-14 14:53:12,48,19,19,0,"fit: 2, efit: 1",fit: 2,,,,0,0,0,0,2,,
2026-04-14 15:16:13,48,19,19,0,efit: 1,,,,,0,0,0,0,2,,
2026-04-14 15:36:18,48,19,19,0,efit: 2,efit: 1,,,,0,0,0,0,2,,
2026-04-14 15:51:37,48,19,19,0,efit: 1,,,,,0,0,0,0,2,,
2026-04-14 16:01:23,48,19,19,0,efit: 2,efit: 1,,,,0,0,0,0,2,,
2026-04-14 16:03:27,48,19,19,0,efit: 3,efit: 2,,,,0,0,0,0,2,,
2026-04-14 16:13:29,48,19,19,0,"fit: 1, efit: 2","fit: 1, efit: 1",,,,0,0,0,0,2,,
2026-04-14 16:21:27,48,19,19,0,efit: 2,efit: 1,,,,0,0,0,0,2,,
2026-04-14 16:31:30,48,19,19,0,efit: 1,,,,,0,0,0,0,2,,
2026-04-14 16:33:34,48,19,19,0,efit: 2,efit: 1,,,,0,0,0,0,2,,
2026-04-14 16:38:35,48,19,19,0,efit: 3,efit: 2,,,,0,0,0,0,2,,
2026-04-14 16:46:33,48,19,19,0,efit: 4,efit: 3,,,,0,0,0,0,2,,
2026-04-14 16:51:34,48,19,19,0,efit: 3,efit: 2,,,,0,0,0,0,2,,
2026-04-14 17:43:48,48,19,19,0,efit: 2,efit: 1,,,,0,0,0,0,2,,
2026-04-14 18:41:58,48,19,19,0,efit: 1,,,,,0,0,0,0,2,,
2026-04-14 19:14:07,48,19,19,0,"fit: 1, efit: 1",fit: 1,,,,0,0,0,0,2,,
2026-04-14 19:22:07,48,19,19,0,efit: 1,,,,,0,0,0,0,2,,
2026-04-14 19:42:11,48,19,19,0,efit: 2,efit: 1,,,,0,0,0,0,2,,
2026-04-14 19:44:13,48,19,19,0,"fit: 1, efit: 2","fit: 1, efit: 1",,,,0,0,0,0,2,,
2026-04-14 19:49:14,48,19,19,0,"fit: 1, efit: 1",fit: 1,,,,0,0,0,0,2,,
2026-04-14 20:07:20,48,19,19,0,efit: 1,,,,,0,0,0,0,2,,
2026-04-14 20:12:18,48,19,19,0,efit: 3,efit: 2,,,,0,0,0,0,2,,
2026-04-14 20:22:20,48,19,19,0,efit: 1,,,,,0,0,0,0,2,,
2026-04-14 20:49:26,48,19,19,0,"fit: 1, efit: 2","fit: 1, efit: 1",,,,0,0,0,0,2,,
2026-04-14 20:52:26,48,19,19,0,"fit: 1, efit: 1",fit: 1,,,,0,0,0,0,2,,
2026-04-14 20:54:27,48,19,19,0,efit: 1,,,,,0,0,0,0,2,,
2026-04-14 21:22:31,48,19,19,0,efit: 2,efit: 1,,,,0,0,0,0,2,,
2026-04-14 21:24:33,48,19,19,0,efit: 3,efit: 2,,,,0,0,0,0,2,,
2026-04-14 21:39:36,48,19,19,0,efit: 4,efit: 3,,,,0,0,0,0,2,,
2026-04-14 21:54:39,48,19,19,0,efit: 2,efit: 1,,,,0,0,0,0,2,,
2026-04-14 22:04:41,48,19,19,0,efit: 1,,,,,0,0,0,0,2,,
2026-04-14 22:47:42,48,19,19,0,efit: 2,efit: 1,,,,0,0,0,0,2,,
2026-04-15 00:00:03,48,19,19,0,efit: 2,efit: 1,,,,0,0,0,0,2,,
2026-04-15 00:12:55,48,19,19,0,efit: 1,,,,,0,0,0,0,2,,
2026-04-15 00:27:58,48,19,19,0,efit: 2,efit: 1,,,,0,0,0,0,2,,
2026-04-15 00:55:15,48,19,19,0,efit: 1,,,,,0,0,0,0,2,,
2026-04-15 01:23:07,48,19,19,0,efit: 2,efit: 1,,,,0,0,0,0,2,,
2026-04-15 06:08:51,48,19,19,0,efit: 1,,,,,0,0,0,0,2,,
2026-04-15 09:16:54,48,19,19,0,efit: 2,efit: 1,,,,0,0,0,0,2,,
2026-04-15 09:19:23,48,19,19,0,"fit: 1, efit: 4","fit: 1, efit: 3",,,,0,0,0,0,2,,
2026-04-15 09:19:53,48,19,19,0,"fit: 1, efit: 5","fit: 1, efit: 4",,,,0,0,0,0,2,,
2026-04-15 09:26:56,48,19,19,0,"fit: 1, efit: 4","fit: 1, efit: 3",,,,0,0,0,0,2,,
2026-04-15 09:29:24,48,19,19,0,"fit: 1, efit: 2","fit: 1, efit: 1",,,,0,0,0,0,2,,
2026-04-15 09:36:58,48,19,19,0,"fit: 1, efit: 1",fit: 1,,,,0,0,0,0,2,,
2026-04-15 09:49:28,48,19,19,0,efit: 1,,,,,0,0,0,0,2,,
2026-04-15 10:24:34,48,19,19,0,efit: 2,efit: 1,,,,0,0,0,0,2,,
2026-04-15 10:39:36,48,19,19,0,efit: 1,,,,,0,0,0,0,2,,
2026-04-15 10:42:12,48,19,19,0,efit: 2,efit: 1,,,,0,0,0,0,2,,
2026-04-15 10:49:38,48,19,19,0,efit: 1,,,,,0,0,0,0,2,,
2026-04-15 11:19:42,48,19,19,0,"fit: 1, efit: 1",fit: 1,,,,0,0,0,0,2,,
2026-04-15 11:39:46,48,19,19,0,"fit: 2, efit: 1",fit: 2,,,,0,0,0,0,2,,
2026-04-15 11:52:26,48,19,19,0,"fit: 1, efit: 1",fit: 1,,,,0,0,0,0,2,,
2026-04-15 12:02:28,48,19,19,0,"fit: 1, efit: 2","fit: 1, efit: 1",,,,0,0,0,0,2,,
2026-04-15 12:25:32,48,19,19,0,"fit: 1, efit: 1",fit: 1,,,,0,0,0,0,2,,
2026-04-15 12:29:54,48,19,19,0,efit: 1,,,,,0,0,0,0,2,,
2026-04-15 12:52:38,48,19,19,0,efit: 2,efit: 1,,,,0,0,0,0,2,,
2026-04-15 12:54:58,48,19,19,0,efit: 1,,,,,0,0,0,0,2,,
2026-04-15 13:02:40,48,19,19,0,efit: 2,efit: 1,,,,0,0,0,0,2,,
2026-04-15 13:07:41,48,19,19,0,efit: 3,efit: 2,,,,0,0,0,0,2,,
2026-04-15 13:25:45,48,19,19,0,efit: 4,efit: 3,,,,0,0,0,0,2,,
2026-04-15 13:27:45,48,19,19,0,efit: 3,efit: 2,,,,0,0,0,0,2,,
2026-04-15 13:42:48,48,19,19,0,efit: 2,efit: 1,,,,0,0,0,0,2,,
2026-04-15 13:52:50,48,19,19,0,efit: 3,efit: 2,,,,0,0,0,0,2,,
2026-04-15 13:55:08,48,19,19,0,efit: 1,,,,,0,0,0,0,2,,
2026-04-15 14:00:09,48,19,19,0,efit: 2,efit: 1,,,,0,0,0,0,2,,
2026-04-15 14:02:52,48,19,19,0,efit: 3,efit: 2,,,,0,0,0,0,2,,
2026-04-15 14:05:10,48,19,19,0,efit: 3,efit: 2,efit: 1,,,0,0,0,0,2,,
2026-04-15 14:12:54,48,19,19,0,efit: 2,efit: 1,efit: 1,,,0,0,0,0,2,,
2026-04-15 14:15:12,48,19,19,0,"fit: 1, efit: 3","fit: 1, efit: 2",efit: 1,,,0,0,0,0,2,,
2026-04-15 14:15:55,48,19,19,0,"fit: 1, efit: 1",fit: 1,efit: 1,,,0,0,0,0,2,,
2026-04-15 14:17:55,48,19,19,0,"fit: 1, efit: 1","fit: 1, efit: 1",,,,0,0,0,0,2,,
2026-04-15 14:20:13,48,19,19,0,"fit: 1, efit: 2","fit: 1, efit: 2",,,,0,0,0,0,2,,
2026-04-15 14:30:14,48,19,19,0,"fit: 1, efit: 3","fit: 1, efit: 3",,,,0,0,0,0,2,,
2026-04-15 14:35:15,48,19,19,0,"fit: 1, efit: 4","fit: 1, efit: 4",,,,0,0,0,0,2,,
2026-04-15 14:37:59,48,19,19,0,"fit: 1, efit: 3","fit: 1, efit: 3",,,,0,0,0,0,2,,
2026-04-15 14:45:17,48,19,19,0,"fit: 1, efit: 4","fit: 1, efit: 4",,,,0,0,0,0,2,,
2026-04-15 14:53:03,48,19,19,0,"fit: 1, efit: 3","fit: 1, efit: 3",,,,0,0,0,0,2,,
2026-04-15 14:55:18,48,19,19,0,"fit: 1, efit: 4","fit: 1, efit: 4",,,,0,0,0,0,2,,
2026-04-15 15:00:19,48,19,19,0,"fit: 1, efit: 5","fit: 1, efit: 5",,,,0,0,0,0,2,,
2026-04-15 15:20:22,48,19,19,0,"fit: 1, efit: 4","fit: 1, efit: 4",,,,0,0,0,0,2,,
2026-04-15 15:28:10,48,19,19,0,"fit: 1, efit: 5","fit: 1, efit: 5",,,,0,0,0,0,2,,
2026-04-15 15:30:24,48,19,19,0,"fit: 1, efit: 4","fit: 1, efit: 4",,,,0,0,0,0,2,,
2026-04-15 15:38:12,48,19,19,0,"fit: 1, efit: 5","fit: 1, efit: 5",,,,0,0,0,0,2,,
2026-04-15 15:40:26,48,19,19,0,"fit: 1, efit: 6","fit: 1, efit: 6",,,,0,0,0,0,2,,
2026-04-15 15:41:14,48,19,19,0,"fit: 1, efit: 8","fit: 1, efit: 8",,,,0,0,0,0,2,,
2026-04-15 15:51:16,48,19,19,0,"fit: 2, efit: 9","fit: 2, efit: 9",,,,0,0,0,0,2,,
2026-04-15 15:55:28,48,19,19,0,"fit: 2, efit: 10","fit: 2, efit: 10",,,,0,0,0,0,2,,
2026-04-15 15:58:16,48,19,19,0,"fit: 2, efit: 11","fit: 2, efit: 11",,,,0,0,0,0,2,,
2026-04-15 16:00:29,48,19,19,0,"fit: 3, efit: 11","fit: 3, efit: 11",,,,0,0,0,0,2,,
2026-04-15 16:03:17,48,19,19,0,"fit: 4, efit: 11","fit: 4, efit: 11",,,,0,0,0,0,2,,
2026-04-15 16:16:21,48,19,19,0,"fit: 4, efit: 10","fit: 4, efit: 10",,,,0,0,0,0,2,,
2026-04-15 16:25:34,48,19,19,0,"fit: 4, efit: 12","fit: 4, efit: 12",,,,0,0,0,0,2,,
2026-04-15 16:31:24,48,19,19,0,"fit: 4, efit: 11","fit: 4, efit: 11",,,,0,0,0,0,2,,
2026-04-15 16:43:25,48,19,19,0,"fit: 5, efit: 10","fit: 5, efit: 10",,,,0,0,0,0,2,,
2026-04-15 16:48:26,48,19,19,0,"fit: 5, efit: 9","fit: 5, efit: 9",,,,0,0,0,0,2,,
2026-04-15 17:00:39,48,19,19,0,"fit: 5, efit: 8","fit: 5, efit: 8",,,,0,0,0,0,2,,
2026-04-15 17:03:30,48,19,19,0,"fit: 5, efit: 9","fit: 5, efit: 9",,,,0,0,0,0,2,,
2026-04-15 17:15:42,48,19,19,0,"fit: 5, efit: 7","fit: 5, efit: 7",,,,0,0,0,0,2,,
2026-04-15 17:18:33,48,19,19,0,"fit: 5, efit: 6","fit: 5, efit: 6",,,,0,0,0,0,2,,
2026-04-15 17:25:43,48,19,19,0,"fit: 5, efit: 5","fit: 5, efit: 5",,,,0,0,0,0,2,,
2026-04-15 17:28:35,48,19,19,0,"fit: 5, efit: 6","fit: 5, efit: 6",,,,0,0,0,0,2,,
2026-04-15 17:30:44,48,19,19,0,"fit: 5, efit: 5","fit: 5, efit: 5",,,,0,0,0,0,2,,
2026-04-15 17:40:46,48,19,19,0,"fit: 5, efit: 6","fit: 5, efit: 6",,,,0,0,0,0,2,,
2026-04-15 17:43:38,48,19,19,0,"fit: 5, efit: 5","fit: 5, efit: 5",,,,0,0,0,0,2,,
2026-04-15 17:45:47,48,19,19,0,"fit: 5, efit: 4","fit: 5, efit: 4",,,,0,0,0,0,2,,
2026-04-15 17:46:40,48,19,19,0,"fit: 5, efit: 3","fit: 5, efit: 3",,,,0,0,0,0,2,,
2026-04-15 17:53:40,48,19,19,0,"fit: 4, efit: 2","fit: 4, efit: 2",,,,0,0,0,0,2,,
2026-04-15 17:56:42,48,19,19,0,"fit: 4, efit: 1","fit: 4, efit: 1",,,,0,0,0,0,2,,
2026-04-15 17:58:41,48,19,19,0,fit: 3,fit: 3,,,,0,0,0,0,2,,
2026-04-15 18:00:49,48,19,19,0,fit: 4,fit: 4,,,,0,0,0,0,2,,
2026-04-15 18:05:50,48,19,19,0,fit: 5,fit: 5,,,,0,0,0,0,2,,
2026-04-15 18:18:45,48,19,19,0,fit: 4,fit: 4,,,,0,0,0,0,2,,
2026-04-15 18:23:46,48,19,19,0,fit: 3,fit: 3,,,,0,0,0,0,2,,
2026-04-15 18:26:48,48,19,19,0,"fit: 3, efit: 1","fit: 3, efit: 1",,,,0,0,0,0,2,,
2026-04-15 18:46:52,48,19,19,0,"fit: 3, efit: 2","fit: 3, efit: 2",,,,0,0,0,0,2,,
2026-04-15 18:53:52,48,19,19,0,"fit: 4, efit: 1","fit: 4, efit: 1",,,,0,0,0,0,2,,
2026-04-15 19:03:54,48,19,19,0,"fit: 5, efit: 1","fit: 5, efit: 1",,,,0,0,0,0,2,,
2026-04-15 19:06:01,48,19,19,0,"fit: 6, efit: 2","fit: 6, efit: 2",,,,0,0,0,0,2,,
2026-04-15 19:11:01,48,19,19,0,"fit: 6, efit: 1","fit: 6, efit: 1",,,,0,0,0,0,2,,
2026-04-15 19:21:03,48,19,19,0,fit: 6,fit: 6,,,,0,0,0,0,2,,
2026-04-15 19:23:58,48,19,19,0,fit: 5,fit: 5,,,,0,0,0,0,2,,
2026-04-15 19:32:01,48,19,19,0,"fit: 5, efit: 1",fit: 5,,,,0,0,0,0,2,,
2026-04-15 19:37:02,48,19,19,0,"fit: 4, efit: 1",fit: 4,,,,0,0,0,0,2,,
2026-04-15 19:44:02,48,19,19,0,"fit: 4, efit: 2","fit: 4, efit: 1",,,,0,0,0,0,2,,
2026-04-15 19:59:05,48,19,19,0,"fit: 4, efit: 3","fit: 4, efit: 2",,,,0,0,0,0,2,,
2026-04-15 20:01:09,48,19,19,0,"fit: 5, efit: 4","fit: 5, efit: 3",,,,0,0,0,0,2,,
2026-04-15 20:27:12,48,19,19,0,"fit: 5, efit: 5","fit: 5, efit: 4",,,,0,0,0,0,2,,
2026-04-15 20:36:15,48,19,19,0,"fit: 6, efit: 5","fit: 6, efit: 4",,,,0,0,0,0,2,,
2026-04-15 20:41:16,48,19,19,0,"fit: 6, efit: 4","fit: 6, efit: 3",,,,0,0,0,0,2,,
2026-04-15 20:47:17,48,19,19,0,"fit: 6, efit: 5","fit: 6, efit: 4",,,,0,0,0,0,2,,
2026-04-15 20:51:17,48,19,19,0,"fit: 6, efit: 4","fit: 6, efit: 3",,,,0,0,0,0,2,,
2026-04-15 20:54:16,48,19,19,0,"fit: 6, efit: 3","fit: 6, efit: 2",,,,0,0,0,0,2,,
2026-04-15 21:16:21,48,19,19,0,"fit: 6, efit: 4","fit: 6, efit: 3",,,,0,0,0,0,2,,
2026-04-15 21:24:21,48,19,19,0,"fit: 6, efit: 5","fit: 6, efit: 4",,,,0,0,0,0,2,,
2026-04-15 21:31:24,48,19,19,0,"fit: 6, efit: 4","fit: 6, efit: 3",,,,0,0,0,0,2,,
2026-04-15 21:44:25,48,19,19,0,"fit: 6, efit: 2","fit: 6, efit: 1",,,,0,0,0,0,2,,
2026-04-15 21:46:26,48,19,19,0,"fit: 6, efit: 3","fit: 6, efit: 2",,,,0,0,0,0,2,,
2026-04-15 21:49:26,48,19,19,0,"fit: 6, efit: 4","fit: 6, efit: 3",,,,0,0,0,0,2,,
2026-04-15 22:02:32,48,19,19,0,"fit: 6, efit: 2","fit: 6, efit: 1",,,,0,0,0,0,2,,
2026-04-15 22:04:29,48,19,19,0,"fit: 6, efit: 1",fit: 6,,,,0,0,0,0,2,,
2026-04-15 22:14:31,48,19,19,0,"fit: 6, efit: 2","fit: 6, efit: 1",,,,0,0,0,0,2,,
2026-04-15 22:41:35,48,19,19,0,"fit: 6, efit: 3","fit: 6, efit: 2",,,,0,0,0,0,2,,
2026-04-15 22:44:37,48,19,19,0,"fit: 6, efit: 2","fit: 6, efit: 1",,,,0,0,0,0,2,,
2026-04-15 22:47:41,48,19,19,0,"fit: 6, efit: 1",fit: 6,,,,0,0,0,0,2,,
2026-04-15 23:01:38,48,19,19,0,"fit: 6, efit: 2","fit: 6, efit: 1",,,,0,0,0,0,2,,
2026-04-15 23:32:50,48,19,19,0,"fit: 6, efit: 3","fit: 6, efit: 2",,,,0,0,0,0,2,,
2026-04-16 00:01:48,48,19,19,0,"fit: 6, efit: 3","fit: 6, efit: 2",,,,0,0,0,0,2,,
2026-04-16 00:56:56,48,19,19,0,"fit: 6, efit: 2","fit: 6, efit: 1",,,,0,0,0,0,2,,
2026-04-16 01:30:09,48,19,19,0,"fit: 6, efit: 4","fit: 6, efit: 3",,,,0,0,0,0,2,,
2026-04-16 02:50:24,48,19,19,0,"fit: 6, efit: 3","fit: 6, efit: 2",,,,0,0,0,0,2,,
2026-04-16 02:53:30,48,19,19,0,"fit: 6, efit: 3","fit: 6, efit: 2",efit: 1,,,0,0,0,0,2,,
2026-04-16 04:22:29,48,19,19,0,"fit: 6, efit: 2","fit: 6, efit: 1",efit: 1,,,0,0,0,0,2,,
2026-04-16 05:22:38,48,19,19,0,"fit: 6, efit: 3","fit: 6, efit: 2",efit: 1,,,0,0,0,0,2,,
2026-04-16 05:35:56,48,19,19,0,"fit: 6, efit: 3","fit: 6, efit: 2",,,,0,0,0,0,2,,
2026-04-16 05:57:44,48,19,19,0,"fit: 6, efit: 3","fit: 6, efit: 2",efit: 1,,,0,0,0,0,2,,
2026-04-16 06:09:09,48,19,19,0,"fit: 6, efit: 4","fit: 6, efit: 3",efit: 1,,,0,0,0,0,2,,
2026-04-16 06:59:19,48,19,19,0,"fit: 6, efit: 3","fit: 6, efit: 2",efit: 1,,,0,0,0,0,2,,
2026-04-16 07:19:23,48,19,19,0,"fit: 6, efit: 2","fit: 6, efit: 1",efit: 1,,,0,0,0,0,2,,
2026-04-16 07:46:22,48,19,19,0,"fit: 6, efit: 3","fit: 6, efit: 2",efit: 1,,,0,0,0,0,2,,
2026-04-16 07:54:31,48,19,19,0,"fit: 6, efit: 4","fit: 6, efit: 3",efit: 1,,,0,0,0,0,2,,
2026-04-16 08:09:34,48,19,19,0,"fit: 6, efit: 3","fit: 6, efit: 2",efit: 1,,,0,0,0,0,2,,
2026-04-16 08:38:09,48,19,19,0,"fit: 6, efit: 2","fit: 6, efit: 1",efit: 1,,,0,0,0,0,2,,
2026-04-16 08:43:10,48,19,19,0,"fit: 6, efit: 1",fit: 6,efit: 1,,,0,0,0,0,2,,
2026-04-16 08:44:41,48,19,19,0,"fit: 5, efit: 1",fit: 5,efit: 1,,,0,0,0,0,2,,
2026-04-16 08:56:35,48,19,19,0,"fit: 4, efit: 1",fit: 4,efit: 1,,,0,0,0,0,2,,
2026-04-16 09:04:45,48,19,19,0,"fit: 3, efit: 1",fit: 3,efit: 1,,,0,0,0,0,2,,
2026-04-16 09:13:15,48,19,19,0,"fit: 2, efit: 1",fit: 2,efit: 1,,,0,0,0,0,2,,
2026-04-16 09:39:52,48,19,19,0,"fit: 2, efit: 2","fit: 2, efit: 1",efit: 1,,,0,0,0,0,2,,
2026-04-16 09:44:53,48,19,19,0,fit: 2,fit: 2,,,,0,0,0,0,2,,
2026-04-16 09:46:46,48,19,19,0,"fit: 2, efit: 1","fit: 2, efit: 1",,,,0,0,0,0,2,,
2026-04-16 09:51:47,48,19,19,0,fit: 2,fit: 2,,,,0,0,0,0,2,,
2026-04-16 09:53:21,48,19,19,0,fit: 1,fit: 1,,,,0,0,0,0,2,,
2026-04-16 09:56:48,48,19,19,0,,,,,,0,0,0,0,2,,
2026-04-16 10:03:22,48,19,19,0,efit: 1,efit: 1,,,,0,0,0,0,2,,
2026-04-16 10:09:58,48,19,19,0,efit: 2,efit: 2,,,,0,0,0,0,2,,
2026-04-16 10:16:52,48,19,19,0,efit: 1,efit: 1,,,,0,0,0,0,2,,
2026-04-16 10:20:01,48,19,19,0,,,,,,0,0,0,0,2,,
2026-04-16 10:28:27,48,19,19,0,efit: 1,efit: 1,,,,0,0,0,0,2,,
2026-04-16 10:30:03,48,19,19,0,efit: 2,efit: 2,,,,0,0,0,0,2,,
2026-04-16 10:31:55,48,19,19,0,efit: 3,efit: 3,,,,0,0,0,0,2,,
2026-04-16 10:38:28,48,19,19,0,efit: 1,efit: 1,,,,0,0,0,0,2,,
2026-04-16 10:46:58,48,19,19,0,,,,,,0,0,0,0,2,,
2026-04-16 11:08:33,48,19,19,0,efit: 1,efit: 1,,,,0,0,0,0,2,,
2026-04-16 11:23:36,48,19,19,0,efit: 2,efit: 2,,,,0,0,0,0,2,,
2026-04-16 11:27:06,48,19,19,0,efit: 1,efit: 1,,,,0,0,0,0,2,,
2026-04-16 11:28:36,48,19,19,0,"fit: 1, efit: 1","fit: 1, efit: 1",,,,0,0,0,0,2,,
2026-04-16 11:42:09,48,19,19,0,fit: 1,fit: 1,,,,0,0,0,0,2,,
2026-04-16 11:45:18,48,19,19,0,,,,,,0,0,0,0,2,,
2026-04-16 12:35:29,48,19,19,0,fit: 1,fit: 1,,,,0,0,0,0,2,,
2026-04-16 12:48:50,48,19,19,0,,,,,,0,0,0,0,2,,
2026-04-16 13:47:35,48,19,19,0,efit: 1,efit: 1,,,,0,0,0,0,2,,
2026-04-16 13:52:36,48,19,19,0,,,,,,0,0,0,0,2,,
2026-04-16 14:24:06,48,19,19,0,efit: 1,efit: 1,,,,0,0,0,0,2,,
2026-04-16 14:25:52,48,19,19,0,"fit: 1, efit: 2","fit: 1, efit: 2",,,,0,0,0,0,2,,
2026-04-16 14:27:43,48,19,19,0,"fit: 1, efit: 3","fit: 1, efit: 3",,,,0,0,0,0,2,,
2026-04-16 14:34:08,48,19,19,0,"fit: 2, efit: 3","fit: 2, efit: 3",,,,0,0,0,0,2,,
2026-04-16 14:35:54,48,19,19,0,"fit: 2, efit: 4","fit: 2, efit: 4",,,,0,0,0,0,2,,
2026-04-16 14:42:46,48,19,19,0,"fit: 2, efit: 3","fit: 2, efit: 3",,,,0,0,0,0,2,,
2026-04-16 14:49:10,48,19,19,0,"fit: 2, efit: 4","fit: 2, efit: 4",,,,0,0,0,0,2,,
2026-04-16 14:50:57,48,19,19,0,"fit: 2, efit: 3","fit: 2, efit: 3",,,,0,0,0,0,2,,
2026-04-16 14:55:58,48,19,19,0,"fit: 2, efit: 2","fit: 2, efit: 2",,,,0,0,0,0,2,,
2026-04-16 14:57:49,48,19,19,0,"fit: 2, efit: 3","fit: 2, efit: 3",,,,0,0,0,0,2,,
2026-04-16 15:14:14,48,19,19,0,"fit: 2, efit: 4","fit: 2, efit: 4",,,,0,0,0,0,2,,
2026-04-16 15:16:03,48,19,19,0,"fit: 2, efit: 5","fit: 2, efit: 5",,,,0,0,0,0,2,,
2026-04-16 15:32:56,48,19,19,0,"fit: 2, efit: 7","fit: 2, efit: 7",,,,0,0,0,0,2,,
2026-04-16 15:34:17,48,19,19,0,"fit: 3, efit: 6","fit: 3, efit: 6",,,,0,0,0,0,2,,
2026-04-16 15:36:07,48,19,19,0,"fit: 3, efit: 7","fit: 3, efit: 7",,,,0,0,0,0,2,,
2026-04-16 15:41:08,48,19,19,0,"fit: 3, efit: 6","fit: 3, efit: 6",,,,0,0,0,0,2,,
2026-04-16 15:51:10,48,19,19,0,"fit: 3, efit: 7","fit: 3, efit: 7",,,,0,0,0,0,2,,
2026-04-16 15:56:11,48,19,19,0,"fit: 4, efit: 7","fit: 4, efit: 7",,,,0,0,0,0,2,,
2026-04-16 15:58:01,48,19,19,0,"fit: 4, efit: 8","fit: 4, efit: 8",,,,0,0,0,0,2,,
2026-04-16 15:59:21,48,19,19,0,"fit: 4, efit: 7","fit: 4, efit: 7",,,,0,0,0,0,2,,
2026-04-16 16:11:15,48,19,19,0,"fit: 4, efit: 5","fit: 4, efit: 5",,,,0,0,0,0,2,,
2026-04-16 16:13:04,48,19,19,0,"fit: 4, efit: 4","fit: 4, efit: 4",,,,0,0,0,0,2,,
2026-04-16 16:38:09,48,19,19,0,"fit: 4, efit: 3","fit: 4, efit: 3",,,,0,0,0,0,2,,
2026-04-16 16:41:21,48,19,19,0,"fit: 4, efit: 2","fit: 4, efit: 2",,,,0,0,0,0,2,,
2026-04-16 16:43:10,48,19,19,0,"fit: 4, efit: 1","fit: 4, efit: 1",,,,0,0,0,0,2,,
2026-04-16 16:48:11,48,19,19,0,"fit: 4, efit: 2","fit: 4, efit: 2",,,,0,0,0,0,2,,
2026-04-16 16:51:23,48,19,19,0,"fit: 4, efit: 1","fit: 4, efit: 1",,,,0,0,0,0,2,,
2026-04-16 16:53:12,48,19,19,0,"fit: 4, efit: 2","fit: 4, efit: 2",,,,0,0,0,0,2,,
2026-04-16 16:56:24,48,19,19,0,"fit: 4, efit: 1","fit: 4, efit: 1",,,,0,0,0,0,2,,
2026-04-16 16:58:13,48,19,19,0,fit: 4,fit: 4,,,,0,0,0,0,2,,
2026-04-16 17:06:26,48,19,19,0,fit: 3,fit: 3,,,,0,0,0,0,2,,
2026-04-16 17:54:40,48,19,19,0,"fit: 3, efit: 2","fit: 3, efit: 2",,,,0,0,0,0,2,,
2026-04-16 18:01:37,48,19,19,0,"fit: 3, efit: 3","fit: 3, efit: 3",,,,0,0,0,0,2,,
2026-04-16 18:36:45,48,19,19,0,"fit: 3, efit: 2","fit: 3, efit: 2",,,,0,0,0,0,2,,
2026-04-16 19:23:42,48,19,19,0,fit: 3,fit: 3,,,,0,0,0,0,2,,
2026-04-16 19:28:43,48,19,19,0,fit: 2,fit: 2,,,,0,0,0,0,2,,
2026-04-16 19:31:56,48,19,19,0,"fit: 2, efit: 1","fit: 2, efit: 1",,,,0,0,0,0,2,,
2026-04-16 19:33:45,48,19,19,0,fit: 2,fit: 2,,,,0,0,0,0,2,,
2026-04-16 19:49:59,48,19,19,0,"fit: 2, efit: 1","fit: 2, efit: 1",,,,0,0,0,0,2,,
2026-04-16 19:52:01,48,19,19,0,fit: 2,fit: 2,,,,0,0,0,0,2,,
2026-04-16 19:54:59,48,19,19,0,"fit: 2, efit: 1","fit: 2, efit: 1",,,,0,0,0,0,2,,
2026-04-16 19:58:50,48,19,19,0,"fit: 3, efit: 1","fit: 3, efit: 1",,,,0,0,0,0,2,,
2026-04-16 20:02:03,48,19,19,0,"fit: 3, efit: 2","fit: 3, efit: 2",,,,0,0,0,0,2,,
2026-04-16 20:07:04,48,19,19,0,"fit: 3, efit: 3","fit: 3, efit: 3",,,,0,0,0,0,2,,
2026-04-16 20:12:05,48,19,19,0,"fit: 3, efit: 1","fit: 3, efit: 1",,,,0,0,0,0,2,,
2026-04-16 20:23:55,48,19,19,0,"fit: 4, efit: 1","fit: 4, efit: 1",,,,0,0,0,0,2,,
2026-04-16 20:37:10,48,19,19,0,fit: 4,fit: 4,,,,0,0,0,0,2,,
2026-04-16 20:52:13,48,19,19,0,"fit: 4, efit: 1","fit: 4, efit: 1",,,,0,0,0,0,2,,
2026-04-16 20:57:15,48,19,19,0,"fit: 4, efit: 2","fit: 4, efit: 2",,,,0,0,0,0,2,,
2026-04-16 21:12:18,48,19,19,0,"fit: 4, efit: 1","fit: 4, efit: 1",,,,0,0,0,0,2,,
2026-04-16 21:15:14,48,19,19,0,fit: 4,fit: 4,,,,0,0,0,0,2,,
2026-04-16 21:19:06,48,19,19,0,fit: 3,fit: 3,,,,0,0,0,0,2,,
2026-04-16 21:24:07,48,19,19,0,"fit: 3, efit: 1","fit: 3, efit: 1",,,,0,0,0,0,2,,
2026-04-16 21:39:10,48,19,19,0,"fit: 3, efit: 2","fit: 3, efit: 2",,,,0,0,0,0,2,,
2026-04-16 21:44:11,48,19,19,0,"fit: 4, efit: 1","fit: 4, efit: 1",,,,0,0,0,0,2,,
2026-04-16 22:14:16,48,19,19,0,"fit: 4, efit: 2","fit: 4, efit: 2",,,,0,0,0,0,2,,
2026-04-16 22:52:38,48,19,19,0,"fit: 4, efit: 3","fit: 4, efit: 3",,,,0,0,0,0,2,,
2026-04-16 22:57:39,48,19,19,0,"fit: 5, efit: 2","fit: 5, efit: 2",,,,0,0,0,0,2,,
2026-04-16 23:14:28,48,19,19,0,"fit: 5, efit: 1","fit: 5, efit: 1",,,,0,0,0,0,2,,
2026-04-16 23:17:43,48,19,19,0,"fit: 5, efit: 2","fit: 5, efit: 2",,,,0,0,0,0,2,,
2026-04-16 23:32:47,48,19,19,0,fit: 5,fit: 5,,,,0,0,0,0,2,,
2026-04-17 00:00:40,48,19,19,0,fit: 5,fit: 5,,,,0,0,0,0,2,,
2026-04-17 01:10:51,48,19,19,0,"fit: 5, efit: 1","fit: 5, efit: 1",,,,0,0,0,0,2,,
2026-04-17 01:39:55,48,19,19,0,"fit: 5, efit: 2","fit: 5, efit: 2",,,,0,0,0,0,2,,
2026-04-17 05:24:39,48,19,19,0,"fit: 5, efit: 3","fit: 5, efit: 3",,,,0,0,0,0,2,,
2026-04-17 06:29:50,48,19,19,0,"fit: 5, efit: 4","fit: 5, efit: 4",,,,0,0,0,0,2,,
2026-04-17 07:14:57,48,19,19,0,"fit: 5, efit: 2","fit: 5, efit: 2",,,,0,0,0,0,2,,
2026-04-17 07:29:59,48,19,19,0,"fit: 6, efit: 2","fit: 6, efit: 2",,,,0,0,0,0,2,,
2026-04-17 07:40:01,48,19,19,0,"fit: 7, efit: 1","fit: 7, efit: 1",,,,0,0,0,0,2,,
2026-04-17 07:50:03,48,19,19,0,fit: 7,fit: 7,,,,0,0,0,0,2,,
2026-04-17 08:20:08,48,19,19,0,fit: 6,fit: 6,,,,0,0,0,0,2,,
2026-04-17 08:25:09,48,19,19,0,fit: 5,fit: 5,,,,0,0,0,0,2,,
2026-04-17 08:30:10,48,19,19,0,fit: 4,fit: 4,,,,0,0,0,0,2,,
2026-04-17 08:35:10,48,19,19,0,fit: 3,fit: 3,,,,0,0,0,0,2,,
2026-04-17 08:50:13,48,19,19,0,fit: 2,fit: 2,,,,0,0,0,0,2,,
2026-04-17 08:51:06,48,19,19,0,fit: 3,fit: 3,,,,0,0,0,0,2,,
2026-04-17 09:50:23,48,19,19,0,"fit: 3, efit: 1","fit: 3, efit: 1",,,,0,0,0,0,2,,
2026-04-17 09:56:19,48,19,19,0,fit: 3,fit: 3,,,,0,0,0,0,2,,
2026-04-17 10:00:24,48,19,19,0,fit: 2,fit: 2,,,,0,0,0,0,2,,
2026-04-17 10:05:25,48,19,19,0,"fit: 2, efit: 1","fit: 2, efit: 1",,,,0,0,0,0,2,,
2026-04-17 10:10:26,48,19,19,0,fit: 2,fit: 2,,,,0,0,0,0,2,,
2026-04-17 10:40:31,48,19,19,0,fit: 1,fit: 1,,,,0,0,0,0,2,,
2026-04-17 10:55:34,48,19,19,0,efit: 1,efit: 1,,,,0,0,0,0,2,,
2026-04-17 11:20:38,48,19,19,0,,,,,,0,0,0,0,2,,
2026-04-17 11:50:43,48,19,19,0,efit: 1,efit: 1,,,,0,0,0,0,2,,
2026-04-17 12:00:44,48,19,19,0,,,,,,0,0,0,0,2,,
2026-04-17 12:10:46,48,19,19,0,efit: 1,efit: 1,,,,0,0,0,0,2,,
2026-04-17 12:50:53,48,19,19,0,,,,,,0,0,0,0,2,,
2026-04-17 13:00:55,48,19,19,0,efit: 1,efit: 1,,,,0,0,0,0,2,,
2026-04-17 13:05:55,48,19,19,0,,,,,,0,0,0,0,2,,
2026-04-17 13:10:56,48,19,19,0,efit: 3,efit: 3,,,,0,0,0,0,2,,
2026-04-17 13:11:57,48,19,19,0,efit: 2,efit: 2,,,,0,0,0,0,2,,
2026-04-17 13:15:57,48,19,19,0,efit: 3,efit: 3,,,,0,0,0,0,2,,
2026-04-17 13:25:59,48,19,19,0,efit: 2,efit: 2,,,,0,0,0,0,2,,
2026-04-17 13:32:01,48,19,19,0,efit: 1,efit: 1,,,,0,0,0,0,2,,
2026-04-17 13:41:02,48,19,19,0,,,,,,0,0,0,0,2,,
2026-04-17 14:06:06,48,19,19,0,efit: 1,efit: 1,,,,0,0,0,0,2,,
2026-04-17 14:11:07,48,19,19,0,efit: 2,efit: 2,,,,0,0,0,0,2,,
2026-04-17 14:21:09,48,19,19,0,"fit: 1, efit: 1","fit: 1, efit: 1",,,,0,0,0,0,2,,
2026-04-17 14:32:12,48,19,19,0,fit: 1,fit: 1,,,,0,0,0,0,2,,
2026-04-17 14:41:12,48,19,19,0,,,,,,0,0,0,0,2,,
2026-04-17 14:46:13,48,19,19,0,efit: 1,efit: 1,,,,0,0,0,0,2,,
2026-04-17 14:46:39,48,19,19,0,,,,,,0,0,0,0,2,,
2026-04-17 14:47:15,48,19,19,0,efit: 1,efit: 1,,,,0,0,0,0,2,,
2026-04-17 15:01:16,48,19,19,0,efit: 2,efit: 2,,,,0,0,0,0,2,,
2026-04-17 15:06:17,48,19,19,0,efit: 1,efit: 1,,,,0,0,0,0,2,,
2026-04-17 15:07:19,48,19,19,0,efit: 2,efit: 2,,,,0,0,0,0,2,,
2026-04-17 15:16:18,48,19,19,0,"fit: 1, efit: 1","fit: 1, efit: 1",,,,0,0,0,0,2,,
2026-04-17 15:16:46,48,19,19,0,"fit: 1, efit: 2","fit: 1, efit: 2",,,,0,0,0,0,2,,
2026-04-17 15:21:19,48,19,19,0,fit: 2,fit: 2,,,,0,0,0,0,2,,
2026-04-17 15:21:47,48,19,19,0,"fit: 2, efit: 1","fit: 2, efit: 1",,,,0,0,0,0,2,,
2026-04-17 15:32:24,48,19,19,0,"fit: 2, efit: 2","fit: 2, efit: 2",,,,0,0,0,0,2,,
2026-04-17 15:37:25,48,19,19,0,"fit: 2, efit: 1","fit: 2, efit: 1",,,,0,0,0,0,2,,
2026-04-17 15:41:51,48,19,19,0,"fit: 2, efit: 2","fit: 2, efit: 2",,,,0,0,0,0,2,,
2026-04-17 15:42:26,48,19,19,0,"fit: 3, efit: 1","fit: 3, efit: 1",,,,0,0,0,0,2,,
2026-04-17 15:46:23,48,19,19,0,fit: 2,fit: 2,,,,0,0,0,0,2,,
2026-04-17 15:51:24,48,19,19,0,fit: 1,fit: 1,,,,0,0,0,0,2,,
2026-04-17 16:01:26,48,19,19,0,,,,,,0,0,0,0,2,,
2026-04-17 16:11:27,48,19,19,0,fit: 2,fit: 2,,,,0,0,0,0,2,,
2026-04-17 16:16:28,48,19,19,0,fit: 3,fit: 3,,,,0,0,0,0,2,,
2026-04-17 16:46:34,48,19,19,0,"fit: 3, efit: 2","fit: 3, efit: 2",,,,0,0,0,0,2,,
2026-04-17 16:51:34,48,19,19,0,"fit: 3, efit: 1","fit: 3, efit: 1",,,,0,0,0,0,2,,
2026-04-17 17:11:38,48,19,19,0,"fit: 3, efit: 2","fit: 3, efit: 2",,,,0,0,0,0,2,,
2026-04-17 17:21:40,48,19,19,0,fit: 4,fit: 4,,,,0,0,0,0,2,,
2026-04-17 17:26:40,48,19,19,0,fit: 3,fit: 3,,,,0,0,0,0,2,,
2026-04-17 17:27:13,48,19,19,0,fit: 4,fit: 4,,,,0,0,0,0,2,,
2026-04-17 17:27:47,48,19,19,0,fit: 3,fit: 3,,,,0,0,0,0,2,,
2026-04-17 17:36:42,48,19,19,0,fit: 2,fit: 2,,,,0,0,0,0,2,,
2026-04-17 17:51:45,48,19,19,0,"fit: 2, efit: 1","fit: 2, efit: 1",,,,0,0,0,0,2,,
2026-04-17 17:56:46,48,19,19,0,fit: 3,fit: 3,,,,0,0,0,0,2,,
2026-04-17 18:36:52,48,19,19,0,fit: 1,fit: 1,,,,0,0,0,0,2,,
2026-04-17 18:38:01,48,19,19,0,"fit: 1, efit: 1","fit: 1, efit: 1",,,,0,0,0,0,2,,
2026-04-17 18:41:53,48,19,19,0,efit: 1,efit: 1,,,,0,0,0,0,2,,
2026-04-17 18:46:54,48,19,19,0,,,,,,0,0,0,0,2,,
2026-04-17 18:56:56,48,19,19,0,fit: 1,fit: 1,,,,0,0,0,0,2,,
2026-04-17 19:01:57,48,19,19,0,"fit: 1, efit: 1","fit: 1, efit: 1",,,,0,0,0,0,2,,
2026-04-17 19:02:34,48,19,19,0,fit: 1,fit: 1,,,,0,0,0,0,2,,
2026-04-17 19:22:00,48,19,19,0,"fit: 1, efit: 1","fit: 1, efit: 1",,,,0,0,0,0,2,,
2026-04-17 19:32:02,48,19,19,0,"fit: 1, efit: 3","fit: 1, efit: 3",,,,0,0,0,0,2,,
2026-04-17 19:37:41,48,19,19,0,"fit: 1, efit: 2","fit: 1, efit: 2",,,,0,0,0,0,2,,
2026-04-17 19:42:04,48,19,19,0,"fit: 2, efit: 2","fit: 2, efit: 2",,,,0,0,0,0,2,,
2026-04-17 19:42:42,48,19,19,0,"fit: 2, efit: 1","fit: 2, efit: 1",,,,0,0,0,0,2,,
2026-04-17 19:52:05,48,19,19,0,fit: 3,fit: 3,,,,0,0,0,0,2,,
2026-04-17 20:03:17,48,19,19,0,fit: 2,fit: 2,,,,0,0,0,0,2,,
2026-04-17 20:07:48,48,19,19,0,"fit: 2, efit: 2","fit: 2, efit: 2",,,,0,0,0,0,2,,
2026-04-17 20:17:50,48,19,19,0,"fit: 2, efit: 3","fit: 2, efit: 3",,,,0,0,0,0,2,,
2026-04-17 20:47:56,48,19,19,0,"fit: 2, efit: 2","fit: 2, efit: 2",,,,0,0,0,0,2,,
2026-04-17 20:52:15,48,19,19,0,"fit: 3, efit: 3","fit: 3, efit: 3",,,,0,0,0,0,2,,
2026-04-17 20:57:16,48,19,19,0,"fit: 3, efit: 2","fit: 3, efit: 2",,,,0,0,0,0,2,,
2026-04-17 21:02:59,48,19,19,0,"fit: 3, efit: 3","fit: 3, efit: 3",,,,0,0,0,0,2,,
2026-04-17 21:03:29,48,19,19,0,"fit: 3, efit: 4","fit: 3, efit: 4",,,,0,0,0,0,2,,
2026-04-17 21:12:19,48,19,19,0,"fit: 3, efit: 5","fit: 3, efit: 5",,,,0,0,0,0,2,,
2026-04-17 21:13:31,48,19,19,0,"fit: 3, efit: 4","fit: 3, efit: 4",,,,0,0,0,0,2,,
2026-04-17 21:23:03,48,19,19,0,"fit: 3, efit: 2","fit: 3, efit: 2",,,,0,0,0,0,2,,
2026-04-17 21:27:21,48,19,19,0,"fit: 3, efit: 3","fit: 3, efit: 3",,,,0,0,0,0,2,,
2026-04-17 21:32:22,48,19,19,0,"fit: 3, efit: 2","fit: 3, efit: 2",,,,0,0,0,0,2,,
2026-04-17 21:37:23,48,19,19,0,"fit: 3, efit: 1","fit: 3, efit: 1",,,,0,0,0,0,2,,
2026-04-17 21:58:10,48,19,19,0,"fit: 3, efit: 2","fit: 3, efit: 2",,,,0,0,0,0,2,,
2026-04-17 22:07:27,48,19,19,0,"fit: 3, efit: 1","fit: 3, efit: 1",,,,0,0,0,0,2,,
2026-04-17 22:17:29,48,19,19,0,fit: 3,fit: 3,,,,0,0,0,0,2,,
2026-04-17 22:32:32,48,19,19,0,"fit: 3, efit: 2","fit: 3, efit: 2",,,,0,0,0,0,2,,
2026-04-17 23:52:45,48,19,19,0,"fit: 3, efit: 3","fit: 3, efit: 3",,,,0,0,0,0,2,,
2026-04-18 00:02:47,48,19,19,0,"fit: 3, efit: 3","fit: 3, efit: 3",,,,0,0,0,0,2,,
2026-04-18 00:24:07,48,19,19,0,"fit: 3, efit: 2","fit: 3, efit: 2",,,,0,0,0,0,2,,
2026-04-18 00:27:51,48,19,19,0,"fit: 3, efit: 3","fit: 3, efit: 3",,,,0,0,0,0,2,,
2026-04-18 00:42:53,48,19,19,0,"fit: 5, efit: 4","fit: 5, efit: 4",,,,0,0,0,0,2,,
2026-04-18 00:47:54,48,19,19,0,"fit: 6, efit: 4","fit: 6, efit: 4",,,,0,0,0,0,2,,
2026-04-18 00:57:55,48,19,19,0,"fit: 6, efit: 5","fit: 6, efit: 5",,,,0,0,0,0,2,,
2026-04-18 01:02:56,48,19,19,0,"fit: 6, efit: 6","fit: 6, efit: 6",,,,0,0,0,0,2,,
2026-04-18 01:07:57,48,19,19,0,"fit: 6, efit: 3","fit: 6, efit: 3",,,,0,0,0,0,2,,
2026-04-18 01:17:59,48,19,19,0,"fit: 6, efit: 4","fit: 6, efit: 4",,,,0,0,0,0,2,,
2026-04-18 01:22:59,48,19,19,0,"fit: 6, efit: 3","fit: 6, efit: 3",,,,0,0,0,0,2,,
2026-04-18 01:48:03,48,19,19,0,"fit: 6, efit: 5","fit: 6, efit: 5",,,,0,0,0,0,2,,
2026-04-18 02:08:06,48,19,19,0,"fit: 6, efit: 6","fit: 6, efit: 6",,,,0,0,0,0,2,,
2026-04-18 02:23:09,48,19,19,0,"fit: 8, efit: 5","fit: 8, efit: 4",,,,0,0,0,0,2,,
2026-04-18 02:28:09,48,19,19,0,"fit: 8, efit: 7","fit: 8, efit: 6",,,,0,0,0,0,2,,
2026-04-18 02:34:30,48,19,19,0,"fit: 8, efit: 6","fit: 8, efit: 5",,,,0,0,0,0,2,,
2026-04-18 03:03:15,48,19,19,0,"fit: 8, efit: 5","fit: 8, efit: 4",,,,0,0,0,0,2,,
2026-04-18 03:09:36,48,19,19,0,"fit: 8, efit: 4","fit: 8, efit: 3",,,,0,0,0,0,2,,
2026-04-18 03:18:17,48,19,19,0,"fit: 8, efit: 5","fit: 8, efit: 4",,,,0,0,0,0,2,,
2026-04-18 07:18:54,48,19,19,0,"fit: 8, efit: 4","fit: 8, efit: 3",,,,0,0,0,0,2,,
2026-04-18 07:28:55,48,19,19,0,"fit: 8, efit: 3","fit: 8, efit: 2",,,,0,0,0,0,2,,
2026-04-18 07:43:57,48,19,19,0,"fit: 9, efit: 3","fit: 9, efit: 2",,,,0,0,0,0,2,,
2026-04-18 07:45:06,48,19,19,0,"fit: 9, efit: 2","fit: 9, efit: 1",,,,0,0,0,0,2,,
2026-04-18 07:55:08,48,19,19,0,"fit: 9, efit: 1",fit: 9,,,,0,0,0,0,2,,
2026-04-18 07:59:00,48,19,19,0,"fit: 9, efit: 2","fit: 9, efit: 1",,,,0,0,0,0,2,,
2026-04-18 08:14:02,48,19,19,0,"fit: 8, efit: 1",fit: 8,,,,0,0,0,0,2,,
2026-04-18 08:39:06,48,19,19,0,"fit: 8, efit: 2","fit: 8, efit: 1",,,,0,0,0,0,2,,
2026-04-18 09:09:11,48,19,19,0,"fit: 8, efit: 3","fit: 8, efit: 2",,,,0,0,0,0,2,,
2026-04-18 09:29:14,48,19,19,0,"fit: 8, efit: 1",fit: 8,,,,0,0,0,0,2,,
2026-04-18 09:39:16,48,19,19,0,"fit: 7, efit: 1",fit: 7,,,,0,0,0,0,2,,
2026-04-18 09:45:48,48,19,19,0,"fit: 6, efit: 1",fit: 6,,,,0,0,0,0,2,,
2026-04-18 09:59:19,48,19,19,0,"fit: 5, efit: 1",fit: 5,,,,0,0,0,0,2,,
2026-04-18 10:34:25,48,19,19,0,"fit: 4, efit: 1",fit: 4,,,,0,0,0,0,2,,
2026-04-18 10:39:26,48,19,19,0,"fit: 3, efit: 1",fit: 3,,,,0,0,0,0,2,,
2026-04-18 10:45:59,48,19,19,0,"fit: 2, efit: 1",fit: 2,,,,0,0,0,0,2,,
2026-04-18 10:49:27,48,19,19,0,"fit: 1, efit: 1",fit: 1,,,,0,0,0,0,2,,
2026-04-18 10:50:44,48,19,19,0,"fit: 1, efit: 2","fit: 1, efit: 1",,,,0,0,0,0,2,,
2026-04-18 10:54:28,48,19,19,0,"fit: 1, efit: 3","fit: 1, efit: 2",,,,0,0,0,0,2,,
2026-04-18 10:59:29,48,19,19,0,"fit: 1, efit: 2","fit: 1, efit: 1",,,,0,0,0,0,2,,
2026-04-18 11:00:46,48,19,19,0,"fit: 1, efit: 1",fit: 1,,,,0,0,0,0,2,,
2026-04-18 11:04:30,48,19,19,0,"fit: 1, efit: 2","fit: 1, efit: 1",,,,0,0,0,0,2,,
2026-04-18 11:06:03,48,19,19,0,"fit: 1, efit: 1",fit: 1,,,,0,0,0,0,2,,
2026-04-18 11:15:49,48,19,19,0,"fit: 2, efit: 1",fit: 2,,,,0,0,0,0,2,,
2026-04-18 11:46:11,48,19,19,0,"fit: 1, efit: 1",fit: 1,,,,0,0,0,0,2,,
2026-04-18 11:49:37,48,19,19,0,efit: 1,,,,,0,0,0,0,2,,
2026-04-18 12:06:02,48,19,19,0,efit: 2,efit: 1,,,,0,0,0,0,2,,
2026-04-18 12:09:40,48,19,19,0,efit: 1,,,,,0,0,0,0,2,,
2026-04-18 12:19:42,48,19,19,0,efit: 2,efit: 1,,,,0,0,0,0,2,,
2026-04-18 12:34:44,48,19,19,0,efit: 3,efit: 2,,,,0,0,0,0,2,,
2026-04-18 12:44:46,48,19,19,0,efit: 2,efit: 1,,,,0,0,0,0,2,,
2026-04-18 13:04:49,48,19,19,0,efit: 1,,,,,0,0,0,0,2,,
2026-04-18 13:06:15,48,19,19,0,efit: 2,efit: 1,,,,0,0,0,0,2,,
2026-04-18 13:09:50,48,19,19,0,efit: 4,efit: 3,,,,0,0,0,0,2,,
2026-04-18 13:46:23,48,19,19,0,efit: 5,efit: 4,,,,0,0,0,0,2,,
2026-04-18 13:49:57,48,19,19,0,efit: 4,efit: 3,,,,0,0,0,0,2,,
2026-04-18 13:51:24,48,19,19,0,efit: 3,efit: 2,,,,0,0,0,0,2,,
2026-04-18 13:54:57,48,19,19,0,efit: 2,efit: 1,,,,0,0,0,0,2,,
2026-04-18 13:59:58,48,19,19,0,efit: 1,,,,,0,0,0,0,2,,
2026-04-18 14:30:04,48,19,19,0,efit: 3,efit: 2,,,,0,0,0,0,2,,
2026-04-18 14:35:05,48,19,19,0,efit: 4,efit: 3,,,,0,0,0,0,2,,
2026-04-18 14:46:35,48,19,19,0,efit: 3,efit: 2,,,,0,0,0,0,2,,
2026-04-18 14:50:07,48,19,19,0,efit: 2,efit: 1,,,,0,0,0,0,2,,
2026-04-18 15:00:09,48,19,19,0,efit: 1,,,,,0,0,0,0,2,,
2026-04-18 15:25:13,48,19,19,0,efit: 3,efit: 2,,,,0,0,0,0,2,,
2026-04-18 15:26:43,48,19,19,0,efit: 5,efit: 4,,,,0,0,0,0,2,,
2026-04-18 15:36:46,48,19,19,0,efit: 4,efit: 3,,,,0,0,0,0,2,,
2026-04-18 15:51:49,48,19,19,0,efit: 3,efit: 2,,,,0,0,0,0,2,,
2026-04-18 15:55:18,48,19,19,0,efit: 4,efit: 3,,,,0,0,0,0,2,,
2026-04-18 16:05:19,48,19,19,0,efit: 3,efit: 2,,,,0,0,0,0,2,,
2026-04-18 16:10:20,48,19,19,0,efit: 4,efit: 3,,,,0,0,0,0,2,,
2026-04-18 16:15:21,48,19,19,0,efit: 3,efit: 2,,,,0,0,0,0,2,,
2026-04-18 17:15:31,48,19,19,0,efit: 2,efit: 1,,,,0,0,0,0,2,,
2026-04-18 17:27:15,48,19,19,0,efit: 3,efit: 2,,,,0,0,0,0,2,,
2026-04-18 17:30:33,48,19,19,0,efit: 4,efit: 3,,,,0,0,0,0,2,,
2026-04-18 17:32:09,48,19,19,0,efit: 5,efit: 4,,,,0,0,0,0,2,,
2026-04-18 17:40:35,48,19,19,0,efit: 6,efit: 5,,,,0,0,0,0,2,,
2026-04-18 18:10:39,48,19,19,0,efit: 7,efit: 6,,,,0,0,0,0,2,,
2026-04-18 18:27:21,48,19,19,0,efit: 8,efit: 7,,,,0,0,0,0,2,,
2026-04-18 19:00:47,48,19,19,0,efit: 9,efit: 8,,,,0,0,0,0,2,,
2026-04-18 19:20:50,48,19,19,0,efit: 7,efit: 6,,,,0,0,0,0,2,,
2026-04-18 19:37:35,48,19,19,0,"fit: 1, efit: 7","fit: 1, efit: 6",,,,0,0,0,0,2,,
2026-04-18 19:40:54,48,19,19,0,"fit: 1, efit: 6","fit: 1, efit: 5",,,,0,0,0,0,2,,
2026-04-18 20:00:57,48,19,19,0,"fit: 1, efit: 5","fit: 1, efit: 4",,,,0,0,0,0,2,,
2026-04-18 20:12:42,48,19,19,0,"fit: 1, efit: 4","fit: 1, efit: 3",,,,0,0,0,0,2,,
2026-04-18 20:15:59,48,19,19,0,"fit: 1, efit: 6","fit: 1, efit: 5",,,,0,0,0,0,2,,
2026-04-18 20:17:43,48,19,19,0,"fit: 1, efit: 5","fit: 1, efit: 4",,,,0,0,0,0,2,,
2026-04-18 20:27:45,48,19,19,0,"fit: 1, efit: 6","fit: 1, efit: 5",,,,0,0,0,0,2,,
2026-04-18 20:31:02,48,19,19,0,"fit: 1, efit: 7","fit: 1, efit: 6",,,,0,0,0,0,2,,
2026-04-18 20:36:03,48,19,19,0,"fit: 1, efit: 6","fit: 1, efit: 5",,,,0,0,0,0,2,,
2026-04-18 20:46:04,48,19,19,0,"fit: 1, efit: 7","fit: 1, efit: 6",,,,0,0,0,0,2,,
2026-04-18 20:47:49,48,19,19,0,"fit: 1, efit: 8","fit: 1, efit: 7",,,,0,0,0,0,2,,
2026-04-18 21:16:09,48,19,19,0,"fit: 1, efit: 6","fit: 1, efit: 5",,,,0,0,0,0,2,,
2026-04-18 21:21:09,48,19,19,0,"fit: 1, efit: 5","fit: 1, efit: 4",,,,0,0,0,0,2,,
2026-04-18 21:26:10,48,19,19,0,"fit: 1, efit: 4","fit: 1, efit: 3",,,,0,0,0,0,2,,
2026-04-18 21:56:15,48,19,19,0,"fit: 1, efit: 5","fit: 1, efit: 4",,,,0,0,0,0,2,,
2026-04-18 22:01:16,48,19,19,0,"fit: 1, efit: 4","fit: 1, efit: 3",,,,0,0,0,0,2,,
2026-04-18 22:21:19,48,19,19,0,"fit: 1, efit: 3","fit: 1, efit: 2",,,,0,0,0,0,2,,
2026-04-18 22:28:10,48,19,19,0,"fit: 1, efit: 4","fit: 1, efit: 3",,,,0,0,0,0,2,,
2026-04-18 22:33:11,48,19,19,0,"fit: 1, efit: 6","fit: 1, efit: 5",,,,0,0,0,0,2,,
2026-04-18 22:36:21,48,19,19,0,"fit: 1, efit: 5","fit: 1, efit: 4",,,,0,0,0,0,2,,
2026-04-18 22:46:23,48,19,19,0,"fit: 1, efit: 3","fit: 1, efit: 2",,,,0,0,0,0,2,,
2026-04-18 22:58:16,48,19,19,0,"fit: 1, efit: 2","fit: 1, efit: 1",,,,0,0,0,0,2,,
2026-04-18 23:01:25,48,19,19,0,"fit: 1, efit: 4","fit: 1, efit: 3",,,,0,0,0,0,2,,
2026-04-18 23:13:17,48,19,19,0,"fit: 1, efit: 4","fit: 1, efit: 4",,,,0,0,0,0,2,,
2026-04-18 23:16:27,48,19,19,0,"fit: 1, efit: 5","fit: 1, efit: 4",,,,0,0,0,0,2,,
2026-04-18 23:26:29,48,19,19,0,"fit: 1, efit: 6","fit: 1, efit: 5",,,,0,0,0,0,2,,
2026-04-19 00:01:35,48,19,19,0,"fit: 1, efit: 6","fit: 1, efit: 5",,,,0,0,0,0,2,,
2026-04-19 01:01:44,48,19,19,0,"fit: 2, efit: 6","fit: 2, efit: 5",,,,0,0,0,0,2,,
2026-04-19 01:23:35,48,19,19,0,"fit: 2, efit: 5","fit: 2, efit: 4",,,,0,0,0,0,2,,
2026-04-19 01:41:50,48,19,19,0,"fit: 2, efit: 6","fit: 2, efit: 5",,,,0,0,0,0,2,,
2026-04-19 02:26:57,48,19,19,0,"fit: 2, efit: 5","fit: 2, efit: 4",,,,0,0,0,0,2,,
2026-04-19 07:22:43,48,19,19,0,"fit: 2, efit: 4","fit: 2, efit: 3",,,,0,0,0,0,2,,
2026-04-19 07:32:44,48,19,19,0,"fit: 2, efit: 3","fit: 2, efit: 2",,,,0,0,0,0,2,,
2026-04-19 07:47:46,48,19,19,0,"fit: 2, efit: 2","fit: 2, efit: 1",,,,0,0,0,0,2,,
2026-04-19 09:07:58,48,19,19,0,"fit: 2, efit: 3","fit: 2, efit: 2",,,,0,0,0,0,2,,
2026-04-19 09:30:03,48,19,19,0,"fit: 2, efit: 2","fit: 2, efit: 1",,,,0,0,0,0,2,,
2026-04-19 09:43:04,48,19,19,0,"fit: 2, efit: 1",fit: 2,,,,0,0,0,0,2,,
2026-04-19 09:53:06,48,19,19,0,"fit: 1, efit: 1",fit: 1,,,,0,0,0,0,2,,
2026-04-19 10:10:21,48,19,19,0,"fit: 1, efit: 2","fit: 1, efit: 1",,,,0,0,0,0,2,,
2026-04-19 10:38:13,48,19,19,0,"fit: 1, efit: 1",fit: 1,,,,0,0,0,0,2,,
2026-04-19 10:48:14,48,19,19,0,efit: 1,,,,,0,0,0,0,2,,
2026-04-19 10:58:16,48,19,19,0,efit: 2,efit: 1,,,,0,0,0,0,2,,
2026-04-19 11:35:26,48,19,19,0,efit: 3,efit: 2,,,,0,0,0,0,2,,
2026-04-19 11:45:28,48,19,19,0,efit: 4,efit: 3,,,,0,0,0,0,2,,
2026-04-19 11:48:24,48,19,19,0,efit: 3,efit: 2,,,,0,0,0,0,2,,
2026-04-19 11:53:25,48,19,19,0,efit: 1,,,,,0,0,0,0,2,,
2026-04-19 12:38:32,48,19,19,0,efit: 1,,efit: 1,,,0,0,0,0,2,,
2026-04-19 13:08:37,48,19,19,0,efit: 2,efit: 1,efit: 1,,,0,0,0,0,2,,
2026-04-19 13:15:46,48,19,19,0,efit: 1,,efit: 1,,,0,0,0,0,2,,
2026-04-19 14:48:53,48,19,19,0,efit: 2,efit: 1,efit: 1,,,0,0,0,0,2,,
2026-04-19 14:58:54,48,19,19,0,efit: 3,efit: 2,efit: 1,,,0,0,0,0,2,,
2026-04-19 15:01:06,48,19,19,0,efit: 2,efit: 1,efit: 1,,,0,0,0,0,2,,
2026-04-19 15:03:55,48,19,19,0,efit: 1,,efit: 1,,,0,0,0,0,2,,
2026-04-19 16:11:19,48,19,19,0,efit: 3,efit: 2,efit: 1,,,0,0,0,0,2,,
2026-04-19 16:31:23,48,19,19,0,efit: 4,efit: 3,efit: 1,,,0,0,0,0,2,,
2026-04-19 16:34:10,48,19,19,0,efit: 3,efit: 2,efit: 1,,,0,0,0,0,2,,
2026-04-19 16:56:28,48,19,19,0,efit: 4,efit: 3,efit: 1,,,0,0,0,0,2,,
2026-04-19 16:59:14,48,19,19,0,efit: 3,efit: 2,efit: 1,,,0,0,0,0,2,,
2026-04-19 17:01:29,48,19,19,0,efit: 2,efit: 1,efit: 1,,,0,0,0,0,2,,
2026-04-19 17:06:30,48,19,19,0,efit: 1,,efit: 1,,,0,0,0,0,2,,
2026-04-19 18:14:26,48,19,19,0,efit: 2,efit: 1,efit: 1,,,0,0,0,0,2,,
2026-04-19 18:16:43,48,19,19,0,efit: 1,,efit: 1,,,0,0,0,0,2,,
2026-04-19 18:36:47,48,19,19,0,efit: 2,efit: 1,efit: 1,,,0,0,0,0,2,,
2026-04-19 18:46:49,48,19,19,0,efit: 3,efit: 2,efit: 1,,,0,0,0,0,2,,
2026-04-19 18:49:31,48,19,19,0,efit: 2,efit: 1,efit: 1,,,0,0,0,0,2,,
2026-04-19 19:06:52,48,19,19,0,efit: 3,efit: 2,efit: 1,,,0,0,0,0,2,,
2026-04-19 19:26:56,48,19,19,0,efit: 2,efit: 1,efit: 1,,,0,0,0,0,2,,
2026-04-19 19:47:00,48,19,19,0,efit: 1,,efit: 1,,,0,0,0,0,2,,
2026-04-19 20:12:05,48,19,19,0,efit: 3,efit: 2,efit: 1,,,0,0,0,0,2,,
2026-04-19 20:19:46,48,19,19,0,"fit: 1, efit: 3","fit: 1, efit: 2",efit: 1,,,0,0,0,0,2,,
2026-04-19 20:24:46,48,19,19,0,"fit: 2, efit: 3","fit: 2, efit: 2",efit: 1,,,0,0,0,0,2,,
2026-04-19 20:29:47,48,19,19,0,"fit: 2, efit: 2","fit: 2, efit: 1",efit: 1,,,0,0,0,0,2,,
2026-04-19 20:37:09,48,19,19,0,"fit: 3, efit: 1",fit: 3,efit: 1,,,0,0,0,0,2,,
2026-04-19 20:39:49,48,19,19,0,"fit: 3, efit: 2","fit: 3, efit: 1",efit: 1,,,0,0,0,0,2,,
2026-04-19 20:44:50,48,19,19,0,"fit: 3, efit: 1",fit: 3,efit: 1,,,0,0,0,0,2,,
2026-04-19 20:54:51,48,19,19,0,"fit: 2, efit: 1",fit: 2,efit: 1,,,0,0,0,0,2,,
2026-04-19 21:17:17,48,19,19,0,"fit: 2, efit: 2","fit: 2, efit: 1",efit: 1,,,0,0,0,0,2,,
2026-04-19 21:29:56,48,19,19,0,"fit: 2, efit: 3","fit: 2, efit: 2",efit: 1,,,0,0,0,0,2,,
2026-04-19 21:39:58,48,19,19,0,"fit: 2, efit: 4","fit: 2, efit: 3",efit: 1,,,0,0,0,0,2,,
2026-04-19 21:44:59,48,19,19,0,"fit: 2, efit: 2","fit: 2, efit: 1",efit: 1,,,0,0,0,0,2,,
2026-04-19 21:50:00,48,19,19,0,"fit: 3, efit: 2","fit: 3, efit: 1",efit: 1,,,0,0,0,0,2,,
2026-04-19 22:02:25,48,19,19,0,"fit: 3, efit: 4","fit: 3, efit: 3",efit: 1,,,0,0,0,0,2,,
2026-04-19 22:30:07,48,19,19,0,"fit: 3, efit: 5","fit: 3, efit: 4",efit: 1,,,0,0,0,0,2,,
2026-04-19 22:32:31,48,19,19,0,"fit: 3, efit: 4","fit: 3, efit: 3",efit: 1,,,0,0,0,0,2,,
2026-04-19 22:57:35,48,19,19,0,"fit: 3, efit: 5","fit: 3, efit: 4",efit: 1,,,0,0,0,0,2,,
2026-04-19 23:02:36,48,19,19,0,"fit: 3, efit: 4","fit: 3, efit: 3",efit: 1,,,0,0,0,0,2,,
2026-04-19 23:35:17,48,19,19,0,"fit: 4, efit: 5","fit: 4, efit: 4",efit: 1,,,0,0,0,0,2,,
2026-04-20 00:00:20,48,19,19,0,"fit: 4, efit: 5","fit: 4, efit: 4",efit: 1,,,0,0,0,0,2,,
2026-04-20 00:25:24,48,19,19,0,"fit: 4, efit: 6","fit: 4, efit: 5",efit: 1,,,0,0,0,0,2,,
2026-04-20 00:27:52,48,19,19,0,"fit: 4, efit: 5","fit: 4, efit: 4",efit: 1,,,0,0,0,0,2,,
2026-04-20 01:20:33,48,19,19,0,"fit: 4, efit: 6","fit: 4, efit: 5",efit: 1,,,0,0,0,0,2,,
2026-04-20 03:38:27,48,19,19,0,"fit: 4, efit: 7","fit: 4, efit: 6",efit: 1,,,0,0,0,0,2,,
2026-04-20 06:16:19,48,19,19,0,"fit: 4, efit: 8","fit: 4, efit: 7",efit: 1,,,0,0,0,0,2,,
2026-04-20 07:11:27,48,19,19,0,"fit: 4, efit: 7","fit: 4, efit: 6",efit: 1,,,0,0,0,0,2,,
2026-04-20 07:19:07,48,19,19,0,"fit: 4, efit: 8","fit: 4, efit: 7",efit: 1,,,0,0,0,0,2,,
2026-04-20 07:41:32,48,19,19,0,"fit: 4, efit: 7","fit: 4, efit: 6",efit: 1,,,0,0,0,0,2,,
2026-04-20 07:49:13,48,19,19,0,"fit: 4, efit: 6","fit: 4, efit: 5",efit: 1,,,0,0,0,0,2,,
2026-04-20 08:04:16,48,19,19,0,"fit: 4, efit: 5","fit: 4, efit: 4",efit: 1,,,0,0,0,0,2,,
2026-04-20 08:11:36,48,19,19,0,"fit: 4, efit: 4","fit: 4, efit: 3",efit: 1,,,0,0,0,0,2,,
2026-04-20 08:24:20,48,19,19,0,"fit: 4, efit: 3","fit: 4, efit: 2",efit: 1,,,0,0,0,0,2,,
2026-04-20 08:41:41,48,19,19,0,"fit: 4, efit: 2","fit: 4, efit: 1",efit: 1,,,0,0,0,0,2,,
2026-04-20 09:01:44,48,19,19,0,"fit: 4, efit: 1",fit: 4,efit: 1,,,0,0,0,0,2,,
2026-04-20 09:29:32,48,19,19,0,"fit: 3, efit: 1",fit: 3,efit: 1,,,0,0,0,0,2,,
2026-04-20 09:56:53,48,19,19,0,"fit: 2, efit: 1",fit: 2,efit: 1,,,0,0,0,0,2,,
2026-04-20 10:16:57,48,19,19,0,"fit: 1, efit: 1",fit: 1,efit: 1,,,0,0,0,0,2,,
2026-04-20 10:26:58,48,19,19,0,"fit: 1, efit: 2","fit: 1, efit: 1",efit: 1,,,0,0,0,0,2,,
2026-04-20 10:39:49,48,19,19,0,"fit: 1, efit: 1",fit: 1,efit: 1,,,0,0,0,0,2,,
2026-04-20 10:59:53,48,19,19,0,efit: 1,,efit: 1,,,0,0,0,0,2,,
2026-04-20 11:02:05,48,19,19,0,efit: 2,efit: 1,efit: 1,,,0,0,0,0,2,,
2026-04-20 11:04:54,48,19,19,0,"fit: 1, efit: 1",fit: 1,efit: 1,,,0,0,0,0,2,,
2026-04-20 11:09:55,48,19,19,0,"fit: 1, efit: 2","fit: 1, efit: 1",efit: 1,,,0,0,0,0,2,,
2026-04-20 11:12:06,48,19,19,0,"fit: 1, efit: 1",fit: 1,efit: 1,,,0,0,0,0,2,,
2026-04-20 11:20:33,48,19,19,0,"fit: 2, efit: 1",fit: 2,efit: 1,,,0,0,0,0,2,,
2026-04-20 11:52:13,48,19,19,0,"fit: 2, efit: 1",fit: 2,,,,0,0,0,0,2,,
2026-04-20 12:20:08,48,19,19,0,"fit: 2, efit: 1",fit: 2,efit: 1,,,0,0,0,0,2,,
2026-04-20 12:25:09,48,19,19,0,"fit: 1, efit: 1",fit: 1,efit: 1,,,0,0,0,0,2,,
2026-04-20 12:27:19,48,19,19,0,efit: 1,,efit: 1,,,0,0,0,0,2,,
2026-04-20 13:15:57,48,19,19,0,efit: 2,efit: 1,efit: 1,,,0,0,0,0,2,,
2026-04-20 13:51:04,48,19,19,0,efit: 1,,efit: 1,,,0,0,0,0,2,,
2026-04-20 14:00:28,48,19,19,0,efit: 2,efit: 1,efit: 1,,,0,0,0,0,2,,
2026-04-20 14:05:29,48,19,19,0,efit: 4,efit: 3,efit: 1,,,0,0,0,0,2,,
2026-04-20 14:12:36,48,19,19,0,efit: 3,efit: 2,efit: 1,,,0,0,0,0,2,,
2026-04-20 14:20:32,48,19,19,0,efit: 4,efit: 3,efit: 1,,,0,0,0,0,2,,
2026-04-20 14:30:34,48,19,19,0,efit: 5,efit: 4,efit: 1,,,0,0,0,0,2,,
2026-04-20 14:47:41,48,19,19,0,efit: 4,efit: 3,efit: 1,,,0,0,0,0,2,,
2026-04-20 15:00:39,48,19,19,0,efit: 5,efit: 4,efit: 1,,,0,0,0,0,2,,
2026-04-20 15:02:44,48,19,19,0,efit: 4,efit: 3,efit: 1,,,0,0,0,0,2,,
2026-04-20 15:17:47,48,19,19,0,efit: 3,efit: 2,efit: 1,,,0,0,0,0,2,,
2026-04-20 15:20:43,48,19,19,0,efit: 1,,efit: 1,,,0,0,0,0,2,,
2026-04-20 15:25:44,48,19,19,0,efit: 2,efit: 1,efit: 1,,,0,0,0,0,2,,
2026-04-20 15:35:46,48,19,19,0,efit: 3,efit: 2,efit: 1,,,0,0,0,0,2,,
2026-04-20 15:55:50,48,19,19,0,efit: 2,efit: 1,efit: 1,,,0,0,0,0,2,,
2026-04-20 15:56:30,48,19,19,0,efit: 1,,efit: 1,,,0,0,0,0,2,,
2026-04-20 16:36:39,48,19,19,0,efit: 2,efit: 1,efit: 1,,,0,0,0,0,2,,
2026-04-20 16:43:01,48,19,19,0,efit: 3,efit: 2,efit: 1,,,0,0,0,0,2,,
2026-04-20 16:46:00,48,19,19,0,efit: 4,efit: 3,efit: 1,,,0,0,0,0,2,,
2026-04-20 16:51:01,48,19,19,0,efit: 5,efit: 4,efit: 1,,,0,0,0,0,2,,
2026-04-20 16:53:03,48,19,19,0,efit: 7,efit: 6,efit: 1,,,0,0,0,0,2,,
2026-04-20 17:06:45,48,19,19,0,efit: 6,efit: 5,efit: 1,,,0,0,0,0,2,,
2026-04-20 17:11:05,48,19,19,0,efit: 7,efit: 6,efit: 1,,,0,0,0,0,2,,
2026-04-20 17:38:10,48,19,19,0,efit: 6,efit: 5,efit: 1,,,0,0,0,0,2,,
2026-04-20 17:53:13,48,19,19,0,efit: 5,efit: 4,efit: 1,,,0,0,0,0,2,,
2026-04-20 17:56:13,48,19,19,0,"fit: 1, efit: 4","fit: 1, efit: 2",efit: 1,,,0,0,0,0,2,,
2026-04-20 17:56:56,48,19,19,0,"fit: 2, efit: 4","fit: 2, efit: 2",efit: 1,,,0,0,0,0,2,,
2026-04-20 18:03:14,48,19,19,0,"fit: 2, efit: 5","fit: 2, efit: 3",efit: 1,,,0,0,0,0,2,,
2026-04-20 18:11:16,48,19,19,0,"fit: 2, efit: 4","fit: 2, efit: 2",efit: 1,,,0,0,0,0,2,,
2026-04-20 18:18:17,48,19,19,0,"fit: 2, efit: 5","fit: 2, efit: 3",efit: 1,,,0,0,0,0,2,,
2026-04-20 18:48:22,48,19,19,0,"fit: 2, efit: 4","fit: 2, efit: 2",efit: 1,,,0,0,0,0,2,,
2026-04-20 18:53:23,48,19,19,0,"fit: 2, efit: 5","fit: 2, efit: 3",efit: 1,,,0,0,0,0,2,,
2026-04-20 18:58:24,48,19,19,0,"fit: 2, efit: 4","fit: 2, efit: 2",efit: 1,,,0,0,0,0,2,,
2026-04-20 19:08:25,48,19,19,0,"fit: 2, efit: 3","fit: 2, efit: 1",efit: 1,,,0,0,0,0,2,,
2026-04-20 19:26:31,48,19,19,0,"fit: 2, efit: 2",fit: 2,efit: 1,,,0,0,0,0,2,,
2026-04-20 20:01:37,48,19,19,0,"fit: 2, efit: 3","fit: 2, efit: 1",efit: 1,,,0,0,0,0,2,,
2026-04-20 20:11:39,48,19,19,0,efit: 3,efit: 1,efit: 1,,,0,0,0,0,2,,
2026-04-20 20:26:42,48,19,19,0,"fit: 1, efit: 2",fit: 1,efit: 1,,,0,0,0,0,2,,
2026-04-20 20:31:43,48,19,19,0,efit: 2,,efit: 1,,,0,0,0,0,2,,
2026-04-20 21:01:49,48,19,19,0,"fit: 1, efit: 2",fit: 1,efit: 1,,,0,0,0,0,2,,
2026-04-20 21:11:50,48,19,19,0,"fit: 1, efit: 3","fit: 1, efit: 1",efit: 1,,,0,0,0,0,2,,
2026-04-20 21:31:54,48,19,19,0,"fit: 1, efit: 4","fit: 1, efit: 1",efit: 1,,,0,0,0,0,2,,
2026-04-20 21:56:59,48,19,19,0,"fit: 1, efit: 5","fit: 1, efit: 2",efit: 1,,,0,0,0,0,2,,
2026-04-20 22:12:02,48,19,19,0,"fit: 1, efit: 4","fit: 1, efit: 1",efit: 1,,,0,0,0,0,2,,
2026-04-20 22:37:06,48,19,19,0,"fit: 1, efit: 3",fit: 1,efit: 1,,,0,0,0,0,2,,
2026-04-20 23:04:03,48,19,19,0,"fit: 2, efit: 3",fit: 2,efit: 1,,,0,0,0,0,2,,
2026-04-20 23:42:19,48,19,19,0,"fit: 2, efit: 4","fit: 2, efit: 1",efit: 1,,,0,0,0,0,2,,
2026-04-20 23:57:21,48,19,19,0,"fit: 2, efit: 4",fit: 2,efit: 1,,,0,0,0,0,2,,
2026-04-21 00:02:22,48,19,19,0,"fit: 2, efit: 4",fit: 2,efit: 1,,,0,0,0,0,2,,
2026-04-21 01:12:35,48,19,19,0,"fit: 2, efit: 5","fit: 2, efit: 1",efit: 1,,,0,0,0,0,2,,
2026-04-21 01:43:31,48,19,19,0,"fit: 2, efit: 6","fit: 2, efit: 2",efit: 1,,,0,0,0,0,2,,
2026-04-21 01:44:28,48,19,19,0,"fit: 2, efit: 5","fit: 2, efit: 1",efit: 1,,,0,0,0,0,2,,
2026-04-21 07:49:43,48,19,19,0,"fit: 2, efit: 4",fit: 2,efit: 1,,,0,0,0,0,2,,
2026-04-21 08:18:53,48,19,19,0,"fit: 1, efit: 4",fit: 1,efit: 1,,,0,0,0,0,2,,
2026-04-21 08:40:34,48,19,19,0,"fit: 1, efit: 3",fit: 1,efit: 1,,,0,0,0,0,2,,
2026-04-21 08:43:58,48,19,19,0,"fit: 1, efit: 4","fit: 1, efit: 4",,,,0,0,0,0,2,,
2026-04-21 08:59:01,48,19,19,0,"fit: 1, efit: 3","fit: 1, efit: 3",,,,0,0,0,0,2,,
2026-04-21 09:04:02,48,19,19,0,"fit: 1, efit: 2","fit: 1, efit: 2",,,,0,0,0,0,2,,
2026-04-21 09:25:03,48,19,19,0,"fit: 1, efit: 1","fit: 1, efit: 1",,,,0,0,0,0,2,,
2026-04-21 09:49:11,48,19,19,0,"fit: 1, efit: 2","fit: 1, efit: 2",,,,0,0,0,0,2,,
2026-04-21 10:05:12,48,19,19,0,"fit: 1, efit: 1","fit: 1, efit: 1",,,,0,0,0,0,2,,
2026-04-21 10:05:48,48,19,19,0,"fit: 1, efit: 2","fit: 1, efit: 2",,,,0,0,0,0,2,,
2026-04-21 10:14:15,48,19,19,0,"fit: 1, efit: 1","fit: 1, efit: 1",,,,0,0,0,0,2,,
2026-04-21 10:44:21,48,19,19,0,fit: 1,fit: 1,,,,0,0,0,0,2,,
2026-04-21 10:54:23,48,19,19,0,,,,,,0,0,0,0,2,,
2026-04-21 11:24:29,48,19,19,0,efit: 1,efit: 1,,,,0,0,0,0,2,,
2026-04-21 11:25:29,48,19,19,0,,,,,,0,0,0,0,2,,
2026-04-21 11:29:30,48,19,19,0,efit: 1,efit: 1,,,,0,0,0,0,2,,
2026-04-21 11:41:03,48,19,19,0,,,,,,0,0,0,0,2,,
2026-04-21 11:44:33,48,19,19,0,efit: 1,efit: 1,,,,0,0,0,0,2,,
2026-04-21 12:09:37,48,19,19,0,efit: 2,efit: 2,,,,0,0,0,0,2,,
2026-04-21 12:16:09,48,19,19,0,efit: 1,efit: 1,,,,0,0,0,0,2,,
2026-04-21 12:29:41,48,19,19,0,efit: 2,efit: 2,,,,0,0,0,0,2,,
2026-04-21 12:34:42,48,19,19,0,efit: 1,efit: 1,,,,0,0,0,0,2,,
2026-04-21 12:44:44,48,19,19,0,,,,,,0,0,0,0,2,,
2026-04-21 13:15:51,48,19,19,0,efit: 1,efit: 1,,,,0,0,0,0,2,,
2026-04-21 13:29:53,48,19,19,0,,,,,,0,0,0,0,2,,
2026-04-21 14:06:02,48,19,19,0,efit: 1,efit: 1,,,,0,0,0,0,2,,
2026-04-21 14:11:03,48,19,19,0,,,,,,0,0,0,0,2,,
2026-04-21 14:25:04,48,19,19,0,efit: 1,efit: 1,,,,0,0,0,0,2,,
2026-04-21 14:30:05,48,19,19,0,efit: 2,efit: 2,,,,0,0,0,0,2,,
2026-04-21 14:50:09,48,19,19,0,efit: 1,efit: 1,,,,0,0,0,0,2,,
2026-04-21 15:00:11,48,19,19,0,efit: 2,efit: 2,,,,0,0,0,0,2,,
2026-04-21 15:11:16,48,19,19,0,efit: 3,efit: 3,,,,0,0,0,0,2,,
2026-04-21 15:11:37,48,19,19,0,efit: 4,efit: 4,,,,0,0,0,0,2,,
2026-04-21 15:15:14,48,19,19,0,efit: 2,efit: 2,,,,0,0,0,0,2,,
2026-04-21 15:25:16,48,19,19,0,efit: 1,efit: 1,,,,0,0,0,0,2,,
2026-04-21 15:35:18,48,19,19,0,efit: 2,efit: 2,,,,0,0,0,0,2,,
2026-04-21 15:36:21,48,19,19,0,efit: 3,efit: 3,,,,0,0,0,0,2,,
2026-04-21 15:50:21,48,19,19,0,efit: 2,efit: 2,,,,0,0,0,0,2,,
2026-04-21 15:55:22,48,19,19,0,efit: 3,efit: 3,,,,0,0,0,0,2,,
2026-04-21 16:00:23,48,19,19,0,efit: 4,efit: 4,,,,0,0,0,0,2,,
2026-04-21 16:06:27,48,19,19,0,"fit: 1, efit: 4","fit: 1, efit: 4",,,,0,0,0,0,2,,
2026-04-21 16:10:25,48,19,19,0,"fit: 1, efit: 5","fit: 1, efit: 5",,,,0,0,0,0,2,,
2026-04-21 16:20:27,48,19,19,0,"fit: 1, efit: 6","fit: 1, efit: 6",,,,0,0,0,0,2,,
2026-04-21 16:41:35,48,19,19,0,"fit: 1, efit: 5","fit: 1, efit: 5",,,,0,0,0,0,2,,
2026-04-21 16:55:34,48,19,19,0,"fit: 1, efit: 7","fit: 1, efit: 6",,,,0,0,0,0,2,,
2026-04-21 17:05:36,48,19,19,0,"fit: 1, efit: 6","fit: 1, efit: 5",,,,0,0,0,0,2,,
2026-04-21 17:16:42,48,19,19,0,"fit: 1, efit: 5","fit: 1, efit: 4",,,,0,0,0,0,2,,
2026-04-21 17:25:40,48,19,19,0,"fit: 2, efit: 4","fit: 2, efit: 3",,,,0,0,0,0,2,,
2026-04-21 17:30:41,48,19,19,0,"fit: 2, efit: 3","fit: 2, efit: 2",,,,0,0,0,0,2,,
2026-04-21 17:35:42,48,19,19,0,"fit: 2, efit: 2","fit: 2, efit: 1",,,,0,0,0,0,2,,
2026-04-21 17:36:47,48,19,19,0,"fit: 2, efit: 1",fit: 2,,,,0,0,0,0,2,,
2026-04-21 17:40:43,48,19,19,0,efit: 1,,,,,0,0,0,0,2,,
2026-04-21 18:06:53,48,19,19,0,efit: 2,efit: 1,,,,0,0,0,0,2,,
2026-04-21 18:16:55,48,19,19,0,"fit: 1, efit: 2","fit: 1, efit: 1",,,,0,0,0,0,2,,
2026-04-21 18:17:08,48,19,19,0,"fit: 1, efit: 1",fit: 1,,,,0,0,0,0,2,,
2026-04-21 18:30:53,48,19,19,0,"fit: 1, efit: 2","fit: 1, efit: 1",,,,0,0,0,0,2,,
2026-04-21 18:40:55,48,19,19,0,"fit: 1, efit: 3","fit: 1, efit: 2",,,,0,0,0,0,2,,
2026-04-21 18:50:57,48,19,19,0,"fit: 1, efit: 5","fit: 1, efit: 4",,,,0,0,0,0,2,,
2026-04-21 19:02:05,48,19,19,0,"fit: 1, efit: 4","fit: 1, efit: 3",,,,0,0,0,0,2,,
2026-04-21 19:06:01,48,19,19,0,"fit: 1, efit: 3","fit: 1, efit: 2",,,,0,0,0,0,2,,
2026-04-21 19:16:03,48,19,19,0,"fit: 2, efit: 4","fit: 2, efit: 3",,,,0,0,0,0,2,,
2026-04-21 19:21:04,48,19,19,0,"fit: 2, efit: 3","fit: 2, efit: 2",,,,0,0,0,0,2,,
2026-04-21 19:26:05,48,19,19,0,"fit: 2, efit: 6","fit: 2, efit: 5",,,,0,0,0,0,2,,
2026-04-21 19:32:11,48,19,19,0,"fit: 2, efit: 5","fit: 2, efit: 4",,,,0,0,0,0,2,,
2026-04-21 19:46:09,48,19,19,0,"fit: 2, efit: 4","fit: 2, efit: 3",,,,0,0,0,0,2,,
2026-04-21 19:57:16,48,19,19,0,"fit: 2, efit: 5","fit: 2, efit: 4",,,,0,0,0,0,2,,
2026-04-21 20:02:17,48,19,19,0,"fit: 2, efit: 4","fit: 2, efit: 3",,,,0,0,0,0,2,,
2026-04-21 20:07:18,48,19,19,0,"fit: 2, efit: 5","fit: 2, efit: 4",,,,0,0,0,0,2,,
2026-04-21 20:11:13,48,19,19,0,"fit: 2, efit: 2","fit: 2, efit: 1",,,,0,0,0,0,2,,
2026-04-21 20:16:14,48,19,19,0,"fit: 2, efit: 1",fit: 2,,,,0,0,0,0,2,,
2026-04-21 20:32:23,48,19,19,0,"fit: 2, efit: 2","fit: 2, efit: 1",,,,0,0,0,0,2,,
2026-04-21 20:46:20,48,19,19,0,"fit: 2, efit: 3","fit: 2, efit: 2",,,,0,0,0,0,2,,
2026-04-21 20:47:26,48,19,19,0,"fit: 2, efit: 4","fit: 2, efit: 3",,,,0,0,0,0,2,,
2026-04-21 20:51:21,48,19,19,0,"fit: 2, efit: 3","fit: 2, efit: 2",,,,0,0,0,0,2,,
2026-04-21 20:56:22,48,19,19,0,"fit: 2, efit: 2","fit: 2, efit: 1",,,,0,0,0,0,2,,
2026-04-21 21:07:36,48,19,19,0,"fit: 2, efit: 1",fit: 2,,,,0,0,0,0,2,,
2026-04-21 21:16:26,48,19,19,0,"fit: 2, efit: 2","fit: 2, efit: 1",,,,0,0,0,0,2,,
2026-04-21 21:36:30,48,19,19,0,"fit: 2, efit: 1",fit: 2,,,,0,0,0,0,2,,
2026-04-21 22:06:36,48,19,19,0,"fit: 1, efit: 2","fit: 1, efit: 1",,,,0,0,0,0,2,,
2026-04-21 22:26:39,48,19,19,0,"fit: 1, efit: 3","fit: 1, efit: 2",,,,0,0,0,0,2,,
2026-04-21 22:31:40,48,19,19,0,"fit: 1, efit: 2","fit: 1, efit: 1",,,,0,0,0,0,2,,
2026-04-21 23:06:47,48,19,19,0,"fit: 1, efit: 3","fit: 1, efit: 2",,,,0,0,0,0,2,,
2026-04-22 00:01:57,48,19,19,0,"fit: 1, efit: 3","fit: 1, efit: 2",,,,0,0,0,0,2,,
2026-04-22 00:58:08,48,19,19,0,"fit: 1, efit: 2","fit: 1, efit: 1",,,,0,0,0,0,2,,
2026-04-22 01:22:12,48,19,19,0,"fit: 1, efit: 3","fit: 1, efit: 2",,,,0,0,0,0,2,,
2026-04-22 01:27:13,48,19,19,0,"fit: 1, efit: 4","fit: 1, efit: 3",,,,0,0,0,0,2,,
2026-04-22 02:57:30,48,19,19,0,"fit: 1, efit: 5","fit: 1, efit: 4",,,,0,0,0,0,2,,
2026-04-22 07:23:18,48,19,19,0,"fit: 1, efit: 4","fit: 1, efit: 3",,,,0,0,0,0,2,,
2026-04-22 07:49:12,48,19,19,0,"fit: 1, efit: 3","fit: 1, efit: 2",,,,0,0,0,0,2,,
2026-04-22 08:19:17,48,19,19,0,"fit: 1, efit: 2","fit: 1, efit: 1",,,,0,0,0,0,2,,
2026-04-22 08:28:31,48,19,19,0,"fit: 1, efit: 1",fit: 1,,,,0,0,0,0,2,,
2026-04-22 08:38:32,48,19,19,0,efit: 1,,,,,0,0,0,0,2,,
2026-04-22 08:43:33,48,19,19,0,efit: 5,efit: 5,,,,0,0,0,0,2,,
2026-04-22 08:44:21,48,19,19,0,efit: 6,efit: 6,,,,0,0,0,0,2,,
2026-04-22 08:53:35,48,19,19,0,efit: 5,efit: 5,,,,0,0,0,0,2,,
2026-04-22 08:58:36,48,19,19,0,efit: 6,efit: 6,,,,0,0,0,0,2,,
2026-04-22 09:03:37,48,19,19,0,efit: 4,efit: 4,,,,0,0,0,0,2,,
2026-04-22 09:14:26,48,19,19,0,efit: 5,efit: 5,,,,0,0,0,0,2,,
2026-04-22 09:19:27,48,19,19,0,efit: 4,efit: 4,,,,0,0,0,0,2,,
2026-04-22 09:23:41,48,19,19,0,efit: 3,efit: 3,,,,0,0,0,0,2,,
2026-04-22 09:29:56,48,19,19,0,efit: 2,efit: 2,,,,0,0,0,0,2,,
2026-04-22 09:33:43,48,19,19,0,efit: 1,efit: 1,,,,0,0,0,0,2,,
2026-04-22 09:38:44,48,19,19,0,fit: 1,fit: 1,,,,0,0,0,0,2,,
2026-04-22 09:43:45,48,19,19,0,,,,,,0,0,0,0,2,,
2026-04-22 09:58:48,48,19,19,0,efit: 1,efit: 1,,,,0,0,0,0,2,,
2026-04-22 10:04:34,48,19,19,0,efit: 2,efit: 2,,,,0,0,0,0,2,,
2026-04-22 10:19:37,48,19,19,0,efit: 1,efit: 1,,,,0,0,0,0,2,,
2026-04-22 10:28:57,48,19,19,0,,,,,,0,0,0,0,2,,
2026-04-22 10:33:58,48,19,19,0,efit: 2,efit: 2,,,,0,0,0,0,2,,
2026-04-22 10:44:00,48,19,19,0,efit: 1,efit: 1,,,,0,0,0,0,2,,
2026-04-22 11:00:17,48,19,19,0,,,,,,0,0,0,0,2,,
2026-04-22 11:14:06,48,19,19,0,fit: 1,fit: 1,,,,0,0,0,0,2,,
2026-04-22 11:49:13,48,19,19,0,"fit: 1, efit: 1","fit: 1, efit: 1",,,,0,0,0,0,2,,
2026-04-22 11:59:15,48,19,19,0,fit: 1,fit: 1,,,,0,0,0,0,2,,
2026-04-22 11:59:53,48,19,19,0,"fit: 1, efit: 1","fit: 1, efit: 1",,,,0,0,0,0,2,,
2026-04-22 12:04:16,48,19,19,0,"fit: 1, efit: 3","fit: 1, efit: 3",,,,0,0,0,0,2,,
2026-04-22 12:10:32,48,19,19,0,"fit: 1, efit: 1","fit: 1, efit: 1",,,,0,0,0,0,2,,
2026-04-22 12:14:18,48,19,19,0,"fit: 1, efit: 2","fit: 1, efit: 2",,,,0,0,0,0,2,,
2026-04-22 12:15:34,48,19,19,0,"fit: 1, efit: 1","fit: 1, efit: 1",,,,0,0,0,0,2,,
2026-04-22 12:19:19,48,19,19,0,,,,,,0,0,0,0,2,,
2026-04-22 12:19:56,48,19,19,0,efit: 2,efit: 2,,,,0,0,0,0,2,,
2026-04-22 12:20:35,48,19,19,0,efit: 1,efit: 1,,,,0,0,0,0,2,,
2026-04-22 12:34:21,48,19,19,0,efit: 2,efit: 1,,,,0,0,0,0,2,,
2026-04-22 12:39:22,48,19,19,0,efit: 1,,,,,0,0,0,0,2,,
2026-04-22 12:59:26,48,19,19,0,efit: 3,efit: 2,,,,0,0,0,0,2,,
2026-04-22 13:09:28,48,19,19,0,efit: 4,efit: 3,,,,0,0,0,0,2,,
2026-04-22 13:15:46,48,19,19,0,efit: 3,efit: 2,,,,0,0,0,0,2,,
2026-04-22 13:44:35,48,19,19,0,"fit: 1, efit: 3","fit: 1, efit: 2",,,,0,0,0,0,2,,
2026-04-22 13:49:36,48,19,19,0,"fit: 1, efit: 2","fit: 1, efit: 1",,,,0,0,0,0,2,,
2026-04-22 14:04:39,48,19,19,0,efit: 3,efit: 2,,,,0,0,0,0,2,,
2026-04-22 14:05:14,48,19,19,0,"fit: 1, efit: 2","fit: 1, efit: 1",,,,0,0,0,0,2,,
2026-04-22 14:19:42,48,19,19,0,"fit: 1, efit: 3","fit: 1, efit: 2",,,,0,0,0,0,2,,
2026-04-22 14:24:43,48,19,19,0,"fit: 1, efit: 4","fit: 1, efit: 3",,,,0,0,0,0,2,,
2026-04-22 14:31:02,48,19,19,0,"fit: 1, efit: 3","fit: 1, efit: 2",,,,0,0,0,0,2,,
2026-04-22 14:39:46,48,19,19,0,"fit: 1, efit: 2","fit: 1, efit: 1",,,,0,0,0,0,2,,
2026-04-22 15:05:00,48,19,19,0,"fit: 1, efit: 3","fit: 1, efit: 2",,,,0,0,0,0,2,,
2026-04-22 15:10:01,48,19,19,0,"fit: 2, efit: 2","fit: 2, efit: 1",,,,0,0,0,0,2,,
2026-04-22 15:15:02,48,19,19,0,"fit: 3, efit: 3","fit: 3, efit: 2",,,,0,0,0,0,2,,
2026-04-22 15:25:04,48,19,19,0,"fit: 3, efit: 2","fit: 3, efit: 1",,,,0,0,0,0,2,,
2026-04-22 15:35:07,48,19,19,0,"fit: 2, efit: 3","fit: 2, efit: 2",,,,0,0,0,0,2,,
2026-04-22 15:40:07,48,19,19,0,"fit: 2, efit: 4","fit: 2, efit: 3",,,,0,0,0,0,2,,
2026-04-22 15:50:08,48,19,19,0,"fit: 2, efit: 5","fit: 2, efit: 4",,,,0,0,0,0,2,,
2026-04-22 16:00:09,48,19,19,0,"fit: 2, efit: 7","fit: 2, efit: 6",,,,0,0,0,0,2,,
2026-04-22 16:05:10,48,19,19,0,"fit: 2, efit: 8","fit: 2, efit: 6",,,,0,0,0,0,2,,
2026-04-22 16:20:12,48,19,19,0,"fit: 2, efit: 7","fit: 2, efit: 5",,,,0,0,0,0,2,,
2026-04-22 16:30:13,48,19,19,0,"fit: 2, efit: 6","fit: 2, efit: 4",,,,0,0,0,0,2,,
2026-04-22 16:35:14,48,19,19,0,"fit: 3, efit: 5","fit: 3, efit: 3",,,,0,0,0,0,2,,
2026-04-22 16:40:15,48,19,19,0,"fit: 4, efit: 5","fit: 4, efit: 3",,,,0,0,0,0,2,,
2026-04-22 16:45:16,48,19,19,0,"fit: 4, efit: 6","fit: 4, efit: 4",,,,0,0,0,0,2,,
2026-04-22 16:50:16,48,19,19,0,"fit: 5, efit: 5","fit: 5, efit: 3",,,,0,0,0,0,2,,
2026-04-22 16:55:17,48,19,19,0,"fit: 5, efit: 4","fit: 5, efit: 2",,,,0,0,0,0,2,,
2026-04-22 17:00:18,48,19,19,0,"fit: 5, efit: 3","fit: 5, efit: 1",,,,0,0,0,0,2,,
2026-04-22 17:10:20,48,19,19,0,"fit: 5, efit: 2",fit: 5,,,,0,0,0,0,2,,
2026-04-22 17:20:21,48,19,19,0,"fit: 4, efit: 2",fit: 4,,,,0,0,0,0,2,,
2026-04-22 17:35:24,48,19,19,0,"fit: 4, efit: 3","fit: 4, efit: 1",,,,0,0,0,0,2,,
2026-04-22 17:36:16,48,19,19,0,"fit: 4, efit: 4","fit: 4, efit: 2",,,,0,0,0,0,2,,
2026-04-22 17:50:26,48,19,19,0,"fit: 4, efit: 6","fit: 4, efit: 4",,,,0,0,0,0,2,,
2026-04-22 17:51:19,48,19,19,0,"fit: 4, efit: 5","fit: 4, efit: 3",,,,0,0,0,0,2,,
2026-04-22 17:55:27,48,19,19,0,"fit: 4, efit: 4","fit: 4, efit: 2",,,,0,0,0,0,2,,
2026-04-22 18:00:28,48,19,19,0,"fit: 4, efit: 3","fit: 4, efit: 1",,,,0,0,0,0,2,,
2026-04-22 18:01:21,48,19,19,0,"fit: 4, efit: 2",fit: 4,,,,0,0,0,0,2,,
2026-04-22 18:35:34,48,19,19,0,"fit: 4, efit: 4","fit: 4, efit: 2",,,,0,0,0,0,2,,
2026-04-22 18:40:35,48,19,19,0,"fit: 4, efit: 5","fit: 4, efit: 3",,,,0,0,0,0,2,,
2026-04-22 18:45:35,48,19,19,0,"fit: 4, efit: 4","fit: 4, efit: 2",,,,0,0,0,0,2,,
2026-04-22 18:55:37,48,19,19,0,"fit: 5, efit: 4","fit: 5, efit: 2",,,,0,0,0,0,2,,
2026-04-22 19:25:42,48,19,19,0,"fit: 5, efit: 3","fit: 5, efit: 1",,,,0,0,0,0,2,,
2026-04-22 19:35:43,48,19,19,0,"fit: 5, efit: 2",fit: 5,,,,0,0,0,0,2,,
2026-04-22 20:01:02,48,19,19,0,"fit: 5, efit: 3","fit: 5, efit: 1",,,,0,0,0,0,2,,
2026-04-22 20:15:50,48,19,19,0,"fit: 5, efit: 2",fit: 5,,,,0,0,0,0,2,,
2026-04-22 20:25:51,48,19,19,0,"fit: 5, efit: 3","fit: 5, efit: 1",,,,0,0,0,0,2,,
2026-04-22 20:26:07,48,19,19,0,"fit: 5, efit: 2",fit: 5,,,,0,0,0,0,2,,
2026-04-22 20:40:54,48,19,19,0,"fit: 6, efit: 2",fit: 6,,,,0,0,0,0,2,,
2026-04-22 20:45:55,48,19,19,0,"fit: 6, efit: 4","fit: 6, efit: 2",,,,0,0,0,0,2,,
2026-04-22 20:46:54,48,19,19,0,"fit: 6, efit: 5","fit: 6, efit: 3",,,,0,0,0,0,2,,
2026-04-22 20:55:56,48,19,19,0,"fit: 6, efit: 4","fit: 6, efit: 2",,,,0,0,0,0,2,,
2026-04-22 21:00:57,48,19,19,0,"fit: 6, efit: 3","fit: 6, efit: 1",,,,0,0,0,0,2,,
2026-04-22 21:05:58,48,19,19,0,"fit: 6, efit: 4","fit: 6, efit: 2",,,,0,0,0,0,2,,
2026-04-22 21:06:16,48,19,19,0,"fit: 6, efit: 6","fit: 6, efit: 4",,,,0,0,0,0,2,,
2026-04-22 21:10:58,48,19,19,0,"fit: 6, efit: 5","fit: 6, efit: 3",,,,0,0,0,0,2,,
2026-04-22 21:15:59,48,19,19,0,"fit: 6, efit: 6","fit: 6, efit: 4",,,,0,0,0,0,2,,
2026-04-22 21:17:00,48,19,19,0,"fit: 6, efit: 5","fit: 6, efit: 3",,,,0,0,0,0,2,,
2026-04-22 21:21:01,48,19,19,0,"fit: 6, efit: 6","fit: 6, efit: 4",,,,0,0,0,0,2,,
2026-04-22 21:26:01,48,19,19,0,"fit: 6, efit: 5","fit: 6, efit: 3",,,,0,0,0,0,2,,
2026-04-22 21:42:05,48,19,19,0,"fit: 6, efit: 4","fit: 6, efit: 2",,,,0,0,0,0,2,,
2026-04-22 21:51:05,48,19,19,0,"fit: 6, efit: 5","fit: 6, efit: 3",,,,0,0,0,0,2,,
2026-04-22 21:51:25,48,19,19,0,"fit: 6, efit: 7","fit: 6, efit: 5",,,,0,0,0,0,2,,
2026-04-22 22:06:07,48,19,19,0,"fit: 6, efit: 8","fit: 6, efit: 6",,,,0,0,0,0,2,,
2026-04-22 22:51:14,48,19,19,0,"fit: 6, efit: 10","fit: 6, efit: 8",,,,0,0,0,0,2,,
2026-04-22 22:56:15,48,19,19,0,"fit: 6, efit: 12","fit: 6, efit: 10",,,,0,0,0,0,2,,
2026-04-22 23:06:16,48,19,19,0,"fit: 6, efit: 11","fit: 6, efit: 9",,,,0,0,0,0,2,,
2026-04-22 23:26:19,48,19,19,0,"fit: 6, efit: 10","fit: 6, efit: 8",,,,0,0,0,0,2,,
2026-04-23 00:01:24,48,19,19,0,"fit: 6, efit: 10","fit: 6, efit: 8",,,,0,0,0,0,2,,
2026-04-23 00:11:25,48,19,19,0,"fit: 6, efit: 9","fit: 6, efit: 7",,,,0,0,0,0,2,,
2026-04-23 00:26:27,48,19,19,0,"fit: 6, efit: 8","fit: 6, efit: 6",,,,0,0,0,0,2,,
2026-04-23 01:22:46,48,19,19,0,"fit: 6, efit: 10","fit: 6, efit: 8",,,,0,0,0,0,2,,
2026-04-23 02:06:41,48,19,19,0,"fit: 6, efit: 9","fit: 6, efit: 7",,,,0,0,0,0,2,,
2026-04-23 02:57:28,48,19,19,0,"fit: 6, efit: 8","fit: 6, efit: 6",,,,0,0,0,0,2,,
2026-04-23 05:22:09,48,19,19,0,"fit: 6, efit: 9","fit: 6, efit: 7",,,,0,0,0,0,2,,
2026-04-23 06:57:22,48,19,19,0,"fit: 6, efit: 7","fit: 6, efit: 5",,,,0,0,0,0,2,,
2026-04-23 07:22:26,48,19,19,0,"fit: 6, efit: 8","fit: 6, efit: 6",,,,0,0,0,0,2,,
2026-04-23 07:27:26,48,19,19,0,"fit: 6, efit: 7","fit: 6, efit: 5",,,,0,0,0,0,2,,
2026-04-23 07:42:29,48,19,19,0,"fit: 6, efit: 8","fit: 6, efit: 6",,,,0,0,0,0,2,,
2026-04-23 07:47:29,48,19,19,0,"fit: 6, efit: 9","fit: 6, efit: 7",,,,0,0,0,0,2,,
2026-04-23 07:52:30,48,19,19,0,"fit: 6, efit: 6","fit: 6, efit: 4",,,,0,0,0,0,2,,
2026-04-23 07:57:31,48,19,19,0,"fit: 6, efit: 5","fit: 6, efit: 3",,,,0,0,0,0,2,,
2026-04-23 08:27:35,48,19,19,0,"fit: 6, efit: 6","fit: 6, efit: 4",,,,0,0,0,0,2,,
2026-04-23 08:32:36,48,19,19,0,"fit: 6, efit: 5","fit: 6, efit: 3",,,,0,0,0,0,2,,
2026-04-23 08:39:06,48,19,19,0,"fit: 5, efit: 5","fit: 5, efit: 3",,,,0,0,0,0,2,,
2026-04-23 08:52:39,48,19,19,0,"fit: 5, efit: 2",fit: 5,,,,0,0,0,0,2,,
2026-04-23 09:03:43,48,19,19,0,"fit: 4, efit: 2",fit: 4,,,,0,0,0,0,2,,
2026-04-23 09:17:42,48,19,19,0,"fit: 3, efit: 2",fit: 3,,,,0,0,0,0,2,,
2026-04-23 09:22:43,48,19,19,0,"fit: 3, efit: 2","fit: 3, efit: 2",,,,0,0,0,0,2,,
2026-04-23 09:24:15,48,19,19,0,"fit: 3, efit: 1","fit: 3, efit: 1",,,,0,0,0,0,2,,
2026-04-23 09:27:44,48,19,19,0,fit: 3,fit: 3,,,,0,0,0,0,2,,
2026-04-23 09:33:49,48,19,19,0,fit: 2,fit: 2,,,,0,0,0,0,2,,
2026-04-23 09:42:46,48,19,19,0,fit: 1,fit: 1,,,,0,0,0,0,2,,
2026-04-23 09:47:47,48,19,19,0,,,,,,0,0,0,0,2,,
2026-04-23 09:52:48,48,19,19,0,efit: 1,,,,,0,0,0,0,2,,
2026-04-23 10:34:02,48,19,19,0,efit: 2,efit: 1,,,,0,0,0,0,2,,
2026-04-23 10:47:56,48,19,19,0,efit: 1,,,,,0,0,0,0,2,,
2026-04-23 10:54:06,48,19,19,0,efit: 2,efit: 1,,,,0,0,0,0,2,,
2026-04-23 11:02:58,48,19,19,0,efit: 1,,,,,0,0,0,0,2,,
2026-04-23 11:18:01,48,19,19,0,"fit: 1, efit: 1",fit: 1,,,,0,0,0,0,2,,
2026-04-23 12:08:08,48,19,19,0,"fit: 2, efit: 2","fit: 2, efit: 1",,,,0,0,0,0,2,,
2026-04-23 12:19:24,48,19,19,0,"fit: 2, efit: 3","fit: 2, efit: 2",,,,0,0,0,0,2,,
2026-04-23 12:23:10,48,19,19,0,"fit: 2, efit: 1",fit: 2,,,,0,0,0,0,2,,
2026-04-23 12:39:28,48,19,19,0,"fit: 1, efit: 1",fit: 1,,,,0,0,0,0,2,,
2026-04-23 12:48:14,48,19,19,0,"fit: 2, efit: 1",fit: 2,,,,0,0,0,0,2,,
2026-04-23 12:53:15,48,19,19,0,"fit: 1, efit: 1",fit: 1,,,,0,0,0,0,2,,
2026-04-23 12:58:16,48,19,19,0,"fit: 2, efit: 1",fit: 2,,,,0,0,0,0,2,,
2026-04-23 13:08:17,48,19,19,0,"fit: 1, efit: 1",fit: 1,,,,0,0,0,0,2,,
2026-04-23 13:24:37,48,19,19,0,"fit: 1, efit: 2","fit: 1, efit: 1",,,,0,0,0,0,2,,
2026-04-23 13:33:21,48,19,19,0,"fit: 2, efit: 2","fit: 2, efit: 1",,,,0,0,0,0,2,,
2026-04-23 13:34:39,48,19,19,0,"fit: 2, efit: 1",fit: 2,,,,0,0,0,0,2,,
2026-04-23 13:44:41,48,19,19,0,"fit: 1, efit: 1",fit: 1,,,,0,0,0,0,2,,
2026-04-23 13:58:25,48,19,19,0,"fit: 1, efit: 2","fit: 1, efit: 1",,,,0,0,0,0,2,,
2026-04-23 14:00:07,48,19,19,0,"fit: 1, efit: 1","fit: 1, efit: 1",,,,0,0,0,0,2,,
2026-04-23 14:03:25,48,19,19,0,"fit: 1, efit: 2","fit: 1, efit: 2",,,,0,0,0,0,2,,
2026-04-23 14:04:45,48,19,19,0,"fit: 1, efit: 3","fit: 1, efit: 3",,,,0,0,0,0,2,,
2026-04-23 14:05:08,48,19,19,0,"fit: 1, efit: 2","fit: 1, efit: 2",,,,0,0,0,0,2,,
2026-04-23 14:18:28,48,19,19,0,"fit: 1, efit: 1","fit: 1, efit: 1",,,,0,0,0,0,2,,
2026-04-23 14:20:11,48,19,19,0,"fit: 2, efit: 1","fit: 2, efit: 1",,,,0,0,0,0,2,,
2026-04-23 14:29:51,48,19,19,0,"fit: 2, efit: 2","fit: 2, efit: 2",,,,0,0,0,0,2,,
2026-04-23 14:33:30,48,19,19,0,"fit: 2, efit: 3","fit: 2, efit: 3",,,,0,0,0,0,2,,
2026-04-23 14:43:31,48,19,19,0,"fit: 2, efit: 2","fit: 2, efit: 2",,,,0,0,0,0,2,,
2026-04-23 14:48:32,48,19,19,0,"fit: 2, efit: 3","fit: 2, efit: 3",,,,0,0,0,0,2,,
2026-04-23 14:54:56,48,19,19,0,"fit: 2, efit: 2","fit: 2, efit: 2",,,,0,0,0,0,2,,
2026-04-23 15:18:36,48,19,19,0,"fit: 2, efit: 3","fit: 2, efit: 3",,,,0,0,0,0,2,,
2026-04-23 15:23:37,48,19,19,0,"fit: 2, efit: 4","fit: 2, efit: 4",,,,0,0,0,0,2,,
2026-04-23 15:30:04,48,19,19,0,"fit: 3, efit: 5","fit: 3, efit: 5",,,,0,0,0,0,2,,
2026-04-23 15:38:39,48,19,19,0,"fit: 4, efit: 4","fit: 4, efit: 4",,,,0,0,0,0,2,,
2026-04-23 15:43:40,48,19,19,0,"fit: 4, efit: 2","fit: 4, efit: 2",,,,0,0,0,0,2,,
2026-04-23 15:45:07,48,19,19,0,"fit: 4, efit: 1","fit: 4, efit: 1",,,,0,0,0,0,2,,
2026-04-23 15:53:42,48,19,19,0,fit: 5,fit: 5,,,,0,0,0,0,2,,
2026-04-23 15:55:10,48,19,19,0,fit: 4,fit: 4,,,,0,0,0,0,2,,
2026-04-23 16:00:11,48,19,19,0,fit: 3,fit: 3,,,,0,0,0,0,2,,
2026-04-23 16:13:45,48,19,19,0,fit: 2,fit: 2,,,,0,0,0,0,2,,
2026-04-23 16:18:46,48,19,19,0,fit: 3,fit: 3,,,,0,0,0,0,2,,
2026-04-23 16:35:19,48,19,19,0,"fit: 3, efit: 1","fit: 3, efit: 1",,,,0,0,0,0,2,,
2026-04-23 16:43:50,48,19,19,0,"fit: 4, efit: 1","fit: 4, efit: 1",,,,0,0,0,0,2,,
2026-04-23 16:45:21,48,19,19,0,fit: 4,fit: 4,,,,0,0,0,0,2,,
2026-04-23 16:48:51,48,19,19,0,fit: 2,fit: 2,,,,0,0,0,0,2,,
2026-04-23 17:00:24,48,19,19,0,fit: 3,fit: 3,,,,0,0,0,0,2,,
2026-04-23 17:03:53,48,19,19,0,fit: 1,fit: 1,,,,0,0,0,0,2,,
2026-04-23 17:20:29,48,19,19,0,fit: 2,fit: 2,,,,0,0,0,0,2,,
2026-04-23 17:30:31,48,19,19,0,,,,,,0,0,0,0,2,,
2026-04-23 18:19:07,48,19,19,0,fit: 1,fit: 1,,,,0,0,0,0,2,,
2026-04-23 18:25:44,48,19,19,0,,,,,,0,0,0,0,2,,
2026-04-23 18:34:09,48,19,19,0,fit: 1,fit: 1,,,,0,0,0,0,2,,
2026-04-23 18:45:49,48,19,19,0,,,,,,0,0,0,0,2,,
2026-04-23 18:49:12,48,19,19,0,fit: 1,fit: 1,,,,0,0,0,0,2,,
2026-04-23 19:06:11,48,19,19,0,,,,,,0,0,0,0,2,,
2026-04-23 19:09:15,48,19,19,0,efit: 1,efit: 1,,,,0,0,0,0,2,,
2026-04-23 19:14:16,48,19,19,0,,,,,,0,0,0,0,2,,
2026-04-23 19:20:57,48,19,19,0,fit: 1,fit: 1,,,,0,0,0,0,2,,
2026-04-23 19:30:59,48,19,19,0,"fit: 1, efit: 1","fit: 1, efit: 1",,,,0,0,0,0,2,,
2026-04-23 19:36:00,48,19,19,0,fit: 1,fit: 1,,,,0,0,0,0,2,,
2026-04-23 19:56:05,48,19,19,0,"fit: 1, efit: 1","fit: 1, efit: 1",,,,0,0,0,0,2,,
2026-04-23 20:04:24,48,19,19,0,"fit: 1, efit: 2","fit: 1, efit: 2",,,,0,0,0,0,2,,
2026-04-23 20:06:07,48,19,19,0,"fit: 1, efit: 1","fit: 1, efit: 1",,,,0,0,0,0,2,,
2026-04-23 20:09:25,48,19,19,0,"fit: 1, efit: 2","fit: 1, efit: 2",,,,0,0,0,0,2,,
2026-04-23 20:21:11,48,19,19,0,"fit: 1, efit: 3","fit: 1, efit: 3",,,,0,0,0,0,2,,
2026-04-23 20:29:29,48,19,19,0,"fit: 1, efit: 2","fit: 1, efit: 2",,,,0,0,0,0,2,,
2026-04-23 20:31:13,48,19,19,0,"fit: 1, efit: 1","fit: 1, efit: 1",,,,0,0,0,0,2,,
2026-04-23 20:36:14,48,19,19,0,fit: 1,fit: 1,,,,0,0,0,0,2,,
2026-04-23 20:56:18,48,19,19,0,"fit: 1, efit: 1","fit: 1, efit: 1",,,,0,0,0,0,2,,
2026-04-23 20:56:33,48,19,19,0,fit: 1,fit: 1,,,,0,0,0,0,2,,
2026-04-23 20:59:34,48,19,19,0,,,,,,0,0,0,0,2,,
2026-04-23 21:44:41,48,19,19,0,efit: 1,efit: 1,,,,0,0,0,0,2,,
2026-04-23 21:59:43,48,19,19,0,efit: 2,efit: 2,,,,0,0,0,0,2,,
2026-04-23 22:16:36,48,19,19,0,efit: 5,efit: 5,,,,0,0,0,0,2,,
2026-04-23 22:36:40,48,19,19,0,efit: 4,efit: 4,,,,0,0,0,0,2,,
2026-04-23 22:36:52,48,19,19,0,efit: 3,efit: 3,,,,0,0,0,0,2,,
2026-04-23 22:41:41,48,19,19,0,efit: 1,efit: 1,,,,0,0,0,0,2,,
2026-04-23 22:46:42,48,19,19,0,"fit: 1, efit: 1","fit: 1, efit: 1",,,,0,0,0,0,2,,
2026-04-23 22:54:51,48,19,19,0,"fit: 1, efit: 2","fit: 1, efit: 2",,,,0,0,0,0,2,,
2026-04-23 23:04:53,48,19,19,0,"fit: 1, efit: 3","fit: 1, efit: 3",,,,0,0,0,0,2,,
2026-04-23 23:19:55,48,19,19,0,"fit: 1, efit: 5","fit: 1, efit: 5",,,,0,0,0,0,2,,
2026-04-23 23:21:49,48,19,19,0,"fit: 1, efit: 4","fit: 1, efit: 4",,,,0,0,0,0,2,,
2026-04-23 23:26:50,48,19,19,0,"fit: 2, efit: 6","fit: 2, efit: 6",,,,0,0,0,0,2,,
2026-04-23 23:49:59,48,19,19,0,"fit: 2, efit: 9","fit: 2, efit: 9",,,,0,0,0,0,2,,
2026-04-23 23:55:01,48,19,19,0,"fit: 2, efit: 10","fit: 2, efit: 10",,,,0,0,0,0,2,,
2026-04-23 23:56:57,48,19,19,0,"fit: 2, efit: 11","fit: 2, efit: 11",,,,0,0,0,0,2,,
2026-04-23 23:57:07,48,19,19,0,"fit: 2, efit: 12","fit: 2, efit: 12",,,,0,0,0,0,2,,
2026-04-24 00:00:03,48,19,19,0,"fit: 2, efit: 11","fit: 2, efit: 11",,,,0,0,0,0,2,,
2026-04-24 00:25:07,48,19,19,0,"fit: 2, efit: 12","fit: 2, efit: 12",,,,0,0,0,0,2,,
2026-04-24 00:47:08,48,19,19,0,"fit: 2, efit: 14","fit: 2, efit: 14",,,,0,0,0,0,2,,
2026-04-24 00:50:10,48,19,19,0,"fit: 2, efit: 16","fit: 2, efit: 16",,,,0,0,0,0,2,,
2026-04-24 00:52:09,48,19,19,0,"fit: 2, efit: 15","fit: 2, efit: 15",,,,0,0,0,0,2,,
2026-04-24 01:00:12,48,19,19,0,"fit: 2, efit: 16","fit: 2, efit: 16",,,,0,0,0,0,2,,
2026-04-24 02:20:23,48,19,19,0,"fit: 2, efit: 15","fit: 2, efit: 15",,,,0,0,0,0,2,,
2026-04-24 03:22:40,48,19,19,0,"fit: 2, efit: 14","fit: 2, efit: 14",,,,0,0,0,0,2,,
2026-04-24 03:37:43,48,19,19,0,"fit: 2, efit: 13","fit: 2, efit: 13",,,,0,0,0,0,2,,
2026-04-24 03:45:36,48,19,19,0,"fit: 2, efit: 12","fit: 2, efit: 12",,,,0,0,0,0,2,,
2026-04-24 05:15:49,48,19,19,0,"fit: 2, efit: 13","fit: 2, efit: 13",,,,0,0,0,0,2,,
2026-04-24 07:33:26,48,19,19,0,"fit: 2, efit: 12","fit: 2, efit: 12",,,,0,0,0,0,2,,
2026-04-24 07:56:12,48,19,19,0,"fit: 2, efit: 11","fit: 2, efit: 11",,,,0,0,0,0,2,,
2026-04-24 07:58:29,48,19,19,0,"fit: 2, efit: 9","fit: 2, efit: 9",,,,0,0,0,0,2,,
2026-04-24 08:06:14,48,19,19,0,"fit: 2, efit: 8","fit: 2, efit: 8",,,,0,0,0,0,2,,
2026-04-24 08:41:19,48,19,19,0,"fit: 2, efit: 9","fit: 2, efit: 9",,,,0,0,0,0,2,,
2026-04-24 08:51:20,48,19,19,0,"fit: 2, efit: 8","fit: 2, efit: 8",,,,0,0,0,0,2,,
2026-04-24 09:01:22,48,19,19,0,"fit: 2, efit: 7","fit: 2, efit: 7",,,,0,0,0,0,2,,
2026-04-24 09:03:41,48,19,19,0,"fit: 2, efit: 6","fit: 2, efit: 6",,,,0,0,0,0,2,,
2026-04-24 09:08:42,48,19,19,0,"fit: 3, efit: 6","fit: 3, efit: 6",,,,0,0,0,0,2,,
2026-04-24 09:18:44,48,19,19,0,"fit: 3, efit: 7","fit: 3, efit: 7",,,,0,0,0,0,2,,
2026-04-24 09:23:45,48,19,19,0,"fit: 3, efit: 6","fit: 3, efit: 6",,,,0,0,0,0,2,,
2026-04-24 09:26:26,48,19,19,0,"fit: 3, efit: 5","fit: 3, efit: 5",,,,0,0,0,0,2,,
2026-04-24 09:31:26,48,19,19,0,"fit: 3, efit: 6","fit: 3, efit: 6",,,,0,0,0,0,2,,
2026-04-24 09:33:47,48,19,19,0,"fit: 3, efit: 5","fit: 3, efit: 5",,,,0,0,0,0,2,,
2026-04-24 09:36:27,48,19,19,0,"fit: 3, efit: 3","fit: 3, efit: 3",,,,0,0,0,0,2,,
2026-04-24 09:41:28,48,19,19,0,"fit: 3, efit: 2","fit: 3, efit: 2",,,,0,0,0,0,2,,
2026-04-24 10:01:31,48,19,19,0,"fit: 3, efit: 3","fit: 3, efit: 3",,,,0,0,0,0,2,,
2026-04-24 10:03:53,48,19,19,0,"fit: 3, efit: 1","fit: 3, efit: 1",,,,0,0,0,0,2,,
2026-04-24 10:11:33,48,19,19,0,fit: 3,fit: 3,,,,0,0,0,0,2,,
2026-04-24 10:16:34,48,19,19,0,fit: 1,fit: 1,,,,0,0,0,0,2,,
2026-04-24 10:18:56,48,19,19,0,,,,,,0,0,0,0,2,,
2026-04-24 10:26:35,48,19,19,0,efit: 1,efit: 1,,,,0,0,0,0,2,,
2026-04-24 10:33:59,48,19,19,0,,,,,,0,0,0,0,2,,
2026-04-24 10:39:00,48,19,19,0,efit: 1,efit: 1,,,,0,0,0,0,2,,
2026-04-24 10:41:38,48,19,19,0,,,,,,0,0,0,0,2,,
2026-04-24 11:04:06,48,19,19,0,efit: 1,efit: 1,,,,0,0,0,0,2,,
2026-04-24 11:14:07,48,19,19,0,,,,,,0,0,0,0,2,,
2026-04-24 11:51:48,48,19,19,0,fit: 2,fit: 2,,,,0,0,0,0,2,,
2026-04-24 11:54:15,48,19,19,0,"fit: 2, efit: 3","fit: 2, efit: 3",,,,0,0,0,0,2,,
2026-04-24 11:59:16,48,19,19,0,"fit: 2, efit: 8","fit: 2, efit: 8",,,,0,0,0,0,2,,
2026-04-24 12:04:17,48,19,19,0,"fit: 2, efit: 9","fit: 2, efit: 9",,,,0,0,0,0,2,,
2026-04-24 12:06:51,48,19,19,0,"fit: 2, efit: 10","fit: 2, efit: 10",,,,0,0,0,0,2,,
2026-04-24 12:09:18,48,19,19,0,"fit: 2, efit: 12","fit: 2, efit: 12",,,,0,0,0,0,2,,
2026-04-24 12:11:52,48,19,19,0,"fit: 2, efit: 13","fit: 2, efit: 13",,,,0,0,0,0,2,,
2026-04-24 12:19:20,48,19,19,0,"fit: 2, efit: 12","fit: 2, efit: 12",,,,0,0,0,0,2,,
2026-04-24 12:26:54,48,19,19,0,"fit: 2, efit: 13","fit: 2, efit: 13",,,,0,0,0,0,2,,
2026-04-24 12:39:23,48,19,19,0,"fit: 2, efit: 12","fit: 2, efit: 12",,,,0,0,0,0,2,,
2026-04-24 12:44:24,48,19,19,0,"fit: 2, efit: 13","fit: 2, efit: 13",,,,0,0,0,0,2,,
2026-04-24 12:56:59,48,19,19,0,"fit: 2, efit: 14","fit: 2, efit: 14",,,,0,0,0,0,2,,
2026-04-24 13:04:28,48,19,19,0,"fit: 2, efit: 15","fit: 2, efit: 15",,,,0,0,0,0,2,,
2026-04-24 13:07:00,48,19,19,0,"fit: 2, efit: 16","fit: 2, efit: 16",,,,0,0,0,0,2,,
2026-04-24 13:09:29,48,19,19,0,"fit: 2, efit: 15","fit: 2, efit: 15",,,,0,0,0,0,2,,
2026-04-24 13:12:01,48,19,19,0,"fit: 2, efit: 14","fit: 2, efit: 14",,,,0,0,0,0,2,,
2026-04-24 13:24:32,48,19,19,0,"fit: 2, efit: 11","fit: 2, efit: 11",,,,0,0,0,0,2,,
2026-04-24 13:44:36,48,19,19,0,"fit: 2, efit: 9","fit: 2, efit: 9",,,,0,0,0,0,2,,
2026-04-24 13:47:06,48,19,19,0,"fit: 2, efit: 8","fit: 2, efit: 8",,,,0,0,0,0,2,,
2026-04-24 13:49:37,48,19,19,0,"fit: 4, efit: 4","fit: 4, efit: 4",,,,0,0,0,0,2,,
2026-04-24 13:52:07,48,19,19,0,"fit: 4, efit: 5","fit: 4, efit: 5",,,,0,0,0,0,2,,
2026-04-24 13:54:38,48,19,19,0,"fit: 4, efit: 4","fit: 4, efit: 4",,,,0,0,0,0,2,,
2026-04-24 13:57:08,48,19,19,0,"fit: 4, efit: 5","fit: 4, efit: 5",,,,0,0,0,0,2,,
2026-04-24 14:04:40,48,19,19,0,"fit: 4, efit: 6","fit: 4, efit: 6",,,,0,0,0,0,2,,
2026-04-24 14:07:09,48,19,19,0,"fit: 4, efit: 7","fit: 4, efit: 7",,,,0,0,0,0,2,,
2026-04-24 14:09:41,48,19,19,0,"fit: 4, efit: 6","fit: 4, efit: 6",,,,0,0,0,0,2,,
2026-04-24 14:12:10,48,19,19,0,"fit: 4, efit: 5","fit: 4, efit: 5",,,,0,0,0,0,2,,
2026-04-24 14:14:42,48,19,19,0,"fit: 4, efit: 4","fit: 4, efit: 4",,,,0,0,0,0,2,,
2026-04-24 14:17:11,48,19,19,0,"fit: 4, efit: 3","fit: 4, efit: 3",,,,0,0,0,0,2,,
2026-04-24 14:24:44,48,19,19,0,"fit: 5, efit: 3","fit: 5, efit: 3",,,,0,0,0,0,2,,
2026-04-24 14:39:46,48,19,19,0,"fit: 5, efit: 1","fit: 5, efit: 1",,,,0,0,0,0,2,,
2026-04-24 14:54:49,48,19,19,0,fit: 4,fit: 4,,,,0,0,0,0,2,,
2026-04-24 14:59:50,48,19,19,0,"fit: 4, efit: 1","fit: 4, efit: 1",,,,0,0,0,0,2,,
2026-04-24 15:14:53,48,19,19,0,fit: 4,fit: 4,,,,0,0,0,0,2,,
2026-04-24 15:24:55,48,19,19,0,"fit: 4, efit: 1","fit: 4, efit: 1",,,,0,0,0,0,2,,
2026-04-24 15:27:21,48,19,19,0,fit: 3,fit: 3,,,,0,0,0,0,2,,
2026-04-24 15:32:22,48,19,19,0,"fit: 3, efit: 1","fit: 3, efit: 1",,,,0,0,0,0,2,,
2026-04-24 15:37:23,48,19,19,0,fit: 1,fit: 1,,,,0,0,0,0,2,,
2026-04-24 15:42:24,48,19,19,0,,,,,,0,0,0,0,2,,
2026-04-24 16:00:03,48,19,19,0,efit: 1,efit: 1,,,,0,0,0,0,2,,
2026-04-24 16:02:27,48,19,19,0,,,,,,0,0,0,0,2,,
2026-04-24 16:12:28,48,19,19,0,efit: 2,efit: 2,,,,0,0,0,0,2,,
2026-04-24 16:15:06,48,19,19,0,,,,,,0,0,0,0,2,,
2026-04-24 17:17:38,48,19,19,0,efit: 1,efit: 1,,,,0,0,0,0,2,,
2026-04-24 17:20:19,48,19,19,0,,,,,,0,0,0,0,2,,
2026-04-24 17:52:44,48,19,19,0,fit: 1,fit: 1,,,,0,0,0,0,2,,
2026-04-24 18:10:28,48,19,19,0,,,,,,0,0,0,0,2,,
2026-04-24 18:55:37,48,19,19,0,fit: 1,fit: 1,,,,0,0,0,0,2,,
2026-04-24 19:02:55,48,19,19,0,"fit: 1, efit: 1","fit: 1, efit: 1",,,,0,0,0,0,2,,
2026-04-24 19:05:39,48,19,19,0,fit: 1,fit: 1,,,,0,0,0,0,2,,
2026-04-24 19:22:57,48,19,19,0,"fit: 1, efit: 1","fit: 1, efit: 1",,,,0,0,0,0,2,,
2026-04-24 19:58:03,48,19,19,0,fit: 1,fit: 1,,,,0,0,0,0,2,,
2026-04-24 20:28:08,48,19,19,0,"fit: 1, efit: 1","fit: 1, efit: 1",,,,0,0,0,0,2,,
2026-04-24 20:30:56,48,19,19,0,fit: 1,fit: 1,,,,0,0,0,0,2,,
2026-04-24 20:35:57,48,19,19,0,,,,,,0,0,0,0,2,,
2026-04-24 21:16:20,48,19,19,0,efit: 1,efit: 1,,,,0,0,0,0,2,,
2026-04-24 21:48:20,48,19,19,0,,,,,,0,0,0,0,2,,
2026-04-24 21:58:21,48,19,19,0,efit: 1,efit: 1,,,,0,0,0,0,2,,
2026-04-24 22:23:25,48,19,19,0,efit: 3,efit: 3,,,,0,0,0,0,2,,
2026-04-24 22:33:26,48,19,19,0,efit: 4,efit: 4,,,,0,0,0,0,2,,
2026-04-24 22:36:20,48,19,19,0,efit: 2,efit: 2,,,,0,0,0,0,2,,
2026-04-24 22:46:22,48,19,19,0,"fit: 1, efit: 4","fit: 1, efit: 4",,,,0,0,0,0,2,,
2026-04-24 22:48:28,48,19,19,0,"fit: 1, efit: 3","fit: 1, efit: 3",,,,0,0,0,0,2,,
2026-04-24 22:51:22,48,19,19,0,"fit: 1, efit: 4","fit: 1, efit: 4",,,,0,0,0,0,2,,
2026-04-24 22:56:23,48,19,19,0,"fit: 1, efit: 2","fit: 1, efit: 2",,,,0,0,0,0,2,,
2026-04-24 22:56:41,48,19,19,0,"fit: 1, efit: 1","fit: 1, efit: 1",,,,0,0,0,0,2,,
2026-04-24 23:01:24,48,19,19,0,"fit: 2, efit: 1","fit: 2, efit: 1",,,,0,0,0,0,2,,
2026-04-24 23:43:36,48,19,19,0,fit: 2,fit: 2,,,,0,0,0,0,2,,
2026-04-24 23:46:32,48,19,19,0,,,,,,0,0,0,0,2,,
2026-04-25 00:01:35,48,19,19,0,,,,,,0,0,0,0,2,,
2026-04-25 00:46:43,48,19,19,0,efit: 1,efit: 1,,,,0,0,0,0,2,,
2026-04-25 00:58:47,48,19,19,0,efit: 3,efit: 3,,,,0,0,0,0,2,,
2026-04-25 01:13:49,48,19,19,0,efit: 2,efit: 2,,,,0,0,0,0,2,,
2026-04-25 01:26:50,48,19,19,0,efit: 1,efit: 1,,,,0,0,0,0,2,,
2026-04-25 01:31:51,48,19,19,0,,,,,,0,0,0,0,2,,
2026-04-25 01:46:54,48,19,19,0,efit: 1,efit: 1,,,,0,0,0,0,2,,
2026-04-25 01:56:56,48,19,19,0,,,,,,0,0,0,0,2,,
2026-04-25 01:58:55,48,19,19,0,fit: 1,fit: 1,,,,0,0,0,0,2,,
2026-04-25 02:01:57,48,19,19,0,,,,,,0,0,0,0,2,,
2026-04-25 02:06:58,48,19,19,0,efit: 1,efit: 1,,,,0,0,0,0,2,,
2026-04-25 03:22:11,48,19,19,0,efit: 2,efit: 2,,,,0,0,0,0,2,,
2026-04-25 05:47:37,48,19,19,0,efit: 1,efit: 1,,,,0,0,0,0,2,,
2026-04-25 06:02:39,48,19,19,0,efit: 2,efit: 2,,,,0,0,0,0,2,,
2026-04-25 07:58:00,48,19,19,0,efit: 1,efit: 1,,,,0,0,0,0,2,,
2026-04-25 08:23:05,48,19,19,0,,,,,,0,0,0,0,2,,
2026-04-25 10:18:25,48,19,19,0,efit: 1,efit: 1,,,,0,0,0,0,2,,
2026-04-25 10:28:27,48,19,19,0,,,,,,0,0,0,0,2,,
2026-04-25 14:04:08,48,19,19,0,efit: 1,efit: 1,,,,0,0,0,0,2,,
2026-04-25 14:24:11,48,19,19,0,,,,,,0,0,0,0,2,,
2026-04-25 14:34:13,48,19,19,0,fit: 1,fit: 1,,,,0,0,0,0,2,,
2026-04-25 14:44:15,48,19,19,0,,,,,,0,0,0,0,2,,
2026-04-25 14:55:45,48,19,19,0,efit: 1,efit: 1,,,,0,0,0,0,2,,
2026-04-25 15:04:19,48,19,19,0,,,,,,0,0,0,0,2,,
2026-04-25 15:15:48,48,19,19,0,fit: 1,fit: 1,,,,0,0,0,0,2,,
2026-04-25 15:20:01,48,19,19,0,efit: 1,efit: 1,,,,0,0,0,0,2,,
2026-04-25 15:20:49,48,19,19,0,fit: 1,fit: 1,,,,0,0,0,0,2,,
2026-04-25 15:29:23,48,19,19,0,"fit: 1, efit: 1","fit: 1, efit: 1",,,,0,0,0,0,2,,
2026-04-25 15:44:26,48,19,19,0,"fit: 1, efit: 2","fit: 1, efit: 2",,,,0,0,0,0,2,,
2026-04-25 15:54:28,48,19,19,0,"fit: 1, efit: 3","fit: 1, efit: 3",,,,0,0,0,0,2,,
2026-04-25 16:04:30,48,19,19,0,"fit: 1, efit: 4","fit: 1, efit: 4",,,,0,0,0,0,2,,
2026-04-25 16:05:56,48,19,19,0,"fit: 1, efit: 5","fit: 1, efit: 5",,,,0,0,0,0,2,,
2026-04-25 16:14:32,48,19,19,0,"fit: 1, efit: 4","fit: 1, efit: 4",,,,0,0,0,0,2,,
2026-04-25 16:20:14,48,19,19,0,"fit: 1, efit: 2","fit: 1, efit: 2",,,,0,0,0,0,2,,
2026-04-25 16:20:58,48,19,19,0,efit: 2,efit: 2,,,,0,0,0,0,2,,
2026-04-25 16:24:34,48,19,19,0,efit: 1,efit: 1,,,,0,0,0,0,2,,
2026-04-25 16:29:35,48,19,19,0,,,,,,0,0,0,0,2,,
2026-04-25 16:30:16,48,19,19,0,efit: 1,efit: 1,,,,0,0,0,0,2,,
2026-04-25 16:30:59,48,19,19,0,,,,,,0,0,0,0,2,,
2026-04-25 17:04:42,48,19,19,0,fit: 1,fit: 1,,,,0,0,0,0,2,,
2026-04-25 17:29:47,48,19,19,0,"fit: 1, efit: 2","fit: 1, efit: 2",,,,0,0,0,0,2,,
2026-04-25 17:41:10,48,19,19,0,"fit: 2, efit: 2","fit: 2, efit: 2",,,,0,0,0,0,2,,
2026-04-25 17:44:50,48,19,19,0,"fit: 2, efit: 1","fit: 2, efit: 1",,,,0,0,0,0,2,,
2026-04-25 17:46:11,48,19,19,0,"fit: 2, efit: 2","fit: 2, efit: 2",,,,0,0,0,0,2,,
2026-04-25 17:49:51,48,19,19,0,"fit: 2, efit: 3","fit: 2, efit: 3",,,,0,0,0,0,2,,
2026-04-25 17:50:34,48,19,19,0,"fit: 2, efit: 4","fit: 2, efit: 4",,,,0,0,0,0,2,,
2026-04-25 17:59:53,48,19,19,0,"fit: 2, efit: 3","fit: 2, efit: 3",,,,0,0,0,0,2,,
2026-04-25 18:01:13,48,19,19,0,"fit: 2, efit: 4","fit: 2, efit: 4",,,,0,0,0,0,2,,
2026-04-25 18:04:54,48,19,19,0,"fit: 2, efit: 6","fit: 2, efit: 6",,,,0,0,0,0,2,,
2026-04-25 18:06:14,48,19,19,0,"fit: 2, efit: 4","fit: 2, efit: 4",,,,0,0,0,0,2,,
2026-04-25 18:09:54,48,19,19,0,"fit: 2, efit: 3","fit: 2, efit: 3",,,,0,0,0,0,2,,
2026-04-25 18:14:55,48,19,19,0,"fit: 2, efit: 4","fit: 2, efit: 4",,,,0,0,0,0,2,,
2026-04-25 18:24:57,48,19,19,0,"fit: 2, efit: 5","fit: 2, efit: 5",,,,0,0,0,0,2,,
2026-04-25 18:35:43,48,19,19,0,"fit: 2, efit: 4","fit: 2, efit: 4",,,,0,0,0,0,2,,
2026-04-25 18:50:02,48,19,19,0,"fit: 2, efit: 5","fit: 2, efit: 5",,,,0,0,0,0,2,,
2026-04-25 18:55:03,48,19,19,0,"fit: 2, efit: 2","fit: 2, efit: 2",,,,0,0,0,0,2,,
2026-04-25 18:55:47,48,19,19,0,"fit: 2, efit: 1","fit: 2, efit: 1",,,,0,0,0,0,2,,
2026-04-25 19:15:07,48,19,19,0,"fit: 2, efit: 2","fit: 2, efit: 2",,,,0,0,0,0,2,,
2026-04-25 19:25:09,48,19,19,0,"fit: 2, efit: 3","fit: 2, efit: 3",,,,0,0,0,0,2,,
2026-04-25 19:31:27,48,19,19,0,"fit: 2, efit: 4","fit: 2, efit: 4",,,,0,0,0,0,2,,
2026-04-25 19:56:00,48,19,19,0,"fit: 2, efit: 3","fit: 2, efit: 3",,,,0,0,0,0,2,,
2026-04-25 20:10:18,48,19,19,0,"fit: 2, efit: 2","fit: 2, efit: 2",,,,0,0,0,0,2,,
2026-04-25 20:15:19,48,19,19,0,"fit: 2, efit: 3","fit: 2, efit: 3",,,,0,0,0,0,2,,
2026-04-25 20:25:21,48,19,19,0,"fit: 2, efit: 2","fit: 2, efit: 2",,,,0,0,0,0,2,,
2026-04-25 20:35:22,48,19,19,0,"fit: 2, efit: 1","fit: 2, efit: 1",,,,0,0,0,0,2,,
2026-04-25 20:36:09,48,19,19,0,fit: 1,fit: 1,,,,0,0,0,0,2,,
2026-04-25 21:01:14,48,19,19,0,"fit: 1, efit: 1","fit: 1, efit: 1",,,,0,0,0,0,2,,
2026-04-25 21:15:30,48,19,19,0,"fit: 1, efit: 2","fit: 1, efit: 2",,,,0,0,0,0,2,,
2026-04-25 21:30:33,48,19,19,0,"fit: 1, efit: 1","fit: 1, efit: 1",,,,0,0,0,0,2,,
2026-04-25 21:50:37,48,19,19,0,"fit: 1, efit: 4","fit: 1, efit: 4",,,,0,0,0,0,2,,
2026-04-25 22:10:40,48,19,19,0,"fit: 1, efit: 3","fit: 1, efit: 3",,,,0,0,0,0,2,,
2026-04-25 22:11:28,48,19,19,0,"fit: 1, efit: 4","fit: 1, efit: 4",,,,0,0,0,0,2,,
2026-04-25 22:15:41,48,19,19,0,"fit: 1, efit: 3","fit: 1, efit: 3",,,,0,0,0,0,2,,
2026-04-25 22:25:43,48,19,19,0,"fit: 1, efit: 2","fit: 1, efit: 2",,,,0,0,0,0,2,,
2026-04-25 22:35:45,48,19,19,0,fit: 1,fit: 1,,,,0,0,0,0,2,,
2026-04-26 00:01:01,48,19,19,0,fit: 1,fit: 1,,,,0,0,0,0,2,,
2026-04-26 01:17:06,48,19,19,0,"fit: 1, efit: 2","fit: 1, efit: 2",,,,0,0,0,0,2,,
2026-04-26 01:41:19,48,19,19,0,"fit: 1, efit: 3","fit: 1, efit: 3",,,,0,0,0,0,2,,
2026-04-26 02:46:31,48,19,19,0,"fit: 1, efit: 4","fit: 1, efit: 4",,,,0,0,0,0,2,,
2026-04-26 02:51:32,48,19,19,0,"fit: 1, efit: 3","fit: 1, efit: 3",,,,0,0,0,0,2,,
2026-04-26 03:16:36,48,19,19,0,"fit: 1, efit: 2","fit: 1, efit: 2",,,,0,0,0,0,2,,
2026-04-26 03:41:41,48,19,19,0,"fit: 1, efit: 1","fit: 1, efit: 1",,,,0,0,0,0,2,,
2026-04-26 04:41:52,48,19,19,0,"fit: 1, efit: 2","fit: 1, efit: 2",,,,0,0,0,0,2,,
2026-04-26 07:32:22,48,19,19,0,"fit: 1, efit: 1","fit: 1, efit: 1",,,,0,0,0,0,2,,
2026-04-26 07:37:23,48,19,19,0,"fit: 1, efit: 2","fit: 1, efit: 2",,,,0,0,0,0,2,,
2026-04-26 08:08:11,48,19,19,0,"fit: 1, efit: 1","fit: 1, efit: 1",,,,0,0,0,0,2,,
2026-04-26 09:13:40,48,19,19,0,"fit: 1, efit: 2","fit: 1, efit: 2",,,,0,0,0,0,2,,
2026-04-26 09:37:45,48,19,19,0,"fit: 1, efit: 1","fit: 1, efit: 1",,,,0,0,0,0,2,,
2026-04-26 09:42:46,48,19,19,0,fit: 1,fit: 1,,,,0,0,0,0,2,,
2026-04-26 10:17:53,48,19,19,0,"fit: 1, efit: 1","fit: 1, efit: 1",,,,0,0,0,0,2,,
2026-04-26 10:32:55,48,19,19,0,fit: 1,fit: 1,,,,0,0,0,0,2,,
2026-04-26 10:42:57,48,19,19,0,,,,,,0,0,0,0,2,,
2026-04-26 12:08:14,48,19,19,0,efit: 1,efit: 1,,,,0,0,0,0,2,,
2026-04-26 12:23:17,48,19,19,0,efit: 3,efit: 3,,,,0,0,0,0,2,,
2026-04-26 12:23:48,48,19,19,0,efit: 2,efit: 2,,,,0,0,0,0,2,,
2026-04-26 12:28:17,48,19,19,0,efit: 1,efit: 1,,,,0,0,0,0,2,,
2026-04-26 12:38:20,48,19,19,0,,,,,,0,0,0,0,2,,
2026-04-26 13:13:26,48,19,19,0,efit: 1,efit: 1,,,,0,0,0,0,2,,
2026-04-26 13:18:27,48,19,19,0,,,,,,0,0,0,0,2,,
2026-04-26 14:09:43,48,19,19,0,efit: 1,efit: 1,,,,0,0,0,0,2,,
2026-04-26 14:13:38,48,19,19,0,efit: 2,efit: 2,,,,0,0,0,0,2,,
2026-04-26 14:23:40,48,19,19,0,,,,,,0,0,0,0,2,,
2026-04-26 14:58:48,48,19,19,0,efit: 1,,efit: 1,,,0,0,0,0,2,,
2026-04-26 15:33:55,48,19,19,0,efit: 1,efit: 1,,,,0,0,0,0,2,,
2026-04-26 15:35:02,48,19,19,0,efit: 3,efit: 3,,,,0,0,0,0,2,,
2026-04-26 15:38:56,48,19,19,0,efit: 4,efit: 4,,,,0,0,0,0,2,,
2026-04-26 15:59:00,48,19,19,0,efit: 3,efit: 3,,,,0,0,0,0,2,,
2026-04-26 15:59:21,48,19,19,0,efit: 2,efit: 2,,,,0,0,0,0,2,,
2026-04-26 16:04:01,48,19,19,0,efit: 1,efit: 1,,,,0,0,0,0,2,,
2026-04-26 16:09:02,48,19,19,0,efit: 1,,,,,0,0,0,0,2,,
2026-04-26 16:19:04,48,19,19,0,efit: 2,efit: 1,,,,0,0,0,0,2,,
2026-04-26 16:24:05,48,19,19,0,efit: 3,efit: 2,,,,0,0,0,0,2,,
2026-04-26 16:34:07,48,19,19,0,efit: 4,efit: 3,,,,0,0,0,0,2,,
2026-04-26 16:44:09,48,19,19,0,efit: 3,efit: 2,,,,0,0,0,0,2,,
2026-04-26 16:49:09,48,19,19,0,efit: 2,efit: 1,,,,0,0,0,0,2,,
2026-04-26 16:59:11,48,19,19,0,efit: 4,efit: 3,,,,0,0,0,0,2,,
2026-04-26 17:04:31,48,19,19,0,efit: 3,efit: 3,,,,0,0,0,0,2,,
2026-04-26 17:34:18,48,19,19,0,efit: 4,efit: 4,,,,0,0,0,0,2,,
2026-04-26 17:59:23,48,19,19,0,efit: 3,efit: 3,,,,0,0,0,0,2,,
2026-04-26 18:04:24,48,19,19,0,efit: 4,efit: 4,,,,0,0,0,0,2,,
2026-04-26 18:14:26,48,19,19,0,efit: 3,efit: 3,,,,0,0,0,0,2,,
2026-04-26 18:29:29,48,19,19,0,efit: 2,efit: 2,,,,0,0,0,0,2,,
2026-04-26 18:34:30,48,19,19,0,efit: 1,efit: 1,,,,0,0,0,0,2,,
2026-04-26 18:39:31,48,19,19,0,"fit: 1, efit: 2","fit: 1, efit: 2",,,,0,0,0,0,2,,
2026-04-26 18:40:43,48,19,19,0,"fit: 1, efit: 3","fit: 1, efit: 3",,,,0,0,0,0,2,,
2026-04-26 18:45:44,48,19,19,0,"fit: 2, efit: 3","fit: 2, efit: 3",,,,0,0,0,0,2,,
2026-04-26 19:04:36,48,19,19,0,"fit: 1, efit: 2","fit: 1, efit: 2",,,,0,0,0,0,2,,
2026-04-26 19:05:48,48,19,19,0,"fit: 1, efit: 3","fit: 1, efit: 3",,,,0,0,0,0,2,,
2026-04-26 19:09:37,48,19,19,0,"fit: 1, efit: 1","fit: 1, efit: 1",,,,0,0,0,0,2,,
2026-04-26 19:10:49,48,19,19,0,"fit: 1, efit: 2","fit: 1, efit: 2",,,,0,0,0,0,2,,
2026-04-26 19:14:38,48,19,19,0,"fit: 1, efit: 5","fit: 1, efit: 5",,,,0,0,0,0,2,,
2026-04-26 19:29:41,48,19,19,0,"fit: 1, efit: 3","fit: 1, efit: 3",,,,0,0,0,0,2,,
2026-04-26 19:34:42,48,19,19,0,"fit: 1, efit: 4","fit: 1, efit: 4",,,,0,0,0,0,2,,
2026-04-26 19:35:55,48,19,19,0,"fit: 1, efit: 5","fit: 1, efit: 5",,,,0,0,0,0,2,,
2026-04-26 19:39:43,48,19,19,0,"fit: 1, efit: 6","fit: 1, efit: 6",,,,0,0,0,0,2,,
2026-04-26 20:09:49,48,19,19,0,"fit: 1, efit: 5","fit: 1, efit: 5",,,,0,0,0,0,2,,
2026-04-26 20:19:51,48,19,19,0,"fit: 1, efit: 8","fit: 1, efit: 8",,,,0,0,0,0,2,,
2026-04-26 20:39:54,48,19,19,0,"fit: 1, efit: 7","fit: 1, efit: 7",,,,0,0,0,0,2,,
2026-04-26 20:54:57,48,19,19,0,"fit: 1, efit: 6","fit: 1, efit: 6",,,,0,0,0,0,2,,
2026-04-26 20:56:13,48,19,19,0,"fit: 1, efit: 4","fit: 1, efit: 4",,,,0,0,0,0,2,,
2026-04-26 20:59:58,48,19,19,0,"fit: 1, efit: 3","fit: 1, efit: 3",,,,0,0,0,0,2,,
2026-04-26 21:20:03,48,19,19,0,"fit: 1, efit: 2","fit: 1, efit: 2",,,,0,0,0,0,2,,
2026-04-26 21:40:06,48,19,19,0,"fit: 1, efit: 3","fit: 1, efit: 3",,,,0,0,0,0,2,,
2026-04-26 21:46:23,48,19,19,0,"fit: 1, efit: 2","fit: 1, efit: 2",,,,0,0,0,0,2,,
2026-04-26 21:55:09,48,19,19,0,"fit: 1, efit: 4","fit: 1, efit: 4",,,,0,0,0,0,2,,
2026-04-26 22:30:16,48,19,19,0,"fit: 1, efit: 6","fit: 1, efit: 6",,,,0,0,0,0,2,,
2026-04-26 22:35:17,48,19,19,0,"fit: 1, efit: 5","fit: 1, efit: 5",,,,0,0,0,0,2,,
2026-04-26 22:45:19,48,19,19,0,"fit: 1, efit: 6","fit: 1, efit: 6",,,,0,0,0,0,2,,
2026-04-26 23:50:31,48,19,19,0,"fit: 1, efit: 7","fit: 1, efit: 7",,,,0,0,0,0,2,,
2026-04-27 00:00:32,48,19,19,0,"fit: 1, efit: 8","fit: 1, efit: 8",,,,0,0,0,0,2,,
2026-04-27 00:16:54,48,19,19,0,"fit: 1, efit: 7","fit: 1, efit: 7",,,,0,0,0,0,2,,
2026-04-27 00:20:33,48,19,19,0,"fit: 1, efit: 9","fit: 1, efit: 9",,,,0,0,0,0,2,,
2026-04-27 00:25:34,48,19,19,0,"fit: 2, efit: 8","fit: 2, efit: 8",,,,0,0,0,0,2,,
2026-04-27 00:35:35,48,19,19,0,"fit: 2, efit: 9","fit: 2, efit: 9",,,,0,0,0,0,2,,
2026-04-27 01:05:38,48,19,19,0,"fit: 2, efit: 10","fit: 2, efit: 10",,,,0,0,0,0,2,,
2026-04-27 01:12:05,48,19,19,0,"fit: 2, efit: 11","fit: 2, efit: 11",,,,0,0,0,0,2,,
2026-04-27 02:05:47,48,19,19,0,"fit: 2, efit: 10","fit: 2, efit: 10",,,,0,0,0,0,2,,
2026-04-27 04:51:14,48,19,19,0,"fit: 2, efit: 9","fit: 2, efit: 9",,,,0,0,0,0,2,,
2026-04-27 05:21:18,48,19,19,0,"fit: 2, efit: 10","fit: 2, efit: 10",,,,0,0,0,0,2,,
2026-04-27 05:26:19,48,19,19,0,"fit: 2, efit: 9","fit: 2, efit: 9",,,,0,0,0,0,2,,
2026-04-27 06:41:41,48,19,19,0,"fit: 3, efit: 9","fit: 3, efit: 9",,,,0,0,0,0,2,,
2026-04-27 06:43:13,48,19,19,0,"fit: 3, efit: 8","fit: 3, efit: 8",,,,0,0,0,0,2,,
2026-04-27 07:21:35,48,19,19,0,"fit: 3, efit: 7","fit: 3, efit: 7",,,,0,0,0,0,2,,
2026-04-27 07:58:28,48,19,19,0,"fit: 3, efit: 6","fit: 3, efit: 6",,,,0,0,0,0,2,,
2026-04-27 08:01:41,48,19,19,0,"fit: 3, efit: 5","fit: 3, efit: 5",,,,0,0,0,0,2,,
2026-04-27 08:03:29,48,19,19,0,"fit: 3, efit: 4","fit: 3, efit: 4",,,,0,0,0,0,2,,
2026-04-27 08:06:41,48,19,19,0,"fit: 3, efit: 3","fit: 3, efit: 3",,,,0,0,0,0,2,,
2026-04-27 08:08:30,48,19,19,0,"fit: 3, efit: 2","fit: 3, efit: 2",,,,0,0,0,0,2,,
2026-04-27 08:13:32,48,19,19,0,"fit: 4, efit: 2","fit: 4, efit: 2",,,,0,0,0,0,2,,
2026-04-27 08:26:44,48,19,19,0,"fit: 4, efit: 1","fit: 4, efit: 1",,,,0,0,0,0,2,,
2026-04-27 08:28:35,48,19,19,0,fit: 4,fit: 4,,,,0,0,0,0,2,,
2026-04-27 08:36:46,48,19,19,0,"fit: 4, efit: 1","fit: 4, efit: 1",,,,0,0,0,0,2,,
2026-04-27 08:38:37,48,19,19,0,"fit: 3, efit: 1","fit: 3, efit: 1",,,,0,0,0,0,2,,
2026-04-27 08:51:48,48,19,19,0,fit: 4,fit: 4,,,,0,0,0,0,2,,
2026-04-27 09:23:46,48,19,19,0,fit: 3,fit: 3,,,,0,0,0,0,2,,
2026-04-27 10:01:59,48,19,19,0,"fit: 3, efit: 1","fit: 3, efit: 1",,,,0,0,0,0,2,,
2026-04-27 10:06:59,48,19,19,0,"fit: 3, efit: 3","fit: 3, efit: 3",,,,0,0,0,0,2,,
2026-04-27 10:07:20,48,19,19,0,"fit: 3, efit: 2","fit: 3, efit: 2",,,,0,0,0,0,2,,
2026-04-27 10:08:56,48,19,19,0,"fit: 3, efit: 1","fit: 3, efit: 1",,,,0,0,0,0,2,,
2026-04-27 10:27:03,48,19,19,0,"fit: 3, efit: 2","fit: 3, efit: 2",,,,0,0,0,0,2,,
2026-04-27 10:29:01,48,19,19,0,"fit: 3, efit: 3","fit: 3, efit: 3",,,,0,0,0,0,2,,
2026-04-27 10:52:29,48,19,19,0,"fit: 3, efit: 2","fit: 3, efit: 2",,,,0,0,0,0,2,,
2026-04-27 11:02:12,48,19,19,0,"fit: 3, efit: 1","fit: 3, efit: 1",,,,0,0,0,0,2,,
2026-04-27 11:02:32,48,19,19,0,fit: 3,fit: 3,,,,0,0,0,0,2,,
2026-04-27 11:17:14,48,19,19,0,fit: 1,fit: 1,,,,0,0,0,0,2,,
2026-04-27 11:24:12,48,19,19,0,,,,,,0,0,0,0,2,,
2026-04-27 12:19:24,48,19,19,0,efit: 1,efit: 1,,,,0,0,0,0,2,,
2026-04-27 12:22:24,48,19,19,0,,,,,,0,0,0,0,2,,
2026-04-27 13:12:58,48,19,19,0,efit: 1,efit: 1,,,,0,0,0,0,2,,
2026-04-27 13:24:37,48,19,19,0,efit: 2,efit: 2,,,,0,0,0,0,2,,
2026-04-27 13:27:34,48,19,19,0,efit: 1,efit: 1,,,,0,0,0,0,2,,
2026-04-27 13:34:40,48,19,19,0,efit: 2,efit: 2,,,,0,0,0,0,2,,
2026-04-27 13:54:44,48,19,19,0,efit: 1,efit: 1,,,,0,0,0,0,2,,
2026-04-27 14:12:41,48,19,19,0,,,,,,0,0,0,0,2,,
2026-04-27 14:19:49,48,19,19,0,efit: 1,efit: 1,,,,0,0,0,0,2,,
2026-04-27 14:22:42,48,19,19,0,"fit: 1, efit: 1","fit: 1, efit: 1",,,,0,0,0,0,2,,
2026-04-27 14:32:44,48,19,19,0,fit: 1,fit: 1,,,,0,0,0,0,2,,
2026-04-27 14:34:52,48,19,19,0,"fit: 1, efit: 1","fit: 1, efit: 1",,,,0,0,0,0,2,,
2026-04-27 14:39:54,48,19,19,0,fit: 1,fit: 1,,,,0,0,0,0,2,,
2026-04-27 14:49:56,48,19,19,0,,,,,,0,0,0,0,2,,
2026-04-27 15:04:59,48,19,19,0,fit: 1,fit: 1,,,,0,0,0,0,2,,
2026-04-27 15:12:50,48,19,19,0,,,,,,0,0,0,0,2,,
2026-04-27 16:03:01,48,19,19,0,efit: 2,efit: 1,,,,0,0,0,0,2,,
2026-04-27 16:08:02,48,19,19,0,efit: 4,efit: 3,,,,0,0,0,0,2,,
2026-04-27 16:13:03,48,19,19,0,efit: 3,efit: 2,,,,0,0,0,0,2,,
2026-04-27 16:23:04,48,19,19,0,efit: 4,efit: 3,,,,0,0,0,0,2,,
2026-04-27 16:43:08,48,19,19,0,efit: 3,efit: 2,,,,0,0,0,0,2,,
2026-04-27 16:45:24,48,19,19,0,efit: 4,efit: 3,,,,0,0,0,0,2,,
2026-04-27 17:03:11,48,19,19,0,efit: 3,efit: 2,,,,0,0,0,0,2,,
2026-04-27 17:08:12,48,19,19,0,efit: 2,efit: 1,,,,0,0,0,0,2,,
2026-04-27 17:13:12,48,19,19,0,efit: 1,,,,,0,0,0,0,2,,
2026-04-27 17:15:31,48,19,19,0,efit: 2,efit: 1,,,,0,0,0,0,2,,
2026-04-27 17:28:15,48,19,19,0,efit: 3,efit: 2,,,,0,0,0,0,2,,
2026-04-27 17:38:17,48,19,19,0,efit: 2,efit: 1,,,,0,0,0,0,2,,
2026-04-27 17:45:37,48,19,19,0,efit: 1,,,,,0,0,0,0,2,,
2026-04-27 17:48:18,48,19,19,0,efit: 2,efit: 1,,,,0,0,0,0,2,,
2026-04-27 17:58:20,48,19,19,0,efit: 3,efit: 2,,,,0,0,0,0,2,,
2026-04-27 18:00:41,48,19,19,0,efit: 4,efit: 3,,,,0,0,0,0,2,,
2026-04-27 18:03:21,48,19,19,0,efit: 5,efit: 4,,,,0,0,0,0,2,,
2026-04-27 18:05:42,48,19,19,0,efit: 4,efit: 3,,,,0,0,0,0,2,,
2026-04-27 18:08:22,48,19,19,0,efit: 3,efit: 2,,,,0,0,0,0,2,,
2026-04-27 18:10:43,48,19,19,0,efit: 2,efit: 1,,,,0,0,0,0,2,,
2026-04-27 18:15:44,48,19,19,0,efit: 1,,,,,0,0,0,0,2,,
2026-04-27 18:25:46,48,19,19,0,efit: 2,efit: 1,,,,0,0,0,0,2,,
2026-04-27 18:30:47,48,19,19,0,efit: 3,efit: 2,,,,0,0,0,0,2,,
2026-04-27 18:34:07,48,19,19,0,efit: 2,efit: 1,,,,0,0,0,0,2,,
2026-04-27 18:39:08,48,19,19,0,efit: 1,,,,,0,0,0,0,2,,
2026-04-27 19:43:36,48,19,19,0,"fit: 1, efit: 1",fit: 1,,,,0,0,0,0,2,,
2026-04-27 19:48:37,48,19,19,0,"fit: 1, efit: 2","fit: 1, efit: 1",,,,0,0,0,0,2,,
2026-04-27 19:58:38,48,19,19,0,"fit: 1, efit: 1",fit: 1,,,,0,0,0,0,2,,
2026-04-27 20:03:39,48,19,19,0,efit: 1,,,,,0,0,0,0,2,,
2026-04-27 20:11:09,48,19,19,0,efit: 2,efit: 1,,,,0,0,0,0,2,,
2026-04-27 20:16:10,48,19,19,0,efit: 1,,,,,0,0,0,0,2,,
2026-04-27 20:23:42,48,19,19,0,efit: 2,efit: 1,,,,0,0,0,0,2,,
2026-04-27 20:28:43,48,19,19,0,efit: 3,efit: 2,,,,0,0,0,0,2,,
2026-04-27 20:31:13,48,19,19,0,efit: 4,efit: 3,,,,0,0,0,0,2,,
2026-04-27 20:51:17,48,19,19,0,efit: 3,efit: 2,,,,0,0,0,0,2,,
2026-04-27 20:53:47,48,19,19,0,efit: 4,efit: 3,,,,0,0,0,0,2,,
2026-04-27 20:54:35,48,19,19,0,efit: 3,efit: 2,,,,0,0,0,0,2,,
2026-04-27 21:04:37,48,19,19,0,efit: 2,efit: 1,,,,0,0,0,0,2,,
2026-04-27 21:08:49,48,19,19,0,efit: 1,,,,,0,0,0,0,2,,
2026-04-27 21:28:52,48,19,19,0,efit: 2,efit: 1,,,,0,0,0,0,2,,
2026-04-27 21:46:29,48,19,19,0,efit: 3,efit: 2,,,,0,0,0,0,2,,
2026-04-27 21:48:55,48,19,19,0,efit: 4,efit: 3,,,,0,0,0,0,2,,
2026-04-27 22:01:32,48,19,19,0,efit: 3,efit: 2,,,,0,0,0,0,2,,
2026-04-27 22:09:50,48,19,19,0,efit: 5,efit: 4,,,,0,0,0,0,2,,
2026-04-27 23:14:08,48,19,19,0,efit: 4,efit: 3,,,,0,0,0,0,2,,
2026-04-27 23:59:14,48,19,19,0,efit: 5,efit: 4,,,,0,0,0,0,2,,
2026-04-28 00:00:12,48,19,19,0,efit: 5,efit: 4,,,,0,0,0,0,2,,
2026-04-28 00:20:16,48,19,19,0,efit: 6,efit: 5,,,,0,0,0,0,2,,
2026-04-28 00:24:18,48,19,19,0,efit: 5,efit: 4,,,,0,0,0,0,2,,
2026-04-28 02:24:35,48,19,19,0,efit: 7,efit: 6,,,,0,0,0,0,2,,
2026-04-28 02:34:36,48,19,19,0,efit: 5,efit: 4,,,,0,0,0,0,2,,
2026-04-28 06:35:11,48,19,19,0,efit: 4,efit: 3,,,,0,0,0,0,2,,
2026-04-28 06:45:13,48,19,19,0,efit: 3,efit: 2,,,,0,0,0,0,2,,
2026-04-28 07:40:21,48,19,19,0,efit: 4,efit: 3,,,,0,0,0,0,2,,
2026-04-28 07:45:21,48,19,19,0,efit: 5,efit: 4,,,,0,0,0,0,2,,
2026-04-28 07:48:32,48,19,19,0,efit: 4,efit: 3,,,,0,0,0,0,2,,
2026-04-28 08:05:24,48,19,19,0,efit: 3,efit: 2,,,,0,0,0,0,2,,
2026-04-28 08:15:26,48,19,19,0,efit: 2,efit: 1,,,,0,0,0,0,2,,
2026-04-28 08:18:38,48,19,19,0,efit: 1,,,,,0,0,0,0,2,,
2026-04-28 09:08:48,48,19,19,0,,,,,,0,0,0,0,2,,
2026-04-28 09:10:35,48,19,19,0,efit: 1,efit: 1,,,,0,0,0,0,2,,
2026-04-28 09:35:38,48,19,19,0,,,,,,0,0,0,0,2,,
2026-04-28 09:58:59,48,19,19,0,efit: 1,efit: 1,,,,0,0,0,0,2,,
2026-04-28 10:09:01,48,19,19,0,efit: 2,efit: 2,,,,0,0,0,0,2,,
2026-04-28 10:17:08,48,19,19,0,efit: 3,efit: 3,,,,0,0,0,0,2,,
2026-04-28 10:24:04,48,19,19,0,efit: 2,efit: 2,,,,0,0,0,0,2,,
2026-04-28 11:04:13,48,19,19,0,efit: 3,efit: 3,,,,0,0,0,0,2,,
2026-04-28 11:07:17,48,19,19,0,efit: 4,efit: 4,,,,0,0,0,0,2,,
2026-04-28 11:09:14,48,19,19,0,efit: 5,efit: 5,,,,0,0,0,0,2,,
2026-04-28 11:20:54,48,19,19,0,"fit: 1, efit: 4","fit: 1, efit: 4",,,,0,0,0,0,2,,
2026-04-28 11:22:20,48,19,19,0,"fit: 1, efit: 3","fit: 1, efit: 3",,,,0,0,0,0,2,,
2026-04-28 11:29:18,48,19,19,0,"fit: 1, efit: 1","fit: 1, efit: 1",,,,0,0,0,0,2,,
2026-04-28 11:42:24,48,19,19,0,"fit: 1, efit: 2","fit: 1, efit: 2",,,,0,0,0,0,2,,
2026-04-28 11:56:00,48,19,19,0,"fit: 1, efit: 3","fit: 1, efit: 3",,,,0,0,0,0,2,,
2026-04-28 11:59:24,48,19,19,0,"fit: 1, efit: 4","fit: 1, efit: 4",,,,0,0,0,0,2,,
2026-04-28 12:01:01,48,19,19,0,"fit: 1, efit: 5","fit: 1, efit: 5",,,,0,0,0,0,2,,
2026-04-28 12:16:04,48,19,19,0,"fit: 1, efit: 4","fit: 1, efit: 4",,,,0,0,0,0,2,,
2026-04-28 12:19:28,48,19,19,0,"fit: 1, efit: 3","fit: 1, efit: 3",,,,0,0,0,0,2,,
2026-04-28 12:32:34,48,19,19,0,"fit: 1, efit: 4","fit: 1, efit: 4",,,,0,0,0,0,2,,
2026-04-28 12:39:32,48,19,19,0,"fit: 1, efit: 2","fit: 1, efit: 2",,,,0,0,0,0,2,,
2026-04-28 12:44:34,48,19,19,0,"fit: 1, efit: 3","fit: 1, efit: 3",,,,0,0,0,0,2,,
2026-04-28 12:52:38,48,19,19,0,"fit: 1, efit: 2","fit: 1, efit: 2",,,,0,0,0,0,2,,
2026-04-28 13:01:11,48,19,19,0,"fit: 1, efit: 1","fit: 1, efit: 1",,,,0,0,0,0,2,,
2026-04-28 13:02:40,48,19,19,0,fit: 1,fit: 1,,,,0,0,0,0,2,,
2026-04-28 13:19:41,48,19,19,0,,,,,,0,0,0,0,2,,
2026-04-28 14:04:50,48,19,19,0,efit: 1,efit: 1,,,,0,0,0,0,2,,
2026-04-28 14:14:52,48,19,19,0,fit: 1,fit: 1,,,,0,0,0,0,2,,
2026-04-28 14:27:57,48,19,19,0,"fit: 1, efit: 1","fit: 1, efit: 1",,,,0,0,0,0,2,,
2026-04-28 15:00:02,48,19,19,0,"fit: 1, efit: 2","fit: 1, efit: 2",,,,0,0,0,0,2,,
2026-04-28 15:01:30,48,19,19,0,"fit: 1, efit: 3","fit: 1, efit: 3",,,,0,0,0,0,2,,
2026-04-28 15:10:05,48,19,19,0,"fit: 1, efit: 2","fit: 1, efit: 2",,,,0,0,0,0,2,,
2026-04-28 15:26:34,48,19,19,0,"fit: 1, efit: 1","fit: 1, efit: 1",,,,0,0,0,0,2,,
2026-04-28 15:28:09,48,19,19,0,fit: 1,fit: 1,,,,0,0,0,0,2,,
2026-04-28 15:35:10,48,19,19,0,"fit: 2, efit: 1","fit: 2, efit: 1",,,,0,0,0,0,2,,
2026-04-28 15:36:35,48,19,19,0,fit: 2,fit: 2,,,,0,0,0,0,2,,
2026-04-28 15:43:12,48,19,19,0,"fit: 1, efit: 1","fit: 1, efit: 1",,,,0,0,0,0,2,,
2026-04-28 15:55:14,48,19,19,0,"fit: 1, efit: 2","fit: 1, efit: 2",,,,0,0,0,0,2,,
2026-04-28 16:03:16,48,19,19,0,"fit: 1, efit: 3","fit: 1, efit: 3",,,,0,0,0,0,2,,
2026-04-28 16:21:42,48,19,19,0,"fit: 2, efit: 3","fit: 2, efit: 3",,,,0,0,0,0,2,,
2026-04-28 16:26:43,48,19,19,0,"fit: 2, efit: 4","fit: 2, efit: 4",,,,0,0,0,0,2,,
2026-04-28 16:36:44,48,19,19,0,"fit: 2, efit: 3","fit: 2, efit: 3",,,,0,0,0,0,2,,
2026-04-28 16:38:23,48,19,19,0,"fit: 2, efit: 2","fit: 2, efit: 2",,,,0,0,0,0,2,,
2026-04-28 16:48:25,48,19,19,0,"fit: 2, efit: 1","fit: 2, efit: 1",,,,0,0,0,0,2,,
2026-04-28 16:53:26,48,19,19,0,"fit: 2, efit: 2","fit: 2, efit: 2",,,,0,0,0,0,2,,
2026-04-28 16:56:47,48,19,19,0,"fit: 2, efit: 1","fit: 2, efit: 1",,,,0,0,0,0,2,,
2026-04-28 17:08:29,48,19,19,0,fit: 2,fit: 2,,,,0,0,0,0,2,,
2026-04-28 17:15:31,48,19,19,0,"fit: 2, efit: 1","fit: 2, efit: 1",,,,0,0,0,0,2,,
2026-04-28 17:20:33,48,19,19,0,fit: 2,fit: 2,,,,0,0,0,0,2,,
2026-04-28 17:31:53,48,19,19,0,fit: 3,fit: 3,,,,0,0,0,0,2,,
2026-04-28 17:40:37,48,19,19,0,"fit: 3, efit: 1","fit: 3, efit: 1",,,,0,0,0,0,2,,
2026-04-28 17:41:54,48,19,19,0,"fit: 3, efit: 2","fit: 3, efit: 2",,,,0,0,0,0,2,,
2026-04-28 17:45:38,48,19,19,0,"fit: 3, efit: 3","fit: 3, efit: 3",,,,0,0,0,0,2,,
2026-04-28 17:46:55,48,19,19,0,"fit: 3, efit: 2","fit: 3, efit: 2",,,,0,0,0,0,2,,
2026-04-28 17:51:56,48,19,19,0,"fit: 3, efit: 3","fit: 3, efit: 3",,,,0,0,0,0,2,,
2026-04-28 17:53:38,48,19,19,0,"fit: 3, efit: 2","fit: 3, efit: 2",,,,0,0,0,0,2,,
2026-04-28 18:10:44,48,19,19,0,"fit: 3, efit: 3","fit: 3, efit: 3",,,,0,0,0,0,2,,
2026-04-28 18:15:45,48,19,19,0,"fit: 4, efit: 2","fit: 4, efit: 2",,,,0,0,0,0,2,,
2026-04-28 18:20:46,48,19,19,0,"fit: 4, efit: 3","fit: 4, efit: 3",,,,0,0,0,0,2,,
2026-04-28 18:30:49,48,19,19,0,"fit: 4, efit: 2","fit: 4, efit: 2",,,,0,0,0,0,2,,
2026-04-28 18:40:51,48,19,19,0,"fit: 4, efit: 3","fit: 4, efit: 3",,,,0,0,0,0,2,,
2026-04-28 18:50:53,48,19,19,0,"fit: 4, efit: 4","fit: 4, efit: 4",,,,0,0,0,0,2,,
2026-04-28 18:52:06,48,19,19,0,"fit: 4, efit: 3","fit: 4, efit: 3",,,,0,0,0,0,2,,
2026-04-28 18:55:54,48,19,19,0,"fit: 4, efit: 1","fit: 4, efit: 1",,,,0,0,0,0,2,,
2026-04-28 19:28:57,48,19,19,0,"fit: 2, efit: 1","fit: 2, efit: 1",,,,0,0,0,0,2,,
2026-04-28 19:37:13,48,19,19,0,fit: 2,fit: 2,,,,0,0,0,0,2,,
2026-04-28 19:49:01,48,19,19,0,"fit: 2, efit: 1","fit: 2, efit: 1",,,,0,0,0,0,2,,
2026-04-28 19:51:06,48,19,19,0,fit: 2,fit: 2,,,,0,0,0,0,2,,
2026-04-28 20:14:06,48,19,19,0,fit: 1,fit: 1,,,,0,0,0,0,2,,
2026-04-28 20:19:07,48,19,19,0,"fit: 1, efit: 1","fit: 1, efit: 1",,,,0,0,0,0,2,,
2026-04-28 20:31:14,48,19,19,0,fit: 1,fit: 1,,,,0,0,0,0,2,,
2026-04-28 20:46:17,48,19,19,0,,,,,,0,0,0,0,2,,
2026-04-28 20:51:18,48,19,19,0,efit: 1,efit: 1,,,,0,0,0,0,2,,
2026-04-28 20:54:14,48,19,19,0,efit: 2,efit: 2,,,,0,0,0,0,2,,
2026-04-28 21:06:21,48,19,19,0,efit: 1,efit: 1,,,,0,0,0,0,2,,
2026-04-28 21:16:23,48,19,19,0,efit: 3,efit: 3,,,,0,0,0,0,2,,
2026-04-28 21:39:23,48,19,19,0,efit: 4,efit: 4,,,,0,0,0,0,2,,
2026-04-28 21:42:32,48,19,19,0,efit: 5,efit: 5,,,,0,0,0,0,2,,
2026-04-28 21:47:33,48,19,19,0,efit: 6,efit: 6,,,,0,0,0,0,2,,
2026-04-28 22:41:41,48,19,19,0,efit: 7,efit: 7,,,,0,0,0,0,2,,
2026-04-28 22:51:43,48,19,19,0,"fit: 2, efit: 6","fit: 2, efit: 6",,,,0,0,0,0,2,,
2026-04-28 22:52:42,48,19,19,0,"fit: 2, efit: 5","fit: 2, efit: 5",,,,0,0,0,0,2,,
2026-04-28 22:54:37,48,19,19,0,"fit: 2, efit: 7","fit: 2, efit: 7",,,,0,0,0,0,2,,
2026-04-28 23:04:39,48,19,19,0,"fit: 2, efit: 8","fit: 2, efit: 8",,,,0,0,0,0,2,,
2026-04-28 23:26:50,48,19,19,0,"fit: 2, efit: 7","fit: 2, efit: 7",,,,0,0,0,0,2,,
2026-04-29 00:01:57,48,19,19,0,"fit: 2, efit: 7","fit: 2, efit: 7",,,,0,0,0,0,2,,
2026-04-29 01:07:10,48,19,19,0,"fit: 2, efit: 6","fit: 2, efit: 6",,,,0,0,0,0,2,,
2026-04-29 01:10:04,48,19,19,0,"fit: 2, efit: 2","fit: 2, efit: 2",,,,0,0,0,0,2,,
2026-04-29 01:12:11,48,19,19,0,"fit: 2, efit: 3","fit: 2, efit: 3",,,,0,0,0,0,2,,
2026-04-29 01:20:05,48,19,19,0,"fit: 2, efit: 2","fit: 2, efit: 2",,,,0,0,0,0,2,,
2026-04-29 01:23:04,48,19,19,0,"fit: 2, efit: 3","fit: 2, efit: 2",,,,0,0,0,0,2,,
2026-04-29 01:35:08,48,19,19,0,"fit: 2, efit: 2","fit: 2, efit: 1",,,,0,0,0,0,2,,
2026-04-29 05:23:01,48,19,19,0,"fit: 2, efit: 1",fit: 2,,,,0,0,0,0,2,,
2026-04-29 06:05:58,48,19,19,0,"fit: 2, efit: 2","fit: 2, efit: 1",,,,0,0,0,0,2,,
2026-04-29 06:36:04,48,19,19,0,"fit: 2, efit: 1",fit: 2,,,,0,0,0,0,2,,
2026-04-29 07:18:24,48,19,19,0,"fit: 1, efit: 1",fit: 1,,,,0,0,0,0,2,,
2026-04-29 07:21:12,48,19,19,0,efit: 1,,,,,0,0,0,0,2,,
2026-04-29 08:36:26,48,19,19,0,efit: 2,efit: 2,,,,0,0,0,0,2,,
2026-04-29 08:38:41,48,19,19,0,efit: 6,efit: 6,,,,0,0,0,0,2,,
2026-04-29 08:53:44,48,19,19,0,efit: 5,efit: 5,,,,0,0,0,0,2,,
2026-04-29 09:11:33,48,19,19,0,efit: 6,efit: 6,,,,0,0,0,0,2,,
2026-04-29 09:56:42,48,19,19,0,efit: 5,efit: 5,,,,0,0,0,0,2,,
2026-04-29 10:08:59,48,19,19,0,efit: 6,efit: 6,,,,0,0,0,0,2,,
2026-04-29 10:26:48,48,19,19,0,efit: 5,efit: 5,,,,0,0,0,0,2,,
2026-04-29 10:34:24,48,19,19,0,efit: 4,efit: 4,,,,0,0,0,0,2,,
2026-04-29 11:26:59,48,19,19,0,efit: 5,efit: 5,,,,0,0,0,0,2,,
2026-04-29 11:32:01,48,19,19,0,efit: 6,efit: 6,,,,0,0,0,0,2,,
2026-04-29 12:09:24,48,19,19,0,efit: 5,efit: 5,,,,0,0,0,0,2,,
2026-04-29 12:09:38,48,19,19,0,efit: 6,efit: 6,,,,0,0,0,0,2,,
2026-04-29 12:12:08,48,19,19,0,efit: 5,efit: 5,,,,0,0,0,0,2,,
2026-04-29 12:19:26,48,19,19,0,efit: 4,efit: 4,,,,0,0,0,0,2,,
2026-04-29 12:24:27,48,19,19,0,efit: 3,efit: 3,,,,0,0,0,0,2,,
2026-04-29 12:32:12,48,19,19,0,efit: 3,efit: 2,,,,0,0,0,0,2,,
2026-04-29 12:34:42,48,19,19,0,efit: 4,efit: 3,,,,0,0,0,0,2,,
2026-04-29 12:49:32,48,19,19,0,efit: 3,efit: 2,,,,0,0,0,0,2,,
2026-04-29 12:52:16,48,19,19,0,efit: 2,efit: 1,,,,0,0,0,0,2,,
2026-04-29 12:59:34,48,19,19,0,efit: 3,efit: 2,,,,0,0,0,0,2,,
2026-04-29 13:04:35,48,19,19,0,efit: 4,efit: 3,,,,0,0,0,0,2,,
2026-04-29 13:29:40,48,19,19,0,efit: 2,efit: 1,,,,0,0,0,0,2,,
2026-04-29 13:37:24,48,19,19,0,efit: 3,efit: 2,,,,0,0,0,0,2,,
2026-04-29 13:44:43,48,19,19,0,efit: 2,efit: 1,,,,0,0,0,0,2,,
2026-04-29 13:52:27,48,19,19,0,efit: 3,efit: 2,,,,0,0,0,0,2,,
2026-04-29 14:19:51,48,19,19,0,efit: 2,efit: 1,,,,0,0,0,0,2,,
2026-04-29 14:24:52,48,19,19,0,efit: 3,efit: 2,,,,0,0,0,0,2,,
2026-04-29 14:29:53,48,19,19,0,efit: 2,efit: 1,,,,0,0,0,0,2,,
2026-04-29 14:34:54,48,19,19,0,efit: 1,,,,,0,0,0,0,2,,
2026-04-29 14:54:58,48,19,19,0,efit: 2,efit: 1,,,,0,0,0,0,2,,
2026-04-29 15:10:01,48,19,19,0,"fit: 3, efit: 3","fit: 3, efit: 2",,,,0,0,0,0,2,,
2026-04-29 15:10:05,48,19,19,0,"fit: 4, efit: 3","fit: 4, efit: 2",,,,0,0,0,0,2,,
2026-04-29 15:12:42,48,19,19,0,"fit: 7, efit: 3","fit: 7, efit: 2",,,,0,0,0,0,2,,
2026-04-29 15:57:51,48,19,19,0,"fit: 7, efit: 5","fit: 7, efit: 4",,,,0,0,0,0,2,,
2026-04-29 16:07:52,48,19,19,0,"fit: 7, efit: 4","fit: 7, efit: 3",,,,0,0,0,0,2,,
2026-04-29 16:12:53,48,19,19,0,"fit: 7, efit: 5","fit: 7, efit: 4",,,,0,0,0,0,2,,
2026-04-29 16:40:16,48,19,19,0,"fit: 7, efit: 6","fit: 7, efit: 5",,,,0,0,0,0,2,,
2026-04-29 17:05:19,48,19,19,0,"fit: 8, efit: 6","fit: 8, efit: 5",,,,0,0,0,0,2,,
2026-04-29 17:13:05,48,19,19,0,"fit: 8, efit: 5","fit: 8, efit: 4",,,,0,0,0,0,2,,
2026-04-29 17:20:21,48,19,19,0,"fit: 8, efit: 6","fit: 8, efit: 5",,,,0,0,0,0,2,,
2026-04-29 17:23:07,48,19,19,0,"fit: 8, efit: 5","fit: 8, efit: 4",,,,0,0,0,0,2,,
2026-04-29 18:08:16,48,19,19,0,"fit: 8, efit: 4","fit: 8, efit: 3",,,,0,0,0,0,2,,
2026-04-29 18:33:20,48,19,19,0,"fit: 8, efit: 3","fit: 8, efit: 2",,,,0,0,0,0,2,,
2026-04-29 18:53:24,48,19,19,0,"fit: 8, efit: 4","fit: 8, efit: 3",,,,0,0,0,0,2,,
2026-04-29 19:18:29,48,19,19,0,"fit: 8, efit: 3","fit: 8, efit: 2",,,,0,0,0,0,2,,
2026-04-29 19:38:33,48,19,19,0,"fit: 8, efit: 4","fit: 8, efit: 3",,,,0,0,0,0,2,,
2026-04-29 19:43:33,48,19,19,0,"fit: 8, efit: 2","fit: 8, efit: 1",,,,0,0,0,0,2,,
2026-04-29 19:58:36,48,19,19,0,"fit: 8, efit: 1",fit: 8,,,,0,0,0,0,2,,
2026-04-29 20:05:59,48,19,19,0,"fit: 7, efit: 1",fit: 7,,,,0,0,0,0,2,,
2026-04-29 20:13:39,48,19,19,0,"fit: 7, efit: 2","fit: 7, efit: 1",,,,0,0,0,0,2,,
2026-04-29 20:36:05,48,19,19,0,"fit: 7, efit: 4","fit: 7, efit: 3",,,,0,0,0,0,2,,
2026-04-29 21:03:48,48,19,19,0,"fit: 7, efit: 5","fit: 7, efit: 4",,,,0,0,0,0,2,,
2026-04-29 21:15:56,48,19,19,0,"fit: 7, efit: 6","fit: 7, efit: 5",,,,0,0,0,0,2,,
2026-04-29 21:38:55,48,19,19,0,"fit: 7, efit: 5","fit: 7, efit: 4",,,,0,0,0,0,2,,
2026-04-29 21:43:56,48,19,19,0,"fit: 6, efit: 5","fit: 6, efit: 4",,,,0,0,0,0,2,,
2026-04-29 22:14:01,48,19,19,0,"fit: 6, efit: 4","fit: 6, efit: 3",,,,0,0,0,0,2,,
2026-04-29 22:26:27,48,19,19,0,"fit: 8, efit: 4","fit: 8, efit: 3",,,,0,0,0,0,2,,
2026-04-29 22:44:07,48,19,19,0,"fit: 8, efit: 3","fit: 8, efit: 2",,,,0,0,0,0,2,,
2026-04-29 23:14:12,48,19,19,0,"fit: 8, efit: 2","fit: 8, efit: 1",,,,0,0,0,0,2,,
2026-04-29 23:24:14,48,19,19,0,"fit: 8, efit: 3","fit: 8, efit: 2",,,,0,0,0,0,2,,
2026-04-29 23:34:16,48,19,19,0,"fit: 8, efit: 2","fit: 8, efit: 1",,,,0,0,0,0,2,,
2026-04-30 00:01:21,48,19,19,0,"fit: 8, efit: 2","fit: 8, efit: 1",,,,0,0,0,0,2,,
2026-04-30 00:31:25,48,19,19,0,"fit: 8, efit: 3","fit: 8, efit: 2",,,,0,0,0,0,2,,
2026-04-30 05:27:06,48,19,19,0,"fit: 8, efit: 4","fit: 8, efit: 3",,,,0,0,0,0,2,,
2026-04-30 07:32:23,48,19,19,0,"fit: 8, efit: 3","fit: 8, efit: 2",,,,0,0,0,0,2,,
2026-04-30 07:45:45,48,19,19,0,"fit: 8, efit: 2","fit: 8, efit: 1",,,,0,0,0,0,2,,
2026-04-30 07:55:47,48,19,19,0,"fit: 8, efit: 1","fit: 8, efit: 1",,,,0,0,0,0,2,,
2026-04-30 08:05:49,48,19,19,0,fit: 8,fit: 8,,,,0,0,0,0,2,,
2026-04-30 08:15:51,48,19,19,0,fit: 7,fit: 7,,,,0,0,0,0,2,,
2026-04-30 09:37:41,48,19,19,0,fit: 8,fit: 8,,,,0,0,0,0,2,,
2026-04-30 09:51:10,48,19,19,0,"fit: 8, efit: 1","fit: 8, efit: 1",,,,0,0,0,0,2,,
2026-04-30 10:22:48,48,19,19,0,"fit: 8, efit: 2","fit: 8, efit: 2",,,,0,0,0,0,2,,
2026-04-30 10:28:51,48,19,19,0,"fit: 8, efit: 4","fit: 8, efit: 4",,,,0,0,0,0,2,,
2026-04-30 10:38:53,48,19,19,0,"fit: 8, efit: 2","fit: 8, efit: 2",,,,0,0,0,0,2,,
2026-04-30 10:58:57,48,19,19,0,"fit: 8, efit: 3","fit: 8, efit: 3",,,,0,0,0,0,2,,
2026-04-30 11:01:23,48,19,19,0,"fit: 8, efit: 1","fit: 8, efit: 1",,,,0,0,0,0,2,,
2026-04-30 11:24:03,48,19,19,0,"fit: 8, efit: 2","fit: 8, efit: 2",,,,0,0,0,0,2,,
2026-04-30 11:31:29,48,19,19,0,"fit: 8, efit: 3","fit: 8, efit: 3",,,,0,0,0,0,2,,
2026-04-30 11:36:30,48,19,19,0,"fit: 9, efit: 2","fit: 9, efit: 2",,,,0,0,0,0,2,,
2026-04-30 11:37:59,48,19,19,0,"fit: 9, efit: 1","fit: 9, efit: 1",,,,0,0,0,0,2,,
2026-04-30 11:41:31,48,19,19,0,fit: 9,fit: 9,,,,0,0,0,0,2,,
2026-04-30 11:46:32,48,19,19,0,"fit: 9, efit: 1","fit: 9, efit: 1",,,,0,0,0,0,2,,
2026-04-30 11:56:33,48,19,19,0,"fit: 9, efit: 2","fit: 9, efit: 2",,,,0,0,0,0,2,,
2026-04-30 12:01:35,48,19,19,0,"fit: 9, efit: 1","fit: 9, efit: 1",,,,0,0,0,0,2,,
2026-04-30 12:06:36,48,19,19,0,"fit: 8, efit: 1","fit: 8, efit: 1",,,,0,0,0,0,2,,
2026-04-30 12:16:38,48,19,19,0,"fit: 8, efit: 2","fit: 8, efit: 2",,,,0,0,0,0,2,,
2026-04-30 12:21:39,48,19,19,0,"fit: 8, efit: 4","fit: 8, efit: 4",,,,0,0,0,0,2,,
2026-04-30 12:28:07,48,19,19,0,"fit: 8, efit: 3","fit: 8, efit: 3",,,,0,0,0,0,2,,
2026-04-30 12:36:41,48,19,19,0,"fit: 8, efit: 4","fit: 8, efit: 4",,,,0,0,0,0,2,,
2026-04-30 12:46:43,48,19,19,0,"fit: 8, efit: 5","fit: 8, efit: 5",,,,0,0,0,0,2,,
2026-04-30 12:49:20,48,19,19,0,"fit: 8, efit: 6","fit: 8, efit: 6",,,,0,0,0,0,2,,
2026-04-30 12:54:21,48,19,19,0,"fit: 8, efit: 5","fit: 8, efit: 5",,,,0,0,0,0,2,,
2026-04-30 12:59:22,48,19,19,0,"fit: 8, efit: 4","fit: 8, efit: 4",,,,0,0,0,0,2,,
2026-04-30 13:11:48,48,19,19,0,"fit: 8, efit: 2","fit: 8, efit: 2",,,,0,0,0,0,2,,
2026-04-30 13:13:13,48,19,19,0,"fit: 8, efit: 3","fit: 8, efit: 3",,,,0,0,0,0,2,,
2026-04-30 13:21:50,48,19,19,0,"fit: 9, efit: 2","fit: 9, efit: 2",,,,0,0,0,0,2,,
2026-04-30 13:41:54,48,19,19,0,"fit: 9, efit: 3","fit: 9, efit: 3",,,,0,0,0,0,2,,
2026-04-30 13:53:19,48,19,19,0,"fit: 9, efit: 2","fit: 9, efit: 2",,,,0,0,0,0,2,,
2026-04-30 13:54:33,48,19,19,0,"fit: 9, efit: 1","fit: 9, efit: 1",,,,0,0,0,0,2,,
2026-04-30 14:06:59,48,19,19,0,fit: 8,fit: 8,,,,0,0,0,0,2,,
2026-04-30 14:22:02,48,19,19,0,"fit: 8, efit: 2","fit: 8, efit: 2",,,,0,0,0,0,2,,
2026-04-30 14:29:40,48,19,19,0,"fit: 9, efit: 2","fit: 9, efit: 2",,,,0,0,0,0,2,,
2026-04-30 14:32:04,48,19,19,0,"fit: 9, efit: 3","fit: 9, efit: 3",,,,0,0,0,0,2,,
2026-04-30 14:34:41,48,19,19,0,"fit: 9, efit: 2","fit: 9, efit: 2",,,,0,0,0,0,2,,
2026-04-30 14:38:25,48,19,19,0,"fit: 9, efit: 3","fit: 9, efit: 3",,,,0,0,0,0,2,,
2026-04-30 14:42:06,48,19,19,0,"fit: 9, efit: 2","fit: 9, efit: 2",,,,0,0,0,0,2,,
2026-04-30 14:53:28,48,19,19,0,"fit: 9, efit: 1","fit: 9, efit: 1",,,,0,0,0,0,2,,
2026-04-30 15:04:48,48,19,19,0,fit: 9,fit: 9,,,,0,0,0,0,2,,
2026-04-30 15:14:50,48,19,19,0,"fit: 9, efit: 1","fit: 9, efit: 1",,,,0,0,0,0,2,,
2026-04-30 15:27:15,48,19,19,0,fit: 9,fit: 9,,,,0,0,0,0,2,,
2026-04-30 15:47:19,48,19,19,0,fit: 8,fit: 8,,,,0,0,0,0,2,,
2026-04-30 16:12:24,48,19,19,0,fit: 7,fit: 7,,,,0,0,0,0,2,,
2026-04-30 16:22:26,48,19,19,0,fit: 6,fit: 6,,,,0,0,0,0,2,,
2026-04-30 16:28:41,48,19,19,0,fit: 5,fit: 5,,,,0,0,0,0,2,,
2026-04-30 16:30:07,48,19,19,0,"fit: 5, efit: 1","fit: 5, efit: 1",,,,0,0,0,0,2,,
2026-04-30 16:32:28,48,19,19,0,fit: 6,fit: 6,,,,0,0,0,0,2,,
2026-04-30 16:33:42,48,19,19,0,fit: 7,fit: 7,,,,0,0,0,0,2,,
2026-04-30 16:37:29,48,19,19,0,"fit: 7, efit: 1","fit: 7, efit: 1",,,,0,0,0,0,2,,
2026-04-30 16:45:10,48,19,19,0,fit: 6,fit: 6,,,,0,0,0,0,2,,
2026-04-30 16:47:32,48,19,19,0,fit: 5,fit: 5,,,,0,0,0,0,2,,
2026-04-30 16:52:33,48,19,19,0,fit: 4,fit: 4,,,,0,0,0,0,2,,
2026-04-30 17:08:47,48,19,19,0,"fit: 4, efit: 1","fit: 4, efit: 1",,,,0,0,0,0,2,,
2026-04-30 17:22:39,48,19,19,0,"fit: 4, efit: 2","fit: 4, efit: 2",,,,0,0,0,0,2,,
2026-04-30 17:23:50,48,19,19,0,"fit: 4, efit: 1","fit: 4, efit: 1",,,,0,0,0,0,2,,
2026-04-30 17:35:21,48,19,19,0,"fit: 5, efit: 1","fit: 5, efit: 1",,,,0,0,0,0,2,,
2026-04-30 17:55:25,48,19,19,0,"fit: 5, efit: 2","fit: 5, efit: 2",,,,0,0,0,0,2,,
2026-04-30 18:02:48,48,19,19,0,"fit: 5, efit: 3","fit: 5, efit: 3",,,,0,0,0,0,2,,
2026-04-30 18:05:27,48,19,19,0,"fit: 6, efit: 3","fit: 6, efit: 3",,,,0,0,0,0,2,,
2026-04-30 18:12:50,48,19,19,0,"fit: 6, efit: 2","fit: 6, efit: 2",,,,0,0,0,0,2,,
2026-04-30 18:22:52,48,19,19,0,"fit: 6, efit: 1","fit: 6, efit: 1",,,,0,0,0,0,2,,
2026-04-30 18:27:54,48,19,19,0,fit: 6,fit: 6,,,,0,0,0,0,2,,
2026-04-30 18:37:56,48,19,19,0,"fit: 6, efit: 1","fit: 6, efit: 1",,,,0,0,0,0,2,,
2026-04-30 18:47:58,48,19,19,0,fit: 6,fit: 6,,,,0,0,0,0,2,,
2026-04-30 18:54:03,48,19,19,0,fit: 5,fit: 5,,,,0,0,0,0,2,,
2026-04-30 19:15:42,48,19,19,0,fit: 4,fit: 4,,,,0,0,0,0,2,,
2026-04-30 19:40:47,48,19,19,0,"fit: 4, efit: 1","fit: 4, efit: 1",,,,0,0,0,0,2,,
2026-04-30 19:44:10,48,19,19,0,fit: 4,fit: 4,,,,0,0,0,0,2,,
2026-04-30 19:48:10,48,19,19,0,"fit: 4, efit: 1","fit: 4, efit: 1",,,,0,0,0,0,2,,
2026-04-30 19:53:12,48,19,19,0,"fit: 3, efit: 2","fit: 3, efit: 2",,,,0,0,0,0,2,,
2026-04-30 19:54:11,48,19,19,0,"fit: 4, efit: 1","fit: 4, efit: 1",,,,0,0,0,0,2,,
2026-04-30 19:55:51,48,19,19,0,"fit: 4, efit: 2","fit: 4, efit: 2",,,,0,0,0,0,2,,
2026-04-30 20:00:52,48,19,19,0,"fit: 4, efit: 1","fit: 4, efit: 1",,,,0,0,0,0,2,,
2026-04-30 20:05:53,48,19,19,0,fit: 4,fit: 4,,,,0,0,0,0,2,,
2026-04-30 20:18:17,48,19,19,0,"fit: 4, efit: 1","fit: 4, efit: 1",,,,0,0,0,0,2,,
2026-04-30 20:20:56,48,19,19,0,"fit: 3, efit: 1","fit: 3, efit: 1",,,,0,0,0,0,2,,
2026-04-30 20:25:57,48,19,19,0,"fit: 3, efit: 2","fit: 3, efit: 2",,,,0,0,0,0,2,,
2026-04-30 20:28:19,48,19,19,0,"fit: 3, efit: 1","fit: 3, efit: 1",,,,0,0,0,0,2,,
2026-04-30 20:53:24,48,19,19,0,fit: 3,fit: 3,,,,0,0,0,0,2,,
2026-04-30 22:26:22,48,19,19,0,"fit: 3, efit: 1","fit: 3, efit: 1",,,,0,0,0,0,2,,
2026-04-30 22:36:24,48,19,19,0,fit: 3,fit: 3,,,,0,0,0,0,2,,
2026-04-30 22:48:48,48,19,19,0,"fit: 3, efit: 1","fit: 3, efit: 1",,,,0,0,0,0,2,,
2026-04-30 22:49:36,48,19,19,0,fit: 3,fit: 3,,,,0,0,0,0,2,,
2026-04-30 23:13:52,48,19,19,0,"fit: 3, efit: 1","fit: 3, efit: 1",,,,0,0,0,0,2,,
2026-04-30 23:56:40,48,19,19,0,fit: 3,fit: 3,,,,0,0,0,0,2,,
2026-05-01 00:01:41,48,19,19,0,fit: 3,fit: 3,,,,0,0,0,0,2,,
2026-05-01 00:09:47,48,19,19,0,"fit: 3, efit: 1","fit: 3, efit: 1",,,,0,0,0,0,2,,
2026-05-01 00:19:49,48,19,19,0,fit: 3,fit: 3,,,,0,0,0,0,2,,
2026-05-01 00:54:12,48,19,19,0,"fit: 3, efit: 1","fit: 3, efit: 1",,,,0,0,0,0,2,,
2026-05-01 00:54:54,48,19,19,0,fit: 3,fit: 3,,,,0,0,0,0,2,,
2026-05-01 00:56:52,48,19,19,0,fit: 2,fit: 2,,,,0,0,0,0,2,,
2026-05-01 01:04:55,48,19,19,0,fit: 1,fit: 1,,,,0,0,0,0,2,,
2026-05-01 01:11:55,48,19,19,0,,,,,,0,0,0,0,2,,
2026-05-01 01:47:02,48,19,19,0,efit: 1,efit: 1,,,,0,0,0,0,2,,
2026-05-01 05:22:44,48,19,19,0,efit: 2,efit: 2,,,,0,0,0,0,2,,
2026-05-01 06:20:18,48,19,19,0,efit: 1,efit: 1,,,,0,0,0,0,2,,
2026-05-01 07:13:06,48,19,19,0,,,,,,0,0,0,0,2,,
2026-05-01 08:18:20,48,19,19,0,fit: 1,fit: 1,,,,0,0,0,0,2,,
2026-05-01 08:53:26,48,19,19,0,fit: 2,fit: 2,,,,0,0,0,0,2,,
2026-05-01 08:55:49,48,19,19,0,"fit: 2, efit: 9","fit: 2, efit: 9",,,,0,0,0,0,2,,
2026-05-01 08:58:28,48,19,19,0,"fit: 3, efit: 12","fit: 3, efit: 12",,,,0,0,0,0,2,,
2026-05-01 09:05:51,48,19,19,0,"fit: 3, efit: 11","fit: 3, efit: 11",,,,0,0,0,0,2,,
2026-05-01 09:10:52,48,19,19,0,"fit: 3, efit: 10","fit: 3, efit: 10",,,,0,0,0,0,2,,
2026-05-01 09:25:55,48,19,19,0,"fit: 3, efit: 11","fit: 3, efit: 11",,,,0,0,0,0,2,,
2026-05-01 09:38:36,48,19,19,0,"fit: 3, efit: 12","fit: 3, efit: 12",,,,0,0,0,0,2,,
2026-05-01 09:53:39,48,19,19,0,"fit: 3, efit: 11","fit: 3, efit: 11",,,,0,0,0,0,2,,
2026-05-01 10:01:03,48,19,19,0,"fit: 3, efit: 12","fit: 3, efit: 12",,,,0,0,0,0,2,,
2026-05-01 10:08:42,48,19,19,0,"fit: 3, efit: 13","fit: 3, efit: 13",,,,0,0,0,0,2,,
2026-05-01 10:11:05,48,19,19,0,"fit: 3, efit: 14","fit: 3, efit: 14",,,,0,0,0,0,2,,
2026-05-01 10:13:43,48,19,19,0,"fit: 3, efit: 13","fit: 3, efit: 13",,,,0,0,0,0,2,,
2026-05-01 10:41:11,48,19,19,0,"fit: 3, efit: 14","fit: 3, efit: 14",,,,0,0,0,0,2,,
2026-05-01 10:46:12,48,19,19,0,"fit: 3, efit: 13","fit: 3, efit: 13",,,,0,0,0,0,2,,
2026-05-01 10:51:13,48,19,19,0,"fit: 3, efit: 14","fit: 3, efit: 14",,,,0,0,0,0,2,,
2026-05-01 10:56:14,48,19,19,0,"fit: 3, efit: 10","fit: 3, efit: 10",,,,0,0,0,0,2,,
2026-05-01 11:06:16,48,19,19,0,"fit: 3, efit: 9","fit: 3, efit: 9",,,,0,0,0,0,2,,
2026-05-01 11:08:54,48,19,19,0,"fit: 3, efit: 8","fit: 3, efit: 8",,,,0,0,0,0,2,,
2026-05-01 11:18:57,48,19,19,0,"fit: 2, efit: 8","fit: 2, efit: 8",,,,0,0,0,0,2,,
2026-05-01 11:23:58,48,19,19,0,"fit: 2, efit: 9","fit: 2, efit: 9",,,,0,0,0,0,2,,
2026-05-01 12:01:28,48,19,19,0,"fit: 2, efit: 10","fit: 2, efit: 10",,,,0,0,0,0,2,,
2026-05-01 12:04:06,48,19,19,0,"fit: 2, efit: 8","fit: 2, efit: 8",,,,0,0,0,0,2,,
2026-05-01 12:06:29,48,19,19,0,"fit: 2, efit: 9","fit: 2, efit: 9",,,,0,0,0,0,2,,
2026-05-01 12:16:29,48,19,19,0,"fit: 3, efit: 8","fit: 3, efit: 8",,,,0,0,0,0,2,,
2026-05-01 12:19:09,48,19,19,0,"fit: 3, efit: 7","fit: 3, efit: 7",,,,0,0,0,0,2,,
2026-05-01 12:26:30,48,19,19,0,"fit: 3, efit: 6","fit: 3, efit: 6",,,,0,0,0,0,2,,
2026-05-01 12:29:11,48,19,19,0,"fit: 3, efit: 7","fit: 3, efit: 7",,,,0,0,0,0,2,,
2026-05-01 12:44:14,48,19,19,0,"fit: 3, efit: 8","fit: 3, efit: 8",,,,0,0,0,0,2,,
2026-05-01 12:46:33,48,19,19,0,"fit: 4, efit: 7","fit: 4, efit: 7",,,,0,0,0,0,2,,
2026-05-01 13:04:18,48,19,19,0,"fit: 4, efit: 5","fit: 4, efit: 5",,,,0,0,0,0,2,,
2026-05-01 13:06:36,48,19,19,0,"fit: 4, efit: 4","fit: 4, efit: 4",,,,0,0,0,0,2,,
2026-05-01 13:14:20,48,19,19,0,"fit: 4, efit: 3","fit: 4, efit: 3",,,,0,0,0,0,2,,
2026-05-01 13:26:39,48,19,19,0,"fit: 4, efit: 2","fit: 4, efit: 2",,,,0,0,0,0,2,,
2026-05-01 13:31:39,48,19,19,0,"fit: 4, efit: 1","fit: 4, efit: 1",,,,0,0,0,0,2,,
2026-05-01 13:41:41,48,19,19,0,"fit: 4, efit: 2","fit: 4, efit: 2",,,,0,0,0,0,2,,
2026-05-01 13:46:41,48,19,19,0,"fit: 4, efit: 1","fit: 4, efit: 1",,,,0,0,0,0,2,,
2026-05-01 13:51:42,48,19,19,0,"fit: 4, efit: 2","fit: 4, efit: 2",,,,0,0,0,0,2,,
2026-05-01 13:56:43,48,19,19,0,"fit: 4, efit: 1","fit: 4, efit: 1",,,,0,0,0,0,2,,
2026-05-01 14:16:46,48,19,19,0,"fit: 5, efit: 1","fit: 5, efit: 1",,,,0,0,0,0,2,,
2026-05-01 14:24:35,48,19,19,0,"fit: 5, efit: 2","fit: 5, efit: 2",,,,0,0,0,0,2,,
2026-05-01 14:31:48,48,19,19,0,"fit: 5, efit: 1","fit: 5, efit: 1",,,,0,0,0,0,2,,
2026-05-01 14:44:39,48,19,19,0,fit: 5,fit: 5,,,,0,0,0,0,2,,
2026-05-01 14:46:51,48,19,19,0,fit: 4,fit: 4,,,,0,0,0,0,2,,
2026-05-01 15:19:46,48,19,19,0,"fit: 4, efit: 1","fit: 4, efit: 1",,,,0,0,0,0,2,,
2026-05-01 15:34:49,48,19,19,0,"fit: 5, efit: 1","fit: 5, efit: 1",,,,0,0,0,0,2,,
2026-05-01 15:44:51,48,19,19,0,fit: 5,fit: 5,,,,0,0,0,0,2,,
2026-05-01 15:57:01,48,19,19,0,fit: 6,fit: 6,,,,0,0,0,0,2,,
2026-05-01 16:02:02,48,19,19,0,"fit: 6, efit: 1","fit: 6, efit: 1",,,,0,0,0,0,2,,
2026-05-01 16:19:59,48,19,19,0,fit: 6,fit: 6,,,,0,0,0,0,2,,
2026-05-01 16:27:05,48,19,19,0,"fit: 6, efit: 1","fit: 6, efit: 1",,,,0,0,0,0,2,,
2026-05-01 16:57:22,48,19,19,0,fit: 5,fit: 5,,,,0,0,0,0,2,,
2026-05-01 17:27:27,48,19,19,0,fit: 4,fit: 4,,,,0,0,0,0,2,,
2026-05-01 17:42:29,48,19,19,0,fit: 3,fit: 3,,,,0,0,0,0,2,,
2026-05-01 17:47:30,48,19,19,0,"fit: 3, efit: 2","fit: 3, efit: 2",,,,0,0,0,0,2,,
2026-05-01 17:48:43,48,19,19,0,"fit: 3, efit: 3","fit: 3, efit: 3",,,,0,0,0,0,2,,
2026-05-01 17:53:18,48,19,19,0,"fit: 3, efit: 2","fit: 3, efit: 2",,,,0,0,0,0,2,,
2026-05-01 18:28:25,48,19,19,0,"fit: 3, efit: 3","fit: 3, efit: 3",,,,0,0,0,0,2,,
2026-05-01 18:32:38,48,19,19,0,"fit: 3, efit: 2","fit: 3, efit: 2",,,,0,0,0,0,2,,
2026-05-01 18:33:26,48,19,19,0,"fit: 3, efit: 1","fit: 3, efit: 1",,,,0,0,0,0,2,,
2026-05-01 18:37:39,48,19,19,0,"fit: 4, efit: 1","fit: 4, efit: 1",,,,0,0,0,0,2,,
2026-05-01 19:02:43,48,19,19,0,"fit: 4, efit: 3","fit: 4, efit: 3",,,,0,0,0,0,2,,
2026-05-01 19:27:47,48,19,19,0,"fit: 5, efit: 2","fit: 5, efit: 2",,,,0,0,0,0,2,,
2026-05-01 19:42:50,48,19,19,0,"fit: 5, efit: 1","fit: 5, efit: 1",,,,0,0,0,0,2,,
2026-05-01 20:07:54,48,19,19,0,"fit: 5, efit: 3","fit: 5, efit: 3",,,,0,0,0,0,2,,
2026-05-01 20:12:55,48,19,19,0,"fit: 5, efit: 4","fit: 5, efit: 4",,,,0,0,0,0,2,,
2026-05-01 20:53:01,48,19,19,0,"fit: 5, efit: 5","fit: 5, efit: 5",,,,0,0,0,0,2,,
2026-05-01 20:58:02,48,19,19,0,"fit: 5, efit: 4","fit: 5, efit: 4",,,,0,0,0,0,2,,
2026-05-01 21:03:03,48,19,19,0,"fit: 5, efit: 1","fit: 5, efit: 1",,,,0,0,0,0,2,,
2026-05-01 21:33:08,48,19,19,0,fit: 5,fit: 5,,,,0,0,0,0,2,,
2026-05-01 21:54:06,48,19,19,0,fit: 6,fit: 6,,,,0,0,0,0,2,,
2026-05-01 22:53:20,48,19,19,0,"fit: 6, efit: 1","fit: 6, efit: 1",,,,0,0,0,0,2,,
2026-05-01 23:08:23,48,19,19,0,fit: 6,fit: 6,,,,0,0,0,0,2,,
2026-05-02 00:03:31,48,19,19,0,"fit: 6, efit: 2","fit: 6, efit: 2",,,,0,0,0,0,2,,
2026-05-02 01:40:14,48,19,19,0,"fit: 6, efit: 3","fit: 6, efit: 3",,,,0,0,0,0,2,,
2026-05-02 01:48:48,48,19,19,0,"fit: 6, efit: 4","fit: 6, efit: 4",,,,0,0,0,0,2,,
2026-05-02 01:49:52,48,19,19,0,"fit: 6, efit: 3","fit: 6, efit: 3",,,,0,0,0,0,2,,
2026-05-02 01:58:50,48,19,19,0,"fit: 8, efit: 2","fit: 8, efit: 2",,,,0,0,0,0,2,,
2026-05-02 01:59:54,48,19,19,0,"fit: 8, efit: 1","fit: 8, efit: 1",,,,0,0,0,0,2,,
2026-05-02 02:18:53,48,19,19,0,"fit: 8, efit: 2","fit: 8, efit: 2",,,,0,0,0,0,2,,
2026-05-02 02:23:53,48,19,19,0,fit: 8,fit: 8,,,,0,0,0,0,2,,
2026-05-02 04:19:12,48,19,19,0,fit: 7,fit: 7,,,,0,0,0,0,2,,
2026-05-02 05:45:39,48,19,19,0,"fit: 7, efit: 1","fit: 7, efit: 1",,,,0,0,0,0,2,,
2026-05-02 07:49:44,48,19,19,0,fit: 7,fit: 7,,,,0,0,0,0,2,,
2026-05-02 09:14:57,48,19,19,0,fit: 6,fit: 6,,,,0,0,0,0,2,,
2026-05-02 10:05:06,48,19,19,0,"fit: 6, efit: 1","fit: 6, efit: 1",,,,0,0,0,0,2,,
2026-05-02 10:30:10,48,19,19,0,fit: 6,fit: 6,,,,0,0,0,0,2,,
2026-05-02 11:05:16,48,19,19,0,fit: 4,fit: 4,,,,0,0,0,0,2,,
2026-05-02 11:25:19,48,19,19,0,"fit: 4, efit: 1","fit: 4, efit: 1",,,,0,0,0,0,2,,
2026-05-02 11:36:48,48,19,19,0,"fit: 4, efit: 2","fit: 4, efit: 2",,,,0,0,0,0,2,,
2026-05-02 11:41:49,48,19,19,0,"fit: 4, efit: 3","fit: 4, efit: 3",,,,0,0,0,0,2,,
2026-05-02 11:45:22,48,19,19,0,"fit: 4, efit: 2","fit: 4, efit: 2",,,,0,0,0,0,2,,
2026-05-02 12:00:24,48,19,19,0,fit: 3,fit: 3,,,,0,0,0,0,2,,
2026-05-02 12:12:11,48,19,19,0,"fit: 3, efit: 1","fit: 3, efit: 1",,,,0,0,0,0,2,,
2026-05-02 12:40:31,48,19,19,0,fit: 3,fit: 3,,,,0,0,0,0,2,,
2026-05-02 12:55:34,48,19,19,0,"fit: 3, efit: 1","fit: 3, efit: 1",,,,0,0,0,0,2,,
2026-05-02 13:07:22,48,19,19,0,fit: 3,fit: 3,,,,0,0,0,0,2,,
2026-05-02 13:35:40,48,19,19,0,"fit: 3, efit: 1","fit: 3, efit: 1",,,,0,0,0,0,2,,
2026-05-02 13:52:31,48,19,19,0,"fit: 3, efit: 2","fit: 3, efit: 2",,,,0,0,0,0,2,,
2026-05-02 14:02:18,48,19,19,0,"fit: 3, efit: 3","fit: 3, efit: 3",,,,0,0,0,0,2,,
2026-05-02 14:07:19,48,19,19,0,"fit: 3, efit: 4","fit: 3, efit: 4",,,,0,0,0,0,2,,
2026-05-02 14:15:48,48,19,19,0,"fit: 3, efit: 1","fit: 3, efit: 1",,,,0,0,0,0,2,,
2026-05-02 14:35:51,48,19,19,0,fit: 2,fit: 2,,,,0,0,0,0,2,,
2026-05-02 14:42:41,48,19,19,0,fit: 3,fit: 3,,,,0,0,0,0,2,,
2026-05-02 15:12:28,48,19,19,0,"fit: 3, efit: 1",fit: 3,,,,0,0,0,0,2,,
2026-05-02 15:27:31,48,19,19,0,"fit: 1, efit: 1",fit: 1,,,,0,0,0,0,2,,
2026-05-02 15:32:51,48,19,19,0,"fit: 1, efit: 2","fit: 1, efit: 1",,,,0,0,0,0,2,,
2026-05-02 15:37:33,48,19,19,0,"fit: 1, efit: 1",fit: 1,,,,0,0,0,0,2,,
2026-05-02 15:42:34,48,19,19,0,"fit: 1, efit: 2","fit: 1, efit: 1",,,,0,0,0,0,2,,
2026-05-02 16:02:38,48,19,19,0,"fit: 1, efit: 1",fit: 1,,,,0,0,0,0,2,,
2026-05-02 16:17:47,48,19,19,0,efit: 1,,,,,0,0,0,0,2,,
2026-05-02 17:07:51,48,19,19,0,efit: 4,efit: 3,,,,0,0,0,0,2,,
2026-05-02 17:27:56,48,19,19,0,efit: 5,efit: 4,,,,0,0,0,0,2,,
2026-05-02 18:08:04,48,19,19,0,efit: 6,efit: 5,,,,0,0,0,0,2,,
2026-05-02 18:13:22,48,19,19,0,efit: 5,efit: 4,,,,0,0,0,0,2,,
2026-05-02 18:18:06,48,19,19,0,efit: 3,efit: 2,,,,0,0,0,0,2,,
2026-05-02 18:33:09,48,19,19,0,"fit: 1, efit: 3","fit: 1, efit: 2",,,,0,0,0,0,2,,
2026-05-02 18:43:28,48,19,19,0,efit: 3,efit: 2,,,,0,0,0,0,2,,
2026-05-02 18:48:12,48,19,19,0,efit: 2,efit: 1,,,,0,0,0,0,2,,
2026-05-02 18:58:14,48,19,19,0,efit: 1,,,,,0,0,0,0,2,,
2026-05-02 19:13:17,48,19,19,0,efit: 2,efit: 1,,,,0,0,0,0,2,,
2026-05-02 19:28:20,48,19,19,0,"fit: 1, efit: 2","fit: 1, efit: 1",,,,0,0,0,0,2,,
2026-05-02 19:43:23,48,19,19,0,"fit: 1, efit: 1",fit: 1,,,,0,0,0,0,2,,
2026-05-02 19:58:26,48,19,19,0,efit: 1,,,,,0,0,0,0,2,,
2026-05-02 20:08:28,48,19,19,0,"fit: 1, efit: 2","fit: 1, efit: 1",,,,0,0,0,0,2,,
2026-05-02 20:38:34,48,19,19,0,"fit: 1, efit: 4","fit: 1, efit: 3",,,,0,0,0,0,2,,
2026-05-02 20:48:36,48,19,19,0,"fit: 1, efit: 5","fit: 1, efit: 4",,,,0,0,0,0,2,,
2026-05-02 20:53:43,48,19,19,0,"fit: 2, efit: 5","fit: 2, efit: 4",,,,0,0,0,0,2,,
2026-05-02 20:53:52,48,19,19,0,"fit: 2, efit: 6","fit: 2, efit: 5",,,,0,0,0,0,2,,
2026-05-02 21:03:39,48,19,19,0,"fit: 3, efit: 6","fit: 3, efit: 5",,,,0,0,0,0,2,,
2026-05-02 21:18:42,48,19,19,0,"fit: 3, efit: 5","fit: 3, efit: 4",,,,0,0,0,0,2,,
2026-05-02 21:33:45,48,19,19,0,"fit: 3, efit: 4","fit: 3, efit: 3",,,,0,0,0,0,2,,
2026-05-02 21:48:48,48,19,19,0,"fit: 3, efit: 5","fit: 3, efit: 4",,,,0,0,0,0,2,,
2026-05-02 22:03:51,48,19,19,0,"fit: 3, efit: 6","fit: 3, efit: 5",,,,0,0,0,0,2,,
2026-05-02 22:08:52,48,19,19,0,"fit: 3, efit: 7","fit: 3, efit: 6",,,,0,0,0,0,2,,
2026-05-02 22:13:53,48,19,19,0,"fit: 3, efit: 6","fit: 3, efit: 5",,,,0,0,0,0,2,,
2026-05-02 23:14:19,48,19,19,0,"fit: 3, efit: 5","fit: 3, efit: 4",,,,0,0,0,0,2,,
2026-05-03 00:04:14,48,19,19,0,"fit: 3, efit: 5","fit: 3, efit: 4",,,,0,0,0,0,2,,
2026-05-03 00:34:20,48,19,19,0,"fit: 3, efit: 2","fit: 3, efit: 1",,,,0,0,0,0,2,,
2026-05-03 01:14:27,48,19,19,0,"fit: 3, efit: 3","fit: 3, efit: 2",,,,0,0,0,0,2,,
2026-05-03 01:59:36,48,19,19,0,"fit: 3, efit: 2","fit: 3, efit: 1",,,,0,0,0,0,2,,
2026-05-03 02:09:38,48,19,19,0,"fit: 3, efit: 3","fit: 3, efit: 2",,,,0,0,0,0,2,,
2026-05-03 03:24:52,48,19,19,0,"fit: 3, efit: 2","fit: 3, efit: 1",,,,0,0,0,0,2,,
2026-05-03 04:55:09,48,19,19,0,"fit: 3, efit: 3","fit: 3, efit: 2",,,,0,0,0,0,2,,
2026-05-03 06:15:25,48,19,19,0,"fit: 3, efit: 2","fit: 3, efit: 1",,,,0,0,0,0,2,,
2026-05-03 07:15:36,48,19,19,0,"fit: 3, efit: 1",fit: 3,,,,0,0,0,0,2,,
2026-05-03 07:30:39,48,19,19,0,"fit: 3, efit: 2","fit: 3, efit: 1",,,,0,0,0,0,2,,
2026-05-03 08:15:49,48,19,19,0,"fit: 3, efit: 1",fit: 3,,,,0,0,0,0,2,,
2026-05-03 08:35:53,48,19,19,0,efit: 1,,,,,0,0,0,0,2,,
2026-05-03 09:05:59,48,19,19,0,efit: 2,efit: 1,,,,0,0,0,0,2,,
2026-05-03 09:11:00,48,19,19,0,efit: 1,,,,,0,0,0,0,2,,
2026-05-03 09:21:02,48,19,19,0,efit: 1,efit: 1,,,,0,0,0,0,2,,
2026-05-03 09:36:06,48,19,19,0,,,,,,0,0,0,0,2,,
2026-05-03 09:41:07,48,19,19,0,efit: 1,efit: 1,,,,0,0,0,0,2,,
2026-05-03 09:56:10,48,19,19,0,,,,,,0,0,0,0,2,,
2026-05-03 10:01:11,48,19,19,0,efit: 2,efit: 2,,,,0,0,0,0,2,,
2026-05-03 10:16:14,48,19,19,0,efit: 1,efit: 1,,,,0,0,0,0,2,,
2026-05-03 10:21:15,48,19,19,0,,,,,,0,0,0,0,2,,
2026-05-03 10:41:19,48,19,19,0,fit: 1,fit: 1,,,,0,0,0,0,2,,
2026-05-03 11:21:28,48,19,19,0,,,,,,0,0,0,0,2,,
2026-05-03 11:51:35,48,19,19,0,efit: 1,efit: 1,,,,0,0,0,0,2,,
2026-05-03 12:01:37,48,19,19,0,,,,,,0,0,0,0,2,,
2026-05-03 12:11:39,48,19,19,0,efit: 1,efit: 1,,,,0,0,0,0,2,,
2026-05-03 12:16:40,48,19,19,0,,,,,,0,0,0,0,2,,
2026-05-03 12:51:47,48,19,19,0,efit: 1,efit: 1,,,,0,0,0,0,2,,
2026-05-03 13:01:48,48,19,19,0,,,,,,0,0,0,0,2,,
2026-05-03 13:16:49,48,19,19,0,fit: 1,fit: 1,,,,0,0,0,0,2,,
2026-05-03 13:31:51,48,19,19,0,efit: 1,efit: 1,,,,0,0,0,0,2,,
2026-05-03 13:56:53,48,19,19,0,,,,,,0,0,0,0,2,,
2026-05-03 14:11:54,48,19,19,0,"fit: 1, efit: 2","fit: 1, efit: 2",,,,0,0,0,0,2,,
2026-05-03 14:21:55,48,19,19,0,"fit: 1, efit: 4","fit: 1, efit: 4",,,,0,0,0,0,2,,
2026-05-03 14:31:56,48,19,19,0,"fit: 1, efit: 3","fit: 1, efit: 3",,,,0,0,0,0,2,,
2026-05-03 14:36:57,48,19,19,0,"fit: 2, efit: 3","fit: 2, efit: 3",,,,0,0,0,0,2,,
2026-05-03 14:46:58,48,19,19,0,"fit: 3, efit: 2","fit: 3, efit: 2",,,,0,0,0,0,2,,
2026-05-03 14:51:59,48,19,19,0,"fit: 3, efit: 1","fit: 3, efit: 1",,,,0,0,0,0,2,,
2026-05-03 15:17:01,48,19,19,0,fit: 2,fit: 2,,,,0,0,0,0,2,,
2026-05-03 15:22:12,48,19,19,0,"fit: 2, efit: 2","fit: 2, efit: 2",,,,0,0,0,0,2,,
2026-05-03 15:27:02,48,19,19,0,"fit: 2, efit: 1","fit: 2, efit: 1",,,,0,0,0,0,2,,
2026-05-03 15:42:04,48,19,19,0,fit: 2,fit: 2,,,,0,0,0,0,2,,
2026-05-03 16:07:07,48,19,19,0,efit: 1,efit: 1,,,,0,0,0,0,2,,
2026-05-03 16:22:10,48,19,19,0,,,,,,0,0,0,0,2,,
2026-05-03 17:17:22,48,19,19,0,efit: 1,efit: 1,,,,0,0,0,0,2,,
2026-05-03 17:37:26,48,19,19,0,efit: 2,efit: 2,,,,0,0,0,0,2,,
2026-05-03 17:42:27,48,19,19,0,,,,,,0,0,0,0,2,,
2026-05-03 19:32:49,48,19,19,0,efit: 1,efit: 1,,,,0,0,0,0,2,,
2026-05-03 20:12:57,48,19,19,0,,,,,,0,0,0,0,2,,
2026-05-03 21:13:09,48,19,19,0,efit: 1,efit: 1,,,,0,0,0,0,2,,
2026-05-03 21:18:10,48,19,19,0,,,,,,0,0,0,0,2,,
2026-05-03 21:33:13,48,19,19,0,efit: 2,efit: 2,,,,0,0,0,0,2,,
2026-05-03 21:53:17,48,19,19,0,efit: 3,efit: 3,,,,0,0,0,0,2,,
2026-05-03 21:58:18,48,19,19,0,"fit: 1, efit: 4","fit: 1, efit: 4",,,,0,0,0,0,2,,
2026-05-03 22:28:24,48,19,19,0,"fit: 1, efit: 5","fit: 1, efit: 5",,,,0,0,0,0,2,,
2026-05-03 23:53:41,48,19,19,0,"fit: 1, efit: 6","fit: 1, efit: 6",,,,0,0,0,0,2,,
2026-05-04 00:03:43,48,19,19,0,"fit: 1, efit: 6","fit: 1, efit: 6",,,,0,0,0,0,2,,
2026-05-04 01:03:54,48,19,19,0,"fit: 1, efit: 7","fit: 1, efit: 7",,,,0,0,0,0,2,,
2026-05-04 02:44:14,48,19,19,0,"fit: 1, efit: 6","fit: 1, efit: 6",,,,0,0,0,0,2,,
2026-05-04 05:24:45,48,19,19,0,"fit: 1, efit: 5","fit: 1, efit: 5",,,,0,0,0,0,2,,
2026-05-04 05:29:46,48,19,19,0,"fit: 1, efit: 6","fit: 1, efit: 6",,,,0,0,0,0,2,,
2026-05-04 05:59:50,48,19,19,0,"fit: 1, efit: 7","fit: 1, efit: 7",,,,0,0,0,0,2,,
2026-05-04 08:05:06,48,19,19,0,"fit: 1, efit: 6","fit: 1, efit: 6",,,,0,0,0,0,2,,
2026-05-04 08:10:07,48,19,19,0,"fit: 1, efit: 4","fit: 1, efit: 4",,,,0,0,0,0,2,,
2026-05-04 08:20:09,48,19,19,0,"fit: 1, efit: 3","fit: 1, efit: 3",,,,0,0,0,0,2,,
2026-05-04 08:25:10,48,19,19,0,"fit: 1, efit: 2","fit: 1, efit: 2",,,,0,0,0,0,2,,
2026-05-04 08:35:12,48,19,19,0,"fit: 1, efit: 1","fit: 1, efit: 1",,,,0,0,0,0,2,,
2026-05-04 09:25:23,48,19,19,0,fit: 1,fit: 1,,,,0,0,0,0,2,,
2026-05-04 09:25:33,48,19,19,0,"fit: 1, efit: 1","fit: 1, efit: 1",,,,0,0,0,0,2,,
2026-05-04 09:30:24,48,19,19,0,fit: 2,fit: 2,,,,0,0,0,0,2,,
2026-05-04 09:40:26,48,19,19,0,,,,,,0,0,0,0,2,,
2026-05-04 10:10:32,48,19,19,0,efit: 1,efit: 1,,,,0,0,0,0,2,,
2026-05-04 10:30:39,48,19,19,0,,,,,,0,0,0,0,2,,
2026-05-04 12:20:59,48,19,19,0,efit: 1,efit: 1,,,,0,0,0,0,2,,
2026-05-04 12:31:02,48,19,19,0,efit: 2,efit: 2,,,,0,0,0,0,2,,
2026-05-04 12:46:05,48,19,19,0,efit: 1,efit: 1,,,,0,0,0,0,2,,
2026-05-04 12:51:06,48,19,19,0,efit: 2,efit: 2,,,,0,0,0,0,2,,
2026-05-04 13:16:11,48,19,19,0,efit: 1,efit: 1,,,,0,0,0,0,2,,
2026-05-04 13:51:18,48,19,19,0,efit: 2,efit: 2,,,,0,0,0,0,2,,
2026-05-04 14:11:22,48,19,19,0,efit: 1,efit: 1,,,,0,0,0,0,2,,
2026-05-04 14:16:23,48,19,19,0,efit: 2,efit: 2,,,,0,0,0,0,2,,
2026-05-04 14:31:26,48,19,19,0,efit: 1,efit: 1,,,,0,0,0,0,2,,
2026-05-04 14:36:27,48,19,19,0,efit: 2,efit: 2,,,,0,0,0,0,2,,
2026-05-04 14:46:29,48,19,19,0,"fit: 1, efit: 1","fit: 1, efit: 1",,,,0,0,0,0,2,,
2026-05-04 14:51:30,48,19,19,0,"fit: 1, efit: 2","fit: 1, efit: 2",,,,0,0,0,0,2,,
2026-05-04 14:56:31,48,19,19,0,"fit: 1, efit: 1","fit: 1, efit: 1",,,,0,0,0,0,2,,
2026-05-04 15:06:33,48,19,19,0,fit: 1,fit: 1,,,,0,0,0,0,2,,
2026-05-04 15:11:34,48,19,19,0,"fit: 1, efit: 1","fit: 1, efit: 1",,,,0,0,0,0,2,,
2026-05-04 15:16:35,48,19,19,0,"fit: 1, efit: 3","fit: 1, efit: 3",,,,0,0,0,0,2,,
2026-05-04 15:21:37,48,19,19,0,"fit: 1, efit: 2","fit: 1, efit: 2",,,,0,0,0,0,2,,
2026-05-04 15:26:37,48,19,19,0,"fit: 1, efit: 1","fit: 1, efit: 1",,,,0,0,0,0,2,,
2026-05-04 15:51:42,48,19,19,0,"fit: 2, efit: 1","fit: 2, efit: 1",,,,0,0,0,0,2,,
2026-05-04 15:51:46,48,19,19,0,"fit: 2, efit: 2","fit: 2, efit: 2",,,,0,0,0,0,2,,
2026-05-04 15:56:44,48,19,19,0,"fit: 2, efit: 1","fit: 2, efit: 1",,,,0,0,0,0,2,,
2026-05-04 16:16:48,48,19,19,0,fit: 2,fit: 2,,,,0,0,0,0,2,,
2026-05-04 16:21:49,48,19,19,0,"fit: 2, efit: 1","fit: 2, efit: 1",,,,0,0,0,0,2,,
2026-05-04 16:26:50,48,19,19,0,fit: 2,fit: 2,,,,0,0,0,0,2,,
2026-05-04 16:51:55,48,19,19,0,"fit: 2, efit: 2","fit: 2, efit: 2",,,,0,0,0,0,2,,
2026-05-04 16:56:56,48,19,19,0,"fit: 2, efit: 1","fit: 2, efit: 1",,,,0,0,0,0,2,,
2026-05-04 17:01:57,48,19,19,0,fit: 2,fit: 2,,,,0,0,0,0,2,,
2026-05-04 17:06:58,48,19,19,0,"fit: 2, efit: 1","fit: 2, efit: 1",,,,0,0,0,0,2,,
2026-05-04 17:16:59,48,19,19,0,"fit: 3, efit: 2","fit: 3, efit: 2",,,,0,0,0,0,2,,
2026-05-04 17:21:59,48,19,19,0,"fit: 3, efit: 3","fit: 3, efit: 3",,,,0,0,0,0,2,,
2026-05-04 17:27:00,48,19,19,0,"fit: 3, efit: 4","fit: 3, efit: 4",,,,0,0,0,0,2,,
2026-05-04 17:42:02,48,19,19,0,"fit: 4, efit: 3","fit: 4, efit: 3",,,,0,0,0,0,2,,
2026-05-04 17:47:03,48,19,19,0,"fit: 5, efit: 3","fit: 5, efit: 3",,,,0,0,0,0,2,,
2026-05-04 17:52:04,48,19,19,0,"fit: 5, efit: 1","fit: 5, efit: 1",,,,0,0,0,0,2,,
2026-05-04 18:02:05,48,19,19,0,fit: 5,fit: 5,,,,0,0,0,0,2,,
2026-05-04 18:17:08,48,19,19,0,fit: 3,fit: 3,,,,0,0,0,0,2,,
2026-05-04 18:17:15,48,19,19,0,fit: 4,fit: 4,,,,0,0,0,0,2,,
2026-05-04 18:22:09,48,19,19,0,fit: 3,fit: 3,,,,0,0,0,0,2,,
2026-05-04 18:42:13,48,19,19,0,"fit: 3, efit: 1","fit: 3, efit: 1",,,,0,0,0,0,2,,
2026-05-04 19:17:20,48,19,19,0,fit: 3,fit: 3,,,,0,0,0,0,2,,
2026-05-04 20:12:32,48,19,19,0,fit: 2,fit: 2,,,,0,0,0,0,2,,
2026-05-04 20:37:37,48,19,19,0,"fit: 2, efit: 1","fit: 2, efit: 1",,,,0,0,0,0,2,,
2026-05-04 20:52:40,48,19,19,0,"fit: 2, efit: 2","fit: 2, efit: 2",,,,0,0,0,0,2,,
2026-05-04 20:57:41,48,19,19,0,"fit: 2, efit: 3","fit: 2, efit: 3",,,,0,0,0,0,2,,
2026-05-04 21:02:44,48,19,19,0,"fit: 2, efit: 2","fit: 2, efit: 2",,,,0,0,0,0,2,,
2026-05-04 21:07:43,48,19,19,0,fit: 4,fit: 4,,,,0,0,0,0,2,,
2026-05-04 21:27:49,48,19,19,0,fit: 3,fit: 3,,,,0,0,0,0,2,,
2026-05-04 21:32:48,48,19,19,0,fit: 2,fit: 2,,,,0,0,0,0,2,,
2026-05-04 21:57:53,48,19,19,0,"fit: 2, efit: 1","fit: 2, efit: 1",,,,0,0,0,0,2,,
2026-05-05 00:03:18,48,19,19,0,"fit: 2, efit: 1","fit: 2, efit: 1",,,,0,0,0,0,2,,
2026-05-05 00:48:23,48,19,19,0,"fit: 2, efit: 2","fit: 2, efit: 2",,,,0,0,0,0,2,,
2026-05-05 01:03:24,48,19,19,0,"fit: 2, efit: 1","fit: 2, efit: 1",,,,0,0,0,0,2,,
2026-05-05 01:33:27,48,19,19,0,fit: 2,fit: 2,,,,0,0,0,0,2,,
2026-05-05 02:08:31,48,19,19,0,"fit: 2, efit: 1","fit: 2, efit: 1",,,,0,0,0,0,2,,
2026-05-05 03:03:36,48,19,19,0,"fit: 2, efit: 2","fit: 2, efit: 2",,,,0,0,0,0,2,,
2026-05-05 05:38:51,48,19,19,0,"fit: 2, efit: 3","fit: 2, efit: 3",,,,0,0,0,0,2,,
2026-05-05 06:54:35,48,19,19,0,"fit: 2, efit: 2","fit: 2, efit: 2",,,,0,0,0,0,2,,
2026-05-05 07:59:09,48,19,19,0,"fit: 2, efit: 1","fit: 2, efit: 1",,,,0,0,0,0,2,,
2026-05-05 08:04:10,48,19,19,0,fit: 2,fit: 2,,,,0,0,0,0,2,,
2026-05-05 08:09:11,48,19,19,0,fit: 1,fit: 1,,,,0,0,0,0,2,,
2026-05-05 08:14:12,48,19,19,0,"fit: 1, efit: 1","fit: 1, efit: 1",,,,0,0,0,0,2,,
2026-05-05 08:14:13,48,19,19,0,fit: 1,fit: 1,,,,0,0,0,0,2,,
2026-05-05 08:24:14,48,19,19,0,,,,,,0,0,0,0,2,,
2026-05-05 09:02:29,48,19,19,0,efit: 1,efit: 1,,,,0,0,0,0,2,,
2026-05-05 09:27:34,48,19,19,0,,,,,,0,0,0,0,2,,
2026-05-05 10:22:45,48,19,19,0,efit: 2,efit: 2,,,,0,0,0,0,2,,
2026-05-05 10:23:14,48,19,19,0,efit: 3,efit: 3,,,,0,0,0,0,2,,
2026-05-05 10:42:48,48,19,19,0,efit: 4,efit: 4,,,,0,0,0,0,2,,
2026-05-05 10:48:18,48,19,19,0,efit: 5,efit: 5,,,,0,0,0,0,2,,
2026-05-05 10:53:19,48,19,19,0,efit: 4,efit: 4,,,,0,0,0,0,2,,
2026-05-05 11:27:57,48,19,19,0,efit: 5,efit: 5,,,,0,0,0,0,2,,
2026-05-05 11:28:25,48,19,19,0,efit: 4,efit: 4,,,,0,0,0,0,2,,
2026-05-05 11:48:01,48,19,19,0,efit: 3,efit: 3,,,,0,0,0,0,2,,
2026-05-05 11:53:02,48,19,19,0,efit: 2,efit: 2,,,,0,0,0,0,2,,
2026-05-05 12:03:04,48,19,19,0,efit: 3,efit: 3,,,,0,0,0,0,2,,
2026-05-05 12:18:07,48,19,19,0,efit: 4,efit: 4,,,,0,0,0,0,2,,
2026-05-05 12:23:08,48,19,19,0,efit: 2,efit: 2,,,,0,0,0,0,2,,
2026-05-05 12:48:13,48,19,19,0,efit: 1,efit: 1,,,,0,0,0,0,2,,
2026-05-05 13:08:17,48,19,19,0,,,,,,0,0,0,0,2,,
2026-05-05 13:18:19,48,19,19,0,efit: 1,efit: 1,,,,0,0,0,0,2,,
2026-05-05 13:28:21,48,19,19,0,efit: 2,efit: 2,,,,0,0,0,0,2,,
2026-05-05 13:38:22,48,19,19,0,efit: 1,efit: 1,,,,0,0,0,0,2,,
2026-05-05 13:43:23,48,19,19,0,efit: 2,efit: 2,,,,0,0,0,0,2,,
2026-05-05 13:48:58,48,19,19,0,efit: 1,efit: 1,,,,0,0,0,0,2,,
2026-05-05 14:13:29,48,19,19,0,,,,,,0,0,0,0,2,,
2026-05-05 14:23:31,48,19,19,0,efit: 1,efit: 1,,,,0,0,0,0,2,,
2026-05-05 14:53:37,48,19,19,0,,,,,,0,0,0,0,2,,
2026-05-05 16:28:55,48,19,19,0,efit: 2,efit: 2,,,,0,0,0,0,2,,
2026-05-05 16:54:00,48,19,19,0,efit: 1,efit: 1,,,,0,0,0,0,2,,
2026-05-05 16:59:25,48,19,19,0,efit: 2,efit: 2,,,,0,0,0,0,2,,
2026-05-05 17:04:02,48,19,19,0,efit: 1,efit: 1,,,,0,0,0,0,2,,
2026-05-05 17:09:03,48,19,19,0,,,,,,0,0,0,0,2,,
2026-05-05 17:19:05,48,19,19,0,efit: 1,efit: 1,,,,0,0,0,0,2,,
2026-05-05 17:19:40,48,19,19,0,efit: 2,efit: 2,,,,0,0,0,0,2,,
2026-05-05 17:24:06,48,19,19,0,efit: 3,efit: 3,,,,0,0,0,0,2,,
2026-05-05 17:29:07,48,19,19,0,efit: 2,efit: 2,,,,0,0,0,0,2,,
2026-05-05 17:34:08,48,19,19,0,,,,,,0,0,0,0,2,,
2026-05-05 17:44:10,48,19,19,0,efit: 1,efit: 1,,,,0,0,0,0,2,,
2026-05-05 17:49:11,48,19,19,0,efit: 3,efit: 3,,,,0,0,0,0,2,,
2026-05-05 17:54:35,48,19,19,0,efit: 2,efit: 2,,,,0,0,0,0,2,,
2026-05-05 18:04:14,48,19,19,0,efit: 1,efit: 1,,,,0,0,0,0,2,,
2026-05-05 18:04:37,48,19,19,0,,,,,,0,0,0,0,2,,
2026-05-05 18:09:15,48,19,19,0,fit: 1,fit: 1,,,,0,0,0,0,2,,
2026-05-05 19:34:32,48,19,19,0,"fit: 1, efit: 3","fit: 1, efit: 3",,,,0,0,0,0,2,,
2026-05-05 19:39:33,48,19,19,0,"fit: 2, efit: 3","fit: 2, efit: 3",,,,0,0,0,0,2,,
2026-05-05 19:54:37,48,19,19,0,"fit: 2, efit: 4","fit: 2, efit: 4",,,,0,0,0,0,2,,
2026-05-05 19:54:57,48,19,19,0,"fit: 2, efit: 3","fit: 2, efit: 3",,,,0,0,0,0,2,,
2026-05-05 20:09:40,48,19,19,0,"fit: 2, efit: 4","fit: 2, efit: 4",,,,0,0,0,0,2,,
2026-05-05 20:20:02,48,19,19,0,"fit: 2, efit: 3","fit: 2, efit: 3",,,,0,0,0,0,2,,
2026-05-05 20:39:46,48,19,19,0,"fit: 2, efit: 4","fit: 2, efit: 4",,,,0,0,0,0,2,,
2026-05-05 20:44:47,48,19,19,0,"fit: 2, efit: 3","fit: 2, efit: 3",,,,0,0,0,0,2,,
2026-05-05 20:49:48,48,19,19,0,"fit: 2, efit: 2","fit: 2, efit: 2",,,,0,0,0,0,2,,
2026-05-05 21:34:56,48,19,19,0,"fit: 2, efit: 1","fit: 2, efit: 1",,,,0,0,0,0,2,,
2026-05-05 21:39:57,48,19,19,0,"fit: 2, efit: 2","fit: 2, efit: 2",,,,0,0,0,0,2,,
2026-05-05 21:55:01,48,19,19,0,"fit: 2, efit: 1","fit: 2, efit: 1",,,,0,0,0,0,2,,
2026-05-05 22:05:03,48,19,19,0,"fit: 2, efit: 2","fit: 2, efit: 2",,,,0,0,0,0,2,,
2026-05-05 22:15:05,48,19,19,0,"fit: 2, efit: 3","fit: 2, efit: 3",,,,0,0,0,0,2,,
2026-05-05 22:25:25,48,19,19,0,"fit: 2, efit: 4","fit: 2, efit: 4",,,,0,0,0,0,2,,
2026-05-05 22:40:10,48,19,19,0,"fit: 2, efit: 5","fit: 2, efit: 5",,,,0,0,0,0,2,,
2026-05-05 22:50:12,48,19,19,0,"fit: 2, efit: 4","fit: 2, efit: 4",,,,0,0,0,0,2,,
2026-05-05 23:05:15,48,19,19,0,"fit: 2, efit: 6","fit: 2, efit: 6",,,,0,0,0,0,2,,
2026-05-05 23:40:21,48,19,19,0,"fit: 2, efit: 4","fit: 2, efit: 4",,,,0,0,0,0,2,,
2026-05-06 00:00:25,48,19,19,0,"fit: 2, efit: 4","fit: 2, efit: 4",,,,0,0,0,0,2,,
2026-05-06 00:05:26,48,19,19,0,"fit: 2, efit: 1","fit: 2, efit: 1",,,,0,0,0,0,2,,
2026-05-06 00:15:28,48,19,19,0,"fit: 2, efit: 2","fit: 2, efit: 2",,,,0,0,0,0,2,,
2026-05-06 00:40:33,48,19,19,0,fit: 2,fit: 2,,,,0,0,0,0,2,,
2026-05-06 08:42:02,48,19,19,0,"fit: 2, efit: 1","fit: 2, efit: 1",,,,0,0,0,0,2,,
2026-05-06 08:52:04,48,19,19,0,fit: 2,fit: 2,,,,0,0,0,0,2,,
2026-05-06 09:12:08,48,19,19,0,fit: 1,fit: 1,,,,0,0,0,0,2,,
2026-05-06 10:06:34,48,19,19,0,"fit: 1, efit: 1","fit: 1, efit: 1",,,,0,0,0,0,2,,
2026-05-06 10:16:35,48,19,19,0,"fit: 4, efit: 2","fit: 4, efit: 2",,,,0,0,0,0,2,,
2026-05-06 10:36:39,48,19,19,0,"fit: 4, efit: 1","fit: 4, efit: 1",,,,0,0,0,0,2,,
2026-05-06 12:02:40,48,19,19,0,fit: 4,fit: 4,,,,0,0,0,0,2,,
2026-05-06 12:21:58,48,19,19,0,fit: 3,fit: 3,,,,0,0,0,0,2,,
2026-05-06 13:07:06,48,19,19,0,"fit: 3, efit: 1","fit: 3, efit: 1",,,,0,0,0,0,2,,
2026-05-06 14:07:16,48,19,19,0,fit: 2,fit: 2,,,,0,0,0,0,2,,
2026-05-06 14:17:18,48,19,19,0,fit: 1,fit: 1,,,,0,0,0,0,2,,
2026-05-06 15:14:03,48,19,19,0,"fit: 1, efit: 1","fit: 1, efit: 1",,,,0,0,0,0,2,,
2026-05-06 15:17:29,48,19,19,0,"fit: 1, efit: 2","fit: 1, efit: 2",,,,0,0,0,0,2,,
2026-05-06 15:22:29,48,19,19,0,"fit: 1, efit: 1","fit: 1, efit: 1",,,,0,0,0,0,2,,
2026-05-06 15:37:32,48,19,19,0,"fit: 1, efit: 2","fit: 1, efit: 2",,,,0,0,0,0,2,,
2026-05-06 15:42:33,48,19,19,0,"fit: 1, efit: 3","fit: 1, efit: 3",,,,0,0,0,0,2,,
2026-05-06 15:43:23,48,19,19,0,"fit: 1, efit: 2","fit: 1, efit: 2",,,,0,0,0,0,2,,
2026-05-06 15:47:34,48,19,19,0,"fit: 1, efit: 1","fit: 1, efit: 1",,,,0,0,0,0,2,,
2026-05-06 15:55:22,48,19,19,0,"fit: 1, efit: 2","fit: 1, efit: 2",,,,0,0,0,0,2,,
2026-05-06 16:00:22,48,19,19,0,"fit: 1, efit: 3","fit: 1, efit: 3",,,,0,0,0,0,2,,
2026-05-06 16:15:24,48,19,19,0,"fit: 1, efit: 2","fit: 1, efit: 2",,,,0,0,0,0,2,,
2026-05-06 16:20:25,48,19,19,0,"fit: 1, efit: 3","fit: 1, efit: 3",,,,0,0,0,0,2,,
2026-05-06 16:45:29,48,19,19,0,"fit: 1, efit: 4","fit: 1, efit: 4",,,,0,0,0,0,2,,
2026-05-06 16:50:29,48,19,19,0,"fit: 1, efit: 3","fit: 1, efit: 3",,,,0,0,0,0,2,,
2026-05-06 17:30:36,48,19,19,0,"fit: 1, efit: 2","fit: 1, efit: 2",,,,0,0,0,0,2,,
2026-05-06 17:45:38,48,19,19,0,"fit: 1, efit: 1","fit: 1, efit: 1",,,,0,0,0,0,2,,
2026-05-06 17:50:39,48,19,19,0,"fit: 1, efit: 2","fit: 1, efit: 2",,,,0,0,0,0,2,,
2026-05-06 18:05:41,48,19,19,0,"fit: 2, efit: 1","fit: 2, efit: 1",,,,0,0,0,0,2,,
2026-05-06 18:10:42,48,19,19,0,fit: 3,fit: 3,,,,0,0,0,0,2,,
2026-05-06 18:56:37,48,19,19,0,fit: 2,fit: 2,,,,0,0,0,0,2,,
2026-05-06 19:30:55,48,19,19,0,fit: 1,fit: 1,,,,0,0,0,0,2,,
2026-05-06 19:55:59,48,19,19,0,,,,,,0,0,0,0,2,,
2026-05-06 21:01:10,48,19,19,0,efit: 1,efit: 1,,,,0,0,0,0,2,,
2026-05-06 21:06:11,48,19,19,0,,,,,,0,0,0,0,2,,
2026-05-06 22:36:25,48,19,19,0,efit: 1,efit: 1,,,,0,0,0,0,2,,
2026-05-07 00:01:37,48,19,19,0,efit: 1,efit: 1,,,,0,0,0,0,2,,
2026-05-07 00:56:45,48,19,19,0,,,,,,0,0,0,0,2,,
2026-05-07 01:42:18,48,19,19,0,efit: 1,efit: 1,,,,0,0,0,0,2,,
2026-05-07 01:42:44,48,19,19,0,efit: 2,efit: 2,,,,0,0,0,0,2,,
2026-05-07 03:07:34,48,19,19,0,"fit: 1, efit: 2","fit: 1, efit: 2",,,,0,0,0,0,2,,
2026-05-07 03:07:58,48,19,19,0,"fit: 1, efit: 1","fit: 1, efit: 1",,,,0,0,0,0,2,,
2026-05-07 04:52:20,48,19,19,0,fit: 1,fit: 1,,,,0,0,0,0,2,,
2026-05-07 06:47:37,48,19,19,0,,,,,,0,0,0,0,2,,
2026-05-07 08:52:56,48,19,19,0,efit: 1,efit: 1,,,,0,0,0,0,2,,
2026-05-07 09:02:58,48,19,19,0,"fit: 3, efit: 3","fit: 3, efit: 3",,,,0,0,0,0,2,,
2026-05-07 09:33:59,48,19,19,0,"fit: 3, efit: 2","fit: 3, efit: 2",,,,0,0,0,0,2,,
2026-05-07 10:03:56,48,19,19,0,"fit: 3, efit: 3","fit: 3, efit: 3",,,,0,0,0,0,2,,
2026-05-07 10:23:10,48,19,19,0,"fit: 4, efit: 1","fit: 4, efit: 1",,,,0,0,0,0,2,,
2026-05-07 11:04:08,48,19,19,0,"fit: 4, efit: 2","fit: 4, efit: 2",,,,0,0,0,0,2,,
2026-05-07 11:13:17,48,19,19,0,"fit: 4, efit: 1","fit: 4, efit: 1",,,,0,0,0,0,2,,
2026-05-07 11:18:18,48,19,19,0,fit: 4,fit: 4,,,,0,0,0,0,2,,
2026-05-07 11:29:14,48,19,19,0,fit: 3,fit: 3,,,,0,0,0,0,2,,
2026-05-07 11:34:15,48,19,19,0,"fit: 3, efit: 1","fit: 3, efit: 1",,,,0,0,0,0,2,,
2026-05-07 11:38:21,48,19,19,0,fit: 3,fit: 3,,,,0,0,0,0,2,,
2026-05-07 11:43:22,48,19,19,0,"fit: 3, efit: 1","fit: 3, efit: 1",,,,0,0,0,0,2,,
2026-05-07 11:48:23,48,19,19,0,fit: 3,fit: 3,,,,0,0,0,0,2,,
2026-05-07 12:39:28,48,19,19,0,"fit: 3, efit: 1","fit: 3, efit: 1",,,,0,0,0,0,2,,
2026-05-07 13:48:40,48,19,19,0,fit: 3,fit: 3,,,,0,0,0,0,2,,
2026-05-07 13:53:41,48,19,19,0,"fit: 3, efit: 1","fit: 3, efit: 1",,,,0,0,0,0,2,,
2026-05-07 14:03:43,48,19,19,0,fit: 2,fit: 2,,,,0,0,0,0,2,,
2026-05-07 14:04:39,48,19,19,0,fit: 1,fit: 1,,,,0,0,0,0,2,,
2026-05-07 14:08:43,48,19,19,0,"fit: 1, efit: 1","fit: 1, efit: 1",,,,0,0,0,0,2,,
2026-05-07 14:28:46,48,19,19,0,,,,,,0,0,0,0,2,,
2026-05-07 14:58:51,48,19,19,0,efit: 1,efit: 1,,,,0,0,0,0,2,,
2026-05-07 15:13:53,48,19,19,0,efit: 2,efit: 2,,,,0,0,0,0,2,,
2026-05-07 15:18:54,48,19,19,0,efit: 1,efit: 1,,,,0,0,0,0,2,,
2026-05-07 15:28:55,48,19,19,0,,,,,,0,0,0,0,2,,
2026-05-07 15:59:00,48,19,19,0,efit: 1,efit: 1,,,,0,0,0,0,2,,
2026-05-07 16:14:03,48,19,19,0,efit: 2,efit: 2,,,,0,0,0,0,2,,
2026-05-07 16:19:03,48,19,19,0,efit: 1,efit: 1,,,,0,0,0,0,2,,
2026-05-07 16:35:03,48,19,19,0,efit: 2,efit: 2,,,,0,0,0,0,2,,
2026-05-07 16:54:09,48,19,19,0,efit: 1,efit: 1,,,,0,0,0,0,2,,
2026-05-07 16:59:09,48,19,19,0,,,,,,0,0,0,0,2,,
2026-05-07 17:09:11,48,19,19,0,efit: 1,efit: 1,,,,0,0,0,0,2,,
2026-05-07 17:14:12,48,19,19,0,efit: 2,efit: 2,,,,0,0,0,0,2,,
2026-05-07 17:24:13,48,19,19,0,efit: 1,efit: 1,,,,0,0,0,0,2,,
2026-05-07 17:35:14,48,19,19,0,,,,,,0,0,0,0,2,,
2026-05-07 17:49:17,48,19,19,0,efit: 1,efit: 1,,,,0,0,0,0,2,,
2026-05-07 18:00:18,48,19,19,0,,,,,,0,0,0,0,2,,
2026-05-07 18:14:21,48,19,19,0,fit: 1,fit: 1,,,,0,0,0,0,2,,
2026-05-07 18:24:23,48,19,19,0,"fit: 1, efit: 1","fit: 1, efit: 1",,,,0,0,0,0,2,,
2026-05-07 18:35:24,48,19,19,0,"fit: 2, efit: 1","fit: 2, efit: 1",,,,0,0,0,0,2,,
2026-05-07 18:35:38,48,19,19,0,fit: 2,fit: 2,,,,0,0,0,0,2,,
2026-05-07 19:19:32,48,19,19,0,"fit: 2, efit: 1","fit: 2, efit: 1",,,,0,0,0,0,2,,
2026-05-07 19:20:32,48,19,19,0,fit: 2,fit: 2,,,,0,0,0,0,2,,
2026-05-07 19:50:37,48,19,19,0,"fit: 2, efit: 1","fit: 2, efit: 1",,,,0,0,0,0,2,,
2026-05-07 19:59:38,48,19,19,0,"fit: 2, efit: 2","fit: 2, efit: 2",,,,0,0,0,0,2,,
2026-05-07 20:04:39,48,19,19,0,fit: 2,fit: 2,,,,0,0,0,0,2,,
2026-05-07 20:05:39,48,19,19,0,"fit: 2, efit: 1","fit: 2, efit: 1",,,,0,0,0,0,2,,
2026-05-07 20:09:40,48,19,19,0,"fit: 2, efit: 3","fit: 2, efit: 2",,,,0,0,0,0,2,,
2026-05-07 20:14:40,48,19,19,0,"fit: 2, efit: 2","fit: 2, efit: 1",,,,0,0,0,0,2,,
2026-05-07 20:29:43,48,19,19,0,"fit: 2, efit: 1",fit: 2,,,,0,0,0,0,2,,
2026-05-07 20:49:46,48,19,19,0,"fit: 2, efit: 2","fit: 2, efit: 1",,,,0,0,0,0,2,,
2026-05-07 20:54:47,48,19,19,0,"fit: 2, efit: 1",fit: 2,,,,0,0,0,0,2,,
2026-05-07 21:30:53,48,19,19,0,"fit: 2, efit: 3","fit: 2, efit: 2",,,,0,0,0,0,2,,
2026-05-07 21:34:53,48,19,19,0,"fit: 2, efit: 4","fit: 2, efit: 3",,,,0,0,0,0,2,,
2026-05-07 21:40:55,48,19,19,0,"fit: 2, efit: 7","fit: 2, efit: 6",,,,0,0,0,0,2,,
2026-05-07 21:44:54,48,19,19,0,"fit: 2, efit: 8","fit: 2, efit: 7",,,,0,0,0,0,2,,
2026-05-07 21:54:56,48,19,19,0,"fit: 2, efit: 7","fit: 2, efit: 6",,,,0,0,0,0,2,,
2026-05-07 22:16:01,48,19,19,0,"fit: 2, efit: 8","fit: 2, efit: 7",,,,0,0,0,0,2,,
2026-05-07 22:35:03,48,19,19,0,"fit: 2, efit: 9","fit: 2, efit: 8",,,,0,0,0,0,2,,
2026-05-07 23:40:13,48,19,19,0,"fit: 2, efit: 8","fit: 2, efit: 7",,,,0,0,0,0,2,,
2026-05-08 00:00:16,48,19,19,0,"fit: 2, efit: 8","fit: 2, efit: 7",,,,0,0,0,0,2,,
2026-05-08 00:11:19,48,19,19,0,"fit: 2, efit: 9","fit: 2, efit: 8",,,,0,0,0,0,2,,
2026-05-08 00:55:26,48,19,19,0,"fit: 2, efit: 10","fit: 2, efit: 9",,,,0,0,0,0,2,,
2026-05-08 04:56:07,48,19,19,0,"fit: 2, efit: 9","fit: 2, efit: 8",,,,0,0,0,0,2,,
2026-05-08 05:06:09,48,19,19,0,"fit: 2, efit: 10","fit: 2, efit: 9",,,,0,0,0,0,2,,
2026-05-08 05:11:10,48,19,19,0,"fit: 2, efit: 9","fit: 2, efit: 8",,,,0,0,0,0,2,,
2026-05-08 05:17:05,48,19,19,0,"fit: 2, efit: 10","fit: 2, efit: 9",,,,0,0,0,0,2,,
2026-05-08 05:18:02,48,19,19,0,"fit: 2, efit: 9","fit: 2, efit: 8",,,,0,0,0,0,2,,
2026-05-08 05:53:10,48,19,19,0,"fit: 2, efit: 10","fit: 2, efit: 9",,,,0,0,0,0,2,,
2026-05-08 05:56:18,48,19,19,0,"fit: 2, efit: 9","fit: 2, efit: 8",,,,0,0,0,0,2,,
2026-05-08 06:41:25,48,19,19,0,"fit: 2, efit: 10","fit: 2, efit: 9",,,,0,0,0,0,2,,
2026-05-08 06:52:20,48,19,19,0,"fit: 2, efit: 9","fit: 2, efit: 8",,,,0,0,0,0,2,,
2026-05-08 07:47:29,48,19,19,0,"fit: 2, efit: 8","fit: 2, efit: 7",,,,0,0,0,0,2,,
2026-05-08 07:56:39,48,19,19,0,"fit: 2, efit: 7","fit: 2, efit: 6",,,,0,0,0,0,2,,
2026-05-08 08:16:42,48,19,19,0,"fit: 2, efit: 5","fit: 2, efit: 4",,,,0,0,0,0,2,,
2026-05-08 08:22:34,48,19,19,0,"fit: 2, efit: 4","fit: 2, efit: 3",,,,0,0,0,0,2,,
2026-05-08 08:31:45,48,19,19,0,"fit: 2, efit: 3","fit: 2, efit: 2",,,,0,0,0,0,2,,
2026-05-08 09:34:04,48,19,19,0,"fit: 2, efit: 2","fit: 2, efit: 1",,,,0,0,0,0,2,,
2026-05-08 09:46:58,48,19,19,0,"fit: 2, efit: 3","fit: 2, efit: 2",,,,0,0,0,0,2,,
2026-05-08 11:52:21,48,19,19,0,"fit: 2, efit: 5","fit: 2, efit: 4",,,,0,0,0,0,2,,
2026-05-08 12:12:25,48,19,19,0,"fit: 3, efit: 4","fit: 3, efit: 3",,,,0,0,0,0,2,,
2026-05-08 12:24:45,48,19,19,0,"fit: 3, efit: 3","fit: 3, efit: 2",,,,0,0,0,0,2,,
2026-05-08 12:48:18,48,19,19,0,"fit: 3, efit: 2","fit: 3, efit: 1",,,,0,0,0,0,2,,
2026-05-08 13:02:34,48,19,19,0,"fit: 3, efit: 3","fit: 3, efit: 2",,,,0,0,0,0,2,,
2026-05-08 13:17:37,48,19,19,0,"fit: 3, efit: 2","fit: 3, efit: 1",,,,0,0,0,0,2,,
2026-05-08 13:22:38,48,19,19,0,"fit: 3, efit: 1",fit: 3,,,,0,0,0,0,2,,
2026-05-08 13:48:28,48,19,19,0,"fit: 3, efit: 2","fit: 3, efit: 1",,,,0,0,0,0,2,,
2026-05-08 13:50:07,48,19,19,0,"fit: 2, efit: 2","fit: 2, efit: 1",,,,0,0,0,0,2,,
2026-05-08 13:57:45,48,19,19,0,"fit: 2, efit: 3","fit: 2, efit: 2",,,,0,0,0,0,2,,
2026-05-08 14:10:12,48,19,19,0,"fit: 2, efit: 4","fit: 2, efit: 3",,,,0,0,0,0,2,,
2026-05-08 14:17:48,48,19,19,0,"fit: 2, efit: 5","fit: 2, efit: 4",,,,0,0,0,0,2,,
2026-05-08 14:18:33,48,19,19,0,"fit: 2, efit: 4","fit: 2, efit: 3",,,,0,0,0,0,2,,
2026-05-08 14:33:36,48,19,19,0,"fit: 2, efit: 6","fit: 2, efit: 5",,,,0,0,0,0,2,,
2026-05-08 14:40:19,48,19,19,0,"fit: 2, efit: 7","fit: 2, efit: 6",,,,0,0,0,0,2,,
2026-05-08 14:55:23,48,19,19,0,"fit: 2, efit: 8","fit: 2, efit: 7",,,,0,0,0,0,2,,
2026-05-08 15:00:24,48,19,19,0,"fit: 2, efit: 7","fit: 2, efit: 6",,,,0,0,0,0,2,,
2026-05-08 15:05:26,48,19,19,0,"fit: 2, efit: 8","fit: 2, efit: 7",,,,0,0,0,0,2,,
2026-05-08 15:28:01,48,19,19,0,"fit: 2, efit: 9","fit: 2, efit: 8",,,,0,0,0,0,2,,
2026-05-08 15:45:36,48,19,19,0,"fit: 2, efit: 8","fit: 2, efit: 7",,,,0,0,0,0,2,,
2026-05-08 16:03:08,48,19,19,0,"fit: 2, efit: 9","fit: 2, efit: 8",,,,0,0,0,0,2,,
2026-05-08 16:08:09,48,19,19,0,"fit: 2, efit: 8","fit: 2, efit: 7",,,,0,0,0,0,2,,
2026-05-08 16:48:16,48,19,19,0,"fit: 2, efit: 7","fit: 2, efit: 6",,,,0,0,0,0,2,,
2026-05-08 16:58:59,48,19,19,0,"fit: 2, efit: 6","fit: 2, efit: 5",,,,0,0,0,0,2,,
2026-05-08 17:03:19,48,19,19,0,"fit: 2, efit: 7","fit: 2, efit: 6",,,,0,0,0,0,2,,
2026-05-08 17:33:24,48,19,19,0,"fit: 2, efit: 5","fit: 2, efit: 4",,,,0,0,0,0,2,,
2026-05-08 17:34:05,48,19,19,0,"fit: 2, efit: 6","fit: 2, efit: 5",,,,0,0,0,0,2,,
2026-05-08 17:38:25,48,19,19,0,"fit: 2, efit: 4","fit: 2, efit: 3",,,,0,0,0,0,2,,
2026-05-08 18:16:14,48,19,19,0,"fit: 3, efit: 4","fit: 3, efit: 3",,,,0,0,0,0,2,,
2026-05-08 18:23:34,48,19,19,0,"fit: 3, efit: 5","fit: 3, efit: 4",,,,0,0,0,0,2,,
2026-05-08 18:33:35,48,19,19,0,"fit: 3, efit: 6","fit: 3, efit: 5",,,,0,0,0,0,2,,
2026-05-08 18:43:37,48,19,19,0,"fit: 3, efit: 7","fit: 3, efit: 6",,,,0,0,0,0,2,,
2026-05-08 18:46:22,48,19,19,0,"fit: 4, efit: 8","fit: 4, efit: 7",,,,0,0,0,0,2,,
2026-05-08 18:48:38,48,19,19,0,"fit: 4, efit: 6","fit: 4, efit: 5",,,,0,0,0,0,2,,
2026-05-08 18:54:19,48,19,19,0,"fit: 4, efit: 7","fit: 4, efit: 6",,,,0,0,0,0,2,,
2026-05-08 19:13:42,48,19,19,0,"fit: 4, efit: 8","fit: 4, efit: 7",,,,0,0,0,0,2,,
2026-05-08 19:26:32,48,19,19,0,"fit: 6, efit: 7","fit: 6, efit: 6",,,,0,0,0,0,2,,
2026-05-08 19:28:45,48,19,19,0,"fit: 6, efit: 6","fit: 6, efit: 5",,,,0,0,0,0,2,,
2026-05-08 19:46:37,48,19,19,0,"fit: 6, efit: 5","fit: 6, efit: 4",,,,0,0,0,0,2,,
2026-05-08 20:41:51,48,19,19,0,"fit: 6, efit: 4","fit: 6, efit: 3",,,,0,0,0,0,2,,
2026-05-08 20:54:38,48,19,19,0,"fit: 6, efit: 5","fit: 6, efit: 4",,,,0,0,0,0,2,,
2026-05-08 22:07:12,48,19,19,0,"fit: 6, efit: 6","fit: 6, efit: 5",,,,0,0,0,0,2,,
2026-05-08 22:14:50,48,19,19,0,"fit: 6, efit: 9","fit: 6, efit: 8",,,,0,0,0,0,2,,
2026-05-08 23:57:39,48,19,19,0,"fit: 6, efit: 10","fit: 6, efit: 9",,,,0,0,0,0,2,,
2026-05-09 00:00:08,48,19,19,0,"fit: 6, efit: 10","fit: 6, efit: 9",,,,0,0,0,0,2,,
2026-05-09 00:17:44,48,19,19,0,"fit: 6, efit: 10","fit: 6, efit: 9",efit: 1,,,0,0,0,0,2,,
2026-05-09 08:14:37,48,19,19,0,"fit: 6, efit: 9","fit: 6, efit: 8",efit: 1,,,0,0,0,0,2,,
2026-05-09 09:19:52,48,19,19,0,"fit: 6, efit: 8","fit: 6, efit: 7",efit: 1,,,0,0,0,0,2,,
2026-05-09 10:00:02,48,19,19,0,"fit: 6, efit: 7","fit: 6, efit: 6",efit: 1,,,0,0,0,0,2,,
2026-05-09 10:40:12,48,19,19,0,"fit: 6, efit: 8","fit: 6, efit: 7",efit: 1,,,0,0,0,0,2,,
2026-05-09 11:20:22,48,19,19,0,"fit: 6, efit: 9","fit: 6, efit: 8",efit: 1,,,0,0,0,0,2,,
2026-05-09 11:30:24,48,19,19,0,"fit: 6, efit: 8","fit: 6, efit: 7",efit: 1,,,0,0,0,0,2,,
2026-05-09 11:55:31,48,19,19,0,"fit: 6, efit: 7","fit: 6, efit: 6",efit: 1,,,0,0,0,0,2,,
2026-05-09 12:50:46,48,19,19,0,"fit: 6, efit: 6","fit: 6, efit: 5",efit: 1,,,0,0,0,0,2,,
2026-05-09 13:00:48,48,19,19,0,"fit: 6, efit: 7","fit: 6, efit: 6",efit: 1,,,0,0,0,0,2,,
2026-05-09 13:01:51,48,19,19,0,"fit: 6, efit: 8","fit: 6, efit: 7",efit: 1,,,0,0,0,0,2,,
2026-05-09 13:15:52,48,19,19,0,"fit: 7, efit: 8","fit: 7, efit: 7",efit: 1,,,0,0,0,0,2,,
2026-05-09 13:21:55,48,19,19,0,"fit: 7, efit: 7","fit: 7, efit: 6",efit: 1,,,0,0,0,0,2,,
2026-05-09 13:25:55,48,19,19,0,"fit: 7, efit: 6","fit: 7, efit: 5",efit: 1,,,0,0,0,0,2,,
2026-05-09 13:30:56,48,19,19,0,"fit: 7, efit: 7","fit: 7, efit: 6",efit: 1,,,0,0,0,0,2,,
2026-05-09 13:45:59,48,19,19,0,"fit: 7, efit: 6","fit: 7, efit: 5",efit: 1,,,0,0,0,0,2,,
2026-05-09 14:06:05,48,19,19,0,"fit: 7, efit: 4","fit: 7, efit: 3",efit: 1,,,0,0,0,0,2,,
2026-05-09 14:07:03,48,19,19,0,"fit: 8, efit: 4","fit: 8, efit: 3",efit: 1,,,0,0,0,0,2,,
2026-05-09 14:07:19,48,19,19,0,"fit: 8, efit: 3","fit: 8, efit: 2",efit: 1,,,0,0,0,0,2,,
2026-05-09 14:31:11,48,19,19,0,"fit: 8, efit: 2","fit: 8, efit: 1",efit: 1,,,0,0,0,0,2,,
2026-05-09 15:11:21,48,19,19,0,"fit: 8, efit: 4","fit: 8, efit: 3",efit: 1,,,0,0,0,0,2,,
2026-05-09 15:16:22,48,19,19,0,"fit: 8, efit: 2","fit: 8, efit: 1",efit: 1,,,0,0,0,0,2,,
2026-05-09 16:07:24,48,19,19,0,"fit: 7, efit: 1",fit: 7,efit: 1,,,0,0,0,0,2,,
2026-05-09 16:07:38,48,19,19,0,"fit: 7, efit: 2","fit: 7, efit: 1",efit: 1,,,0,0,0,0,2,,
2026-05-09 16:11:36,48,19,19,0,"fit: 7, efit: 1",fit: 7,efit: 1,,,0,0,0,0,2,,
2026-05-09 16:42:30,48,19,19,0,"fit: 7, efit: 2","fit: 7, efit: 1",efit: 1,,,0,0,0,0,2,,
2026-05-09 17:31:56,48,19,19,0,"fit: 7, efit: 1",fit: 7,efit: 1,,,0,0,0,0,2,,
2026-05-09 17:36:57,48,19,19,0,"fit: 7, efit: 2","fit: 7, efit: 1",efit: 1,,,0,0,0,0,2,,
2026-05-09 17:57:43,48,19,19,0,"fit: 7, efit: 1",fit: 7,efit: 1,,,0,0,0,0,2,,
2026-05-09 18:02:04,48,19,19,0,"fit: 6, efit: 2","fit: 6, efit: 1",efit: 1,,,0,0,0,0,2,,
2026-05-09 18:02:58,48,19,19,0,"fit: 6, efit: 3","fit: 6, efit: 2",efit: 1,,,0,0,0,0,2,,
2026-05-09 18:07:05,48,19,19,0,"fit: 6, efit: 4","fit: 6, efit: 3",efit: 1,,,0,0,0,0,2,,
2026-05-09 18:22:08,48,19,19,0,"fit: 7, efit: 2","fit: 7, efit: 1",efit: 1,,,0,0,0,0,2,,
2026-05-09 18:22:48,48,19,19,0,"fit: 6, efit: 1",fit: 6,efit: 1,,,0,0,0,0,2,,
2026-05-09 18:27:10,48,19,19,0,"fit: 5, efit: 1",fit: 5,efit: 1,,,0,0,0,0,2,,
2026-05-09 18:27:49,48,19,19,0,"fit: 5, efit: 2","fit: 5, efit: 1",efit: 1,,,0,0,0,0,2,,
2026-05-09 18:37:12,48,19,19,0,"fit: 6, efit: 1",fit: 6,efit: 1,,,0,0,0,0,2,,
2026-05-09 18:42:13,48,19,19,0,"fit: 6, efit: 2","fit: 6, efit: 1",efit: 1,,,0,0,0,0,2,,
2026-05-09 18:47:15,48,19,19,0,"fit: 6, efit: 1",fit: 6,efit: 1,,,0,0,0,0,2,,
2026-05-09 19:02:18,48,19,19,0,"fit: 5, efit: 1",fit: 5,efit: 1,,,0,0,0,0,2,,
2026-05-09 19:07:56,48,19,19,0,"fit: 5, efit: 2","fit: 5, efit: 1",efit: 1,,,0,0,0,0,2,,
2026-05-09 19:17:22,48,19,19,0,"fit: 5, efit: 1",fit: 5,efit: 1,,,0,0,0,0,2,,
2026-05-09 19:22:23,48,19,19,0,"fit: 5, efit: 2","fit: 5, efit: 1",efit: 1,,,0,0,0,0,2,,
2026-05-09 19:27:24,48,19,19,0,"fit: 5, efit: 3","fit: 5, efit: 2",efit: 1,,,0,0,0,0,2,,
2026-05-09 19:42:28,48,19,19,0,"fit: 5, efit: 2","fit: 5, efit: 1",efit: 1,,,0,0,0,0,2,,
2026-05-09 19:47:29,48,19,19,0,"fit: 5, efit: 1",fit: 5,efit: 1,,,0,0,0,0,2,,
2026-05-09 20:02:33,48,19,19,0,"fit: 4, efit: 1",fit: 4,efit: 1,,,0,0,0,0,2,,
2026-05-09 20:07:34,48,19,19,0,"fit: 4, efit: 2","fit: 4, efit: 1",efit: 1,,,0,0,0,0,2,,
2026-05-09 20:08:07,48,19,19,0,"fit: 4, efit: 3","fit: 4, efit: 2",efit: 1,,,0,0,0,0,2,,
2026-05-09 20:22:38,48,19,19,0,"fit: 4, efit: 2","fit: 4, efit: 1",efit: 1,,,0,0,0,0,2,,
2026-05-09 20:27:39,48,19,19,0,"fit: 4, efit: 5","fit: 4, efit: 3",efit: 2,,,0,0,0,0,2,,
2026-05-09 21:03:16,48,19,19,0,"fit: 4, efit: 4","fit: 4, efit: 2",efit: 2,,,0,0,0,0,2,,
2026-05-09 21:03:27,48,19,19,0,"fit: 4, efit: 3","fit: 4, efit: 1",efit: 2,,,0,0,0,0,2,,
2026-05-09 22:28:08,48,19,19,0,"fit: 4, efit: 2",fit: 4,efit: 2,,,0,0,0,0,2,,
2026-05-09 22:43:42,48,19,19,0,"fit: 4, efit: 3","fit: 4, efit: 1",efit: 2,,,0,0,0,0,2,,
2026-05-10 00:03:31,48,19,19,0,"fit: 4, efit: 3","fit: 4, efit: 1",efit: 2,,,0,0,0,0,2,,
2026-05-10 00:23:35,48,19,19,0,"fit: 4, efit: 4","fit: 4, efit: 2",efit: 2,,,0,0,0,0,2,,
2026-05-10 00:38:39,48,19,19,0,"fit: 4, efit: 3","fit: 4, efit: 1",efit: 2,,,0,0,0,0,2,,
2026-05-10 02:09:00,48,19,19,0,"fit: 4, efit: 5","fit: 4, efit: 3",efit: 2,,,0,0,0,0,2,,
2026-05-10 10:25:18,48,19,19,0,"fit: 4, efit: 4","fit: 4, efit: 2",efit: 2,,,0,0,0,0,2,,
2026-05-10 11:15:26,48,19,19,0,"fit: 3, efit: 4","fit: 3, efit: 2",efit: 2,,,0,0,0,0,2,,
2026-05-10 11:25:28,48,19,19,0,"fit: 3, efit: 5","fit: 3, efit: 3",efit: 2,,,0,0,0,0,2,,
2026-05-10 11:45:31,48,19,19,0,"fit: 3, efit: 6","fit: 3, efit: 4",efit: 2,,,0,0,0,0,2,,
2026-05-10 11:46:12,48,19,19,0,"fit: 3, efit: 7","fit: 3, efit: 5",efit: 2,,,0,0,0,0,2,,
2026-05-10 11:50:32,48,19,19,0,"fit: 3, efit: 6","fit: 3, efit: 4",efit: 2,,,0,0,0,0,2,,
2026-05-10 12:35:39,48,19,19,0,"fit: 3, efit: 5","fit: 3, efit: 3",efit: 2,,,0,0,0,0,2,,
2026-05-10 12:40:40,48,19,19,0,"fit: 3, efit: 4","fit: 3, efit: 2",efit: 2,,,0,0,0,0,2,,
2026-05-10 12:45:41,48,19,19,0,"fit: 3, efit: 3","fit: 3, efit: 1",efit: 2,,,0,0,0,0,2,,
2026-05-10 12:55:42,48,19,19,0,"fit: 3, efit: 2",fit: 3,efit: 2,,,0,0,0,0,2,,
2026-05-10 13:05:44,48,19,19,0,"fit: 3, efit: 3","fit: 3, efit: 1",efit: 2,,,0,0,0,0,2,,
2026-05-10 13:20:47,48,19,19,0,"fit: 3, efit: 2",fit: 3,efit: 2,,,0,0,0,0,2,,
2026-05-10 14:05:54,48,19,19,0,"fit: 3, efit: 3","fit: 3, efit: 1",efit: 2,,,0,0,0,0,2,,
2026-05-10 14:46:01,48,19,19,0,"fit: 3, efit: 2",fit: 3,efit: 2,,,0,0,0,0,2,,
2026-05-10 14:51:01,48,19,19,0,"fit: 3, efit: 3","fit: 3, efit: 1",efit: 2,,,0,0,0,0,2,,
2026-05-10 15:01:03,48,19,19,0,"fit: 3, efit: 4","fit: 3, efit: 2",efit: 2,,,0,0,0,0,2,,
2026-05-10 15:02:01,48,19,19,0,"fit: 3, efit: 3","fit: 3, efit: 1",efit: 2,,,0,0,0,0,2,,
2026-05-10 15:41:18,48,19,19,0,"fit: 3, efit: 2",fit: 3,efit: 2,,,0,0,0,0,2,,
2026-05-10 15:52:13,48,19,19,0,"fit: 3, efit: 2",fit: 3,efit: 1,,,0,0,0,0,2,,
2026-05-10 16:06:14,48,19,19,0,"fit: 2, efit: 2",fit: 2,efit: 1,,,0,0,0,0,2,,
2026-05-10 16:11:14,48,19,19,0,"fit: 2, efit: 3","fit: 2, efit: 1",efit: 1,,,0,0,0,0,2,,
2026-05-10 16:27:23,48,19,19,0,"fit: 2, efit: 2",fit: 2,efit: 1,,,0,0,0,0,2,,
2026-05-10 16:31:18,48,19,19,0,"fit: 3, efit: 2",fit: 3,efit: 1,,,0,0,0,0,2,,
2026-05-10 16:36:19,48,19,19,0,"fit: 3, efit: 3","fit: 3, efit: 1",efit: 1,,,0,0,0,0,2,,
2026-05-10 16:41:19,48,19,19,0,"fit: 3, efit: 2",fit: 3,efit: 2,,,0,0,0,0,2,,
2026-05-10 17:31:28,48,19,19,0,"fit: 1, efit: 2",fit: 1,efit: 2,,,0,0,0,0,2,,
2026-05-10 18:36:38,48,19,19,0,efit: 2,,efit: 2,,,0,0,0,0,2,,
2026-05-10 19:16:45,48,19,19,0,"fit: 2, efit: 2",fit: 2,efit: 2,,,0,0,0,0,2,,
2026-05-10 19:36:48,48,19,19,0,"fit: 2, efit: 3",fit: 2,efit: 3,,,0,0,0,0,2,,
2026-05-10 19:57:05,48,19,19,0,"fit: 2, efit: 5","fit: 2, efit: 2",efit: 3,,,0,0,0,0,2,,
2026-05-10 20:11:54,48,19,19,0,"fit: 3, efit: 5","fit: 3, efit: 2",efit: 3,,,0,0,0,0,2,,
2026-05-10 20:41:59,48,19,19,0,"fit: 3, efit: 4","fit: 3, efit: 1",efit: 3,,,0,0,0,0,2,,
2026-05-10 21:42:09,48,19,19,0,"fit: 3, efit: 5","fit: 3, efit: 2",efit: 3,,,0,0,0,0,2,,
2026-05-10 21:53:44,48,19,19,0,"fit: 3, efit: 6","fit: 3, efit: 3",efit: 3,,,0,0,0,0,2,,
2026-05-10 22:08:48,48,19,19,0,"fit: 3, efit: 5","fit: 3, efit: 2",efit: 3,,,0,0,0,0,2,,
2026-05-10 22:17:14,48,19,19,0,"fit: 3, efit: 6","fit: 3, efit: 3",efit: 3,,,0,0,0,0,2,,
2026-05-10 22:27:16,48,19,19,0,"fit: 3, efit: 7","fit: 3, efit: 4",efit: 3,,,0,0,0,0,2,,
2026-05-10 23:19:05,48,19,19,0,"fit: 3, efit: 6","fit: 3, efit: 3",efit: 3,,,0,0,0,0,2,,
2026-05-10 23:32:25,48,19,19,0,"fit: 3, efit: 5","fit: 3, efit: 2",efit: 3,,,0,0,0,0,2,,
2026-05-10 23:34:08,48,19,19,0,"fit: 3, efit: 6","fit: 3, efit: 3",efit: 3,,,0,0,0,0,2,,
2026-05-11 00:02:30,48,19,19,0,"fit: 3, efit: 6","fit: 3, efit: 3",efit: 3,,,0,0,0,0,2,,
2026-05-11 01:22:42,48,19,19,0,"fit: 3, efit: 4","fit: 3, efit: 1",efit: 3,,,0,0,0,0,2,,
2026-05-11 02:32:53,48,19,19,0,"fit: 4, efit: 4","fit: 4, efit: 1",efit: 3,,,0,0,0,0,2,,
2026-05-11 06:18:28,48,19,19,0,"fit: 4, efit: 5","fit: 4, efit: 2",efit: 3,,,0,0,0,0,2,,
2026-05-11 06:20:44,48,19,19,0,"fit: 4, efit: 6","fit: 4, efit: 3",efit: 3,,,0,0,0,0,2,,
2026-05-11 08:16:13,48,19,19,0,"fit: 3, efit: 6","fit: 3, efit: 3",efit: 3,,,0,0,0,0,2,,
2026-05-11 08:33:49,48,19,19,0,"fit: 3, efit: 5","fit: 3, efit: 2",efit: 3,,,0,0,0,0,2,,
2026-05-11 08:38:50,48,19,19,0,"fit: 3, efit: 4","fit: 3, efit: 1",efit: 3,,,0,0,0,0,2,,
2026-05-11 08:39:17,48,19,19,0,"fit: 3, efit: 3",fit: 3,efit: 3,,,0,0,0,0,2,,
2026-05-11 08:46:20,48,19,19,0,"fit: 3, efit: 1",fit: 3,efit: 1,,,0,0,0,0,2,,
2026-05-11 08:48:52,48,19,19,0,"fit: 3, efit: 2","fit: 3, efit: 2",,,,0,0,0,0,2,,
2026-05-11 08:58:53,48,19,19,0,"fit: 3, efit: 1","fit: 3, efit: 1",,,,0,0,0,0,2,,
2026-05-11 09:03:54,48,19,19,0,"fit: 3, efit: 2","fit: 3, efit: 2",,,,0,0,0,0,2,,
2026-05-11 09:16:28,48,19,19,0,"fit: 3, efit: 1","fit: 3, efit: 1",,,,0,0,0,0,2,,
2026-05-11 09:28:58,48,19,19,0,fit: 3,fit: 3,,,,0,0,0,0,2,,
2026-05-11 09:56:38,48,19,19,0,fit: 2,fit: 2,,,,0,0,0,0,2,,
2026-05-11 10:41:49,48,19,19,0,fit: 1,fit: 1,,,,0,0,0,0,2,,
2026-05-11 11:06:55,48,19,19,0,"fit: 1, efit: 1","fit: 1, efit: 1",,,,0,0,0,0,2,,
2026-05-11 11:27:01,48,19,19,0,fit: 1,fit: 1,,,,0,0,0,0,2,,
2026-05-11 12:02:12,48,19,19,0,"fit: 1, efit: 1","fit: 1, efit: 1",,,,0,0,0,0,2,,
2026-05-11 12:09:56,48,19,19,0,fit: 1,fit: 1,,,,0,0,0,0,2,,
2026-05-11 12:19:26,48,19,19,0,"fit: 1, efit: 1","fit: 1, efit: 1",,,,0,0,0,0,2,,
2026-05-11 12:22:17,48,19,19,0,fit: 1,fit: 1,,,,0,0,0,0,2,,
2026-05-11 12:57:26,48,19,19,0,fit: 2,fit: 2,,,,0,0,0,0,2,,
2026-05-11 12:59:32,48,19,19,0,"fit: 2, efit: 1","fit: 2, efit: 1",,,,0,0,0,0,2,,
2026-05-11 13:22:32,48,19,19,0,fit: 2,fit: 2,,,,0,0,0,0,2,,
2026-05-11 13:30:11,48,19,19,0,fit: 1,fit: 1,,,,0,0,0,0,2,,
2026-05-11 14:40:24,48,19,19,0,,,,,,0,0,0,0,2,,
2026-05-11 14:44:49,48,19,19,0,efit: 1,efit: 1,,,,0,0,0,0,2,,
2026-05-11 14:47:54,48,19,19,0,"fit: 1, efit: 1","fit: 1, efit: 1",,,,0,0,0,0,2,,
2026-05-11 14:49:50,48,19,19,0,fit: 1,fit: 1,,,,0,0,0,0,2,,
2026-05-11 15:43:08,48,19,19,0,"fit: 1, efit: 1","fit: 1, efit: 1",,,,0,0,0,0,2,,
2026-05-11 15:53:10,48,19,19,0,fit: 1,fit: 1,,,,0,0,0,0,2,,
2026-05-11 16:08:14,48,19,19,0,"fit: 1, efit: 1","fit: 1, efit: 1",,,,0,0,0,0,2,,
2026-05-11 16:15:41,48,19,19,0,"fit: 1, efit: 2","fit: 1, efit: 2",,,,0,0,0,0,2,,
2026-05-11 16:23:17,48,19,19,0,"fit: 1, efit: 1","fit: 1, efit: 1",,,,0,0,0,0,2,,
2026-05-11 16:40:09,48,19,19,0,"fit: 1, efit: 2","fit: 1, efit: 2",,,,0,0,0,0,2,,
2026-05-11 16:40:46,48,19,19,0,"fit: 1, efit: 3","fit: 1, efit: 3",,,,0,0,0,0,2,,
2026-05-11 16:48:23,48,19,19,0,"fit: 2, efit: 4","fit: 2, efit: 4",,,,0,0,0,0,2,,
2026-05-11 16:50:11,48,19,19,0,"fit: 2, efit: 3","fit: 2, efit: 3",,,,0,0,0,0,2,,
2026-05-11 16:55:11,48,19,19,0,"fit: 2, efit: 2","fit: 2, efit: 2",,,,0,0,0,0,2,,
2026-05-11 16:58:26,48,19,19,0,"fit: 3, efit: 2","fit: 3, efit: 2",,,,0,0,0,0,2,,
2026-05-11 17:00:13,48,19,19,0,"fit: 3, efit: 1","fit: 3, efit: 1",,,,0,0,0,0,2,,
2026-05-11 17:15:52,48,19,19,0,"fit: 4, efit: 1","fit: 4, efit: 1",,,,0,0,0,0,2,,
2026-05-11 17:20:16,48,19,19,0,"fit: 4, efit: 3","fit: 4, efit: 3",,,,0,0,0,0,2,,
2026-05-11 17:25:54,48,19,19,0,"fit: 4, efit: 1","fit: 4, efit: 1",,,,0,0,0,0,2,,
2026-05-11 17:38:35,48,19,19,0,"fit: 3, efit: 1","fit: 3, efit: 1",,,,0,0,0,0,2,,
2026-05-11 17:40:19,48,19,19,0,fit: 4,fit: 4,,,,0,0,0,0,2,,
2026-05-11 17:45:20,48,19,19,0,fit: 5,fit: 5,,,,0,0,0,0,2,,
2026-05-11 17:58:39,48,19,19,0,fit: 4,fit: 4,,,,0,0,0,0,2,,
2026-05-11 18:10:24,48,19,19,0,"fit: 4, efit: 1","fit: 4, efit: 1",,,,0,0,0,0,2,,
2026-05-11 18:11:02,48,19,19,0,fit: 4,fit: 4,,,,0,0,0,0,2,,
2026-05-11 18:20:26,48,19,19,0,fit: 3,fit: 3,,,,0,0,0,0,2,,
2026-05-11 18:23:46,48,19,19,0,fit: 2,fit: 2,,,,0,0,0,0,2,,
2026-05-11 18:33:48,48,19,19,0,fit: 1,fit: 1,,,,0,0,0,0,2,,
2026-05-11 18:45:31,48,19,19,0,"fit: 1, efit: 2","fit: 1, efit: 2",,,,0,0,0,0,2,,
2026-05-11 18:46:09,48,19,19,0,fit: 1,fit: 1,,,,0,0,0,0,2,,
2026-05-11 18:55:32,48,19,19,0,,,,,,0,0,0,0,2,,
2026-05-11 19:45:40,48,19,19,0,efit: 2,efit: 2,,,,0,0,0,0,2,,
2026-05-11 19:59:07,48,19,19,0,efit: 3,efit: 3,,,,0,0,0,0,2,,
2026-05-11 20:09:09,48,19,19,0,efit: 2,efit: 2,,,,0,0,0,0,2,,
2026-05-11 20:20:46,48,19,19,0,efit: 1,efit: 1,,,,0,0,0,0,2,,
2026-05-11 22:44:42,48,19,19,0,,,,,,0,0,0,0,2,,
2026-05-12 00:01:20,48,19,19,0,,,,,,0,0,0,0,2,,
2026-05-12 00:04:59,48,19,19,0,efit: 1,efit: 1,,,,0,0,0,0,2,,
2026-05-12 01:21:32,48,19,19,0,efit: 2,efit: 2,,,,0,0,0,0,2,,
2026-05-12 01:30:16,48,19,19,0,efit: 1,efit: 1,,,,0,0,0,0,2,,
2026-05-12 05:01:00,48,19,19,0,,,,,,0,0,0,0,2,,
2026-05-12 08:47:41,48,19,19,0,efit: 1,efit: 1,,,,0,0,0,0,2,,
2026-05-12 08:51:49,48,19,19,0,efit: 2,efit: 2,,,,0,0,0,0,2,,
2026-05-12 09:01:51,48,19,19,0,"fit: 1, efit: 4","fit: 1, efit: 4",,,,0,0,0,0,2,,
2026-05-12 10:37:12,48,19,19,0,"fit: 1, efit: 3","fit: 1, efit: 3",,,,0,0,0,0,2,,
2026-05-12 11:22:21,48,19,19,0,"fit: 1, efit: 4","fit: 1, efit: 4",,,,0,0,0,0,2,,
2026-05-12 11:47:26,48,19,19,0,"fit: 1, efit: 5","fit: 1, efit: 5",,,,0,0,0,0,2,,
2026-05-12 11:57:29,48,19,19,0,"fit: 1, efit: 3","fit: 1, efit: 3",,,,0,0,0,0,2,,
2026-05-12 12:12:32,48,19,19,0,"fit: 1, efit: 2","fit: 1, efit: 2",,,,0,0,0,0,2,,
2026-05-12 12:27:35,48,19,19,0,"fit: 1, efit: 1","fit: 1, efit: 1",,,,0,0,0,0,2,,
2026-05-12 12:37:37,48,19,19,0,"fit: 1, efit: 2","fit: 1, efit: 2",,,,0,0,0,0,2,,
2026-05-12 12:43:18,48,19,19,0,"fit: 1, efit: 1","fit: 1, efit: 1",,,,0,0,0,0,2,,
2026-05-12 12:57:41,48,19,19,0,"fit: 1, efit: 2","fit: 1, efit: 2",,,,0,0,0,0,2,,
2026-05-12 13:45:01,48,19,19,0,"fit: 1, efit: 1","fit: 1, efit: 1",,,,0,0,0,0,2,,
2026-05-12 14:10:06,48,19,19,0,fit: 1,fit: 1,,,,0,0,0,0,2,,
2026-05-12 15:43:51,48,19,19,0,"fit: 1, efit: 1","fit: 1, efit: 1",,,,0,0,0,0,2,,
2026-05-12 15:58:54,48,19,19,0,fit: 1,fit: 1,,,,0,0,0,0,2,,
2026-05-12 16:13:57,48,19,19,0,,,,,,0,0,0,0,2,,
2026-05-12 16:15:31,48,19,19,0,efit: 1,,efit: 1,,,0,0,0,0,2,,
2026-05-12 16:45:37,48,19,19,0,efit: 2,efit: 1,efit: 1,,,0,0,0,0,2,,
2026-05-12 16:49:05,48,19,19,0,efit: 3,efit: 2,efit: 1,,,0,0,0,0,2,,
2026-05-12 16:54:06,48,19,19,0,efit: 1,,efit: 1,,,0,0,0,0,2,,
2026-05-12 17:14:10,48,19,19,0,efit: 2,efit: 1,efit: 1,,,0,0,0,0,2,,
2026-05-12 17:19:11,48,19,19,0,"fit: 1, efit: 5","fit: 1, efit: 5",,,,0,0,0,0,2,,
2026-05-12 17:20:44,48,19,19,0,"fit: 2, efit: 5","fit: 2, efit: 5",,,,0,0,0,0,2,,
2026-05-12 17:45:49,48,19,19,0,"fit: 2, efit: 6","fit: 2, efit: 6",,,,0,0,0,0,2,,
2026-05-12 17:54:18,48,19,19,0,"fit: 2, efit: 5","fit: 2, efit: 5",,,,0,0,0,0,2,,
2026-05-12 17:59:19,48,19,19,0,"fit: 2, efit: 4","fit: 2, efit: 4",,,,0,0,0,0,2,,
2026-05-12 18:09:21,48,19,19,0,"fit: 3, efit: 4","fit: 3, efit: 4",,,,0,0,0,0,2,,
2026-05-12 18:14:22,48,19,19,0,"fit: 3, efit: 5","fit: 3, efit: 5",,,,0,0,0,0,2,,
2026-05-12 18:19:23,48,19,19,0,"fit: 3, efit: 3","fit: 3, efit: 3",,,,0,0,0,0,2,,
2026-05-12 18:24:24,48,19,19,0,"fit: 3, efit: 2","fit: 3, efit: 2",,,,0,0,0,0,2,,
2026-05-12 18:39:27,48,19,19,0,"fit: 3, efit: 3","fit: 3, efit: 3",,,,0,0,0,0,2,,
2026-05-12 18:40:56,48,19,19,0,"fit: 3, efit: 2","fit: 3, efit: 2",,,,0,0,0,0,2,,
2026-05-12 19:14:34,48,19,19,0,"fit: 3, efit: 3","fit: 3, efit: 3",,,,0,0,0,0,2,,
2026-05-12 19:39:39,48,19,19,0,"fit: 3, efit: 1","fit: 3, efit: 1",,,,0,0,0,0,2,,
2026-05-12 19:44:40,48,19,19,0,"fit: 3, efit: 1",fit: 3,efit: 1,,,0,0,0,0,2,,
2026-05-12 20:09:45,48,19,19,0,"fit: 3, efit: 2","fit: 3, efit: 1",efit: 1,,,0,0,0,0,2,,
2026-05-12 20:11:12,48,19,19,0,"fit: 3, efit: 1",fit: 3,efit: 1,,,0,0,0,0,2,,
2026-05-12 20:16:13,48,19,19,0,"fit: 3, efit: 2","fit: 3, efit: 1",efit: 1,,,0,0,0,0,2,,
2026-05-12 20:46:19,48,19,19,0,"fit: 3, efit: 3","fit: 3, efit: 2",efit: 1,,,0,0,0,0,2,,
2026-05-12 20:49:52,48,19,19,0,"fit: 3, efit: 4","fit: 3, efit: 3",efit: 1,,,0,0,0,0,2,,
2026-05-12 21:14:57,48,19,19,0,"fit: 3, efit: 6","fit: 3, efit: 5",efit: 1,,,0,0,0,0,2,,
2026-05-12 21:19:58,48,19,19,0,"fit: 3, efit: 7","fit: 3, efit: 6",efit: 1,,,0,0,0,0,2,,
2026-05-12 21:24:59,48,19,19,0,"fit: 3, efit: 8","fit: 3, efit: 7",efit: 1,,,0,0,0,0,2,,
2026-05-12 21:40:03,48,19,19,0,"fit: 3, efit: 7","fit: 3, efit: 6",efit: 1,,,0,0,0,0,2,,
2026-05-12 22:00:06,48,19,19,0,"fit: 3, efit: 6","fit: 3, efit: 5",efit: 1,,,0,0,0,0,2,,
2026-05-12 22:25:11,48,19,19,0,"fit: 3, efit: 7","fit: 3, efit: 6",efit: 1,,,0,0,0,0,2,,
2026-05-12 23:01:42,48,19,19,0,"fit: 3, efit: 8","fit: 3, efit: 7",efit: 1,,,0,0,0,0,2,,
2026-05-12 23:10:20,48,19,19,0,"fit: 3, efit: 7","fit: 3, efit: 6",efit: 1,,,0,0,0,0,2,,
2026-05-12 23:40:25,48,19,19,0,"fit: 3, efit: 5","fit: 3, efit: 4",efit: 1,,,0,0,0,0,2,,
2026-05-12 23:45:26,48,19,19,0,"fit: 3, efit: 3","fit: 3, efit: 2",efit: 1,,,0,0,0,0,2,,
2026-05-13 00:00:29,48,19,19,0,"fit: 3, efit: 3","fit: 3, efit: 2",efit: 1,,,0,0,0,0,2,,
2026-05-13 00:10:31,48,19,19,0,"fit: 3, efit: 4","fit: 3, efit: 3",efit: 1,,,0,0,0,0,2,,
2026-05-13 00:20:33,48,19,19,0,"fit: 3, efit: 5","fit: 3, efit: 4",efit: 1,,,0,0,0,0,2,,
2026-05-13 01:15:43,48,19,19,0,"fit: 3, efit: 6","fit: 3, efit: 5",efit: 1,,,0,0,0,0,2,,
2026-05-13 07:31:54,48,19,19,0,"fit: 3, efit: 7","fit: 3, efit: 6",efit: 1,,,0,0,0,0,2,,
2026-05-13 08:12:02,48,19,19,0,"fit: 3, efit: 6","fit: 3, efit: 5",efit: 1,,,0,0,0,0,2,,
2026-05-13 08:17:03,48,19,19,0,"fit: 3, efit: 5","fit: 3, efit: 4",efit: 1,,,0,0,0,0,2,,
2026-05-13 08:58:20,48,19,19,0,"fit: 4, efit: 4","fit: 4, efit: 3",efit: 1,,,0,0,0,0,2,,
2026-05-13 09:02:12,48,19,19,0,"fit: 4, efit: 3","fit: 4, efit: 2",efit: 1,,,0,0,0,0,2,,
2026-05-13 09:07:13,48,19,19,0,"fit: 5, efit: 3","fit: 5, efit: 2",efit: 1,,,0,0,0,0,2,,
2026-05-13 10:22:28,48,19,19,0,"fit: 5, efit: 2","fit: 5, efit: 2",,,,0,0,0,0,2,,
2026-05-13 10:47:32,48,19,19,0,"fit: 5, efit: 1","fit: 5, efit: 1",,,,0,0,0,0,2,,
2026-05-13 10:52:33,48,19,19,0,"fit: 5, efit: 2","fit: 5, efit: 2",,,,0,0,0,0,2,,
2026-05-13 11:24:08,48,19,19,0,"fit: 5, efit: 1","fit: 5, efit: 1",,,,0,0,0,0,2,,
2026-05-13 11:47:44,48,19,19,0,"fit: 5, efit: 1",fit: 5,efit: 1,,,0,0,0,0,2,,
2026-05-13 11:57:46,48,19,19,0,"fit: 5, efit: 2","fit: 5, efit: 1",efit: 1,,,0,0,0,0,2,,
2026-05-13 11:58:51,48,19,19,0,"fit: 5, efit: 1",fit: 5,efit: 1,,,0,0,0,0,2,,
2026-05-13 12:29:20,48,19,19,0,"fit: 5, efit: 2","fit: 5, efit: 1",efit: 1,,,0,0,0,0,2,,
2026-05-13 12:38:58,48,19,19,0,"fit: 6, efit: 2","fit: 6, efit: 1",efit: 1,,,0,0,0,0,2,,
2026-05-13 12:43:59,48,19,19,0,"fit: 6, efit: 1",fit: 6,efit: 1,,,0,0,0,0,2,,
2026-05-13 13:43:07,48,19,19,0,"fit: 5, efit: 1",fit: 5,efit: 1,,,0,0,0,0,2,,
2026-05-13 13:44:34,48,19,19,0,"fit: 5, efit: 2","fit: 5, efit: 1",efit: 1,,,0,0,0,0,2,,
2026-05-13 13:49:10,48,19,19,0,"fit: 5, efit: 3","fit: 5, efit: 2",efit: 1,,,0,0,0,0,2,,
2026-05-13 14:43:19,48,19,19,0,"fit: 5, efit: 1",fit: 5,efit: 1,,,0,0,0,0,2,,
2026-05-13 14:54:47,48,19,19,0,"fit: 5, efit: 2","fit: 5, efit: 1",efit: 1,,,0,0,0,0,2,,
2026-05-13 14:58:22,48,19,19,0,"fit: 5, efit: 3","fit: 5, efit: 2",efit: 1,,,0,0,0,0,2,,
2026-05-13 14:59:21,48,19,19,0,"fit: 5, efit: 4","fit: 5, efit: 3",efit: 1,,,0,0,0,0,2,,
2026-05-13 15:18:26,48,19,19,0,"fit: 5, efit: 3","fit: 5, efit: 2",efit: 1,,,0,0,0,0,2,,
2026-05-13 15:33:29,48,19,19,0,"fit: 5, efit: 4","fit: 5, efit: 3",efit: 1,,,0,0,0,0,2,,
2026-05-13 15:34:27,48,19,19,0,"fit: 5, efit: 3","fit: 5, efit: 2",efit: 1,,,0,0,0,0,2,,
2026-05-13 15:39:28,48,19,19,0,"fit: 5, efit: 4","fit: 5, efit: 3",efit: 1,,,0,0,0,0,2,,
2026-05-13 15:49:58,48,19,19,0,"fit: 5, efit: 2","fit: 5, efit: 1",efit: 1,,,0,0,0,0,2,,
2026-05-13 15:54:59,48,19,19,0,"fit: 4, efit: 2","fit: 4, efit: 1",efit: 1,,,0,0,0,0,2,,
2026-05-13 16:13:37,48,19,19,0,"fit: 4, efit: 3","fit: 4, efit: 2",efit: 1,,,0,0,0,0,2,,
2026-05-13 16:19:35,48,19,19,0,"fit: 4, efit: 2","fit: 4, efit: 1",efit: 1,,,0,0,0,0,2,,
2026-05-13 16:43:43,48,19,19,0,"fit: 4, efit: 1",fit: 4,efit: 1,,,0,0,0,0,2,,
2026-05-13 17:03:47,48,19,19,0,"fit: 4, efit: 2","fit: 4, efit: 1",efit: 1,,,0,0,0,0,2,,
2026-05-13 17:10:15,48,19,19,0,"fit: 4, efit: 1",fit: 4,efit: 1,,,0,0,0,0,2,,
2026-05-13 17:13:49,48,19,19,0,"fit: 5, efit: 1",fit: 5,efit: 1,,,0,0,0,0,2,,
2026-05-13 18:09:00,48,19,19,0,"fit: 5, efit: 2","fit: 5, efit: 1",efit: 1,,,0,0,0,0,2,,
2026-05-13 18:14:01,48,19,19,0,"fit: 5, efit: 1",fit: 5,efit: 1,,,0,0,0,0,2,,
2026-05-13 18:24:03,48,19,19,0,"fit: 5, efit: 2","fit: 5, efit: 1",efit: 1,,,0,0,0,0,2,,
2026-05-13 18:59:10,48,19,19,0,"fit: 5, efit: 1",fit: 5,efit: 1,,,0,0,0,0,2,,
2026-05-13 19:20:06,48,19,19,0,"fit: 4, efit: 1","fit: 4, efit: 1",,,,0,0,0,0,2,,
2026-05-13 19:20:41,48,19,19,0,fit: 4,fit: 4,,,,0,0,0,0,2,,
2026-05-13 19:24:15,48,19,19,0,fit: 5,fit: 5,,,,0,0,0,0,2,,
2026-05-13 20:04:23,48,19,19,0,fit: 3,fit: 3,,,,0,0,0,0,2,,
2026-05-13 20:29:27,48,19,19,0,"fit: 3, efit: 1","fit: 3, efit: 1",,,,0,0,0,0,2,,
2026-05-13 20:39:29,48,19,19,0,fit: 3,fit: 3,,,,0,0,0,0,2,,
2026-05-13 20:49:32,48,19,19,0,fit: 2,fit: 2,,,,0,0,0,0,2,,
2026-05-13 21:36:07,48,19,19,0,"fit: 2, efit: 1","fit: 2, efit: 1",,,,0,0,0,0,2,,
2026-05-13 21:49:43,48,19,19,0,"fit: 2, efit: 2","fit: 2, efit: 2",,,,0,0,0,0,2,,
2026-05-13 22:10:34,48,19,19,0,"fit: 2, efit: 3","fit: 2, efit: 3",,,,0,0,0,0,2,,
2026-05-13 23:11:24,48,19,19,0,"fit: 2, efit: 4","fit: 2, efit: 3",efit: 1,,,0,0,0,0,2,,
2026-05-13 23:41:30,48,19,19,0,"fit: 2, efit: 5","fit: 2, efit: 4",efit: 1,,,0,0,0,0,2,,
2026-05-14 00:01:33,48,19,19,0,"fit: 2, efit: 5","fit: 2, efit: 4",efit: 1,,,0,0,0,0,2,,
2026-05-14 00:11:35,48,19,19,0,"fit: 2, efit: 4","fit: 2, efit: 3",efit: 1,,,0,0,0,0,2,,
2026-05-14 03:37:11,48,19,19,0,"fit: 2, efit: 3","fit: 2, efit: 2",efit: 1,,,0,0,0,0,2,,
2026-05-14 05:02:26,48,19,19,0,"fit: 2, efit: 2","fit: 2, efit: 1",efit: 1,,,0,0,0,0,2,,
2026-05-14 05:27:31,48,19,19,0,"fit: 2, efit: 1",fit: 2,efit: 1,,,0,0,0,0,2,,
2026-05-14 06:17:39,48,19,19,0,"fit: 1, efit: 1",fit: 1,efit: 1,,,0,0,0,0,2,,
2026-05-14 08:18:01,48,19,19,0,efit: 1,efit: 1,,,,0,0,0,0,2,,
2026-05-14 08:58:08,48,19,19,0,,,,,,0,0,0,0,2,,
2026-05-14 09:08:48,48,19,19,0,efit: 1,efit: 1,,,,0,0,0,0,2,,
2026-05-14 09:18:12,48,19,19,0,efit: 2,efit: 2,,,,0,0,0,0,2,,
2026-05-14 09:58:19,48,19,19,0,efit: 1,efit: 1,,,,0,0,0,0,2,,
2026-05-14 10:08:21,48,19,19,0,,,,,,0,0,0,0,2,,
2026-05-14 10:18:23,48,19,19,0,"fit: 1, efit: 1","fit: 1, efit: 1",,,,0,0,0,0,2,,
2026-05-14 10:23:24,48,19,19,0,"fit: 3, efit: 4","fit: 3, efit: 4",,,,0,0,0,0,2,,
2026-05-14 11:08:32,48,19,19,0,"fit: 3, efit: 2","fit: 3, efit: 2",,,,0,0,0,0,2,,
2026-05-14 11:38:38,48,19,19,0,"fit: 3, efit: 3","fit: 3, efit: 3",,,,0,0,0,0,2,,
2026-05-14 11:58:41,48,19,19,0,"fit: 3, efit: 4","fit: 3, efit: 4",,,,0,0,0,0,2,,
2026-05-14 12:00:09,48,19,19,0,"fit: 3, efit: 3","fit: 3, efit: 3",,,,0,0,0,0,2,,
2026-05-14 12:18:45,48,19,19,0,"fit: 3, efit: 4","fit: 3, efit: 4",,,,0,0,0,0,2,,
2026-05-14 12:28:47,48,19,19,0,"fit: 3, efit: 3","fit: 3, efit: 3",,,,0,0,0,0,2,,
2026-05-14 12:40:18,48,19,19,0,"fit: 3, efit: 2","fit: 3, efit: 2",,,,0,0,0,0,2,,
2026-05-14 13:49:02,48,19,19,0,"fit: 3, efit: 3","fit: 3, efit: 3",,,,0,0,0,0,2,,
2026-05-14 14:00:34,48,19,19,0,"fit: 3, efit: 2","fit: 3, efit: 2",,,,0,0,0,0,2,,
2026-05-14 14:40:42,48,19,19,0,"fit: 3, efit: 1","fit: 3, efit: 1",,,,0,0,0,0,2,,
2026-05-14 14:44:11,48,19,19,0,fit: 3,fit: 3,,,,0,0,0,0,2,,
2026-05-14 14:54:13,48,19,19,0,"fit: 3, efit: 1","fit: 3, efit: 1",,,,0,0,0,0,2,,
2026-05-14 15:00:46,48,19,19,0,fit: 3,fit: 3,,,,0,0,0,0,2,,
2026-05-14 15:20:50,48,19,19,0,fit: 2,fit: 2,,,,0,0,0,0,2,,
2026-05-14 15:29:20,48,19,19,0,"fit: 2, efit: 1","fit: 2, efit: 1",,,,0,0,0,0,2,,
2026-05-14 15:59:25,48,19,19,0,"fit: 2, efit: 2","fit: 2, efit: 2",,,,0,0,0,0,2,,
2026-05-14 16:09:27,48,19,19,0,"fit: 2, efit: 3","fit: 2, efit: 3",,,,0,0,0,0,2,,
2026-05-14 16:16:01,48,19,19,0,"fit: 2, efit: 4","fit: 2, efit: 4",,,,0,0,0,0,2,,
2026-05-14 16:26:03,48,19,19,0,"fit: 2, efit: 3","fit: 2, efit: 3",,,,0,0,0,0,2,,
2026-05-14 16:36:05,48,19,19,0,"fit: 2, efit: 4","fit: 2, efit: 4",,,,0,0,0,0,2,,
2026-05-14 16:44:31,48,19,19,0,"fit: 2, efit: 5","fit: 2, efit: 5",,,,0,0,0,0,2,,
2026-05-14 16:59:32,48,19,19,0,"fit: 2, efit: 4","fit: 2, efit: 4",,,,0,0,0,0,2,,
2026-05-14 17:14:34,48,19,19,0,"fit: 2, efit: 3","fit: 2, efit: 3",,,,0,0,0,0,2,,
2026-05-14 17:19:35,48,19,19,0,"fit: 3, efit: 3","fit: 3, efit: 3",,,,0,0,0,0,2,,
2026-05-14 17:31:16,48,19,19,0,"fit: 5, efit: 3","fit: 5, efit: 3",,,,0,0,0,0,2,,
2026-05-14 17:34:36,48,19,19,0,"fit: 5, efit: 2","fit: 5, efit: 2",,,,0,0,0,0,2,,
2026-05-14 17:56:22,48,19,19,0,"fit: 5, efit: 3","fit: 5, efit: 3",,,,0,0,0,0,2,,
2026-05-14 18:06:24,48,19,19,0,"fit: 6, efit: 3","fit: 6, efit: 3",,,,0,0,0,0,2,,
2026-05-14 18:19:44,48,19,19,0,"fit: 6, efit: 1","fit: 6, efit: 1",,,,0,0,0,0,2,,
2026-05-14 18:24:45,48,19,19,0,"fit: 6, efit: 2","fit: 6, efit: 2",,,,0,0,0,0,2,,
2026-05-14 18:44:49,48,19,19,0,"fit: 7, efit: 2","fit: 7, efit: 2",,,,0,0,0,0,2,,
2026-05-14 19:09:53,48,19,19,0,"fit: 7, efit: 3","fit: 7, efit: 3",,,,0,0,0,0,2,,
2026-05-14 19:19:54,48,19,19,0,"fit: 7, efit: 2","fit: 7, efit: 2",,,,0,0,0,0,2,,
2026-05-14 19:50:00,48,19,19,0,fit: 7,fit: 7,,,,0,0,0,0,2,,
2026-05-14 19:55:01,48,19,19,0,"fit: 7, efit: 1","fit: 7, efit: 1",,,,0,0,0,0,2,,
2026-05-14 20:00:02,48,19,19,0,"fit: 7, efit: 2","fit: 7, efit: 2",,,,0,0,0,0,2,,
2026-05-14 20:36:55,48,19,19,0,"fit: 7, efit: 4","fit: 7, efit: 4",,,,0,0,0,0,2,,
2026-05-14 20:45:10,48,19,19,0,"fit: 7, efit: 5","fit: 7, efit: 5",,,,0,0,0,0,2,,
2026-05-14 21:15:15,48,19,19,0,"fit: 7, efit: 7","fit: 7, efit: 7",,,,0,0,0,0,2,,
2026-05-14 21:42:08,48,19,19,0,"fit: 7, efit: 8","fit: 7, efit: 8",,,,0,0,0,0,2,,
2026-05-14 21:55:22,48,19,19,0,"fit: 8, efit: 7","fit: 8, efit: 7",,,,0,0,0,0,2,,
2026-05-14 22:20:26,48,19,19,0,"fit: 8, efit: 6","fit: 8, efit: 6",,,,0,0,0,0,2,,
2026-05-14 22:35:28,48,19,19,0,"fit: 8, efit: 5","fit: 8, efit: 5",,,,0,0,0,0,2,,
2026-05-14 22:40:29,48,19,19,0,"fit: 10, efit: 5","fit: 10, efit: 5",,,,0,0,0,0,2,,
2026-05-14 23:25:36,48,19,19,0,"fit: 10, efit: 3","fit: 10, efit: 3",,,,0,0,0,0,2,,
2026-05-15 00:00:42,48,19,19,0,"fit: 10, efit: 3","fit: 10, efit: 3",,,,0,0,0,0,2,,
2026-05-15 01:07:48,48,19,19,0,"fit: 10, efit: 2","fit: 10, efit: 2",,,,0,0,0,0,2,,
2026-05-15 01:15:54,48,19,19,0,"fit: 10, efit: 1","fit: 10, efit: 1",,,,0,0,0,0,2,,
2026-05-15 02:31:18,48,19,19,0,"fit: 10, efit: 2","fit: 10, efit: 2",,,,0,0,0,0,2,,
2026-05-15 02:33:05,48,19,19,0,"fit: 10, efit: 1","fit: 10, efit: 1",,,,0,0,0,0,2,,
2026-05-15 05:26:33,48,19,19,0,"fit: 10, efit: 2","fit: 10, efit: 2",,,,0,0,0,0,2,,
2026-05-15 07:19:00,48,19,19,0,"fit: 10, efit: 1","fit: 10, efit: 1",,,,0,0,0,0,2,,
2026-05-15 08:17:00,48,19,19,0,"fit: 9, efit: 1","fit: 9, efit: 1",,,,0,0,0,0,2,,
2026-05-15 08:47:05,48,19,19,0,fit: 9,fit: 9,,,,0,0,0,0,2,,
2026-05-15 09:17:10,48,19,19,0,fit: 11,fit: 11,,,,0,0,0,0,2,,
2026-05-15 09:22:11,48,19,19,0,"fit: 11, efit: 1","fit: 11, efit: 1",,,,0,0,0,0,2,,
2026-05-15 09:57:16,48,19,19,0,fit: 11,fit: 11,,,,0,0,0,0,2,,
2026-05-15 09:57:39,48,19,19,0,"fit: 11, efit: 1","fit: 11, efit: 1",,,,0,0,0,0,2,,
2026-05-15 10:04:33,48,19,19,0,fit: 11,fit: 11,,,,0,0,0,0,2,,
2026-05-15 10:39:40,48,19,19,0,fit: 10,fit: 10,,,,0,0,0,0,2,,
2026-05-15 10:49:42,48,19,19,0,"fit: 11, efit: 1","fit: 11, efit: 1",,,,0,0,0,0,2,,
2026-05-15 11:07:28,48,19,19,0,fit: 11,fit: 11,,,,0,0,0,0,2,,
2026-05-15 11:57:36,48,19,19,0,"fit: 11, efit: 1","fit: 11, efit: 1",,,,0,0,0,0,2,,
2026-05-15 11:59:58,48,19,19,0,fit: 11,fit: 11,,,,0,0,0,0,2,,
2026-05-15 12:30:04,48,19,19,0,"fit: 11, efit: 1","fit: 11, efit: 1",,,,0,0,0,0,2,,
2026-05-15 13:07:47,48,19,19,0,fit: 12,fit: 12,,,,0,0,0,0,2,,
2026-05-15 13:32:52,48,19,19,0,"fit: 12, efit: 1","fit: 12, efit: 1",,,,0,0,0,0,2,,
2026-05-15 13:42:55,48,19,19,0,fit: 12,fit: 12,,,,0,0,0,0,2,,
2026-05-15 13:57:57,48,19,19,0,fit: 11,fit: 11,,,,0,0,0,0,2,,
2026-05-15 14:23:02,48,19,19,0,"fit: 11, efit: 1","fit: 11, efit: 1",,,,0,0,0,0,2,,
2026-05-15 14:33:31,48,19,19,0,"fit: 11, efit: 2","fit: 11, efit: 2",,,,0,0,0,0,2,,
2026-05-15 15:18:11,48,19,19,0,"fit: 11, efit: 1","fit: 11, efit: 1",,,,0,0,0,0,2,,
2026-05-15 15:23:12,48,19,19,0,"fit: 8, efit: 1","fit: 8, efit: 1",,,,0,0,0,0,2,,
2026-05-15 15:23:40,48,19,19,0,"fit: 6, efit: 1","fit: 6, efit: 1",,,,0,0,0,0,2,,
2026-05-15 15:45:44,48,19,19,0,"fit: 6, efit: 2","fit: 6, efit: 2",,,,0,0,0,0,2,,
2026-05-15 15:50:45,48,19,19,0,"fit: 6, efit: 1","fit: 6, efit: 1",,,,0,0,0,0,2,,
2026-05-15 16:05:48,48,19,19,0,"fit: 6, efit: 2","fit: 6, efit: 2",,,,0,0,0,0,2,,
2026-05-15 16:08:20,48,19,19,0,"fit: 6, efit: 3","fit: 6, efit: 3",,,,0,0,0,0,2,,
2026-05-15 16:10:49,48,19,19,0,"fit: 6, efit: 2","fit: 6, efit: 2",,,,0,0,0,0,2,,
2026-05-15 16:18:22,48,19,19,0,"fit: 6, efit: 1","fit: 6, efit: 1",,,,0,0,0,0,2,,
2026-05-15 16:20:51,48,19,19,0,"fit: 6, efit: 2","fit: 6, efit: 2",,,,0,0,0,0,2,,
2026-05-15 16:25:52,48,19,19,0,"fit: 7, efit: 2","fit: 7, efit: 2",,,,0,0,0,0,2,,
2026-05-15 16:55:59,48,19,19,0,"fit: 7, efit: 1","fit: 7, efit: 1",,,,0,0,0,0,2,,
2026-05-15 17:08:30,48,19,19,0,fit: 7,fit: 7,,,,0,0,0,0,2,,
2026-05-15 17:18:32,48,19,19,0,fit: 6,fit: 6,,,,0,0,0,0,2,,
2026-05-15 17:28:34,48,19,19,0,"fit: 6, efit: 1","fit: 6, efit: 1",,,,0,0,0,0,2,,
2026-05-15 17:43:36,48,19,19,0,"fit: 6, efit: 2","fit: 6, efit: 2",,,,0,0,0,0,2,,
2026-05-15 18:13:42,48,19,19,0,"fit: 6, efit: 3","fit: 6, efit: 3",,,,0,0,0,0,2,,
2026-05-15 18:31:19,48,19,19,0,"fit: 6, efit: 2","fit: 6, efit: 2",,,,0,0,0,0,2,,
2026-05-15 18:48:48,48,19,19,0,fit: 6,fit: 6,,,,0,0,0,0,2,,
2026-05-15 19:28:55,48,19,19,0,"fit: 6, efit: 1","fit: 6, efit: 1",,,,0,0,0,0,2,,
2026-05-15 19:29:30,48,19,19,0,"fit: 7, efit: 1","fit: 7, efit: 1",,,,0,0,0,0,2,,
2026-05-15 19:54:00,48,19,19,0,fit: 7,fit: 7,,,,0,0,0,0,2,,
2026-05-15 19:59:01,48,19,19,0,"fit: 7, efit: 1","fit: 7, efit: 1",,,,0,0,0,0,2,,
2026-05-15 20:14:03,48,19,19,0,fit: 7,fit: 7,,,,0,0,0,0,2,,
2026-05-15 20:29:06,48,19,19,0,fit: 6,fit: 6,,,,0,0,0,0,2,,
2026-05-15 20:51:49,48,19,19,0,fit: 5,fit: 5,,,,0,0,0,0,2,,
2026-05-15 21:39:18,48,19,19,0,"fit: 5, efit: 1","fit: 5, efit: 1",,,,0,0,0,0,2,,
2026-05-15 22:10:00,48,19,19,0,"fit: 5, efit: 2","fit: 5, efit: 2",,,,0,0,0,0,2,,
2026-05-15 22:14:24,48,19,19,0,"fit: 5, efit: 3","fit: 5, efit: 3",,,,0,0,0,0,2,,
2026-05-15 22:17:06,48,19,19,0,"fit: 5, efit: 2","fit: 5, efit: 2",,,,0,0,0,0,2,,
2026-05-15 22:59:31,48,19,19,0,"fit: 5, efit: 1","fit: 5, efit: 1",,,,0,0,0,0,2,,
2026-05-15 23:04:32,48,19,19,0,fit: 5,fit: 5,,,,0,0,0,0,2,,
2026-05-15 23:59:41,48,19,19,0,"fit: 5, efit: 2","fit: 5, efit: 2",,,,0,0,0,0,2,,
2026-05-16 00:00:21,48,19,19,0,"fit: 5, efit: 2","fit: 5, efit: 2",,,,0,0,0,0,2,,
2026-05-16 00:12:29,48,19,19,0,"fit: 5, efit: 1","fit: 5, efit: 1",,,,0,0,0,0,2,,
2026-05-16 01:44:57,48,19,19,0,"fit: 5, efit: 2","fit: 5, efit: 2",,,,0,0,0,0,2,,
2026-05-16 02:53:00,48,19,19,0,"fit: 5, efit: 1","fit: 5, efit: 1",,,,0,0,0,0,2,,
2026-05-16 05:48:34,48,19,19,0,"fit: 5, efit: 2","fit: 5, efit: 2",,,,0,0,0,0,2,,
2026-05-16 08:44:08,48,19,19,0,"fit: 5, efit: 1","fit: 5, efit: 1",,,,0,0,0,0,2,,
2026-05-16 09:16:11,48,19,19,0,fit: 5,fit: 5,,,,0,0,0,0,2,,
2026-05-16 09:19:15,48,19,19,0,"fit: 5, efit: 1","fit: 5, efit: 1",,,,0,0,0,0,2,,
2026-05-16 09:34:18,48,19,19,0,fit: 5,fit: 5,,,,0,0,0,0,2,,
2026-05-16 09:56:18,48,19,19,0,fit: 4,fit: 4,,,,0,0,0,0,2,,
2026-05-16 11:37:27,48,19,19,0,"fit: 4, efit: 2","fit: 4, efit: 2",,,,0,0,0,0,2,,
2026-05-16 11:39:44,48,19,19,0,"fit: 4, efit: 5","fit: 4, efit: 5",,,,0,0,0,0,2,,
2026-05-16 12:47:40,48,19,19,0,"fit: 3, efit: 5","fit: 3, efit: 5",,,,0,0,0,0,2,,
2026-05-16 12:49:58,48,19,19,0,"fit: 3, efit: 6","fit: 3, efit: 6",,,,0,0,0,0,2,,
2026-05-16 12:52:41,48,19,19,0,"fit: 3, efit: 5","fit: 3, efit: 5",,,,0,0,0,0,2,,
2026-05-16 13:15:05,48,19,19,0,"fit: 4, efit: 5","fit: 4, efit: 5",,,,0,0,0,0,2,,
2026-05-16 13:36:57,48,19,19,0,"fit: 4, efit: 6","fit: 4, efit: 6",,,,0,0,0,0,2,,
2026-05-16 13:52:52,48,19,19,0,"fit: 4, efit: 7","fit: 4, efit: 7",,,,0,0,0,0,2,,
2026-05-16 13:55:13,48,19,19,0,"fit: 4, efit: 5","fit: 4, efit: 5",,,,0,0,0,0,2,,
2026-05-16 13:57:53,48,19,19,0,"fit: 5, efit: 5","fit: 5, efit: 5",,,,0,0,0,0,2,,
2026-05-16 14:00:14,48,19,19,0,"fit: 5, efit: 4","fit: 5, efit: 4",,,,0,0,0,0,2,,
2026-05-16 14:52:10,48,19,19,0,"fit: 5, efit: 3","fit: 5, efit: 3",,,,0,0,0,0,2,,
2026-05-16 15:15:32,48,19,19,0,"fit: 5, efit: 2","fit: 5, efit: 2",,,,0,0,0,0,2,,
2026-05-16 15:50:39,48,19,19,0,"fit: 5, efit: 1","fit: 5, efit: 1",,,,0,0,0,0,2,,
2026-05-16 16:00:41,48,19,19,0,fit: 5,fit: 5,,,,0,0,0,0,2,,
2026-05-16 16:12:24,48,19,19,0,fit: 3,fit: 3,,,,0,0,0,0,2,,
2026-05-16 16:27:26,48,19,19,0,"fit: 3, efit: 1","fit: 3, efit: 1",,,,0,0,0,0,2,,
2026-05-16 17:20:57,48,19,19,0,fit: 3,fit: 3,,,,0,0,0,0,2,,
2026-05-16 17:23:31,48,19,19,0,"fit: 3, efit: 1","fit: 3, efit: 1",,,,0,0,0,0,2,,
2026-05-16 17:43:35,48,19,19,0,"fit: 3, efit: 2","fit: 3, efit: 2",,,,0,0,0,0,2,,
2026-05-16 17:47:39,48,19,19,0,"fit: 3, efit: 1","fit: 3, efit: 1",,,,0,0,0,0,2,,
2026-05-16 17:52:40,48,19,19,0,"fit: 3, efit: 2","fit: 3, efit: 1",,,,0,0,0,0,2,,
2026-05-16 17:53:37,48,19,19,0,"fit: 3, efit: 1",fit: 3,,,,0,0,0,0,2,,
2026-05-16 17:58:37,48,19,19,0,"fit: 3, efit: 2","fit: 3, efit: 1",,,,0,0,0,0,2,,
2026-05-16 18:07:42,48,19,19,0,"fit: 3, efit: 3","fit: 3, efit: 2",,,,0,0,0,0,2,,
2026-05-16 18:26:11,48,19,19,0,"fit: 3, efit: 2","fit: 3, efit: 1",,,,0,0,0,0,2,,
2026-05-16 18:36:13,48,19,19,0,"fit: 3, efit: 1",fit: 3,,,,0,0,0,0,2,,
2026-05-16 18:52:50,48,19,19,0,"fit: 3, efit: 2","fit: 3, efit: 1",,,,0,0,0,0,2,,
2026-05-16 18:53:48,48,19,19,0,"fit: 3, efit: 3","fit: 3, efit: 2",,,,0,0,0,0,2,,
2026-05-16 18:56:17,48,19,19,0,"fit: 3, efit: 4","fit: 3, efit: 3",,,,0,0,0,0,2,,
2026-05-16 19:23:53,48,19,19,0,"fit: 3, efit: 6","fit: 3, efit: 5",,,,0,0,0,0,2,,
2026-05-16 19:26:23,48,19,19,0,"fit: 3, efit: 5","fit: 3, efit: 4",,,,0,0,0,0,2,,
2026-05-16 19:43:57,48,19,19,0,"fit: 3, efit: 6","fit: 3, efit: 5",,,,0,0,0,0,2,,
2026-05-16 19:46:27,48,19,19,0,"fit: 3, efit: 7","fit: 3, efit: 6",,,,0,0,0,0,2,,
2026-05-16 19:53:00,48,19,19,0,"fit: 4, efit: 8","fit: 4, efit: 7",,,,0,0,0,0,2,,
2026-05-16 19:56:29,48,19,19,0,"fit: 3, efit: 8","fit: 3, efit: 7",,,,0,0,0,0,2,,
2026-05-16 20:09:02,48,19,19,0,"fit: 3, efit: 7","fit: 3, efit: 6",,,,0,0,0,0,2,,
2026-05-16 20:11:32,48,19,19,0,"fit: 3, efit: 6","fit: 3, efit: 5",,,,0,0,0,0,2,,
2026-05-16 20:16:33,48,19,19,0,"fit: 4, efit: 6","fit: 4, efit: 5",,,,0,0,0,0,2,,
2026-05-16 20:21:34,48,19,19,0,"fit: 4, efit: 5","fit: 4, efit: 4",,,,0,0,0,0,2,,
2026-05-16 21:09:13,48,19,19,0,"fit: 4, efit: 6","fit: 4, efit: 5",,,,0,0,0,0,2,,
2026-05-16 21:18:14,48,19,19,0,"fit: 4, efit: 7","fit: 4, efit: 6",,,,0,0,0,0,2,,
2026-05-16 21:21:47,48,19,19,0,"fit: 4, efit: 8","fit: 4, efit: 7",,,,0,0,0,0,2,,
2026-05-16 22:11:56,48,19,19,0,"fit: 4, efit: 9","fit: 4, efit: 8",,,,0,0,0,0,2,,
2026-05-16 22:13:23,48,19,19,0,"fit: 4, efit: 10","fit: 4, efit: 9",,,,0,0,0,0,2,,
2026-05-16 22:14:25,48,19,19,0,"fit: 4, efit: 9","fit: 4, efit: 8",,,,0,0,0,0,2,,
2026-05-16 22:16:58,48,19,19,0,"fit: 4, efit: 8","fit: 4, efit: 7",,,,0,0,0,0,2,,
2026-05-16 23:09:35,48,19,19,0,"fit: 4, efit: 6","fit: 4, efit: 5",,,,0,0,0,0,2,,
2026-05-17 00:02:19,48,19,19,0,"fit: 4, efit: 6","fit: 4, efit: 5",,,,0,0,0,0,2,,
2026-05-17 01:43:55,48,19,19,0,"fit: 4, efit: 7","fit: 4, efit: 6",,,,0,0,0,0,2,,
2026-05-17 01:52:40,48,19,19,0,"fit: 4, efit: 6","fit: 4, efit: 5",,,,0,0,0,0,2,,
2026-05-17 02:37:49,48,19,19,0,"fit: 5, efit: 6","fit: 5, efit: 5",,,,0,0,0,0,2,,
2026-05-17 07:31:06,48,19,19,0,"fit: 5, efit: 7","fit: 5, efit: 5",,,,0,0,0,0,2,,
2026-05-17 08:46:20,48,19,19,0,"fit: 5, efit: 6","fit: 5, efit: 4",,,,0,0,0,0,2,,
2026-05-17 08:56:22,48,19,19,0,"fit: 5, efit: 5","fit: 5, efit: 4",,,,0,0,0,0,2,,
2026-05-17 08:59:01,48,19,19,0,"fit: 5, efit: 7","fit: 5, efit: 7",,,,0,0,0,0,2,,
2026-05-17 10:19:17,48,19,19,0,"fit: 5, efit: 6","fit: 5, efit: 6",,,,0,0,0,0,2,,
2026-05-17 10:54:24,48,19,19,0,"fit: 5, efit: 7","fit: 5, efit: 7",,,,0,0,0,0,2,,
2026-05-17 11:00:23,48,19,19,0,"fit: 5, efit: 6","fit: 5, efit: 6",,,,0,0,0,0,2,,
2026-05-17 11:01:45,48,19,19,0,"fit: 5, efit: 5","fit: 5, efit: 5",,,,0,0,0,0,2,,
2026-05-17 11:46:53,48,19,19,0,"fit: 5, efit: 6","fit: 5, efit: 6",,,,0,0,0,0,2,,
2026-05-17 11:54:37,48,19,19,0,"fit: 5, efit: 5","fit: 5, efit: 5",,,,0,0,0,0,2,,
2026-05-17 11:56:55,48,19,19,0,"fit: 5, efit: 3","fit: 5, efit: 3",,,,0,0,0,0,2,,
2026-05-17 12:00:34,48,19,19,0,"fit: 5, efit: 4","fit: 5, efit: 4",,,,0,0,0,0,2,,
2026-05-17 12:27:02,48,19,19,0,"fit: 5, efit: 5","fit: 5, efit: 5",,,,0,0,0,0,2,,
2026-05-17 12:35:40,48,19,19,0,"fit: 5, efit: 4","fit: 5, efit: 4",,,,0,0,0,0,2,,
2026-05-17 12:40:40,48,19,19,0,"fit: 5, efit: 3","fit: 5, efit: 3",,,,0,0,0,0,2,,
2026-05-17 12:42:04,48,19,19,0,"fit: 5, efit: 4","fit: 5, efit: 4",,,,0,0,0,0,2,,
2026-05-17 12:47:05,48,19,19,0,"fit: 5, efit: 3","fit: 5, efit: 3",,,,0,0,0,0,2,,
2026-05-17 12:49:48,48,19,19,0,"fit: 5, efit: 2","fit: 5, efit: 2",,,,0,0,0,0,2,,
2026-05-17 13:24:55,48,19,19,0,"fit: 5, efit: 1","fit: 5, efit: 1",,,,0,0,0,0,2,,
2026-05-17 13:34:58,48,19,19,0,fit: 5,fit: 5,,,,0,0,0,0,2,,
2026-05-17 13:45:00,48,19,19,0,"fit: 5, efit: 1","fit: 5, efit: 1",,,,0,0,0,0,2,,
2026-05-17 13:55:02,48,19,19,0,fit: 5,fit: 5,,,,0,0,0,0,2,,
2026-05-17 14:12:22,48,19,19,0,"fit: 5, efit: 1","fit: 5, efit: 1",,,,0,0,0,0,2,,
2026-05-17 14:15:07,48,19,19,0,fit: 5,fit: 5,,,,0,0,0,0,2,,
2026-05-17 14:30:10,48,19,19,0,fit: 4,fit: 4,,,,0,0,0,0,2,,
2026-05-17 14:40:12,48,19,19,0,"fit: 4, efit: 1","fit: 4, efit: 1",,,,0,0,0,0,2,,
2026-05-17 14:45:14,48,19,19,0,fit: 4,fit: 4,,,,0,0,0,0,2,,
2026-05-17 14:51:03,48,19,19,0,fit: 3,fit: 3,,,,0,0,0,0,2,,
2026-05-17 14:52:29,48,19,19,0,fit: 2,fit: 2,,,,0,0,0,0,2,,
2026-05-17 14:55:16,48,19,19,0,"fit: 2, efit: 1","fit: 2, efit: 1",,,,0,0,0,0,2,,
2026-05-17 15:35:24,48,19,19,0,fit: 2,fit: 2,,,,0,0,0,0,2,,
2026-05-17 15:50:28,48,19,19,0,"fit: 2, efit: 1","fit: 2, efit: 1",,,,0,0,0,0,2,,
2026-05-17 16:07:44,48,19,19,0,"fit: 2, efit: 2","fit: 2, efit: 2",,,,0,0,0,0,2,,
2026-05-17 16:11:16,48,19,19,0,"fit: 2, efit: 1","fit: 2, efit: 1",,,,0,0,0,0,2,,
2026-05-17 16:21:18,48,19,19,0,fit: 2,fit: 2,,,,0,0,0,0,2,,
2026-05-17 16:25:35,48,19,19,0,fit: 1,fit: 1,,,,0,0,0,0,2,,
2026-05-17 16:56:24,48,19,19,0,"fit: 1, efit: 1","fit: 1, efit: 1",,,,0,0,0,0,2,,
2026-05-17 17:00:42,48,19,19,0,"fit: 2, efit: 1","fit: 2, efit: 1",,,,0,0,0,0,2,,
2026-05-17 17:10:45,48,19,19,0,fit: 2,fit: 2,,,,0,0,0,0,2,,
2026-05-17 17:15:46,48,19,19,0,"fit: 2, efit: 1","fit: 2, efit: 1",,,,0,0,0,0,2,,
2026-05-17 17:16:28,48,19,19,0,"fit: 2, efit: 2","fit: 2, efit: 2",,,,0,0,0,0,2,,
2026-05-17 17:45:52,48,19,19,0,"fit: 2, efit: 1","fit: 2, efit: 1",,,,0,0,0,0,2,,
2026-05-17 18:15:59,48,19,19,0,fit: 2,fit: 2,,,,0,0,0,0,2,,
2026-05-17 18:41:04,48,19,19,0,"fit: 2, efit: 1","fit: 2, efit: 1",,,,0,0,0,0,2,,
2026-05-17 18:41:42,48,19,19,0,"fit: 1, efit: 1","fit: 1, efit: 1",,,,0,0,0,0,2,,
2026-05-17 19:06:09,48,19,19,0,"fit: 2, efit: 2","fit: 2, efit: 2",,,,0,0,0,0,2,,
2026-05-17 19:11:10,48,19,19,0,"fit: 2, efit: 3","fit: 2, efit: 3",,,,0,0,0,0,2,,
2026-05-17 19:21:49,48,19,19,0,"fit: 2, efit: 2","fit: 2, efit: 2",,,,0,0,0,0,2,,
2026-05-17 19:41:17,48,19,19,0,"fit: 2, efit: 1","fit: 2, efit: 1",,,,0,0,0,0,2,,
2026-05-17 19:58:29,48,19,19,0,fit: 2,fit: 2,,,,0,0,0,0,2,,
2026-05-17 20:06:22,48,19,19,0,"fit: 2, efit: 1","fit: 2, efit: 1",,,,0,0,0,0,2,,
2026-05-17 20:06:56,48,19,19,0,fit: 2,fit: 2,,,,0,0,0,0,2,,
2026-05-17 20:08:31,48,19,19,0,"fit: 2, efit: 1","fit: 2, efit: 1",,,,0,0,0,0,2,,
2026-05-17 20:11:23,48,19,19,0,"fit: 2, efit: 4","fit: 2, efit: 4",,,,0,0,0,0,2,,
2026-05-17 20:36:28,48,19,19,0,"fit: 2, efit: 3","fit: 2, efit: 3",,,,0,0,0,0,2,,
2026-05-17 20:41:29,48,19,19,0,"fit: 2, efit: 4","fit: 2, efit: 4",,,,0,0,0,0,2,,
2026-05-17 20:48:39,48,19,19,0,"fit: 2, efit: 5","fit: 2, efit: 5",,,,0,0,0,0,2,,
2026-05-17 20:51:31,48,19,19,0,"fit: 2, efit: 3","fit: 2, efit: 3",,,,0,0,0,0,2,,
2026-05-17 20:58:41,48,19,19,0,"fit: 2, efit: 4","fit: 2, efit: 4",,,,0,0,0,0,2,,
2026-05-17 21:28:46,48,19,19,0,"fit: 2, efit: 2","fit: 2, efit: 2",,,,0,0,0,0,2,,
2026-05-17 21:57:15,48,19,19,0,"fit: 2, efit: 3","fit: 2, efit: 3",,,,0,0,0,0,2,,
2026-05-17 22:01:46,48,19,19,0,"fit: 2, efit: 4","fit: 2, efit: 4",,,,0,0,0,0,2,,
2026-05-17 22:02:16,48,19,19,0,"fit: 3, efit: 4","fit: 3, efit: 4",,,,0,0,0,0,2,,
2026-05-17 22:26:51,48,19,19,0,"fit: 3, efit: 5","fit: 3, efit: 5",,,,0,0,0,0,2,,
2026-05-17 23:54:13,48,19,19,0,"fit: 3, efit: 6","fit: 3, efit: 6",,,,0,0,0,0,2,,
2026-05-18 00:02:10,48,19,19,0,"fit: 3, efit: 6","fit: 3, efit: 6",,,,0,0,0,0,2,,
2026-05-18 00:07:11,48,19,19,0,"fit: 4, efit: 6","fit: 4, efit: 6",,,,0,0,0,0,2,,
2026-05-18 00:17:13,48,19,19,0,"fit: 4, efit: 7","fit: 4, efit: 7",,,,0,0,0,0,2,,
2026-05-18 00:34:20,48,19,19,0,"fit: 4, efit: 10","fit: 4, efit: 10",,,,0,0,0,0,2,,
2026-05-18 00:37:17,48,19,19,0,"fit: 4, efit: 7","fit: 4, efit: 7",,,,0,0,0,0,2,,
2026-05-18 00:47:19,48,19,19,0,"fit: 4, efit: 8","fit: 4, efit: 8",,,,0,0,0,0,2,,
2026-05-18 00:47:41,48,19,19,0,"fit: 4, efit: 7","fit: 4, efit: 7",,,,0,0,0,0,2,,
2026-05-18 00:57:21,48,19,19,0,"fit: 4, efit: 8","fit: 4, efit: 8",,,,0,0,0,0,2,,
2026-05-18 02:27:38,48,19,19,0,"fit: 4, efit: 7","fit: 4, efit: 7",,,,0,0,0,0,2,,
2026-05-18 04:58:20,48,19,19,0,"fit: 4, efit: 6","fit: 4, efit: 6",,,,0,0,0,0,2,,
2026-05-18 05:25:12,48,19,19,0,"fit: 4, efit: 5","fit: 4, efit: 5",,,,0,0,0,0,2,,
2026-05-18 05:58:19,48,19,19,0,"fit: 4, efit: 4","fit: 4, efit: 4",,,,0,0,0,0,2,,
2026-05-18 07:43:39,48,19,19,0,"fit: 4, efit: 3","fit: 4, efit: 3",,,,0,0,0,0,2,,
2026-05-18 07:58:42,48,19,19,0,"fit: 5, efit: 2","fit: 5, efit: 2",,,,0,0,0,0,2,,
2026-05-18 08:03:43,48,19,19,0,"fit: 5, efit: 1","fit: 5, efit: 1",,,,0,0,0,0,2,,
2026-05-18 08:18:47,48,19,19,0,fit: 5,fit: 5,,,,0,0,0,0,2,,
2026-05-18 09:05:53,48,19,19,0,fit: 4,fit: 4,,,,0,0,0,0,2,,
2026-05-18 09:13:58,48,19,19,0,"fit: 4, efit: 1","fit: 4, efit: 1",,,,0,0,0,0,2,,
2026-05-18 09:24:00,48,19,19,0,fit: 5,fit: 5,,,,0,0,0,0,2,,
2026-05-18 09:25:56,48,19,19,0,"fit: 5, efit: 1","fit: 5, efit: 1",,,,0,0,0,0,2,,
2026-05-18 09:49:04,48,19,19,0,fit: 5,fit: 5,,,,0,0,0,0,2,,
2026-05-18 09:51:01,48,19,19,0,fit: 4,fit: 4,,,,0,0,0,0,2,,
2026-05-18 11:19:16,48,19,19,0,fit: 3,fit: 3,,,,0,0,0,0,2,,
2026-05-18 11:54:22,48,19,19,0,fit: 2,fit: 2,,,,0,0,0,0,2,,
2026-05-18 11:56:27,48,19,19,0,fit: 3,fit: 3,,,,0,0,0,0,2,,
2026-05-18 12:14:25,48,19,19,0,fit: 4,fit: 4,,,,0,0,0,0,2,,
2026-05-18 12:19:26,48,19,19,0,"fit: 4, efit: 1","fit: 4, efit: 1",,,,0,0,0,0,2,,
2026-05-18 12:24:27,48,19,19,0,"fit: 4, efit: 2","fit: 4, efit: 2",,,,0,0,0,0,2,,
2026-05-18 12:29:28,48,19,19,0,"fit: 4, efit: 1","fit: 4, efit: 1",,,,0,0,0,0,2,,
2026-05-18 12:31:34,48,19,19,0,"fit: 4, efit: 2","fit: 4, efit: 2",,,,0,0,0,0,2,,
2026-05-18 12:34:29,48,19,19,0,"fit: 4, efit: 3","fit: 4, efit: 3",,,,0,0,0,0,2,,
2026-05-18 12:39:30,48,19,19,0,"fit: 4, efit: 4","fit: 4, efit: 4",,,,0,0,0,0,2,,
2026-05-18 12:49:31,48,19,19,0,"fit: 4, efit: 3","fit: 4, efit: 3",,,,0,0,0,0,2,,
2026-05-18 12:51:38,48,19,19,0,"fit: 4, efit: 2","fit: 4, efit: 2",,,,0,0,0,0,2,,
2026-05-18 12:54:32,48,19,19,0,"fit: 4, efit: 1","fit: 4, efit: 1",,,,0,0,0,0,2,,
2026-05-18 13:01:40,48,19,19,0,"fit: 4, efit: 2","fit: 4, efit: 1",,,,0,0,0,0,2,,
2026-05-18 13:04:34,48,19,19,0,"fit: 4, efit: 3","fit: 4, efit: 2",,,,0,0,0,0,2,,
2026-05-18 13:11:42,48,19,19,0,"fit: 4, efit: 2","fit: 4, efit: 1",,,,0,0,0,0,2,,
2026-05-18 13:21:44,48,19,19,0,"fit: 4, efit: 1",fit: 4,,,,0,0,0,0,2,,
2026-05-18 14:44:52,48,19,19,0,"fit: 4, efit: 2","fit: 4, efit: 1",,,,0,0,0,0,2,,
2026-05-18 14:55:07,48,19,19,0,"fit: 4, efit: 3","fit: 4, efit: 2",,,,0,0,0,0,2,,
2026-05-18 15:09:55,48,19,19,0,"fit: 4, efit: 4","fit: 4, efit: 3",,,,0,0,0,0,2,,
2026-05-18 15:14:56,48,19,19,0,"fit: 4, efit: 3","fit: 4, efit: 2",,,,0,0,0,0,2,,
2026-05-18 15:22:08,48,19,19,0,"fit: 4, efit: 2","fit: 4, efit: 1",,,,0,0,0,0,2,,
2026-05-18 15:27:09,48,19,19,0,fit: 4,fit: 4,,,,0,0,0,0,2,,
2026-05-18 15:29:59,48,19,19,0,"fit: 4, efit: 1","fit: 4, efit: 1",,,,0,0,0,0,2,,
2026-05-18 15:47:12,48,19,19,0,"fit: 5, efit: 1","fit: 5, efit: 1",,,,0,0,0,0,2,,
2026-05-18 16:22:19,48,19,19,0,fit: 5,fit: 5,,,,0,0,0,0,2,,
2026-05-18 17:15:39,48,19,19,0,"fit: 5, efit: 1","fit: 5, efit: 1",,,,0,0,0,0,2,,
2026-05-18 17:25:20,48,19,19,0,fit: 5,fit: 5,,,,0,0,0,0,2,,
2026-05-18 17:37:34,48,19,19,0,"fit: 5, efit: 1","fit: 5, efit: 1",,,,0,0,0,0,2,,
2026-05-18 17:45:23,48,19,19,0,fit: 5,fit: 5,,,,0,0,0,0,2,,
2026-05-18 17:52:37,48,19,19,0,"fit: 5, efit: 1","fit: 5, efit: 1",,,,0,0,0,0,2,,
2026-05-18 17:55:25,48,19,19,0,fit: 5,fit: 5,,,,0,0,0,0,2,,
2026-05-18 18:02:39,48,19,19,0,"fit: 5, efit: 1","fit: 5, efit: 1",,,,0,0,0,0,2,,
2026-05-18 18:15:52,48,19,19,0,"fit: 5, efit: 2","fit: 5, efit: 1",,,,0,0,0,0,2,,
2026-05-18 18:20:53,48,19,19,0,"fit: 5, efit: 1",fit: 5,,,,0,0,0,0,2,,
2026-05-18 18:37:46,48,19,19,0,"fit: 6, efit: 1",fit: 6,,,,0,0,0,0,2,,
2026-05-18 19:25:41,48,19,19,0,"fit: 5, efit: 1",fit: 5,,,,0,0,0,0,2,,
2026-05-18 19:50:45,48,19,19,0,"fit: 5, efit: 2","fit: 5, efit: 1",,,,0,0,0,0,2,,
2026-05-18 19:55:46,48,19,19,0,"fit: 5, efit: 3","fit: 5, efit: 2",,,,0,0,0,0,2,,
2026-05-18 20:00:47,48,19,19,0,"fit: 5, efit: 2","fit: 5, efit: 1",,,,0,0,0,0,2,,
2026-05-18 20:31:22,48,19,19,0,"fit: 5, efit: 3","fit: 5, efit: 2",,,,0,0,0,0,2,,
2026-05-18 20:41:24,48,19,19,0,"fit: 5, efit: 4","fit: 5, efit: 3",,,,0,0,0,0,2,,
2026-05-18 20:43:11,48,19,19,0,"fit: 6, efit: 3","fit: 6, efit: 2",,,,0,0,0,0,2,,
2026-05-18 20:48:12,48,19,19,0,"fit: 6, efit: 1",fit: 6,,,,0,0,0,0,2,,
2026-05-18 21:10:58,48,19,19,0,"fit: 6, efit: 2","fit: 6, efit: 1",,,,0,0,0,0,2,,
2026-05-18 21:18:17,48,19,19,0,"fit: 6, efit: 3","fit: 6, efit: 2",,,,0,0,0,0,2,,
2026-05-18 21:36:03,48,19,19,0,"fit: 6, efit: 4","fit: 6, efit: 3",,,,0,0,0,0,2,,
2026-05-18 21:56:40,48,19,19,0,"fit: 6, efit: 5","fit: 6, efit: 4",,,,0,0,0,0,2,,
2026-05-18 21:58:25,48,19,19,0,"fit: 7, efit: 4","fit: 7, efit: 3",,,,0,0,0,0,2,,
2026-05-18 22:36:13,48,19,19,0,"fit: 9, efit: 4","fit: 9, efit: 3",,,,0,0,0,0,2,,
2026-05-18 23:01:17,48,19,19,0,"fit: 9, efit: 4","fit: 9, efit: 2",,,,0,0,0,0,2,,
2026-05-18 23:16:19,48,19,19,0,"fit: 9, efit: 3","fit: 9, efit: 1",,,,0,0,0,0,2,,
2026-05-18 23:18:40,48,19,19,0,"fit: 10, efit: 2",fit: 10,,,,0,0,0,0,2,,
2026-05-18 23:36:22,48,19,19,0,"fit: 9, efit: 2",fit: 9,,,,0,0,0,0,2,,
2026-05-19 00:01:26,48,19,19,0,"fit: 9, efit: 2",fit: 9,,,,0,0,0,0,2,,
2026-05-19 04:48:02,48,19,19,0,"fit: 8, efit: 2",fit: 8,,,,0,0,0,0,2,,
2026-05-19 05:12:14,48,19,19,0,"fit: 8, efit: 3","fit: 8, efit: 1",,,,0,0,0,0,2,,
2026-05-19 05:24:45,48,19,19,0,"fit: 8, efit: 2",fit: 8,,,,0,0,0,0,2,,
2026-05-19 07:42:37,48,19,19,0,"fit: 6, efit: 2",fit: 6,,,,0,0,0,0,2,,
2026-05-19 08:15:16,48,19,19,0,"fit: 5, efit: 2",fit: 5,,,,0,0,0,0,2,,
2026-05-19 09:34:00,48,19,19,0,"fit: 5, efit: 3","fit: 5, efit: 1",,,,0,0,0,0,2,,
2026-05-19 09:42:58,48,19,19,0,"fit: 5, efit: 2",fit: 5,,,,0,0,0,0,2,,
2026-05-19 09:47:58,48,19,19,0,"fit: 5, efit: 4","fit: 5, efit: 2",,,,0,0,0,0,2,,
2026-05-19 10:23:05,48,19,19,0,"fit: 5, efit: 2",fit: 5,,,,0,0,0,0,2,,
2026-05-19 10:24:11,48,19,19,0,"fit: 4, efit: 2",fit: 4,,,,0,0,0,0,2,,
2026-05-19 10:33:06,48,19,19,0,"fit: 4, efit: 3","fit: 4, efit: 1",,,,0,0,0,0,2,,
2026-05-19 11:04:19,48,19,19,0,"fit: 4, efit: 2",fit: 4,,,,0,0,0,0,2,,
2026-05-19 11:09:20,48,19,19,0,"fit: 4, efit: 3","fit: 4, efit: 1",,,,0,0,0,0,2,,
2026-05-19 11:43:18,48,19,19,0,"fit: 4, efit: 4","fit: 4, efit: 2",,,,0,0,0,0,2,,
2026-05-19 11:59:31,48,19,19,0,"fit: 4, efit: 3","fit: 4, efit: 1",,,,0,0,0,0,2,,
2026-05-19 12:03:21,48,19,19,0,"fit: 4, efit: 2",fit: 4,,,,0,0,0,0,2,,
2026-05-19 12:06:01,48,19,19,0,"fit: 3, efit: 2",fit: 3,,,,0,0,0,0,2,,
2026-05-19 12:13:23,48,19,19,0,"fit: 3, efit: 3","fit: 3, efit: 1",,,,0,0,0,0,2,,
2026-05-19 12:19:35,48,19,19,0,"fit: 3, efit: 4","fit: 3, efit: 2",,,,0,0,0,0,2,,
2026-05-19 12:28:25,48,19,19,0,"fit: 3, efit: 6","fit: 3, efit: 4",,,,0,0,0,0,2,,
2026-05-19 13:08:32,48,19,19,0,"fit: 3, efit: 7","fit: 3, efit: 5",,,,0,0,0,0,2,,
2026-05-19 13:38:38,48,19,19,0,"fit: 3, efit: 6","fit: 3, efit: 4",,,,0,0,0,0,2,,
2026-05-19 13:46:20,48,19,19,0,"fit: 3, efit: 5","fit: 3, efit: 4",,,,0,0,0,0,2,,
2026-05-19 13:48:39,48,19,19,0,"fit: 3, efit: 6","fit: 3, efit: 6",,,,0,0,0,0,2,,
2026-05-19 14:18:44,48,19,19,0,"fit: 3, efit: 4","fit: 3, efit: 4",,,,0,0,0,0,2,,
2026-05-19 14:40:05,48,19,19,0,"fit: 3, efit: 5","fit: 3, efit: 5",,,,0,0,0,0,2,,
2026-05-19 14:43:48,48,19,19,0,"fit: 4, efit: 5","fit: 4, efit: 5",,,,0,0,0,0,2,,
2026-05-19 14:46:32,48,19,19,0,"fit: 4, efit: 7","fit: 4, efit: 6",,,,0,0,0,0,2,,
2026-05-19 15:03:52,48,19,19,0,"fit: 5, efit: 8","fit: 5, efit: 7",,,,0,0,0,0,2,,
2026-05-19 15:05:11,48,19,19,0,"fit: 5, efit: 7","fit: 5, efit: 6",,,,0,0,0,0,2,,
2026-05-19 15:10:12,48,19,19,0,"fit: 5, efit: 5","fit: 5, efit: 4",,,,0,0,0,0,2,,
2026-05-19 15:20:14,48,19,19,0,"fit: 6, efit: 4","fit: 6, efit: 3",,,,0,0,0,0,2,,
2026-05-19 15:59:01,48,19,19,0,"fit: 6, efit: 5","fit: 6, efit: 4",,,,0,0,0,0,2,,
2026-05-19 16:16:49,48,19,19,0,"fit: 6, efit: 4","fit: 6, efit: 3",,,,0,0,0,0,2,,
2026-05-19 16:26:50,48,19,19,0,"fit: 6, efit: 3","fit: 6, efit: 3",,,,0,0,0,0,2,,
2026-05-19 16:29:06,48,19,19,0,"fit: 6, efit: 4","fit: 6, efit: 4",,,,0,0,0,0,2,,
2026-05-19 16:31:51,48,19,19,0,"fit: 6, efit: 3","fit: 6, efit: 3",,,,0,0,0,0,2,,
2026-05-19 16:41:53,48,19,19,0,"fit: 6, efit: 2","fit: 6, efit: 2",,,,0,0,0,0,2,,
2026-05-19 16:55:35,48,19,19,0,"fit: 6, efit: 1","fit: 6, efit: 1",,,,0,0,0,0,2,,
2026-05-19 17:04:12,48,19,19,0,fit: 6,fit: 6,,,,0,0,0,0,2,,
2026-05-19 17:14:14,48,19,19,0,fit: 7,fit: 7,,,,0,0,0,0,2,,
2026-05-19 17:29:16,48,19,19,0,fit: 6,fit: 6,,,,0,0,0,0,2,,
2026-05-19 17:39:18,48,19,19,0,fit: 5,fit: 5,,,,0,0,0,0,2,,
2026-05-19 17:49:20,48,19,19,0,"fit: 5, efit: 2","fit: 5, efit: 2",,,,0,0,0,0,2,,
2026-05-19 18:02:10,48,19,19,0,"fit: 5, efit: 4","fit: 5, efit: 4",,,,0,0,0,0,2,,
2026-05-19 18:04:22,48,19,19,0,"fit: 5, efit: 3","fit: 5, efit: 3",,,,0,0,0,0,2,,
2026-05-19 18:09:23,48,19,19,0,"fit: 6, efit: 3","fit: 6, efit: 3",,,,0,0,0,0,2,,
2026-05-19 18:19:25,48,19,19,0,"fit: 7, efit: 2","fit: 7, efit: 2",,,,0,0,0,0,2,,
2026-05-19 18:24:25,48,19,19,0,"fit: 7, efit: 1","fit: 7, efit: 1",,,,0,0,0,0,2,,
2026-05-19 18:25:56,48,19,19,0,fit: 7,fit: 7,,,,0,0,0,0,2,,
2026-05-19 18:34:27,48,19,19,0,"fit: 6, efit: 1","fit: 6, efit: 1",,,,0,0,0,0,2,,
2026-05-19 18:35:58,48,19,19,0,fit: 6,fit: 6,,,,0,0,0,0,2,,
2026-05-19 18:49:30,48,19,19,0,"fit: 6, efit: 2","fit: 6, efit: 1",efit: 1,,,0,0,0,0,2,,
2026-05-19 19:04:32,48,19,19,0,"fit: 6, efit: 3","fit: 6, efit: 1",efit: 1,,,0,0,0,0,2,,
2026-05-19 19:12:23,48,19,19,0,"fit: 6, efit: 4","fit: 6, efit: 2",efit: 1,,,0,0,0,0,2,,
2026-05-19 19:19:35,48,19,19,0,"fit: 6, efit: 3","fit: 6, efit: 1",efit: 1,,,0,0,0,0,2,,
2026-05-19 19:46:13,48,19,19,0,"fit: 6, efit: 4","fit: 6, efit: 2",efit: 1,,,0,0,0,0,2,,
2026-05-19 19:57:32,48,19,19,0,"fit: 6, efit: 3","fit: 6, efit: 1",efit: 1,,,0,0,0,0,2,,
2026-05-19 20:16:19,48,19,19,0,"fit: 6, efit: 2",fit: 6,efit: 1,,,0,0,0,0,2,,
2026-05-19 20:19:45,48,19,19,0,"fit: 5, efit: 2",fit: 5,efit: 1,,,0,0,0,0,2,,
2026-05-19 20:39:48,48,19,19,0,"fit: 5, efit: 3","fit: 5, efit: 1",efit: 1,,,0,0,0,0,2,,
2026-05-19 20:56:28,48,19,19,0,"fit: 5, efit: 4","fit: 5, efit: 2",efit: 1,,,0,0,0,0,2,,
2026-05-19 21:32:50,48,19,19,0,"fit: 5, efit: 3","fit: 5, efit: 1",efit: 1,,,0,0,0,0,2,,
2026-05-19 21:46:39,48,19,19,0,"fit: 5, efit: 2",fit: 5,efit: 1,,,0,0,0,0,2,,
2026-05-19 21:55:00,48,19,19,0,"fit: 4, efit: 2",fit: 4,efit: 1,,,0,0,0,0,2,,
2026-05-19 21:56:41,48,19,19,0,"fit: 3, efit: 2",fit: 3,efit: 1,,,0,0,0,0,2,,
2026-05-19 22:36:49,48,19,19,0,"fit: 2, efit: 2",fit: 2,efit: 1,,,0,0,0,0,2,,
2026-05-19 22:40:08,48,19,19,0,"fit: 2, efit: 3","fit: 2, efit: 1",efit: 1,,,0,0,0,0,2,,
2026-05-19 23:00:11,48,19,19,0,"fit: 2, efit: 5","fit: 2, efit: 3",efit: 1,,,0,0,0,0,2,,
2026-05-19 23:43:14,48,19,19,0,"fit: 2, efit: 6","fit: 2, efit: 4",efit: 1,,,0,0,0,0,2,,
2026-05-19 23:45:19,48,19,19,0,"fit: 2, efit: 5","fit: 2, efit: 3",efit: 1,,,0,0,0,0,2,,
2026-05-19 23:50:19,48,19,19,0,"fit: 2, efit: 6","fit: 2, efit: 4",efit: 1,,,0,0,0,0,2,,
2026-05-20 00:00:21,48,19,19,0,"fit: 2, efit: 6","fit: 2, efit: 4",efit: 1,,,0,0,0,0,2,,
2026-05-20 00:50:28,48,19,19,0,"fit: 2, efit: 5","fit: 2, efit: 3",efit: 1,,,0,0,0,0,2,,
2026-05-20 01:17:21,48,19,19,0,"fit: 2, efit: 4","fit: 2, efit: 2",efit: 1,,,0,0,0,0,2,,
2026-05-20 05:46:13,48,19,19,0,"fit: 2, efit: 5","fit: 2, efit: 3",efit: 1,,,0,0,0,0,2,,
2026-05-20 06:11:17,48,19,19,0,"fit: 2, efit: 6","fit: 2, efit: 4",efit: 1,,,0,0,0,0,2,,
2026-05-20 06:58:26,48,19,19,0,"fit: 3, efit: 5","fit: 3, efit: 3",efit: 1,,,0,0,0,0,2,,
2026-05-20 07:34:38,48,19,19,0,"fit: 3, efit: 4","fit: 3, efit: 2",efit: 1,,,0,0,0,0,2,,
2026-05-20 07:59:42,48,19,19,0,"fit: 3, efit: 3","fit: 3, efit: 1",efit: 1,,,0,0,0,0,2,,
2026-05-20 08:18:41,48,19,19,0,"fit: 2, efit: 3","fit: 2, efit: 1",efit: 1,,,0,0,0,0,2,,
2026-05-20 08:39:50,48,19,19,0,"fit: 2, efit: 2",fit: 2,efit: 1,,,0,0,0,0,2,,
2026-05-20 08:58:49,48,19,19,0,"fit: 2, efit: 3","fit: 2, efit: 1",efit: 1,,,0,0,0,0,2,,
2026-05-20 09:36:50,48,19,19,0,"fit: 2, efit: 2",fit: 2,efit: 1,,,0,0,0,0,2,,
2026-05-20 09:45:03,48,19,19,0,"fit: 1, efit: 2",fit: 1,efit: 1,,,0,0,0,0,2,,
2026-05-20 10:30:12,48,19,19,0,"fit: 1, efit: 3","fit: 1, efit: 1",efit: 1,,,0,0,0,0,2,,
2026-05-20 10:55:17,48,19,19,0,"fit: 1, efit: 2",fit: 1,efit: 1,,,0,0,0,0,2,,
2026-05-20 10:57:03,48,19,19,0,"fit: 1, efit: 3","fit: 1, efit: 1",efit: 1,,,0,0,0,0,2,,
2026-05-20 11:07:05,48,19,19,0,"fit: 1, efit: 4","fit: 1, efit: 3",efit: 1,,,0,0,0,0,2,,
2026-05-20 11:09:16,48,19,19,0,"fit: 1, efit: 4","fit: 1, efit: 4",,,,0,0,0,0,2,,
2026-05-20 12:17:16,48,19,19,0,"fit: 1, efit: 3","fit: 1, efit: 3",,,,0,0,0,0,2,,
2026-05-20 12:25:34,48,19,19,0,"fit: 1, efit: 2","fit: 1, efit: 2",,,,0,0,0,0,2,,
2026-05-20 12:32:18,48,19,19,0,"fit: 1, efit: 3","fit: 1, efit: 3",,,,0,0,0,0,2,,
2026-05-20 12:35:36,48,19,19,0,"fit: 1, efit: 2","fit: 1, efit: 2",,,,0,0,0,0,2,,
2026-05-20 12:49:36,48,19,19,0,"fit: 1, efit: 3","fit: 1, efit: 3",,,,0,0,0,0,2,,
2026-05-20 12:59:38,48,19,19,0,"fit: 1, efit: 4","fit: 1, efit: 4",,,,0,0,0,0,2,,
2026-05-20 13:07:24,48,19,19,0,"fit: 1, efit: 3","fit: 1, efit: 3",,,,0,0,0,0,2,,
2026-05-20 13:54:49,48,19,19,0,"fit: 1, efit: 2","fit: 1, efit: 2",,,,0,0,0,0,2,,
2026-05-20 13:55:51,48,19,19,0,"fit: 1, efit: 3","fit: 1, efit: 3",,,,0,0,0,0,2,,
2026-05-20 14:04:52,48,19,19,0,"fit: 1, efit: 2","fit: 1, efit: 2",,,,0,0,0,0,2,,
2026-05-20 15:05:04,48,19,19,0,"fit: 1, efit: 1","fit: 1, efit: 1",,,,0,0,0,0,2,,
2026-05-20 15:10:05,48,19,19,0,fit: 1,fit: 1,,,,0,0,0,0,2,,
2026-05-20 15:42:50,48,19,19,0,fit: 2,fit: 2,,,,0,0,0,0,2,,
2026-05-20 15:46:12,48,19,19,0,"fit: 2, efit: 1","fit: 2, efit: 1",,,,0,0,0,0,2,,
2026-05-20 16:41:23,48,19,19,0,fit: 2,fit: 2,,,,0,0,0,0,2,,
2026-05-20 16:48:41,48,19,19,0,"fit: 2, efit: 1","fit: 2, efit: 1",,,,0,0,0,0,2,,
2026-05-20 17:06:32,48,19,19,0,fit: 2,fit: 2,,,,0,0,0,0,2,,
2026-05-20 17:18:46,48,19,19,0,"fit: 2, efit: 1",fit: 2,,,,0,0,0,0,2,,
2026-05-20 17:21:34,48,19,19,0,"fit: 2, efit: 2","fit: 2, efit: 1",,,,0,0,0,0,2,,
2026-05-20 17:39:15,48,19,19,0,"fit: 2, efit: 3","fit: 2, efit: 2",,,,0,0,0,0,2,,
2026-05-20 18:08:54,48,19,19,0,"fit: 2, efit: 4","fit: 2, efit: 3",,,,0,0,0,0,2,,
2026-05-20 18:28:57,48,19,19,0,"fit: 2, efit: 3","fit: 2, efit: 2",,,,0,0,0,0,2,,
2026-05-20 18:44:29,48,19,19,0,"fit: 2, efit: 2","fit: 2, efit: 1",,,,0,0,0,0,2,,
2026-05-20 19:16:54,48,19,19,0,"fit: 3, efit: 2","fit: 3, efit: 1",,,,0,0,0,0,2,,
2026-05-20 19:21:55,48,19,19,0,"fit: 3, efit: 1",fit: 3,,,,0,0,0,0,2,,
2026-05-20 19:34:07,48,19,19,0,"fit: 3, efit: 2","fit: 3, efit: 1",,,,0,0,0,0,2,,
2026-05-20 19:39:08,48,19,19,0,"fit: 3, efit: 1",fit: 3,,,,0,0,0,0,2,,
2026-05-20 19:44:09,48,19,19,0,"fit: 4, efit: 1",fit: 4,,,,0,0,0,0,2,,
2026-05-20 20:22:05,48,19,19,0,"fit: 4, efit: 2","fit: 4, efit: 1",,,,0,0,0,0,2,,
2026-05-20 20:42:09,48,19,19,0,"fit: 4, efit: 3","fit: 4, efit: 2",,,,0,0,0,0,2,,
2026-05-20 20:47:10,48,19,19,0,"fit: 4, efit: 4","fit: 4, efit: 3",,,,0,0,0,0,2,,
2026-05-20 21:49:28,48,19,19,0,"fit: 4, efit: 3","fit: 4, efit: 2",,,,0,0,0,0,2,,
2026-05-20 21:52:20,48,19,19,0,"fit: 4, efit: 4","fit: 4, efit: 3",,,,0,0,0,0,2,,
2026-05-20 21:59:30,48,19,19,0,"fit: 4, efit: 3","fit: 4, efit: 2",,,,0,0,0,0,2,,
2026-05-21 00:00:34,48,19,19,0,"fit: 4, efit: 3","fit: 4, efit: 2",,,,0,0,0,0,2,,
2026-05-21 00:52:50,48,19,19,0,"fit: 4, efit: 2","fit: 4, efit: 1",,,,0,0,0,0,2,,
2026-05-21 01:27:56,48,19,19,0,"fit: 4, efit: 3","fit: 4, efit: 2",,,,0,0,0,0,2,,
2026-05-21 01:47:59,48,19,19,0,"fit: 5, efit: 3","fit: 5, efit: 2",,,,0,0,0,0,2,,
2026-05-21 06:08:41,48,19,19,0,"fit: 5, efit: 2","fit: 5, efit: 2",,,,0,0,0,0,2,,
2026-05-21 08:00:59,48,19,19,0,"fit: 6, efit: 1","fit: 6, efit: 1",,,,0,0,0,0,2,,
2026-05-21 08:17:12,48,19,19,0,fit: 6,fit: 6,,,,0,0,0,0,2,,
2026-05-21 09:09:11,48,19,19,0,fit: 5,fit: 5,,,,0,0,0,0,2,,
2026-05-21 09:21:11,48,19,19,0,"fit: 5, efit: 1","fit: 5, efit: 1",,,,0,0,0,0,2,,
2026-05-21 09:24:14,48,19,19,0,"fit: 6, efit: 2","fit: 6, efit: 2",,,,0,0,0,0,2,,
2026-05-21 09:26:12,48,19,19,0,"fit: 7, efit: 3","fit: 7, efit: 3",,,,0,0,0,0,2,,
2026-05-21 09:44:17,48,19,19,0,"fit: 7, efit: 2","fit: 7, efit: 2",,,,0,0,0,0,2,,
2026-05-21 10:24:24,48,19,19,0,"fit: 7, efit: 1","fit: 7, efit: 1",,,,0,0,0,0,2,,
2026-05-21 10:52:44,48,19,19,0,fit: 7,fit: 7,,,,0,0,0,0,2,,
2026-05-21 11:22:51,48,19,19,0,fit: 6,fit: 6,,,,0,0,0,0,2,,
2026-05-21 11:51:34,48,19,19,0,fit: 5,fit: 5,,,,0,0,0,0,2,,
2026-05-21 12:14:42,48,19,19,0,fit: 6,fit: 6,,,,0,0,0,0,2,,
2026-05-21 12:21:38,48,19,19,0,"fit: 6, efit: 1","fit: 6, efit: 1",,,,0,0,0,0,2,,
2026-05-21 12:24:44,48,19,19,0,"fit: 7, efit: 2","fit: 7, efit: 2",,,,0,0,0,0,2,,
2026-05-21 12:29:45,48,19,19,0,"fit: 7, efit: 6","fit: 7, efit: 6",,,,0,0,0,0,2,,
2026-05-21 12:31:40,48,19,19,0,"fit: 7, efit: 5","fit: 7, efit: 5",,,,0,0,0,0,2,,
2026-05-21 12:56:44,48,19,19,0,"fit: 7, efit: 4","fit: 7, efit: 4",,,,0,0,0,0,2,,
2026-05-21 13:08:12,48,19,19,0,"fit: 7, efit: 3","fit: 7, efit: 3",,,,0,0,0,0,2,,
2026-05-21 13:18:14,48,19,19,0,"fit: 7, efit: 4","fit: 7, efit: 4",,,,0,0,0,0,2,,
2026-05-21 13:21:47,48,19,19,0,"fit: 7, efit: 5","fit: 7, efit: 5",,,,0,0,0,0,2,,
2026-05-21 13:23:15,48,19,19,0,"fit: 7, efit: 4","fit: 7, efit: 4",,,,0,0,0,0,2,,
2026-05-21 13:24:54,48,19,19,0,"fit: 7, efit: 1","fit: 7, efit: 1",,,,0,0,0,0,2,,
2026-05-21 13:53:21,48,19,19,0,"fit: 7, efit: 2","fit: 7, efit: 2",,,,0,0,0,0,2,,
2026-05-21 14:08:24,48,19,19,0,"fit: 7, efit: 3","fit: 7, efit: 3",,,,0,0,0,0,2,,
2026-05-21 14:43:32,48,19,19,0,"fit: 7, efit: 2","fit: 7, efit: 2",,,,0,0,0,0,2,,
2026-05-21 14:47:01,48,19,19,0,"fit: 7, efit: 1","fit: 7, efit: 1",,,,0,0,0,0,2,,
2026-05-21 14:50:10,48,19,19,0,fit: 7,fit: 7,,,,0,0,0,0,2,,
2026-05-21 15:13:38,48,19,19,0,"fit: 7, efit: 2","fit: 7, efit: 2",,,,0,0,0,0,2,,
2026-05-21 15:18:39,48,19,19,0,"fit: 7, efit: 3","fit: 7, efit: 3",,,,0,0,0,0,2,,
2026-05-21 15:20:15,48,19,19,0,"fit: 7, efit: 4","fit: 7, efit: 4",,,,0,0,0,0,2,,
2026-05-21 15:39:34,48,19,19,0,"fit: 7, efit: 5","fit: 7, efit: 5",,,,0,0,0,0,2,,
2026-05-21 16:00:22,48,19,19,0,"fit: 7, efit: 6","fit: 7, efit: 6",,,,0,0,0,0,2,,
2026-05-21 16:08:49,48,19,19,0,"fit: 7, efit: 7","fit: 7, efit: 7",,,,0,0,0,0,2,,
2026-05-21 16:28:53,48,19,19,0,"fit: 7, efit: 6","fit: 7, efit: 6",,,,0,0,0,0,2,,
2026-05-21 16:38:55,48,19,19,0,"fit: 7, efit: 7","fit: 7, efit: 7",,,,0,0,0,0,2,,
2026-05-21 16:44:43,48,19,19,0,"fit: 7, efit: 6","fit: 7, efit: 6",,,,0,0,0,0,2,,
2026-05-21 16:48:57,48,19,19,0,"fit: 7, efit: 5","fit: 7, efit: 5",,,,0,0,0,0,2,,
2026-05-21 16:53:58,48,19,19,0,"fit: 8, efit: 3","fit: 8, efit: 3",,,,0,0,0,0,2,,
2026-05-21 16:58:59,48,19,19,0,"fit: 9, efit: 3","fit: 9, efit: 3",,,,0,0,0,0,2,,
2026-05-21 17:00:33,48,19,19,0,"fit: 9, efit: 2","fit: 9, efit: 2",,,,0,0,0,0,2,,
2026-05-21 17:04:46,48,19,19,0,"fit: 10, efit: 2","fit: 10, efit: 2",,,,0,0,0,0,2,,
2026-05-21 17:05:34,48,19,19,0,"fit: 10, efit: 1","fit: 10, efit: 1",,,,0,0,0,0,2,,
2026-05-21 17:14:03,48,19,19,0,"fit: 11, efit: 1","fit: 11, efit: 1",,,,0,0,0,0,2,,
2026-05-21 17:35:40,48,19,19,0,"fit: 11, efit: 2","fit: 11, efit: 2",,,,0,0,0,0,2,,
2026-05-21 17:39:08,48,19,19,0,"fit: 11, efit: 1","fit: 11, efit: 1",,,,0,0,0,0,2,,
2026-05-21 17:55:44,48,19,19,0,"fit: 12, efit: 1","fit: 12, efit: 1",,,,0,0,0,0,2,,
2026-05-21 17:59:12,48,19,19,0,fit: 11,fit: 11,,,,0,0,0,0,2,,
2026-05-21 18:04:13,48,19,19,0,"fit: 12, efit: 1","fit: 12, efit: 1",,,,0,0,0,0,2,,
2026-05-21 18:09:14,48,19,19,0,fit: 12,fit: 12,,,,0,0,0,0,2,,
2026-05-21 18:10:46,48,19,19,0,fit: 11,fit: 11,,,,0,0,0,0,2,,
2026-05-21 18:24:57,48,19,19,0,"fit: 11, efit: 1","fit: 11, efit: 1",,,,0,0,0,0,2,,
2026-05-21 18:30:50,48,19,19,0,"fit: 11, efit: 2","fit: 11, efit: 2",,,,0,0,0,0,2,,
2026-05-21 18:34:20,48,19,19,0,fit: 11,fit: 11,,,,0,0,0,0,2,,
2026-05-21 18:34:59,48,19,19,0,fit: 10,fit: 10,,,,0,0,0,0,2,,
2026-05-21 18:39:21,48,19,19,0,"fit: 10, efit: 1","fit: 10, efit: 1",,,,0,0,0,0,2,,
2026-05-21 18:44:22,48,19,19,0,"fit: 10, efit: 2","fit: 10, efit: 2",,,,0,0,0,0,2,,
2026-05-21 18:49:23,48,19,19,0,fit: 10,fit: 10,,,,0,0,0,0,2,,
2026-05-21 18:54:24,48,19,19,0,fit: 9,fit: 9,,,,0,0,0,0,2,,
2026-05-21 19:09:27,48,19,19,0,"fit: 9, efit: 1","fit: 9, efit: 1",,,,0,0,0,0,2,,
2026-05-21 19:19:29,48,19,19,0,"fit: 10, efit: 1","fit: 10, efit: 1",,,,0,0,0,0,2,,
2026-05-21 19:29:32,48,19,19,0,fit: 10,fit: 10,,,,0,0,0,0,2,,
2026-05-21 19:30:07,48,19,19,0,"fit: 10, efit: 1","fit: 10, efit: 1",,,,0,0,0,0,2,,
2026-05-21 19:34:33,48,19,19,0,fit: 10,fit: 10,,,,0,0,0,0,2,,
2026-05-21 19:39:34,48,19,19,0,"fit: 11, efit: 1","fit: 11, efit: 1",,,,0,0,0,0,2,,
2026-05-21 19:49:36,48,19,19,0,"fit: 11, efit: 2","fit: 11, efit: 2",,,,0,0,0,0,2,,
2026-05-21 20:04:39,48,19,19,0,"fit: 11, efit: 3","fit: 11, efit: 3",,,,0,0,0,0,2,,
2026-05-21 20:09:40,48,19,19,0,"fit: 11, efit: 2","fit: 11, efit: 2",,,,0,0,0,0,2,,
2026-05-21 20:25:15,48,19,19,0,"fit: 11, efit: 1","fit: 11, efit: 1",,,,0,0,0,0,2,,
2026-05-21 20:44:48,48,19,19,0,fit: 12,fit: 12,,,,0,0,0,0,2,,
2026-05-21 20:54:50,48,19,19,0,"fit: 12, efit: 1","fit: 12, efit: 1",,,,0,0,0,0,2,,
2026-05-21 21:14:54,48,19,19,0,fit: 12,fit: 12,,,,0,0,0,0,2,,
2026-05-21 21:31:23,48,19,19,0,"fit: 12, efit: 1","fit: 12, efit: 1",,,,0,0,0,0,2,,
2026-05-21 21:34:58,48,19,19,0,"fit: 12, efit: 4","fit: 12, efit: 4",,,,0,0,0,0,2,,
2026-05-21 22:50:14,48,19,19,0,"fit: 12, efit: 5","fit: 12, efit: 5",,,,0,0,0,0,2,,
2026-05-21 23:10:19,48,19,19,0,"fit: 12, efit: 3","fit: 12, efit: 3",,,,0,0,0,0,2,,
2026-05-21 23:20:21,48,19,19,0,"fit: 12, efit: 2","fit: 12, efit: 2",,,,0,0,0,0,2,,
2026-05-21 23:40:25,48,19,19,0,"fit: 12, efit: 3","fit: 12, efit: 3",,,,0,0,0,0,2,,
2026-05-22 00:00:29,48,19,19,0,"fit: 12, efit: 3","fit: 12, efit: 3",,,,0,0,0,0,2,,
2026-05-22 00:36:55,48,19,19,0,"fit: 12, efit: 2","fit: 12, efit: 2",,,,0,0,0,0,2,,
2026-05-22 05:31:27,48,19,19,0,"fit: 12, efit: 3","fit: 12, efit: 3",,,,0,0,0,0,2,,
2026-05-22 06:51:38,48,19,19,0,"fit: 12, efit: 4","fit: 12, efit: 4",,,,0,0,0,0,2,,
2026-05-22 07:36:44,48,19,19,0,"fit: 12, efit: 3","fit: 12, efit: 3",,,,0,0,0,0,2,,
2026-05-22 07:48:08,48,19,19,0,"fit: 12, efit: 2","fit: 12, efit: 2",,,,0,0,0,0,2,,
2026-05-22 07:51:46,48,19,19,0,"fit: 12, efit: 1","fit: 12, efit: 1",,,,0,0,0,0,2,,
2026-05-22 08:36:52,48,19,19,0,"fit: 9, efit: 8","fit: 9, efit: 8",,,,0,0,0,0,2,,
2026-05-22 08:38:16,48,19,19,0,"fit: 7, efit: 8","fit: 7, efit: 8",,,,0,0,0,0,2,,
2026-05-22 08:41:54,48,19,19,0,"fit: 3, efit: 8","fit: 3, efit: 8",,,,0,0,0,0,2,,
2026-05-22 08:51:58,48,19,19,0,"fit: 3, efit: 7","fit: 3, efit: 7",,,,0,0,0,0,2,,
2026-05-22 08:56:59,48,19,19,0,"fit: 3, efit: 8","fit: 3, efit: 8",,,,0,0,0,0,2,,
2026-05-22 09:03:21,48,19,19,0,"fit: 3, efit: 6","fit: 3, efit: 6",,,,0,0,0,0,2,,
2026-05-22 09:37:04,48,19,19,0,"fit: 3, efit: 5","fit: 3, efit: 5",,,,0,0,0,0,2,,
2026-05-22 09:47:06,48,19,19,0,"fit: 3, efit: 6","fit: 3, efit: 6",,,,0,0,0,0,2,,
2026-05-22 10:23:35,48,19,19,0,"fit: 4, efit: 5","fit: 4, efit: 5",,,,0,0,0,0,2,,
2026-05-22 10:27:11,48,19,19,0,"fit: 4, efit: 4","fit: 4, efit: 4",,,,0,0,0,0,2,,
2026-05-22 10:43:38,48,19,19,0,"fit: 5, efit: 3","fit: 5, efit: 3",,,,0,0,0,0,2,,
2026-05-22 11:12:17,48,19,19,0,"fit: 6, efit: 2","fit: 6, efit: 2",,,,0,0,0,0,2,,
2026-05-22 11:37:21,48,19,19,0,fit: 6,fit: 6,,,,0,0,0,0,2,,
2026-05-22 12:23:55,48,19,19,0,"fit: 6, efit: 1","fit: 6, efit: 1",,,,0,0,0,0,2,,
2026-05-22 12:33:00,48,19,19,0,fit: 6,fit: 6,,,,0,0,0,0,2,,
2026-05-22 12:33:57,48,19,19,0,"fit: 6, efit: 1","fit: 6, efit: 1",,,,0,0,0,0,2,,
2026-05-22 12:43:59,48,19,19,0,fit: 6,fit: 6,,,,0,0,0,0,2,,
2026-05-22 12:47:30,48,19,19,0,fit: 5,fit: 5,,,,0,0,0,0,2,,
2026-05-22 12:48:03,48,19,19,0,fit: 6,fit: 6,,,,0,0,0,0,2,,
2026-05-22 12:52:32,48,19,19,0,"fit: 6, efit: 1","fit: 6, efit: 1",,,,0,0,0,0,2,,
2026-05-22 12:59:02,48,19,19,0,fit: 6,fit: 6,,,,0,0,0,0,2,,
2026-05-22 13:12:36,48,19,19,0,fit: 4,fit: 4,,,,0,0,0,0,2,,
2026-05-22 13:19:05,48,19,19,0,"fit: 4, efit: 1","fit: 4, efit: 1",,,,0,0,0,0,2,,
2026-05-22 14:03:19,48,19,19,0,fit: 4,fit: 4,,,,0,0,0,0,2,,
2026-05-22 14:12:45,48,19,19,0,fit: 3,fit: 3,,,,0,0,0,0,2,,
2026-05-22 14:27:47,48,19,19,0,"fit: 3, efit: 1","fit: 3, efit: 1",,,,0,0,0,0,2,,
2026-05-22 14:32:48,48,19,19,0,"fit: 3, efit: 3","fit: 3, efit: 3",,,,0,0,0,0,2,,
2026-05-22 14:37:48,48,19,19,0,"fit: 3, efit: 2","fit: 3, efit: 2",,,,0,0,0,0,2,,
2026-05-22 14:39:19,48,19,19,0,"fit: 3, efit: 3","fit: 3, efit: 3",,,,0,0,0,0,2,,
2026-05-22 14:57:54,48,19,19,0,"fit: 3, efit: 4","fit: 3, efit: 4",,,,0,0,0,0,2,,
2026-05-22 15:07:55,48,19,19,0,"fit: 3, efit: 5","fit: 3, efit: 5",,,,0,0,0,0,2,,
2026-05-22 15:12:56,48,19,19,0,"fit: 3, efit: 4","fit: 3, efit: 4",,,,0,0,0,0,2,,
2026-05-22 15:32:59,48,19,19,0,"fit: 3, efit: 5","fit: 3, efit: 5",,,,0,0,0,0,2,,
2026-05-22 15:37:59,48,19,19,0,"fit: 3, efit: 4","fit: 3, efit: 4",,,,0,0,0,0,2,,
2026-05-22 15:44:31,48,19,19,0,"fit: 3, efit: 3","fit: 3, efit: 3",,,,0,0,0,0,2,,
2026-05-22 16:08:04,48,19,19,0,"fit: 3, efit: 4","fit: 3, efit: 4",,,,0,0,0,0,2,,
2026-05-22 16:14:36,48,19,19,0,"fit: 3, efit: 5","fit: 3, efit: 5",,,,0,0,0,0,2,,
2026-05-22 16:18:05,48,19,19,0,"fit: 3, efit: 4","fit: 3, efit: 4",,,,0,0,0,0,2,,
2026-05-22 16:53:10,48,19,19,0,"fit: 3, efit: 3","fit: 3, efit: 3",,,,0,0,0,0,2,,
2026-05-22 17:23:14,48,19,19,0,"fit: 3, efit: 2","fit: 3, efit: 2",,,,0,0,0,0,2,,
2026-05-22 17:49:53,48,19,19,0,"fit: 3, efit: 3","fit: 3, efit: 3",,,,0,0,0,0,2,,
2026-05-22 18:03:20,48,19,19,0,"fit: 3, efit: 2","fit: 3, efit: 2",,,,0,0,0,0,2,,
2026-05-22 19:40:15,48,19,19,0,"fit: 3, efit: 1","fit: 3, efit: 1",,,,0,0,0,0,2,,
2026-05-22 19:48:34,48,19,19,0,fit: 3,fit: 3,,,,0,0,0,0,2,,
2026-05-22 22:08:53,48,19,19,0,"fit: 3, efit: 1","fit: 3, efit: 1",,,,0,0,0,0,2,,
2026-05-22 22:38:56,48,19,19,0,"fit: 3, efit: 2","fit: 3, efit: 2",,,,0,0,0,0,2,,
2026-05-23 00:00:21,48,19,19,0,"fit: 3, efit: 2","fit: 3, efit: 2",,,,0,0,0,0,2,,
2026-05-23 00:29:11,48,19,19,0,"fit: 3, efit: 3","fit: 3, efit: 3",,,,0,0,0,0,2,,
2026-05-23 09:17:11,48,19,19,0,"fit: 3, efit: 2","fit: 3, efit: 2",,,,0,0,0,0,2,,
2026-05-23 09:35:23,48,19,19,0,"fit: 3, efit: 1","fit: 3, efit: 1",,,,0,0,0,0,2,,
2026-05-23 09:52:17,48,19,19,0,fit: 3,fit: 3,,,,0,0,0,0,2,,
2026-05-23 10:22:46,48,19,19,0,"fit: 3, efit: 1","fit: 3, efit: 1",,,,0,0,0,0,2,,
2026-05-23 10:25:30,48,19,19,0,fit: 3,fit: 3,,,,0,0,0,0,2,,
2026-05-23 10:50:34,48,19,19,0,fit: 2,fit: 2,,,,0,0,0,0,2,,
2026-05-23 10:52:29,48,19,19,0,fit: 1,fit: 1,,,,0,0,0,0,2,,
2026-05-23 10:52:51,48,19,19,0,,,,,,0,0,0,0,2,,
2026-05-23 11:40:40,48,19,19,0,"fit: 1, efit: 1","fit: 1, efit: 1",,,,0,0,0,0,2,,
2026-05-23 12:37:50,48,19,19,0,fit: 1,fit: 1,,,,0,0,0,0,2,,
2026-05-23 12:42:51,48,19,19,0,,,,,,0,0,0,0,2,,
2026-05-23 13:50:58,48,19,19,0,efit: 1,efit: 1,,,,0,0,0,0,2,,
2026-05-23 14:18:10,48,19,19,0,efit: 2,efit: 2,,,,0,0,0,0,2,,
2026-05-23 14:23:11,48,19,19,0,efit: 3,efit: 3,,,,0,0,0,0,2,,
2026-05-23 14:38:14,48,19,19,0,efit: 6,efit: 6,,,,0,0,0,0,2,,
2026-05-23 14:41:05,48,19,19,0,efit: 10,efit: 10,,,,0,0,0,0,2,,
2026-05-23 14:43:15,48,19,19,0,"fit: 1, efit: 11","fit: 1, efit: 11",,,,0,0,0,0,2,,
2026-05-23 14:43:31,48,19,19,0,"fit: 1, efit: 10","fit: 1, efit: 10",,,,0,0,0,0,2,,
2026-05-23 14:46:06,48,19,19,0,"fit: 2, efit: 10","fit: 2, efit: 10",,,,0,0,0,0,2,,
2026-05-23 15:13:21,48,19,19,0,"fit: 2, efit: 8","fit: 2, efit: 8",,,,0,0,0,0,2,,
2026-05-23 15:18:22,48,19,19,0,"fit: 2, efit: 9","fit: 2, efit: 9",,,,0,0,0,0,2,,
2026-05-23 15:46:14,48,19,19,0,"fit: 2, efit: 8","fit: 2, efit: 8",,,,0,0,0,0,2,,
2026-05-23 16:01:16,48,19,19,0,"fit: 2, efit: 9","fit: 2, efit: 9",,,,0,0,0,0,2,,
2026-05-23 16:16:18,48,19,19,0,"fit: 2, efit: 10","fit: 2, efit: 10",,,,0,0,0,0,2,,
2026-05-23 16:23:35,48,19,19,0,"fit: 2, efit: 11","fit: 2, efit: 11",,,,0,0,0,0,2,,
2026-05-23 16:28:36,48,19,19,0,"fit: 2, efit: 10","fit: 2, efit: 10",,,,0,0,0,0,2,,
2026-05-23 16:38:38,48,19,19,0,"fit: 2, efit: 9","fit: 2, efit: 9",,,,0,0,0,0,2,,
2026-05-23 16:43:39,48,19,19,0,"fit: 2, efit: 10","fit: 2, efit: 10",,,,0,0,0,0,2,,
2026-05-23 16:58:42,48,19,19,0,"fit: 2, efit: 9","fit: 2, efit: 9",,,,0,0,0,0,2,,
2026-05-23 17:13:45,48,19,19,0,"fit: 2, efit: 8","fit: 2, efit: 8",,,,0,0,0,0,2,,
2026-05-23 17:48:52,48,19,19,0,"fit: 1, efit: 8","fit: 1, efit: 8",,,,0,0,0,0,2,,
2026-05-23 17:49:02,48,19,19,0,"fit: 1, efit: 9","fit: 1, efit: 9",,,,0,0,0,0,2,,
2026-05-23 17:53:53,48,19,19,0,"fit: 1, efit: 8","fit: 1, efit: 8",,,,0,0,0,0,2,,
2026-05-23 17:56:32,48,19,19,0,"fit: 2, efit: 8","fit: 2, efit: 8",,,,0,0,0,0,2,,
2026-05-23 18:08:56,48,19,19,0,"fit: 2, efit: 9","fit: 2, efit: 9",,,,0,0,0,0,2,,
2026-05-23 18:36:37,48,19,19,0,"fit: 2, efit: 8","fit: 2, efit: 8",,,,0,0,0,0,2,,
2026-05-23 18:46:38,48,19,19,0,"fit: 2, efit: 10","fit: 2, efit: 10",,,,0,0,0,0,2,,
2026-05-23 18:49:04,48,19,19,0,"fit: 2, efit: 11","fit: 2, efit: 11",,,,0,0,0,0,2,,
2026-05-23 19:19:10,48,19,19,0,"fit: 2, efit: 12","fit: 2, efit: 12",,,,0,0,0,0,2,,
2026-05-23 19:39:14,48,19,19,0,"fit: 2, efit: 11","fit: 2, efit: 11",,,,0,0,0,0,2,,
2026-05-23 19:41:46,48,19,19,0,"fit: 2, efit: 12","fit: 2, efit: 12",,,,0,0,0,0,2,,
2026-05-23 19:54:17,48,19,19,0,"fit: 2, efit: 13","fit: 2, efit: 13",,,,0,0,0,0,2,,
2026-05-23 19:56:48,48,19,19,0,"fit: 2, efit: 12","fit: 2, efit: 12",,,,0,0,0,0,2,,
2026-05-23 20:09:20,48,19,19,0,"fit: 2, efit: 13","fit: 2, efit: 13",,,,0,0,0,0,2,,
2026-05-23 20:56:56,48,19,19,0,"fit: 2, efit: 12","fit: 2, efit: 12",,,,0,0,0,0,2,,
2026-05-23 21:37:02,48,19,19,0,"fit: 2, efit: 13","fit: 2, efit: 13",,,,0,0,0,0,2,,
2026-05-23 21:52:04,48,19,19,0,"fit: 2, efit: 14","fit: 2, efit: 14",,,,0,0,0,0,2,,
2026-05-23 22:39:49,48,19,19,0,"fit: 2, efit: 15","fit: 2, efit: 15",,,,0,0,0,0,2,,
2026-05-23 23:52:19,48,19,19,0,"fit: 2, efit: 16","fit: 2, efit: 16",,,,0,0,0,0,2,,
