Date Time,Station ID,Expected Station Size,Total Docks Installed,Number of Faulty Docks,Total Bikes At Station Per Model,Number of Available Bikes Per Model,Number of Inoperative Bikes Per Model,Geofence Occupancy Ratio,Geofence Capacity,Geofence Total Bikes,Geofence Available Bikes,Geofence Operative Bikes,Geofence Inoperative Bikes,Station Groups,Station Cluster,Station Crown
2025-11-30 00:01:54,27,15,15,0,fit: 5,fit: 5,,,,0,0,0,0,1,,
2025-11-30 01:13:59,27,15,15,0,"fit: 6, efit: 1","fit: 6, efit: 1",,,,0,0,0,0,1,,
2025-11-30 16:22:41,27,15,15,0,fit: 6,fit: 6,,,,0,0,0,0,1,,
2025-12-01 00:01:54,27,15,15,0,fit: 6,fit: 6,,,,0,0,0,0,1,,
2025-12-01 08:28:07,27,15,15,0,"fit: 6, efit: 1","fit: 6, efit: 1",,,,0,0,0,0,1,,
2025-12-01 11:14:12,27,15,15,0,fit: 6,fit: 6,,,,0,0,0,0,1,,
2025-12-01 12:16:18,27,15,15,0,fit: 5,fit: 5,,,,0,0,0,0,1,,
2025-12-01 13:01:27,27,15,15,0,fit: 4,fit: 4,,,,0,0,0,0,1,,
2025-12-02 00:00:14,27,15,15,0,fit: 4,fit: 4,,,,0,0,0,0,1,,
2025-12-02 10:44:08,27,15,15,0,fit: 2,fit: 2,,,,0,0,0,0,1,,
2025-12-02 10:45:26,27,15,15,0,,,,,,0,0,0,0,1,,
2025-12-02 10:51:41,27,15,15,0,fit: 4,fit: 4,,,,0,0,0,0,1,,
2025-12-03 00:01:57,27,15,15,0,fit: 4,fit: 4,,,,0,0,0,0,1,,
2025-12-03 11:17:39,27,15,15,0,fit: 3,fit: 3,,,,0,0,0,0,1,,
2025-12-04 00:01:00,27,15,15,0,fit: 3,fit: 3,,,,0,0,0,0,1,,
2025-12-05 00:00:11,27,15,15,0,fit: 3,fit: 3,,,,0,0,0,0,1,,
2025-12-05 11:02:29,27,15,15,0,"fit: 3, efit: 1","fit: 3, efit: 1",,,,0,0,0,0,1,,
2025-12-05 11:18:55,27,15,15,0,fit: 3,fit: 3,,,,0,0,0,0,1,,
2025-12-05 21:08:22,27,15,15,0,fit: 2,fit: 2,,,,0,0,0,0,1,,
2025-12-06 00:00:16,27,15,15,0,fit: 2,fit: 2,,,,0,0,0,0,1,,
2025-12-07 00:00:16,27,15,15,0,fit: 2,fit: 2,,,,0,0,0,0,1,,
2025-12-07 12:00:14,27,15,15,0,"fit: 2, efit: 8",fit: 2,,,,0,0,0,0,1,,
2025-12-07 12:00:52,27,15,15,0,"fit: 2, efit: 8","fit: 2, efit: 2",,,,0,0,0,0,1,,
2025-12-07 12:02:48,27,15,15,0,"fit: 2, efit: 9",fit: 2,,,,0,0,0,0,1,,
2025-12-07 12:37:55,27,15,15,0,"fit: 2, efit: 9","fit: 2, efit: 1",,,,0,0,0,0,1,,
2025-12-07 13:08:02,27,15,15,0,"fit: 2, efit: 9",fit: 2,,,,0,0,0,0,1,,
2025-12-07 13:10:27,27,15,15,0,"fit: 2, efit: 9","fit: 2, efit: 1",,,,0,0,0,0,1,,
2025-12-07 13:40:32,27,15,15,0,"fit: 2, efit: 9","fit: 2, efit: 5",,,,0,0,0,0,1,,
2025-12-07 14:10:38,27,15,15,0,"fit: 2, efit: 9","fit: 2, efit: 8",,,,0,0,0,0,1,,
2025-12-07 14:40:44,27,15,15,0,"fit: 2, efit: 9","fit: 2, efit: 9",,,,0,0,0,0,1,,
2025-12-08 00:00:20,27,15,15,0,"fit: 2, efit: 9","fit: 2, efit: 9",,,,0,0,0,0,1,,
2025-12-08 11:18:57,27,15,15,0,"fit: 2, efit: 8","fit: 2, efit: 8",,,,0,0,0,0,1,,
2025-12-09 00:00:29,27,15,15,0,"fit: 2, efit: 8","fit: 2, efit: 8",,,,0,0,0,0,1,,
2025-12-09 08:36:52,27,15,15,0,"fit: 2, efit: 9","fit: 2, efit: 9",,,,0,0,0,0,1,,
2025-12-09 11:22:15,27,15,15,0,"fit: 2, efit: 8","fit: 2, efit: 8",,,,0,0,0,0,1,,
2025-12-09 11:57:20,27,15,15,0,"fit: 2, efit: 7","fit: 2, efit: 7",,,,0,0,0,0,1,,
2025-12-09 12:43:07,27,15,15,0,"fit: 2, efit: 8","fit: 2, efit: 8",,,,0,0,0,0,1,,
2025-12-09 15:39:19,27,15,15,0,"fit: 2, efit: 7","fit: 2, efit: 7",,,,0,0,0,0,1,,
2025-12-09 16:48:01,27,15,15,0,"fit: 2, efit: 6","fit: 2, efit: 6",,,,0,0,0,0,1,,
2025-12-09 20:35:12,27,15,15,0,"fit: 2, efit: 5","fit: 2, efit: 5",,,,0,0,0,0,1,,
2025-12-10 00:00:30,27,15,15,0,"fit: 2, efit: 5","fit: 2, efit: 5",,,,0,0,0,0,1,,
2025-12-10 11:22:45,27,15,15,0,"fit: 2, efit: 4","fit: 2, efit: 4",,,,0,0,0,0,1,,
2025-12-10 16:46:21,27,15,15,0,"fit: 2, efit: 5","fit: 2, efit: 5",,,,0,0,0,0,1,,
2025-12-11 00:00:27,27,15,15,0,"fit: 2, efit: 5","fit: 2, efit: 5",,,,0,0,0,0,1,,
2025-12-11 08:31:29,27,15,15,0,"fit: 2, efit: 6","fit: 2, efit: 6",,,,0,0,0,0,1,,
2025-12-11 12:12:08,27,15,15,0,"fit: 2, efit: 5","fit: 2, efit: 5",,,,0,0,0,0,1,,
2025-12-11 13:13:14,27,15,15,0,"fit: 2, efit: 6","fit: 2, efit: 6",,,,0,0,0,0,1,,
2025-12-11 15:38:44,27,15,15,0,"fit: 2, efit: 5","fit: 2, efit: 5",,,,0,0,0,0,1,,
2025-12-12 00:02:32,27,15,15,0,"fit: 2, efit: 5","fit: 2, efit: 5",,,,0,0,0,0,1,,
2025-12-12 11:24:12,27,15,15,0,"fit: 2, efit: 4","fit: 2, efit: 4",,,,0,0,0,0,1,,
2025-12-12 16:37:52,27,15,15,0,"fit: 2, efit: 3","fit: 2, efit: 3",,,,0,0,0,0,1,,
2025-12-13 00:01:01,27,15,15,0,"fit: 2, efit: 3","fit: 2, efit: 3",,,,0,0,0,0,1,,
2025-12-13 14:33:03,27,15,15,0,"fit: 2, efit: 4","fit: 2, efit: 4",,,,0,0,0,0,1,,
2025-12-13 14:33:17,27,15,15,0,"fit: 2, efit: 5","fit: 2, efit: 5",,,,0,0,0,0,1,,
2025-12-13 20:59:49,27,15,15,0,"fit: 2, efit: 6","fit: 2, efit: 6",,,,0,0,0,0,1,,
2025-12-14 00:00:34,27,15,15,0,"fit: 2, efit: 6","fit: 2, efit: 6",,,,0,0,0,0,1,,
2025-12-15 00:01:19,27,15,15,0,"fit: 2, efit: 6","fit: 2, efit: 6",,,,0,0,0,0,1,,
2025-12-15 11:18:56,27,15,15,0,"fit: 2, efit: 5","fit: 2, efit: 5",,,,0,0,0,0,1,,
2025-12-16 00:02:01,27,15,15,0,"fit: 2, efit: 5","fit: 2, efit: 5",,,,0,0,0,0,1,,
2025-12-16 02:04:09,27,15,15,0,"fit: 2, efit: 5","fit: 2, efit: 4",,,,0,0,0,0,1,,
2025-12-16 03:57:59,27,15,15,0,"fit: 2, efit: 5","fit: 2, efit: 5",,,,0,0,0,0,1,,
2025-12-16 03:59:29,27,15,15,0,"fit: 2, efit: 5","fit: 2, efit: 4",,,,0,0,0,0,1,,
2025-12-16 09:08:26,27,15,15,0,"fit: 2, efit: 6","fit: 2, efit: 4",,,,0,0,0,0,1,,
2025-12-16 10:08:35,27,15,15,0,"fit: 2, efit: 6","fit: 2, efit: 5",,,,0,0,0,0,1,,
2025-12-16 11:18:46,27,15,15,0,"fit: 2, efit: 5","fit: 2, efit: 4",,,,0,0,0,0,1,,
2025-12-16 17:14:43,27,15,15,0,"fit: 2, efit: 4","fit: 2, efit: 3",,,,0,0,0,0,1,,
2025-12-16 23:15:40,27,15,15,0,"fit: 2, efit: 4","fit: 2, efit: 4",,,,0,0,0,0,1,,
2025-12-17 00:00:47,27,15,15,0,"fit: 2, efit: 4","fit: 2, efit: 4",,,,0,0,0,0,1,,
2025-12-17 08:33:45,27,15,15,0,"fit: 2, efit: 5","fit: 2, efit: 5",,,,0,0,0,0,1,,
2025-12-17 11:29:51,27,15,15,0,"fit: 2, efit: 4","fit: 2, efit: 4",,,,0,0,0,0,1,,
2025-12-17 11:37:37,27,15,15,0,"fit: 2, efit: 3","fit: 2, efit: 3",,,,0,0,0,0,1,,
2025-12-17 12:42:48,27,15,15,0,"fit: 2, efit: 4","fit: 2, efit: 4",,,,0,0,0,0,1,,
2025-12-17 13:42:58,27,15,15,0,"fit: 2, efit: 5","fit: 2, efit: 5",,,,0,0,0,0,1,,
2025-12-17 13:54:50,27,15,15,0,"fit: 2, efit: 4","fit: 2, efit: 4",,,,0,0,0,0,1,,
2025-12-17 15:23:14,27,15,15,0,"fit: 2, efit: 3","fit: 2, efit: 3",,,,0,0,0,0,1,,
2025-12-17 20:23:59,27,15,15,0,"fit: 2, efit: 4","fit: 2, efit: 4",,,,0,0,0,0,1,,
2025-12-18 00:01:53,27,15,15,0,"fit: 2, efit: 4","fit: 2, efit: 4",,,,0,0,0,0,1,,
2025-12-18 06:50:36,27,15,15,0,"fit: 1, efit: 4","fit: 1, efit: 4",,,,0,0,0,0,1,,
2025-12-18 08:30:51,27,15,15,0,"fit: 1, efit: 5","fit: 1, efit: 5",,,,0,0,0,0,1,,
2025-12-18 12:04:00,27,15,15,0,"fit: 1, efit: 4","fit: 1, efit: 4",,,,0,0,0,0,1,,
2025-12-18 12:16:25,27,15,15,0,"fit: 1, efit: 5","fit: 1, efit: 5",,,,0,0,0,0,1,,
2025-12-18 12:56:31,27,15,15,0,"fit: 1, efit: 6","fit: 1, efit: 6",,,,0,0,0,0,1,,
2025-12-18 13:21:35,27,15,15,0,"fit: 1, efit: 7","fit: 1, efit: 7",,,,0,0,0,0,1,,
2025-12-18 13:29:15,27,15,15,0,"fit: 1, efit: 6","fit: 1, efit: 6",,,,0,0,0,0,1,,
2025-12-18 15:39:37,27,15,15,0,"fit: 1, efit: 5","fit: 1, efit: 5",,,,0,0,0,0,1,,
2025-12-18 16:04:41,27,15,15,0,"fit: 1, efit: 4","fit: 1, efit: 4",,,,0,0,0,0,1,,
2025-12-18 19:30:16,27,15,15,0,"fit: 1, efit: 3","fit: 1, efit: 3",,,,0,0,0,0,1,,
2025-12-18 20:20:25,27,15,15,0,"fit: 1, efit: 4","fit: 1, efit: 4",,,,0,0,0,0,1,,
2025-12-19 00:01:04,27,15,15,0,"fit: 1, efit: 4","fit: 1, efit: 4",,,,0,0,0,0,1,,
2025-12-19 11:17:56,27,15,15,0,"fit: 3, efit: 5","fit: 3, efit: 5",,,,0,0,0,0,1,,
2025-12-19 17:18:55,27,15,15,0,"fit: 3, efit: 6","fit: 3, efit: 6",,,,0,0,0,0,1,,
2025-12-19 17:30:54,27,15,15,0,"fit: 3, efit: 5","fit: 3, efit: 5",,,,0,0,0,0,1,,
2025-12-20 00:00:01,27,15,15,0,"fit: 3, efit: 5","fit: 3, efit: 5",,,,0,0,0,0,1,,
2025-12-20 19:24:49,27,15,15,0,"fit: 3, efit: 4","fit: 3, efit: 4",,,,0,0,0,0,1,,
2025-12-20 19:28:13,27,15,15,0,"fit: 3, efit: 5","fit: 3, efit: 5",,,,0,0,0,0,1,,
2025-12-21 00:00:31,27,15,15,0,"fit: 3, efit: 5","fit: 3, efit: 5",,,,0,0,0,0,1,,
2025-12-21 16:21:35,27,15,15,0,"fit: 3, efit: 3","fit: 3, efit: 3",,,,0,0,0,0,1,,
2025-12-22 00:01:04,27,15,15,0,"fit: 3, efit: 3","fit: 3, efit: 3",,,,0,0,0,0,1,,
2025-12-22 14:31:21,27,15,15,0,"fit: 3, efit: 4","fit: 3, efit: 4",,,,0,0,0,0,1,,
2025-12-23 00:00:55,27,15,15,0,"fit: 3, efit: 4","fit: 3, efit: 4",,,,0,0,0,0,1,,
2025-12-23 07:12:22,27,15,15,0,"fit: 3, efit: 3","fit: 3, efit: 3",,,,0,0,0,0,1,,
2025-12-23 18:49:41,27,15,15,0,"fit: 3, efit: 2","fit: 3, efit: 2",,,,0,0,0,0,1,,
2025-12-24 00:00:37,27,15,15,0,"fit: 3, efit: 2","fit: 3, efit: 2",,,,0,0,0,0,1,,
2025-12-25 00:00:25,27,15,15,0,"fit: 3, efit: 2","fit: 3, efit: 2",,,,0,0,0,0,1,,
2025-12-25 23:53:22,27,15,15,0,"fit: 3, efit: 3","fit: 3, efit: 3",,,,0,0,0,0,1,,
2025-12-26 00:00:14,27,15,15,0,"fit: 3, efit: 3","fit: 3, efit: 3",,,,0,0,0,0,1,,
2025-12-26 17:16:10,27,15,15,0,"fit: 3, efit: 2","fit: 3, efit: 2",,,,0,0,0,0,1,,
2025-12-27 00:00:05,27,15,15,0,"fit: 3, efit: 2","fit: 3, efit: 2",,,,0,0,0,0,1,,
2025-12-27 00:37:16,27,15,15,0,"fit: 3, efit: 3","fit: 3, efit: 3",,,,0,0,0,0,1,,
2025-12-27 16:53:28,27,15,15,0,"fit: 3, efit: 2","fit: 3, efit: 2",,,,0,0,0,0,1,,
2025-12-28 00:00:49,27,15,15,0,"fit: 3, efit: 2","fit: 3, efit: 2",,,,0,0,0,0,1,,
2025-12-28 11:12:10,27,15,15,0,"fit: 3, efit: 8","fit: 3, efit: 3",efit: 1,,,0,0,0,0,1,,
2025-12-28 11:13:01,27,15,15,0,"fit: 3, efit: 8","fit: 3, efit: 3",,,,0,0,0,0,1,,
2025-12-28 11:37:34,27,15,15,0,"fit: 3, efit: 8","fit: 3, efit: 4",,,,0,0,0,0,1,,
2025-12-28 11:52:18,27,15,15,0,"fit: 3, efit: 8","fit: 3, efit: 6",,,,0,0,0,0,1,,
2025-12-28 12:22:24,27,15,15,0,"fit: 3, efit: 8","fit: 3, efit: 8",,,,0,0,0,0,1,,
2025-12-28 16:48:17,27,15,15,0,"fit: 3, efit: 9","fit: 3, efit: 9",,,,0,0,0,0,1,,
2025-12-29 00:00:07,27,15,15,0,"fit: 3, efit: 9","fit: 3, efit: 9",,,,0,0,0,0,1,,
2025-12-30 00:01:25,27,15,15,0,"fit: 3, efit: 9","fit: 3, efit: 9",,,,0,0,0,0,1,,
2025-12-31 00:00:05,27,15,15,0,"fit: 3, efit: 9","fit: 3, efit: 9",,,,0,0,0,0,1,,
2026-01-01 00:01:50,27,15,15,0,"fit: 3, efit: 9","fit: 3, efit: 9",,,,0,0,0,0,1,,
2026-01-02 00:00:46,27,15,15,0,"fit: 3, efit: 9","fit: 3, efit: 9",,,,0,0,0,0,1,,
2026-01-03 00:01:06,27,15,15,0,"fit: 3, efit: 9","fit: 3, efit: 9",,,,0,0,0,0,1,,
2026-01-03 23:24:40,27,15,15,0,"fit: 3, efit: 9","fit: 3, efit: 8",,,,0,0,0,0,1,,
2026-01-04 00:03:35,27,15,15,0,"fit: 3, efit: 9","fit: 3, efit: 8",,,,0,0,0,0,1,,
2026-01-04 13:35:50,27,15,15,0,"fit: 3, efit: 9","fit: 3, efit: 7",,,,0,0,0,0,1,,
2026-01-04 21:47:12,27,15,15,0,"fit: 3, efit: 9","fit: 3, efit: 6",,,,0,0,0,0,1,,
2026-01-04 22:32:19,27,15,15,0,"fit: 3, efit: 9","fit: 3, efit: 5",,,,0,0,0,0,1,,
2026-01-05 00:02:34,27,15,15,0,"fit: 3, efit: 9","fit: 3, efit: 5",,,,0,0,0,0,1,,
2026-01-05 00:17:37,27,15,15,0,"fit: 3, efit: 9","fit: 3, efit: 4",,,,0,0,0,0,1,,
2026-01-05 00:37:40,27,15,15,0,"fit: 3, efit: 9","fit: 3, efit: 4",efit: 1,,,0,0,0,0,1,,
2026-01-05 01:02:44,27,15,15,0,"fit: 3, efit: 9","fit: 3, efit: 4",,,,0,0,0,0,1,,
2026-01-05 01:08:36,27,15,15,0,"fit: 3, efit: 9","fit: 3, efit: 4",efit: 1,,,0,0,0,0,1,,
2026-01-05 02:18:45,27,15,15,0,"fit: 3, efit: 9","fit: 3, efit: 4",,,,0,0,0,0,1,,
2026-01-05 02:22:57,27,15,15,0,"fit: 3, efit: 9","fit: 3, efit: 4",efit: 1,,,0,0,0,0,1,,
2026-01-05 03:08:04,27,15,15,0,"fit: 3, efit: 9","fit: 3, efit: 4",,,,0,0,0,0,1,,
2026-01-05 03:18:54,27,15,15,0,"fit: 3, efit: 9","fit: 3, efit: 4",efit: 1,,,0,0,0,0,1,,
2026-01-05 03:23:07,27,15,15,0,"fit: 3, efit: 9","fit: 3, efit: 4",,,,0,0,0,0,1,,
2026-01-05 03:23:55,27,15,15,0,"fit: 3, efit: 9","fit: 3, efit: 4",efit: 1,,,0,0,0,0,1,,
2026-01-05 03:28:08,27,15,15,0,"fit: 3, efit: 9","fit: 3, efit: 4",,,,0,0,0,0,1,,
2026-01-05 03:28:56,27,15,15,0,"fit: 3, efit: 9","fit: 3, efit: 4",efit: 1,,,0,0,0,0,1,,
2026-01-05 05:24:14,27,15,15,0,"fit: 3, efit: 9","fit: 3, efit: 4",,,,0,0,0,0,1,,
2026-01-05 05:28:27,27,15,15,0,"fit: 3, efit: 9","fit: 3, efit: 4",efit: 1,,,0,0,0,0,1,,
2026-01-05 05:29:14,27,15,15,0,"fit: 3, efit: 9","fit: 3, efit: 4",,,,0,0,0,0,1,,
2026-01-05 05:33:28,27,15,15,0,"fit: 3, efit: 9","fit: 3, efit: 4",efit: 1,,,0,0,0,0,1,,
2026-01-05 05:34:15,27,15,15,0,"fit: 3, efit: 9","fit: 3, efit: 4",,,,0,0,0,0,1,,
2026-01-05 05:38:29,27,15,15,0,"fit: 3, efit: 9","fit: 3, efit: 4",efit: 1,,,0,0,0,0,1,,
2026-01-05 05:39:16,27,15,15,0,"fit: 3, efit: 9","fit: 3, efit: 4",,,,0,0,0,0,1,,
2026-01-05 05:43:29,27,15,15,0,"fit: 3, efit: 9","fit: 3, efit: 4",efit: 1,,,0,0,0,0,1,,
2026-01-05 06:28:37,27,15,15,0,"fit: 3, efit: 9","fit: 3, efit: 4",,,,0,0,0,0,1,,
2026-01-05 06:33:38,27,15,15,0,"fit: 3, efit: 9","fit: 3, efit: 3",,,,0,0,0,0,1,,
2026-01-05 06:39:41,27,15,15,0,"fit: 3, efit: 9","fit: 3, efit: 3",efit: 1,,,0,0,0,0,1,,
2026-01-05 06:43:39,27,15,15,0,"fit: 3, efit: 9","fit: 3, efit: 3",,,,0,0,0,0,1,,
2026-01-05 06:44:25,27,15,15,0,"fit: 3, efit: 9","fit: 3, efit: 3",efit: 1,,,0,0,0,0,1,,
2026-01-05 08:40:05,27,15,15,0,"fit: 3, efit: 9","fit: 3, efit: 3",,,,0,0,0,0,1,,
2026-01-05 08:43:59,27,15,15,0,"fit: 3, efit: 9","fit: 3, efit: 3",efit: 1,,,0,0,0,0,1,,
2026-01-05 08:45:06,27,15,15,0,"fit: 3, efit: 9","fit: 3, efit: 3",,,,0,0,0,0,1,,
2026-01-05 08:49:00,27,15,15,0,"fit: 3, efit: 9","fit: 3, efit: 3",efit: 1,,,0,0,0,0,1,,
2026-01-05 08:49:45,27,15,15,0,"fit: 3, efit: 9","fit: 3, efit: 3",,,,0,0,0,0,1,,
2026-01-05 08:54:01,27,15,15,0,"fit: 3, efit: 9","fit: 3, efit: 3",efit: 1,,,0,0,0,0,1,,
2026-01-05 08:54:46,27,15,15,0,"fit: 3, efit: 9","fit: 3, efit: 3",,,,0,0,0,0,1,,
2026-01-05 08:59:02,27,15,15,0,"fit: 3, efit: 9","fit: 3, efit: 3",efit: 1,,,0,0,0,0,1,,
2026-01-05 09:44:09,27,15,15,0,"fit: 3, efit: 9","fit: 3, efit: 3",,,,0,0,0,0,1,,
2026-01-05 09:45:19,27,15,15,0,"fit: 3, efit: 9","fit: 3, efit: 3",efit: 1,,,0,0,0,0,1,,
2026-01-05 09:49:10,27,15,15,0,"fit: 3, efit: 9","fit: 3, efit: 3",,,,0,0,0,0,1,,
2026-01-05 09:50:20,27,15,15,0,"fit: 3, efit: 9","fit: 3, efit: 3",efit: 1,,,0,0,0,0,1,,
2026-01-05 09:54:11,27,15,15,0,"fit: 3, efit: 9","fit: 3, efit: 3",,,,0,0,0,0,1,,
2026-01-05 09:55:21,27,15,15,0,"fit: 3, efit: 9","fit: 3, efit: 3",efit: 1,,,0,0,0,0,1,,
2026-01-05 09:59:12,27,15,15,0,"fit: 3, efit: 9","fit: 3, efit: 3",,,,0,0,0,0,1,,
2026-01-05 10:04:13,27,15,15,0,"fit: 3, efit: 9","fit: 3, efit: 3",efit: 1,,,0,0,0,0,1,,
2026-01-05 10:40:30,27,15,15,0,"fit: 3, efit: 10","fit: 3, efit: 4",efit: 1,,,0,0,0,0,1,,
2026-01-05 10:49:21,27,15,15,0,"fit: 3, efit: 10","fit: 3, efit: 4",,,,0,0,0,0,1,,
2026-01-05 10:50:32,27,15,15,0,"fit: 3, efit: 10","fit: 3, efit: 6",,,,0,0,0,0,1,,
2026-01-05 10:59:22,27,15,15,0,"fit: 3, efit: 10","fit: 3, efit: 6",efit: 1,,,0,0,0,0,1,,
2026-01-05 11:00:06,27,15,15,0,"fit: 3, efit: 10","fit: 3, efit: 6",,,,0,0,0,0,1,,
2026-01-05 11:09:24,27,15,15,0,"fit: 3, efit: 9","fit: 3, efit: 5",,,,0,0,0,0,1,,
2026-01-05 12:24:37,27,15,15,0,"fit: 3, efit: 9","fit: 3, efit: 7",,,,0,0,0,0,1,,
2026-01-05 12:54:41,27,15,15,0,"fit: 3, efit: 9","fit: 3, efit: 9",,,,0,0,0,0,1,,
2026-01-05 13:04:43,27,15,15,0,"fit: 3, efit: 8","fit: 3, efit: 8",,,,0,0,0,0,1,,
2026-01-05 13:24:46,27,15,15,0,"fit: 3, efit: 8","fit: 3, efit: 7",,,,0,0,0,0,1,,
2026-01-05 13:29:47,27,15,15,0,"fit: 3, efit: 8","fit: 3, efit: 8",,,,0,0,0,0,1,,
2026-01-05 13:45:33,27,15,15,0,"fit: 3, efit: 9","fit: 3, efit: 9",,,,0,0,0,0,1,,
2026-01-05 16:15:16,27,15,15,0,"fit: 3, efit: 8","fit: 3, efit: 8",,,,0,0,0,0,1,,
2026-01-06 00:01:33,27,15,15,0,"fit: 3, efit: 8","fit: 3, efit: 8",,,,0,0,0,0,1,,
2026-01-06 00:53:26,27,15,15,0,"fit: 3, efit: 7","fit: 3, efit: 7",,,,0,0,0,0,1,,
2026-01-06 07:29:46,27,15,15,0,"fit: 3, efit: 6","fit: 3, efit: 6",,,,0,0,0,0,1,,
2026-01-06 08:55:04,27,15,15,0,"fit: 3, efit: 7","fit: 3, efit: 7",,,,0,0,0,0,1,,
2026-01-06 12:44:06,27,15,15,0,"fit: 3, efit: 6","fit: 3, efit: 6",,,,0,0,0,0,1,,
2026-01-06 13:36:01,27,15,15,0,"fit: 3, efit: 7","fit: 3, efit: 7",,,,0,0,0,0,1,,
2026-01-06 16:14:14,27,15,15,0,"fit: 3, efit: 6","fit: 3, efit: 6",,,,0,0,0,0,1,,
2026-01-06 17:06:44,27,15,15,0,"fit: 3, efit: 5","fit: 3, efit: 5",,,,0,0,0,0,1,,
2026-01-07 00:00:32,27,15,15,0,"fit: 3, efit: 5","fit: 3, efit: 5",,,,0,0,0,0,1,,
2026-01-07 07:56:49,27,15,15,0,"fit: 3, efit: 6","fit: 3, efit: 6",,,,0,0,0,0,1,,
2026-01-07 11:22:24,27,15,15,0,"fit: 3, efit: 5","fit: 3, efit: 5",,,,0,0,0,0,1,,
2026-01-07 16:33:16,27,15,15,0,"fit: 3, efit: 4","fit: 3, efit: 4",,,,0,0,0,0,1,,
2026-01-08 00:02:59,27,15,15,0,"fit: 3, efit: 4","fit: 3, efit: 4",,,,0,0,0,0,1,,
2026-01-08 08:29:42,27,15,15,0,"fit: 3, efit: 5","fit: 3, efit: 5",,,,0,0,0,0,1,,
2026-01-08 11:10:15,27,15,15,0,"fit: 3, efit: 4","fit: 3, efit: 4",,,,0,0,0,0,1,,
2026-01-08 12:10:28,27,15,15,0,"fit: 3, efit: 3","fit: 3, efit: 3",,,,0,0,0,0,1,,
2026-01-08 12:55:37,27,15,15,0,"fit: 3, efit: 4","fit: 3, efit: 4",,,,0,0,0,0,1,,
2026-01-08 16:26:21,27,15,15,0,"fit: 3, efit: 3","fit: 3, efit: 3",,,,0,0,0,0,1,,
2026-01-09 00:02:54,27,15,15,0,"fit: 3, efit: 3","fit: 3, efit: 3",,,,0,0,0,0,1,,
2026-01-09 11:14:50,27,15,15,0,"fit: 3, efit: 2","fit: 3, efit: 2",,,,0,0,0,0,1,,
2026-01-10 00:01:50,27,15,15,0,"fit: 3, efit: 2","fit: 3, efit: 2",,,,0,0,0,0,1,,
2026-01-11 00:00:31,27,15,15,0,"fit: 3, efit: 2","fit: 3, efit: 2",,,,0,0,0,0,1,,
2026-01-11 15:57:57,27,15,15,0,"fit: 3, efit: 3","fit: 3, efit: 3",,,,0,0,0,0,1,,
2026-01-12 00:00:07,27,15,15,0,"fit: 3, efit: 3","fit: 3, efit: 3",,,,0,0,0,0,1,,
2026-01-12 11:25:59,27,15,15,0,"fit: 3, efit: 2","fit: 3, efit: 2",,,,0,0,0,0,1,,
2026-01-12 17:05:49,27,15,15,0,"fit: 3, efit: 3","fit: 3, efit: 3",,,,0,0,0,0,1,,
2026-01-13 00:02:18,27,15,15,0,"fit: 3, efit: 3","fit: 3, efit: 3",,,,0,0,0,0,1,,
2026-01-13 08:34:05,27,15,15,0,"fit: 3, efit: 4","fit: 3, efit: 4",,,,0,0,0,0,1,,
2026-01-13 11:19:40,27,15,15,0,"fit: 3, efit: 3","fit: 3, efit: 3",,,,0,0,0,0,1,,
2026-01-13 16:35:31,27,15,15,0,"fit: 3, efit: 2","fit: 3, efit: 2",,,,0,0,0,0,1,,
2026-01-13 20:06:29,27,15,15,0,"fit: 3, efit: 3","fit: 3, efit: 3",,,,0,0,0,0,1,,
2026-01-13 20:11:06,27,15,15,0,"fit: 3, efit: 2","fit: 3, efit: 2",,,,0,0,0,0,1,,
2026-01-14 00:00:09,27,15,15,0,"fit: 3, efit: 2","fit: 3, efit: 2",,,,0,0,0,0,1,,
2026-01-14 08:15:47,27,15,15,0,"fit: 3, efit: 3","fit: 3, efit: 3",,,,0,0,0,0,1,,
2026-01-14 11:26:16,27,15,15,0,"fit: 3, efit: 2","fit: 3, efit: 2",,,,0,0,0,0,1,,
2026-01-14 16:57:08,27,15,15,0,"fit: 3, efit: 1","fit: 3, efit: 1",,,,0,0,0,0,1,,
2026-01-15 00:00:32,27,15,15,0,"fit: 3, efit: 1","fit: 3, efit: 1",,,,0,0,0,0,1,,
2026-01-15 10:55:01,27,15,15,0,"fit: 2, efit: 1","fit: 2, efit: 1",,,,0,0,0,0,1,,
2026-01-15 11:15:05,27,15,15,0,fit: 2,fit: 2,,,,0,0,0,0,1,,
2026-01-15 14:26:44,27,15,15,0,"fit: 2, efit: 4","fit: 2, efit: 4",,,,0,0,0,0,1,,
2026-01-15 17:17:13,27,15,15,0,"fit: 2, efit: 3","fit: 2, efit: 3",,,,0,0,0,0,1,,
2026-01-16 00:01:24,27,15,15,0,"fit: 2, efit: 3","fit: 2, efit: 3",,,,0,0,0,0,1,,
2026-01-16 11:15:17,27,15,15,0,"fit: 2, efit: 2","fit: 2, efit: 2",,,,0,0,0,0,1,,
2026-01-16 17:04:50,27,15,15,0,"fit: 2, efit: 3","fit: 2, efit: 3",,,,0,0,0,0,1,,
2026-01-16 17:09:50,27,15,15,0,"fit: 2, efit: 2","fit: 2, efit: 2",,,,0,0,0,0,1,,
2026-01-17 00:00:57,27,15,15,0,"fit: 2, efit: 2","fit: 2, efit: 2",,,,0,0,0,0,1,,
2026-01-17 13:53:09,27,15,15,0,"fit: 2, efit: 3","fit: 2, efit: 3",,,,0,0,0,0,1,,
2026-01-17 13:55:26,27,15,15,0,"fit: 2, efit: 2","fit: 2, efit: 2",,,,0,0,0,0,1,,
2026-01-17 14:18:13,27,15,15,0,"fit: 2, efit: 3","fit: 2, efit: 3",,,,0,0,0,0,1,,
2026-01-17 17:33:43,27,15,15,0,"fit: 2, efit: 2","fit: 2, efit: 2",,,,0,0,0,0,1,,
2026-01-17 21:26:06,27,15,15,0,"fit: 2, efit: 3","fit: 2, efit: 3",,,,0,0,0,0,1,,
2026-01-17 22:56:22,27,15,15,0,"fit: 2, efit: 2","fit: 2, efit: 2",,,,0,0,0,0,1,,
2026-01-18 00:01:32,27,15,15,0,"fit: 2, efit: 2","fit: 2, efit: 2",,,,0,0,0,0,1,,
2026-01-18 14:56:29,27,15,15,0,"fit: 2, efit: 1","fit: 2, efit: 1",,,,0,0,0,0,1,,
2026-01-18 21:28:04,27,15,15,0,fit: 2,fit: 2,,,,0,0,0,0,1,,
2026-01-19 00:00:37,27,15,15,0,fit: 2,fit: 2,,,,0,0,0,0,1,,
2026-01-19 09:37:16,27,15,15,0,"fit: 2, efit: 1","fit: 2, efit: 1",,,,0,0,0,0,1,,
2026-01-19 11:25:25,27,15,15,0,fit: 2,fit: 2,,,,0,0,0,0,1,,
2026-01-19 12:21:39,27,15,15,0,fit: 1,fit: 1,,,,0,0,0,0,1,,
2026-01-19 14:42:14,27,15,15,0,"fit: 1, efit: 2","fit: 1, efit: 2",,,,0,0,0,0,1,,
2026-01-19 15:26:05,27,15,15,0,"fit: 1, efit: 1","fit: 1, efit: 1",,,,0,0,0,0,1,,
2026-01-20 00:00:32,27,15,15,0,"fit: 1, efit: 1","fit: 1, efit: 1",,,,0,0,0,0,1,,
2026-01-20 05:45:53,27,15,15,0,"fit: 1, efit: 2","fit: 1, efit: 2",,,,0,0,0,0,1,,
2026-01-20 12:19:25,27,15,15,0,"fit: 1, efit: 1","fit: 1, efit: 1",,,,0,0,0,0,1,,
2026-01-20 21:54:14,27,15,15,0,fit: 1,fit: 1,,,,0,0,0,0,1,,
2026-01-21 00:00:17,27,15,15,0,fit: 1,fit: 1,,,,0,0,0,0,1,,
2026-01-21 05:56:22,27,15,15,0,"fit: 1, efit: 1","fit: 1, efit: 1",,,,0,0,0,0,1,,
2026-01-21 12:32:30,27,15,15,0,fit: 1,fit: 1,,,,0,0,0,0,1,,
2026-01-21 13:03:22,27,15,15,0,"fit: 1, efit: 1","fit: 1, efit: 1",,,,0,0,0,0,1,,
2026-01-21 13:07:36,27,15,15,0,fit: 1,fit: 1,,,,0,0,0,0,1,,
2026-01-22 00:00:12,27,15,15,0,fit: 1,fit: 1,,,,0,0,0,0,1,,
2026-01-22 11:11:29,27,15,15,0,"fit: 5, efit: 1","fit: 5, efit: 1",,,,0,0,0,0,1,,
2026-01-22 12:17:10,27,15,15,0,fit: 5,fit: 5,,,,0,0,0,0,1,,
2026-01-22 12:51:47,27,15,15,0,"fit: 5, efit: 1","fit: 5, efit: 1",,,,0,0,0,0,1,,
2026-01-22 20:21:20,27,15,15,0,fit: 5,fit: 5,,,,0,0,0,0,1,,
2026-01-23 00:02:16,27,15,15,0,fit: 5,fit: 5,,,,0,0,0,0,1,,
2026-01-24 00:02:32,27,15,15,0,fit: 5,fit: 5,,,,0,0,0,0,1,,
2026-01-24 05:48:25,27,15,15,0,"fit: 5, efit: 1","fit: 5, efit: 1",,,,0,0,0,0,1,,
2026-01-24 12:24:25,27,15,15,0,fit: 5,fit: 5,,,,0,0,0,0,1,,
2026-01-24 14:59:49,27,15,15,0,"fit: 5, efit: 1","fit: 5, efit: 1",,,,0,0,0,0,1,,
2026-01-25 00:01:13,27,15,15,0,"fit: 5, efit: 1","fit: 5, efit: 1",,,,0,0,0,0,1,,
2026-01-26 00:00:10,27,15,15,0,"fit: 5, efit: 1","fit: 5, efit: 1",,,,0,0,0,0,1,,
2026-01-26 12:31:49,27,15,15,0,"fit: 5, efit: 1",fit: 5,,,,0,0,0,0,1,,
2026-01-27 00:01:04,27,15,15,0,"fit: 5, efit: 1",fit: 5,,,,0,0,0,0,1,,
2026-01-27 13:09:21,27,15,15,0,"fit: 5, efit: 1",fit: 5,efit: 1,,,0,0,0,0,1,,
2026-01-27 13:44:29,27,15,15,0,"fit: 5, efit: 1",fit: 5,,,,0,0,0,0,1,,
2026-01-27 13:54:32,27,15,15,0,"fit: 5, efit: 1",fit: 5,efit: 1,,,0,0,0,0,1,,
2026-01-27 13:57:20,27,15,15,0,"fit: 5, efit: 1",fit: 5,,,,0,0,0,0,1,,
2026-01-27 13:59:33,27,15,15,0,"fit: 5, efit: 1",fit: 5,efit: 1,,,0,0,0,0,1,,
2026-01-27 14:47:29,27,15,15,0,"fit: 5, efit: 1",fit: 5,,,,0,0,0,0,1,,
2026-01-27 14:49:46,27,15,15,0,"fit: 5, efit: 1",fit: 5,efit: 1,,,0,0,0,0,1,,
2026-01-27 14:51:03,27,15,15,0,"fit: 5, efit: 1",fit: 5,,,,0,0,0,0,1,,
2026-01-27 14:54:48,27,15,15,0,"fit: 5, efit: 1",fit: 5,efit: 1,,,0,0,0,0,1,,
2026-01-27 14:56:04,27,15,15,0,"fit: 5, efit: 1",fit: 5,,,,0,0,0,0,1,,
2026-01-27 14:57:31,27,15,15,0,"fit: 5, efit: 1",fit: 5,efit: 1,,,0,0,0,0,1,,
2026-01-27 15:01:05,27,15,15,0,"fit: 5, efit: 1",fit: 5,,,,0,0,0,0,1,,
2026-01-27 15:02:31,27,15,15,0,"fit: 5, efit: 1",fit: 5,efit: 1,,,0,0,0,0,1,,
2026-01-27 15:50:02,27,15,15,0,"fit: 5, efit: 1",fit: 5,,,,0,0,0,0,1,,
2026-01-27 15:51:13,27,15,15,0,"fit: 5, efit: 1",fit: 5,efit: 1,,,0,0,0,0,1,,
2026-01-27 15:55:03,27,15,15,0,"fit: 5, efit: 1",fit: 5,,,,0,0,0,0,1,,
2026-01-27 15:56:14,27,15,15,0,"fit: 5, efit: 1",fit: 5,efit: 1,,,0,0,0,0,1,,
2026-01-27 16:00:04,27,15,15,0,"fit: 5, efit: 1",fit: 5,,,,0,0,0,0,1,,
2026-01-27 16:01:14,27,15,15,0,"fit: 5, efit: 1",fit: 5,efit: 1,,,0,0,0,0,1,,
2026-01-27 16:52:51,27,15,15,0,"fit: 5, efit: 1",fit: 5,,,,0,0,0,0,1,,
2026-01-27 16:55:18,27,15,15,0,"fit: 5, efit: 1",fit: 5,efit: 1,,,0,0,0,0,1,,
2026-01-27 16:57:51,27,15,15,0,"fit: 5, efit: 1",fit: 5,,,,0,0,0,0,1,,
2026-01-27 17:00:19,27,15,15,0,"fit: 5, efit: 1",fit: 5,efit: 1,,,0,0,0,0,1,,
2026-01-27 17:02:52,27,15,15,0,"fit: 5, efit: 1",fit: 5,,,,0,0,0,0,1,,
2026-01-27 17:05:20,27,15,15,0,"fit: 5, efit: 1",fit: 5,efit: 1,,,0,0,0,0,1,,
2026-01-27 17:07:53,27,15,15,0,"fit: 5, efit: 1",fit: 5,,,,0,0,0,0,1,,
2026-01-27 17:15:23,27,15,15,0,"fit: 5, efit: 1",fit: 5,efit: 1,,,0,0,0,0,1,,
2026-01-27 18:01:34,27,15,15,0,"fit: 5, efit: 1",fit: 5,,,,0,0,0,0,1,,
2026-01-27 18:03:03,27,15,15,0,"fit: 5, efit: 1",fit: 5,efit: 1,,,0,0,0,0,1,,
2026-01-27 18:06:35,27,15,15,0,"fit: 5, efit: 1",fit: 5,,,,0,0,0,0,1,,
2026-01-27 18:08:04,27,15,15,0,"fit: 5, efit: 1",fit: 5,efit: 1,,,0,0,0,0,1,,
2026-01-27 18:10:37,27,15,15,0,"fit: 5, efit: 1",fit: 5,,,,0,0,0,0,1,,
2026-01-27 18:13:04,27,15,15,0,"fit: 5, efit: 1",fit: 5,efit: 1,,,0,0,0,0,1,,
2026-01-27 18:15:38,27,15,15,0,"fit: 5, efit: 1",fit: 5,,,,0,0,0,0,1,,
2026-01-27 18:18:05,27,15,15,0,"fit: 5, efit: 1",fit: 5,efit: 1,,,0,0,0,0,1,,
2026-01-27 19:05:51,27,15,15,0,"fit: 5, efit: 1",fit: 5,,,,0,0,0,0,1,,
2026-01-27 19:06:44,27,15,15,0,"fit: 5, efit: 1",fit: 5,efit: 1,,,0,0,0,0,1,,
2026-01-27 19:18:16,27,15,15,0,"fit: 5, efit: 1",fit: 5,,,,0,0,0,0,1,,
2026-01-27 19:20:55,27,15,15,0,"fit: 5, efit: 1",fit: 5,efit: 1,,,0,0,0,0,1,,
2026-01-27 20:08:25,27,15,15,0,"fit: 5, efit: 1",fit: 5,,,,0,0,0,0,1,,
2026-01-27 20:11:07,27,15,15,0,"fit: 5, efit: 1",fit: 5,efit: 1,,,0,0,0,0,1,,
2026-01-27 20:13:25,27,15,15,0,"fit: 5, efit: 1",fit: 5,,,,0,0,0,0,1,,
2026-01-27 20:16:09,27,15,15,0,"fit: 5, efit: 1",fit: 5,efit: 1,,,0,0,0,0,1,,
2026-01-27 20:16:55,27,15,15,0,"fit: 5, efit: 1",fit: 5,,,,0,0,0,0,1,,
2026-01-27 20:21:10,27,15,15,0,"fit: 5, efit: 1",fit: 5,efit: 1,,,0,0,0,0,1,,
2026-01-27 20:21:56,27,15,15,0,"fit: 5, efit: 1",fit: 5,,,,0,0,0,0,1,,
2026-01-27 20:23:27,27,15,15,0,"fit: 5, efit: 1",fit: 5,efit: 1,,,0,0,0,0,1,,
2026-01-27 21:11:23,27,15,15,0,"fit: 5, efit: 1",fit: 5,,,,0,0,0,0,1,,
2026-01-27 21:13:36,27,15,15,0,"fit: 5, efit: 1",fit: 5,efit: 1,,,0,0,0,0,1,,
2026-01-27 21:16:24,27,15,15,0,"fit: 5, efit: 1",fit: 5,,,,0,0,0,0,1,,
2026-01-27 21:18:37,27,15,15,0,"fit: 5, efit: 1",fit: 5,efit: 1,,,0,0,0,0,1,,
2026-01-27 21:21:25,27,15,15,0,"fit: 5, efit: 1",fit: 5,,,,0,0,0,0,1,,
2026-01-27 21:22:06,27,15,15,0,"fit: 5, efit: 1",fit: 5,efit: 1,,,0,0,0,0,1,,
2026-01-27 21:26:26,27,15,15,0,"fit: 5, efit: 1",fit: 5,,,,0,0,0,0,1,,
2026-01-27 21:27:07,27,15,15,0,"fit: 5, efit: 1",fit: 5,efit: 1,,,0,0,0,0,1,,
2026-01-27 22:18:47,27,15,15,0,"fit: 5, efit: 1",fit: 5,,,,0,0,0,0,1,,
2026-01-27 22:21:40,27,15,15,0,"fit: 5, efit: 1",fit: 5,efit: 1,,,0,0,0,0,1,,
2026-01-27 22:23:48,27,15,15,0,"fit: 5, efit: 1",fit: 5,,,,0,0,0,0,1,,
2026-01-27 22:26:41,27,15,15,0,"fit: 5, efit: 1",fit: 5,efit: 1,,,0,0,0,0,1,,
2026-01-27 22:28:49,27,15,15,0,"fit: 5, efit: 1",fit: 5,,,,0,0,0,0,1,,
2026-01-27 22:31:43,27,15,15,0,"fit: 5, efit: 1",fit: 5,efit: 1,,,0,0,0,0,1,,
2026-01-27 22:33:50,27,15,15,0,"fit: 5, efit: 1",fit: 5,,,,0,0,0,0,1,,
2026-01-27 22:36:44,27,15,15,0,"fit: 5, efit: 1",fit: 5,efit: 1,,,0,0,0,0,1,,
2026-01-27 23:23:58,27,15,15,0,"fit: 5, efit: 1",fit: 5,,,,0,0,0,0,1,,
2026-01-27 23:26:56,27,15,15,0,"fit: 5, efit: 1",fit: 5,efit: 1,,,0,0,0,0,1,,
2026-01-27 23:28:59,27,15,15,0,"fit: 5, efit: 1",fit: 5,,,,0,0,0,0,1,,
2026-01-27 23:31:57,27,15,15,0,"fit: 5, efit: 1",fit: 5,efit: 1,,,0,0,0,0,1,,
2026-01-27 23:32:27,27,15,15,0,"fit: 5, efit: 1",fit: 5,,,,0,0,0,0,1,,
2026-01-27 23:36:58,27,15,15,0,"fit: 5, efit: 1",fit: 5,efit: 1,,,0,0,0,0,1,,
2026-01-27 23:37:27,27,15,15,0,"fit: 5, efit: 1",fit: 5,,,,0,0,0,0,1,,
2026-01-27 23:39:01,27,15,15,0,"fit: 5, efit: 1",fit: 5,efit: 1,,,0,0,0,0,1,,
2026-01-27 23:42:00,27,15,15,0,"fit: 5, efit: 1",fit: 5,,,,0,0,0,0,1,,
2026-01-27 23:44:02,27,15,15,0,"fit: 5, efit: 1",fit: 5,efit: 1,,,0,0,0,0,1,,
2026-01-28 00:02:05,27,15,15,0,"fit: 5, efit: 1",fit: 5,efit: 1,,,0,0,0,0,1,,
2026-01-28 00:32:13,27,15,15,0,"fit: 5, efit: 1",fit: 5,,,,0,0,0,0,1,,
2026-01-28 00:34:10,27,15,15,0,"fit: 5, efit: 1",fit: 5,efit: 1,,,0,0,0,0,1,,
2026-01-28 00:37:14,27,15,15,0,"fit: 5, efit: 1",fit: 5,,,,0,0,0,0,1,,
2026-01-28 00:37:37,27,15,15,0,"fit: 5, efit: 1",fit: 5,efit: 1,,,0,0,0,0,1,,
2026-01-28 01:44:22,27,15,15,0,"fit: 5, efit: 1",fit: 5,,,,0,0,0,0,1,,
2026-01-28 01:47:32,27,15,15,0,"fit: 5, efit: 1",fit: 5,efit: 1,,,0,0,0,0,1,,
2026-01-28 01:49:23,27,15,15,0,"fit: 5, efit: 1",fit: 5,,,,0,0,0,0,1,,
2026-01-28 01:52:33,27,15,15,0,"fit: 5, efit: 1",fit: 5,efit: 1,,,0,0,0,0,1,,
2026-01-28 02:39:32,27,15,15,0,"fit: 5, efit: 1",fit: 5,,,,0,0,0,0,1,,
2026-01-28 02:42:45,27,15,15,0,"fit: 5, efit: 1",fit: 5,efit: 1,,,0,0,0,0,1,,
2026-01-28 02:44:32,27,15,15,0,"fit: 5, efit: 1",fit: 5,,,,0,0,0,0,1,,
2026-01-28 02:47:46,27,15,15,0,"fit: 5, efit: 1",fit: 5,efit: 1,,,0,0,0,0,1,,
2026-01-28 02:49:33,27,15,15,0,"fit: 5, efit: 1",fit: 5,,,,0,0,0,0,1,,
2026-01-28 02:52:47,27,15,15,0,"fit: 5, efit: 1",fit: 5,efit: 1,,,0,0,0,0,1,,
2026-01-28 02:52:58,27,15,15,0,"fit: 5, efit: 1",fit: 5,,,,0,0,0,0,1,,
2026-01-28 02:54:34,27,15,15,0,"fit: 5, efit: 1",fit: 5,efit: 1,,,0,0,0,0,1,,
2026-01-28 03:43:00,27,15,15,0,"fit: 5, efit: 1",fit: 5,,,,0,0,0,0,1,,
2026-01-28 03:44:43,27,15,15,0,"fit: 5, efit: 1",fit: 5,efit: 1,,,0,0,0,0,1,,
2026-01-28 03:48:01,27,15,15,0,"fit: 5, efit: 1",fit: 5,,,,0,0,0,0,1,,
2026-01-28 03:49:44,27,15,15,0,"fit: 5, efit: 1",fit: 5,efit: 1,,,0,0,0,0,1,,
2026-01-28 03:53:02,27,15,15,0,"fit: 5, efit: 1",fit: 5,,,,0,0,0,0,1,,
2026-01-28 03:54:44,27,15,15,0,"fit: 5, efit: 1",fit: 5,efit: 1,,,0,0,0,0,1,,
2026-01-28 05:50:05,27,15,15,0,"fit: 5, efit: 1",fit: 5,,,,0,0,0,0,1,,
2026-01-28 05:53:25,27,15,15,0,"fit: 5, efit: 1",fit: 5,efit: 1,,,0,0,0,0,1,,
2026-01-28 05:55:06,27,15,15,0,"fit: 5, efit: 1",fit: 5,,,,0,0,0,0,1,,
2026-01-28 05:58:26,27,15,15,0,"fit: 5, efit: 1",fit: 5,efit: 1,,,0,0,0,0,1,,
2026-01-28 06:00:06,27,15,15,0,"fit: 5, efit: 1",fit: 5,,,,0,0,0,0,1,,
2026-01-28 06:03:27,27,15,15,0,"fit: 5, efit: 1",fit: 5,efit: 1,,,0,0,0,0,1,,
2026-01-28 06:05:07,27,15,15,0,"fit: 5, efit: 1",fit: 5,,,,0,0,0,0,1,,
2026-01-28 06:08:28,27,15,15,0,"fit: 5, efit: 1",fit: 5,efit: 1,,,0,0,0,0,1,,
2026-01-28 06:53:44,27,15,15,0,"fit: 5, efit: 1",fit: 5,,,,0,0,0,0,1,,
2026-01-28 07:00:17,27,15,15,0,"fit: 5, efit: 1",fit: 5,efit: 1,,,0,0,0,0,1,,
2026-01-28 07:03:37,27,15,15,0,"fit: 5, efit: 1",fit: 5,,,,0,0,0,0,1,,
2026-01-28 07:05:18,27,15,15,0,"fit: 5, efit: 1",fit: 5,efit: 1,,,0,0,0,0,1,,
2026-01-28 07:08:37,27,15,15,0,"fit: 5, efit: 1",fit: 5,,,,0,0,0,0,1,,
2026-01-28 07:10:18,27,15,15,0,"fit: 5, efit: 1",fit: 5,efit: 1,,,0,0,0,0,1,,
2026-01-28 09:00:37,27,15,15,0,"fit: 5, efit: 1",fit: 5,,,,0,0,0,0,1,,
2026-01-28 09:03:56,27,15,15,0,"fit: 5, efit: 1",fit: 5,efit: 1,,,0,0,0,0,1,,
2026-01-28 09:05:38,27,15,15,0,"fit: 5, efit: 1",fit: 5,,,,0,0,0,0,1,,
2026-01-28 09:08:56,27,15,15,0,"fit: 5, efit: 1",fit: 5,efit: 1,,,0,0,0,0,1,,
2026-01-28 09:10:39,27,15,15,0,"fit: 5, efit: 1",fit: 5,,,,0,0,0,0,1,,
2026-01-28 09:13:57,27,15,15,0,"fit: 5, efit: 1",fit: 5,efit: 1,,,0,0,0,0,1,,
2026-01-28 09:15:40,27,15,15,0,"fit: 5, efit: 1",fit: 5,,,,0,0,0,0,1,,
2026-01-28 09:18:58,27,15,15,0,"fit: 5, efit: 1",fit: 5,efit: 1,,,0,0,0,0,1,,
2026-01-28 10:04:05,27,15,15,0,"fit: 5, efit: 1",fit: 5,,,,0,0,0,0,1,,
2026-01-28 10:05:49,27,15,15,0,"fit: 5, efit: 1",fit: 5,efit: 1,,,0,0,0,0,1,,
2026-01-28 10:09:06,27,15,15,0,"fit: 5, efit: 1",fit: 5,,,,0,0,0,0,1,,
2026-01-28 10:10:50,27,15,15,0,"fit: 5, efit: 1",fit: 5,efit: 1,,,0,0,0,0,1,,
2026-01-28 10:14:07,27,15,15,0,"fit: 5, efit: 1",fit: 5,,,,0,0,0,0,1,,
2026-01-28 10:15:51,27,15,15,0,"fit: 5, efit: 1",fit: 5,efit: 1,,,0,0,0,0,1,,
2026-01-28 10:19:08,27,15,15,0,"fit: 5, efit: 1",fit: 5,,,,0,0,0,0,1,,
2026-01-28 10:20:52,27,15,15,0,"fit: 5, efit: 1",fit: 5,efit: 1,,,0,0,0,0,1,,
2026-01-28 11:09:16,27,15,15,0,"fit: 5, efit: 1",fit: 5,,,,0,0,0,0,1,,
2026-01-28 11:09:48,27,15,15,0,"fit: 5, efit: 1",fit: 5,efit: 1,,,0,0,0,0,1,,
2026-01-28 12:16:13,27,15,15,0,"fit: 5, efit: 1",fit: 5,,,,0,0,0,0,1,,
2026-01-28 12:19:28,27,15,15,0,"fit: 5, efit: 1",fit: 5,efit: 1,,,0,0,0,0,1,,
2026-01-28 12:21:14,27,15,15,0,"fit: 5, efit: 1",fit: 5,,,,0,0,0,0,1,,
2026-01-28 12:24:29,27,15,15,0,"fit: 5, efit: 1",fit: 5,efit: 1,,,0,0,0,0,1,,
2026-01-28 12:26:14,27,15,15,0,"fit: 5, efit: 1",fit: 5,,,,0,0,0,0,1,,
2026-01-28 12:29:29,27,15,15,0,"fit: 5, efit: 1",fit: 5,efit: 1,,,0,0,0,0,1,,
2026-01-28 12:31:15,27,15,15,0,"fit: 5, efit: 1",fit: 5,,,,0,0,0,0,1,,
2026-01-28 12:34:30,27,15,15,0,"fit: 5, efit: 1",fit: 5,efit: 1,,,0,0,0,0,1,,
2026-01-28 13:19:37,27,15,15,0,"fit: 5, efit: 1",fit: 5,,,,0,0,0,0,1,,
2026-01-28 13:24:38,27,15,15,0,"fit: 5, efit: 1",fit: 5,efit: 1,,,0,0,0,0,1,,
2026-01-28 13:25:23,27,15,15,0,"fit: 5, efit: 1",fit: 5,,,,0,0,0,0,1,,
2026-01-28 13:29:39,27,15,15,0,"fit: 5, efit: 1",fit: 5,efit: 1,,,0,0,0,0,1,,
2026-01-28 13:30:24,27,15,15,0,"fit: 5, efit: 1",fit: 5,,,,0,0,0,0,1,,
2026-01-28 13:34:40,27,15,15,0,"fit: 5, efit: 1",fit: 5,efit: 1,,,0,0,0,0,1,,
2026-01-28 13:35:25,27,15,15,0,"fit: 5, efit: 1",fit: 5,,,,0,0,0,0,1,,
2026-01-28 13:44:41,27,15,15,0,"fit: 5, efit: 1",fit: 5,efit: 1,,,0,0,0,0,1,,
2026-01-28 14:29:48,27,15,15,0,"fit: 5, efit: 1",fit: 5,,,,0,0,0,0,1,,
2026-01-28 14:31:36,27,15,15,0,"fit: 5, efit: 1",fit: 5,efit: 1,,,0,0,0,0,1,,
2026-01-28 14:34:49,27,15,15,0,"fit: 5, efit: 1",fit: 5,,,,0,0,0,0,1,,
2026-01-28 14:36:37,27,15,15,0,"fit: 5, efit: 1",fit: 5,efit: 1,,,0,0,0,0,1,,
2026-01-28 14:39:50,27,15,15,0,"fit: 5, efit: 1",fit: 5,,,,0,0,0,0,1,,
2026-01-28 14:40:42,27,15,15,0,"fit: 5, efit: 1",fit: 5,efit: 1,,,0,0,0,0,1,,
2026-01-28 14:44:51,27,15,15,0,"fit: 5, efit: 1",fit: 5,,,,0,0,0,0,1,,
2026-01-28 14:45:44,27,15,15,0,"fit: 5, efit: 1",fit: 5,efit: 1,,,0,0,0,0,1,,
2026-01-28 16:36:58,27,15,15,0,"fit: 5, efit: 1",fit: 5,,,,0,0,0,0,1,,
2026-01-28 16:40:10,27,15,15,0,"fit: 5, efit: 1",fit: 5,efit: 1,,,0,0,0,0,1,,
2026-01-28 16:41:12,27,15,15,0,"fit: 5, efit: 1",fit: 5,,,,0,0,0,0,1,,
2026-01-28 16:45:11,27,15,15,0,"fit: 5, efit: 1",fit: 5,efit: 1,,,0,0,0,0,1,,
2026-01-28 16:46:14,27,15,15,0,"fit: 5, efit: 1",fit: 5,,,,0,0,0,0,1,,
2026-01-28 16:50:11,27,15,15,0,"fit: 5, efit: 1",fit: 5,efit: 1,,,0,0,0,0,1,,
2026-01-28 16:51:15,27,15,15,0,"fit: 5, efit: 1",fit: 5,,,,0,0,0,0,1,,
2026-01-28 16:55:12,27,15,15,0,"fit: 5, efit: 1",fit: 5,efit: 1,,,0,0,0,0,1,,
2026-01-28 17:40:20,27,15,15,0,"fit: 5, efit: 1",fit: 5,,,,0,0,0,0,1,,
2026-01-28 17:42:10,27,15,15,0,"fit: 5, efit: 1",fit: 5,efit: 1,,,0,0,0,0,1,,
2026-01-28 17:45:21,27,15,15,0,"fit: 5, efit: 1",fit: 5,,,,0,0,0,0,1,,
2026-01-28 17:46:28,27,15,15,0,"fit: 5, efit: 1",fit: 5,efit: 1,,,0,0,0,0,1,,
2026-01-28 17:50:21,27,15,15,0,"fit: 5, efit: 1",fit: 5,,,,0,0,0,0,1,,
2026-01-28 17:51:30,27,15,15,0,"fit: 5, efit: 1",fit: 5,efit: 1,,,0,0,0,0,1,,
2026-01-28 17:55:22,27,15,15,0,"fit: 5, efit: 1",fit: 5,,,,0,0,0,0,1,,
2026-01-28 17:56:31,27,15,15,0,"fit: 5, efit: 1",fit: 5,efit: 1,,,0,0,0,0,1,,
2026-01-28 18:45:30,27,15,15,0,"fit: 5, efit: 1",fit: 5,,,,0,0,0,0,1,,
2026-01-28 18:46:43,27,15,15,0,"fit: 5, efit: 1",fit: 5,efit: 1,,,0,0,0,0,1,,
2026-01-28 19:47:32,27,15,15,0,"fit: 5, efit: 1",fit: 5,,,,0,0,0,0,1,,
2026-01-28 19:50:41,27,15,15,0,"fit: 5, efit: 1",fit: 5,efit: 1,,,0,0,0,0,1,,
2026-01-28 19:52:33,27,15,15,0,"fit: 5, efit: 1",fit: 5,,,,0,0,0,0,1,,
2026-01-28 19:55:42,27,15,15,0,"fit: 5, efit: 1",fit: 5,efit: 1,,,0,0,0,0,1,,
2026-01-28 19:57:01,27,15,15,0,"fit: 5, efit: 1",fit: 5,,,,0,0,0,0,1,,
2026-01-28 20:00:43,27,15,15,0,"fit: 5, efit: 1",fit: 5,efit: 1,,,0,0,0,0,1,,
2026-01-28 20:02:02,27,15,15,0,"fit: 5, efit: 1",fit: 5,,,,0,0,0,0,1,,
2026-01-28 20:05:43,27,15,15,0,"fit: 5, efit: 1",fit: 5,efit: 1,,,0,0,0,0,1,,
2026-01-28 20:07:04,27,15,15,0,"fit: 5, efit: 1",fit: 5,,,,0,0,0,0,1,,
2026-01-28 20:10:44,27,15,15,0,"fit: 5, efit: 1",fit: 5,efit: 1,,,0,0,0,0,1,,
2026-01-28 20:57:16,27,15,15,0,"fit: 5, efit: 1",fit: 5,,,,0,0,0,0,1,,
2026-01-28 21:00:52,27,15,15,0,"fit: 5, efit: 1",fit: 5,efit: 1,,,0,0,0,0,1,,
2026-01-29 00:01:21,27,15,15,0,"fit: 5, efit: 1",fit: 5,efit: 1,,,0,0,0,0,1,,
2026-01-30 00:00:15,27,15,15,0,"fit: 5, efit: 1",fit: 5,efit: 1,,,0,0,0,0,1,,
2026-01-31 00:01:27,27,15,15,0,"fit: 5, efit: 1",fit: 5,efit: 1,,,0,0,0,0,1,,
2026-02-01 00:00:32,27,15,15,0,"fit: 5, efit: 1",fit: 5,efit: 1,,,0,0,0,0,1,,
2026-02-02 00:01:49,27,15,15,0,"fit: 5, efit: 1",fit: 5,efit: 1,,,0,0,0,0,1,,
2026-02-02 11:16:37,27,15,15,0,"fit: 4, efit: 1",fit: 4,efit: 1,,,0,0,0,0,1,,
2026-02-03 00:00:45,27,15,15,0,"fit: 4, efit: 1",fit: 4,efit: 1,,,0,0,0,0,1,,
2026-02-03 08:40:00,27,15,15,0,"fit: 4, efit: 2",fit: 4,efit: 1,,,0,0,0,0,1,,
2026-02-03 09:20:10,27,15,15,0,"fit: 4, efit: 2","fit: 4, efit: 1",efit: 1,,,0,0,0,0,1,,
2026-02-03 11:15:41,27,15,15,0,"fit: 4, efit: 1",fit: 4,efit: 1,,,0,0,0,0,1,,
2026-02-04 00:02:56,27,15,15,0,"fit: 4, efit: 1",fit: 4,efit: 1,,,0,0,0,0,1,,
2026-02-04 08:40:57,27,15,15,0,"fit: 4, efit: 2","fit: 4, efit: 1",efit: 1,,,0,0,0,0,1,,
2026-02-04 09:06:04,27,15,15,0,"fit: 4, efit: 1",fit: 4,efit: 1,,,0,0,0,0,1,,
2026-02-04 11:24:51,27,15,15,0,"fit: 3, efit: 1",fit: 3,efit: 1,,,0,0,0,0,1,,
2026-02-05 00:02:02,27,15,15,0,"fit: 3, efit: 1",fit: 3,efit: 1,,,0,0,0,0,1,,
2026-02-05 11:18:59,27,15,15,0,"fit: 2, efit: 1",fit: 2,efit: 1,,,0,0,0,0,1,,
2026-02-05 13:59:28,27,15,15,0,"fit: 2, efit: 3","fit: 2, efit: 2",efit: 1,,,0,0,0,0,1,,
2026-02-05 14:00:49,27,15,15,0,"fit: 2, efit: 5","fit: 2, efit: 5",,,,0,0,0,0,1,,
2026-02-06 00:00:40,27,15,15,0,"fit: 2, efit: 5","fit: 2, efit: 5",,,,0,0,0,0,1,,
2026-02-06 19:34:32,27,15,15,0,"fit: 2, efit: 6","fit: 2, efit: 5",,,,0,0,0,0,1,,
2026-02-06 19:39:33,27,15,15,0,"fit: 2, efit: 5","fit: 2, efit: 4",,,,0,0,0,0,1,,
2026-02-06 19:59:36,27,15,15,0,"fit: 2, efit: 5","fit: 2, efit: 5",,,,0,0,0,0,1,,
2026-02-07 00:00:17,27,15,15,0,"fit: 2, efit: 5","fit: 2, efit: 5",,,,0,0,0,0,1,,
2026-02-08 00:00:28,27,15,15,0,"fit: 2, efit: 5","fit: 2, efit: 5",,,,0,0,0,0,1,,
2026-02-08 05:58:53,27,15,15,0,"fit: 2, efit: 6","fit: 2, efit: 6",,,,0,0,0,0,1,,
2026-02-08 12:37:35,27,15,15,0,"fit: 2, efit: 5","fit: 2, efit: 5",,,,0,0,0,0,1,,
2026-02-09 00:03:23,27,15,15,0,"fit: 2, efit: 5","fit: 2, efit: 5",,,,0,0,0,0,1,,
2026-02-10 00:02:30,27,15,15,0,"fit: 2, efit: 5","fit: 2, efit: 5",,,,0,0,0,0,1,,
2026-02-10 05:58:32,27,15,15,0,"fit: 2, efit: 6","fit: 2, efit: 6",,,,0,0,0,0,1,,
2026-02-10 07:54:50,27,15,15,0,"fit: 2, efit: 6","fit: 2, efit: 5",,,,0,0,0,0,1,,
2026-02-10 09:00:02,27,15,15,0,"fit: 2, efit: 7","fit: 2, efit: 6",,,,0,0,0,0,1,,
2026-02-10 11:14:26,27,15,15,0,"fit: 2, efit: 6","fit: 2, efit: 5",,,,0,0,0,0,1,,
2026-02-10 12:27:25,27,15,15,0,"fit: 2, efit: 5","fit: 2, efit: 4",,,,0,0,0,0,1,,
2026-02-10 14:53:03,27,15,15,0,"fit: 2, efit: 4","fit: 2, efit: 3",,,,0,0,0,0,1,,
2026-02-10 17:06:27,27,15,15,0,"fit: 2, efit: 3","fit: 2, efit: 2",,,,0,0,0,0,1,,
2026-02-10 20:21:04,27,15,15,0,"fit: 2, efit: 2","fit: 2, efit: 1",,,,0,0,0,0,1,,
2026-02-11 00:00:22,27,15,15,0,"fit: 2, efit: 2","fit: 2, efit: 1",,,,0,0,0,0,1,,
2026-02-11 07:17:57,27,15,15,0,"fit: 2, efit: 2","fit: 2, efit: 1",efit: 1,,,0,0,0,0,1,,
2026-02-11 10:27:58,27,15,15,0,"fit: 4, efit: 2","fit: 4, efit: 2",,,,0,0,0,0,1,,
2026-02-11 11:18:40,27,15,15,0,"fit: 4, efit: 1","fit: 4, efit: 1",,,,0,0,0,0,1,,
2026-02-11 12:53:35,27,15,15,0,fit: 4,fit: 4,,,,0,0,0,0,1,,
2026-02-12 00:00:52,27,15,15,0,fit: 4,fit: 4,,,,0,0,0,0,1,,
2026-02-12 05:57:35,27,15,15,0,"fit: 4, efit: 1","fit: 4, efit: 1",,,,0,0,0,0,1,,
2026-02-12 11:22:49,27,15,15,0,fit: 4,fit: 4,,,,0,0,0,0,1,,
2026-02-12 12:29:27,27,15,15,0,fit: 3,fit: 3,,,,0,0,0,0,1,,
2026-02-12 13:38:13,27,15,15,0,fit: 2,fit: 2,,,,0,0,0,0,1,,
2026-02-13 00:00:02,27,15,15,0,fit: 2,fit: 2,,,,0,0,0,0,1,,
2026-02-14 00:03:24,27,15,15,0,fit: 2,fit: 2,,,,0,0,0,0,1,,
2026-02-14 05:59:52,27,15,15,0,"fit: 2, efit: 1","fit: 2, efit: 1",,,,0,0,0,0,1,,
2026-02-14 10:41:04,27,15,15,0,"fit: 2, efit: 3","fit: 2, efit: 2",,,,0,0,0,0,1,,
2026-02-14 10:46:05,27,15,15,0,"fit: 2, efit: 3","fit: 2, efit: 1",efit: 1,,,0,0,0,0,1,,
2026-02-14 11:21:12,27,15,15,0,"fit: 2, efit: 3","fit: 2, efit: 2",efit: 1,,,0,0,0,0,1,,
2026-02-14 12:11:21,27,15,15,0,"fit: 2, efit: 4","fit: 2, efit: 2",efit: 1,,,0,0,0,0,1,,
2026-02-14 12:51:28,27,15,15,0,"fit: 2, efit: 4","fit: 2, efit: 3",efit: 1,,,0,0,0,0,1,,
2026-02-14 13:16:54,27,15,15,0,"fit: 2, efit: 3","fit: 2, efit: 2",efit: 1,,,0,0,0,0,1,,
2026-02-15 00:03:26,27,15,15,0,"fit: 2, efit: 3","fit: 2, efit: 2",efit: 1,,,0,0,0,0,1,,
2026-02-15 05:54:29,27,15,15,0,"fit: 2, efit: 4","fit: 2, efit: 3",efit: 1,,,0,0,0,0,1,,
2026-02-15 11:12:05,27,15,15,0,"fit: 2, efit: 4","fit: 2, efit: 4",,,,0,0,0,0,1,,
2026-02-15 11:15:17,27,15,15,0,"fit: 2, efit: 3","fit: 2, efit: 3",,,,0,0,0,0,1,,
2026-02-15 12:22:23,27,15,15,0,"fit: 2, efit: 2","fit: 2, efit: 2",,,,0,0,0,0,1,,
2026-02-15 22:26:57,27,15,15,0,"fit: 2, efit: 1","fit: 2, efit: 1",,,,0,0,0,0,1,,
2026-02-16 00:00:16,27,15,15,0,"fit: 2, efit: 1","fit: 2, efit: 1",,,,0,0,0,0,1,,
2026-02-16 10:59:01,27,15,15,0,fit: 2,fit: 2,,,,0,0,0,0,1,,
2026-02-16 19:40:09,27,15,15,0,,,,,,0,0,0,0,1,,
2026-02-17 00:00:54,27,15,15,0,,,,,,0,0,0,0,1,,
2026-02-17 05:52:55,27,15,15,0,efit: 1,efit: 1,,,,0,0,0,0,1,,
2026-02-17 08:38:29,27,15,15,0,efit: 2,efit: 2,,,,0,0,0,0,1,,
2026-02-17 11:22:47,27,15,15,0,efit: 1,efit: 1,,,,0,0,0,0,1,,
2026-02-17 11:24:03,27,15,15,0,,,,,,0,0,0,0,1,,
2026-02-17 15:04:48,27,15,15,0,efit: 2,efit: 1,,,,0,0,0,0,1,,
2026-02-17 15:05:19,27,15,15,0,efit: 3,efit: 2,,,,0,0,0,0,1,,
2026-02-17 15:08:25,27,15,15,0,efit: 6,efit: 5,,,,0,0,0,0,1,,
2026-02-17 15:23:27,27,15,15,0,efit: 6,efit: 6,,,,0,0,0,0,1,,
2026-02-17 17:03:44,27,15,15,0,efit: 5,efit: 5,,,,0,0,0,0,1,,
2026-02-18 00:01:40,27,15,15,0,efit: 5,efit: 5,,,,0,0,0,0,1,,
2026-02-18 07:56:12,27,15,15,0,efit: 6,efit: 6,,,,0,0,0,0,1,,
2026-02-18 11:18:51,27,15,15,0,efit: 5,efit: 5,,,,0,0,0,0,1,,
2026-02-18 16:12:31,27,15,15,0,efit: 4,efit: 4,,,,0,0,0,0,1,,
2026-02-18 21:05:34,27,15,15,0,efit: 3,efit: 3,,,,0,0,0,0,1,,
2026-02-19 00:01:05,27,15,15,0,efit: 3,efit: 3,,,,0,0,0,0,1,,
2026-02-19 11:17:59,27,15,15,0,efit: 2,efit: 2,,,,0,0,0,0,1,,
2026-02-19 11:23:00,27,15,15,0,efit: 1,efit: 1,,,,0,0,0,0,1,,
2026-02-19 17:20:01,27,15,15,0,,,,,,0,0,0,0,1,,
2026-02-20 00:01:25,27,15,15,0,,,,,,0,0,0,0,1,,
2026-02-21 00:01:16,27,15,15,0,,,,,,0,0,0,0,1,,
2026-02-22 00:00:13,27,15,15,0,,,,,,0,0,0,0,1,,
2026-02-22 10:31:56,27,15,15,0,efit: 1,efit: 1,,,,0,0,0,0,1,,
2026-02-22 11:17:03,27,15,15,0,"fit: 3, efit: 4","fit: 3, efit: 4",,,,0,0,0,0,1,,
2026-02-23 00:00:41,27,15,15,0,"fit: 3, efit: 4","fit: 3, efit: 4",,,,0,0,0,0,1,,
2026-02-23 09:05:33,27,15,15,0,"fit: 4, efit: 3","fit: 4, efit: 3",,,,0,0,0,0,1,,
2026-02-23 15:06:33,27,15,15,0,"fit: 4, efit: 1","fit: 4, efit: 1",,,,0,0,0,0,1,,
2026-02-24 00:00:16,27,15,15,0,"fit: 4, efit: 1","fit: 4, efit: 1",,,,0,0,0,0,1,,
2026-02-24 08:51:31,27,15,15,0,"fit: 4, efit: 2","fit: 4, efit: 1",,,,0,0,0,0,1,,
2026-02-24 09:36:39,27,15,15,0,"fit: 4, efit: 2","fit: 4, efit: 2",,,,0,0,0,0,1,,
2026-02-24 16:42:57,27,15,15,0,"fit: 4, efit: 1","fit: 4, efit: 1",,,,0,0,0,0,1,,
2026-02-24 16:59:58,27,15,15,0,"fit: 4, efit: 2","fit: 4, efit: 1",efit: 1,,,0,0,0,0,1,,
2026-02-25 00:01:15,27,15,15,0,"fit: 4, efit: 2","fit: 4, efit: 1",efit: 1,,,0,0,0,0,1,,
2026-02-25 07:50:09,27,15,15,0,"fit: 4, efit: 3","fit: 4, efit: 2",efit: 1,,,0,0,0,0,1,,
2026-02-25 09:42:53,27,15,15,0,"fit: 4, efit: 3","fit: 4, efit: 3",,,,0,0,0,0,1,,
2026-02-25 15:52:10,27,15,15,0,"fit: 3, efit: 3","fit: 3, efit: 3",,,,0,0,0,0,1,,
2026-02-25 16:03:54,27,15,15,0,"fit: 3, efit: 2","fit: 3, efit: 2",,,,0,0,0,0,1,,
2026-02-25 18:34:17,27,15,15,0,"fit: 2, efit: 2","fit: 2, efit: 2",,,,0,0,0,0,1,,
2026-02-26 00:00:07,27,15,15,0,"fit: 2, efit: 2","fit: 2, efit: 2",,,,0,0,0,0,1,,
2026-02-26 07:36:03,27,15,15,0,"fit: 2, efit: 1","fit: 2, efit: 1",,,,0,0,0,0,1,,
2026-02-26 14:47:21,27,15,15,0,"fit: 3, efit: 3","fit: 3, efit: 3",,,,0,0,0,0,1,,
2026-02-26 15:12:56,27,15,15,0,"fit: 3, efit: 3","fit: 3, efit: 2",,,,0,0,0,0,1,,
2026-02-26 15:17:25,27,15,15,0,"fit: 3, efit: 3","fit: 3, efit: 3",,,,0,0,0,0,1,,
2026-02-26 15:42:29,27,15,15,0,"fit: 3, efit: 4","fit: 3, efit: 4",,,,0,0,0,0,1,,
2026-02-26 16:37:38,27,15,15,0,"fit: 3, efit: 3","fit: 3, efit: 3",,,,0,0,0,0,1,,
2026-02-26 20:13:09,27,15,15,0,"fit: 3, efit: 1","fit: 3, efit: 1",,,,0,0,0,0,1,,
2026-02-26 20:53:54,27,15,15,0,fit: 3,fit: 3,,,,0,0,0,0,1,,
2026-02-27 00:00:09,27,15,15,0,fit: 3,fit: 3,,,,0,0,0,0,1,,
2026-02-27 18:59:54,27,15,15,0,"fit: 6, efit: 2","fit: 6, efit: 2",,,,0,0,0,0,1,,
2026-02-27 21:00:23,27,15,15,0,fit: 6,fit: 6,,,,0,0,0,0,1,,
2026-02-27 21:01:50,27,15,15,0,fit: 4,fit: 4,,,,0,0,0,0,1,,
2026-02-27 21:02:59,27,15,15,0,fit: 3,fit: 3,,,,0,0,0,0,1,,
2026-02-28 00:01:07,27,15,15,0,fit: 3,fit: 3,,,,0,0,0,0,1,,
2026-02-28 10:48:40,27,15,15,0,"fit: 3, efit: 1","fit: 3, efit: 1",,,,0,0,0,0,1,,
2026-02-28 11:50:31,27,15,15,0,fit: 2,fit: 2,,,,0,0,0,0,1,,
2026-02-28 12:03:58,27,15,15,0,fit: 1,fit: 1,,,,0,0,0,0,1,,
2026-02-28 12:29:04,27,15,15,0,"fit: 1, efit: 1","fit: 1, efit: 1",,,,0,0,0,0,1,,
2026-02-28 12:40:40,27,15,15,0,fit: 1,fit: 1,,,,0,0,0,0,1,,
2026-02-28 14:56:04,27,15,15,0,"fit: 1, efit: 1","fit: 1, efit: 1",,,,0,0,0,0,1,,
2026-02-28 15:44:35,27,15,15,0,fit: 1,fit: 1,,,,0,0,0,0,1,,
2026-02-28 16:41:22,27,15,15,0,"fit: 1, efit: 2","fit: 1, efit: 2",,,,0,0,0,0,1,,
2026-02-28 18:36:42,27,15,15,0,"fit: 1, efit: 3","fit: 1, efit: 3",,,,0,0,0,0,1,,
2026-02-28 18:41:43,27,15,15,0,"fit: 1, efit: 2","fit: 1, efit: 2",,,,0,0,0,0,1,,
2026-03-01 00:00:51,27,15,15,0,"fit: 1, efit: 2","fit: 1, efit: 2",,,,0,0,0,0,1,,
2026-03-01 15:15:08,27,15,15,0,"fit: 1, efit: 1","fit: 1, efit: 1",,,,0,0,0,0,1,,
2026-03-01 15:15:25,27,15,15,0,"fit: 1, efit: 2","fit: 1, efit: 2",,,,0,0,0,0,1,,
2026-03-01 17:18:29,27,15,15,0,fit: 1,fit: 1,,,,0,0,0,0,1,,
2026-03-02 00:01:37,27,15,15,0,fit: 1,fit: 1,,,,0,0,0,0,1,,
2026-03-02 02:32:02,27,15,15,0,"fit: 1, efit: 4","fit: 1, efit: 4",,,,0,0,0,0,1,,
2026-03-02 02:39:52,27,15,15,0,"fit: 1, efit: 1","fit: 1, efit: 1",,,,0,0,0,0,1,,
2026-03-02 02:42:03,27,15,15,0,fit: 1,fit: 1,,,,0,0,0,0,1,,
2026-03-03 00:00:38,27,15,15,0,fit: 1,fit: 1,,,,0,0,0,0,1,,
2026-03-03 08:49:21,27,15,15,0,"fit: 1, efit: 1","fit: 1, efit: 1",,,,0,0,0,0,1,,
2026-03-03 15:02:49,27,15,15,0,"fit: 1, efit: 3","fit: 1, efit: 1",efit: 1,,,0,0,0,0,1,,
2026-03-03 15:03:09,27,15,15,0,"fit: 1, efit: 3","fit: 1, efit: 2",,,,0,0,0,0,1,,
2026-03-03 15:22:53,27,15,15,0,"fit: 1, efit: 3","fit: 1, efit: 3",,,,0,0,0,0,1,,
2026-03-03 17:10:37,27,15,15,0,"fit: 1, efit: 2","fit: 1, efit: 2",,,,0,0,0,0,1,,
2026-03-04 00:01:38,27,15,15,0,"fit: 1, efit: 2","fit: 1, efit: 2",,,,0,0,0,0,1,,
2026-03-04 11:31:30,27,15,15,0,"fit: 3, efit: 3","fit: 3, efit: 3",,,,0,0,0,0,1,,
2026-03-04 11:31:48,27,15,15,0,"fit: 3, efit: 4","fit: 3, efit: 4",,,,0,0,0,0,1,,
2026-03-04 15:21:29,27,15,15,0,"fit: 3, efit: 2","fit: 3, efit: 2",,,,0,0,0,0,1,,
2026-03-04 15:46:34,27,15,15,0,"fit: 3, efit: 4","fit: 3, efit: 4",,,,0,0,0,0,1,,
2026-03-05 00:02:33,27,15,15,0,"fit: 3, efit: 4","fit: 3, efit: 4",,,,0,0,0,0,1,,
2026-03-05 06:48:48,27,15,15,0,"fit: 2, efit: 4","fit: 2, efit: 4",,,,0,0,0,0,1,,
2026-03-05 23:09:03,27,15,15,0,"fit: 2, efit: 3","fit: 2, efit: 3",,,,0,0,0,0,1,,
2026-03-06 00:01:33,27,15,15,0,"fit: 2, efit: 3","fit: 2, efit: 3",,,,0,0,0,0,1,,
2026-03-06 11:10:48,27,15,15,0,efit: 3,efit: 3,,,,0,0,0,0,1,,
2026-03-06 11:40:53,27,15,15,0,"fit: 2, efit: 3","fit: 2, efit: 3",,,,0,0,0,0,1,,
2026-03-06 17:11:42,27,15,15,0,"fit: 2, efit: 1","fit: 2, efit: 1",,,,0,0,0,0,1,,
2026-03-06 17:50:58,27,15,15,0,"fit: 2, efit: 3","fit: 2, efit: 3",,,,0,0,0,0,1,,
2026-03-06 19:01:15,27,15,15,0,"fit: 2, efit: 2","fit: 2, efit: 2",,,,0,0,0,0,1,,
2026-03-06 19:11:17,27,15,15,0,"fit: 2, efit: 1","fit: 2, efit: 1",,,,0,0,0,0,1,,
2026-03-06 19:14:43,27,15,15,0,fit: 2,fit: 2,,,,0,0,0,0,1,,
2026-03-06 19:49:49,27,15,15,0,"fit: 2, efit: 2","fit: 2, efit: 2",,,,0,0,0,0,1,,
2026-03-06 20:19:54,27,15,15,0,"fit: 2, efit: 1","fit: 2, efit: 1",,,,0,0,0,0,1,,
2026-03-06 20:32:12,27,15,15,0,"fit: 2, efit: 2","fit: 2, efit: 2",,,,0,0,0,0,1,,
2026-03-06 21:50:10,27,15,15,0,"fit: 2, efit: 1","fit: 2, efit: 1",,,,0,0,0,0,1,,
2026-03-07 00:00:32,27,15,15,0,"fit: 2, efit: 1","fit: 2, efit: 1",,,,0,0,0,0,1,,
2026-03-07 12:49:34,27,15,15,0,"fit: 2, efit: 2","fit: 2, efit: 2",,,,0,0,0,0,1,,
2026-03-07 12:55:27,27,15,15,0,"fit: 2, efit: 1","fit: 2, efit: 1",,,,0,0,0,0,1,,
2026-03-07 13:52:49,27,15,15,0,"fit: 2, efit: 1",fit: 2,,,,0,0,0,0,1,,
2026-03-07 14:05:43,27,15,15,0,"fit: 2, efit: 1","fit: 2, efit: 1",,,,0,0,0,0,1,,
2026-03-07 14:34:49,27,15,15,0,"fit: 2, efit: 2","fit: 2, efit: 2",,,,0,0,0,0,1,,
2026-03-07 14:35:51,27,15,15,0,"fit: 2, efit: 4","fit: 2, efit: 4",,,,0,0,0,0,1,,
2026-03-08 00:01:14,27,15,15,0,"fit: 2, efit: 4","fit: 2, efit: 4",,,,0,0,0,0,1,,
2026-03-08 13:06:30,27,15,15,0,"fit: 4, efit: 4","fit: 4, efit: 4",,,,0,0,0,0,1,,
2026-03-08 14:51:24,27,15,15,0,"fit: 4, efit: 3","fit: 4, efit: 3",,,,0,0,0,0,1,,
2026-03-08 14:58:17,27,15,15,0,"fit: 6, efit: 4","fit: 6, efit: 4",,,,0,0,0,0,1,,
2026-03-08 15:01:27,27,15,15,0,"fit: 6, efit: 5","fit: 6, efit: 5",,,,0,0,0,0,1,,
2026-03-08 20:04:03,27,15,15,0,"fit: 6, efit: 6","fit: 6, efit: 6",,,,0,0,0,0,1,,
2026-03-09 00:03:16,27,15,15,0,"fit: 6, efit: 6","fit: 6, efit: 6",,,,0,0,0,0,1,,
2026-03-09 11:10:08,27,15,15,0,"fit: 6, efit: 8","fit: 6, efit: 8",,,,0,0,0,0,1,,
2026-03-09 12:20:20,27,15,15,0,"fit: 6, efit: 5","fit: 6, efit: 5",,,,0,0,0,0,1,,
2026-03-09 13:16:33,27,15,15,0,"fit: 6, efit: 7","fit: 6, efit: 6",efit: 1,,,0,0,0,0,1,,
2026-03-09 13:20:31,27,15,15,0,"fit: 6, efit: 5","fit: 6, efit: 4",efit: 1,,,0,0,0,0,1,,
2026-03-09 15:00:48,27,15,15,0,"fit: 6, efit: 4","fit: 6, efit: 4",,,,0,0,0,0,1,,
2026-03-09 23:07:08,27,15,15,0,"fit: 6, efit: 3","fit: 6, efit: 3",,,,0,0,0,0,1,,
2026-03-09 23:09:37,27,15,15,0,"fit: 6, efit: 4","fit: 6, efit: 4",,,,0,0,0,0,1,,
2026-03-09 23:13:01,27,15,15,0,"fit: 6, efit: 2","fit: 6, efit: 2",,,,0,0,0,0,1,,
2026-03-10 00:02:17,27,15,15,0,"fit: 6, efit: 2","fit: 6, efit: 2",,,,0,0,0,0,1,,
2026-03-10 09:00:55,27,15,15,0,"fit: 6, efit: 3","fit: 6, efit: 3",,,,0,0,0,0,1,,
2026-03-10 18:35:22,27,15,15,0,"fit: 6, efit: 4","fit: 6, efit: 4",,,,0,0,0,0,1,,
2026-03-11 00:01:16,27,15,15,0,"fit: 6, efit: 4","fit: 6, efit: 4",,,,0,0,0,0,1,,
2026-03-11 07:22:29,27,15,15,0,"fit: 6, efit: 3","fit: 6, efit: 3",,,,0,0,0,0,1,,
2026-03-11 08:59:08,27,15,15,0,"fit: 6, efit: 4","fit: 6, efit: 4",,,,0,0,0,0,1,,
2026-03-11 11:23:08,27,15,15,0,"fit: 6, efit: 5","fit: 6, efit: 5",,,,0,0,0,0,1,,
2026-03-11 23:14:51,27,15,15,0,"fit: 6, efit: 4","fit: 6, efit: 4",,,,0,0,0,0,1,,
2026-03-12 00:00:05,27,15,15,0,"fit: 6, efit: 4","fit: 6, efit: 4",,,,0,0,0,0,1,,
2026-03-12 22:59:15,27,15,15,0,"fit: 6, efit: 3","fit: 6, efit: 3",,,,0,0,0,0,1,,
2026-03-12 23:03:18,27,15,15,0,"fit: 6, efit: 3","fit: 6, efit: 2",,,,0,0,0,0,1,,
2026-03-12 23:03:52,27,15,15,0,"fit: 6, efit: 3","fit: 6, efit: 3",,,,0,0,0,0,1,,
2026-03-13 00:03:27,27,15,15,0,"fit: 6, efit: 3","fit: 6, efit: 3",,,,0,0,0,0,1,,
2026-03-13 15:30:41,27,15,15,0,"fit: 6, efit: 4","fit: 6, efit: 4",,,,0,0,0,0,1,,
2026-03-13 17:31:42,27,15,15,0,"fit: 6, efit: 2","fit: 6, efit: 2",,,,0,0,0,0,1,,
2026-03-13 17:46:01,27,15,15,0,"fit: 6, efit: 1","fit: 6, efit: 1",,,,0,0,0,0,1,,
2026-03-13 18:16:05,27,15,15,0,"fit: 6, efit: 2","fit: 6, efit: 2",,,,0,0,0,0,1,,
2026-03-13 18:21:06,27,15,15,0,"fit: 6, efit: 4","fit: 6, efit: 4",,,,0,0,0,0,1,,
2026-03-14 00:01:55,27,15,15,0,"fit: 6, efit: 4","fit: 6, efit: 4",,,,0,0,0,0,1,,
2026-03-14 10:28:24,27,15,15,0,"fit: 6, efit: 7","fit: 6, efit: 7",,,,0,0,0,0,1,,
2026-03-14 12:03:38,27,15,15,0,"fit: 8, efit: 7","fit: 8, efit: 7",,,,0,0,0,0,1,,
2026-03-15 00:00:23,27,15,15,0,"fit: 8, efit: 7","fit: 8, efit: 7",,,,0,0,0,0,1,,
2026-03-15 14:32:29,27,15,15,0,"fit: 8, efit: 6","fit: 8, efit: 6",,,,0,0,0,0,1,,
2026-03-15 14:37:30,27,15,15,0,"fit: 3, efit: 6","fit: 3, efit: 6",,,,0,0,0,0,1,,
2026-03-15 14:57:33,27,15,15,0,"fit: 3, efit: 7","fit: 3, efit: 7",,,,0,0,0,0,1,,
2026-03-15 15:42:40,27,15,15,0,"fit: 3, efit: 6","fit: 3, efit: 6",,,,0,0,0,0,1,,
2026-03-15 17:52:59,27,15,15,0,"fit: 5, efit: 6","fit: 5, efit: 6",,,,0,0,0,0,1,,
2026-03-16 00:00:47,27,15,15,0,"fit: 5, efit: 6","fit: 5, efit: 6",,,,0,0,0,0,1,,
2026-03-16 09:05:12,27,15,15,0,"fit: 5, efit: 7","fit: 5, efit: 7",,,,0,0,0,0,1,,
2026-03-16 17:06:11,27,15,15,0,"fit: 5, efit: 6","fit: 5, efit: 6",,,,0,0,0,0,1,,
2026-03-16 23:02:09,27,15,15,0,"fit: 5, efit: 5","fit: 5, efit: 5",,,,0,0,0,0,1,,
2026-03-17 00:02:17,27,15,15,0,"fit: 5, efit: 5","fit: 5, efit: 5",,,,0,0,0,0,1,,
2026-03-17 23:00:32,27,15,15,0,"fit: 5, efit: 4","fit: 5, efit: 4",,,,0,0,0,0,1,,
2026-03-18 00:00:40,27,15,15,0,"fit: 5, efit: 4","fit: 5, efit: 4",,,,0,0,0,0,1,,
2026-03-18 09:14:31,27,15,15,0,"fit: 5, efit: 5","fit: 5, efit: 5",,,,0,0,0,0,1,,
2026-03-18 15:27:51,27,15,15,0,"fit: 5, efit: 6","fit: 5, efit: 6",,,,0,0,0,0,1,,
2026-03-18 15:40:36,27,15,15,0,"fit: 5, efit: 6","fit: 5, efit: 5",efit: 1,,,0,0,0,0,1,,
2026-03-18 15:41:07,27,15,15,0,"fit: 5, efit: 5","fit: 5, efit: 4",efit: 1,,,0,0,0,0,1,,
2026-03-18 17:26:27,27,15,15,0,"fit: 5, efit: 4","fit: 5, efit: 3",efit: 1,,,0,0,0,0,1,,
2026-03-19 00:01:57,27,15,15,0,"fit: 5, efit: 4","fit: 5, efit: 3",efit: 1,,,0,0,0,0,1,,
2026-03-19 14:00:24,27,15,15,0,"fit: 5, efit: 3","fit: 5, efit: 2",efit: 1,,,0,0,0,0,1,,
2026-03-19 14:04:14,27,15,15,0,"fit: 5, efit: 2","fit: 5, efit: 1",efit: 1,,,0,0,0,0,1,,
2026-03-19 14:36:05,27,15,15,0,"fit: 5, efit: 3","fit: 5, efit: 2",efit: 1,,,0,0,0,0,1,,
2026-03-19 14:39:20,27,15,15,0,"fit: 5, efit: 4","fit: 5, efit: 3",efit: 1,,,0,0,0,0,1,,
2026-03-19 14:59:24,27,15,15,0,"fit: 6, efit: 4","fit: 6, efit: 3",efit: 1,,,0,0,0,0,1,,
2026-03-19 15:01:09,27,15,15,0,"fit: 6, efit: 3","fit: 6, efit: 2",efit: 1,,,0,0,0,0,1,,
2026-03-19 15:29:28,27,15,15,0,"fit: 6, efit: 4","fit: 6, efit: 3",efit: 1,,,0,0,0,0,1,,
2026-03-19 19:21:27,27,15,15,0,"fit: 6, efit: 5","fit: 6, efit: 4",efit: 1,,,0,0,0,0,1,,
2026-03-19 23:15:48,27,15,15,0,"fit: 6, efit: 4","fit: 6, efit: 3",efit: 1,,,0,0,0,0,1,,
2026-03-20 00:00:55,27,15,15,0,"fit: 6, efit: 4","fit: 6, efit: 3",efit: 1,,,0,0,0,0,1,,
2026-03-20 14:28:18,27,15,15,1,"fit: 6, efit: 4","fit: 6, efit: 3",efit: 1,,,0,0,0,0,1,,
2026-03-20 14:58:23,27,15,15,0,"fit: 6, efit: 4","fit: 6, efit: 3",efit: 1,,,0,0,0,0,1,,
2026-03-20 15:39:42,27,15,15,0,"fit: 6, efit: 5","fit: 6, efit: 4",efit: 1,,,0,0,0,0,1,,
2026-03-20 20:35:26,27,15,15,0,"fit: 6, efit: 4","fit: 6, efit: 3",efit: 1,,,0,0,0,0,1,,
2026-03-21 00:00:56,27,15,15,0,"fit: 6, efit: 4","fit: 6, efit: 3",efit: 1,,,0,0,0,0,1,,
2026-03-21 09:46:30,27,15,15,0,"fit: 6, efit: 3","fit: 6, efit: 3",,,,0,0,0,0,1,,
2026-03-21 10:56:42,27,15,15,0,"fit: 6, efit: 4","fit: 6, efit: 4",,,,0,0,0,0,1,,
2026-03-21 11:42:38,27,15,15,0,"fit: 6, efit: 3","fit: 6, efit: 3",,,,0,0,0,0,1,,
2026-03-21 11:44:08,27,15,15,0,"fit: 6, efit: 2","fit: 6, efit: 2",,,,0,0,0,0,1,,
2026-03-21 12:19:15,27,15,15,0,"fit: 4, efit: 2","fit: 4, efit: 2",,,,0,0,0,0,1,,
2026-03-21 13:04:24,27,15,15,0,"fit: 4, efit: 3","fit: 4, efit: 3",,,,0,0,0,0,1,,
2026-03-21 13:22:06,27,15,15,0,"fit: 4, efit: 1","fit: 4, efit: 1",,,,0,0,0,0,1,,
2026-03-21 13:22:53,27,15,15,0,"fit: 4, efit: 2","fit: 4, efit: 2",,,,0,0,0,0,1,,
2026-03-21 13:24:27,27,15,15,0,"fit: 4, efit: 1","fit: 4, efit: 1",,,,0,0,0,0,1,,
2026-03-21 15:22:26,27,15,15,0,fit: 4,fit: 4,,,,0,0,0,0,1,,
2026-03-21 17:58:34,27,15,15,0,fit: 3,fit: 3,,,,0,0,0,0,1,,
2026-03-21 18:02:53,27,15,15,0,fit: 2,fit: 2,,,,0,0,0,0,1,,
2026-03-21 18:07:54,27,15,15,0,,,,,,0,0,0,0,1,,
2026-03-21 18:27:57,27,15,15,0,fit: 2,fit: 2,,,,0,0,0,0,1,,
2026-03-21 19:35:40,27,15,15,0,fit: 4,fit: 4,,,,0,0,0,0,1,,
2026-03-22 00:01:31,27,15,15,0,fit: 4,fit: 4,,,,0,0,0,0,1,,
2026-03-22 12:53:56,27,15,15,0,,,,,,0,0,0,0,1,,
2026-03-22 15:11:21,27,15,15,0,efit: 1,efit: 1,,,,0,0,0,0,1,,
2026-03-22 15:14:24,27,15,15,0,,,,,,0,0,0,0,1,,
2026-03-22 16:29:39,27,15,15,0,efit: 4,efit: 3,,,,0,0,0,0,1,,
2026-03-22 16:51:38,27,15,15,0,efit: 2,efit: 1,,,,0,0,0,0,1,,
2026-03-22 16:54:44,27,15,15,0,efit: 4,efit: 3,,,,0,0,0,0,1,,
2026-03-22 17:19:49,27,15,15,0,efit: 4,efit: 4,,,,0,0,0,0,1,,
2026-03-22 20:22:13,27,15,15,0,efit: 3,efit: 3,,,,0,0,0,0,1,,
2026-03-23 00:01:05,27,15,15,0,efit: 3,efit: 3,,,,0,0,0,0,1,,
2026-03-23 10:23:06,27,15,15,0,efit: 3,efit: 2,efit: 1,,,0,0,0,0,1,,
2026-03-23 18:39:42,27,15,15,0,efit: 2,efit: 1,efit: 1,,,0,0,0,0,1,,
2026-03-23 20:10:00,27,15,15,0,efit: 1,,efit: 1,,,0,0,0,0,1,,
2026-03-23 20:25:03,27,15,15,0,efit: 2,efit: 1,efit: 1,,,0,0,0,0,1,,
2026-03-23 22:15:25,27,15,15,0,efit: 1,,efit: 1,,,0,0,0,0,1,,
2026-03-24 00:00:45,27,15,15,0,efit: 1,,efit: 1,,,0,0,0,0,1,,
2026-03-24 15:21:30,27,15,15,0,"fit: 1, efit: 3","fit: 1, efit: 3",,,,0,0,0,0,1,,
2026-03-24 16:31:43,27,15,15,0,efit: 1,efit: 1,,,,0,0,0,0,1,,
2026-03-24 16:37:06,27,15,15,0,,,,,,0,0,0,0,1,,
2026-03-25 00:00:14,27,15,15,0,,,,,,0,0,0,0,1,,
2026-03-25 01:25:26,27,15,15,0,fit: 1,fit: 1,,,,0,0,0,0,1,,
2026-03-25 06:26:11,27,15,15,0,"fit: 5, efit: 1","fit: 5, efit: 1",,,,0,0,0,0,1,,
2026-03-25 14:37:26,27,15,15,0,"fit: 5, efit: 2","fit: 5, efit: 2",,,,0,0,0,0,1,,
2026-03-25 18:38:03,27,15,15,0,"fit: 5, efit: 5","fit: 5, efit: 5",,,,0,0,0,0,1,,
2026-03-25 18:48:44,27,15,15,0,"fit: 5, efit: 6","fit: 5, efit: 6",,,,0,0,0,0,1,,
2026-03-25 21:09:52,27,15,15,0,"fit: 5, efit: 5","fit: 5, efit: 5",,,,0,0,0,0,1,,
2026-03-25 21:13:26,27,15,15,0,"fit: 5, efit: 4","fit: 5, efit: 4",,,,0,0,0,0,1,,
2026-03-25 21:14:53,27,15,15,0,"fit: 5, efit: 3","fit: 5, efit: 3",,,,0,0,0,0,1,,
2026-03-25 21:29:12,27,15,15,0,"fit: 5, efit: 2","fit: 5, efit: 2",,,,0,0,0,0,1,,
2026-03-25 21:33:29,27,15,15,0,"fit: 5, efit: 3","fit: 5, efit: 3",,,,0,0,0,0,1,,
2026-03-25 21:39:58,27,15,15,0,"fit: 5, efit: 2","fit: 5, efit: 2",,,,0,0,0,0,1,,
2026-03-25 23:03:43,27,15,15,0,"fit: 5, efit: 1","fit: 5, efit: 1",,,,0,0,0,0,1,,
2026-03-26 00:00:26,27,15,15,0,"fit: 5, efit: 1","fit: 5, efit: 1",,,,0,0,0,0,1,,
2026-03-26 07:19:54,27,15,15,0,fit: 5,fit: 5,,,,0,0,0,0,1,,
2026-03-26 12:37:55,27,15,15,0,fit: 4,fit: 4,,,,0,0,0,0,1,,
2026-03-26 13:26:56,27,15,15,0,"fit: 4, efit: 1","fit: 4, efit: 1",,,,0,0,0,0,1,,
2026-03-26 15:41:12,27,15,15,0,"fit: 4, efit: 2","fit: 4, efit: 2",,,,0,0,0,0,1,,
2026-03-26 16:06:16,27,15,15,0,"fit: 4, efit: 3","fit: 4, efit: 3",,,,0,0,0,0,1,,
2026-03-26 16:07:25,27,15,15,0,"fit: 4, efit: 2","fit: 4, efit: 2",,,,0,0,0,0,1,,
2026-03-26 16:13:17,27,15,15,0,"fit: 4, efit: 3","fit: 4, efit: 3",,,,0,0,0,0,1,,
2026-03-26 16:16:17,27,15,15,0,"fit: 4, efit: 2","fit: 4, efit: 2",,,,0,0,0,0,1,,
2026-03-27 00:02:28,27,15,15,0,"fit: 4, efit: 2","fit: 4, efit: 2",,,,0,0,0,0,1,,
2026-03-27 20:27:24,27,15,15,0,"fit: 4, efit: 1","fit: 4, efit: 1",,,,0,0,0,0,1,,
2026-03-28 00:01:05,27,15,15,0,"fit: 4, efit: 1","fit: 4, efit: 1",,,,0,0,0,0,1,,
2026-03-28 17:17:53,27,15,15,0,fit: 4,fit: 4,,,,0,0,0,0,1,,
2026-03-28 18:28:07,27,15,15,0,"fit: 4, efit: 1","fit: 4, efit: 1",,,,0,0,0,0,1,,
2026-03-28 18:48:11,27,15,15,0,"fit: 4, efit: 2","fit: 4, efit: 2",,,,0,0,0,0,1,,
2026-03-29 00:02:14,27,15,15,0,"fit: 4, efit: 2","fit: 4, efit: 2",,,,0,0,0,0,1,,
2026-03-29 12:24:21,27,15,15,0,fit: 4,fit: 4,,,,0,0,0,0,1,,
2026-03-29 15:52:13,27,15,15,0,"fit: 4, efit: 2","fit: 4, efit: 2",,,,0,0,0,0,1,,
2026-03-29 20:03:03,27,15,15,0,"fit: 4, efit: 1","fit: 4, efit: 1",,,,0,0,0,0,1,,
2026-03-30 00:01:24,27,15,15,0,"fit: 4, efit: 1","fit: 4, efit: 1",,,,0,0,0,0,1,,
2026-03-30 16:59:21,27,15,15,0,"fit: 4, efit: 2","fit: 4, efit: 2",,,,0,0,0,0,1,,
2026-03-30 22:33:15,27,15,15,0,"fit: 4, efit: 1","fit: 4, efit: 1",,,,0,0,0,0,1,,
2026-03-31 00:00:36,27,15,15,0,"fit: 4, efit: 1","fit: 4, efit: 1",,,,0,0,0,0,1,,
2026-03-31 10:27:24,27,15,15,0,"fit: 4, efit: 2","fit: 4, efit: 2",,,,0,0,0,0,1,,
2026-03-31 11:58:30,27,15,15,0,"fit: 4, efit: 1","fit: 4, efit: 1",,,,0,0,0,0,1,,
2026-03-31 12:47:49,27,15,15,0,"fit: 4, efit: 2","fit: 4, efit: 2",,,,0,0,0,0,1,,
2026-03-31 18:32:12,27,15,15,0,fit: 4,fit: 4,,,,0,0,0,0,1,,
2026-03-31 19:03:55,27,15,15,0,"fit: 4, efit: 1","fit: 4, efit: 1",,,,0,0,0,0,1,,
2026-03-31 20:07:31,27,15,15,0,"fit: 4, efit: 3","fit: 4, efit: 3",,,,0,0,0,0,1,,
2026-03-31 21:02:42,27,15,15,0,"fit: 4, efit: 2","fit: 4, efit: 2",,,,0,0,0,0,1,,
2026-04-01 00:04:05,27,15,15,0,"fit: 4, efit: 2","fit: 4, efit: 2",,,,0,0,0,0,1,,
2026-04-01 12:56:26,27,15,15,0,"fit: 3, efit: 2","fit: 3, efit: 2",,,,0,0,0,0,1,,
2026-04-01 12:57:20,27,15,15,0,"fit: 2, efit: 2","fit: 2, efit: 2",,,,0,0,0,0,1,,
2026-04-01 15:56:56,27,15,15,0,"fit: 2, efit: 3","fit: 2, efit: 3",,,,0,0,0,0,1,,
2026-04-01 16:16:59,27,15,15,0,"fit: 2, efit: 5","fit: 2, efit: 5",,,,0,0,0,0,1,,
2026-04-01 17:02:07,27,15,15,1,"fit: 2, efit: 5","fit: 2, efit: 5",,,,0,0,0,0,1,,
2026-04-01 17:03:11,27,15,15,0,"fit: 2, efit: 5","fit: 2, efit: 5",,,,0,0,0,0,1,,
2026-04-01 17:22:10,27,15,15,0,"fit: 2, efit: 5","fit: 2, efit: 4",efit: 1,,,0,0,0,0,1,,
2026-04-02 00:03:17,27,15,15,0,"fit: 2, efit: 5","fit: 2, efit: 4",efit: 1,,,0,0,0,0,1,,
2026-04-02 15:27:51,27,15,15,0,"fit: 2, efit: 4","fit: 2, efit: 3",efit: 1,,,0,0,0,0,1,,
2026-04-02 15:30:49,27,15,15,0,"fit: 2, efit: 2","fit: 2, efit: 1",efit: 1,,,0,0,0,0,1,,
2026-04-02 15:56:54,27,15,15,0,"fit: 2, efit: 3","fit: 2, efit: 2",efit: 1,,,0,0,0,0,1,,
2026-04-02 16:46:03,27,15,15,0,"fit: 2, efit: 6","fit: 2, efit: 5",efit: 1,,,0,0,0,0,1,,
2026-04-02 17:07:09,27,15,15,0,"fit: 3, efit: 6","fit: 3, efit: 5",efit: 1,,,0,0,0,0,1,,
2026-04-02 17:08:13,27,15,15,0,"fit: 4, efit: 6","fit: 3, efit: 5","fit: 1, efit: 1",,,0,0,0,0,1,,
2026-04-02 19:41:33,27,15,15,0,"fit: 2, efit: 6","fit: 1, efit: 5","fit: 1, efit: 1",,,0,0,0,0,1,,
2026-04-02 22:59:27,27,15,15,0,"fit: 2, efit: 5","fit: 1, efit: 4","fit: 1, efit: 1",,,0,0,0,0,1,,
2026-04-02 23:07:07,27,15,15,0,"fit: 2, efit: 6","fit: 1, efit: 5","fit: 1, efit: 1",,,0,0,0,0,1,,
2026-04-03 00:02:16,27,15,15,0,"fit: 2, efit: 6","fit: 1, efit: 5","fit: 1, efit: 1",,,0,0,0,0,1,,
2026-04-03 02:17:37,27,15,15,0,"fit: 2, efit: 5","fit: 1, efit: 4","fit: 1, efit: 1",,,0,0,0,0,1,,
2026-04-03 07:31:11,27,15,15,0,"fit: 2, efit: 4","fit: 1, efit: 3","fit: 1, efit: 1",,,0,0,0,0,1,,
2026-04-03 13:59:32,27,15,15,0,"fit: 3, efit: 4","fit: 2, efit: 3","fit: 1, efit: 1",,,0,0,0,0,1,,
2026-04-03 14:01:26,27,15,15,0,"fit: 4, efit: 4","fit: 3, efit: 3","fit: 1, efit: 1",,,0,0,0,0,1,,
2026-04-03 15:21:43,27,15,15,0,"fit: 4, efit: 5","fit: 3, efit: 4","fit: 1, efit: 1",,,0,0,0,0,1,,
2026-04-03 16:38:06,27,15,15,0,"fit: 4, efit: 6","fit: 3, efit: 5","fit: 1, efit: 1",,,0,0,0,0,1,,
2026-04-03 16:57:03,27,15,15,0,"fit: 4, efit: 7","fit: 3, efit: 6","fit: 1, efit: 1",,,0,0,0,0,1,,
2026-04-03 18:20:18,27,15,15,0,"fit: 4, efit: 8","fit: 3, efit: 7","fit: 1, efit: 1",,,0,0,0,0,1,,
2026-04-03 18:22:21,27,15,15,0,"fit: 4, efit: 7","fit: 3, efit: 6","fit: 1, efit: 1",,,0,0,0,0,1,,
2026-04-03 18:52:28,27,15,15,0,"fit: 3, efit: 7","fit: 2, efit: 6","fit: 1, efit: 1",,,0,0,0,0,1,,
2026-04-03 20:10:36,27,15,15,0,"fit: 3, efit: 6","fit: 2, efit: 5","fit: 1, efit: 1",,,0,0,0,0,1,,
2026-04-03 20:28:57,27,15,15,0,"fit: 3, efit: 5","fit: 2, efit: 4","fit: 1, efit: 1",,,0,0,0,0,1,,
2026-04-03 20:50:43,27,15,15,0,"fit: 4, efit: 5","fit: 3, efit: 4","fit: 1, efit: 1",,,0,0,0,0,1,,
2026-04-03 21:59:14,27,15,15,0,"fit: 4, efit: 6","fit: 3, efit: 5","fit: 1, efit: 1",,,0,0,0,0,1,,
2026-04-04 00:01:13,27,15,15,0,"fit: 4, efit: 6","fit: 3, efit: 5","fit: 1, efit: 1",,,0,0,0,0,1,,
2026-04-04 08:45:03,27,15,15,0,"fit: 3, efit: 6","fit: 2, efit: 5","fit: 1, efit: 1",,,0,0,0,0,1,,
2026-04-04 08:47:30,27,15,15,0,"fit: 2, efit: 6","fit: 1, efit: 5","fit: 1, efit: 1",,,0,0,0,0,1,,
2026-04-04 08:52:31,27,15,15,0,"fit: 1, efit: 6",efit: 5,"fit: 1, efit: 1",,,0,0,0,0,1,,
2026-04-04 09:15:09,27,15,15,0,"fit: 1, efit: 7",efit: 6,"fit: 1, efit: 1",,,0,0,0,0,1,,
2026-04-04 09:16:24,27,15,15,0,"fit: 1, efit: 6",efit: 5,"fit: 1, efit: 1",,,0,0,0,0,1,,
2026-04-04 09:57:41,27,15,15,0,"fit: 3, efit: 6","fit: 2, efit: 5","fit: 1, efit: 1",,,0,0,0,0,1,,
2026-04-04 10:00:17,27,15,15,0,"fit: 4, efit: 6","fit: 3, efit: 5","fit: 1, efit: 1",,,0,0,0,0,1,,
2026-04-04 10:50:27,27,15,15,0,"fit: 4, efit: 5","fit: 3, efit: 4","fit: 1, efit: 1",,,0,0,0,0,1,,
2026-04-04 11:05:30,27,15,15,0,"fit: 4, efit: 6","fit: 3, efit: 5","fit: 1, efit: 1",,,0,0,0,0,1,,
2026-04-04 11:06:45,27,15,15,0,"fit: 4, efit: 5","fit: 3, efit: 4","fit: 1, efit: 1",,,0,0,0,0,1,,
2026-04-04 11:12:52,27,15,15,0,"fit: 4, efit: 6","fit: 3, efit: 5","fit: 1, efit: 1",,,0,0,0,0,1,,
2026-04-04 11:56:55,27,15,15,0,"fit: 4, efit: 5","fit: 3, efit: 4","fit: 1, efit: 1",,,0,0,0,0,1,,
2026-04-04 12:25:45,27,15,15,0,"fit: 4, efit: 6","fit: 3, efit: 5","fit: 1, efit: 1",,,0,0,0,0,1,,
2026-04-04 12:55:51,27,15,15,0,"fit: 4, efit: 5","fit: 3, efit: 4","fit: 1, efit: 1",,,0,0,0,0,1,,
2026-04-04 12:58:09,27,15,15,0,"fit: 4, efit: 4","fit: 3, efit: 3","fit: 1, efit: 1",,,0,0,0,0,1,,
2026-04-04 13:00:52,27,15,15,0,"fit: 4, efit: 3","fit: 3, efit: 2","fit: 1, efit: 1",,,0,0,0,0,1,,
2026-04-04 13:37:15,27,15,15,0,"fit: 4, efit: 1",fit: 3,"fit: 1, efit: 1",,,0,0,0,0,1,,
2026-04-04 14:16:06,27,15,15,0,"fit: 4, efit: 3","fit: 3, efit: 2","fit: 1, efit: 1",,,0,0,0,0,1,,
2026-04-04 14:17:23,27,15,15,0,"fit: 4, efit: 4","fit: 3, efit: 3","fit: 1, efit: 1",,,0,0,0,0,1,,
2026-04-04 14:18:21,27,15,15,0,"fit: 4, efit: 5","fit: 3, efit: 4","fit: 1, efit: 1",,,0,0,0,0,1,,
2026-04-04 14:58:27,27,15,15,0,"fit: 3, efit: 5","fit: 2, efit: 4","fit: 1, efit: 1",,,0,0,0,0,1,,
2026-04-04 15:01:15,27,15,15,0,"fit: 3, efit: 4","fit: 2, efit: 3","fit: 1, efit: 1",,,0,0,0,0,1,,
2026-04-04 15:06:16,27,15,15,0,"fit: 3, efit: 5","fit: 2, efit: 4","fit: 1, efit: 1",,,0,0,0,0,1,,
2026-04-04 15:12:33,27,15,15,0,"fit: 2, efit: 5","fit: 1, efit: 4","fit: 1, efit: 1",,,0,0,0,0,1,,
2026-04-04 16:53:45,27,15,15,0,"fit: 2, efit: 5","fit: 1, efit: 3","fit: 1, efit: 2",,,0,0,0,0,1,,
2026-04-04 17:07:56,27,15,15,0,"fit: 2, efit: 6","fit: 1, efit: 4","fit: 1, efit: 2",,,0,0,0,0,1,,
2026-04-04 17:08:47,27,15,15,0,"fit: 2, efit: 7","fit: 1, efit: 5","fit: 1, efit: 2",,,0,0,0,0,1,,
2026-04-04 17:28:00,27,15,15,0,"fit: 2, efit: 6","fit: 1, efit: 4","fit: 1, efit: 2",,,0,0,0,0,1,,
2026-04-04 17:28:51,27,15,15,0,"fit: 2, efit: 5","fit: 1, efit: 3","fit: 1, efit: 2",,,0,0,0,0,1,,
2026-04-04 19:37:08,27,15,15,0,"fit: 2, efit: 4","fit: 1, efit: 2","fit: 1, efit: 2",,,0,0,0,0,1,,
2026-04-04 19:38:26,27,15,15,0,"fit: 2, efit: 5","fit: 1, efit: 3","fit: 1, efit: 2",,,0,0,0,0,1,,
2026-04-04 19:43:27,27,15,15,0,"fit: 2, efit: 7","fit: 1, efit: 5","fit: 1, efit: 2",,,0,0,0,0,1,,
2026-04-04 19:57:12,27,15,15,0,"fit: 2, efit: 9","fit: 1, efit: 7","fit: 1, efit: 2",,,0,0,0,0,1,,
2026-04-04 20:57:24,27,15,15,0,"fit: 2, efit: 4","fit: 1, efit: 2","fit: 1, efit: 2",,,0,0,0,0,1,,
2026-04-04 20:58:42,27,15,15,0,"fit: 2, efit: 3","fit: 1, efit: 1","fit: 1, efit: 2",,,0,0,0,0,1,,
2026-04-04 23:57:57,27,15,15,0,"fit: 2, efit: 4","fit: 1, efit: 1","fit: 1, efit: 2",,,0,0,0,0,1,,
2026-04-05 00:02:58,27,15,15,0,"fit: 2, efit: 4","fit: 1, efit: 1","fit: 1, efit: 2",,,0,0,0,0,1,,
2026-04-05 00:53:07,27,15,15,0,"fit: 2, efit: 4","fit: 1, efit: 2","fit: 1, efit: 2",,,0,0,0,0,1,,
2026-04-05 10:51:17,27,15,15,0,"fit: 2, efit: 5","fit: 1, efit: 3","fit: 1, efit: 2",,,0,0,0,0,1,,
2026-04-05 12:10:09,27,15,15,0,"fit: 2, efit: 6","fit: 1, efit: 4","fit: 1, efit: 2",,,0,0,0,0,1,,
2026-04-05 13:31:47,27,15,15,0,"fit: 2, efit: 5","fit: 1, efit: 3","fit: 1, efit: 2",,,0,0,0,0,1,,
2026-04-05 16:46:01,27,15,15,0,"fit: 2, efit: 4","fit: 1, efit: 2","fit: 1, efit: 2",,,0,0,0,0,1,,
2026-04-05 16:47:15,27,15,15,0,"fit: 2, efit: 3","fit: 1, efit: 1","fit: 1, efit: 2",,,0,0,0,0,1,,
2026-04-05 16:57:16,27,15,15,0,"fit: 2, efit: 4","fit: 1, efit: 2","fit: 1, efit: 2",,,0,0,0,0,1,,
2026-04-05 16:57:24,27,15,15,0,"fit: 2, efit: 5","fit: 1, efit: 3","fit: 1, efit: 2",,,0,0,0,0,1,,
2026-04-05 18:07:27,27,15,15,0,"fit: 2, efit: 8","fit: 1, efit: 6","fit: 1, efit: 2",,,0,0,0,0,1,,
2026-04-06 00:02:21,27,15,15,0,"fit: 2, efit: 8","fit: 1, efit: 6","fit: 1, efit: 2",,,0,0,0,0,1,,
2026-04-07 00:02:03,27,15,15,0,"fit: 2, efit: 8","fit: 1, efit: 6","fit: 1, efit: 2",,,0,0,0,0,1,,
2026-04-07 06:48:04,27,15,15,0,"fit: 2, efit: 7","fit: 1, efit: 5","fit: 1, efit: 2",,,0,0,0,0,1,,
2026-04-07 08:43:22,27,15,15,0,"fit: 2, efit: 8","fit: 1, efit: 6","fit: 1, efit: 2",,,0,0,0,0,1,,
2026-04-07 11:43:51,27,15,15,0,"fit: 2, efit: 7","fit: 1, efit: 5","fit: 1, efit: 2",,,0,0,0,0,1,,
2026-04-07 12:33:59,27,15,15,0,"fit: 2, efit: 8","fit: 1, efit: 6","fit: 1, efit: 2",,,0,0,0,0,1,,
2026-04-07 14:49:49,27,15,15,0,"fit: 2, efit: 7","fit: 1, efit: 6","fit: 1, efit: 1",,,0,0,0,0,1,,
2026-04-07 14:51:32,27,15,15,0,"fit: 2, efit: 7","fit: 2, efit: 6",efit: 1,,,0,0,0,0,1,,
2026-04-07 15:44:30,27,15,15,0,"fit: 2, efit: 8","fit: 2, efit: 7",efit: 1,,,0,0,0,0,1,,
2026-04-07 21:20:25,27,15,15,0,"fit: 2, efit: 7","fit: 2, efit: 6",efit: 1,,,0,0,0,0,1,,
2026-04-07 22:50:39,27,15,15,0,"fit: 2, efit: 6","fit: 2, efit: 5",efit: 1,,,0,0,0,0,1,,
2026-04-08 00:00:50,27,15,15,0,"fit: 2, efit: 6","fit: 2, efit: 5",efit: 1,,,0,0,0,0,1,,
2026-04-08 08:42:11,27,15,15,0,"fit: 2, efit: 7","fit: 2, efit: 6",efit: 1,,,0,0,0,0,1,,
2026-04-08 09:48:32,27,15,15,0,"fit: 2, efit: 6","fit: 2, efit: 5",efit: 1,,,0,0,0,0,1,,
2026-04-08 09:52:22,27,15,15,0,"fit: 2, efit: 5","fit: 2, efit: 5",,,,0,0,0,0,1,,
2026-04-08 09:55:23,27,15,15,0,"fit: 1, efit: 5","fit: 1, efit: 5",,,,0,0,0,0,1,,
2026-04-08 09:57:23,27,15,15,0,"fit: 2, efit: 5","fit: 2, efit: 5",,,,0,0,0,0,1,,
2026-04-08 10:38:42,27,15,15,0,"fit: 1, efit: 5","fit: 1, efit: 5",,,,0,0,0,0,1,,
2026-04-08 10:45:34,27,15,15,0,"fit: 2, efit: 5","fit: 2, efit: 5",,,,0,0,0,0,1,,
2026-04-08 11:37:40,27,15,15,0,"fit: 2, efit: 3","fit: 2, efit: 3",,,,0,0,0,0,1,,
2026-04-08 11:50:47,27,15,15,0,"fit: 2, efit: 2","fit: 2, efit: 2",,,,0,0,0,0,1,,
2026-04-08 15:58:23,27,15,15,0,"fit: 2, efit: 1","fit: 2, efit: 1",,,,0,0,0,0,1,,
2026-04-08 17:01:52,27,15,15,0,"fit: 2, efit: 2","fit: 2, efit: 2",,,,0,0,0,0,1,,
2026-04-08 17:28:38,27,15,15,0,"fit: 2, efit: 1","fit: 2, efit: 1",,,,0,0,0,0,1,,
2026-04-08 18:47:15,27,15,15,0,"fit: 3, efit: 1","fit: 3, efit: 1",,,,0,0,0,0,1,,
2026-04-08 18:48:51,27,15,15,0,fit: 3,fit: 3,,,,0,0,0,0,1,,
2026-04-08 21:04:13,27,15,15,0,fit: 2,fit: 2,,,,0,0,0,0,1,,
2026-04-09 00:01:23,27,15,15,0,fit: 2,fit: 2,,,,0,0,0,0,1,,
2026-04-09 13:29:03,27,15,15,0,fit: 1,fit: 1,,,,0,0,0,0,1,,
2026-04-09 14:04:10,27,15,15,0,"fit: 1, efit: 1","fit: 1, efit: 1",,,,0,0,0,0,1,,
2026-04-10 00:01:10,27,15,15,0,"fit: 1, efit: 1","fit: 1, efit: 1",,,,0,0,0,0,1,,
2026-04-10 01:11:23,27,15,15,0,"fit: 1, efit: 2","fit: 1, efit: 2",,,,0,0,0,0,1,,
2026-04-10 06:32:23,27,15,15,0,"fit: 1, efit: 1","fit: 1, efit: 1",,,,0,0,0,0,1,,
2026-04-10 07:29:39,27,15,15,0,fit: 1,fit: 1,,,,0,0,0,0,1,,
2026-04-10 09:48:02,27,15,15,0,fit: 2,fit: 2,,,,0,0,0,0,1,,
2026-04-10 20:15:10,27,15,15,0,"fit: 2, efit: 1","fit: 2, efit: 1",,,,0,0,0,0,1,,
2026-04-11 00:00:53,27,15,15,0,"fit: 2, efit: 1","fit: 2, efit: 1",,,,0,0,0,0,1,,
2026-04-11 10:27:53,27,15,15,0,"fit: 2, efit: 2","fit: 2, efit: 2",,,,0,0,0,0,1,,
2026-04-11 10:38:58,27,15,15,0,"fit: 2, efit: 1","fit: 2, efit: 1",,,,0,0,0,0,1,,
2026-04-11 13:05:38,27,15,15,0,"fit: 2, efit: 2","fit: 2, efit: 2",,,,0,0,0,0,1,,
2026-04-11 14:00:50,27,15,15,0,"fit: 2, efit: 1","fit: 2, efit: 1",,,,0,0,0,0,1,,
2026-04-11 14:03:37,27,15,15,0,"fit: 1, efit: 1","fit: 1, efit: 1",,,,0,0,0,0,1,,
2026-04-11 17:31:36,27,15,15,0,"fit: 1, efit: 2","fit: 1, efit: 2",,,,0,0,0,0,1,,
2026-04-11 19:37:03,27,15,15,0,"fit: 1, efit: 3","fit: 1, efit: 3",,,,0,0,0,0,1,,
2026-04-11 19:42:04,27,15,15,0,"fit: 1, efit: 2","fit: 1, efit: 2",,,,0,0,0,0,1,,
2026-04-11 20:29:58,27,15,15,0,"fit: 3, efit: 2","fit: 3, efit: 2",,,,0,0,0,0,1,,
2026-04-11 21:20:47,27,15,15,0,"fit: 3, efit: 3","fit: 3, efit: 3",,,,0,0,0,0,1,,
2026-04-11 21:22:25,27,15,15,0,fit: 3,fit: 3,,,,0,0,0,0,1,,
2026-04-11 21:50:15,27,15,15,0,"fit: 3, efit: 2","fit: 3, efit: 2",,,,0,0,0,0,1,,
2026-04-11 21:52:32,27,15,15,0,"fit: 3, efit: 3","fit: 3, efit: 3",,,,0,0,0,0,1,,
2026-04-12 00:00:41,27,15,15,0,"fit: 3, efit: 3","fit: 3, efit: 3",,,,0,0,0,0,1,,
2026-04-12 02:08:25,27,15,15,0,"fit: 5, efit: 1","fit: 5, efit: 1",,,,0,0,0,0,1,,
2026-04-12 11:07:59,27,15,15,0,"fit: 4, efit: 1","fit: 4, efit: 1",,,,0,0,0,0,1,,
2026-04-12 12:45:36,27,15,15,0,"fit: 3, efit: 1","fit: 3, efit: 1",,,,0,0,0,0,1,,
2026-04-12 12:50:37,27,15,15,0,"fit: 2, efit: 1","fit: 2, efit: 1",,,,0,0,0,0,1,,
2026-04-12 13:30:45,27,15,15,0,"fit: 2, efit: 2","fit: 2, efit: 2",,,,0,0,0,0,1,,
2026-04-12 15:18:35,27,15,15,0,"fit: 2, efit: 1","fit: 2, efit: 1",,,,0,0,0,0,1,,
2026-04-12 15:58:42,27,15,15,0,fit: 2,fit: 2,,,,0,0,0,0,1,,
2026-04-13 00:00:02,27,15,15,0,fit: 2,fit: 2,,,,0,0,0,0,1,,
2026-04-13 00:35:07,27,15,15,0,fit: 1,fit: 1,,,,0,0,0,0,1,,
2026-04-13 00:40:08,27,15,15,0,,,,,,0,0,0,0,1,,
2026-04-13 02:18:26,27,15,15,0,efit: 1,efit: 1,,,,0,0,0,0,1,,
2026-04-13 02:20:25,27,15,15,0,efit: 2,efit: 2,,,,0,0,0,0,1,,
2026-04-13 07:06:48,27,15,15,0,efit: 1,efit: 1,,,,0,0,0,0,1,,
2026-04-13 16:21:26,27,15,15,0,efit: 2,efit: 2,,,,0,0,0,0,1,,
2026-04-13 17:21:39,27,15,15,0,efit: 1,efit: 1,,,,0,0,0,0,1,,
2026-04-13 17:26:40,27,15,15,0,,,,,,0,0,0,0,1,,
2026-04-13 19:44:24,27,15,15,0,efit: 2,efit: 2,,,,0,0,0,0,1,,
2026-04-13 19:47:12,27,15,15,0,"fit: 1, efit: 3","fit: 1, efit: 3",,,,0,0,0,0,1,,
2026-04-13 20:02:15,27,15,15,0,"fit: 1, efit: 2","fit: 1, efit: 2",,,,0,0,0,0,1,,
2026-04-13 20:28:27,27,15,15,0,"fit: 1, efit: 3","fit: 1, efit: 3",,,,0,0,0,0,1,,
2026-04-13 21:59:51,27,15,15,0,"fit: 1, efit: 2","fit: 1, efit: 2",,,,0,0,0,0,1,,
2026-04-13 22:02:40,27,15,15,0,"fit: 1, efit: 1","fit: 1, efit: 1",,,,0,0,0,0,1,,
2026-04-13 22:55:02,27,15,15,0,"fit: 1, efit: 2","fit: 1, efit: 2",,,,0,0,0,0,1,,
2026-04-14 00:00:15,27,15,15,0,"fit: 1, efit: 2","fit: 1, efit: 2",,,,0,0,0,0,1,,
2026-04-14 07:09:30,27,15,15,0,"fit: 1, efit: 1","fit: 1, efit: 1",,,,0,0,0,0,1,,
2026-04-14 07:31:42,27,15,15,0,fit: 1,fit: 1,,,,0,0,0,0,1,,
2026-04-14 08:56:59,27,15,15,0,"fit: 1, efit: 1","fit: 1, efit: 1",,,,0,0,0,0,1,,
2026-04-14 12:15:34,27,15,15,0,fit: 1,fit: 1,,,,0,0,0,0,1,,
2026-04-14 12:55:43,27,15,15,0,"fit: 1, efit: 1","fit: 1, efit: 1",,,,0,0,0,0,1,,
2026-04-14 15:21:14,27,15,15,0,"fit: 1, efit: 2","fit: 1, efit: 2",,,,0,0,0,0,1,,
2026-04-14 17:33:46,27,15,15,0,"fit: 1, efit: 1","fit: 1, efit: 1",,,,0,0,0,0,1,,
2026-04-14 20:37:23,27,15,15,0,fit: 1,fit: 1,,,,0,0,0,0,1,,
2026-04-15 00:00:03,27,15,15,0,fit: 1,fit: 1,,,,0,0,0,0,1,,
2026-04-15 07:14:02,27,15,15,0,,,,,,0,0,0,0,1,,
2026-04-15 08:24:13,27,15,15,0,efit: 1,efit: 1,,,,0,0,0,0,1,,
2026-04-15 09:39:57,27,15,15,0,"fit: 1, efit: 2","fit: 1, efit: 2",,,,0,0,0,0,1,,
2026-04-15 09:41:59,27,15,15,0,"fit: 3, efit: 3","fit: 3, efit: 3",,,,0,0,0,0,1,,
2026-04-15 14:55:18,27,15,15,0,"fit: 3, efit: 4","fit: 3, efit: 4",,,,0,0,0,0,1,,
2026-04-15 16:13:19,27,15,15,0,"fit: 3, efit: 5","fit: 3, efit: 5",,,,0,0,0,0,1,,
2026-04-15 16:33:23,27,15,15,0,"fit: 3, efit: 4","fit: 3, efit: 4",,,,0,0,0,0,1,,
2026-04-15 16:35:35,27,15,15,0,"fit: 3, efit: 5","fit: 3, efit: 5",,,,0,0,0,0,1,,
2026-04-15 20:21:12,27,15,15,0,"fit: 3, efit: 3","fit: 3, efit: 3",,,,0,0,0,0,1,,
2026-04-15 21:52:30,27,15,15,0,"fit: 3, efit: 4","fit: 3, efit: 4",,,,0,0,0,0,1,,
2026-04-15 22:51:37,27,15,15,0,"fit: 3, efit: 3","fit: 3, efit: 3",,,,0,0,0,0,1,,
2026-04-16 00:01:48,27,15,15,0,"fit: 3, efit: 3","fit: 3, efit: 3",,,,0,0,0,0,1,,
2026-04-16 11:37:08,27,15,15,0,"fit: 3, efit: 2","fit: 3, efit: 2",,,,0,0,0,0,1,,
2026-04-16 14:35:54,27,15,15,0,"fit: 3, efit: 3","fit: 3, efit: 3",,,,0,0,0,0,1,,
2026-04-16 14:37:45,27,15,15,0,"fit: 3, efit: 2","fit: 3, efit: 2",,,,0,0,0,0,1,,
2026-04-16 16:13:04,27,15,15,0,"fit: 3, efit: 3","fit: 3, efit: 3",,,,0,0,0,0,1,,
2026-04-16 18:48:35,27,15,15,0,"fit: 3, efit: 5","fit: 3, efit: 5",,,,0,0,0,0,1,,
2026-04-16 19:57:02,27,15,15,0,"fit: 3, efit: 7","fit: 3, efit: 7",,,,0,0,0,0,1,,
2026-04-16 19:58:50,27,15,15,0,"fit: 3, efit: 8","fit: 3, efit: 8",,,,0,0,0,0,1,,
2026-04-16 20:08:51,27,15,15,0,"fit: 3, efit: 6","fit: 3, efit: 6",,,,0,0,0,0,1,,
2026-04-16 20:10:03,27,15,15,0,"fit: 3, efit: 5","fit: 3, efit: 5",,,,0,0,0,0,1,,
2026-04-16 22:17:31,27,15,15,0,"fit: 3, efit: 4","fit: 3, efit: 4",,,,0,0,0,0,1,,
2026-04-17 00:00:40,27,15,15,0,"fit: 3, efit: 4","fit: 3, efit: 4",,,,0,0,0,0,1,,
2026-04-17 10:45:32,27,15,15,0,"fit: 3, efit: 5","fit: 3, efit: 5",,,,0,0,0,0,1,,
2026-04-17 15:47:26,27,15,15,0,"fit: 3, efit: 4","fit: 3, efit: 4",,,,0,0,0,0,1,,
2026-04-17 17:31:41,27,15,15,0,"fit: 3, efit: 3","fit: 3, efit: 3",,,,0,0,0,0,1,,
2026-04-17 18:56:56,27,15,15,0,"fit: 3, efit: 1","fit: 3, efit: 1",,,,0,0,0,0,1,,
2026-04-17 20:12:09,27,15,15,0,fit: 3,fit: 3,,,,0,0,0,0,1,,
2026-04-17 20:23:21,27,15,15,0,"fit: 3, efit: 2","fit: 3, efit: 2",,,,0,0,0,0,1,,
2026-04-17 20:27:52,27,15,15,0,fit: 3,fit: 3,,,,0,0,0,0,1,,
2026-04-17 21:18:02,27,15,15,0,fit: 2,fit: 2,,,,0,0,0,0,1,,
2026-04-17 22:17:29,27,15,15,0,"fit: 2, efit: 1","fit: 2, efit: 1",,,,0,0,0,0,1,,
2026-04-17 22:52:35,27,15,15,0,"fit: 2, efit: 2","fit: 2, efit: 2",,,,0,0,0,0,1,,
2026-04-17 23:58:35,27,15,15,0,"fit: 2, efit: 3","fit: 2, efit: 3",,,,0,0,0,0,1,,
2026-04-17 23:59:02,27,15,15,0,"fit: 2, efit: 4","fit: 2, efit: 4",,,,0,0,0,0,1,,
2026-04-18 00:02:47,27,15,15,0,"fit: 2, efit: 4","fit: 2, efit: 4",,,,0,0,0,0,1,,
2026-04-18 01:12:58,27,15,15,0,"fit: 2, efit: 8","fit: 2, efit: 8",,,,0,0,0,0,1,,
2026-04-18 11:04:30,27,15,15,0,"fit: 2, efit: 7","fit: 2, efit: 7",,,,0,0,0,0,1,,
2026-04-18 11:39:35,27,15,15,0,"fit: 2, efit: 6","fit: 2, efit: 6",,,,0,0,0,0,1,,
2026-04-18 12:16:04,27,15,15,0,"fit: 2, efit: 7","fit: 2, efit: 7",,,,0,0,0,0,1,,
2026-04-18 12:59:49,27,15,15,0,"fit: 3, efit: 6","fit: 3, efit: 6",,,,0,0,0,0,1,,
2026-04-18 13:04:49,27,15,15,0,"fit: 3, efit: 5","fit: 3, efit: 5",,,,0,0,0,0,1,,
2026-04-18 13:19:52,27,15,15,0,"fit: 3, efit: 6","fit: 3, efit: 6",,,,0,0,0,0,1,,
2026-04-18 13:29:53,27,15,15,0,"fit: 3, efit: 7","fit: 3, efit: 7",,,,0,0,0,0,1,,
2026-04-18 14:04:59,27,15,15,0,"fit: 3, efit: 6","fit: 3, efit: 6",,,,0,0,0,0,1,,
2026-04-18 14:06:27,27,15,15,0,"fit: 3, efit: 5","fit: 3, efit: 4",efit: 1,,,0,0,0,0,1,,
2026-04-18 14:40:05,27,15,15,0,"fit: 1, efit: 5","fit: 1, efit: 4",efit: 1,,,0,0,0,0,1,,
2026-04-18 15:26:43,27,15,15,0,"fit: 1, efit: 2","fit: 1, efit: 1",efit: 1,,,0,0,0,0,1,,
2026-04-18 15:30:13,27,15,15,0,efit: 1,,efit: 1,,,0,0,0,0,1,,
2026-04-18 16:45:26,27,15,15,0,efit: 2,efit: 1,efit: 1,,,0,0,0,0,1,,
2026-04-18 16:47:00,27,15,15,0,"fit: 1, efit: 4","fit: 1, efit: 3",efit: 1,,,0,0,0,0,1,,
2026-04-18 17:45:35,27,15,15,0,"fit: 1, efit: 7","fit: 1, efit: 6",efit: 1,,,0,0,0,0,1,,
2026-04-18 18:47:25,27,15,15,0,"fit: 1, efit: 8","fit: 1, efit: 7",efit: 1,,,0,0,0,0,1,,
2026-04-18 19:00:47,27,15,15,0,"fit: 2, efit: 9","fit: 2, efit: 8",efit: 1,,,0,0,0,0,1,,
2026-04-18 19:47:37,27,15,15,0,"fit: 2, efit: 8","fit: 2, efit: 7",efit: 1,,,0,0,0,0,1,,
2026-04-18 19:55:56,27,15,15,0,"fit: 2, efit: 9","fit: 2, efit: 8",efit: 1,,,0,0,0,0,1,,
2026-04-18 20:15:59,27,15,15,0,"fit: 2, efit: 8","fit: 2, efit: 7",efit: 1,,,0,0,0,0,1,,
2026-04-18 20:46:04,27,15,15,0,"fit: 2, efit: 7","fit: 2, efit: 6",efit: 1,,,0,0,0,0,1,,
2026-04-18 20:51:05,27,15,15,0,"fit: 2, efit: 6","fit: 2, efit: 5",efit: 1,,,0,0,0,0,1,,
2026-04-19 00:01:35,27,15,15,0,"fit: 2, efit: 6","fit: 2, efit: 5",efit: 1,,,0,0,0,0,1,,
2026-04-19 12:20:35,27,15,15,0,"fit: 2, efit: 7","fit: 2, efit: 6",efit: 1,,,0,0,0,0,1,,
2026-04-19 12:33:31,27,15,15,0,"fit: 2, efit: 6","fit: 2, efit: 5",efit: 1,,,0,0,0,0,1,,
2026-04-19 13:50:52,27,15,15,0,"fit: 2, efit: 5","fit: 2, efit: 4",efit: 1,,,0,0,0,0,1,,
2026-04-19 15:49:02,27,15,15,0,"fit: 1, efit: 5","fit: 1, efit: 4",efit: 1,,,0,0,0,0,1,,
2026-04-19 15:51:15,27,15,15,0,"fit: 1, efit: 4","fit: 1, efit: 3",efit: 1,,,0,0,0,0,1,,
2026-04-19 16:39:10,27,15,15,0,"fit: 2, efit: 5","fit: 2, efit: 4",efit: 1,,,0,0,0,0,1,,
2026-04-19 17:49:21,27,15,15,0,"fit: 2, efit: 3","fit: 2, efit: 2",efit: 1,,,0,0,0,0,1,,
2026-04-19 18:19:26,27,15,15,0,"fit: 2, efit: 5","fit: 2, efit: 4",efit: 1,,,0,0,0,0,1,,
2026-04-19 20:09:44,27,15,15,0,"fit: 2, efit: 6","fit: 2, efit: 5",efit: 1,,,0,0,0,0,1,,
2026-04-20 00:00:20,27,15,15,0,"fit: 2, efit: 6","fit: 2, efit: 5",efit: 1,,,0,0,0,0,1,,
2026-04-20 11:50:02,27,15,15,0,"fit: 2, efit: 5","fit: 2, efit: 4",efit: 1,,,0,0,0,0,1,,
2026-04-20 15:40:47,27,15,15,0,"fit: 2, efit: 6","fit: 2, efit: 5",efit: 1,,,0,0,0,0,1,,
2026-04-20 17:56:13,27,15,15,0,"fit: 3, efit: 5","fit: 3, efit: 4",efit: 1,,,0,0,0,0,1,,
2026-04-21 00:02:22,27,15,15,0,"fit: 3, efit: 5","fit: 3, efit: 4",efit: 1,,,0,0,0,0,1,,
2026-04-21 11:25:29,27,15,15,0,"fit: 3, efit: 4","fit: 3, efit: 4",,,,0,0,0,0,1,,
2026-04-21 11:41:03,27,15,15,0,"fit: 3, efit: 3","fit: 3, efit: 3",,,,0,0,0,0,1,,
2026-04-21 12:56:15,27,15,15,0,"fit: 3, efit: 2","fit: 3, efit: 2",,,,0,0,0,0,1,,
2026-04-21 18:06:53,27,15,15,0,"fit: 3, efit: 1","fit: 3, efit: 1",,,,0,0,0,0,1,,
2026-04-21 19:16:03,27,15,15,0,"fit: 4, efit: 1","fit: 4, efit: 1",,,,0,0,0,0,1,,
2026-04-21 21:11:25,27,15,15,0,fit: 4,fit: 4,,,,0,0,0,0,1,,
2026-04-22 00:01:57,27,15,15,0,fit: 4,fit: 4,,,,0,0,0,0,1,,
2026-04-22 09:48:46,27,15,15,0,fit: 5,fit: 5,,,,0,0,0,0,1,,
2026-04-22 09:49:31,27,15,15,0,"fit: 5, efit: 1","fit: 5, efit: 1",,,,0,0,0,0,1,,
2026-04-22 09:50:01,27,15,15,0,"fit: 7, efit: 1","fit: 7, efit: 1",,,,0,0,0,0,1,,
2026-04-22 09:53:47,27,15,15,0,"fit: 9, efit: 1","fit: 9, efit: 1",,,,0,0,0,0,1,,
2026-04-22 11:34:10,27,15,15,0,"fit: 9, efit: 2","fit: 9, efit: 2",,,,0,0,0,0,1,,
2026-04-22 13:44:35,27,15,15,0,"fit: 10, efit: 3","fit: 10, efit: 3",,,,0,0,0,0,1,,
2026-04-22 13:45:52,27,15,15,0,"fit: 10, efit: 2","fit: 10, efit: 2",,,,0,0,0,0,1,,
2026-04-22 13:49:36,27,15,15,0,fit: 10,fit: 10,,,,0,0,0,0,1,,
2026-04-22 19:21:37,27,15,15,0,fit: 9,fit: 9,,,,0,0,0,0,1,,
2026-04-22 19:25:42,27,15,15,0,fit: 8,fit: 8,,,,0,0,0,0,1,,
2026-04-22 19:30:42,27,15,15,0,fit: 3,fit: 3,,,,0,0,0,0,1,,
2026-04-22 19:31:39,27,15,15,0,fit: 2,fit: 2,,,,0,0,0,0,1,,
2026-04-22 23:01:15,27,15,15,0,fit: 4,fit: 4,,,,0,0,0,0,1,,
2026-04-23 00:01:24,27,15,15,0,fit: 4,fit: 4,,,,0,0,0,0,1,,
2026-04-23 08:52:39,27,15,15,0,"fit: 4, efit: 1","fit: 4, efit: 1",,,,0,0,0,0,1,,
2026-04-23 10:39:29,27,15,15,0,fit: 4,fit: 4,,,,0,0,0,0,1,,
2026-04-23 10:44:30,27,15,15,0,"fit: 5, efit: 1","fit: 5, efit: 1",,,,0,0,0,0,1,,
2026-04-23 10:47:56,27,15,15,0,"fit: 6, efit: 2","fit: 6, efit: 1",,,,0,0,0,0,1,,
2026-04-23 11:28:02,27,15,15,0,"fit: 6, efit: 2","fit: 6, efit: 2",,,,0,0,0,0,1,,
2026-04-23 11:33:03,27,15,15,0,fit: 5,fit: 5,,,,0,0,0,0,1,,
2026-04-23 12:13:09,27,15,15,0,fit: 4,fit: 4,,,,0,0,0,0,1,,
2026-04-23 15:48:41,27,15,15,0,"fit: 4, efit: 1","fit: 4, efit: 1",,,,0,0,0,0,1,,
2026-04-23 16:15:14,27,15,15,0,"fit: 4, efit: 2","fit: 4, efit: 2",,,,0,0,0,0,1,,
2026-04-23 17:08:54,27,15,15,0,"fit: 4, efit: 3","fit: 4, efit: 3",,,,0,0,0,0,1,,
2026-04-23 17:35:51,27,15,15,0,"fit: 4, efit: 2","fit: 4, efit: 2",,,,0,0,0,0,1,,
2026-04-23 18:05:39,27,15,15,0,"fit: 3, efit: 2","fit: 3, efit: 2",,,,0,0,0,0,1,,
2026-04-23 18:09:05,27,15,15,0,"fit: 2, efit: 2","fit: 2, efit: 2",,,,0,0,0,0,1,,
2026-04-23 18:24:08,27,15,15,0,"fit: 2, efit: 1","fit: 2, efit: 1",,,,0,0,0,0,1,,
2026-04-23 18:29:09,27,15,15,0,"fit: 5, efit: 1","fit: 5, efit: 1",,,,0,0,0,0,1,,
2026-04-23 18:40:47,27,15,15,0,"fit: 6, efit: 2","fit: 6, efit: 2",,,,0,0,0,0,1,,
2026-04-23 18:44:11,27,15,15,0,"fit: 6, efit: 3","fit: 6, efit: 3",,,,0,0,0,0,1,,
2026-04-23 19:19:17,27,15,15,0,"fit: 6, efit: 2","fit: 6, efit: 2",,,,0,0,0,0,1,,
2026-04-23 19:25:58,27,15,15,0,"fit: 6, efit: 3","fit: 6, efit: 3",,,,0,0,0,0,1,,
2026-04-23 19:29:19,27,15,15,0,"fit: 6, efit: 2","fit: 6, efit: 2",,,,0,0,0,0,1,,
2026-04-23 20:26:12,27,15,15,0,"fit: 3, efit: 2","fit: 3, efit: 2",,,,0,0,0,0,1,,
2026-04-23 20:36:14,27,15,15,0,fit: 3,fit: 3,,,,0,0,0,0,1,,
2026-04-23 20:59:34,27,15,15,0,fit: 2,fit: 2,,,,0,0,0,0,1,,
2026-04-23 21:41:28,27,15,15,0,"fit: 2, efit: 2","fit: 2, efit: 2",,,,0,0,0,0,1,,
2026-04-23 22:14:45,27,15,15,0,"fit: 2, efit: 4","fit: 2, efit: 4",,,,0,0,0,0,1,,
2026-04-23 22:41:41,27,15,15,0,fit: 1,fit: 1,,,,0,0,0,0,1,,
2026-04-23 22:41:53,27,15,15,0,,,,,,0,0,0,0,1,,
2026-04-24 00:00:02,27,15,15,0,,,,,,0,0,0,0,1,,
2026-04-24 10:18:56,27,15,15,0,efit: 5,efit: 5,,,,0,0,0,0,1,,
2026-04-24 11:11:42,27,15,15,0,"fit: 1, efit: 5","fit: 1, efit: 5",,,,0,0,0,0,1,,
2026-04-24 12:04:17,27,15,15,0,efit: 5,efit: 5,,,,0,0,0,0,1,,
2026-04-24 13:22:03,27,15,15,0,efit: 4,efit: 4,,,,0,0,0,0,1,,
2026-04-24 14:22:11,27,15,15,0,efit: 5,efit: 5,,,,0,0,0,0,1,,
2026-04-24 14:57:16,27,15,15,0,efit: 4,efit: 4,,,,0,0,0,0,1,,
2026-04-24 14:59:50,27,15,15,0,efit: 2,efit: 2,,,,0,0,0,0,1,,
2026-04-24 15:39:58,27,15,15,0,efit: 3,efit: 3,,,,0,0,0,0,1,,
2026-04-24 15:50:01,27,15,15,0,efit: 1,efit: 1,,,,0,0,0,0,1,,
2026-04-24 17:05:16,27,15,15,0,efit: 2,efit: 2,,,,0,0,0,0,1,,
2026-04-24 17:45:23,27,15,15,0,efit: 1,efit: 1,,,,0,0,0,0,1,,
2026-04-24 18:00:26,27,15,15,0,,,,,,0,0,0,0,1,,
2026-04-24 18:35:33,27,15,15,0,fit: 2,fit: 2,,,,0,0,0,0,1,,
2026-04-24 18:50:36,27,15,15,0,fit: 3,fit: 3,,,,0,0,0,0,1,,
2026-04-24 20:38:09,27,15,15,0,fit: 2,fit: 2,,,,0,0,0,0,1,,
2026-04-25 00:01:35,27,15,15,0,fit: 2,fit: 2,,,,0,0,0,0,1,,
2026-04-25 09:53:21,27,15,15,0,"fit: 7, efit: 1","fit: 7, efit: 1",,,,0,0,0,0,1,,
2026-04-25 11:50:18,27,15,15,0,fit: 7,fit: 7,,,,0,0,0,0,1,,
2026-04-25 12:53:54,27,15,15,0,fit: 8,fit: 8,,,,0,0,0,0,1,,
2026-04-25 15:24:22,27,15,15,0,"fit: 8, efit: 1","fit: 8, efit: 1",,,,0,0,0,0,1,,
2026-04-25 15:34:24,27,15,15,0,"fit: 8, efit: 2","fit: 8, efit: 2",,,,0,0,0,0,1,,
2026-04-25 16:15:13,27,15,15,0,"fit: 8, efit: 4","fit: 8, efit: 4",,,,0,0,0,0,1,,
2026-04-25 16:49:39,27,15,15,0,"fit: 8, efit: 3","fit: 8, efit: 3",,,,0,0,0,0,1,,
2026-04-25 16:50:20,27,15,15,0,"fit: 8, efit: 2","fit: 8, efit: 2",,,,0,0,0,0,1,,
2026-04-25 16:54:40,27,15,15,0,"fit: 7, efit: 1","fit: 7, efit: 1",,,,0,0,0,0,1,,
2026-04-25 16:59:41,27,15,15,0,fit: 7,fit: 7,,,,0,0,0,0,1,,
2026-04-25 17:00:22,27,15,15,0,fit: 8,fit: 8,,,,0,0,0,0,1,,
2026-04-25 17:10:24,27,15,15,0,"fit: 8, efit: 1","fit: 8, efit: 1",,,,0,0,0,0,1,,
2026-04-25 17:11:06,27,15,15,0,"fit: 8, efit: 2","fit: 8, efit: 2",,,,0,0,0,0,1,,
2026-04-25 17:14:44,27,15,15,0,"fit: 9, efit: 3","fit: 9, efit: 3",,,,0,0,0,0,1,,
2026-04-25 17:24:46,27,15,15,0,"fit: 9, efit: 2","fit: 9, efit: 2",,,,0,0,0,0,1,,
2026-04-25 17:34:48,27,15,15,0,fit: 9,fit: 9,,,,0,0,0,0,1,,
2026-04-25 17:35:30,27,15,15,0,fit: 8,fit: 8,,,,0,0,0,0,1,,
2026-04-25 17:44:50,27,15,15,0,"fit: 8, efit: 1","fit: 8, efit: 1",,,,0,0,0,0,1,,
2026-04-25 17:50:33,27,15,15,0,"fit: 9, efit: 1","fit: 9, efit: 1",,,,0,0,0,0,1,,
2026-04-25 17:54:52,27,15,15,0,"fit: 9, efit: 3","fit: 9, efit: 3",,,,0,0,0,0,1,,
2026-04-25 18:34:59,27,15,15,0,"fit: 11, efit: 3","fit: 11, efit: 3",,,,0,0,0,0,1,,
2026-04-25 18:40:00,27,15,15,0,"fit: 12, efit: 3","fit: 12, efit: 3",,,,0,0,0,0,1,,
2026-04-25 19:50:14,27,15,15,0,"fit: 12, efit: 2","fit: 12, efit: 2",,,,0,0,0,0,1,,
2026-04-25 19:56:31,27,15,15,0,"fit: 12, efit: 1","fit: 12, efit: 1",,,,0,0,0,0,1,,
2026-04-25 21:10:29,27,15,15,0,fit: 12,fit: 12,,,,0,0,0,0,1,,
2026-04-26 00:01:01,27,15,15,0,fit: 12,fit: 12,,,,0,0,0,0,1,,
2026-04-26 10:53:35,27,15,15,0,"fit: 12, efit: 2","fit: 12, efit: 2",,,,0,0,0,0,1,,
2026-04-26 10:58:00,27,15,15,0,"fit: 10, efit: 2","fit: 10, efit: 2",,,,0,0,0,0,1,,
2026-04-26 10:58:35,27,15,15,0,"fit: 9, efit: 4","fit: 9, efit: 2",,,,0,0,0,0,1,,
2026-04-26 10:59:02,27,15,15,0,"fit: 7, efit: 4","fit: 7, efit: 2",,,,0,0,0,0,1,,
2026-04-26 11:03:01,27,15,15,0,"fit: 5, efit: 5","fit: 5, efit: 2",,,,0,0,0,0,1,,
2026-04-26 11:24:07,27,15,15,0,"fit: 5, efit: 6","fit: 5, efit: 3",,,,0,0,0,0,1,,
2026-04-26 11:33:07,27,15,15,0,"fit: 5, efit: 6","fit: 5, efit: 5",,,,0,0,0,0,1,,
2026-04-26 11:58:11,27,15,15,0,"fit: 5, efit: 6","fit: 5, efit: 6",,,,0,0,0,0,1,,
2026-04-26 14:48:45,27,15,15,0,"fit: 5, efit: 7","fit: 5, efit: 7",,,,0,0,0,0,1,,
2026-04-26 15:59:21,27,15,15,0,"fit: 5, efit: 6","fit: 5, efit: 6",,,,0,0,0,0,1,,
2026-04-26 16:44:08,27,15,15,0,"fit: 5, efit: 7","fit: 5, efit: 7",,,,0,0,0,0,1,,
2026-04-26 16:55:20,27,15,15,0,"fit: 5, efit: 6","fit: 5, efit: 6",,,,0,0,0,0,1,,
2026-04-26 17:54:22,27,15,15,0,"fit: 5, efit: 7","fit: 5, efit: 7",,,,0,0,0,0,1,,
2026-04-26 18:50:45,27,15,15,0,"fit: 5, efit: 8","fit: 5, efit: 8",,,,0,0,0,0,1,,
2026-04-26 18:54:34,27,15,15,0,"fit: 5, efit: 7","fit: 5, efit: 7",,,,0,0,0,0,1,,
2026-04-27 00:00:31,27,15,15,0,"fit: 5, efit: 7","fit: 5, efit: 7",,,,0,0,0,0,1,,
2026-04-27 11:47:19,27,15,15,0,"fit: 5, efit: 6","fit: 5, efit: 6",,,,0,0,0,0,1,,
2026-04-27 12:02:21,27,15,15,0,"fit: 5, efit: 7","fit: 5, efit: 7",,,,0,0,0,0,1,,
2026-04-27 14:22:42,27,15,15,0,"fit: 5, efit: 6","fit: 5, efit: 6",,,,0,0,0,0,1,,
2026-04-27 15:50:10,27,15,15,0,"fit: 5, efit: 7","fit: 5, efit: 7",,,,0,0,0,0,1,,
2026-04-27 16:53:47,27,15,15,0,"fit: 5, efit: 8","fit: 5, efit: 8",,,,0,0,0,0,1,,
2026-04-27 18:00:40,27,15,15,0,"fit: 6, efit: 8","fit: 6, efit: 8",,,,0,0,0,0,1,,
2026-04-27 18:23:24,27,15,15,0,"fit: 5, efit: 8","fit: 5, efit: 8",,,,0,0,0,0,1,,
2026-04-27 18:38:26,27,15,15,0,"fit: 5, efit: 7","fit: 5, efit: 7",,,,0,0,0,0,1,,
2026-04-27 18:50:51,27,15,15,0,"fit: 5, efit: 6","fit: 5, efit: 6",,,,0,0,0,0,1,,
2026-04-27 23:25:06,27,15,15,0,"fit: 5, efit: 3","fit: 5, efit: 3",,,,0,0,0,0,1,,
2026-04-27 23:59:14,27,15,15,0,"fit: 5, efit: 6","fit: 5, efit: 6",,,,0,0,0,0,1,,
2026-04-28 00:00:12,27,15,15,0,"fit: 5, efit: 6","fit: 5, efit: 6",,,,0,0,0,0,1,,
2026-04-28 08:36:49,27,15,15,0,"fit: 5, efit: 7","fit: 5, efit: 7",,,,0,0,0,0,1,,
2026-04-28 11:40:57,27,15,15,0,"fit: 5, efit: 6","fit: 5, efit: 6",,,,0,0,0,0,1,,
2026-04-28 14:26:24,27,15,15,0,"fit: 5, efit: 7","fit: 5, efit: 7",,,,0,0,0,0,1,,
2026-04-28 16:36:44,27,15,15,0,"fit: 5, efit: 6","fit: 5, efit: 6",,,,0,0,0,0,1,,
2026-04-28 16:45:25,27,15,15,0,"fit: 5, efit: 7","fit: 5, efit: 7",,,,0,0,0,0,1,,
2026-04-28 17:03:28,27,15,15,0,"fit: 5, efit: 6","fit: 5, efit: 6",,,,0,0,0,0,1,,
2026-04-28 21:06:21,27,15,15,0,"fit: 4, efit: 6","fit: 4, efit: 6",,,,0,0,0,0,1,,
2026-04-28 22:29:33,27,15,15,0,"fit: 4, efit: 5","fit: 4, efit: 5",,,,0,0,0,0,1,,
2026-04-28 22:31:39,27,15,15,0,"fit: 4, efit: 4","fit: 4, efit: 4",,,,0,0,0,0,1,,
2026-04-28 22:34:34,27,15,15,0,"fit: 4, efit: 5","fit: 4, efit: 5",,,,0,0,0,0,1,,
2026-04-28 22:37:40,27,15,15,0,"fit: 4, efit: 6","fit: 4, efit: 6",,,,0,0,0,0,1,,
2026-04-28 22:42:40,27,15,15,0,"fit: 4, efit: 5","fit: 4, efit: 5",,,,0,0,0,0,1,,
2026-04-28 22:54:37,27,15,15,0,"fit: 4, efit: 4","fit: 4, efit: 4",,,,0,0,0,0,1,,
2026-04-29 00:01:57,27,15,15,0,"fit: 4, efit: 4","fit: 4, efit: 4",,,,0,0,0,0,1,,
2026-04-29 08:31:25,27,15,15,0,"fit: 4, efit: 5","fit: 4, efit: 5",,,,0,0,0,0,1,,
2026-04-29 11:14:13,27,15,15,0,"fit: 5, efit: 5","fit: 5, efit: 5",,,,0,0,0,0,1,,
2026-04-29 11:24:15,27,15,15,0,"fit: 4, efit: 5","fit: 4, efit: 5",,,,0,0,0,0,1,,
2026-04-29 11:29:16,27,15,15,0,"fit: 5, efit: 5","fit: 5, efit: 5",,,,0,0,0,0,1,,
2026-04-29 11:37:01,27,15,15,0,"fit: 5, efit: 4","fit: 5, efit: 4",,,,0,0,0,0,1,,
2026-04-29 16:30:15,27,15,15,0,"fit: 5, efit: 3","fit: 5, efit: 3",,,,0,0,0,0,1,,
2026-04-29 18:30:32,27,15,15,0,"fit: 5, efit: 4","fit: 5, efit: 4",,,,0,0,0,0,1,,
2026-04-29 18:30:39,27,15,15,0,"fit: 5, efit: 5","fit: 5, efit: 5",,,,0,0,0,0,1,,
2026-04-29 22:09:00,27,15,15,0,"fit: 5, efit: 4","fit: 5, efit: 4",,,,0,0,0,0,1,,
2026-04-29 22:14:01,27,15,15,0,"fit: 5, efit: 5","fit: 5, efit: 5",,,,0,0,0,0,1,,
2026-04-30 00:01:21,27,15,15,0,"fit: 5, efit: 5","fit: 5, efit: 5",,,,0,0,0,0,1,,
2026-04-30 07:32:23,27,15,15,0,"fit: 5, efit: 4","fit: 5, efit: 4",,,,0,0,0,0,1,,
2026-04-30 10:16:14,27,15,15,0,"fit: 4, efit: 4","fit: 4, efit: 4",,,,0,0,0,0,1,,
2026-04-30 10:21:15,27,15,15,0,"fit: 5, efit: 4","fit: 5, efit: 4",,,,0,0,0,0,1,,
2026-04-30 11:41:31,27,15,15,0,"fit: 5, efit: 3","fit: 5, efit: 3",,,,0,0,0,0,1,,
2026-04-30 14:48:27,27,15,15,0,"fit: 5, efit: 4","fit: 5, efit: 4",,,,0,0,0,0,1,,
2026-04-30 16:53:45,27,15,15,0,"fit: 5, efit: 3","fit: 5, efit: 3",,,,0,0,0,0,1,,
2026-05-01 00:01:41,27,15,15,0,"fit: 5, efit: 3","fit: 5, efit: 3",,,,0,0,0,0,1,,
2026-05-01 07:30:32,27,15,15,0,"fit: 5, efit: 2","fit: 5, efit: 2",,,,0,0,0,0,1,,
2026-05-01 15:24:47,27,15,15,0,"fit: 5, efit: 3","fit: 5, efit: 3",,,,0,0,0,0,1,,
2026-05-01 18:12:35,27,15,15,0,"fit: 4, efit: 3","fit: 4, efit: 3",,,,0,0,0,0,1,,
2026-05-01 18:32:38,27,15,15,0,"fit: 4, efit: 2","fit: 4, efit: 2",,,,0,0,0,0,1,,
2026-05-01 22:33:17,27,15,15,0,"fit: 4, efit: 1","fit: 4, efit: 1",,,,0,0,0,0,1,,
2026-05-02 00:03:31,27,15,15,0,"fit: 4, efit: 1","fit: 4, efit: 1",,,,0,0,0,0,1,,
2026-05-02 13:30:39,27,15,15,0,"fit: 2, efit: 1","fit: 2, efit: 1",,,,0,0,0,0,1,,
2026-05-02 14:05:46,27,15,15,0,"fit: 2, efit: 5","fit: 2, efit: 5",,,,0,0,0,0,1,,
2026-05-02 15:02:26,27,15,15,0,"fit: 2, efit: 6","fit: 2, efit: 6",,,,0,0,0,0,1,,
2026-05-02 16:47:47,27,15,15,0,"fit: 2, efit: 5","fit: 2, efit: 5",,,,0,0,0,0,1,,
2026-05-02 17:17:53,27,15,15,0,"fit: 2, efit: 7","fit: 2, efit: 7",,,,0,0,0,0,1,,
2026-05-02 18:18:06,27,15,15,0,"fit: 2, efit: 6","fit: 2, efit: 6",,,,0,0,0,0,1,,
2026-05-02 18:33:09,27,15,15,0,"fit: 2, efit: 7","fit: 2, efit: 7",,,,0,0,0,0,1,,
2026-05-02 18:53:13,27,15,15,0,"fit: 2, efit: 9","fit: 2, efit: 9",,,,0,0,0,0,1,,
2026-05-02 22:38:57,27,15,15,0,"fit: 2, efit: 8","fit: 2, efit: 8",,,,0,0,0,0,1,,
2026-05-02 23:09:03,27,15,15,0,"fit: 2, efit: 7","fit: 2, efit: 7",,,,0,0,0,0,1,,
2026-05-03 00:04:14,27,15,15,0,"fit: 2, efit: 7","fit: 2, efit: 7",,,,0,0,0,0,1,,
2026-05-03 08:00:45,27,15,15,0,"fit: 2, efit: 8","fit: 2, efit: 8",,,,0,0,0,0,1,,
2026-05-03 08:10:47,27,15,15,1,"fit: 3, efit: 9","fit: 3, efit: 9",,,,0,0,0,0,1,,
2026-05-03 08:15:48,27,15,15,0,"fit: 3, efit: 10","fit: 3, efit: 9",,,,0,0,0,0,1,,
2026-05-03 08:20:49,27,15,15,0,"fit: 3, efit: 11","fit: 3, efit: 10",,,,0,0,0,0,1,,
2026-05-03 08:30:52,27,15,15,0,"fit: 3, efit: 12","fit: 3, efit: 10",,,,0,0,0,0,1,,
2026-05-03 08:55:57,27,15,15,0,"fit: 3, efit: 12","fit: 3, efit: 11",,,,0,0,0,0,1,,
2026-05-03 09:00:58,27,15,15,0,"fit: 3, efit: 11","fit: 3, efit: 10",,,,0,0,0,0,1,,
2026-05-03 09:26:03,27,15,15,0,"fit: 3, efit: 12","fit: 3, efit: 12",,,,0,0,0,0,1,,
2026-05-03 09:31:04,27,15,15,0,"fit: 3, efit: 11","fit: 3, efit: 11",,,,0,0,0,0,1,,
2026-05-03 10:06:12,27,15,15,0,"fit: 3, efit: 10","fit: 3, efit: 10",,,,0,0,0,0,1,,
2026-05-03 10:11:13,27,15,15,0,"fit: 3, efit: 11","fit: 3, efit: 11",,,,0,0,0,0,1,,
2026-05-03 10:36:18,27,15,15,0,"fit: 3, efit: 10","fit: 3, efit: 10",,,,0,0,0,0,1,,
2026-05-03 12:46:46,27,15,15,0,"fit: 3, efit: 8","fit: 3, efit: 8",,,,0,0,0,0,1,,
2026-05-03 13:01:48,27,15,15,0,"fit: 3, efit: 9","fit: 3, efit: 9",,,,0,0,0,0,1,,
2026-05-03 13:21:49,27,15,15,0,"fit: 3, efit: 8","fit: 3, efit: 8",,,,0,0,0,0,1,,
2026-05-03 13:36:50,27,15,15,0,"fit: 3, efit: 6","fit: 3, efit: 6",,,,0,0,0,0,1,,
2026-05-03 20:07:56,27,15,15,0,"fit: 3, efit: 8","fit: 3, efit: 8",,,,0,0,0,0,1,,
2026-05-04 00:03:43,27,15,15,0,"fit: 3, efit: 8","fit: 3, efit: 8",,,,0,0,0,0,1,,
2026-05-04 07:14:58,27,15,15,0,"fit: 2, efit: 8","fit: 2, efit: 8",,,,0,0,0,0,1,,
2026-05-04 11:40:51,27,15,15,0,"fit: 2, efit: 7","fit: 2, efit: 7",,,,0,0,0,0,1,,
2026-05-04 11:55:54,27,15,15,0,"fit: 2, efit: 6","fit: 2, efit: 6",,,,0,0,0,0,1,,
2026-05-04 14:41:28,27,15,15,0,"fit: 2, efit: 9","fit: 2, efit: 8",,,,0,0,0,0,1,,
2026-05-04 15:11:34,27,15,15,0,"fit: 2, efit: 9","fit: 2, efit: 9",,,,0,0,0,0,1,,
2026-05-04 15:21:36,27,15,15,0,"fit: 2, efit: 8","fit: 2, efit: 8",,,,0,0,0,0,1,,
2026-05-04 15:26:37,27,15,15,0,"fit: 2, efit: 7","fit: 2, efit: 7",,,,0,0,0,0,1,,
2026-05-04 16:06:46,27,15,15,0,"fit: 2, efit: 8","fit: 2, efit: 8",,,,0,0,0,0,1,,
2026-05-04 19:32:23,27,15,15,0,"fit: 2, efit: 10","fit: 2, efit: 10",,,,0,0,0,0,1,,
2026-05-04 20:22:33,27,15,15,0,"fit: 2, efit: 9","fit: 2, efit: 9",,,,0,0,0,0,1,,
2026-05-05 00:03:18,27,15,15,0,"fit: 2, efit: 9","fit: 2, efit: 9",,,,0,0,0,0,1,,
2026-05-05 09:07:30,27,15,15,0,"fit: 2, efit: 10","fit: 2, efit: 10",,,,0,0,0,0,1,,
2026-05-05 09:42:37,27,15,15,0,"fit: 2, efit: 9","fit: 2, efit: 9",,,,0,0,0,0,1,,
2026-05-05 11:27:57,27,15,15,0,"fit: 3, efit: 10","fit: 3, efit: 10",,,,0,0,0,0,1,,
2026-05-05 11:32:58,27,15,15,0,"fit: 3, efit: 9","fit: 3, efit: 9",,,,0,0,0,0,1,,
2026-05-05 17:09:03,27,15,15,0,"fit: 3, efit: 8","fit: 3, efit: 8",,,,0,0,0,0,1,,
2026-05-05 17:34:31,27,15,15,0,"fit: 3, efit: 7","fit: 3, efit: 7",,,,0,0,0,0,1,,
2026-05-05 17:39:09,27,15,15,0,"fit: 3, efit: 5","fit: 3, efit: 5",,,,0,0,0,0,1,,
2026-05-05 18:29:19,27,15,15,0,"fit: 3, efit: 6","fit: 3, efit: 6",,,,0,0,0,0,1,,
2026-05-05 19:19:29,27,15,15,0,"fit: 3, efit: 7","fit: 3, efit: 7",,,,0,0,0,0,1,,
2026-05-05 19:24:30,27,15,15,0,"fit: 3, efit: 6","fit: 3, efit: 6",,,,0,0,0,0,1,,
2026-05-05 20:44:47,27,15,15,0,"fit: 3, efit: 5","fit: 3, efit: 5",,,,0,0,0,0,1,,
2026-05-05 20:45:23,27,15,15,0,"fit: 2, efit: 5","fit: 2, efit: 5",,,,0,0,0,0,1,,
2026-05-05 20:49:48,27,15,15,0,"fit: 2, efit: 4","fit: 2, efit: 4",,,,0,0,0,0,1,,
2026-05-05 21:44:58,27,15,15,0,"fit: 3, efit: 6","fit: 3, efit: 6",,,,0,0,0,0,1,,
2026-05-06 00:00:25,27,15,15,0,"fit: 3, efit: 6","fit: 3, efit: 6",,,,0,0,0,0,1,,
2026-05-06 08:52:04,27,15,15,0,"fit: 3, efit: 7","fit: 3, efit: 7",,,,0,0,0,0,1,,
2026-05-06 11:38:19,27,15,15,0,"fit: 3, efit: 6","fit: 3, efit: 6",,,,0,0,0,0,1,,
2026-05-06 17:30:36,27,15,15,0,"fit: 3, efit: 5","fit: 3, efit: 5",,,,0,0,0,0,1,,
2026-05-07 00:01:37,27,15,15,0,"fit: 3, efit: 5","fit: 3, efit: 5",,,,0,0,0,0,1,,
2026-05-07 07:32:44,27,15,15,0,"fit: 3, efit: 4","fit: 3, efit: 4",,,,0,0,0,0,1,,
2026-05-07 10:23:10,27,15,15,0,"fit: 2, efit: 4","fit: 2, efit: 4",,,,0,0,0,0,1,,
2026-05-07 10:28:10,27,15,15,0,"fit: 3, efit: 4","fit: 3, efit: 4",,,,0,0,0,0,1,,
2026-05-07 11:39:15,27,15,15,0,"fit: 3, efit: 3","fit: 3, efit: 3",,,,0,0,0,0,1,,
2026-05-07 12:08:26,27,15,15,0,"fit: 3, efit: 2","fit: 3, efit: 2",,,,0,0,0,0,1,,
2026-05-07 13:03:34,27,15,15,0,"fit: 3, efit: 3","fit: 3, efit: 3",,,,0,0,0,0,1,,
2026-05-07 13:13:35,27,15,15,0,"fit: 3, efit: 2","fit: 3, efit: 2",,,,0,0,0,0,1,,
2026-05-07 13:19:32,27,15,15,0,"fit: 4, efit: 2","fit: 4, efit: 2",,,,0,0,0,0,1,,
2026-05-07 13:23:37,27,15,15,0,"fit: 4, efit: 1","fit: 4, efit: 1",,,,0,0,0,0,1,,
2026-05-07 15:54:56,27,15,15,0,"fit: 4, efit: 3","fit: 4, efit: 3",,,,0,0,0,0,1,,
2026-05-07 16:29:05,27,15,15,0,"fit: 4, efit: 4","fit: 4, efit: 4",,,,0,0,0,0,1,,
2026-05-08 00:00:16,27,15,15,0,"fit: 4, efit: 4","fit: 4, efit: 4",,,,0,0,0,0,1,,
2026-05-08 16:10:42,27,15,15,0,"fit: 4, efit: 5","fit: 4, efit: 5",,,,0,0,0,0,1,,
2026-05-08 16:55:54,27,15,15,0,"fit: 4, efit: 4","fit: 4, efit: 4",,,,0,0,0,0,1,,
2026-05-09 00:00:08,27,15,15,0,"fit: 4, efit: 4","fit: 4, efit: 4",,,,0,0,0,0,1,,
2026-05-09 09:04:49,27,15,15,0,"fit: 3, efit: 2","fit: 3, efit: 2",,,,0,0,0,0,1,,
2026-05-09 14:06:05,27,15,15,0,"fit: 2, efit: 2","fit: 2, efit: 2",,,,0,0,0,0,1,,
2026-05-09 15:37:34,27,15,15,0,"fit: 1, efit: 2","fit: 1, efit: 2",,,,0,0,0,0,1,,
2026-05-09 17:26:55,27,15,15,0,"fit: 1, efit: 3","fit: 1, efit: 3",,,,0,0,0,0,1,,
2026-05-09 17:36:57,27,15,15,0,"fit: 1, efit: 2","fit: 1, efit: 2",,,,0,0,0,0,1,,
2026-05-09 20:48:14,27,15,15,0,"fit: 2, efit: 3","fit: 2, efit: 3",,,,0,0,0,0,1,,
2026-05-10 00:03:31,27,15,15,0,"fit: 2, efit: 3","fit: 2, efit: 3",,,,0,0,0,0,1,,
2026-05-10 09:55:44,27,15,15,0,"fit: 2, efit: 1","fit: 2, efit: 1",,,,0,0,0,0,1,,
2026-05-10 10:30:18,27,15,15,0,"fit: 3, efit: 1","fit: 3, efit: 1",,,,0,0,0,0,1,,
2026-05-10 11:40:30,27,15,15,0,fit: 3,fit: 3,,,,0,0,0,0,1,,
2026-05-10 18:41:39,27,15,15,0,fit: 4,fit: 4,,,,0,0,0,0,1,,
2026-05-10 19:06:43,27,15,15,0,"fit: 4, efit: 1","fit: 4, efit: 1",,,,0,0,0,0,1,,
2026-05-10 20:11:54,27,15,15,0,fit: 4,fit: 4,,,,0,0,0,0,1,,
2026-05-11 00:02:30,27,15,15,0,fit: 4,fit: 4,,,,0,0,0,0,1,,
2026-05-11 07:08:35,27,15,15,0,fit: 3,fit: 3,,,,0,0,0,0,1,,
2026-05-11 11:37:03,27,15,15,0,fit: 2,fit: 2,,,,0,0,0,0,1,,
2026-05-11 11:59:22,27,15,15,0,fit: 1,fit: 1,,,,0,0,0,0,1,,
2026-05-11 15:19:55,27,15,15,0,"fit: 1, efit: 1","fit: 1, efit: 1",,,,0,0,0,0,1,,
2026-05-11 20:00:43,27,15,15,0,"fit: 1, efit: 2","fit: 1, efit: 1",,,,0,0,0,0,1,,
2026-05-11 20:25:47,27,15,15,0,"fit: 1, efit: 2","fit: 1, efit: 2",,,,0,0,0,0,1,,
2026-05-12 00:01:20,27,15,15,0,"fit: 1, efit: 2","fit: 1, efit: 2",,,,0,0,0,0,1,,
2026-05-12 08:26:43,27,15,15,0,"fit: 1, efit: 1","fit: 1, efit: 1",,,,0,0,0,0,1,,
2026-05-12 08:41:47,27,15,15,0,"fit: 1, efit: 2","fit: 1, efit: 2",,,,0,0,0,0,1,,
2026-05-12 11:32:23,27,15,15,0,"fit: 1, efit: 1","fit: 1, efit: 1",,,,0,0,0,0,1,,
2026-05-12 14:35:11,27,15,15,0,fit: 1,fit: 1,,,,0,0,0,0,1,,
2026-05-12 18:49:29,27,15,15,0,"fit: 1, efit: 1","fit: 1, efit: 1",,,,0,0,0,0,1,,
2026-05-12 21:11:23,27,15,15,0,fit: 1,fit: 1,,,,0,0,0,0,1,,
2026-05-13 00:00:29,27,15,15,0,fit: 1,fit: 1,,,,0,0,0,0,1,,
2026-05-13 09:02:12,27,15,15,0,"fit: 1, efit: 1","fit: 1, efit: 1",,,,0,0,0,0,1,,
2026-05-13 11:37:42,27,15,15,0,fit: 1,fit: 1,,,,0,0,0,0,1,,
2026-05-13 13:28:04,27,15,15,0,"fit: 1, efit: 1","fit: 1, efit: 1",,,,0,0,0,0,1,,
2026-05-13 15:58:33,27,15,15,0,"fit: 1, efit: 2","fit: 1, efit: 2",,,,0,0,0,0,1,,
2026-05-13 17:28:52,27,15,15,0,"fit: 1, efit: 1","fit: 1, efit: 1",,,,0,0,0,0,1,,
2026-05-13 18:39:06,27,15,15,0,"fit: 2, efit: 1","fit: 2, efit: 1",,,,0,0,0,0,1,,
2026-05-13 19:49:20,27,15,15,0,fit: 2,fit: 2,,,,0,0,0,0,1,,
2026-05-13 23:01:22,27,15,15,0,"fit: 2, efit: 1","fit: 2, efit: 1",,,,0,0,0,0,1,,
2026-05-14 00:01:33,27,15,15,0,"fit: 2, efit: 1","fit: 2, efit: 1",,,,0,0,0,0,1,,
2026-05-14 10:53:29,27,15,15,0,fit: 2,fit: 2,,,,0,0,0,0,1,,
2026-05-14 14:10:36,27,15,15,0,"fit: 3, efit: 2","fit: 3, efit: 2",,,,0,0,0,0,1,,
2026-05-14 15:59:25,27,15,15,0,"fit: 3, efit: 3","fit: 3, efit: 3",,,,0,0,0,0,1,,
2026-05-15 00:00:42,27,15,15,0,"fit: 3, efit: 3","fit: 3, efit: 3",,,,0,0,0,0,1,,
2026-05-15 12:50:08,27,15,15,0,"fit: 3, efit: 4","fit: 3, efit: 4",,,,0,0,0,0,1,,
2026-05-15 15:55:46,27,15,15,0,"fit: 3, efit: 3","fit: 3, efit: 3",,,,0,0,0,0,1,,
2026-05-15 16:05:48,27,15,15,0,"fit: 3, efit: 4","fit: 3, efit: 4",,,,0,0,0,0,1,,
2026-05-15 16:50:57,27,15,15,0,"fit: 4, efit: 8","fit: 4, efit: 8",,,,0,0,0,0,1,,
2026-05-15 17:53:38,27,15,15,0,"fit: 4, efit: 7","fit: 4, efit: 7",,,,0,0,0,0,1,,
2026-05-15 18:23:44,27,15,15,0,"fit: 4, efit: 4","fit: 4, efit: 4",,,,0,0,0,0,1,,
2026-05-15 18:41:21,27,15,15,0,"fit: 4, efit: 5","fit: 4, efit: 5",,,,0,0,0,0,1,,
2026-05-15 20:19:04,27,15,15,0,"fit: 5, efit: 6","fit: 5, efit: 6",,,,0,0,0,0,1,,
2026-05-15 21:26:56,27,15,15,0,"fit: 5, efit: 5","fit: 5, efit: 5",,,,0,0,0,0,1,,
2026-05-15 21:34:17,27,15,15,0,"fit: 5, efit: 3","fit: 5, efit: 3",,,,0,0,0,0,1,,
2026-05-16 00:00:21,27,15,15,0,"fit: 5, efit: 3","fit: 5, efit: 3",,,,0,0,0,0,1,,
2026-05-16 10:59:35,27,15,15,0,"fit: 4, efit: 2","fit: 4, efit: 2",,,,0,0,0,0,1,,
2026-05-16 11:04:36,27,15,15,0,"fit: 5, efit: 1","fit: 5, efit: 1",,,,0,0,0,0,1,,
2026-05-16 14:10:16,27,15,15,0,"fit: 4, efit: 1","fit: 4, efit: 1",,,,0,0,0,0,1,,
2026-05-16 14:35:21,27,15,15,0,"fit: 4, efit: 3","fit: 4, efit: 3",,,,0,0,0,0,1,,
2026-05-16 14:43:01,27,15,15,0,"fit: 4, efit: 4","fit: 4, efit: 4",,,,0,0,0,0,1,,
2026-05-16 16:05:42,27,15,15,0,"fit: 3, efit: 4","fit: 3, efit: 4",,,,0,0,0,0,1,,
2026-05-16 16:28:21,27,15,15,0,"fit: 3, efit: 5","fit: 3, efit: 5",,,,0,0,0,0,1,,
2026-05-16 18:28:43,27,15,15,0,"fit: 3, efit: 4","fit: 3, efit: 4",,,,0,0,0,0,1,,
2026-05-16 18:31:12,27,15,15,0,"fit: 3, efit: 2","fit: 3, efit: 2",,,,0,0,0,0,1,,
2026-05-16 18:56:17,27,15,15,0,"fit: 3, efit: 4","fit: 3, efit: 4",,,,0,0,0,0,1,,
2026-05-16 19:27:55,27,15,15,0,"fit: 3, efit: 3","fit: 3, efit: 3",,,,0,0,0,0,1,,
2026-05-16 20:49:09,27,15,15,0,"fit: 3, efit: 4","fit: 3, efit: 4",,,,0,0,0,0,1,,
2026-05-16 20:51:40,27,15,15,0,"fit: 3, efit: 1","fit: 3, efit: 1",,,,0,0,0,0,1,,
2026-05-16 22:11:56,27,15,15,0,fit: 3,fit: 3,,,,0,0,0,0,1,,
2026-05-17 00:02:18,27,15,15,0,fit: 3,fit: 3,,,,0,0,0,0,1,,
2026-05-17 14:12:21,27,15,15,0,"fit: 3, efit: 1","fit: 3, efit: 1",,,,0,0,0,0,1,,
2026-05-17 14:17:22,27,15,15,0,fit: 2,fit: 2,,,,0,0,0,0,1,,
2026-05-17 15:07:32,27,15,15,0,"fit: 2, efit: 1","fit: 2, efit: 1",,,,0,0,0,0,1,,
2026-05-17 15:50:27,27,15,15,0,"fit: 2, efit: 3","fit: 2, efit: 3",,,,0,0,0,0,1,,
2026-05-17 16:12:45,27,15,15,0,"fit: 2, efit: 1","fit: 2, efit: 1",,,,0,0,0,0,1,,
2026-05-17 16:45:39,27,15,15,0,"fit: 3, efit: 1","fit: 3, efit: 1",,,,0,0,0,0,1,,
2026-05-17 16:46:22,27,15,15,0,"fit: 4, efit: 1","fit: 4, efit: 1",,,,0,0,0,0,1,,
2026-05-17 19:06:09,27,15,15,0,"fit: 4, efit: 2","fit: 4, efit: 2",,,,0,0,0,0,1,,
2026-05-17 19:33:25,27,15,15,0,"fit: 4, efit: 1","fit: 4, efit: 1",,,,0,0,0,0,1,,
2026-05-17 19:46:18,27,15,15,0,"fit: 4, efit: 2","fit: 4, efit: 2",,,,0,0,0,0,1,,
2026-05-17 19:56:55,27,15,15,0,"fit: 4, efit: 1","fit: 4, efit: 1",,,,0,0,0,0,1,,
2026-05-17 21:22:09,27,15,15,0,fit: 4,fit: 4,,,,0,0,0,0,1,,
2026-05-18 00:02:10,27,15,15,0,fit: 4,fit: 4,,,,0,0,0,0,1,,
2026-05-18 09:46:00,27,15,15,0,"fit: 4, efit: 1","fit: 4, efit: 1",,,,0,0,0,0,1,,
2026-05-18 11:34:19,27,15,15,0,"fit: 4, efit: 2","fit: 4, efit: 2",,,,0,0,0,0,1,,
2026-05-18 11:34:23,27,15,15,0,"fit: 4, efit: 1","fit: 4, efit: 1",,,,0,0,0,0,1,,
2026-05-18 11:39:19,27,15,15,0,"fit: 4, efit: 2","fit: 4, efit: 2",,,,0,0,0,0,1,,
2026-05-18 12:31:34,27,15,15,0,"fit: 5, efit: 2","fit: 5, efit: 2",,,,0,0,0,0,1,,
2026-05-18 12:34:29,27,15,15,0,"fit: 5, efit: 1","fit: 5, efit: 1",,,,0,0,0,0,1,,
2026-05-18 13:04:34,27,15,15,0,fit: 3,fit: 3,,,,0,0,0,0,1,,
2026-05-18 16:07:16,27,15,15,0,"fit: 3, efit: 1","fit: 3, efit: 1",,,,0,0,0,0,1,,
2026-05-18 16:10:06,27,15,15,0,"fit: 3, efit: 3","fit: 3, efit: 3",,,,0,0,0,0,1,,
2026-05-18 16:40:12,27,15,15,0,"fit: 3, efit: 2","fit: 3, efit: 2",,,,0,0,0,0,1,,
2026-05-18 18:02:39,27,15,15,0,"fit: 4, efit: 2","fit: 4, efit: 2",,,,0,0,0,0,1,,
2026-05-18 18:05:50,27,15,15,0,"fit: 4, efit: 3","fit: 4, efit: 3",,,,0,0,0,0,1,,
2026-05-18 18:07:40,27,15,15,0,"fit: 4, efit: 2","fit: 4, efit: 2",,,,0,0,0,0,1,,
2026-05-19 00:01:26,27,15,15,0,"fit: 4, efit: 2","fit: 4, efit: 2",,,,0,0,0,0,1,,
2026-05-19 07:30:08,27,15,15,0,fit: 4,fit: 4,,,,0,0,0,0,1,,
2026-05-19 08:53:52,27,15,15,0,"fit: 4, efit: 1","fit: 4, efit: 1",,,,0,0,0,0,1,,
2026-05-19 14:46:32,27,15,15,0,"fit: 4, efit: 3","fit: 4, efit: 3",,,,0,0,0,0,1,,
2026-05-19 15:03:52,27,15,15,0,"fit: 4, efit: 1","fit: 4, efit: 1",,,,0,0,0,0,1,,
2026-05-19 16:25:29,27,15,15,0,fit: 4,fit: 4,,,,0,0,0,0,1,,
2026-05-19 16:44:09,27,15,15,0,"fit: 4, efit: 1","fit: 4, efit: 1",,,,0,0,0,0,1,,
2026-05-19 16:49:09,27,15,15,0,"fit: 4, efit: 2","fit: 4, efit: 2",,,,0,0,0,0,1,,
2026-05-19 17:32:04,27,15,15,0,"fit: 4, efit: 1","fit: 4, efit: 1",,,,0,0,0,0,1,,
2026-05-19 17:52:07,27,15,15,0,fit: 3,fit: 3,,,,0,0,0,0,1,,
2026-05-19 17:54:20,27,15,15,0,fit: 1,fit: 1,,,,0,0,0,0,1,,
2026-05-19 18:49:30,27,15,15,0,"fit: 1, efit: 1","fit: 1, efit: 1",,,,0,0,0,0,1,,
2026-05-19 19:09:33,27,15,15,0,"fit: 1, efit: 2","fit: 1, efit: 2",,,,0,0,0,0,1,,
2026-05-19 19:41:12,27,15,15,0,fit: 1,fit: 1,,,,0,0,0,0,1,,
2026-05-20 00:00:21,27,15,15,0,fit: 1,fit: 1,,,,0,0,0,0,1,,
2026-05-20 07:33:32,27,15,15,0,,,,,,0,0,0,0,1,,
2026-05-20 08:04:43,27,15,15,0,efit: 1,efit: 1,,,,0,0,0,0,1,,
2026-05-20 08:48:47,27,15,15,0,"fit: 1, efit: 1","fit: 1, efit: 1",,,,0,0,0,0,1,,
2026-05-20 09:49:00,27,15,15,0,"fit: 2, efit: 3","fit: 2, efit: 3",,,,0,0,0,0,1,,
2026-05-20 09:50:04,27,15,15,0,"fit: 3, efit: 5","fit: 3, efit: 5",,,,0,0,0,0,1,,
2026-05-20 11:39:21,27,15,15,0,"fit: 3, efit: 4","fit: 3, efit: 4",,,,0,0,0,0,1,,
2026-05-20 12:57:22,27,15,15,0,"fit: 3, efit: 5","fit: 3, efit: 5",,,,0,0,0,0,1,,
2026-05-20 15:10:05,27,15,15,0,"fit: 3, efit: 6","fit: 3, efit: 6",,,,0,0,0,0,1,,
2026-05-20 15:12:44,27,15,15,0,"fit: 3, efit: 5","fit: 3, efit: 5",,,,0,0,0,0,1,,
2026-05-20 16:05:17,27,15,15,0,"fit: 3, efit: 4","fit: 3, efit: 4",,,,0,0,0,0,1,,
2026-05-20 16:31:21,27,15,15,0,"fit: 3, efit: 3","fit: 3, efit: 3",,,,0,0,0,0,1,,
2026-05-21 00:00:34,27,15,15,0,"fit: 3, efit: 3","fit: 3, efit: 3",,,,0,0,0,0,1,,
2026-05-21 11:39:36,27,15,15,0,"fit: 3, efit: 2","fit: 3, efit: 2",,,,0,0,0,0,1,,
2026-05-21 15:29:32,27,15,15,0,"fit: 3, efit: 3","fit: 3, efit: 3",,,,0,0,0,0,1,,
2026-05-21 17:09:01,27,15,15,0,"fit: 3, efit: 4","fit: 3, efit: 4",,,,0,0,0,0,1,,
2026-05-21 18:30:50,27,15,15,0,"fit: 3, efit: 2","fit: 3, efit: 2",,,,0,0,0,0,1,,
2026-05-21 19:34:33,27,15,15,0,"fit: 3, efit: 1","fit: 3, efit: 1",,,,0,0,0,0,1,,
2026-05-21 20:49:49,27,15,15,0,"fit: 3, efit: 3","fit: 3, efit: 3",,,,0,0,0,0,1,,
2026-05-21 23:20:20,27,15,15,0,"fit: 3, efit: 1","fit: 3, efit: 1",,,,0,0,0,0,1,,
2026-05-22 00:00:29,27,15,15,0,"fit: 3, efit: 1","fit: 3, efit: 1",,,,0,0,0,0,1,,
2026-05-22 10:38:37,27,15,15,0,"fit: 4, efit: 1","fit: 4, efit: 1",,,,0,0,0,0,1,,
2026-05-22 11:28:46,27,15,15,0,"fit: 3, efit: 1","fit: 3, efit: 1",,,,0,0,0,0,1,,
2026-05-22 11:33:46,27,15,15,0,"fit: 4, efit: 1","fit: 4, efit: 1",,,,0,0,0,0,1,,
2026-05-22 12:02:24,27,15,15,0,"fit: 3, efit: 1","fit: 3, efit: 1",,,,0,0,0,0,1,,
2026-05-22 13:23:10,27,15,15,0,"fit: 2, efit: 1","fit: 2, efit: 1",,,,0,0,0,0,1,,
2026-05-22 13:27:38,27,15,15,0,"fit: 3, efit: 1","fit: 3, efit: 1",,,,0,0,0,0,1,,
2026-05-23 00:00:21,27,15,15,0,"fit: 3, efit: 1","fit: 3, efit: 1",,,,0,0,0,0,1,,
2026-05-23 14:26:03,27,15,15,0,fit: 3,fit: 3,,,,0,0,0,0,1,,
2026-05-23 16:38:38,27,15,15,0,"fit: 3, efit: 1","fit: 3, efit: 1",,,,0,0,0,0,1,,
2026-05-23 17:56:32,27,15,15,0,"fit: 3, efit: 2","fit: 3, efit: 2",,,,0,0,0,0,1,,
2026-05-23 18:01:32,27,15,15,0,"fit: 3, efit: 3","fit: 3, efit: 3",,,,0,0,0,0,1,,
2026-05-23 18:13:57,27,15,15,0,"fit: 4, efit: 3","fit: 4, efit: 3",,,,0,0,0,0,1,,
2026-05-23 18:29:00,27,15,15,0,"fit: 4, efit: 4","fit: 4, efit: 4",,,,0,0,0,0,1,,
2026-05-23 18:34:01,27,15,15,0,"fit: 4, efit: 3","fit: 4, efit: 3",,,,0,0,0,0,1,,
2026-05-23 18:39:02,27,15,15,0,"fit: 6, efit: 3","fit: 6, efit: 3",,,,0,0,0,0,1,,
2026-05-23 19:34:13,27,15,15,0,"fit: 6, efit: 2","fit: 6, efit: 2",,,,0,0,0,0,1,,
2026-05-23 19:46:46,27,15,15,0,"fit: 5, efit: 2","fit: 5, efit: 2",,,,0,0,0,0,1,,
2026-05-23 19:51:47,27,15,15,0,"fit: 4, efit: 2","fit: 4, efit: 2",,,,0,0,0,0,1,,
2026-05-23 19:54:17,27,15,15,0,"fit: 4, efit: 1","fit: 4, efit: 1",,,,0,0,0,0,1,,
2026-05-23 20:01:49,27,15,15,0,"fit: 5, efit: 1","fit: 5, efit: 1",,,,0,0,0,0,1,,
2026-05-23 20:04:19,27,15,15,0,fit: 5,fit: 5,,,,0,0,0,0,1,,
2026-05-23 20:19:22,27,15,15,0,"fit: 5, efit: 2","fit: 5, efit: 2",,,,0,0,0,0,1,,
2026-05-23 20:41:54,27,15,15,0,"fit: 5, efit: 1","fit: 5, efit: 1",,,,0,0,0,0,1,,
2026-05-23 21:09:31,27,15,15,0,"fit: 3, efit: 1","fit: 3, efit: 1",,,,0,0,0,0,1,,
2026-05-23 21:14:32,27,15,15,0,fit: 3,fit: 3,,,,0,0,0,0,1,,
2026-05-23 21:21:59,27,15,15,0,"fit: 3, efit: 1","fit: 3, efit: 1",,,,0,0,0,0,1,,
2026-05-23 21:39:37,27,15,15,0,fit: 2,fit: 2,,,,0,0,0,0,1,,
2026-05-23 21:57:04,27,15,15,0,"fit: 3, efit: 1","fit: 3, efit: 1",,,,0,0,0,0,1,,
