Date Time,Station ID,Expected Station Size,Total Docks Installed,Number of Faulty Docks,Total Bikes At Station Per Model,Number of Available Bikes Per Model,Number of Inoperative Bikes Per Model,Geofence Occupancy Ratio,Geofence Capacity,Geofence Total Bikes,Geofence Available Bikes,Geofence Operative Bikes,Geofence Inoperative Bikes,Station Groups,Station Cluster,Station Crown
2025-11-30 00:01:54,33,19,19,0,fit: 8,fit: 8,,,,0,0,0,0,1,,
2025-11-30 09:51:31,33,19,19,0,"fit: 8, efit: 1","fit: 8, efit: 1",,,,0,0,0,0,1,,
2025-11-30 11:14:14,33,19,19,0,"fit: 9, efit: 1","fit: 9, efit: 1",,,,0,0,0,0,1,,
2025-11-30 11:51:52,33,19,19,0,fit: 9,fit: 9,,,,0,0,0,0,1,,
2025-11-30 12:09:25,33,19,19,0,"fit: 9, efit: 1","fit: 9, efit: 1",,,,0,0,0,0,1,,
2025-11-30 12:50:33,33,19,19,0,"fit: 8, efit: 1","fit: 8, efit: 1",,,,0,0,0,0,1,,
2025-11-30 14:09:50,33,19,19,0,fit: 8,fit: 8,,,,0,0,0,0,1,,
2025-11-30 14:39:56,33,19,19,0,"fit: 8, efit: 1","fit: 8, efit: 1",,,,0,0,0,0,1,,
2025-11-30 14:57:26,33,19,19,0,fit: 8,fit: 8,,,,0,0,0,0,1,,
2025-11-30 15:15:05,33,19,19,0,"fit: 8, efit: 1","fit: 8, efit: 1",,,,0,0,0,0,1,,
2025-11-30 15:20:53,33,19,19,0,fit: 8,fit: 8,,,,0,0,0,0,1,,
2025-11-30 15:30:08,33,19,19,0,"fit: 8, efit: 1","fit: 8, efit: 1",,,,0,0,0,0,1,,
2025-11-30 16:05:16,33,19,19,0,fit: 8,fit: 8,,,,0,0,0,0,1,,
2025-11-30 16:47:46,33,19,19,0,"fit: 8, efit: 1","fit: 8, efit: 1",,,,0,0,0,0,1,,
2025-11-30 18:00:40,33,19,19,0,"fit: 8, efit: 2","fit: 8, efit: 2",,,,0,0,0,0,1,,
2025-11-30 19:13:12,33,19,19,0,"fit: 8, efit: 3","fit: 8, efit: 3",,,,0,0,0,0,1,,
2025-11-30 19:30:59,33,19,19,0,"fit: 8, efit: 4","fit: 8, efit: 4",,,,0,0,0,0,1,,
2025-11-30 20:18:23,33,19,19,0,"fit: 8, efit: 5","fit: 8, efit: 5",,,,0,0,0,0,1,,
2025-11-30 21:48:39,33,19,19,0,"fit: 8, efit: 4","fit: 8, efit: 4",,,,0,0,0,0,1,,
2025-11-30 22:36:37,33,19,19,0,"fit: 8, efit: 3","fit: 8, efit: 3",,,,0,0,0,0,1,,
2025-11-30 22:46:39,33,19,19,0,"fit: 8, efit: 2","fit: 8, efit: 2",,,,0,0,0,0,1,,
2025-11-30 22:56:41,33,19,19,0,"fit: 8, efit: 1","fit: 8, efit: 1",,,,0,0,0,0,1,,
2025-11-30 23:41:51,33,19,19,0,fit: 8,fit: 8,,,,0,0,0,0,1,,
2025-11-30 23:46:51,33,19,19,0,"fit: 8, efit: 1","fit: 8, efit: 1",,,,0,0,0,0,1,,
2025-12-01 00:01:54,33,19,19,0,"fit: 8, efit: 1","fit: 8, efit: 1",,,,0,0,0,0,1,,
2025-12-01 00:11:56,33,19,19,0,fit: 9,fit: 9,,,,0,0,0,0,1,,
2025-12-01 08:13:05,33,19,19,0,fit: 10,fit: 10,,,,0,0,0,0,1,,
2025-12-01 08:45:38,33,19,19,0,"fit: 10, efit: 1","fit: 10, efit: 1",,,,0,0,0,0,1,,
2025-12-01 08:53:10,33,19,19,0,"fit: 10, efit: 2","fit: 10, efit: 2",,,,0,0,0,0,1,,
2025-12-01 09:03:12,33,19,19,0,"fit: 11, efit: 2","fit: 11, efit: 2",,,,0,0,0,0,1,,
2025-12-01 09:08:12,33,19,19,0,"fit: 12, efit: 3","fit: 12, efit: 3",,,,0,0,0,0,1,,
2025-12-01 09:23:14,33,19,19,0,"fit: 12, efit: 4","fit: 12, efit: 4",,,,0,0,0,0,1,,
2025-12-01 09:28:49,33,19,19,0,"fit: 12, efit: 5","fit: 12, efit: 5",,,,0,0,0,0,1,,
2025-12-01 09:30:46,33,19,19,0,"fit: 13, efit: 5","fit: 13, efit: 5",,,,0,0,0,0,1,,
2025-12-01 09:33:16,33,19,19,0,"fit: 13, efit: 6","fit: 13, efit: 6",,,,0,0,0,0,1,,
2025-12-01 09:53:19,33,19,19,0,"fit: 10, efit: 6","fit: 10, efit: 6",,,,0,0,0,0,1,,
2025-12-01 09:53:55,33,19,19,0,"fit: 8, efit: 6","fit: 8, efit: 6",,,,0,0,0,0,1,,
2025-12-01 09:55:51,33,19,19,0,"fit: 4, efit: 6","fit: 4, efit: 6",,,,0,0,0,0,1,,
2025-12-01 09:58:19,33,19,19,0,efit: 6,efit: 6,,,,0,0,0,0,1,,
2025-12-01 10:13:22,33,19,19,0,efit: 7,efit: 7,,,,0,0,0,0,1,,
2025-12-01 10:24:01,33,19,19,0,efit: 8,efit: 8,,,,0,0,0,0,1,,
2025-12-01 10:38:25,33,19,19,0,efit: 7,efit: 7,,,,0,0,0,0,1,,
2025-12-01 10:48:26,33,19,19,0,efit: 6,efit: 6,,,,0,0,0,0,1,,
2025-12-01 10:49:07,33,19,19,0,efit: 7,efit: 7,,,,0,0,0,0,1,,
2025-12-01 10:54:08,33,19,19,0,efit: 6,efit: 6,,,,0,0,0,0,1,,
2025-12-01 10:58:28,33,19,19,0,efit: 7,efit: 7,,,,0,0,0,0,1,,
2025-12-01 11:14:12,33,19,19,0,efit: 8,efit: 8,,,,0,0,0,0,1,,
2025-12-01 11:24:14,33,19,19,0,efit: 9,efit: 9,,,,0,0,0,0,1,,
2025-12-01 11:28:32,33,19,19,0,efit: 8,efit: 8,,,,0,0,0,0,1,,
2025-12-01 11:31:10,33,19,19,0,"fit: 1, efit: 8","fit: 1, efit: 8",,,,0,0,0,0,1,,
2025-12-01 11:38:33,33,19,19,0,"fit: 1, efit: 9","fit: 1, efit: 9",,,,0,0,0,0,1,,
2025-12-01 11:44:18,33,19,19,0,"fit: 1, efit: 10","fit: 1, efit: 10",,,,0,0,0,0,1,,
2025-12-01 11:53:35,33,19,19,0,"fit: 1, efit: 9","fit: 1, efit: 9",,,,0,0,0,0,1,,
2025-12-01 11:56:15,33,19,19,0,"fit: 1, efit: 10","fit: 1, efit: 10",,,,0,0,0,0,1,,
2025-12-01 12:03:36,33,19,19,0,"fit: 1, efit: 11","fit: 1, efit: 11",,,,0,0,0,0,1,,
2025-12-01 12:06:16,33,19,19,0,"fit: 1, efit: 10","fit: 1, efit: 10",,,,0,0,0,0,1,,
2025-12-01 12:08:37,33,19,19,0,"fit: 1, efit: 11","fit: 1, efit: 11",,,,0,0,0,0,1,,
2025-12-01 12:24:27,33,19,19,0,"fit: 1, efit: 10","fit: 1, efit: 10",,,,0,0,0,0,1,,
2025-12-01 12:38:41,33,19,19,0,"fit: 1, efit: 11","fit: 1, efit: 11",,,,0,0,0,0,1,,
2025-12-01 12:43:42,33,19,19,0,"fit: 2, efit: 11","fit: 2, efit: 11",,,,0,0,0,0,1,,
2025-12-01 13:03:45,33,19,19,0,"fit: 3, efit: 10","fit: 3, efit: 10",,,,0,0,0,0,1,,
2025-12-01 13:33:49,33,19,19,0,"fit: 3, efit: 9","fit: 3, efit: 9",,,,0,0,0,0,1,,
2025-12-01 13:34:42,33,19,19,0,"fit: 3, efit: 11","fit: 3, efit: 10",efit: 1,,,0,0,0,0,1,,
2025-12-01 13:43:50,33,19,19,0,"fit: 3, efit: 12","fit: 3, efit: 11",efit: 1,,,0,0,0,0,1,,
2025-12-01 13:46:35,33,19,19,0,"fit: 3, efit: 13","fit: 3, efit: 12",efit: 1,,,0,0,0,0,1,,
2025-12-01 13:48:51,33,19,19,0,"fit: 3, efit: 12","fit: 3, efit: 12",,,,0,0,0,0,1,,
2025-12-01 13:53:51,33,19,19,0,"fit: 4, efit: 11","fit: 4, efit: 11",,,,0,0,0,0,1,,
2025-12-01 14:06:39,33,19,19,0,"fit: 4, efit: 9","fit: 4, efit: 9",,,,0,0,0,0,1,,
2025-12-01 14:18:55,33,19,19,0,"fit: 4, efit: 8","fit: 4, efit: 8",,,,0,0,0,0,1,,
2025-12-01 14:19:51,33,19,19,0,"fit: 4, efit: 9","fit: 4, efit: 9",,,,0,0,0,0,1,,
2025-12-01 14:24:52,33,19,19,0,"fit: 4, efit: 8","fit: 4, efit: 8",,,,0,0,0,0,1,,
2025-12-01 14:26:42,33,19,19,0,"fit: 4, efit: 7","fit: 4, efit: 7",,,,0,0,0,0,1,,
2025-12-01 14:33:57,33,19,19,0,"fit: 4, efit: 6","fit: 4, efit: 6",,,,0,0,0,0,1,,
2025-12-01 14:38:58,33,19,19,0,"fit: 4, efit: 7","fit: 4, efit: 7",,,,0,0,0,0,1,,
2025-12-01 14:49:58,33,19,19,0,"fit: 4, efit: 6","fit: 4, efit: 6",,,,0,0,0,0,1,,
2025-12-01 14:51:47,33,19,19,0,"fit: 4, efit: 5","fit: 4, efit: 5",,,,0,0,0,0,1,,
2025-12-01 14:54:00,33,19,19,0,"fit: 4, efit: 4","fit: 4, efit: 4",,,,0,0,0,0,1,,
2025-12-01 14:59:01,33,19,19,0,"fit: 4, efit: 5","fit: 4, efit: 5",,,,0,0,0,0,1,,
2025-12-01 15:11:51,33,19,19,0,"fit: 4, efit: 4","fit: 4, efit: 4",,,,0,0,0,0,1,,
2025-12-01 15:14:03,33,19,19,0,"fit: 4, efit: 3","fit: 4, efit: 3",,,,0,0,0,0,1,,
2025-12-01 15:24:04,33,19,19,0,"fit: 4, efit: 2","fit: 4, efit: 2",,,,0,0,0,0,1,,
2025-12-01 15:26:53,33,19,19,0,"fit: 4, efit: 1","fit: 4, efit: 1",,,,0,0,0,0,1,,
2025-12-01 15:34:06,33,19,19,0,fit: 4,fit: 4,,,,0,0,0,0,1,,
2025-12-01 15:51:58,33,19,19,0,fit: 7,fit: 7,,,,0,0,0,0,1,,
2025-12-01 15:54:08,33,19,19,0,"fit: 12, efit: 1","fit: 12, efit: 1",,,,0,0,0,0,1,,
2025-12-01 15:55:14,33,19,19,0,"fit: 14, efit: 1","fit: 14, efit: 1",,,,0,0,0,0,1,,
2025-12-01 16:04:10,33,19,19,0,fit: 13,fit: 13,,,,0,0,0,0,1,,
2025-12-01 16:10:17,33,19,19,0,"fit: 13, efit: 1","fit: 13, efit: 1",,,,0,0,0,0,1,,
2025-12-01 16:17:03,33,19,19,0,fit: 13,fit: 13,,,,0,0,0,0,1,,
2025-12-01 16:22:04,33,19,19,0,"fit: 13, efit: 1","fit: 13, efit: 1",,,,0,0,0,0,1,,
2025-12-01 16:32:06,33,19,19,0,"fit: 13, efit: 2","fit: 13, efit: 2",,,,0,0,0,0,1,,
2025-12-01 16:35:23,33,19,19,0,"fit: 13, efit: 3","fit: 13, efit: 3",,,,0,0,0,0,1,,
2025-12-01 16:39:14,33,19,19,0,"fit: 13, efit: 2","fit: 13, efit: 2",,,,0,0,0,0,1,,
2025-12-01 16:40:24,33,19,19,0,"fit: 13, efit: 1","fit: 13, efit: 1",,,,0,0,0,0,1,,
2025-12-01 17:02:12,33,19,19,0,fit: 13,fit: 13,,,,0,0,0,0,1,,
2025-12-01 17:14:19,33,19,19,0,fit: 14,fit: 14,,,,0,0,0,0,1,,
2025-12-01 17:15:31,33,19,19,0,fit: 13,fit: 13,,,,0,0,0,0,1,,
2025-12-01 17:57:22,33,19,19,0,"fit: 13, efit: 1","fit: 13, efit: 1",,,,0,0,0,0,1,,
2025-12-01 18:04:26,33,19,19,0,"fit: 13, efit: 2","fit: 13, efit: 2",,,,0,0,0,0,1,,
2025-12-01 18:27:28,33,19,19,0,"fit: 11, efit: 2","fit: 11, efit: 2",,,,0,0,0,0,1,,
2025-12-01 18:29:29,33,19,19,0,"fit: 10, efit: 2","fit: 10, efit: 2",,,,0,0,0,0,1,,
2025-12-01 18:47:31,33,19,19,0,"fit: 10, efit: 1","fit: 10, efit: 1",,,,0,0,0,0,1,,
2025-12-01 18:49:32,33,19,19,0,fit: 10,fit: 10,,,,0,0,0,0,1,,
2025-12-01 18:54:32,33,19,19,0,fit: 9,fit: 9,,,,0,0,0,0,1,,
2025-12-01 19:02:34,33,19,19,0,"fit: 9, efit: 1","fit: 9, efit: 1",,,,0,0,0,0,1,,
2025-12-01 19:14:35,33,19,19,0,"fit: 10, efit: 1","fit: 10, efit: 1",,,,0,0,0,0,1,,
2025-12-01 19:25:58,33,19,19,0,"fit: 13, efit: 1","fit: 13, efit: 1",,,,0,0,0,0,1,,
2025-12-01 19:39:39,33,19,19,0,"fit: 12, efit: 1","fit: 12, efit: 1",,,,0,0,0,0,1,,
2025-12-01 19:41:02,33,19,19,0,"fit: 10, efit: 1","fit: 10, efit: 1",,,,0,0,0,0,1,,
2025-12-01 19:42:42,33,19,19,0,fit: 9,fit: 9,,,,0,0,0,0,1,,
2025-12-01 19:52:44,33,19,19,0,fit: 6,fit: 6,,,,0,0,0,0,1,,
2025-12-01 20:49:48,33,19,19,0,"fit: 6, efit: 1","fit: 6, efit: 1",,,,0,0,0,0,1,,
2025-12-01 20:51:16,33,19,19,0,"fit: 7, efit: 1","fit: 7, efit: 1",,,,0,0,0,0,1,,
2025-12-01 21:01:18,33,19,19,0,"fit: 7, efit: 2","fit: 7, efit: 2",,,,0,0,0,0,1,,
2025-12-01 21:33:02,33,19,19,0,"fit: 8, efit: 2","fit: 8, efit: 2",,,,0,0,0,0,1,,
2025-12-01 21:48:05,33,19,19,0,"fit: 8, efit: 1","fit: 8, efit: 1",,,,0,0,0,0,1,,
2025-12-01 21:51:28,33,19,19,0,fit: 8,fit: 8,,,,0,0,0,0,1,,
2025-12-01 22:55:06,33,19,19,0,fit: 7,fit: 7,,,,0,0,0,0,1,,
2025-12-01 23:01:43,33,19,19,0,fit: 6,fit: 6,,,,0,0,0,0,1,,
2025-12-01 23:21:47,33,19,19,0,fit: 5,fit: 5,,,,0,0,0,0,1,,
2025-12-01 23:38:25,33,19,19,0,fit: 4,fit: 4,,,,0,0,0,0,1,,
2025-12-01 23:40:12,33,19,19,0,fit: 3,fit: 3,,,,0,0,0,0,1,,
2025-12-02 00:00:14,33,19,19,0,fit: 3,fit: 3,,,,0,0,0,0,1,,
2025-12-02 00:03:29,33,19,19,0,fit: 2,fit: 2,,,,0,0,0,0,1,,
2025-12-02 00:20:17,33,19,19,0,fit: 1,fit: 1,,,,0,0,0,0,1,,
2025-12-02 00:43:36,33,19,19,0,,,,,,0,0,0,0,1,,
2025-12-02 09:26:30,33,19,19,0,efit: 1,efit: 1,,,,0,0,0,0,1,,
2025-12-02 09:28:52,33,19,19,0,efit: 2,efit: 2,,,,0,0,0,0,1,,
2025-12-02 10:19:03,33,19,19,0,efit: 1,efit: 1,,,,0,0,0,0,1,,
2025-12-02 10:54:10,33,19,19,0,efit: 2,efit: 2,,,,0,0,0,0,1,,
2025-12-02 11:04:12,33,19,19,0,efit: 3,efit: 3,,,,0,0,0,0,1,,
2025-12-02 11:26:46,33,19,19,0,efit: 2,efit: 2,,,,0,0,0,0,1,,
2025-12-02 11:44:21,33,19,19,0,efit: 1,efit: 1,,,,0,0,0,0,1,,
2025-12-02 12:21:53,33,19,19,0,,,,,,0,0,0,0,1,,
2025-12-02 12:50:49,33,19,19,0,fit: 1,fit: 1,,,,0,0,0,0,1,,
2025-12-02 12:54:35,33,19,19,0,"fit: 1, efit: 1","fit: 1, efit: 1",,,,0,0,0,0,1,,
2025-12-02 12:59:36,33,19,19,0,"fit: 1, efit: 2","fit: 1, efit: 2",,,,0,0,0,0,1,,
2025-12-02 13:04:37,33,19,19,0,"fit: 1, efit: 1","fit: 1, efit: 1",,,,0,0,0,0,1,,
2025-12-02 13:09:38,33,19,19,0,fit: 1,fit: 1,,,,0,0,0,0,1,,
2025-12-02 13:14:39,33,19,19,0,fit: 2,fit: 2,,,,0,0,0,0,1,,
2025-12-02 13:49:46,33,19,19,0,"fit: 2, efit: 1","fit: 2, efit: 1",,,,0,0,0,0,1,,
2025-12-02 13:56:01,33,19,19,0,"fit: 3, efit: 1","fit: 3, efit: 1",,,,0,0,0,0,1,,
2025-12-02 14:02:07,33,19,19,0,"fit: 2, efit: 1","fit: 2, efit: 1",,,,0,0,0,0,1,,
2025-12-02 14:04:49,33,19,19,0,fit: 1,fit: 1,,,,0,0,0,0,1,,
2025-12-02 14:06:03,33,19,19,0,"fit: 1, efit: 1","fit: 1, efit: 1",,,,0,0,0,0,1,,
2025-12-02 14:19:53,33,19,19,0,"fit: 1, efit: 2","fit: 1, efit: 2",,,,0,0,0,0,1,,
2025-12-02 14:24:54,33,19,19,0,"fit: 1, efit: 3","fit: 1, efit: 3",,,,0,0,0,0,1,,
2025-12-02 14:29:55,33,19,19,0,"fit: 1, efit: 4","fit: 1, efit: 4",,,,0,0,0,0,1,,
2025-12-02 14:31:08,33,19,19,0,"fit: 1, efit: 5","fit: 1, efit: 5",,,,0,0,0,0,1,,
2025-12-02 14:34:56,33,19,19,0,"fit: 3, efit: 5","fit: 3, efit: 5",,,,0,0,0,0,1,,
2025-12-02 14:44:58,33,19,19,0,"fit: 3, efit: 3","fit: 3, efit: 3",,,,0,0,0,0,1,,
2025-12-02 15:16:16,33,19,19,0,"fit: 3, efit: 4","fit: 3, efit: 4",,,,0,0,0,0,1,,
2025-12-02 15:26:18,33,19,19,0,"fit: 3, efit: 3","fit: 3, efit: 3",,,,0,0,0,0,1,,
2025-12-02 15:30:09,33,19,19,0,"fit: 3, efit: 2","fit: 3, efit: 2",,,,0,0,0,0,1,,
2025-12-02 15:31:19,33,19,19,0,"fit: 3, efit: 1","fit: 3, efit: 1",,,,0,0,0,0,1,,
2025-12-02 15:50:13,33,19,19,0,fit: 3,fit: 3,,,,0,0,0,0,1,,
2025-12-02 15:55:14,33,19,19,0,"fit: 3, efit: 1","fit: 3, efit: 1",,,,0,0,0,0,1,,
2025-12-02 16:05:16,33,19,19,0,"fit: 3, efit: 2","fit: 3, efit: 2",,,,0,0,0,0,1,,
2025-12-02 16:20:20,33,19,19,0,"fit: 3, efit: 3","fit: 3, efit: 3",,,,0,0,0,0,1,,
2025-12-02 17:16:38,33,19,19,0,"fit: 3, efit: 2","fit: 3, efit: 2",,,,0,0,0,0,1,,
2025-12-02 17:40:37,33,19,19,0,"fit: 3, efit: 4","fit: 3, efit: 4",,,,0,0,0,0,1,,
2025-12-02 17:57:40,33,19,19,0,"fit: 4, efit: 3","fit: 4, efit: 3",,,,0,0,0,0,1,,
2025-12-02 18:01:47,33,19,19,0,"fit: 4, efit: 2","fit: 4, efit: 2",,,,0,0,0,0,1,,
2025-12-02 18:20:44,33,19,19,0,"fit: 4, efit: 3","fit: 4, efit: 3",,,,0,0,0,0,1,,
2025-12-02 18:36:53,33,19,19,0,"fit: 4, efit: 4","fit: 4, efit: 4",,,,0,0,0,0,1,,
2025-12-02 18:42:46,33,19,19,0,"fit: 4, efit: 3","fit: 4, efit: 3",,,,0,0,0,0,1,,
2025-12-02 18:51:56,33,19,19,0,"fit: 4, efit: 2","fit: 4, efit: 2",,,,0,0,0,0,1,,
2025-12-02 19:05:54,33,19,19,0,"fit: 4, efit: 1","fit: 4, efit: 1",,,,0,0,0,0,1,,
2025-12-02 19:31:00,33,19,19,0,fit: 4,fit: 4,,,,0,0,0,0,1,,
2025-12-02 20:26:12,33,19,19,0,fit: 5,fit: 5,,,,0,0,0,0,1,,
2025-12-02 20:51:17,33,19,19,0,"fit: 5, efit: 1","fit: 5, efit: 1",,,,0,0,0,0,1,,
2025-12-02 21:01:19,33,19,19,0,"fit: 5, efit: 3","fit: 5, efit: 3",,,,0,0,0,0,1,,
2025-12-02 21:06:20,33,19,19,0,"fit: 5, efit: 2","fit: 5, efit: 2",,,,0,0,0,0,1,,
2025-12-02 21:16:22,33,19,19,0,"fit: 5, efit: 1","fit: 5, efit: 1",,,,0,0,0,0,1,,
2025-12-02 21:23:08,33,19,19,0,fit: 5,fit: 5,,,,0,0,0,0,1,,
2025-12-02 22:26:37,33,19,19,0,"fit: 5, efit: 1","fit: 5, efit: 1",,,,0,0,0,0,1,,
2025-12-02 23:06:45,33,19,19,0,fit: 5,fit: 5,,,,0,0,0,0,1,,
2025-12-02 23:21:48,33,19,19,0,fit: 4,fit: 4,,,,0,0,0,0,1,,
2025-12-02 23:26:49,33,19,19,0,fit: 3,fit: 3,,,,0,0,0,0,1,,
2025-12-02 23:47:49,33,19,19,0,"fit: 3, efit: 1","fit: 3, efit: 1",,,,0,0,0,0,1,,
2025-12-03 00:01:57,33,19,19,0,"fit: 3, efit: 1","fit: 3, efit: 1",,,,0,0,0,0,1,,
2025-12-03 00:22:56,33,19,19,0,fit: 3,fit: 3,,,,0,0,0,0,1,,
2025-12-03 01:17:12,33,19,19,0,fit: 2,fit: 2,,,,0,0,0,0,1,,
2025-12-03 02:08:45,33,19,19,0,"fit: 2, efit: 1","fit: 2, efit: 1",,,,0,0,0,0,1,,
2025-12-03 02:27:27,33,19,19,0,fit: 2,fit: 2,,,,0,0,0,0,1,,
2025-12-03 02:43:50,33,19,19,0,"fit: 2, efit: 1","fit: 2, efit: 1",,,,0,0,0,0,1,,
2025-12-03 02:57:33,33,19,19,0,fit: 1,fit: 1,,,,0,0,0,0,1,,
2025-12-03 03:07:35,33,19,19,0,,,,,,0,0,0,0,1,,
2025-12-03 08:24:36,33,19,19,0,efit: 1,efit: 1,,,,0,0,0,0,1,,
2025-12-03 08:52:46,33,19,19,0,efit: 2,efit: 2,,,,0,0,0,0,1,,
2025-12-03 09:04:41,33,19,19,0,efit: 3,efit: 3,,,,0,0,0,0,1,,
2025-12-03 09:07:49,33,19,19,0,efit: 2,efit: 2,,,,0,0,0,0,1,,
2025-12-03 09:17:51,33,19,19,0,efit: 3,efit: 3,,,,0,0,0,0,1,,
2025-12-03 09:29:44,33,19,19,0,efit: 4,efit: 4,,,,0,0,0,0,1,,
2025-12-03 09:32:55,33,19,19,0,efit: 3,efit: 3,,,,0,0,0,0,1,,
2025-12-03 09:37:56,33,19,19,0,"fit: 1, efit: 3","fit: 1, efit: 3",,,,0,0,0,0,1,,
2025-12-03 09:39:46,33,19,19,0,"fit: 1, efit: 2","fit: 1, efit: 2",,,,0,0,0,0,1,,
2025-12-03 10:13:04,33,19,19,0,"fit: 1, efit: 3","fit: 1, efit: 3",,,,0,0,0,0,1,,
2025-12-03 10:14:51,33,19,19,0,"fit: 1, efit: 4","fit: 1, efit: 4",,,,0,0,0,0,1,,
2025-12-03 10:38:09,33,19,19,0,"fit: 1, efit: 5","fit: 1, efit: 5",,,,0,0,0,0,1,,
2025-12-03 10:48:11,33,19,19,0,"fit: 2, efit: 5","fit: 2, efit: 5",,,,0,0,0,0,1,,
2025-12-03 10:53:12,33,19,19,0,"fit: 2, efit: 6","fit: 2, efit: 6",,,,0,0,0,0,1,,
2025-12-03 10:57:36,33,19,19,0,"fit: 3, efit: 6","fit: 3, efit: 6",,,,0,0,0,0,1,,
2025-12-03 11:02:37,33,19,19,0,"fit: 4, efit: 6","fit: 4, efit: 6",,,,0,0,0,0,1,,
2025-12-03 11:17:39,33,19,19,0,"fit: 4, efit: 5","fit: 4, efit: 4",efit: 1,,,0,0,0,0,1,,
2025-12-03 11:37:42,33,19,19,0,"fit: 4, efit: 4","fit: 4, efit: 3",efit: 1,,,0,0,0,0,1,,
2025-12-03 11:42:43,33,19,19,0,"fit: 4, efit: 3","fit: 4, efit: 2",efit: 1,,,0,0,0,0,1,,
2025-12-03 11:45:26,33,19,19,0,"fit: 5, efit: 3","fit: 5, efit: 2",efit: 1,,,0,0,0,0,1,,
2025-12-03 12:00:29,33,19,19,0,"fit: 5, efit: 4","fit: 5, efit: 3",efit: 1,,,0,0,0,0,1,,
2025-12-03 12:02:46,33,19,19,0,"fit: 6, efit: 4","fit: 6, efit: 3",efit: 1,,,0,0,0,0,1,,
2025-12-03 12:12:47,33,19,19,0,"fit: 6, efit: 3","fit: 6, efit: 2",efit: 1,,,0,0,0,0,1,,
2025-12-03 12:20:32,33,19,19,0,"fit: 6, efit: 4","fit: 6, efit: 3",efit: 1,,,0,0,0,0,1,,
2025-12-03 12:40:36,33,19,19,0,"fit: 6, efit: 5","fit: 6, efit: 4",efit: 1,,,0,0,0,0,1,,
2025-12-03 12:47:52,33,19,19,0,"fit: 6, efit: 4","fit: 6, efit: 3",efit: 1,,,0,0,0,0,1,,
2025-12-03 13:45:48,33,19,19,0,"fit: 6, efit: 3","fit: 6, efit: 2",efit: 1,,,0,0,0,0,1,,
2025-12-03 13:48:01,33,19,19,0,"fit: 6, efit: 1",fit: 6,efit: 1,,,0,0,0,0,1,,
2025-12-03 14:05:51,33,19,19,0,"fit: 7, efit: 1",fit: 7,efit: 1,,,0,0,0,0,1,,
2025-12-03 14:10:52,33,19,19,0,"fit: 7, efit: 2","fit: 7, efit: 1",efit: 1,,,0,0,0,0,1,,
2025-12-03 14:13:05,33,19,19,0,"fit: 7, efit: 2",fit: 7,efit: 2,,,0,0,0,0,1,,
2025-12-03 14:33:07,33,19,19,0,"fit: 7, efit: 3","fit: 7, efit: 1",efit: 2,,,0,0,0,0,1,,
2025-12-03 14:39:00,33,19,19,0,"fit: 7, efit: 4","fit: 7, efit: 2",efit: 2,,,0,0,0,0,1,,
2025-12-03 14:48:09,33,19,19,0,"fit: 7, efit: 4","fit: 7, efit: 3",efit: 1,,,0,0,0,0,1,,
2025-12-03 14:50:59,33,19,19,0,"fit: 7, efit: 4","fit: 7, efit: 2",efit: 2,,,0,0,0,0,1,,
2025-12-03 15:01:02,33,19,19,0,"fit: 7, efit: 4","fit: 7, efit: 4",,,,0,0,0,0,1,,
2025-12-03 15:06:03,33,19,19,0,"fit: 7, efit: 5","fit: 7, efit: 5",,,,0,0,0,0,1,,
2025-12-03 15:13:13,33,19,19,0,"fit: 7, efit: 4","fit: 7, efit: 4",,,,0,0,0,0,1,,
2025-12-03 15:18:13,33,19,19,0,"fit: 7, efit: 3","fit: 7, efit: 3",,,,0,0,0,0,1,,
2025-12-03 15:44:14,33,19,19,0,"fit: 7, efit: 4","fit: 7, efit: 4",,,,0,0,0,0,1,,
2025-12-03 16:11:15,33,19,19,0,"fit: 7, efit: 5","fit: 7, efit: 5",,,,0,0,0,0,1,,
2025-12-03 16:16:16,33,19,19,0,"fit: 9, efit: 5","fit: 9, efit: 5",,,,0,0,0,0,1,,
2025-12-03 16:18:22,33,19,19,0,"fit: 9, efit: 1","fit: 9, efit: 1",,,,0,0,0,0,1,,
2025-12-03 16:23:22,33,19,19,0,fit: 9,fit: 9,,,,0,0,0,0,1,,
2025-12-03 16:26:17,33,19,19,0,fit: 8,fit: 8,,,,0,0,0,0,1,,
2025-12-03 16:31:19,33,19,19,0,"fit: 9, efit: 1","fit: 9, efit: 1",,,,0,0,0,0,1,,
2025-12-03 16:43:25,33,19,19,0,fit: 8,fit: 8,,,,0,0,0,0,1,,
2025-12-03 16:46:21,33,19,19,0,"fit: 8, efit: 2","fit: 8, efit: 2",,,,0,0,0,0,1,,
2025-12-03 16:48:26,33,19,19,0,"fit: 7, efit: 2","fit: 7, efit: 2",,,,0,0,0,0,1,,
2025-12-03 16:53:26,33,19,19,0,"fit: 8, efit: 1","fit: 8, efit: 1",,,,0,0,0,0,1,,
2025-12-03 16:54:29,33,19,19,0,"fit: 8, efit: 2","fit: 8, efit: 2",,,,0,0,0,0,1,,
2025-12-03 16:56:23,33,19,19,0,"fit: 8, efit: 3","fit: 8, efit: 3",,,,0,0,0,0,1,,
2025-12-03 16:58:27,33,19,19,0,"fit: 8, efit: 2","fit: 8, efit: 2",,,,0,0,0,0,1,,
2025-12-03 17:09:33,33,19,19,0,"fit: 8, efit: 1","fit: 8, efit: 1",,,,0,0,0,0,1,,
2025-12-03 17:13:29,33,19,19,0,fit: 8,fit: 8,,,,0,0,0,0,1,,
2025-12-03 17:39:39,33,19,19,0,"fit: 8, efit: 1","fit: 8, efit: 1",,,,0,0,0,0,1,,
2025-12-03 17:48:34,33,19,19,0,fit: 8,fit: 8,,,,0,0,0,0,1,,
2025-12-03 18:01:34,33,19,19,0,"fit: 8, efit: 1","fit: 8, efit: 1",,,,0,0,0,0,1,,
2025-12-03 18:26:39,33,19,19,0,"fit: 8, efit: 3","fit: 8, efit: 3",,,,0,0,0,0,1,,
2025-12-03 18:44:52,33,19,19,0,"fit: 8, efit: 4","fit: 8, efit: 4",,,,0,0,0,0,1,,
2025-12-03 18:48:42,33,19,19,0,"fit: 8, efit: 3","fit: 8, efit: 3",,,,0,0,0,0,1,,
2025-12-03 19:25:01,33,19,19,0,"fit: 8, efit: 2","fit: 8, efit: 2",,,,0,0,0,0,1,,
2025-12-03 19:28:48,33,19,19,0,"fit: 8, efit: 3","fit: 8, efit: 3",,,,0,0,0,0,1,,
2025-12-03 19:38:49,33,19,19,0,"fit: 8, efit: 2","fit: 8, efit: 2",,,,0,0,0,0,1,,
2025-12-03 19:51:54,33,19,19,0,"fit: 8, efit: 1","fit: 8, efit: 1",,,,0,0,0,0,1,,
2025-12-03 20:05:10,33,19,19,0,fit: 8,fit: 8,,,,0,0,0,0,1,,
2025-12-03 20:48:58,33,19,19,0,fit: 7,fit: 7,,,,0,0,0,0,1,,
2025-12-03 21:09:01,33,19,19,0,fit: 6,fit: 6,,,,0,0,0,0,1,,
2025-12-03 21:37:12,33,19,19,0,"fit: 6, efit: 1","fit: 6, efit: 1",,,,0,0,0,0,1,,
2025-12-03 21:55:34,33,19,19,0,fit: 6,fit: 6,,,,0,0,0,0,1,,
2025-12-03 22:15:38,33,19,19,0,"fit: 6, efit: 1","fit: 6, efit: 1",,,,0,0,0,0,1,,
2025-12-03 22:17:19,33,19,19,0,fit: 6,fit: 6,,,,0,0,0,0,1,,
2025-12-03 23:07:28,33,19,19,0,fit: 5,fit: 5,,,,0,0,0,0,1,,
2025-12-04 00:01:00,33,19,19,0,fit: 5,fit: 5,,,,0,0,0,0,1,,
2025-12-04 08:22:44,33,19,19,0,"fit: 5, efit: 1","fit: 5, efit: 1",,,,0,0,0,0,1,,
2025-12-04 08:50:37,33,19,19,0,"fit: 5, efit: 2","fit: 5, efit: 2",,,,0,0,0,0,1,,
2025-12-04 08:59:14,33,19,19,0,"fit: 5, efit: 3","fit: 5, efit: 3",,,,0,0,0,0,1,,
2025-12-04 09:15:41,33,19,19,0,"fit: 5, efit: 4","fit: 5, efit: 4",,,,0,0,0,0,1,,
2025-12-04 09:20:42,33,19,19,0,"fit: 5, efit: 5","fit: 5, efit: 5",,,,0,0,0,0,1,,
2025-12-04 09:25:42,33,19,19,0,"fit: 6, efit: 5","fit: 6, efit: 5",,,,0,0,0,0,1,,
2025-12-04 09:34:20,33,19,19,0,"fit: 6, efit: 6","fit: 6, efit: 6",,,,0,0,0,0,1,,
2025-12-04 09:59:24,33,19,19,0,"fit: 6, efit: 7","fit: 6, efit: 7",,,,0,0,0,0,1,,
2025-12-04 10:17:18,33,19,19,0,"fit: 6, efit: 8","fit: 6, efit: 8",,,,0,0,0,0,1,,
2025-12-04 10:49:33,33,19,19,0,"fit: 6, efit: 9","fit: 6, efit: 9",,,,0,0,0,0,1,,
2025-12-04 10:52:26,33,19,19,0,"fit: 6, efit: 11","fit: 6, efit: 11",,,,0,0,0,0,1,,
2025-12-04 11:02:28,33,19,19,0,"fit: 6, efit: 10","fit: 6, efit: 10",,,,0,0,0,0,1,,
2025-12-04 11:37:35,33,19,19,0,"fit: 6, efit: 9","fit: 6, efit: 9",,,,0,0,0,0,1,,
2025-12-04 11:47:38,33,19,19,0,"fit: 6, efit: 8","fit: 6, efit: 8",,,,0,0,0,0,1,,
2025-12-04 11:57:40,33,19,19,0,"fit: 6, efit: 7","fit: 6, efit: 7",,,,0,0,0,0,1,,
2025-12-04 11:59:46,33,19,19,0,"fit: 6, efit: 6","fit: 6, efit: 6",,,,0,0,0,0,1,,
2025-12-04 12:09:48,33,19,19,0,"fit: 6, efit: 7","fit: 6, efit: 7",,,,0,0,0,0,1,,
2025-12-04 12:12:43,33,19,19,0,"fit: 6, efit: 8","fit: 6, efit: 8",,,,0,0,0,0,1,,
2025-12-04 12:24:50,33,19,19,0,"fit: 6, efit: 7","fit: 6, efit: 7",,,,0,0,0,0,1,,
2025-12-04 12:54:56,33,19,19,0,"fit: 6, efit: 6","fit: 6, efit: 6",,,,0,0,0,0,1,,
2025-12-04 13:11:14,33,19,19,0,"fit: 6, efit: 7","fit: 6, efit: 7",,,,0,0,0,0,1,,
2025-12-04 13:35:04,33,19,19,0,"fit: 7, efit: 7","fit: 7, efit: 7",,,,0,0,0,0,1,,
2025-12-04 13:43:02,33,19,19,0,"fit: 7, efit: 6","fit: 7, efit: 6",,,,0,0,0,0,1,,
2025-12-04 13:46:18,33,19,19,0,"fit: 7, efit: 5","fit: 7, efit: 5",,,,0,0,0,0,1,,
2025-12-04 13:58:05,33,19,19,0,"fit: 7, efit: 4","fit: 7, efit: 4",,,,0,0,0,0,1,,
2025-12-04 14:00:08,33,19,19,0,"fit: 7, efit: 3","fit: 7, efit: 3",,,,0,0,0,0,1,,
2025-12-04 14:03:06,33,19,19,0,"fit: 7, efit: 2","fit: 7, efit: 2",,,,0,0,0,0,1,,
2025-12-04 14:06:21,33,19,19,0,"fit: 7, efit: 1","fit: 7, efit: 1",,,,0,0,0,0,1,,
2025-12-04 14:18:09,33,19,19,0,"fit: 7, efit: 3","fit: 7, efit: 3",,,,0,0,0,0,1,,
2025-12-04 14:20:12,33,19,19,0,"fit: 7, efit: 4","fit: 7, efit: 4",,,,0,0,0,0,1,,
2025-12-04 14:25:13,33,19,19,0,"fit: 7, efit: 3","fit: 7, efit: 3",,,,0,0,0,0,1,,
2025-12-04 14:28:11,33,19,19,0,"fit: 8, efit: 3","fit: 8, efit: 3",,,,0,0,0,0,1,,
2025-12-04 14:30:14,33,19,19,0,"fit: 8, efit: 2","fit: 8, efit: 2",,,,0,0,0,0,1,,
2025-12-04 14:31:24,33,19,19,0,"fit: 8, efit: 3","fit: 8, efit: 3",,,,0,0,0,0,1,,
2025-12-04 14:40:16,33,19,19,0,"fit: 8, efit: 2","fit: 8, efit: 2",,,,0,0,0,0,1,,
2025-12-04 14:56:28,33,19,19,0,"fit: 8, efit: 4","fit: 8, efit: 4",,,,0,0,0,0,1,,
2025-12-04 15:08:20,33,19,19,0,"fit: 8, efit: 3","fit: 8, efit: 3",,,,0,0,0,0,1,,
2025-12-04 15:10:21,33,19,19,0,"fit: 8, efit: 2","fit: 8, efit: 2",,,,0,0,0,0,1,,
2025-12-04 15:25:23,33,19,19,0,"fit: 8, efit: 1","fit: 8, efit: 1",,,,0,0,0,0,1,,
2025-12-04 15:30:24,33,19,19,0,fit: 7,fit: 7,,,,0,0,0,0,1,,
2025-12-04 15:41:34,33,19,19,0,"fit: 7, efit: 1","fit: 7, efit: 1",,,,0,0,0,0,1,,
2025-12-04 15:45:27,33,19,19,0,"fit: 7, efit: 3","fit: 7, efit: 3",,,,0,0,0,0,1,,
2025-12-04 15:48:28,33,19,19,0,"fit: 7, efit: 2","fit: 7, efit: 2",,,,0,0,0,0,1,,
2025-12-04 15:55:29,33,19,19,0,"fit: 6, efit: 2","fit: 6, efit: 2",,,,0,0,0,0,1,,
2025-12-04 15:56:36,33,19,19,0,"fit: 7, efit: 1","fit: 7, efit: 1",,,,0,0,0,0,1,,
2025-12-04 16:00:30,33,19,19,0,fit: 7,fit: 7,,,,0,0,0,0,1,,
2025-12-04 16:01:37,33,19,19,0,"fit: 7, efit: 1","fit: 7, efit: 1",,,,0,0,0,0,1,,
2025-12-04 16:55:40,33,19,19,0,fit: 7,fit: 7,,,,0,0,0,0,1,,
2025-12-04 17:08:45,33,19,19,0,fit: 6,fit: 6,,,,0,0,0,0,1,,
2025-12-04 17:13:46,33,19,19,0,"fit: 6, efit: 1","fit: 6, efit: 1",,,,0,0,0,0,1,,
2025-12-04 17:43:52,33,19,19,0,fit: 6,fit: 6,,,,0,0,0,0,1,,
2025-12-04 18:25:56,33,19,19,0,"fit: 6, efit: 1","fit: 6, efit: 1",,,,0,0,0,0,1,,
2025-12-04 18:31:57,33,19,19,0,fit: 6,fit: 6,,,,0,0,0,0,1,,
2025-12-04 18:44:05,33,19,19,0,"fit: 6, efit: 1","fit: 6, efit: 1",,,,0,0,0,0,1,,
2025-12-04 18:46:00,33,19,19,0,"fit: 7, efit: 1","fit: 7, efit: 1",,,,0,0,0,0,1,,
2025-12-04 18:56:02,33,19,19,0,fit: 7,fit: 7,,,,0,0,0,0,1,,
2025-12-04 20:39:29,33,19,19,0,"fit: 8, efit: 1","fit: 8, efit: 1",,,,0,0,0,0,1,,
2025-12-04 20:44:30,33,19,19,0,fit: 9,fit: 9,,,,0,0,0,0,1,,
2025-12-04 21:32:22,33,19,19,0,fit: 10,fit: 10,,,,0,0,0,0,1,,
2025-12-04 21:39:42,33,19,19,0,fit: 9,fit: 9,,,,0,0,0,0,1,,
2025-12-04 22:24:51,33,19,19,0,fit: 8,fit: 8,,,,0,0,0,0,1,,
2025-12-05 00:00:11,33,19,19,0,fit: 8,fit: 8,,,,0,0,0,0,1,,
2025-12-05 00:32:01,33,19,19,0,"fit: 8, efit: 2","fit: 8, efit: 2",,,,0,0,0,0,1,,
2025-12-05 02:33:03,33,19,19,0,"fit: 8, efit: 1","fit: 8, efit: 1",,,,0,0,0,0,1,,
2025-12-05 02:40:44,33,19,19,0,fit: 8,fit: 8,,,,0,0,0,0,1,,
2025-12-05 02:50:46,33,19,19,0,fit: 7,fit: 7,,,,0,0,0,0,1,,
2025-12-05 03:10:50,33,19,19,0,fit: 6,fit: 6,,,,0,0,0,0,1,,
2025-12-05 08:16:54,33,19,19,0,"fit: 6, efit: 1","fit: 6, efit: 1",,,,0,0,0,0,1,,
2025-12-05 09:02:04,33,19,19,0,"fit: 6, efit: 2","fit: 6, efit: 2",,,,0,0,0,0,1,,
2025-12-05 09:08:32,33,19,19,0,"fit: 6, efit: 3","fit: 6, efit: 3",,,,0,0,0,0,1,,
2025-12-05 09:27:09,33,19,19,0,"fit: 7, efit: 3","fit: 7, efit: 3",,,,0,0,0,0,1,,
2025-12-05 09:52:14,33,19,19,0,"fit: 8, efit: 4","fit: 8, efit: 4",,,,0,0,0,0,1,,
2025-12-05 09:53:40,33,19,19,0,"fit: 8, efit: 5","fit: 8, efit: 5",,,,0,0,0,0,1,,
2025-12-05 10:17:20,33,19,19,0,"fit: 8, efit: 6","fit: 8, efit: 6",,,,0,0,0,0,1,,
2025-12-05 10:28:47,33,19,19,0,"fit: 8, efit: 5","fit: 8, efit: 5",,,,0,0,0,0,1,,
2025-12-05 10:52:27,33,19,19,0,"fit: 8, efit: 6","fit: 8, efit: 6",,,,0,0,0,0,1,,
2025-12-05 11:22:33,33,19,19,0,"fit: 8, efit: 7","fit: 8, efit: 7",,,,0,0,0,0,1,,
2025-12-05 11:38:59,33,19,19,0,"fit: 8, efit: 8","fit: 8, efit: 8",,,,0,0,0,0,1,,
2025-12-05 11:39:16,33,19,19,0,"fit: 8, efit: 9","fit: 8, efit: 9",,,,0,0,0,0,1,,
2025-12-05 11:52:40,33,19,19,0,"fit: 8, efit: 8","fit: 8, efit: 8",,,,0,0,0,0,1,,
2025-12-05 11:59:02,33,19,19,0,"fit: 8, efit: 7","fit: 8, efit: 7",,,,0,0,0,0,1,,
2025-12-05 12:02:42,33,19,19,0,"fit: 8, efit: 6","fit: 8, efit: 6",,,,0,0,0,0,1,,
2025-12-05 12:19:06,33,19,19,0,"fit: 8, efit: 5","fit: 8, efit: 5",,,,0,0,0,0,1,,
2025-12-05 13:07:56,33,19,19,0,"fit: 8, efit: 4","fit: 8, efit: 4",,,,0,0,0,0,1,,
2025-12-05 13:28:01,33,19,19,0,"fit: 8, efit: 5","fit: 8, efit: 5",,,,0,0,0,0,1,,
2025-12-05 13:58:07,33,19,19,0,"fit: 8, efit: 4","fit: 8, efit: 4",,,,0,0,0,0,1,,
2025-12-05 14:13:10,33,19,19,0,"fit: 8, efit: 5","fit: 8, efit: 5",,,,0,0,0,0,1,,
2025-12-05 14:33:14,33,19,19,0,"fit: 8, efit: 6","fit: 8, efit: 6",,,,0,0,0,0,1,,
2025-12-05 14:34:31,33,19,19,0,"fit: 8, efit: 8","fit: 8, efit: 8",,,,0,0,0,0,1,,
2025-12-05 14:58:20,33,19,19,0,"fit: 9, efit: 4","fit: 9, efit: 4",,,,0,0,0,0,1,,
2025-12-05 14:59:35,33,19,19,0,"fit: 9, efit: 3","fit: 9, efit: 3",,,,0,0,0,0,1,,
2025-12-05 15:08:22,33,19,19,0,"fit: 9, efit: 2","fit: 9, efit: 2",,,,0,0,0,0,1,,
2025-12-05 15:34:42,33,19,19,0,"fit: 9, efit: 3","fit: 9, efit: 3",,,,0,0,0,0,1,,
2025-12-05 15:48:30,33,19,19,0,"fit: 9, efit: 1","fit: 9, efit: 1",,,,0,0,0,0,1,,
2025-12-05 16:04:47,33,19,19,0,fit: 9,fit: 9,,,,0,0,0,0,1,,
2025-12-05 16:28:39,33,19,19,0,fit: 8,fit: 8,,,,0,0,0,0,1,,
2025-12-05 16:43:42,33,19,19,0,"fit: 8, efit: 1","fit: 8, efit: 1",,,,0,0,0,0,1,,
2025-12-05 16:49:59,33,19,19,0,"fit: 8, efit: 2","fit: 8, efit: 2",,,,0,0,0,0,1,,
2025-12-05 16:55:00,33,19,19,0,"fit: 8, efit: 1","fit: 8, efit: 1",,,,0,0,0,0,1,,
2025-12-05 16:57:35,33,19,19,0,fit: 8,fit: 8,,,,0,0,0,0,1,,
2025-12-05 17:02:36,33,19,19,0,fit: 7,fit: 7,,,,0,0,0,0,1,,
2025-12-05 18:05:11,33,19,19,0,"fit: 7, efit: 1","fit: 7, efit: 1",,,,0,0,0,0,1,,
2025-12-05 18:34:05,33,19,19,0,"fit: 7, efit: 2","fit: 7, efit: 2",,,,0,0,0,0,1,,
2025-12-05 18:47:55,33,19,19,0,"fit: 7, efit: 5","fit: 7, efit: 4",,,,0,0,0,0,1,,
2025-12-05 18:52:56,33,19,19,0,"fit: 7, efit: 4","fit: 7, efit: 3",,,,0,0,0,0,1,,
2025-12-05 19:02:58,33,19,19,0,"fit: 7, efit: 3","fit: 7, efit: 2",,,,0,0,0,0,1,,
2025-12-05 19:04:11,33,19,19,0,"fit: 7, efit: 4","fit: 7, efit: 2",,,,0,0,0,0,1,,
2025-12-05 19:05:19,33,19,19,0,"fit: 7, efit: 3","fit: 7, efit: 1",,,,0,0,0,0,1,,
2025-12-05 19:18:01,33,19,19,0,"fit: 7, efit: 4","fit: 7, efit: 2",,,,0,0,0,0,1,,
2025-12-05 19:28:03,33,19,19,0,"fit: 7, efit: 4","fit: 7, efit: 4",,,,0,0,0,0,1,,
2025-12-05 19:29:17,33,19,19,0,"fit: 7, efit: 3","fit: 7, efit: 3",,,,0,0,0,0,1,,
2025-12-05 19:48:07,33,19,19,0,"fit: 7, efit: 4","fit: 7, efit: 4",,,,0,0,0,0,1,,
2025-12-05 19:49:21,33,19,19,0,"fit: 7, efit: 5","fit: 7, efit: 5",,,,0,0,0,0,1,,
2025-12-05 19:53:08,33,19,19,0,"fit: 7, efit: 6","fit: 7, efit: 6",,,,0,0,0,0,1,,
2025-12-05 19:55:26,33,19,19,0,"fit: 7, efit: 3","fit: 7, efit: 3",,,,0,0,0,0,1,,
2025-12-05 19:58:09,33,19,19,0,"fit: 7, efit: 4","fit: 7, efit: 4",,,,0,0,0,0,1,,
2025-12-05 20:03:10,33,19,19,0,"fit: 7, efit: 2","fit: 7, efit: 2",,,,0,0,0,0,1,,
2025-12-05 20:04:24,33,19,19,0,"fit: 7, efit: 1","fit: 7, efit: 1",,,,0,0,0,0,1,,
2025-12-05 20:08:11,33,19,19,0,fit: 7,fit: 7,,,,0,0,0,0,1,,
2025-12-05 20:20:30,33,19,19,0,"fit: 7, efit: 1",fit: 7,,,,0,0,0,0,1,,
2025-12-05 20:28:15,33,19,19,0,"fit: 6, efit: 1",fit: 6,,,,0,0,0,0,1,,
2025-12-05 20:58:20,33,19,19,0,"fit: 6, efit: 1","fit: 6, efit: 1",,,,0,0,0,0,1,,
2025-12-05 21:33:27,33,19,19,0,fit: 6,fit: 6,,,,0,0,0,0,1,,
2025-12-05 21:55:43,33,19,19,0,fit: 5,fit: 5,,,,0,0,0,0,1,,
2025-12-05 22:23:36,33,19,19,0,fit: 4,fit: 4,,,,0,0,0,0,1,,
2025-12-05 23:38:50,33,19,19,0,"fit: 4, efit: 1","fit: 4, efit: 1",,,,0,0,0,0,1,,
2025-12-06 00:00:16,33,19,19,0,"fit: 4, efit: 1","fit: 4, efit: 1",,,,0,0,0,0,1,,
2025-12-06 08:40:24,33,19,19,0,"fit: 4, efit: 2","fit: 4, efit: 2",,,,0,0,0,0,1,,
2025-12-06 10:40:45,33,19,19,0,"fit: 4, efit: 3","fit: 4, efit: 3",,,,0,0,0,0,1,,
2025-12-06 11:00:49,33,19,19,0,"fit: 4, efit: 4","fit: 4, efit: 4",,,,0,0,0,0,1,,
2025-12-06 11:45:57,33,19,19,0,"fit: 4, efit: 5","fit: 4, efit: 5",,,,0,0,0,0,1,,
2025-12-06 11:47:34,33,19,19,0,"fit: 5, efit: 5","fit: 5, efit: 5",,,,0,0,0,0,1,,
2025-12-06 12:36:06,33,19,19,0,"fit: 5, efit: 4","fit: 5, efit: 4",,,,0,0,0,0,1,,
2025-12-06 12:47:42,33,19,19,0,"fit: 4, efit: 4","fit: 4, efit: 4",,,,0,0,0,0,1,,
2025-12-06 12:47:54,33,19,19,0,"fit: 5, efit: 4","fit: 5, efit: 4",,,,0,0,0,0,1,,
2025-12-06 12:51:08,33,19,19,0,"fit: 5, efit: 3","fit: 5, efit: 3",,,,0,0,0,0,1,,
2025-12-06 12:56:09,33,19,19,0,"fit: 5, efit: 4","fit: 5, efit: 4",,,,0,0,0,0,1,,
2025-12-06 13:21:14,33,19,19,0,"fit: 5, efit: 5","fit: 5, efit: 5",,,,0,0,0,0,1,,
2025-12-06 13:22:47,33,19,19,0,"fit: 5, efit: 6","fit: 5, efit: 6",,,,0,0,0,0,1,,
2025-12-06 13:26:15,33,19,19,0,"fit: 5, efit: 8","fit: 5, efit: 8",,,,0,0,0,0,1,,
2025-12-06 14:01:21,33,19,19,0,"fit: 5, efit: 7","fit: 5, efit: 7",,,,0,0,0,0,1,,
2025-12-06 14:12:54,33,19,19,0,"fit: 5, efit: 6","fit: 5, efit: 6",,,,0,0,0,0,1,,
2025-12-06 14:16:24,33,19,19,0,"fit: 5, efit: 7","fit: 5, efit: 7",,,,0,0,0,0,1,,
2025-12-06 14:27:56,33,19,19,0,"fit: 5, efit: 8","fit: 5, efit: 8",,,,0,0,0,0,1,,
2025-12-06 14:36:27,33,19,19,0,"fit: 5, efit: 9","fit: 5, efit: 9",,,,0,0,0,0,1,,
2025-12-06 15:06:32,33,19,19,0,"fit: 5, efit: 10","fit: 5, efit: 10",,,,0,0,0,0,1,,
2025-12-06 15:16:34,33,19,19,0,"fit: 5, efit: 9","fit: 5, efit: 9",,,,0,0,0,0,1,,
2025-12-06 15:43:06,33,19,19,0,"fit: 5, efit: 10","fit: 5, efit: 10",,,,0,0,0,0,1,,
2025-12-06 15:58:09,33,19,19,0,"fit: 5, efit: 11","fit: 5, efit: 11",,,,0,0,0,0,1,,
2025-12-06 16:06:43,33,19,19,0,"fit: 5, efit: 10","fit: 5, efit: 10",,,,0,0,0,0,1,,
2025-12-06 16:31:48,33,19,19,0,"fit: 5, efit: 11","fit: 5, efit: 11",,,,0,0,0,0,1,,
2025-12-06 16:41:50,33,19,19,0,"fit: 5, efit: 12","fit: 5, efit: 12",,,,0,0,0,0,1,,
2025-12-06 16:43:14,33,19,19,0,"fit: 5, efit: 13","fit: 5, efit: 13",,,,0,0,0,0,1,,
2025-12-06 16:43:42,33,19,19,0,"fit: 5, efit: 12","fit: 5, efit: 12",,,,0,0,0,0,1,,
2025-12-06 16:51:51,33,19,19,0,"fit: 5, efit: 14","fit: 5, efit: 14",,,,0,0,0,0,1,,
2025-12-06 17:28:21,33,19,19,0,"fit: 5, efit: 13","fit: 5, efit: 13",,,,0,0,0,0,1,,
2025-12-06 17:42:00,33,19,19,0,"fit: 7, efit: 11","fit: 7, efit: 11",,,,0,0,0,0,1,,
2025-12-06 17:58:58,33,19,19,0,"fit: 7, efit: 10","fit: 7, efit: 10",,,,0,0,0,0,1,,
2025-12-06 18:12:06,33,19,19,0,"fit: 7, efit: 11","fit: 7, efit: 11",,,,0,0,0,0,1,,
2025-12-06 18:52:13,33,19,19,0,"fit: 7, efit: 12","fit: 7, efit: 12",,,,0,0,0,0,1,,
2025-12-06 19:22:18,33,19,19,0,"fit: 7, efit: 11","fit: 7, efit: 11",,,,0,0,0,0,1,,
2025-12-06 20:02:25,33,19,19,0,"fit: 7, efit: 10","fit: 7, efit: 10",,,,0,0,0,0,1,,
2025-12-06 20:04:24,33,19,19,0,"fit: 7, efit: 11","fit: 7, efit: 11",,,,0,0,0,0,1,,
2025-12-06 20:18:43,33,19,19,0,"fit: 7, efit: 12","fit: 7, efit: 12",,,,0,0,0,0,1,,
2025-12-06 20:19:27,33,19,19,0,"fit: 7, efit: 11","fit: 7, efit: 11",,,,0,0,0,0,1,,
2025-12-06 22:32:51,33,19,19,0,"fit: 7, efit: 10","fit: 7, efit: 10",,,,0,0,0,0,1,,
2025-12-06 22:47:54,33,19,19,0,"fit: 7, efit: 9","fit: 7, efit: 9",,,,0,0,0,0,1,,
2025-12-06 22:49:04,33,19,19,0,"fit: 7, efit: 8","fit: 7, efit: 8",,,,0,0,0,0,1,,
2025-12-06 23:34:10,33,19,19,0,"fit: 7, efit: 7","fit: 7, efit: 7",,,,0,0,0,0,1,,
2025-12-06 23:48:05,33,19,19,0,"fit: 6, efit: 7","fit: 6, efit: 7",,,,0,0,0,0,1,,
2025-12-07 00:00:16,33,19,19,0,"fit: 6, efit: 7","fit: 6, efit: 7",,,,0,0,0,0,1,,
2025-12-07 00:03:07,33,19,19,0,"fit: 6, efit: 6","fit: 6, efit: 6",,,,0,0,0,0,1,,
2025-12-07 00:13:09,33,19,19,0,"fit: 6, efit: 5","fit: 6, efit: 5",,,,0,0,0,0,1,,
2025-12-07 00:14:16,33,19,19,0,"fit: 6, efit: 4","fit: 6, efit: 4",,,,0,0,0,0,1,,
2025-12-07 00:23:11,33,19,19,0,"fit: 6, efit: 3","fit: 6, efit: 3",,,,0,0,0,0,1,,
2025-12-07 01:05:29,33,19,19,0,"fit: 6, efit: 2","fit: 6, efit: 2",,,,0,0,0,0,1,,
2025-12-07 01:24:25,33,19,19,0,"fit: 7, efit: 1","fit: 7, efit: 1",,,,0,0,0,0,1,,
2025-12-07 01:29:25,33,19,19,0,fit: 7,fit: 7,,,,0,0,0,0,1,,
2025-12-07 02:00:41,33,19,19,0,"fit: 7, efit: 3","fit: 7, efit: 3",,,,0,0,0,0,1,,
2025-12-07 09:44:48,33,19,19,0,"fit: 8, efit: 3","fit: 8, efit: 3",,,,0,0,0,0,1,,
2025-12-07 09:57:21,33,19,19,0,"fit: 8, efit: 4","fit: 8, efit: 4",,,,0,0,0,0,1,,
2025-12-07 10:34:57,33,19,19,0,"fit: 8, efit: 5","fit: 8, efit: 5",,,,0,0,0,0,1,,
2025-12-07 11:00:02,33,19,19,0,"fit: 8, efit: 6","fit: 8, efit: 6",,,,0,0,0,0,1,,
2025-12-07 11:07:36,33,19,19,0,"fit: 9, efit: 6","fit: 9, efit: 6",,,,0,0,0,0,1,,
2025-12-07 11:30:08,33,19,19,0,"fit: 9, efit: 7","fit: 9, efit: 7",,,,0,0,0,0,1,,
2025-12-07 12:12:50,33,19,19,0,"fit: 9, efit: 7","fit: 9, efit: 6",efit: 1,,,0,0,0,0,1,,
2025-12-07 12:15:17,33,19,19,0,"fit: 9, efit: 8","fit: 9, efit: 7",efit: 1,,,0,0,0,0,1,,
2025-12-07 12:25:18,33,19,19,0,"fit: 9, efit: 7","fit: 9, efit: 6",efit: 1,,,0,0,0,0,1,,
2025-12-07 12:40:21,33,19,19,0,"fit: 9, efit: 8","fit: 9, efit: 7",efit: 1,,,0,0,0,0,1,,
2025-12-07 13:08:02,33,19,19,0,"fit: 9, efit: 9","fit: 9, efit: 8",efit: 1,,,0,0,0,0,1,,
2025-12-07 13:15:28,33,19,19,0,"fit: 9, efit: 10","fit: 9, efit: 9",efit: 1,,,0,0,0,0,1,,
2025-12-07 13:25:30,33,19,19,0,"fit: 9, efit: 9","fit: 9, efit: 8",efit: 1,,,0,0,0,0,1,,
2025-12-07 13:28:06,33,19,19,0,"fit: 9, efit: 10","fit: 9, efit: 9",efit: 1,,,0,0,0,0,1,,
2025-12-07 13:53:11,33,19,19,0,"fit: 9, efit: 9","fit: 9, efit: 8",efit: 1,,,0,0,0,0,1,,
2025-12-07 13:58:13,33,19,19,0,"fit: 9, efit: 10","fit: 9, efit: 9",efit: 1,,,0,0,0,0,1,,
2025-12-07 14:31:13,33,19,19,0,"fit: 9, efit: 9","fit: 9, efit: 8",efit: 1,,,0,0,0,0,1,,
2025-12-07 14:50:45,33,19,19,0,"fit: 9, efit: 8","fit: 9, efit: 7",efit: 1,,,0,0,0,0,1,,
2025-12-07 15:03:27,33,19,19,0,"fit: 9, efit: 9","fit: 9, efit: 8",efit: 1,,,0,0,0,0,1,,
2025-12-07 15:23:31,33,19,19,0,"fit: 6, efit: 6","fit: 6, efit: 6",,,,0,0,0,0,1,,
2025-12-07 15:25:52,33,19,19,0,"fit: 5, efit: 5","fit: 5, efit: 5",,,,0,0,0,0,1,,
2025-12-07 16:00:58,33,19,19,0,"fit: 6, efit: 5","fit: 6, efit: 5",,,,0,0,0,0,1,,
2025-12-07 16:51:07,33,19,19,0,"fit: 6, efit: 6","fit: 6, efit: 6",,,,0,0,0,0,1,,
2025-12-07 17:03:52,33,19,19,0,"fit: 6, efit: 5","fit: 6, efit: 5",,,,0,0,0,0,1,,
2025-12-07 17:18:55,33,19,19,0,"fit: 6, efit: 4","fit: 6, efit: 4",,,,0,0,0,0,1,,
2025-12-07 17:36:15,33,19,19,0,"fit: 6, efit: 3","fit: 6, efit: 3",,,,0,0,0,0,1,,
2025-12-07 18:14:07,33,19,19,0,"fit: 6, efit: 2","fit: 6, efit: 2",,,,0,0,0,0,1,,
2025-12-07 18:41:27,33,19,19,0,"fit: 7, efit: 3","fit: 7, efit: 3",,,,0,0,0,0,1,,
2025-12-07 19:04:17,33,19,19,0,"fit: 8, efit: 3","fit: 8, efit: 3",,,,0,0,0,0,1,,
2025-12-07 19:11:32,33,19,19,0,"fit: 8, efit: 4","fit: 8, efit: 4",,,,0,0,0,0,1,,
2025-12-07 19:19:21,33,19,19,0,"fit: 7, efit: 4","fit: 7, efit: 4",,,,0,0,0,0,1,,
2025-12-07 19:21:34,33,19,19,0,"fit: 8, efit: 2","fit: 8, efit: 2",,,,0,0,0,0,1,,
2025-12-07 19:29:23,33,19,19,0,"fit: 8, efit: 1","fit: 8, efit: 1",,,,0,0,0,0,1,,
2025-12-07 20:04:30,33,19,19,0,fit: 8,fit: 8,,,,0,0,0,0,1,,
2025-12-07 20:36:47,33,19,19,0,"fit: 8, efit: 1","fit: 8, efit: 1",,,,0,0,0,0,1,,
2025-12-07 21:41:58,33,19,19,0,fit: 7,fit: 7,,,,0,0,0,0,1,,
2025-12-07 22:09:57,33,19,19,0,fit: 6,fit: 6,,,,0,0,0,0,1,,
2025-12-07 22:37:07,33,19,19,0,fit: 5,fit: 5,,,,0,0,0,0,1,,
2025-12-08 00:00:20,33,19,19,0,fit: 5,fit: 5,,,,0,0,0,0,1,,
2025-12-08 00:15:23,33,19,19,0,fit: 4,fit: 4,,,,0,0,0,0,1,,
2025-12-08 00:17:25,33,19,19,0,fit: 2,fit: 2,,,,0,0,0,0,1,,
2025-12-08 01:00:33,33,19,19,0,"fit: 2, efit: 1","fit: 2, efit: 1",,,,0,0,0,0,1,,
2025-12-08 01:22:36,33,19,19,0,fit: 1,fit: 1,,,,0,0,0,0,1,,
2025-12-08 06:41:43,33,19,19,0,,,,,,0,0,0,0,1,,
2025-12-08 07:28:26,33,19,19,0,"fit: 1, efit: 1","fit: 1, efit: 1",,,,0,0,0,0,1,,
2025-12-08 08:08:31,33,19,19,0,"fit: 1, efit: 2","fit: 1, efit: 2",,,,0,0,0,0,1,,
2025-12-08 09:32:21,33,19,19,0,"fit: 1, efit: 3","fit: 1, efit: 3",,,,0,0,0,0,1,,
2025-12-08 10:47:36,33,19,19,0,"fit: 1, efit: 4","fit: 1, efit: 4",,,,0,0,0,0,1,,
2025-12-08 10:59:15,33,19,19,0,"fit: 1, efit: 5","fit: 1, efit: 5",,,,0,0,0,0,1,,
2025-12-08 11:02:39,33,19,19,0,"fit: 2, efit: 5","fit: 2, efit: 5",,,,0,0,0,0,1,,
2025-12-08 11:29:20,33,19,19,0,"fit: 2, efit: 4","fit: 2, efit: 4",,,,0,0,0,0,1,,
2025-12-08 11:39:00,33,19,19,0,"fit: 3, efit: 4","fit: 3, efit: 4",,,,0,0,0,0,1,,
2025-12-08 11:42:48,33,19,19,0,"fit: 4, efit: 5","fit: 4, efit: 5",,,,0,0,0,0,1,,
2025-12-08 11:47:49,33,19,19,0,"fit: 5, efit: 5","fit: 5, efit: 5",,,,0,0,0,0,1,,
2025-12-08 11:52:50,33,19,19,0,"fit: 5, efit: 6","fit: 5, efit: 6",,,,0,0,0,0,1,,
2025-12-08 11:54:02,33,19,19,0,"fit: 7, efit: 6","fit: 7, efit: 6",,,,0,0,0,0,1,,
2025-12-08 11:57:51,33,19,19,0,"fit: 8, efit: 6","fit: 8, efit: 6",,,,0,0,0,0,1,,
2025-12-08 12:27:58,33,19,19,0,"fit: 8, efit: 7","fit: 8, efit: 7",,,,0,0,0,0,1,,
2025-12-08 12:38:00,33,19,19,0,"fit: 8, efit: 8","fit: 8, efit: 8",,,,0,0,0,0,1,,
2025-12-08 12:49:10,33,19,19,0,"fit: 8, efit: 9","fit: 8, efit: 9",,,,0,0,0,0,1,,
2025-12-08 12:58:05,33,19,19,0,"fit: 8, efit: 8","fit: 8, efit: 8",,,,0,0,0,0,1,,
2025-12-08 13:03:06,33,19,19,0,"fit: 8, efit: 9","fit: 8, efit: 9",,,,0,0,0,0,1,,
2025-12-08 13:23:10,33,19,19,0,"fit: 6, efit: 8","fit: 6, efit: 8",,,,0,0,0,0,1,,
2025-12-08 13:24:14,33,19,19,0,"fit: 4, efit: 8","fit: 4, efit: 8",,,,0,0,0,0,1,,
2025-12-08 13:28:11,33,19,19,0,"fit: 3, efit: 8","fit: 3, efit: 8",,,,0,0,0,0,1,,
2025-12-08 14:03:19,33,19,19,0,"fit: 3, efit: 9","fit: 3, efit: 9",,,,0,0,0,0,1,,
2025-12-08 14:28:25,33,19,19,0,"fit: 3, efit: 8","fit: 3, efit: 8",,,,0,0,0,0,1,,
2025-12-08 14:33:26,33,19,19,0,"fit: 3, efit: 9","fit: 3, efit: 9",,,,0,0,0,0,1,,
2025-12-08 14:39:54,33,19,19,0,"fit: 3, efit: 8","fit: 3, efit: 8",,,,0,0,0,0,1,,
2025-12-08 14:49:56,33,19,19,0,"fit: 3, efit: 7","fit: 3, efit: 7",,,,0,0,0,0,1,,
2025-12-08 14:54:26,33,19,19,0,"fit: 3, efit: 8","fit: 3, efit: 8",,,,0,0,0,0,1,,
2025-12-08 15:08:33,33,19,19,0,"fit: 3, efit: 9","fit: 3, efit: 9",,,,0,0,0,0,1,,
2025-12-08 15:13:34,33,19,19,0,"fit: 3, efit: 8","fit: 3, efit: 8",,,,0,0,0,0,1,,
2025-12-08 15:23:36,33,19,19,0,"fit: 3, efit: 9","fit: 3, efit: 9",,,,0,0,0,0,1,,
2025-12-08 16:08:46,33,19,19,0,"fit: 3, efit: 10","fit: 3, efit: 10",,,,0,0,0,0,1,,
2025-12-08 16:18:48,33,19,19,0,"fit: 3, efit: 11","fit: 3, efit: 11",,,,0,0,0,0,1,,
2025-12-08 16:19:38,33,19,19,0,"fit: 3, efit: 10","fit: 3, efit: 10",,,,0,0,0,0,1,,
2025-12-08 16:23:49,33,19,19,0,"fit: 3, efit: 9","fit: 3, efit: 9",,,,0,0,0,0,1,,
2025-12-08 16:40:16,33,19,19,0,"fit: 3, efit: 10","fit: 3, efit: 10",,,,0,0,0,0,1,,
2025-12-08 16:45:17,33,19,19,0,"fit: 3, efit: 9","fit: 3, efit: 9",,,,0,0,0,0,1,,
2025-12-08 16:50:18,33,19,19,0,"fit: 3, efit: 8","fit: 3, efit: 8",,,,0,0,0,0,1,,
2025-12-08 16:54:43,33,19,19,0,"fit: 3, efit: 7","fit: 3, efit: 7",,,,0,0,0,0,1,,
2025-12-08 16:55:19,33,19,19,0,"fit: 3, efit: 6","fit: 3, efit: 6",,,,0,0,0,0,1,,
2025-12-08 17:14:00,33,19,19,0,"fit: 3, efit: 5","fit: 3, efit: 5",,,,0,0,0,0,1,,
2025-12-08 17:19:01,33,19,19,0,"fit: 3, efit: 4","fit: 3, efit: 4",,,,0,0,0,0,1,,
2025-12-08 17:29:03,33,19,19,0,"fit: 4, efit: 4","fit: 4, efit: 4",,,,0,0,0,0,1,,
2025-12-08 17:49:51,33,19,19,0,"fit: 4, efit: 5","fit: 4, efit: 5",,,,0,0,0,0,1,,
2025-12-08 17:50:29,33,19,19,0,"fit: 4, efit: 4","fit: 4, efit: 4",,,,0,0,0,0,1,,
2025-12-08 18:04:11,33,19,19,0,"fit: 4, efit: 3","fit: 4, efit: 3",,,,0,0,0,0,1,,
2025-12-08 18:09:12,33,19,19,0,"fit: 4, efit: 2","fit: 4, efit: 2",,,,0,0,0,0,1,,
2025-12-08 18:19:14,33,19,19,0,"fit: 4, efit: 1","fit: 4, efit: 1",,,,0,0,0,0,1,,
2025-12-08 18:19:55,33,19,19,0,"fit: 4, efit: 2","fit: 4, efit: 2",,,,0,0,0,0,1,,
2025-12-08 18:44:20,33,19,19,0,"fit: 9, efit: 2","fit: 9, efit: 2",,,,0,0,0,0,1,,
2025-12-08 19:10:43,33,19,19,0,"fit: 9, efit: 3","fit: 9, efit: 3",,,,0,0,0,0,1,,
2025-12-08 19:39:32,33,19,19,0,"fit: 9, efit: 2","fit: 9, efit: 2",,,,0,0,0,0,1,,
2025-12-08 19:44:33,33,19,19,0,"fit: 9, efit: 1","fit: 9, efit: 1",,,,0,0,0,0,1,,
2025-12-08 20:54:48,33,19,19,0,"fit: 9, efit: 2","fit: 9, efit: 1",,,,0,0,0,0,1,,
2025-12-08 21:04:50,33,19,19,0,"fit: 9, efit: 4","fit: 9, efit: 3",,,,0,0,0,0,1,,
2025-12-08 21:19:53,33,19,19,0,"fit: 9, efit: 6","fit: 9, efit: 5",,,,0,0,0,0,1,,
2025-12-08 22:10:05,33,19,19,0,"fit: 10, efit: 5","fit: 10, efit: 4",,,,0,0,0,0,1,,
2025-12-08 22:40:11,33,19,19,0,"fit: 10, efit: 4","fit: 10, efit: 3",,,,0,0,0,0,1,,
2025-12-08 23:20:21,33,19,19,0,"fit: 11, efit: 3","fit: 11, efit: 2",,,,0,0,0,0,1,,
2025-12-08 23:41:30,33,19,19,0,"fit: 11, efit: 1",fit: 11,,,,0,0,0,0,1,,
2025-12-09 00:00:29,33,19,19,0,"fit: 11, efit: 1",fit: 11,,,,0,0,0,0,1,,
2025-12-09 02:15:58,33,19,19,0,"fit: 9, efit: 1",fit: 9,,,,0,0,0,0,1,,
2025-12-09 06:56:38,33,19,19,0,"fit: 9, efit: 2","fit: 9, efit: 1",,,,0,0,0,0,1,,
2025-12-09 07:46:45,33,19,19,0,"fit: 9, efit: 3","fit: 9, efit: 2",,,,0,0,0,0,1,,
2025-12-09 07:51:46,33,19,19,0,"fit: 9, efit: 4","fit: 9, efit: 3",,,,0,0,0,0,1,,
2025-12-09 11:07:46,33,19,19,0,"fit: 9, efit: 5","fit: 9, efit: 4",,,,0,0,0,0,1,,
2025-12-09 11:22:15,33,19,19,0,"fit: 9, efit: 4","fit: 9, efit: 3",,,,0,0,0,0,1,,
2025-12-09 11:27:51,33,19,19,0,"fit: 9, efit: 5","fit: 9, efit: 4",,,,0,0,0,0,1,,
2025-12-09 11:28:34,33,19,19,0,"fit: 9, efit: 6","fit: 9, efit: 5",,,,0,0,0,0,1,,
2025-12-09 11:32:17,33,19,19,0,"fit: 9, efit: 7","fit: 9, efit: 6",,,,0,0,0,0,1,,
2025-12-09 11:38:36,33,19,19,0,"fit: 9, efit: 6","fit: 9, efit: 5",,,,0,0,0,0,1,,
2025-12-09 11:57:57,33,19,19,0,"fit: 9, efit: 7","fit: 9, efit: 6",,,,0,0,0,0,1,,
2025-12-09 12:13:42,33,19,19,0,"fit: 9, efit: 8","fit: 9, efit: 7",,,,0,0,0,0,1,,
2025-12-09 12:22:24,33,19,19,0,"fit: 9, efit: 7","fit: 9, efit: 6",,,,0,0,0,0,1,,
2025-12-09 12:42:27,33,19,19,0,"fit: 9, efit: 8","fit: 9, efit: 7",,,,0,0,0,0,1,,
2025-12-09 13:02:29,33,19,19,0,"fit: 9, efit: 7","fit: 9, efit: 6",,,,0,0,0,0,1,,
2025-12-09 13:08:12,33,19,19,0,"fit: 9, efit: 6","fit: 9, efit: 5",,,,0,0,0,0,1,,
2025-12-09 13:42:35,33,19,19,0,"fit: 9, efit: 5","fit: 9, efit: 4",,,,0,0,0,0,1,,
2025-12-09 13:47:36,33,19,19,0,"fit: 9, efit: 5","fit: 9, efit: 4",efit: 1,,,0,0,0,0,1,,
2025-12-09 13:54:00,33,19,19,0,"fit: 9, efit: 5","fit: 9, efit: 4",,,,0,0,0,0,1,,
2025-12-09 13:57:37,33,19,19,0,"fit: 9, efit: 4","fit: 9, efit: 3",,,,0,0,0,0,1,,
2025-12-09 14:12:39,33,19,19,0,"fit: 9, efit: 5","fit: 9, efit: 4",,,,0,0,0,0,1,,
2025-12-09 14:27:41,33,19,19,0,"fit: 9, efit: 6","fit: 9, efit: 5",,,,0,0,0,0,1,,
2025-12-09 14:28:28,33,19,19,0,"fit: 9, efit: 5","fit: 9, efit: 4",,,,0,0,0,0,1,,
2025-12-09 14:32:42,33,19,19,0,"fit: 9, efit: 6","fit: 9, efit: 5",,,,0,0,0,0,1,,
2025-12-09 15:07:46,33,19,19,0,"fit: 9, efit: 6","fit: 9, efit: 4",,,,0,0,0,0,1,,
2025-12-09 15:08:37,33,19,19,0,"fit: 9, efit: 7","fit: 9, efit: 5",,,,0,0,0,0,1,,
2025-12-09 15:29:17,33,19,19,0,"fit: 9, efit: 8","fit: 9, efit: 6",,,,0,0,0,0,1,,
2025-12-09 15:47:52,33,19,19,0,"fit: 9, efit: 7","fit: 9, efit: 5",,,,0,0,0,0,1,,
2025-12-09 16:24:27,33,19,19,0,"fit: 9, efit: 7","fit: 9, efit: 6",,,,0,0,0,0,1,,
2025-12-09 17:08:03,33,19,19,0,"fit: 9, efit: 6","fit: 9, efit: 5",,,,0,0,0,0,1,,
2025-12-09 17:09:03,33,19,19,0,"fit: 9, efit: 5","fit: 9, efit: 4",,,,0,0,0,0,1,,
2025-12-09 17:18:05,33,19,19,0,"fit: 9, efit: 5","fit: 9, efit: 5",,,,0,0,0,0,1,,
2025-12-09 18:29:20,33,19,19,0,"fit: 10, efit: 5","fit: 10, efit: 5",,,,0,0,0,0,1,,
2025-12-09 18:34:21,33,19,19,0,"fit: 10, efit: 3","fit: 10, efit: 3",,,,0,0,0,0,1,,
2025-12-09 19:19:58,33,19,19,0,"fit: 10, efit: 2","fit: 10, efit: 2",,,,0,0,0,0,1,,
2025-12-09 19:48:25,33,19,19,0,"fit: 10, efit: 1","fit: 10, efit: 1",,,,0,0,0,0,1,,
2025-12-09 20:08:28,33,19,19,0,"fit: 10, efit: 2","fit: 10, efit: 2",,,,0,0,0,0,1,,
2025-12-09 21:03:36,33,19,19,0,"fit: 10, efit: 1","fit: 10, efit: 1",,,,0,0,0,0,1,,
2025-12-09 21:18:38,33,19,19,0,fit: 10,fit: 10,,,,0,0,0,0,1,,
2025-12-09 21:34:58,33,19,19,0,fit: 9,fit: 9,,,,0,0,0,0,1,,
2025-12-09 23:18:55,33,19,19,0,fit: 8,fit: 8,,,,0,0,0,0,1,,
2025-12-09 23:20:21,33,19,19,0,fit: 9,fit: 9,,,,0,0,0,0,1,,
2025-12-09 23:30:23,33,19,19,0,fit: 8,fit: 8,,,,0,0,0,0,1,,
2025-12-10 00:00:30,33,19,19,0,fit: 8,fit: 8,,,,0,0,0,0,1,,
2025-12-10 07:42:08,33,19,19,0,"fit: 8, efit: 1","fit: 8, efit: 1",,,,0,0,0,0,1,,
2025-12-10 09:37:26,33,19,19,0,"fit: 8, efit: 2","fit: 8, efit: 2",,,,0,0,0,0,1,,
2025-12-10 09:50:23,33,19,19,0,"fit: 8, efit: 3","fit: 8, efit: 3",,,,0,0,0,0,1,,
2025-12-10 09:57:30,33,19,19,0,"fit: 8, efit: 4","fit: 8, efit: 4",,,,0,0,0,0,1,,
2025-12-10 10:32:36,33,19,19,0,"fit: 8, efit: 3","fit: 8, efit: 3",,,,0,0,0,0,1,,
2025-12-10 10:47:39,33,19,19,0,"fit: 8, efit: 2","fit: 8, efit: 2",,,,0,0,0,0,1,,
2025-12-10 12:00:41,33,19,19,0,"fit: 8, efit: 3","fit: 8, efit: 3",,,,0,0,0,0,1,,
2025-12-10 12:20:43,33,19,19,0,"fit: 8, efit: 4","fit: 8, efit: 4",,,,0,0,0,0,1,,
2025-12-10 12:25:44,33,19,19,0,"fit: 8, efit: 5","fit: 8, efit: 5",,,,0,0,0,0,1,,
2025-12-10 12:35:46,33,19,19,0,"fit: 8, efit: 6","fit: 8, efit: 6",,,,0,0,0,0,1,,
2025-12-10 14:28:30,33,19,19,0,"fit: 9, efit: 6","fit: 9, efit: 6",,,,0,0,0,0,1,,
2025-12-10 15:33:31,33,19,19,0,"fit: 9, efit: 7","fit: 9, efit: 7",,,,0,0,0,0,1,,
2025-12-10 16:38:42,33,19,19,0,"fit: 9, efit: 6","fit: 9, efit: 6",,,,0,0,0,0,1,,
2025-12-10 16:53:44,33,19,19,0,"fit: 9, efit: 7","fit: 9, efit: 7",,,,0,0,0,0,1,,
2025-12-10 17:26:27,33,19,19,0,"fit: 9, efit: 6","fit: 9, efit: 6",,,,0,0,0,0,1,,
2025-12-10 17:56:31,33,19,19,0,"fit: 9, efit: 7","fit: 9, efit: 7",,,,0,0,0,0,1,,
2025-12-10 18:24:00,33,19,19,0,"fit: 9, efit: 6","fit: 9, efit: 6",,,,0,0,0,0,1,,
2025-12-10 18:29:20,33,19,19,0,"fit: 9, efit: 7","fit: 9, efit: 7",,,,0,0,0,0,1,,
2025-12-10 18:49:05,33,19,19,0,"fit: 9, efit: 8","fit: 9, efit: 8",,,,0,0,0,0,1,,
2025-12-10 19:04:07,33,19,19,0,"fit: 9, efit: 7","fit: 9, efit: 7",,,,0,0,0,0,1,,
2025-12-10 19:11:41,33,19,19,0,"fit: 9, efit: 6","fit: 9, efit: 6",,,,0,0,0,0,1,,
2025-12-10 19:44:14,33,19,19,0,"fit: 9, efit: 5","fit: 9, efit: 5",,,,0,0,0,0,1,,
2025-12-10 20:04:18,33,19,19,0,"fit: 9, efit: 6","fit: 9, efit: 6",,,,0,0,0,0,1,,
2025-12-10 20:16:49,33,19,19,0,"fit: 9, efit: 7","fit: 9, efit: 7",,,,0,0,0,0,1,,
2025-12-10 21:14:30,33,19,19,0,"fit: 9, efit: 6","fit: 9, efit: 6",,,,0,0,0,0,1,,
2025-12-10 22:12:05,33,19,19,0,"fit: 8, efit: 4","fit: 8, efit: 4",,,,0,0,0,0,1,,
2025-12-10 22:45:11,33,19,19,0,"fit: 8, efit: 3","fit: 8, efit: 3",,,,0,0,0,0,1,,
2025-12-10 23:59:59,33,19,19,0,"fit: 8, efit: 2","fit: 8, efit: 2",,,,0,0,0,0,1,,
2025-12-11 00:00:27,33,19,19,0,"fit: 8, efit: 2","fit: 8, efit: 2",,,,0,0,0,0,1,,
2025-12-11 00:25:04,33,19,19,0,"fit: 8, efit: 1","fit: 8, efit: 1",,,,0,0,0,0,1,,
2025-12-11 01:17:30,33,19,19,0,fit: 8,fit: 8,,,,0,0,0,0,1,,
2025-12-11 02:37:41,33,19,19,0,"fit: 8, efit: 1","fit: 8, efit: 1",,,,0,0,0,0,1,,
2025-12-11 08:46:32,33,19,19,0,"fit: 8, efit: 2","fit: 8, efit: 2",,,,0,0,0,0,1,,
2025-12-11 08:56:34,33,19,19,0,"fit: 8, efit: 3","fit: 8, efit: 3",,,,0,0,0,0,1,,
2025-12-11 09:46:42,33,19,19,0,"fit: 8, efit: 2","fit: 8, efit: 2",,,,0,0,0,0,1,,
2025-12-11 09:58:40,33,19,19,0,"fit: 8, efit: 1","fit: 8, efit: 1",,,,0,0,0,0,1,,
2025-12-11 10:01:45,33,19,19,0,fit: 8,fit: 8,,,,0,0,0,0,1,,
2025-12-11 10:41:52,33,19,19,0,"fit: 8, efit: 1","fit: 8, efit: 1",,,,0,0,0,0,1,,
2025-12-11 11:08:50,33,19,19,0,fit: 8,fit: 8,,,,0,0,0,0,1,,
2025-12-11 11:38:54,33,19,19,0,"fit: 8, efit: 1","fit: 8, efit: 1",,,,0,0,0,0,1,,
2025-12-11 11:58:57,33,19,19,0,"fit: 8, efit: 2","fit: 8, efit: 2",,,,0,0,0,0,1,,
2025-12-11 12:02:07,33,19,19,0,fit: 8,fit: 8,,,,0,0,0,0,1,,
2025-12-11 12:24:00,33,19,19,0,fit: 9,fit: 9,,,,0,0,0,0,1,,
2025-12-11 13:12:20,33,19,19,0,fit: 8,fit: 8,,,,0,0,0,0,1,,
2025-12-11 13:17:21,33,19,19,0,"fit: 8, efit: 1","fit: 8, efit: 1",,,,0,0,0,0,1,,
2025-12-11 13:22:22,33,19,19,0,"fit: 8, efit: 2","fit: 8, efit: 2",,,,0,0,0,0,1,,
2025-12-11 13:32:23,33,19,19,0,"fit: 8, efit: 3","fit: 8, efit: 3",,,,0,0,0,0,1,,
2025-12-11 14:02:29,33,19,19,0,"fit: 8, efit: 2","fit: 8, efit: 2",,,,0,0,0,0,1,,
2025-12-11 14:17:32,33,19,19,0,"fit: 9, efit: 1","fit: 9, efit: 1",,,,0,0,0,0,1,,
2025-12-11 14:27:33,33,19,19,0,"fit: 8, efit: 2","fit: 8, efit: 2",,,,0,0,0,0,1,,
2025-12-11 14:42:36,33,19,19,0,"fit: 8, efit: 1","fit: 8, efit: 1",,,,0,0,0,0,1,,
2025-12-11 14:58:36,33,19,19,0,"fit: 8, efit: 2","fit: 8, efit: 2",,,,0,0,0,0,1,,
2025-12-11 15:47:48,33,19,19,0,"fit: 8, efit: 3","fit: 8, efit: 3",,,,0,0,0,0,1,,
2025-12-11 16:04:31,33,19,19,0,"fit: 8, efit: 2","fit: 8, efit: 2",,,,0,0,0,0,1,,
2025-12-11 16:07:51,33,19,19,0,"fit: 8, efit: 3","fit: 8, efit: 3",,,,0,0,0,0,1,,
2025-12-11 16:32:55,33,19,19,0,"fit: 8, efit: 4","fit: 8, efit: 4",,,,0,0,0,0,1,,
2025-12-11 16:47:58,33,19,19,0,"fit: 8, efit: 5","fit: 8, efit: 5",,,,0,0,0,0,1,,
2025-12-11 16:48:59,33,19,19,0,"fit: 8, efit: 4","fit: 8, efit: 4",,,,0,0,0,0,1,,
2025-12-11 16:59:02,33,19,19,0,"fit: 8, efit: 5","fit: 8, efit: 5",,,,0,0,0,0,1,,
2025-12-11 17:13:03,33,19,19,0,"fit: 8, efit: 4","fit: 8, efit: 4",,,,0,0,0,0,1,,
2025-12-11 17:19:06,33,19,19,0,"fit: 9, efit: 4","fit: 9, efit: 4",,,,0,0,0,0,1,,
2025-12-11 17:33:07,33,19,19,0,"fit: 9, efit: 3","fit: 9, efit: 3",,,,0,0,0,0,1,,
2025-12-11 18:08:13,33,19,19,0,"fit: 9, efit: 2","fit: 9, efit: 2",,,,0,0,0,0,1,,
2025-12-11 18:09:17,33,19,19,0,"fit: 9, efit: 1","fit: 9, efit: 1",,,,0,0,0,0,1,,
2025-12-11 18:18:14,33,19,19,0,fit: 9,fit: 9,,,,0,0,0,0,1,,
2025-12-11 20:18:17,33,19,19,0,fit: 8,fit: 8,,,,0,0,0,0,1,,
2025-12-11 20:25:08,33,19,19,0,fit: 6,fit: 6,,,,0,0,0,0,1,,
2025-12-11 20:28:19,33,19,19,0,fit: 5,fit: 5,,,,0,0,0,0,1,,
2025-12-11 22:33:45,33,19,19,0,fit: 3,fit: 3,,,,0,0,0,0,1,,
2025-12-12 00:02:32,33,19,19,0,fit: 3,fit: 3,,,,0,0,0,0,1,,
2025-12-12 01:44:29,33,19,19,0,fit: 2,fit: 2,,,,0,0,0,0,1,,
2025-12-12 06:23:28,33,19,19,0,"fit: 2, efit: 1","fit: 2, efit: 1",,,,0,0,0,0,1,,
2025-12-12 07:33:38,33,19,19,0,"fit: 2, efit: 2","fit: 2, efit: 2",,,,0,0,0,0,1,,
2025-12-12 07:38:39,33,19,19,0,"fit: 2, efit: 5","fit: 2, efit: 5",,,,0,0,0,0,1,,
2025-12-12 07:48:40,33,19,19,0,"fit: 2, efit: 6","fit: 2, efit: 6",,,,0,0,0,0,1,,
2025-12-12 07:50:56,33,19,19,0,"fit: 2, efit: 7","fit: 2, efit: 7",,,,0,0,0,0,1,,
2025-12-12 08:03:42,33,19,19,0,"fit: 3, efit: 7","fit: 3, efit: 7",,,,0,0,0,0,1,,
2025-12-12 08:05:35,33,19,19,0,"fit: 3, efit: 6","fit: 3, efit: 6",,,,0,0,0,0,1,,
2025-12-12 08:18:45,33,19,19,0,"fit: 3, efit: 7","fit: 3, efit: 7",,,,0,0,0,0,1,,
2025-12-12 08:45:42,33,19,19,0,"fit: 3, efit: 8","fit: 3, efit: 8",,,,0,0,0,0,1,,
2025-12-12 09:18:54,33,19,19,0,"fit: 3, efit: 7","fit: 3, efit: 7",,,,0,0,0,0,1,,
2025-12-12 09:38:57,33,19,19,0,"fit: 3, efit: 8","fit: 3, efit: 8",,,,0,0,0,0,1,,
2025-12-12 09:48:58,33,19,19,0,"fit: 3, efit: 7","fit: 3, efit: 7",,,,0,0,0,0,1,,
2025-12-12 10:00:55,33,19,19,0,"fit: 3, efit: 6","fit: 3, efit: 6",,,,0,0,0,0,1,,
2025-12-12 10:04:00,33,19,19,0,"fit: 3, efit: 5","fit: 3, efit: 5",,,,0,0,0,0,1,,
2025-12-12 10:05:56,33,19,19,0,"fit: 3, efit: 4","fit: 3, efit: 4",,,,0,0,0,0,1,,
2025-12-12 10:49:07,33,19,19,0,"fit: 3, efit: 5","fit: 3, efit: 5",,,,0,0,0,0,1,,
2025-12-12 11:01:06,33,19,19,0,"fit: 3, efit: 6","fit: 3, efit: 6",,,,0,0,0,0,1,,
2025-12-12 11:04:09,33,19,19,0,"fit: 3, efit: 7","fit: 3, efit: 7",,,,0,0,0,0,1,,
2025-12-12 11:16:08,33,19,19,0,"fit: 3, efit: 6","fit: 3, efit: 6",,,,0,0,0,0,1,,
2025-12-12 11:29:13,33,19,19,0,"fit: 3, efit: 7","fit: 3, efit: 7",,,,0,0,0,0,1,,
2025-12-12 11:46:13,33,19,19,0,"fit: 3, efit: 6","fit: 3, efit: 6",,,,0,0,0,0,1,,
2025-12-12 11:46:53,33,19,19,0,"fit: 3, efit: 5","fit: 3, efit: 5",,,,0,0,0,0,1,,
2025-12-12 11:56:56,33,19,19,0,"fit: 3, efit: 4","fit: 3, efit: 4",,,,0,0,0,0,1,,
2025-12-12 13:01:26,33,19,19,0,"fit: 3, efit: 5","fit: 3, efit: 5",,,,0,0,0,0,1,,
2025-12-12 13:31:31,33,19,19,0,"fit: 3, efit: 4","fit: 3, efit: 4",,,,0,0,0,0,1,,
2025-12-12 13:32:19,33,19,19,0,"fit: 3, efit: 3","fit: 3, efit: 3",,,,0,0,0,0,1,,
2025-12-12 13:46:34,33,19,19,0,"fit: 3, efit: 4","fit: 3, efit: 4",,,,0,0,0,0,1,,
2025-12-12 14:04:36,33,19,19,0,"fit: 3, efit: 5","fit: 3, efit: 5",,,,0,0,0,0,1,,
2025-12-12 14:07:27,33,19,19,0,"fit: 3, efit: 4","fit: 3, efit: 4",,,,0,0,0,0,1,,
2025-12-12 14:12:29,33,19,19,0,"fit: 4, efit: 4","fit: 4, efit: 4",,,,0,0,0,0,1,,
2025-12-12 14:17:30,33,19,19,0,"fit: 4, efit: 6","fit: 4, efit: 6",,,,0,0,0,0,1,,
2025-12-12 14:27:32,33,19,19,0,"fit: 4, efit: 7","fit: 4, efit: 6",,,,0,0,0,0,1,,
2025-12-12 14:29:39,33,19,19,0,"fit: 4, efit: 9","fit: 4, efit: 6",,,,0,0,0,0,1,,
2025-12-12 14:32:34,33,19,19,0,"fit: 4, efit: 8","fit: 4, efit: 5",,,,0,0,0,0,1,,
2025-12-12 14:34:40,33,19,19,0,"fit: 4, efit: 6","fit: 4, efit: 3",,,,0,0,0,0,1,,
2025-12-12 14:44:41,33,19,19,0,"fit: 4, efit: 6","fit: 4, efit: 5",,,,0,0,0,0,1,,
2025-12-12 15:04:44,33,19,19,0,"fit: 5, efit: 7","fit: 5, efit: 6",,,,0,0,0,0,1,,
2025-12-12 15:07:37,33,19,19,0,"fit: 5, efit: 9","fit: 5, efit: 9",,,,0,0,0,0,1,,
2025-12-12 15:09:45,33,19,19,0,"fit: 6, efit: 10","fit: 6, efit: 10",,,,0,0,0,0,1,,
2025-12-12 15:14:45,33,19,19,0,"fit: 6, efit: 9","fit: 6, efit: 9",,,,0,0,0,0,1,,
2025-12-12 15:34:48,33,19,19,0,"fit: 6, efit: 8","fit: 6, efit: 8",,,,0,0,0,0,1,,
2025-12-12 15:44:50,33,19,19,0,"fit: 6, efit: 9","fit: 6, efit: 9",,,,0,0,0,0,1,,
2025-12-12 16:02:46,33,19,19,0,"fit: 6, efit: 10","fit: 6, efit: 10",,,,0,0,0,0,1,,
2025-12-12 16:09:53,33,19,19,0,"fit: 6, efit: 11","fit: 6, efit: 11",,,,0,0,0,0,1,,
2025-12-12 16:17:49,33,19,19,0,"fit: 6, efit: 10","fit: 6, efit: 10",,,,0,0,0,0,1,,
2025-12-12 16:42:53,33,19,19,0,"fit: 6, efit: 11","fit: 6, efit: 11",,,,0,0,0,0,1,,
2025-12-12 16:44:58,33,19,19,0,"fit: 6, efit: 12","fit: 6, efit: 12",,,,0,0,0,0,1,,
2025-12-12 16:57:56,33,19,19,0,"fit: 6, efit: 11","fit: 6, efit: 11",,,,0,0,0,0,1,,
2025-12-12 17:02:57,33,19,19,0,"fit: 6, efit: 10","fit: 6, efit: 10",,,,0,0,0,0,1,,
2025-12-12 17:10:02,33,19,19,0,"fit: 6, efit: 9","fit: 6, efit: 9",,,,0,0,0,0,1,,
2025-12-12 17:43:03,33,19,19,0,"fit: 6, efit: 8","fit: 6, efit: 8",,,,0,0,0,0,1,,
2025-12-12 17:53:05,33,19,19,0,"fit: 7, efit: 7","fit: 7, efit: 7",,,,0,0,0,0,1,,
2025-12-12 17:55:09,33,19,19,0,"fit: 7, efit: 8","fit: 7, efit: 8",,,,0,0,0,0,1,,
2025-12-12 18:10:11,33,19,19,0,"fit: 7, efit: 7","fit: 7, efit: 7",,,,0,0,0,0,1,,
2025-12-12 19:00:19,33,19,19,0,"fit: 8, efit: 6","fit: 8, efit: 6",,,,0,0,0,0,1,,
2025-12-12 19:28:21,33,19,19,0,"fit: 8, efit: 5","fit: 8, efit: 5",,,,0,0,0,0,1,,
2025-12-12 23:03:56,33,19,19,0,"fit: 8, efit: 3","fit: 8, efit: 3",,,,0,0,0,0,1,,
2025-12-13 00:01:01,33,19,19,0,"fit: 8, efit: 3","fit: 8, efit: 3",,,,0,0,0,0,1,,
2025-12-13 03:20:36,33,19,19,0,"fit: 8, efit: 4","fit: 8, efit: 4",,,,0,0,0,0,1,,
2025-12-13 04:54:55,33,19,19,0,"fit: 9, efit: 3","fit: 9, efit: 3",,,,0,0,0,0,1,,
2025-12-13 07:25:21,33,19,19,0,"fit: 9, efit: 4","fit: 9, efit: 4",,,,0,0,0,0,1,,
2025-12-13 08:35:33,33,19,19,0,"fit: 9, efit: 5","fit: 9, efit: 5",,,,0,0,0,0,1,,
2025-12-13 08:42:15,33,19,19,0,"fit: 9, efit: 6","fit: 9, efit: 6",,,,0,0,0,0,1,,
2025-12-13 09:40:44,33,19,19,0,"fit: 9, efit: 7","fit: 9, efit: 7",,,,0,0,0,0,1,,
2025-12-13 09:45:44,33,19,19,0,"fit: 9, efit: 6","fit: 9, efit: 6",,,,0,0,0,0,1,,
2025-12-13 09:55:46,33,19,19,0,"fit: 9, efit: 7","fit: 9, efit: 7",,,,0,0,0,0,1,,
2025-12-13 10:20:50,33,19,19,0,"fit: 9, efit: 8","fit: 9, efit: 8",,,,0,0,0,0,1,,
2025-12-13 11:57:41,33,19,19,0,"fit: 9, efit: 9","fit: 9, efit: 9",,,,0,0,0,0,1,,
2025-12-13 12:06:09,33,19,19,0,"fit: 9, efit: 10","fit: 9, efit: 10",,,,0,0,0,0,1,,
2025-12-13 13:36:24,33,19,19,0,"fit: 9, efit: 9","fit: 9, efit: 9",,,,0,0,0,0,1,,
2025-12-13 13:57:58,33,19,19,0,"fit: 8, efit: 8","fit: 8, efit: 8",,,,0,0,0,0,1,,
2025-12-13 13:58:09,33,19,19,0,"fit: 7, efit: 7","fit: 7, efit: 7",,,,0,0,0,0,1,,
2025-12-13 14:01:28,33,19,19,0,"fit: 5, efit: 6","fit: 5, efit: 6",,,,0,0,0,0,1,,
2025-12-13 14:02:58,33,19,19,0,"fit: 4, efit: 6","fit: 4, efit: 6",,,,0,0,0,0,1,,
2025-12-13 15:26:42,33,19,19,0,"fit: 4, efit: 5","fit: 4, efit: 5",,,,0,0,0,0,1,,
2025-12-13 16:21:51,33,19,19,0,"fit: 4, efit: 4","fit: 4, efit: 4",,,,0,0,0,0,1,,
2025-12-13 17:53:31,33,19,19,0,"fit: 4, efit: 3","fit: 4, efit: 3",,,,0,0,0,0,1,,
2025-12-13 17:54:05,33,19,19,0,"fit: 4, efit: 2","fit: 4, efit: 2",,,,0,0,0,0,1,,
2025-12-13 21:22:41,33,19,19,0,"fit: 4, efit: 1","fit: 4, efit: 1",,,,0,0,0,0,1,,
2025-12-13 21:32:43,33,19,19,0,"fit: 4, efit: 2","fit: 4, efit: 2",,,,0,0,0,0,1,,
2025-12-14 00:00:34,33,19,19,0,"fit: 4, efit: 2","fit: 4, efit: 2",,,,0,0,0,0,1,,
2025-12-14 11:23:17,33,19,19,0,"fit: 4, efit: 3","fit: 4, efit: 3",,,,0,0,0,0,1,,
2025-12-14 12:13:29,33,19,19,0,"fit: 4, efit: 2","fit: 4, efit: 2",,,,0,0,0,0,1,,
2025-12-14 12:15:08,33,19,19,0,"fit: 4, efit: 3","fit: 4, efit: 3",,,,0,0,0,0,1,,
2025-12-14 14:20:30,33,19,19,0,"fit: 4, efit: 2","fit: 4, efit: 2",,,,0,0,0,0,1,,
2025-12-14 18:40:01,33,19,19,0,"fit: 4, efit: 5","fit: 4, efit: 5",,,,0,0,0,0,1,,
2025-12-14 19:21:20,33,19,19,0,"fit: 4, efit: 4","fit: 4, efit: 4",,,,0,0,0,0,1,,
2025-12-15 00:01:19,33,19,19,0,"fit: 4, efit: 4","fit: 4, efit: 4",,,,0,0,0,0,1,,
2025-12-15 08:53:26,33,19,19,0,"fit: 4, efit: 5","fit: 4, efit: 5",,,,0,0,0,0,1,,
2025-12-15 15:24:38,33,19,19,0,"fit: 4, efit: 4","fit: 4, efit: 4",,,,0,0,0,0,1,,
2025-12-15 16:35:46,33,19,19,0,"fit: 4, efit: 3","fit: 4, efit: 3",,,,0,0,0,0,1,,
2025-12-15 18:06:05,33,19,19,0,"fit: 4, efit: 4","fit: 4, efit: 4",,,,0,0,0,0,1,,
2025-12-16 00:02:01,33,19,19,0,"fit: 4, efit: 4","fit: 4, efit: 4",,,,0,0,0,0,1,,
2025-12-16 09:05:22,33,19,19,0,"fit: 4, efit: 5","fit: 4, efit: 5",,,,0,0,0,0,1,,
2025-12-16 11:23:47,33,19,19,0,"fit: 4, efit: 5","fit: 4, efit: 4",,,,0,0,0,0,1,,
2025-12-16 13:19:06,33,19,19,0,"fit: 4, efit: 6","fit: 4, efit: 5",,,,0,0,0,0,1,,
2025-12-16 13:34:08,33,19,19,0,"fit: 4, efit: 6","fit: 4, efit: 6",,,,0,0,0,0,1,,
2025-12-16 14:04:13,33,19,19,0,"fit: 4, efit: 5","fit: 4, efit: 5",,,,0,0,0,0,1,,
2025-12-16 14:24:16,33,19,19,0,"fit: 4, efit: 6","fit: 4, efit: 6",,,,0,0,0,0,1,,
2025-12-16 14:46:20,33,19,19,0,"fit: 4, efit: 5","fit: 4, efit: 5",,,,0,0,0,0,1,,
2025-12-16 15:44:28,33,19,19,0,"fit: 4, efit: 6","fit: 4, efit: 6",,,,0,0,0,0,1,,
2025-12-16 16:14:33,33,19,19,0,"fit: 4, efit: 5","fit: 4, efit: 5",,,,0,0,0,0,1,,
2025-12-16 17:55:50,33,19,19,0,"fit: 4, efit: 6","fit: 4, efit: 6",,,,0,0,0,0,1,,
2025-12-16 17:56:53,33,19,19,0,"fit: 4, efit: 5","fit: 4, efit: 5",,,,0,0,0,0,1,,
2025-12-16 18:04:51,33,19,19,0,"fit: 4, efit: 6","fit: 4, efit: 6",,,,0,0,0,0,1,,
2025-12-17 00:00:47,33,19,19,0,"fit: 4, efit: 6","fit: 4, efit: 6",,,,0,0,0,0,1,,
2025-12-17 08:32:07,33,19,19,0,"fit: 4, efit: 7","fit: 4, efit: 7",,,,0,0,0,0,1,,
2025-12-17 11:57:41,33,19,19,0,"fit: 4, efit: 8","fit: 4, efit: 8",,,,0,0,0,0,1,,
2025-12-17 12:55:06,33,19,19,0,"fit: 4, efit: 7","fit: 4, efit: 7",,,,0,0,0,0,1,,
2025-12-17 14:03:01,33,19,19,0,"fit: 4, efit: 8","fit: 4, efit: 8",,,,0,0,0,0,1,,
2025-12-17 14:09:52,33,19,19,0,"fit: 5, efit: 8","fit: 5, efit: 8",,,,0,0,0,0,1,,
2025-12-17 14:28:05,33,19,19,0,"fit: 5, efit: 7","fit: 5, efit: 7",,,,0,0,0,0,1,,
2025-12-17 14:48:08,33,19,19,0,"fit: 5, efit: 6","fit: 5, efit: 6",,,,0,0,0,0,1,,
2025-12-17 15:28:14,33,19,19,0,"fit: 5, efit: 5","fit: 5, efit: 5",,,,0,0,0,0,1,,
2025-12-17 15:35:10,33,19,19,0,"fit: 5, efit: 6","fit: 5, efit: 6",,,,0,0,0,0,1,,
2025-12-17 16:08:21,33,19,19,0,"fit: 5, efit: 6","fit: 5, efit: 5",,,,0,0,0,0,1,,
2025-12-17 16:18:22,33,19,19,0,"fit: 5, efit: 6","fit: 5, efit: 6",,,,0,0,0,0,1,,
2025-12-17 16:35:23,33,19,19,0,"fit: 5, efit: 5","fit: 5, efit: 5",,,,0,0,0,0,1,,
2025-12-17 16:43:26,33,19,19,0,"fit: 5, efit: 4","fit: 5, efit: 4",,,,0,0,0,0,1,,
2025-12-17 17:13:30,33,19,19,0,"fit: 5, efit: 3","fit: 5, efit: 3",,,,0,0,0,0,1,,
2025-12-17 17:15:31,33,19,19,0,"fit: 5, efit: 2","fit: 5, efit: 2",,,,0,0,0,0,1,,
2025-12-17 17:55:39,33,19,19,0,"fit: 5, efit: 3","fit: 5, efit: 3",,,,0,0,0,0,1,,
2025-12-17 18:03:38,33,19,19,0,"fit: 5, efit: 4","fit: 5, efit: 4",,,,0,0,0,0,1,,
2025-12-18 00:01:53,33,19,19,0,"fit: 5, efit: 4","fit: 5, efit: 4",,,,0,0,0,0,1,,
2025-12-18 08:23:28,33,19,19,0,"fit: 5, efit: 5","fit: 5, efit: 5",,,,0,0,0,0,1,,
2025-12-18 10:03:39,33,19,19,0,"fit: 6, efit: 5","fit: 6, efit: 5",,,,0,0,0,0,1,,
2025-12-18 11:31:18,33,19,19,0,"fit: 6, efit: 4","fit: 6, efit: 4",,,,0,0,0,0,1,,
2025-12-18 13:34:16,33,19,19,0,"fit: 6, efit: 5","fit: 6, efit: 5",,,,0,0,0,0,1,,
2025-12-18 14:59:30,33,19,19,0,"fit: 6, efit: 4","fit: 6, efit: 4",,,,0,0,0,0,1,,
2025-12-18 15:46:57,33,19,19,0,"fit: 6, efit: 5","fit: 6, efit: 5",,,,0,0,0,0,1,,
2025-12-18 16:32:04,33,19,19,0,"fit: 6, efit: 6","fit: 6, efit: 6",,,,0,0,0,0,1,,
2025-12-18 16:34:46,33,19,19,0,"fit: 6, efit: 7","fit: 6, efit: 7",,,,0,0,0,0,1,,
2025-12-18 16:49:49,33,19,19,0,"fit: 6, efit: 6","fit: 6, efit: 6",,,,0,0,0,0,1,,
2025-12-18 18:15:04,33,19,19,0,"fit: 6, efit: 7","fit: 6, efit: 7",,,,0,0,0,0,1,,
2025-12-18 20:25:26,33,19,19,0,"fit: 6, efit: 6","fit: 6, efit: 6",,,,0,0,0,0,1,,
2025-12-18 21:37:51,33,19,19,0,"fit: 7, efit: 5","fit: 7, efit: 5",,,,0,0,0,0,1,,
2025-12-19 00:01:04,33,19,19,0,"fit: 7, efit: 5","fit: 7, efit: 5",,,,0,0,0,0,1,,
2025-12-19 08:29:30,33,19,19,0,"fit: 7, efit: 6","fit: 7, efit: 6",,,,0,0,0,0,1,,
2025-12-19 13:55:21,33,19,19,0,"fit: 7, efit: 5","fit: 7, efit: 5",,,,0,0,0,0,1,,
2025-12-19 14:19:33,33,19,19,0,"fit: 7, efit: 4","fit: 7, efit: 4",,,,0,0,0,0,1,,
2025-12-19 17:28:57,33,19,19,0,"fit: 7, efit: 5","fit: 7, efit: 5",,,,0,0,0,0,1,,
2025-12-19 18:34:08,33,19,19,0,"fit: 7, efit: 4","fit: 7, efit: 4",,,,0,0,0,0,1,,
2025-12-19 19:20:33,33,19,19,0,"fit: 7, efit: 5","fit: 7, efit: 5",,,,0,0,0,0,1,,
2025-12-19 19:21:11,33,19,19,0,"fit: 7, efit: 4","fit: 7, efit: 4",,,,0,0,0,0,1,,
2025-12-20 00:00:01,33,19,19,0,"fit: 7, efit: 4","fit: 7, efit: 4",,,,0,0,0,0,1,,
2025-12-20 12:23:45,33,19,19,0,"fit: 7, efit: 3","fit: 7, efit: 3",,,,0,0,0,0,1,,
2025-12-20 13:02:09,33,19,19,0,"fit: 7, efit: 4","fit: 7, efit: 4",,,,0,0,0,0,1,,
2025-12-20 13:09:04,33,19,19,0,"fit: 9, efit: 4","fit: 9, efit: 4",,,,0,0,0,0,1,,
2025-12-20 13:28:55,33,19,19,0,"fit: 9, efit: 3","fit: 9, efit: 3",,,,0,0,0,0,1,,
2025-12-20 14:07:20,33,19,19,0,"fit: 9, efit: 4","fit: 9, efit: 4",,,,0,0,0,0,1,,
2025-12-20 16:24:43,33,19,19,0,"fit: 9, efit: 3","fit: 9, efit: 3",,,,0,0,0,0,1,,
2025-12-21 00:00:31,33,19,19,0,"fit: 9, efit: 3","fit: 9, efit: 3",,,,0,0,0,0,1,,
2025-12-21 09:31:56,33,19,19,0,"fit: 9, efit: 4","fit: 9, efit: 4",,,,0,0,0,0,1,,
2025-12-21 10:47:07,33,19,19,0,"fit: 9, efit: 3","fit: 9, efit: 3",,,,0,0,0,0,1,,
2025-12-21 15:17:48,33,19,19,0,"fit: 9, efit: 4","fit: 9, efit: 4",,,,0,0,0,0,1,,
2025-12-21 16:46:40,33,19,19,0,"fit: 9, efit: 5","fit: 9, efit: 5",,,,0,0,0,0,1,,
2025-12-22 00:01:04,33,19,19,0,"fit: 9, efit: 5","fit: 9, efit: 5",,,,0,0,0,0,1,,
2025-12-22 13:38:49,33,19,19,0,"fit: 9, efit: 4","fit: 9, efit: 4",,,,0,0,0,0,1,,
2025-12-22 17:31:48,33,19,19,0,"fit: 8, efit: 4","fit: 8, efit: 4",,,,0,0,0,0,1,,
2025-12-22 17:55:46,33,19,19,0,"fit: 8, efit: 5","fit: 8, efit: 5",,,,0,0,0,0,1,,
2025-12-22 18:04:44,33,19,19,0,"fit: 8, efit: 6","fit: 8, efit: 6",,,,0,0,0,0,1,,
2025-12-22 19:05:58,33,19,19,0,"fit: 8, efit: 7","fit: 8, efit: 7",,,,0,0,0,0,1,,
2025-12-23 00:00:55,33,19,19,0,"fit: 8, efit: 7","fit: 8, efit: 7",,,,0,0,0,0,1,,
2025-12-23 12:38:27,33,19,19,0,"fit: 8, efit: 6","fit: 8, efit: 6",,,,0,0,0,0,1,,
2025-12-23 16:34:15,33,19,19,0,"fit: 8, efit: 7","fit: 8, efit: 7",,,,0,0,0,0,1,,
2025-12-23 17:59:32,33,19,19,0,"fit: 8, efit: 8","fit: 8, efit: 8",,,,0,0,0,0,1,,
2025-12-23 19:59:55,33,19,19,0,"fit: 8, efit: 9","fit: 8, efit: 9",,,,0,0,0,0,1,,
2025-12-23 21:55:19,33,19,19,0,"fit: 8, efit: 8","fit: 8, efit: 8",,,,0,0,0,0,1,,
2025-12-23 23:40:33,33,19,19,0,"fit: 8, efit: 9","fit: 8, efit: 9",,,,0,0,0,0,1,,
2025-12-24 00:00:37,33,19,19,0,"fit: 8, efit: 9","fit: 8, efit: 9",,,,0,0,0,0,1,,
2025-12-24 09:57:38,33,19,19,0,"fit: 8, efit: 10","fit: 8, efit: 10",,,,0,0,0,0,1,,
2025-12-24 10:43:02,33,19,19,0,"fit: 8, efit: 9","fit: 8, efit: 9",,,,0,0,0,0,1,,
2025-12-24 11:07:52,33,19,19,0,"fit: 8, efit: 8","fit: 8, efit: 8",,,,0,0,0,0,1,,
2025-12-24 11:27:27,33,19,19,0,"fit: 8, efit: 7","fit: 8, efit: 7",,,,0,0,0,0,1,,
2025-12-24 13:32:47,33,19,19,0,"fit: 8, efit: 8","fit: 8, efit: 8",,,,0,0,0,0,1,,
2025-12-24 14:42:59,33,19,19,0,"fit: 8, efit: 9","fit: 8, efit: 9",,,,0,0,0,0,1,,
2025-12-25 00:00:25,33,19,19,0,"fit: 8, efit: 9","fit: 8, efit: 9",,,,0,0,0,0,1,,
2025-12-25 14:41:53,33,19,19,0,"fit: 8, efit: 10","fit: 8, efit: 10",,,,0,0,0,0,1,,
2025-12-25 15:42:03,33,19,19,0,"fit: 8, efit: 11","fit: 8, efit: 11",,,,0,0,0,0,1,,
2025-12-25 16:07:07,33,19,19,0,"fit: 8, efit: 10","fit: 8, efit: 10",,,,0,0,0,0,1,,
2025-12-25 16:13:39,33,19,19,0,"fit: 8, efit: 11","fit: 8, efit: 11",,,,0,0,0,0,1,,
2025-12-25 16:17:09,33,19,19,0,"fit: 8, efit: 10","fit: 8, efit: 10",,,,0,0,0,0,1,,
2025-12-25 16:22:09,33,19,19,0,"fit: 8, efit: 11","fit: 8, efit: 11",,,,0,0,0,0,1,,
2025-12-25 16:32:11,33,19,19,0,"fit: 8, efit: 10","fit: 8, efit: 10",,,,0,0,0,0,1,,
2025-12-25 16:33:43,33,19,19,0,"fit: 7, efit: 10","fit: 7, efit: 10",,,,0,0,0,0,1,,
2025-12-25 16:37:12,33,19,19,0,"fit: 8, efit: 10","fit: 8, efit: 10",,,,0,0,0,0,1,,
2025-12-25 16:37:30,33,19,19,0,"fit: 8, efit: 9","fit: 8, efit: 9",,,,0,0,0,0,1,,
2025-12-25 16:58:48,33,19,19,0,"fit: 8, efit: 10","fit: 8, efit: 10",,,,0,0,0,0,1,,
2025-12-25 17:02:16,33,19,19,0,"fit: 8, efit: 9","fit: 8, efit: 9",,,,0,0,0,0,1,,
2025-12-25 17:12:18,33,19,19,0,"fit: 8, efit: 11","fit: 8, efit: 11",,,,0,0,0,0,1,,
2025-12-26 00:00:14,33,19,19,0,"fit: 8, efit: 11","fit: 8, efit: 11",,,,0,0,0,0,1,,
2025-12-26 21:21:46,33,19,19,0,"fit: 8, efit: 6","fit: 8, efit: 6",,,,0,0,0,0,1,,
2025-12-27 00:00:05,33,19,19,0,"fit: 8, efit: 6","fit: 8, efit: 6",,,,0,0,0,0,1,,
2025-12-27 10:42:13,33,19,19,0,"fit: 8, efit: 7","fit: 8, efit: 7",,,,0,0,0,0,1,,
2025-12-27 15:04:26,33,19,19,0,"fit: 8, efit: 6","fit: 8, efit: 6",,,,0,0,0,0,1,,
2025-12-27 20:19:10,33,19,19,0,"fit: 8, efit: 7","fit: 8, efit: 7",,,,0,0,0,0,1,,
2025-12-27 23:14:45,33,19,19,0,"fit: 9, efit: 6","fit: 9, efit: 6",,,,0,0,0,0,1,,
2025-12-28 00:00:49,33,19,19,0,"fit: 9, efit: 6","fit: 9, efit: 6",,,,0,0,0,0,1,,
2025-12-28 09:01:43,33,19,19,0,"fit: 9, efit: 7","fit: 9, efit: 7",,,,0,0,0,0,1,,
2025-12-28 09:21:47,33,19,19,0,"fit: 9, efit: 8","fit: 9, efit: 8",,,,0,0,0,0,1,,
2025-12-28 13:32:38,33,19,19,0,"fit: 9, efit: 7","fit: 9, efit: 7",,,,0,0,0,0,1,,
2025-12-28 13:57:43,33,19,19,0,"fit: 9, efit: 8","fit: 9, efit: 8",,,,0,0,0,0,1,,
2025-12-28 16:08:09,33,19,19,0,"fit: 9, efit: 9","fit: 9, efit: 9",,,,0,0,0,0,1,,
2025-12-28 16:08:49,33,19,19,0,"fit: 9, efit: 8","fit: 9, efit: 8",,,,0,0,0,0,1,,
2025-12-28 18:08:32,33,19,19,0,"fit: 9, efit: 7","fit: 9, efit: 7",,,,0,0,0,0,1,,
2025-12-28 21:49:45,33,19,19,0,"fit: 9, efit: 6","fit: 9, efit: 6",,,,0,0,0,0,1,,
2025-12-28 21:54:04,33,19,19,0,"fit: 9, efit: 5","fit: 9, efit: 5",,,,0,0,0,0,1,,
2025-12-29 00:00:07,33,19,19,0,"fit: 9, efit: 5","fit: 9, efit: 5",,,,0,0,0,0,1,,
2025-12-29 10:06:41,33,19,19,0,"fit: 9, efit: 6","fit: 9, efit: 6",,,,0,0,0,0,1,,
2025-12-29 17:02:50,33,19,19,0,"fit: 9, efit: 5","fit: 9, efit: 5",,,,0,0,0,0,1,,
2025-12-29 17:22:53,33,19,19,0,"fit: 8, efit: 5","fit: 8, efit: 5",,,,0,0,0,0,1,,
2025-12-30 00:01:25,33,19,19,0,"fit: 8, efit: 5","fit: 8, efit: 5",,,,0,0,0,0,1,,
2025-12-30 09:07:47,33,19,19,0,"fit: 8, efit: 6","fit: 8, efit: 6",,,,0,0,0,0,1,,
2025-12-30 17:01:45,33,19,19,0,"fit: 8, efit: 5","fit: 8, efit: 5",,,,0,0,0,0,1,,
2025-12-31 00:00:05,33,19,19,0,"fit: 8, efit: 5","fit: 8, efit: 5",,,,0,0,0,0,1,,
2025-12-31 10:09:32,33,19,19,0,"fit: 8, efit: 6","fit: 8, efit: 6",,,,0,0,0,0,1,,
2026-01-01 00:01:50,33,19,19,0,"fit: 8, efit: 6","fit: 8, efit: 6",,,,0,0,0,0,1,,
2026-01-01 18:42:46,33,19,19,0,"fit: 8, efit: 7","fit: 8, efit: 6",,,,0,0,0,0,1,,
2026-01-01 18:51:35,33,19,19,0,"fit: 8, efit: 7","fit: 8, efit: 5",,,,0,0,0,0,1,,
2026-01-01 20:13:04,33,19,19,0,"fit: 8, efit: 7","fit: 8, efit: 4",,,,0,0,0,0,1,,
2026-01-01 23:48:48,33,19,19,0,"fit: 8, efit: 7","fit: 8, efit: 3",,,,0,0,0,0,1,,
2026-01-02 00:00:46,33,19,19,0,"fit: 8, efit: 7","fit: 8, efit: 3",,,,0,0,0,0,1,,
2026-01-02 02:41:13,33,19,19,0,"fit: 8, efit: 7","fit: 8, efit: 2",,,,0,0,0,0,1,,
2026-01-02 03:24:31,33,19,19,0,"fit: 8, efit: 7","fit: 8, efit: 1",,,,0,0,0,0,1,,
2026-01-02 03:41:22,33,19,19,0,"fit: 8, efit: 7",fit: 8,,,,0,0,0,0,1,,
2026-01-02 09:23:49,33,19,19,0,"fit: 8, efit: 6",fit: 8,,,,0,0,0,0,1,,
2026-01-02 09:25:45,33,19,19,0,"fit: 8, efit: 6","fit: 8, efit: 1",,,,0,0,0,0,1,,
2026-01-02 09:27:19,33,19,19,0,"fit: 8, efit: 6","fit: 8, efit: 3",,,,0,0,0,0,1,,
2026-01-02 09:28:50,33,19,19,0,"fit: 8, efit: 6","fit: 8, efit: 4",,,,0,0,0,0,1,,
2026-01-02 09:30:46,33,19,19,0,"fit: 8, efit: 5","fit: 8, efit: 5",,,,0,0,0,0,1,,
2026-01-02 09:55:51,33,19,19,0,"fit: 8, efit: 6","fit: 8, efit: 6",,,,0,0,0,0,1,,
2026-01-02 16:24:54,33,19,19,0,"fit: 8, efit: 5","fit: 8, efit: 5",,,,0,0,0,0,1,,
2026-01-03 00:01:06,33,19,19,0,"fit: 8, efit: 5","fit: 8, efit: 5",,,,0,0,0,0,1,,
2026-01-03 00:53:53,33,19,19,0,"fit: 8, efit: 5","fit: 8, efit: 4",,,,0,0,0,0,1,,
2026-01-03 11:01:32,33,19,19,0,"fit: 8, efit: 6","fit: 8, efit: 5",,,,0,0,0,0,1,,
2026-01-03 15:16:47,33,19,19,0,"fit: 8, efit: 5","fit: 8, efit: 4",,,,0,0,0,0,1,,
2026-01-03 15:36:52,33,19,19,0,"fit: 9, efit: 5","fit: 9, efit: 4",,,,0,0,0,0,1,,
2026-01-03 18:57:32,33,19,19,0,"fit: 9, efit: 4","fit: 9, efit: 3",,,,0,0,0,0,1,,
2026-01-04 00:03:35,33,19,19,0,"fit: 9, efit: 4","fit: 9, efit: 3",,,,0,0,0,0,1,,
2026-01-04 02:10:05,33,19,19,0,"fit: 9, efit: 4","fit: 9, efit: 3",efit: 1,,,0,0,0,0,1,,
2026-01-04 02:14:00,33,19,19,0,"fit: 9, efit: 4","fit: 9, efit: 3",,,,0,0,0,0,1,,
2026-01-04 02:15:06,33,19,19,0,"fit: 9, efit: 4","fit: 9, efit: 3",efit: 1,,,0,0,0,0,1,,
2026-01-04 04:10:24,33,19,19,0,"fit: 9, efit: 4","fit: 9, efit: 3",,,,0,0,0,0,1,,
2026-01-04 04:14:17,33,19,19,0,"fit: 9, efit: 4","fit: 9, efit: 3",efit: 1,,,0,0,0,0,1,,
2026-01-04 04:15:25,33,19,19,0,"fit: 9, efit: 4","fit: 9, efit: 3",,,,0,0,0,0,1,,
2026-01-04 04:29:20,33,19,19,0,"fit: 9, efit: 4","fit: 9, efit: 3",efit: 1,,,0,0,0,0,1,,
2026-01-04 05:14:27,33,19,19,0,"fit: 9, efit: 4","fit: 9, efit: 3",,,,0,0,0,0,1,,
2026-01-04 05:15:34,33,19,19,0,"fit: 9, efit: 4","fit: 9, efit: 3",efit: 1,,,0,0,0,0,1,,
2026-01-04 05:19:28,33,19,19,0,"fit: 9, efit: 4","fit: 9, efit: 3",,,,0,0,0,0,1,,
2026-01-04 05:20:35,33,19,19,0,"fit: 9, efit: 4","fit: 9, efit: 3",efit: 1,,,0,0,0,0,1,,
2026-01-04 06:30:45,33,19,19,0,"fit: 9, efit: 4","fit: 9, efit: 3",,,,0,0,0,0,1,,
2026-01-04 06:34:40,33,19,19,0,"fit: 9, efit: 4","fit: 9, efit: 3",efit: 1,,,0,0,0,0,1,,
2026-01-04 07:19:59,33,19,19,0,"fit: 9, efit: 4","fit: 9, efit: 3",,,,0,0,0,0,1,,
2026-01-04 07:35:55,33,19,19,0,"fit: 9, efit: 4","fit: 9, efit: 3",efit: 1,,,0,0,0,0,1,,
2026-01-04 08:24:58,33,19,19,0,"fit: 9, efit: 4","fit: 9, efit: 3",,,,0,0,0,0,1,,
2026-01-04 08:26:03,33,19,19,0,"fit: 9, efit: 4","fit: 9, efit: 3",efit: 1,,,0,0,0,0,1,,
2026-01-04 08:29:59,33,19,19,0,"fit: 9, efit: 4","fit: 9, efit: 3",,,,0,0,0,0,1,,
2026-01-04 08:31:04,33,19,19,0,"fit: 9, efit: 4","fit: 9, efit: 3",efit: 1,,,0,0,0,0,1,,
2026-01-04 09:25:08,33,19,19,0,"fit: 9, efit: 5","fit: 9, efit: 4",efit: 1,,,0,0,0,0,1,,
2026-01-04 09:41:15,33,19,19,0,"fit: 9, efit: 5","fit: 9, efit: 4",,,,0,0,0,0,1,,
2026-01-04 09:45:12,33,19,19,0,"fit: 9, efit: 5","fit: 9, efit: 4",efit: 1,,,0,0,0,0,1,,
2026-01-04 10:31:23,33,19,19,0,"fit: 9, efit: 5","fit: 9, efit: 4",,,,0,0,0,0,1,,
2026-01-04 10:35:21,33,19,19,0,"fit: 9, efit: 5","fit: 9, efit: 4",efit: 1,,,0,0,0,0,1,,
2026-01-04 10:36:23,33,19,19,0,"fit: 9, efit: 5","fit: 9, efit: 4",,,,0,0,0,0,1,,
2026-01-04 10:50:23,33,19,19,0,"fit: 9, efit: 5","fit: 9, efit: 4",efit: 1,,,0,0,0,0,1,,
2026-01-04 11:35:31,33,19,19,0,"fit: 9, efit: 5","fit: 9, efit: 4",,,,0,0,0,0,1,,
2026-01-04 11:36:32,33,19,19,0,"fit: 9, efit: 5","fit: 9, efit: 4",efit: 1,,,0,0,0,0,1,,
2026-01-04 11:40:32,33,19,19,0,"fit: 9, efit: 5","fit: 9, efit: 4",,,,0,0,0,0,1,,
2026-01-04 11:40:51,33,19,19,0,"fit: 9, efit: 5","fit: 9, efit: 4",efit: 1,,,0,0,0,0,1,,
2026-01-04 13:35:50,33,19,19,0,"fit: 9, efit: 6","fit: 9, efit: 5",efit: 1,,,0,0,0,0,1,,
2026-01-04 13:41:52,33,19,19,0,"fit: 9, efit: 6","fit: 9, efit: 5",,,,0,0,0,0,1,,
2026-01-04 13:45:52,33,19,19,0,"fit: 9, efit: 6","fit: 9, efit: 5",efit: 1,,,0,0,0,0,1,,
2026-01-04 13:46:17,33,19,19,0,"fit: 9, efit: 6","fit: 9, efit: 5",,,,0,0,0,0,1,,
2026-01-04 13:50:53,33,19,19,0,"fit: 9, efit: 6","fit: 9, efit: 5",efit: 1,,,0,0,0,0,1,,
2026-01-04 13:51:18,33,19,19,0,"fit: 9, efit: 6","fit: 9, efit: 5",,,,0,0,0,0,1,,
2026-01-04 14:00:55,33,19,19,0,"fit: 9, efit: 6","fit: 9, efit: 5",efit: 1,,,0,0,0,0,1,,
2026-01-04 14:46:02,33,19,19,0,"fit: 9, efit: 6","fit: 9, efit: 5",,,,0,0,0,0,1,,
2026-01-04 15:26:09,33,19,19,0,"fit: 9, efit: 6","fit: 9, efit: 5",efit: 1,,,0,0,0,0,1,,
2026-01-04 15:26:38,33,19,19,0,"fit: 9, efit: 6","fit: 9, efit: 5",,,,0,0,0,0,1,,
2026-01-04 15:46:12,33,19,19,0,"fit: 9, efit: 6","fit: 9, efit: 5",efit: 1,,,0,0,0,0,1,,
2026-01-04 15:47:11,33,19,19,0,"fit: 9, efit: 6","fit: 9, efit: 5",,,,0,0,0,0,1,,
2026-01-04 15:51:13,33,19,19,0,"fit: 9, efit: 6","fit: 9, efit: 5",efit: 1,,,0,0,0,0,1,,
2026-01-04 16:01:15,33,19,19,0,"fit: 9, efit: 6","fit: 9, efit: 5",,,,0,0,0,0,1,,
2026-01-04 16:21:18,33,19,19,0,"fit: 9, efit: 7","fit: 9, efit: 6",,,,0,0,0,0,1,,
2026-01-04 16:21:49,33,19,19,0,"fit: 9, efit: 7","fit: 9, efit: 6",efit: 1,,,0,0,0,0,1,,
2026-01-04 16:26:19,33,19,19,0,"fit: 9, efit: 7","fit: 9, efit: 6",,,,0,0,0,0,1,,
2026-01-04 16:56:24,33,19,19,0,"fit: 9, efit: 7","fit: 9, efit: 6",efit: 1,,,0,0,0,0,1,,
2026-01-04 16:56:56,33,19,19,0,"fit: 9, efit: 7","fit: 9, efit: 6",,,,0,0,0,0,1,,
2026-01-04 17:21:28,33,19,19,0,"fit: 9, efit: 7","fit: 9, efit: 6",efit: 1,,,0,0,0,0,1,,
2026-01-04 17:31:30,33,19,19,0,"fit: 9, efit: 7","fit: 9, efit: 6",,,,0,0,0,0,1,,
2026-01-04 17:52:30,33,19,19,0,"fit: 9, efit: 7","fit: 9, efit: 6",efit: 1,,,0,0,0,0,1,,
2026-01-04 17:56:34,33,19,19,0,"fit: 9, efit: 7","fit: 9, efit: 6",,,,0,0,0,0,1,,
2026-01-04 18:31:40,33,19,19,0,"fit: 9, efit: 7","fit: 9, efit: 6",efit: 1,,,0,0,0,0,1,,
2026-01-04 18:36:40,33,19,19,0,"fit: 9, efit: 7","fit: 9, efit: 6",,,,0,0,0,0,1,,
2026-01-04 18:46:42,33,19,19,0,"fit: 9, efit: 7","fit: 9, efit: 6",efit: 1,,,0,0,0,0,1,,
2026-01-04 19:32:46,33,19,19,0,"fit: 9, efit: 7","fit: 9, efit: 6",,,,0,0,0,0,1,,
2026-01-04 19:36:50,33,19,19,0,"fit: 9, efit: 7","fit: 9, efit: 6",efit: 1,,,0,0,0,0,1,,
2026-01-04 19:37:46,33,19,19,0,"fit: 9, efit: 7","fit: 9, efit: 6",,,,0,0,0,0,1,,
2026-01-04 19:41:51,33,19,19,0,"fit: 9, efit: 7","fit: 9, efit: 6",efit: 1,,,0,0,0,0,1,,
2026-01-04 19:42:30,33,19,19,0,"fit: 9, efit: 7","fit: 9, efit: 6",,,,0,0,0,0,1,,
2026-01-04 19:46:52,33,19,19,0,"fit: 9, efit: 7","fit: 9, efit: 5",efit: 1,,,0,0,0,0,1,,
2026-01-04 19:47:31,33,19,19,0,"fit: 9, efit: 7","fit: 9, efit: 5",,,,0,0,0,0,1,,
2026-01-04 19:51:53,33,19,19,0,"fit: 9, efit: 7","fit: 9, efit: 5",efit: 1,,,0,0,0,0,1,,
2026-01-04 20:37:00,33,19,19,0,"fit: 9, efit: 7","fit: 9, efit: 5",,,,0,0,0,0,1,,
2026-01-04 20:47:57,33,19,19,0,"fit: 9, efit: 7","fit: 9, efit: 5",efit: 1,,,0,0,0,0,1,,
2026-01-04 20:52:03,33,19,19,0,"fit: 9, efit: 7","fit: 9, efit: 5",,,,0,0,0,0,1,,
2026-01-04 20:52:44,33,19,19,0,"fit: 9, efit: 7","fit: 9, efit: 5",efit: 1,,,0,0,0,0,1,,
2026-01-04 20:57:03,33,19,19,0,"fit: 9, efit: 7","fit: 9, efit: 5",,,,0,0,0,0,1,,
2026-01-04 20:57:45,33,19,19,0,"fit: 9, efit: 7","fit: 9, efit: 5",efit: 1,,,0,0,0,0,1,,
2026-01-04 22:58:10,33,19,19,0,"fit: 9, efit: 7","fit: 9, efit: 5",,,,0,0,0,0,1,,
2026-01-04 23:02:24,33,19,19,0,"fit: 9, efit: 7","fit: 9, efit: 5",efit: 1,,,0,0,0,0,1,,
2026-01-04 23:03:11,33,19,19,0,"fit: 9, efit: 7","fit: 9, efit: 5",,,,0,0,0,0,1,,
2026-01-04 23:07:25,33,19,19,0,"fit: 9, efit: 7","fit: 9, efit: 5",efit: 1,,,0,0,0,0,1,,
2026-01-04 23:08:12,33,19,19,0,"fit: 9, efit: 7","fit: 9, efit: 5",,,,0,0,0,0,1,,
2026-01-04 23:12:26,33,19,19,0,"fit: 9, efit: 7","fit: 9, efit: 5",efit: 1,,,0,0,0,0,1,,
2026-01-04 23:57:33,33,19,19,0,"fit: 9, efit: 7","fit: 9, efit: 5",,,,0,0,0,0,1,,
2026-01-05 00:02:34,33,19,19,0,"fit: 9, efit: 7","fit: 9, efit: 5",,,,0,0,0,0,1,,
2026-01-05 00:17:37,33,19,19,0,"fit: 9, efit: 7","fit: 9, efit: 5",efit: 1,,,0,0,0,0,1,,
2026-01-05 01:02:44,33,19,19,0,"fit: 9, efit: 7","fit: 9, efit: 5",,,,0,0,0,0,1,,
2026-01-05 01:08:36,33,19,19,0,"fit: 9, efit: 7","fit: 9, efit: 5",efit: 1,,,0,0,0,0,1,,
2026-01-05 01:12:46,33,19,19,0,"fit: 9, efit: 7","fit: 9, efit: 5",,,,0,0,0,0,1,,
2026-01-05 01:18:37,33,19,19,0,"fit: 9, efit: 7","fit: 9, efit: 5",efit: 1,,,0,0,0,0,1,,
2026-01-05 04:14:03,33,19,19,0,"fit: 9, efit: 7","fit: 9, efit: 5",,,,0,0,0,0,1,,
2026-01-05 04:18:16,33,19,19,0,"fit: 9, efit: 7","fit: 9, efit: 5",efit: 1,,,0,0,0,0,1,,
2026-01-05 04:19:03,33,19,19,0,"fit: 9, efit: 7","fit: 9, efit: 5",,,,0,0,0,0,1,,
2026-01-05 04:23:16,33,19,19,0,"fit: 9, efit: 7","fit: 9, efit: 5",efit: 1,,,0,0,0,0,1,,
2026-01-05 04:24:04,33,19,19,0,"fit: 9, efit: 7","fit: 9, efit: 5",,,,0,0,0,0,1,,
2026-01-05 04:38:19,33,19,19,0,"fit: 9, efit: 7","fit: 9, efit: 5",efit: 1,,,0,0,0,0,1,,
2026-01-05 05:23:26,33,19,19,0,"fit: 9, efit: 7","fit: 9, efit: 5",,,,0,0,0,0,1,,
2026-01-05 05:24:25,33,19,19,0,"fit: 9, efit: 7","fit: 9, efit: 5",efit: 1,,,0,0,0,0,1,,
2026-01-05 05:28:27,33,19,19,0,"fit: 9, efit: 7","fit: 9, efit: 5",,,,0,0,0,0,1,,
2026-01-05 05:29:14,33,19,19,0,"fit: 9, efit: 7","fit: 9, efit: 5",efit: 1,,,0,0,0,0,1,,
2026-01-05 05:33:28,33,19,19,0,"fit: 9, efit: 7","fit: 9, efit: 5",,,,0,0,0,0,1,,
2026-01-05 05:34:27,33,19,19,0,"fit: 9, efit: 7","fit: 9, efit: 5",efit: 1,,,0,0,0,0,1,,
2026-01-05 05:38:29,33,19,19,0,"fit: 9, efit: 7","fit: 9, efit: 5",,,,0,0,0,0,1,,
2026-01-05 05:43:30,33,19,19,0,"fit: 9, efit: 7","fit: 9, efit: 5",efit: 1,,,0,0,0,0,1,,
2026-01-05 06:28:37,33,19,19,0,"fit: 9, efit: 7","fit: 9, efit: 5",,,,0,0,0,0,1,,
2026-01-05 06:29:39,33,19,19,0,"fit: 9, efit: 7","fit: 9, efit: 5",efit: 1,,,0,0,0,0,1,,
2026-01-05 06:33:38,33,19,19,0,"fit: 9, efit: 7","fit: 9, efit: 5",,,,0,0,0,0,1,,
2026-01-05 06:34:24,33,19,19,0,"fit: 9, efit: 7","fit: 9, efit: 5",efit: 1,,,0,0,0,0,1,,
2026-01-05 06:38:39,33,19,19,0,"fit: 9, efit: 7","fit: 9, efit: 5",,,,0,0,0,0,1,,
2026-01-05 06:39:25,33,19,19,0,"fit: 9, efit: 7","fit: 9, efit: 5",efit: 1,,,0,0,0,0,1,,
2026-01-05 06:43:39,33,19,19,0,"fit: 9, efit: 7","fit: 9, efit: 5",,,,0,0,0,0,1,,
2026-01-05 06:44:25,33,19,19,0,"fit: 9, efit: 7","fit: 9, efit: 5",efit: 1,,,0,0,0,0,1,,
2026-01-05 08:45:06,33,19,19,0,"fit: 9, efit: 7","fit: 9, efit: 5",,,,0,0,0,0,1,,
2026-01-05 08:49:00,33,19,19,0,"fit: 9, efit: 7","fit: 9, efit: 5",efit: 1,,,0,0,0,0,1,,
2026-01-05 08:50:07,33,19,19,0,"fit: 9, efit: 7","fit: 9, efit: 5",,,,0,0,0,0,1,,
2026-01-05 08:54:01,33,19,19,0,"fit: 9, efit: 7","fit: 9, efit: 5",efit: 1,,,0,0,0,0,1,,
2026-01-05 08:59:02,33,19,19,0,"fit: 9, efit: 8","fit: 9, efit: 6",efit: 1,,,0,0,0,0,1,,
2026-01-05 09:04:03,33,19,19,0,"fit: 9, efit: 7","fit: 9, efit: 6",,,,0,0,0,0,1,,
2026-01-05 09:09:04,33,19,19,0,"fit: 9, efit: 8","fit: 9, efit: 8",,,,0,0,0,0,1,,
2026-01-05 12:40:22,33,19,19,0,"fit: 9, efit: 7","fit: 9, efit: 7",,,,0,0,0,0,1,,
2026-01-05 12:50:23,33,19,19,0,"fit: 9, efit: 8","fit: 9, efit: 8",,,,0,0,0,0,1,,
2026-01-05 12:59:42,33,19,19,0,"fit: 9, efit: 7","fit: 9, efit: 7",,,,0,0,0,0,1,,
2026-01-05 13:14:45,33,19,19,0,"fit: 9, efit: 8","fit: 9, efit: 8",,,,0,0,0,0,1,,
2026-01-05 13:26:04,33,19,19,0,"fit: 9, efit: 7","fit: 9, efit: 7",,,,0,0,0,0,1,,
2026-01-05 13:29:47,33,19,19,0,"fit: 9, efit: 6","fit: 9, efit: 6",,,,0,0,0,0,1,,
2026-01-05 13:39:49,33,19,19,0,"fit: 9, efit: 7","fit: 9, efit: 7",,,,0,0,0,0,1,,
2026-01-05 14:04:53,33,19,19,0,"fit: 9, efit: 8","fit: 9, efit: 8",,,,0,0,0,0,1,,
2026-01-05 14:05:36,33,19,19,0,"fit: 9, efit: 7","fit: 9, efit: 7",,,,0,0,0,0,1,,
2026-01-05 14:55:44,33,19,19,0,"fit: 9, efit: 5","fit: 9, efit: 5",,,,0,0,0,0,1,,
2026-01-05 14:56:23,33,19,19,0,"fit: 9, efit: 3","fit: 9, efit: 3",,,,0,0,0,0,1,,
2026-01-05 15:00:03,33,19,19,0,"fit: 8, efit: 3","fit: 8, efit: 3",,,,0,0,0,0,1,,
2026-01-05 15:25:08,33,19,19,0,"fit: 8, efit: 4","fit: 8, efit: 4",,,,0,0,0,0,1,,
2026-01-05 15:50:52,33,19,19,0,"fit: 8, efit: 3","fit: 8, efit: 3",,,,0,0,0,0,1,,
2026-01-05 16:25:18,33,19,19,0,"fit: 8, efit: 2","fit: 8, efit: 2",,,,0,0,0,0,1,,
2026-01-05 16:30:19,33,19,19,0,"fit: 8, efit: 1","fit: 8, efit: 1",,,,0,0,0,0,1,,
2026-01-05 17:10:25,33,19,19,0,fit: 8,fit: 8,,,,0,0,0,0,1,,
2026-01-05 17:50:32,33,19,19,0,fit: 7,fit: 7,,,,0,0,0,0,1,,
2026-01-05 20:56:40,33,19,19,0,fit: 6,fit: 6,,,,0,0,0,0,1,,
2026-01-06 00:01:33,33,19,19,0,fit: 6,fit: 6,,,,0,0,0,0,1,,
2026-01-06 08:37:58,33,19,19,0,"fit: 6, efit: 1","fit: 6, efit: 1",,,,0,0,0,0,1,,
2026-01-06 10:13:15,33,19,19,0,"fit: 7, efit: 1","fit: 7, efit: 1",,,,0,0,0,0,1,,
2026-01-06 10:50:27,33,19,19,0,"fit: 7, efit: 2","fit: 7, efit: 2",,,,0,0,0,0,1,,
2026-01-06 13:23:46,33,19,19,0,fit: 7,fit: 7,,,,0,0,0,0,1,,
2026-01-06 15:41:27,33,19,19,0,"fit: 7, efit: 1","fit: 7, efit: 1",,,,0,0,0,0,1,,
2026-01-06 16:14:14,33,19,19,0,fit: 7,fit: 7,,,,0,0,0,0,1,,
2026-01-06 18:04:32,33,19,19,0,fit: 6,fit: 6,,,,0,0,0,0,1,,
2026-01-07 00:00:32,33,19,19,0,fit: 6,fit: 6,,,,0,0,0,0,1,,
2026-01-07 10:12:27,33,19,19,0,"fit: 6, efit: 1","fit: 6, efit: 1",,,,0,0,0,0,1,,
2026-01-07 10:15:11,33,19,19,0,"fit: 7, efit: 1","fit: 7, efit: 1",,,,0,0,0,0,1,,
2026-01-07 10:17:13,33,19,19,0,fit: 7,fit: 7,,,,0,0,0,0,1,,
2026-01-07 10:25:12,33,19,19,0,"fit: 7, efit: 1","fit: 7, efit: 1",,,,0,0,0,0,1,,
2026-01-07 12:10:34,33,19,19,0,"fit: 8, efit: 1","fit: 8, efit: 1",,,,0,0,0,0,1,,
2026-01-07 12:20:36,33,19,19,0,"fit: 7, efit: 1","fit: 7, efit: 1",,,,0,0,0,0,1,,
2026-01-07 15:01:09,33,19,19,0,"fit: 7, efit: 2","fit: 7, efit: 1",,,,0,0,0,0,1,,
2026-01-07 15:06:10,33,19,19,0,"fit: 7, efit: 1",fit: 7,,,,0,0,0,0,1,,
2026-01-07 15:18:03,33,19,19,0,"fit: 7, efit: 1","fit: 7, efit: 1",,,,0,0,0,0,1,,
2026-01-07 16:51:32,33,19,19,0,fit: 7,fit: 7,,,,0,0,0,0,1,,
2026-01-07 17:08:21,33,19,19,0,fit: 6,fit: 6,,,,0,0,0,0,1,,
2026-01-07 19:22:03,33,19,19,0,fit: 5,fit: 5,,,,0,0,0,0,1,,
2026-01-07 20:28:54,33,19,19,0,"fit: 5, efit: 1","fit: 5, efit: 1",,,,0,0,0,0,1,,
2026-01-08 00:02:59,33,19,19,0,"fit: 5, efit: 1","fit: 5, efit: 1",,,,0,0,0,0,1,,
2026-01-08 03:33:42,33,19,19,0,fit: 6,fit: 6,,,,0,0,0,0,1,,
2026-01-08 08:14:39,33,19,19,0,"fit: 6, efit: 1","fit: 6, efit: 1",,,,0,0,0,0,1,,
2026-01-08 08:24:41,33,19,19,0,"fit: 6, efit: 2","fit: 6, efit: 2",,,,0,0,0,0,1,,
2026-01-08 09:09:50,33,19,19,0,"fit: 6, efit: 4","fit: 6, efit: 4",,,,0,0,0,0,1,,
2026-01-08 10:20:05,33,19,19,0,"fit: 7, efit: 4","fit: 7, efit: 4",,,,0,0,0,0,1,,
2026-01-08 10:35:08,33,19,19,0,"fit: 7, efit: 5","fit: 7, efit: 5",,,,0,0,0,0,1,,
2026-01-08 10:40:09,33,19,19,0,"fit: 7, efit: 4","fit: 7, efit: 4",,,,0,0,0,0,1,,
2026-01-08 11:45:23,33,19,19,0,"fit: 7, efit: 5","fit: 7, efit: 5",,,,0,0,0,0,1,,
2026-01-08 12:16:20,33,19,19,0,"fit: 7, efit: 6","fit: 7, efit: 6",,,,0,0,0,0,1,,
2026-01-08 14:00:51,33,19,19,0,"fit: 7, efit: 5","fit: 7, efit: 5",,,,0,0,0,0,1,,
2026-01-08 15:16:06,33,19,19,0,"fit: 7, efit: 6","fit: 7, efit: 6",,,,0,0,0,0,1,,
2026-01-08 15:56:14,33,19,19,0,"fit: 7, efit: 7","fit: 7, efit: 7",,,,0,0,0,0,1,,
2026-01-08 16:36:23,33,19,19,0,"fit: 7, efit: 6","fit: 7, efit: 6",,,,0,0,0,0,1,,
2026-01-08 17:07:05,33,19,19,0,"fit: 7, efit: 5","fit: 7, efit: 5",,,,0,0,0,0,1,,
2026-01-08 17:16:32,33,19,19,0,"fit: 7, efit: 4","fit: 7, efit: 4",,,,0,0,0,0,1,,
2026-01-08 17:21:32,33,19,19,0,"fit: 8, efit: 4","fit: 8, efit: 4",,,,0,0,0,0,1,,
2026-01-08 17:22:08,33,19,19,0,"fit: 8, efit: 3","fit: 8, efit: 3",,,,0,0,0,0,1,,
2026-01-08 17:31:34,33,19,19,0,"fit: 8, efit: 2","fit: 8, efit: 2",,,,0,0,0,0,1,,
2026-01-08 17:36:35,33,19,19,0,"fit: 8, efit: 3","fit: 8, efit: 3",,,,0,0,0,0,1,,
2026-01-08 17:46:37,33,19,19,0,"fit: 8, efit: 2","fit: 8, efit: 2",,,,0,0,0,0,1,,
2026-01-08 18:11:43,33,19,19,0,"fit: 9, efit: 1","fit: 9, efit: 1",,,,0,0,0,0,1,,
2026-01-08 18:56:52,33,19,19,0,fit: 9,fit: 9,,,,0,0,0,0,1,,
2026-01-08 20:37:12,33,19,19,0,fit: 8,fit: 8,,,,0,0,0,0,1,,
2026-01-08 20:57:16,33,19,19,0,fit: 9,fit: 9,,,,0,0,0,0,1,,
2026-01-09 00:02:54,33,19,19,0,fit: 9,fit: 9,,,,0,0,0,0,1,,
2026-01-09 00:12:56,33,19,19,0,fit: 8,fit: 8,,,,0,0,0,0,1,,
2026-01-09 08:24:23,33,19,19,0,"fit: 8, efit: 1","fit: 8, efit: 1",,,,0,0,0,0,1,,
2026-01-09 08:44:26,33,19,19,0,"fit: 8, efit: 2","fit: 8, efit: 2",,,,0,0,0,0,1,,
2026-01-09 08:44:36,33,19,19,0,"fit: 8, efit: 1","fit: 8, efit: 1",,,,0,0,0,0,1,,
2026-01-09 10:04:38,33,19,19,0,"fit: 8, efit: 2","fit: 8, efit: 2",,,,0,0,0,0,1,,
2026-01-09 12:20:00,33,19,19,0,"fit: 8, efit: 3","fit: 8, efit: 3",,,,0,0,0,0,1,,
2026-01-09 12:25:19,33,19,19,0,"fit: 7, efit: 3","fit: 7, efit: 3",,,,0,0,0,0,1,,
2026-01-09 12:50:05,33,19,19,0,"fit: 8, efit: 3","fit: 8, efit: 3",,,,0,0,0,0,1,,
2026-01-09 14:35:22,33,19,19,0,"fit: 8, efit: 2","fit: 8, efit: 2",,,,0,0,0,0,1,,
2026-01-09 14:50:24,33,19,19,0,"fit: 8, efit: 1","fit: 8, efit: 1",,,,0,0,0,0,1,,
2026-01-09 15:35:51,33,19,19,0,fit: 8,fit: 8,,,,0,0,0,0,1,,
2026-01-09 16:50:43,33,19,19,0,"fit: 8, efit: 1","fit: 8, efit: 1",,,,0,0,0,0,1,,
2026-01-09 17:00:45,33,19,19,0,fit: 8,fit: 8,,,,0,0,0,0,1,,
2026-01-09 17:50:52,33,19,19,0,fit: 7,fit: 7,,,,0,0,0,0,1,,
2026-01-09 18:01:16,33,19,19,0,"fit: 7, efit: 1","fit: 7, efit: 1",,,,0,0,0,0,1,,
2026-01-09 18:46:01,33,19,19,0,"fit: 7, efit: 2","fit: 7, efit: 2",,,,0,0,0,0,1,,
2026-01-09 19:41:48,33,19,19,0,"fit: 7, efit: 1","fit: 7, efit: 1",,,,0,0,0,0,1,,
2026-01-09 20:36:19,33,19,19,0,fit: 7,fit: 7,,,,0,0,0,0,1,,
2026-01-10 00:01:51,33,19,19,0,fit: 7,fit: 7,,,,0,0,0,0,1,,
2026-01-10 09:38:19,33,19,19,0,"fit: 7, efit: 1","fit: 7, efit: 1",,,,0,0,0,0,1,,
2026-01-10 12:18:43,33,19,19,0,fit: 7,fit: 7,,,,0,0,0,0,1,,
2026-01-10 12:48:47,33,19,19,0,fit: 8,fit: 8,,,,0,0,0,0,1,,
2026-01-10 12:53:48,33,19,19,0,"fit: 8, efit: 1","fit: 8, efit: 1",,,,0,0,0,0,1,,
2026-01-10 12:58:49,33,19,19,0,fit: 8,fit: 8,,,,0,0,0,0,1,,
2026-01-10 14:03:59,33,19,19,0,"fit: 8, efit: 1","fit: 8, efit: 1",,,,0,0,0,0,1,,
2026-01-10 15:59:17,33,19,19,0,fit: 8,fit: 8,,,,0,0,0,0,1,,
2026-01-10 16:19:20,33,19,19,0,"fit: 8, efit: 1","fit: 8, efit: 1",,,,0,0,0,0,1,,
2026-01-10 16:29:21,33,19,19,0,fit: 8,fit: 8,,,,0,0,0,0,1,,
2026-01-10 16:34:57,33,19,19,0,"fit: 8, efit: 1","fit: 8, efit: 1",,,,0,0,0,0,1,,
2026-01-10 17:24:30,33,19,19,0,"fit: 8, efit: 2","fit: 8, efit: 2",,,,0,0,0,0,1,,
2026-01-10 23:21:05,33,19,19,0,"fit: 8, efit: 1","fit: 8, efit: 1",,,,0,0,0,0,1,,
2026-01-11 00:00:31,33,19,19,0,"fit: 8, efit: 1","fit: 8, efit: 1",,,,0,0,0,0,1,,
2026-01-11 00:02:30,33,19,19,0,"fit: 9, efit: 1","fit: 9, efit: 1",,,,0,0,0,0,1,,
2026-01-11 00:05:32,33,19,19,0,fit: 9,fit: 9,,,,0,0,0,0,1,,
2026-01-11 08:06:45,33,19,19,0,"fit: 9, efit: 1","fit: 9, efit: 1",,,,0,0,0,0,1,,
2026-01-11 10:07:04,33,19,19,0,"fit: 10, efit: 1","fit: 10, efit: 1",,,,0,0,0,0,1,,
2026-01-11 11:07:13,33,19,19,0,"fit: 10, efit: 2","fit: 10, efit: 2",,,,0,0,0,0,1,,
2026-01-11 11:22:16,33,19,19,0,"fit: 10, efit: 1","fit: 10, efit: 1",,,,0,0,0,0,1,,
2026-01-11 13:03:18,33,19,19,0,"fit: 10, efit: 3","fit: 10, efit: 3",,,,0,0,0,0,1,,
2026-01-11 14:13:30,33,19,19,0,"fit: 10, efit: 2","fit: 10, efit: 2",,,,0,0,0,0,1,,
2026-01-11 14:15:21,33,19,19,0,"fit: 10, efit: 1","fit: 10, efit: 1",,,,0,0,0,0,1,,
2026-01-11 14:45:27,33,19,19,0,"fit: 10, efit: 2","fit: 10, efit: 2",,,,0,0,0,0,1,,
2026-01-11 14:50:28,33,19,19,0,"fit: 10, efit: 3","fit: 10, efit: 3",,,,0,0,0,0,1,,
2026-01-11 15:05:31,33,19,19,0,"fit: 10, efit: 4","fit: 10, efit: 4",,,,0,0,0,0,1,,
2026-01-11 21:31:49,33,19,19,0,"fit: 10, efit: 3","fit: 10, efit: 3",,,,0,0,0,0,1,,
2026-01-11 21:36:50,33,19,19,0,"fit: 9, efit: 3","fit: 9, efit: 3",,,,0,0,0,0,1,,
2026-01-11 22:21:59,33,19,19,0,"fit: 9, efit: 4","fit: 9, efit: 4",,,,0,0,0,0,1,,
2026-01-12 00:00:07,33,19,19,0,"fit: 9, efit: 4","fit: 9, efit: 4",,,,0,0,0,0,1,,
2026-01-12 08:29:03,33,19,19,0,"fit: 9, efit: 3","fit: 9, efit: 3",,,,0,0,0,0,1,,
2026-01-12 08:39:05,33,19,19,0,"fit: 9, efit: 4","fit: 9, efit: 4",,,,0,0,0,0,1,,
2026-01-12 08:45:34,33,19,19,0,"fit: 9, efit: 5","fit: 9, efit: 5",,,,0,0,0,0,1,,
2026-01-12 09:01:36,33,19,19,0,"fit: 9, efit: 6","fit: 9, efit: 6",,,,0,0,0,0,1,,
2026-01-12 09:05:37,33,19,19,0,"fit: 9, efit: 5","fit: 9, efit: 5",,,,0,0,0,0,1,,
2026-01-12 09:36:42,33,19,19,0,"fit: 9, efit: 6","fit: 9, efit: 6",,,,0,0,0,0,1,,
2026-01-12 09:51:44,33,19,19,0,"fit: 9, efit: 7","fit: 9, efit: 7",,,,0,0,0,0,1,,
2026-01-12 09:59:22,33,19,19,0,"fit: 9, efit: 8","fit: 9, efit: 8",,,,0,0,0,0,1,,
2026-01-12 10:09:24,33,19,19,0,"fit: 10, efit: 8","fit: 10, efit: 8",,,,0,0,0,0,1,,
2026-01-12 10:30:50,33,19,19,0,"fit: 10, efit: 9","fit: 10, efit: 9",,,,0,0,0,0,1,,
2026-01-12 10:34:29,33,19,19,0,"fit: 10, efit: 7","fit: 10, efit: 7",,,,0,0,0,0,1,,
2026-01-12 10:35:51,33,19,19,0,"fit: 10, efit: 6","fit: 10, efit: 6",,,,0,0,0,0,1,,
2026-01-12 10:44:31,33,19,19,0,"fit: 7, efit: 4","fit: 7, efit: 4",,,,0,0,0,0,1,,
2026-01-12 10:45:52,33,19,19,0,"fit: 6, efit: 4","fit: 6, efit: 4",,,,0,0,0,0,1,,
2026-01-12 10:56:55,33,19,19,0,"fit: 7, efit: 3","fit: 7, efit: 3",,,,0,0,0,0,1,,
2026-01-12 10:59:34,33,19,19,0,"fit: 7, efit: 4","fit: 7, efit: 4",,,,0,0,0,0,1,,
2026-01-12 11:04:35,33,19,19,0,"fit: 8, efit: 5","fit: 8, efit: 5",,,,0,0,0,0,1,,
2026-01-12 11:05:55,33,19,19,0,"fit: 8, efit: 6","fit: 8, efit: 6",,,,0,0,0,0,1,,
2026-01-12 11:21:59,33,19,19,0,"fit: 8, efit: 5","fit: 8, efit: 5",,,,0,0,0,0,1,,
2026-01-12 11:44:43,33,19,19,0,"fit: 8, efit: 6","fit: 8, efit: 6",,,,0,0,0,0,1,,
2026-01-12 11:49:44,33,19,19,0,"fit: 8, efit: 8","fit: 8, efit: 8",,,,0,0,0,0,1,,
2026-01-12 11:51:03,33,19,19,0,"fit: 8, efit: 9","fit: 8, efit: 9",,,,0,0,0,0,1,,
2026-01-12 12:01:05,33,19,19,0,"fit: 8, efit: 10","fit: 8, efit: 10",,,,0,0,0,0,1,,
2026-01-12 12:14:49,33,19,19,0,"fit: 2, efit: 10","fit: 2, efit: 10",,,,0,0,0,0,1,,
2026-01-12 12:16:07,33,19,19,0,"fit: 1, efit: 10","fit: 1, efit: 10",,,,0,0,0,0,1,,
2026-01-12 12:29:52,33,19,19,0,"fit: 1, efit: 11","fit: 1, efit: 11",,,,0,0,0,0,1,,
2026-01-12 12:31:09,33,19,19,0,"fit: 1, efit: 10","fit: 1, efit: 10",,,,0,0,0,0,1,,
2026-01-12 12:34:53,33,19,19,0,"fit: 1, efit: 11","fit: 1, efit: 11",,,,0,0,0,0,1,,
2026-01-12 12:47:13,33,19,19,0,"fit: 1, efit: 10","fit: 1, efit: 10",,,,0,0,0,0,1,,
2026-01-12 12:56:14,33,19,19,0,"fit: 1, efit: 11","fit: 1, efit: 11",,,,0,0,0,0,1,,
2026-01-12 13:04:59,33,19,19,0,"fit: 1, efit: 10","fit: 1, efit: 10",,,,0,0,0,0,1,,
2026-01-12 13:15:02,33,19,19,0,"fit: 1, efit: 9","fit: 1, efit: 9",,,,0,0,0,0,1,,
2026-01-12 13:35:06,33,19,19,0,"fit: 1, efit: 8","fit: 1, efit: 8",,,,0,0,0,0,1,,
2026-01-12 13:46:21,33,19,19,0,"fit: 1, efit: 7","fit: 1, efit: 7",,,,0,0,0,0,1,,
2026-01-12 13:47:24,33,19,19,0,"fit: 1, efit: 6","fit: 1, efit: 6",,,,0,0,0,0,1,,
2026-01-12 13:50:09,33,19,19,0,"fit: 1, efit: 5","fit: 1, efit: 5",,,,0,0,0,0,1,,
2026-01-12 13:51:22,33,19,19,0,"fit: 1, efit: 4","fit: 1, efit: 4",,,,0,0,0,0,1,,
2026-01-12 13:55:10,33,19,19,0,"fit: 1, efit: 5","fit: 1, efit: 5",,,,0,0,0,0,1,,
2026-01-12 14:05:12,33,19,19,0,"fit: 1, efit: 4","fit: 1, efit: 4",,,,0,0,0,0,1,,
2026-01-12 14:15:14,33,19,19,0,"fit: 1, efit: 5","fit: 1, efit: 5",,,,0,0,0,0,1,,
2026-01-12 14:25:16,33,19,19,0,"fit: 1, efit: 4","fit: 1, efit: 4",,,,0,0,0,0,1,,
2026-01-12 14:27:31,33,19,19,0,"fit: 1, efit: 5","fit: 1, efit: 5",,,,0,0,0,0,1,,
2026-01-12 14:32:31,33,19,19,0,"fit: 1, efit: 6","fit: 1, efit: 6",,,,0,0,0,0,1,,
2026-01-12 14:40:20,33,19,19,0,"fit: 1, efit: 7","fit: 1, efit: 7",,,,0,0,0,0,1,,
2026-01-12 14:50:22,33,19,19,0,"fit: 1, efit: 9","fit: 1, efit: 9",,,,0,0,0,0,1,,
2026-01-12 14:55:23,33,19,19,0,"fit: 1, efit: 10","fit: 1, efit: 10",,,,0,0,0,0,1,,
2026-01-12 15:07:37,33,19,19,0,"fit: 1, efit: 9","fit: 1, efit: 9",,,,0,0,0,0,1,,
2026-01-12 15:10:26,33,19,19,0,"fit: 1, efit: 10","fit: 1, efit: 10",,,,0,0,0,0,1,,
2026-01-12 15:20:28,33,19,19,0,"fit: 1, efit: 9","fit: 1, efit: 9",,,,0,0,0,0,1,,
2026-01-12 15:27:40,33,19,19,0,"fit: 1, efit: 10","fit: 1, efit: 10",,,,0,0,0,0,1,,
2026-01-12 15:32:41,33,19,19,0,"fit: 1, efit: 11","fit: 1, efit: 11",,,,0,0,0,0,1,,
2026-01-12 15:41:39,33,19,19,0,"fit: 1, efit: 10","fit: 1, efit: 10",,,,0,0,0,0,1,,
2026-01-12 15:45:33,33,19,19,0,"fit: 1, efit: 8","fit: 1, efit: 8",,,,0,0,0,0,1,,
2026-01-12 15:52:45,33,19,19,0,"fit: 1, efit: 7","fit: 1, efit: 7",,,,0,0,0,0,1,,
2026-01-12 15:55:35,33,19,19,0,"fit: 1, efit: 6","fit: 1, efit: 6",,,,0,0,0,0,1,,
2026-01-12 16:06:43,33,19,19,0,"fit: 1, efit: 5","fit: 1, efit: 5",,,,0,0,0,0,1,,
2026-01-12 16:16:45,33,19,19,0,"fit: 1, efit: 4","fit: 1, efit: 4",,,,0,0,0,0,1,,
2026-01-12 16:20:40,33,19,19,0,"fit: 8, efit: 4","fit: 8, efit: 4",,,,0,0,0,0,1,,
2026-01-12 16:21:46,33,19,19,0,"fit: 8, efit: 3","fit: 8, efit: 3",,,,0,0,0,0,1,,
2026-01-12 16:31:47,33,19,19,0,"fit: 8, efit: 4","fit: 8, efit: 4",,,,0,0,0,0,1,,
2026-01-12 16:45:45,33,19,19,0,"fit: 8, efit: 5","fit: 8, efit: 5",,,,0,0,0,0,1,,
2026-01-12 16:50:46,33,19,19,0,"fit: 8, efit: 4","fit: 8, efit: 4",,,,0,0,0,0,1,,
2026-01-12 16:52:55,33,19,19,0,"fit: 8, efit: 3","fit: 8, efit: 3",,,,0,0,0,0,1,,
2026-01-12 17:05:50,33,19,19,0,"fit: 8, efit: 1","fit: 8, efit: 1",,,,0,0,0,0,1,,
2026-01-12 17:07:57,33,19,19,0,fit: 8,fit: 8,,,,0,0,0,0,1,,
2026-01-12 18:01:02,33,19,19,0,"fit: 8, efit: 1","fit: 8, efit: 1",,,,0,0,0,0,1,,
2026-01-12 18:36:09,33,19,19,0,fit: 8,fit: 8,,,,0,0,0,0,1,,
2026-01-12 18:46:11,33,19,19,0,fit: 7,fit: 7,,,,0,0,0,0,1,,
2026-01-12 18:51:12,33,19,19,0,fit: 6,fit: 6,,,,0,0,0,0,1,,
2026-01-12 18:52:09,33,19,19,0,fit: 5,fit: 5,,,,0,0,0,0,1,,
2026-01-12 18:56:13,33,19,19,0,fit: 4,fit: 4,,,,0,0,0,0,1,,
2026-01-12 19:01:14,33,19,19,0,fit: 3,fit: 3,,,,0,0,0,0,1,,
2026-01-12 19:11:16,33,19,19,0,fit: 2,fit: 2,,,,0,0,0,0,1,,
2026-01-12 19:21:18,33,19,19,0,fit: 1,fit: 1,,,,0,0,0,0,1,,
2026-01-12 20:08:27,33,19,19,0,,,,,,0,0,0,0,1,,
2026-01-13 00:02:18,33,19,19,0,,,,,,0,0,0,0,1,,
2026-01-13 08:20:31,33,19,19,0,efit: 1,efit: 1,,,,0,0,0,0,1,,
2026-01-13 09:09:13,33,19,19,0,,,,,,0,0,0,0,1,,
2026-01-13 09:24:16,33,19,19,0,efit: 1,efit: 1,,,,0,0,0,0,1,,
2026-01-13 09:59:24,33,19,19,0,efit: 2,efit: 2,,,,0,0,0,0,1,,
2026-01-13 10:09:26,33,19,19,0,efit: 3,efit: 3,,,,0,0,0,0,1,,
2026-01-13 10:49:34,33,19,19,0,efit: 5,efit: 5,,,,0,0,0,0,1,,
2026-01-13 10:50:57,33,19,19,0,efit: 4,efit: 4,,,,0,0,0,0,1,,
2026-01-13 10:54:35,33,19,19,0,efit: 3,efit: 3,,,,0,0,0,0,1,,
2026-01-13 10:55:58,33,19,19,0,efit: 2,efit: 2,,,,0,0,0,0,1,,
2026-01-13 10:59:36,33,19,19,0,efit: 3,efit: 3,,,,0,0,0,0,1,,
2026-01-13 11:04:37,33,19,19,0,efit: 4,efit: 4,,,,0,0,0,0,1,,
2026-01-13 11:56:08,33,19,19,0,efit: 5,efit: 5,,,,0,0,0,0,1,,
2026-01-13 11:59:47,33,19,19,0,"fit: 1, efit: 5","fit: 1, efit: 5",,,,0,0,0,0,1,,
2026-01-13 12:16:11,33,19,19,0,"fit: 1, efit: 6","fit: 1, efit: 6",,,,0,0,0,0,1,,
2026-01-13 12:29:50,33,19,19,0,"fit: 1, efit: 7","fit: 1, efit: 7",,,,0,0,0,0,1,,
2026-01-13 12:44:53,33,19,19,0,"fit: 1, efit: 8","fit: 1, efit: 8",,,,0,0,0,0,1,,
2026-01-13 12:49:54,33,19,19,0,"fit: 1, efit: 7","fit: 1, efit: 7",,,,0,0,0,0,1,,
2026-01-13 12:51:17,33,19,19,0,"fit: 2, efit: 7","fit: 2, efit: 7",,,,0,0,0,0,1,,
2026-01-13 12:54:54,33,19,19,0,"fit: 3, efit: 7","fit: 3, efit: 7",,,,0,0,0,0,1,,
2026-01-13 12:59:55,33,19,19,0,"fit: 3, efit: 6","fit: 3, efit: 6",,,,0,0,0,0,1,,
2026-01-13 13:09:57,33,19,19,0,"fit: 3, efit: 5","fit: 3, efit: 5",,,,0,0,0,0,1,,
2026-01-13 13:21:22,33,19,19,0,"fit: 3, efit: 4","fit: 3, efit: 4",,,,0,0,0,0,1,,
2026-01-13 13:24:59,33,19,19,0,"fit: 3, efit: 3","fit: 3, efit: 3",,,,0,0,0,0,1,,
2026-01-13 13:50:04,33,19,19,0,"fit: 3, efit: 2","fit: 3, efit: 2",,,,0,0,0,0,1,,
2026-01-13 13:51:27,33,19,19,0,"fit: 3, efit: 1","fit: 3, efit: 1",,,,0,0,0,0,1,,
2026-01-13 13:55:05,33,19,19,0,fit: 2,fit: 2,,,,0,0,0,0,1,,
2026-01-13 14:10:07,33,19,19,0,"fit: 2, efit: 1","fit: 2, efit: 1",,,,0,0,0,0,1,,
2026-01-13 14:11:30,33,19,19,0,fit: 2,fit: 2,,,,0,0,0,0,1,,
2026-01-13 14:20:09,33,19,19,0,fit: 1,fit: 1,,,,0,0,0,0,1,,
2026-01-13 14:25:10,33,19,19,0,"fit: 1, efit: 1","fit: 1, efit: 1",,,,0,0,0,0,1,,
2026-01-13 14:30:11,33,19,19,0,"fit: 1, efit: 2","fit: 1, efit: 2",,,,0,0,0,0,1,,
2026-01-13 14:45:13,33,19,19,0,"fit: 1, efit: 1","fit: 1, efit: 1",,,,0,0,0,0,1,,
2026-01-13 14:46:36,33,19,19,0,fit: 1,fit: 1,,,,0,0,0,0,1,,
2026-01-13 14:50:14,33,19,19,0,fit: 2,fit: 2,,,,0,0,0,0,1,,
2026-01-13 15:10:17,33,19,19,0,"fit: 1, efit: 1","fit: 1, efit: 1",,,,0,0,0,0,1,,
2026-01-13 15:15:18,33,19,19,0,fit: 1,fit: 1,,,,0,0,0,0,1,,
2026-01-13 15:50:34,33,19,19,0,,,,,,0,0,0,0,1,,
2026-01-13 15:55:25,33,19,19,0,efit: 1,efit: 1,,,,0,0,0,0,1,,
2026-01-13 16:00:26,33,19,19,0,fit: 1,fit: 1,,,,0,0,0,0,1,,
2026-01-13 16:05:26,33,19,19,0,"fit: 1, efit: 1","fit: 1, efit: 1",,,,0,0,0,0,1,,
2026-01-13 16:15:28,33,19,19,0,fit: 1,fit: 1,,,,0,0,0,0,1,,
2026-01-13 16:25:30,33,19,19,0,,,,,,0,0,0,0,1,,
2026-01-13 17:15:53,33,19,19,0,fit: 1,fit: 1,,,,0,0,0,0,1,,
2026-01-13 17:30:40,33,19,19,0,,,,,,0,0,0,0,1,,
2026-01-13 17:42:06,33,19,19,0,efit: 1,efit: 1,,,,0,0,0,0,1,,
2026-01-13 17:45:43,33,19,19,0,efit: 2,efit: 2,,,,0,0,0,0,1,,
2026-01-13 17:55:44,33,19,19,0,efit: 1,efit: 1,,,,0,0,0,0,1,,
2026-01-13 18:00:45,33,19,19,0,,,,,,0,0,0,0,1,,
2026-01-13 19:30:59,33,19,19,0,efit: 2,efit: 2,,,,0,0,0,0,1,,
2026-01-13 19:51:02,33,19,19,0,efit: 1,efit: 1,,,,0,0,0,0,1,,
2026-01-13 19:56:03,33,19,19,0,fit: 1,fit: 1,,,,0,0,0,0,1,,
2026-01-13 20:51:12,33,19,19,0,"fit: 1, efit: 1","fit: 1, efit: 1",,,,0,0,0,0,1,,
2026-01-13 21:26:18,33,19,19,0,fit: 1,fit: 1,,,,0,0,0,0,1,,
2026-01-13 22:06:25,33,19,19,0,,,,,,0,0,0,0,1,,
2026-01-13 22:37:55,33,19,19,0,efit: 1,efit: 1,,,,0,0,0,0,1,,
2026-01-13 22:41:31,33,19,19,0,,,,,,0,0,0,0,1,,
2026-01-14 00:00:09,33,19,19,0,,,,,,0,0,0,0,1,,
2026-01-14 08:50:52,33,19,19,0,fit: 1,fit: 1,,,,0,0,0,0,1,,
2026-01-14 09:05:55,33,19,19,0,fit: 2,fit: 2,,,,0,0,0,0,1,,
2026-01-14 09:56:03,33,19,19,0,"fit: 2, efit: 1","fit: 2, efit: 1",,,,0,0,0,0,1,,
2026-01-14 10:01:03,33,19,19,0,"fit: 2, efit: 3","fit: 2, efit: 3",,,,0,0,0,0,1,,
2026-01-14 10:06:04,33,19,19,0,"fit: 2, efit: 2","fit: 2, efit: 2",,,,0,0,0,0,1,,
2026-01-14 10:36:09,33,19,19,0,"fit: 2, efit: 3","fit: 2, efit: 3",,,,0,0,0,0,1,,
2026-01-14 10:46:10,33,19,19,0,"fit: 2, efit: 2","fit: 2, efit: 2",,,,0,0,0,0,1,,
2026-01-14 11:01:12,33,19,19,0,"fit: 4, efit: 2","fit: 4, efit: 2",,,,0,0,0,0,1,,
2026-01-14 11:06:13,33,19,19,0,"fit: 4, efit: 3","fit: 4, efit: 3",,,,0,0,0,0,1,,
2026-01-14 11:31:17,33,19,19,0,"fit: 4, efit: 2","fit: 4, efit: 2",,,,0,0,0,0,1,,
2026-01-14 11:51:20,33,19,19,0,"fit: 4, efit: 3","fit: 4, efit: 3",,,,0,0,0,0,1,,
2026-01-14 11:52:08,33,19,19,0,"fit: 4, efit: 4","fit: 4, efit: 4",,,,0,0,0,0,1,,
2026-01-14 11:56:21,33,19,19,0,"fit: 4, efit: 3","fit: 4, efit: 3",,,,0,0,0,0,1,,
2026-01-14 12:06:22,33,19,19,0,"fit: 4, efit: 4","fit: 4, efit: 4",,,,0,0,0,0,1,,
2026-01-14 12:41:27,33,19,19,0,"fit: 4, efit: 3","fit: 4, efit: 3",,,,0,0,0,0,1,,
2026-01-14 12:46:28,33,19,19,0,"fit: 4, efit: 5","fit: 4, efit: 5",,,,0,0,0,0,1,,
2026-01-14 12:51:29,33,19,19,0,"fit: 4, efit: 6","fit: 4, efit: 6",,,,0,0,0,0,1,,
2026-01-14 12:56:30,33,19,19,0,"fit: 4, efit: 5","fit: 4, efit: 5",,,,0,0,0,0,1,,
2026-01-14 12:57:19,33,19,19,0,"fit: 4, efit: 4","fit: 4, efit: 4",,,,0,0,0,0,1,,
2026-01-14 13:11:32,33,19,19,0,"fit: 4, efit: 3","fit: 4, efit: 3",,,,0,0,0,0,1,,
2026-01-14 13:46:37,33,19,19,0,"fit: 4, efit: 2","fit: 4, efit: 2",,,,0,0,0,0,1,,
2026-01-14 13:56:39,33,19,19,0,"fit: 4, efit: 1","fit: 4, efit: 1",,,,0,0,0,0,1,,
2026-01-14 14:21:43,33,19,19,0,"fit: 4, efit: 2","fit: 4, efit: 2",,,,0,0,0,0,1,,
2026-01-14 14:48:16,33,19,19,0,"fit: 5, efit: 2","fit: 5, efit: 2",,,,0,0,0,0,1,,
2026-01-14 14:51:48,33,19,19,0,"fit: 5, efit: 4","fit: 5, efit: 4",,,,0,0,0,0,1,,
2026-01-14 14:56:49,33,19,19,0,"fit: 5, efit: 5","fit: 5, efit: 5",,,,0,0,0,0,1,,
2026-01-14 15:43:29,33,19,19,0,"fit: 5, efit: 3","fit: 5, efit: 3",,,,0,0,0,0,1,,
2026-01-14 15:47:49,33,19,19,0,"fit: 5, efit: 1","fit: 5, efit: 1",,,,0,0,0,0,1,,
2026-01-14 15:56:58,33,19,19,0,fit: 5,fit: 5,,,,0,0,0,0,1,,
2026-01-14 16:12:01,33,19,19,0,"fit: 5, efit: 1","fit: 5, efit: 1",,,,0,0,0,0,1,,
2026-01-14 16:18:37,33,19,19,0,fit: 5,fit: 5,,,,0,0,0,0,1,,
2026-01-14 16:22:55,33,19,19,0,"fit: 5, efit: 1","fit: 5, efit: 1",,,,0,0,0,0,1,,
2026-01-14 16:37:05,33,19,19,0,"fit: 5, efit: 2","fit: 5, efit: 2",,,,0,0,0,0,1,,
2026-01-14 16:52:07,33,19,19,0,"fit: 5, efit: 3","fit: 5, efit: 3",,,,0,0,0,0,1,,
2026-01-14 17:02:09,33,19,19,0,"fit: 6, efit: 3","fit: 6, efit: 3",,,,0,0,0,0,1,,
2026-01-14 17:43:59,33,19,19,0,"fit: 6, efit: 2","fit: 6, efit: 2",,,,0,0,0,0,1,,
2026-01-14 17:47:17,33,19,19,0,"fit: 7, efit: 2","fit: 7, efit: 2",,,,0,0,0,0,1,,
2026-01-14 17:52:17,33,19,19,0,fit: 7,fit: 7,,,,0,0,0,0,1,,
2026-01-14 18:17:21,33,19,19,0,"fit: 7, efit: 1","fit: 7, efit: 1",,,,0,0,0,0,1,,
2026-01-14 18:22:22,33,19,19,0,"fit: 7, efit: 2","fit: 7, efit: 2",,,,0,0,0,0,1,,
2026-01-14 18:34:11,33,19,19,0,"fit: 7, efit: 1","fit: 7, efit: 1",,,,0,0,0,0,1,,
2026-01-14 19:04:19,33,19,19,0,fit: 7,fit: 7,,,,0,0,0,0,1,,
2026-01-14 19:52:36,33,19,19,0,"fit: 7, efit: 1","fit: 7, efit: 1",,,,0,0,0,0,1,,
2026-01-14 20:02:38,33,19,19,0,fit: 7,fit: 7,,,,0,0,0,0,1,,
2026-01-14 20:22:41,33,19,19,0,fit: 6,fit: 6,,,,0,0,0,0,1,,
2026-01-14 21:17:50,33,19,19,0,fit: 5,fit: 5,,,,0,0,0,0,1,,
2026-01-14 21:32:52,33,19,19,0,fit: 4,fit: 4,,,,0,0,0,0,1,,
2026-01-14 21:47:54,33,19,19,0,fit: 3,fit: 3,,,,0,0,0,0,1,,
2026-01-14 21:49:59,33,19,19,0,fit: 2,fit: 2,,,,0,0,0,0,1,,
2026-01-14 21:52:55,33,19,19,0,fit: 1,fit: 1,,,,0,0,0,0,1,,
2026-01-14 21:57:56,33,19,19,0,,,,,,0,0,0,0,1,,
2026-01-15 00:00:32,33,19,19,0,,,,,,0,0,0,0,1,,
2026-01-15 09:17:49,33,19,19,0,efit: 1,efit: 1,,,,0,0,0,0,1,,
2026-01-15 09:24:46,33,19,19,0,,,,,,0,0,0,0,1,,
2026-01-15 09:25:52,33,19,19,0,efit: 1,,efit: 1,,,0,0,0,0,1,,
2026-01-15 09:39:48,33,19,19,0,efit: 2,efit: 1,efit: 1,,,0,0,0,0,1,,
2026-01-15 09:59:51,33,19,19,0,efit: 3,efit: 2,efit: 1,,,0,0,0,0,1,,
2026-01-15 10:16:01,33,19,19,0,efit: 4,efit: 3,efit: 1,,,0,0,0,0,1,,
2026-01-15 10:24:55,33,19,19,0,efit: 6,efit: 5,efit: 1,,,0,0,0,0,1,,
2026-01-15 10:26:02,33,19,19,0,"fit: 1, efit: 5","fit: 1, efit: 5",,,,0,0,0,0,1,,
2026-01-15 10:28:06,33,19,19,0,"fit: 1, efit: 6","fit: 1, efit: 6",,,,0,0,0,0,1,,
2026-01-15 10:29:56,33,19,19,0,"fit: 3, efit: 6","fit: 3, efit: 6",,,,0,0,0,0,1,,
2026-01-15 10:33:07,33,19,19,0,"fit: 3, efit: 7","fit: 3, efit: 7",,,,0,0,0,0,1,,
2026-01-15 10:49:59,33,19,19,0,"fit: 3, efit: 8","fit: 3, efit: 8",,,,0,0,0,0,1,,
2026-01-15 11:01:09,33,19,19,0,"fit: 3, efit: 9","fit: 3, efit: 9",,,,0,0,0,0,1,,
2026-01-15 11:03:14,33,19,19,0,"fit: 3, efit: 8","fit: 3, efit: 8",,,,0,0,0,0,1,,
2026-01-15 11:23:19,33,19,19,0,"fit: 3, efit: 8","fit: 3, efit: 7",,,,0,0,0,0,1,,
2026-01-15 11:38:23,33,19,19,0,"fit: 3, efit: 7","fit: 3, efit: 6",,,,0,0,0,0,1,,
2026-01-15 11:53:26,33,19,19,0,"fit: 3, efit: 8","fit: 3, efit: 7",,,,0,0,0,0,1,,
2026-01-15 11:58:28,33,19,19,0,"fit: 3, efit: 9","fit: 3, efit: 8",,,,0,0,0,0,1,,
2026-01-15 12:00:12,33,19,19,0,"fit: 3, efit: 8","fit: 3, efit: 7",,,,0,0,0,0,1,,
2026-01-15 12:20:15,33,19,19,0,"fit: 3, efit: 9","fit: 3, efit: 8",,,,0,0,0,0,1,,
2026-01-15 12:23:34,33,19,19,0,"fit: 3, efit: 10","fit: 3, efit: 9",,,,0,0,0,0,1,,
2026-01-15 12:58:42,33,19,19,0,"fit: 3, efit: 11","fit: 3, efit: 10",,,,0,0,0,0,1,,
2026-01-15 13:15:25,33,19,19,0,"fit: 3, efit: 10","fit: 3, efit: 9",,,,0,0,0,0,1,,
2026-01-15 13:16:32,33,19,19,0,"fit: 3, efit: 10","fit: 3, efit: 8",efit: 1,,,0,0,0,0,1,,
2026-01-15 13:33:51,33,19,19,0,"fit: 3, efit: 9","fit: 3, efit: 7",efit: 1,,,0,0,0,0,1,,
2026-01-15 13:38:52,33,19,19,0,"fit: 3, efit: 10","fit: 3, efit: 8",efit: 1,,,0,0,0,0,1,,
2026-01-15 13:51:38,33,19,19,0,"fit: 3, efit: 9","fit: 3, efit: 7",efit: 1,,,0,0,0,0,1,,
2026-01-15 13:53:55,33,19,19,0,"fit: 3, efit: 8","fit: 3, efit: 6",efit: 1,,,0,0,0,0,1,,
2026-01-15 14:14:01,33,19,19,0,"fit: 3, efit: 7","fit: 3, efit: 5",efit: 1,,,0,0,0,0,1,,
2026-01-15 14:20:36,33,19,19,0,"fit: 3, efit: 8","fit: 3, efit: 6",efit: 1,,,0,0,0,0,1,,
2026-01-15 14:24:03,33,19,19,0,"fit: 4, efit: 7","fit: 4, efit: 5",efit: 1,,,0,0,0,0,1,,
2026-01-15 14:25:37,33,19,19,0,"fit: 4, efit: 6","fit: 4, efit: 4",efit: 1,,,0,0,0,0,1,,
2026-01-15 14:29:04,33,19,19,0,"fit: 4, efit: 7","fit: 4, efit: 5",efit: 1,,,0,0,0,0,1,,
2026-01-15 14:49:09,33,19,19,0,"fit: 4, efit: 6","fit: 4, efit: 4",efit: 1,,,0,0,0,0,1,,
2026-01-15 15:00:42,33,19,19,0,"fit: 4, efit: 7","fit: 4, efit: 5",efit: 1,,,0,0,0,0,1,,
2026-01-15 15:09:14,33,19,19,0,"fit: 4, efit: 8","fit: 4, efit: 6",efit: 1,,,0,0,0,0,1,,
2026-01-15 15:19:16,33,19,19,0,"fit: 4, efit: 9","fit: 4, efit: 7",efit: 1,,,0,0,0,0,1,,
2026-01-15 15:24:17,33,19,19,0,"fit: 5, efit: 8","fit: 5, efit: 6",efit: 1,,,0,0,0,0,1,,
2026-01-15 15:29:19,33,19,19,0,"fit: 5, efit: 7","fit: 5, efit: 5",efit: 1,,,0,0,0,0,1,,
2026-01-15 15:36:56,33,19,19,0,"fit: 5, efit: 6","fit: 5, efit: 4",efit: 1,,,0,0,0,0,1,,
2026-01-15 15:50:50,33,19,19,0,"fit: 5, efit: 5","fit: 5, efit: 3",efit: 1,,,0,0,0,0,1,,
2026-01-15 15:54:25,33,19,19,0,"fit: 5, efit: 3","fit: 5, efit: 1",efit: 1,,,0,0,0,0,1,,
2026-01-15 16:00:52,33,19,19,0,"fit: 5, efit: 2",fit: 5,efit: 1,,,0,0,0,0,1,,
2026-01-15 16:39:35,33,19,19,0,"fit: 5, efit: 3","fit: 5, efit: 1",efit: 1,,,0,0,0,0,1,,
2026-01-15 17:06:02,33,19,19,0,"fit: 5, efit: 4","fit: 5, efit: 2",efit: 1,,,0,0,0,0,1,,
2026-01-15 17:19:45,33,19,19,0,"fit: 5, efit: 3","fit: 5, efit: 1",efit: 1,,,0,0,0,0,1,,
2026-01-15 17:24:47,33,19,19,0,"fit: 5, efit: 2",fit: 5,efit: 1,,,0,0,0,0,1,,
2026-01-15 17:49:53,33,19,19,0,"fit: 5, efit: 3","fit: 5, efit: 1",efit: 1,,,0,0,0,0,1,,
2026-01-15 18:17:24,33,19,19,0,"fit: 5, efit: 2",fit: 5,efit: 1,,,0,0,0,0,1,,
2026-01-15 18:36:16,33,19,19,0,"fit: 3, efit: 2",fit: 3,efit: 1,,,0,0,0,0,1,,
2026-01-15 19:40:20,33,19,19,0,"fit: 2, efit: 2",fit: 2,efit: 1,,,0,0,0,0,1,,
2026-01-15 20:10:28,33,19,19,0,"fit: 1, efit: 2",fit: 1,efit: 1,,,0,0,0,0,1,,
2026-01-15 20:15:29,33,19,19,0,efit: 2,,efit: 1,,,0,0,0,0,1,,
2026-01-16 00:01:24,33,19,19,0,efit: 2,,efit: 1,,,0,0,0,0,1,,
2026-01-16 00:36:33,33,19,19,0,efit: 3,efit: 1,efit: 1,,,0,0,0,0,1,,
2026-01-16 04:27:28,33,19,19,0,efit: 2,,efit: 1,,,0,0,0,0,1,,
2026-01-16 08:48:30,33,19,19,0,efit: 3,efit: 1,efit: 1,,,0,0,0,0,1,,
2026-01-16 08:58:32,33,19,19,0,efit: 4,efit: 2,efit: 1,,,0,0,0,0,1,,
2026-01-16 09:14:56,33,19,19,0,efit: 4,efit: 2,efit: 2,,,0,0,0,0,1,,
2026-01-16 09:34:59,33,19,19,0,efit: 4,efit: 2,efit: 1,,,0,0,0,0,1,,
2026-01-16 09:43:37,33,19,19,0,efit: 4,efit: 2,efit: 2,,,0,0,0,0,1,,
2026-01-16 09:45:01,33,19,19,0,efit: 4,efit: 2,efit: 1,,,0,0,0,0,1,,
2026-01-16 09:48:38,33,19,19,0,efit: 3,efit: 1,efit: 2,,,0,0,0,0,1,,
2026-01-16 09:50:02,33,19,19,0,efit: 3,efit: 1,efit: 1,,,0,0,0,0,1,,
2026-01-16 09:55:03,33,19,19,0,efit: 3,efit: 1,efit: 2,,,0,0,0,0,1,,
2026-01-16 10:03:41,33,19,19,0,efit: 3,efit: 1,efit: 1,,,0,0,0,0,1,,
2026-01-16 10:05:05,33,19,19,0,efit: 3,efit: 1,efit: 2,,,0,0,0,0,1,,
2026-01-16 10:18:43,33,19,19,0,efit: 4,efit: 2,efit: 2,,,0,0,0,0,1,,
2026-01-16 10:40:11,33,19,19,0,efit: 4,efit: 2,efit: 1,,,0,0,0,0,1,,
2026-01-16 10:43:47,33,19,19,0,efit: 4,efit: 2,efit: 2,,,0,0,0,0,1,,
2026-01-16 10:45:12,33,19,19,0,efit: 4,efit: 2,efit: 1,,,0,0,0,0,1,,
2026-01-16 10:48:48,33,19,19,0,efit: 5,efit: 3,efit: 2,,,0,0,0,0,1,,
2026-01-16 10:50:13,33,19,19,0,efit: 5,efit: 3,efit: 1,,,0,0,0,0,1,,
2026-01-16 10:53:49,33,19,19,0,efit: 5,efit: 3,efit: 2,,,0,0,0,0,1,,
2026-01-16 10:53:59,33,19,19,0,efit: 5,efit: 3,efit: 1,,,0,0,0,0,1,,
2026-01-16 10:58:49,33,19,19,0,efit: 5,efit: 3,efit: 2,,,0,0,0,0,1,,
2026-01-16 11:03:50,33,19,19,0,efit: 7,efit: 5,efit: 2,,,0,0,0,0,1,,
2026-01-16 11:30:20,33,19,19,0,efit: 8,efit: 6,efit: 2,,,0,0,0,0,1,,
2026-01-16 11:43:57,33,19,19,0,efit: 7,efit: 5,efit: 1,,,0,0,0,0,1,,
2026-01-16 11:45:23,33,19,19,0,efit: 7,efit: 5,efit: 2,,,0,0,0,0,1,,
2026-01-16 11:48:57,33,19,19,0,efit: 7,efit: 5,efit: 1,,,0,0,0,0,1,,
2026-01-16 11:50:24,33,19,19,0,efit: 7,efit: 5,efit: 2,,,0,0,0,0,1,,
2026-01-16 11:53:58,33,19,19,0,efit: 8,efit: 6,efit: 1,,,0,0,0,0,1,,
2026-01-16 11:54:14,33,19,19,0,efit: 8,efit: 6,efit: 2,,,0,0,0,0,1,,
2026-01-16 11:58:59,33,19,19,0,efit: 7,efit: 5,efit: 1,,,0,0,0,0,1,,
2026-01-16 11:59:15,33,19,19,0,efit: 7,efit: 5,efit: 2,,,0,0,0,0,1,,
2026-01-16 12:09:01,33,19,19,0,efit: 8,efit: 6,efit: 2,,,0,0,0,0,1,,
2026-01-16 12:49:08,33,19,19,0,efit: 7,efit: 5,efit: 2,,,0,0,0,0,1,,
2026-01-16 12:54:09,33,19,19,0,efit: 8,efit: 4,efit: 4,,,0,0,0,0,1,,
2026-01-16 12:59:09,33,19,19,0,efit: 9,efit: 5,efit: 3,,,0,0,0,0,1,,
2026-01-16 12:59:30,33,19,19,0,efit: 7,efit: 3,efit: 3,,,0,0,0,0,1,,
2026-01-16 13:00:36,33,19,19,0,efit: 7,efit: 3,efit: 4,,,0,0,0,0,1,,
2026-01-16 13:04:10,33,19,19,0,efit: 7,efit: 2,efit: 3,,,0,0,0,0,1,,
2026-01-16 13:19:13,33,19,19,0,efit: 7,efit: 2,efit: 4,,,0,0,0,0,1,,
2026-01-16 13:19:35,33,19,19,0,efit: 7,efit: 2,efit: 3,,,0,0,0,0,1,,
2026-01-16 13:24:13,33,19,19,0,efit: 7,efit: 2,efit: 4,,,0,0,0,0,1,,
2026-01-16 13:25:40,33,19,19,0,efit: 7,efit: 2,efit: 3,,,0,0,0,0,1,,
2026-01-16 13:35:42,33,19,19,0,efit: 8,efit: 3,efit: 3,,,0,0,0,0,1,,
2026-01-16 13:39:16,33,19,19,0,"fit: 1, efit: 7","fit: 1, efit: 2",efit: 3,,,0,0,0,0,1,,
2026-01-16 13:49:17,33,19,19,0,"fit: 1, efit: 8","fit: 1, efit: 3",efit: 3,,,0,0,0,0,1,,
2026-01-16 13:54:18,33,19,19,0,"fit: 1, efit: 6","fit: 1, efit: 1",efit: 3,,,0,0,0,0,1,,
2026-01-16 14:00:46,33,19,19,0,"fit: 1, efit: 7","fit: 1, efit: 2",efit: 3,,,0,0,0,0,1,,
2026-01-16 14:39:25,33,19,19,0,"fit: 1, efit: 7","fit: 1, efit: 2",efit: 4,,,0,0,0,0,1,,
2026-01-16 14:39:54,33,19,19,0,"fit: 1, efit: 7","fit: 1, efit: 2",efit: 3,,,0,0,0,0,1,,
2026-01-16 14:44:26,33,19,19,0,"fit: 1, efit: 6","fit: 1, efit: 1",efit: 4,,,0,0,0,0,1,,
2026-01-16 14:45:54,33,19,19,0,"fit: 1, efit: 6","fit: 1, efit: 1",efit: 3,,,0,0,0,0,1,,
2026-01-16 14:50:55,33,19,19,0,"fit: 1, efit: 5","fit: 1, efit: 1",efit: 3,,,0,0,0,0,1,,
2026-01-16 14:54:28,33,19,19,0,"fit: 1, efit: 4","fit: 1, efit: 4",,,,0,0,0,0,1,,
2026-01-16 14:59:29,33,19,19,0,"fit: 1, efit: 3","fit: 1, efit: 3",,,,0,0,0,0,1,,
2026-01-16 15:14:31,33,19,19,0,"fit: 1, efit: 2","fit: 1, efit: 2",,,,0,0,0,0,1,,
2026-01-16 15:19:33,33,19,19,0,"fit: 1, efit: 3","fit: 1, efit: 3",,,,0,0,0,0,1,,
2026-01-16 15:20:05,33,19,19,0,"fit: 1, efit: 2","fit: 1, efit: 2",,,,0,0,0,0,1,,
2026-01-16 15:21:00,33,19,19,0,"fit: 1, efit: 3","fit: 1, efit: 3",,,,0,0,0,0,1,,
2026-01-16 15:24:34,33,19,19,0,"fit: 1, efit: 4","fit: 1, efit: 2",efit: 1,,,0,0,0,0,1,,
2026-01-16 15:29:34,33,19,19,0,"fit: 1, efit: 5","fit: 1, efit: 3",efit: 1,,,0,0,0,0,1,,
2026-01-16 15:49:37,33,19,19,0,"fit: 1, efit: 4","fit: 1, efit: 2",efit: 1,,,0,0,0,0,1,,
2026-01-16 15:51:06,33,19,19,0,"fit: 1, efit: 3","fit: 1, efit: 1",efit: 1,,,0,0,0,0,1,,
2026-01-16 15:59:39,33,19,19,0,"fit: 1, efit: 3","fit: 1, efit: 2",efit: 1,,,0,0,0,0,1,,
2026-01-16 16:09:41,33,19,19,0,"fit: 1, efit: 2","fit: 1, efit: 1",efit: 1,,,0,0,0,0,1,,
2026-01-16 17:14:51,33,19,19,0,efit: 1,,efit: 1,,,0,0,0,0,1,,
2026-01-16 20:10:20,33,19,19,0,"fit: 1, efit: 1",fit: 1,efit: 1,,,0,0,0,0,1,,
2026-01-16 20:30:24,33,19,19,0,"fit: 1, efit: 2","fit: 1, efit: 1",efit: 1,,,0,0,0,0,1,,
2026-01-16 21:55:37,33,19,19,0,"fit: 1, efit: 1",fit: 1,efit: 1,,,0,0,0,0,1,,
2026-01-16 22:55:47,33,19,19,0,efit: 1,,efit: 1,,,0,0,0,0,1,,
2026-01-17 00:00:57,33,19,19,0,efit: 2,,efit: 1,,,0,0,0,0,1,,
2026-01-17 07:58:46,33,19,19,0,efit: 3,efit: 1,efit: 1,,,0,0,0,0,1,,
2026-01-17 10:07:33,33,19,19,0,efit: 4,efit: 2,efit: 1,,,0,0,0,0,1,,
2026-01-17 10:44:15,33,19,19,0,efit: 5,efit: 3,efit: 1,,,0,0,0,0,1,,
2026-01-17 11:57:50,33,19,19,0,"fit: 1, efit: 6","fit: 1, efit: 4",efit: 1,,,0,0,0,0,1,,
2026-01-17 12:07:52,33,19,19,0,"fit: 1, efit: 6","fit: 1, efit: 5",efit: 1,,,0,0,0,0,1,,
2026-01-17 12:49:36,33,19,19,0,"fit: 1, efit: 5","fit: 1, efit: 4",efit: 1,,,0,0,0,0,1,,
2026-01-17 12:52:59,33,19,19,0,"fit: 1, efit: 4","fit: 1, efit: 3",efit: 1,,,0,0,0,0,1,,
2026-01-17 13:09:40,33,19,19,0,"fit: 1, efit: 3","fit: 1, efit: 2",efit: 1,,,0,0,0,0,1,,
2026-01-17 13:29:43,33,19,19,0,"fit: 2, efit: 3","fit: 2, efit: 2",efit: 1,,,0,0,0,0,1,,
2026-01-17 14:08:11,33,19,19,0,"fit: 2, efit: 4","fit: 2, efit: 3",efit: 1,,,0,0,0,0,1,,
2026-01-17 14:18:13,33,19,19,0,"fit: 2, efit: 5","fit: 2, efit: 4",efit: 1,,,0,0,0,0,1,,
2026-01-17 14:23:13,33,19,19,0,"fit: 2, efit: 4","fit: 2, efit: 3",efit: 1,,,0,0,0,0,1,,
2026-01-17 14:38:16,33,19,19,0,"fit: 2, efit: 3","fit: 2, efit: 2",efit: 1,,,0,0,0,0,1,,
2026-01-17 14:39:55,33,19,19,0,"fit: 2, efit: 2","fit: 2, efit: 1",efit: 1,,,0,0,0,0,1,,
2026-01-17 14:44:56,33,19,19,0,"fit: 2, efit: 3","fit: 2, efit: 2",efit: 1,,,0,0,0,0,1,,
2026-01-17 15:10:00,33,19,19,0,"fit: 2, efit: 2","fit: 2, efit: 1",efit: 1,,,0,0,0,0,1,,
2026-01-17 15:48:27,33,19,19,0,"fit: 1, efit: 2","fit: 1, efit: 1",efit: 1,,,0,0,0,0,1,,
2026-01-17 16:00:09,33,19,19,0,"fit: 1, efit: 3","fit: 1, efit: 2",efit: 1,,,0,0,0,0,1,,
2026-01-17 16:23:32,33,19,19,0,"fit: 1, efit: 2","fit: 1, efit: 1",efit: 1,,,0,0,0,0,1,,
2026-01-17 16:31:04,33,19,19,0,"fit: 1, efit: 3","fit: 1, efit: 2",efit: 1,,,0,0,0,0,1,,
2026-01-17 16:38:34,33,19,19,0,"fit: 1, efit: 2","fit: 1, efit: 1",efit: 1,,,0,0,0,0,1,,
2026-01-17 16:53:37,33,19,19,0,"fit: 1, efit: 3","fit: 1, efit: 2",efit: 1,,,0,0,0,0,1,,
2026-01-17 17:00:21,33,19,19,0,"fit: 1, efit: 2","fit: 1, efit: 1",efit: 1,,,0,0,0,0,1,,
2026-01-17 18:10:33,33,19,19,0,"fit: 2, efit: 2","fit: 2, efit: 1",efit: 1,,,0,0,0,0,1,,
2026-01-17 18:13:49,33,19,19,0,"fit: 2, efit: 1",fit: 2,efit: 1,,,0,0,0,0,1,,
2026-01-17 18:38:54,33,19,19,0,"fit: 2, efit: 2","fit: 2, efit: 1",efit: 1,,,0,0,0,0,1,,
2026-01-17 18:46:37,33,19,19,0,"fit: 2, efit: 3","fit: 2, efit: 2",efit: 1,,,0,0,0,0,1,,
2026-01-17 19:55:50,33,19,19,0,"fit: 2, efit: 4","fit: 2, efit: 3",efit: 1,,,0,0,0,0,1,,
2026-01-17 21:34:22,33,19,19,0,"fit: 2, efit: 3","fit: 2, efit: 2",efit: 1,,,0,0,0,0,1,,
2026-01-17 21:47:20,33,19,19,0,"fit: 2, efit: 2","fit: 2, efit: 1",efit: 1,,,0,0,0,0,1,,
2026-01-17 21:49:24,33,19,19,0,"fit: 2, efit: 1",fit: 2,efit: 1,,,0,0,0,0,1,,
2026-01-17 21:51:10,33,19,19,0,"fit: 1, efit: 1",fit: 1,efit: 1,,,0,0,0,0,1,,
2026-01-17 22:51:21,33,19,19,0,"fit: 1, efit: 4","fit: 1, efit: 3",efit: 1,,,0,0,0,0,1,,
2026-01-17 23:34:40,33,19,19,0,"fit: 3, efit: 5","fit: 3, efit: 4",efit: 1,,,0,0,0,0,1,,
2026-01-18 00:01:32,33,19,19,0,"fit: 3, efit: 5","fit: 3, efit: 4",efit: 1,,,0,0,0,0,1,,
2026-01-18 00:38:01,33,19,19,0,"fit: 3, efit: 6","fit: 3, efit: 5",efit: 1,,,0,0,0,0,1,,
2026-01-18 00:39:51,33,19,19,0,"fit: 3, efit: 7","fit: 3, efit: 6",efit: 1,,,0,0,0,0,1,,
2026-01-18 00:41:39,33,19,19,0,"fit: 3, efit: 5","fit: 3, efit: 4",efit: 1,,,0,0,0,0,1,,
2026-01-18 02:23:26,33,19,19,0,"fit: 3, efit: 4","fit: 3, efit: 3",efit: 1,,,0,0,0,0,1,,
2026-01-18 09:40:11,33,19,19,0,"fit: 3, efit: 4","fit: 3, efit: 4",,,,0,0,0,0,1,,
2026-01-18 10:11:20,33,19,19,0,"fit: 3, efit: 5","fit: 3, efit: 5",,,,0,0,0,0,1,,
2026-01-18 12:33:39,33,19,19,0,"fit: 3, efit: 6","fit: 3, efit: 6",,,,0,0,0,0,1,,
2026-01-18 13:31:08,33,19,19,0,"fit: 3, efit: 7","fit: 3, efit: 7",,,,0,0,0,0,1,,
2026-01-18 14:03:54,33,19,19,0,"fit: 3, efit: 8","fit: 3, efit: 8",,,,0,0,0,0,1,,
2026-01-18 14:21:21,33,19,19,0,"fit: 3, efit: 9","fit: 3, efit: 9",,,,0,0,0,0,1,,
2026-01-18 15:26:36,33,19,19,0,"fit: 3, efit: 8","fit: 3, efit: 8",,,,0,0,0,0,1,,
2026-01-18 15:34:09,33,19,19,0,"fit: 3, efit: 7","fit: 3, efit: 7",,,,0,0,0,0,1,,
2026-01-18 16:24:18,33,19,19,0,"fit: 3, efit: 8","fit: 3, efit: 8",,,,0,0,0,0,1,,
2026-01-18 16:51:57,33,19,19,0,"fit: 3, efit: 7","fit: 3, efit: 7",,,,0,0,0,0,1,,
2026-01-18 17:39:31,33,19,19,0,"fit: 3, efit: 8","fit: 3, efit: 8",,,,0,0,0,0,1,,
2026-01-18 18:12:16,33,19,19,0,"fit: 5, efit: 8","fit: 5, efit: 8",,,,0,0,0,0,1,,
2026-01-18 18:12:36,33,19,19,0,"fit: 5, efit: 6","fit: 5, efit: 6",,,,0,0,0,0,1,,
2026-01-18 18:14:37,33,19,19,0,"fit: 6, efit: 3","fit: 6, efit: 3",,,,0,0,0,0,1,,
2026-01-18 18:17:17,33,19,19,0,"fit: 7, efit: 2","fit: 7, efit: 2",,,,0,0,0,0,1,,
2026-01-19 00:00:37,33,19,19,0,"fit: 7, efit: 2","fit: 7, efit: 2",,,,0,0,0,0,1,,
2026-01-19 01:58:47,33,19,19,0,"fit: 6, efit: 2","fit: 6, efit: 2",,,,0,0,0,0,1,,
2026-01-19 08:14:53,33,19,19,0,"fit: 6, efit: 3","fit: 6, efit: 3",,,,0,0,0,0,1,,
2026-01-19 11:15:24,33,19,19,0,"fit: 6, efit: 4","fit: 6, efit: 4",,,,0,0,0,0,1,,
2026-01-19 13:30:46,33,19,19,0,"fit: 6, efit: 6","fit: 6, efit: 6",,,,0,0,0,0,1,,
2026-01-19 14:00:51,33,19,19,0,"fit: 6, efit: 7","fit: 6, efit: 7",,,,0,0,0,0,1,,
2026-01-19 14:25:55,33,19,19,0,"fit: 6, efit: 8","fit: 6, efit: 8",,,,0,0,0,0,1,,
2026-01-19 15:08:13,33,19,19,0,"fit: 6, efit: 5","fit: 6, efit: 5",,,,0,0,0,0,1,,
2026-01-19 15:27:25,33,19,19,0,"fit: 6, efit: 4","fit: 6, efit: 4",,,,0,0,0,0,1,,
2026-01-19 17:37:57,33,19,19,0,"fit: 6, efit: 5","fit: 6, efit: 5",,,,0,0,0,0,1,,
2026-01-19 19:18:22,33,19,19,0,"fit: 6, efit: 6","fit: 6, efit: 6",,,,0,0,0,0,1,,
2026-01-19 19:19:43,33,19,19,0,"fit: 6, efit: 5","fit: 6, efit: 5",,,,0,0,0,0,1,,
2026-01-19 21:43:56,33,19,19,0,"fit: 6, efit: 6","fit: 6, efit: 6",,,,0,0,0,0,1,,
2026-01-19 21:45:09,33,19,19,0,"fit: 6, efit: 5","fit: 6, efit: 5",,,,0,0,0,0,1,,
2026-01-19 22:15:15,33,19,19,0,"fit: 7, efit: 5","fit: 7, efit: 5",,,,0,0,0,0,1,,
2026-01-19 22:17:12,33,19,19,0,"fit: 7, efit: 4","fit: 7, efit: 4",,,,0,0,0,0,1,,
2026-01-19 22:37:15,33,19,19,0,"fit: 7, efit: 3","fit: 7, efit: 3",,,,0,0,0,0,1,,
2026-01-20 00:00:32,33,19,19,0,"fit: 7, efit: 3","fit: 7, efit: 3",,,,0,0,0,0,1,,
2026-01-20 07:38:40,33,19,19,0,"fit: 7, efit: 2","fit: 7, efit: 2",,,,0,0,0,0,1,,
2026-01-20 07:53:42,33,19,19,0,"fit: 7, efit: 3","fit: 7, efit: 3",,,,0,0,0,0,1,,
2026-01-20 09:11:44,33,19,19,0,"fit: 7, efit: 2","fit: 7, efit: 2",,,,0,0,0,0,1,,
2026-01-20 09:26:47,33,19,19,0,"fit: 8, efit: 2","fit: 8, efit: 2",,,,0,0,0,0,1,,
2026-01-20 09:36:50,33,19,19,0,"fit: 8, efit: 3","fit: 8, efit: 3",,,,0,0,0,0,1,,
2026-01-20 09:59:03,33,19,19,0,"fit: 8, efit: 4","fit: 8, efit: 4",,,,0,0,0,0,1,,
2026-01-20 10:37:05,33,19,19,0,"fit: 8, efit: 5","fit: 8, efit: 5",,,,0,0,0,0,1,,
2026-01-20 10:57:10,33,19,19,0,"fit: 9, efit: 5","fit: 9, efit: 5",,,,0,0,0,0,1,,
2026-01-20 11:02:11,33,19,19,0,"fit: 9, efit: 6","fit: 9, efit: 6",,,,0,0,0,0,1,,
2026-01-20 11:04:13,33,19,19,0,"fit: 9, efit: 7","fit: 9, efit: 7",,,,0,0,0,0,1,,
2026-01-20 11:24:16,33,19,19,0,"fit: 9, efit: 8","fit: 9, efit: 8",,,,0,0,0,0,1,,
2026-01-20 11:32:19,33,19,19,0,"fit: 9, efit: 7","fit: 9, efit: 7",,,,0,0,0,0,1,,
2026-01-20 11:52:23,33,19,19,0,"fit: 9, efit: 8","fit: 9, efit: 8",,,,0,0,0,0,1,,
2026-01-20 12:19:25,33,19,19,0,"fit: 5, efit: 8","fit: 5, efit: 8",,,,0,0,0,0,1,,
2026-01-20 12:22:30,33,19,19,0,"fit: 5, efit: 7","fit: 5, efit: 7",,,,0,0,0,0,1,,
2026-01-20 12:27:32,33,19,19,0,"fit: 5, efit: 8","fit: 5, efit: 8",,,,0,0,0,0,1,,
2026-01-20 12:52:38,33,19,19,0,"fit: 5, efit: 7","fit: 5, efit: 7",,,,0,0,0,0,1,,
2026-01-20 12:57:39,33,19,19,0,"fit: 5, efit: 6","fit: 5, efit: 6",,,,0,0,0,0,1,,
2026-01-20 13:02:40,33,19,19,0,"fit: 5, efit: 5","fit: 5, efit: 5",,,,0,0,0,0,1,,
2026-01-20 13:04:32,33,19,19,0,"fit: 5, efit: 6","fit: 5, efit: 6",,,,0,0,0,0,1,,
2026-01-20 13:52:52,33,19,19,0,"fit: 5, efit: 4","fit: 5, efit: 4",,,,0,0,0,0,1,,
2026-01-20 13:54:40,33,19,19,0,"fit: 5, efit: 3","fit: 5, efit: 3",,,,0,0,0,0,1,,
2026-01-20 14:04:42,33,19,19,0,"fit: 5, efit: 2","fit: 5, efit: 2",,,,0,0,0,0,1,,
2026-01-20 14:17:57,33,19,19,0,"fit: 4, efit: 2","fit: 4, efit: 2",,,,0,0,0,0,1,,
2026-01-20 14:19:44,33,19,19,0,"fit: 5, efit: 2","fit: 5, efit: 2",,,,0,0,0,0,1,,
2026-01-20 14:43:01,33,19,19,0,"fit: 5, efit: 1","fit: 5, efit: 1",,,,0,0,0,0,1,,
2026-01-20 15:28:07,33,19,19,0,"fit: 6, efit: 2","fit: 6, efit: 2",,,,0,0,0,0,1,,
2026-01-20 15:33:08,33,19,19,0,"fit: 7, efit: 2","fit: 7, efit: 2",,,,0,0,0,0,1,,
2026-01-20 15:33:13,33,19,19,0,"fit: 8, efit: 2","fit: 8, efit: 2",,,,0,0,0,0,1,,
2026-01-20 15:34:56,33,19,19,0,"fit: 11, efit: 2","fit: 11, efit: 2",,,,0,0,0,0,1,,
2026-01-20 15:48:11,33,19,19,0,"fit: 11, efit: 1","fit: 11, efit: 1",,,,0,0,0,0,1,,
2026-01-20 15:53:12,33,19,19,0,fit: 9,fit: 9,,,,0,0,0,0,1,,
2026-01-20 15:58:12,33,19,19,0,fit: 8,fit: 8,,,,0,0,0,0,1,,
2026-01-20 16:53:22,33,19,19,0,fit: 7,fit: 7,,,,0,0,0,0,1,,
2026-01-20 17:08:25,33,19,19,0,fit: 6,fit: 6,,,,0,0,0,0,1,,
2026-01-20 17:15:14,33,19,19,0,"fit: 6, efit: 1","fit: 6, efit: 1",,,,0,0,0,0,1,,
2026-01-20 17:20:15,33,19,19,0,fit: 6,fit: 6,,,,0,0,0,0,1,,
2026-01-20 17:23:27,33,19,19,0,fit: 4,fit: 4,,,,0,0,0,0,1,,
2026-01-20 17:33:29,33,19,19,0,"fit: 4, efit: 1","fit: 4, efit: 1",,,,0,0,0,0,1,,
2026-01-20 17:40:18,33,19,19,0,"fit: 4, efit: 2","fit: 4, efit: 2",,,,0,0,0,0,1,,
2026-01-20 18:10:23,33,19,19,0,"fit: 4, efit: 1","fit: 4, efit: 1",,,,0,0,0,0,1,,
2026-01-20 18:13:36,33,19,19,0,fit: 4,fit: 4,,,,0,0,0,0,1,,
2026-01-20 20:35:47,33,19,19,0,"fit: 4, efit: 1","fit: 4, efit: 1",,,,0,0,0,0,1,,
2026-01-20 20:44:02,33,19,19,0,fit: 4,fit: 4,,,,0,0,0,0,1,,
2026-01-21 00:00:17,33,19,19,0,fit: 4,fit: 4,,,,0,0,0,0,1,,
2026-01-21 08:51:52,33,19,19,0,fit: 5,fit: 5,,,,0,0,0,0,1,,
2026-01-21 09:06:54,33,19,19,0,"fit: 5, efit: 1","fit: 5, efit: 1",,,,0,0,0,0,1,,
2026-01-21 09:57:03,33,19,19,0,"fit: 6, efit: 2","fit: 6, efit: 2",,,,0,0,0,0,1,,
2026-01-21 10:02:04,33,19,19,0,"fit: 6, efit: 3","fit: 6, efit: 3",,,,0,0,0,0,1,,
2026-01-21 10:17:49,33,19,19,0,"fit: 6, efit: 4","fit: 6, efit: 4",,,,0,0,0,0,1,,
2026-01-21 10:57:59,33,19,19,0,"fit: 6, efit: 5","fit: 6, efit: 5",,,,0,0,0,0,1,,
2026-01-21 11:02:15,33,19,19,0,"fit: 7, efit: 5","fit: 7, efit: 5",,,,0,0,0,0,1,,
2026-01-21 11:03:01,33,19,19,0,"fit: 7, efit: 6","fit: 7, efit: 6",,,,0,0,0,0,1,,
2026-01-21 11:07:15,33,19,19,0,"fit: 7, efit: 4","fit: 7, efit: 4",,,,0,0,0,0,1,,
2026-01-21 12:02:25,33,19,19,0,"fit: 7, efit: 5","fit: 7, efit: 5",,,,0,0,0,0,1,,
2026-01-21 12:07:26,33,19,19,0,"fit: 7, efit: 4","fit: 7, efit: 4",,,,0,0,0,0,1,,
2026-01-21 12:22:29,33,19,19,0,"fit: 7, efit: 3","fit: 7, efit: 3",,,,0,0,0,0,1,,
2026-01-21 12:27:29,33,19,19,0,"fit: 7, efit: 2","fit: 7, efit: 2",,,,0,0,0,0,1,,
2026-01-21 12:32:30,33,19,19,0,"fit: 7, efit: 4","fit: 7, efit: 4",,,,0,0,0,0,1,,
2026-01-21 12:37:31,33,19,19,0,"fit: 7, efit: 5","fit: 7, efit: 5",,,,0,0,0,0,1,,
2026-01-21 12:52:34,33,19,19,0,"fit: 7, efit: 4","fit: 7, efit: 4",,,,0,0,0,0,1,,
2026-01-21 12:53:21,33,19,19,0,"fit: 7, efit: 3","fit: 7, efit: 3",,,,0,0,0,0,1,,
2026-01-21 12:58:22,33,19,19,0,"fit: 7, efit: 4","fit: 7, efit: 4",,,,0,0,0,0,1,,
2026-01-21 13:02:35,33,19,19,0,"fit: 7, efit: 5","fit: 7, efit: 5",,,,0,0,0,0,1,,
2026-01-21 13:37:41,33,19,19,0,"fit: 7, efit: 4","fit: 7, efit: 4",,,,0,0,0,0,1,,
2026-01-21 13:52:44,33,19,19,0,"fit: 7, efit: 3","fit: 7, efit: 3",,,,0,0,0,0,1,,
2026-01-21 14:02:46,33,19,19,0,"fit: 7, efit: 4","fit: 7, efit: 4",,,,0,0,0,0,1,,
2026-01-21 14:12:47,33,19,19,0,"fit: 7, efit: 5","fit: 7, efit: 5",,,,0,0,0,0,1,,
2026-01-21 14:23:48,33,19,19,0,"fit: 7, efit: 6","fit: 7, efit: 6",,,,0,0,0,0,1,,
2026-01-21 14:52:54,33,19,19,0,"fit: 7, efit: 8","fit: 7, efit: 7",,,,0,0,0,0,1,,
2026-01-21 14:57:55,33,19,19,0,"fit: 7, efit: 9","fit: 7, efit: 8",,,,0,0,0,0,1,,
2026-01-21 15:02:56,33,19,19,0,"fit: 7, efit: 8","fit: 7, efit: 7",,,,0,0,0,0,1,,
2026-01-21 15:03:43,33,19,19,0,"fit: 7, efit: 7","fit: 7, efit: 6",,,,0,0,0,0,1,,
2026-01-21 15:08:44,33,19,19,0,"fit: 7, efit: 6","fit: 7, efit: 5",,,,0,0,0,0,1,,
2026-01-21 15:28:00,33,19,19,0,"fit: 7, efit: 7","fit: 7, efit: 7",,,,0,0,0,0,1,,
2026-01-21 15:38:02,33,19,19,0,"fit: 7, efit: 6","fit: 7, efit: 6",,,,0,0,0,0,1,,
2026-01-21 15:43:03,33,19,19,0,"fit: 7, efit: 7","fit: 7, efit: 7",,,,0,0,0,0,1,,
2026-01-21 15:53:05,33,19,19,0,"fit: 7, efit: 6","fit: 7, efit: 6",,,,0,0,0,0,1,,
2026-01-21 15:58:06,33,19,19,0,"fit: 7, efit: 5","fit: 7, efit: 5",,,,0,0,0,0,1,,
2026-01-21 16:08:07,33,19,19,0,"fit: 6, efit: 5","fit: 6, efit: 5",,,,0,0,0,0,1,,
2026-01-21 16:19:18,33,19,19,0,"fit: 6, efit: 4","fit: 6, efit: 4",,,,0,0,0,0,1,,
2026-01-21 16:23:10,33,19,19,0,"fit: 6, efit: 3","fit: 6, efit: 3",,,,0,0,0,0,1,,
2026-01-21 16:28:11,33,19,19,0,"fit: 7, efit: 2","fit: 7, efit: 2",,,,0,0,0,0,1,,
2026-01-21 16:43:14,33,19,19,0,"fit: 7, efit: 1","fit: 7, efit: 1",,,,0,0,0,0,1,,
2026-01-21 17:43:25,33,19,19,0,fit: 7,fit: 7,,,,0,0,0,0,1,,
2026-01-21 18:18:31,33,19,19,0,fit: 6,fit: 6,,,,0,0,0,0,1,,
2026-01-21 18:43:35,33,19,19,0,fit: 8,fit: 8,,,,0,0,0,0,1,,
2026-01-21 18:44:19,33,19,19,0,fit: 9,fit: 9,,,,0,0,0,0,1,,
2026-01-21 19:08:39,33,19,19,0,fit: 8,fit: 8,,,,0,0,0,0,1,,
2026-01-21 19:43:45,33,19,19,0,fit: 6,fit: 6,,,,0,0,0,0,1,,
2026-01-21 20:08:50,33,19,19,0,fit: 5,fit: 5,,,,0,0,0,0,1,,
2026-01-21 23:14:23,33,19,19,0,fit: 4,fit: 4,,,,0,0,0,0,1,,
2026-01-21 23:36:09,33,19,19,0,fit: 3,fit: 3,,,,0,0,0,0,1,,
2026-01-21 23:39:28,33,19,19,0,fit: 4,fit: 4,,,,0,0,0,0,1,,
2026-01-22 00:00:12,33,19,19,0,fit: 4,fit: 4,,,,0,0,0,0,1,,
2026-01-22 00:04:32,33,19,19,0,fit: 3,fit: 3,,,,0,0,0,0,1,,
2026-01-22 00:11:18,33,19,19,0,fit: 1,fit: 1,,,,0,0,0,0,1,,
2026-01-22 00:14:33,33,19,19,0,,,,,,0,0,0,0,1,,
2026-01-22 00:44:39,33,19,19,0,fit: 3,fit: 3,,,,0,0,0,0,1,,
2026-01-22 07:53:12,33,19,19,0,"fit: 3, efit: 1","fit: 3, efit: 1",,,,0,0,0,0,1,,
2026-01-22 08:36:02,33,19,19,0,"fit: 4, efit: 1","fit: 4, efit: 1",,,,0,0,0,0,1,,
2026-01-22 08:51:04,33,19,19,0,fit: 3,fit: 3,,,,0,0,0,0,1,,
2026-01-22 09:23:34,33,19,19,0,fit: 5,fit: 5,,,,0,0,0,0,1,,
2026-01-22 09:28:36,33,19,19,0,"fit: 5, efit: 1","fit: 5, efit: 1",,,,0,0,0,0,1,,
2026-01-22 09:31:11,33,19,19,0,"fit: 6, efit: 1","fit: 6, efit: 1",,,,0,0,0,0,1,,
2026-01-22 09:41:13,33,19,19,0,"fit: 6, efit: 2","fit: 6, efit: 2",,,,0,0,0,0,1,,
2026-01-22 10:03:44,33,19,19,0,"fit: 6, efit: 3","fit: 6, efit: 3",,,,0,0,0,0,1,,
2026-01-22 10:51:25,33,19,19,0,"fit: 7, efit: 2","fit: 7, efit: 2",,,,0,0,0,0,1,,
2026-01-22 10:56:26,33,19,19,0,"fit: 8, efit: 3","fit: 8, efit: 3",,,,0,0,0,0,1,,
2026-01-22 11:01:27,33,19,19,0,"fit: 8, efit: 4","fit: 8, efit: 4",,,,0,0,0,0,1,,
2026-01-22 11:44:10,33,19,19,0,"fit: 8, efit: 3","fit: 8, efit: 3",,,,0,0,0,0,1,,
2026-01-22 12:16:41,33,19,19,0,"fit: 8, efit: 2","fit: 8, efit: 2",,,,0,0,0,0,1,,
2026-01-22 12:19:18,33,19,19,0,"fit: 8, efit: 1","fit: 8, efit: 1",,,,0,0,0,0,1,,
2026-01-22 12:26:42,33,19,19,0,"fit: 8, efit: 2","fit: 8, efit: 2",,,,0,0,0,0,1,,
2026-01-22 12:34:22,33,19,19,0,"fit: 8, efit: 3","fit: 8, efit: 3",,,,0,0,0,0,1,,
2026-01-22 12:46:46,33,19,19,0,"fit: 8, efit: 4","fit: 8, efit: 4",,,,0,0,0,0,1,,
2026-01-22 13:09:30,33,19,19,0,"fit: 8, efit: 5","fit: 8, efit: 5",,,,0,0,0,0,1,,
2026-01-22 13:56:58,33,19,19,0,"fit: 8, efit: 4","fit: 8, efit: 4",,,,0,0,0,0,1,,
2026-01-22 13:59:43,33,19,19,0,"fit: 8, efit: 3","fit: 8, efit: 3",,,,0,0,0,0,1,,
2026-01-22 14:09:45,33,19,19,0,"fit: 8, efit: 4","fit: 8, efit: 4",,,,0,0,0,0,1,,
2026-01-22 14:24:49,33,19,19,0,"fit: 8, efit: 6","fit: 8, efit: 6",,,,0,0,0,0,1,,
2026-01-22 14:29:50,33,19,19,0,"fit: 8, efit: 7","fit: 8, efit: 7",,,,0,0,0,0,1,,
2026-01-22 14:52:07,33,19,19,0,"fit: 8, efit: 6","fit: 8, efit: 6",,,,0,0,0,0,1,,
2026-01-22 14:57:08,33,19,19,0,"fit: 8, efit: 5","fit: 8, efit: 5",,,,0,0,0,0,1,,
2026-01-22 15:12:39,33,19,19,0,"fit: 8, efit: 4","fit: 8, efit: 4",,,,0,0,0,0,1,,
2026-01-22 15:15:02,33,19,19,0,"fit: 8, efit: 5","fit: 8, efit: 5",,,,0,0,0,0,1,,
2026-01-22 15:17:12,33,19,19,0,"fit: 9, efit: 5","fit: 9, efit: 5",,,,0,0,0,0,1,,
2026-01-22 15:17:40,33,19,19,0,"fit: 9, efit: 4","fit: 9, efit: 4",,,,0,0,0,0,1,,
2026-01-22 15:30:06,33,19,19,0,"fit: 9, efit: 3","fit: 9, efit: 3",,,,0,0,0,0,1,,
2026-01-22 15:52:17,33,19,19,0,"fit: 9, efit: 2","fit: 9, efit: 2",,,,0,0,0,0,1,,
2026-01-22 15:55:12,33,19,19,0,"fit: 9, efit: 1","fit: 9, efit: 1",,,,0,0,0,0,1,,
2026-01-22 15:57:18,33,19,19,0,fit: 9,fit: 9,,,,0,0,0,0,1,,
2026-01-22 16:27:24,33,19,19,0,"fit: 9, efit: 1","fit: 9, efit: 1",,,,0,0,0,0,1,,
2026-01-22 16:47:27,33,19,19,0,fit: 9,fit: 9,,,,0,0,0,0,1,,
2026-01-22 17:07:31,33,19,19,0,fit: 8,fit: 8,,,,0,0,0,0,1,,
2026-01-22 17:22:33,33,19,19,0,fit: 7,fit: 7,,,,0,0,0,0,1,,
2026-01-22 17:30:36,33,19,19,0,"fit: 7, efit: 1","fit: 7, efit: 1",,,,0,0,0,0,1,,
2026-01-22 17:32:35,33,19,19,0,"fit: 7, efit: 2","fit: 7, efit: 2",,,,0,0,0,0,1,,
2026-01-22 17:35:37,33,19,19,0,"fit: 7, efit: 3","fit: 7, efit: 3",,,,0,0,0,0,1,,
2026-01-22 17:40:39,33,19,19,0,"fit: 8, efit: 1","fit: 8, efit: 1",,,,0,0,0,0,1,,
2026-01-22 17:45:40,33,19,19,0,fit: 8,fit: 8,,,,0,0,0,0,1,,
2026-01-22 18:05:45,33,19,19,0,fit: 7,fit: 7,,,,0,0,0,0,1,,
2026-01-22 19:11:02,33,19,19,0,"fit: 7, efit: 1","fit: 7, efit: 1",,,,0,0,0,0,1,,
2026-01-22 19:12:53,33,19,19,0,fit: 7,fit: 7,,,,0,0,0,0,1,,
2026-01-22 19:21:05,33,19,19,0,fit: 6,fit: 6,,,,0,0,0,0,1,,
2026-01-22 19:47:59,33,19,19,0,fit: 5,fit: 5,,,,0,0,0,0,1,,
2026-01-22 19:51:12,33,19,19,0,fit: 4,fit: 4,,,,0,0,0,0,1,,
2026-01-22 19:58:01,33,19,19,0,fit: 3,fit: 3,,,,0,0,0,0,1,,
2026-01-22 20:28:28,33,19,19,0,fit: 2,fit: 2,,,,0,0,0,0,1,,
2026-01-22 21:31:37,33,19,19,0,"fit: 2, efit: 1","fit: 2, efit: 1",,,,0,0,0,0,1,,
2026-01-22 22:06:46,33,19,19,0,fit: 2,fit: 2,,,,0,0,0,0,1,,
2026-01-23 00:02:16,33,19,19,0,fit: 2,fit: 2,,,,0,0,0,0,1,,
2026-01-23 08:29:25,33,19,19,0,fit: 1,fit: 1,,,,0,0,0,0,1,,
2026-01-23 08:44:29,33,19,19,0,"fit: 1, efit: 1","fit: 1, efit: 1",,,,0,0,0,0,1,,
2026-01-23 08:54:32,33,19,19,0,"fit: 1, efit: 2","fit: 1, efit: 2",,,,0,0,0,0,1,,
2026-01-23 09:04:34,33,19,19,0,"fit: 2, efit: 2","fit: 2, efit: 2",,,,0,0,0,0,1,,
2026-01-23 09:55:26,33,19,19,0,"fit: 2, efit: 3","fit: 2, efit: 3",,,,0,0,0,0,1,,
2026-01-23 09:59:49,33,19,19,0,"fit: 2, efit: 4","fit: 2, efit: 4",,,,0,0,0,0,1,,
2026-01-23 10:50:02,33,19,19,0,"fit: 3, efit: 4","fit: 3, efit: 4",,,,0,0,0,0,1,,
2026-01-23 10:55:03,33,19,19,0,"fit: 4, efit: 4","fit: 4, efit: 4",,,,0,0,0,0,1,,
2026-01-23 11:00:05,33,19,19,0,"fit: 4, efit: 5","fit: 4, efit: 5",,,,0,0,0,0,1,,
2026-01-23 11:05:38,33,19,19,0,"fit: 4, efit: 4","fit: 4, efit: 4",,,,0,0,0,0,1,,
2026-01-23 11:15:08,33,19,19,0,"fit: 4, efit: 5","fit: 4, efit: 5",,,,0,0,0,0,1,,
2026-01-23 11:50:17,33,19,19,0,"fit: 4, efit: 4","fit: 4, efit: 4",,,,0,0,0,0,1,,
2026-01-23 11:55:19,33,19,19,0,"fit: 4, efit: 3","fit: 4, efit: 3",,,,0,0,0,0,1,,
2026-01-23 12:05:21,33,19,19,0,"fit: 4, efit: 4","fit: 4, efit: 4",,,,0,0,0,0,1,,
2026-01-23 12:10:49,33,19,19,0,"fit: 4, efit: 3","fit: 4, efit: 3",,,,0,0,0,0,1,,
2026-01-23 12:55:34,33,19,19,0,"fit: 4, efit: 1","fit: 4, efit: 1",,,,0,0,0,0,1,,
2026-01-23 13:25:41,33,19,19,0,"fit: 3, efit: 1","fit: 3, efit: 1",,,,0,0,0,0,1,,
2026-01-23 13:26:02,33,19,19,0,"fit: 4, efit: 1","fit: 4, efit: 1",,,,0,0,0,0,1,,
2026-01-23 13:30:43,33,19,19,0,"fit: 3, efit: 1","fit: 3, efit: 1",,,,0,0,0,0,1,,
2026-01-23 13:45:47,33,19,19,0,"fit: 3, efit: 2","fit: 3, efit: 2",,,,0,0,0,0,1,,
2026-01-23 13:50:48,33,19,19,0,"fit: 3, efit: 3","fit: 3, efit: 3",,,,0,0,0,0,1,,
2026-01-23 13:55:49,33,19,19,0,"fit: 4, efit: 4","fit: 4, efit: 4",,,,0,0,0,0,1,,
2026-01-23 14:06:07,33,19,19,0,"fit: 4, efit: 6","fit: 4, efit: 6",,,,0,0,0,0,1,,
2026-01-23 14:10:53,33,19,19,0,"fit: 4, efit: 5","fit: 4, efit: 5",,,,0,0,0,0,1,,
2026-01-23 14:41:01,33,19,19,0,"fit: 4, efit: 6","fit: 4, efit: 6",,,,0,0,0,0,1,,
2026-01-23 14:51:03,33,19,19,0,"fit: 4, efit: 5","fit: 4, efit: 4",,,,0,0,0,0,1,,
2026-01-23 14:56:04,33,19,19,0,"fit: 4, efit: 4","fit: 4, efit: 3",,,,0,0,0,0,1,,
2026-01-23 15:06:07,33,19,19,0,"fit: 4, efit: 1",fit: 4,,,,0,0,0,0,1,,
2026-01-23 15:46:16,33,19,19,0,"fit: 4, efit: 2","fit: 4, efit: 1",,,,0,0,0,0,1,,
2026-01-23 15:56:17,33,19,19,0,"fit: 4, efit: 1",fit: 4,,,,0,0,0,0,1,,
2026-01-23 16:46:25,33,19,19,0,"fit: 4, efit: 2","fit: 4, efit: 1",,,,0,0,0,0,1,,
2026-01-23 16:56:26,33,19,19,0,"fit: 4, efit: 1",fit: 4,,,,0,0,0,0,1,,
2026-01-23 17:21:30,33,19,19,0,"fit: 4, efit: 2","fit: 4, efit: 1",,,,0,0,0,0,1,,
2026-01-23 18:11:38,33,19,19,0,"fit: 4, efit: 1",fit: 4,,,,0,0,0,0,1,,
2026-01-23 19:06:46,33,19,19,0,"fit: 3, efit: 1",fit: 3,,,,0,0,0,0,1,,
2026-01-23 23:32:28,33,19,19,0,"fit: 3, efit: 1","fit: 3, efit: 1",,,,0,0,0,0,1,,
2026-01-23 23:37:28,33,19,19,0,"fit: 3, efit: 1",fit: 3,,,,0,0,0,0,1,,
2026-01-24 00:02:32,33,19,19,0,"fit: 3, efit: 1",fit: 3,,,,0,0,0,0,1,,
2026-01-24 00:22:35,33,19,19,0,"fit: 3, efit: 1","fit: 3, efit: 1",,,,0,0,0,0,1,,
2026-01-24 00:32:37,33,19,19,0,"fit: 3, efit: 1",fit: 3,efit: 1,,,0,0,0,0,1,,
2026-01-24 00:33:24,33,19,19,0,"fit: 3, efit: 1","fit: 3, efit: 1",,,,0,0,0,0,1,,
2026-01-24 00:42:38,33,19,19,0,"fit: 3, efit: 1",fit: 3,efit: 1,,,0,0,0,0,1,,
2026-01-24 01:27:45,33,19,19,0,"fit: 3, efit: 1","fit: 3, efit: 1",,,,0,0,0,0,1,,
2026-01-24 02:28:06,33,19,19,0,"fit: 3, efit: 1",fit: 3,efit: 1,,,0,0,0,0,1,,
2026-01-24 02:32:55,33,19,19,0,"fit: 3, efit: 1","fit: 3, efit: 1",,,,0,0,0,0,1,,
2026-01-24 03:09:02,33,19,19,0,"fit: 3, efit: 1",fit: 3,efit: 1,,,0,0,0,0,1,,
2026-01-24 03:34:08,33,19,19,0,"fit: 3, efit: 1","fit: 3, efit: 1",,,,0,0,0,0,1,,
2026-01-24 04:14:18,33,19,19,0,"fit: 3, efit: 1",fit: 3,efit: 1,,,0,0,0,0,1,,
2026-01-24 04:38:14,33,19,19,0,"fit: 3, efit: 1","fit: 3, efit: 1",,,,0,0,0,0,1,,
2026-01-24 05:33:22,33,19,19,0,"fit: 3, efit: 1",fit: 3,efit: 1,,,0,0,0,0,1,,
2026-01-24 05:43:24,33,19,19,0,"fit: 3, efit: 1","fit: 3, efit: 1",,,,0,0,0,0,1,,
2026-01-24 06:03:27,33,19,19,0,"fit: 3, efit: 1",fit: 3,efit: 1,,,0,0,0,0,1,,
2026-01-24 06:43:33,33,19,19,0,"fit: 3, efit: 1","fit: 3, efit: 1",,,,0,0,0,0,1,,
2026-01-24 07:43:42,33,19,19,0,"fit: 3, efit: 1",fit: 3,efit: 1,,,0,0,0,0,1,,
2026-01-24 07:48:43,33,19,19,0,"fit: 3, efit: 1","fit: 3, efit: 1",,,,0,0,0,0,1,,
2026-01-24 07:50:11,33,19,19,0,"fit: 3, efit: 1",fit: 3,efit: 1,,,0,0,0,0,1,,
2026-01-24 07:53:44,33,19,19,0,"fit: 3, efit: 1","fit: 3, efit: 1",,,,0,0,0,0,1,,
2026-01-24 07:55:13,33,19,19,0,"fit: 3, efit: 1",fit: 3,efit: 1,,,0,0,0,0,1,,
2026-01-24 07:58:44,33,19,19,0,"fit: 3, efit: 1","fit: 3, efit: 1",,,,0,0,0,0,1,,
2026-01-24 08:28:49,33,19,19,0,"fit: 3, efit: 1",fit: 3,efit: 1,,,0,0,0,0,1,,
2026-01-24 08:50:26,33,19,19,0,"fit: 3, efit: 1","fit: 3, efit: 1",,,,0,0,0,0,1,,
2026-01-24 08:58:53,33,19,19,0,fit: 3,fit: 3,,,,0,0,0,0,1,,
2026-01-24 10:19:25,33,19,19,0,"fit: 3, efit: 1","fit: 3, efit: 1",,,,0,0,0,0,1,,
2026-01-24 10:20:49,33,19,19,0,"fit: 3, efit: 2","fit: 3, efit: 2",,,,0,0,0,0,1,,
2026-01-24 11:46:10,33,19,19,0,"fit: 3, efit: 3","fit: 3, efit: 3",,,,0,0,0,0,1,,
2026-01-24 14:06:45,33,19,19,0,"fit: 4, efit: 2","fit: 4, efit: 2",,,,0,0,0,0,1,,
2026-01-24 14:16:47,33,19,19,0,"fit: 4, efit: 1","fit: 4, efit: 1",,,,0,0,0,0,1,,
2026-01-24 14:19:43,33,19,19,0,"fit: 4, efit: 2","fit: 4, efit: 2",,,,0,0,0,0,1,,
2026-01-24 14:39:46,33,19,19,0,"fit: 4, efit: 3","fit: 4, efit: 3",,,,0,0,0,0,1,,
2026-01-24 15:27:05,33,19,19,0,"fit: 4, efit: 2","fit: 4, efit: 2",,,,0,0,0,0,1,,
2026-01-24 16:22:19,33,19,19,0,"fit: 4, efit: 1","fit: 4, efit: 1",,,,0,0,0,0,1,,
2026-01-24 16:30:04,33,19,19,0,fit: 4,fit: 4,,,,0,0,0,0,1,,
2026-01-24 17:12:31,33,19,19,0,"fit: 4, efit: 1","fit: 4, efit: 1",,,,0,0,0,0,1,,
2026-01-24 17:40:15,33,19,19,0,"fit: 4, efit: 2","fit: 4, efit: 2",,,,0,0,0,0,1,,
2026-01-24 18:12:46,33,19,19,0,"fit: 4, efit: 2","fit: 4, efit: 1",,,,0,0,0,0,1,,
2026-01-24 18:25:49,33,19,19,0,"fit: 4, efit: 1",fit: 4,,,,0,0,0,0,1,,
2026-01-24 19:02:58,33,19,19,0,"fit: 4, efit: 2","fit: 4, efit: 1",,,,0,0,0,0,1,,
2026-01-24 19:48:10,33,19,19,0,"fit: 4, efit: 1",fit: 4,,,,0,0,0,0,1,,
2026-01-25 00:01:13,33,19,19,0,"fit: 4, efit: 1",fit: 4,,,,0,0,0,0,1,,
2026-01-25 14:02:43,33,19,19,0,"fit: 3, efit: 1",fit: 3,,,,0,0,0,0,1,,
2026-01-25 15:33:05,33,19,19,0,"fit: 2, efit: 1",fit: 2,,,,0,0,0,0,1,,
2026-01-25 15:38:07,33,19,19,0,"fit: 3, efit: 1",fit: 3,,,,0,0,0,0,1,,
2026-01-25 17:03:28,33,19,19,0,"fit: 2, efit: 1",fit: 2,,,,0,0,0,0,1,,
2026-01-25 17:04:40,33,19,19,0,"fit: 3, efit: 1",fit: 3,,,,0,0,0,0,1,,
2026-01-25 18:43:53,33,19,19,0,"fit: 3, efit: 1",fit: 3,efit: 1,,,0,0,0,0,1,,
2026-01-25 19:29:05,33,19,19,0,"fit: 3, efit: 1",fit: 3,,,,0,0,0,0,1,,
2026-01-25 19:35:07,33,19,19,0,"fit: 3, efit: 1",fit: 3,efit: 1,,,0,0,0,0,1,,
2026-01-25 20:35:18,33,19,19,0,"fit: 3, efit: 1",fit: 3,,,,0,0,0,0,1,,
2026-01-25 20:39:19,33,19,19,0,"fit: 3, efit: 1",fit: 3,efit: 1,,,0,0,0,0,1,,
2026-01-25 20:40:19,33,19,19,0,"fit: 3, efit: 1",fit: 3,,,,0,0,0,0,1,,
2026-01-25 20:49:20,33,19,19,0,"fit: 3, efit: 1",fit: 3,efit: 1,,,0,0,0,0,1,,
2026-01-25 20:50:21,33,19,19,0,"fit: 3, efit: 1",fit: 3,,,,0,0,0,0,1,,
2026-01-25 20:54:21,33,19,19,0,"fit: 3, efit: 1",fit: 3,efit: 1,,,0,0,0,0,1,,
2026-01-25 21:04:22,33,19,19,0,"fit: 2, efit: 1",fit: 2,efit: 1,,,0,0,0,0,1,,
2026-01-25 21:14:24,33,19,19,0,"fit: 3, efit: 1",fit: 3,efit: 1,,,0,0,0,0,1,,
2026-01-25 21:39:28,33,19,19,0,"fit: 3, efit: 1",fit: 3,,,,0,0,0,0,1,,
2026-01-25 21:55:32,33,19,19,0,"fit: 3, efit: 1",fit: 3,efit: 1,,,0,0,0,0,1,,
2026-01-25 23:50:52,33,19,19,0,"fit: 3, efit: 1",fit: 3,,,,0,0,0,0,1,,
2026-01-25 23:54:48,33,19,19,0,"fit: 3, efit: 1",fit: 3,efit: 1,,,0,0,0,0,1,,
2026-01-25 23:55:53,33,19,19,0,"fit: 3, efit: 1",fit: 3,,,,0,0,0,0,1,,
2026-01-25 23:59:49,33,19,19,0,"fit: 3, efit: 1",fit: 3,efit: 1,,,0,0,0,0,1,,
2026-01-26 00:00:10,33,19,19,0,"fit: 3, efit: 1",fit: 3,,,,0,0,0,0,1,,
2026-01-26 00:09:51,33,19,19,0,"fit: 3, efit: 1",fit: 3,efit: 1,,,0,0,0,0,1,,
2026-01-26 00:54:58,33,19,19,0,"fit: 3, efit: 1",fit: 3,,,,0,0,0,0,1,,
2026-01-26 00:56:03,33,19,19,0,"fit: 3, efit: 1",fit: 3,efit: 1,,,0,0,0,0,1,,
2026-01-26 00:59:59,33,19,19,0,"fit: 3, efit: 1",fit: 3,,,,0,0,0,0,1,,
2026-01-26 01:00:25,33,19,19,0,"fit: 3, efit: 1",fit: 3,efit: 1,,,0,0,0,0,1,,
2026-01-26 01:04:59,33,19,19,0,"fit: 3, efit: 1",fit: 3,,,,0,0,0,0,1,,
2026-01-26 01:05:26,33,19,19,0,"fit: 3, efit: 1",fit: 3,efit: 1,,,0,0,0,0,1,,
2026-01-26 03:06:25,33,19,19,0,"fit: 3, efit: 1",fit: 3,,,,0,0,0,0,1,,
2026-01-26 03:10:21,33,19,19,0,"fit: 3, efit: 1",fit: 3,efit: 1,,,0,0,0,0,1,,
2026-01-26 03:11:26,33,19,19,0,"fit: 3, efit: 1",fit: 3,,,,0,0,0,0,1,,
2026-01-26 03:15:22,33,19,19,0,"fit: 3, efit: 1",fit: 3,efit: 1,,,0,0,0,0,1,,
2026-01-26 03:15:58,33,19,19,0,"fit: 3, efit: 1",fit: 3,,,,0,0,0,0,1,,
2026-01-26 03:25:23,33,19,19,0,"fit: 3, efit: 1",fit: 3,efit: 1,,,0,0,0,0,1,,
2026-01-26 03:26:01,33,19,19,0,"fit: 3, efit: 1",fit: 3,,,,0,0,0,0,1,,
2026-01-26 03:30:24,33,19,19,0,"fit: 3, efit: 1",fit: 3,efit: 1,,,0,0,0,0,1,,
2026-01-26 04:15:31,33,19,19,0,"fit: 3, efit: 1",fit: 3,,,,0,0,0,0,1,,
2026-01-26 04:16:37,33,19,19,0,"fit: 3, efit: 1",fit: 3,efit: 1,,,0,0,0,0,1,,
2026-01-26 04:20:32,33,19,19,0,"fit: 3, efit: 1",fit: 3,,,,0,0,0,0,1,,
2026-01-26 04:21:15,33,19,19,0,"fit: 3, efit: 1",fit: 3,efit: 1,,,0,0,0,0,1,,
2026-01-26 04:25:32,33,19,19,0,"fit: 3, efit: 1",fit: 3,,,,0,0,0,0,1,,
2026-01-26 04:26:16,33,19,19,0,"fit: 3, efit: 1",fit: 3,efit: 1,,,0,0,0,0,1,,
2026-01-26 04:30:33,33,19,19,0,"fit: 3, efit: 1",fit: 3,,,,0,0,0,0,1,,
2026-01-26 04:31:18,33,19,19,0,"fit: 3, efit: 1",fit: 3,efit: 1,,,0,0,0,0,1,,
2026-01-26 06:26:46,33,19,19,0,"fit: 3, efit: 1",fit: 3,,,,0,0,0,0,1,,
2026-01-26 06:30:52,33,19,19,0,"fit: 3, efit: 1",fit: 3,efit: 1,,,0,0,0,0,1,,
2026-01-26 06:31:48,33,19,19,0,"fit: 3, efit: 1",fit: 3,,,,0,0,0,0,1,,
2026-01-26 06:35:53,33,19,19,0,"fit: 3, efit: 1",fit: 3,efit: 1,,,0,0,0,0,1,,
2026-01-26 06:36:49,33,19,19,0,"fit: 3, efit: 1",fit: 3,,,,0,0,0,0,1,,
2026-01-26 06:45:55,33,19,19,0,"fit: 3, efit: 1",fit: 3,efit: 1,,,0,0,0,0,1,,
2026-01-26 07:31:02,33,19,19,0,"fit: 3, efit: 1",fit: 3,,,,0,0,0,0,1,,
2026-01-26 07:47:06,33,19,19,0,"fit: 3, efit: 1",fit: 3,efit: 1,,,0,0,0,0,1,,
2026-01-26 09:42:29,33,19,19,0,"fit: 3, efit: 1",fit: 3,,,,0,0,0,0,1,,
2026-01-26 09:46:24,33,19,19,0,"fit: 3, efit: 1",fit: 3,efit: 1,,,0,0,0,0,1,,
2026-01-26 09:47:30,33,19,19,0,"fit: 3, efit: 1",fit: 3,,,,0,0,0,0,1,,
2026-01-26 09:51:25,33,19,19,0,"fit: 3, efit: 1",fit: 3,efit: 1,,,0,0,0,0,1,,
2026-01-26 09:52:31,33,19,19,0,"fit: 3, efit: 1",fit: 3,,,,0,0,0,0,1,,
2026-01-26 10:01:26,33,19,19,0,"fit: 3, efit: 1",fit: 3,efit: 1,,,0,0,0,0,1,,
2026-01-26 10:46:33,33,19,19,0,"fit: 3, efit: 1",fit: 3,,,,0,0,0,0,1,,
2026-01-26 10:47:40,33,19,19,0,"fit: 3, efit: 1",fit: 3,efit: 1,,,0,0,0,0,1,,
2026-01-26 10:51:34,33,19,19,0,"fit: 3, efit: 1",fit: 3,,,,0,0,0,0,1,,
2026-01-26 10:52:41,33,19,19,0,"fit: 3, efit: 1",fit: 3,efit: 1,,,0,0,0,0,1,,
2026-01-26 10:56:34,33,19,19,0,"fit: 3, efit: 1",fit: 3,,,,0,0,0,0,1,,
2026-01-26 10:57:42,33,19,19,0,"fit: 3, efit: 1",fit: 3,efit: 1,,,0,0,0,0,1,,
2026-01-26 11:01:35,33,19,19,0,"fit: 3, efit: 1",fit: 3,,,,0,0,0,0,1,,
2026-01-26 11:02:43,33,19,19,0,"fit: 3, efit: 1",fit: 3,efit: 1,,,0,0,0,0,1,,
2026-01-26 11:06:36,33,19,19,0,"fit: 3, efit: 1",fit: 3,,,,0,0,0,0,1,,
2026-01-26 11:07:44,33,19,19,0,"fit: 3, efit: 1",fit: 3,efit: 1,,,0,0,0,0,1,,
2026-01-26 11:56:43,33,19,19,0,"fit: 3, efit: 1",fit: 3,,,,0,0,0,0,1,,
2026-01-26 19:55:03,33,19,19,0,"fit: 1, efit: 1",fit: 1,,,,0,0,0,0,1,,
2026-01-26 19:58:01,33,19,19,0,"fit: 2, efit: 1",fit: 2,,,,0,0,0,0,1,,
2026-01-26 20:00:04,33,19,19,0,"fit: 3, efit: 1",fit: 3,,,,0,0,0,0,1,,
2026-01-27 00:01:04,33,19,19,0,"fit: 3, efit: 1",fit: 3,,,,0,0,0,0,1,,
2026-01-28 00:02:05,33,19,19,0,"fit: 3, efit: 1",fit: 3,,,,0,0,0,0,1,,
2026-01-28 10:04:05,33,19,19,0,"fit: 4, efit: 1",fit: 4,,,,0,0,0,0,1,,
2026-01-28 12:04:25,33,19,19,0,"fit: 5, efit: 1",fit: 5,,,,0,0,0,0,1,,
2026-01-28 15:14:56,33,19,19,0,"fit: 6, efit: 1",fit: 6,,,,0,0,0,0,1,,
2026-01-29 00:01:21,33,19,19,0,"fit: 6, efit: 1",fit: 6,,,,0,0,0,0,1,,
2026-01-29 10:33:03,33,19,19,0,"fit: 7, efit: 1",fit: 7,,,,0,0,0,0,1,,
2026-01-29 11:40:52,33,19,19,0,"fit: 8, efit: 1",fit: 8,,,,0,0,0,0,1,,
2026-01-29 12:15:19,33,19,19,0,"fit: 9, efit: 1",fit: 9,,,,0,0,0,0,1,,
2026-01-29 14:18:40,33,19,19,0,"fit: 8, efit: 1",fit: 8,,,,0,0,0,0,1,,
2026-01-29 14:50:46,33,19,19,0,"fit: 7, efit: 1",fit: 7,,,,0,0,0,0,1,,
2026-01-29 18:07:29,33,19,19,0,"fit: 8, efit: 1",fit: 8,,,,0,0,0,0,1,,
2026-01-30 00:00:15,33,19,19,0,"fit: 8, efit: 1",fit: 8,,,,0,0,0,0,1,,
2026-01-30 02:57:51,33,19,19,0,"fit: 8, efit: 1",fit: 8,efit: 1,,,0,0,0,0,1,,
2026-01-30 08:41:04,33,19,19,0,"fit: 9, efit: 1",fit: 9,efit: 1,,,0,0,0,0,1,,
2026-01-30 09:56:23,33,19,19,0,"fit: 10, efit: 1",fit: 10,efit: 1,,,0,0,0,0,1,,
2026-01-30 13:17:13,33,19,19,0,"fit: 11, efit: 1",fit: 11,efit: 1,,,0,0,0,0,1,,
2026-01-30 15:09:54,33,19,19,0,"fit: 10, efit: 1",fit: 10,efit: 1,,,0,0,0,0,1,,
2026-01-30 17:07:59,33,19,19,0,"fit: 11, efit: 1",fit: 11,efit: 1,,,0,0,0,0,1,,
2026-01-30 19:10:37,33,19,19,0,"fit: 10, efit: 1",fit: 10,efit: 1,,,0,0,0,0,1,,
2026-01-30 21:48:44,33,19,19,0,"fit: 9, efit: 1",fit: 9,efit: 1,,,0,0,0,0,1,,
2026-01-31 00:01:27,33,19,19,0,"fit: 9, efit: 1",fit: 9,efit: 1,,,0,0,0,0,1,,
2026-01-31 09:42:17,33,19,19,0,"fit: 10, efit: 1",fit: 10,efit: 1,,,0,0,0,0,1,,
2026-01-31 11:52:50,33,19,19,0,"fit: 9, efit: 1",fit: 9,efit: 1,,,0,0,0,0,1,,
2026-01-31 15:16:32,33,19,19,0,"fit: 8, efit: 1",fit: 8,efit: 1,,,0,0,0,0,1,,
2026-01-31 15:38:48,33,19,19,0,"fit: 9, efit: 1",fit: 9,efit: 1,,,0,0,0,0,1,,
2026-01-31 16:29:00,33,19,19,0,"fit: 8, efit: 1",fit: 8,efit: 1,,,0,0,0,0,1,,
2026-01-31 16:49:05,33,19,19,0,"fit: 9, efit: 1",fit: 9,efit: 1,,,0,0,0,0,1,,
2026-01-31 17:14:11,33,19,19,0,"fit: 8, efit: 1",fit: 8,efit: 1,,,0,0,0,0,1,,
2026-02-01 00:00:33,33,19,19,0,"fit: 8, efit: 1",fit: 8,efit: 1,,,0,0,0,0,1,,
2026-02-01 01:58:16,33,19,19,0,"fit: 9, efit: 1",fit: 9,efit: 1,,,0,0,0,0,1,,
2026-02-01 11:49:50,33,19,19,0,"fit: 9, efit: 2","fit: 9, efit: 1",efit: 1,,,0,0,0,0,1,,
2026-02-01 14:12:59,33,19,19,0,"fit: 10, efit: 2","fit: 10, efit: 1",efit: 1,,,0,0,0,0,1,,
2026-02-01 14:29:26,33,19,19,0,"fit: 9, efit: 2","fit: 9, efit: 1",efit: 1,,,0,0,0,0,1,,
2026-02-01 14:30:17,33,19,19,0,"fit: 10, efit: 2","fit: 10, efit: 1",efit: 1,,,0,0,0,0,1,,
2026-02-01 14:33:03,33,19,19,0,"fit: 10, efit: 1",fit: 10,efit: 1,,,0,0,0,0,1,,
2026-02-01 14:48:06,33,19,19,0,"fit: 10, efit: 2","fit: 10, efit: 1",efit: 1,,,0,0,0,0,1,,
2026-02-01 15:18:11,33,19,19,0,"fit: 10, efit: 3","fit: 10, efit: 2",efit: 1,,,0,0,0,0,1,,
2026-02-01 15:38:14,33,19,19,0,"fit: 10, efit: 2","fit: 10, efit: 1",efit: 1,,,0,0,0,0,1,,
2026-02-01 16:04:49,33,19,19,0,"fit: 10, efit: 1",fit: 10,efit: 1,,,0,0,0,0,1,,
2026-02-02 00:01:49,33,19,19,0,"fit: 10, efit: 1",fit: 10,efit: 1,,,0,0,0,0,1,,
2026-02-02 10:53:35,33,19,19,0,"fit: 10, efit: 2","fit: 10, efit: 1",efit: 1,,,0,0,0,0,1,,
2026-02-02 11:01:34,33,19,19,0,"fit: 11, efit: 2","fit: 11, efit: 1",efit: 1,,,0,0,0,0,1,,
2026-02-02 11:18:39,33,19,19,0,"fit: 12, efit: 2","fit: 12, efit: 1",efit: 1,,,0,0,0,0,1,,
2026-02-02 12:03:47,33,19,19,0,"fit: 12, efit: 3","fit: 12, efit: 2",efit: 1,,,0,0,0,0,1,,
2026-02-02 12:53:55,33,19,19,0,"fit: 12, efit: 2","fit: 12, efit: 1",efit: 1,,,0,0,0,0,1,,
2026-02-02 13:18:59,33,19,19,0,"fit: 12, efit: 3","fit: 12, efit: 2",efit: 1,,,0,0,0,0,1,,
2026-02-02 13:49:04,33,19,19,0,"fit: 12, efit: 2","fit: 12, efit: 1",efit: 1,,,0,0,0,0,1,,
2026-02-02 15:00:34,33,19,19,0,"fit: 12, efit: 1",fit: 12,efit: 1,,,0,0,0,0,1,,
2026-02-02 15:14:19,33,19,19,0,"fit: 12, efit: 2","fit: 12, efit: 1",efit: 1,,,0,0,0,0,1,,
2026-02-02 15:45:45,33,19,19,0,"fit: 12, efit: 3","fit: 12, efit: 2",efit: 1,,,0,0,0,0,1,,
2026-02-02 16:19:29,33,19,19,0,"fit: 12, efit: 2","fit: 12, efit: 1",efit: 1,,,0,0,0,0,1,,
2026-02-02 17:07:39,33,19,19,0,"fit: 12, efit: 1",fit: 12,efit: 1,,,0,0,0,0,1,,
2026-02-02 17:34:42,33,19,19,0,"fit: 11, efit: 1",fit: 11,efit: 1,,,0,0,0,0,1,,
2026-02-02 19:25:00,33,19,19,0,"fit: 11, efit: 2","fit: 11, efit: 1",efit: 1,,,0,0,0,0,1,,
2026-02-02 19:28:04,33,19,19,0,"fit: 11, efit: 1",fit: 11,efit: 1,,,0,0,0,0,1,,
2026-02-02 20:43:17,33,19,19,0,"fit: 11, efit: 2","fit: 11, efit: 1",efit: 1,,,0,0,0,0,1,,
2026-02-02 20:50:14,33,19,19,0,"fit: 11, efit: 1",fit: 11,efit: 1,,,0,0,0,0,1,,
2026-02-03 00:00:45,33,19,19,0,"fit: 11, efit: 1",fit: 11,efit: 1,,,0,0,0,0,1,,
2026-02-03 01:03:07,33,19,19,0,"fit: 10, efit: 1",fit: 10,efit: 1,,,0,0,0,0,1,,
2026-02-03 07:54:48,33,19,19,0,"fit: 10, efit: 2","fit: 10, efit: 1",efit: 1,,,0,0,0,0,1,,
2026-02-03 08:55:04,33,19,19,0,"fit: 11, efit: 2","fit: 11, efit: 1",efit: 1,,,0,0,0,0,1,,
2026-02-03 09:00:05,33,19,19,0,"fit: 11, efit: 3","fit: 11, efit: 2",efit: 1,,,0,0,0,0,1,,
2026-02-03 09:35:14,33,19,19,0,"fit: 12, efit: 3","fit: 12, efit: 2",efit: 1,,,0,0,0,0,1,,
2026-02-03 09:52:20,33,19,19,0,"fit: 12, efit: 2","fit: 12, efit: 1",efit: 1,,,0,0,0,0,1,,
2026-02-03 10:10:24,33,19,19,0,"fit: 12, efit: 3","fit: 12, efit: 2",efit: 1,,,0,0,0,0,1,,
2026-02-03 10:52:30,33,19,19,0,"fit: 12, efit: 2","fit: 12, efit: 1",efit: 1,,,0,0,0,0,1,,
2026-02-03 11:00:37,33,19,19,0,"fit: 12, efit: 3","fit: 12, efit: 2",efit: 1,,,0,0,0,0,1,,
2026-02-03 11:22:35,33,19,19,0,"fit: 13, efit: 3","fit: 13, efit: 2",efit: 1,,,0,0,0,0,1,,
2026-02-03 11:30:45,33,19,19,0,"fit: 13, efit: 2","fit: 13, efit: 1",efit: 1,,,0,0,0,0,1,,
2026-02-03 11:37:38,33,19,19,0,"fit: 13, efit: 3","fit: 13, efit: 2",efit: 1,,,0,0,0,0,1,,
2026-02-03 11:45:49,33,19,19,0,"fit: 13, efit: 2","fit: 13, efit: 1",efit: 1,,,0,0,0,0,1,,
2026-02-03 11:55:52,33,19,19,0,"fit: 13, efit: 3","fit: 13, efit: 2",efit: 1,,,0,0,0,0,1,,
2026-02-03 12:27:46,33,19,19,0,"fit: 13, efit: 4","fit: 13, efit: 3",efit: 1,,,0,0,0,0,1,,
2026-02-03 13:56:13,33,19,19,0,"fit: 13, efit: 2","fit: 13, efit: 1",efit: 1,,,0,0,0,0,1,,
2026-02-03 14:03:02,33,19,19,0,"fit: 13, efit: 1",fit: 13,efit: 1,,,0,0,0,0,1,,
2026-02-03 16:01:34,33,19,19,0,"fit: 11, efit: 1",fit: 11,efit: 1,,,0,0,0,0,1,,
2026-02-03 17:56:54,33,19,19,0,"fit: 10, efit: 1",fit: 10,efit: 1,,,0,0,0,0,1,,
2026-02-03 18:17:25,33,19,19,0,"fit: 10, efit: 2","fit: 10, efit: 1",efit: 1,,,0,0,0,0,1,,
2026-02-03 19:28:55,33,19,19,0,"fit: 10, efit: 1",fit: 10,efit: 1,,,0,0,0,0,1,,
2026-02-03 23:09:30,33,19,19,0,"fit: 9, efit: 1",fit: 9,efit: 1,,,0,0,0,0,1,,
2026-02-04 00:02:56,33,19,19,0,"fit: 9, efit: 1",fit: 9,efit: 1,,,0,0,0,0,1,,
2026-02-04 08:59:26,33,19,19,0,"fit: 9, efit: 2","fit: 9, efit: 1",efit: 1,,,0,0,0,0,1,,
2026-02-04 09:34:32,33,19,19,0,"fit: 10, efit: 2","fit: 10, efit: 1",efit: 1,,,0,0,0,0,1,,
2026-02-04 09:54:35,33,19,19,0,"fit: 10, efit: 3","fit: 10, efit: 2",efit: 1,,,0,0,0,0,1,,
2026-02-04 10:11:16,33,19,19,0,"fit: 10, efit: 4","fit: 10, efit: 3",efit: 1,,,0,0,0,0,1,,
2026-02-04 10:16:17,33,19,19,0,"fit: 10, efit: 3","fit: 10, efit: 2",efit: 1,,,0,0,0,0,1,,
2026-02-04 10:51:23,33,19,19,0,"fit: 10, efit: 2","fit: 10, efit: 1",efit: 1,,,0,0,0,0,1,,
2026-02-04 10:59:47,33,19,19,0,"fit: 10, efit: 4","fit: 10, efit: 3",efit: 1,,,0,0,0,0,1,,
2026-02-04 11:51:32,33,19,19,0,"fit: 10, efit: 5","fit: 10, efit: 4",efit: 1,,,0,0,0,0,1,,
2026-02-04 12:51:42,33,19,19,0,"fit: 10, efit: 4","fit: 10, efit: 3",efit: 1,,,0,0,0,0,1,,
2026-02-04 12:55:07,33,19,19,0,"fit: 10, efit: 3","fit: 10, efit: 2",efit: 1,,,0,0,0,0,1,,
2026-02-04 13:05:08,33,19,19,0,"fit: 10, efit: 4","fit: 10, efit: 3",efit: 1,,,0,0,0,0,1,,
2026-02-04 13:32:07,33,19,19,0,"fit: 10, efit: 5","fit: 10, efit: 4",efit: 1,,,0,0,0,0,1,,
2026-02-04 13:40:15,33,19,19,0,"fit: 6, efit: 4","fit: 6, efit: 3",efit: 1,,,0,0,0,0,1,,
2026-02-04 13:41:50,33,19,19,0,"fit: 4, efit: 4","fit: 4, efit: 3",efit: 1,,,0,0,0,0,1,,
2026-02-04 13:45:16,33,19,19,0,efit: 3,efit: 2,efit: 1,,,0,0,0,0,1,,
2026-02-04 13:47:11,33,19,19,0,efit: 2,efit: 2,,,,0,0,0,0,1,,
2026-02-04 13:50:17,33,19,19,0,efit: 3,efit: 3,,,,0,0,0,0,1,,
2026-02-04 13:55:17,33,19,19,0,efit: 1,efit: 1,,,,0,0,0,0,1,,
2026-02-04 14:21:57,33,19,19,0,,,,,,0,0,0,0,1,,
2026-02-04 15:00:29,33,19,19,0,efit: 1,efit: 1,,,,0,0,0,0,1,,
2026-02-04 15:10:31,33,19,19,0,"fit: 1, efit: 1","fit: 1, efit: 1",,,,0,0,0,0,1,,
2026-02-04 15:17:06,33,19,19,0,"fit: 1, efit: 2","fit: 1, efit: 2",,,,0,0,0,0,1,,
2026-02-04 15:40:36,33,19,19,0,"fit: 1, efit: 1","fit: 1, efit: 1",,,,0,0,0,0,1,,
2026-02-04 15:45:37,33,19,19,0,"fit: 1, efit: 2","fit: 1, efit: 2",,,,0,0,0,0,1,,
2026-02-04 15:55:39,33,19,19,0,"fit: 1, efit: 4","fit: 1, efit: 4",,,,0,0,0,0,1,,
2026-02-04 16:45:47,33,19,19,0,"fit: 1, efit: 3","fit: 1, efit: 3",,,,0,0,0,0,1,,
2026-02-04 16:55:49,33,19,19,0,"fit: 1, efit: 2","fit: 1, efit: 2",,,,0,0,0,0,1,,
2026-02-04 16:57:23,33,19,19,0,"fit: 1, efit: 1","fit: 1, efit: 1",,,,0,0,0,0,1,,
2026-02-04 17:05:50,33,19,19,0,fit: 1,fit: 1,,,,0,0,0,0,1,,
2026-02-04 19:51:19,33,19,19,0,"fit: 1, efit: 1","fit: 1, efit: 1",,,,0,0,0,0,1,,
2026-02-04 20:17:56,33,19,19,0,"fit: 1, efit: 2","fit: 1, efit: 2",,,,0,0,0,0,1,,
2026-02-04 20:22:57,33,19,19,0,"fit: 1, efit: 3","fit: 1, efit: 3",,,,0,0,0,0,1,,
2026-02-04 20:36:27,33,19,19,0,"fit: 1, efit: 2","fit: 1, efit: 2",,,,0,0,0,0,1,,
2026-02-04 21:21:35,33,19,19,0,"fit: 1, efit: 1","fit: 1, efit: 1",,,,0,0,0,0,1,,
2026-02-04 21:46:39,33,19,19,0,fit: 1,fit: 1,,,,0,0,0,0,1,,
2026-02-05 00:02:02,33,19,19,0,fit: 1,fit: 1,,,,0,0,0,0,1,,
2026-02-05 07:46:37,33,19,19,0,"fit: 1, efit: 1","fit: 1, efit: 1",,,,0,0,0,0,1,,
2026-02-05 08:18:28,33,19,19,0,"fit: 1, efit: 2","fit: 1, efit: 2",,,,0,0,0,0,1,,
2026-02-05 09:58:45,33,19,19,0,"fit: 2, efit: 2","fit: 2, efit: 2",,,,0,0,0,0,1,,
2026-02-05 10:07:12,33,19,19,0,"fit: 2, efit: 3","fit: 2, efit: 3",,,,0,0,0,0,1,,
2026-02-05 10:50:17,33,19,19,0,"fit: 2, efit: 4","fit: 2, efit: 4",,,,0,0,0,0,1,,
2026-02-05 10:52:24,33,19,19,0,"fit: 2, efit: 3","fit: 2, efit: 3",,,,0,0,0,0,1,,
2026-02-05 11:00:19,33,19,19,0,"fit: 4, efit: 3","fit: 4, efit: 3",,,,0,0,0,0,1,,
2026-02-05 11:05:20,33,19,19,0,"fit: 5, efit: 3","fit: 5, efit: 3",,,,0,0,0,0,1,,
2026-02-05 12:07:42,33,19,19,0,"fit: 5, efit: 5","fit: 5, efit: 5",,,,0,0,0,0,1,,
2026-02-05 12:20:32,33,19,19,0,"fit: 5, efit: 4","fit: 5, efit: 4",,,,0,0,0,0,1,,
2026-02-05 12:22:46,33,19,19,0,"fit: 5, efit: 3","fit: 5, efit: 3",,,,0,0,0,0,1,,
2026-02-05 12:27:47,33,19,19,0,"fit: 5, efit: 4","fit: 5, efit: 4",,,,0,0,0,0,1,,
2026-02-05 12:42:51,33,19,19,0,"fit: 6, efit: 4","fit: 6, efit: 4",,,,0,0,0,0,1,,
2026-02-05 12:59:17,33,19,19,0,"fit: 6, efit: 5","fit: 6, efit: 5",,,,0,0,0,0,1,,
2026-02-05 13:10:41,33,19,19,0,"fit: 6, efit: 4","fit: 6, efit: 4",,,,0,0,0,0,1,,
2026-02-05 13:12:58,33,19,19,0,"fit: 6, efit: 3","fit: 6, efit: 3",,,,0,0,0,0,1,,
2026-02-05 13:43:06,33,19,19,0,"fit: 6, efit: 2","fit: 6, efit: 2",,,,0,0,0,0,1,,
2026-02-05 13:49:26,33,19,19,0,"fit: 7, efit: 2","fit: 7, efit: 2",,,,0,0,0,0,1,,
2026-02-05 13:53:09,33,19,19,0,"fit: 7, efit: 3","fit: 7, efit: 3",,,,0,0,0,0,1,,
2026-02-05 14:08:13,33,19,19,0,"fit: 7, efit: 4","fit: 7, efit: 4",,,,0,0,0,0,1,,
2026-02-05 14:54:38,33,19,19,0,"fit: 7, efit: 5","fit: 7, efit: 5",,,,0,0,0,0,1,,
2026-02-05 15:51:08,33,19,19,0,"fit: 7, efit: 4","fit: 7, efit: 4",,,,0,0,0,0,1,,
2026-02-05 16:33:48,33,19,19,0,"fit: 7, efit: 3","fit: 7, efit: 3",,,,0,0,0,0,1,,
2026-02-05 17:49:08,33,19,19,0,"fit: 7, efit: 4","fit: 7, efit: 4",,,,0,0,0,0,1,,
2026-02-05 18:04:11,33,19,19,0,"fit: 7, efit: 3","fit: 7, efit: 3",,,,0,0,0,0,1,,
2026-02-05 18:19:15,33,19,19,0,"fit: 7, efit: 2","fit: 7, efit: 2",,,,0,0,0,0,1,,
2026-02-05 19:14:29,33,19,19,0,"fit: 7, efit: 1","fit: 7, efit: 1",,,,0,0,0,0,1,,
2026-02-05 19:44:36,33,19,19,0,fit: 7,fit: 7,,,,0,0,0,0,1,,
2026-02-05 20:34:49,33,19,19,0,"fit: 7, efit: 1",fit: 7,,,,0,0,0,0,1,,
2026-02-05 22:15:55,33,19,19,0,"fit: 6, efit: 1",fit: 6,,,,0,0,0,0,1,,
2026-02-05 22:45:21,33,19,19,0,"fit: 7, efit: 1",fit: 7,,,,0,0,0,0,1,,
2026-02-06 00:00:40,33,19,19,0,"fit: 7, efit: 1",fit: 7,,,,0,0,0,0,1,,
2026-02-06 08:59:00,33,19,19,0,"fit: 7, efit: 2","fit: 7, efit: 1",,,,0,0,0,0,1,,
2026-02-06 09:32:49,33,19,19,0,"fit: 7, efit: 3","fit: 7, efit: 2",,,,0,0,0,0,1,,
2026-02-06 09:37:50,33,19,19,0,"fit: 7, efit: 4","fit: 7, efit: 3",,,,0,0,0,0,1,,
2026-02-06 09:52:53,33,19,19,0,"fit: 6, efit: 3","fit: 6, efit: 3",,,,0,0,0,0,1,,
2026-02-06 09:53:05,33,19,19,0,"fit: 7, efit: 3","fit: 7, efit: 3",,,,0,0,0,0,1,,
2026-02-06 09:57:53,33,19,19,0,"fit: 8, efit: 3","fit: 8, efit: 3",,,,0,0,0,0,1,,
2026-02-06 09:59:10,33,19,19,0,"fit: 8, efit: 4","fit: 8, efit: 3",,,,0,0,0,0,1,,
2026-02-06 10:02:54,33,19,19,0,"fit: 9, efit: 4","fit: 9, efit: 3",,,,0,0,0,0,1,,
2026-02-06 10:09:12,33,19,19,0,"fit: 9, efit: 3","fit: 9, efit: 3",,,,0,0,0,0,1,,
2026-02-06 10:12:56,33,19,19,0,"fit: 9, efit: 4","fit: 9, efit: 4",,,,0,0,0,0,1,,
2026-02-06 11:18:08,33,19,19,0,"fit: 9, efit: 3","fit: 9, efit: 3",,,,0,0,0,0,1,,
2026-02-06 11:23:08,33,19,19,0,"fit: 9, efit: 4","fit: 9, efit: 4",,,,0,0,0,0,1,,
2026-02-06 12:58:25,33,19,19,0,"fit: 9, efit: 5","fit: 9, efit: 5",,,,0,0,0,0,1,,
2026-02-06 13:28:30,33,19,19,0,"fit: 9, efit: 6","fit: 9, efit: 6",,,,0,0,0,0,1,,
2026-02-06 13:53:34,33,19,19,0,"fit: 9, efit: 5","fit: 9, efit: 5",,,,0,0,0,0,1,,
2026-02-06 16:09:39,33,19,19,0,"fit: 9, efit: 4","fit: 9, efit: 4",,,,0,0,0,0,1,,
2026-02-06 17:04:07,33,19,19,0,"fit: 9, efit: 3","fit: 9, efit: 3",,,,0,0,0,0,1,,
2026-02-06 17:19:09,33,19,19,0,"fit: 10, efit: 2","fit: 10, efit: 2",,,,0,0,0,0,1,,
2026-02-06 17:29:11,33,19,19,0,"fit: 10, efit: 3","fit: 10, efit: 3",,,,0,0,0,0,1,,
2026-02-06 17:39:13,33,19,19,0,"fit: 10, efit: 2","fit: 10, efit: 2",,,,0,0,0,0,1,,
2026-02-06 17:59:16,33,19,19,0,"fit: 10, efit: 1","fit: 10, efit: 1",,,,0,0,0,0,1,,
2026-02-06 20:25:43,33,19,19,0,fit: 10,fit: 10,,,,0,0,0,0,1,,
2026-02-06 21:09:48,33,19,19,0,"fit: 10, efit: 1","fit: 10, efit: 1",,,,0,0,0,0,1,,
2026-02-07 00:00:17,33,19,19,0,"fit: 10, efit: 1","fit: 10, efit: 1",,,,0,0,0,0,1,,
2026-02-07 10:08:11,33,19,19,0,"fit: 10, efit: 2","fit: 10, efit: 2",,,,0,0,0,0,1,,
2026-02-07 14:20:03,33,19,19,0,"fit: 9, efit: 2","fit: 9, efit: 2",,,,0,0,0,0,1,,
2026-02-07 14:38:56,33,19,19,0,"fit: 10, efit: 2","fit: 10, efit: 2",,,,0,0,0,0,1,,
2026-02-07 15:22:53,33,19,19,0,"fit: 10, efit: 1","fit: 10, efit: 1",,,,0,0,0,0,1,,
2026-02-07 17:53:19,33,19,19,0,fit: 10,fit: 10,,,,0,0,0,0,1,,
2026-02-08 00:00:29,33,19,19,0,fit: 10,fit: 10,,,,0,0,0,0,1,,
2026-02-08 12:02:29,33,19,19,0,"fit: 10, efit: 1","fit: 10, efit: 1",,,,0,0,0,0,1,,
2026-02-08 14:51:51,33,19,19,0,"fit: 9, efit: 1","fit: 9, efit: 1",,,,0,0,0,0,1,,
2026-02-08 16:08:10,33,19,19,0,"fit: 7, efit: 1","fit: 7, efit: 1",,,,0,0,0,0,1,,
2026-02-08 16:11:25,33,19,19,0,"fit: 9, efit: 1","fit: 9, efit: 1",,,,0,0,0,0,1,,
2026-02-08 16:41:33,33,19,19,0,fit: 9,fit: 9,,,,0,0,0,0,1,,
2026-02-08 16:46:34,33,19,19,0,fit: 10,fit: 10,,,,0,0,0,0,1,,
2026-02-08 16:48:17,33,19,19,0,fit: 9,fit: 9,,,,0,0,0,0,1,,
2026-02-09 00:03:24,33,19,19,0,fit: 9,fit: 9,,,,0,0,0,0,1,,
2026-02-09 07:19:35,33,19,19,0,"fit: 9, efit: 1","fit: 9, efit: 1",,,,0,0,0,0,1,,
2026-02-09 08:24:46,33,19,19,0,"fit: 9, efit: 2","fit: 9, efit: 2",,,,0,0,0,0,1,,
2026-02-09 09:34:58,33,19,19,0,"fit: 9, efit: 3","fit: 9, efit: 3",,,,0,0,0,0,1,,
2026-02-09 10:00:03,33,19,19,0,"fit: 10, efit: 3","fit: 10, efit: 3",,,,0,0,0,0,1,,
2026-02-09 10:05:04,33,19,19,0,"fit: 11, efit: 2","fit: 11, efit: 2",,,,0,0,0,0,1,,
2026-02-09 10:45:11,33,19,19,0,"fit: 11, efit: 3","fit: 11, efit: 3",,,,0,0,0,0,1,,
2026-02-09 10:55:13,33,19,19,0,"fit: 11, efit: 2","fit: 11, efit: 2",,,,0,0,0,0,1,,
2026-02-09 11:56:18,33,19,19,0,"fit: 11, efit: 3","fit: 11, efit: 3",,,,0,0,0,0,1,,
2026-02-09 12:10:26,33,19,19,0,"fit: 11, efit: 2","fit: 11, efit: 2",,,,0,0,0,0,1,,
2026-02-09 12:55:34,33,19,19,0,"fit: 11, efit: 1","fit: 11, efit: 1",,,,0,0,0,0,1,,
2026-02-09 13:31:42,33,19,19,0,fit: 11,fit: 11,,,,0,0,0,0,1,,
2026-02-09 13:50:43,33,19,19,0,fit: 10,fit: 10,,,,0,0,0,0,1,,
2026-02-09 14:35:51,33,19,19,0,"fit: 10, efit: 1","fit: 10, efit: 1",,,,0,0,0,0,1,,
2026-02-09 15:17:01,33,19,19,0,"fit: 10, efit: 2","fit: 10, efit: 2",,,,0,0,0,0,1,,
2026-02-09 16:11:08,33,19,19,0,"fit: 10, efit: 1","fit: 10, efit: 1",,,,0,0,0,0,1,,
2026-02-09 16:31:11,33,19,19,0,"fit: 10, efit: 2","fit: 10, efit: 2",,,,0,0,0,0,1,,
2026-02-09 16:56:16,33,19,19,0,"fit: 10, efit: 1","fit: 10, efit: 1",,,,0,0,0,0,1,,
2026-02-09 17:07:20,33,19,19,0,"fit: 10, efit: 2","fit: 10, efit: 2",,,,0,0,0,0,1,,
2026-02-09 17:11:18,33,19,19,0,"fit: 10, efit: 1","fit: 10, efit: 1",,,,0,0,0,0,1,,
2026-02-09 17:16:19,33,19,19,0,"fit: 10, efit: 2","fit: 10, efit: 2",,,,0,0,0,0,1,,
2026-02-09 17:46:24,33,19,19,0,"fit: 10, efit: 1","fit: 10, efit: 1",,,,0,0,0,0,1,,
2026-02-09 19:11:39,33,19,19,0,"fit: 11, efit: 1","fit: 11, efit: 1",,,,0,0,0,0,1,,
2026-02-09 19:12:42,33,19,19,0,"fit: 11, efit: 2","fit: 11, efit: 2",,,,0,0,0,0,1,,
2026-02-09 19:22:43,33,19,19,0,"fit: 11, efit: 1","fit: 11, efit: 1",,,,0,0,0,0,1,,
2026-02-09 19:23:07,33,19,19,0,fit: 11,fit: 11,,,,0,0,0,0,1,,
2026-02-09 20:43:27,33,19,19,0,fit: 10,fit: 10,,,,0,0,0,0,1,,
2026-02-09 20:46:55,33,19,19,0,fit: 11,fit: 11,,,,0,0,0,0,1,,
2026-02-09 21:01:58,33,19,19,0,"fit: 11, efit: 1","fit: 11, efit: 1",,,,0,0,0,0,1,,
2026-02-09 21:48:08,33,19,19,0,fit: 11,fit: 11,,,,0,0,0,0,1,,
2026-02-09 23:12:22,33,19,19,0,fit: 10,fit: 10,,,,0,0,0,0,1,,
2026-02-10 00:02:30,33,19,19,0,fit: 10,fit: 10,,,,0,0,0,0,1,,
2026-02-10 06:38:38,33,19,19,0,"fit: 10, efit: 1","fit: 10, efit: 1",,,,0,0,0,0,1,,
2026-02-10 07:53:51,33,19,19,0,"fit: 10, efit: 2","fit: 10, efit: 2",,,,0,0,0,0,1,,
2026-02-10 08:08:54,33,19,19,0,"fit: 10, efit: 3","fit: 10, efit: 3",,,,0,0,0,0,1,,
2026-02-10 09:00:02,33,19,19,0,"fit: 11, efit: 3","fit: 11, efit: 3",,,,0,0,0,0,1,,
2026-02-10 09:21:37,33,19,19,0,"fit: 11, efit: 1","fit: 11, efit: 1",,,,0,0,0,0,1,,
2026-02-10 09:59:13,33,19,19,0,"fit: 11, efit: 2","fit: 11, efit: 2",,,,0,0,0,0,1,,
2026-02-10 10:34:19,33,19,19,0,"fit: 11, efit: 1","fit: 11, efit: 1",,,,0,0,0,0,1,,
2026-02-10 10:36:56,33,19,19,0,fit: 11,fit: 11,,,,0,0,0,0,1,,
2026-02-10 10:54:23,33,19,19,0,"fit: 11, efit: 1","fit: 11, efit: 1",,,,0,0,0,0,1,,
2026-02-10 11:04:25,33,19,19,0,"fit: 12, efit: 1","fit: 12, efit: 1",,,,0,0,0,0,1,,
2026-02-10 11:07:04,33,19,19,0,"fit: 12, efit: 2","fit: 12, efit: 2",,,,0,0,0,0,1,,
2026-02-10 11:12:06,33,19,19,0,"fit: 12, efit: 1","fit: 12, efit: 1",,,,0,0,0,0,1,,
2026-02-10 12:54:44,33,19,19,0,"fit: 12, efit: 2","fit: 12, efit: 2",,,,0,0,0,0,1,,
2026-02-10 13:09:47,33,19,19,0,"fit: 12, efit: 1","fit: 12, efit: 1",,,,0,0,0,0,1,,
2026-02-10 13:12:37,33,19,19,0,"fit: 12, efit: 2","fit: 12, efit: 2",,,,0,0,0,0,1,,
2026-02-10 13:30:49,33,19,19,0,"fit: 12, efit: 4","fit: 12, efit: 4",,,,0,0,0,0,1,,
2026-02-10 13:42:44,33,19,19,0,"fit: 12, efit: 3","fit: 12, efit: 3",,,,0,0,0,0,1,,
2026-02-10 13:47:46,33,19,19,0,"fit: 12, efit: 4","fit: 12, efit: 4",,,,0,0,0,0,1,,
2026-02-10 13:49:54,33,19,19,0,"fit: 12, efit: 2","fit: 12, efit: 2",,,,0,0,0,0,1,,
2026-02-10 13:59:56,33,19,19,0,"fit: 13, efit: 2","fit: 13, efit: 2",,,,0,0,0,0,1,,
2026-02-10 14:09:58,33,19,19,0,"fit: 13, efit: 3","fit: 13, efit: 3",,,,0,0,0,0,1,,
2026-02-10 14:30:02,33,19,19,0,"fit: 14, efit: 4","fit: 14, efit: 4",,,,0,0,0,0,1,,
2026-02-10 14:32:57,33,19,19,0,"fit: 15, efit: 4","fit: 15, efit: 4",,,,0,0,0,0,1,,
2026-02-10 14:43:00,33,19,19,0,"fit: 15, efit: 3","fit: 15, efit: 3",,,,0,0,0,0,1,,
2026-02-10 15:08:06,33,19,19,0,"fit: 15, efit: 2","fit: 15, efit: 2",,,,0,0,0,0,1,,
2026-02-10 15:10:09,33,19,19,0,"fit: 16, efit: 2","fit: 16, efit: 2",,,,0,0,0,0,1,,
2026-02-10 15:11:07,33,19,19,0,"fit: 16, efit: 3","fit: 16, efit: 3",,,,0,0,0,0,1,,
2026-02-10 15:20:11,33,19,19,0,"fit: 16, efit: 2","fit: 16, efit: 2",,,,0,0,0,0,1,,
2026-02-10 15:21:09,33,19,19,0,"fit: 16, efit: 1","fit: 16, efit: 1",,,,0,0,0,0,1,,
2026-02-10 15:40:14,33,19,19,0,"fit: 14, efit: 1","fit: 14, efit: 1",,,,0,0,0,0,1,,
2026-02-10 15:53:18,33,19,19,0,fit: 12,fit: 12,,,,0,0,0,0,1,,
2026-02-10 15:55:17,33,19,19,0,fit: 11,fit: 11,,,,0,0,0,0,1,,
2026-02-10 16:01:16,33,19,19,0,fit: 13,fit: 13,,,,0,0,0,0,1,,
2026-02-10 16:11:18,33,19,19,0,"fit: 13, efit: 1","fit: 13, efit: 1",,,,0,0,0,0,1,,
2026-02-10 16:13:24,33,19,19,0,"fit: 13, efit: 2","fit: 13, efit: 2",,,,0,0,0,0,1,,
2026-02-10 16:33:29,33,19,19,0,"fit: 13, efit: 1","fit: 13, efit: 1",,,,0,0,0,0,1,,
2026-02-10 16:40:25,33,19,19,0,fit: 13,fit: 13,,,,0,0,0,0,1,,
2026-02-10 17:10:30,33,19,19,0,fit: 14,fit: 14,,,,0,0,0,0,1,,
2026-02-10 17:11:28,33,19,19,0,fit: 13,fit: 13,,,,0,0,0,0,1,,
2026-02-10 17:16:29,33,19,19,0,"fit: 13, efit: 1","fit: 13, efit: 1",,,,0,0,0,0,1,,
2026-02-10 17:18:40,33,19,19,0,fit: 13,fit: 13,,,,0,0,0,0,1,,
2026-02-10 17:33:44,33,19,19,0,fit: 12,fit: 12,,,,0,0,0,0,1,,
2026-02-10 17:48:48,33,19,19,0,"fit: 12, efit: 1","fit: 12, efit: 1",,,,0,0,0,0,1,,
2026-02-10 17:50:37,33,19,19,0,fit: 12,fit: 12,,,,0,0,0,0,1,,
2026-02-10 17:58:51,33,19,19,0,fit: 13,fit: 13,,,,0,0,0,0,1,,
2026-02-10 18:18:56,33,19,19,0,"fit: 13, efit: 1","fit: 13, efit: 1",,,,0,0,0,0,1,,
2026-02-10 18:23:57,33,19,19,0,fit: 13,fit: 13,,,,0,0,0,0,1,,
2026-02-10 18:49:04,33,19,19,0,fit: 12,fit: 12,,,,0,0,0,0,1,,
2026-02-10 19:19:12,33,19,19,0,"fit: 12, efit: 1","fit: 12, efit: 1",,,,0,0,0,0,1,,
2026-02-10 19:44:18,33,19,19,0,fit: 12,fit: 12,,,,0,0,0,0,1,,
2026-02-10 20:11:58,33,19,19,0,"fit: 12, efit: 1","fit: 12, efit: 1",,,,0,0,0,0,1,,
2026-02-10 20:16:03,33,19,19,0,fit: 13,fit: 13,,,,0,0,0,0,1,,
2026-02-10 20:34:30,33,19,19,0,"fit: 13, efit: 1","fit: 13, efit: 1",,,,0,0,0,0,1,,
2026-02-10 20:36:07,33,19,19,0,fit: 12,fit: 12,,,,0,0,0,0,1,,
2026-02-10 20:37:03,33,19,19,0,fit: 11,fit: 11,,,,0,0,0,0,1,,
2026-02-10 20:39:32,33,19,19,0,fit: 10,fit: 10,,,,0,0,0,0,1,,
2026-02-10 20:52:05,33,19,19,0,"fit: 10, efit: 3","fit: 10, efit: 3",,,,0,0,0,0,1,,
2026-02-10 21:32:12,33,19,19,0,"fit: 10, efit: 2","fit: 10, efit: 2",,,,0,0,0,0,1,,
2026-02-10 21:36:17,33,19,19,0,"fit: 10, efit: 1","fit: 10, efit: 1",,,,0,0,0,0,1,,
2026-02-10 21:39:46,33,19,19,0,fit: 10,fit: 10,,,,0,0,0,0,1,,
2026-02-11 00:00:22,33,19,19,0,fit: 10,fit: 10,,,,0,0,0,0,1,,
2026-02-11 01:30:45,33,19,19,0,fit: 9,fit: 9,,,,0,0,0,0,1,,
2026-02-11 01:31:58,33,19,19,0,fit: 8,fit: 8,,,,0,0,0,0,1,,
2026-02-11 01:35:46,33,19,19,0,fit: 7,fit: 7,,,,0,0,0,0,1,,
2026-02-11 02:12:05,33,19,19,0,fit: 6,fit: 6,,,,0,0,0,0,1,,
2026-02-11 08:57:36,33,19,19,0,fit: 7,fit: 7,,,,0,0,0,0,1,,
2026-02-11 09:52:50,33,19,19,0,fit: 8,fit: 8,,,,0,0,0,0,1,,
2026-02-11 09:59:17,33,19,19,0,"fit: 8, efit: 1","fit: 8, efit: 1",,,,0,0,0,0,1,,
2026-02-11 10:07:54,33,19,19,0,"fit: 9, efit: 1","fit: 9, efit: 1",,,,0,0,0,0,1,,
2026-02-11 11:14:29,33,19,19,0,"fit: 9, efit: 2","fit: 9, efit: 2",,,,0,0,0,0,1,,
2026-02-11 11:33:15,33,19,19,0,"fit: 9, efit: 3","fit: 9, efit: 3",,,,0,0,0,0,1,,
2026-02-11 11:53:20,33,19,19,0,"fit: 9, efit: 4","fit: 9, efit: 4",,,,0,0,0,0,1,,
2026-02-11 11:58:21,33,19,19,0,"fit: 9, efit: 3","fit: 9, efit: 3",,,,0,0,0,0,1,,
2026-02-11 12:03:22,33,19,19,0,"fit: 9, efit: 2","fit: 9, efit: 2",,,,0,0,0,0,1,,
2026-02-11 12:23:27,33,19,19,0,"fit: 9, efit: 4","fit: 9, efit: 4",,,,0,0,0,0,1,,
2026-02-11 12:33:30,33,19,19,0,"fit: 9, efit: 3","fit: 9, efit: 3",,,,0,0,0,0,1,,
2026-02-11 12:48:34,33,19,19,0,"fit: 9, efit: 2","fit: 9, efit: 2",,,,0,0,0,0,1,,
2026-02-11 12:53:35,33,19,19,0,"fit: 9, efit: 1","fit: 9, efit: 1",,,,0,0,0,0,1,,
2026-02-11 13:08:39,33,19,19,0,"fit: 10, efit: 2","fit: 10, efit: 2",,,,0,0,0,0,1,,
2026-02-11 13:08:59,33,19,19,0,"fit: 10, efit: 1","fit: 10, efit: 1",,,,0,0,0,0,1,,
2026-02-11 13:28:44,33,19,19,0,"fit: 10, efit: 2","fit: 10, efit: 2",,,,0,0,0,0,1,,
2026-02-11 13:33:45,33,19,19,0,"fit: 10, efit: 3","fit: 10, efit: 3",,,,0,0,0,0,1,,
2026-02-11 13:43:48,33,19,19,0,"fit: 12, efit: 2","fit: 12, efit: 2",,,,0,0,0,0,1,,
2026-02-11 13:49:06,33,19,19,0,"fit: 12, efit: 1","fit: 12, efit: 1",,,,0,0,0,0,1,,
2026-02-11 13:54:56,33,19,19,0,"fit: 13, efit: 1","fit: 13, efit: 1",,,,0,0,0,0,1,,
2026-02-11 14:08:54,33,19,19,0,"fit: 13, efit: 2","fit: 13, efit: 2",,,,0,0,0,0,1,,
2026-02-11 14:09:10,33,19,19,0,"fit: 14, efit: 2","fit: 14, efit: 2",,,,0,0,0,0,1,,
2026-02-11 14:09:58,33,19,19,0,"fit: 14, efit: 1","fit: 14, efit: 1",,,,0,0,0,0,1,,
2026-02-11 14:39:02,33,19,19,0,"fit: 14, efit: 2","fit: 14, efit: 2",,,,0,0,0,0,1,,
2026-02-11 14:59:07,33,19,19,0,"fit: 15, efit: 1","fit: 15, efit: 1",,,,0,0,0,0,1,,
2026-02-11 15:05:07,33,19,19,0,fit: 15,fit: 15,,,,0,0,0,0,1,,
2026-02-11 15:19:13,33,19,19,0,"fit: 15, efit: 1","fit: 15, efit: 1",,,,0,0,0,0,1,,
2026-02-11 15:34:25,33,19,19,0,fit: 15,fit: 15,,,,0,0,0,0,1,,
2026-02-11 17:04:39,33,19,19,0,"fit: 15, efit: 1","fit: 15, efit: 1",,,,0,0,0,0,1,,
2026-02-11 17:14:40,33,19,19,0,fit: 15,fit: 15,,,,0,0,0,0,1,,
2026-02-11 17:59:47,33,19,19,0,fit: 14,fit: 14,,,,0,0,0,0,1,,
2026-02-11 18:54:57,33,19,19,0,fit: 13,fit: 13,,,,0,0,0,0,1,,
2026-02-11 19:20:02,33,19,19,0,"fit: 13, efit: 1","fit: 13, efit: 1",,,,0,0,0,0,1,,
2026-02-11 19:40:06,33,19,19,0,"fit: 13, efit: 2","fit: 13, efit: 2",,,,0,0,0,0,1,,
2026-02-11 19:55:09,33,19,19,0,"fit: 13, efit: 1","fit: 13, efit: 1",,,,0,0,0,0,1,,
2026-02-11 20:15:12,33,19,19,0,fit: 13,fit: 13,,,,0,0,0,0,1,,
2026-02-11 20:25:14,33,19,19,0,fit: 12,fit: 12,,,,0,0,0,0,1,,
2026-02-11 21:15:23,33,19,19,0,fit: 11,fit: 11,,,,0,0,0,0,1,,
2026-02-11 22:00:31,33,19,19,0,fit: 10,fit: 10,,,,0,0,0,0,1,,
2026-02-11 22:30:59,33,19,19,0,fit: 9,fit: 9,,,,0,0,0,0,1,,
2026-02-11 23:00:42,33,19,19,0,fit: 8,fit: 8,,,,0,0,0,0,1,,
2026-02-11 23:20:45,33,19,19,0,fit: 7,fit: 7,,,,0,0,0,0,1,,
2026-02-12 00:00:52,33,19,19,0,fit: 7,fit: 7,,,,0,0,0,0,1,,
2026-02-12 08:02:14,33,19,19,0,"fit: 7, efit: 1","fit: 7, efit: 1",,,,0,0,0,0,1,,
2026-02-12 08:58:35,33,19,19,0,"fit: 7, efit: 2","fit: 7, efit: 2",,,,0,0,0,0,1,,
2026-02-12 09:02:25,33,19,19,0,"fit: 8, efit: 2","fit: 8, efit: 2",,,,0,0,0,0,1,,
2026-02-12 10:52:44,33,19,19,0,"fit: 9, efit: 1","fit: 9, efit: 1",,,,0,0,0,0,1,,
2026-02-12 11:17:48,33,19,19,0,"fit: 9, efit: 2","fit: 9, efit: 2",,,,0,0,0,0,1,,
2026-02-12 11:27:50,33,19,19,0,"fit: 9, efit: 3","fit: 9, efit: 3",,,,0,0,0,0,1,,
2026-02-12 12:02:56,33,19,19,0,"fit: 9, efit: 2","fit: 9, efit: 2",,,,0,0,0,0,1,,
2026-02-12 12:14:23,33,19,19,0,"fit: 9, efit: 1","fit: 9, efit: 1",,,,0,0,0,0,1,,
2026-02-12 12:28:40,33,19,19,0,fit: 9,fit: 9,,,,0,0,0,0,1,,
2026-02-12 12:33:01,33,19,19,0,"fit: 9, efit: 1","fit: 9, efit: 1",,,,0,0,0,0,1,,
2026-02-12 12:39:30,33,19,19,0,fit: 9,fit: 9,,,,0,0,0,0,1,,
2026-02-12 12:53:05,33,19,19,0,fit: 10,fit: 10,,,,0,0,0,0,1,,
2026-02-12 12:58:06,33,19,19,0,"fit: 10, efit: 1","fit: 10, efit: 1",,,,0,0,0,0,1,,
2026-02-12 13:03:07,33,19,19,0,fit: 10,fit: 10,,,,0,0,0,0,1,,
2026-02-12 13:48:15,33,19,19,0,"fit: 10, efit: 1","fit: 10, efit: 1",,,,0,0,0,0,1,,
2026-02-12 13:53:16,33,19,19,0,fit: 11,fit: 11,,,,0,0,0,0,1,,
2026-02-12 14:23:21,33,19,19,0,"fit: 11, efit: 2","fit: 11, efit: 2",,,,0,0,0,0,1,,
2026-02-12 14:24:00,33,19,19,0,"fit: 11, efit: 3","fit: 11, efit: 3",,,,0,0,0,0,1,,
2026-02-12 14:28:21,33,19,19,0,"fit: 11, efit: 4","fit: 11, efit: 4",,,,0,0,0,0,1,,
2026-02-12 14:48:25,33,19,19,0,"fit: 11, efit: 3","fit: 11, efit: 3",,,,0,0,0,0,1,,
2026-02-12 15:13:29,33,19,19,0,"fit: 12, efit: 3","fit: 12, efit: 3",,,,0,0,0,0,1,,
2026-02-12 15:18:30,33,19,19,0,"fit: 12, efit: 2","fit: 12, efit: 2",,,,0,0,0,0,1,,
2026-02-12 15:23:31,33,19,19,0,"fit: 13, efit: 1","fit: 13, efit: 1",,,,0,0,0,0,1,,
2026-02-12 15:40:15,33,19,19,0,"fit: 13, efit: 2","fit: 13, efit: 2",,,,0,0,0,0,1,,
2026-02-12 16:09:18,33,19,19,0,"fit: 13, efit: 3","fit: 13, efit: 3",,,,0,0,0,0,1,,
2026-02-12 16:33:43,33,19,19,0,"fit: 13, efit: 2","fit: 13, efit: 2",,,,0,0,0,0,1,,
2026-02-12 17:04:27,33,19,19,0,"fit: 13, efit: 1","fit: 13, efit: 1",,,,0,0,0,0,1,,
2026-02-12 17:10:38,33,19,19,0,fit: 13,fit: 13,,,,0,0,0,0,1,,
2026-02-12 17:58:58,33,19,19,0,"fit: 13, efit: 1","fit: 13, efit: 1",,,,0,0,0,0,1,,
2026-02-12 18:09:38,33,19,19,0,fit: 13,fit: 13,,,,0,0,0,0,1,,
2026-02-12 19:34:15,33,19,19,0,"fit: 13, efit: 1","fit: 13, efit: 1",,,,0,0,0,0,1,,
2026-02-12 20:11:24,33,19,19,0,"fit: 14, efit: 1","fit: 14, efit: 1",,,,0,0,0,0,1,,
2026-02-12 20:14:22,33,19,19,0,fit: 14,fit: 14,,,,0,0,0,0,1,,
2026-02-12 23:09:52,33,19,19,0,fit: 12,fit: 12,,,,0,0,0,0,1,,
2026-02-12 23:24:55,33,19,19,0,fit: 11,fit: 11,,,,0,0,0,0,1,,
2026-02-13 00:00:02,33,19,19,0,fit: 11,fit: 11,,,,0,0,0,0,1,,
2026-02-13 00:15:40,33,19,19,0,fit: 10,fit: 10,,,,0,0,0,0,1,,
2026-02-13 00:30:07,33,19,19,0,fit: 9,fit: 9,,,,0,0,0,0,1,,
2026-02-13 07:46:55,33,19,19,0,fit: 10,fit: 10,,,,0,0,0,0,1,,
2026-02-13 08:59:35,33,19,19,0,fit: 11,fit: 11,,,,0,0,0,0,1,,
2026-02-13 09:46:45,33,19,19,0,"fit: 11, efit: 1","fit: 11, efit: 1",,,,0,0,0,0,1,,
2026-02-13 09:51:46,33,19,19,0,"fit: 7, efit: 2","fit: 7, efit: 2",,,,0,0,0,0,1,,
2026-02-13 09:54:48,33,19,19,0,"fit: 6, efit: 2","fit: 6, efit: 2",,,,0,0,0,0,1,,
2026-02-13 10:04:50,33,19,19,0,"fit: 6, efit: 3","fit: 6, efit: 3",,,,0,0,0,0,1,,
2026-02-13 10:56:57,33,19,19,0,"fit: 6, efit: 2","fit: 6, efit: 2",,,,0,0,0,0,1,,
2026-02-13 11:00:05,33,19,19,0,"fit: 7, efit: 2","fit: 7, efit: 2",,,,0,0,0,0,1,,
2026-02-13 11:01:58,33,19,19,0,"fit: 7, efit: 3","fit: 7, efit: 3",,,,0,0,0,0,1,,
2026-02-13 11:22:02,33,19,19,0,"fit: 7, efit: 4","fit: 7, efit: 4",,,,0,0,0,0,1,,
2026-02-13 12:42:16,33,19,19,0,"fit: 7, efit: 5","fit: 7, efit: 5",,,,0,0,0,0,1,,
2026-02-13 12:45:31,33,19,19,0,"fit: 7, efit: 7","fit: 7, efit: 7",,,,0,0,0,0,1,,
2026-02-13 12:50:33,33,19,19,0,"fit: 7, efit: 6","fit: 7, efit: 6",,,,0,0,0,0,1,,
2026-02-13 13:10:37,33,19,19,0,"fit: 7, efit: 7","fit: 7, efit: 7",,,,0,0,0,0,1,,
2026-02-13 13:35:44,33,19,19,0,"fit: 7, efit: 6","fit: 7, efit: 6",,,,0,0,0,0,1,,
2026-02-13 13:55:49,33,19,19,0,"fit: 7, efit: 5","fit: 7, efit: 5",,,,0,0,0,0,1,,
2026-02-13 13:57:58,33,19,19,0,"fit: 8, efit: 5","fit: 8, efit: 5",,,,0,0,0,0,1,,
2026-02-13 14:07:31,33,19,19,0,"fit: 8, efit: 4","fit: 8, efit: 4",,,,0,0,0,0,1,,
2026-02-13 14:30:58,33,19,19,0,"fit: 9, efit: 1","fit: 9, efit: 1",,,,0,0,0,0,1,,
2026-02-13 14:51:03,33,19,19,0,fit: 9,fit: 9,,,,0,0,0,0,1,,
2026-02-13 15:18:12,33,19,19,0,fit: 8,fit: 8,,,,0,0,0,0,1,,
2026-02-13 15:41:16,33,19,19,0,"fit: 8, efit: 1","fit: 8, efit: 1",,,,0,0,0,0,1,,
2026-02-13 16:16:25,33,19,19,0,fit: 8,fit: 8,,,,0,0,0,0,1,,
2026-02-13 16:21:27,33,19,19,0,fit: 7,fit: 7,,,,0,0,0,0,1,,
2026-02-13 16:32:56,33,19,19,0,"fit: 7, efit: 1","fit: 7, efit: 1",,,,0,0,0,0,1,,
2026-02-13 17:01:37,33,19,19,0,fit: 7,fit: 7,,,,0,0,0,0,1,,
2026-02-13 17:06:38,33,19,19,0,"fit: 7, efit: 1","fit: 7, efit: 1",,,,0,0,0,0,1,,
2026-02-13 17:16:40,33,19,19,0,fit: 5,fit: 5,,,,0,0,0,0,1,,
2026-02-13 17:31:44,33,19,19,0,fit: 4,fit: 4,,,,0,0,0,0,1,,
2026-02-13 17:43:08,33,19,19,0,fit: 3,fit: 3,,,,0,0,0,0,1,,
2026-02-13 17:43:36,33,19,19,0,fit: 4,fit: 4,,,,0,0,0,0,1,,
2026-02-13 18:23:15,33,19,19,0,fit: 3,fit: 3,,,,0,0,0,0,1,,
2026-02-13 18:52:05,33,19,19,0,"fit: 3, efit: 1","fit: 3, efit: 1",,,,0,0,0,0,1,,
2026-02-13 18:58:21,33,19,19,0,fit: 3,fit: 3,,,,0,0,0,0,1,,
2026-02-13 20:27:29,33,19,19,0,"fit: 3, efit: 1","fit: 3, efit: 1",,,,0,0,0,0,1,,
2026-02-13 21:17:41,33,19,19,0,"fit: 3, efit: 2","fit: 3, efit: 2",,,,0,0,0,0,1,,
2026-02-13 21:32:45,33,19,19,0,"fit: 4, efit: 1","fit: 4, efit: 1",,,,0,0,0,0,1,,
2026-02-13 21:33:49,33,19,19,0,fit: 4,fit: 4,,,,0,0,0,0,1,,
2026-02-13 22:54:03,33,19,19,0,fit: 3,fit: 3,,,,0,0,0,0,1,,
2026-02-13 23:09:05,33,19,19,0,fit: 2,fit: 2,,,,0,0,0,0,1,,
2026-02-14 00:03:24,33,19,19,0,fit: 2,fit: 2,,,,0,0,0,0,1,,
2026-02-14 09:45:50,33,19,19,0,fit: 3,fit: 3,,,,0,0,0,0,1,,
2026-02-14 10:20:59,33,19,19,0,fit: 4,fit: 4,,,,0,0,0,0,1,,
2026-02-14 11:01:09,33,19,19,0,"fit: 4, efit: 1","fit: 4, efit: 1",,,,0,0,0,0,1,,
2026-02-14 11:21:12,33,19,19,0,fit: 4,fit: 4,,,,0,0,0,0,1,,
2026-02-14 11:26:13,33,19,19,0,"fit: 4, efit: 1","fit: 4, efit: 1",,,,0,0,0,0,1,,
2026-02-14 11:56:18,33,19,19,0,"fit: 4, efit: 2","fit: 4, efit: 2",,,,0,0,0,0,1,,
2026-02-14 12:26:24,33,19,19,0,"fit: 4, efit: 1","fit: 4, efit: 1",,,,0,0,0,0,1,,
2026-02-14 13:26:34,33,19,19,0,fit: 4,fit: 4,,,,0,0,0,0,1,,
2026-02-14 13:31:35,33,19,19,0,"fit: 4, efit: 1","fit: 4, efit: 1",,,,0,0,0,0,1,,
2026-02-14 13:36:36,33,19,19,0,"fit: 4, efit: 2","fit: 4, efit: 2",,,,0,0,0,0,1,,
2026-02-14 13:46:37,33,19,19,0,fit: 4,fit: 4,,,,0,0,0,0,1,,
2026-02-14 13:56:39,33,19,19,0,"fit: 4, efit: 1",fit: 4,efit: 1,,,0,0,0,0,1,,
2026-02-14 14:01:40,33,19,19,0,"fit: 2, efit: 1",fit: 2,efit: 1,,,0,0,0,0,1,,
2026-02-14 14:26:45,33,19,19,0,fit: 4,fit: 4,,,,0,0,0,0,1,,
2026-02-14 14:41:48,33,19,19,0,"fit: 4, efit: 1","fit: 4, efit: 1",,,,0,0,0,0,1,,
2026-02-14 14:56:50,33,19,19,0,fit: 4,fit: 4,,,,0,0,0,0,1,,
2026-02-14 15:26:56,33,19,19,0,fit: 3,fit: 3,,,,0,0,0,0,1,,
2026-02-14 15:46:59,33,19,19,0,"fit: 3, efit: 1","fit: 3, efit: 1",,,,0,0,0,0,1,,
2026-02-14 16:12:04,33,19,19,0,"fit: 3, efit: 2","fit: 3, efit: 2",,,,0,0,0,0,1,,
2026-02-14 16:17:05,33,19,19,0,"fit: 3, efit: 4","fit: 3, efit: 4",,,,0,0,0,0,1,,
2026-02-14 16:52:11,33,19,19,0,"fit: 3, efit: 3","fit: 3, efit: 3",,,,0,0,0,0,1,,
2026-02-14 16:57:12,33,19,19,0,"fit: 3, efit: 5","fit: 3, efit: 5",,,,0,0,0,0,1,,
2026-02-14 17:07:14,33,19,19,0,"fit: 3, efit: 3","fit: 3, efit: 3",,,,0,0,0,0,1,,
2026-02-14 17:22:16,33,19,19,0,"fit: 3, efit: 2","fit: 3, efit: 2",,,,0,0,0,0,1,,
2026-02-14 17:32:18,33,19,19,0,"fit: 2, efit: 2","fit: 2, efit: 2",,,,0,0,0,0,1,,
2026-02-14 17:47:21,33,19,19,0,"fit: 2, efit: 1","fit: 2, efit: 1",,,,0,0,0,0,1,,
2026-02-14 17:52:22,33,19,19,0,"fit: 3, efit: 2","fit: 3, efit: 2",,,,0,0,0,0,1,,
2026-02-14 17:57:23,33,19,19,0,"fit: 2, efit: 2","fit: 2, efit: 2",,,,0,0,0,0,1,,
2026-02-14 18:47:31,33,19,19,0,"fit: 2, efit: 3","fit: 2, efit: 3",,,,0,0,0,0,1,,
2026-02-14 18:57:47,33,19,19,0,"fit: 2, efit: 4","fit: 2, efit: 4",,,,0,0,0,0,1,,
2026-02-14 19:47:42,33,19,19,0,"fit: 2, efit: 2","fit: 2, efit: 2",,,,0,0,0,0,1,,
2026-02-14 20:42:51,33,19,19,0,"fit: 2, efit: 1","fit: 2, efit: 1",,,,0,0,0,0,1,,
2026-02-14 20:53:35,33,19,19,0,fit: 1,fit: 1,,,,0,0,0,0,1,,
2026-02-14 20:58:07,33,19,19,0,"fit: 1, efit: 1","fit: 1, efit: 1",,,,0,0,0,0,1,,
2026-02-14 23:03:27,33,19,19,0,fit: 1,fit: 1,,,,0,0,0,0,1,,
2026-02-14 23:13:17,33,19,19,0,"fit: 2, efit: 1","fit: 2, efit: 1",,,,0,0,0,0,1,,
2026-02-14 23:49:18,33,19,19,0,fit: 2,fit: 2,,,,0,0,0,0,1,,
2026-02-15 00:03:26,33,19,19,0,fit: 2,fit: 2,,,,0,0,0,0,1,,
2026-02-15 00:33:31,33,19,19,0,fit: 5,fit: 5,,,,0,0,0,0,1,,
2026-02-15 02:08:48,33,19,19,0,fit: 4,fit: 4,,,,0,0,0,0,1,,
2026-02-15 02:13:49,33,19,19,0,fit: 3,fit: 3,,,,0,0,0,0,1,,
2026-02-15 02:24:56,33,19,19,0,fit: 4,fit: 4,,,,0,0,0,0,1,,
2026-02-15 02:28:51,33,19,19,0,fit: 5,fit: 5,,,,0,0,0,0,1,,
2026-02-15 02:29:57,33,19,19,0,"fit: 5, efit: 1","fit: 5, efit: 1",,,,0,0,0,0,1,,
2026-02-15 02:33:52,33,19,19,0,fit: 4,fit: 4,,,,0,0,0,0,1,,
2026-02-15 02:34:58,33,19,19,0,fit: 2,fit: 2,,,,0,0,0,0,1,,
2026-02-15 03:03:58,33,19,19,0,"fit: 5, efit: 1","fit: 5, efit: 1",,,,0,0,0,0,1,,
2026-02-15 05:24:23,33,19,19,0,fit: 5,fit: 5,,,,0,0,0,0,1,,
2026-02-15 08:39:58,33,19,19,0,"fit: 5, efit: 1","fit: 5, efit: 1",,,,0,0,0,0,1,,
2026-02-15 09:40:08,33,19,19,0,"fit: 4, efit: 1","fit: 4, efit: 1",,,,0,0,0,0,1,,
2026-02-15 09:41:43,33,19,19,0,fit: 4,fit: 4,,,,0,0,0,0,1,,
2026-02-15 10:20:11,33,19,19,0,"fit: 4, efit: 1","fit: 4, efit: 1",,,,0,0,0,0,1,,
2026-02-15 10:30:12,33,19,19,0,"fit: 4, efit: 2","fit: 4, efit: 2",,,,0,0,0,0,1,,
2026-02-15 10:36:56,33,19,19,0,"fit: 5, efit: 1","fit: 5, efit: 1",,,,0,0,0,0,1,,
2026-02-15 10:55:15,33,19,19,0,"fit: 5, efit: 2","fit: 5, efit: 2",,,,0,0,0,0,1,,
2026-02-15 11:55:20,33,19,19,0,"fit: 5, efit: 3","fit: 5, efit: 3",,,,0,0,0,0,1,,
2026-02-15 13:02:33,33,19,19,0,"fit: 5, efit: 2","fit: 5, efit: 2",,,,0,0,0,0,1,,
2026-02-15 13:22:38,33,19,19,0,"fit: 5, efit: 1","fit: 5, efit: 1",,,,0,0,0,0,1,,
2026-02-15 13:35:31,33,19,19,0,fit: 5,fit: 5,,,,0,0,0,0,1,,
2026-02-15 14:58:01,33,19,19,0,fit: 6,fit: 6,,,,0,0,0,0,1,,
2026-02-15 16:05:55,33,19,19,0,"fit: 6, efit: 1","fit: 6, efit: 1",,,,0,0,0,0,1,,
2026-02-15 16:13:19,33,19,19,0,fit: 6,fit: 6,,,,0,0,0,0,1,,
2026-02-15 16:18:21,33,19,19,0,"fit: 6, efit: 1","fit: 6, efit: 1",,,,0,0,0,0,1,,
2026-02-15 16:36:00,33,19,19,0,fit: 6,fit: 6,,,,0,0,0,0,1,,
2026-02-15 16:46:02,33,19,19,0,"fit: 6, efit: 1","fit: 6, efit: 1",,,,0,0,0,0,1,,
2026-02-15 17:21:08,33,19,19,0,fit: 7,fit: 7,,,,0,0,0,0,1,,
2026-02-15 17:43:42,33,19,19,0,"fit: 7, efit: 1","fit: 7, efit: 1",,,,0,0,0,0,1,,
2026-02-15 17:53:44,33,19,19,0,"fit: 7, efit: 2","fit: 7, efit: 2",,,,0,0,0,0,1,,
2026-02-15 18:01:14,33,19,19,0,"fit: 7, efit: 1","fit: 7, efit: 1",,,,0,0,0,0,1,,
2026-02-15 19:49:13,33,19,19,0,fit: 7,fit: 7,,,,0,0,0,0,1,,
2026-02-15 19:59:16,33,19,19,0,fit: 8,fit: 8,,,,0,0,0,0,1,,
2026-02-15 20:11:35,33,19,19,0,fit: 7,fit: 7,,,,0,0,0,0,1,,
2026-02-15 21:26:48,33,19,19,0,fit: 6,fit: 6,,,,0,0,0,0,1,,
2026-02-15 23:27:08,33,19,19,0,fit: 5,fit: 5,,,,0,0,0,0,1,,
2026-02-16 00:00:16,33,19,19,0,fit: 5,fit: 5,,,,0,0,0,0,1,,
2026-02-16 08:52:25,33,19,19,0,"fit: 6, efit: 1","fit: 6, efit: 1",,,,0,0,0,0,1,,
2026-02-16 08:57:27,33,19,19,0,"fit: 7, efit: 1","fit: 7, efit: 1",,,,0,0,0,0,1,,
2026-02-16 09:23:45,33,19,19,0,"fit: 8, efit: 1","fit: 8, efit: 1",,,,0,0,0,0,1,,
2026-02-16 09:27:34,33,19,19,0,"fit: 8, efit: 2","fit: 8, efit: 2",,,,0,0,0,0,1,,
2026-02-16 09:48:49,33,19,19,0,"fit: 8, efit: 3","fit: 8, efit: 3",,,,0,0,0,0,1,,
2026-02-16 09:57:42,33,19,19,0,"fit: 9, efit: 3","fit: 9, efit: 3",,,,0,0,0,0,1,,
2026-02-16 10:47:56,33,19,19,0,"fit: 10, efit: 3","fit: 10, efit: 3",,,,0,0,0,0,1,,
2026-02-16 10:57:58,33,19,19,0,"fit: 10, efit: 4","fit: 10, efit: 4",,,,0,0,0,0,1,,
2026-02-16 11:02:59,33,19,19,0,"fit: 11, efit: 4","fit: 11, efit: 4",,,,0,0,0,0,1,,
2026-02-16 11:04:02,33,19,19,0,"fit: 11, efit: 5","fit: 11, efit: 5",,,,0,0,0,0,1,,
2026-02-16 11:19:04,33,19,19,0,"fit: 11, efit: 6","fit: 11, efit: 6",,,,0,0,0,0,1,,
2026-02-16 11:48:11,33,19,19,0,"fit: 11, efit: 7","fit: 11, efit: 7",,,,0,0,0,0,1,,
2026-02-16 11:58:13,33,19,19,0,"fit: 11, efit: 6","fit: 11, efit: 6",,,,0,0,0,0,1,,
2026-02-16 12:03:15,33,19,19,0,"fit: 11, efit: 7","fit: 11, efit: 7",,,,0,0,0,0,1,,
2026-02-16 12:33:22,33,19,19,0,"fit: 11, efit: 6","fit: 11, efit: 6",,,,0,0,0,0,1,,
2026-02-16 12:48:26,33,19,19,0,"fit: 11, efit: 7","fit: 11, efit: 7",,,,0,0,0,0,1,,
2026-02-16 12:53:27,33,19,19,0,"fit: 11, efit: 5","fit: 11, efit: 5",,,,0,0,0,0,1,,
2026-02-16 13:08:30,33,19,19,0,"fit: 11, efit: 6","fit: 11, efit: 6",,,,0,0,0,0,1,,
2026-02-16 13:14:24,33,19,19,0,"fit: 11, efit: 7","fit: 11, efit: 7",,,,0,0,0,0,1,,
2026-02-16 13:48:41,33,19,19,0,"fit: 11, efit: 6","fit: 11, efit: 6",,,,0,0,0,0,1,,
2026-02-16 13:53:42,33,19,19,0,"fit: 11, efit: 5","fit: 11, efit: 5",,,,0,0,0,0,1,,
2026-02-16 14:04:32,33,19,19,0,"fit: 11, efit: 6","fit: 11, efit: 6",,,,0,0,0,0,1,,
2026-02-16 14:13:47,33,19,19,0,"fit: 13, efit: 5","fit: 13, efit: 5",,,,0,0,0,0,1,,
2026-02-16 14:14:33,33,19,19,0,"fit: 13, efit: 4","fit: 13, efit: 4",,,,0,0,0,0,1,,
2026-02-16 14:43:55,33,19,19,0,"fit: 13, efit: 3","fit: 13, efit: 3",,,,0,0,0,0,1,,
2026-02-16 14:58:58,33,19,19,0,"fit: 13, efit: 4","fit: 13, efit: 4",,,,0,0,0,0,1,,
2026-02-16 15:14:02,33,19,19,0,"fit: 13, efit: 6","fit: 13, efit: 6",,,,0,0,0,0,1,,
2026-02-16 15:24:45,33,19,19,0,"fit: 13, efit: 5","fit: 13, efit: 5",,,,0,0,0,0,1,,
2026-02-16 15:39:09,33,19,19,0,"fit: 12, efit: 5","fit: 12, efit: 4",efit: 1,,,0,0,0,0,1,,
2026-02-16 15:39:47,33,19,19,0,"fit: 10, efit: 5","fit: 10, efit: 4",efit: 1,,,0,0,0,0,1,,
2026-02-16 15:40:11,33,19,19,0,"fit: 9, efit: 5","fit: 9, efit: 4",efit: 1,,,0,0,0,0,1,,
2026-02-16 15:49:11,33,19,19,0,"fit: 9, efit: 3","fit: 9, efit: 2",efit: 1,,,0,0,0,0,1,,
2026-02-16 16:04:15,33,19,19,0,"fit: 10, efit: 2","fit: 10, efit: 1",efit: 1,,,0,0,0,0,1,,
2026-02-16 16:24:20,33,19,19,0,"fit: 10, efit: 1",fit: 10,efit: 1,,,0,0,0,0,1,,
2026-02-16 16:29:21,33,19,19,0,"fit: 10, efit: 1","fit: 10, efit: 1",,,,0,0,0,0,1,,
2026-02-16 16:34:22,33,19,19,0,"fit: 8, efit: 1",fit: 8,efit: 1,,,0,0,0,0,1,,
2026-02-16 16:49:26,33,19,19,0,"fit: 8, efit: 2","fit: 8, efit: 1",efit: 1,,,0,0,0,0,1,,
2026-02-16 17:04:30,33,19,19,0,"fit: 8, efit: 1",fit: 8,efit: 1,,,0,0,0,0,1,,
2026-02-16 17:05:02,33,19,19,0,"fit: 8, efit: 1","fit: 8, efit: 1",,,,0,0,0,0,1,,
2026-02-16 17:09:31,33,19,19,0,"fit: 8, efit: 1",fit: 8,efit: 1,,,0,0,0,0,1,,
2026-02-16 17:14:33,33,19,19,0,fit: 6,fit: 6,,,,0,0,0,0,1,,
2026-02-16 17:30:06,33,19,19,0,"fit: 7, efit: 1","fit: 7, efit: 1",,,,0,0,0,0,1,,
2026-02-16 17:44:40,33,19,19,0,fit: 8,fit: 8,,,,0,0,0,0,1,,
2026-02-16 17:45:33,33,19,19,0,"fit: 8, efit: 1","fit: 8, efit: 1",,,,0,0,0,0,1,,
2026-02-16 17:54:42,33,19,19,0,fit: 8,fit: 8,,,,0,0,0,0,1,,
2026-02-16 17:59:44,33,19,19,0,"fit: 8, efit: 1","fit: 8, efit: 1",,,,0,0,0,0,1,,
2026-02-16 18:04:45,33,19,19,0,"fit: 8, efit: 2","fit: 8, efit: 2",,,,0,0,0,0,1,,
2026-02-16 18:24:50,33,19,19,0,"fit: 8, efit: 3","fit: 8, efit: 3",,,,0,0,0,0,1,,
2026-02-16 18:49:56,33,19,19,0,"fit: 8, efit: 1","fit: 8, efit: 1",,,,0,0,0,0,1,,
2026-02-16 18:54:57,33,19,19,0,fit: 8,fit: 8,,,,0,0,0,0,1,,
2026-02-16 19:20:50,33,19,19,0,fit: 7,fit: 7,,,,0,0,0,0,1,,
2026-02-16 19:55:31,33,19,19,0,"fit: 7, efit: 1","fit: 7, efit: 1",,,,0,0,0,0,1,,
2026-02-16 20:15:18,33,19,19,0,fit: 6,fit: 6,,,,0,0,0,0,1,,
2026-02-16 22:15:50,33,19,19,0,fit: 5,fit: 5,,,,0,0,0,0,1,,
2026-02-16 23:25:48,33,19,19,0,fit: 4,fit: 4,,,,0,0,0,0,1,,
2026-02-16 23:40:51,33,19,19,0,fit: 3,fit: 3,,,,0,0,0,0,1,,
2026-02-17 00:00:54,33,19,19,0,fit: 3,fit: 3,,,,0,0,0,0,1,,
2026-02-17 07:54:01,33,19,19,0,"fit: 3, efit: 1","fit: 3, efit: 1",,,,0,0,0,0,1,,
2026-02-17 08:17:15,33,19,19,0,"fit: 3, efit: 2","fit: 3, efit: 2",,,,0,0,0,0,1,,
2026-02-17 08:22:17,33,19,19,0,"fit: 3, efit: 3","fit: 3, efit: 3",,,,0,0,0,0,1,,
2026-02-17 08:49:11,33,19,19,0,"fit: 4, efit: 3","fit: 4, efit: 3",,,,0,0,0,0,1,,
2026-02-17 08:52:22,33,19,19,0,"fit: 4, efit: 1","fit: 4, efit: 1",,,,0,0,0,0,1,,
2026-02-17 09:02:24,33,19,19,0,"fit: 5, efit: 1","fit: 5, efit: 1",,,,0,0,0,0,1,,
2026-02-17 09:23:38,33,19,19,0,"fit: 6, efit: 1","fit: 6, efit: 1",,,,0,0,0,0,1,,
2026-02-17 09:27:28,33,19,19,0,"fit: 6, efit: 2","fit: 6, efit: 2",,,,0,0,0,0,1,,
2026-02-17 09:37:30,33,19,19,0,"fit: 6, efit: 3","fit: 6, efit: 3",,,,0,0,0,0,1,,
2026-02-17 10:02:34,33,19,19,0,"fit: 6, efit: 4","fit: 6, efit: 4",,,,0,0,0,0,1,,
2026-02-17 10:08:47,33,19,19,0,"fit: 6, efit: 5","fit: 6, efit: 5",,,,0,0,0,0,1,,
2026-02-17 10:57:43,33,19,19,0,"fit: 8, efit: 5","fit: 8, efit: 5",,,,0,0,0,0,1,,
2026-02-17 10:58:58,33,19,19,0,"fit: 9, efit: 5","fit: 9, efit: 5",,,,0,0,0,0,1,,
2026-02-17 10:59:35,33,19,19,0,"fit: 10, efit: 5","fit: 10, efit: 5",,,,0,0,0,0,1,,
2026-02-17 11:07:44,33,19,19,0,"fit: 11, efit: 5","fit: 11, efit: 5",,,,0,0,0,0,1,,
2026-02-17 11:09:00,33,19,19,0,"fit: 9, efit: 5","fit: 9, efit: 5",,,,0,0,0,0,1,,
2026-02-17 11:09:36,33,19,19,0,"fit: 8, efit: 5","fit: 8, efit: 5",,,,0,0,0,0,1,,
2026-02-17 11:12:45,33,19,19,0,"fit: 7, efit: 5","fit: 7, efit: 5",,,,0,0,0,0,1,,
2026-02-17 11:24:03,33,19,19,0,"fit: 7, efit: 6","fit: 7, efit: 6",,,,0,0,0,0,1,,
2026-02-17 11:32:48,33,19,19,0,"fit: 7, efit: 5","fit: 7, efit: 5",,,,0,0,0,0,1,,
2026-02-17 11:52:52,33,19,19,0,"fit: 7, efit: 4","fit: 7, efit: 4",,,,0,0,0,0,1,,
2026-02-17 11:59:10,33,19,19,0,"fit: 7, efit: 5","fit: 7, efit: 5",,,,0,0,0,0,1,,
2026-02-17 12:12:55,33,19,19,0,"fit: 7, efit: 6","fit: 7, efit: 6",,,,0,0,0,0,1,,
2026-02-17 12:19:14,33,19,19,0,"fit: 7, efit: 5","fit: 7, efit: 5",,,,0,0,0,0,1,,
2026-02-17 12:19:49,33,19,19,0,"fit: 7, efit: 4","fit: 7, efit: 4",,,,0,0,0,0,1,,
2026-02-17 12:39:18,33,19,19,0,"fit: 7, efit: 2","fit: 7, efit: 2",,,,0,0,0,0,1,,
2026-02-17 12:39:52,33,19,19,0,"fit: 7, efit: 3","fit: 7, efit: 3",,,,0,0,0,0,1,,
2026-02-17 12:43:00,33,19,19,0,"fit: 7, efit: 2","fit: 7, efit: 2",,,,0,0,0,0,1,,
2026-02-17 13:33:09,33,19,19,0,"fit: 7, efit: 3","fit: 7, efit: 3",,,,0,0,0,0,1,,
2026-02-17 13:43:10,33,19,19,0,"fit: 7, efit: 4","fit: 7, efit: 4",,,,0,0,0,0,1,,
2026-02-17 13:48:12,33,19,19,0,"fit: 7, efit: 3","fit: 7, efit: 3",,,,0,0,0,0,1,,
2026-02-17 13:53:12,33,19,19,0,"fit: 7, efit: 2","fit: 7, efit: 2",,,,0,0,0,0,1,,
2026-02-17 13:58:13,33,19,19,0,"fit: 7, efit: 3","fit: 7, efit: 3",,,,0,0,0,0,1,,
2026-02-17 14:08:15,33,19,19,0,"fit: 7, efit: 2","fit: 7, efit: 2",,,,0,0,0,0,1,,
2026-02-17 14:13:16,33,19,19,0,"fit: 7, efit: 3","fit: 7, efit: 3",,,,0,0,0,0,1,,
2026-02-17 14:14:37,33,19,19,0,"fit: 7, efit: 2","fit: 7, efit: 2",,,,0,0,0,0,1,,
2026-02-17 14:23:17,33,19,19,0,fit: 6,fit: 6,,,,0,0,0,0,1,,
2026-02-17 14:25:12,33,19,19,0,"fit: 6, efit: 1","fit: 6, efit: 1",,,,0,0,0,0,1,,
2026-02-17 14:28:18,33,19,19,0,"fit: 6, efit: 2","fit: 6, efit: 2",,,,0,0,0,0,1,,
2026-02-17 14:33:19,33,19,19,0,"fit: 6, efit: 1","fit: 6, efit: 1",,,,0,0,0,0,1,,
2026-02-17 14:39:43,33,19,19,0,fit: 6,fit: 6,,,,0,0,0,0,1,,
2026-02-17 15:04:48,33,19,19,0,"fit: 5, efit: 1","fit: 5, efit: 1",,,,0,0,0,0,1,,
2026-02-17 15:10:20,33,19,19,0,"fit: 6, efit: 1","fit: 6, efit: 1",,,,0,0,0,0,1,,
2026-02-17 15:13:26,33,19,19,0,fit: 6,fit: 6,,,,0,0,0,0,1,,
2026-02-17 15:23:27,33,19,19,0,fit: 4,fit: 4,,,,0,0,0,0,1,,
2026-02-17 15:28:28,33,19,19,0,fit: 3,fit: 3,,,,0,0,0,0,1,,
2026-02-17 15:33:29,33,19,19,0,"fit: 3, efit: 1","fit: 3, efit: 1",,,,0,0,0,0,1,,
2026-02-17 15:43:30,33,19,19,0,"fit: 3, efit: 2","fit: 3, efit: 2",,,,0,0,0,0,1,,
2026-02-17 15:50:28,33,19,19,0,"fit: 3, efit: 1","fit: 3, efit: 1",,,,0,0,0,0,1,,
2026-02-17 15:53:32,33,19,19,0,"fit: 3, efit: 2","fit: 3, efit: 2",,,,0,0,0,0,1,,
2026-02-17 15:54:58,33,19,19,0,"fit: 4, efit: 1","fit: 4, efit: 1",,,,0,0,0,0,1,,
2026-02-17 15:58:33,33,19,19,0,fit: 4,fit: 4,,,,0,0,0,0,1,,
2026-02-17 16:00:29,33,19,19,0,fit: 3,fit: 3,,,,0,0,0,0,1,,
2026-02-17 16:03:34,33,19,19,0,"fit: 3, efit: 1","fit: 3, efit: 1",,,,0,0,0,0,1,,
2026-02-17 16:05:02,33,19,19,0,fit: 3,fit: 3,,,,0,0,0,0,1,,
2026-02-17 16:13:36,33,19,19,0,"fit: 3, efit: 1","fit: 3, efit: 1",,,,0,0,0,0,1,,
2026-02-17 16:15:32,33,19,19,0,fit: 3,fit: 3,,,,0,0,0,0,1,,
2026-02-17 16:38:40,33,19,19,0,"fit: 3, efit: 1","fit: 3, efit: 1",,,,0,0,0,0,1,,
2026-02-17 16:53:42,33,19,19,0,"fit: 3, efit: 3","fit: 3, efit: 3",,,,0,0,0,0,1,,
2026-02-17 16:58:43,33,19,19,0,"fit: 3, efit: 4","fit: 3, efit: 4",,,,0,0,0,0,1,,
2026-02-17 17:03:44,33,19,19,0,"fit: 3, efit: 5","fit: 3, efit: 5",,,,0,0,0,0,1,,
2026-02-17 17:05:41,33,19,19,0,"fit: 3, efit: 4","fit: 3, efit: 4",,,,0,0,0,0,1,,
2026-02-17 17:08:45,33,19,19,0,"fit: 3, efit: 3","fit: 3, efit: 3",,,,0,0,0,0,1,,
2026-02-17 17:25:19,33,19,19,0,"fit: 3, efit: 2","fit: 3, efit: 2",,,,0,0,0,0,1,,
2026-02-17 17:28:48,33,19,19,0,"fit: 3, efit: 1","fit: 3, efit: 1",,,,0,0,0,0,1,,
2026-02-17 17:33:49,33,19,19,0,"fit: 3, efit: 2","fit: 3, efit: 2",,,,0,0,0,0,1,,
2026-02-17 17:43:51,33,19,19,0,"fit: 3, efit: 3","fit: 3, efit: 3",,,,0,0,0,0,1,,
2026-02-17 17:45:23,33,19,19,0,"fit: 3, efit: 1","fit: 3, efit: 1",,,,0,0,0,0,1,,
2026-02-17 17:50:24,33,19,19,0,fit: 3,fit: 3,,,,0,0,0,0,1,,
2026-02-17 17:55:25,33,19,19,0,fit: 2,fit: 2,,,,0,0,0,0,1,,
2026-02-17 18:08:55,33,19,19,0,fit: 1,fit: 1,,,,0,0,0,0,1,,
2026-02-17 19:25:44,33,19,19,0,,,,,,0,0,0,0,1,,
2026-02-17 20:44:21,33,19,19,0,efit: 1,efit: 1,,,,0,0,0,0,1,,
2026-02-17 20:56:02,33,19,19,0,,,,,,0,0,0,0,1,,
2026-02-17 21:14:26,33,19,19,0,efit: 1,efit: 1,,,,0,0,0,0,1,,
2026-02-17 21:19:27,33,19,19,0,,,,,,0,0,0,0,1,,
2026-02-17 22:24:38,33,19,19,0,efit: 1,efit: 1,,,,0,0,0,0,1,,
2026-02-17 22:44:42,33,19,19,0,efit: 2,efit: 2,,,,0,0,0,0,1,,
2026-02-17 22:46:25,33,19,19,0,efit: 1,efit: 1,,,,0,0,0,0,1,,
2026-02-17 23:59:54,33,19,19,0,,,,,,0,0,0,0,1,,
2026-02-18 00:01:40,33,19,19,0,,,,,,0,0,0,0,1,,
2026-02-18 08:16:15,33,19,19,0,efit: 1,efit: 1,,,,0,0,0,0,1,,
2026-02-18 08:58:30,33,19,19,0,"fit: 1, efit: 1","fit: 1, efit: 1",,,,0,0,0,0,1,,
2026-02-18 09:01:22,33,19,19,0,"fit: 5, efit: 1","fit: 5, efit: 1",,,,0,0,0,0,1,,
2026-02-18 09:21:25,33,19,19,0,"fit: 6, efit: 1","fit: 6, efit: 1",,,,0,0,0,0,1,,
2026-02-18 09:23:35,33,19,19,0,"fit: 7, efit: 1","fit: 7, efit: 1",,,,0,0,0,0,1,,
2026-02-18 09:33:37,33,19,19,0,fit: 7,fit: 7,,,,0,0,0,0,1,,
2026-02-18 09:41:28,33,19,19,0,"fit: 7, efit: 1","fit: 7, efit: 1",,,,0,0,0,0,1,,
2026-02-18 09:51:30,33,19,19,0,"fit: 7, efit: 2","fit: 7, efit: 2",,,,0,0,0,0,1,,
2026-02-18 09:53:41,33,19,19,0,"fit: 8, efit: 1","fit: 8, efit: 1",,,,0,0,0,0,1,,
2026-02-18 10:16:34,33,19,19,0,"fit: 8, efit: 2","fit: 8, efit: 2",,,,0,0,0,0,1,,
2026-02-18 10:18:43,33,19,19,0,"fit: 9, efit: 2","fit: 9, efit: 2",,,,0,0,0,0,1,,
2026-02-18 11:01:41,33,19,19,0,"fit: 9, efit: 3","fit: 9, efit: 3",,,,0,0,0,0,1,,
2026-02-18 11:26:45,33,19,19,0,"fit: 9, efit: 2","fit: 9, efit: 2",,,,0,0,0,0,1,,
2026-02-18 11:41:48,33,19,19,0,"fit: 9, efit: 1","fit: 9, efit: 1",,,,0,0,0,0,1,,
2026-02-18 11:46:48,33,19,19,0,"fit: 9, efit: 2","fit: 9, efit: 2",,,,0,0,0,0,1,,
2026-02-18 11:48:57,33,19,19,0,"fit: 9, efit: 3","fit: 9, efit: 3",,,,0,0,0,0,1,,
2026-02-18 11:58:58,33,19,19,0,"fit: 9, efit: 4","fit: 9, efit: 4",,,,0,0,0,0,1,,
2026-02-18 12:03:59,33,19,19,0,"fit: 10, efit: 3","fit: 10, efit: 3",,,,0,0,0,0,1,,
2026-02-18 12:14:01,33,19,19,0,"fit: 10, efit: 4","fit: 10, efit: 4",,,,0,0,0,0,1,,
2026-02-18 12:24:03,33,19,19,0,"fit: 10, efit: 3","fit: 10, efit: 3",,,,0,0,0,0,1,,
2026-02-18 12:56:59,33,19,19,0,"fit: 10, efit: 2","fit: 10, efit: 2",,,,0,0,0,0,1,,
2026-02-18 13:02:00,33,19,19,0,"fit: 10, efit: 3","fit: 10, efit: 3",,,,0,0,0,0,1,,
2026-02-18 13:04:10,33,19,19,0,"fit: 10, efit: 2","fit: 10, efit: 2",,,,0,0,0,0,1,,
2026-02-18 13:22:03,33,19,19,0,"fit: 10, efit: 1","fit: 10, efit: 1",,,,0,0,0,0,1,,
2026-02-18 13:32:05,33,19,19,0,"fit: 10, efit: 3","fit: 10, efit: 3",,,,0,0,0,0,1,,
2026-02-18 13:52:08,33,19,19,0,"fit: 10, efit: 1","fit: 10, efit: 1",,,,0,0,0,0,1,,
2026-02-18 13:57:10,33,19,19,0,"fit: 10, efit: 2","fit: 10, efit: 2",,,,0,0,0,0,1,,
2026-02-18 14:07:11,33,19,19,0,fit: 10,fit: 10,,,,0,0,0,0,1,,
2026-02-18 14:17:13,33,19,19,0,"fit: 10, efit: 1","fit: 10, efit: 1",,,,0,0,0,0,1,,
2026-02-18 14:19:23,33,19,19,0,"fit: 10, efit: 2","fit: 10, efit: 2",,,,0,0,0,0,1,,
2026-02-18 14:22:14,33,19,19,0,"fit: 10, efit: 1","fit: 10, efit: 1",,,,0,0,0,0,1,,
2026-02-18 14:27:14,33,19,19,0,"fit: 10, efit: 2","fit: 10, efit: 2",,,,0,0,0,0,1,,
2026-02-18 14:39:26,33,19,19,0,"fit: 10, efit: 1","fit: 10, efit: 1",,,,0,0,0,0,1,,
2026-02-18 14:49:28,33,19,19,0,"fit: 10, efit: 2","fit: 10, efit: 2",,,,0,0,0,0,1,,
2026-02-18 14:52:18,33,19,19,0,"fit: 11, efit: 2","fit: 11, efit: 2",,,,0,0,0,0,1,,
2026-02-18 14:59:30,33,19,19,0,"fit: 11, efit: 3","fit: 11, efit: 3",,,,0,0,0,0,1,,
2026-02-18 15:09:32,33,19,19,0,"fit: 11, efit: 2","fit: 11, efit: 2",,,,0,0,0,0,1,,
2026-02-18 15:22:23,33,19,19,0,"fit: 11, efit: 3","fit: 11, efit: 3",,,,0,0,0,0,1,,
2026-02-18 15:29:35,33,19,19,0,"fit: 10, efit: 3","fit: 10, efit: 3",,,,0,0,0,0,1,,
2026-02-18 15:42:26,33,19,19,0,"fit: 10, efit: 4","fit: 10, efit: 4",,,,0,0,0,0,1,,
2026-02-18 15:47:27,33,19,19,0,"fit: 10, efit: 2","fit: 10, efit: 2",,,,0,0,0,0,1,,
2026-02-18 15:59:40,33,19,19,0,fit: 10,fit: 10,,,,0,0,0,0,1,,
2026-02-18 16:04:41,33,19,19,0,"fit: 10, efit: 3","fit: 10, efit: 3",,,,0,0,0,0,1,,
2026-02-18 16:12:31,33,19,19,0,"fit: 10, efit: 2","fit: 10, efit: 2",,,,0,0,0,0,1,,
2026-02-18 16:19:44,33,19,19,0,"fit: 10, efit: 1","fit: 10, efit: 1",,,,0,0,0,0,1,,
2026-02-18 16:22:33,33,19,19,0,fit: 10,fit: 10,,,,0,0,0,0,1,,
2026-02-18 16:32:34,33,19,19,0,fit: 11,fit: 11,,,,0,0,0,0,1,,
2026-02-18 16:37:35,33,19,19,0,"fit: 11, efit: 1","fit: 11, efit: 1",,,,0,0,0,0,1,,
2026-02-18 16:42:36,33,19,19,0,fit: 11,fit: 11,,,,0,0,0,0,1,,
2026-02-18 16:57:39,33,19,19,0,fit: 12,fit: 12,,,,0,0,0,0,1,,
2026-02-18 17:09:52,33,19,19,0,"fit: 13, efit: 2","fit: 13, efit: 2",,,,0,0,0,0,1,,
2026-02-18 17:12:41,33,19,19,0,"fit: 13, efit: 1","fit: 13, efit: 1",,,,0,0,0,0,1,,
2026-02-18 17:19:54,33,19,19,0,"fit: 13, efit: 2","fit: 13, efit: 2",,,,0,0,0,0,1,,
2026-02-18 17:27:43,33,19,19,0,"fit: 13, efit: 3","fit: 13, efit: 3",,,,0,0,0,0,1,,
2026-02-18 17:39:58,33,19,19,0,"fit: 14, efit: 2","fit: 14, efit: 2",,,,0,0,0,0,1,,
2026-02-18 17:44:58,33,19,19,0,"fit: 14, efit: 1","fit: 14, efit: 1",,,,0,0,0,0,1,,
2026-02-18 17:49:59,33,19,19,0,fit: 13,fit: 13,,,,0,0,0,0,1,,
2026-02-18 17:52:47,33,19,19,0,fit: 14,fit: 14,,,,0,0,0,0,1,,
2026-02-18 17:55:01,33,19,19,0,"fit: 14, efit: 1","fit: 14, efit: 1",,,,0,0,0,0,1,,
2026-02-18 17:57:48,33,19,19,0,fit: 14,fit: 14,,,,0,0,0,0,1,,
2026-02-18 18:07:49,33,19,19,0,"fit: 13, efit: 1","fit: 13, efit: 1",,,,0,0,0,0,1,,
2026-02-18 18:10:03,33,19,19,0,fit: 13,fit: 13,,,,0,0,0,0,1,,
2026-02-18 18:12:50,33,19,19,0,"fit: 12, efit: 1","fit: 12, efit: 1",,,,0,0,0,0,1,,
2026-02-18 18:22:52,33,19,19,0,fit: 12,fit: 12,,,,0,0,0,0,1,,
2026-02-18 18:32:53,33,19,19,0,fit: 10,fit: 10,,,,0,0,0,0,1,,
2026-02-18 19:20:16,33,19,19,0,"fit: 10, efit: 1","fit: 10, efit: 1",,,,0,0,0,0,1,,
2026-02-18 19:23:01,33,19,19,0,fit: 10,fit: 10,,,,0,0,0,0,1,,
2026-02-18 20:08:08,33,19,19,0,fit: 9,fit: 9,,,,0,0,0,0,1,,
2026-02-18 20:20:26,33,19,19,0,fit: 8,fit: 8,,,,0,0,0,0,1,,
2026-02-18 21:43:23,33,19,19,0,fit: 7,fit: 7,,,,0,0,0,0,1,,
2026-02-18 22:00:44,33,19,19,0,fit: 6,fit: 6,,,,0,0,0,0,1,,
2026-02-19 00:01:05,33,19,19,0,fit: 6,fit: 6,,,,0,0,0,0,1,,
2026-02-19 06:07:06,33,19,19,0,fit: 5,fit: 5,,,,0,0,0,0,1,,
2026-02-19 06:29:42,33,19,19,0,fit: 6,fit: 6,,,,0,0,0,0,1,,
2026-02-19 07:44:53,33,19,19,0,fit: 5,fit: 5,,,,0,0,0,0,1,,
2026-02-19 08:19:58,33,19,19,0,fit: 6,fit: 6,,,,0,0,0,0,1,,
2026-02-19 09:22:40,33,19,19,0,fit: 7,fit: 7,,,,0,0,0,0,1,,
2026-02-19 09:25:09,33,19,19,0,"fit: 7, efit: 1","fit: 7, efit: 1",,,,0,0,0,0,1,,
2026-02-19 09:27:41,33,19,19,0,"fit: 7, efit: 2","fit: 7, efit: 2",,,,0,0,0,0,1,,
2026-02-19 09:47:44,33,19,19,0,"fit: 8, efit: 3","fit: 8, efit: 3",,,,0,0,0,0,1,,
2026-02-19 10:05:16,33,19,19,0,"fit: 9, efit: 3","fit: 9, efit: 3",,,,0,0,0,0,1,,
2026-02-19 10:07:47,33,19,19,0,"fit: 11, efit: 1","fit: 11, efit: 1",,,,0,0,0,0,1,,
2026-02-19 10:25:19,33,19,19,0,"fit: 12, efit: 1","fit: 12, efit: 1",,,,0,0,0,0,1,,
2026-02-19 10:42:53,33,19,19,0,"fit: 12, efit: 2","fit: 12, efit: 2",,,,0,0,0,0,1,,
2026-02-19 10:47:54,33,19,19,0,"fit: 12, efit: 1","fit: 12, efit: 1",,,,0,0,0,0,1,,
2026-02-19 10:50:23,33,19,19,0,fit: 12,fit: 12,,,,0,0,0,0,1,,
2026-02-19 10:53:42,33,19,19,0,fit: 13,fit: 13,,,,0,0,0,0,1,,
2026-02-19 10:57:56,33,19,19,0,"fit: 13, efit: 1","fit: 13, efit: 1",,,,0,0,0,0,1,,
2026-02-19 11:02:57,33,19,19,0,"fit: 14, efit: 1","fit: 14, efit: 1",,,,0,0,0,0,1,,
2026-02-19 11:12:58,33,19,19,0,"fit: 14, efit: 2","fit: 14, efit: 2",,,,0,0,0,0,1,,
2026-02-19 11:35:30,33,19,19,0,"fit: 14, efit: 1","fit: 14, efit: 1",,,,0,0,0,0,1,,
2026-02-19 11:58:06,33,19,19,0,fit: 14,fit: 14,,,,0,0,0,0,1,,
2026-02-19 12:10:36,33,19,19,0,fit: 13,fit: 13,,,,0,0,0,0,1,,
2026-02-19 12:15:36,33,19,19,0,fit: 12,fit: 12,,,,0,0,0,0,1,,
2026-02-19 12:18:10,33,19,19,0,"fit: 12, efit: 1","fit: 12, efit: 1",,,,0,0,0,0,1,,
2026-02-19 12:18:59,33,19,19,0,fit: 12,fit: 12,,,,0,0,0,0,1,,
2026-02-19 12:35:39,33,19,19,0,fit: 11,fit: 11,,,,0,0,0,0,1,,
2026-02-19 12:43:14,33,19,19,0,"fit: 11, efit: 2","fit: 11, efit: 2",,,,0,0,0,0,1,,
2026-02-19 12:48:15,33,19,19,0,"fit: 11, efit: 1","fit: 11, efit: 1",,,,0,0,0,0,1,,
2026-02-19 12:53:16,33,19,19,0,"fit: 11, efit: 2","fit: 11, efit: 2",,,,0,0,0,0,1,,
2026-02-19 12:55:42,33,19,19,0,"fit: 11, efit: 1","fit: 11, efit: 1",,,,0,0,0,0,1,,
2026-02-19 12:59:07,33,19,19,0,"fit: 11, efit: 2","fit: 11, efit: 2",,,,0,0,0,0,1,,
2026-02-19 13:18:20,33,19,19,0,"fit: 12, efit: 2","fit: 12, efit: 2",,,,0,0,0,0,1,,
2026-02-19 13:19:11,33,19,19,0,"fit: 12, efit: 1","fit: 12, efit: 1",,,,0,0,0,0,1,,
2026-02-19 13:23:21,33,19,19,0,fit: 12,fit: 12,,,,0,0,0,0,1,,
2026-02-19 13:24:12,33,19,19,0,fit: 11,fit: 11,,,,0,0,0,0,1,,
2026-02-19 13:28:22,33,19,19,0,fit: 12,fit: 12,,,,0,0,0,0,1,,
2026-02-19 13:34:14,33,19,19,0,"fit: 12, efit: 2","fit: 12, efit: 2",,,,0,0,0,0,1,,
2026-02-19 13:39:15,33,19,19,0,"fit: 12, efit: 3","fit: 12, efit: 3",,,,0,0,0,0,1,,
2026-02-19 13:50:51,33,19,19,0,"fit: 12, efit: 2","fit: 12, efit: 2",,,,0,0,0,0,1,,
2026-02-19 13:53:26,33,19,19,0,"fit: 13, efit: 1","fit: 13, efit: 1",,,,0,0,0,0,1,,
2026-02-19 13:58:27,33,19,19,0,"fit: 13, efit: 2","fit: 13, efit: 2",,,,0,0,0,0,1,,
2026-02-19 13:59:20,33,19,19,0,"fit: 13, efit: 3","fit: 13, efit: 3",,,,0,0,0,0,1,,
2026-02-19 14:03:28,33,19,19,0,"fit: 14, efit: 2","fit: 14, efit: 2",,,,0,0,0,0,1,,
2026-02-19 14:05:53,33,19,19,0,"fit: 14, efit: 1","fit: 14, efit: 1",,,,0,0,0,0,1,,
2026-02-19 14:10:54,33,19,19,0,"fit: 14, efit: 2","fit: 14, efit: 2",,,,0,0,0,0,1,,
2026-02-19 14:13:29,33,19,19,0,"fit: 14, efit: 1","fit: 14, efit: 1",,,,0,0,0,0,1,,
2026-02-19 14:25:56,33,19,19,0,fit: 14,fit: 14,,,,0,0,0,0,1,,
2026-02-19 14:34:26,33,19,19,0,"fit: 15, efit: 1","fit: 15, efit: 1",,,,0,0,0,0,1,,
2026-02-19 14:38:33,33,19,19,0,"fit: 15, efit: 2","fit: 15, efit: 2",,,,0,0,0,0,1,,
2026-02-19 14:44:28,33,19,19,0,"fit: 15, efit: 4","fit: 15, efit: 4",,,,0,0,0,0,1,,
2026-02-19 14:48:35,33,19,19,0,"fit: 15, efit: 3","fit: 15, efit: 3",,,,0,0,0,0,1,,
2026-02-19 15:04:33,33,19,19,0,"fit: 16, efit: 2","fit: 16, efit: 2",,,,0,0,0,0,1,,
2026-02-19 15:13:39,33,19,19,0,"fit: 16, efit: 1","fit: 16, efit: 1",,,,0,0,0,0,1,,
2026-02-19 15:16:04,33,19,19,0,fit: 16,fit: 16,,,,0,0,0,0,1,,
2026-02-19 15:18:40,33,19,19,0,"fit: 16, efit: 2","fit: 16, efit: 2",,,,0,0,0,0,1,,
2026-02-19 15:21:05,33,19,19,0,"fit: 16, efit: 3","fit: 16, efit: 3",,,,0,0,0,0,1,,
2026-02-19 15:49:42,33,19,19,0,"fit: 15, efit: 2","fit: 15, efit: 2",,,,0,0,0,0,1,,
2026-02-19 15:58:47,33,19,19,0,fit: 15,fit: 15,,,,0,0,0,0,1,,
2026-02-19 16:01:11,33,19,19,0,fit: 14,fit: 14,,,,0,0,0,0,1,,
2026-02-19 16:08:49,33,19,19,0,fit: 13,fit: 13,,,,0,0,0,0,1,,
2026-02-19 16:29:50,33,19,19,0,fit: 14,fit: 14,,,,0,0,0,0,1,,
2026-02-19 16:36:15,33,19,19,0,"fit: 14, efit: 2","fit: 14, efit: 2",,,,0,0,0,0,1,,
2026-02-19 16:39:52,33,19,19,0,fit: 13,fit: 13,,,,0,0,0,0,1,,
2026-02-19 17:01:19,33,19,19,0,"fit: 13, efit: 1","fit: 13, efit: 1",,,,0,0,0,0,1,,
2026-02-19 17:01:59,33,19,19,0,fit: 13,fit: 13,,,,0,0,0,0,1,,
2026-02-19 17:06:20,33,19,19,0,"fit: 13, efit: 1","fit: 13, efit: 1",,,,0,0,0,0,1,,
2026-02-19 17:20:01,33,19,19,0,fit: 13,fit: 13,,,,0,0,0,0,1,,
2026-02-19 17:21:22,33,19,19,0,"fit: 14, efit: 3","fit: 14, efit: 3",,,,0,0,0,0,1,,
2026-02-19 17:30:03,33,19,19,0,"fit: 14, efit: 2","fit: 14, efit: 2",,,,0,0,0,0,1,,
2026-02-19 17:36:24,33,19,19,0,"fit: 14, efit: 1","fit: 14, efit: 1",,,,0,0,0,0,1,,
2026-02-19 17:41:25,33,19,19,0,"fit: 14, efit: 2","fit: 14, efit: 2",,,,0,0,0,0,1,,
2026-02-19 17:45:06,33,19,19,0,"fit: 14, efit: 1","fit: 14, efit: 1",,,,0,0,0,0,1,,
2026-02-19 17:50:07,33,19,19,0,fit: 14,fit: 14,,,,0,0,0,0,1,,
2026-02-19 18:00:09,33,19,19,0,"fit: 14, efit: 1","fit: 14, efit: 1",,,,0,0,0,0,1,,
2026-02-19 18:16:31,33,19,19,0,fit: 14,fit: 14,,,,0,0,0,0,1,,
2026-02-19 18:20:13,33,19,19,0,fit: 13,fit: 13,,,,0,0,0,0,1,,
2026-02-19 18:56:37,33,19,19,0,"fit: 13, efit: 1","fit: 13, efit: 1",,,,0,0,0,0,1,,
2026-02-19 19:30:28,33,19,19,0,fit: 13,fit: 13,,,,0,0,0,0,1,,
2026-02-19 19:40:30,33,19,19,0,fit: 12,fit: 12,,,,0,0,0,0,1,,
2026-02-19 20:21:51,33,19,19,0,"fit: 12, efit: 1","fit: 12, efit: 1",,,,0,0,0,0,1,,
2026-02-19 20:25:39,33,19,19,0,fit: 12,fit: 12,,,,0,0,0,0,1,,
2026-02-19 20:30:40,33,19,19,0,fit: 11,fit: 11,,,,0,0,0,0,1,,
2026-02-19 20:45:43,33,19,19,0,fit: 10,fit: 10,,,,0,0,0,0,1,,
2026-02-19 20:52:39,33,19,19,0,"fit: 10, efit: 1","fit: 10, efit: 1",,,,0,0,0,0,1,,
2026-02-19 20:55:45,33,19,19,0,fit: 10,fit: 10,,,,0,0,0,0,1,,
2026-02-19 21:00:46,33,19,19,0,"fit: 10, efit: 1","fit: 10, efit: 1",,,,0,0,0,0,1,,
2026-02-19 21:11:59,33,19,19,0,fit: 10,fit: 10,,,,0,0,0,0,1,,
2026-02-19 21:57:07,33,19,19,0,fit: 9,fit: 9,,,,0,0,0,0,1,,
2026-02-19 22:21:03,33,19,19,0,fit: 8,fit: 8,,,,0,0,0,0,1,,
2026-02-19 22:31:05,33,19,19,0,fit: 7,fit: 7,,,,0,0,0,0,1,,
2026-02-19 23:06:12,33,19,19,0,"fit: 7, efit: 3","fit: 7, efit: 3",,,,0,0,0,0,1,,
2026-02-19 23:21:15,33,19,19,0,"fit: 7, efit: 2","fit: 7, efit: 2",,,,0,0,0,0,1,,
2026-02-19 23:26:16,33,19,19,0,"fit: 7, efit: 3","fit: 7, efit: 3",,,,0,0,0,0,1,,
2026-02-19 23:37:23,33,19,19,0,"fit: 7, efit: 2","fit: 7, efit: 2",,,,0,0,0,0,1,,
2026-02-20 00:01:25,33,19,19,0,"fit: 7, efit: 2","fit: 7, efit: 2",,,,0,0,0,0,1,,
2026-02-20 07:42:56,33,19,19,0,"fit: 7, efit: 3","fit: 7, efit: 3",,,,0,0,0,0,1,,
2026-02-20 08:43:08,33,19,19,0,"fit: 7, efit: 4","fit: 7, efit: 4",,,,0,0,0,0,1,,
2026-02-20 09:23:17,33,19,19,0,"fit: 8, efit: 4","fit: 8, efit: 4",,,,0,0,0,0,1,,
2026-02-20 09:38:20,33,19,19,0,"fit: 8, efit: 5","fit: 8, efit: 5",,,,0,0,0,0,1,,
2026-02-20 09:53:23,33,19,19,0,"fit: 8, efit: 6","fit: 8, efit: 6",,,,0,0,0,0,1,,
2026-02-20 09:58:24,33,19,19,0,"fit: 8, efit: 7","fit: 8, efit: 7",,,,0,0,0,0,1,,
2026-02-20 09:59:03,33,19,19,0,"fit: 8, efit: 8","fit: 8, efit: 8",,,,0,0,0,0,1,,
2026-02-20 10:13:27,33,19,19,0,"fit: 8, efit: 10","fit: 8, efit: 10",,,,0,0,0,0,1,,
2026-02-20 10:19:06,33,19,19,0,"fit: 8, efit: 9","fit: 8, efit: 9",,,,0,0,0,0,1,,
2026-02-20 10:29:08,33,19,19,0,"fit: 8, efit: 10","fit: 8, efit: 10",,,,0,0,0,0,1,,
2026-02-20 10:38:32,33,19,19,0,"fit: 8, efit: 11","fit: 8, efit: 11",,,,0,0,0,0,1,,
2026-02-20 10:43:33,33,19,19,0,"fit: 8, efit: 10","fit: 8, efit: 10",,,,0,0,0,0,1,,
2026-02-20 10:50:02,33,19,19,0,"fit: 8, efit: 11","fit: 8, efit: 11",,,,0,0,0,0,1,,
2026-02-20 11:19:17,33,19,19,0,"fit: 8, efit: 10","fit: 8, efit: 10",,,,0,0,0,0,1,,
2026-02-20 11:33:43,33,19,19,0,"fit: 8, efit: 11","fit: 8, efit: 11",,,,0,0,0,0,1,,
2026-02-20 11:35:10,33,19,19,0,"fit: 8, efit: 10","fit: 8, efit: 10",,,,0,0,0,0,1,,
2026-02-20 11:50:13,33,19,19,0,"fit: 8, efit: 11","fit: 8, efit: 11",,,,0,0,0,0,1,,
2026-02-20 12:13:51,33,19,19,0,"fit: 8, efit: 10","fit: 8, efit: 10",,,,0,0,0,0,1,,
2026-02-20 12:28:54,33,19,19,0,"fit: 8, efit: 8","fit: 8, efit: 8",,,,0,0,0,0,1,,
2026-02-20 12:30:20,33,19,19,0,"fit: 8, efit: 9","fit: 8, efit: 9",,,,0,0,0,0,1,,
2026-02-20 12:33:55,33,19,19,0,"fit: 8, efit: 8","fit: 8, efit: 8",,,,0,0,0,0,1,,
2026-02-20 12:38:56,33,19,19,0,"fit: 8, efit: 7","fit: 8, efit: 7",,,,0,0,0,0,1,,
2026-02-20 12:39:30,33,19,19,0,"fit: 8, efit: 8","fit: 8, efit: 8",,,,0,0,0,0,1,,
2026-02-20 12:43:57,33,19,19,0,"fit: 8, efit: 9","fit: 8, efit: 9",,,,0,0,0,0,1,,
2026-02-20 12:48:58,33,19,19,0,"fit: 8, efit: 10","fit: 8, efit: 10",,,,0,0,0,0,1,,
2026-02-20 12:53:59,33,19,19,0,"fit: 8, efit: 9","fit: 8, efit: 9",,,,0,0,0,0,1,,
2026-02-20 12:54:32,33,19,19,0,"fit: 8, efit: 8","fit: 8, efit: 8",,,,0,0,0,0,1,,
2026-02-20 13:05:27,33,19,19,0,"fit: 8, efit: 10","fit: 8, efit: 10",,,,0,0,0,0,1,,
2026-02-20 13:09:02,33,19,19,0,"fit: 8, efit: 11","fit: 8, efit: 11",,,,0,0,0,0,1,,
2026-02-20 13:14:03,33,19,19,0,"fit: 8, efit: 10","fit: 8, efit: 10",,,,0,0,0,0,1,,
2026-02-20 13:34:07,33,19,19,0,"fit: 8, efit: 8","fit: 8, efit: 8",,,,0,0,0,0,1,,
2026-02-20 13:44:09,33,19,19,0,"fit: 8, efit: 9","fit: 8, efit: 9",,,,0,0,0,0,1,,
2026-02-20 13:49:10,33,19,19,0,"fit: 8, efit: 11","fit: 8, efit: 10",,,,0,0,0,0,1,,
2026-02-20 13:59:12,33,19,19,0,"fit: 8, efit: 8","fit: 8, efit: 7",,,,0,0,0,0,1,,
2026-02-20 13:59:43,33,19,19,0,"fit: 8, efit: 7","fit: 8, efit: 6",,,,0,0,0,0,1,,
2026-02-20 14:04:14,33,19,19,0,"fit: 10, efit: 5","fit: 10, efit: 4",,,,0,0,0,0,1,,
2026-02-20 14:09:15,33,19,19,0,"fit: 10, efit: 7","fit: 10, efit: 6",,,,0,0,0,0,1,,
2026-02-20 14:09:45,33,19,19,0,"fit: 10, efit: 6","fit: 10, efit: 5",,,,0,0,0,0,1,,
2026-02-20 14:14:16,33,19,19,0,"fit: 10, efit: 5","fit: 10, efit: 5",,,,0,0,0,0,1,,
2026-02-20 14:19:17,33,19,19,0,"fit: 12, efit: 5","fit: 12, efit: 5",,,,0,0,0,0,1,,
2026-02-20 14:24:18,33,19,19,0,"fit: 12, efit: 7","fit: 12, efit: 7",,,,0,0,0,0,1,,
2026-02-20 14:25:42,33,19,19,0,"fit: 12, efit: 5","fit: 12, efit: 5",,,,0,0,0,0,1,,
2026-02-20 14:29:19,33,19,19,0,"fit: 13, efit: 3","fit: 13, efit: 3",,,,0,0,0,0,1,,
2026-02-20 14:44:51,33,19,19,0,"fit: 13, efit: 2","fit: 13, efit: 2",,,,0,0,0,0,1,,
2026-02-20 14:45:45,33,19,19,0,"fit: 13, efit: 4","fit: 13, efit: 4",,,,0,0,0,0,1,,
2026-02-20 14:49:23,33,19,19,0,"fit: 13, efit: 3","fit: 13, efit: 3",,,,0,0,0,0,1,,
2026-02-20 14:54:24,33,19,19,0,"fit: 13, efit: 2","fit: 13, efit: 2",,,,0,0,0,0,1,,
2026-02-20 15:00:48,33,19,19,0,"fit: 13, efit: 1","fit: 13, efit: 1",,,,0,0,0,0,1,,
2026-02-20 15:04:26,33,19,19,0,fit: 13,fit: 13,,,,0,0,0,0,1,,
2026-02-20 15:04:54,33,19,19,0,fit: 11,fit: 11,,,,0,0,0,0,1,,
2026-02-20 15:25:52,33,19,19,0,"fit: 9, efit: 1","fit: 9, efit: 1",,,,0,0,0,0,1,,
2026-02-20 15:29:31,33,19,19,0,"fit: 9, efit: 4","fit: 9, efit: 4",,,,0,0,0,0,1,,
2026-02-20 15:29:58,33,19,19,0,"fit: 9, efit: 5","fit: 9, efit: 5",,,,0,0,0,0,1,,
2026-02-20 15:30:53,33,19,19,0,"fit: 9, efit: 4","fit: 9, efit: 4",,,,0,0,0,0,1,,
2026-02-20 15:34:32,33,19,19,0,"fit: 10, efit: 3","fit: 10, efit: 3",,,,0,0,0,0,1,,
2026-02-20 15:39:33,33,19,19,0,"fit: 10, efit: 4","fit: 10, efit: 4",,,,0,0,0,0,1,,
2026-02-20 15:40:55,33,19,19,0,"fit: 12, efit: 2","fit: 12, efit: 2",,,,0,0,0,0,1,,
2026-02-20 15:44:34,33,19,19,0,fit: 12,fit: 12,,,,0,0,0,0,1,,
2026-02-20 15:49:35,33,19,19,0,"fit: 11, efit: 1","fit: 11, efit: 1",,,,0,0,0,0,1,,
2026-02-20 15:59:37,33,19,19,0,"fit: 11, efit: 4","fit: 11, efit: 4",,,,0,0,0,0,1,,
2026-02-20 16:00:03,33,19,19,0,"fit: 11, efit: 3","fit: 11, efit: 3",,,,0,0,0,0,1,,
2026-02-20 16:05:04,33,19,19,0,"fit: 12, efit: 3","fit: 12, efit: 3",,,,0,0,0,0,1,,
2026-02-20 16:10:05,33,19,19,0,"fit: 12, efit: 2","fit: 12, efit: 2",,,,0,0,0,0,1,,
2026-02-20 16:14:40,33,19,19,0,"fit: 8, efit: 1","fit: 8, efit: 1",,,,0,0,0,0,1,,
2026-02-20 16:21:02,33,19,19,0,fit: 7,fit: 7,,,,0,0,0,0,1,,
2026-02-20 16:24:42,33,19,19,0,fit: 6,fit: 6,,,,0,0,0,0,1,,
2026-02-20 16:26:03,33,19,19,0,"fit: 6, efit: 1","fit: 6, efit: 1",,,,0,0,0,0,1,,
2026-02-20 16:31:04,33,19,19,0,"fit: 7, efit: 1","fit: 7, efit: 1",,,,0,0,0,0,1,,
2026-02-20 16:41:06,33,19,19,0,"fit: 7, efit: 2","fit: 7, efit: 2",,,,0,0,0,0,1,,
2026-02-20 16:49:47,33,19,19,0,fit: 7,fit: 7,,,,0,0,0,0,1,,
2026-02-20 16:51:07,33,19,19,0,fit: 6,fit: 6,,,,0,0,0,0,1,,
2026-02-20 16:54:48,33,19,19,0,"fit: 4, efit: 1","fit: 4, efit: 1",,,,0,0,0,0,1,,
2026-02-20 16:56:08,33,19,19,0,"fit: 5, efit: 1","fit: 5, efit: 1",,,,0,0,0,0,1,,
2026-02-20 16:59:49,33,19,19,0,fit: 4,fit: 4,,,,0,0,0,0,1,,
2026-02-20 17:04:50,33,19,19,0,fit: 5,fit: 5,,,,0,0,0,0,1,,
2026-02-20 17:19:53,33,19,19,0,fit: 4,fit: 4,,,,0,0,0,0,1,,
2026-02-20 17:34:56,33,19,19,0,fit: 5,fit: 5,,,,0,0,0,0,1,,
2026-02-20 17:36:15,33,19,19,0,fit: 6,fit: 6,,,,0,0,0,0,1,,
2026-02-20 17:44:58,33,19,19,0,"fit: 6, efit: 1","fit: 6, efit: 1",,,,0,0,0,0,1,,
2026-02-20 18:01:20,33,19,19,0,"fit: 7, efit: 1","fit: 7, efit: 1",,,,0,0,0,0,1,,
2026-02-20 18:15:05,33,19,19,0,fit: 7,fit: 7,,,,0,0,0,0,1,,
2026-02-20 19:31:36,33,19,19,0,fit: 6,fit: 6,,,,0,0,0,0,1,,
2026-02-20 19:35:21,33,19,19,0,fit: 5,fit: 5,,,,0,0,0,0,1,,
2026-02-20 19:45:24,33,19,19,0,fit: 3,fit: 3,,,,0,0,0,0,1,,
2026-02-20 20:55:38,33,19,19,0,"fit: 3, efit: 1","fit: 3, efit: 1",,,,0,0,0,0,1,,
2026-02-20 21:25:44,33,19,19,0,fit: 3,fit: 3,,,,0,0,0,0,1,,
2026-02-20 22:15:54,33,19,19,0,fit: 2,fit: 2,,,,0,0,0,0,1,,
2026-02-20 23:22:16,33,19,19,0,fit: 1,fit: 1,,,,0,0,0,0,1,,
2026-02-21 00:01:16,33,19,19,0,fit: 1,fit: 1,,,,0,0,0,0,1,,
2026-02-21 00:16:19,33,19,19,0,"fit: 1, efit: 1","fit: 1, efit: 1",,,,0,0,0,0,1,,
2026-02-21 01:17:36,33,19,19,0,fit: 1,fit: 1,,,,0,0,0,0,1,,
2026-02-21 02:42:50,33,19,19,0,,,,,,0,0,0,0,1,,
2026-02-21 07:53:44,33,19,19,0,efit: 1,efit: 1,,,,0,0,0,0,1,,
2026-02-21 10:22:58,33,19,19,0,efit: 2,efit: 2,,,,0,0,0,0,1,,
2026-02-21 10:27:58,33,19,19,0,efit: 4,efit: 4,,,,0,0,0,0,1,,
2026-02-21 10:43:01,33,19,19,0,efit: 5,efit: 5,,,,0,0,0,0,1,,
2026-02-21 11:03:04,33,19,19,0,efit: 6,efit: 6,,,,0,0,0,0,1,,
2026-02-21 11:18:07,33,19,19,0,efit: 7,efit: 7,,,,0,0,0,0,1,,
2026-02-21 11:18:26,33,19,19,0,efit: 8,efit: 8,,,,0,0,0,0,1,,
2026-02-21 11:23:08,33,19,19,0,efit: 6,efit: 6,,,,0,0,0,0,1,,
2026-02-21 11:43:11,33,19,19,0,efit: 4,efit: 4,,,,0,0,0,0,1,,
2026-02-21 11:48:12,33,19,19,0,efit: 5,efit: 5,,,,0,0,0,0,1,,
2026-02-21 12:13:17,33,19,19,0,efit: 3,efit: 3,,,,0,0,0,0,1,,
2026-02-21 12:13:37,33,19,19,0,efit: 2,efit: 2,,,,0,0,0,0,1,,
2026-02-21 12:14:29,33,19,19,0,efit: 1,efit: 1,,,,0,0,0,0,1,,
2026-02-21 12:28:19,33,19,19,0,"fit: 2, efit: 3","fit: 1, efit: 3",fit: 1,,,0,0,0,0,1,,
2026-02-21 12:38:21,33,19,19,0,"fit: 2, efit: 4","fit: 1, efit: 4",fit: 1,,,0,0,0,0,1,,
2026-02-21 12:43:22,33,19,19,0,"fit: 2, efit: 5","fit: 1, efit: 4","fit: 1, efit: 1",,,0,0,0,0,1,,
2026-02-21 12:48:22,33,19,19,0,"fit: 3, efit: 5","fit: 2, efit: 4","fit: 1, efit: 1",,,0,0,0,0,1,,
2026-02-21 13:03:25,33,19,19,0,"fit: 3, efit: 4","fit: 2, efit: 3","fit: 1, efit: 1",,,0,0,0,0,1,,
2026-02-21 13:43:55,33,19,19,0,"fit: 3, efit: 3","fit: 2, efit: 2","fit: 1, efit: 1",,,0,0,0,0,1,,
2026-02-21 13:54:45,33,19,19,0,"fit: 3, efit: 4","fit: 2, efit: 3","fit: 1, efit: 1",,,0,0,0,0,1,,
2026-02-21 13:59:46,33,19,19,0,"fit: 3, efit: 3","fit: 2, efit: 2","fit: 1, efit: 1",,,0,0,0,0,1,,
2026-02-21 14:03:34,33,19,19,0,"fit: 3, efit: 2","fit: 2, efit: 1","fit: 1, efit: 1",,,0,0,0,0,1,,
2026-02-21 14:18:37,33,19,19,0,"fit: 3, efit: 4","fit: 2, efit: 3","fit: 1, efit: 1",,,0,0,0,0,1,,
2026-02-21 14:19:50,33,19,19,0,"fit: 5, efit: 4","fit: 4, efit: 3","fit: 1, efit: 1",,,0,0,0,0,1,,
2026-02-21 14:28:38,33,19,19,0,"fit: 5, efit: 3","fit: 4, efit: 2","fit: 1, efit: 1",,,0,0,0,0,1,,
2026-02-21 14:53:42,33,19,19,0,"fit: 6, efit: 3","fit: 5, efit: 2","fit: 1, efit: 1",,,0,0,0,0,1,,
2026-02-21 14:58:43,33,19,19,0,"fit: 6, efit: 4","fit: 5, efit: 3","fit: 1, efit: 1",,,0,0,0,0,1,,
2026-02-21 15:03:44,33,19,19,0,"fit: 6, efit: 7","fit: 5, efit: 6","fit: 1, efit: 1",,,0,0,0,0,1,,
2026-02-21 15:44:19,33,19,19,0,"fit: 6, efit: 8","fit: 5, efit: 7","fit: 1, efit: 1",,,0,0,0,0,1,,
2026-02-21 15:48:51,33,19,19,0,"fit: 6, efit: 9","fit: 5, efit: 8","fit: 1, efit: 1",,,0,0,0,0,1,,
2026-02-21 15:58:53,33,19,19,0,"fit: 6, efit: 5","fit: 5, efit: 4","fit: 1, efit: 1",,,0,0,0,0,1,,
2026-02-21 16:10:10,33,19,19,0,"fit: 6, efit: 4","fit: 5, efit: 3","fit: 1, efit: 1",,,0,0,0,0,1,,
2026-02-21 16:18:56,33,19,19,0,"fit: 6, efit: 3","fit: 5, efit: 2","fit: 1, efit: 1",,,0,0,0,0,1,,
2026-02-21 16:39:30,33,19,19,0,"fit: 6, efit: 2","fit: 5, efit: 1","fit: 1, efit: 1",,,0,0,0,0,1,,
2026-02-21 16:54:02,33,19,19,0,"fit: 7, efit: 2","fit: 6, efit: 1","fit: 1, efit: 1",,,0,0,0,0,1,,
2026-02-21 17:20:24,33,19,19,0,"fit: 8, efit: 1",fit: 7,"fit: 1, efit: 1",,,0,0,0,0,1,,
2026-02-21 17:29:08,33,19,19,0,"fit: 8, efit: 2","fit: 7, efit: 1","fit: 1, efit: 1",,,0,0,0,0,1,,
2026-02-21 17:30:25,33,19,19,0,"fit: 8, efit: 1",fit: 7,"fit: 1, efit: 1",,,0,0,0,0,1,,
2026-02-21 18:04:14,33,19,19,0,"fit: 6, efit: 1",fit: 5,"fit: 1, efit: 1",,,0,0,0,0,1,,
2026-02-21 18:04:47,33,19,19,0,"fit: 6, efit: 2","fit: 5, efit: 1","fit: 1, efit: 1",,,0,0,0,0,1,,
2026-02-21 18:05:32,33,19,19,0,"fit: 6, efit: 1",fit: 5,"fit: 1, efit: 1",,,0,0,0,0,1,,
2026-02-21 18:19:50,33,19,19,0,"fit: 6, efit: 3","fit: 5, efit: 2","fit: 1, efit: 1",,,0,0,0,0,1,,
2026-02-21 18:24:51,33,19,19,0,"fit: 6, efit: 2","fit: 5, efit: 1","fit: 1, efit: 1",,,0,0,0,0,1,,
2026-02-21 18:29:18,33,19,19,0,"fit: 7, efit: 1",fit: 6,"fit: 1, efit: 1",,,0,0,0,0,1,,
2026-02-21 20:05:13,33,19,19,0,"fit: 8, efit: 1",fit: 7,"fit: 1, efit: 1",,,0,0,0,0,1,,
2026-02-21 20:49:41,33,19,19,0,"fit: 8, efit: 2","fit: 7, efit: 1","fit: 1, efit: 1",,,0,0,0,0,1,,
2026-02-21 21:04:43,33,19,19,0,"fit: 8, efit: 3","fit: 7, efit: 2","fit: 1, efit: 1",,,0,0,0,0,1,,
2026-02-21 21:24:46,33,19,19,0,"fit: 8, efit: 2","fit: 7, efit: 1","fit: 1, efit: 1",,,0,0,0,0,1,,
2026-02-21 21:39:49,33,19,19,0,"fit: 8, efit: 1",fit: 7,"fit: 1, efit: 1",,,0,0,0,0,1,,
2026-02-22 00:00:13,33,19,19,0,"fit: 8, efit: 1",fit: 7,"fit: 1, efit: 1",,,0,0,0,0,1,,
2026-02-22 00:20:16,33,19,19,0,"fit: 8, efit: 2","fit: 7, efit: 1","fit: 1, efit: 1",,,0,0,0,0,1,,
2026-02-22 01:51:24,33,19,19,0,"fit: 8, efit: 1",fit: 7,"fit: 1, efit: 1",,,0,0,0,0,1,,
2026-02-22 10:16:53,33,19,19,0,"fit: 8, efit: 2","fit: 7, efit: 1","fit: 1, efit: 1",,,0,0,0,0,1,,
2026-02-22 11:02:00,33,19,19,0,"fit: 8, efit: 1",fit: 7,"fit: 1, efit: 1",,,0,0,0,0,1,,
2026-02-22 13:32:24,33,19,19,0,"fit: 8, efit: 2","fit: 7, efit: 1","fit: 1, efit: 1",,,0,0,0,0,1,,
2026-02-22 13:43:45,33,19,19,0,"fit: 8, efit: 3","fit: 7, efit: 2","fit: 1, efit: 1",,,0,0,0,0,1,,
2026-02-22 13:57:28,33,19,19,0,"fit: 8, efit: 2","fit: 7, efit: 1","fit: 1, efit: 1",,,0,0,0,0,1,,
2026-02-22 14:03:49,33,19,19,0,"fit: 7, efit: 1","fit: 7, efit: 1",,,,0,0,0,0,1,,
2026-02-22 14:07:29,33,19,19,0,"fit: 7, efit: 2","fit: 7, efit: 2",,,,0,0,0,0,1,,
2026-02-22 14:23:53,33,19,19,0,"fit: 7, efit: 4","fit: 7, efit: 4",,,,0,0,0,0,1,,
2026-02-22 14:37:34,33,19,19,0,"fit: 7, efit: 2","fit: 7, efit: 2",,,,0,0,0,0,1,,
2026-02-22 14:49:08,33,19,19,0,"fit: 6, efit: 2","fit: 6, efit: 2",,,,0,0,0,0,1,,
2026-02-22 14:52:37,33,19,19,0,"fit: 7, efit: 2","fit: 7, efit: 2",,,,0,0,0,0,1,,
2026-02-22 14:53:59,33,19,19,0,"fit: 6, efit: 2","fit: 6, efit: 2",,,,0,0,0,0,1,,
2026-02-22 14:57:38,33,19,19,0,"fit: 6, efit: 3","fit: 6, efit: 3",,,,0,0,0,0,1,,
2026-02-22 15:02:38,33,19,19,0,"fit: 6, efit: 4","fit: 6, efit: 4",,,,0,0,0,0,1,,
2026-02-22 16:07:49,33,19,19,0,"fit: 6, efit: 5","fit: 6, efit: 5",,,,0,0,0,0,1,,
2026-02-22 16:22:51,33,19,19,0,"fit: 6, efit: 4","fit: 6, efit: 4",,,,0,0,0,0,1,,
2026-02-22 16:24:17,33,19,19,0,"fit: 6, efit: 3","fit: 6, efit: 3",,,,0,0,0,0,1,,
2026-02-22 17:43:04,33,19,19,0,"fit: 6, efit: 2","fit: 6, efit: 2",,,,0,0,0,0,1,,
2026-02-22 17:48:05,33,19,19,0,"fit: 6, efit: 3","fit: 6, efit: 3",,,,0,0,0,0,1,,
2026-02-22 17:49:34,33,19,19,0,"fit: 7, efit: 3","fit: 7, efit: 3",,,,0,0,0,0,1,,
2026-02-22 17:53:06,33,19,19,0,"fit: 7, efit: 2","fit: 7, efit: 2",,,,0,0,0,0,1,,
2026-02-22 17:58:07,33,19,19,0,"fit: 7, efit: 4","fit: 7, efit: 4",,,,0,0,0,0,1,,
2026-02-22 18:04:37,33,19,19,0,"fit: 7, efit: 5","fit: 7, efit: 5",,,,0,0,0,0,1,,
2026-02-22 18:28:11,33,19,19,0,"fit: 8, efit: 4","fit: 8, efit: 4",,,,0,0,0,0,1,,
2026-02-22 18:33:12,33,19,19,0,"fit: 8, efit: 5","fit: 8, efit: 5",,,,0,0,0,0,1,,
2026-02-22 18:38:13,33,19,19,0,"fit: 8, efit: 4","fit: 8, efit: 4",,,,0,0,0,0,1,,
2026-02-22 18:53:16,33,19,19,0,"fit: 8, efit: 5","fit: 8, efit: 5",,,,0,0,0,0,1,,
2026-02-22 18:54:47,33,19,19,0,"fit: 8, efit: 4","fit: 8, efit: 4",,,,0,0,0,0,1,,
2026-02-22 18:58:17,33,19,19,0,"fit: 8, efit: 3","fit: 8, efit: 3",,,,0,0,0,0,1,,
2026-02-22 19:54:59,33,19,19,0,"fit: 8, efit: 2","fit: 8, efit: 2",,,,0,0,0,0,1,,
2026-02-22 20:08:28,33,19,19,0,"fit: 8, efit: 3","fit: 8, efit: 3",,,,0,0,0,0,1,,
2026-02-22 20:13:29,33,19,19,0,"fit: 8, efit: 2","fit: 8, efit: 2",,,,0,0,0,0,1,,
2026-02-22 20:38:33,33,19,19,0,"fit: 8, efit: 1","fit: 8, efit: 1",,,,0,0,0,0,1,,
2026-02-22 21:53:45,33,19,19,0,fit: 8,fit: 8,,,,0,0,0,0,1,,
2026-02-22 23:35:36,33,19,19,0,fit: 7,fit: 7,,,,0,0,0,0,1,,
2026-02-23 00:00:41,33,19,19,0,fit: 7,fit: 7,,,,0,0,0,0,1,,
2026-02-23 00:09:07,33,19,19,0,fit: 6,fit: 6,,,,0,0,0,0,1,,
2026-02-23 00:10:42,33,19,19,0,fit: 7,fit: 7,,,,0,0,0,0,1,,
2026-02-23 08:52:27,33,19,19,0,fit: 6,fit: 6,,,,0,0,0,0,1,,
2026-02-23 09:30:38,33,19,19,0,"fit: 6, efit: 1","fit: 6, efit: 1",,,,0,0,0,0,1,,
2026-02-23 09:50:41,33,19,19,0,"fit: 6, efit: 2","fit: 6, efit: 2",,,,0,0,0,0,1,,
2026-02-23 09:52:39,33,19,19,0,"fit: 6, efit: 3","fit: 6, efit: 2",efit: 1,,,0,0,0,0,1,,
2026-02-23 09:57:26,33,19,19,0,"fit: 6, efit: 4","fit: 6, efit: 3",efit: 1,,,0,0,0,0,1,,
2026-02-23 10:20:46,33,19,19,0,"fit: 6, efit: 5","fit: 6, efit: 4",efit: 1,,,0,0,0,0,1,,
2026-02-23 10:30:47,33,19,19,0,"fit: 6, efit: 6","fit: 6, efit: 5",efit: 1,,,0,0,0,0,1,,
2026-02-23 10:55:51,33,19,19,0,"fit: 6, efit: 5","fit: 6, efit: 4",efit: 1,,,0,0,0,0,1,,
2026-02-23 11:00:52,33,19,19,0,"fit: 6, efit: 6","fit: 6, efit: 5",efit: 1,,,0,0,0,0,1,,
2026-02-23 11:05:53,33,19,19,0,"fit: 6, efit: 5","fit: 6, efit: 4",efit: 1,,,0,0,0,0,1,,
2026-02-23 11:32:43,33,19,19,0,"fit: 6, efit: 4","fit: 6, efit: 3",efit: 1,,,0,0,0,0,1,,
2026-02-23 11:37:44,33,19,19,0,"fit: 6, efit: 3","fit: 6, efit: 2",efit: 1,,,0,0,0,0,1,,
2026-02-23 11:45:59,33,19,19,0,"fit: 5, efit: 3","fit: 5, efit: 2",efit: 1,,,0,0,0,0,1,,
2026-02-23 11:51:00,33,19,19,0,"fit: 5, efit: 5","fit: 5, efit: 4",efit: 1,,,0,0,0,0,1,,
2026-02-23 11:52:47,33,19,19,0,"fit: 5, efit: 4","fit: 5, efit: 3",efit: 1,,,0,0,0,0,1,,
2026-02-23 11:57:47,33,19,19,0,"fit: 6, efit: 4","fit: 6, efit: 3",efit: 1,,,0,0,0,0,1,,
2026-02-23 12:02:48,33,19,19,0,"fit: 6, efit: 5","fit: 6, efit: 4",efit: 1,,,0,0,0,0,1,,
2026-02-23 12:17:51,33,19,19,0,"fit: 6, efit: 6","fit: 6, efit: 5",efit: 1,,,0,0,0,0,1,,
2026-02-23 12:42:56,33,19,19,0,"fit: 6, efit: 5","fit: 6, efit: 4",efit: 1,,,0,0,0,0,1,,
2026-02-23 12:52:57,33,19,19,0,"fit: 6, efit: 4","fit: 6, efit: 3",efit: 1,,,0,0,0,0,1,,
2026-02-23 12:56:12,33,19,19,0,"fit: 6, efit: 3","fit: 6, efit: 2",efit: 1,,,0,0,0,0,1,,
2026-02-23 13:06:13,33,19,19,0,"fit: 6, efit: 4","fit: 6, efit: 3",efit: 1,,,0,0,0,0,1,,
2026-02-23 13:51:20,33,19,19,0,"fit: 6, efit: 2","fit: 6, efit: 1",efit: 1,,,0,0,0,0,1,,
2026-02-23 13:56:21,33,19,19,0,"fit: 6, efit: 3","fit: 6, efit: 2",efit: 1,,,0,0,0,0,1,,
2026-02-23 13:58:09,33,19,19,0,"fit: 6, efit: 4","fit: 6, efit: 3",efit: 1,,,0,0,0,0,1,,
2026-02-23 14:01:22,33,19,19,0,"fit: 6, efit: 3","fit: 6, efit: 2",efit: 1,,,0,0,0,0,1,,
2026-02-23 14:16:24,33,19,19,0,"fit: 6, efit: 2","fit: 6, efit: 2",,,,0,0,0,0,1,,
2026-02-23 14:18:12,33,19,19,0,"fit: 6, efit: 3","fit: 6, efit: 3",,,,0,0,0,0,1,,
2026-02-23 14:21:25,33,19,19,0,"fit: 6, efit: 4","fit: 6, efit: 4",,,,0,0,0,0,1,,
2026-02-23 14:31:27,33,19,19,0,"fit: 6, efit: 5","fit: 6, efit: 5",,,,0,0,0,0,1,,
2026-02-23 14:41:29,33,19,19,0,"fit: 6, efit: 6","fit: 6, efit: 6",,,,0,0,0,0,1,,
2026-02-23 14:43:16,33,19,19,0,"fit: 7, efit: 6","fit: 7, efit: 6",,,,0,0,0,0,1,,
2026-02-23 14:48:17,33,19,19,0,"fit: 7, efit: 7","fit: 7, efit: 7",,,,0,0,0,0,1,,
2026-02-23 14:48:33,33,19,19,0,"fit: 7, efit: 8","fit: 7, efit: 8",,,,0,0,0,0,1,,
2026-02-23 14:51:30,33,19,19,0,"fit: 7, efit: 9","fit: 7, efit: 9",,,,0,0,0,0,1,,
2026-02-23 14:53:18,33,19,19,0,"fit: 7, efit: 10","fit: 7, efit: 10",,,,0,0,0,0,1,,
2026-02-23 15:16:34,33,19,19,0,"fit: 7, efit: 11","fit: 7, efit: 11",,,,0,0,0,0,1,,
2026-02-23 15:31:37,33,19,19,0,"fit: 7, efit: 10","fit: 7, efit: 10",,,,0,0,0,0,1,,
2026-02-23 15:56:41,33,19,19,0,"fit: 8, efit: 10","fit: 8, efit: 10",,,,0,0,0,0,1,,
2026-02-23 16:06:42,33,19,19,0,"fit: 8, efit: 9","fit: 8, efit: 9",,,,0,0,0,0,1,,
2026-02-23 16:36:47,33,19,19,0,"fit: 9, efit: 7","fit: 9, efit: 7",,,,0,0,0,0,1,,
2026-02-23 17:01:51,33,19,19,0,"fit: 9, efit: 6","fit: 9, efit: 6",,,,0,0,0,0,1,,
2026-02-23 17:08:41,33,19,19,0,"fit: 9, efit: 5","fit: 9, efit: 5",,,,0,0,0,0,1,,
2026-02-23 17:11:53,33,19,19,0,"fit: 9, efit: 4","fit: 9, efit: 4",,,,0,0,0,0,1,,
2026-02-23 17:18:43,33,19,19,0,"fit: 9, efit: 3","fit: 9, efit: 3",,,,0,0,0,0,1,,
2026-02-23 17:46:58,33,19,19,0,"fit: 9, efit: 1","fit: 9, efit: 1",,,,0,0,0,0,1,,
2026-02-23 17:57:00,33,19,19,0,fit: 9,fit: 9,,,,0,0,0,0,1,,
2026-02-23 18:22:05,33,19,19,0,fit: 8,fit: 8,,,,0,0,0,0,1,,
2026-02-23 19:24:04,33,19,19,0,"fit: 8, efit: 1","fit: 8, efit: 1",,,,0,0,0,0,1,,
2026-02-23 19:27:15,33,19,19,0,"fit: 8, efit: 2","fit: 8, efit: 2",,,,0,0,0,0,1,,
2026-02-23 19:37:17,33,19,19,0,"fit: 9, efit: 2","fit: 9, efit: 2",,,,0,0,0,0,1,,
2026-02-23 19:39:07,33,19,19,0,"fit: 9, efit: 3","fit: 9, efit: 3",,,,0,0,0,0,1,,
2026-02-23 20:07:22,33,19,19,0,"fit: 9, efit: 2","fit: 9, efit: 2",,,,0,0,0,0,1,,
2026-02-23 21:04:21,33,19,19,0,"fit: 9, efit: 1","fit: 9, efit: 1",,,,0,0,0,0,1,,
2026-02-23 21:17:33,33,19,19,0,fit: 9,fit: 9,,,,0,0,0,0,1,,
2026-02-23 21:57:40,33,19,19,0,"fit: 9, efit: 1","fit: 9, efit: 1",,,,0,0,0,0,1,,
2026-02-23 22:27:45,33,19,19,0,fit: 9,fit: 9,,,,0,0,0,0,1,,
2026-02-24 00:00:16,33,19,19,0,fit: 9,fit: 9,,,,0,0,0,0,1,,
2026-02-24 07:56:20,33,19,19,0,"fit: 9, efit: 1","fit: 9, efit: 1",,,,0,0,0,0,1,,
2026-02-24 09:11:35,33,19,19,0,fit: 9,fit: 9,,,,0,0,0,0,1,,
2026-02-24 09:26:37,33,19,19,0,fit: 10,fit: 10,,,,0,0,0,0,1,,
2026-02-24 09:46:41,33,19,19,0,"fit: 10, efit: 1","fit: 10, efit: 1",,,,0,0,0,0,1,,
2026-02-24 10:51:53,33,19,19,0,"fit: 11, efit: 1","fit: 11, efit: 1",,,,0,0,0,0,1,,
2026-02-24 11:58:14,33,19,19,0,"fit: 11, efit: 2","fit: 11, efit: 2",,,,0,0,0,0,1,,
2026-02-24 12:12:08,33,19,19,0,"fit: 11, efit: 3","fit: 11, efit: 3",,,,0,0,0,0,1,,
2026-02-24 12:22:09,33,19,19,0,"fit: 11, efit: 2","fit: 11, efit: 2",,,,0,0,0,0,1,,
2026-02-24 12:32:37,33,19,19,0,"fit: 11, efit: 3","fit: 11, efit: 3",,,,0,0,0,0,1,,
2026-02-24 12:57:16,33,19,19,0,"fit: 11, efit: 4","fit: 11, efit: 4",,,,0,0,0,0,1,,
2026-02-24 13:07:18,33,19,19,0,"fit: 11, efit: 3","fit: 11, efit: 3",,,,0,0,0,0,1,,
2026-02-24 13:52:26,33,19,19,0,"fit: 11, efit: 2","fit: 11, efit: 2",,,,0,0,0,0,1,,
2026-02-24 14:03:44,33,19,19,0,"fit: 11, efit: 1","fit: 11, efit: 1",,,,0,0,0,0,1,,
2026-02-24 14:12:29,33,19,19,0,"fit: 11, efit: 2","fit: 11, efit: 2",,,,0,0,0,0,1,,
2026-02-24 14:22:55,33,19,19,0,"fit: 11, efit: 1","fit: 11, efit: 1",,,,0,0,0,0,1,,
2026-02-24 14:27:32,33,19,19,0,"fit: 11, efit: 2","fit: 11, efit: 2",,,,0,0,0,0,1,,
2026-02-24 14:47:36,33,19,19,0,fit: 11,fit: 11,,,,0,0,0,0,1,,
2026-02-24 14:52:37,33,19,19,0,"fit: 11, efit: 2","fit: 11, efit: 2",,,,0,0,0,0,1,,
2026-02-24 15:14:03,33,19,19,0,"fit: 11, efit: 3","fit: 11, efit: 3",,,,0,0,0,0,1,,
2026-02-24 15:42:46,33,19,19,0,"fit: 11, efit: 2","fit: 11, efit: 2",,,,0,0,0,0,1,,
2026-02-24 15:47:47,33,19,19,0,"fit: 11, efit: 3","fit: 11, efit: 3",,,,0,0,0,0,1,,
2026-02-24 15:52:48,33,19,19,0,"fit: 11, efit: 2","fit: 11, efit: 2",,,,0,0,0,0,1,,
2026-02-24 15:57:49,33,19,19,0,"fit: 11, efit: 1","fit: 11, efit: 1",,,,0,0,0,0,1,,
2026-02-24 16:42:57,33,19,19,0,"fit: 11, efit: 2","fit: 11, efit: 1",,,,0,0,0,0,1,,
2026-02-24 16:51:41,33,19,19,0,"fit: 11, efit: 1",fit: 11,,,,0,0,0,0,1,,
2026-02-24 17:06:26,33,19,19,0,"fit: 11, efit: 1","fit: 11, efit: 1",,,,0,0,0,0,1,,
2026-02-24 17:10:00,33,19,19,0,"fit: 11, efit: 2","fit: 11, efit: 2",,,,0,0,0,0,1,,
2026-02-24 17:20:02,33,19,19,0,"fit: 11, efit: 1","fit: 11, efit: 1",,,,0,0,0,0,1,,
2026-02-24 17:21:30,33,19,19,0,fit: 11,fit: 11,,,,0,0,0,0,1,,
2026-02-24 17:25:03,33,19,19,0,fit: 10,fit: 10,,,,0,0,0,0,1,,
2026-02-24 17:35:39,33,19,19,0,"fit: 10, efit: 2","fit: 10, efit: 2",,,,0,0,0,0,1,,
2026-02-24 17:40:06,33,19,19,0,"fit: 10, efit: 3","fit: 10, efit: 3",,,,0,0,0,0,1,,
2026-02-24 17:41:35,33,19,19,0,"fit: 10, efit: 4","fit: 10, efit: 4",,,,0,0,0,0,1,,
2026-02-24 17:51:37,33,19,19,0,"fit: 10, efit: 3","fit: 10, efit: 3",,,,0,0,0,0,1,,
2026-02-24 18:05:10,33,19,19,0,"fit: 11, efit: 3","fit: 11, efit: 3",,,,0,0,0,0,1,,
2026-02-24 18:20:13,33,19,19,0,"fit: 11, efit: 1","fit: 11, efit: 1",,,,0,0,0,0,1,,
2026-02-24 18:25:14,33,19,19,0,fit: 11,fit: 11,,,,0,0,0,0,1,,
2026-02-24 18:40:16,33,19,19,0,"fit: 11, efit: 1","fit: 11, efit: 1",,,,0,0,0,0,1,,
2026-02-24 18:45:17,33,19,19,0,fit: 11,fit: 11,,,,0,0,0,0,1,,
2026-02-24 18:46:51,33,19,19,0,"fit: 11, efit: 1","fit: 11, efit: 1",,,,0,0,0,0,1,,
2026-02-24 18:50:18,33,19,19,0,fit: 11,fit: 11,,,,0,0,0,0,1,,
2026-02-24 19:00:20,33,19,19,0,"fit: 11, efit: 2","fit: 11, efit: 2",,,,0,0,0,0,1,,
2026-02-24 19:10:53,33,19,19,0,"fit: 11, efit: 1","fit: 11, efit: 1",,,,0,0,0,0,1,,
2026-02-24 19:22:01,33,19,19,0,"fit: 11, efit: 2","fit: 11, efit: 2",,,,0,0,0,0,1,,
2026-02-24 19:25:26,33,19,19,0,"fit: 10, efit: 2","fit: 10, efit: 2",,,,0,0,0,0,1,,
2026-02-24 19:30:26,33,19,19,0,"fit: 10, efit: 1","fit: 10, efit: 1",,,,0,0,0,0,1,,
2026-02-24 20:37:19,33,19,19,0,fit: 10,fit: 10,,,,0,0,0,0,1,,
2026-02-24 23:31:09,33,19,19,0,fit: 9,fit: 9,,,,0,0,0,0,1,,
2026-02-25 00:01:15,33,19,19,0,fit: 9,fit: 9,,,,0,0,0,0,1,,
2026-02-25 02:01:54,33,19,19,0,fit: 8,fit: 8,,,,0,0,0,0,1,,
2026-02-25 08:32:41,33,19,19,0,"fit: 8, efit: 1","fit: 8, efit: 1",,,,0,0,0,0,1,,
2026-02-25 08:40:22,33,19,19,0,"fit: 8, efit: 2","fit: 8, efit: 2",,,,0,0,0,0,1,,
2026-02-25 08:55:26,33,19,19,0,"fit: 9, efit: 2","fit: 9, efit: 2",,,,0,0,0,0,1,,
2026-02-25 09:00:27,33,19,19,0,"fit: 9, efit: 3","fit: 9, efit: 3",,,,0,0,0,0,1,,
2026-02-25 09:37:52,33,19,19,0,"fit: 9, efit: 4","fit: 9, efit: 4",,,,0,0,0,0,1,,
2026-02-25 09:43:01,33,19,19,0,"fit: 9, efit: 3","fit: 9, efit: 3",,,,0,0,0,0,1,,
2026-02-25 09:55:40,33,19,19,0,"fit: 9, efit: 4","fit: 9, efit: 4",,,,0,0,0,0,1,,
2026-02-25 09:57:55,33,19,19,0,"fit: 10, efit: 4","fit: 10, efit: 4",,,,0,0,0,0,1,,
2026-02-25 10:00:42,33,19,19,0,"fit: 10, efit: 5","fit: 10, efit: 5",,,,0,0,0,0,1,,
2026-02-25 10:12:58,33,19,19,0,"fit: 11, efit: 5","fit: 11, efit: 5",,,,0,0,0,0,1,,
2026-02-25 10:25:48,33,19,19,0,"fit: 11, efit: 6","fit: 11, efit: 6",,,,0,0,0,0,1,,
2026-02-25 10:30:49,33,19,19,0,"fit: 5, efit: 7","fit: 5, efit: 7",,,,0,0,0,0,1,,
2026-02-25 10:33:02,33,19,19,0,"fit: 3, efit: 7","fit: 3, efit: 7",,,,0,0,0,0,1,,
2026-02-25 10:35:50,33,19,19,0,"fit: 4, efit: 7","fit: 4, efit: 7",,,,0,0,0,0,1,,
2026-02-25 10:38:03,33,19,19,0,"fit: 4, efit: 6","fit: 4, efit: 6",,,,0,0,0,0,1,,
2026-02-25 10:48:05,33,19,19,0,"fit: 4, efit: 7","fit: 4, efit: 7",,,,0,0,0,0,1,,
2026-02-25 10:55:55,33,19,19,0,"fit: 4, efit: 6","fit: 4, efit: 6",,,,0,0,0,0,1,,
2026-02-25 11:00:56,33,19,19,0,"fit: 5, efit: 5","fit: 5, efit: 5",,,,0,0,0,0,1,,
2026-02-25 11:46:08,33,19,19,0,"fit: 5, efit: 6","fit: 5, efit: 6",,,,0,0,0,0,1,,
2026-02-25 11:53:17,33,19,19,0,"fit: 5, efit: 5","fit: 5, efit: 5",,,,0,0,0,0,1,,
2026-02-25 11:56:10,33,19,19,0,"fit: 5, efit: 6","fit: 5, efit: 6",,,,0,0,0,0,1,,
2026-02-25 11:58:18,33,19,19,0,"fit: 5, efit: 7","fit: 5, efit: 7",,,,0,0,0,0,1,,
2026-02-25 11:58:22,33,19,19,0,"fit: 5, efit: 8","fit: 5, efit: 8",,,,0,0,0,0,1,,
2026-02-25 12:33:24,33,19,19,0,"fit: 5, efit: 11","fit: 5, efit: 11",,,,0,0,0,0,1,,
2026-02-25 12:43:26,33,19,19,0,"fit: 5, efit: 13","fit: 5, efit: 13",,,,0,0,0,0,1,,
2026-02-25 12:46:23,33,19,19,0,"fit: 3, efit: 13","fit: 3, efit: 13",,,,0,0,0,0,1,,
2026-02-25 12:48:27,33,19,19,0,"fit: 1, efit: 13","fit: 1, efit: 13",,,,0,0,0,0,1,,
2026-02-25 12:51:24,33,19,19,0,"fit: 1, efit: 14","fit: 1, efit: 14",,,,0,0,0,0,1,,
2026-02-25 12:53:28,33,19,19,0,"fit: 1, efit: 13","fit: 1, efit: 13",,,,0,0,0,0,1,,
2026-02-25 13:06:28,33,19,19,0,"fit: 1, efit: 14","fit: 1, efit: 14",,,,0,0,0,0,1,,
2026-02-25 13:41:36,33,19,19,0,"fit: 2, efit: 14","fit: 2, efit: 14",,,,0,0,0,0,1,,
2026-02-25 13:43:36,33,19,19,0,"fit: 2, efit: 13","fit: 2, efit: 13",,,,0,0,0,0,1,,
2026-02-25 13:46:38,33,19,19,0,"fit: 2, efit: 12","fit: 2, efit: 12",,,,0,0,0,0,1,,
2026-02-25 13:51:39,33,19,19,0,"fit: 2, efit: 11","fit: 2, efit: 11",,,,0,0,0,0,1,,
2026-02-25 13:53:38,33,19,19,0,"fit: 2, efit: 10","fit: 2, efit: 10",,,,0,0,0,0,1,,
2026-02-25 14:21:47,33,19,19,0,"fit: 2, efit: 9","fit: 2, efit: 9",,,,0,0,0,0,1,,
2026-02-25 14:26:48,33,19,19,0,"fit: 2, efit: 7","fit: 2, efit: 7",,,,0,0,0,0,1,,
2026-02-25 14:51:54,33,19,19,0,"fit: 3, efit: 8","fit: 3, efit: 8",,,,0,0,0,0,1,,
2026-02-25 14:53:45,33,19,19,0,"fit: 4, efit: 8","fit: 4, efit: 8",,,,0,0,0,0,1,,
2026-02-25 14:58:45,33,19,19,0,"fit: 4, efit: 9","fit: 4, efit: 9",,,,0,0,0,0,1,,
2026-02-25 15:08:46,33,19,19,0,"fit: 5, efit: 9","fit: 5, efit: 9",,,,0,0,0,0,1,,
2026-02-25 15:27:03,33,19,19,0,"fit: 5, efit: 8","fit: 5, efit: 8",,,,0,0,0,0,1,,
2026-02-25 15:28:49,33,19,19,0,"fit: 5, efit: 7","fit: 5, efit: 7",,,,0,0,0,0,1,,
2026-02-25 15:47:09,33,19,19,0,"fit: 4, efit: 6","fit: 4, efit: 6",,,,0,0,0,0,1,,
2026-02-25 15:52:10,33,19,19,0,"fit: 4, efit: 5","fit: 4, efit: 5",,,,0,0,0,0,1,,
2026-02-25 16:08:55,33,19,19,0,"fit: 4, efit: 6","fit: 4, efit: 6",,,,0,0,0,0,1,,
2026-02-25 16:12:15,33,19,19,0,"fit: 4, efit: 5","fit: 4, efit: 5",,,,0,0,0,0,1,,
2026-02-25 16:17:16,33,19,19,0,"fit: 5, efit: 4","fit: 5, efit: 4",,,,0,0,0,0,1,,
2026-02-25 16:18:56,33,19,19,0,"fit: 5, efit: 2","fit: 5, efit: 2",,,,0,0,0,0,1,,
2026-02-25 16:32:20,33,19,19,0,"fit: 5, efit: 1","fit: 5, efit: 1",,,,0,0,0,0,1,,
2026-02-25 16:47:24,33,19,19,0,fit: 6,fit: 6,,,,0,0,0,0,1,,
2026-02-25 16:57:27,33,19,19,0,"fit: 6, efit: 1","fit: 6, efit: 1",,,,0,0,0,0,1,,
2026-02-25 16:59:03,33,19,19,0,fit: 7,fit: 7,,,,0,0,0,0,1,,
2026-02-25 17:02:28,33,19,19,0,fit: 15,fit: 15,,,,0,0,0,0,1,,
2026-02-25 17:04:03,33,19,19,0,fit: 14,fit: 14,,,,0,0,0,0,1,,
2026-02-25 17:09:04,33,19,19,0,fit: 13,fit: 13,,,,0,0,0,0,1,,
2026-02-25 17:37:36,33,19,19,0,fit: 12,fit: 12,,,,0,0,0,0,1,,
2026-02-25 17:39:09,33,19,19,0,"fit: 12, efit: 1","fit: 12, efit: 1",,,,0,0,0,0,1,,
2026-02-25 17:47:39,33,19,19,0,"fit: 12, efit: 3","fit: 12, efit: 3",,,,0,0,0,0,1,,
2026-02-25 17:52:40,33,19,19,0,"fit: 12, efit: 2","fit: 12, efit: 2",,,,0,0,0,0,1,,
2026-02-25 18:07:43,33,19,19,0,fit: 12,fit: 12,,,,0,0,0,0,1,,
2026-02-25 18:09:14,33,19,19,0,fit: 11,fit: 11,,,,0,0,0,0,1,,
2026-02-25 18:09:18,33,19,19,0,fit: 12,fit: 12,,,,0,0,0,0,1,,
2026-02-25 18:12:44,33,19,19,0,fit: 11,fit: 11,,,,0,0,0,0,1,,
2026-02-25 19:02:57,33,19,19,0,fit: 10,fit: 10,,,,0,0,0,0,1,,
2026-02-25 19:12:59,33,19,19,0,"fit: 10, efit: 1","fit: 10, efit: 1",,,,0,0,0,0,1,,
2026-02-25 19:18:00,33,19,19,0,fit: 10,fit: 10,,,,0,0,0,0,1,,
2026-02-25 19:34:26,33,19,19,0,"fit: 10, efit: 1","fit: 10, efit: 1",,,,0,0,0,0,1,,
2026-02-25 19:44:28,33,19,19,0,"fit: 10, efit: 2","fit: 10, efit: 2",,,,0,0,0,0,1,,
2026-02-25 19:48:07,33,19,19,0,"fit: 10, efit: 1","fit: 10, efit: 1",,,,0,0,0,0,1,,
2026-02-25 19:53:09,33,19,19,0,fit: 10,fit: 10,,,,0,0,0,0,1,,
2026-02-25 20:28:17,33,19,19,0,fit: 11,fit: 11,,,,0,0,0,0,1,,
2026-02-25 21:13:28,33,19,19,0,fit: 10,fit: 10,,,,0,0,0,0,1,,
2026-02-25 21:14:42,33,19,19,0,fit: 9,fit: 9,,,,0,0,0,0,1,,
2026-02-25 21:23:30,33,19,19,0,"fit: 9, efit: 1","fit: 9, efit: 1",,,,0,0,0,0,1,,
2026-02-25 21:43:35,33,19,19,0,fit: 9,fit: 9,,,,0,0,0,0,1,,
2026-02-25 21:48:36,33,19,19,0,fit: 8,fit: 8,,,,0,0,0,0,1,,
2026-02-25 22:18:43,33,19,19,0,fit: 7,fit: 7,,,,0,0,0,0,1,,
2026-02-25 23:59:08,33,19,19,0,fit: 6,fit: 6,,,,0,0,0,0,1,,
2026-02-26 00:00:07,33,19,19,0,fit: 6,fit: 6,,,,0,0,0,0,1,,
2026-02-26 00:39:18,33,19,19,0,fit: 5,fit: 5,,,,0,0,0,0,1,,
2026-02-26 00:55:16,33,19,19,0,fit: 4,fit: 4,,,,0,0,0,0,1,,
2026-02-26 00:55:29,33,19,19,0,fit: 3,fit: 3,,,,0,0,0,0,1,,
2026-02-26 07:41:04,33,19,19,0,fit: 2,fit: 2,,,,0,0,0,0,1,,
2026-02-26 07:46:39,33,19,19,0,"fit: 2, efit: 1","fit: 2, efit: 1",,,,0,0,0,0,1,,
2026-02-26 08:31:17,33,19,19,0,"fit: 3, efit: 1","fit: 3, efit: 1",,,,0,0,0,0,1,,
2026-02-26 08:36:18,33,19,19,0,"fit: 3, efit: 2","fit: 3, efit: 2",,,,0,0,0,0,1,,
2026-02-26 08:56:23,33,19,19,0,"fit: 3, efit: 1","fit: 3, efit: 1",,,,0,0,0,0,1,,
2026-02-26 09:01:24,33,19,19,0,"fit: 3, efit: 2","fit: 3, efit: 2",,,,0,0,0,0,1,,
2026-02-26 09:21:29,33,19,19,0,"fit: 4, efit: 1","fit: 4, efit: 1",,,,0,0,0,0,1,,
2026-02-26 09:26:30,33,19,19,0,"fit: 5, efit: 1","fit: 5, efit: 1",,,,0,0,0,0,1,,
2026-02-26 09:31:31,33,19,19,0,"fit: 5, efit: 2","fit: 5, efit: 2",,,,0,0,0,0,1,,
2026-02-26 09:36:31,33,19,19,0,"fit: 7, efit: 2","fit: 7, efit: 2",,,,0,0,0,0,1,,
2026-02-26 09:46:59,33,19,19,0,"fit: 7, efit: 3","fit: 7, efit: 3",,,,0,0,0,0,1,,
2026-02-26 09:51:33,33,19,19,0,"fit: 7, efit: 4","fit: 7, efit: 4",,,,0,0,0,0,1,,
2026-02-26 09:56:34,33,19,19,0,"fit: 8, efit: 5","fit: 8, efit: 5",,,,0,0,0,0,1,,
2026-02-26 10:01:35,33,19,19,0,"fit: 8, efit: 6","fit: 8, efit: 6",,,,0,0,0,0,1,,
2026-02-26 10:51:43,33,19,19,0,"fit: 8, efit: 5","fit: 8, efit: 5",,,,0,0,0,0,1,,
2026-02-26 10:56:43,33,19,19,0,"fit: 9, efit: 6","fit: 9, efit: 5",efit: 1,,,0,0,0,0,1,,
2026-02-26 11:06:45,33,19,19,0,"fit: 9, efit: 7","fit: 9, efit: 6",efit: 1,,,0,0,0,0,1,,
2026-02-26 11:11:46,33,19,19,0,"fit: 9, efit: 8","fit: 9, efit: 7",efit: 1,,,0,0,0,0,1,,
2026-02-26 11:36:50,33,19,19,0,"fit: 9, efit: 8","fit: 9, efit: 8",,,,0,0,0,0,1,,
2026-02-26 11:41:50,33,19,19,0,"fit: 9, efit: 7","fit: 9, efit: 6",efit: 1,,,0,0,0,0,1,,
2026-02-26 11:46:51,33,19,19,0,"fit: 9, efit: 6","fit: 9, efit: 5",efit: 1,,,0,0,0,0,1,,
2026-02-26 11:56:53,33,19,19,0,"fit: 9, efit: 5","fit: 9, efit: 4",efit: 1,,,0,0,0,0,1,,
2026-02-26 12:01:55,33,19,19,0,"fit: 9, efit: 5","fit: 9, efit: 5",,,,0,0,0,0,1,,
2026-02-26 12:06:56,33,19,19,0,"fit: 9, efit: 5","fit: 9, efit: 4",efit: 1,,,0,0,0,0,1,,
2026-02-26 12:21:58,33,19,19,0,"fit: 9, efit: 4","fit: 9, efit: 4",,,,0,0,0,0,1,,
2026-02-26 12:32:00,33,19,19,0,"fit: 9, efit: 5","fit: 9, efit: 5",,,,0,0,0,0,1,,
2026-02-26 12:52:03,33,19,19,0,"fit: 9, efit: 4","fit: 9, efit: 4",,,,0,0,0,0,1,,
2026-02-26 13:02:05,33,19,19,0,"fit: 10, efit: 4","fit: 10, efit: 4",,,,0,0,0,0,1,,
2026-02-26 13:07:05,33,19,19,0,"fit: 10, efit: 5","fit: 10, efit: 5",,,,0,0,0,0,1,,
2026-02-26 13:12:06,33,19,19,0,"fit: 10, efit: 6","fit: 10, efit: 6",,,,0,0,0,0,1,,
2026-02-26 13:47:35,33,19,19,0,"fit: 10, efit: 7","fit: 10, efit: 7",,,,0,0,0,0,1,,
2026-02-26 13:57:13,33,19,19,0,"fit: 10, efit: 9","fit: 10, efit: 9",,,,0,0,0,0,1,,
2026-02-26 14:27:49,33,19,19,0,"fit: 10, efit: 8","fit: 10, efit: 8",,,,0,0,0,0,1,,
2026-02-26 14:37:19,33,19,19,0,"fit: 10, efit: 9","fit: 10, efit: 9",,,,0,0,0,0,1,,
2026-02-26 14:47:21,33,19,19,0,"fit: 10, efit: 8","fit: 10, efit: 8",,,,0,0,0,0,1,,
2026-02-26 14:52:22,33,19,19,0,"fit: 10, efit: 9","fit: 10, efit: 9",,,,0,0,0,0,1,,
2026-02-26 14:57:23,33,19,19,0,"fit: 10, efit: 8","fit: 10, efit: 8",,,,0,0,0,0,1,,
2026-02-26 15:02:23,33,19,19,0,"fit: 10, efit: 6","fit: 10, efit: 6",,,,0,0,0,0,1,,
2026-02-26 15:12:25,33,19,19,0,"fit: 10, efit: 7","fit: 10, efit: 7",,,,0,0,0,0,1,,
2026-02-26 15:17:26,33,19,19,0,"fit: 10, efit: 5","fit: 10, efit: 5",,,,0,0,0,0,1,,
2026-02-26 15:37:28,33,19,19,0,"fit: 10, efit: 4","fit: 10, efit: 4",,,,0,0,0,0,1,,
2026-02-26 15:37:59,33,19,19,0,"fit: 11, efit: 4","fit: 11, efit: 4",,,,0,0,0,0,1,,
2026-02-26 15:42:29,33,19,19,0,"fit: 11, efit: 2","fit: 11, efit: 2",,,,0,0,0,0,1,,
2026-02-26 15:47:30,33,19,19,0,"fit: 12, efit: 1","fit: 12, efit: 1",,,,0,0,0,0,1,,
2026-02-26 15:52:31,33,19,19,0,fit: 12,fit: 12,,,,0,0,0,0,1,,
2026-02-26 15:57:31,33,19,19,0,"fit: 12, efit: 1","fit: 12, efit: 1",,,,0,0,0,0,1,,
2026-02-26 16:02:32,33,19,19,0,"fit: 12, efit: 2","fit: 12, efit: 2",,,,0,0,0,0,1,,
2026-02-26 16:08:05,33,19,19,0,"fit: 12, efit: 1","fit: 12, efit: 1",,,,0,0,0,0,1,,
2026-02-26 16:12:34,33,19,19,0,"fit: 12, efit: 2","fit: 12, efit: 2",,,,0,0,0,0,1,,
2026-02-26 16:17:34,33,19,19,0,"fit: 12, efit: 1","fit: 12, efit: 1",,,,0,0,0,0,1,,
2026-02-26 16:32:37,33,19,19,0,fit: 12,fit: 12,,,,0,0,0,0,1,,
2026-02-26 16:52:40,33,19,19,0,fit: 10,fit: 10,,,,0,0,0,0,1,,
2026-02-26 16:57:41,33,19,19,0,fit: 9,fit: 9,,,,0,0,0,0,1,,
2026-02-26 17:07:42,33,19,19,0,fit: 8,fit: 8,,,,0,0,0,0,1,,
2026-02-26 17:32:46,33,19,19,0,"fit: 8, efit: 1","fit: 8, efit: 1",,,,0,0,0,0,1,,
2026-02-26 17:42:47,33,19,19,0,fit: 8,fit: 8,,,,0,0,0,0,1,,
2026-02-26 17:43:21,33,19,19,0,"fit: 8, efit: 1","fit: 8, efit: 1",,,,0,0,0,0,1,,
2026-02-26 17:47:48,33,19,19,0,"fit: 8, efit: 2","fit: 8, efit: 2",,,,0,0,0,0,1,,
2026-02-26 17:48:22,33,19,19,0,"fit: 8, efit: 1","fit: 8, efit: 1",,,,0,0,0,0,1,,
2026-02-26 17:52:49,33,19,19,0,fit: 9,fit: 9,,,,0,0,0,0,1,,
2026-02-26 17:53:23,33,19,19,0,fit: 8,fit: 8,,,,0,0,0,0,1,,
2026-02-26 18:42:56,33,19,19,0,"fit: 8, efit: 1","fit: 8, efit: 1",,,,0,0,0,0,1,,
2026-02-26 19:02:59,33,19,19,0,fit: 6,fit: 6,,,,0,0,0,0,1,,
2026-02-26 19:08:00,33,19,19,0,fit: 5,fit: 5,,,,0,0,0,0,1,,
2026-02-26 19:48:43,33,19,19,0,fit: 4,fit: 4,,,,0,0,0,0,1,,
2026-02-26 19:59:08,33,19,19,0,"fit: 4, efit: 1","fit: 4, efit: 1",,,,0,0,0,0,1,,
2026-02-26 20:08:08,33,19,19,0,fit: 3,fit: 3,,,,0,0,0,0,1,,
2026-02-26 20:08:46,33,19,19,0,fit: 2,fit: 2,,,,0,0,0,0,1,,
2026-02-26 20:18:10,33,19,19,0,fit: 1,fit: 1,,,,0,0,0,0,1,,
2026-02-26 22:28:29,33,19,19,0,,,,,,0,0,0,0,1,,
2026-02-27 00:00:09,33,19,19,0,,,,,,0,0,0,0,1,,
2026-02-27 00:34:30,33,19,19,0,efit: 2,efit: 2,,,,0,0,0,0,1,,
2026-02-27 00:38:48,33,19,19,0,,,,,,0,0,0,0,1,,
2026-02-27 01:13:53,33,19,19,0,efit: 1,efit: 1,,,,0,0,0,0,1,,
2026-02-27 01:14:36,33,19,19,0,,,,,,0,0,0,0,1,,
2026-02-27 01:29:39,33,19,19,0,efit: 2,efit: 2,,,,0,0,0,0,1,,
2026-02-27 01:35:32,33,19,19,0,efit: 4,efit: 4,,,,0,0,0,0,1,,
2026-02-27 01:38:57,33,19,19,0,efit: 5,efit: 5,,,,0,0,0,0,1,,
2026-02-27 01:59:00,33,19,19,0,efit: 7,efit: 7,,,,0,0,0,0,1,,
2026-02-27 01:59:44,33,19,19,0,efit: 5,efit: 5,,,,0,0,0,0,1,,
2026-02-27 02:09:46,33,19,19,0,efit: 3,efit: 3,,,,0,0,0,0,1,,
2026-02-27 02:19:03,33,19,19,0,efit: 5,efit: 5,,,,0,0,0,0,1,,
2026-02-27 03:49:16,33,19,19,0,efit: 4,efit: 4,,,,0,0,0,0,1,,
2026-02-27 08:30:50,33,19,19,0,efit: 5,efit: 5,,,,0,0,0,0,1,,
2026-02-27 08:55:00,33,19,19,0,"fit: 1, efit: 5","fit: 1, efit: 5",,,,0,0,0,0,1,,
2026-02-27 09:15:58,33,19,19,0,"fit: 1, efit: 6","fit: 1, efit: 6",,,,0,0,0,0,1,,
2026-02-27 09:25:05,33,19,19,0,"fit: 1, efit: 7","fit: 1, efit: 7",,,,0,0,0,0,1,,
2026-02-27 09:27:29,33,19,19,0,"fit: 1, efit: 8","fit: 1, efit: 8",,,,0,0,0,0,1,,
2026-02-27 09:42:33,33,19,19,0,"fit: 1, efit: 9","fit: 1, efit: 9",,,,0,0,0,0,1,,
2026-02-27 09:45:08,33,19,19,0,"fit: 1, efit: 10","fit: 1, efit: 10",,,,0,0,0,0,1,,
2026-02-27 09:51:05,33,19,19,0,"fit: 1, efit: 11","fit: 1, efit: 11",,,,0,0,0,0,1,,
2026-02-27 09:57:36,33,19,19,0,"fit: 1, efit: 13","fit: 1, efit: 12",,,,0,0,0,0,1,,
2026-02-27 10:00:10,33,19,19,0,"fit: 1, efit: 14","fit: 1, efit: 13",,,,0,0,0,0,1,,
2026-02-27 10:02:38,33,19,19,0,"fit: 2, efit: 14","fit: 2, efit: 13",,,,0,0,0,0,1,,
2026-02-27 10:41:13,33,19,19,0,"fit: 2, efit: 14","fit: 2, efit: 14",,,,0,0,0,0,1,,
2026-02-27 10:47:49,33,19,19,0,"fit: 2, efit: 13","fit: 2, efit: 13",,,,0,0,0,0,1,,
2026-02-27 10:51:15,33,19,19,0,"fit: 2, efit: 12","fit: 2, efit: 12",,,,0,0,0,0,1,,
2026-02-27 10:57:52,33,19,19,0,"fit: 2, efit: 11","fit: 2, efit: 11",,,,0,0,0,0,1,,
2026-02-27 11:02:53,33,19,19,0,"fit: 2, efit: 12","fit: 2, efit: 12",,,,0,0,0,0,1,,
2026-02-27 11:10:20,33,19,19,0,"fit: 2, efit: 13","fit: 2, efit: 13",,,,0,0,0,0,1,,
2026-02-27 11:11:19,33,19,19,0,"fit: 2, efit: 12","fit: 2, efit: 12",,,,0,0,0,0,1,,
2026-02-27 11:15:21,33,19,19,0,"fit: 2, efit: 11","fit: 2, efit: 11",,,,0,0,0,0,1,,
2026-02-27 11:53:06,33,19,19,0,"fit: 2, efit: 12","fit: 2, efit: 12",,,,0,0,0,0,1,,
2026-02-27 11:56:26,33,19,19,0,"fit: 2, efit: 11","fit: 2, efit: 11",,,,0,0,0,0,1,,
2026-02-27 12:36:33,33,19,19,0,"fit: 2, efit: 12","fit: 2, efit: 12",,,,0,0,0,0,1,,
2026-02-27 12:53:21,33,19,19,0,"fit: 2, efit: 14","fit: 2, efit: 14",,,,0,0,0,0,1,,
2026-02-27 13:05:38,33,19,19,0,"fit: 3, efit: 14","fit: 3, efit: 14",,,,0,0,0,0,1,,
2026-02-27 13:18:27,33,19,19,0,"fit: 3, efit: 13","fit: 3, efit: 13",,,,0,0,0,0,1,,
2026-02-27 13:35:42,33,19,19,0,"fit: 3, efit: 11","fit: 3, efit: 11",,,,0,0,0,0,1,,
2026-02-27 13:38:32,33,19,19,0,"fit: 3, efit: 12","fit: 3, efit: 12",,,,0,0,0,0,1,,
2026-02-27 13:55:45,33,19,19,0,"fit: 3, efit: 11","fit: 3, efit: 11",,,,0,0,0,0,1,,
2026-02-27 14:18:42,33,19,19,0,"fit: 3, efit: 12","fit: 3, efit: 12",,,,0,0,0,0,1,,
2026-02-27 14:26:52,33,19,19,0,"fit: 3, efit: 11","fit: 3, efit: 11",,,,0,0,0,0,1,,
2026-02-27 14:28:45,33,19,19,0,"fit: 3, efit: 10","fit: 3, efit: 10",,,,0,0,0,0,1,,
2026-02-27 14:30:50,33,19,19,0,"fit: 3, efit: 9","fit: 3, efit: 9",,,,0,0,0,0,1,,
2026-02-27 14:33:46,33,19,19,0,"fit: 4, efit: 9","fit: 4, efit: 9",,,,0,0,0,0,1,,
2026-02-27 14:38:48,33,19,19,0,"fit: 5, efit: 7","fit: 5, efit: 7",,,,0,0,0,0,1,,
2026-02-27 14:41:54,33,19,19,0,"fit: 5, efit: 8","fit: 5, efit: 8",,,,0,0,0,0,1,,
2026-02-27 14:45:53,33,19,19,0,"fit: 5, efit: 9","fit: 5, efit: 9",,,,0,0,0,0,1,,
2026-02-27 14:50:54,33,19,19,0,"fit: 5, efit: 8","fit: 5, efit: 8",,,,0,0,0,0,1,,
2026-02-27 14:51:56,33,19,19,0,"fit: 5, efit: 7","fit: 5, efit: 7",,,,0,0,0,0,1,,
2026-02-27 15:03:54,33,19,19,0,"fit: 5, efit: 5","fit: 5, efit: 5",,,,0,0,0,0,1,,
2026-02-27 15:05:56,33,19,19,0,"fit: 5, efit: 4","fit: 5, efit: 4",,,,0,0,0,0,1,,
2026-02-27 15:10:56,33,19,19,0,"fit: 5, efit: 5","fit: 5, efit: 5",,,,0,0,0,0,1,,
2026-02-27 15:13:56,33,19,19,0,"fit: 5, efit: 4","fit: 5, efit: 4",,,,0,0,0,0,1,,
2026-02-27 15:22:01,33,19,19,0,"fit: 5, efit: 5","fit: 5, efit: 5",,,,0,0,0,0,1,,
2026-02-27 15:23:59,33,19,19,0,"fit: 5, efit: 1","fit: 5, efit: 1",,,,0,0,0,0,1,,
2026-02-27 15:25:59,33,19,19,0,fit: 5,fit: 5,,,,0,0,0,0,1,,
2026-02-27 15:42:05,33,19,19,0,"fit: 5, efit: 1","fit: 5, efit: 1",,,,0,0,0,0,1,,
2026-02-27 15:54:07,33,19,19,0,"fit: 5, efit: 2","fit: 5, efit: 2",,,,0,0,0,0,1,,
2026-02-27 16:19:13,33,19,19,0,"fit: 5, efit: 3","fit: 5, efit: 3",,,,0,0,0,0,1,,
2026-02-27 16:24:14,33,19,19,0,"fit: 5, efit: 2","fit: 5, efit: 2",,,,0,0,0,0,1,,
2026-02-27 16:26:08,33,19,19,0,"fit: 5, efit: 1","fit: 5, efit: 1",,,,0,0,0,0,1,,
2026-02-27 16:36:09,33,19,19,0,"fit: 5, efit: 2","fit: 5, efit: 2",,,,0,0,0,0,1,,
2026-02-27 16:44:19,33,19,19,0,fit: 7,fit: 7,,,,0,0,0,0,1,,
2026-02-27 16:51:12,33,19,19,0,fit: 6,fit: 6,,,,0,0,0,0,1,,
2026-02-27 16:56:12,33,19,19,0,fit: 5,fit: 5,,,,0,0,0,0,1,,
2026-02-27 17:01:13,33,19,19,0,"fit: 5, efit: 1","fit: 5, efit: 1",,,,0,0,0,0,1,,
2026-02-27 17:02:18,33,19,19,0,fit: 5,fit: 5,,,,0,0,0,0,1,,
2026-02-27 17:04:25,33,19,19,0,"fit: 5, efit: 1","fit: 5, efit: 1",,,,0,0,0,0,1,,
2026-02-27 17:14:27,33,19,19,0,fit: 5,fit: 5,,,,0,0,0,0,1,,
2026-02-27 17:31:18,33,19,19,0,fit: 4,fit: 4,,,,0,0,0,0,1,,
2026-02-27 17:34:33,33,19,19,0,"fit: 4, efit: 1","fit: 4, efit: 1",,,,0,0,0,0,1,,
2026-02-27 17:44:35,33,19,19,0,fit: 5,fit: 5,,,,0,0,0,0,1,,
2026-02-27 17:46:20,33,19,19,0,fit: 3,fit: 3,,,,0,0,0,0,1,,
2026-02-27 17:56:22,33,19,19,0,fit: 1,fit: 1,,,,0,0,0,0,1,,
2026-02-27 18:01:22,33,19,19,0,fit: 2,fit: 2,,,,0,0,0,0,1,,
2026-02-27 18:02:29,33,19,19,0,"fit: 2, efit: 1","fit: 2, efit: 1",,,,0,0,0,0,1,,
2026-02-27 18:12:31,33,19,19,0,"fit: 2, efit: 3","fit: 2, efit: 3",,,,0,0,0,0,1,,
2026-02-27 18:14:43,33,19,19,0,"fit: 2, efit: 4","fit: 2, efit: 4",,,,0,0,0,0,1,,
2026-02-27 18:44:50,33,19,19,0,"fit: 2, efit: 1","fit: 2, efit: 1",,,,0,0,0,0,1,,
2026-02-27 18:47:37,33,19,19,0,"fit: 4, efit: 1","fit: 4, efit: 1",,,,0,0,0,0,1,,
2026-02-27 18:52:37,33,19,19,0,fit: 4,fit: 4,,,,0,0,0,0,1,,
2026-02-27 19:09:56,33,19,19,0,"fit: 4, efit: 3","fit: 4, efit: 3",,,,0,0,0,0,1,,
2026-02-27 19:11:33,33,19,19,0,"fit: 3, efit: 2","fit: 3, efit: 2",,,,0,0,0,0,1,,
2026-02-27 19:27:43,33,19,19,0,"fit: 3, efit: 1","fit: 3, efit: 1",,,,0,0,0,0,1,,
2026-02-27 19:30:01,33,19,19,0,fit: 3,fit: 3,,,,0,0,0,0,1,,
2026-02-27 19:45:05,33,19,19,0,"fit: 3, efit: 1","fit: 3, efit: 1",,,,0,0,0,0,1,,
2026-02-27 19:50:06,33,19,19,0,"fit: 3, efit: 2","fit: 3, efit: 2",,,,0,0,0,0,1,,
2026-02-27 19:51:39,33,19,19,0,fit: 3,fit: 3,,,,0,0,0,0,1,,
2026-02-27 19:55:07,33,19,19,0,"fit: 3, efit: 1","fit: 3, efit: 1",,,,0,0,0,0,1,,
2026-02-27 20:01:41,33,19,19,0,fit: 3,fit: 3,,,,0,0,0,0,1,,
2026-02-27 20:11:42,33,19,19,0,fit: 2,fit: 2,,,,0,0,0,0,1,,
2026-02-27 21:23:03,33,19,19,0,"fit: 2, efit: 1","fit: 2, efit: 1",,,,0,0,0,0,1,,
2026-02-27 22:10:39,33,19,19,0,fit: 2,fit: 2,,,,0,0,0,0,1,,
2026-02-27 23:23:23,33,19,19,0,fit: 1,fit: 1,,,,0,0,0,0,1,,
2026-02-27 23:25:58,33,19,19,0,,,,,,0,0,0,0,1,,
2026-02-27 23:30:59,33,19,19,0,efit: 3,efit: 3,,,,0,0,0,0,1,,
2026-02-28 00:01:07,33,19,19,0,efit: 3,efit: 3,,,,0,0,0,0,1,,
2026-02-28 03:21:54,33,19,19,0,efit: 4,efit: 4,,,,0,0,0,0,1,,
2026-02-28 04:27:10,33,19,19,0,efit: 3,efit: 3,,,,0,0,0,0,1,,
2026-02-28 08:03:27,33,19,19,0,efit: 4,efit: 4,,,,0,0,0,0,1,,
2026-02-28 08:33:08,33,19,19,0,efit: 3,efit: 3,,,,0,0,0,0,1,,
2026-02-28 08:48:12,33,19,19,0,efit: 1,efit: 1,,,,0,0,0,0,1,,
2026-02-28 09:13:18,33,19,19,0,,,,,,0,0,0,0,1,,
2026-02-28 09:23:20,33,19,19,0,fit: 1,fit: 1,,,,0,0,0,0,1,,
2026-02-28 10:13:32,33,19,19,0,"fit: 1, efit: 1","fit: 1, efit: 1",,,,0,0,0,0,1,,
2026-02-28 10:43:39,33,19,19,0,"fit: 2, efit: 2","fit: 2, efit: 2",,,,0,0,0,0,1,,
2026-02-28 10:48:40,33,19,19,0,"fit: 2, efit: 3","fit: 2, efit: 3",,,,0,0,0,0,1,,
2026-02-28 10:50:21,33,19,19,0,"fit: 2, efit: 4","fit: 2, efit: 4",,,,0,0,0,0,1,,
2026-02-28 11:03:44,33,19,19,0,"fit: 2, efit: 6","fit: 2, efit: 6",,,,0,0,0,0,1,,
2026-02-28 11:23:49,33,19,19,0,"fit: 2, efit: 7","fit: 2, efit: 7",,,,0,0,0,0,1,,
2026-02-28 11:53:56,33,19,19,0,"fit: 3, efit: 7","fit: 3, efit: 7",,,,0,0,0,0,1,,
2026-02-28 12:14:01,33,19,19,0,"fit: 4, efit: 8","fit: 4, efit: 8",,,,0,0,0,0,1,,
2026-02-28 12:25:37,33,19,19,0,"fit: 4, efit: 7","fit: 4, efit: 7",,,,0,0,0,0,1,,
2026-02-28 12:29:04,33,19,19,0,"fit: 4, efit: 8","fit: 4, efit: 8",,,,0,0,0,0,1,,
2026-02-28 13:09:12,33,19,19,0,"fit: 4, efit: 9","fit: 4, efit: 9",,,,0,0,0,0,1,,
2026-02-28 13:20:47,33,19,19,0,"fit: 4, efit: 8","fit: 4, efit: 8",,,,0,0,0,0,1,,
2026-02-28 13:24:13,33,19,19,0,"fit: 4, efit: 6","fit: 4, efit: 6",,,,0,0,0,0,1,,
2026-02-28 13:29:14,33,19,19,0,"fit: 4, efit: 7","fit: 4, efit: 7",,,,0,0,0,0,1,,
2026-02-28 13:44:16,33,19,19,0,"fit: 4, efit: 10","fit: 4, efit: 10",,,,0,0,0,0,1,,
2026-02-28 13:55:53,33,19,19,0,"fit: 4, efit: 9","fit: 4, efit: 9",,,,0,0,0,0,1,,
2026-02-28 14:04:19,33,19,19,0,"fit: 4, efit: 10","fit: 4, efit: 10",,,,0,0,0,0,1,,
2026-02-28 14:14:21,33,19,19,0,"fit: 4, efit: 12","fit: 4, efit: 12",,,,0,0,0,0,1,,
2026-02-28 14:15:56,33,19,19,0,"fit: 4, efit: 13","fit: 4, efit: 13",,,,0,0,0,0,1,,
2026-02-28 14:24:22,33,19,19,0,"fit: 6, efit: 13","fit: 6, efit: 13",,,,0,0,0,0,1,,
2026-02-28 14:30:59,33,19,19,0,"fit: 6, efit: 11","fit: 6, efit: 11",,,,0,0,0,0,1,,
2026-02-28 14:34:24,33,19,19,0,"fit: 6, efit: 10","fit: 6, efit: 10",,,,0,0,0,0,1,,
2026-02-28 14:36:00,33,19,19,0,"fit: 6, efit: 8","fit: 6, efit: 8",,,,0,0,0,0,1,,
2026-02-28 14:44:26,33,19,19,0,"fit: 4, efit: 8","fit: 4, efit: 8",,,,0,0,0,0,1,,
2026-02-28 14:44:35,33,19,19,0,"fit: 4, efit: 9","fit: 4, efit: 9",,,,0,0,0,0,1,,
2026-02-28 14:49:27,33,19,19,0,"fit: 4, efit: 10","fit: 4, efit: 10",,,,0,0,0,0,1,,
2026-02-28 14:51:03,33,19,19,0,"fit: 4, efit: 11","fit: 4, efit: 11",,,,0,0,0,0,1,,
2026-02-28 14:54:27,33,19,19,0,"fit: 4, efit: 14","fit: 4, efit: 14",,,,0,0,0,0,1,,
2026-02-28 14:56:04,33,19,19,0,"fit: 4, efit: 13","fit: 4, efit: 13",,,,0,0,0,0,1,,
2026-02-28 15:01:05,33,19,19,0,"fit: 6, efit: 13","fit: 6, efit: 13",,,,0,0,0,0,1,,
2026-02-28 15:56:15,33,19,19,0,"fit: 6, efit: 12","fit: 6, efit: 12",,,,0,0,0,0,1,,
2026-02-28 15:59:37,33,19,19,0,"fit: 6, efit: 11","fit: 6, efit: 11",,,,0,0,0,0,1,,
2026-02-28 15:59:53,33,19,19,0,"fit: 6, efit: 10","fit: 6, efit: 10",,,,0,0,0,0,1,,
2026-02-28 16:04:38,33,19,19,0,"fit: 6, efit: 11","fit: 6, efit: 11",,,,0,0,0,0,1,,
2026-02-28 16:06:16,33,19,19,0,"fit: 6, efit: 10","fit: 6, efit: 10",,,,0,0,0,0,1,,
2026-02-28 16:09:39,33,19,19,0,"fit: 6, efit: 9","fit: 6, efit: 9",,,,0,0,0,0,1,,
2026-02-28 16:14:40,33,19,19,0,"fit: 6, efit: 8","fit: 6, efit: 8",,,,0,0,0,0,1,,
2026-02-28 16:21:19,33,19,19,0,"fit: 6, efit: 9","fit: 6, efit: 9",,,,0,0,0,0,1,,
2026-02-28 16:26:20,33,19,19,0,"fit: 6, efit: 8","fit: 6, efit: 8",,,,0,0,0,0,1,,
2026-02-28 16:29:42,33,19,19,0,"fit: 7, efit: 5","fit: 7, efit: 5",,,,0,0,0,0,1,,
2026-02-28 16:34:43,33,19,19,0,"fit: 9, efit: 3","fit: 9, efit: 3",,,,0,0,0,0,1,,
2026-02-28 16:36:22,33,19,19,0,"fit: 9, efit: 2","fit: 9, efit: 2",,,,0,0,0,0,1,,
2026-02-28 16:41:22,33,19,19,0,fit: 10,fit: 10,,,,0,0,0,0,1,,
2026-02-28 16:45:05,33,19,19,0,fit: 9,fit: 9,,,,0,0,0,0,1,,
2026-02-28 16:54:46,33,19,19,0,fit: 8,fit: 8,,,,0,0,0,0,1,,
2026-02-28 16:55:07,33,19,19,0,fit: 7,fit: 7,,,,0,0,0,0,1,,
2026-02-28 17:14:49,33,19,19,0,"fit: 7, efit: 1","fit: 7, efit: 1",,,,0,0,0,0,1,,
2026-02-28 17:19:50,33,19,19,0,fit: 7,fit: 7,,,,0,0,0,0,1,,
2026-02-28 17:21:29,33,19,19,0,fit: 5,fit: 5,,,,0,0,0,0,1,,
2026-02-28 17:24:51,33,19,19,0,fit: 4,fit: 4,,,,0,0,0,0,1,,
2026-02-28 17:39:53,33,19,19,0,"fit: 4, efit: 2","fit: 4, efit: 2",,,,0,0,0,0,1,,
2026-02-28 17:44:54,33,19,19,0,"fit: 4, efit: 1","fit: 4, efit: 1",,,,0,0,0,0,1,,
2026-02-28 17:56:35,33,19,19,0,fit: 4,fit: 4,,,,0,0,0,0,1,,
2026-02-28 17:59:56,33,19,19,0,"fit: 4, efit: 1","fit: 4, efit: 1",,,,0,0,0,0,1,,
2026-02-28 18:00:23,33,19,19,0,"fit: 2, efit: 1","fit: 2, efit: 1",,,,0,0,0,0,1,,
2026-02-28 18:01:36,33,19,19,0,fit: 2,fit: 2,,,,0,0,0,0,1,,
2026-02-28 18:04:57,33,19,19,0,fit: 1,fit: 1,,,,0,0,0,0,1,,
2026-02-28 18:06:37,33,19,19,0,,,,,,0,0,0,0,1,,
2026-02-28 18:14:58,33,19,19,0,efit: 1,,,,,0,0,0,0,1,,
2026-02-28 18:19:59,33,19,19,0,efit: 2,efit: 1,,,,0,0,0,0,1,,
2026-02-28 18:35:02,33,19,19,0,efit: 3,efit: 2,,,,0,0,0,0,1,,
2026-02-28 18:40:32,33,19,19,0,efit: 2,efit: 1,,,,0,0,0,0,1,,
2026-02-28 19:00:06,33,19,19,0,efit: 2,efit: 2,,,,0,0,0,0,1,,
2026-02-28 19:10:07,33,19,19,0,efit: 1,efit: 1,,,,0,0,0,0,1,,
2026-02-28 20:35:20,33,19,19,0,efit: 2,efit: 2,,,,0,0,0,0,1,,
2026-02-28 20:55:23,33,19,19,0,efit: 1,efit: 1,,,,0,0,0,0,1,,
2026-02-28 21:55:32,33,19,19,0,,,,,,0,0,0,0,1,,
2026-02-28 21:57:16,33,19,19,0,efit: 1,efit: 1,,,,0,0,0,0,1,,
2026-02-28 22:01:21,33,19,19,0,efit: 2,efit: 2,,,,0,0,0,0,1,,
2026-02-28 23:30:47,33,19,19,0,efit: 1,efit: 1,,,,0,0,0,0,1,,
2026-02-28 23:55:50,33,19,19,0,efit: 2,efit: 2,,,,0,0,0,0,1,,
2026-03-01 00:00:51,33,19,19,0,efit: 1,efit: 1,,,,0,0,0,0,1,,
2026-03-01 00:50:59,33,19,19,0,,,,,,0,0,0,0,1,,
2026-03-01 11:57:40,33,19,19,0,efit: 1,efit: 1,,,,0,0,0,0,1,,
2026-03-01 12:32:45,33,19,19,0,efit: 2,efit: 2,,,,0,0,0,0,1,,
2026-03-01 13:44:52,33,19,19,0,efit: 3,efit: 3,,,,0,0,0,0,1,,
2026-03-01 13:49:53,33,19,19,0,"fit: 1, efit: 4","fit: 1, efit: 4",,,,0,0,0,0,1,,
2026-03-01 13:59:55,33,19,19,0,"fit: 1, efit: 5","fit: 1, efit: 5",,,,0,0,0,0,1,,
2026-03-01 14:13:00,33,19,19,0,"fit: 1, efit: 8","fit: 1, efit: 8",,,,0,0,0,0,1,,
2026-03-01 14:23:02,33,19,19,0,"fit: 1, efit: 10","fit: 1, efit: 9",,,,0,0,0,0,1,,
2026-03-01 14:38:04,33,19,19,0,"fit: 1, efit: 11","fit: 1, efit: 11",,,,0,0,0,0,1,,
2026-03-01 14:40:02,33,19,19,0,"fit: 1, efit: 12","fit: 1, efit: 12",,,,0,0,0,0,1,,
2026-03-01 14:48:06,33,19,19,0,"fit: 2, efit: 12","fit: 2, efit: 12",,,,0,0,0,0,1,,
2026-03-01 14:50:04,33,19,19,0,"fit: 3, efit: 13","fit: 3, efit: 13",,,,0,0,0,0,1,,
2026-03-01 14:58:07,33,19,19,0,"fit: 3, efit: 10","fit: 3, efit: 10",,,,0,0,0,0,1,,
2026-03-01 15:03:08,33,19,19,0,"fit: 3, efit: 13","fit: 3, efit: 13",,,,0,0,0,0,1,,
2026-03-01 15:05:06,33,19,19,0,"fit: 3, efit: 12","fit: 3, efit: 12",,,,0,0,0,0,1,,
2026-03-01 15:08:09,33,19,19,0,"fit: 4, efit: 11","fit: 4, efit: 11",,,,0,0,0,0,1,,
2026-03-01 15:30:11,33,19,19,0,"fit: 4, efit: 12","fit: 4, efit: 12",,,,0,0,0,0,1,,
2026-03-01 15:58:17,33,19,19,0,"fit: 4, efit: 11","fit: 4, efit: 11",,,,0,0,0,0,1,,
2026-03-01 16:08:18,33,19,19,0,"fit: 3, efit: 11","fit: 3, efit: 11",,,,0,0,0,0,1,,
2026-03-01 16:13:19,33,19,19,0,"fit: 3, efit: 10","fit: 3, efit: 10",,,,0,0,0,0,1,,
2026-03-01 16:23:20,33,19,19,0,"fit: 3, efit: 8","fit: 3, efit: 8",,,,0,0,0,0,1,,
2026-03-01 16:28:21,33,19,19,0,"fit: 3, efit: 7","fit: 3, efit: 7",,,,0,0,0,0,1,,
2026-03-01 16:33:22,33,19,19,0,"fit: 4, efit: 7","fit: 4, efit: 7",,,,0,0,0,0,1,,
2026-03-01 16:35:22,33,19,19,0,"fit: 4, efit: 8","fit: 4, efit: 8",,,,0,0,0,0,1,,
2026-03-01 16:48:24,33,19,19,0,"fit: 4, efit: 7","fit: 4, efit: 7",,,,0,0,0,0,1,,
2026-03-01 17:00:50,33,19,19,0,"fit: 4, efit: 6","fit: 4, efit: 6",,,,0,0,0,0,1,,
2026-03-01 17:08:27,33,19,19,0,"fit: 4, efit: 7","fit: 4, efit: 7",,,,0,0,0,0,1,,
2026-03-01 17:10:28,33,19,19,0,"fit: 4, efit: 6","fit: 4, efit: 6",,,,0,0,0,0,1,,
2026-03-01 17:13:28,33,19,19,0,"fit: 4, efit: 5","fit: 4, efit: 5",,,,0,0,0,0,1,,
2026-03-01 17:20:29,33,19,19,0,"fit: 4, efit: 6","fit: 4, efit: 6",,,,0,0,0,0,1,,
2026-03-01 17:25:30,33,19,19,0,"fit: 4, efit: 5","fit: 4, efit: 5",,,,0,0,0,0,1,,
2026-03-01 17:28:30,33,19,19,0,"fit: 4, efit: 6","fit: 4, efit: 6",,,,0,0,0,0,1,,
2026-03-01 17:46:01,33,19,19,0,"fit: 4, efit: 7","fit: 4, efit: 7",,,,0,0,0,0,1,,
2026-03-01 19:48:51,33,19,19,0,"fit: 4, efit: 6","fit: 4, efit: 6",,,,0,0,0,0,1,,
2026-03-01 20:23:56,33,19,19,0,"fit: 4, efit: 7","fit: 4, efit: 7",,,,0,0,0,0,1,,
2026-03-01 20:41:04,33,19,19,0,"fit: 4, efit: 6","fit: 4, efit: 6",,,,0,0,0,0,1,,
2026-03-01 21:21:52,33,19,19,0,"fit: 4, efit: 5","fit: 4, efit: 5",,,,0,0,0,0,1,,
2026-03-02 00:01:37,33,19,19,0,"fit: 4, efit: 5","fit: 4, efit: 5",,,,0,0,0,0,1,,
2026-03-02 00:09:30,33,19,19,0,"fit: 4, efit: 4","fit: 4, efit: 4",,,,0,0,0,0,1,,
2026-03-02 00:27:36,33,19,19,0,"fit: 4, efit: 3","fit: 4, efit: 3",,,,0,0,0,0,1,,
2026-03-02 01:51:55,33,19,19,0,"fit: 4, efit: 2","fit: 4, efit: 2",,,,0,0,0,0,1,,
2026-03-02 03:17:09,33,19,19,0,"fit: 4, efit: 3","fit: 4, efit: 3",,,,0,0,0,0,1,,
2026-03-02 05:15:15,33,19,19,0,"fit: 4, efit: 3","fit: 4, efit: 2",,,,0,0,0,0,1,,
2026-03-02 07:39:17,33,19,19,0,"fit: 4, efit: 4","fit: 4, efit: 3",,,,0,0,0,0,1,,
2026-03-02 08:53:05,33,19,19,0,"fit: 5, efit: 4","fit: 5, efit: 3",,,,0,0,0,0,1,,
2026-03-02 09:25:52,33,19,19,0,"fit: 5, efit: 5","fit: 5, efit: 4",,,,0,0,0,0,1,,
2026-03-02 09:50:56,33,19,19,0,"fit: 5, efit: 6","fit: 5, efit: 5",,,,0,0,0,0,1,,
2026-03-02 09:59:51,33,19,19,0,"fit: 5, efit: 7","fit: 5, efit: 6",,,,0,0,0,0,1,,
2026-03-02 10:00:58,33,19,19,0,"fit: 5, efit: 8","fit: 5, efit: 7",,,,0,0,0,0,1,,
2026-03-02 10:40:01,33,19,19,0,"fit: 5, efit: 9","fit: 5, efit: 8",,,,0,0,0,0,1,,
2026-03-02 10:46:05,33,19,19,0,"fit: 5, efit: 10","fit: 5, efit: 9",,,,0,0,0,0,1,,
2026-03-02 10:55:05,33,19,19,0,"fit: 5, efit: 11","fit: 5, efit: 10",,,,0,0,0,0,1,,
2026-03-02 10:56:07,33,19,19,0,"fit: 5, efit: 12","fit: 5, efit: 11",,,,0,0,0,0,1,,
2026-03-02 10:58:26,33,19,19,0,"fit: 5, efit: 10","fit: 5, efit: 9",,,,0,0,0,0,1,,
2026-03-02 11:05:07,33,19,19,0,"fit: 5, efit: 9","fit: 5, efit: 8",,,,0,0,0,0,1,,
2026-03-02 11:08:28,33,19,19,0,"fit: 5, efit: 10","fit: 5, efit: 9",,,,0,0,0,0,1,,
2026-03-02 11:33:32,33,19,19,0,"fit: 5, efit: 11","fit: 5, efit: 10",,,,0,0,0,0,1,,
2026-03-02 11:50:18,33,19,19,0,"fit: 5, efit: 12","fit: 5, efit: 11",,,,0,0,0,0,1,,
2026-03-02 11:56:16,33,19,19,0,"fit: 5, efit: 13","fit: 5, efit: 12",,,,0,0,0,0,1,,
2026-03-02 12:15:24,33,19,19,0,"fit: 5, efit: 12","fit: 5, efit: 11",,,,0,0,0,0,1,,
2026-03-02 12:41:23,33,19,19,0,"fit: 5, efit: 11","fit: 5, efit: 10",,,,0,0,0,0,1,,
2026-03-02 12:53:46,33,19,19,0,"fit: 5, efit: 10","fit: 5, efit: 9",,,,0,0,0,0,1,,
2026-03-02 12:55:34,33,19,19,0,"fit: 5, efit: 9","fit: 5, efit: 8",,,,0,0,0,0,1,,
2026-03-02 12:58:46,33,19,19,0,"fit: 5, efit: 10","fit: 5, efit: 9",,,,0,0,0,0,1,,
2026-03-02 13:01:26,33,19,19,0,"fit: 5, efit: 11","fit: 5, efit: 10",,,,0,0,0,0,1,,
2026-03-02 13:08:48,33,19,19,0,"fit: 5, efit: 12","fit: 5, efit: 11",,,,0,0,0,0,1,,
2026-03-02 13:28:51,33,19,19,0,"fit: 5, efit: 13","fit: 5, efit: 12",,,,0,0,0,0,1,,
2026-03-02 13:50:47,33,19,19,0,"fit: 5, efit: 12","fit: 5, efit: 11",,,,0,0,0,0,1,,
2026-03-02 13:53:56,33,19,19,0,"fit: 5, efit: 12","fit: 5, efit: 10",,,,0,0,0,0,1,,
2026-03-02 13:55:48,33,19,19,0,"fit: 5, efit: 11","fit: 5, efit: 9",,,,0,0,0,0,1,,
2026-03-02 13:58:56,33,19,19,0,"fit: 5, efit: 10","fit: 5, efit: 8",,,,0,0,0,0,1,,
2026-03-02 14:20:54,33,19,19,0,"fit: 5, efit: 11","fit: 5, efit: 10",,,,0,0,0,0,1,,
2026-03-02 14:30:56,33,19,19,0,"fit: 5, efit: 10","fit: 5, efit: 9",,,,0,0,0,0,1,,
2026-03-02 14:44:04,33,19,19,0,"fit: 5, efit: 11","fit: 5, efit: 10",,,,0,0,0,0,1,,
2026-03-02 14:56:03,33,19,19,0,"fit: 5, efit: 12","fit: 5, efit: 11",,,,0,0,0,0,1,,
2026-03-02 14:59:07,33,19,19,0,"fit: 5, efit: 13","fit: 5, efit: 12",,,,0,0,0,0,1,,
2026-03-02 15:26:10,33,19,19,0,"fit: 5, efit: 12","fit: 5, efit: 11",,,,0,0,0,0,1,,
2026-03-02 15:34:13,33,19,19,0,"fit: 5, efit: 13","fit: 5, efit: 12",,,,0,0,0,0,1,,
2026-03-02 15:36:13,33,19,19,0,"fit: 5, efit: 12","fit: 5, efit: 11",,,,0,0,0,0,1,,
2026-03-02 15:44:14,33,19,19,0,"fit: 5, efit: 11","fit: 5, efit: 10",,,,0,0,0,0,1,,
2026-03-02 15:54:16,33,19,19,0,"fit: 5, efit: 8","fit: 5, efit: 7",,,,0,0,0,0,1,,
2026-03-02 16:06:54,33,19,19,0,"fit: 5, efit: 9","fit: 5, efit: 8",,,,0,0,0,0,1,,
2026-03-02 16:09:19,33,19,19,0,"fit: 5, efit: 8","fit: 5, efit: 7",,,,0,0,0,0,1,,
2026-03-02 16:14:20,33,19,19,0,"fit: 5, efit: 7","fit: 5, efit: 6",,,,0,0,0,0,1,,
2026-03-02 16:16:55,33,19,19,0,"fit: 5, efit: 6","fit: 5, efit: 5",,,,0,0,0,0,1,,
2026-03-02 16:19:20,33,19,19,0,"fit: 5, efit: 7","fit: 5, efit: 6",,,,0,0,0,0,1,,
2026-03-02 16:26:57,33,19,19,0,"fit: 5, efit: 6","fit: 5, efit: 5",,,,0,0,0,0,1,,
2026-03-02 16:39:24,33,19,19,0,"fit: 5, efit: 5","fit: 5, efit: 4",,,,0,0,0,0,1,,
2026-03-02 16:54:26,33,19,19,0,"fit: 5, efit: 4","fit: 5, efit: 3",,,,0,0,0,0,1,,
2026-03-02 17:42:09,33,19,19,0,"fit: 5, efit: 3","fit: 5, efit: 2",,,,0,0,0,0,1,,
2026-03-02 17:46:44,33,19,19,0,"fit: 5, efit: 2","fit: 5, efit: 1",,,,0,0,0,0,1,,
2026-03-02 17:49:35,33,19,19,0,"fit: 5, efit: 1",fit: 5,,,,0,0,0,0,1,,
2026-03-02 18:02:11,33,19,19,0,"fit: 6, efit: 1",fit: 6,,,,0,0,0,0,1,,
2026-03-02 18:04:38,33,19,19,0,"fit: 6, efit: 4","fit: 6, efit: 3",,,,0,0,0,0,1,,
2026-03-02 18:06:48,33,19,19,0,"fit: 6, efit: 5","fit: 6, efit: 4",,,,0,0,0,0,1,,
2026-03-02 19:02:02,33,19,19,0,"fit: 6, efit: 4","fit: 6, efit: 3",,,,0,0,0,0,1,,
2026-03-02 19:07:03,33,19,19,0,"fit: 6, efit: 3","fit: 6, efit: 2",,,,0,0,0,0,1,,
2026-03-02 19:14:50,33,19,19,0,"fit: 6, efit: 2","fit: 6, efit: 1",,,,0,0,0,0,1,,
2026-03-02 19:17:06,33,19,19,0,"fit: 6, efit: 3","fit: 6, efit: 2",,,,0,0,0,0,1,,
2026-03-02 19:22:07,33,19,19,0,"fit: 7, efit: 4","fit: 7, efit: 3",,,,0,0,0,0,1,,
2026-03-02 20:17:21,33,19,19,0,"fit: 7, efit: 5","fit: 7, efit: 4",,,,0,0,0,0,1,,
2026-03-02 20:30:03,33,19,19,0,"fit: 7, efit: 4","fit: 7, efit: 3",,,,0,0,0,0,1,,
2026-03-02 20:37:25,33,19,19,0,"fit: 7, efit: 2","fit: 7, efit: 1",,,,0,0,0,0,1,,
2026-03-02 21:12:33,33,19,19,0,"fit: 7, efit: 1",fit: 7,,,,0,0,0,0,1,,
2026-03-02 22:17:48,33,19,19,0,"fit: 8, efit: 1",fit: 8,,,,0,0,0,0,1,,
2026-03-02 22:57:53,33,19,19,0,"fit: 8, efit: 2","fit: 8, efit: 1",,,,0,0,0,0,1,,
2026-03-02 23:10:30,33,19,19,0,"fit: 9, efit: 1",fit: 9,,,,0,0,0,0,1,,
2026-03-02 23:27:58,33,19,19,0,"fit: 8, efit: 1",fit: 8,,,,0,0,0,0,1,,
2026-03-02 23:30:33,33,19,19,0,"fit: 7, efit: 1",fit: 7,,,,0,0,0,0,1,,
2026-03-03 00:00:38,33,19,19,0,"fit: 7, efit: 1",fit: 7,,,,0,0,0,0,1,,
2026-03-03 01:25:52,33,19,19,0,"fit: 6, efit: 1",fit: 6,,,,0,0,0,0,1,,
2026-03-03 03:31:13,33,19,19,0,"fit: 6, efit: 1",fit: 6,efit: 1,,,0,0,0,0,1,,
2026-03-03 07:46:55,33,19,19,0,"fit: 6, efit: 2","fit: 6, efit: 1",efit: 1,,,0,0,0,0,1,,
2026-03-03 08:27:02,33,19,19,0,"fit: 6, efit: 4","fit: 6, efit: 3",efit: 1,,,0,0,0,0,1,,
2026-03-03 08:54:22,33,19,19,0,"fit: 6, efit: 3","fit: 6, efit: 2",efit: 1,,,0,0,0,0,1,,
2026-03-03 08:59:22,33,19,19,0,"fit: 6, efit: 4","fit: 6, efit: 3",efit: 1,,,0,0,0,0,1,,
2026-03-03 09:22:11,33,19,19,0,"fit: 6, efit: 6","fit: 6, efit: 5",efit: 1,,,0,0,0,0,1,,
2026-03-03 09:32:12,33,19,19,0,"fit: 6, efit: 5","fit: 6, efit: 4",efit: 1,,,0,0,0,0,1,,
2026-03-03 10:04:32,33,19,19,0,"fit: 6, efit: 6","fit: 6, efit: 5",efit: 1,,,0,0,0,0,1,,
2026-03-03 10:30:40,33,19,19,0,"fit: 6, efit: 5","fit: 6, efit: 4",efit: 1,,,0,0,0,0,1,,
2026-03-03 10:39:37,33,19,19,0,"fit: 6, efit: 4","fit: 6, efit: 3",efit: 1,,,0,0,0,0,1,,
2026-03-03 10:54:40,33,19,19,0,"fit: 6, efit: 5","fit: 6, efit: 4",efit: 1,,,0,0,0,0,1,,
2026-03-03 10:57:27,33,19,19,0,"fit: 6, efit: 6","fit: 6, efit: 5",efit: 1,,,0,0,0,0,1,,
2026-03-03 11:00:48,33,19,19,0,"fit: 6, efit: 7","fit: 6, efit: 6",efit: 1,,,0,0,0,0,1,,
2026-03-03 11:04:41,33,19,19,0,"fit: 6, efit: 6","fit: 6, efit: 5",efit: 1,,,0,0,0,0,1,,
2026-03-03 11:39:46,33,19,19,0,"fit: 6, efit: 7","fit: 6, efit: 6",efit: 1,,,0,0,0,0,1,,
2026-03-03 11:40:57,33,19,19,0,"fit: 6, efit: 8","fit: 6, efit: 7",efit: 1,,,0,0,0,0,1,,
2026-03-03 12:14:52,33,19,19,0,"fit: 6, efit: 7","fit: 6, efit: 6",efit: 1,,,0,0,0,0,1,,
2026-03-03 12:42:45,33,19,19,0,"fit: 6, efit: 8","fit: 6, efit: 7",efit: 1,,,0,0,0,0,1,,
2026-03-03 12:47:46,33,19,19,0,"fit: 6, efit: 9","fit: 6, efit: 8",efit: 1,,,0,0,0,0,1,,
2026-03-03 13:22:52,33,19,19,0,"fit: 6, efit: 8","fit: 6, efit: 7",efit: 1,,,0,0,0,0,1,,
2026-03-03 13:25:02,33,19,19,0,"fit: 6, efit: 8","fit: 6, efit: 8",,,,0,0,0,0,1,,
2026-03-03 13:47:33,33,19,19,0,"fit: 6, efit: 7","fit: 6, efit: 7",,,,0,0,0,0,1,,
2026-03-03 13:57:35,33,19,19,0,"fit: 6, efit: 8","fit: 6, efit: 8",,,,0,0,0,0,1,,
2026-03-03 14:17:39,33,19,19,0,"fit: 6, efit: 7","fit: 6, efit: 7",,,,0,0,0,0,1,,
2026-03-03 14:23:02,33,19,19,0,"fit: 7, efit: 7","fit: 7, efit: 7",,,,0,0,0,0,1,,
2026-03-03 14:45:15,33,19,19,0,"fit: 7, efit: 8","fit: 7, efit: 8",,,,0,0,0,0,1,,
2026-03-03 15:12:51,33,19,19,0,"fit: 7, efit: 7","fit: 7, efit: 7",,,,0,0,0,0,1,,
2026-03-03 15:35:22,33,19,19,0,"fit: 7, efit: 9","fit: 7, efit: 9",,,,0,0,0,0,1,,
2026-03-03 15:52:59,33,19,19,0,"fit: 7, efit: 7","fit: 7, efit: 7",,,,0,0,0,0,1,,
2026-03-03 15:55:26,33,19,19,0,"fit: 7, efit: 8","fit: 7, efit: 8",,,,0,0,0,0,1,,
2026-03-03 16:20:29,33,19,19,0,"fit: 7, efit: 7","fit: 7, efit: 7",,,,0,0,0,0,1,,
2026-03-03 16:25:30,33,19,19,0,"fit: 7, efit: 8","fit: 7, efit: 8",,,,0,0,0,0,1,,
2026-03-03 16:43:09,33,19,19,0,"fit: 7, efit: 7","fit: 7, efit: 7",,,,0,0,0,0,1,,
2026-03-03 16:53:11,33,19,19,0,"fit: 7, efit: 6","fit: 7, efit: 6",,,,0,0,0,0,1,,
2026-03-03 17:18:16,33,19,19,0,"fit: 7, efit: 5","fit: 7, efit: 5",,,,0,0,0,0,1,,
2026-03-03 17:20:38,33,19,19,0,"fit: 7, efit: 4","fit: 7, efit: 4",,,,0,0,0,0,1,,
2026-03-03 17:23:17,33,19,19,0,"fit: 7, efit: 3","fit: 7, efit: 3",,,,0,0,0,0,1,,
2026-03-03 17:53:23,33,19,19,0,"fit: 8, efit: 3","fit: 8, efit: 3",,,,0,0,0,0,1,,
2026-03-03 19:08:38,33,19,19,0,"fit: 9, efit: 3","fit: 9, efit: 3",,,,0,0,0,0,1,,
2026-03-03 19:08:49,33,19,19,0,"fit: 9, efit: 4","fit: 9, efit: 4",,,,0,0,0,0,1,,
2026-03-03 20:33:55,33,19,19,0,"fit: 9, efit: 3","fit: 9, efit: 3",,,,0,0,0,0,1,,
2026-03-03 20:43:57,33,19,19,0,"fit: 9, efit: 2","fit: 9, efit: 2",,,,0,0,0,0,1,,
2026-03-03 20:53:59,33,19,19,0,fit: 9,fit: 9,,,,0,0,0,0,1,,
2026-03-03 21:26:15,33,19,19,0,fit: 8,fit: 8,,,,0,0,0,0,1,,
2026-03-03 21:59:12,33,19,19,0,fit: 7,fit: 7,,,,0,0,0,0,1,,
2026-03-03 22:09:14,33,19,19,0,fit: 6,fit: 6,,,,0,0,0,0,1,,
2026-03-04 00:01:38,33,19,19,0,fit: 6,fit: 6,,,,0,0,0,0,1,,
2026-03-04 02:27:00,33,19,19,0,fit: 5,fit: 5,,,,0,0,0,0,1,,
2026-03-04 05:55:33,33,19,19,0,fit: 4,fit: 4,,,,0,0,0,0,1,,
2026-03-04 08:46:02,33,19,19,0,fit: 5,fit: 5,,,,0,0,0,0,1,,
2026-03-04 09:08:00,33,19,19,0,"fit: 5, efit: 1","fit: 5, efit: 1",,,,0,0,0,0,1,,
2026-03-04 09:41:11,33,19,19,0,"fit: 5, efit: 2","fit: 5, efit: 2",,,,0,0,0,0,1,,
2026-03-04 09:41:27,33,19,19,0,"fit: 5, efit: 3","fit: 5, efit: 3",,,,0,0,0,0,1,,
2026-03-04 09:46:12,33,19,19,0,"fit: 5, efit: 2","fit: 5, efit: 2",,,,0,0,0,0,1,,
2026-03-04 10:11:16,33,19,19,0,"fit: 5, efit: 3","fit: 5, efit: 3",,,,0,0,0,0,1,,
2026-03-04 10:16:17,33,19,19,0,"fit: 5, efit: 4","fit: 5, efit: 4",,,,0,0,0,0,1,,
2026-03-04 10:41:22,33,19,19,0,"fit: 5, efit: 5","fit: 5, efit: 5",,,,0,0,0,0,1,,
2026-03-04 10:53:15,33,19,19,0,"fit: 6, efit: 5","fit: 6, efit: 5",,,,0,0,0,0,1,,
2026-03-04 11:01:25,33,19,19,0,"fit: 7, efit: 5","fit: 7, efit: 5",,,,0,0,0,0,1,,
2026-03-04 11:11:27,33,19,19,0,"fit: 7, efit: 4","fit: 7, efit: 4",,,,0,0,0,0,1,,
2026-03-04 11:41:32,33,19,19,0,"fit: 7, efit: 3","fit: 7, efit: 3",,,,0,0,0,0,1,,
2026-03-04 11:48:24,33,19,19,0,"fit: 7, efit: 4","fit: 7, efit: 4",,,,0,0,0,0,1,,
2026-03-04 11:53:24,33,19,19,0,"fit: 7, efit: 5","fit: 7, efit: 5",,,,0,0,0,0,1,,
2026-03-04 12:01:35,33,19,19,0,"fit: 8, efit: 5","fit: 8, efit: 5",,,,0,0,0,0,1,,
2026-03-04 12:11:37,33,19,19,0,"fit: 8, efit: 6","fit: 8, efit: 6",,,,0,0,0,0,1,,
2026-03-04 12:51:44,33,19,19,0,"fit: 8, efit: 7","fit: 8, efit: 7",,,,0,0,0,0,1,,
2026-03-04 13:31:50,33,19,19,0,"fit: 8, efit: 6","fit: 8, efit: 6",,,,0,0,0,0,1,,
2026-03-04 13:51:54,33,19,19,0,"fit: 8, efit: 7","fit: 8, efit: 7",,,,0,0,0,0,1,,
2026-03-04 13:58:42,33,19,19,0,"fit: 8, efit: 8","fit: 8, efit: 8",,,,0,0,0,0,1,,
2026-03-04 14:37:24,33,19,19,0,"fit: 8, efit: 9","fit: 8, efit: 9",,,,0,0,0,0,1,,
2026-03-04 14:42:25,33,19,19,0,"fit: 6, efit: 7","fit: 6, efit: 7",,,,0,0,0,0,1,,
2026-03-04 14:54:51,33,19,19,0,"fit: 6, efit: 8","fit: 6, efit: 8",,,,0,0,0,0,1,,
2026-03-04 14:57:28,33,19,19,0,"fit: 6, efit: 11","fit: 6, efit: 11",,,,0,0,0,0,1,,
2026-03-04 15:04:53,33,19,19,0,"fit: 6, efit: 12","fit: 6, efit: 12",,,,0,0,0,0,1,,
2026-03-04 15:42:36,33,19,19,0,"fit: 6, efit: 11","fit: 6, efit: 11",,,,0,0,0,0,1,,
2026-03-04 15:44:59,33,19,19,0,"fit: 6, efit: 10","fit: 6, efit: 10",,,,0,0,0,0,1,,
2026-03-04 15:50:00,33,19,19,0,"fit: 6, efit: 8","fit: 6, efit: 8",,,,0,0,0,0,1,,
2026-03-04 16:00:02,33,19,19,0,"fit: 6, efit: 7","fit: 6, efit: 7",,,,0,0,0,0,1,,
2026-03-04 16:11:38,33,19,19,0,"fit: 6, efit: 5","fit: 6, efit: 5",,,,0,0,0,0,1,,
2026-03-04 16:15:04,33,19,19,0,"fit: 6, efit: 4","fit: 6, efit: 4",,,,0,0,0,0,1,,
2026-03-04 16:16:39,33,19,19,0,"fit: 6, efit: 3","fit: 6, efit: 3",,,,0,0,0,0,1,,
2026-03-04 16:20:05,33,19,19,0,"fit: 6, efit: 2","fit: 6, efit: 2",,,,0,0,0,0,1,,
2026-03-04 16:50:10,33,19,19,0,"fit: 6, efit: 1","fit: 6, efit: 1",,,,0,0,0,0,1,,
2026-03-04 16:51:12,33,19,19,0,"fit: 5, efit: 1","fit: 5, efit: 1",,,,0,0,0,0,1,,
2026-03-04 16:56:13,33,19,19,0,"fit: 5, efit: 2","fit: 5, efit: 2",,,,0,0,0,0,1,,
2026-03-04 17:40:18,33,19,19,0,"fit: 5, efit: 1","fit: 5, efit: 1",,,,0,0,0,0,1,,
2026-03-04 17:45:19,33,19,19,0,"fit: 4, efit: 1","fit: 4, efit: 1",,,,0,0,0,0,1,,
2026-03-04 17:51:24,33,19,19,0,fit: 3,fit: 3,,,,0,0,0,0,1,,
2026-03-04 17:56:25,33,19,19,0,fit: 2,fit: 2,,,,0,0,0,0,1,,
2026-03-04 17:56:57,33,19,19,0,fit: 3,fit: 3,,,,0,0,0,0,1,,
2026-03-04 18:00:21,33,19,19,0,"fit: 2, efit: 1","fit: 2, efit: 1",,,,0,0,0,0,1,,
2026-03-04 18:01:26,33,19,19,0,fit: 3,fit: 3,,,,0,0,0,0,1,,
2026-03-04 18:10:23,33,19,19,0,"fit: 3, efit: 1","fit: 3, efit: 1",,,,0,0,0,0,1,,
2026-03-04 18:15:24,33,19,19,0,fit: 4,fit: 4,,,,0,0,0,0,1,,
2026-03-04 18:25:25,33,19,19,0,"fit: 4, efit: 1","fit: 4, efit: 1",,,,0,0,0,0,1,,
2026-03-04 18:32:04,33,19,19,0,"fit: 5, efit: 1","fit: 5, efit: 1",,,,0,0,0,0,1,,
2026-03-04 18:35:27,33,19,19,0,"fit: 4, efit: 1","fit: 4, efit: 1",,,,0,0,0,0,1,,
2026-03-04 18:56:36,33,19,19,0,"fit: 4, efit: 2","fit: 4, efit: 2",,,,0,0,0,0,1,,
2026-03-04 19:10:32,33,19,19,0,"fit: 4, efit: 1","fit: 4, efit: 1",,,,0,0,0,0,1,,
2026-03-04 19:16:40,33,19,19,0,"fit: 5, efit: 1","fit: 5, efit: 1",,,,0,0,0,0,1,,
2026-03-04 19:20:34,33,19,19,0,"fit: 5, efit: 2","fit: 5, efit: 2",,,,0,0,0,0,1,,
2026-03-04 19:21:41,33,19,19,0,"fit: 5, efit: 3","fit: 5, efit: 3",,,,0,0,0,0,1,,
2026-03-04 19:22:12,33,19,19,0,"fit: 6, efit: 3","fit: 6, efit: 3",,,,0,0,0,0,1,,
2026-03-04 19:40:37,33,19,19,0,"fit: 6, efit: 2","fit: 6, efit: 2",,,,0,0,0,0,1,,
2026-03-04 20:01:48,33,19,19,0,"fit: 6, efit: 1","fit: 6, efit: 1",,,,0,0,0,0,1,,
2026-03-04 20:21:52,33,19,19,0,fit: 6,fit: 6,,,,0,0,0,0,1,,
2026-03-04 20:25:44,33,19,19,0,fit: 5,fit: 5,,,,0,0,0,0,1,,
2026-03-04 20:36:55,33,19,19,0,fit: 4,fit: 4,,,,0,0,0,0,1,,
2026-03-04 21:55:58,33,19,19,0,"fit: 4, efit: 1","fit: 4, efit: 1",,,,0,0,0,0,1,,
2026-03-04 22:07:12,33,19,19,0,fit: 4,fit: 4,,,,0,0,0,0,1,,
2026-03-04 22:11:01,33,19,19,0,fit: 3,fit: 3,,,,0,0,0,0,1,,
2026-03-04 23:32:28,33,19,19,0,"fit: 4, efit: 1","fit: 4, efit: 1",,,,0,0,0,0,1,,
2026-03-04 23:32:55,33,19,19,0,"fit: 3, efit: 1","fit: 3, efit: 1",,,,0,0,0,0,1,,
2026-03-04 23:36:15,33,19,19,0,fit: 3,fit: 3,,,,0,0,0,0,1,,
2026-03-05 00:02:33,33,19,19,0,fit: 3,fit: 3,,,,0,0,0,0,1,,
2026-03-05 07:55:26,33,19,19,0,"fit: 3, efit: 1","fit: 3, efit: 1",,,,0,0,0,0,1,,
2026-03-05 08:54:12,33,19,19,0,fit: 3,fit: 3,,,,0,0,0,0,1,,
2026-03-05 09:14:16,33,19,19,0,"fit: 3, efit: 1","fit: 3, efit: 1",,,,0,0,0,0,1,,
2026-03-05 09:20:38,33,19,19,0,"fit: 3, efit: 2","fit: 3, efit: 2",,,,0,0,0,0,1,,
2026-03-05 09:24:18,33,19,19,0,"fit: 3, efit: 1","fit: 3, efit: 1",,,,0,0,0,0,1,,
2026-03-05 10:04:44,33,19,19,0,"fit: 3, efit: 2","fit: 3, efit: 2",,,,0,0,0,0,1,,
2026-03-05 10:29:48,33,19,19,0,"fit: 4, efit: 2","fit: 4, efit: 2",,,,0,0,0,0,1,,
2026-03-05 10:44:33,33,19,19,0,"fit: 5, efit: 2","fit: 5, efit: 2",,,,0,0,0,0,1,,
2026-03-05 10:49:34,33,19,19,0,"fit: 6, efit: 2","fit: 6, efit: 2",,,,0,0,0,0,1,,
2026-03-05 11:14:38,33,19,19,0,"fit: 6, efit: 1","fit: 6, efit: 1",,,,0,0,0,0,1,,
2026-03-05 11:29:41,33,19,19,0,fit: 6,fit: 6,,,,0,0,0,0,1,,
2026-03-05 12:15:07,33,19,19,0,"fit: 6, efit: 1","fit: 6, efit: 1",,,,0,0,0,0,1,,
2026-03-05 12:24:52,33,19,19,0,fit: 7,fit: 7,,,,0,0,0,0,1,,
2026-03-05 12:34:54,33,19,19,0,"fit: 7, efit: 1","fit: 7, efit: 1",,,,0,0,0,0,1,,
2026-03-05 13:15:02,33,19,19,0,fit: 7,fit: 7,,,,0,0,0,0,1,,
2026-03-05 13:35:06,33,19,19,0,"fit: 7, efit: 1","fit: 7, efit: 1",,,,0,0,0,0,1,,
2026-03-05 13:45:08,33,19,19,0,fit: 7,fit: 7,,,,0,0,0,0,1,,
2026-03-05 14:30:17,33,19,19,0,"fit: 7, efit: 1","fit: 7, efit: 1",,,,0,0,0,0,1,,
2026-03-05 14:35:18,33,19,19,0,"fit: 8, efit: 1","fit: 8, efit: 1",,,,0,0,0,0,1,,
2026-03-05 14:50:21,33,19,19,0,fit: 8,fit: 8,,,,0,0,0,0,1,,
2026-03-05 15:30:29,33,19,19,0,"fit: 8, efit: 2","fit: 8, efit: 2",,,,0,0,0,0,1,,
2026-03-05 15:35:30,33,19,19,0,"fit: 8, efit: 1","fit: 8, efit: 1",,,,0,0,0,0,1,,
2026-03-05 16:55:45,33,19,19,0,"fit: 8, efit: 2","fit: 8, efit: 2",,,,0,0,0,0,1,,
2026-03-05 17:00:46,33,19,19,0,"fit: 8, efit: 1","fit: 8, efit: 1",,,,0,0,0,0,1,,
2026-03-05 17:10:48,33,19,19,0,fit: 8,fit: 8,,,,0,0,0,0,1,,
2026-03-05 17:25:51,33,19,19,0,fit: 9,fit: 9,,,,0,0,0,0,1,,
2026-03-05 17:53:16,33,19,19,0,fit: 8,fit: 8,,,,0,0,0,0,1,,
2026-03-05 18:25:25,33,19,19,0,fit: 7,fit: 7,,,,0,0,0,0,1,,
2026-03-05 18:30:39,33,19,19,0,"fit: 7, efit: 1","fit: 7, efit: 1",,,,0,0,0,0,1,,
2026-03-05 18:33:22,33,19,19,0,fit: 7,fit: 7,,,,0,0,0,0,1,,
2026-03-05 18:45:30,33,19,19,0,"fit: 7, efit: 1","fit: 7, efit: 1",,,,0,0,0,0,1,,
2026-03-05 18:53:25,33,19,19,0,fit: 7,fit: 7,,,,0,0,0,0,1,,
2026-03-05 19:33:31,33,19,19,0,fit: 6,fit: 6,,,,0,0,0,0,1,,
2026-03-05 20:18:37,33,19,19,0,fit: 5,fit: 5,,,,0,0,0,0,1,,
2026-03-05 21:11:06,33,19,19,0,fit: 4,fit: 4,,,,0,0,0,0,1,,
2026-03-05 21:18:46,33,19,19,0,"fit: 4, efit: 1","fit: 4, efit: 1",,,,0,0,0,0,1,,
2026-03-05 21:23:47,33,19,19,0,fit: 4,fit: 4,,,,0,0,0,0,1,,
2026-03-05 21:38:49,33,19,19,0,"fit: 4, efit: 1","fit: 4, efit: 1",,,,0,0,0,0,1,,
2026-03-05 21:41:09,33,19,19,0,fit: 4,fit: 4,,,,0,0,0,0,1,,
2026-03-05 22:11:14,33,19,19,0,"fit: 4, efit: 1","fit: 4, efit: 1",,,,0,0,0,0,1,,
2026-03-05 22:38:58,33,19,19,0,"fit: 3, efit: 2","fit: 3, efit: 2",,,,0,0,0,0,1,,
2026-03-05 22:41:20,33,19,19,0,"fit: 3, efit: 1","fit: 3, efit: 1",,,,0,0,0,0,1,,
2026-03-05 22:43:59,33,19,19,0,"fit: 4, efit: 1","fit: 4, efit: 1",,,,0,0,0,0,1,,
2026-03-05 22:49:00,33,19,19,0,"fit: 4, efit: 2","fit: 4, efit: 2",,,,0,0,0,0,1,,
2026-03-05 22:51:21,33,19,19,0,"fit: 4, efit: 3","fit: 4, efit: 3",,,,0,0,0,0,1,,
2026-03-05 22:54:01,33,19,19,0,"fit: 4, efit: 1","fit: 4, efit: 1",,,,0,0,0,0,1,,
2026-03-05 22:56:22,33,19,19,0,"fit: 4, efit: 3","fit: 4, efit: 3",,,,0,0,0,0,1,,
2026-03-05 22:56:29,33,19,19,0,"fit: 4, efit: 4","fit: 4, efit: 4",,,,0,0,0,0,1,,
2026-03-05 22:59:01,33,19,19,0,"fit: 4, efit: 1","fit: 4, efit: 1",,,,0,0,0,0,1,,
2026-03-05 23:11:25,33,19,19,0,fit: 4,fit: 4,,,,0,0,0,0,1,,
2026-03-06 00:01:33,33,19,19,0,fit: 4,fit: 4,,,,0,0,0,0,1,,
2026-03-06 01:34:24,33,19,19,0,"fit: 4, efit: 2","fit: 4, efit: 2",,,,0,0,0,0,1,,
2026-03-06 01:36:48,33,19,19,0,"fit: 4, efit: 3","fit: 4, efit: 3",,,,0,0,0,0,1,,
2026-03-06 01:39:25,33,19,19,0,"fit: 4, efit: 4","fit: 4, efit: 4",,,,0,0,0,0,1,,
2026-03-06 01:46:50,33,19,19,0,"fit: 4, efit: 2","fit: 4, efit: 2",,,,0,0,0,0,1,,
2026-03-06 03:02:27,33,19,19,0,"fit: 4, efit: 1","fit: 4, efit: 1",,,,0,0,0,0,1,,
2026-03-06 03:07:03,33,19,19,0,"fit: 4, efit: 2","fit: 4, efit: 1",,,,0,0,0,0,1,,
2026-03-06 03:07:29,33,19,19,0,"fit: 4, efit: 1",fit: 4,,,,0,0,0,0,1,,
2026-03-06 03:17:05,33,19,19,0,"fit: 2, efit: 1",fit: 2,,,,0,0,0,0,1,,
2026-03-06 04:07:13,33,19,19,0,"fit: 2, efit: 1","fit: 2, efit: 1",,,,0,0,0,0,1,,
2026-03-06 05:02:22,33,19,19,0,"fit: 2, efit: 2","fit: 2, efit: 2",,,,0,0,0,0,1,,
2026-03-06 05:34:58,33,19,19,0,"fit: 2, efit: 1","fit: 2, efit: 1",,,,0,0,0,0,1,,
2026-03-06 06:22:35,33,19,19,0,"fit: 2, efit: 2","fit: 2, efit: 2",,,,0,0,0,0,1,,
2026-03-06 09:05:30,33,19,19,0,"fit: 3, efit: 2","fit: 3, efit: 2",,,,0,0,0,0,1,,
2026-03-06 09:13:03,33,19,19,0,"fit: 3, efit: 3","fit: 3, efit: 3",,,,0,0,0,0,1,,
2026-03-06 09:30:34,33,19,19,0,"fit: 2, efit: 3","fit: 2, efit: 3",,,,0,0,0,0,1,,
2026-03-06 09:48:09,33,19,19,0,"fit: 2, efit: 4","fit: 2, efit: 4",,,,0,0,0,0,1,,
2026-03-06 09:53:10,33,19,19,0,"fit: 3, efit: 5","fit: 3, efit: 5",,,,0,0,0,0,1,,
2026-03-06 09:58:10,33,19,19,0,"fit: 3, efit: 6","fit: 3, efit: 6",,,,0,0,0,0,1,,
2026-03-06 10:25:42,33,19,19,0,"fit: 3, efit: 7","fit: 3, efit: 7",,,,0,0,0,0,1,,
2026-03-06 10:43:18,33,19,19,0,"fit: 3, efit: 6","fit: 3, efit: 6",,,,0,0,0,0,1,,
2026-03-06 10:45:45,33,19,19,0,"fit: 3, efit: 5","fit: 3, efit: 5",,,,0,0,0,0,1,,
2026-03-06 10:50:46,33,19,19,0,"fit: 3, efit: 4","fit: 3, efit: 4",,,,0,0,0,0,1,,
2026-03-06 10:53:19,33,19,19,0,"fit: 3, efit: 1","fit: 3, efit: 1",,,,0,0,0,0,1,,
2026-03-06 10:58:20,33,19,19,0,fit: 3,fit: 3,,,,0,0,0,0,1,,
2026-03-06 11:08:22,33,19,19,0,"fit: 3, efit: 1","fit: 3, efit: 1",,,,0,0,0,0,1,,
2026-03-06 11:18:23,33,19,19,0,"fit: 3, efit: 3","fit: 3, efit: 3",,,,0,0,0,0,1,,
2026-03-06 11:38:27,33,19,19,0,"fit: 3, efit: 2","fit: 3, efit: 2",,,,0,0,0,0,1,,
2026-03-06 11:40:53,33,19,19,0,"fit: 3, efit: 1","fit: 3, efit: 1",,,,0,0,0,0,1,,
2026-03-06 12:08:32,33,19,19,0,fit: 3,fit: 3,,,,0,0,0,0,1,,
2026-03-06 12:10:57,33,19,19,0,"fit: 3, efit: 1","fit: 3, efit: 1",,,,0,0,0,0,1,,
2026-03-06 12:18:33,33,19,19,0,"fit: 3, efit: 3","fit: 3, efit: 3",,,,0,0,0,0,1,,
2026-03-06 12:28:35,33,19,19,0,"fit: 3, efit: 4","fit: 3, efit: 4",,,,0,0,0,0,1,,
2026-03-06 12:48:38,33,19,19,0,"fit: 3, efit: 5","fit: 3, efit: 5",,,,0,0,0,0,1,,
2026-03-06 12:53:39,33,19,19,0,"fit: 3, efit: 6","fit: 3, efit: 6",,,,0,0,0,0,1,,
2026-03-06 13:01:05,33,19,19,0,"fit: 3, efit: 5","fit: 3, efit: 5",,,,0,0,0,0,1,,
2026-03-06 13:41:11,33,19,19,0,"fit: 3, efit: 6","fit: 3, efit: 6",,,,0,0,0,0,1,,
2026-03-06 13:43:47,33,19,19,0,"fit: 4, efit: 9","fit: 4, efit: 9",,,,0,0,0,0,1,,
2026-03-06 13:44:59,33,19,19,0,"fit: 4, efit: 8","fit: 4, efit: 8",,,,0,0,0,0,1,,
2026-03-06 13:48:48,33,19,19,0,"fit: 4, efit: 9","fit: 4, efit: 9",,,,0,0,0,0,1,,
2026-03-06 13:53:49,33,19,19,0,"fit: 4, efit: 7","fit: 4, efit: 7",,,,0,0,0,0,1,,
2026-03-06 13:58:50,33,19,19,0,"fit: 3, efit: 7","fit: 3, efit: 7",,,,0,0,0,0,1,,
2026-03-06 14:00:02,33,19,19,0,"fit: 3, efit: 8","fit: 3, efit: 8",,,,0,0,0,0,1,,
2026-03-06 14:01:14,33,19,19,0,"fit: 3, efit: 7","fit: 3, efit: 7",,,,0,0,0,0,1,,
2026-03-06 14:05:04,33,19,19,0,"fit: 4, efit: 7","fit: 4, efit: 7",,,,0,0,0,0,1,,
2026-03-06 14:08:51,33,19,19,0,"fit: 4, efit: 8","fit: 4, efit: 8",,,,0,0,0,0,1,,
2026-03-06 14:13:52,33,19,19,0,"fit: 4, efit: 5","fit: 4, efit: 5",,,,0,0,0,0,1,,
2026-03-06 14:20:07,33,19,19,0,"fit: 4, efit: 3","fit: 4, efit: 3",,,,0,0,0,0,1,,
2026-03-06 14:28:55,33,19,19,0,"fit: 4, efit: 4","fit: 4, efit: 4",,,,0,0,0,0,1,,
2026-03-06 14:35:11,33,19,19,0,"fit: 4, efit: 6","fit: 4, efit: 6",,,,0,0,0,0,1,,
2026-03-06 14:45:13,33,19,19,0,"fit: 4, efit: 7","fit: 4, efit: 7",,,,0,0,0,0,1,,
2026-03-06 14:46:21,33,19,19,0,"fit: 4, efit: 9","fit: 4, efit: 9",,,,0,0,0,0,1,,
2026-03-06 14:48:58,33,19,19,0,"fit: 4, efit: 6","fit: 4, efit: 6",,,,0,0,0,0,1,,
2026-03-06 14:53:59,33,19,19,0,"fit: 4, efit: 7","fit: 4, efit: 7",,,,0,0,0,0,1,,
2026-03-06 14:55:16,33,19,19,0,"fit: 4, efit: 4","fit: 4, efit: 4",,,,0,0,0,0,1,,
2026-03-06 15:04:01,33,19,19,0,"fit: 4, efit: 2","fit: 4, efit: 2",,,,0,0,0,0,1,,
2026-03-06 15:16:25,33,19,19,0,"fit: 4, efit: 1","fit: 4, efit: 1",,,,0,0,0,0,1,,
2026-03-06 15:19:03,33,19,19,0,"fit: 4, efit: 4","fit: 4, efit: 4",,,,0,0,0,0,1,,
2026-03-06 15:24:04,33,19,19,0,"fit: 4, efit: 3","fit: 4, efit: 3",,,,0,0,0,0,1,,
2026-03-06 15:29:05,33,19,19,0,"fit: 4, efit: 2","fit: 4, efit: 2",,,,0,0,0,0,1,,
2026-03-06 15:30:24,33,19,19,0,fit: 4,fit: 4,,,,0,0,0,0,1,,
2026-03-06 15:36:28,33,19,19,0,"fit: 4, efit: 1","fit: 4, efit: 1",,,,0,0,0,0,1,,
2026-03-06 15:39:07,33,19,19,0,"fit: 4, efit: 2","fit: 4, efit: 2",,,,0,0,0,0,1,,
2026-03-06 15:50:29,33,19,19,0,"fit: 4, efit: 1","fit: 4, efit: 1",,,,0,0,0,0,1,,
2026-03-06 16:01:32,33,19,19,0,"fit: 3, efit: 1","fit: 3, efit: 1",,,,0,0,0,0,1,,
2026-03-06 16:05:32,33,19,19,0,fit: 3,fit: 3,,,,0,0,0,0,1,,
2026-03-06 16:10:34,33,19,19,0,"fit: 5, efit: 1","fit: 5, efit: 1",,,,0,0,0,0,1,,
2026-03-06 16:11:33,33,19,19,0,"fit: 5, efit: 2","fit: 5, efit: 2",,,,0,0,0,0,1,,
2026-03-06 16:14:13,33,19,19,0,"fit: 6, efit: 1","fit: 6, efit: 1",,,,0,0,0,0,1,,
2026-03-06 16:26:36,33,19,19,0,"fit: 6, efit: 3","fit: 6, efit: 3",,,,0,0,0,0,1,,
2026-03-06 16:30:39,33,19,19,0,"fit: 6, efit: 4","fit: 6, efit: 4",,,,0,0,0,0,1,,
2026-03-06 16:35:40,33,19,19,0,"fit: 5, efit: 4","fit: 5, efit: 4",,,,0,0,0,0,1,,
2026-03-06 16:39:17,33,19,19,0,"fit: 6, efit: 3","fit: 6, efit: 3",,,,0,0,0,0,1,,
2026-03-06 16:51:40,33,19,19,0,"fit: 6, efit: 2","fit: 6, efit: 2",,,,0,0,0,0,1,,
2026-03-06 16:54:19,33,19,19,0,"fit: 5, efit: 2","fit: 5, efit: 2",,,,0,0,0,0,1,,
2026-03-06 16:59:20,33,19,19,0,"fit: 6, efit: 3","fit: 6, efit: 3",,,,0,0,0,0,1,,
2026-03-06 17:00:46,33,19,19,0,"fit: 5, efit: 2","fit: 5, efit: 2",,,,0,0,0,0,1,,
2026-03-06 17:06:42,33,19,19,0,"fit: 6, efit: 1","fit: 6, efit: 1",,,,0,0,0,0,1,,
2026-03-06 17:25:52,33,19,19,0,"fit: 7, efit: 2","fit: 7, efit: 2",,,,0,0,0,0,1,,
2026-03-06 17:39:27,33,19,19,0,"fit: 7, efit: 3","fit: 7, efit: 3",,,,0,0,0,0,1,,
2026-03-06 17:40:56,33,19,19,0,fit: 7,fit: 7,,,,0,0,0,0,1,,
2026-03-06 17:44:28,33,19,19,0,fit: 6,fit: 6,,,,0,0,0,0,1,,
2026-03-06 17:50:58,33,19,19,0,"fit: 6, efit: 2","fit: 6, efit: 2",,,,0,0,0,0,1,,
2026-03-06 18:01:50,33,19,19,0,"fit: 6, efit: 1","fit: 6, efit: 1",,,,0,0,0,0,1,,
2026-03-06 18:36:09,33,19,19,0,"fit: 6, efit: 3","fit: 6, efit: 3",,,,0,0,0,0,1,,
2026-03-06 18:49:39,33,19,19,0,"fit: 5, efit: 2","fit: 5, efit: 2",,,,0,0,0,0,1,,
2026-03-06 18:51:13,33,19,19,0,fit: 1,fit: 1,,,,0,0,0,0,1,,
2026-03-06 18:54:40,33,19,19,0,,,,,,0,0,0,0,1,,
2026-03-06 19:14:43,33,19,19,0,fit: 4,fit: 4,,,,0,0,0,0,1,,
2026-03-06 19:16:19,33,19,19,0,"fit: 5, efit: 1","fit: 5, efit: 1",,,,0,0,0,0,1,,
2026-03-06 19:26:21,33,19,19,0,"fit: 3, efit: 1","fit: 3, efit: 1",,,,0,0,0,0,1,,
2026-03-06 19:27:02,33,19,19,0,"fit: 2, efit: 1","fit: 2, efit: 1",,,,0,0,0,0,1,,
2026-03-06 19:36:23,33,19,19,0,fit: 2,fit: 2,,,,0,0,0,0,1,,
2026-03-06 19:37:04,33,19,19,0,"fit: 2, efit: 3","fit: 2, efit: 3",,,,0,0,0,0,1,,
2026-03-06 19:44:48,33,19,19,0,"fit: 2, efit: 2","fit: 2, efit: 2",,,,0,0,0,0,1,,
2026-03-06 20:11:32,33,19,19,0,"fit: 2, efit: 1","fit: 2, efit: 1",,,,0,0,0,0,1,,
2026-03-06 20:39:57,33,19,19,0,"fit: 5, efit: 1","fit: 5, efit: 1",,,,0,0,0,0,1,,
2026-03-06 20:41:39,33,19,19,0,"fit: 6, efit: 1","fit: 6, efit: 1",,,,0,0,0,0,1,,
2026-03-06 20:57:16,33,19,19,0,fit: 5,fit: 5,,,,0,0,0,0,1,,
2026-03-06 21:46:55,33,19,19,0,"fit: 5, efit: 1","fit: 5, efit: 1",,,,0,0,0,0,1,,
2026-03-06 21:51:56,33,19,19,0,"fit: 6, efit: 1","fit: 6, efit: 1",,,,0,0,0,0,1,,
2026-03-06 21:52:24,33,19,19,0,fit: 6,fit: 6,,,,0,0,0,0,1,,
2026-03-06 22:35:17,33,19,19,0,"fit: 6, efit: 1","fit: 6, efit: 1",,,,0,0,0,0,1,,
2026-03-06 22:45:19,33,19,19,1,"fit: 6, efit: 1","fit: 6, efit: 1",,,,0,0,0,0,1,,
2026-03-06 23:15:24,33,19,19,0,"fit: 6, efit: 1","fit: 6, efit: 1",,,,0,0,0,0,1,,
2026-03-06 23:47:23,33,19,19,0,"fit: 6, efit: 5","fit: 6, efit: 5",,,,0,0,0,0,1,,
2026-03-06 23:47:41,33,19,19,0,"fit: 6, efit: 6","fit: 6, efit: 6",,,,0,0,0,0,1,,
2026-03-06 23:50:30,33,19,19,0,"fit: 6, efit: 1","fit: 6, efit: 1",,,,0,0,0,0,1,,
2026-03-07 00:00:32,33,19,19,0,"fit: 6, efit: 1","fit: 6, efit: 1",,,,0,0,0,0,1,,
2026-03-07 01:07:53,33,19,19,0,fit: 6,fit: 6,,,,0,0,0,0,1,,
2026-03-07 01:32:48,33,19,19,0,"fit: 6, efit: 2","fit: 6, efit: 2",,,,0,0,0,0,1,,
2026-03-07 01:35:47,33,19,19,0,fit: 6,fit: 6,,,,0,0,0,0,1,,
2026-03-07 08:38:56,33,19,19,0,"fit: 6, efit: 1","fit: 6, efit: 1",,,,0,0,0,0,1,,
2026-03-07 09:19:02,33,19,19,0,"fit: 6, efit: 2","fit: 6, efit: 2",,,,0,0,0,0,1,,
2026-03-07 09:24:37,33,19,19,0,"fit: 6, efit: 1","fit: 6, efit: 1",,,,0,0,0,0,1,,
2026-03-07 09:32:06,33,19,19,0,"fit: 6, efit: 2","fit: 6, efit: 2",,,,0,0,0,0,1,,
2026-03-07 09:39:05,33,19,19,0,"fit: 6, efit: 3","fit: 6, efit: 3",,,,0,0,0,0,1,,
2026-03-07 09:47:08,33,19,19,0,"fit: 6, efit: 2","fit: 6, efit: 2",,,,0,0,0,0,1,,
2026-03-07 10:09:10,33,19,19,0,"fit: 6, efit: 3","fit: 6, efit: 3",,,,0,0,0,0,1,,
2026-03-07 10:24:12,33,19,19,0,"fit: 6, efit: 4","fit: 6, efit: 4",,,,0,0,0,0,1,,
2026-03-07 10:27:15,33,19,19,0,"fit: 6, efit: 3","fit: 6, efit: 3",,,,0,0,0,0,1,,
2026-03-07 10:59:17,33,19,19,0,"fit: 6, efit: 4","fit: 6, efit: 4",,,,0,0,0,0,1,,
2026-03-07 11:24:21,33,19,19,0,"fit: 6, efit: 5","fit: 6, efit: 5",,,,0,0,0,0,1,,
2026-03-07 11:29:21,33,19,19,0,"fit: 6, efit: 4","fit: 6, efit: 4",,,,0,0,0,0,1,,
2026-03-07 11:59:26,33,19,19,0,"fit: 6, efit: 3","fit: 6, efit: 3",,,,0,0,0,0,1,,
2026-03-07 12:05:15,33,19,19,0,"fit: 6, efit: 4","fit: 6, efit: 4",,,,0,0,0,0,1,,
2026-03-07 12:09:27,33,19,19,0,"fit: 6, efit: 5","fit: 6, efit: 5",,,,0,0,0,0,1,,
2026-03-07 12:17:33,33,19,19,0,"fit: 6, efit: 4","fit: 6, efit: 4",,,,0,0,0,0,1,,
2026-03-07 12:19:29,33,19,19,0,"fit: 7, efit: 4","fit: 7, efit: 4",,,,0,0,0,0,1,,
2026-03-07 12:24:30,33,19,19,0,"fit: 7, efit: 5","fit: 7, efit: 5",,,,0,0,0,0,1,,
2026-03-07 12:32:35,33,19,19,0,"fit: 7, efit: 6","fit: 7, efit: 6",,,,0,0,0,0,1,,
2026-03-07 12:42:37,33,19,19,0,"fit: 7, efit: 5","fit: 7, efit: 5",,,,0,0,0,0,1,,
2026-03-07 12:44:33,33,19,19,0,"fit: 7, efit: 4","fit: 7, efit: 4",,,,0,0,0,0,1,,
2026-03-07 12:49:34,33,19,19,0,"fit: 7, efit: 3","fit: 7, efit: 3",,,,0,0,0,0,1,,
2026-03-07 12:59:35,33,19,19,0,"fit: 7, efit: 4","fit: 7, efit: 4",,,,0,0,0,0,1,,
2026-03-07 13:04:36,33,19,19,0,"fit: 7, efit: 6","fit: 7, efit: 6",,,,0,0,0,0,1,,
2026-03-07 13:09:36,33,19,19,0,"fit: 7, efit: 5","fit: 7, efit: 5",,,,0,0,0,0,1,,
2026-03-07 13:29:39,33,19,19,0,"fit: 6, efit: 5","fit: 6, efit: 5",,,,0,0,0,0,1,,
2026-03-07 13:37:46,33,19,19,0,"fit: 7, efit: 5","fit: 7, efit: 5",,,,0,0,0,0,1,,
2026-03-07 13:49:42,33,19,19,0,"fit: 7, efit: 6","fit: 7, efit: 6",,,,0,0,0,0,1,,
2026-03-07 13:55:41,33,19,19,0,"fit: 7, efit: 7","fit: 7, efit: 7",,,,0,0,0,0,1,,
2026-03-07 14:00:42,33,19,19,0,"fit: 7, efit: 6","fit: 7, efit: 6",,,,0,0,0,0,1,,
2026-03-07 14:02:50,33,19,19,0,"fit: 7, efit: 7","fit: 7, efit: 7",,,,0,0,0,0,1,,
2026-03-07 14:09:45,33,19,19,0,"fit: 7, efit: 6","fit: 7, efit: 6",,,,0,0,0,0,1,,
2026-03-07 14:17:53,33,19,19,0,"fit: 5, efit: 7","fit: 5, efit: 7",,,,0,0,0,0,1,,
2026-03-07 14:20:47,33,19,19,0,"fit: 4, efit: 6","fit: 4, efit: 6",,,,0,0,0,0,1,,
2026-03-07 14:22:54,33,19,19,0,"fit: 3, efit: 6","fit: 3, efit: 6",,,,0,0,0,0,1,,
2026-03-07 14:29:48,33,19,19,0,"fit: 3, efit: 5","fit: 3, efit: 5",,,,0,0,0,0,1,,
2026-03-07 14:30:50,33,19,19,0,"fit: 3, efit: 4","fit: 3, efit: 4",,,,0,0,0,0,1,,
2026-03-07 14:34:49,33,19,19,0,"fit: 3, efit: 5","fit: 3, efit: 5",,,,0,0,0,0,1,,
2026-03-07 14:35:51,33,19,19,0,"fit: 3, efit: 4","fit: 3, efit: 4",,,,0,0,0,0,1,,
2026-03-07 14:49:51,33,19,19,0,"fit: 3, efit: 3","fit: 3, efit: 3",,,,0,0,0,0,1,,
2026-03-07 14:57:59,33,19,19,0,"fit: 3, efit: 4","fit: 3, efit: 4",,,,0,0,0,0,1,,
2026-03-07 15:09:54,33,19,19,0,"fit: 3, efit: 6","fit: 3, efit: 5",,,,0,0,0,0,1,,
2026-03-07 15:13:02,33,19,19,0,"fit: 4, efit: 5","fit: 4, efit: 4",,,,0,0,0,0,1,,
2026-03-07 15:14:55,33,19,19,0,"fit: 3, efit: 1",fit: 3,,,,0,0,0,0,1,,
2026-03-07 15:16:01,33,19,19,0,"fit: 1, efit: 3","fit: 1, efit: 2",,,,0,0,0,0,1,,
2026-03-07 15:26:03,33,19,19,0,efit: 2,efit: 1,,,,0,0,0,0,1,,
2026-03-07 15:44:59,33,19,19,0,"fit: 3, efit: 2","fit: 3, efit: 1",,,,0,0,0,0,1,,
2026-03-07 15:50:01,33,19,19,0,"fit: 3, efit: 1",fit: 3,,,,0,0,0,0,1,,
2026-03-07 15:51:09,33,19,19,0,"fit: 2, efit: 1",fit: 2,,,,0,0,0,0,1,,
2026-03-07 15:55:01,33,19,19,0,fit: 2,fit: 2,,,,0,0,0,0,1,,
2026-03-07 16:01:12,33,19,19,0,"fit: 2, efit: 2","fit: 2, efit: 2",,,,0,0,0,0,1,,
2026-03-07 16:03:10,33,19,19,0,"fit: 2, efit: 3","fit: 2, efit: 3",,,,0,0,0,0,1,,
2026-03-07 17:43:27,33,19,19,0,"fit: 2, efit: 2","fit: 2, efit: 2",,,,0,0,0,0,1,,
2026-03-07 18:20:24,33,19,19,0,"fit: 2, efit: 1","fit: 2, efit: 1",,,,0,0,0,0,1,,
2026-03-07 20:00:39,33,19,19,0,fit: 2,fit: 2,,,,0,0,0,0,1,,
2026-03-07 23:02:52,33,19,19,0,,,,,,0,0,0,0,1,,
2026-03-07 23:21:09,33,19,19,0,efit: 2,efit: 2,,,,0,0,0,0,1,,
2026-03-07 23:22:56,33,19,19,0,,,,,,0,0,0,0,1,,
2026-03-08 00:01:14,33,19,19,0,,,,,,0,0,0,0,1,,
2026-03-08 12:55:56,33,19,19,0,efit: 1,efit: 1,,,,0,0,0,0,1,,
2026-03-08 13:36:35,33,19,19,0,efit: 2,efit: 2,,,,0,0,0,0,1,,
2026-03-08 13:38:05,33,19,19,0,efit: 1,efit: 1,,,,0,0,0,0,1,,
2026-03-08 13:43:06,33,19,19,0,efit: 2,efit: 2,,,,0,0,0,0,1,,
2026-03-08 14:26:18,33,19,19,0,efit: 4,efit: 4,,,,0,0,0,0,1,,
2026-03-08 14:31:19,33,19,19,0,"fit: 2, efit: 4","fit: 2, efit: 4",,,,0,0,0,0,1,,
2026-03-08 14:31:44,33,19,19,0,"fit: 3, efit: 5","fit: 3, efit: 5",,,,0,0,0,0,1,,
2026-03-08 14:33:14,33,19,19,0,"fit: 3, efit: 3","fit: 3, efit: 3",,,,0,0,0,0,1,,
2026-03-08 14:41:46,33,19,19,0,"fit: 3, efit: 2","fit: 3, efit: 2",,,,0,0,0,0,1,,
2026-03-08 14:43:15,33,19,19,0,"fit: 3, efit: 1","fit: 3, efit: 1",,,,0,0,0,0,1,,
2026-03-08 14:51:48,33,19,19,0,fit: 3,fit: 3,,,,0,0,0,0,1,,
2026-03-08 14:53:17,33,19,19,0,"fit: 3, efit: 2","fit: 3, efit: 2",,,,0,0,0,0,1,,
2026-03-08 15:06:28,33,19,19,0,"fit: 4, efit: 5","fit: 4, efit: 4",,,,0,0,0,0,1,,
2026-03-08 15:06:50,33,19,19,0,"fit: 4, efit: 6","fit: 4, efit: 4",,,,0,0,0,0,1,,
2026-03-08 15:08:19,33,19,19,0,"fit: 4, efit: 7","fit: 4, efit: 5",,,,0,0,0,0,1,,
2026-03-08 15:36:35,33,19,19,0,"fit: 4, efit: 7","fit: 4, efit: 6",,,,0,0,0,0,1,,
2026-03-08 15:46:37,33,19,19,0,"fit: 4, efit: 6","fit: 4, efit: 5",,,,0,0,0,0,1,,
2026-03-08 16:01:41,33,19,19,0,"fit: 5, efit: 7","fit: 5, efit: 6",,,,0,0,0,0,1,,
2026-03-08 16:06:42,33,19,19,0,"fit: 5, efit: 7","fit: 5, efit: 7",,,,0,0,0,0,1,,
2026-03-08 16:11:43,33,19,19,0,"fit: 6, efit: 6","fit: 6, efit: 6",,,,0,0,0,0,1,,
2026-03-08 16:18:30,33,19,19,0,"fit: 6, efit: 5","fit: 6, efit: 5",,,,0,0,0,0,1,,
2026-03-08 16:21:46,33,19,19,0,"fit: 6, efit: 4","fit: 6, efit: 4",,,,0,0,0,0,1,,
2026-03-08 16:28:31,33,19,19,0,"fit: 8, efit: 4","fit: 8, efit: 4",,,,0,0,0,0,1,,
2026-03-08 16:31:48,33,19,19,0,"fit: 7, efit: 4","fit: 7, efit: 4",,,,0,0,0,0,1,,
2026-03-08 16:56:54,33,19,19,0,"fit: 7, efit: 5","fit: 7, efit: 5",,,,0,0,0,0,1,,
2026-03-08 16:58:36,33,19,19,0,"fit: 7, efit: 4","fit: 7, efit: 4",,,,0,0,0,0,1,,
2026-03-08 17:01:55,33,19,19,0,"fit: 7, efit: 3","fit: 7, efit: 3",,,,0,0,0,0,1,,
2026-03-08 17:11:58,33,19,19,0,"fit: 7, efit: 2","fit: 7, efit: 2",,,,0,0,0,0,1,,
2026-03-08 17:18:39,33,19,19,0,fit: 5,fit: 5,,,,0,0,0,0,1,,
2026-03-08 17:23:39,33,19,19,0,fit: 4,fit: 4,,,,0,0,0,0,1,,
2026-03-08 17:32:03,33,19,19,0,"fit: 5, efit: 2","fit: 5, efit: 2",,,,0,0,0,0,1,,
2026-03-08 17:37:04,33,19,19,0,fit: 4,fit: 4,,,,0,0,0,0,1,,
2026-03-08 17:58:44,33,19,19,0,fit: 3,fit: 3,,,,0,0,0,0,1,,
2026-03-08 18:13:47,33,19,19,0,fit: 2,fit: 2,,,,0,0,0,0,1,,
2026-03-08 18:17:14,33,19,19,0,fit: 1,fit: 1,,,,0,0,0,0,1,,
2026-03-08 18:28:49,33,19,19,0,fit: 3,fit: 3,,,,0,0,0,0,1,,
2026-03-08 18:32:17,33,19,19,0,fit: 4,fit: 4,,,,0,0,0,0,1,,
2026-03-08 18:47:21,33,19,19,0,"fit: 4, efit: 1","fit: 4, efit: 1",,,,0,0,0,0,1,,
2026-03-08 18:52:22,33,19,19,0,fit: 4,fit: 4,,,,0,0,0,0,1,,
2026-03-08 19:12:27,33,19,19,0,"fit: 4, efit: 1","fit: 4, efit: 1",,,,0,0,0,0,1,,
2026-03-08 19:13:56,33,19,19,0,fit: 4,fit: 4,,,,0,0,0,0,1,,
2026-03-08 19:37:33,33,19,19,0,"fit: 4, efit: 1","fit: 4, efit: 1",,,,0,0,0,0,1,,
2026-03-08 19:52:36,33,19,19,0,fit: 4,fit: 4,,,,0,0,0,0,1,,
2026-03-08 20:09:04,33,19,19,0,fit: 3,fit: 3,,,,0,0,0,0,1,,
2026-03-09 00:03:16,33,19,19,0,fit: 3,fit: 3,,,,0,0,0,0,1,,
2026-03-09 03:08:46,33,19,19,0,"fit: 3, efit: 1","fit: 3, efit: 1",,,,0,0,0,0,1,,
2026-03-09 08:44:41,33,19,19,0,fit: 4,fit: 4,,,,0,0,0,0,1,,
2026-03-09 10:10:54,33,19,19,0,fit: 5,fit: 5,,,,0,0,0,0,1,,
2026-03-09 10:56:05,33,19,19,0,"fit: 5, efit: 1","fit: 5, efit: 1",,,,0,0,0,0,1,,
2026-03-09 11:36:14,33,19,19,0,"fit: 5, efit: 2","fit: 5, efit: 2",,,,0,0,0,0,1,,
2026-03-09 11:55:16,33,19,19,0,fit: 5,fit: 5,,,,0,0,0,0,1,,
2026-03-09 12:20:20,33,19,19,0,fit: 4,fit: 4,,,,0,0,0,0,1,,
2026-03-09 13:41:37,33,19,19,0,fit: 3,fit: 3,,,,0,0,0,0,1,,
2026-03-09 13:46:38,33,19,19,0,fit: 2,fit: 2,,,,0,0,0,0,1,,
2026-03-09 14:11:50,33,19,19,0,fit: 3,fit: 3,,,,0,0,0,0,1,,
2026-03-09 14:15:40,33,19,19,0,"fit: 3, efit: 1","fit: 3, efit: 1",,,,0,0,0,0,1,,
2026-03-09 14:20:41,33,19,19,0,fit: 3,fit: 3,,,,0,0,0,0,1,,
2026-03-09 15:15:50,33,19,19,0,"fit: 3, efit: 1","fit: 3, efit: 1",,,,0,0,0,0,1,,
2026-03-09 15:23:34,33,19,19,0,"fit: 3, efit: 2","fit: 3, efit: 2",,,,0,0,0,0,1,,
2026-03-09 15:26:53,33,19,19,0,"fit: 3, efit: 1","fit: 3, efit: 1",,,,0,0,0,0,1,,
2026-03-09 15:30:53,33,19,19,0,"fit: 3, efit: 2","fit: 3, efit: 2",,,,0,0,0,0,1,,
2026-03-09 16:21:01,33,19,19,0,"fit: 3, efit: 1","fit: 3, efit: 1",,,,0,0,0,0,1,,
2026-03-09 16:46:06,33,19,19,0,fit: 3,fit: 3,,,,0,0,0,0,1,,
2026-03-09 17:01:08,33,19,19,0,fit: 2,fit: 2,,,,0,0,0,0,1,,
2026-03-09 17:03:47,33,19,19,0,fit: 3,fit: 3,,,,0,0,0,0,1,,
2026-03-09 17:08:48,33,19,19,0,fit: 2,fit: 2,,,,0,0,0,0,1,,
2026-03-09 17:11:10,33,19,19,0,fit: 1,fit: 1,,,,0,0,0,0,1,,
2026-03-09 17:33:51,33,19,19,0,,,,,,0,0,0,0,1,,
2026-03-09 18:51:26,33,19,19,0,fit: 1,fit: 1,,,,0,0,0,0,1,,
2026-03-09 19:14:05,33,19,19,0,,,,,,0,0,0,0,1,,
2026-03-09 19:24:07,33,19,19,0,efit: 1,efit: 1,,,,0,0,0,0,1,,
2026-03-09 19:31:33,33,19,19,0,"fit: 1, efit: 3","fit: 1, efit: 3",,,,0,0,0,0,1,,
2026-03-09 19:34:08,33,19,19,0,"fit: 1, efit: 2","fit: 1, efit: 2",,,,0,0,0,0,1,,
2026-03-09 19:36:34,33,19,19,0,fit: 1,fit: 1,,,,0,0,0,0,1,,
2026-03-09 19:46:35,33,19,19,0,"fit: 1, efit: 1","fit: 1, efit: 1",,,,0,0,0,0,1,,
2026-03-09 19:47:32,33,19,19,0,fit: 1,fit: 1,,,,0,0,0,0,1,,
2026-03-09 20:16:41,33,19,19,0,"fit: 1, efit: 2","fit: 1, efit: 2",,,,0,0,0,0,1,,
2026-03-09 20:19:14,33,19,19,0,"fit: 1, efit: 3","fit: 1, efit: 3",,,,0,0,0,0,1,,
2026-03-09 20:26:42,33,19,19,0,"fit: 1, efit: 5","fit: 1, efit: 5",,,,0,0,0,0,1,,
2026-03-09 20:27:37,33,19,19,0,"fit: 1, efit: 4","fit: 1, efit: 4",,,,0,0,0,0,1,,
2026-03-09 20:29:16,33,19,19,0,"fit: 1, efit: 3","fit: 1, efit: 3",,,,0,0,0,0,1,,
2026-03-09 20:37:39,33,19,19,0,"fit: 1, efit: 2","fit: 1, efit: 2",,,,0,0,0,0,1,,
2026-03-09 20:56:47,33,19,19,0,"fit: 3, efit: 3","fit: 3, efit: 3",,,,0,0,0,0,1,,
2026-03-09 21:41:54,33,19,19,0,"fit: 3, efit: 2","fit: 3, efit: 2",,,,0,0,0,0,1,,
2026-03-09 23:03:00,33,19,19,0,"fit: 3, efit: 4","fit: 3, efit: 4",,,,0,0,0,0,1,,
2026-03-09 23:59:43,33,19,19,0,"fit: 3, efit: 3","fit: 3, efit: 3",,,,0,0,0,0,1,,
2026-03-10 00:02:17,33,19,19,0,"fit: 3, efit: 3","fit: 3, efit: 3",,,,0,0,0,0,1,,
2026-03-10 00:27:22,33,19,19,0,"fit: 3, efit: 4","fit: 3, efit: 4",,,,0,0,0,0,1,,
2026-03-10 07:38:32,33,19,19,0,"fit: 3, efit: 5","fit: 3, efit: 5",,,,0,0,0,0,1,,
2026-03-10 08:05:47,33,19,19,0,"fit: 3, efit: 6","fit: 3, efit: 6",,,,0,0,0,0,1,,
2026-03-10 08:48:43,33,19,19,0,"fit: 4, efit: 6","fit: 4, efit: 6",,,,0,0,0,0,1,,
2026-03-10 08:53:44,33,19,19,0,"fit: 4, efit: 7","fit: 4, efit: 7",,,,0,0,0,0,1,,
2026-03-10 09:28:50,33,19,19,0,"fit: 4, efit: 8","fit: 4, efit: 8",,,,0,0,0,0,1,,
2026-03-10 09:56:03,33,19,19,0,"fit: 4, efit: 9","fit: 4, efit: 9",,,,0,0,0,0,1,,
2026-03-10 11:14:08,33,19,19,0,"fit: 4, efit: 10","fit: 4, efit: 10",,,,0,0,0,0,1,,
2026-03-10 11:49:14,33,19,19,0,"fit: 5, efit: 10","fit: 5, efit: 10",,,,0,0,0,0,1,,
2026-03-10 11:59:15,33,19,19,0,"fit: 5, efit: 9","fit: 5, efit: 9",,,,0,0,0,0,1,,
2026-03-10 12:11:21,33,19,19,0,"fit: 5, efit: 8","fit: 5, efit: 8",,,,0,0,0,0,1,,
2026-03-10 12:24:19,33,19,19,0,"fit: 5, efit: 9","fit: 5, efit: 9",,,,0,0,0,0,1,,
2026-03-10 12:26:23,33,19,19,0,"fit: 5, efit: 8","fit: 5, efit: 8",,,,0,0,0,0,1,,
2026-03-10 12:49:23,33,19,19,0,"fit: 5, efit: 9","fit: 5, efit: 9",,,,0,0,0,0,1,,
2026-03-10 13:30:06,33,19,19,0,"fit: 5, efit: 10","fit: 5, efit: 10",,,,0,0,0,0,1,,
2026-03-10 13:49:33,33,19,19,0,"fit: 5, efit: 11","fit: 5, efit: 11",,,,0,0,0,0,1,,
2026-03-10 13:54:34,33,19,19,0,"fit: 5, efit: 12","fit: 5, efit: 12",,,,0,0,0,0,1,,
2026-03-10 14:06:36,33,19,19,0,"fit: 6, efit: 12","fit: 6, efit: 12",,,,0,0,0,0,1,,
2026-03-10 15:09:46,33,19,19,0,"fit: 6, efit: 11","fit: 6, efit: 10",efit: 1,,,0,0,0,0,1,,
2026-03-10 15:16:46,33,19,19,0,"fit: 6, efit: 10","fit: 6, efit: 9",efit: 1,,,0,0,0,0,1,,
2026-03-10 15:19:48,33,19,19,0,"fit: 6, efit: 11","fit: 6, efit: 10",efit: 1,,,0,0,0,0,1,,
2026-03-10 15:21:46,33,19,19,0,"fit: 6, efit: 9","fit: 6, efit: 8",efit: 1,,,0,0,0,0,1,,
2026-03-10 15:29:50,33,19,19,0,"fit: 6, efit: 10","fit: 6, efit: 9",efit: 1,,,0,0,0,0,1,,
2026-03-10 15:44:52,33,19,19,0,"fit: 7, efit: 10","fit: 7, efit: 9",efit: 1,,,0,0,0,0,1,,
2026-03-10 15:49:53,33,19,19,0,"fit: 7, efit: 9","fit: 7, efit: 8",efit: 1,,,0,0,0,0,1,,
2026-03-10 15:50:26,33,19,19,0,"fit: 7, efit: 8","fit: 7, efit: 7",efit: 1,,,0,0,0,0,1,,
2026-03-10 15:51:50,33,19,19,0,"fit: 8, efit: 8","fit: 8, efit: 7",efit: 1,,,0,0,0,0,1,,
2026-03-10 15:54:54,33,19,19,0,"fit: 7, efit: 10","fit: 7, efit: 9",efit: 1,,,0,0,0,0,1,,
2026-03-10 16:04:56,33,19,19,0,"fit: 7, efit: 9","fit: 7, efit: 8",efit: 1,,,0,0,0,0,1,,
2026-03-10 16:14:57,33,19,19,0,"fit: 8, efit: 9","fit: 8, efit: 8",efit: 1,,,0,0,0,0,1,,
2026-03-10 16:15:30,33,19,19,0,"fit: 7, efit: 9","fit: 7, efit: 8",efit: 1,,,0,0,0,0,1,,
2026-03-10 16:51:59,33,19,19,0,"fit: 7, efit: 8","fit: 7, efit: 7",efit: 1,,,0,0,0,0,1,,
2026-03-10 17:00:36,33,19,19,0,"fit: 7, efit: 7","fit: 7, efit: 6",efit: 1,,,0,0,0,0,1,,
2026-03-10 17:05:07,33,19,19,0,"fit: 7, efit: 6","fit: 7, efit: 5",efit: 1,,,0,0,0,0,1,,
2026-03-10 17:20:09,33,19,19,0,"fit: 7, efit: 5","fit: 7, efit: 4",efit: 1,,,0,0,0,0,1,,
2026-03-10 17:45:14,33,19,19,0,"fit: 7, efit: 3","fit: 7, efit: 2",efit: 1,,,0,0,0,0,1,,
2026-03-10 17:47:07,33,19,19,0,"fit: 6, efit: 3","fit: 6, efit: 2",efit: 1,,,0,0,0,0,1,,
2026-03-10 17:50:14,33,19,19,0,"fit: 6, efit: 1",fit: 6,efit: 1,,,0,0,0,0,1,,
2026-03-10 17:52:07,33,19,19,0,"fit: 5, efit: 1",fit: 5,efit: 1,,,0,0,0,0,1,,
2026-03-10 18:17:11,33,19,19,0,"fit: 6, efit: 4","fit: 6, efit: 3",efit: 1,,,0,0,0,0,1,,
2026-03-10 18:22:12,33,19,19,0,"fit: 6, efit: 3","fit: 6, efit: 2",efit: 1,,,0,0,0,0,1,,
2026-03-10 18:25:20,33,19,19,0,"fit: 7, efit: 2","fit: 7, efit: 1",efit: 1,,,0,0,0,0,1,,
2026-03-10 18:25:49,33,19,19,0,"fit: 7, efit: 1",fit: 7,efit: 1,,,0,0,0,0,1,,
2026-03-10 18:32:13,33,19,19,0,"fit: 6, efit: 1",fit: 6,efit: 1,,,0,0,0,0,1,,
2026-03-10 18:45:24,33,19,19,0,"fit: 4, efit: 1",fit: 4,efit: 1,,,0,0,0,0,1,,
2026-03-10 18:50:25,33,19,19,0,"fit: 3, efit: 1",fit: 3,efit: 1,,,0,0,0,0,1,,
2026-03-10 18:55:25,33,19,19,0,"fit: 2, efit: 1",fit: 2,efit: 1,,,0,0,0,0,1,,
2026-03-10 18:57:17,33,19,19,0,"fit: 3, efit: 1",fit: 3,efit: 1,,,0,0,0,0,1,,
2026-03-10 19:02:17,33,19,19,0,"fit: 1, efit: 1",fit: 1,efit: 1,,,0,0,0,0,1,,
2026-03-10 19:20:30,33,19,19,0,"fit: 1, efit: 3","fit: 1, efit: 2",efit: 1,,,0,0,0,0,1,,
2026-03-10 19:37:22,33,19,19,0,"fit: 1, efit: 2","fit: 1, efit: 1",efit: 1,,,0,0,0,0,1,,
2026-03-10 19:45:34,33,19,19,0,"fit: 1, efit: 3","fit: 1, efit: 2",efit: 1,,,0,0,0,0,1,,
2026-03-10 19:50:35,33,19,19,0,"fit: 1, efit: 4","fit: 1, efit: 3",efit: 1,,,0,0,0,0,1,,
2026-03-10 19:57:25,33,19,19,0,"fit: 1, efit: 3","fit: 1, efit: 2",efit: 1,,,0,0,0,0,1,,
2026-03-10 20:10:38,33,19,19,0,"fit: 1, efit: 2","fit: 1, efit: 1",efit: 1,,,0,0,0,0,1,,
2026-03-10 20:15:39,33,19,19,0,"fit: 1, efit: 1",fit: 1,efit: 1,,,0,0,0,0,1,,
2026-03-10 20:20:40,33,19,19,0,efit: 1,,efit: 1,,,0,0,0,0,1,,
2026-03-10 21:02:33,33,19,19,0,"fit: 1, efit: 2","fit: 1, efit: 1",efit: 1,,,0,0,0,0,1,,
2026-03-10 21:05:47,33,19,19,0,"fit: 1, efit: 3","fit: 1, efit: 2",efit: 1,,,0,0,0,0,1,,
2026-03-10 22:27:45,33,19,19,0,efit: 1,,efit: 1,,,0,0,0,0,1,,
2026-03-11 00:01:16,33,19,19,0,efit: 1,,efit: 1,,,0,0,0,0,1,,
2026-03-11 07:52:34,33,19,19,0,efit: 2,efit: 1,efit: 1,,,0,0,0,0,1,,
2026-03-11 09:34:13,33,19,19,0,efit: 3,efit: 2,efit: 1,,,0,0,0,0,1,,
2026-03-11 09:42:52,33,19,19,0,"fit: 1, efit: 3","fit: 1, efit: 2",efit: 1,,,0,0,0,0,1,,
2026-03-11 09:44:14,33,19,19,0,"fit: 1, efit: 4","fit: 1, efit: 3",efit: 1,,,0,0,0,0,1,,
2026-03-11 10:12:57,33,19,19,0,"fit: 1, efit: 5","fit: 1, efit: 4",,,,0,0,0,0,1,,
2026-03-11 10:43:02,33,19,19,0,"fit: 1, efit: 4","fit: 1, efit: 3",,,,0,0,0,0,1,,
2026-03-11 10:48:03,33,19,19,0,"fit: 1, efit: 5","fit: 1, efit: 4",,,,0,0,0,0,1,,
2026-03-11 10:54:24,33,19,19,0,"fit: 1, efit: 6","fit: 1, efit: 4",,,,0,0,0,0,1,,
2026-03-11 11:08:06,33,19,19,0,"fit: 1, efit: 7","fit: 1, efit: 5",,,,0,0,0,0,1,,
2026-03-11 11:13:07,33,19,19,0,"fit: 1, efit: 7","fit: 1, efit: 6",,,,0,0,0,0,1,,
2026-03-11 11:43:12,33,19,19,0,"fit: 1, efit: 7","fit: 1, efit: 7",,,,0,0,0,0,1,,
2026-03-11 12:28:19,33,19,19,0,"fit: 1, efit: 6","fit: 1, efit: 6",,,,0,0,0,0,1,,
2026-03-11 14:03:34,33,19,19,0,"fit: 1, efit: 7","fit: 1, efit: 7",,,,0,0,0,0,1,,
2026-03-11 14:13:36,33,19,19,0,"fit: 1, efit: 6","fit: 1, efit: 6",,,,0,0,0,0,1,,
2026-03-11 14:38:40,33,19,19,0,"fit: 2, efit: 6","fit: 2, efit: 6",,,,0,0,0,0,1,,
2026-03-11 15:13:46,33,19,19,0,"fit: 2, efit: 5","fit: 2, efit: 5",,,,0,0,0,0,1,,
2026-03-11 15:38:50,33,19,19,0,"fit: 2, efit: 4","fit: 2, efit: 4",,,,0,0,0,0,1,,
2026-03-11 16:28:58,33,19,19,0,"fit: 2, efit: 3","fit: 2, efit: 3",,,,0,0,0,0,1,,
2026-03-11 16:35:09,33,19,19,0,"fit: 2, efit: 2","fit: 2, efit: 2",,,,0,0,0,0,1,,
2026-03-11 17:59:06,33,19,19,0,"fit: 2, efit: 1","fit: 2, efit: 1",,,,0,0,0,0,1,,
2026-03-11 18:04:06,33,19,19,0,fit: 2,fit: 2,,,,0,0,0,0,1,,
2026-03-11 18:09:06,33,19,19,0,"fit: 2, efit: 1","fit: 2, efit: 1",,,,0,0,0,0,1,,
2026-03-11 20:59:31,33,19,19,0,fit: 2,fit: 2,,,,0,0,0,0,1,,
2026-03-12 00:00:05,33,19,19,0,fit: 2,fit: 2,,,,0,0,0,0,1,,
2026-03-12 08:06:08,33,19,19,0,"fit: 2, efit: 1","fit: 2, efit: 1",,,,0,0,0,0,1,,
2026-03-12 09:06:17,33,19,19,0,"fit: 2, efit: 2","fit: 2, efit: 2",,,,0,0,0,0,1,,
2026-03-12 09:36:21,33,19,19,0,"fit: 2, efit: 3","fit: 2, efit: 3",,,,0,0,0,0,1,,
2026-03-12 09:51:24,33,19,19,0,"fit: 2, efit: 4","fit: 2, efit: 4",,,,0,0,0,0,1,,
2026-03-12 10:01:25,33,19,19,0,"fit: 2, efit: 5","fit: 2, efit: 5",,,,0,0,0,0,1,,
2026-03-12 10:26:29,33,19,19,0,"fit: 2, efit: 6","fit: 2, efit: 6",,,,0,0,0,0,1,,
2026-03-12 10:42:35,33,19,19,0,"fit: 2, efit: 7","fit: 2, efit: 7",,,,0,0,0,0,1,,
2026-03-12 11:01:34,33,19,19,0,"fit: 2, efit: 6","fit: 2, efit: 6",,,,0,0,0,0,1,,
2026-03-12 12:46:49,33,19,19,0,"fit: 2, efit: 5","fit: 2, efit: 5",,,,0,0,0,0,1,,
2026-03-12 13:41:57,33,19,19,0,"fit: 2, efit: 6","fit: 2, efit: 6",,,,0,0,0,0,1,,
2026-03-12 13:42:20,33,19,19,0,"fit: 2, efit: 7","fit: 2, efit: 7",,,,0,0,0,0,1,,
2026-03-12 14:07:00,33,19,19,0,"fit: 2, efit: 6","fit: 2, efit: 6",,,,0,0,0,0,1,,
2026-03-12 14:52:07,33,19,19,0,"fit: 2, efit: 5","fit: 2, efit: 5",,,,0,0,0,0,1,,
2026-03-12 15:33:15,33,19,19,0,"fit: 2, efit: 4","fit: 2, efit: 4",,,,0,0,0,0,1,,
2026-03-12 16:07:18,33,19,19,0,"fit: 1, efit: 4","fit: 1, efit: 4",,,,0,0,0,0,1,,
2026-03-12 16:27:21,33,19,19,0,"fit: 1, efit: 2","fit: 1, efit: 2",,,,0,0,0,0,1,,
2026-03-12 16:57:25,33,19,19,0,"fit: 1, efit: 3","fit: 1, efit: 3",,,,0,0,0,0,1,,
2026-03-12 17:02:26,33,19,19,0,"fit: 1, efit: 2","fit: 1, efit: 2",,,,0,0,0,0,1,,
2026-03-12 17:17:55,33,19,19,0,"fit: 1, efit: 1","fit: 1, efit: 1",,,,0,0,0,0,1,,
2026-03-12 17:22:29,33,19,19,0,"fit: 1, efit: 2","fit: 1, efit: 2",,,,0,0,0,0,1,,
2026-03-12 17:32:57,33,19,19,0,"fit: 1, efit: 3","fit: 1, efit: 3",,,,0,0,0,0,1,,
2026-03-12 17:42:32,33,19,19,0,"fit: 1, efit: 2","fit: 1, efit: 2",,,,0,0,0,0,1,,
2026-03-12 17:52:33,33,19,19,0,"fit: 1, efit: 3","fit: 1, efit: 3",,,,0,0,0,0,1,,
2026-03-12 17:53:34,33,19,19,0,"fit: 1, efit: 2","fit: 1, efit: 2",,,,0,0,0,0,1,,
2026-03-12 19:12:45,33,19,19,0,fit: 1,fit: 1,,,,0,0,0,0,1,,
2026-03-12 19:32:48,33,19,19,0,,,,,,0,0,0,0,1,,
2026-03-12 21:34:03,33,19,19,0,efit: 1,efit: 1,,,,0,0,0,0,1,,
2026-03-12 21:43:07,33,19,19,0,,,,,,0,0,0,0,1,,
2026-03-13 00:03:27,33,19,19,0,,,,,,0,0,0,0,1,,
2026-03-13 08:35:27,33,19,19,0,efit: 1,efit: 1,,,,0,0,0,0,1,,
2026-03-13 08:35:33,33,19,19,0,efit: 2,efit: 2,,,,0,0,0,0,1,,
2026-03-13 08:39:41,33,19,19,0,efit: 2,efit: 1,,,,0,0,0,0,1,,
2026-03-13 09:14:46,33,19,19,0,efit: 3,efit: 2,,,,0,0,0,0,1,,
2026-03-13 09:34:49,33,19,19,0,efit: 3,efit: 3,,,,0,0,0,0,1,,
2026-03-13 09:49:51,33,19,19,0,efit: 4,efit: 4,,,,0,0,0,0,1,,
2026-03-13 09:54:52,33,19,19,0,"fit: 1, efit: 5","fit: 1, efit: 5",,,,0,0,0,0,1,,
2026-03-13 10:14:55,33,19,19,0,"fit: 1, efit: 6","fit: 1, efit: 6",,,,0,0,0,0,1,,
2026-03-13 10:44:59,33,19,19,0,"fit: 1, efit: 7","fit: 1, efit: 7",,,,0,0,0,0,1,,
2026-03-13 11:05:03,33,19,19,0,"fit: 1, efit: 7","fit: 1, efit: 6",,,,0,0,0,0,1,,
2026-03-13 11:05:51,33,19,19,0,"fit: 1, efit: 7","fit: 1, efit: 7",,,,0,0,0,0,1,,
2026-03-13 11:40:57,33,19,19,0,"fit: 2, efit: 7","fit: 2, efit: 7",,,,0,0,0,0,1,,
2026-03-13 12:10:12,33,19,19,0,"fit: 2, efit: 6","fit: 2, efit: 6",,,,0,0,0,0,1,,
2026-03-13 12:45:17,33,19,19,0,"fit: 3, efit: 6","fit: 3, efit: 6",,,,0,0,0,0,1,,
2026-03-13 13:01:06,33,19,19,0,"fit: 3, efit: 7","fit: 3, efit: 7",,,,0,0,0,0,1,,
2026-03-13 13:05:20,33,19,19,0,"fit: 3, efit: 6","fit: 3, efit: 6",,,,0,0,0,0,1,,
2026-03-13 13:20:22,33,19,19,0,"fit: 3, efit: 7","fit: 3, efit: 7",,,,0,0,0,0,1,,
2026-03-13 13:45:26,33,19,19,0,"fit: 3, efit: 7","fit: 2, efit: 7",fit: 1,,,0,0,0,0,1,,
2026-03-13 14:01:14,33,19,19,0,"fit: 2, efit: 7","fit: 2, efit: 7",,,,0,0,0,0,1,,
2026-03-13 14:05:29,33,19,19,0,"fit: 2, efit: 6","fit: 2, efit: 6",,,,0,0,0,0,1,,
2026-03-13 14:20:31,33,19,19,0,"fit: 2, efit: 5","fit: 2, efit: 5",,,,0,0,0,0,1,,
2026-03-13 14:31:18,33,19,19,0,"fit: 2, efit: 4","fit: 2, efit: 4",,,,0,0,0,0,1,,
2026-03-13 14:35:33,33,19,19,0,"fit: 2, efit: 3","fit: 2, efit: 3",,,,0,0,0,0,1,,
2026-03-13 14:40:34,33,19,19,0,"fit: 2, efit: 5","fit: 2, efit: 5",,,,0,0,0,0,1,,
2026-03-13 14:51:21,33,19,19,0,"fit: 2, efit: 4","fit: 2, efit: 4",,,,0,0,0,0,1,,
2026-03-13 14:56:21,33,19,19,0,"fit: 2, efit: 3","fit: 2, efit: 3",,,,0,0,0,0,1,,
2026-03-13 15:05:37,33,19,19,0,"fit: 2, efit: 2","fit: 2, efit: 2",,,,0,0,0,0,1,,
2026-03-13 15:10:38,33,19,19,0,"fit: 2, efit: 4","fit: 2, efit: 4",,,,0,0,0,0,1,,
2026-03-13 15:20:39,33,19,19,0,"fit: 2, efit: 5","fit: 2, efit: 5",,,,0,0,0,0,1,,
2026-03-13 15:45:43,33,19,19,0,"fit: 2, efit: 4","fit: 2, efit: 4",,,,0,0,0,0,1,,
2026-03-13 15:50:44,33,19,19,0,"fit: 2, efit: 3","fit: 2, efit: 3",,,,0,0,0,0,1,,
2026-03-13 16:20:48,33,19,19,0,"fit: 2, efit: 2","fit: 2, efit: 2",,,,0,0,0,0,1,,
2026-03-13 16:50:52,33,19,19,0,"fit: 2, efit: 4","fit: 2, efit: 4",,,,0,0,0,0,1,,
2026-03-13 17:30:58,33,19,19,0,"fit: 5, efit: 4","fit: 5, efit: 4",,,,0,0,0,0,1,,
2026-03-13 17:31:42,33,19,19,0,"fit: 6, efit: 4","fit: 6, efit: 4",,,,0,0,0,0,1,,
2026-03-13 18:06:04,33,19,19,0,"fit: 6, efit: 3","fit: 6, efit: 3",,,,0,0,0,0,1,,
2026-03-13 19:21:15,33,19,19,0,"fit: 6, efit: 2","fit: 6, efit: 2",,,,0,0,0,0,1,,
2026-03-13 19:31:16,33,19,19,0,"fit: 6, efit: 3","fit: 6, efit: 3",,,,0,0,0,0,1,,
2026-03-13 20:11:22,33,19,19,0,"fit: 6, efit: 2","fit: 6, efit: 2",,,,0,0,0,0,1,,
2026-03-14 00:01:55,33,19,19,0,"fit: 6, efit: 2","fit: 6, efit: 2",,,,0,0,0,0,1,,
2026-03-14 00:27:36,33,19,19,0,"fit: 6, efit: 1","fit: 6, efit: 1",,,,0,0,0,0,1,,
2026-03-14 00:28:00,33,19,19,0,"fit: 6, efit: 2","fit: 6, efit: 2",,,,0,0,0,0,1,,
2026-03-14 08:38:08,33,19,19,0,"fit: 6, efit: 1","fit: 6, efit: 1",,,,0,0,0,0,1,,
2026-03-14 10:08:21,33,19,19,0,"fit: 6, efit: 2","fit: 6, efit: 2",,,,0,0,0,0,1,,
2026-03-14 10:43:26,33,19,19,0,"fit: 6, efit: 3","fit: 6, efit: 3",,,,0,0,0,0,1,,
2026-03-14 11:34:47,33,19,19,0,"fit: 6, efit: 4","fit: 6, efit: 3",,,,0,0,0,0,1,,
2026-03-14 11:48:35,33,19,19,0,"fit: 6, efit: 3","fit: 6, efit: 2",,,,0,0,0,0,1,,
2026-03-14 11:53:36,33,19,19,0,"fit: 6, efit: 1",fit: 6,,,,0,0,0,0,1,,
2026-03-14 12:18:40,33,19,19,0,"fit: 6, efit: 1","fit: 6, efit: 1",,,,0,0,0,0,1,,
2026-03-14 12:33:42,33,19,19,0,"fit: 6, efit: 2","fit: 6, efit: 2",,,,0,0,0,0,1,,
2026-03-14 13:03:46,33,19,19,0,"fit: 6, efit: 1","fit: 6, efit: 1",,,,0,0,0,0,1,,
2026-03-14 13:13:48,33,19,19,0,"fit: 6, efit: 2","fit: 6, efit: 2",,,,0,0,0,0,1,,
2026-03-14 13:28:50,33,19,19,0,fit: 6,fit: 6,,,,0,0,0,0,1,,
2026-03-14 13:29:24,33,19,19,0,fit: 5,fit: 5,,,,0,0,0,0,1,,
2026-03-14 13:53:54,33,19,19,0,"fit: 6, efit: 2","fit: 6, efit: 2",,,,0,0,0,0,1,,
2026-03-14 15:04:04,33,19,19,0,"fit: 6, efit: 1","fit: 6, efit: 1",,,,0,0,0,0,1,,
2026-03-14 15:39:10,33,19,19,0,fit: 5,fit: 5,,,,0,0,0,0,1,,
2026-03-14 15:39:42,33,19,19,0,"fit: 5, efit: 1","fit: 5, efit: 1",,,,0,0,0,0,1,,
2026-03-14 15:44:10,33,19,19,0,"fit: 4, efit: 1","fit: 4, efit: 1",,,,0,0,0,0,1,,
2026-03-14 15:49:11,33,19,19,0,"fit: 4, efit: 3","fit: 4, efit: 3",,,,0,0,0,0,1,,
2026-03-14 15:54:12,33,19,19,0,"fit: 4, efit: 2","fit: 4, efit: 2",,,,0,0,0,0,1,,
2026-03-14 16:04:13,33,19,19,0,"fit: 4, efit: 3","fit: 4, efit: 3",,,,0,0,0,0,1,,
2026-03-14 16:44:19,33,19,19,0,"fit: 4, efit: 1","fit: 4, efit: 1",,,,0,0,0,0,1,,
2026-03-14 16:54:53,33,19,19,0,fit: 4,fit: 4,,,,0,0,0,0,1,,
2026-03-14 17:04:22,33,19,19,0,fit: 3,fit: 3,,,,0,0,0,0,1,,
2026-03-14 17:09:55,33,19,19,0,"fit: 3, efit: 1","fit: 3, efit: 1",,,,0,0,0,0,1,,
2026-03-14 17:10:43,33,19,19,0,fit: 3,fit: 3,,,,0,0,0,0,1,,
2026-03-14 17:14:23,33,19,19,0,fit: 2,fit: 2,,,,0,0,0,0,1,,
2026-03-14 17:24:25,33,19,19,0,"fit: 2, efit: 1","fit: 2, efit: 1",,,,0,0,0,0,1,,
2026-03-14 17:44:28,33,19,19,0,fit: 2,fit: 2,,,,0,0,0,0,1,,
2026-03-14 18:25:56,33,19,19,0,fit: 1,fit: 1,,,,0,0,0,0,1,,
2026-03-14 19:09:41,33,19,19,0,,,,,,0,0,0,0,1,,
2026-03-14 20:44:55,33,19,19,0,efit: 1,efit: 1,,,,0,0,0,0,1,,
2026-03-14 21:20:00,33,19,19,0,efit: 2,efit: 2,,,,0,0,0,0,1,,
2026-03-14 22:16:34,33,19,19,0,efit: 1,efit: 1,,,,0,0,0,0,1,,
2026-03-14 22:40:12,33,19,19,0,efit: 2,efit: 2,,,,0,0,0,0,1,,
2026-03-14 22:41:38,33,19,19,0,efit: 1,efit: 1,,,,0,0,0,0,1,,
2026-03-15 00:00:24,33,19,19,0,efit: 1,efit: 1,,,,0,0,0,0,1,,
2026-03-15 08:57:09,33,19,19,0,efit: 2,efit: 2,,,,0,0,0,0,1,,
2026-03-15 09:22:13,33,19,19,0,efit: 3,efit: 3,,,,0,0,0,0,1,,
2026-03-15 09:51:49,33,19,19,0,"fit: 1, efit: 3","fit: 1, efit: 3",,,,0,0,0,0,1,,
2026-03-15 10:01:50,33,19,19,0,"fit: 1, efit: 4","fit: 1, efit: 4",,,,0,0,0,0,1,,
2026-03-15 10:11:51,33,19,19,0,"fit: 1, efit: 5","fit: 1, efit: 5",,,,0,0,0,0,1,,
2026-03-15 10:56:58,33,19,19,0,"fit: 1, efit: 4","fit: 1, efit: 4",,,,0,0,0,0,1,,
2026-03-15 11:06:59,33,19,19,0,"fit: 1, efit: 3","fit: 1, efit: 3",,,,0,0,0,0,1,,
2026-03-15 11:23:42,33,19,19,0,"fit: 1, efit: 4","fit: 1, efit: 4",,,,0,0,0,0,1,,
2026-03-15 11:37:04,33,19,19,0,"fit: 1, efit: 3","fit: 1, efit: 3",,,,0,0,0,0,1,,
2026-03-15 11:53:47,33,19,19,0,"fit: 1, efit: 2","fit: 1, efit: 2",,,,0,0,0,0,1,,
2026-03-15 12:47:14,33,19,19,0,fit: 1,fit: 1,,,,0,0,0,0,1,,
2026-03-15 13:14:00,33,19,19,0,,,,,,0,0,0,0,1,,
2026-03-15 13:22:19,33,19,19,0,efit: 2,efit: 2,,,,0,0,0,0,1,,
2026-03-15 13:27:20,33,19,19,0,efit: 1,efit: 1,,,,0,0,0,0,1,,
2026-03-15 13:27:47,33,19,19,0,efit: 2,efit: 2,,,,0,0,0,0,1,,
2026-03-15 13:32:47,33,19,19,0,efit: 1,efit: 1,,,,0,0,0,0,1,,
2026-03-15 13:47:23,33,19,19,0,,,,,,0,0,0,0,1,,
2026-03-15 13:52:23,33,19,19,0,efit: 1,efit: 1,,,,0,0,0,0,1,,
2026-03-15 14:32:29,33,19,19,0,"fit: 1, efit: 3","fit: 1, efit: 3",,,,0,0,0,0,1,,
2026-03-15 14:42:31,33,19,19,0,"fit: 1, efit: 4","fit: 1, efit: 4",,,,0,0,0,0,1,,
2026-03-15 14:47:32,33,19,19,0,"fit: 1, efit: 5","fit: 1, efit: 5",,,,0,0,0,0,1,,
2026-03-15 14:52:32,33,19,19,0,"fit: 1, efit: 6","fit: 1, efit: 6",,,,0,0,0,0,1,,
2026-03-15 14:57:33,33,19,19,0,"fit: 3, efit: 6","fit: 3, efit: 6",,,,0,0,0,0,1,,
2026-03-15 14:59:18,33,19,19,0,"fit: 3, efit: 7","fit: 3, efit: 7",,,,0,0,0,0,1,,
2026-03-15 15:22:37,33,19,19,0,"fit: 3, efit: 6","fit: 3, efit: 6",,,,0,0,0,0,1,,
2026-03-15 15:27:38,33,19,19,0,"fit: 3, efit: 7","fit: 3, efit: 7",,,,0,0,0,0,1,,
2026-03-15 15:33:05,33,19,19,0,"fit: 3, efit: 8","fit: 3, efit: 8",,,,0,0,0,0,1,,
2026-03-15 15:37:39,33,19,19,0,"fit: 3, efit: 6","fit: 3, efit: 6",,,,0,0,0,0,1,,
2026-03-15 15:42:40,33,19,19,0,"fit: 3, efit: 9","fit: 3, efit: 9",,,,0,0,0,0,1,,
2026-03-15 15:59:28,33,19,19,0,"fit: 4, efit: 9","fit: 4, efit: 9",,,,0,0,0,0,1,,
2026-03-15 16:02:43,33,19,19,0,"fit: 4, efit: 8","fit: 4, efit: 8",,,,0,0,0,0,1,,
2026-03-15 16:04:28,33,19,19,0,"fit: 3, efit: 10","fit: 3, efit: 10",,,,0,0,0,0,1,,
2026-03-15 16:14:30,33,19,19,0,"fit: 4, efit: 9","fit: 4, efit: 9",,,,0,0,0,0,1,,
2026-03-15 16:22:46,33,19,19,0,"fit: 4, efit: 6","fit: 4, efit: 6",,,,0,0,0,0,1,,
2026-03-15 16:29:33,33,19,19,0,"fit: 4, efit: 5","fit: 4, efit: 5",,,,0,0,0,0,1,,
2026-03-15 16:34:33,33,19,19,0,"fit: 4, efit: 3","fit: 4, efit: 3",,,,0,0,0,0,1,,
2026-03-15 16:37:48,33,19,19,0,"fit: 5, efit: 4","fit: 5, efit: 4",,,,0,0,0,0,1,,
2026-03-15 16:47:49,33,19,19,0,"fit: 5, efit: 1","fit: 5, efit: 1",,,,0,0,0,0,1,,
2026-03-15 16:49:36,33,19,19,0,fit: 5,fit: 5,,,,0,0,0,0,1,,
2026-03-15 16:52:50,33,19,19,0,"fit: 5, efit: 2","fit: 5, efit: 2",,,,0,0,0,0,1,,
2026-03-15 16:57:51,33,19,19,0,"fit: 5, efit: 4","fit: 5, efit: 4",,,,0,0,0,0,1,,
2026-03-15 17:02:51,33,19,19,0,"fit: 5, efit: 1","fit: 5, efit: 1",,,,0,0,0,0,1,,
2026-03-15 17:17:54,33,19,19,0,"fit: 5, efit: 3","fit: 5, efit: 3",,,,0,0,0,0,1,,
2026-03-15 17:18:20,33,19,19,0,"fit: 5, efit: 2","fit: 5, efit: 2",,,,0,0,0,0,1,,
2026-03-15 17:19:41,33,19,19,0,fit: 5,fit: 5,,,,0,0,0,0,1,,
2026-03-15 17:42:57,33,19,19,0,"fit: 5, efit: 3","fit: 5, efit: 3",,,,0,0,0,0,1,,
2026-03-15 17:44:45,33,19,19,0,"fit: 5, efit: 2","fit: 5, efit: 2",,,,0,0,0,0,1,,
2026-03-15 17:47:58,33,19,19,0,"fit: 5, efit: 1","fit: 5, efit: 1",,,,0,0,0,0,1,,
2026-03-15 17:52:59,33,19,19,0,fit: 5,fit: 5,,,,0,0,0,0,1,,
2026-03-15 17:58:00,33,19,19,0,"fit: 5, efit: 1","fit: 5, efit: 1",,,,0,0,0,0,1,,
2026-03-15 18:08:01,33,19,19,0,"fit: 7, efit: 2","fit: 7, efit: 2",,,,0,0,0,0,1,,
2026-03-15 18:14:50,33,19,19,0,"fit: 7, efit: 3","fit: 7, efit: 3",,,,0,0,0,0,1,,
2026-03-15 18:18:03,33,19,19,0,"fit: 8, efit: 1","fit: 8, efit: 1",,,,0,0,0,0,1,,
2026-03-15 18:23:04,33,19,19,0,fit: 6,fit: 6,,,,0,0,0,0,1,,
2026-03-15 18:33:30,33,19,19,0,"fit: 6, efit: 1","fit: 6, efit: 1",,,,0,0,0,0,1,,
2026-03-15 18:38:06,33,19,19,0,"fit: 6, efit: 2","fit: 6, efit: 2",,,,0,0,0,0,1,,
2026-03-15 18:38:31,33,19,19,0,"fit: 6, efit: 1","fit: 6, efit: 1",,,,0,0,0,0,1,,
2026-03-15 18:43:07,33,19,19,0,"fit: 8, efit: 1","fit: 8, efit: 1",,,,0,0,0,0,1,,
2026-03-15 18:43:31,33,19,19,0,"fit: 7, efit: 1","fit: 7, efit: 1",,,,0,0,0,0,1,,
2026-03-15 18:58:09,33,19,19,0,"fit: 7, efit: 2","fit: 7, efit: 2",,,,0,0,0,0,1,,
2026-03-15 19:38:15,33,19,19,0,"fit: 7, efit: 1","fit: 7, efit: 1",,,,0,0,0,0,1,,
2026-03-15 22:08:37,33,19,19,0,fit: 5,fit: 5,,,,0,0,0,0,1,,
2026-03-15 22:23:39,33,19,19,0,"fit: 5, efit: 1","fit: 5, efit: 1",,,,0,0,0,0,1,,
2026-03-16 00:00:47,33,19,19,0,"fit: 5, efit: 1","fit: 5, efit: 1",,,,0,0,0,0,1,,
2026-03-16 00:05:48,33,19,19,0,fit: 5,fit: 5,,,,0,0,0,0,1,,
2026-03-16 08:35:07,33,19,19,0,"fit: 5, efit: 1","fit: 5, efit: 1",,,,0,0,0,0,1,,
2026-03-16 08:45:09,33,19,19,0,"fit: 5, efit: 2","fit: 5, efit: 2",,,,0,0,0,0,1,,
2026-03-16 09:02:17,33,19,19,0,"fit: 5, efit: 3","fit: 5, efit: 3",,,,0,0,0,0,1,,
2026-03-16 09:05:12,33,19,19,0,"fit: 5, efit: 2","fit: 5, efit: 2",,,,0,0,0,0,1,,
2026-03-16 09:17:20,33,19,19,0,"fit: 5, efit: 3","fit: 5, efit: 2",,,,0,0,0,0,1,,
2026-03-16 09:32:22,33,19,19,0,"fit: 5, efit: 4","fit: 5, efit: 3",,,,0,0,0,0,1,,
2026-03-16 09:40:17,33,19,19,0,"fit: 5, efit: 5","fit: 5, efit: 4",,,,0,0,0,0,1,,
2026-03-16 09:50:19,33,19,19,0,"fit: 5, efit: 4","fit: 5, efit: 3",,,,0,0,0,0,1,,
2026-03-16 10:10:22,33,19,19,0,"fit: 6, efit: 4","fit: 6, efit: 3",,,,0,0,0,0,1,,
2026-03-16 10:10:44,33,19,19,0,"fit: 6, efit: 5","fit: 6, efit: 4",,,,0,0,0,0,1,,
2026-03-16 10:12:29,33,19,19,0,"fit: 6, efit: 5","fit: 6, efit: 5",,,,0,0,0,0,1,,
2026-03-16 10:30:47,33,19,19,0,"fit: 6, efit: 6","fit: 6, efit: 6",,,,0,0,0,0,1,,
2026-03-16 10:57:39,33,19,19,0,"fit: 6, efit: 7","fit: 6, efit: 7",,,,0,0,0,0,1,,
2026-03-16 11:00:29,33,19,19,0,"fit: 6, efit: 6","fit: 6, efit: 6",,,,0,0,0,0,1,,
2026-03-16 11:00:51,33,19,19,0,"fit: 6, efit: 7","fit: 6, efit: 7",,,,0,0,0,0,1,,
2026-03-16 11:30:34,33,19,19,0,"fit: 4, efit: 8","fit: 4, efit: 7",,,,0,0,0,0,1,,
2026-03-16 11:30:56,33,19,19,0,"fit: 3, efit: 8","fit: 3, efit: 7",,,,0,0,0,0,1,,
2026-03-16 11:32:45,33,19,19,0,"fit: 1, efit: 8","fit: 1, efit: 7",,,,0,0,0,0,1,,
2026-03-16 11:37:46,33,19,19,0,"fit: 1, efit: 7","fit: 1, efit: 6",,,,0,0,0,0,1,,
2026-03-16 11:40:36,33,19,19,0,"fit: 1, efit: 9","fit: 1, efit: 8",,,,0,0,0,0,1,,
2026-03-16 11:49:46,33,19,19,0,"fit: 1, efit: 10","fit: 1, efit: 9",,,,0,0,0,0,1,,
2026-03-16 12:13:08,33,19,19,0,"fit: 1, efit: 10","fit: 1, efit: 10",,,,0,0,0,0,1,,
2026-03-16 12:18:09,33,19,19,0,"fit: 1, efit: 11","fit: 1, efit: 11",,,,0,0,0,0,1,,
2026-03-16 12:37:31,33,19,19,0,"fit: 1, efit: 10","fit: 1, efit: 10",,,,0,0,0,0,1,,
2026-03-16 12:39:59,33,19,19,0,"fit: 1, efit: 11","fit: 1, efit: 11",,,,0,0,0,0,1,,
2026-03-16 12:40:40,33,19,19,0,"fit: 1, efit: 10","fit: 1, efit: 10",,,,0,0,0,0,1,,
2026-03-16 12:47:32,33,19,19,0,"fit: 1, efit: 11","fit: 1, efit: 11",,,,0,0,0,0,1,,
2026-03-16 12:55:43,33,19,19,0,"fit: 1, efit: 10","fit: 1, efit: 10",,,,0,0,0,0,1,,
2026-03-16 13:00:04,33,19,19,0,"fit: 1, efit: 9","fit: 1, efit: 9",,,,0,0,0,0,1,,
2026-03-16 13:10:07,33,19,19,0,"fit: 1, efit: 10","fit: 1, efit: 10",,,,0,0,0,0,1,,
2026-03-16 13:50:17,33,19,19,0,"fit: 1, efit: 7","fit: 1, efit: 7",,,,0,0,0,0,1,,
2026-03-16 13:52:43,33,19,19,0,"fit: 1, efit: 6","fit: 1, efit: 6",,,,0,0,0,0,1,,
2026-03-16 13:55:19,33,19,19,0,"fit: 1, efit: 5","fit: 1, efit: 5",,,,0,0,0,0,1,,
2026-03-16 13:57:44,33,19,19,0,"fit: 1, efit: 3","fit: 1, efit: 3",,,,0,0,0,0,1,,
2026-03-16 14:50:32,33,19,19,0,"fit: 1, efit: 4","fit: 1, efit: 4",,,,0,0,0,0,1,,
2026-03-16 14:55:34,33,19,19,0,"fit: 1, efit: 5","fit: 1, efit: 5",,,,0,0,0,0,1,,
2026-03-16 15:05:36,33,19,19,0,"fit: 1, efit: 3","fit: 1, efit: 3",,,,0,0,0,0,1,,
2026-03-16 15:35:43,33,19,19,0,"fit: 1, efit: 2","fit: 1, efit: 2",,,,0,0,0,0,1,,
2026-03-16 15:53:03,33,19,19,0,"fit: 1, efit: 1","fit: 1, efit: 1",,,,0,0,0,0,1,,
2026-03-16 15:55:53,33,19,19,0,fit: 1,fit: 1,,,,0,0,0,0,1,,
2026-03-16 16:31:02,33,19,19,0,"fit: 1, efit: 1","fit: 1, efit: 1",,,,0,0,0,0,1,,
2026-03-16 17:41:19,33,19,19,0,"fit: 2, efit: 1","fit: 2, efit: 1",,,,0,0,0,0,1,,
2026-03-16 17:43:21,33,19,19,0,fit: 2,fit: 2,,,,0,0,0,0,1,,
2026-03-16 17:53:22,33,19,19,0,"fit: 2, efit: 1","fit: 2, efit: 1",,,,0,0,0,0,1,,
2026-03-16 18:11:26,33,19,19,0,fit: 3,fit: 3,,,,0,0,0,0,1,,
2026-03-16 18:31:30,33,19,19,0,"fit: 3, efit: 1","fit: 3, efit: 1",,,,0,0,0,0,1,,
2026-03-17 00:02:17,33,19,19,0,"fit: 3, efit: 1","fit: 3, efit: 1",,,,0,0,0,0,1,,
2026-03-17 01:27:29,33,19,19,0,fit: 3,fit: 3,,,,0,0,0,0,1,,
2026-03-17 08:05:35,33,19,19,0,"fit: 3, efit: 1","fit: 3, efit: 1",,,,0,0,0,0,1,,
2026-03-17 08:34:51,33,19,19,0,"fit: 3, efit: 2","fit: 3, efit: 2",,,,0,0,0,0,1,,
2026-03-17 08:50:42,33,19,19,0,"fit: 3, efit: 3","fit: 3, efit: 3",,,,0,0,0,0,1,,
2026-03-17 09:20:26,33,19,19,0,"fit: 3, efit: 2","fit: 3, efit: 2",,,,0,0,0,0,1,,
2026-03-17 10:00:34,33,19,19,0,"fit: 3, efit: 3","fit: 3, efit: 3",,,,0,0,0,0,1,,
2026-03-17 10:48:47,33,19,19,0,"fit: 3, efit: 2","fit: 3, efit: 2",,,,0,0,0,0,1,,
2026-03-17 10:55:45,33,19,19,0,"fit: 4, efit: 2","fit: 4, efit: 2",,,,0,0,0,0,1,,
2026-03-17 11:36:09,33,19,19,0,"fit: 4, efit: 1","fit: 4, efit: 1",,,,0,0,0,0,1,,
2026-03-17 12:16:00,33,19,19,0,"fit: 4, efit: 2","fit: 4, efit: 2",,,,0,0,0,0,1,,
2026-03-17 12:19:00,33,19,19,0,"fit: 4, efit: 1","fit: 4, efit: 1",,,,0,0,0,0,1,,
2026-03-17 12:24:01,33,19,19,0,fit: 4,fit: 4,,,,0,0,0,0,1,,
2026-03-17 12:39:03,33,19,19,0,"fit: 4, efit: 1","fit: 4, efit: 1",,,,0,0,0,0,1,,
2026-03-17 13:21:12,33,19,19,0,"fit: 4, efit: 2","fit: 4, efit: 2",,,,0,0,0,0,1,,
2026-03-17 13:46:17,33,19,19,0,"fit: 4, efit: 1","fit: 4, efit: 1",,,,0,0,0,0,1,,
2026-03-17 14:29:18,33,19,19,0,fit: 4,fit: 4,,,,0,0,0,0,1,,
2026-03-17 14:31:37,33,19,19,0,fit: 3,fit: 3,,,,0,0,0,0,1,,
2026-03-17 15:06:32,33,19,19,0,"fit: 3, efit: 1","fit: 3, efit: 1",,,,0,0,0,0,1,,
2026-03-17 15:11:33,33,19,19,0,fit: 3,fit: 3,,,,0,0,0,0,1,,
2026-03-17 15:36:38,33,19,19,0,fit: 2,fit: 2,,,,0,0,0,0,1,,
2026-03-17 17:01:54,33,19,19,0,"fit: 2, efit: 1","fit: 2, efit: 1",,,,0,0,0,0,1,,
2026-03-17 17:29:44,33,19,19,0,"fit: 2, efit: 2","fit: 2, efit: 2",,,,0,0,0,0,1,,
2026-03-17 17:39:45,33,19,19,0,"fit: 2, efit: 1","fit: 2, efit: 1",,,,0,0,0,0,1,,
2026-03-17 17:49:47,33,19,19,0,fit: 2,fit: 2,,,,0,0,0,0,1,,
2026-03-17 18:12:07,33,19,19,0,fit: 1,fit: 1,,,,0,0,0,0,1,,
2026-03-17 18:27:10,33,19,19,0,"fit: 1, efit: 1","fit: 1, efit: 1",,,,0,0,0,0,1,,
2026-03-17 18:34:53,33,19,19,0,fit: 1,fit: 1,,,,0,0,0,0,1,,
2026-03-17 19:32:22,33,19,19,0,"fit: 1, efit: 1","fit: 1, efit: 1",,,,0,0,0,0,1,,
2026-03-17 19:47:25,33,19,19,0,fit: 1,fit: 1,,,,0,0,0,0,1,,
2026-03-17 20:05:06,33,19,19,0,,,,,,0,0,0,0,1,,
2026-03-18 00:00:40,33,19,19,0,,,,,,0,0,0,0,1,,
2026-03-18 08:41:54,33,19,19,0,efit: 1,efit: 1,,,,0,0,0,0,1,,
2026-03-18 08:46:54,33,19,19,0,efit: 2,efit: 2,,,,0,0,0,0,1,,
2026-03-18 08:51:55,33,19,19,0,efit: 3,efit: 3,,,,0,0,0,0,1,,
2026-03-18 08:56:56,33,19,19,0,efit: 4,efit: 4,,,,0,0,0,0,1,,
2026-03-18 09:11:58,33,19,19,0,efit: 5,efit: 5,,,,0,0,0,0,1,,
2026-03-18 09:14:31,33,19,19,0,"fit: 1, efit: 5","fit: 1, efit: 5",,,,0,0,0,0,1,,
2026-03-18 09:34:35,33,19,19,0,"fit: 1, efit: 6","fit: 1, efit: 6",,,,0,0,0,0,1,,
2026-03-18 09:44:36,33,19,19,0,"fit: 1, efit: 7","fit: 1, efit: 7",,,,0,0,0,0,1,,
2026-03-18 09:49:37,33,19,19,0,"fit: 1, efit: 8","fit: 1, efit: 8",,,,0,0,0,0,1,,
2026-03-18 09:59:39,33,19,19,0,"fit: 2, efit: 8","fit: 2, efit: 8",,,,0,0,0,0,1,,
2026-03-18 10:12:06,33,19,19,0,"fit: 2, efit: 9","fit: 2, efit: 9",,,,0,0,0,0,1,,
2026-03-18 10:44:46,33,19,19,0,"fit: 2, efit: 10","fit: 2, efit: 10",,,,0,0,0,0,1,,
2026-03-18 10:59:49,33,19,19,0,"fit: 3, efit: 9","fit: 3, efit: 9",,,,0,0,0,0,1,,
2026-03-18 11:04:49,33,19,19,0,"fit: 3, efit: 11","fit: 3, efit: 11",,,,0,0,0,0,1,,
2026-03-18 11:14:51,33,19,19,0,"fit: 3, efit: 10","fit: 3, efit: 10",,,,0,0,0,0,1,,
2026-03-18 11:47:20,33,19,19,0,"fit: 3, efit: 11","fit: 3, efit: 11",,,,0,0,0,0,1,,
2026-03-18 11:52:21,33,19,19,0,"fit: 3, efit: 12","fit: 3, efit: 12",,,,0,0,0,0,1,,
2026-03-18 11:59:58,33,19,19,0,"fit: 3, efit: 13","fit: 3, efit: 13",,,,0,0,0,0,1,,
2026-03-18 12:04:59,33,19,19,0,"fit: 4, efit: 13","fit: 4, efit: 13",,,,0,0,0,0,1,,
2026-03-18 12:07:23,33,19,19,0,"fit: 4, efit: 14","fit: 4, efit: 14",,,,0,0,0,0,1,,
2026-03-18 13:00:09,33,19,19,0,"fit: 2, efit: 14","fit: 2, efit: 14",,,,0,0,0,0,1,,
2026-03-18 13:02:30,33,19,19,0,efit: 14,efit: 14,,,,0,0,0,0,1,,
2026-03-18 13:05:10,33,19,19,0,efit: 15,efit: 15,,,,0,0,0,0,1,,
2026-03-18 13:25:13,33,19,19,0,efit: 16,efit: 16,,,,0,0,0,0,1,,
2026-03-18 13:32:35,33,19,19,0,efit: 15,efit: 15,,,,0,0,0,0,1,,
2026-03-18 13:50:17,33,19,19,0,efit: 12,efit: 12,,,,0,0,0,0,1,,
2026-03-18 13:52:38,33,19,19,0,efit: 10,efit: 10,,,,0,0,0,0,1,,
2026-03-18 13:55:18,33,19,19,0,efit: 9,efit: 9,,,,0,0,0,0,1,,
2026-03-18 14:00:19,33,19,19,0,efit: 10,efit: 10,,,,0,0,0,0,1,,
2026-03-18 14:05:20,33,19,19,0,efit: 11,efit: 11,,,,0,0,0,0,1,,
2026-03-18 14:15:22,33,19,19,0,efit: 10,efit: 10,,,,0,0,0,0,1,,
2026-03-18 14:25:23,33,19,19,0,efit: 9,efit: 9,,,,0,0,0,0,1,,
2026-03-18 14:40:55,33,19,19,0,efit: 10,efit: 10,,,,0,0,0,0,1,,
2026-03-18 14:47:46,33,19,19,0,efit: 9,efit: 9,,,,0,0,0,0,1,,
2026-03-18 14:55:28,33,19,19,0,efit: 11,efit: 11,,,,0,0,0,0,1,,
2026-03-18 15:10:31,33,19,19,0,efit: 12,efit: 12,,,,0,0,0,0,1,,
2026-03-18 15:17:50,33,19,19,0,efit: 11,efit: 11,,,,0,0,0,0,1,,
2026-03-18 15:20:32,33,19,19,0,efit: 10,efit: 10,,,,0,0,0,0,1,,
2026-03-18 15:25:33,33,19,19,0,efit: 11,efit: 11,,,,0,0,0,0,1,,
2026-03-18 15:30:34,33,19,19,0,efit: 10,efit: 10,,,,0,0,0,0,1,,
2026-03-18 15:40:36,33,19,19,0,efit: 9,efit: 9,,,,0,0,0,0,1,,
2026-03-18 15:42:53,33,19,19,0,"fit: 1, efit: 8","fit: 1, efit: 8",,,,0,0,0,0,1,,
2026-03-18 15:46:08,33,19,19,0,"fit: 1, efit: 7","fit: 1, efit: 7",,,,0,0,0,0,1,,
2026-03-18 15:56:10,33,19,19,0,"fit: 1, efit: 6","fit: 1, efit: 6",,,,0,0,0,0,1,,
2026-03-18 16:15:41,33,19,19,0,"fit: 1, efit: 7","fit: 1, efit: 7",,,,0,0,0,0,1,,
2026-03-18 16:43:02,33,19,19,0,"fit: 1, efit: 8","fit: 1, efit: 8",,,,0,0,0,0,1,,
2026-03-18 16:55:48,33,19,19,0,"fit: 1, efit: 7","fit: 1, efit: 7",,,,0,0,0,0,1,,
2026-03-18 17:10:50,33,19,19,0,"fit: 1, efit: 6","fit: 1, efit: 6",,,,0,0,0,0,1,,
2026-03-18 17:35:54,33,19,19,0,"fit: 1, efit: 7","fit: 1, efit: 7",,,,0,0,0,0,1,,
2026-03-18 17:38:10,33,19,19,0,"fit: 1, efit: 6","fit: 1, efit: 6",,,,0,0,0,0,1,,
2026-03-18 17:43:10,33,19,19,0,"fit: 1, efit: 6","fit: 1, efit: 5",,,,0,0,0,0,1,,
2026-03-18 17:50:57,33,19,19,0,"fit: 1, efit: 7","fit: 1, efit: 6",,,,0,0,0,0,1,,
2026-03-18 17:55:57,33,19,19,0,"fit: 1, efit: 5","fit: 1, efit: 4",,,,0,0,0,0,1,,
2026-03-18 17:58:12,33,19,19,0,"fit: 1, efit: 4","fit: 1, efit: 3",,,,0,0,0,0,1,,
2026-03-18 18:06:35,33,19,19,0,"fit: 1, efit: 3","fit: 1, efit: 2",,,,0,0,0,0,1,,
2026-03-18 18:11:00,33,19,19,0,"fit: 1, efit: 4","fit: 1, efit: 4",,,,0,0,0,0,1,,
2026-03-18 18:21:02,33,19,19,0,"fit: 1, efit: 3","fit: 1, efit: 3",,,,0,0,0,0,1,,
2026-03-18 18:23:16,33,19,19,0,"fit: 1, efit: 2","fit: 1, efit: 2",,,,0,0,0,0,1,,
2026-03-18 18:31:03,33,19,19,0,"fit: 1, efit: 3","fit: 1, efit: 3",,,,0,0,0,0,1,,
2026-03-18 18:48:19,33,19,19,0,"fit: 1, efit: 2","fit: 1, efit: 2",,,,0,0,0,0,1,,
2026-03-18 19:23:24,33,19,19,0,"fit: 1, efit: 4","fit: 1, efit: 4",,,,0,0,0,0,1,,
2026-03-18 19:26:12,33,19,19,0,"fit: 1, efit: 5","fit: 1, efit: 5",,,,0,0,0,0,1,,
2026-03-18 20:06:58,33,19,19,0,"fit: 1, efit: 4","fit: 1, efit: 4",,,,0,0,0,0,1,,
2026-03-18 20:33:34,33,19,19,0,"fit: 2, efit: 4","fit: 2, efit: 4",,,,0,0,0,0,1,,
2026-03-18 20:36:24,33,19,19,0,"fit: 3, efit: 2","fit: 3, efit: 2",,,,0,0,0,0,1,,
2026-03-18 20:41:24,33,19,19,0,"fit: 3, efit: 1","fit: 3, efit: 1",,,,0,0,0,0,1,,
2026-03-18 20:53:37,33,19,19,0,"fit: 3, efit: 2","fit: 3, efit: 2",,,,0,0,0,0,1,,
2026-03-18 21:02:09,33,19,19,0,"fit: 3, efit: 1","fit: 3, efit: 1",,,,0,0,0,0,1,,
2026-03-18 21:07:10,33,19,19,0,fit: 3,fit: 3,,,,0,0,0,0,1,,
2026-03-18 22:22:24,33,19,19,0,fit: 4,fit: 4,,,,0,0,0,0,1,,
2026-03-18 22:23:49,33,19,19,0,fit: 8,fit: 8,,,,0,0,0,0,1,,
2026-03-18 22:36:44,33,19,19,0,fit: 7,fit: 7,,,,0,0,0,0,1,,
2026-03-18 23:44:00,33,19,19,0,fit: 6,fit: 6,,,,0,0,0,0,1,,
2026-03-19 00:01:57,33,19,19,0,fit: 6,fit: 6,,,,0,0,0,0,1,,
2026-03-19 05:08:41,33,19,19,0,fit: 5,fit: 5,,,,0,0,0,0,1,,
2026-03-19 05:09:45,33,19,19,0,"fit: 5, efit: 1","fit: 5, efit: 1",,,,0,0,0,0,1,,
2026-03-19 07:58:14,33,19,19,0,"fit: 5, efit: 2","fit: 5, efit: 2",,,,0,0,0,0,1,,
2026-03-19 08:03:15,33,19,19,0,"fit: 5, efit: 3","fit: 5, efit: 3",,,,0,0,0,0,1,,
2026-03-19 08:23:18,33,19,19,0,"fit: 5, efit: 4","fit: 5, efit: 4",,,,0,0,0,0,1,,
2026-03-19 08:38:20,33,19,19,0,"fit: 5, efit: 5","fit: 5, efit: 5",,,,0,0,0,0,1,,
2026-03-19 08:40:15,33,19,19,0,"fit: 5, efit: 6","fit: 5, efit: 6",,,,0,0,0,0,1,,
2026-03-19 09:03:24,33,19,19,0,"fit: 5, efit: 6","fit: 5, efit: 5",,,,0,0,0,0,1,,
2026-03-19 09:15:20,33,19,19,0,"fit: 5, efit: 5","fit: 5, efit: 4",,,,0,0,0,0,1,,
2026-03-19 09:23:28,33,19,19,0,"fit: 6, efit: 5","fit: 6, efit: 4",,,,0,0,0,0,1,,
2026-03-19 09:28:29,33,19,19,0,"fit: 7, efit: 6","fit: 7, efit: 5",,,,0,0,0,0,1,,
2026-03-19 09:53:33,33,19,19,0,"fit: 7, efit: 7","fit: 7, efit: 6",,,,0,0,0,0,1,,
2026-03-19 09:58:34,33,19,19,0,"fit: 7, efit: 5","fit: 7, efit: 3",,,,0,0,0,0,1,,
2026-03-19 10:08:35,33,19,19,0,"fit: 7, efit: 6","fit: 7, efit: 4",,,,0,0,0,0,1,,
2026-03-19 10:13:36,33,19,19,0,"fit: 7, efit: 6","fit: 7, efit: 5",,,,0,0,0,0,1,,
2026-03-19 10:43:41,33,19,19,0,"fit: 7, efit: 6","fit: 7, efit: 6",,,,0,0,0,0,1,,
2026-03-19 10:54:47,33,19,19,0,"fit: 8, efit: 6","fit: 8, efit: 6",,,,0,0,0,0,1,,
2026-03-19 10:58:43,33,19,19,0,"fit: 8, efit: 8","fit: 8, efit: 8",,,,0,0,0,0,1,,
2026-03-19 11:03:44,33,19,19,0,"fit: 8, efit: 9","fit: 8, efit: 9",,,,0,0,0,0,1,,
2026-03-19 11:10:36,33,19,19,0,"fit: 7, efit: 9","fit: 7, efit: 9",,,,0,0,0,0,1,,
2026-03-19 11:13:46,33,19,19,0,"fit: 1, efit: 9","fit: 1, efit: 9",,,,0,0,0,0,1,,
2026-03-19 11:14:51,33,19,19,0,efit: 9,efit: 9,,,,0,0,0,0,1,,
2026-03-19 11:19:52,33,19,19,0,efit: 8,efit: 8,,,,0,0,0,0,1,,
2026-03-19 11:33:49,33,19,19,0,efit: 9,efit: 9,,,,0,0,0,0,1,,
2026-03-19 11:48:52,33,19,19,0,efit: 8,efit: 8,,,,0,0,0,0,1,,
2026-03-19 11:50:41,33,19,19,0,efit: 7,efit: 7,,,,0,0,0,0,1,,
2026-03-19 11:55:42,33,19,19,0,efit: 6,efit: 6,,,,0,0,0,0,1,,
2026-03-19 11:58:53,33,19,19,0,efit: 4,efit: 4,,,,0,0,0,0,1,,
2026-03-19 12:08:55,33,19,19,0,efit: 5,efit: 5,,,,0,0,0,0,1,,
2026-03-19 12:13:56,33,19,19,0,efit: 6,efit: 6,,,,0,0,0,0,1,,
2026-03-19 12:20:05,33,19,19,0,efit: 5,efit: 5,,,,0,0,0,0,1,,
2026-03-19 12:25:06,33,19,19,0,efit: 4,efit: 4,,,,0,0,0,0,1,,
2026-03-19 12:33:59,33,19,19,0,efit: 5,efit: 5,,,,0,0,0,0,1,,
2026-03-19 12:40:09,33,19,19,0,efit: 6,efit: 6,,,,0,0,0,0,1,,
2026-03-19 12:40:49,33,19,19,0,efit: 7,efit: 7,,,,0,0,0,0,1,,
2026-03-19 12:45:49,33,19,19,0,efit: 8,efit: 8,,,,0,0,0,0,1,,
2026-03-19 13:00:13,33,19,19,0,efit: 10,efit: 10,,,,0,0,0,0,1,,
2026-03-19 13:04:04,33,19,19,0,efit: 11,efit: 11,,,,0,0,0,0,1,,
2026-03-19 13:09:05,33,19,19,0,efit: 10,efit: 10,,,,0,0,0,0,1,,
2026-03-19 13:50:58,33,19,19,0,efit: 9,efit: 9,,,,0,0,0,0,1,,
2026-03-19 14:05:25,33,19,19,0,efit: 10,efit: 10,,,,0,0,0,0,1,,
2026-03-19 14:14:16,33,19,19,0,efit: 11,efit: 11,,,,0,0,0,0,1,,
2026-03-19 14:15:27,33,19,19,0,efit: 12,efit: 12,,,,0,0,0,0,1,,
2026-03-19 14:19:17,33,19,19,0,efit: 13,efit: 13,,,,0,0,0,0,1,,
2026-03-19 14:20:28,33,19,19,0,efit: 12,efit: 12,,,,0,0,0,0,1,,
2026-03-19 14:39:20,33,19,19,0,"fit: 1, efit: 12","fit: 1, efit: 12",,,,0,0,0,0,1,,
2026-03-19 14:40:32,33,19,19,0,"fit: 3, efit: 12","fit: 3, efit: 12",,,,0,0,0,0,1,,
2026-03-19 14:44:21,33,19,19,0,"fit: 3, efit: 10","fit: 3, efit: 10",,,,0,0,0,0,1,,
2026-03-19 14:46:07,33,19,19,0,"fit: 3, efit: 9","fit: 3, efit: 9",,,,0,0,0,0,1,,
2026-03-19 14:49:22,33,19,19,0,"fit: 3, efit: 8","fit: 3, efit: 8",,,,0,0,0,0,1,,
2026-03-19 14:56:08,33,19,19,0,"fit: 3, efit: 9","fit: 3, efit: 9",,,,0,0,0,0,1,,
2026-03-19 15:04:24,33,19,19,0,"fit: 3, efit: 8","fit: 3, efit: 8",,,,0,0,0,0,1,,
2026-03-19 15:05:37,33,19,19,0,"fit: 3, efit: 7","fit: 3, efit: 7",,,,0,0,0,0,1,,
2026-03-19 15:06:10,33,19,19,0,"fit: 3, efit: 8","fit: 3, efit: 8",,,,0,0,0,0,1,,
2026-03-19 15:09:25,33,19,19,0,"fit: 3, efit: 7","fit: 3, efit: 7",,,,0,0,0,0,1,,
2026-03-19 15:14:26,33,19,19,0,"fit: 3, efit: 6","fit: 3, efit: 6",,,,0,0,0,0,1,,
2026-03-19 15:29:28,33,19,19,0,"fit: 3, efit: 5","fit: 3, efit: 5",,,,0,0,0,0,1,,
2026-03-19 15:35:43,33,19,19,0,"fit: 4, efit: 4","fit: 4, efit: 4",,,,0,0,0,0,1,,
2026-03-19 15:39:30,33,19,19,0,"fit: 4, efit: 5","fit: 4, efit: 5",,,,0,0,0,0,1,,
2026-03-19 15:41:14,33,19,19,0,"fit: 4, efit: 6","fit: 4, efit: 6",,,,0,0,0,0,1,,
2026-03-19 15:54:32,33,19,19,0,"fit: 5, efit: 6","fit: 5, efit: 6",,,,0,0,0,0,1,,
2026-03-19 16:04:34,33,19,19,0,"fit: 5, efit: 4","fit: 5, efit: 4",,,,0,0,0,0,1,,
2026-03-19 16:10:49,33,19,19,0,"fit: 5, efit: 3","fit: 5, efit: 3",,,,0,0,0,0,1,,
2026-03-19 16:34:39,33,19,19,0,"fit: 5, efit: 2","fit: 5, efit: 2",,,,0,0,0,0,1,,
2026-03-19 16:35:54,33,19,19,0,"fit: 5, efit: 3","fit: 5, efit: 3",,,,0,0,0,0,1,,
2026-03-19 16:54:42,33,19,19,0,"fit: 5, efit: 2","fit: 5, efit: 2",,,,0,0,0,0,1,,
2026-03-19 16:59:43,33,19,19,0,"fit: 5, efit: 3","fit: 5, efit: 3",,,,0,0,0,0,1,,
2026-03-19 17:04:44,33,19,19,0,"fit: 5, efit: 4","fit: 5, efit: 4",,,,0,0,0,0,1,,
2026-03-19 17:06:00,33,19,19,0,"fit: 4, efit: 2","fit: 4, efit: 2",,,,0,0,0,0,1,,
2026-03-19 17:11:01,33,19,19,0,"fit: 4, efit: 1","fit: 4, efit: 1",,,,0,0,0,0,1,,
2026-03-19 17:14:46,33,19,19,0,"fit: 4, efit: 2","fit: 4, efit: 2",,,,0,0,0,0,1,,
2026-03-19 17:16:02,33,19,19,0,fit: 4,fit: 4,,,,0,0,0,0,1,,
2026-03-19 17:19:47,33,19,19,0,fit: 3,fit: 3,,,,0,0,0,0,1,,
2026-03-19 17:39:50,33,19,19,0,"fit: 3, efit: 2","fit: 3, efit: 2",,,,0,0,0,0,1,,
2026-03-19 17:41:07,33,19,19,0,"fit: 3, efit: 1","fit: 3, efit: 1",,,,0,0,0,0,1,,
2026-03-19 17:54:53,33,19,19,0,"fit: 3, efit: 2","fit: 3, efit: 2",,,,0,0,0,0,1,,
2026-03-19 17:56:10,33,19,19,0,"fit: 3, efit: 3","fit: 3, efit: 3",,,,0,0,0,0,1,,
2026-03-19 17:59:54,33,19,19,0,"fit: 3, efit: 4","fit: 3, efit: 4",,,,0,0,0,0,1,,
2026-03-19 18:04:55,33,19,19,0,"fit: 3, efit: 2","fit: 3, efit: 2",,,,0,0,0,0,1,,
2026-03-19 18:11:13,33,19,19,0,"fit: 3, efit: 1","fit: 3, efit: 1",,,,0,0,0,0,1,,
2026-03-19 18:21:15,33,19,19,0,fit: 3,fit: 3,,,,0,0,0,0,1,,
2026-03-19 18:24:58,33,19,19,0,"fit: 3, efit: 2","fit: 3, efit: 2",,,,0,0,0,0,1,,
2026-03-19 18:29:59,33,19,19,0,"fit: 5, efit: 1","fit: 5, efit: 1",,,,0,0,0,0,1,,
2026-03-19 18:45:02,33,19,19,0,"fit: 5, efit: 2","fit: 5, efit: 2",,,,0,0,0,0,1,,
2026-03-19 18:50:02,33,19,19,0,fit: 6,fit: 6,,,,0,0,0,0,1,,
2026-03-19 19:05:05,33,19,19,0,"fit: 6, efit: 1","fit: 6, efit: 1",,,,0,0,0,0,1,,
2026-03-19 19:10:06,33,19,19,0,fit: 6,fit: 6,,,,0,0,0,0,1,,
2026-03-19 19:30:10,33,19,19,0,"fit: 6, efit: 1","fit: 6, efit: 1",,,,0,0,0,0,1,,
2026-03-19 19:45:12,33,19,19,0,"fit: 7, efit: 1","fit: 7, efit: 1",,,,0,0,0,0,1,,
2026-03-19 19:51:33,33,19,19,0,"fit: 8, efit: 1","fit: 8, efit: 1",,,,0,0,0,0,1,,
2026-03-19 20:05:15,33,19,19,0,fit: 8,fit: 8,,,,0,0,0,0,1,,
2026-03-19 20:30:20,33,19,19,0,fit: 7,fit: 7,,,,0,0,0,0,1,,
2026-03-19 21:10:27,33,19,19,0,fit: 6,fit: 6,,,,0,0,0,0,1,,
2026-03-19 21:40:32,33,19,19,0,fit: 5,fit: 5,,,,0,0,0,0,1,,
2026-03-19 21:45:33,33,19,19,0,fit: 4,fit: 4,,,,0,0,0,0,1,,
2026-03-19 21:57:10,33,19,19,0,fit: 3,fit: 3,,,,0,0,0,0,1,,
2026-03-19 22:25:39,33,19,19,0,fit: 2,fit: 2,,,,0,0,0,0,1,,
2026-03-19 22:32:04,33,19,19,0,fit: 1,fit: 1,,,,0,0,0,0,1,,
2026-03-19 22:32:15,33,19,19,0,fit: 2,fit: 2,,,,0,0,0,0,1,,
2026-03-19 22:35:41,33,19,19,0,"fit: 2, efit: 1","fit: 2, efit: 1",,,,0,0,0,0,1,,
2026-03-19 22:37:05,33,19,19,0,fit: 2,fit: 2,,,,0,0,0,0,1,,
2026-03-19 22:45:43,33,19,19,0,,,,,,0,0,0,0,1,,
2026-03-20 00:00:55,33,19,19,0,,,,,,0,0,0,0,1,,
2026-03-20 01:41:12,33,19,19,0,efit: 2,efit: 2,,,,0,0,0,0,1,,
2026-03-20 01:56:15,33,19,19,0,,,,,,0,0,0,0,1,,
2026-03-20 07:22:08,33,19,19,0,fit: 1,fit: 1,,,,0,0,0,0,1,,
2026-03-20 08:33:39,33,19,19,0,"fit: 1, efit: 1","fit: 1, efit: 1",,,,0,0,0,0,1,,
2026-03-20 08:57:23,33,19,19,0,"fit: 2, efit: 1","fit: 2, efit: 1",,,,0,0,0,0,1,,
2026-03-20 09:24:06,33,19,19,0,"fit: 3, efit: 1","fit: 3, efit: 1",,,,0,0,0,0,1,,
2026-03-20 09:27:28,33,19,19,0,"fit: 3, efit: 4","fit: 3, efit: 1",,,,0,0,0,0,1,,
2026-03-20 09:44:10,33,19,19,0,"fit: 3, efit: 5","fit: 3, efit: 2",,,,0,0,0,0,1,,
2026-03-20 09:48:50,33,19,19,0,"fit: 4, efit: 5","fit: 4, efit: 2",,,,0,0,0,0,1,,
2026-03-20 09:58:52,33,19,19,0,"fit: 4, efit: 7","fit: 4, efit: 4",,,,0,0,0,0,1,,
2026-03-20 09:59:12,33,19,19,0,"fit: 4, efit: 6","fit: 4, efit: 3",,,,0,0,0,0,1,,
2026-03-20 10:02:34,33,19,19,0,"fit: 4, efit: 6","fit: 4, efit: 6",,,,0,0,0,0,1,,
2026-03-20 10:03:53,33,19,19,0,"fit: 4, efit: 5","fit: 4, efit: 5",,,,0,0,0,0,1,,
2026-03-20 10:27:39,33,19,19,0,"fit: 4, efit: 6","fit: 4, efit: 6",,,,0,0,0,0,1,,
2026-03-20 10:28:56,33,19,19,0,"fit: 4, efit: 7","fit: 4, efit: 7",,,,0,0,0,0,1,,
2026-03-20 10:32:39,33,19,19,0,"fit: 4, efit: 8","fit: 4, efit: 8",,,,0,0,0,0,1,,
2026-03-20 10:38:58,33,19,19,0,"fit: 4, efit: 9","fit: 4, efit: 9",,,,0,0,0,0,1,,
2026-03-20 10:47:42,33,19,19,0,"fit: 4, efit: 8","fit: 4, efit: 8",,,,0,0,0,0,1,,
2026-03-20 10:48:59,33,19,19,0,"fit: 4, efit: 7","fit: 4, efit: 7",,,,0,0,0,0,1,,
2026-03-20 10:54:00,33,19,19,0,"fit: 4, efit: 6","fit: 4, efit: 6",,,,0,0,0,0,1,,
2026-03-20 10:59:01,33,19,19,0,"fit: 4, efit: 7","fit: 4, efit: 7",,,,0,0,0,0,1,,
2026-03-20 11:02:44,33,19,19,0,"fit: 4, efit: 8","fit: 4, efit: 8",,,,0,0,0,0,1,,
2026-03-20 11:14:03,33,19,19,0,"fit: 4, efit: 9","fit: 4, efit: 9",,,,0,0,0,0,1,,
2026-03-20 11:22:48,33,19,19,0,"fit: 4, efit: 6","fit: 4, efit: 6",,,,0,0,0,0,1,,
2026-03-20 11:32:49,33,19,19,0,"fit: 4, efit: 7","fit: 4, efit: 7",,,,0,0,0,0,1,,
2026-03-20 11:49:33,33,19,19,0,"fit: 4, efit: 8","fit: 4, efit: 8",,,,0,0,0,0,1,,
2026-03-20 11:52:53,33,19,19,0,"fit: 3, efit: 11","fit: 3, efit: 9",,,,0,0,0,0,1,,
2026-03-20 11:54:09,33,19,19,0,"fit: 1, efit: 11","fit: 1, efit: 9",,,,0,0,0,0,1,,
2026-03-20 11:54:34,33,19,19,0,efit: 11,efit: 9,,,,0,0,0,0,1,,
2026-03-20 11:57:54,33,19,19,0,efit: 10,efit: 8,,,,0,0,0,0,1,,
2026-03-20 11:59:10,33,19,19,0,efit: 11,efit: 9,,,,0,0,0,0,1,,
2026-03-20 12:04:36,33,19,19,0,efit: 12,efit: 10,,,,0,0,0,0,1,,
2026-03-20 12:07:55,33,19,19,0,efit: 11,efit: 9,,,,0,0,0,0,1,,
2026-03-20 12:09:11,33,19,19,0,efit: 9,efit: 7,,,,0,0,0,0,1,,
2026-03-20 12:12:56,33,19,19,0,efit: 8,efit: 6,,,,0,0,0,0,1,,
2026-03-20 12:27:59,33,19,19,0,efit: 9,efit: 7,,,,0,0,0,0,1,,
2026-03-20 12:29:41,33,19,19,0,efit: 8,efit: 6,,,,0,0,0,0,1,,
2026-03-20 12:33:00,33,19,19,0,efit: 7,efit: 6,,,,0,0,0,0,1,,
2026-03-20 12:43:01,33,19,19,0,efit: 8,efit: 7,,,,0,0,0,0,1,,
2026-03-20 12:58:04,33,19,19,0,efit: 7,efit: 6,,,,0,0,0,0,1,,
2026-03-20 12:59:19,33,19,19,0,efit: 8,efit: 7,,,,0,0,0,0,1,,
2026-03-20 13:03:05,33,19,19,0,efit: 4,efit: 4,,,,0,0,0,0,1,,
2026-03-20 13:09:49,33,19,19,0,efit: 5,efit: 5,,,,0,0,0,0,1,,
2026-03-20 13:19:22,33,19,19,0,efit: 3,efit: 3,,,,0,0,0,0,1,,
2026-03-20 13:28:09,33,19,19,0,efit: 5,efit: 5,,,,0,0,0,0,1,,
2026-03-20 13:33:10,33,19,19,0,efit: 6,efit: 6,,,,0,0,0,0,1,,
2026-03-20 13:38:10,33,19,19,0,efit: 5,efit: 5,,,,0,0,0,0,1,,
2026-03-20 13:39:24,33,19,19,0,"fit: 1, efit: 2","fit: 1, efit: 2",,,,0,0,0,0,1,,
2026-03-20 13:39:55,33,19,19,0,"fit: 1, efit: 3","fit: 1, efit: 3",,,,0,0,0,0,1,,
2026-03-20 13:43:11,33,19,19,0,"fit: 1, efit: 2","fit: 1, efit: 2",,,,0,0,0,0,1,,
2026-03-20 13:44:25,33,19,19,0,"fit: 1, efit: 1","fit: 1, efit: 1",,,,0,0,0,0,1,,
2026-03-20 13:48:12,33,19,19,0,"fit: 1, efit: 2","fit: 1, efit: 2",,,,0,0,0,0,1,,
2026-03-20 13:54:57,33,19,19,0,"fit: 1, efit: 1","fit: 1, efit: 1",,,,0,0,0,0,1,,
2026-03-20 13:58:14,33,19,19,0,fit: 1,fit: 1,,,,0,0,0,0,1,,
2026-03-20 14:23:18,33,19,19,0,"fit: 1, efit: 2","fit: 1, efit: 1",,,,0,0,0,0,1,,
2026-03-20 14:24:31,33,19,19,0,"fit: 3, efit: 1",fit: 3,,,,0,0,0,0,1,,
2026-03-20 14:25:04,33,19,19,0,"fit: 3, efit: 2",fit: 3,efit: 1,,,0,0,0,0,1,,
2026-03-20 14:28:18,33,19,19,0,"fit: 5, efit: 2",fit: 5,efit: 1,,,0,0,0,0,1,,
2026-03-20 14:29:32,33,19,19,0,"fit: 5, efit: 1",fit: 5,efit: 1,,,0,0,0,0,1,,
2026-03-20 15:03:24,33,19,19,0,"fit: 5, efit: 2","fit: 5, efit: 1",efit: 1,,,0,0,0,0,1,,
2026-03-20 15:08:25,33,19,19,0,"fit: 5, efit: 3","fit: 5, efit: 2",efit: 1,,,0,0,0,0,1,,
2026-03-20 15:58:34,33,19,19,0,"fit: 5, efit: 2","fit: 5, efit: 1",efit: 1,,,0,0,0,0,1,,
2026-03-20 16:13:36,33,19,19,0,"fit: 5, efit: 1",fit: 5,efit: 1,,,0,0,0,0,1,,
2026-03-20 16:49:52,33,19,19,0,"fit: 4, efit: 1",fit: 4,efit: 1,,,0,0,0,0,1,,
2026-03-20 17:18:47,33,19,19,0,"fit: 4, efit: 2","fit: 4, efit: 1",efit: 1,,,0,0,0,0,1,,
2026-03-20 17:38:50,33,19,19,0,"fit: 4, efit: 1",fit: 4,efit: 1,,,0,0,0,0,1,,
2026-03-20 17:48:52,33,19,19,0,"fit: 5, efit: 1",fit: 5,efit: 1,,,0,0,0,0,1,,
2026-03-20 17:53:53,33,19,19,0,"fit: 5, efit: 2","fit: 5, efit: 1",efit: 1,,,0,0,0,0,1,,
2026-03-20 19:39:11,33,19,19,0,"fit: 5, efit: 1",fit: 5,efit: 1,,,0,0,0,0,1,,
2026-03-20 19:54:13,33,19,19,0,"fit: 4, efit: 1",fit: 4,efit: 1,,,0,0,0,0,1,,
2026-03-20 19:59:14,33,19,19,0,"fit: 4, efit: 2","fit: 4, efit: 1",efit: 1,,,0,0,0,0,1,,
2026-03-20 20:09:16,33,19,19,0,"fit: 4, efit: 1",fit: 4,efit: 1,,,0,0,0,0,1,,
2026-03-20 20:19:17,33,19,19,0,"fit: 3, efit: 1",fit: 3,efit: 1,,,0,0,0,0,1,,
2026-03-20 20:54:23,33,19,19,0,"fit: 1, efit: 1",fit: 1,efit: 1,,,0,0,0,0,1,,
2026-03-20 21:14:27,33,19,19,0,"fit: 3, efit: 1",fit: 3,efit: 1,,,0,0,0,0,1,,
2026-03-21 00:00:56,33,19,19,0,"fit: 3, efit: 1",fit: 3,efit: 1,,,0,0,0,0,1,,
2026-03-21 07:08:16,33,19,19,0,"fit: 3, efit: 2","fit: 3, efit: 1",efit: 1,,,0,0,0,0,1,,
2026-03-21 08:08:27,33,19,19,0,"fit: 3, efit: 3","fit: 3, efit: 2",efit: 1,,,0,0,0,0,1,,
2026-03-21 08:51:21,33,19,19,0,"fit: 4, efit: 3","fit: 4, efit: 2",efit: 1,,,0,0,0,0,1,,
2026-03-21 09:06:24,33,19,19,0,"fit: 4, efit: 2","fit: 4, efit: 1",efit: 1,,,0,0,0,0,1,,
2026-03-21 09:08:39,33,19,19,0,"fit: 4, efit: 1",fit: 4,efit: 1,,,0,0,0,0,1,,
2026-03-21 09:33:43,33,19,19,0,"fit: 4, efit: 2","fit: 4, efit: 1",efit: 1,,,0,0,0,0,1,,
2026-03-21 09:46:30,33,19,19,0,"fit: 4, efit: 3","fit: 4, efit: 2",efit: 1,,,0,0,0,0,1,,
2026-03-21 10:01:33,33,19,19,0,"fit: 4, efit: 2","fit: 4, efit: 2",,,,0,0,0,0,1,,
2026-03-21 10:17:25,33,19,19,0,"fit: 4, efit: 1","fit: 4, efit: 1",,,,0,0,0,0,1,,
2026-03-21 10:51:41,33,19,19,0,"fit: 4, efit: 2","fit: 4, efit: 2",,,,0,0,0,0,1,,
2026-03-21 11:22:35,33,19,19,0,"fit: 4, efit: 3","fit: 4, efit: 3",,,,0,0,0,0,1,,
2026-03-21 12:11:54,33,19,19,0,"fit: 4, efit: 4","fit: 4, efit: 4",,,,0,0,0,0,1,,
2026-03-21 12:19:15,33,19,19,0,"fit: 4, efit: 3","fit: 4, efit: 3",,,,0,0,0,0,1,,
2026-03-21 12:21:56,33,19,19,0,"fit: 4, efit: 4","fit: 4, efit: 4",,,,0,0,0,0,1,,
2026-03-21 12:36:58,33,19,19,0,"fit: 4, efit: 3","fit: 4, efit: 3",,,,0,0,0,0,1,,
2026-03-21 12:41:59,33,19,19,0,"fit: 4, efit: 2","fit: 4, efit: 2",,,,0,0,0,0,1,,
2026-03-21 12:57:02,33,19,19,0,"fit: 4, efit: 3","fit: 4, efit: 3",,,,0,0,0,0,1,,
2026-03-21 13:04:24,33,19,19,0,"fit: 4, efit: 4","fit: 4, efit: 4",,,,0,0,0,0,1,,
2026-03-21 13:47:10,33,19,19,0,"fit: 4, efit: 5","fit: 4, efit: 5",,,,0,0,0,0,1,,
2026-03-21 14:13:00,33,19,19,0,"fit: 4, efit: 4","fit: 4, efit: 4",,,,0,0,0,0,1,,
2026-03-21 14:14:37,33,19,19,0,"fit: 4, efit: 3","fit: 4, efit: 3",,,,0,0,0,0,1,,
2026-03-21 14:24:39,33,19,19,0,"fit: 4, efit: 5","fit: 4, efit: 5",,,,0,0,0,0,1,,
2026-03-21 14:37:19,33,19,19,0,"fit: 4, efit: 6","fit: 4, efit: 6",,,,0,0,0,0,1,,
2026-03-21 14:47:20,33,19,19,0,"fit: 4, efit: 5","fit: 4, efit: 5",,,,0,0,0,0,1,,
2026-03-21 14:58:07,33,19,19,0,"fit: 4, efit: 6","fit: 4, efit: 6",,,,0,0,0,0,1,,
2026-03-21 15:04:47,33,19,19,0,"fit: 4, efit: 5","fit: 4, efit: 5",,,,0,0,0,0,1,,
2026-03-21 15:09:48,33,19,19,0,"fit: 4, efit: 3","fit: 4, efit: 3",,,,0,0,0,0,1,,
2026-03-21 15:12:24,33,19,19,0,"fit: 5, efit: 3","fit: 5, efit: 3",,,,0,0,0,0,1,,
2026-03-21 15:32:28,33,19,19,0,"fit: 3, efit: 3","fit: 3, efit: 3",,,,0,0,0,0,1,,
2026-03-21 15:39:54,33,19,19,0,"fit: 3, efit: 4","fit: 3, efit: 4",,,,0,0,0,0,1,,
2026-03-21 15:42:29,33,19,19,0,"fit: 3, efit: 5","fit: 3, efit: 4",efit: 1,,,0,0,0,0,1,,
2026-03-21 15:49:56,33,19,19,0,"fit: 3, efit: 3","fit: 3, efit: 3",,,,0,0,0,0,1,,
2026-03-21 15:52:31,33,19,19,0,"fit: 3, efit: 2","fit: 3, efit: 2",,,,0,0,0,0,1,,
2026-03-21 15:58:16,33,19,19,0,"fit: 3, efit: 1","fit: 3, efit: 1",,,,0,0,0,0,1,,
2026-03-21 16:02:33,33,19,19,0,fit: 2,fit: 2,,,,0,0,0,0,1,,
2026-03-21 16:30:04,33,19,19,0,"fit: 2, efit: 1","fit: 2, efit: 1",,,,0,0,0,0,1,,
2026-03-21 16:45:07,33,19,19,0,fit: 2,fit: 2,,,,0,0,0,0,1,,
2026-03-21 16:55:09,33,19,19,0,"fit: 3, efit: 1","fit: 3, efit: 1",,,,0,0,0,0,1,,
2026-03-21 17:22:46,33,19,19,0,fit: 3,fit: 3,,,,0,0,0,0,1,,
2026-03-21 17:45:18,33,19,19,0,fit: 2,fit: 2,,,,0,0,0,0,1,,
2026-03-21 17:50:19,33,19,19,0,"fit: 2, efit: 1","fit: 2, efit: 1",,,,0,0,0,0,1,,
2026-03-21 17:53:33,33,19,19,0,"fit: 2, efit: 2","fit: 2, efit: 2",,,,0,0,0,0,1,,
2026-03-21 17:57:52,33,19,19,0,"fit: 1, efit: 1","fit: 1, efit: 1",,,,0,0,0,0,1,,
2026-03-21 18:22:56,33,19,19,0,"fit: 1, efit: 2","fit: 1, efit: 2",,,,0,0,0,0,1,,
2026-03-21 18:33:39,33,19,19,0,"fit: 2, efit: 2","fit: 2, efit: 2",,,,0,0,0,0,1,,
2026-03-21 18:35:28,33,19,19,0,"fit: 1, efit: 2","fit: 1, efit: 2",,,,0,0,0,0,1,,
2026-03-21 18:37:59,33,19,19,0,"fit: 1, efit: 1","fit: 1, efit: 1",,,,0,0,0,0,1,,
2026-03-21 18:48:00,33,19,19,0,fit: 1,fit: 1,,,,0,0,0,0,1,,
2026-03-21 18:53:01,33,19,19,0,"fit: 1, efit: 1","fit: 1, efit: 1",,,,0,0,0,0,1,,
2026-03-21 18:55:32,33,19,19,0,fit: 2,fit: 2,,,,0,0,0,0,1,,
2026-03-21 19:03:03,33,19,19,0,"fit: 4, efit: 2","fit: 4, efit: 2",,,,0,0,0,0,1,,
2026-03-21 19:05:34,33,19,19,0,"fit: 3, efit: 1","fit: 3, efit: 1",,,,0,0,0,0,1,,
2026-03-21 19:13:04,33,19,19,0,"fit: 4, efit: 1","fit: 4, efit: 1",,,,0,0,0,0,1,,
2026-03-21 19:13:45,33,19,19,0,"fit: 4, efit: 2","fit: 4, efit: 2",,,,0,0,0,0,1,,
2026-03-21 19:15:36,33,19,19,0,"fit: 3, efit: 1","fit: 3, efit: 1",,,,0,0,0,0,1,,
2026-03-21 19:18:05,33,19,19,0,fit: 3,fit: 3,,,,0,0,0,0,1,,
2026-03-21 19:38:09,33,19,19,0,fit: 2,fit: 2,,,,0,0,0,0,1,,
2026-03-21 19:55:43,33,19,19,0,"fit: 2, efit: 1",fit: 2,,,,0,0,0,0,1,,
2026-03-21 20:03:13,33,19,19,0,"fit: 2, efit: 2","fit: 2, efit: 1",,,,0,0,0,0,1,,
2026-03-21 20:18:54,33,19,19,0,"fit: 2, efit: 2","fit: 2, efit: 2",,,,0,0,0,0,1,,
2026-03-21 20:35:51,33,19,19,0,fit: 2,fit: 2,,,,0,0,0,0,1,,
2026-03-21 20:38:18,33,19,19,0,,,,,,0,0,0,0,1,,
2026-03-21 21:29:04,33,19,19,0,efit: 1,efit: 1,,,,0,0,0,0,1,,
2026-03-21 21:41:04,33,19,19,0,"fit: 2, efit: 2","fit: 2, efit: 2",,,,0,0,0,0,1,,
2026-03-21 21:46:05,33,19,19,0,"fit: 2, efit: 1","fit: 2, efit: 1",,,,0,0,0,0,1,,
2026-03-21 21:56:07,33,19,19,0,"fit: 2, efit: 2","fit: 2, efit: 2",,,,0,0,0,0,1,,
2026-03-21 21:58:31,33,19,19,0,"fit: 2, efit: 1","fit: 2, efit: 1",,,,0,0,0,0,1,,
2026-03-21 22:01:08,33,19,19,0,"fit: 2, efit: 2","fit: 2, efit: 2",,,,0,0,0,0,1,,
2026-03-21 22:03:32,33,19,19,0,"fit: 2, efit: 1","fit: 2, efit: 1",,,,0,0,0,0,1,,
2026-03-21 22:06:09,33,19,19,0,fit: 2,fit: 2,,,,0,0,0,0,1,,
2026-03-21 22:34:14,33,19,19,0,fit: 1,fit: 1,,,,0,0,0,0,1,,
2026-03-22 00:01:31,33,19,19,0,fit: 1,fit: 1,,,,0,0,0,0,1,,
2026-03-22 01:51:52,33,19,19,0,"fit: 1, efit: 2","fit: 1, efit: 2",,,,0,0,0,0,1,,
2026-03-22 07:40:05,33,19,19,0,"fit: 1, efit: 3","fit: 1, efit: 3",,,,0,0,0,0,1,,
2026-03-22 08:53:11,33,19,19,0,"fit: 1, efit: 4","fit: 1, efit: 4",,,,0,0,0,0,1,,
2026-03-22 08:55:18,33,19,19,0,"fit: 1, efit: 6","fit: 1, efit: 3",,,,0,0,0,0,1,,
2026-03-22 09:13:15,33,19,19,0,"fit: 1, efit: 8","fit: 1, efit: 3",efit: 1,,,0,0,0,0,1,,
2026-03-22 09:15:21,33,19,19,0,"fit: 1, efit: 8","fit: 1, efit: 3",,,,0,0,0,0,1,,
2026-03-22 09:25:22,33,19,19,0,"fit: 1, efit: 8","fit: 1, efit: 4",,,,0,0,0,0,1,,
2026-03-22 09:28:17,33,19,19,0,"fit: 1, efit: 7","fit: 1, efit: 3",,,,0,0,0,0,1,,
2026-03-22 09:30:23,33,19,19,0,"fit: 1, efit: 8","fit: 1, efit: 4",,,,0,0,0,0,1,,
2026-03-22 09:33:18,33,19,19,0,"fit: 2, efit: 8","fit: 2, efit: 4",,,,0,0,0,0,1,,
2026-03-22 09:48:21,33,19,19,0,"fit: 2, efit: 9","fit: 2, efit: 4",,,,0,0,0,0,1,,
2026-03-22 09:50:51,33,19,19,0,"fit: 2, efit: 8","fit: 2, efit: 3",,,,0,0,0,0,1,,
2026-03-22 09:53:22,33,19,19,0,"fit: 2, efit: 5",fit: 2,,,,0,0,0,0,1,,
2026-03-22 09:55:52,33,19,19,0,"fit: 2, efit: 6","fit: 2, efit: 3",,,,0,0,0,0,1,,
2026-03-22 10:13:26,33,19,19,0,"fit: 3, efit: 6","fit: 3, efit: 3",,,,0,0,0,0,1,,
2026-03-22 10:18:27,33,19,19,0,"fit: 3, efit: 8","fit: 3, efit: 5",,,,0,0,0,0,1,,
2026-03-22 10:25:56,33,19,19,0,"fit: 3, efit: 8","fit: 3, efit: 7",,,,0,0,0,0,1,,
2026-03-22 10:28:29,33,19,19,0,"fit: 4, efit: 8","fit: 4, efit: 7",,,,0,0,0,0,1,,
2026-03-22 10:33:30,33,19,19,0,"fit: 4, efit: 9","fit: 4, efit: 8",,,,0,0,0,0,1,,
2026-03-22 10:35:34,33,19,19,0,"fit: 4, efit: 8","fit: 4, efit: 7",,,,0,0,0,0,1,,
2026-03-22 10:38:31,33,19,19,0,"fit: 2, efit: 7","fit: 2, efit: 6",,,,0,0,0,0,1,,
2026-03-22 10:43:32,33,19,19,0,"fit: 2, efit: 5","fit: 2, efit: 4",,,,0,0,0,0,1,,
2026-03-22 11:03:35,33,19,19,0,"fit: 3, efit: 5","fit: 3, efit: 4",,,,0,0,0,0,1,,
2026-03-22 11:08:36,33,19,19,0,"fit: 3, efit: 4","fit: 3, efit: 3",,,,0,0,0,0,1,,
2026-03-22 11:18:38,33,19,19,0,"fit: 3, efit: 3","fit: 3, efit: 2",,,,0,0,0,0,1,,
2026-03-22 11:20:42,33,19,19,0,"fit: 3, efit: 5","fit: 3, efit: 4",,,,0,0,0,0,1,,
2026-03-22 11:21:05,33,19,19,0,"fit: 3, efit: 7","fit: 3, efit: 6",,,,0,0,0,0,1,,
2026-03-22 11:23:39,33,19,19,0,"fit: 3, efit: 8","fit: 3, efit: 7",,,,0,0,0,0,1,,
2026-03-22 11:28:40,33,19,19,0,"fit: 3, efit: 9","fit: 3, efit: 8",,,,0,0,0,0,1,,
2026-03-22 11:33:41,33,19,19,0,"fit: 4, efit: 9","fit: 4, efit: 8",,,,0,0,0,0,1,,
2026-03-22 11:50:47,33,19,19,0,"fit: 2, efit: 8","fit: 2, efit: 7",,,,0,0,0,0,1,,
2026-03-22 11:53:45,33,19,19,0,"fit: 1, efit: 6","fit: 1, efit: 5",,,,0,0,0,0,1,,
2026-03-22 12:10:50,33,19,19,0,"fit: 1, efit: 8","fit: 1, efit: 7",,,,0,0,0,0,1,,
2026-03-22 12:13:49,33,19,19,0,"fit: 1, efit: 9","fit: 1, efit: 8",,,,0,0,0,0,1,,
2026-03-22 12:23:51,33,19,19,0,"fit: 1, efit: 10","fit: 1, efit: 9",,,,0,0,0,0,1,,
2026-03-22 12:28:52,33,19,19,0,"fit: 1, efit: 11","fit: 1, efit: 10",,,,0,0,0,0,1,,
2026-03-22 12:30:53,33,19,19,0,"fit: 1, efit: 12","fit: 1, efit: 11",,,,0,0,0,0,1,,
2026-03-22 12:33:53,33,19,19,0,"fit: 1, efit: 15","fit: 1, efit: 14",,,,0,0,0,0,1,,
2026-03-22 12:35:54,33,19,19,0,"fit: 1, efit: 10","fit: 1, efit: 9",,,,0,0,0,0,1,,
2026-03-22 12:38:54,33,19,19,0,"fit: 1, efit: 9","fit: 1, efit: 8",,,,0,0,0,0,1,,
2026-03-22 12:43:54,33,19,19,0,"fit: 1, efit: 7","fit: 1, efit: 6",,,,0,0,0,0,1,,
2026-03-22 12:50:57,33,19,19,0,"fit: 1, efit: 8","fit: 1, efit: 7",,,,0,0,0,0,1,,
2026-03-22 12:53:56,33,19,19,0,"fit: 1, efit: 6","fit: 1, efit: 5",,,,0,0,0,0,1,,
2026-03-22 12:55:58,33,19,19,0,"fit: 3, efit: 4","fit: 3, efit: 3",,,,0,0,0,0,1,,
2026-03-22 13:01:19,33,19,19,0,"fit: 3, efit: 5","fit: 3, efit: 4",,,,0,0,0,0,1,,
2026-03-22 13:05:59,33,19,19,0,"fit: 3, efit: 4","fit: 3, efit: 3",,,,0,0,0,0,1,,
2026-03-22 13:08:59,33,19,19,0,"fit: 3, efit: 6","fit: 3, efit: 5",,,,0,0,0,0,1,,
2026-03-22 13:24:02,33,19,19,0,"fit: 3, efit: 8","fit: 3, efit: 7",,,,0,0,0,0,1,,
2026-03-22 13:29:04,33,19,19,0,"fit: 3, efit: 10","fit: 3, efit: 9",,,,0,0,0,0,1,,
2026-03-22 13:31:04,33,19,19,0,"fit: 3, efit: 9","fit: 3, efit: 8",,,,0,0,0,0,1,,
2026-03-22 13:31:24,33,19,19,0,"fit: 3, efit: 10","fit: 3, efit: 9",,,,0,0,0,0,1,,
2026-03-22 13:34:04,33,19,19,0,"fit: 3, efit: 9","fit: 3, efit: 8",,,,0,0,0,0,1,,
2026-03-22 13:36:05,33,19,19,0,"fit: 3, efit: 5","fit: 3, efit: 4",,,,0,0,0,0,1,,
2026-03-22 13:44:06,33,19,19,0,"fit: 3, efit: 6","fit: 3, efit: 5",,,,0,0,0,0,1,,
2026-03-22 13:49:07,33,19,19,0,"fit: 3, efit: 4","fit: 3, efit: 3",,,,0,0,0,0,1,,
2026-03-22 13:56:08,33,19,19,0,"fit: 3, efit: 5","fit: 3, efit: 4",,,,0,0,0,0,1,,
2026-03-22 14:09:11,33,19,19,0,"fit: 3, efit: 8","fit: 3, efit: 7",,,,0,0,0,0,1,,
2026-03-22 14:11:11,33,19,19,0,"fit: 5, efit: 9","fit: 5, efit: 8",,,,0,0,0,0,1,,
2026-03-22 14:14:12,33,19,19,0,"fit: 6, efit: 8","fit: 6, efit: 7",,,,0,0,0,0,1,,
2026-03-22 14:16:12,33,19,19,0,"fit: 6, efit: 4","fit: 6, efit: 3",,,,0,0,0,0,1,,
2026-03-22 14:21:12,33,19,19,0,"fit: 6, efit: 5","fit: 6, efit: 4",,,,0,0,0,0,1,,
2026-03-22 14:31:14,33,19,19,0,"fit: 6, efit: 4","fit: 6, efit: 3",,,,0,0,0,0,1,,
2026-03-22 14:34:16,33,19,19,0,"fit: 5, efit: 4","fit: 5, efit: 3",,,,0,0,0,0,1,,
2026-03-22 14:36:15,33,19,19,0,"fit: 3, efit: 4","fit: 3, efit: 3",,,,0,0,0,0,1,,
2026-03-22 14:41:16,33,19,19,0,"fit: 3, efit: 5","fit: 3, efit: 4",,,,0,0,0,0,1,,
2026-03-22 14:54:20,33,19,19,0,"fit: 3, efit: 1",fit: 3,,,,0,0,0,0,1,,
2026-03-22 14:59:21,33,19,19,0,"fit: 1, efit: 1",fit: 1,,,,0,0,0,0,1,,
2026-03-22 15:01:19,33,19,19,0,"fit: 1, efit: 3","fit: 1, efit: 2",,,,0,0,0,0,1,,
2026-03-22 15:06:20,33,19,19,0,efit: 3,efit: 2,,,,0,0,0,0,1,,
2026-03-22 15:09:23,33,19,19,0,"fit: 1, efit: 3","fit: 1, efit: 2",,,,0,0,0,0,1,,
2026-03-22 15:16:22,33,19,19,0,"fit: 1, efit: 3","fit: 1, efit: 1",efit: 1,,,0,0,0,0,1,,
2026-03-22 15:19:25,33,19,19,0,"fit: 1, efit: 2",fit: 1,efit: 1,,,0,0,0,0,1,,
2026-03-22 15:29:27,33,19,19,0,"fit: 2, efit: 2",fit: 2,efit: 1,,,0,0,0,0,1,,
2026-03-22 15:31:42,33,19,19,0,"fit: 2, efit: 3","fit: 2, efit: 1",efit: 1,,,0,0,0,0,1,,
2026-03-22 15:39:29,33,19,19,0,"fit: 2, efit: 4","fit: 2, efit: 2",efit: 1,,,0,0,0,0,1,,
2026-03-22 15:41:26,33,19,19,0,"fit: 2, efit: 6","fit: 2, efit: 4",efit: 1,,,0,0,0,0,1,,
2026-03-22 15:44:30,33,19,19,0,"fit: 3, efit: 6","fit: 3, efit: 4",efit: 1,,,0,0,0,0,1,,
2026-03-22 15:49:31,33,19,19,0,"fit: 3, efit: 5","fit: 3, efit: 3",efit: 1,,,0,0,0,0,1,,
2026-03-22 15:54:32,33,19,19,0,"fit: 3, efit: 4","fit: 3, efit: 2",efit: 1,,,0,0,0,0,1,,
2026-03-22 15:56:28,33,19,19,0,"fit: 3, efit: 5","fit: 3, efit: 3",efit: 1,,,0,0,0,0,1,,
2026-03-22 15:56:46,33,19,19,0,"fit: 3, efit: 4","fit: 3, efit: 2",efit: 1,,,0,0,0,0,1,,
2026-03-22 15:59:33,33,19,19,0,"fit: 3, efit: 3","fit: 3, efit: 1",efit: 1,,,0,0,0,0,1,,
2026-03-22 16:01:29,33,19,19,0,"fit: 2, efit: 3","fit: 2, efit: 1",efit: 1,,,0,0,0,0,1,,
2026-03-22 16:01:46,33,19,19,0,"fit: 3, efit: 3","fit: 3, efit: 1",efit: 1,,,0,0,0,0,1,,
2026-03-22 16:04:34,33,19,19,0,"fit: 2, efit: 3","fit: 2, efit: 1",efit: 1,,,0,0,0,0,1,,
2026-03-22 16:09:35,33,19,19,0,"fit: 2, efit: 4","fit: 2, efit: 2",efit: 1,,,0,0,0,0,1,,
2026-03-22 16:16:32,33,19,19,0,"fit: 2, efit: 3","fit: 2, efit: 1",efit: 1,,,0,0,0,0,1,,
2026-03-22 16:19:37,33,19,19,0,"fit: 2, efit: 2",fit: 2,efit: 1,,,0,0,0,0,1,,
2026-03-22 16:21:32,33,19,19,0,"fit: 2, efit: 6","fit: 2, efit: 3",efit: 1,,,0,0,0,0,1,,
2026-03-22 16:21:49,33,19,19,0,"fit: 2, efit: 5","fit: 2, efit: 2",efit: 1,,,0,0,0,0,1,,
2026-03-22 16:24:38,33,19,19,0,"fit: 2, efit: 3",fit: 2,efit: 1,,,0,0,0,0,1,,
2026-03-22 16:26:33,33,19,19,0,"fit: 3, efit: 5","fit: 3, efit: 2",efit: 1,,,0,0,0,0,1,,
2026-03-22 16:29:39,33,19,19,0,"fit: 3, efit: 4","fit: 3, efit: 1",efit: 1,,,0,0,0,0,1,,
2026-03-22 16:31:34,33,19,19,0,"fit: 5, efit: 4","fit: 5, efit: 1",efit: 1,,,0,0,0,0,1,,
2026-03-22 16:31:51,33,19,19,0,"fit: 5, efit: 5","fit: 5, efit: 2",efit: 1,,,0,0,0,0,1,,
2026-03-22 16:34:40,33,19,19,0,"fit: 9, efit: 5","fit: 9, efit: 2",efit: 1,,,0,0,0,0,1,,
2026-03-22 16:36:35,33,19,19,0,"fit: 7, efit: 4","fit: 7, efit: 1",efit: 1,,,0,0,0,0,1,,
2026-03-22 16:39:41,33,19,19,0,"fit: 8, efit: 4","fit: 8, efit: 1",efit: 1,,,0,0,0,0,1,,
2026-03-22 16:41:36,33,19,19,0,"fit: 8, efit: 3",fit: 8,efit: 1,,,0,0,0,0,1,,
2026-03-22 16:44:42,33,19,19,0,"fit: 7, efit: 3",fit: 7,efit: 1,,,0,0,0,0,1,,
2026-03-22 16:51:38,33,19,19,0,"fit: 7, efit: 5","fit: 7, efit: 2",efit: 1,,,0,0,0,0,1,,
2026-03-22 16:51:54,33,19,19,0,"fit: 8, efit: 5","fit: 8, efit: 2",efit: 1,,,0,0,0,0,1,,
2026-03-22 16:54:44,33,19,19,0,"fit: 8, efit: 3",fit: 8,efit: 1,,,0,0,0,0,1,,
2026-03-22 16:56:39,33,19,19,0,"fit: 8, efit: 3","fit: 8, efit: 1",efit: 1,,,0,0,0,0,1,,
2026-03-22 16:59:45,33,19,19,0,"fit: 9, efit: 2",fit: 9,efit: 1,,,0,0,0,0,1,,
2026-03-22 17:01:39,33,19,19,0,"fit: 7, efit: 2",fit: 7,efit: 1,,,0,0,0,0,1,,
2026-03-22 17:01:55,33,19,19,0,"fit: 8, efit: 2",fit: 8,efit: 1,,,0,0,0,0,1,,
2026-03-22 17:06:40,33,19,19,0,"fit: 8, efit: 3","fit: 8, efit: 1",efit: 1,,,0,0,0,0,1,,
2026-03-22 17:09:47,33,19,19,0,"fit: 8, efit: 2",fit: 8,efit: 1,,,0,0,0,0,1,,
2026-03-22 17:16:42,33,19,19,0,"fit: 7, efit: 2",fit: 7,efit: 1,,,0,0,0,0,1,,
2026-03-22 17:49:54,33,19,19,0,"fit: 7, efit: 3","fit: 7, efit: 1",efit: 1,,,0,0,0,0,1,,
2026-03-22 17:54:55,33,19,19,0,"fit: 7, efit: 4","fit: 7, efit: 2",efit: 1,,,0,0,0,0,1,,
2026-03-22 18:26:53,33,19,19,0,"fit: 7, efit: 5","fit: 7, efit: 3",efit: 1,,,0,0,0,0,1,,
2026-03-22 18:45:05,33,19,19,0,"fit: 7, efit: 4","fit: 7, efit: 2",efit: 1,,,0,0,0,0,1,,
2026-03-22 19:00:08,33,19,19,0,"fit: 7, efit: 3","fit: 7, efit: 1",efit: 1,,,0,0,0,0,1,,
2026-03-22 20:25:24,33,19,19,0,"fit: 8, efit: 2",fit: 8,efit: 1,,,0,0,0,0,1,,
2026-03-22 20:35:26,33,19,19,0,"fit: 6, efit: 2",fit: 6,efit: 1,,,0,0,0,0,1,,
2026-03-22 21:17:22,33,19,19,0,"fit: 5, efit: 2",fit: 5,efit: 1,,,0,0,0,0,1,,
2026-03-22 21:17:33,33,19,19,0,"fit: 6, efit: 2",fit: 6,efit: 1,,,0,0,0,0,1,,
2026-03-22 21:20:35,33,19,19,0,"fit: 5, efit: 2",fit: 5,efit: 1,,,0,0,0,0,1,,
2026-03-22 21:25:36,33,19,19,0,"fit: 5, efit: 4","fit: 5, efit: 2",efit: 1,,,0,0,0,0,1,,
2026-03-22 21:30:37,33,19,19,0,"fit: 5, efit: 3","fit: 5, efit: 1",efit: 1,,,0,0,0,0,1,,
2026-03-22 21:50:41,33,19,19,0,"fit: 5, efit: 5","fit: 5, efit: 3",efit: 1,,,0,0,0,0,1,,
2026-03-22 22:07:30,33,19,19,0,"fit: 6, efit: 6","fit: 6, efit: 4",efit: 1,,,0,0,0,0,1,,
2026-03-22 22:10:45,33,19,19,0,"fit: 6, efit: 5","fit: 6, efit: 3",efit: 1,,,0,0,0,0,1,,
2026-03-23 00:01:05,33,19,19,0,"fit: 6, efit: 5","fit: 6, efit: 3",efit: 1,,,0,0,0,0,1,,
2026-03-23 00:07:50,33,19,19,0,"fit: 6, efit: 4","fit: 6, efit: 2",efit: 1,,,0,0,0,0,1,,
2026-03-23 04:41:58,33,19,19,0,"fit: 6, efit: 4","fit: 6, efit: 2",efit: 2,,,0,0,0,0,1,,
2026-03-23 05:12:03,33,19,19,0,"fit: 6, efit: 4","fit: 6, efit: 2",efit: 1,,,0,0,0,0,1,,
2026-03-23 06:07:14,33,19,19,0,"fit: 6, efit: 4","fit: 6, efit: 2",efit: 2,,,0,0,0,0,1,,
2026-03-23 06:27:17,33,19,19,0,"fit: 6, efit: 4","fit: 6, efit: 2",efit: 1,,,0,0,0,0,1,,
2026-03-23 07:37:31,33,19,19,0,"fit: 6, efit: 4","fit: 6, efit: 3",efit: 1,,,0,0,0,0,1,,
2026-03-23 08:32:44,33,19,19,0,"fit: 6, efit: 4","fit: 6, efit: 4",,,,0,0,0,0,1,,
2026-03-23 09:07:51,33,19,19,0,"fit: 7, efit: 4","fit: 7, efit: 4",,,,0,0,0,0,1,,
2026-03-23 09:09:07,33,19,19,0,"fit: 7, efit: 3","fit: 7, efit: 3",,,,0,0,0,0,1,,
2026-03-23 09:27:55,33,19,19,0,"fit: 8, efit: 3","fit: 8, efit: 3",,,,0,0,0,0,1,,
2026-03-23 09:32:56,33,19,19,0,"fit: 8, efit: 4","fit: 8, efit: 4",,,,0,0,0,0,1,,
2026-03-23 09:42:58,33,19,19,0,"fit: 9, efit: 4","fit: 9, efit: 4",,,,0,0,0,0,1,,
2026-03-23 09:53:00,33,19,19,0,"fit: 10, efit: 5","fit: 10, efit: 5",,,,0,0,0,0,1,,
2026-03-23 09:54:14,33,19,19,0,"fit: 10, efit: 5","fit: 10, efit: 4",,,,0,0,0,0,1,,
2026-03-23 10:03:02,33,19,19,0,"fit: 9, efit: 7","fit: 9, efit: 6",,,,0,0,0,0,1,,
2026-03-23 10:04:15,33,19,19,0,"fit: 7, efit: 7","fit: 7, efit: 6",,,,0,0,0,0,1,,
2026-03-23 10:04:20,33,19,19,0,"fit: 6, efit: 7","fit: 6, efit: 6",,,,0,0,0,0,1,,
2026-03-23 10:08:03,33,19,19,0,"fit: 2, efit: 7","fit: 2, efit: 6",,,,0,0,0,0,1,,
2026-03-23 10:13:04,33,19,19,0,"fit: 3, efit: 5","fit: 3, efit: 4",,,,0,0,0,0,1,,
2026-03-23 10:28:07,33,19,19,0,"fit: 4, efit: 7","fit: 4, efit: 6",,,,0,0,0,0,1,,
2026-03-23 10:39:21,33,19,19,0,"fit: 4, efit: 7","fit: 4, efit: 7",,,,0,0,0,0,1,,
2026-03-23 10:44:21,33,19,19,0,"fit: 4, efit: 8","fit: 4, efit: 8",,,,0,0,0,0,1,,
2026-03-23 10:53:12,33,19,19,0,"fit: 4, efit: 7","fit: 4, efit: 7",,,,0,0,0,0,1,,
2026-03-23 10:58:13,33,19,19,0,"fit: 4, efit: 5","fit: 4, efit: 5",,,,0,0,0,0,1,,
2026-03-23 11:08:15,33,19,19,0,"fit: 5, efit: 6","fit: 5, efit: 6",,,,0,0,0,0,1,,
2026-03-23 11:18:17,33,19,19,0,"fit: 5, efit: 6","fit: 5, efit: 5",,,,0,0,0,0,1,,
2026-03-23 11:28:19,33,19,19,0,"fit: 5, efit: 5","fit: 5, efit: 4",,,,0,0,0,0,1,,
2026-03-23 11:39:30,33,19,19,0,"fit: 5, efit: 5","fit: 5, efit: 5",,,,0,0,0,0,1,,
2026-03-23 11:53:24,33,19,19,0,"fit: 5, efit: 4","fit: 5, efit: 4",,,,0,0,0,0,1,,
2026-03-23 12:13:27,33,19,19,0,"fit: 5, efit: 5","fit: 5, efit: 5",,,,0,0,0,0,1,,
2026-03-23 12:38:32,33,19,19,0,"fit: 5, efit: 6","fit: 5, efit: 6",,,,0,0,0,0,1,,
2026-03-23 12:48:35,33,19,19,0,"fit: 5, efit: 5","fit: 5, efit: 5",,,,0,0,0,0,1,,
2026-03-23 12:53:35,33,19,19,0,"fit: 5, efit: 6","fit: 5, efit: 6",,,,0,0,0,0,1,,
2026-03-23 12:54:41,33,19,19,0,"fit: 6, efit: 6","fit: 6, efit: 6",,,,0,0,0,0,1,,
2026-03-23 13:03:37,33,19,19,0,"fit: 6, efit: 8","fit: 6, efit: 8",,,,0,0,0,0,1,,
2026-03-23 13:13:39,33,19,19,0,"fit: 7, efit: 8","fit: 7, efit: 8",,,,0,0,0,0,1,,
2026-03-23 13:29:46,33,19,19,0,"fit: 7, efit: 7","fit: 7, efit: 7",,,,0,0,0,0,1,,
2026-03-23 13:53:47,33,19,19,0,"fit: 7, efit: 4","fit: 7, efit: 4",,,,0,0,0,0,1,,
2026-03-23 13:58:48,33,19,19,0,"fit: 8, efit: 4","fit: 8, efit: 4",,,,0,0,0,0,1,,
2026-03-23 13:59:51,33,19,19,0,"fit: 8, efit: 3","fit: 8, efit: 3",,,,0,0,0,0,1,,
2026-03-23 14:03:49,33,19,19,0,"fit: 8, efit: 4","fit: 8, efit: 4",,,,0,0,0,0,1,,
2026-03-23 14:13:51,33,19,19,0,"fit: 8, efit: 6","fit: 8, efit: 6",,,,0,0,0,0,1,,
2026-03-23 14:38:56,33,19,19,0,"fit: 8, efit: 5","fit: 8, efit: 5",,,,0,0,0,0,1,,
2026-03-23 14:49:58,33,19,19,0,"fit: 8, efit: 4","fit: 8, efit: 4",,,,0,0,0,0,1,,
2026-03-23 14:53:59,33,19,19,0,"fit: 8, efit: 5","fit: 8, efit: 5",,,,0,0,0,0,1,,
2026-03-23 14:59:00,33,19,19,0,"fit: 8, efit: 6","fit: 8, efit: 6",,,,0,0,0,0,1,,
2026-03-23 15:05:01,33,19,19,0,"fit: 8, efit: 5","fit: 8, efit: 5",,,,0,0,0,0,1,,
2026-03-23 15:05:11,33,19,19,0,"fit: 8, efit: 6","fit: 8, efit: 6",,,,0,0,0,0,1,,
2026-03-23 15:10:12,33,19,19,0,"fit: 8, efit: 7","fit: 8, efit: 7",,,,0,0,0,0,1,,
2026-03-23 15:14:03,33,19,19,0,"fit: 8, efit: 8","fit: 8, efit: 8",,,,0,0,0,0,1,,
2026-03-23 15:19:04,33,19,19,0,"fit: 8, efit: 6","fit: 8, efit: 6",,,,0,0,0,0,1,,
2026-03-23 15:24:05,33,19,19,0,"fit: 8, efit: 5","fit: 8, efit: 5",,,,0,0,0,0,1,,
2026-03-23 15:29:06,33,19,19,0,"fit: 8, efit: 6","fit: 8, efit: 6",,,,0,0,0,0,1,,
2026-03-23 15:49:10,33,19,19,0,"fit: 8, efit: 7","fit: 8, efit: 7",,,,0,0,0,0,1,,
2026-03-23 15:59:12,33,19,19,0,"fit: 8, efit: 6","fit: 8, efit: 6",,,,0,0,0,0,1,,
2026-03-23 16:09:14,33,19,19,0,"fit: 8, efit: 7","fit: 8, efit: 7",,,,0,0,0,0,1,,
2026-03-23 16:14:15,33,19,19,0,"fit: 8, efit: 6","fit: 8, efit: 6",,,,0,0,0,0,1,,
2026-03-23 16:19:16,33,19,19,0,"fit: 8, efit: 5","fit: 8, efit: 5",,,,0,0,0,0,1,,
2026-03-23 16:20:13,33,19,19,0,"fit: 8, efit: 4","fit: 8, efit: 4",,,,0,0,0,0,1,,
2026-03-23 16:39:19,33,19,19,0,"fit: 8, efit: 3","fit: 8, efit: 3",,,,0,0,0,0,1,,
2026-03-23 16:44:20,33,19,19,0,"fit: 8, efit: 4","fit: 8, efit: 4",,,,0,0,0,0,1,,
2026-03-23 16:49:21,33,19,19,0,"fit: 9, efit: 4","fit: 9, efit: 4",,,,0,0,0,0,1,,
2026-03-23 17:09:25,33,19,19,0,"fit: 9, efit: 3","fit: 9, efit: 3",,,,0,0,0,0,1,,
2026-03-23 17:19:27,33,19,19,0,"fit: 9, efit: 2","fit: 9, efit: 2",,,,0,0,0,0,1,,
2026-03-23 17:39:31,33,19,19,0,"fit: 9, efit: 1","fit: 9, efit: 1",,,,0,0,0,0,1,,
2026-03-23 17:44:32,33,19,19,0,fit: 9,fit: 9,,,,0,0,0,0,1,,
2026-03-23 17:45:25,33,19,19,0,"fit: 8, efit: 1","fit: 8, efit: 1",,,,0,0,0,0,1,,
2026-03-23 17:49:33,33,19,19,0,fit: 8,fit: 8,,,,0,0,0,0,1,,
2026-03-23 17:59:35,33,19,19,0,"fit: 7, efit: 2","fit: 7, efit: 2",,,,0,0,0,0,1,,
2026-03-23 18:00:28,33,19,19,0,"fit: 7, efit: 1","fit: 7, efit: 1",,,,0,0,0,0,1,,
2026-03-23 18:10:29,33,19,19,0,fit: 7,fit: 7,,,,0,0,0,0,1,,
2026-03-23 18:24:40,33,19,19,0,fit: 8,fit: 8,,,,0,0,0,0,1,,
2026-03-23 18:44:43,33,19,19,0,fit: 7,fit: 7,,,,0,0,0,0,1,,
2026-03-23 18:49:44,33,19,19,0,"fit: 7, efit: 1","fit: 7, efit: 1",,,,0,0,0,0,1,,
2026-03-23 19:05:38,33,19,19,0,"fit: 7, efit: 2","fit: 7, efit: 2",,,,0,0,0,0,1,,
2026-03-23 19:05:52,33,19,19,0,"fit: 7, efit: 3","fit: 7, efit: 3",,,,0,0,0,0,1,,
2026-03-23 19:09:48,33,19,19,0,"fit: 7, efit: 4","fit: 7, efit: 4",,,,0,0,0,0,1,,
2026-03-23 19:14:49,33,19,19,0,"fit: 7, efit: 3","fit: 7, efit: 3",,,,0,0,0,0,1,,
2026-03-23 19:19:50,33,19,19,0,"fit: 7, efit: 4","fit: 7, efit: 4",,,,0,0,0,0,1,,
2026-03-23 19:24:51,33,19,19,0,"fit: 7, efit: 2","fit: 7, efit: 2",,,,0,0,0,0,1,,
2026-03-23 19:44:55,33,19,19,0,fit: 7,fit: 7,,,,0,0,0,0,1,,
2026-03-23 19:51:00,33,19,19,0,fit: 6,fit: 6,,,,0,0,0,0,1,,
2026-03-23 20:05:46,33,19,19,0,fit: 5,fit: 5,,,,0,0,0,0,1,,
2026-03-23 21:16:14,33,19,19,0,fit: 4,fit: 4,,,,0,0,0,0,1,,
2026-03-23 21:35:17,33,19,19,0,fit: 2,fit: 2,,,,0,0,0,0,1,,
2026-03-23 23:50:43,33,19,19,0,fit: 1,fit: 1,,,,0,0,0,0,1,,
2026-03-24 00:00:45,33,19,19,0,fit: 1,fit: 1,,,,0,0,0,0,1,,
2026-03-24 03:36:26,33,19,19,0,,,,,,0,0,0,0,1,,
2026-03-24 07:57:16,33,19,19,0,efit: 1,efit: 1,,,,0,0,0,0,1,,
2026-03-24 08:17:20,33,19,19,0,efit: 2,efit: 2,,,,0,0,0,0,1,,
2026-03-24 08:22:21,33,19,19,0,efit: 5,efit: 2,,,,0,0,0,0,1,,
2026-03-24 08:23:04,33,19,19,0,efit: 6,efit: 3,,,,0,0,0,0,1,,
2026-03-24 08:32:23,33,19,19,0,efit: 7,efit: 4,,,,0,0,0,0,1,,
2026-03-24 08:37:24,33,19,19,0,efit: 8,efit: 5,,,,0,0,0,0,1,,
2026-03-24 08:52:26,33,19,19,0,efit: 9,efit: 6,,,,0,0,0,0,1,,
2026-03-24 09:02:28,33,19,19,0,efit: 10,efit: 7,,,,0,0,0,0,1,,
2026-03-24 09:17:31,33,19,19,0,efit: 11,efit: 8,,,,0,0,0,0,1,,
2026-03-24 09:22:32,33,19,19,0,efit: 14,efit: 11,,,,0,0,0,0,1,,
2026-03-24 09:27:33,33,19,19,0,"fit: 1, efit: 8","fit: 1, efit: 5",,,,0,0,0,0,1,,
2026-03-24 09:32:34,33,19,19,0,"fit: 3, efit: 9","fit: 3, efit: 6",,,,0,0,0,0,1,,
2026-03-24 09:42:36,33,19,19,0,"fit: 3, efit: 8","fit: 3, efit: 5",,,,0,0,0,0,1,,
2026-03-24 09:52:38,33,19,19,0,"fit: 4, efit: 8","fit: 4, efit: 5",,,,0,0,0,0,1,,
2026-03-24 09:57:39,33,19,19,0,"fit: 5, efit: 9","fit: 5, efit: 6",,,,0,0,0,0,1,,
2026-03-24 10:17:43,33,19,19,0,"fit: 5, efit: 10","fit: 5, efit: 7",,,,0,0,0,0,1,,
2026-03-24 10:37:47,33,19,19,0,"fit: 5, efit: 9","fit: 5, efit: 6",,,,0,0,0,0,1,,
2026-03-24 10:52:50,33,19,19,0,"fit: 5, efit: 9","fit: 5, efit: 7",,,,0,0,0,0,1,,
2026-03-24 10:55:44,33,19,19,0,"fit: 5, efit: 7","fit: 5, efit: 5",,,,0,0,0,0,1,,
2026-03-24 11:05:46,33,19,19,0,"fit: 6, efit: 8","fit: 6, efit: 6",,,,0,0,0,0,1,,
2026-03-24 11:06:28,33,19,19,0,"fit: 7, efit: 8","fit: 7, efit: 6",,,,0,0,0,0,1,,
2026-03-24 11:21:31,33,19,19,0,"fit: 7, efit: 8","fit: 7, efit: 7",,,,0,0,0,0,1,,
2026-03-24 11:35:51,33,19,19,0,"fit: 7, efit: 4","fit: 7, efit: 3",,,,0,0,0,0,1,,
2026-03-24 11:50:53,33,19,19,0,"fit: 7, efit: 5","fit: 7, efit: 4",,,,0,0,0,0,1,,
2026-03-24 12:10:57,33,19,19,0,"fit: 7, efit: 6","fit: 7, efit: 5",,,,0,0,0,0,1,,
2026-03-24 12:15:58,33,19,19,0,"fit: 7, efit: 5","fit: 7, efit: 4",,,,0,0,0,0,1,,
2026-03-24 12:20:59,33,19,19,0,"fit: 7, efit: 6","fit: 7, efit: 5",,,,0,0,0,0,1,,
2026-03-24 12:25:59,33,19,19,0,"fit: 7, efit: 6","fit: 7, efit: 6",,,,0,0,0,0,1,,
2026-03-24 12:31:01,33,19,19,0,"fit: 8, efit: 6","fit: 8, efit: 6",,,,0,0,0,0,1,,
2026-03-24 12:36:01,33,19,19,0,"fit: 8, efit: 5","fit: 8, efit: 5",,,,0,0,0,0,1,,
2026-03-24 12:36:29,33,19,19,0,"fit: 9, efit: 6","fit: 8, efit: 6",fit: 1,,,0,0,0,0,1,,
2026-03-24 12:36:47,33,19,19,0,"fit: 9, efit: 5","fit: 8, efit: 5",fit: 1,,,0,0,0,0,1,,
2026-03-24 12:46:03,33,19,19,0,"fit: 9, efit: 6","fit: 8, efit: 6",fit: 1,,,0,0,0,0,1,,
2026-03-24 12:51:04,33,19,19,0,"fit: 9, efit: 7","fit: 8, efit: 7",fit: 1,,,0,0,0,0,1,,
2026-03-24 13:01:06,33,19,19,0,"fit: 9, efit: 8","fit: 8, efit: 8",fit: 1,,,0,0,0,0,1,,
2026-03-24 13:06:07,33,19,19,0,"fit: 9, efit: 9","fit: 8, efit: 9",fit: 1,,,0,0,0,0,1,,
2026-03-24 13:11:07,33,19,19,0,"fit: 9, efit: 8","fit: 8, efit: 8",fit: 1,,,0,0,0,0,1,,
2026-03-24 13:21:09,33,19,19,0,"fit: 9, efit: 7","fit: 8, efit: 7",fit: 1,,,0,0,0,0,1,,
2026-03-24 13:21:36,33,19,19,0,"fit: 9, efit: 8","fit: 8, efit: 8",fit: 1,,,0,0,0,0,1,,
2026-03-24 13:41:13,33,19,19,0,"fit: 9, efit: 9","fit: 8, efit: 9",fit: 1,,,0,0,0,0,1,,
2026-03-24 13:51:14,33,19,19,0,"fit: 9, efit: 8","fit: 8, efit: 8",fit: 1,,,0,0,0,0,1,,
2026-03-24 13:51:40,33,19,19,0,"fit: 9, efit: 6","fit: 8, efit: 6",fit: 1,,,0,0,0,0,1,,
2026-03-24 13:52:02,33,19,19,0,"fit: 9, efit: 5","fit: 8, efit: 5",fit: 1,,,0,0,0,0,1,,
2026-03-24 13:56:15,33,19,19,0,"fit: 9, efit: 7","fit: 8, efit: 7",fit: 1,,,0,0,0,0,1,,
2026-03-24 14:06:17,33,19,19,0,"fit: 9, efit: 8","fit: 8, efit: 8",fit: 1,,,0,0,0,0,1,,
2026-03-24 14:11:18,33,19,19,0,"fit: 9, efit: 7","fit: 8, efit: 7",fit: 1,,,0,0,0,0,1,,
2026-03-24 14:21:20,33,19,19,0,"fit: 9, efit: 5","fit: 8, efit: 5",fit: 1,,,0,0,0,0,1,,
2026-03-24 14:41:23,33,19,19,0,"fit: 9, efit: 4","fit: 8, efit: 4",fit: 1,,,0,0,0,0,1,,
2026-03-24 14:52:15,33,19,19,0,"fit: 9, efit: 3","fit: 8, efit: 3",fit: 1,,,0,0,0,0,1,,
2026-03-24 15:01:27,33,19,19,0,"fit: 9, efit: 2","fit: 8, efit: 2",fit: 1,,,0,0,0,0,1,,
2026-03-24 15:06:27,33,19,19,0,"fit: 9, efit: 3","fit: 8, efit: 3",fit: 1,,,0,0,0,0,1,,
2026-03-24 15:16:29,33,19,19,0,"fit: 9, efit: 2","fit: 8, efit: 2",fit: 1,,,0,0,0,0,1,,
2026-03-24 15:21:30,33,19,19,0,"fit: 9, efit: 3","fit: 8, efit: 3",fit: 1,,,0,0,0,0,1,,
2026-03-24 15:46:35,33,19,19,0,"fit: 9, efit: 1","fit: 8, efit: 1",fit: 1,,,0,0,0,0,1,,
2026-03-24 15:51:36,33,19,19,0,fit: 9,fit: 8,fit: 1,,,0,0,0,0,1,,
2026-03-24 16:01:37,33,19,19,0,"fit: 9, efit: 1","fit: 8, efit: 1",fit: 1,,,0,0,0,0,1,,
2026-03-24 16:07:30,33,19,19,0,"fit: 9, efit: 2","fit: 8, efit: 1","fit: 1, efit: 1",,,0,0,0,0,1,,
2026-03-24 16:11:39,33,19,19,0,"fit: 9, efit: 3","fit: 8, efit: 2","fit: 1, efit: 1",,,0,0,0,0,1,,
2026-03-24 16:12:31,33,19,19,0,"fit: 9, efit: 4","fit: 8, efit: 3","fit: 1, efit: 1",,,0,0,0,0,1,,
2026-03-24 16:16:40,33,19,19,0,"fit: 9, efit: 3","fit: 8, efit: 2","fit: 1, efit: 1",,,0,0,0,0,1,,
2026-03-24 16:36:44,33,19,19,0,"fit: 9, efit: 2","fit: 8, efit: 1","fit: 1, efit: 1",,,0,0,0,0,1,,
2026-03-24 16:37:06,33,19,19,0,"fit: 9, efit: 1",fit: 8,"fit: 1, efit: 1",,,0,0,0,0,1,,
2026-03-24 16:56:47,33,19,19,0,"fit: 9, efit: 3","fit: 8, efit: 2","fit: 1, efit: 1",,,0,0,0,0,1,,
2026-03-24 17:02:41,33,19,19,0,"fit: 9, efit: 2","fit: 8, efit: 1","fit: 1, efit: 1",,,0,0,0,0,1,,
2026-03-24 17:07:11,33,19,19,0,"fit: 9, efit: 3","fit: 8, efit: 2","fit: 1, efit: 1",,,0,0,0,0,1,,
2026-03-24 17:11:50,33,19,19,0,"fit: 9, efit: 2","fit: 8, efit: 1","fit: 1, efit: 1",,,0,0,0,0,1,,
2026-03-24 17:12:11,33,19,19,0,"fit: 9, efit: 1",fit: 8,"fit: 1, efit: 1",,,0,0,0,0,1,,
2026-03-24 17:16:51,33,19,19,0,"fit: 7, efit: 1",fit: 6,"fit: 1, efit: 1",,,0,0,0,0,1,,
2026-03-24 17:21:52,33,19,19,0,"fit: 6, efit: 1",fit: 5,"fit: 1, efit: 1",,,0,0,0,0,1,,
2026-03-24 17:26:52,33,19,19,0,"fit: 6, efit: 2","fit: 5, efit: 1","fit: 1, efit: 1",,,0,0,0,0,1,,
2026-03-24 17:31:53,33,19,19,0,"fit: 6, efit: 3","fit: 5, efit: 2","fit: 1, efit: 1",,,0,0,0,0,1,,
2026-03-24 17:36:54,33,19,19,0,"fit: 7, efit: 2","fit: 6, efit: 1","fit: 1, efit: 1",,,0,0,0,0,1,,
2026-03-24 17:41:55,33,19,19,0,"fit: 8, efit: 1",fit: 7,"fit: 1, efit: 1",,,0,0,0,0,1,,
2026-03-24 17:46:56,33,19,19,0,"fit: 8, efit: 2","fit: 7, efit: 1","fit: 1, efit: 1",,,0,0,0,0,1,,
2026-03-24 18:17:01,33,19,19,0,"fit: 8, efit: 1",fit: 7,"fit: 1, efit: 1",,,0,0,0,0,1,,
2026-03-24 18:22:02,33,19,19,0,"fit: 7, efit: 1",fit: 6,"fit: 1, efit: 1",,,0,0,0,0,1,,
2026-03-24 18:27:58,33,19,19,0,"fit: 6, efit: 1",fit: 5,"fit: 1, efit: 1",,,0,0,0,0,1,,
2026-03-24 18:32:04,33,19,19,0,"fit: 5, efit: 1",fit: 4,"fit: 1, efit: 1",,,0,0,0,0,1,,
2026-03-24 18:42:05,33,19,19,0,"fit: 5, efit: 3","fit: 4, efit: 2","fit: 1, efit: 1",,,0,0,0,0,1,,
2026-03-24 18:52:07,33,19,19,0,"fit: 5, efit: 2","fit: 4, efit: 1","fit: 1, efit: 1",,,0,0,0,0,1,,
2026-03-24 19:02:28,33,19,19,0,"fit: 5, efit: 1",fit: 4,"fit: 1, efit: 1",,,0,0,0,0,1,,
2026-03-24 19:12:11,33,19,19,0,"fit: 4, efit: 2","fit: 3, efit: 1","fit: 1, efit: 1",,,0,0,0,0,1,,
2026-03-24 19:32:14,33,19,19,0,"fit: 4, efit: 3","fit: 3, efit: 2","fit: 1, efit: 1",,,0,0,0,0,1,,
2026-03-24 19:37:15,33,19,19,0,"fit: 4, efit: 2","fit: 3, efit: 1","fit: 1, efit: 1",,,0,0,0,0,1,,
2026-03-24 19:42:16,33,19,19,0,"fit: 4, efit: 1",fit: 3,"fit: 1, efit: 1",,,0,0,0,0,1,,
2026-03-24 19:42:34,33,19,19,0,"fit: 3, efit: 1",fit: 2,"fit: 1, efit: 1",,,0,0,0,0,1,,
2026-03-24 19:47:16,33,19,19,0,"fit: 2, efit: 1",fit: 1,"fit: 1, efit: 1",,,0,0,0,0,1,,
2026-03-24 19:52:17,33,19,19,0,"fit: 3, efit: 4","fit: 2, efit: 3","fit: 1, efit: 1",,,0,0,0,0,1,,
2026-03-24 20:02:19,33,19,19,0,"fit: 3, efit: 3","fit: 2, efit: 2","fit: 1, efit: 1",,,0,0,0,0,1,,
2026-03-24 20:12:21,33,19,19,0,"fit: 3, efit: 2","fit: 2, efit: 1","fit: 1, efit: 1",,,0,0,0,0,1,,
2026-03-24 20:22:22,33,19,19,0,"fit: 3, efit: 1",fit: 2,"fit: 1, efit: 1",,,0,0,0,0,1,,
2026-03-24 20:42:26,33,19,19,0,"fit: 2, efit: 1",fit: 1,"fit: 1, efit: 1",,,0,0,0,0,1,,
2026-03-24 21:02:29,33,19,19,0,"fit: 3, efit: 1",fit: 2,"fit: 1, efit: 1",,,0,0,0,0,1,,
2026-03-24 21:02:45,33,19,19,0,"fit: 2, efit: 1",fit: 1,"fit: 1, efit: 1",,,0,0,0,0,1,,
2026-03-24 21:07:30,33,19,19,0,"fit: 1, efit: 1",,"fit: 1, efit: 1",,,0,0,0,0,1,,
2026-03-24 22:27:58,33,19,19,0,"fit: 1, efit: 2",efit: 1,"fit: 1, efit: 1",,,0,0,0,0,1,,
2026-03-24 22:28:45,33,19,19,0,"fit: 1, efit: 1",,"fit: 1, efit: 1",,,0,0,0,0,1,,
2026-03-24 22:32:44,33,19,19,0,"fit: 1, efit: 2",efit: 1,"fit: 1, efit: 1",,,0,0,0,0,1,,
2026-03-24 22:33:46,33,19,19,0,"fit: 1, efit: 1",,"fit: 1, efit: 1",,,0,0,0,0,1,,
2026-03-24 22:47:47,33,19,19,0,"fit: 2, efit: 1",fit: 1,"fit: 1, efit: 1",,,0,0,0,0,1,,
2026-03-24 23:02:49,33,19,19,0,"fit: 2, efit: 3","fit: 1, efit: 2","fit: 1, efit: 1",,,0,0,0,0,1,,
2026-03-25 00:00:14,33,19,19,0,"fit: 2, efit: 3","fit: 1, efit: 2","fit: 1, efit: 1",,,0,0,0,0,1,,
2026-03-25 01:40:29,33,19,19,0,"fit: 2, efit: 2","fit: 1, efit: 1","fit: 1, efit: 1",,,0,0,0,0,1,,
2026-03-25 01:40:46,33,19,19,0,"fit: 2, efit: 3","fit: 1, efit: 2","fit: 1, efit: 1",,,0,0,0,0,1,,
2026-03-25 01:45:30,33,19,19,0,"fit: 2, efit: 1",fit: 1,"fit: 1, efit: 1",,,0,0,0,0,1,,
2026-03-25 04:40:56,33,19,19,0,"fit: 2, efit: 2","fit: 1, efit: 1","fit: 1, efit: 1",,,0,0,0,0,1,,
2026-03-25 08:22:20,33,19,19,0,"fit: 2, efit: 3","fit: 1, efit: 2","fit: 1, efit: 1",,,0,0,0,0,1,,
2026-03-25 08:46:32,33,19,19,0,"fit: 2, efit: 3","fit: 2, efit: 3",,,,0,0,0,0,1,,
2026-03-25 08:47:25,33,19,19,0,"fit: 2, efit: 4","fit: 2, efit: 4",,,,0,0,0,0,1,,
2026-03-25 08:52:00,33,19,19,0,"fit: 3, efit: 4","fit: 3, efit: 4",,,,0,0,0,0,1,,
2026-03-25 08:56:34,33,19,19,0,"fit: 4, efit: 4","fit: 4, efit: 4",,,,0,0,0,0,1,,
2026-03-25 09:27:33,33,19,19,0,"fit: 4, efit: 5","fit: 4, efit: 5",,,,0,0,0,0,1,,
2026-03-25 09:56:43,33,19,19,0,"fit: 4, efit: 6","fit: 4, efit: 6",,,,0,0,0,0,1,,
2026-03-25 10:21:47,33,19,19,0,"fit: 5, efit: 6","fit: 5, efit: 6",,,,0,0,0,0,1,,
2026-03-25 10:32:46,33,19,19,0,"fit: 5, efit: 7","fit: 5, efit: 7",,,,0,0,0,0,1,,
2026-03-25 10:37:19,33,19,19,0,"fit: 6, efit: 7","fit: 6, efit: 7",,,,0,0,0,0,1,,
2026-03-25 10:51:51,33,19,19,0,"fit: 6, efit: 8","fit: 6, efit: 8",,,,0,0,0,0,1,,
2026-03-25 10:56:52,33,19,19,0,"fit: 2, efit: 10","fit: 2, efit: 9",,,,0,0,0,0,1,,
2026-03-25 10:57:22,33,19,19,0,"fit: 1, efit: 10","fit: 1, efit: 9",,,,0,0,0,0,1,,
2026-03-25 10:57:51,33,19,19,0,efit: 10,efit: 9,,,,0,0,0,0,1,,
2026-03-25 11:01:53,33,19,19,0,efit: 12,efit: 11,,,,0,0,0,0,1,,
2026-03-25 11:06:54,33,19,19,0,efit: 12,efit: 12,,,,0,0,0,0,1,,
2026-03-25 11:11:54,33,19,19,0,efit: 13,efit: 13,,,,0,0,0,0,1,,
2026-03-25 11:21:56,33,19,19,0,efit: 12,efit: 12,,,,0,0,0,0,1,,
2026-03-25 11:41:59,33,19,19,0,efit: 11,efit: 11,,,,0,0,0,0,1,,
2026-03-25 11:57:01,33,19,19,0,efit: 10,efit: 10,,,,0,0,0,0,1,,
2026-03-25 12:02:02,33,19,19,0,efit: 9,efit: 9,,,,0,0,0,0,1,,
2026-03-25 12:12:35,33,19,19,0,efit: 10,efit: 10,,,,0,0,0,0,1,,
2026-03-25 12:27:06,33,19,19,0,efit: 11,efit: 11,,,,0,0,0,0,1,,
2026-03-25 12:33:10,33,19,19,0,efit: 12,efit: 12,,,,0,0,0,0,1,,
2026-03-25 12:42:08,33,19,19,0,efit: 11,efit: 11,,,,0,0,0,0,1,,
2026-03-25 12:43:12,33,19,19,0,efit: 12,efit: 11,,,,0,0,0,0,1,,
2026-03-25 12:47:09,33,19,19,0,efit: 13,efit: 12,,,,0,0,0,0,1,,
2026-03-25 12:52:09,33,19,19,0,efit: 14,efit: 13,,,,0,0,0,0,1,,
2026-03-25 12:52:42,33,19,19,0,efit: 13,efit: 12,,,,0,0,0,0,1,,
2026-03-25 13:02:11,33,19,19,0,efit: 15,efit: 14,,,,0,0,0,0,1,,
2026-03-25 13:02:44,33,19,19,0,efit: 16,efit: 15,,,,0,0,0,0,1,,
2026-03-25 13:22:47,33,19,19,0,efit: 15,efit: 14,,,,0,0,0,0,1,,
2026-03-25 13:32:16,33,19,19,0,"fit: 1, efit: 15","fit: 1, efit: 14",,,,0,0,0,0,1,,
2026-03-25 13:37:16,33,19,19,0,"fit: 1, efit: 14","fit: 1, efit: 14",,,,0,0,0,0,1,,
2026-03-25 13:52:19,33,19,19,0,"fit: 1, efit: 12","fit: 1, efit: 12",,,,0,0,0,0,1,,
2026-03-25 13:57:20,33,19,19,0,"fit: 1, efit: 9","fit: 1, efit: 9",,,,0,0,0,0,1,,
2026-03-25 14:07:21,33,19,19,0,"fit: 1, efit: 8","fit: 1, efit: 8",,,,0,0,0,0,1,,
2026-03-25 14:17:23,33,19,19,0,"fit: 1, efit: 7","fit: 1, efit: 7",,,,0,0,0,0,1,,
2026-03-25 14:22:24,33,19,19,0,"fit: 1, efit: 6","fit: 1, efit: 6",,,,0,0,0,0,1,,
2026-03-25 14:27:24,33,19,19,0,"fit: 4, efit: 5","fit: 4, efit: 5",,,,0,0,0,0,1,,
2026-03-25 14:32:25,33,19,19,0,"fit: 4, efit: 4","fit: 4, efit: 4",,,,0,0,0,0,1,,
2026-03-25 14:37:26,33,19,19,0,"fit: 4, efit: 3","fit: 4, efit: 3",,,,0,0,0,0,1,,
2026-03-25 14:42:27,33,19,19,0,"fit: 5, efit: 3","fit: 5, efit: 3",,,,0,0,0,0,1,,
2026-03-25 14:48:02,33,19,19,0,"fit: 5, efit: 4","fit: 5, efit: 4",,,,0,0,0,0,1,,
2026-03-25 14:57:29,33,19,19,0,"fit: 5, efit: 3","fit: 5, efit: 3",,,,0,0,0,0,1,,
2026-03-25 14:58:04,33,19,19,0,"fit: 5, efit: 2","fit: 5, efit: 2",,,,0,0,0,0,1,,
2026-03-25 15:02:30,33,19,19,0,"fit: 5, efit: 3","fit: 5, efit: 3",,,,0,0,0,0,1,,
2026-03-25 15:03:05,33,19,19,0,"fit: 5, efit: 2","fit: 5, efit: 2",,,,0,0,0,0,1,,
2026-03-25 15:03:39,33,19,19,0,"fit: 5, efit: 1","fit: 5, efit: 1",,,,0,0,0,0,1,,
2026-03-25 15:12:31,33,19,19,0,"fit: 5, efit: 2","fit: 5, efit: 2",,,,0,0,0,0,1,,
2026-03-25 15:13:41,33,19,19,0,"fit: 5, efit: 3","fit: 5, efit: 3",,,,0,0,0,0,1,,
2026-03-25 15:17:32,33,19,19,0,"fit: 5, efit: 4","fit: 5, efit: 4",,,,0,0,0,0,1,,
2026-03-25 15:22:33,33,19,19,0,"fit: 5, efit: 5","fit: 5, efit: 5",,,,0,0,0,0,1,,
2026-03-25 15:23:43,33,19,19,0,"fit: 5, efit: 6","fit: 5, efit: 6",,,,0,0,0,0,1,,
2026-03-25 15:27:34,33,19,19,0,"fit: 5, efit: 7","fit: 5, efit: 7",,,,0,0,0,0,1,,
2026-03-25 15:33:45,33,19,19,0,"fit: 5, efit: 6","fit: 5, efit: 6",,,,0,0,0,0,1,,
2026-03-25 15:43:47,33,19,19,0,"fit: 5, efit: 5","fit: 5, efit: 5",,,,0,0,0,0,1,,
2026-03-25 15:53:14,33,19,19,0,"fit: 5, efit: 4","fit: 5, efit: 4",,,,0,0,0,0,1,,
2026-03-25 15:57:38,33,19,19,0,"fit: 5, efit: 2","fit: 5, efit: 2",,,,0,0,0,0,1,,
2026-03-25 16:02:39,33,19,19,0,"fit: 5, efit: 1","fit: 5, efit: 1",,,,0,0,0,0,1,,
2026-03-25 16:07:40,33,19,19,0,"fit: 3, efit: 1","fit: 3, efit: 1",,,,0,0,0,0,1,,
2026-03-25 16:12:41,33,19,19,0,"fit: 3, efit: 2","fit: 3, efit: 2",,,,0,0,0,0,1,,
2026-03-25 16:23:55,33,19,19,0,fit: 3,fit: 3,,,,0,0,0,0,1,,
2026-03-25 16:43:22,33,19,19,0,"fit: 3, efit: 1","fit: 3, efit: 1",,,,0,0,0,0,1,,
2026-03-25 16:43:59,33,19,19,0,"fit: 3, efit: 2","fit: 3, efit: 2",,,,0,0,0,0,1,,
2026-03-25 16:47:46,33,19,19,0,"fit: 3, efit: 1","fit: 3, efit: 1",,,,0,0,0,0,1,,
2026-03-25 16:52:47,33,19,19,0,fit: 1,fit: 1,,,,0,0,0,0,1,,
2026-03-25 17:03:26,33,19,19,0,"fit: 1, efit: 1","fit: 1, efit: 1",,,,0,0,0,0,1,,
2026-03-25 17:04:03,33,19,19,0,"fit: 1, efit: 2","fit: 1, efit: 2",,,,0,0,0,0,1,,
2026-03-25 17:22:52,33,19,19,0,"fit: 1, efit: 3","fit: 1, efit: 3",,,,0,0,0,0,1,,
2026-03-25 17:27:53,33,19,19,0,fit: 1,fit: 1,,,,0,0,0,0,1,,
2026-03-25 17:38:32,33,19,19,0,"fit: 1, efit: 1","fit: 1, efit: 1",,,,0,0,0,0,1,,
2026-03-25 17:43:33,33,19,19,0,"fit: 3, efit: 1","fit: 3, efit: 1",,,,0,0,0,0,1,,
2026-03-25 17:49:12,33,19,19,0,"fit: 2, efit: 1","fit: 2, efit: 1",,,,0,0,0,0,1,,
2026-03-25 17:52:56,33,19,19,0,fit: 2,fit: 2,,,,0,0,0,0,1,,
2026-03-25 17:57:57,33,19,19,0,fit: 1,fit: 1,,,,0,0,0,0,1,,
2026-03-25 18:12:59,33,19,19,0,efit: 1,efit: 1,,,,0,0,0,0,1,,
2026-03-25 18:18:00,33,19,19,0,,,,,,0,0,0,0,1,,
2026-03-25 18:23:01,33,19,19,0,efit: 2,efit: 2,,,,0,0,0,0,1,,
2026-03-25 18:28:02,33,19,19,0,,,,,,0,0,0,0,1,,
2026-03-25 18:34:21,33,19,19,0,"fit: 2, efit: 1","fit: 2, efit: 1",,,,0,0,0,0,1,,
2026-03-25 18:38:03,33,19,19,0,fit: 3,fit: 3,,,,0,0,0,0,1,,
2026-03-25 18:43:04,33,19,19,0,fit: 1,fit: 1,,,,0,0,0,0,1,,
2026-03-25 18:44:23,33,19,19,0,"fit: 1, efit: 1","fit: 1, efit: 1",,,,0,0,0,0,1,,
2026-03-25 18:48:05,33,19,19,0,,,,,,0,0,0,0,1,,
2026-03-25 18:53:06,33,19,19,0,efit: 2,efit: 2,,,,0,0,0,0,1,,
2026-03-25 18:59:26,33,19,19,0,"fit: 1, efit: 2","fit: 1, efit: 2",,,,0,0,0,0,1,,
2026-03-25 19:03:07,33,19,19,0,"fit: 2, efit: 2","fit: 2, efit: 2",,,,0,0,0,0,1,,
2026-03-25 19:03:47,33,19,19,0,"fit: 2, efit: 1","fit: 2, efit: 1",,,,0,0,0,0,1,,
2026-03-25 19:04:27,33,19,19,0,"fit: 3, efit: 1","fit: 3, efit: 1",,,,0,0,0,0,1,,
2026-03-25 19:08:08,33,19,19,0,fit: 3,fit: 3,,,,0,0,0,0,1,,
2026-03-25 19:13:09,33,19,19,0,"fit: 7, efit: 1","fit: 7, efit: 1",,,,0,0,0,0,1,,
2026-03-25 19:14:29,33,19,19,0,fit: 7,fit: 7,,,,0,0,0,0,1,,
2026-03-25 19:18:10,33,19,19,0,fit: 5,fit: 5,,,,0,0,0,0,1,,
2026-03-25 19:24:31,33,19,19,0,fit: 4,fit: 4,,,,0,0,0,0,1,,
2026-03-25 19:28:11,33,19,19,0,fit: 3,fit: 3,,,,0,0,0,0,1,,
2026-03-25 19:33:12,33,19,19,0,fit: 4,fit: 4,,,,0,0,0,0,1,,
2026-03-25 19:38:12,33,19,19,0,fit: 3,fit: 3,,,,0,0,0,0,1,,
2026-03-25 19:43:54,33,19,19,0,fit: 2,fit: 2,,,,0,0,0,0,1,,
2026-03-25 19:48:14,33,19,19,0,fit: 1,fit: 1,,,,0,0,0,0,1,,
2026-03-25 19:58:15,33,19,19,0,fit: 2,fit: 2,,,,0,0,0,0,1,,
2026-03-25 20:04:39,33,19,19,0,fit: 1,fit: 1,,,,0,0,0,0,1,,
2026-03-25 21:09:09,33,19,19,0,,,,,,0,0,0,0,1,,
2026-03-25 21:18:27,33,19,19,0,efit: 3,efit: 3,,,,0,0,0,0,1,,
2026-03-25 21:23:28,33,19,19,0,efit: 2,efit: 2,,,,0,0,0,0,1,,
2026-03-25 21:48:31,33,19,19,0,"fit: 1, efit: 2","fit: 1, efit: 2",,,,0,0,0,0,1,,
2026-03-25 22:03:34,33,19,19,0,"fit: 1, efit: 3","fit: 1, efit: 3",,,,0,0,0,0,1,,
2026-03-25 22:13:35,33,19,19,0,"fit: 1, efit: 4","fit: 1, efit: 4",,,,0,0,0,0,1,,
2026-03-25 22:18:36,33,19,19,0,"fit: 1, efit: 1","fit: 1, efit: 1",,,,0,0,0,0,1,,
2026-03-25 22:20:06,33,19,19,0,fit: 1,fit: 1,,,,0,0,0,0,1,,
2026-03-25 23:09:29,33,19,19,0,"fit: 1, efit: 1","fit: 1, efit: 1",,,,0,0,0,0,1,,
2026-03-25 23:54:36,33,19,19,0,fit: 1,fit: 1,,,,0,0,0,0,1,,
2026-03-26 00:00:26,33,19,19,0,,,,,,0,0,0,0,1,,
2026-03-26 01:29:04,33,19,19,0,efit: 1,efit: 1,,,,0,0,0,0,1,,
2026-03-26 01:39:05,33,19,19,0,,,,,,0,0,0,0,1,,
2026-03-26 01:54:07,33,19,19,0,efit: 1,efit: 1,,,,0,0,0,0,1,,
2026-03-26 04:06:14,33,19,19,0,efit: 2,efit: 2,,,,0,0,0,0,1,,
2026-03-26 04:09:27,33,19,19,0,efit: 1,efit: 1,,,,0,0,0,0,1,,
2026-03-26 07:55:57,33,19,19,0,,,,,,0,0,0,0,1,,
2026-03-26 09:30:15,33,19,19,0,fit: 1,fit: 1,,,,0,0,0,0,1,,
2026-03-26 10:05:20,33,19,19,0,"fit: 1, efit: 1","fit: 1, efit: 1",,,,0,0,0,0,1,,
2026-03-26 10:06:20,33,19,19,0,"fit: 1, efit: 2","fit: 1, efit: 2",,,,0,0,0,0,1,,
2026-03-26 10:10:21,33,19,19,0,"fit: 2, efit: 2","fit: 2, efit: 2",,,,0,0,0,0,1,,
2026-03-26 10:17:26,33,19,19,0,"fit: 3, efit: 2","fit: 3, efit: 2",,,,0,0,0,0,1,,
2026-03-26 10:21:22,33,19,19,0,"fit: 3, efit: 3","fit: 3, efit: 3",,,,0,0,0,0,1,,
2026-03-26 10:50:27,33,19,19,0,"fit: 3, efit: 2","fit: 3, efit: 2",,,,0,0,0,0,1,,
2026-03-26 10:56:28,33,19,19,0,"fit: 4, efit: 2","fit: 4, efit: 2",,,,0,0,0,0,1,,
2026-03-26 10:57:35,33,19,19,0,"fit: 4, efit: 3","fit: 4, efit: 3",,,,0,0,0,0,1,,
2026-03-26 11:05:29,33,19,19,0,"fit: 4, efit: 4","fit: 4, efit: 4",,,,0,0,0,0,1,,
2026-03-26 11:06:30,33,19,19,0,"fit: 5, efit: 4","fit: 5, efit: 4",,,,0,0,0,0,1,,
2026-03-26 11:20:32,33,19,19,0,"fit: 5, efit: 2","fit: 5, efit: 2",,,,0,0,0,0,1,,
2026-03-26 11:27:41,33,19,19,0,"fit: 5, efit: 3","fit: 5, efit: 3",,,,0,0,0,0,1,,
2026-03-26 11:30:33,33,19,19,0,"fit: 5, efit: 4","fit: 5, efit: 4",,,,0,0,0,0,1,,
2026-03-26 11:35:34,33,19,19,0,"fit: 5, efit: 5","fit: 5, efit: 5",,,,0,0,0,0,1,,
2026-03-26 11:40:35,33,19,19,0,"fit: 5, efit: 3","fit: 5, efit: 3",,,,0,0,0,0,1,,
2026-03-26 11:50:36,33,19,19,0,"fit: 5, efit: 5","fit: 5, efit: 5",,,,0,0,0,0,1,,
2026-03-26 11:52:46,33,19,19,0,"fit: 5, efit: 5","fit: 5, efit: 4",efit: 1,,,0,0,0,0,1,,
2026-03-26 11:55:37,33,19,19,0,"fit: 5, efit: 4","fit: 5, efit: 4",,,,0,0,0,0,1,,
2026-03-26 12:10:39,33,19,19,0,"fit: 5, efit: 3","fit: 5, efit: 3",,,,0,0,0,0,1,,
2026-03-26 12:11:42,33,19,19,0,"fit: 5, efit: 2","fit: 5, efit: 2",,,,0,0,0,0,1,,
2026-03-26 12:12:49,33,19,19,0,"fit: 5, efit: 7","fit: 5, efit: 7",,,,0,0,0,0,1,,
2026-03-26 12:15:40,33,19,19,0,"fit: 5, efit: 6","fit: 5, efit: 6",,,,0,0,0,0,1,,
2026-03-26 12:20:41,33,19,19,0,"fit: 5, efit: 5","fit: 5, efit: 5",,,,0,0,0,0,1,,
2026-03-26 12:21:44,33,19,19,0,"fit: 5, efit: 4","fit: 5, efit: 4",,,,0,0,0,0,1,,
2026-03-26 12:26:44,33,19,19,0,"fit: 5, efit: 3","fit: 5, efit: 3",,,,0,0,0,0,1,,
2026-03-26 12:35:43,33,19,19,0,"fit: 5, efit: 5","fit: 5, efit: 5",,,,0,0,0,0,1,,
2026-03-26 12:36:46,33,19,19,0,"fit: 5, efit: 4","fit: 5, efit: 4",,,,0,0,0,0,1,,
2026-03-26 12:37:55,33,19,19,0,"fit: 5, efit: 5","fit: 5, efit: 5",,,,0,0,0,0,1,,
2026-03-26 12:46:49,33,19,19,0,"fit: 5, efit: 4","fit: 5, efit: 4",,,,0,0,0,0,1,,
2026-03-26 12:50:45,33,19,19,0,"fit: 5, efit: 5","fit: 5, efit: 5",,,,0,0,0,0,1,,
2026-03-26 12:55:46,33,19,19,0,"fit: 6, efit: 8","fit: 6, efit: 8",,,,0,0,0,0,1,,
2026-03-26 12:56:51,33,19,19,0,"fit: 6, efit: 9","fit: 6, efit: 9",,,,0,0,0,0,1,,
2026-03-26 13:01:52,33,19,19,0,"fit: 6, efit: 10","fit: 6, efit: 10",,,,0,0,0,0,1,,
2026-03-26 13:08:01,33,19,19,0,"fit: 6, efit: 9","fit: 6, efit: 9",,,,0,0,0,0,1,,
2026-03-26 13:31:57,33,19,19,0,"fit: 6, efit: 8","fit: 6, efit: 8",,,,0,0,0,0,1,,
2026-03-26 13:45:54,33,19,19,0,"fit: 6, efit: 10","fit: 6, efit: 10",,,,0,0,0,0,1,,
2026-03-26 13:48:08,33,19,19,0,"fit: 7, efit: 10","fit: 7, efit: 10",,,,0,0,0,0,1,,
2026-03-26 13:50:54,33,19,19,0,"fit: 7, efit: 9","fit: 7, efit: 9",,,,0,0,0,0,1,,
2026-03-26 13:53:09,33,19,19,0,"fit: 7, efit: 8","fit: 7, efit: 8",,,,0,0,0,0,1,,
2026-03-26 14:02:02,33,19,19,0,"fit: 7, efit: 7","fit: 7, efit: 7",,,,0,0,0,0,1,,
2026-03-26 14:03:11,33,19,19,0,"fit: 7, efit: 8","fit: 7, efit: 8",,,,0,0,0,0,1,,
2026-03-26 14:07:03,33,19,19,0,"fit: 7, efit: 6","fit: 7, efit: 6",,,,0,0,0,0,1,,
2026-03-26 14:10:57,33,19,19,0,"fit: 7, efit: 5","fit: 7, efit: 5",,,,0,0,0,0,1,,
2026-03-26 14:13:13,33,19,19,0,"fit: 7, efit: 4","fit: 7, efit: 4",,,,0,0,0,0,1,,
2026-03-26 14:15:58,33,19,19,0,"fit: 7, efit: 5","fit: 7, efit: 5",,,,0,0,0,0,1,,
2026-03-26 14:18:14,33,19,19,0,"fit: 7, efit: 4","fit: 7, efit: 4",,,,0,0,0,0,1,,
2026-03-26 14:20:59,33,19,19,0,"fit: 7, efit: 3","fit: 7, efit: 3",,,,0,0,0,0,1,,
2026-03-26 14:22:06,33,19,19,0,fit: 7,fit: 7,,,,0,0,0,0,1,,
2026-03-26 14:23:15,33,19,19,0,"fit: 7, efit: 1","fit: 7, efit: 1",,,,0,0,0,0,1,,
2026-03-26 14:26:00,33,19,19,0,fit: 7,fit: 7,,,,0,0,0,0,1,,
2026-03-26 14:36:01,33,19,19,0,"fit: 7, efit: 2","fit: 7, efit: 2",,,,0,0,0,0,1,,
2026-03-26 14:37:08,33,19,19,0,"fit: 7, efit: 1","fit: 7, efit: 1",,,,0,0,0,0,1,,
2026-03-26 14:38:18,33,19,19,0,"fit: 6, efit: 1","fit: 6, efit: 1",,,,0,0,0,0,1,,
2026-03-26 14:41:02,33,19,19,0,fit: 5,fit: 5,,,,0,0,0,0,1,,
2026-03-26 14:43:19,33,19,19,0,"fit: 5, efit: 2","fit: 5, efit: 2",,,,0,0,0,0,1,,
2026-03-26 14:48:20,33,19,19,0,"fit: 5, efit: 1","fit: 5, efit: 1",,,,0,0,0,0,1,,
2026-03-26 14:51:04,33,19,19,0,"fit: 5, efit: 2","fit: 5, efit: 2",,,,0,0,0,0,1,,
2026-03-26 14:53:21,33,19,19,0,"fit: 5, efit: 3","fit: 5, efit: 3",,,,0,0,0,0,1,,
2026-03-26 14:56:04,33,19,19,0,"fit: 5, efit: 4","fit: 5, efit: 4",,,,0,0,0,0,1,,
2026-03-26 14:57:12,33,19,19,0,"fit: 5, efit: 3","fit: 5, efit: 3",,,,0,0,0,0,1,,
2026-03-26 15:01:05,33,19,19,0,"fit: 5, efit: 2","fit: 5, efit: 2",,,,0,0,0,0,1,,
2026-03-26 15:08:04,33,19,19,0,"fit: 5, efit: 3","fit: 5, efit: 2",,,,0,0,0,0,1,,
2026-03-26 15:16:08,33,19,19,0,"fit: 5, efit: 1",fit: 5,,,,0,0,0,0,1,,
2026-03-26 15:18:06,33,19,19,0,"fit: 5, efit: 3","fit: 5, efit: 1",efit: 1,,,0,0,0,0,1,,
2026-03-26 15:21:09,33,19,19,0,"fit: 5, efit: 3","fit: 5, efit: 2",efit: 1,,,0,0,0,0,1,,
2026-03-26 15:26:09,33,19,19,0,"fit: 5, efit: 2","fit: 5, efit: 1",efit: 1,,,0,0,0,0,1,,
2026-03-26 15:31:10,33,19,19,0,"fit: 6, efit: 2","fit: 6, efit: 1",efit: 1,,,0,0,0,0,1,,
2026-03-26 15:32:18,33,19,19,0,"fit: 6, efit: 3","fit: 6, efit: 2",efit: 1,,,0,0,0,0,1,,
2026-03-26 15:36:11,33,19,19,0,"fit: 6, efit: 4","fit: 6, efit: 3",efit: 1,,,0,0,0,0,1,,
2026-03-26 15:46:13,33,19,19,0,"fit: 6, efit: 6","fit: 6, efit: 5",efit: 1,,,0,0,0,0,1,,
2026-03-26 15:51:13,33,19,19,0,"fit: 6, efit: 4","fit: 6, efit: 3",efit: 1,,,0,0,0,0,1,,
2026-03-26 15:53:13,33,19,19,0,"fit: 6, efit: 3","fit: 6, efit: 2",efit: 1,,,0,0,0,0,1,,
2026-03-26 15:58:14,33,19,19,0,"fit: 6, efit: 1",fit: 6,efit: 1,,,0,0,0,0,1,,
2026-03-26 16:01:15,33,19,19,0,"fit: 6, efit: 2","fit: 6, efit: 1",efit: 1,,,0,0,0,0,1,,
2026-03-26 16:16:17,33,19,19,0,"fit: 6, efit: 1",fit: 6,efit: 1,,,0,0,0,0,1,,
2026-03-26 16:23:19,33,19,19,0,"fit: 5, efit: 1",fit: 5,efit: 1,,,0,0,0,0,1,,
2026-03-26 16:28:20,33,19,19,0,"fit: 4, efit: 1",fit: 4,efit: 1,,,0,0,0,0,1,,
2026-03-26 16:51:22,33,19,19,0,"fit: 5, efit: 1",fit: 5,efit: 1,,,0,0,0,0,1,,
2026-03-26 16:56:23,33,19,19,0,"fit: 6, efit: 2","fit: 6, efit: 1",efit: 1,,,0,0,0,0,1,,
2026-03-26 16:57:34,33,19,19,0,"fit: 6, efit: 1",fit: 6,efit: 1,,,0,0,0,0,1,,
2026-03-26 16:58:26,33,19,19,0,"fit: 5, efit: 1",fit: 5,efit: 1,,,0,0,0,0,1,,
2026-03-26 17:01:24,33,19,19,0,"fit: 5, efit: 3","fit: 5, efit: 2",efit: 1,,,0,0,0,0,1,,
2026-03-26 17:02:35,33,19,19,0,"fit: 5, efit: 4","fit: 5, efit: 3",efit: 1,,,0,0,0,0,1,,
2026-03-26 17:03:27,33,19,19,0,"fit: 6, efit: 4","fit: 6, efit: 3",efit: 1,,,0,0,0,0,1,,
2026-03-26 17:06:25,33,19,19,0,"fit: 4, efit: 1",fit: 4,efit: 1,,,0,0,0,0,1,,
2026-03-26 17:07:35,33,19,19,0,"fit: 5, efit: 1",fit: 5,efit: 1,,,0,0,0,0,1,,
2026-03-26 17:12:36,33,19,19,0,"fit: 4, efit: 2","fit: 4, efit: 1",efit: 1,,,0,0,0,0,1,,
2026-03-26 17:13:29,33,19,19,0,"fit: 4, efit: 3","fit: 4, efit: 1",efit: 1,,,0,0,0,0,1,,
2026-03-26 17:16:26,33,19,19,0,"fit: 3, efit: 3","fit: 3, efit: 1",efit: 1,,,0,0,0,0,1,,
2026-03-26 17:22:38,33,19,19,0,"fit: 2, efit: 2",fit: 2,efit: 1,,,0,0,0,0,1,,
2026-03-26 17:23:31,33,19,19,0,"fit: 3, efit: 2",fit: 3,efit: 1,,,0,0,0,0,1,,
2026-03-26 17:31:29,33,19,19,0,efit: 2,,efit: 1,,,0,0,0,0,1,,
2026-03-26 17:51:32,33,19,19,0,efit: 2,efit: 1,efit: 1,,,0,0,0,0,1,,
2026-03-26 17:56:33,33,19,19,0,efit: 1,,efit: 1,,,0,0,0,0,1,,
2026-03-26 17:57:44,33,19,19,0,"fit: 1, efit: 1",fit: 1,efit: 1,,,0,0,0,0,1,,
2026-03-26 18:01:34,33,19,19,0,efit: 1,,efit: 1,,,0,0,0,0,1,,
2026-03-26 18:06:34,33,19,19,0,efit: 2,efit: 1,efit: 1,,,0,0,0,0,1,,
2026-03-26 18:07:46,33,19,19,0,efit: 1,,efit: 1,,,0,0,0,0,1,,
2026-03-26 18:08:40,33,19,19,0,"fit: 1, efit: 1",fit: 1,efit: 1,,,0,0,0,0,1,,
2026-03-26 18:26:37,33,19,19,0,"fit: 1, efit: 2","fit: 1, efit: 1",efit: 1,,,0,0,0,0,1,,
2026-03-26 18:27:49,33,19,19,0,"fit: 1, efit: 3","fit: 1, efit: 2",efit: 1,,,0,0,0,0,1,,
2026-03-26 18:31:38,33,19,19,0,"fit: 1, efit: 2","fit: 1, efit: 1",efit: 1,,,0,0,0,0,1,,
2026-03-26 18:33:45,33,19,19,0,efit: 1,,efit: 1,,,0,0,0,0,1,,
2026-03-26 18:47:53,33,19,19,0,efit: 2,efit: 1,efit: 1,,,0,0,0,0,1,,
2026-03-26 18:48:48,33,19,19,0,efit: 1,,efit: 1,,,0,0,0,0,1,,
2026-03-26 19:38:02,33,19,19,0,efit: 2,efit: 1,efit: 1,,,0,0,0,0,1,,
2026-03-26 19:38:58,33,19,19,0,efit: 1,,efit: 1,,,0,0,0,0,1,,
2026-03-26 20:11:53,33,19,19,0,efit: 2,efit: 1,efit: 1,,,0,0,0,0,1,,
2026-03-26 20:13:08,33,19,19,0,efit: 1,,efit: 1,,,0,0,0,0,1,,
2026-03-27 00:02:28,33,19,19,0,efit: 1,,efit: 1,,,0,0,0,0,1,,
2026-03-27 07:45:07,33,19,19,0,efit: 2,efit: 1,efit: 1,,,0,0,0,0,1,,
2026-03-27 07:58:37,33,19,19,0,efit: 3,efit: 2,efit: 1,,,0,0,0,0,1,,
2026-03-27 08:00:09,33,19,19,0,efit: 2,efit: 2,,,,0,0,0,0,1,,
2026-03-27 08:53:46,33,19,19,0,efit: 3,efit: 3,,,,0,0,0,0,1,,
2026-03-27 08:55:19,33,19,19,0,"fit: 1, efit: 3","fit: 1, efit: 3",,,,0,0,0,0,1,,
2026-03-27 09:05:21,33,19,19,0,"fit: 1, efit: 2","fit: 1, efit: 2",,,,0,0,0,0,1,,
2026-03-27 09:13:49,33,19,19,0,"fit: 1, efit: 3","fit: 1, efit: 3",,,,0,0,0,0,1,,
2026-03-27 09:33:52,33,19,19,0,"fit: 2, efit: 3","fit: 2, efit: 3",,,,0,0,0,0,1,,
2026-03-27 09:36:41,33,19,19,0,"fit: 2, efit: 4","fit: 2, efit: 4",,,,0,0,0,0,1,,
2026-03-27 09:48:54,33,19,19,0,"fit: 2, efit: 3","fit: 2, efit: 3",,,,0,0,0,0,1,,
2026-03-27 09:53:55,33,19,19,0,"fit: 2, efit: 4","fit: 2, efit: 4",,,,0,0,0,0,1,,
2026-03-27 10:06:46,33,19,19,0,"fit: 2, efit: 5","fit: 2, efit: 5",,,,0,0,0,0,1,,
2026-03-27 10:08:57,33,19,19,0,"fit: 2, efit: 4","fit: 2, efit: 4",,,,0,0,0,0,1,,
2026-03-27 10:11:47,33,19,19,0,"fit: 2, efit: 5","fit: 2, efit: 5",,,,0,0,0,0,1,,
2026-03-27 10:51:55,33,19,19,0,"fit: 2, efit: 6","fit: 2, efit: 6",,,,0,0,0,0,1,,
2026-03-27 10:56:56,33,19,19,0,"fit: 2, efit: 7","fit: 2, efit: 7",,,,0,0,0,0,1,,
2026-03-27 11:00:41,33,19,19,0,"fit: 2, efit: 8","fit: 2, efit: 8",,,,0,0,0,0,1,,
2026-03-27 11:01:57,33,19,19,0,"fit: 2, efit: 9","fit: 2, efit: 8",,,,0,0,0,0,1,,
2026-03-27 11:05:42,33,19,19,0,"fit: 2, efit: 10","fit: 2, efit: 9",,,,0,0,0,0,1,,
2026-03-27 11:06:58,33,19,19,0,"fit: 2, efit: 9","fit: 2, efit: 8",,,,0,0,0,0,1,,
2026-03-27 11:19:08,33,19,19,0,"fit: 2, efit: 9","fit: 2, efit: 7",,,,0,0,0,0,1,,
2026-03-27 11:20:45,33,19,19,0,"fit: 2, efit: 8","fit: 2, efit: 6",,,,0,0,0,0,1,,
2026-03-27 11:42:06,33,19,19,0,"fit: 2, efit: 7","fit: 2, efit: 5",,,,0,0,0,0,1,,
2026-03-27 11:45:49,33,19,19,0,"fit: 3, efit: 7","fit: 3, efit: 5",,,,0,0,0,0,1,,
2026-03-27 11:47:07,33,19,19,0,"fit: 3, efit: 5","fit: 3, efit: 3",,,,0,0,0,0,1,,
2026-03-27 11:57:09,33,19,19,0,"fit: 3, efit: 4","fit: 3, efit: 2",,,,0,0,0,0,1,,
2026-03-27 11:59:14,33,19,19,0,"fit: 3, efit: 3","fit: 3, efit: 1",,,,0,0,0,0,1,,
2026-03-27 12:00:52,33,19,19,0,"fit: 3, efit: 3","fit: 3, efit: 3",,,,0,0,0,0,1,,
2026-03-27 13:09:24,33,19,19,0,"fit: 3, efit: 2","fit: 3, efit: 2",,,,0,0,0,0,1,,
2026-03-27 13:16:06,33,19,19,0,"fit: 3, efit: 1","fit: 3, efit: 1",,,,0,0,0,0,1,,
2026-03-27 13:22:26,33,19,19,0,"fit: 3, efit: 2","fit: 3, efit: 2",,,,0,0,0,0,1,,
2026-03-27 13:44:30,33,19,19,0,fit: 4,fit: 4,,,,0,0,0,0,1,,
2026-03-27 14:02:34,33,19,19,0,fit: 3,fit: 3,,,,0,0,0,0,1,,
2026-03-27 14:09:33,33,19,19,0,fit: 2,fit: 2,,,,0,0,0,0,1,,
2026-03-27 14:26:19,33,19,19,0,"fit: 2, efit: 1","fit: 2, efit: 1",,,,0,0,0,0,1,,
2026-03-27 14:34:37,33,19,19,0,"fit: 2, efit: 2","fit: 2, efit: 2",,,,0,0,0,0,1,,
2026-03-27 14:54:40,33,19,19,0,"fit: 2, efit: 1","fit: 2, efit: 1",,,,0,0,0,0,1,,
2026-03-27 14:56:24,33,19,19,0,"fit: 2, efit: 5","fit: 2, efit: 3",,,,0,0,0,0,1,,
2026-03-27 14:57:45,33,19,19,0,"fit: 2, efit: 9","fit: 2, efit: 6",efit: 1,,,0,0,0,0,1,,
2026-03-27 14:59:41,33,19,19,0,"fit: 2, efit: 13","fit: 2, efit: 11",,,,0,0,0,0,1,,
2026-03-27 15:01:25,33,19,19,0,"fit: 2, efit: 13","fit: 2, efit: 10",efit: 1,,,0,0,0,0,1,,
2026-03-27 15:02:46,33,19,19,0,"fit: 2, efit: 12","fit: 2, efit: 9",efit: 1,,,0,0,0,0,1,,
2026-03-27 15:04:41,33,19,19,0,"fit: 2, efit: 12","fit: 2, efit: 10",,,,0,0,0,0,1,,
2026-03-27 15:06:26,33,19,19,0,"fit: 2, efit: 12","fit: 2, efit: 9",efit: 1,,,0,0,0,0,1,,
2026-03-27 15:14:43,33,19,19,0,"fit: 2, efit: 11","fit: 2, efit: 8",efit: 1,,,0,0,0,0,1,,
2026-03-27 15:16:27,33,19,19,0,"fit: 2, efit: 12","fit: 2, efit: 9",efit: 1,,,0,0,0,0,1,,
2026-03-27 15:22:50,33,19,19,0,"fit: 2, efit: 11","fit: 2, efit: 8",efit: 1,,,0,0,0,0,1,,
2026-03-27 15:27:51,33,19,19,0,"fit: 2, efit: 12","fit: 2, efit: 9",efit: 1,,,0,0,0,0,1,,
2026-03-27 15:52:55,33,19,19,0,"fit: 2, efit: 12","fit: 2, efit: 10",,,,0,0,0,0,1,,
2026-03-27 15:54:49,33,19,19,0,"fit: 2, efit: 12","fit: 2, efit: 9",efit: 1,,,0,0,0,0,1,,
2026-03-27 15:57:56,33,19,19,0,"fit: 2, efit: 12","fit: 2, efit: 10",,,,0,0,0,0,1,,
2026-03-27 15:59:50,33,19,19,0,"fit: 2, efit: 11","fit: 2, efit: 8",efit: 1,,,0,0,0,0,1,,
2026-03-27 16:02:57,33,19,19,0,"fit: 2, efit: 11","fit: 2, efit: 9",,,,0,0,0,0,1,,
2026-03-27 16:04:51,33,19,19,0,"fit: 2, efit: 11","fit: 2, efit: 8",efit: 1,,,0,0,0,0,1,,
2026-03-27 16:06:37,33,19,19,0,"fit: 2, efit: 11","fit: 2, efit: 9",,,,0,0,0,0,1,,
2026-03-27 16:09:51,33,19,19,0,"fit: 2, efit: 11","fit: 2, efit: 8",efit: 1,,,0,0,0,0,1,,
2026-03-27 16:16:39,33,19,19,0,"fit: 2, efit: 9","fit: 2, efit: 6",efit: 1,,,0,0,0,0,1,,
2026-03-27 16:33:04,33,19,19,0,"fit: 2, efit: 9","fit: 2, efit: 8",efit: 1,,,0,0,0,0,1,,
2026-03-27 16:43:05,33,19,19,0,"fit: 2, efit: 10","fit: 2, efit: 9",efit: 1,,,0,0,0,0,1,,
2026-03-27 16:46:44,33,19,19,0,"fit: 2, efit: 12","fit: 2, efit: 11",efit: 1,,,0,0,0,0,1,,
2026-03-27 16:56:46,33,19,19,0,"fit: 2, efit: 9","fit: 2, efit: 9",,,,0,0,0,0,1,,
2026-03-27 16:58:08,33,19,19,0,"fit: 2, efit: 9","fit: 2, efit: 8",efit: 1,,,0,0,0,0,1,,
2026-03-27 16:59:59,33,19,19,0,"fit: 2, efit: 10","fit: 2, efit: 9",efit: 1,,,0,0,0,0,1,,
2026-03-27 17:01:47,33,19,19,0,"fit: 2, efit: 9","fit: 2, efit: 9",,,,0,0,0,0,1,,
2026-03-27 17:03:09,33,19,19,0,"fit: 2, efit: 9","fit: 2, efit: 8",efit: 1,,,0,0,0,0,1,,
2026-03-27 17:05:01,33,19,19,0,"fit: 2, efit: 8","fit: 2, efit: 7",efit: 1,,,0,0,0,0,1,,
2026-03-27 17:06:48,33,19,19,0,"fit: 2, efit: 8","fit: 2, efit: 8",,,,0,0,0,0,1,,
2026-03-27 17:08:10,33,19,19,0,"fit: 2, efit: 8","fit: 2, efit: 7",efit: 1,,,0,0,0,0,1,,
2026-03-27 17:10:02,33,19,19,0,"fit: 3, efit: 8","fit: 3, efit: 7",efit: 1,,,0,0,0,0,1,,
2026-03-27 17:11:49,33,19,19,0,"fit: 3, efit: 6","fit: 3, efit: 6",,,,0,0,0,0,1,,
2026-03-27 17:13:11,33,19,19,0,"fit: 3, efit: 6","fit: 3, efit: 5",efit: 1,,,0,0,0,0,1,,
2026-03-27 17:20:03,33,19,19,0,"fit: 2, efit: 5","fit: 2, efit: 3",efit: 2,,,0,0,0,0,1,,
2026-03-27 17:21:51,33,19,19,0,"fit: 2, efit: 6","fit: 2, efit: 4",efit: 2,,,0,0,0,0,1,,
2026-03-27 17:25:04,33,19,19,0,"fit: 2, efit: 7","fit: 2, efit: 5",efit: 2,,,0,0,0,0,1,,
2026-03-27 17:33:15,33,19,19,0,"fit: 2, efit: 6","fit: 2, efit: 4",efit: 2,,,0,0,0,0,1,,
2026-03-27 17:38:16,33,19,19,0,"fit: 2, efit: 7","fit: 2, efit: 5",efit: 2,,,0,0,0,0,1,,
2026-03-27 17:45:07,33,19,19,0,"fit: 2, efit: 8","fit: 2, efit: 6",efit: 2,,,0,0,0,0,1,,
2026-03-27 17:53:19,33,19,19,0,"fit: 2, efit: 9","fit: 2, efit: 7",efit: 2,,,0,0,0,0,1,,
2026-03-27 18:00:09,33,19,19,0,"fit: 2, efit: 9","fit: 2, efit: 8",efit: 1,,,0,0,0,0,1,,
2026-03-27 18:01:58,33,19,19,0,"fit: 2, efit: 9","fit: 2, efit: 7",efit: 2,,,0,0,0,0,1,,
2026-03-27 18:05:10,33,19,19,0,"fit: 2, efit: 9","fit: 2, efit: 8",efit: 1,,,0,0,0,0,1,,
2026-03-27 18:06:59,33,19,19,0,"fit: 2, efit: 9","fit: 2, efit: 7",efit: 2,,,0,0,0,0,1,,
2026-03-27 18:10:11,33,19,19,0,"fit: 2, efit: 9","fit: 2, efit: 8",efit: 1,,,0,0,0,0,1,,
2026-03-27 18:12:00,33,19,19,0,"fit: 2, efit: 8","fit: 2, efit: 6",efit: 2,,,0,0,0,0,1,,
2026-03-27 18:13:23,33,19,19,0,"fit: 2, efit: 7","fit: 2, efit: 5",efit: 2,,,0,0,0,0,1,,
2026-03-27 18:15:12,33,19,19,0,"fit: 2, efit: 7","fit: 2, efit: 6",efit: 1,,,0,0,0,0,1,,
2026-03-27 18:17:01,33,19,19,0,"fit: 2, efit: 7","fit: 2, efit: 5",efit: 2,,,0,0,0,0,1,,
2026-03-27 18:33:27,33,19,19,0,"fit: 2, efit: 5","fit: 2, efit: 3",efit: 2,,,0,0,0,0,1,,
2026-03-27 18:35:15,33,19,19,0,"fit: 2, efit: 6","fit: 2, efit: 4",efit: 2,,,0,0,0,0,1,,
2026-03-27 18:37:05,33,19,19,0,"fit: 2, efit: 4","fit: 2, efit: 2",efit: 2,,,0,0,0,0,1,,
2026-03-27 19:03:33,33,19,19,0,"fit: 2, efit: 4","fit: 2, efit: 3",efit: 1,,,0,0,0,0,1,,
2026-03-27 19:05:20,33,19,19,0,"fit: 2, efit: 4","fit: 2, efit: 2",efit: 2,,,0,0,0,0,1,,
2026-03-27 19:08:34,33,19,19,0,"fit: 2, efit: 4","fit: 2, efit: 3",efit: 1,,,0,0,0,0,1,,
2026-03-27 19:10:20,33,19,19,0,"fit: 2, efit: 4","fit: 2, efit: 2",efit: 2,,,0,0,0,0,1,,
2026-03-27 19:12:11,33,19,19,0,"fit: 2, efit: 3","fit: 2, efit: 1",efit: 2,,,0,0,0,0,1,,
2026-03-27 19:13:35,33,19,19,0,"fit: 2, efit: 3","fit: 2, efit: 2",efit: 1,,,0,0,0,0,1,,
2026-03-27 19:15:21,33,19,19,0,"fit: 2, efit: 3","fit: 2, efit: 1",efit: 2,,,0,0,0,0,1,,
2026-03-27 19:18:36,33,19,19,0,"fit: 2, efit: 3","fit: 2, efit: 2",efit: 1,,,0,0,0,0,1,,
2026-03-27 19:20:22,33,19,19,0,"fit: 2, efit: 3","fit: 2, efit: 1",efit: 2,,,0,0,0,0,1,,
2026-03-27 19:22:13,33,19,19,0,"fit: 2, efit: 2",fit: 2,efit: 2,,,0,0,0,0,1,,
2026-03-27 19:27:14,33,19,19,0,"fit: 2, efit: 3","fit: 2, efit: 1",efit: 2,,,0,0,0,0,1,,
2026-03-27 19:47:17,33,19,19,0,"fit: 2, efit: 2",fit: 2,efit: 2,,,0,0,0,0,1,,
2026-03-27 20:07:21,33,19,19,0,"fit: 2, efit: 2","fit: 2, efit: 1",efit: 1,,,0,0,0,0,1,,
2026-03-27 20:08:46,33,19,19,0,"fit: 2, efit: 2",fit: 2,efit: 2,,,0,0,0,0,1,,
2026-03-27 20:12:22,33,19,19,0,"fit: 2, efit: 2","fit: 2, efit: 1",efit: 1,,,0,0,0,0,1,,
2026-03-27 20:13:47,33,19,19,0,"fit: 2, efit: 2",fit: 2,efit: 2,,,0,0,0,0,1,,
2026-03-27 20:17:22,33,19,19,0,"fit: 2, efit: 2",fit: 2,efit: 1,,,0,0,0,0,1,,
2026-03-27 20:18:48,33,19,19,0,"fit: 2, efit: 2",fit: 2,efit: 2,,,0,0,0,0,1,,
2026-03-27 20:22:23,33,19,19,0,"fit: 2, efit: 2",fit: 2,efit: 1,,,0,0,0,0,1,,
2026-03-27 20:38:52,33,19,19,0,"fit: 1, efit: 2",fit: 1,efit: 1,,,0,0,0,0,1,,
2026-03-27 21:35:43,33,19,19,0,"fit: 1, efit: 2","fit: 1, efit: 1",efit: 1,,,0,0,0,0,1,,
2026-03-27 21:47:39,33,19,19,0,"fit: 1, efit: 1",fit: 1,efit: 1,,,0,0,0,0,1,,
2026-03-27 22:07:42,33,19,19,0,"fit: 1, efit: 2","fit: 1, efit: 1",efit: 1,,,0,0,0,0,1,,
2026-03-27 22:09:10,33,19,19,0,"fit: 1, efit: 1",fit: 1,efit: 1,,,0,0,0,0,1,,
2026-03-28 00:01:05,33,19,19,0,"fit: 1, efit: 1",fit: 1,efit: 1,,,0,0,0,0,1,,
2026-03-28 02:08:24,33,19,19,0,"fit: 1, efit: 4","fit: 1, efit: 3",efit: 1,,,0,0,0,0,1,,
2026-03-28 08:06:06,33,19,19,0,"fit: 1, efit: 5","fit: 1, efit: 4",efit: 1,,,0,0,0,0,1,,
2026-03-28 08:21:08,33,19,19,0,"fit: 1, efit: 6","fit: 1, efit: 5",efit: 1,,,0,0,0,0,1,,
2026-03-28 08:52:22,33,19,19,0,"fit: 2, efit: 6","fit: 2, efit: 5",efit: 1,,,0,0,0,0,1,,
2026-03-28 08:59:35,33,19,19,0,"fit: 2, efit: 7","fit: 2, efit: 6",efit: 1,,,0,0,0,0,1,,
2026-03-28 09:27:27,33,19,19,0,"fit: 3, efit: 7","fit: 3, efit: 6",efit: 1,,,0,0,0,0,1,,
2026-03-28 09:49:44,33,19,19,0,"fit: 3, efit: 6","fit: 3, efit: 5",efit: 1,,,0,0,0,0,1,,
2026-03-28 09:51:26,33,19,19,0,"fit: 3, efit: 5","fit: 3, efit: 4",efit: 1,,,0,0,0,0,1,,
2026-03-28 09:54:45,33,19,19,0,"fit: 3, efit: 6","fit: 3, efit: 5",efit: 1,,,0,0,0,0,1,,
2026-03-28 10:02:32,33,19,19,0,"fit: 3, efit: 7","fit: 3, efit: 6",efit: 1,,,0,0,0,0,1,,
2026-03-28 10:39:53,33,19,19,0,"fit: 3, efit: 8","fit: 3, efit: 7",efit: 1,,,0,0,0,0,1,,
2026-03-28 10:52:39,33,19,19,0,"fit: 3, efit: 9","fit: 3, efit: 8",efit: 1,,,0,0,0,0,1,,
2026-03-28 10:59:56,33,19,19,0,"fit: 3, efit: 8","fit: 3, efit: 7",efit: 1,,,0,0,0,0,1,,
2026-03-28 11:07:42,33,19,19,0,"fit: 3, efit: 10","fit: 3, efit: 9",efit: 1,,,0,0,0,0,1,,
2026-03-28 11:20:00,33,19,19,0,"fit: 3, efit: 11","fit: 3, efit: 10",efit: 1,,,0,0,0,0,1,,
2026-03-28 12:01:51,33,19,19,0,"fit: 3, efit: 12","fit: 3, efit: 11",efit: 1,,,0,0,0,0,1,,
2026-03-28 13:00:17,33,19,19,0,"fit: 4, efit: 12","fit: 4, efit: 11",efit: 1,,,0,0,0,0,1,,
2026-03-28 13:42:11,33,19,19,0,"fit: 4, efit: 11","fit: 4, efit: 10",efit: 1,,,0,0,0,0,1,,
2026-03-28 13:52:13,33,19,19,0,"fit: 4, efit: 12","fit: 4, efit: 11",efit: 1,,,0,0,0,0,1,,
2026-03-28 13:53:06,33,19,19,0,"fit: 4, efit: 13","fit: 4, efit: 12",efit: 1,,,0,0,0,0,1,,
2026-03-28 13:58:07,33,19,19,0,"fit: 4, efit: 14","fit: 4, efit: 13",efit: 1,,,0,0,0,0,1,,
2026-03-28 14:02:15,33,19,19,0,"fit: 4, efit: 13","fit: 4, efit: 12",efit: 1,,,0,0,0,0,1,,
2026-03-28 14:15:31,33,19,19,0,"fit: 5, efit: 13","fit: 5, efit: 12",efit: 1,,,0,0,0,0,1,,
2026-03-28 14:40:35,33,19,19,0,"fit: 5, efit: 12","fit: 5, efit: 11",efit: 1,,,0,0,0,0,1,,
2026-03-28 14:58:16,33,19,19,0,"fit: 5, efit: 11","fit: 5, efit: 10",efit: 1,,,0,0,0,0,1,,
2026-03-28 15:05:40,33,19,19,0,"fit: 5, efit: 10","fit: 5, efit: 9",efit: 1,,,0,0,0,0,1,,
2026-03-28 15:12:29,33,19,19,0,"fit: 4, efit: 11","fit: 4, efit: 10",efit: 1,,,0,0,0,0,1,,
2026-03-28 15:25:43,33,19,19,0,"fit: 4, efit: 10","fit: 4, efit: 9",efit: 1,,,0,0,0,0,1,,
2026-03-28 15:30:44,33,19,19,0,"fit: 4, efit: 11","fit: 4, efit: 10",efit: 1,,,0,0,0,0,1,,
2026-03-28 15:45:47,33,19,19,0,"fit: 4, efit: 13","fit: 4, efit: 12",efit: 1,,,0,0,0,0,1,,
2026-03-28 16:12:40,33,19,19,0,"fit: 4, efit: 12","fit: 4, efit: 11",efit: 1,,,0,0,0,0,1,,
2026-03-28 16:15:52,33,19,19,0,"fit: 4, efit: 13","fit: 4, efit: 12",efit: 1,,,0,0,0,0,1,,
2026-03-28 16:17:41,33,19,19,0,"fit: 4, efit: 12","fit: 4, efit: 11",efit: 1,,,0,0,0,0,1,,
2026-03-28 16:32:44,33,19,19,0,"fit: 4, efit: 11","fit: 4, efit: 10",efit: 1,,,0,0,0,0,1,,
2026-03-28 16:40:56,33,19,19,0,"fit: 4, efit: 12","fit: 4, efit: 11",efit: 1,,,0,0,0,0,1,,
2026-03-28 16:55:59,33,19,19,0,"fit: 4, efit: 11","fit: 4, efit: 10",efit: 1,,,0,0,0,0,1,,
2026-03-28 17:21:04,33,19,19,0,"fit: 4, efit: 12","fit: 4, efit: 11",efit: 1,,,0,0,0,0,1,,
2026-03-28 17:41:08,33,19,19,0,"fit: 7, efit: 7","fit: 7, efit: 6",efit: 1,,,0,0,0,0,1,,
2026-03-28 17:51:09,33,19,19,0,"fit: 7, efit: 6","fit: 7, efit: 5",efit: 1,,,0,0,0,0,1,,
2026-03-28 18:21:15,33,19,19,0,"fit: 7, efit: 7","fit: 7, efit: 6",efit: 1,,,0,0,0,0,1,,
2026-03-28 18:28:07,33,19,19,0,"fit: 10, efit: 7","fit: 10, efit: 6",efit: 1,,,0,0,0,0,1,,
2026-03-28 18:28:47,33,19,19,0,"fit: 10, efit: 5","fit: 10, efit: 4",efit: 1,,,0,0,0,0,1,,
2026-03-28 18:48:11,33,19,19,0,"fit: 10, efit: 4","fit: 10, efit: 3",efit: 1,,,0,0,0,0,1,,
2026-03-28 18:58:52,33,19,19,0,"fit: 11, efit: 4","fit: 11, efit: 3",efit: 1,,,0,0,0,0,1,,
2026-03-28 19:31:27,33,19,19,0,"fit: 11, efit: 3","fit: 11, efit: 2",efit: 1,,,0,0,0,0,1,,
2026-03-28 19:46:29,33,19,19,0,"fit: 11, efit: 4","fit: 11, efit: 3",efit: 1,,,0,0,0,0,1,,
2026-03-28 20:16:35,33,19,19,0,"fit: 12, efit: 6","fit: 12, efit: 5",efit: 1,,,0,0,0,0,1,,
2026-03-28 20:31:37,33,19,19,0,"fit: 12, efit: 5","fit: 12, efit: 4",efit: 1,,,0,0,0,0,1,,
2026-03-28 20:46:40,33,19,19,0,"fit: 12, efit: 4","fit: 12, efit: 3",efit: 1,,,0,0,0,0,1,,
2026-03-28 21:31:48,33,19,19,0,"fit: 12, efit: 3","fit: 12, efit: 2",efit: 1,,,0,0,0,0,1,,
2026-03-28 21:33:43,33,19,19,0,"fit: 12, efit: 2","fit: 12, efit: 1",efit: 1,,,0,0,0,0,1,,
2026-03-28 22:42:00,33,19,19,0,"fit: 12, efit: 1",fit: 12,efit: 1,,,0,0,0,0,1,,
2026-03-28 23:24:30,33,19,19,0,"fit: 12, efit: 2","fit: 12, efit: 1",efit: 1,,,0,0,0,0,1,,
2026-03-28 23:27:08,33,19,19,0,"fit: 12, efit: 1",fit: 12,efit: 1,,,0,0,0,0,1,,
2026-03-29 00:02:14,33,19,19,0,"fit: 12, efit: 1",fit: 12,efit: 1,,,0,0,0,0,1,,
2026-03-29 02:07:36,33,19,19,0,"fit: 11, efit: 1",fit: 11,efit: 1,,,0,0,0,0,1,,
2026-03-29 02:09:36,33,19,19,0,"fit: 12, efit: 1",fit: 12,efit: 1,,,0,0,0,0,1,,
2026-03-29 02:29:40,33,19,19,0,"fit: 11, efit: 1",fit: 11,efit: 1,,,0,0,0,0,1,,
2026-03-29 02:29:57,33,19,19,0,"fit: 12, efit: 1",fit: 12,efit: 1,,,0,0,0,0,1,,
2026-03-29 02:32:40,33,19,19,0,"fit: 11, efit: 1",fit: 11,efit: 1,,,0,0,0,0,1,,
2026-03-29 08:20:48,33,19,19,0,fit: 11,fit: 11,,,,0,0,0,0,1,,
2026-03-29 08:23:40,33,19,19,0,"fit: 11, efit: 2","fit: 11, efit: 1",,,,0,0,0,0,1,,
2026-03-29 08:53:45,33,19,19,0,"fit: 11, efit: 2","fit: 11, efit: 2",,,,0,0,0,0,1,,
2026-03-29 09:03:47,33,19,19,0,"fit: 12, efit: 2","fit: 12, efit: 2",,,,0,0,0,0,1,,
2026-03-29 09:10:55,33,19,19,0,"fit: 13, efit: 2","fit: 13, efit: 2",,,,0,0,0,0,1,,
2026-03-29 09:45:59,33,19,19,0,"fit: 14, efit: 2","fit: 13, efit: 2",fit: 1,,,0,0,0,0,1,,
2026-03-29 10:08:58,33,19,19,0,"fit: 14, efit: 3","fit: 13, efit: 3",fit: 1,,,0,0,0,0,1,,
2026-03-29 10:31:06,33,19,19,0,"fit: 13, efit: 3","fit: 12, efit: 3",fit: 1,,,0,0,0,0,1,,
2026-03-29 10:34:02,33,19,19,0,"fit: 11, efit: 3","fit: 11, efit: 3",,,,0,0,0,0,1,,
2026-03-29 10:39:03,33,19,19,0,"fit: 11, efit: 2","fit: 11, efit: 2",,,,0,0,0,0,1,,
2026-03-29 11:09:08,33,19,19,0,"fit: 11, efit: 3","fit: 11, efit: 3",,,,0,0,0,0,1,,
2026-03-29 11:39:13,33,19,19,0,"fit: 12, efit: 3","fit: 12, efit: 3",,,,0,0,0,0,1,,
2026-03-29 11:46:17,33,19,19,0,"fit: 12, efit: 1","fit: 12, efit: 1",,,,0,0,0,0,1,,
2026-03-29 12:04:18,33,19,19,0,"fit: 12, efit: 2","fit: 12, efit: 1",,,,0,0,0,0,1,,
2026-03-29 12:09:19,33,19,19,0,"fit: 12, efit: 3","fit: 12, efit: 2",,,,0,0,0,0,1,,
2026-03-29 12:36:24,33,19,19,0,"fit: 12, efit: 5","fit: 12, efit: 4",,,,0,0,0,0,1,,
2026-03-29 13:19:31,33,19,19,0,"fit: 13, efit: 5","fit: 13, efit: 4",,,,0,0,0,0,1,,
2026-03-29 13:21:31,33,19,19,0,"fit: 14, efit: 3","fit: 14, efit: 2",,,,0,0,0,0,1,,
2026-03-29 13:34:34,33,19,19,0,"fit: 14, efit: 4","fit: 14, efit: 3",,,,0,0,0,0,1,,
2026-03-29 13:36:34,33,19,19,0,"fit: 11, efit: 4","fit: 11, efit: 3",,,,0,0,0,0,1,,
2026-03-29 13:39:35,33,19,19,0,"fit: 7, efit: 5","fit: 7, efit: 4",,,,0,0,0,0,1,,
2026-03-29 13:41:34,33,19,19,0,"fit: 7, efit: 8","fit: 7, efit: 7",,,,0,0,0,0,1,,
2026-03-29 13:44:35,33,19,19,0,"fit: 7, efit: 4","fit: 7, efit: 3",,,,0,0,0,0,1,,
2026-03-29 13:49:36,33,19,19,0,"fit: 7, efit: 3","fit: 7, efit: 2",,,,0,0,0,0,1,,
2026-03-29 13:51:50,33,19,19,0,"fit: 7, efit: 2","fit: 7, efit: 1",,,,0,0,0,0,1,,
2026-03-29 13:59:38,33,19,19,0,"fit: 7, efit: 4","fit: 7, efit: 3",,,,0,0,0,0,1,,
2026-03-29 14:01:37,33,19,19,0,"fit: 7, efit: 3","fit: 7, efit: 2",,,,0,0,0,0,1,,
2026-03-29 14:06:38,33,19,19,0,"fit: 7, efit: 2","fit: 7, efit: 1",,,,0,0,0,0,1,,
2026-03-29 14:09:40,33,19,19,0,"fit: 7, efit: 1",fit: 7,,,,0,0,0,0,1,,
2026-03-29 14:14:41,33,19,19,0,"fit: 8, efit: 1",fit: 8,,,,0,0,0,0,1,,
2026-03-29 14:24:42,33,19,19,0,"fit: 7, efit: 1",fit: 7,,,,0,0,0,0,1,,
2026-03-29 14:26:41,33,19,19,0,"fit: 7, efit: 2","fit: 7, efit: 1",,,,0,0,0,0,1,,
2026-03-29 14:31:42,33,19,19,0,"fit: 8, efit: 1",fit: 8,,,,0,0,0,0,1,,
2026-03-29 14:34:44,33,19,19,0,"fit: 7, efit: 1",fit: 7,,,,0,0,0,0,1,,
2026-03-29 14:44:46,33,19,19,0,"fit: 7, efit: 2","fit: 7, efit: 1",,,,0,0,0,0,1,,
2026-03-29 14:49:47,33,19,19,0,"fit: 8, efit: 3","fit: 8, efit: 2",,,,0,0,0,0,1,,
2026-03-29 14:56:46,33,19,19,0,"fit: 8, efit: 4","fit: 8, efit: 3",,,,0,0,0,0,1,,
2026-03-29 15:01:47,33,19,19,0,"fit: 8, efit: 5","fit: 8, efit: 4",,,,0,0,0,0,1,,
2026-03-29 15:04:50,33,19,19,0,"fit: 8, efit: 4","fit: 8, efit: 3",,,,0,0,0,0,1,,
2026-03-29 15:16:49,33,19,19,0,"fit: 8, efit: 5","fit: 8, efit: 4",,,,0,0,0,0,1,,
2026-03-29 15:27:08,33,19,19,0,"fit: 8, efit: 6","fit: 8, efit: 5",,,,0,0,0,0,1,,
2026-03-29 15:34:55,33,19,19,0,"fit: 8, efit: 5","fit: 8, efit: 4",,,,0,0,0,0,1,,
2026-03-29 15:51:54,33,19,19,0,"fit: 8, efit: 6","fit: 8, efit: 5",,,,0,0,0,0,1,,
2026-03-29 15:54:58,33,19,19,0,"fit: 8, efit: 5","fit: 8, efit: 4",,,,0,0,0,0,1,,
2026-03-29 15:56:55,33,19,19,0,"fit: 8, efit: 4","fit: 8, efit: 3",,,,0,0,0,0,1,,
2026-03-29 15:59:59,33,19,19,0,"fit: 8, efit: 3","fit: 8, efit: 2",,,,0,0,0,0,1,,
2026-03-29 16:05:01,33,19,19,0,"fit: 8, efit: 4","fit: 8, efit: 3",,,,0,0,0,0,1,,
2026-03-29 16:06:56,33,19,19,0,"fit: 8, efit: 5","fit: 8, efit: 4",,,,0,0,0,0,1,,
2026-03-29 16:07:16,33,19,19,0,"fit: 8, efit: 6","fit: 8, efit: 5",,,,0,0,0,0,1,,
2026-03-29 16:10:02,33,19,19,0,"fit: 8, efit: 5","fit: 8, efit: 4",,,,0,0,0,0,1,,
2026-03-29 16:11:57,33,19,19,0,"fit: 8, efit: 6","fit: 8, efit: 5",,,,0,0,0,0,1,,
2026-03-29 16:12:17,33,19,19,0,"fit: 8, efit: 5","fit: 8, efit: 4",,,,0,0,0,0,1,,
2026-03-29 16:16:58,33,19,19,0,"fit: 8, efit: 4","fit: 8, efit: 3",,,,0,0,0,0,1,,
2026-03-29 16:20:04,33,19,19,0,"fit: 8, efit: 5","fit: 8, efit: 4",,,,0,0,0,0,1,,
2026-03-29 16:21:59,33,19,19,0,"fit: 8, efit: 4","fit: 8, efit: 3",,,,0,0,0,0,1,,
2026-03-29 16:25:05,33,19,19,0,"fit: 8, efit: 5","fit: 8, efit: 4",,,,0,0,0,0,1,,
2026-03-29 16:27:00,33,19,19,0,"fit: 8, efit: 4","fit: 8, efit: 3",,,,0,0,0,0,1,,
2026-03-29 16:30:06,33,19,19,0,"fit: 7, efit: 4","fit: 7, efit: 3",,,,0,0,0,0,1,,
2026-03-29 16:32:01,33,19,19,0,"fit: 6, efit: 3","fit: 6, efit: 2",,,,0,0,0,0,1,,
2026-03-29 16:35:07,33,19,19,0,"fit: 6, efit: 2","fit: 6, efit: 1",,,,0,0,0,0,1,,
2026-03-29 16:37:22,33,19,19,0,"fit: 6, efit: 3","fit: 6, efit: 2",,,,0,0,0,0,1,,
2026-03-29 16:40:08,33,19,19,0,"fit: 5, efit: 2","fit: 5, efit: 1",,,,0,0,0,0,1,,
2026-03-29 16:42:02,33,19,19,0,"fit: 4, efit: 2","fit: 4, efit: 1",,,,0,0,0,0,1,,
2026-03-29 16:45:09,33,19,19,0,"fit: 6, efit: 3","fit: 6, efit: 2",,,,0,0,0,0,1,,
2026-03-29 16:50:10,33,19,19,0,"fit: 3, efit: 2","fit: 3, efit: 1",,,,0,0,0,0,1,,
2026-03-29 17:00:11,33,19,19,0,"fit: 4, efit: 2","fit: 4, efit: 1",,,,0,0,0,0,1,,
2026-03-29 17:25:16,33,19,19,0,"fit: 7, efit: 2","fit: 7, efit: 1",,,,0,0,0,0,1,,
2026-03-29 17:27:09,33,19,19,0,"fit: 7, efit: 3","fit: 7, efit: 2",,,,0,0,0,0,1,,
2026-03-29 17:30:17,33,19,19,0,"fit: 7, efit: 4","fit: 7, efit: 3",,,,0,0,0,0,1,,
2026-03-29 17:37:34,33,19,19,0,"fit: 8, efit: 4","fit: 8, efit: 3",,,,0,0,0,0,1,,
2026-03-29 17:42:11,33,19,19,0,"fit: 9, efit: 3","fit: 9, efit: 2",,,,0,0,0,0,1,,
2026-03-29 17:45:20,33,19,19,0,"fit: 9, efit: 1",fit: 9,,,,0,0,0,0,1,,
2026-03-29 18:02:14,33,19,19,0,"fit: 8, efit: 1",fit: 8,,,,0,0,0,0,1,,
2026-03-29 18:15:25,33,19,19,0,"fit: 7, efit: 1",fit: 7,,,,0,0,0,0,1,,
2026-03-29 18:35:28,33,19,19,0,"fit: 6, efit: 1",fit: 6,,,,0,0,0,0,1,,
2026-03-29 18:37:20,33,19,19,0,"fit: 6, efit: 2","fit: 6, efit: 1",,,,0,0,0,0,1,,
2026-03-29 18:42:20,33,19,19,0,"fit: 6, efit: 3","fit: 6, efit: 2",,,,0,0,0,0,1,,
2026-03-29 18:45:30,33,19,19,0,"fit: 6, efit: 5","fit: 6, efit: 4",,,,0,0,0,0,1,,
2026-03-29 18:50:31,33,19,19,0,"fit: 6, efit: 2","fit: 6, efit: 1",,,,0,0,0,0,1,,
2026-03-29 19:00:33,33,19,19,0,"fit: 7, efit: 2","fit: 7, efit: 1",,,,0,0,0,0,1,,
2026-03-29 19:35:39,33,19,19,0,"fit: 7, efit: 4","fit: 7, efit: 3",,,,0,0,0,0,1,,
2026-03-29 20:00:43,33,19,19,0,"fit: 7, efit: 5","fit: 7, efit: 4",,,,0,0,0,0,1,,
2026-03-29 20:02:32,33,19,19,0,"fit: 7, efit: 4","fit: 7, efit: 3",,,,0,0,0,0,1,,
2026-03-29 20:05:44,33,19,19,0,"fit: 7, efit: 3","fit: 7, efit: 2",,,,0,0,0,0,1,,
2026-03-29 20:18:06,33,19,19,0,"fit: 7, efit: 4","fit: 7, efit: 3",,,,0,0,0,0,1,,
2026-03-29 20:30:48,33,19,19,0,"fit: 7, efit: 7","fit: 7, efit: 6",,,,0,0,0,0,1,,
2026-03-29 20:43:10,33,19,19,0,"fit: 7, efit: 6","fit: 7, efit: 5",,,,0,0,0,0,1,,
2026-03-29 20:45:51,33,19,19,0,"fit: 7, efit: 4","fit: 7, efit: 3",,,,0,0,0,0,1,,
2026-03-29 20:47:39,33,19,19,0,"fit: 7, efit: 5","fit: 7, efit: 4",,,,0,0,0,0,1,,
2026-03-29 20:52:39,33,19,19,0,"fit: 7, efit: 6","fit: 7, efit: 5",,,,0,0,0,0,1,,
2026-03-29 21:10:55,33,19,19,0,"fit: 7, efit: 7","fit: 7, efit: 6",,,,0,0,0,0,1,,
2026-03-29 21:15:56,33,19,19,0,"fit: 6, efit: 7","fit: 6, efit: 6",,,,0,0,0,0,1,,
2026-03-29 21:17:43,33,19,19,0,"fit: 7, efit: 7","fit: 7, efit: 6",,,,0,0,0,0,1,,
2026-03-29 21:20:57,33,19,19,0,"fit: 7, efit: 6","fit: 7, efit: 5",,,,0,0,0,0,1,,
2026-03-29 21:37:46,33,19,19,0,"fit: 7, efit: 5","fit: 7, efit: 4",,,,0,0,0,0,1,,
2026-03-29 21:57:49,33,19,19,0,"fit: 7, efit: 6","fit: 7, efit: 5",,,,0,0,0,0,1,,
2026-03-29 22:06:05,33,19,19,0,"fit: 7, efit: 5","fit: 7, efit: 4",,,,0,0,0,0,1,,
2026-03-29 22:38:33,33,19,19,0,"fit: 7, efit: 4","fit: 7, efit: 3",,,,0,0,0,0,1,,
2026-03-29 22:42:55,33,19,19,0,"fit: 7, efit: 5","fit: 7, efit: 4",,,,0,0,0,0,1,,
2026-03-29 22:46:12,33,19,19,0,"fit: 7, efit: 4","fit: 7, efit: 3",,,,0,0,0,0,1,,
2026-03-29 22:52:57,33,19,19,0,"fit: 7, efit: 3","fit: 7, efit: 2",,,,0,0,0,0,1,,
2026-03-29 23:07:59,33,19,19,0,"fit: 7, efit: 4","fit: 7, efit: 3",,,,0,0,0,0,1,,
2026-03-29 23:08:39,33,19,19,0,"fit: 7, efit: 5","fit: 7, efit: 4",,,,0,0,0,0,1,,
2026-03-29 23:16:17,33,19,19,0,"fit: 7, efit: 4","fit: 7, efit: 3",,,,0,0,0,0,1,,
2026-03-29 23:18:01,33,19,19,0,"fit: 7, efit: 3","fit: 7, efit: 2",,,,0,0,0,0,1,,
2026-03-29 23:21:18,33,19,19,0,"fit: 7, efit: 2","fit: 7, efit: 1",,,,0,0,0,0,1,,
2026-03-29 23:41:21,33,19,19,0,"fit: 7, efit: 1",fit: 7,,,,0,0,0,0,1,,
2026-03-29 23:48:05,33,19,19,0,"fit: 6, efit: 1",fit: 6,,,,0,0,0,0,1,,
2026-03-30 00:01:25,33,19,19,0,"fit: 6, efit: 1",fit: 6,,,,0,0,0,0,1,,
2026-03-30 00:56:34,33,19,19,0,"fit: 6, efit: 2","fit: 6, efit: 1",,,,0,0,0,0,1,,
2026-03-30 01:04:01,33,19,19,0,"fit: 6, efit: 1",fit: 6,,,,0,0,0,0,1,,
2026-03-30 01:06:35,33,19,19,0,"fit: 6, efit: 2","fit: 6, efit: 1",,,,0,0,0,0,1,,
2026-03-30 01:36:40,33,19,19,0,"fit: 6, efit: 3","fit: 6, efit: 2",,,,0,0,0,0,1,,
2026-03-30 01:48:22,33,19,19,0,"fit: 6, efit: 2","fit: 6, efit: 1",,,,0,0,0,0,1,,
2026-03-30 05:32:20,33,19,19,0,"fit: 6, efit: 1",fit: 6,,,,0,0,0,0,1,,
2026-03-30 06:59:06,33,19,19,0,"fit: 6, efit: 2","fit: 6, efit: 1",,,,0,0,0,0,1,,
2026-03-30 07:04:07,33,19,19,0,"fit: 7, efit: 1",fit: 7,,,,0,0,0,0,1,,
2026-03-30 07:45:16,33,19,19,0,"fit: 7, efit: 2","fit: 7, efit: 1",,,,0,0,0,0,1,,
2026-03-30 08:22:50,33,19,19,0,"fit: 7, efit: 3","fit: 7, efit: 2",,,,0,0,0,0,1,,
2026-03-30 08:39:22,33,19,19,0,"fit: 7, efit: 4","fit: 7, efit: 3",,,,0,0,0,0,1,,
2026-03-30 08:45:29,33,19,19,0,"fit: 7, efit: 5","fit: 7, efit: 4",,,,0,0,0,0,1,,
2026-03-30 08:50:30,33,19,19,0,"fit: 8, efit: 5","fit: 8, efit: 4",,,,0,0,0,0,1,,
2026-03-30 08:57:56,33,19,19,0,"fit: 8, efit: 5","fit: 8, efit: 4",efit: 1,,,0,0,0,0,1,,
2026-03-30 09:12:59,33,19,19,0,"fit: 8, efit: 5","fit: 8, efit: 4",,,,0,0,0,0,1,,
2026-03-30 09:25:37,33,19,19,0,"fit: 8, efit: 5","fit: 8, efit: 4",efit: 1,,,0,0,0,0,1,,
2026-03-30 09:28:02,33,19,19,0,"fit: 8, efit: 5","fit: 8, efit: 4",,,,0,0,0,0,1,,
2026-03-30 09:29:29,33,19,19,0,"fit: 8, efit: 5","fit: 8, efit: 4",efit: 1,,,0,0,0,0,1,,
2026-03-30 09:53:06,33,19,19,0,"fit: 8, efit: 6","fit: 8, efit: 5",efit: 1,,,0,0,0,0,1,,
2026-03-30 10:03:08,33,19,19,0,"fit: 9, efit: 5","fit: 9, efit: 4",efit: 1,,,0,0,0,0,1,,
2026-03-30 10:13:09,33,19,19,0,"fit: 10, efit: 5","fit: 10, efit: 4",efit: 1,,,0,0,0,0,1,,
2026-03-30 10:18:10,33,19,19,0,"fit: 10, efit: 5","fit: 10, efit: 4",,,,0,0,0,0,1,,
2026-03-30 10:19:37,33,19,19,0,"fit: 7, efit: 6","fit: 7, efit: 4",efit: 1,,,0,0,0,0,1,,
2026-03-30 10:20:48,33,19,19,0,"fit: 5, efit: 6","fit: 5, efit: 4",efit: 1,,,0,0,0,0,1,,
2026-03-30 10:23:11,33,19,19,0,"fit: 5, efit: 6","fit: 5, efit: 4",,,,0,0,0,0,1,,
2026-03-30 10:24:38,33,19,19,0,"fit: 5, efit: 6","fit: 5, efit: 4",efit: 1,,,0,0,0,0,1,,
2026-03-30 10:28:12,33,19,19,0,"fit: 5, efit: 6","fit: 5, efit: 4",,,,0,0,0,0,1,,
2026-03-30 10:29:38,33,19,19,0,"fit: 5, efit: 6","fit: 5, efit: 4",efit: 1,,,0,0,0,0,1,,
2026-03-30 10:33:13,33,19,19,0,"fit: 5, efit: 6","fit: 5, efit: 4",,,,0,0,0,0,1,,
2026-03-30 10:34:39,33,19,19,0,"fit: 5, efit: 6","fit: 5, efit: 4",efit: 1,,,0,0,0,0,1,,
2026-03-30 10:55:55,33,19,19,0,"fit: 5, efit: 5","fit: 5, efit: 3",efit: 1,,,0,0,0,0,1,,
2026-03-30 11:03:18,33,19,19,0,"fit: 5, efit: 6","fit: 5, efit: 4",efit: 1,,,0,0,0,0,1,,
2026-03-30 11:04:44,33,19,19,0,"fit: 5, efit: 5","fit: 5, efit: 3",efit: 1,,,0,0,0,0,1,,
2026-03-30 11:08:19,33,19,19,0,"fit: 6, efit: 5","fit: 6, efit: 3",efit: 1,,,0,0,0,0,1,,
2026-03-30 11:13:20,33,19,19,0,"fit: 6, efit: 6","fit: 6, efit: 4",efit: 1,,,0,0,0,0,1,,
2026-03-30 11:14:46,33,19,19,0,"fit: 6, efit: 7","fit: 6, efit: 5",efit: 1,,,0,0,0,0,1,,
2026-03-30 11:21:00,33,19,19,0,"fit: 6, efit: 7","fit: 6, efit: 5",,,,0,0,0,0,1,,
2026-03-30 11:23:22,33,19,19,0,"fit: 6, efit: 6","fit: 6, efit: 4",efit: 1,,,0,0,0,0,1,,
2026-03-30 11:26:01,33,19,19,0,"fit: 6, efit: 6","fit: 6, efit: 4",,,,0,0,0,0,1,,
2026-03-30 11:28:23,33,19,19,0,"fit: 6, efit: 6","fit: 6, efit: 4",efit: 1,,,0,0,0,0,1,,
2026-03-30 11:31:02,33,19,19,0,"fit: 6, efit: 6","fit: 6, efit: 4",,,,0,0,0,0,1,,
2026-03-30 11:33:23,33,19,19,0,"fit: 6, efit: 7","fit: 6, efit: 5",efit: 1,,,0,0,0,0,1,,
2026-03-30 11:36:03,33,19,19,0,"fit: 6, efit: 7","fit: 6, efit: 5",,,,0,0,0,0,1,,
2026-03-30 11:38:24,33,19,19,0,"fit: 6, efit: 7","fit: 6, efit: 5",efit: 1,,,0,0,0,0,1,,
2026-03-30 11:41:04,33,19,19,0,"fit: 6, efit: 6","fit: 6, efit: 4",,,,0,0,0,0,1,,
2026-03-30 11:48:26,33,19,19,0,"fit: 6, efit: 8","fit: 6, efit: 6",,,,0,0,0,0,1,,
2026-03-30 11:53:27,33,19,19,0,"fit: 6, efit: 10","fit: 6, efit: 8",,,,0,0,0,0,1,,
2026-03-30 12:08:30,33,19,19,0,"fit: 6, efit: 10","fit: 6, efit: 9",,,,0,0,0,0,1,,
2026-03-30 12:26:13,33,19,19,0,"fit: 6, efit: 11","fit: 6, efit: 10",,,,0,0,0,0,1,,
2026-03-30 12:33:34,33,19,19,0,"fit: 6, efit: 12","fit: 6, efit: 11",,,,0,0,0,0,1,,
2026-03-30 12:51:18,33,19,19,0,"fit: 6, efit: 11","fit: 6, efit: 10",,,,0,0,0,0,1,,
2026-03-30 12:53:38,33,19,19,0,"fit: 6, efit: 10","fit: 6, efit: 9",,,,0,0,0,0,1,,
2026-03-30 12:55:02,33,19,19,0,"fit: 6, efit: 9","fit: 6, efit: 8",,,,0,0,0,0,1,,
2026-03-30 12:56:19,33,19,19,0,"fit: 6, efit: 10","fit: 6, efit: 8",,,,0,0,0,0,1,,
2026-03-30 13:03:40,33,19,19,0,"fit: 6, efit: 11","fit: 6, efit: 9",,,,0,0,0,0,1,,
2026-03-30 13:06:21,33,19,19,0,"fit: 6, efit: 12","fit: 6, efit: 10",,,,0,0,0,0,1,,
2026-03-30 13:23:43,33,19,19,0,"fit: 6, efit: 11","fit: 6, efit: 9",,,,0,0,0,0,1,,
2026-03-30 13:38:46,33,19,19,0,"fit: 6, efit: 11","fit: 6, efit: 10",,,,0,0,0,0,1,,
2026-03-30 13:43:47,33,19,19,0,"fit: 6, efit: 9","fit: 6, efit: 8",,,,0,0,0,0,1,,
2026-03-30 13:50:10,33,19,19,0,"fit: 6, efit: 7","fit: 6, efit: 6",,,,0,0,0,0,1,,
2026-03-30 13:53:49,33,19,19,0,"fit: 5, efit: 7","fit: 5, efit: 6",,,,0,0,0,0,1,,
2026-03-30 13:55:11,33,19,19,0,"fit: 5, efit: 6","fit: 5, efit: 5",,,,0,0,0,0,1,,
2026-03-30 13:56:31,33,19,19,0,"fit: 5, efit: 5","fit: 5, efit: 4",,,,0,0,0,0,1,,
2026-03-30 13:58:50,33,19,19,0,"fit: 5, efit: 2","fit: 5, efit: 1",,,,0,0,0,0,1,,
2026-03-30 14:05:13,33,19,19,0,"fit: 5, efit: 1",fit: 5,,,,0,0,0,0,1,,
2026-03-30 14:08:51,33,19,19,0,"fit: 5, efit: 2","fit: 5, efit: 2",,,,0,0,0,0,1,,
2026-03-30 14:15:14,33,19,19,0,"fit: 5, efit: 4","fit: 5, efit: 4",,,,0,0,0,0,1,,
2026-03-30 14:16:35,33,19,19,0,"fit: 5, efit: 2","fit: 5, efit: 2",,,,0,0,0,0,1,,
2026-03-30 14:18:53,33,19,19,0,"fit: 5, efit: 3","fit: 5, efit: 3",,,,0,0,0,0,1,,
2026-03-30 14:23:54,33,19,19,0,"fit: 5, efit: 7","fit: 5, efit: 7",,,,0,0,0,0,1,,
2026-03-30 14:31:38,33,19,19,0,"fit: 5, efit: 8","fit: 5, efit: 8",,,,0,0,0,0,1,,
2026-03-30 14:33:56,33,19,19,0,"fit: 5, efit: 7","fit: 5, efit: 7",,,,0,0,0,0,1,,
2026-03-30 14:38:56,33,19,19,0,"fit: 5, efit: 7","fit: 5, efit: 6",,,,0,0,0,0,1,,
2026-03-30 14:40:18,33,19,19,0,"fit: 5, efit: 9","fit: 5, efit: 8",,,,0,0,0,0,1,,
2026-03-30 14:41:40,33,19,19,0,"fit: 5, efit: 7","fit: 5, efit: 6",,,,0,0,0,0,1,,
2026-03-30 14:43:57,33,19,19,0,"fit: 6, efit: 7","fit: 6, efit: 6",,,,0,0,0,0,1,,
2026-03-30 14:45:19,33,19,19,0,"fit: 6, efit: 6","fit: 6, efit: 5",,,,0,0,0,0,1,,
2026-03-30 14:46:41,33,19,19,0,"fit: 6, efit: 5","fit: 6, efit: 4",,,,0,0,0,0,1,,
2026-03-30 14:53:59,33,19,19,0,"fit: 6, efit: 6","fit: 6, efit: 5",,,,0,0,0,0,1,,
2026-03-30 14:55:21,33,19,19,0,"fit: 7, efit: 6","fit: 7, efit: 5",,,,0,0,0,0,1,,
2026-03-30 14:59:00,33,19,19,0,"fit: 7, efit: 7","fit: 7, efit: 5",efit: 1,,,0,0,0,0,1,,
2026-03-30 15:00:21,33,19,19,0,"fit: 7, efit: 6","fit: 7, efit: 4",efit: 1,,,0,0,0,0,1,,
2026-03-30 15:05:22,33,19,19,0,"fit: 7, efit: 5","fit: 7, efit: 3",efit: 1,,,0,0,0,0,1,,
2026-03-30 15:09:02,33,19,19,0,"fit: 7, efit: 6","fit: 7, efit: 4",efit: 1,,,0,0,0,0,1,,
2026-03-30 15:10:23,33,19,19,0,"fit: 7, efit: 6","fit: 7, efit: 5",efit: 1,,,0,0,0,0,1,,
2026-03-30 15:14:03,33,19,19,0,"fit: 8, efit: 7","fit: 8, efit: 6",efit: 1,,,0,0,0,0,1,,
2026-03-30 15:15:24,33,19,19,0,"fit: 8, efit: 6","fit: 8, efit: 5",efit: 1,,,0,0,0,0,1,,
2026-03-30 15:19:04,33,19,19,0,"fit: 8, efit: 7","fit: 8, efit: 6",efit: 1,,,0,0,0,0,1,,
2026-03-30 15:29:06,33,19,19,0,"fit: 8, efit: 6","fit: 8, efit: 5",efit: 1,,,0,0,0,0,1,,
2026-03-30 15:36:51,33,19,19,0,"fit: 9, efit: 5","fit: 9, efit: 4",efit: 1,,,0,0,0,0,1,,
2026-03-30 15:45:29,33,19,19,0,"fit: 9, efit: 4","fit: 9, efit: 3",efit: 1,,,0,0,0,0,1,,
2026-03-30 15:46:53,33,19,19,0,"fit: 9, efit: 5","fit: 9, efit: 4",efit: 1,,,0,0,0,0,1,,
2026-03-30 15:49:09,33,19,19,0,"fit: 9, efit: 2","fit: 9, efit: 1",efit: 1,,,0,0,0,0,1,,
2026-03-30 16:11:58,33,19,19,0,"fit: 8, efit: 2","fit: 8, efit: 1",efit: 1,,,0,0,0,0,1,,
2026-03-30 16:22:01,33,19,19,0,"fit: 7, efit: 1",fit: 7,efit: 1,,,0,0,0,0,1,,
2026-03-30 16:24:15,33,19,19,0,"fit: 8, efit: 1",fit: 8,efit: 1,,,0,0,0,0,1,,
2026-03-30 16:25:35,33,19,19,0,"fit: 7, efit: 1",fit: 7,efit: 1,,,0,0,0,0,1,,
2026-03-30 16:34:17,33,19,19,0,"fit: 4, efit: 1",fit: 4,efit: 1,,,0,0,0,0,1,,
2026-03-30 16:39:18,33,19,19,0,"fit: 3, efit: 1",fit: 3,efit: 1,,,0,0,0,0,1,,
2026-03-30 16:57:08,33,19,19,0,"fit: 4, efit: 1",fit: 4,efit: 1,,,0,0,0,0,1,,
2026-03-30 17:09:23,33,19,19,0,"fit: 4, efit: 2","fit: 4, efit: 1",efit: 1,,,0,0,0,0,1,,
2026-03-30 17:10:42,33,19,19,0,"fit: 4, efit: 1",fit: 4,efit: 1,,,0,0,0,0,1,,
2026-03-30 17:20:44,33,19,19,0,"fit: 3, efit: 1",fit: 3,efit: 1,,,0,0,0,0,1,,
2026-03-30 17:22:13,33,19,19,0,"fit: 2, efit: 1",fit: 2,efit: 1,,,0,0,0,0,1,,
2026-03-30 17:30:45,33,19,19,0,"fit: 1, efit: 1",fit: 1,efit: 1,,,0,0,0,0,1,,
2026-03-30 17:40:47,33,19,19,0,"fit: 2, efit: 1",fit: 2,efit: 1,,,0,0,0,0,1,,
2026-03-30 17:42:17,33,19,19,0,"fit: 3, efit: 1",fit: 3,efit: 1,,,0,0,0,0,1,,
2026-03-30 17:55:49,33,19,19,0,"fit: 2, efit: 1",fit: 2,efit: 1,,,0,0,0,0,1,,
2026-03-30 18:00:50,33,19,19,0,"fit: 2, efit: 2","fit: 2, efit: 1",efit: 1,,,0,0,0,0,1,,
2026-03-30 18:04:33,33,19,19,0,"fit: 2, efit: 1",fit: 2,efit: 1,,,0,0,0,0,1,,
2026-03-30 18:19:36,33,19,19,0,"fit: 2, efit: 2","fit: 2, efit: 1",efit: 1,,,0,0,0,0,1,,
2026-03-30 18:29:38,33,19,19,0,"fit: 2, efit: 1",fit: 2,efit: 1,,,0,0,0,0,1,,
2026-03-30 18:32:27,33,19,19,0,"fit: 1, efit: 1",fit: 1,efit: 1,,,0,0,0,0,1,,
2026-03-30 18:37:28,33,19,19,0,"fit: 1, efit: 2","fit: 1, efit: 1",efit: 1,,,0,0,0,0,1,,
2026-03-30 18:45:57,33,19,19,0,"fit: 1, efit: 1",fit: 1,efit: 1,,,0,0,0,0,1,,
2026-03-30 18:49:41,33,19,19,0,"fit: 1, efit: 2","fit: 1, efit: 1",efit: 1,,,0,0,0,0,1,,
2026-03-30 18:50:58,33,19,19,0,"fit: 1, efit: 3","fit: 1, efit: 2",efit: 1,,,0,0,0,0,1,,
2026-03-30 18:54:42,33,19,19,0,"fit: 1, efit: 2","fit: 1, efit: 1",efit: 1,,,0,0,0,0,1,,
2026-03-30 19:02:33,33,19,19,0,efit: 2,efit: 1,efit: 1,,,0,0,0,0,1,,
2026-03-30 19:09:45,33,19,19,0,efit: 1,,efit: 1,,,0,0,0,0,1,,
2026-03-30 19:12:35,33,19,19,0,efit: 2,efit: 1,efit: 1,,,0,0,0,0,1,,
2026-03-30 19:17:36,33,19,19,0,efit: 1,,efit: 1,,,0,0,0,0,1,,
2026-03-30 19:34:49,33,19,19,0,efit: 4,efit: 2,efit: 1,,,0,0,0,0,1,,
2026-03-30 19:42:41,33,19,19,0,efit: 4,efit: 3,efit: 1,,,0,0,0,0,1,,
2026-03-30 19:46:07,33,19,19,0,efit: 3,efit: 2,efit: 1,,,0,0,0,0,1,,
2026-03-30 19:56:08,33,19,19,0,efit: 2,efit: 1,efit: 1,,,0,0,0,0,1,,
2026-03-30 20:02:45,33,19,19,0,efit: 1,,efit: 1,,,0,0,0,0,1,,
2026-03-30 20:09:55,33,19,19,0,efit: 4,efit: 3,efit: 1,,,0,0,0,0,1,,
2026-03-30 20:11:10,33,19,19,0,"fit: 1, efit: 2","fit: 1, efit: 1",efit: 1,,,0,0,0,0,1,,
2026-03-30 20:14:56,33,19,19,0,efit: 1,,efit: 1,,,0,0,0,0,1,,
2026-03-30 20:29:59,33,19,19,0,efit: 2,efit: 1,efit: 1,,,0,0,0,0,1,,
2026-03-30 20:32:51,33,19,19,0,"fit: 5, efit: 2","fit: 5, efit: 1",efit: 1,,,0,0,0,0,1,,
2026-03-30 20:35:00,33,19,19,0,"fit: 6, efit: 2","fit: 6, efit: 1",efit: 1,,,0,0,0,0,1,,
2026-03-30 20:36:14,33,19,19,0,"fit: 6, efit: 1",fit: 6,efit: 1,,,0,0,0,0,1,,
2026-03-30 20:46:15,33,19,19,0,"fit: 4, efit: 1",fit: 4,efit: 1,,,0,0,0,0,1,,
2026-03-30 21:31:22,33,19,19,0,"fit: 4, efit: 4","fit: 4, efit: 3",efit: 1,,,0,0,0,0,1,,
2026-03-30 21:33:04,33,19,19,0,"fit: 4, efit: 3","fit: 4, efit: 2",efit: 1,,,0,0,0,0,1,,
2026-03-30 21:35:11,33,19,19,0,"fit: 5, efit: 3","fit: 5, efit: 2",efit: 1,,,0,0,0,0,1,,
2026-03-30 21:36:23,33,19,19,0,"fit: 5, efit: 2","fit: 5, efit: 1",efit: 1,,,0,0,0,0,1,,
2026-03-30 21:53:08,33,19,19,0,"fit: 5, efit: 4","fit: 5, efit: 3",efit: 1,,,0,0,0,0,1,,
2026-03-30 21:55:14,33,19,19,0,"fit: 5, efit: 2","fit: 5, efit: 1",efit: 1,,,0,0,0,0,1,,
2026-03-30 22:13:11,33,19,19,0,"fit: 5, efit: 1",fit: 5,efit: 1,,,0,0,0,0,1,,
2026-03-30 22:16:29,33,19,19,0,"fit: 4, efit: 1",fit: 4,efit: 1,,,0,0,0,0,1,,
2026-03-30 22:30:20,33,19,19,0,"fit: 4, efit: 3","fit: 4, efit: 2",efit: 1,,,0,0,0,0,1,,
2026-03-30 22:31:31,33,19,19,0,"fit: 4, efit: 2","fit: 4, efit: 1",efit: 1,,,0,0,0,0,1,,
2026-03-30 23:08:22,33,19,19,0,"fit: 4, efit: 1",fit: 4,efit: 1,,,0,0,0,0,1,,
2026-03-31 00:00:36,33,19,19,0,"fit: 4, efit: 1",fit: 4,efit: 1,,,0,0,0,0,1,,
2026-03-31 00:13:35,33,19,19,0,"fit: 3, efit: 1",fit: 3,efit: 1,,,0,0,0,0,1,,
2026-03-31 00:15:39,33,19,19,0,"fit: 3, efit: 2","fit: 3, efit: 1",efit: 1,,,0,0,0,0,1,,
2026-03-31 00:18:35,33,19,19,0,"fit: 4, efit: 1",fit: 4,efit: 1,,,0,0,0,0,1,,
2026-03-31 00:20:39,33,19,19,0,"fit: 3, efit: 1",fit: 3,efit: 1,,,0,0,0,0,1,,
2026-03-31 00:21:47,33,19,19,0,"fit: 2, efit: 1",fit: 2,efit: 1,,,0,0,0,0,1,,
2026-03-31 00:30:41,33,19,19,0,"fit: 1, efit: 1",fit: 1,efit: 1,,,0,0,0,0,1,,
2026-03-31 00:55:45,33,19,19,0,efit: 1,,efit: 1,,,0,0,0,0,1,,
2026-03-31 07:41:54,33,19,19,0,efit: 2,efit: 1,efit: 1,,,0,0,0,0,1,,
2026-03-31 08:10:06,33,19,19,0,efit: 1,,efit: 1,,,0,0,0,0,1,,
2026-03-31 08:50:14,33,19,19,0,,,,,,0,0,0,0,1,,
2026-03-31 08:52:07,33,19,19,0,efit: 3,efit: 2,,,,0,0,0,0,1,,
2026-03-31 08:53:01,33,19,19,0,efit: 3,efit: 1,efit: 1,,,0,0,0,0,1,,
2026-03-31 08:55:15,33,19,19,0,efit: 3,efit: 1,,,,0,0,0,0,1,,
2026-03-31 09:20:20,33,19,19,0,efit: 3,efit: 2,,,,0,0,0,0,1,,
2026-03-31 09:25:21,33,19,19,0,efit: 4,efit: 3,,,,0,0,0,0,1,,
2026-03-31 09:40:24,33,19,19,0,efit: 5,efit: 4,,,,0,0,0,0,1,,
2026-03-31 09:50:26,33,19,19,0,efit: 6,efit: 6,,,,0,0,0,0,1,,
2026-03-31 10:02:19,33,19,19,0,efit: 7,efit: 7,,,,0,0,0,0,1,,
2026-03-31 10:27:24,33,19,19,0,efit: 6,efit: 6,,,,0,0,0,0,1,,
2026-03-31 10:30:35,33,19,19,0,efit: 7,efit: 7,,,,0,0,0,0,1,,
2026-03-31 10:35:36,33,19,19,0,efit: 6,efit: 6,,,,0,0,0,0,1,,
2026-03-31 10:40:37,33,19,19,0,efit: 5,efit: 5,,,,0,0,0,0,1,,
2026-03-31 10:43:18,33,19,19,0,efit: 6,efit: 6,,,,0,0,0,0,1,,
2026-03-31 10:45:38,33,19,19,0,efit: 6,efit: 5,efit: 1,,,0,0,0,0,1,,
2026-03-31 10:50:39,33,19,19,0,efit: 5,efit: 4,efit: 1,,,0,0,0,0,1,,
2026-03-31 10:55:40,33,19,19,0,efit: 6,efit: 5,efit: 1,,,0,0,0,0,1,,
2026-03-31 11:02:30,33,19,19,0,efit: 7,efit: 6,efit: 1,,,0,0,0,0,1,,
2026-03-31 11:03:21,33,19,19,0,efit: 8,efit: 7,efit: 1,,,0,0,0,0,1,,
2026-03-31 11:15:44,33,19,19,0,efit: 9,efit: 8,efit: 1,,,0,0,0,0,1,,
2026-03-31 11:17:33,33,19,19,0,efit: 10,efit: 9,efit: 1,,,0,0,0,0,1,,
2026-03-31 11:20:45,33,19,19,0,efit: 10,efit: 10,,,,0,0,0,0,1,,
2026-03-31 11:35:48,33,19,19,0,efit: 11,efit: 11,,,,0,0,0,0,1,,
2026-03-31 11:42:37,33,19,19,0,efit: 9,efit: 9,,,,0,0,0,0,1,,
2026-03-31 11:50:51,33,19,19,0,efit: 10,efit: 10,,,,0,0,0,0,1,,
2026-03-31 12:00:53,33,19,19,0,"fit: 1, efit: 10","fit: 1, efit: 10",,,,0,0,0,0,1,,
2026-03-31 12:15:56,33,19,19,0,"fit: 1, efit: 9","fit: 1, efit: 9",,,,0,0,0,0,1,,
2026-03-31 12:17:44,33,19,19,0,"fit: 1, efit: 11","fit: 1, efit: 11",,,,0,0,0,0,1,,
2026-03-31 12:20:57,33,19,19,0,"fit: 1, efit: 10","fit: 1, efit: 10",,,,0,0,0,0,1,,
2026-03-31 12:25:58,33,19,19,0,"fit: 1, efit: 11","fit: 1, efit: 11",,,,0,0,0,0,1,,
2026-03-31 12:30:59,33,19,19,0,"fit: 2, efit: 11","fit: 2, efit: 11",,,,0,0,0,0,1,,
2026-03-31 12:57:51,33,19,19,0,"fit: 2, efit: 12","fit: 2, efit: 12",,,,0,0,0,0,1,,
2026-03-31 13:11:08,33,19,19,0,"fit: 2, efit: 13","fit: 2, efit: 13",,,,0,0,0,0,1,,
2026-03-31 13:26:11,33,19,19,0,"fit: 2, efit: 12","fit: 2, efit: 12",,,,0,0,0,0,1,,
2026-03-31 13:27:56,33,19,19,0,"fit: 2, efit: 11","fit: 2, efit: 11",,,,0,0,0,0,1,,
2026-03-31 13:32:57,33,19,19,0,"fit: 2, efit: 12","fit: 2, efit: 12",,,,0,0,0,0,1,,
2026-03-31 13:38:46,33,19,19,0,"fit: 2, efit: 11","fit: 2, efit: 11",,,,0,0,0,0,1,,
2026-03-31 13:41:13,33,19,19,0,"fit: 2, efit: 10","fit: 2, efit: 10",,,,0,0,0,0,1,,
2026-03-31 13:42:59,33,19,19,0,"fit: 2, efit: 11","fit: 2, efit: 11",,,,0,0,0,0,1,,
2026-03-31 13:43:46,33,19,19,0,"fit: 2, efit: 12","fit: 2, efit: 12",,,,0,0,0,0,1,,
2026-03-31 13:48:00,33,19,19,0,"fit: 3, efit: 12","fit: 3, efit: 12",,,,0,0,0,0,1,,
2026-03-31 13:51:15,33,19,19,0,"fit: 3, efit: 11","fit: 3, efit: 11",,,,0,0,0,0,1,,
2026-03-31 13:56:16,33,19,19,0,"fit: 3, efit: 10","fit: 3, efit: 10",,,,0,0,0,0,1,,
2026-03-31 14:08:04,33,19,19,0,"fit: 3, efit: 11","fit: 3, efit: 11",,,,0,0,0,0,1,,
2026-03-31 14:21:21,33,19,19,0,"fit: 3, efit: 12","fit: 3, efit: 12",,,,0,0,0,0,1,,
2026-03-31 14:28:07,33,19,19,0,"fit: 3, efit: 9","fit: 3, efit: 9",,,,0,0,0,0,1,,
2026-03-31 14:33:54,33,19,19,0,"fit: 3, efit: 7","fit: 3, efit: 7",,,,0,0,0,0,1,,
2026-03-31 14:38:09,33,19,19,0,"fit: 3, efit: 6","fit: 3, efit: 6",,,,0,0,0,0,1,,
2026-03-31 14:38:55,33,19,19,0,"fit: 3, efit: 5","fit: 3, efit: 5",,,,0,0,0,0,1,,
2026-03-31 14:43:56,33,19,19,0,"fit: 3, efit: 6","fit: 3, efit: 6",,,,0,0,0,0,1,,
2026-03-31 14:46:27,33,19,19,0,"fit: 3, efit: 5","fit: 3, efit: 5",,,,0,0,0,0,1,,
2026-03-31 14:48:11,33,19,19,0,"fit: 4, efit: 4","fit: 4, efit: 4",,,,0,0,0,0,1,,
2026-03-31 14:51:28,33,19,19,0,"fit: 4, efit: 2","fit: 4, efit: 2",,,,0,0,0,0,1,,
2026-03-31 14:56:29,33,19,19,0,"fit: 4, efit: 1","fit: 4, efit: 1",,,,0,0,0,0,1,,
2026-03-31 14:58:12,33,19,19,0,"fit: 4, efit: 2","fit: 4, efit: 2",,,,0,0,0,0,1,,
2026-03-31 15:03:13,33,19,19,0,"fit: 4, efit: 3","fit: 4, efit: 3",,,,0,0,0,0,1,,
2026-03-31 15:16:33,33,19,19,0,"fit: 4, efit: 1","fit: 4, efit: 1",,,,0,0,0,0,1,,
2026-03-31 15:21:34,33,19,19,0,"fit: 4, efit: 2","fit: 4, efit: 2",,,,0,0,0,0,1,,
2026-03-31 15:28:18,33,19,19,0,"fit: 4, efit: 1","fit: 4, efit: 1",,,,0,0,0,0,1,,
2026-03-31 15:31:36,33,19,19,0,fit: 4,fit: 4,,,,0,0,0,0,1,,
2026-03-31 15:41:37,33,19,19,0,"fit: 4, efit: 1","fit: 4, efit: 1",,,,0,0,0,0,1,,
2026-03-31 15:46:38,33,19,19,0,fit: 4,fit: 4,,,,0,0,0,0,1,,
2026-03-31 15:56:40,33,19,19,0,fit: 3,fit: 3,,,,0,0,0,0,1,,
2026-03-31 16:01:41,33,19,19,0,fit: 2,fit: 2,,,,0,0,0,0,1,,
2026-03-31 16:06:42,33,19,19,0,"fit: 2, efit: 1","fit: 2, efit: 1",,,,0,0,0,0,1,,
2026-03-31 16:14:10,33,19,19,0,fit: 2,fit: 2,,,,0,0,0,0,1,,
2026-03-31 16:28:28,33,19,19,0,"fit: 2, efit: 1","fit: 2, efit: 1",,,,0,0,0,0,1,,
2026-03-31 16:41:49,33,19,19,0,fit: 2,fit: 2,,,,0,0,0,0,1,,
2026-03-31 16:43:31,33,19,19,0,fit: 1,fit: 1,,,,0,0,0,0,1,,
2026-03-31 16:44:14,33,19,19,0,"fit: 1, efit: 1","fit: 1, efit: 1",,,,0,0,0,0,1,,
2026-03-31 16:46:50,33,19,19,0,fit: 1,fit: 1,,,,0,0,0,0,1,,
2026-03-31 16:56:52,33,19,19,0,,,,,,0,0,0,0,1,,
2026-03-31 16:58:33,33,19,19,0,efit: 1,efit: 1,,,,0,0,0,0,1,,
2026-03-31 17:03:34,33,19,19,0,efit: 2,efit: 2,,,,0,0,0,0,1,,
2026-03-31 17:06:54,33,19,19,0,efit: 3,efit: 3,,,,0,0,0,0,1,,
2026-03-31 17:11:55,33,19,19,0,efit: 1,efit: 1,,,,0,0,0,0,1,,
2026-03-31 17:13:36,33,19,19,0,,,,,,0,0,0,0,1,,
2026-03-31 17:47:03,33,19,19,0,efit: 1,efit: 1,,,,0,0,0,0,1,,
2026-03-31 17:48:42,33,19,19,0,,,,,,0,0,0,0,1,,
2026-03-31 17:49:25,33,19,19,0,efit: 1,efit: 1,,,,0,0,0,0,1,,
2026-03-31 17:52:04,33,19,19,0,,,,,,0,0,0,0,1,,
2026-03-31 17:59:26,33,19,19,0,fit: 1,fit: 1,,,,0,0,0,0,1,,
2026-03-31 18:02:06,33,19,19,0,"fit: 1, efit: 2","fit: 1, efit: 2",,,,0,0,0,0,1,,
2026-03-31 18:17:09,33,19,19,0,fit: 1,fit: 1,,,,0,0,0,0,1,,
2026-03-31 18:23:49,33,19,19,0,,,,,,0,0,0,0,1,,
2026-03-31 18:24:30,33,19,19,0,efit: 1,efit: 1,,,,0,0,0,0,1,,
2026-03-31 18:27:11,33,19,19,0,efit: 2,efit: 2,,,,0,0,0,0,1,,
2026-03-31 18:29:31,33,19,19,0,efit: 1,efit: 1,,,,0,0,0,0,1,,
2026-03-31 18:32:12,33,19,19,0,,,,,,0,0,0,0,1,,
2026-03-31 18:33:50,33,19,19,0,efit: 1,efit: 1,,,,0,0,0,0,1,,
2026-03-31 18:49:34,33,19,19,0,,,,,,0,0,0,0,1,,
2026-03-31 19:08:56,33,19,19,0,efit: 1,efit: 1,,,,0,0,0,0,1,,
2026-03-31 19:09:37,33,19,19,0,,,,,,0,0,0,0,1,,
2026-03-31 19:18:58,33,19,19,0,fit: 1,fit: 1,,,,0,0,0,0,1,,
2026-03-31 19:22:22,33,19,19,0,,,,,,0,0,0,0,1,,
2026-03-31 19:24:40,33,19,19,0,fit: 1,fit: 1,,,,0,0,0,0,1,,
2026-03-31 19:29:00,33,19,19,0,,,,,,0,0,0,0,1,,
2026-03-31 19:57:29,33,19,19,0,"fit: 1, efit: 1","fit: 1, efit: 1",,,,0,0,0,0,1,,
2026-03-31 19:59:05,33,19,19,0,fit: 1,fit: 1,,,,0,0,0,0,1,,
2026-03-31 20:09:07,33,19,19,0,"fit: 1, efit: 1","fit: 1, efit: 1",,,,0,0,0,0,1,,
2026-03-31 20:17:33,33,19,19,0,"fit: 1, efit: 2","fit: 1, efit: 2",,,,0,0,0,0,1,,
2026-03-31 20:19:09,33,19,19,0,"fit: 1, efit: 3","fit: 1, efit: 3",,,,0,0,0,0,1,,
2026-03-31 20:19:48,33,19,19,0,"fit: 1, efit: 2","fit: 1, efit: 2",,,,0,0,0,0,1,,
2026-03-31 20:24:10,33,19,19,0,fit: 1,fit: 1,,,,0,0,0,0,1,,
2026-03-31 20:27:35,33,19,19,0,,,,,,0,0,0,0,1,,
2026-03-31 20:42:38,33,19,19,0,"fit: 1, efit: 1","fit: 1, efit: 1",,,,0,0,0,0,1,,
2026-03-31 20:44:52,33,19,19,0,"fit: 1, efit: 2","fit: 1, efit: 2",,,,0,0,0,0,1,,
2026-03-31 20:49:14,33,19,19,0,"fit: 1, efit: 1","fit: 1, efit: 1",,,,0,0,0,0,1,,
2026-03-31 20:49:53,33,19,19,0,fit: 1,fit: 1,,,,0,0,0,0,1,,
2026-03-31 21:07:43,33,19,19,0,"fit: 1, efit: 1","fit: 1, efit: 1",,,,0,0,0,0,1,,
2026-03-31 21:12:44,33,19,19,0,fit: 1,fit: 1,,,,0,0,0,0,1,,
2026-03-31 21:24:20,33,19,19,0,fit: 2,fit: 2,,,,0,0,0,0,1,,
2026-03-31 21:24:58,33,19,19,0,"fit: 2, efit: 1","fit: 2, efit: 1",,,,0,0,0,0,1,,
2026-03-31 21:42:50,33,19,19,0,"fit: 2, efit: 2","fit: 2, efit: 2",,,,0,0,0,0,1,,
2026-03-31 21:50:03,33,19,19,0,"fit: 2, efit: 3","fit: 2, efit: 3",,,,0,0,0,0,1,,
2026-03-31 21:52:52,33,19,19,0,"fit: 3, efit: 4","fit: 3, efit: 4",,,,0,0,0,0,1,,
2026-03-31 21:54:25,33,19,19,0,"fit: 3, efit: 3","fit: 3, efit: 3",,,,0,0,0,0,1,,
2026-03-31 21:55:03,33,19,19,0,"fit: 3, efit: 1","fit: 3, efit: 1",,,,0,0,0,0,1,,
2026-03-31 21:57:53,33,19,19,0,"fit: 3, efit: 3","fit: 3, efit: 3",,,,0,0,0,0,1,,
2026-03-31 22:04:27,33,19,19,0,"fit: 3, efit: 2","fit: 3, efit: 2",,,,0,0,0,0,1,,
2026-03-31 22:09:28,33,19,19,0,"fit: 5, efit: 2","fit: 5, efit: 2",,,,0,0,0,0,1,,
2026-03-31 22:12:56,33,19,19,0,"fit: 5, efit: 1","fit: 5, efit: 1",,,,0,0,0,0,1,,
2026-03-31 22:14:29,33,19,19,0,fit: 5,fit: 5,,,,0,0,0,0,1,,
2026-03-31 22:19:29,33,19,19,0,"fit: 5, efit: 2","fit: 5, efit: 2",,,,0,0,0,0,1,,
2026-03-31 22:22:58,33,19,19,0,fit: 5,fit: 5,,,,0,0,0,0,1,,
2026-03-31 22:25:08,33,19,19,0,fit: 4,fit: 4,,,,0,0,0,0,1,,
2026-03-31 22:27:59,33,19,19,0,fit: 3,fit: 3,,,,0,0,0,0,1,,
2026-03-31 22:38:01,33,19,19,0,fit: 2,fit: 2,,,,0,0,0,0,1,,
2026-03-31 22:43:02,33,19,19,0,"fit: 2, efit: 3","fit: 2, efit: 3",,,,0,0,0,0,1,,
2026-03-31 22:44:34,33,19,19,0,"fit: 2, efit: 2","fit: 2, efit: 2",,,,0,0,0,0,1,,
2026-03-31 23:00:13,33,19,19,0,"fit: 2, efit: 1","fit: 2, efit: 1",,,,0,0,0,0,1,,
2026-03-31 23:13:55,33,19,19,0,fit: 3,fit: 3,,,,0,0,0,0,1,,
2026-03-31 23:14:14,33,19,19,0,fit: 2,fit: 2,,,,0,0,0,0,1,,
2026-03-31 23:33:59,33,19,19,0,fit: 1,fit: 1,,,,0,0,0,0,1,,
2026-03-31 23:49:02,33,19,19,0,,,,,,0,0,0,0,1,,
2026-04-01 00:04:05,33,19,19,0,,,,,,0,0,0,0,1,,
2026-04-01 08:45:46,33,19,19,0,fit: 1,fit: 1,,,,0,0,0,0,1,,
2026-04-01 09:10:51,33,19,19,0,"fit: 1, efit: 1","fit: 1, efit: 1",,,,0,0,0,0,1,,
2026-04-01 09:20:53,33,19,19,0,"fit: 1, efit: 2","fit: 1, efit: 2",,,,0,0,0,0,1,,
2026-04-01 10:00:59,33,19,19,0,"fit: 1, efit: 1","fit: 1, efit: 1",,,,0,0,0,0,1,,
2026-04-01 10:26:48,33,19,19,0,"fit: 2, efit: 1","fit: 2, efit: 1",,,,0,0,0,0,1,,
2026-04-01 10:31:02,33,19,19,0,"fit: 2, efit: 2","fit: 2, efit: 2",,,,0,0,0,0,1,,
2026-04-01 10:56:06,33,19,19,0,"fit: 2, efit: 1","fit: 2, efit: 1",,,,0,0,0,0,1,,
2026-04-01 11:31:12,33,19,19,0,"fit: 2, efit: 2","fit: 2, efit: 2",,,,0,0,0,0,1,,
2026-04-01 11:41:13,33,19,19,0,"fit: 2, efit: 1","fit: 2, efit: 1",,,,0,0,0,0,1,,
2026-04-01 11:51:15,33,19,19,0,fit: 2,fit: 2,,,,0,0,0,0,1,,
2026-04-01 12:01:17,33,19,19,0,"fit: 2, efit: 1","fit: 2, efit: 1",,,,0,0,0,0,1,,
2026-04-01 12:16:19,33,19,19,0,"fit: 2, efit: 2","fit: 2, efit: 2",,,,0,0,0,0,1,,
2026-04-01 12:41:23,33,19,19,0,"fit: 2, efit: 3","fit: 2, efit: 3",,,,0,0,0,0,1,,
2026-04-01 12:56:26,33,19,19,0,"fit: 2, efit: 4","fit: 2, efit: 4",,,,0,0,0,0,1,,
2026-04-01 13:01:27,33,19,19,0,"fit: 2, efit: 3","fit: 2, efit: 3",,,,0,0,0,0,1,,
2026-04-01 13:06:28,33,19,19,0,"fit: 2, efit: 5","fit: 2, efit: 5",,,,0,0,0,0,1,,
2026-04-01 13:07:22,33,19,19,0,"fit: 2, efit: 6","fit: 2, efit: 6",,,,0,0,0,0,1,,
2026-04-01 13:11:29,33,19,19,0,"fit: 2, efit: 7","fit: 2, efit: 7",,,,0,0,0,0,1,,
2026-04-01 13:21:30,33,19,19,0,"fit: 2, efit: 8","fit: 2, efit: 8",,,,0,0,0,0,1,,
2026-04-01 13:26:31,33,19,19,0,"fit: 2, efit: 9","fit: 2, efit: 9",,,,0,0,0,0,1,,
2026-04-01 13:31:32,33,19,19,0,"fit: 2, efit: 10","fit: 2, efit: 10",,,,0,0,0,0,1,,
2026-04-01 13:36:33,33,19,19,0,"fit: 2, efit: 8","fit: 2, efit: 8",,,,0,0,0,0,1,,
2026-04-01 13:41:34,33,19,19,0,"fit: 2, efit: 9","fit: 2, efit: 9",,,,0,0,0,0,1,,
2026-04-01 13:51:35,33,19,19,0,"fit: 2, efit: 8","fit: 2, efit: 8",,,,0,0,0,0,1,,
2026-04-01 13:56:36,33,19,19,0,"fit: 2, efit: 6","fit: 2, efit: 6",,,,0,0,0,0,1,,
2026-04-01 14:01:37,33,19,19,0,"fit: 2, efit: 7","fit: 2, efit: 7",,,,0,0,0,0,1,,
2026-04-01 14:06:38,33,19,19,0,"fit: 2, efit: 5","fit: 2, efit: 5",,,,0,0,0,0,1,,
2026-04-01 14:07:35,33,19,19,0,"fit: 3, efit: 5","fit: 3, efit: 5",,,,0,0,0,0,1,,
2026-04-01 14:11:38,33,19,19,0,"fit: 3, efit: 6","fit: 3, efit: 6",,,,0,0,0,0,1,,
2026-04-01 14:16:39,33,19,19,0,"fit: 3, efit: 7","fit: 3, efit: 7",,,,0,0,0,0,1,,
2026-04-01 14:21:40,33,19,19,0,"fit: 4, efit: 4","fit: 4, efit: 4",,,,0,0,0,0,1,,
2026-04-01 14:26:41,33,19,19,0,"fit: 4, efit: 5","fit: 4, efit: 5",,,,0,0,0,0,1,,
2026-04-01 14:36:43,33,19,19,0,"fit: 4, efit: 4","fit: 4, efit: 4",,,,0,0,0,0,1,,
2026-04-01 14:46:44,33,19,19,0,"fit: 4, efit: 5","fit: 4, efit: 5",,,,0,0,0,0,1,,
2026-04-01 14:51:45,33,19,19,0,"fit: 4, efit: 6","fit: 4, efit: 6",,,,0,0,0,0,1,,
2026-04-01 14:52:44,33,19,19,0,"fit: 4, efit: 7","fit: 4, efit: 7",,,,0,0,0,0,1,,
2026-04-01 14:56:46,33,19,19,0,"fit: 4, efit: 10","fit: 4, efit: 10",,,,0,0,0,0,1,,
2026-04-01 15:02:46,33,19,19,0,"fit: 5, efit: 10","fit: 5, efit: 10",,,,0,0,0,0,1,,
2026-04-01 15:11:48,33,19,19,0,"fit: 5, efit: 9","fit: 5, efit: 9",,,,0,0,0,0,1,,
2026-04-01 15:26:51,33,19,19,0,"fit: 5, efit: 6","fit: 5, efit: 6",,,,0,0,0,0,1,,
2026-04-01 15:31:52,33,19,19,0,"fit: 5, efit: 4","fit: 5, efit: 4",,,,0,0,0,0,1,,
2026-04-01 15:42:55,33,19,19,0,"fit: 5, efit: 3","fit: 5, efit: 3",,,,0,0,0,0,1,,
2026-04-01 15:56:56,33,19,19,0,"fit: 5, efit: 1","fit: 5, efit: 1",,,,0,0,0,0,1,,
2026-04-01 16:01:56,33,19,19,0,"fit: 5, efit: 2","fit: 5, efit: 2",,,,0,0,0,0,1,,
2026-04-01 16:22:00,33,19,19,0,fit: 5,fit: 5,,,,0,0,0,0,1,,
2026-04-01 16:27:01,33,19,19,0,"fit: 4, efit: 1","fit: 4, efit: 1",,,,0,0,0,0,1,,
2026-04-01 16:28:04,33,19,19,0,fit: 4,fit: 4,,,,0,0,0,0,1,,
2026-04-01 16:32:02,33,19,19,0,"fit: 4, efit: 1","fit: 4, efit: 1",,,,0,0,0,0,1,,
2026-04-01 16:42:04,33,19,19,0,"fit: 5, efit: 1","fit: 5, efit: 1",,,,0,0,0,0,1,,
2026-04-01 16:57:06,33,19,19,0,fit: 5,fit: 5,,,,0,0,0,0,1,,
2026-04-01 17:07:08,33,19,19,0,"fit: 5, efit: 1","fit: 5, efit: 1",,,,0,0,0,0,1,,
2026-04-01 17:17:09,33,19,19,0,"fit: 5, efit: 2","fit: 5, efit: 2",,,,0,0,0,0,1,,
2026-04-01 17:37:13,33,19,19,0,"fit: 5, efit: 1","fit: 5, efit: 1",,,,0,0,0,0,1,,
2026-04-01 17:38:19,33,19,19,0,"fit: 5, efit: 2","fit: 5, efit: 2",,,,0,0,0,0,1,,
2026-04-01 17:43:20,33,19,19,0,"fit: 6, efit: 1","fit: 6, efit: 1",,,,0,0,0,0,1,,
2026-04-01 17:47:14,33,19,19,0,fit: 7,fit: 7,,,,0,0,0,0,1,,
2026-04-01 17:52:15,33,19,19,0,"fit: 6, efit: 1","fit: 6, efit: 1",,,,0,0,0,0,1,,
2026-04-01 18:02:17,33,19,19,0,fit: 6,fit: 6,,,,0,0,0,0,1,,
2026-04-01 18:12:19,33,19,19,0,fit: 5,fit: 5,,,,0,0,0,0,1,,
2026-04-01 18:17:19,33,19,19,0,fit: 3,fit: 3,,,,0,0,0,0,1,,
2026-04-01 18:22:20,33,19,19,0,fit: 2,fit: 2,,,,0,0,0,0,1,,
2026-04-01 18:52:25,33,19,19,0,fit: 1,fit: 1,,,,0,0,0,0,1,,
2026-04-01 19:02:27,33,19,19,0,"fit: 1, efit: 1","fit: 1, efit: 1",,,,0,0,0,0,1,,
2026-04-01 19:07:28,33,19,19,0,fit: 1,fit: 1,,,,0,0,0,0,1,,
2026-04-01 19:17:30,33,19,19,0,,,,,,0,0,0,0,1,,
2026-04-01 19:18:40,33,19,19,0,efit: 1,efit: 1,,,,0,0,0,0,1,,
2026-04-01 19:32:32,33,19,19,0,,,,,,0,0,0,0,1,,
2026-04-01 19:57:36,33,19,19,0,efit: 1,efit: 1,,,,0,0,0,0,1,,
2026-04-01 20:27:41,33,19,19,0,,,,,,0,0,0,0,1,,
2026-04-01 22:23:01,33,19,19,0,efit: 2,efit: 2,,,,0,0,0,0,1,,
2026-04-02 00:03:17,33,19,19,0,efit: 2,efit: 2,,,,0,0,0,0,1,,
2026-04-02 00:23:20,33,19,19,0,efit: 3,efit: 3,,,,0,0,0,0,1,,
2026-04-02 01:33:32,33,19,19,0,efit: 4,efit: 4,,,,0,0,0,0,1,,
2026-04-02 04:13:57,33,19,19,0,efit: 1,efit: 1,,,,0,0,0,0,1,,
2026-04-02 07:44:30,33,19,19,0,efit: 2,efit: 2,,,,0,0,0,0,1,,
2026-04-02 08:09:35,33,19,19,0,efit: 1,efit: 1,,,,0,0,0,0,1,,
2026-04-02 08:25:22,33,19,19,0,efit: 2,efit: 1,,,,0,0,0,0,1,,
2026-04-02 08:36:25,33,19,19,0,"fit: 1, efit: 2","fit: 1, efit: 1",,,,0,0,0,0,1,,
2026-04-02 09:14:45,33,19,19,0,"fit: 1, efit: 2","fit: 1, efit: 2",,,,0,0,0,0,1,,
2026-04-02 09:21:34,33,19,19,0,"fit: 1, efit: 1","fit: 1, efit: 1",,,,0,0,0,0,1,,
2026-04-02 09:29:48,33,19,19,0,"fit: 1, efit: 1",fit: 1,,,,0,0,0,0,1,,
2026-04-02 09:36:37,33,19,19,0,"fit: 1, efit: 2","fit: 1, efit: 1",,,,0,0,0,0,1,,
2026-04-02 09:39:49,33,19,19,0,"fit: 1, efit: 3","fit: 1, efit: 2",,,,0,0,0,0,1,,
2026-04-02 09:44:50,33,19,19,0,"fit: 1, efit: 4","fit: 1, efit: 3",,,,0,0,0,0,1,,
2026-04-02 09:45:38,33,19,19,0,"fit: 1, efit: 5","fit: 1, efit: 3",,,,0,0,0,0,1,,
2026-04-02 09:54:52,33,19,19,0,"fit: 2, efit: 5","fit: 2, efit: 3",,,,0,0,0,0,1,,
2026-04-02 10:14:55,33,19,19,0,"fit: 2, efit: 5","fit: 2, efit: 5",,,,0,0,0,0,1,,
2026-04-02 10:19:56,33,19,19,0,"fit: 2, efit: 5","fit: 2, efit: 4",efit: 1,,,0,0,0,0,1,,
2026-04-02 10:36:50,33,19,19,0,"fit: 2, efit: 6","fit: 2, efit: 4",efit: 1,,,0,0,0,0,1,,
2026-04-02 10:39:59,33,19,19,0,"fit: 2, efit: 5","fit: 2, efit: 3",efit: 1,,,0,0,0,0,1,,
2026-04-02 10:50:02,33,19,19,0,"fit: 2, efit: 4","fit: 2, efit: 1",efit: 1,,,0,0,0,0,1,,
2026-04-02 10:55:03,33,19,19,0,"fit: 1, efit: 4","fit: 1, efit: 1",efit: 1,,,0,0,0,0,1,,
2026-04-02 10:55:52,33,19,19,0,"fit: 1, efit: 5","fit: 1, efit: 2",efit: 1,,,0,0,0,0,1,,
2026-04-02 11:00:03,33,19,19,0,"fit: 1, efit: 6","fit: 1, efit: 3",efit: 1,,,0,0,0,0,1,,
2026-04-02 11:00:53,33,19,19,0,"fit: 2, efit: 6","fit: 2, efit: 3",efit: 1,,,0,0,0,0,1,,
2026-04-02 11:05:04,33,19,19,0,"fit: 2, efit: 8","fit: 2, efit: 4",efit: 1,,,0,0,0,0,1,,
2026-04-02 11:10:05,33,19,19,0,"fit: 1, efit: 8","fit: 1, efit: 4",efit: 1,,,0,0,0,0,1,,
2026-04-02 11:27:01,33,19,19,0,"fit: 1, efit: 9","fit: 1, efit: 4",efit: 1,,,0,0,0,0,1,,
2026-04-02 11:30:08,33,19,19,0,"fit: 2, efit: 8","fit: 2, efit: 3",efit: 1,,,0,0,0,0,1,,
2026-04-02 11:35:09,33,19,19,0,"fit: 2, efit: 10","fit: 2, efit: 5",efit: 1,,,0,0,0,0,1,,
2026-04-02 11:45:11,33,19,19,0,"fit: 2, efit: 10","fit: 2, efit: 7",efit: 1,,,0,0,0,0,1,,
2026-04-02 11:50:12,33,19,19,0,"fit: 3, efit: 9","fit: 3, efit: 6",efit: 1,,,0,0,0,0,1,,
2026-04-02 11:51:04,33,19,19,0,"fit: 3, efit: 10","fit: 3, efit: 7",efit: 1,,,0,0,0,0,1,,
2026-04-02 11:56:05,33,19,19,0,"fit: 3, efit: 9","fit: 3, efit: 6",efit: 1,,,0,0,0,0,1,,
2026-04-02 12:00:13,33,19,19,0,"fit: 4, efit: 9","fit: 4, efit: 6",efit: 1,,,0,0,0,0,1,,
2026-04-02 12:01:06,33,19,19,0,"fit: 4, efit: 8","fit: 4, efit: 5",efit: 1,,,0,0,0,0,1,,
2026-04-02 12:02:08,33,19,19,0,"fit: 4, efit: 7","fit: 4, efit: 4",efit: 1,,,0,0,0,0,1,,
2026-04-02 12:10:15,33,19,19,0,"fit: 4, efit: 9","fit: 4, efit: 6",efit: 1,,,0,0,0,0,1,,
2026-04-02 12:15:16,33,19,19,0,"fit: 4, efit: 8","fit: 4, efit: 7",efit: 1,,,0,0,0,0,1,,
2026-04-02 12:17:11,33,19,19,0,"fit: 4, efit: 9","fit: 4, efit: 8",efit: 1,,,0,0,0,0,1,,
2026-04-02 12:20:17,33,19,19,0,"fit: 4, efit: 8","fit: 4, efit: 7",efit: 1,,,0,0,0,0,1,,
2026-04-02 12:21:10,33,19,19,0,"fit: 5, efit: 6","fit: 5, efit: 5",efit: 1,,,0,0,0,0,1,,
2026-04-02 12:25:18,33,19,19,0,"fit: 6, efit: 5","fit: 6, efit: 4",efit: 1,,,0,0,0,0,1,,
2026-04-02 12:27:13,33,19,19,0,"fit: 6, efit: 4","fit: 6, efit: 3",efit: 1,,,0,0,0,0,1,,
2026-04-02 12:30:18,33,19,19,0,"fit: 6, efit: 3","fit: 6, efit: 2",efit: 1,,,0,0,0,0,1,,
2026-04-02 12:40:20,33,19,19,0,"fit: 5, efit: 2","fit: 5, efit: 1",efit: 1,,,0,0,0,0,1,,
2026-04-02 12:42:16,33,19,19,0,"fit: 5, efit: 3","fit: 5, efit: 2",efit: 1,,,0,0,0,0,1,,
2026-04-02 12:45:21,33,19,19,0,"fit: 5, efit: 4","fit: 5, efit: 3",efit: 1,,,0,0,0,0,1,,
2026-04-02 12:50:22,33,19,19,0,"fit: 5, efit: 3","fit: 5, efit: 2",,,,0,0,0,0,1,,
2026-04-02 12:51:16,33,19,19,0,"fit: 5, efit: 3","fit: 5, efit: 2",efit: 1,,,0,0,0,0,1,,
2026-04-02 12:52:18,33,19,19,0,"fit: 5, efit: 4","fit: 5, efit: 3",efit: 1,,,0,0,0,0,1,,
2026-04-02 12:55:22,33,19,19,0,"fit: 5, efit: 1",fit: 5,efit: 1,,,0,0,0,0,1,,
2026-04-02 12:56:17,33,19,19,0,"fit: 4, efit: 1",fit: 4,efit: 1,,,0,0,0,0,1,,
2026-04-02 13:02:20,33,19,19,0,"fit: 4, efit: 4","fit: 4, efit: 3",efit: 1,,,0,0,0,0,1,,
2026-04-02 13:05:24,33,19,19,0,"fit: 5, efit: 4","fit: 5, efit: 3",efit: 1,,,0,0,0,0,1,,
2026-04-02 13:10:25,33,19,19,0,"fit: 5, efit: 5","fit: 5, efit: 4",efit: 1,,,0,0,0,0,1,,
2026-04-02 13:12:22,33,19,19,0,"fit: 5, efit: 4","fit: 5, efit: 3",efit: 1,,,0,0,0,0,1,,
2026-04-02 13:17:23,33,19,19,0,"fit: 5, efit: 5","fit: 5, efit: 4",efit: 1,,,0,0,0,0,1,,
2026-04-02 13:20:27,33,19,19,0,"fit: 5, efit: 3","fit: 5, efit: 2",efit: 1,,,0,0,0,0,1,,
2026-04-02 13:21:22,33,19,19,0,"fit: 5, efit: 4","fit: 5, efit: 3",efit: 1,,,0,0,0,0,1,,
2026-04-02 13:27:25,33,19,19,0,"fit: 5, efit: 2","fit: 5, efit: 1",efit: 1,,,0,0,0,0,1,,
2026-04-02 13:30:28,33,19,19,0,"fit: 5, efit: 4","fit: 5, efit: 2",efit: 1,,,0,0,0,0,1,,
2026-04-02 13:31:24,33,19,19,0,"fit: 5, efit: 5","fit: 5, efit: 3",efit: 1,,,0,0,0,0,1,,
2026-04-02 13:35:29,33,19,19,0,"fit: 5, efit: 4","fit: 5, efit: 2",efit: 1,,,0,0,0,0,1,,
2026-04-02 13:36:25,33,19,19,0,"fit: 5, efit: 3","fit: 5, efit: 1",efit: 1,,,0,0,0,0,1,,
2026-04-02 13:40:30,33,19,19,0,"fit: 5, efit: 2",fit: 5,efit: 1,,,0,0,0,0,1,,
2026-04-02 13:41:26,33,19,19,0,"fit: 5, efit: 3","fit: 5, efit: 1",efit: 1,,,0,0,0,0,1,,
2026-04-02 13:45:31,33,19,19,0,"fit: 5, efit: 4","fit: 5, efit: 2",efit: 1,,,0,0,0,0,1,,
2026-04-02 13:46:27,33,19,19,0,"fit: 5, efit: 3","fit: 5, efit: 2",efit: 1,,,0,0,0,0,1,,
2026-04-02 13:50:32,33,19,19,0,"fit: 5, efit: 2","fit: 5, efit: 1",efit: 1,,,0,0,0,0,1,,
2026-04-02 13:51:28,33,19,19,0,"fit: 5, efit: 1",fit: 5,efit: 1,,,0,0,0,0,1,,
2026-04-02 13:55:33,33,19,19,0,"fit: 4, efit: 2","fit: 4, efit: 1",efit: 1,,,0,0,0,0,1,,
2026-04-02 14:15:36,33,19,19,0,"fit: 5, efit: 2","fit: 5, efit: 1",efit: 1,,,0,0,0,0,1,,
2026-04-02 14:25:38,33,19,19,0,"fit: 5, efit: 3","fit: 5, efit: 2",efit: 1,,,0,0,0,0,1,,
2026-04-02 14:35:39,33,19,19,0,"fit: 5, efit: 4","fit: 5, efit: 3",efit: 1,,,0,0,0,0,1,,
2026-04-02 14:42:41,33,19,19,0,"fit: 5, efit: 3","fit: 5, efit: 2",efit: 1,,,0,0,0,0,1,,
2026-04-02 14:46:40,33,19,19,0,"fit: 6, efit: 3","fit: 6, efit: 2",efit: 1,,,0,0,0,0,1,,
2026-04-02 14:47:42,33,19,19,0,"fit: 6, efit: 2","fit: 6, efit: 1",efit: 1,,,0,0,0,0,1,,
2026-04-02 14:52:44,33,19,19,0,"fit: 6, efit: 1",fit: 6,efit: 1,,,0,0,0,0,1,,
2026-04-02 15:01:43,33,19,19,0,"fit: 6, efit: 2","fit: 6, efit: 1",efit: 1,,,0,0,0,0,1,,
2026-04-02 15:02:46,33,19,19,0,"fit: 6, efit: 3","fit: 6, efit: 2",efit: 1,,,0,0,0,0,1,,
2026-04-02 15:21:47,33,19,19,0,"fit: 6, efit: 2","fit: 6, efit: 1",efit: 1,,,0,0,0,0,1,,
2026-04-02 15:30:49,33,19,19,0,"fit: 6, efit: 1",fit: 6,efit: 1,,,0,0,0,0,1,,
2026-04-02 15:42:54,33,19,19,0,"fit: 6, efit: 2","fit: 6, efit: 1",efit: 1,,,0,0,0,0,1,,
2026-04-02 15:45:51,33,19,19,0,"fit: 5, efit: 3","fit: 5, efit: 1",efit: 1,,,0,0,0,0,1,,
2026-04-02 15:47:55,33,19,19,0,"fit: 4, efit: 3","fit: 4, efit: 1",efit: 1,,,0,0,0,0,1,,
2026-04-02 15:50:52,33,19,19,0,"fit: 3, efit: 3","fit: 3, efit: 1",efit: 1,,,0,0,0,0,1,,
2026-04-02 15:51:53,33,19,19,0,"fit: 2, efit: 3","fit: 2, efit: 1",efit: 1,,,0,0,0,0,1,,
2026-04-02 15:52:56,33,19,19,0,"fit: 2, efit: 2",fit: 2,efit: 1,,,0,0,0,0,1,,
2026-04-02 15:55:53,33,19,19,0,"fit: 1, efit: 2","fit: 1, efit: 1",efit: 1,,,0,0,0,0,1,,
2026-04-02 16:00:54,33,19,19,0,"fit: 1, efit: 1",fit: 1,efit: 1,,,0,0,0,0,1,,
2026-04-02 16:21:59,33,19,19,0,efit: 1,,efit: 1,,,0,0,0,0,1,,
2026-04-02 16:23:03,33,19,19,0,"fit: 3, efit: 1",fit: 3,efit: 1,,,0,0,0,0,1,,
2026-04-02 16:25:59,33,19,19,0,"fit: 2, efit: 1",fit: 2,efit: 1,,,0,0,0,0,1,,
2026-04-02 16:27:01,33,19,19,0,"fit: 1, efit: 1",fit: 1,efit: 1,,,0,0,0,0,1,,
2026-04-02 16:31:00,33,19,19,0,"fit: 1, efit: 3","fit: 1, efit: 2",efit: 1,,,0,0,0,0,1,,
2026-04-02 16:36:01,33,19,19,0,"fit: 1, efit: 4","fit: 1, efit: 3",efit: 1,,,0,0,0,0,1,,
2026-04-02 16:52:06,33,19,19,0,"fit: 1, efit: 5","fit: 1, efit: 4",efit: 1,,,0,0,0,0,1,,
2026-04-02 16:56:05,33,19,19,0,"fit: 1, efit: 1",fit: 1,efit: 1,,,0,0,0,0,1,,
2026-04-02 16:57:07,33,19,19,0,efit: 1,,efit: 1,,,0,0,0,0,1,,
2026-04-02 17:02:08,33,19,19,0,efit: 2,efit: 1,efit: 1,,,0,0,0,0,1,,
2026-04-02 17:03:12,33,19,19,0,efit: 3,efit: 2,efit: 1,,,0,0,0,0,1,,
2026-04-02 17:06:06,33,19,19,0,efit: 2,efit: 1,efit: 1,,,0,0,0,0,1,,
2026-04-02 17:17:11,33,19,19,0,efit: 3,efit: 2,efit: 1,,,0,0,0,0,1,,
2026-04-02 17:21:09,33,19,19,0,efit: 2,efit: 1,efit: 1,,,0,0,0,0,1,,
2026-04-02 17:22:12,33,19,19,0,efit: 1,,efit: 1,,,0,0,0,0,1,,
2026-04-02 17:36:11,33,19,19,0,"fit: 2, efit: 1",fit: 2,efit: 1,,,0,0,0,0,1,,
2026-04-02 17:42:16,33,19,19,0,"fit: 3, efit: 1",fit: 3,efit: 1,,,0,0,0,0,1,,
2026-04-02 17:43:20,33,19,19,0,"fit: 3, efit: 2","fit: 3, efit: 1",efit: 1,,,0,0,0,0,1,,
2026-04-02 17:46:13,33,19,19,0,"fit: 2, efit: 3","fit: 2, efit: 2",efit: 1,,,0,0,0,0,1,,
2026-04-02 17:48:21,33,19,19,0,"fit: 2, efit: 2","fit: 2, efit: 1",efit: 1,,,0,0,0,0,1,,
2026-04-02 17:52:18,33,19,19,0,"fit: 2, efit: 1",fit: 2,efit: 1,,,0,0,0,0,1,,
2026-04-02 18:01:16,33,19,19,0,"fit: 2, efit: 2","fit: 2, efit: 1",efit: 1,,,0,0,0,0,1,,
2026-04-02 18:02:20,33,19,19,0,"fit: 2, efit: 1",fit: 2,efit: 1,,,0,0,0,0,1,,
2026-04-02 18:03:25,33,19,19,0,"fit: 1, efit: 1",fit: 1,efit: 1,,,0,0,0,0,1,,
2026-04-02 18:18:28,33,19,19,0,"fit: 1, efit: 2","fit: 1, efit: 1",efit: 1,,,0,0,0,0,1,,
2026-04-02 18:22:24,33,19,19,0,"fit: 1, efit: 1",fit: 1,efit: 1,,,0,0,0,0,1,,
2026-04-02 18:26:20,33,19,19,0,efit: 2,,efit: 1,,,0,0,0,0,1,,
2026-04-02 18:28:30,33,19,19,0,efit: 4,efit: 2,efit: 1,,,0,0,0,0,1,,
2026-04-02 18:31:21,33,19,19,0,efit: 4,efit: 1,efit: 1,,,0,0,0,0,1,,
2026-04-02 18:38:32,33,19,19,0,efit: 5,efit: 2,efit: 1,,,0,0,0,0,1,,
2026-04-02 18:41:23,33,19,19,0,efit: 4,efit: 1,efit: 1,,,0,0,0,0,1,,
2026-04-02 18:42:28,33,19,19,0,"fit: 1, efit: 3",fit: 1,efit: 1,,,0,0,0,0,1,,
2026-04-02 18:46:24,33,19,19,0,efit: 3,,efit: 1,,,0,0,0,0,1,,
2026-04-02 18:48:34,33,19,19,0,efit: 4,efit: 2,efit: 1,,,0,0,0,0,1,,
2026-04-02 18:51:25,33,19,19,0,efit: 3,efit: 1,efit: 1,,,0,0,0,0,1,,
2026-04-02 18:53:35,33,19,19,0,efit: 2,,efit: 1,,,0,0,0,0,1,,
2026-04-02 19:13:40,33,19,19,0,efit: 3,efit: 1,efit: 1,,,0,0,0,0,1,,
2026-04-02 19:16:29,33,19,19,0,efit: 2,,efit: 1,,,0,0,0,0,1,,
2026-04-02 19:21:30,33,19,19,0,efit: 1,,efit: 1,,,0,0,0,0,1,,
2026-04-02 20:01:37,33,19,19,0,efit: 2,efit: 1,efit: 1,,,0,0,0,0,1,,
2026-04-02 20:03:51,33,19,19,0,efit: 1,,efit: 1,,,0,0,0,0,1,,
2026-04-02 20:56:46,33,19,19,0,efit: 2,efit: 1,efit: 1,,,0,0,0,0,1,,
2026-04-02 20:57:56,33,19,19,0,efit: 3,efit: 2,efit: 1,,,0,0,0,0,1,,
2026-04-02 21:56:56,33,19,19,0,efit: 2,efit: 1,efit: 1,,,0,0,0,0,1,,
2026-04-02 22:11:58,33,19,19,0,efit: 1,,efit: 1,,,0,0,0,0,1,,
2026-04-02 22:24:20,33,19,19,0,efit: 3,efit: 2,efit: 1,,,0,0,0,0,1,,
2026-04-02 23:13:23,33,19,19,0,efit: 2,efit: 1,efit: 1,,,0,0,0,0,1,,
2026-04-02 23:34:34,33,19,19,0,efit: 1,,efit: 1,,,0,0,0,0,1,,
2026-04-03 00:02:16,33,19,19,0,efit: 1,,efit: 1,,,0,0,0,0,1,,
2026-04-03 07:48:29,33,19,19,0,efit: 2,efit: 1,efit: 1,,,0,0,0,0,1,,
2026-04-03 08:53:40,33,19,19,0,efit: 4,efit: 3,efit: 1,,,0,0,0,0,1,,
2026-04-03 09:03:41,33,19,19,0,efit: 6,efit: 5,efit: 1,,,0,0,0,0,1,,
2026-04-03 09:05:20,33,19,19,0,efit: 7,efit: 5,,,,0,0,0,0,1,,
2026-04-03 09:06:30,33,19,19,0,efit: 6,efit: 5,,,,0,0,0,0,1,,
2026-04-03 09:08:42,33,19,19,0,efit: 7,efit: 5,,,,0,0,0,0,1,,
2026-04-03 09:10:21,33,19,19,0,efit: 6,efit: 4,,,,0,0,0,0,1,,
2026-04-03 09:30:25,33,19,19,0,efit: 7,efit: 5,,,,0,0,0,0,1,,
2026-04-03 09:40:27,33,19,19,0,efit: 7,efit: 4,,,,0,0,0,0,1,,
2026-04-03 09:45:28,33,19,19,0,efit: 8,efit: 4,,,,0,0,0,0,1,,
2026-04-03 09:46:39,33,19,19,0,efit: 7,efit: 3,,,,0,0,0,0,1,,
2026-04-03 09:48:49,33,19,19,0,"fit: 1, efit: 7","fit: 1, efit: 3",,,,0,0,0,0,1,,
2026-04-03 09:50:29,33,19,19,0,"fit: 1, efit: 8","fit: 1, efit: 4",,,,0,0,0,0,1,,
2026-04-03 09:56:41,33,19,19,0,"fit: 1, efit: 8","fit: 1, efit: 6",,,,0,0,0,0,1,,
2026-04-03 10:00:31,33,19,19,0,"fit: 1, efit: 10","fit: 1, efit: 8",,,,0,0,0,0,1,,
2026-04-03 10:01:42,33,19,19,0,"fit: 1, efit: 9","fit: 1, efit: 7",,,,0,0,0,0,1,,
2026-04-03 10:13:53,33,19,19,0,"fit: 1, efit: 10","fit: 1, efit: 8",,,,0,0,0,0,1,,
2026-04-03 10:26:47,33,19,19,0,"fit: 1, efit: 11","fit: 1, efit: 10",,,,0,0,0,0,1,,
2026-04-03 10:33:56,33,19,19,0,"fit: 1, efit: 12","fit: 1, efit: 11",,,,0,0,0,0,1,,
2026-04-03 10:40:40,33,19,19,0,"fit: 1, efit: 11","fit: 1, efit: 10",,,,0,0,0,0,1,,
2026-04-03 10:45:41,33,19,19,0,"fit: 1, efit: 12","fit: 1, efit: 11",,,,0,0,0,0,1,,
2026-04-03 10:54:00,33,19,19,0,"fit: 1, efit: 11","fit: 1, efit: 10",,,,0,0,0,0,1,,
2026-04-03 10:59:01,33,19,19,0,"fit: 1, efit: 12","fit: 1, efit: 11",,,,0,0,0,0,1,,
2026-04-03 11:19:04,33,19,19,0,"fit: 1, efit: 12","fit: 1, efit: 10",,,,0,0,0,0,1,,
2026-04-03 11:29:06,33,19,19,0,"fit: 1, efit: 12","fit: 1, efit: 11",,,,0,0,0,0,1,,
2026-04-03 11:30:50,33,19,19,0,"fit: 1, efit: 11","fit: 1, efit: 10",,,,0,0,0,0,1,,
2026-04-03 11:44:08,33,19,19,0,"fit: 1, efit: 12","fit: 1, efit: 11",,,,0,0,0,0,1,,
2026-04-03 11:45:53,33,19,19,0,"fit: 1, efit: 13","fit: 1, efit: 12",,,,0,0,0,0,1,,
2026-04-03 11:50:55,33,19,19,0,"fit: 1, efit: 14","fit: 1, efit: 13",,,,0,0,0,0,1,,
2026-04-03 11:55:56,33,19,19,0,"fit: 1, efit: 13","fit: 1, efit: 12",,,,0,0,0,0,1,,
2026-04-03 11:59:11,33,19,19,0,"fit: 1, efit: 12","fit: 1, efit: 11",,,,0,0,0,0,1,,
2026-04-03 12:04:12,33,19,19,0,"fit: 1, efit: 13","fit: 1, efit: 12",,,,0,0,0,0,1,,
2026-04-03 12:06:01,33,19,19,0,"fit: 1, efit: 12","fit: 1, efit: 11",,,,0,0,0,0,1,,
2026-04-03 12:09:13,33,19,19,0,"fit: 1, efit: 11","fit: 1, efit: 10",,,,0,0,0,0,1,,
2026-04-03 12:22:12,33,19,19,0,"fit: 1, efit: 10","fit: 1, efit: 9",,,,0,0,0,0,1,,
2026-04-03 12:54:21,33,19,19,0,"fit: 1, efit: 9","fit: 1, efit: 8",,,,0,0,0,0,1,,
2026-04-03 12:59:21,33,19,19,0,"fit: 1, efit: 6","fit: 1, efit: 6",,,,0,0,0,0,1,,
2026-04-03 13:06:14,33,19,19,0,"fit: 1, efit: 5","fit: 1, efit: 5",,,,0,0,0,0,1,,
2026-04-03 13:07:21,33,19,19,0,"fit: 1, efit: 4","fit: 1, efit: 4",,,,0,0,0,0,1,,
2026-04-03 13:09:23,33,19,19,0,"fit: 1, efit: 5","fit: 1, efit: 5",,,,0,0,0,0,1,,
2026-04-03 13:16:16,33,19,19,0,"fit: 2, efit: 5","fit: 2, efit: 5",,,,0,0,0,0,1,,
2026-04-03 13:29:26,33,19,19,0,"fit: 2, efit: 6","fit: 2, efit: 6",,,,0,0,0,0,1,,
2026-04-03 13:41:21,33,19,19,0,"fit: 2, efit: 7","fit: 2, efit: 7",,,,0,0,0,0,1,,
2026-04-03 13:47:30,33,19,19,0,"fit: 2, efit: 8","fit: 2, efit: 8",,,,0,0,0,0,1,,
2026-04-03 13:49:30,33,19,19,0,"fit: 2, efit: 6","fit: 2, efit: 6",,,,0,0,0,0,1,,
2026-04-03 13:59:32,33,19,19,0,"fit: 3, efit: 6","fit: 3, efit: 6",,,,0,0,0,0,1,,
2026-04-03 14:21:30,33,19,19,0,"fit: 4, efit: 5","fit: 4, efit: 5",,,,0,0,0,0,1,,
2026-04-03 14:29:37,33,19,19,0,"fit: 4, efit: 4","fit: 4, efit: 4",,,,0,0,0,0,1,,
2026-04-03 14:36:34,33,19,19,0,"fit: 4, efit: 5","fit: 4, efit: 5",,,,0,0,0,0,1,,
2026-04-03 14:39:38,33,19,19,0,"fit: 4, efit: 4","fit: 4, efit: 4",,,,0,0,0,0,1,,
2026-04-03 14:49:40,33,19,19,0,"fit: 4, efit: 3","fit: 4, efit: 3",,,,0,0,0,0,1,,
2026-04-03 14:51:37,33,19,19,0,"fit: 5, efit: 1","fit: 5, efit: 1",,,,0,0,0,0,1,,
2026-04-03 14:52:43,33,19,19,0,fit: 5,fit: 5,,,,0,0,0,0,1,,
2026-04-03 14:59:42,33,19,19,0,"fit: 5, efit: 1","fit: 5, efit: 1",,,,0,0,0,0,1,,
2026-04-03 15:01:39,33,19,19,0,fit: 5,fit: 5,,,,0,0,0,0,1,,
2026-04-03 15:04:42,33,19,19,0,fit: 4,fit: 4,,,,0,0,0,0,1,,
2026-04-03 15:21:43,33,19,19,0,fit: 3,fit: 3,,,,0,0,0,0,1,,
2026-04-03 15:22:50,33,19,19,0,"fit: 3, efit: 1","fit: 3, efit: 1",,,,0,0,0,0,1,,
2026-04-03 15:27:51,33,19,19,0,"fit: 3, efit: 2","fit: 3, efit: 2",,,,0,0,0,0,1,,
2026-04-03 15:37:53,33,19,19,0,"fit: 3, efit: 1","fit: 3, efit: 1",,,,0,0,0,0,1,,
2026-04-03 15:41:47,33,19,19,0,fit: 3,fit: 3,,,,0,0,0,0,1,,
2026-04-03 15:44:49,33,19,19,0,"fit: 3, efit: 1","fit: 3, efit: 1",,,,0,0,0,0,1,,
2026-04-03 15:47:55,33,19,19,0,"fit: 4, efit: 1","fit: 4, efit: 1",,,,0,0,0,0,1,,
2026-04-03 15:52:56,33,19,19,0,fit: 4,fit: 4,,,,0,0,0,0,1,,
2026-04-03 15:56:50,33,19,19,0,fit: 5,fit: 5,,,,0,0,0,0,1,,
2026-04-03 15:59:52,33,19,19,0,"fit: 5, efit: 1","fit: 5, efit: 1",,,,0,0,0,0,1,,
2026-04-03 16:04:53,33,19,19,0,fit: 5,fit: 5,,,,0,0,0,0,1,,
2026-04-03 16:16:55,33,19,19,0,fit: 2,fit: 2,,,,0,0,0,0,1,,
2026-04-03 16:19:55,33,19,19,0,fit: 1,fit: 1,,,,0,0,0,0,1,,
2026-04-03 16:21:56,33,19,19,0,,,,,,0,0,0,0,1,,
2026-04-03 16:47:01,33,19,19,0,efit: 1,,,,,0,0,0,0,1,,
2026-04-03 16:48:09,33,19,19,0,"fit: 2, efit: 1",fit: 2,,,,0,0,0,0,1,,
2026-04-03 17:10:05,33,19,19,0,"fit: 2, efit: 3","fit: 2, efit: 2",,,,0,0,0,0,1,,
2026-04-03 17:12:06,33,19,19,0,"fit: 2, efit: 1",fit: 2,,,,0,0,0,0,1,,
2026-04-03 17:20:07,33,19,19,0,"fit: 1, efit: 2","fit: 1, efit: 1",,,,0,0,0,0,1,,
2026-04-03 17:22:09,33,19,19,0,efit: 1,,,,,0,0,0,0,1,,
2026-04-03 17:28:17,33,19,19,0,efit: 1,efit: 1,,,,0,0,0,0,1,,
2026-04-03 17:32:11,33,19,19,0,,,,,,0,0,0,0,1,,
2026-04-03 17:47:14,33,19,19,0,efit: 2,efit: 2,,,,0,0,0,0,1,,
2026-04-03 17:52:15,33,19,19,0,"fit: 1, efit: 1","fit: 1, efit: 1",,,,0,0,0,0,1,,
2026-04-03 17:53:23,33,19,19,0,fit: 1,fit: 1,,,,0,0,0,0,1,,
2026-04-03 17:57:16,33,19,19,0,fit: 2,fit: 2,,,,0,0,0,0,1,,
2026-04-03 18:00:14,33,19,19,0,,,,,,0,0,0,0,1,,
2026-04-03 18:03:25,33,19,19,0,efit: 2,efit: 2,,,,0,0,0,0,1,,
2026-04-03 18:08:26,33,19,19,0,efit: 1,efit: 1,,,,0,0,0,0,1,,
2026-04-03 18:10:16,33,19,19,0,,,,,,0,0,0,0,1,,
2026-04-03 18:22:21,33,19,19,0,fit: 2,fit: 2,,,,0,0,0,0,1,,
2026-04-03 18:27:23,33,19,19,0,fit: 1,fit: 1,,,,0,0,0,0,1,,
2026-04-03 18:33:32,33,19,19,0,,,,,,0,0,0,0,1,,
2026-04-03 18:48:35,33,19,19,0,efit: 1,efit: 1,,,,0,0,0,0,1,,
2026-04-03 18:53:36,33,19,19,0,,,,,,0,0,0,0,1,,
2026-04-03 19:13:41,33,19,19,0,efit: 1,efit: 1,,,,0,0,0,0,1,,
2026-04-03 19:20:28,33,19,19,0,fit: 1,fit: 1,,,,0,0,0,0,1,,
2026-04-03 19:22:34,33,19,19,0,,,,,,0,0,0,0,1,,
2026-04-03 19:25:29,33,19,19,0,efit: 2,efit: 2,,,,0,0,0,0,1,,
2026-04-03 19:33:45,33,19,19,0,efit: 1,efit: 1,,,,0,0,0,0,1,,
2026-04-03 19:35:31,33,19,19,0,,,,,,0,0,0,0,1,,
2026-04-03 19:45:32,33,19,19,0,efit: 1,efit: 1,,,,0,0,0,0,1,,
2026-04-03 19:57:42,33,19,19,0,,,,,,0,0,0,0,1,,
2026-04-03 20:35:41,33,19,19,0,efit: 1,efit: 1,,,,0,0,0,0,1,,
2026-04-03 20:45:42,33,19,19,0,,,,,,0,0,0,0,1,,
2026-04-03 20:50:43,33,19,19,0,efit: 2,efit: 2,,,,0,0,0,0,1,,
2026-04-03 21:09:05,33,19,19,0,efit: 3,efit: 3,,,,0,0,0,0,1,,
2026-04-03 21:10:46,33,19,19,0,efit: 2,efit: 2,,,,0,0,0,0,1,,
2026-04-03 21:25:48,33,19,19,0,efit: 1,efit: 1,,,,0,0,0,0,1,,
2026-04-03 21:49:12,33,19,19,0,,,,,,0,0,0,0,1,,
2026-04-04 00:01:13,33,19,19,0,,,,,,0,0,0,0,1,,
2026-04-04 10:10:19,33,19,19,0,efit: 1,,,,,0,0,0,0,1,,
2026-04-04 10:11:35,33,19,19,0,efit: 3,,,,,0,0,0,0,1,,
2026-04-04 10:20:21,33,19,19,0,efit: 5,efit: 2,,,,0,0,0,0,1,,
2026-04-04 10:35:24,33,19,19,0,"fit: 1, efit: 4","fit: 1, efit: 1",,,,0,0,0,0,1,,
2026-04-04 10:36:39,33,19,19,0,"fit: 1, efit: 5","fit: 1, efit: 2",,,,0,0,0,0,1,,
2026-04-04 10:37:47,33,19,19,0,"fit: 2, efit: 4","fit: 2, efit: 1",,,,0,0,0,0,1,,
2026-04-04 11:06:45,33,19,19,0,"fit: 2, efit: 4","fit: 2, efit: 2",,,,0,0,0,0,1,,
2026-04-04 11:07:51,33,19,19,0,"fit: 2, efit: 4","fit: 2, efit: 4",,,,0,0,0,0,1,,
2026-04-04 11:12:52,33,19,19,0,"fit: 4, efit: 4","fit: 4, efit: 4",,,,0,0,0,0,1,,
2026-04-04 11:15:32,33,19,19,0,"fit: 4, efit: 2","fit: 4, efit: 2",,,,0,0,0,0,1,,
2026-04-04 11:30:35,33,19,19,0,"fit: 4, efit: 3","fit: 4, efit: 3",,,,0,0,0,0,1,,
2026-04-04 11:41:52,33,19,19,0,"fit: 4, efit: 2","fit: 4, efit: 2",,,,0,0,0,0,1,,
2026-04-04 11:46:53,33,19,19,0,"fit: 4, efit: 3","fit: 4, efit: 3",,,,0,0,0,0,1,,
2026-04-04 11:56:55,33,19,19,0,"fit: 4, efit: 2","fit: 4, efit: 2",,,,0,0,0,0,1,,
2026-04-04 12:00:40,33,19,19,0,"fit: 4, efit: 4","fit: 4, efit: 4",,,,0,0,0,0,1,,
2026-04-04 12:20:44,33,19,19,0,"fit: 4, efit: 7","fit: 4, efit: 7",,,,0,0,0,0,1,,
2026-04-04 12:25:45,33,19,19,0,"fit: 4, efit: 6","fit: 4, efit: 6",,,,0,0,0,0,1,,
2026-04-04 12:27:01,33,19,19,0,"fit: 4, efit: 5","fit: 4, efit: 5",,,,0,0,0,0,1,,
2026-04-04 12:30:46,33,19,19,0,"fit: 4, efit: 4","fit: 4, efit: 4",,,,0,0,0,0,1,,
2026-04-04 12:33:05,33,19,19,0,"fit: 4, efit: 3","fit: 4, efit: 3",,,,0,0,0,0,1,,
2026-04-04 12:48:07,33,19,19,0,"fit: 4, efit: 4","fit: 4, efit: 4",,,,0,0,0,0,1,,
2026-04-04 12:52:06,33,19,19,0,"fit: 4, efit: 5","fit: 4, efit: 5",,,,0,0,0,0,1,,
2026-04-04 12:55:51,33,19,19,0,"fit: 4, efit: 7","fit: 4, efit: 7",,,,0,0,0,0,1,,
2026-04-04 13:15:55,33,19,19,0,"fit: 4, efit: 6","fit: 4, efit: 6",,,,0,0,0,0,1,,
2026-04-04 13:17:11,33,19,19,0,"fit: 4, efit: 5","fit: 4, efit: 5",,,,0,0,0,0,1,,
2026-04-04 13:22:12,33,19,19,0,"fit: 4, efit: 6","fit: 4, efit: 6",,,,0,0,0,0,1,,
2026-04-04 13:30:57,33,19,19,0,"fit: 4, efit: 9","fit: 4, efit: 9",,,,0,0,0,0,1,,
2026-04-04 13:35:59,33,19,19,0,"fit: 4, efit: 10","fit: 4, efit: 10",,,,0,0,0,0,1,,
2026-04-04 14:01:04,33,19,19,0,"fit: 4, efit: 11","fit: 4, efit: 11",,,,0,0,0,0,1,,
2026-04-04 14:16:06,33,19,19,0,"fit: 4, efit: 12","fit: 4, efit: 12",,,,0,0,0,0,1,,
2026-04-04 14:18:21,33,19,19,0,"fit: 4, efit: 13","fit: 4, efit: 13",,,,0,0,0,0,1,,
2026-04-04 14:22:24,33,19,19,0,"fit: 4, efit: 11","fit: 4, efit: 11",,,,0,0,0,0,1,,
2026-04-04 14:26:08,33,19,19,0,"fit: 4, efit: 10","fit: 4, efit: 10",,,,0,0,0,0,1,,
2026-04-04 14:27:25,33,19,19,0,"fit: 4, efit: 9","fit: 4, efit: 9",,,,0,0,0,0,1,,
2026-04-04 14:36:10,33,19,19,0,"fit: 4, efit: 10","fit: 4, efit: 10",,,,0,0,0,0,1,,
2026-04-04 14:38:24,33,19,19,0,"fit: 4, efit: 9","fit: 4, efit: 9",,,,0,0,0,0,1,,
2026-04-04 14:41:11,33,19,19,0,"fit: 4, efit: 11","fit: 4, efit: 11",,,,0,0,0,0,1,,
2026-04-04 14:46:12,33,19,19,0,"fit: 4, efit: 8","fit: 4, efit: 8",,,,0,0,0,0,1,,
2026-04-04 14:48:25,33,19,19,0,"fit: 4, efit: 7","fit: 4, efit: 7",,,,0,0,0,0,1,,
2026-04-04 14:51:13,33,19,19,0,"fit: 4, efit: 5","fit: 4, efit: 5",,,,0,0,0,0,1,,
2026-04-04 14:56:14,33,19,19,0,"fit: 6, efit: 1","fit: 6, efit: 1",,,,0,0,0,0,1,,
2026-04-04 14:58:27,33,19,19,0,fit: 6,fit: 6,,,,0,0,0,0,1,,
2026-04-04 15:18:30,33,19,19,0,fit: 5,fit: 5,,,,0,0,0,0,1,,
2026-04-04 15:26:20,33,19,19,0,"fit: 5, efit: 1",fit: 5,,,,0,0,0,0,1,,
2026-04-04 15:46:24,33,19,19,0,"fit: 4, efit: 2","fit: 4, efit: 1",,,,0,0,0,0,1,,
2026-04-04 15:47:40,33,19,19,0,"fit: 4, efit: 4","fit: 4, efit: 3",,,,0,0,0,0,1,,
2026-04-04 15:51:25,33,19,19,0,"fit: 4, efit: 3","fit: 4, efit: 2",,,,0,0,0,0,1,,
2026-04-04 15:52:41,33,19,19,0,"fit: 5, efit: 2","fit: 5, efit: 1",,,,0,0,0,0,1,,
2026-04-04 15:53:36,33,19,19,0,"fit: 5, efit: 1",fit: 5,,,,0,0,0,0,1,,
2026-04-04 15:56:26,33,19,19,0,"fit: 5, efit: 3","fit: 5, efit: 2",,,,0,0,0,0,1,,
2026-04-04 16:01:27,33,19,19,0,"fit: 6, efit: 4","fit: 6, efit: 3",,,,0,0,0,0,1,,
2026-04-04 16:02:43,33,19,19,0,"fit: 6, efit: 2","fit: 6, efit: 1",,,,0,0,0,0,1,,
2026-04-04 16:03:37,33,19,19,0,"fit: 6, efit: 3","fit: 6, efit: 2",,,,0,0,0,0,1,,
2026-04-04 16:06:28,33,19,19,0,"fit: 6, efit: 5","fit: 6, efit: 4",,,,0,0,0,0,1,,
2026-04-04 16:07:44,33,19,19,0,"fit: 4, efit: 4","fit: 4, efit: 3",,,,0,0,0,0,1,,
2026-04-04 16:16:30,33,19,19,0,"fit: 4, efit: 2","fit: 4, efit: 1",,,,0,0,0,0,1,,
2026-04-04 16:17:47,33,19,19,0,"fit: 4, efit: 5","fit: 4, efit: 4",,,,0,0,0,0,1,,
2026-04-04 16:18:40,33,19,19,0,"fit: 4, efit: 4","fit: 4, efit: 3",,,,0,0,0,0,1,,
2026-04-04 16:21:31,33,19,19,0,"fit: 4, efit: 3","fit: 4, efit: 2",,,,0,0,0,0,1,,
2026-04-04 16:22:48,33,19,19,0,"fit: 3, efit: 3","fit: 3, efit: 2",,,,0,0,0,0,1,,
2026-04-04 16:26:32,33,19,19,0,"fit: 3, efit: 4","fit: 3, efit: 3",,,,0,0,0,0,1,,
2026-04-04 16:31:33,33,19,19,0,"fit: 3, efit: 3","fit: 3, efit: 2",,,,0,0,0,0,1,,
2026-04-04 16:32:50,33,19,19,0,"fit: 4, efit: 2","fit: 4, efit: 1",,,,0,0,0,0,1,,
2026-04-04 16:33:42,33,19,19,0,"fit: 4, efit: 4","fit: 4, efit: 3",,,,0,0,0,0,1,,
2026-04-04 16:36:34,33,19,19,0,"fit: 4, efit: 5","fit: 4, efit: 4",,,,0,0,0,0,1,,
2026-04-04 16:37:51,33,19,19,0,"fit: 4, efit: 8","fit: 4, efit: 7",,,,0,0,0,0,1,,
2026-04-04 16:43:44,33,19,19,0,"fit: 6, efit: 8","fit: 6, efit: 7",,,,0,0,0,0,1,,
2026-04-04 16:51:37,33,19,19,0,"fit: 6, efit: 6","fit: 6, efit: 5",,,,0,0,0,0,1,,
2026-04-04 16:52:53,33,19,19,0,"fit: 6, efit: 5","fit: 6, efit: 4",,,,0,0,0,0,1,,
2026-04-04 16:53:45,33,19,19,0,"fit: 6, efit: 6","fit: 6, efit: 5",,,,0,0,0,0,1,,
2026-04-04 16:56:38,33,19,19,0,"fit: 6, efit: 5","fit: 6, efit: 4",,,,0,0,0,0,1,,
2026-04-04 16:57:54,33,19,19,0,"fit: 6, efit: 4","fit: 6, efit: 3",,,,0,0,0,0,1,,
2026-04-04 16:58:46,33,19,19,0,"fit: 6, efit: 6","fit: 6, efit: 5",,,,0,0,0,0,1,,
2026-04-04 17:01:39,33,19,19,0,"fit: 7, efit: 3","fit: 7, efit: 2",,,,0,0,0,0,1,,
2026-04-04 17:02:55,33,19,19,0,"fit: 8, efit: 4","fit: 8, efit: 3",,,,0,0,0,0,1,,
2026-04-04 17:03:47,33,19,19,0,"fit: 8, efit: 3","fit: 8, efit: 2",,,,0,0,0,0,1,,
2026-04-04 17:11:41,33,19,19,0,"fit: 8, efit: 2","fit: 8, efit: 1",,,,0,0,0,0,1,,
2026-04-04 17:16:42,33,19,19,0,"fit: 3, efit: 1",fit: 3,,,,0,0,0,0,1,,
2026-04-04 17:21:42,33,19,19,0,"fit: 2, efit: 1",fit: 2,,,,0,0,0,0,1,,
2026-04-04 17:26:44,33,19,19,0,"fit: 2, efit: 2","fit: 2, efit: 1",,,,0,0,0,0,1,,
2026-04-04 17:28:51,33,19,19,0,"fit: 2, efit: 4","fit: 2, efit: 3",,,,0,0,0,0,1,,
2026-04-04 17:33:51,33,19,19,0,"fit: 3, efit: 4","fit: 3, efit: 3",,,,0,0,0,0,1,,
2026-04-04 17:36:46,33,19,19,0,"fit: 5, efit: 3","fit: 5, efit: 2",,,,0,0,0,0,1,,
2026-04-04 17:38:52,33,19,19,0,"fit: 5, efit: 4","fit: 5, efit: 3",,,,0,0,0,0,1,,
2026-04-04 17:41:46,33,19,19,0,"fit: 8, efit: 3","fit: 8, efit: 2",,,,0,0,0,0,1,,
2026-04-04 17:43:04,33,19,19,0,"fit: 7, efit: 3","fit: 7, efit: 2",,,,0,0,0,0,1,,
2026-04-04 17:46:47,33,19,19,0,"fit: 4, efit: 1",fit: 4,,,,0,0,0,0,1,,
2026-04-04 17:48:54,33,19,19,0,"fit: 3, efit: 1",fit: 3,,,,0,0,0,0,1,,
2026-04-04 17:51:48,33,19,19,0,efit: 1,,,,,0,0,0,0,1,,
2026-04-04 17:53:06,33,19,19,0,"fit: 2, efit: 1",fit: 2,,,,0,0,0,0,1,,
2026-04-04 17:56:49,33,19,19,0,"fit: 1, efit: 1",fit: 1,,,,0,0,0,0,1,,
2026-04-04 17:58:07,33,19,19,0,"fit: 2, efit: 1",fit: 2,,,,0,0,0,0,1,,
2026-04-04 18:01:50,33,19,19,0,"fit: 3, efit: 3","fit: 3, efit: 2",,,,0,0,0,0,1,,
2026-04-04 18:03:56,33,19,19,0,"fit: 3, efit: 2","fit: 3, efit: 1",,,,0,0,0,0,1,,
2026-04-04 18:08:09,33,19,19,0,"fit: 3, efit: 3","fit: 3, efit: 2",,,,0,0,0,0,1,,
2026-04-04 18:13:10,33,19,19,0,"fit: 3, efit: 2","fit: 3, efit: 1",,,,0,0,0,0,1,,
2026-04-04 18:21:54,33,19,19,0,"fit: 3, efit: 1",fit: 3,,,,0,0,0,0,1,,
2026-04-04 18:39:02,33,19,19,0,"fit: 2, efit: 1",fit: 2,,,,0,0,0,0,1,,
2026-04-04 18:41:58,33,19,19,0,"fit: 1, efit: 1",fit: 1,,,,0,0,0,0,1,,
2026-04-04 18:48:17,33,19,19,0,"fit: 2, efit: 2","fit: 2, efit: 1",,,,0,0,0,0,1,,
2026-04-04 18:57:01,33,19,19,0,"fit: 3, efit: 2","fit: 3, efit: 1",,,,0,0,0,0,1,,
2026-04-04 18:58:19,33,19,19,0,"fit: 3, efit: 1",fit: 3,,,,0,0,0,0,1,,
2026-04-04 19:02:02,33,19,19,0,"fit: 2, efit: 1",fit: 2,,,,0,0,0,0,1,,
2026-04-04 19:07:03,33,19,19,0,"fit: 1, efit: 1",fit: 1,,,,0,0,0,0,1,,
2026-04-04 19:12:04,33,19,19,0,"fit: 1, efit: 2","fit: 1, efit: 1",,,,0,0,0,0,1,,
2026-04-04 19:14:07,33,19,19,0,"fit: 1, efit: 1",fit: 1,,,,0,0,0,0,1,,
2026-04-04 19:19:07,33,19,19,0,efit: 1,,,,,0,0,0,0,1,,
2026-04-04 19:22:06,33,19,19,0,efit: 2,efit: 1,,,,0,0,0,0,1,,
2026-04-04 19:32:07,33,19,19,0,"fit: 1, efit: 2","fit: 1, efit: 1",,,,0,0,0,0,1,,
2026-04-04 19:33:25,33,19,19,0,"fit: 1, efit: 1",fit: 1,,,,0,0,0,0,1,,
2026-04-04 19:43:27,33,19,19,0,efit: 1,,,,,0,0,0,0,1,,
2026-04-04 19:47:10,33,19,19,0,"fit: 1, efit: 1",fit: 1,,,,0,0,0,0,1,,
2026-04-04 20:07:14,33,19,19,0,"fit: 2, efit: 1",fit: 2,,,,0,0,0,0,1,,
2026-04-04 20:12:15,33,19,19,0,"fit: 1, efit: 1",fit: 1,,,,0,0,0,0,1,,
2026-04-04 20:27:18,33,19,19,0,efit: 1,,,,,0,0,0,0,1,,
2026-04-04 20:29:18,33,19,19,0,"fit: 1, efit: 1",fit: 1,,,,0,0,0,0,1,,
2026-04-04 20:32:19,33,19,19,0,efit: 1,,,,,0,0,0,0,1,,
2026-04-04 21:42:32,33,19,19,0,efit: 2,efit: 1,,,,0,0,0,0,1,,
2026-04-04 21:48:51,33,19,19,0,efit: 3,efit: 2,,,,0,0,0,0,1,,
2026-04-04 21:49:30,33,19,19,0,efit: 4,efit: 3,,,,0,0,0,0,1,,
2026-04-04 21:52:34,33,19,19,0,efit: 2,efit: 1,,,,0,0,0,0,1,,
2026-04-04 21:57:35,33,19,19,0,efit: 1,,,,,0,0,0,0,1,,
2026-04-04 23:04:41,33,19,19,0,efit: 2,efit: 1,,,,0,0,0,0,1,,
2026-04-04 23:32:53,33,19,19,0,efit: 1,,,,,0,0,0,0,1,,
2026-04-04 23:59:17,33,19,19,0,efit: 2,efit: 1,,,,0,0,0,0,1,,
2026-04-05 00:02:58,33,19,19,0,efit: 2,efit: 1,,,,0,0,0,0,1,,
2026-04-05 00:07:59,33,19,19,0,efit: 3,efit: 2,,,,0,0,0,0,1,,
2026-04-05 01:24:33,33,19,19,0,efit: 2,efit: 1,,,,0,0,0,0,1,,
2026-04-05 01:34:34,33,19,19,0,efit: 5,efit: 4,,,,0,0,0,0,1,,
2026-04-05 10:11:10,33,19,19,0,"fit: 1, efit: 5","fit: 1, efit: 4",,,,0,0,0,0,1,,
2026-04-05 10:14:48,33,19,19,0,"fit: 1, efit: 4","fit: 1, efit: 3",,,,0,0,0,0,1,,
2026-04-05 10:46:17,33,19,19,0,"fit: 1, efit: 5","fit: 1, efit: 4",,,,0,0,0,0,1,,
2026-04-05 10:51:17,33,19,19,0,"fit: 1, efit: 5","fit: 1, efit: 4",efit: 1,,,0,0,0,0,1,,
2026-04-05 12:25:12,33,19,19,0,"fit: 1, efit: 4","fit: 1, efit: 3",efit: 1,,,0,0,0,0,1,,
2026-04-05 12:30:13,33,19,19,0,"fit: 2, efit: 4","fit: 2, efit: 3",efit: 1,,,0,0,0,0,1,,
2026-04-05 12:51:41,33,19,19,0,"fit: 2, efit: 5","fit: 2, efit: 4",efit: 1,,,0,0,0,0,1,,
2026-04-05 12:55:18,33,19,19,0,"fit: 2, efit: 6","fit: 2, efit: 4",efit: 1,,,0,0,0,0,1,,
2026-04-05 12:56:42,33,19,19,0,"fit: 2, efit: 8","fit: 2, efit: 4",efit: 1,,,0,0,0,0,1,,
2026-04-05 13:00:19,33,19,19,0,"fit: 2, efit: 7","fit: 2, efit: 3",efit: 1,,,0,0,0,0,1,,
2026-04-05 13:01:42,33,19,19,0,"fit: 2, efit: 5","fit: 2, efit: 1",efit: 1,,,0,0,0,0,1,,
2026-04-05 13:21:46,33,19,19,0,"fit: 2, efit: 7","fit: 2, efit: 3",efit: 1,,,0,0,0,0,1,,
2026-04-05 13:30:24,33,19,19,0,"fit: 3, efit: 6","fit: 3, efit: 3",efit: 1,,,0,0,0,0,1,,
2026-04-05 13:41:48,33,19,19,0,"fit: 3, efit: 7","fit: 3, efit: 4",efit: 1,,,0,0,0,0,1,,
2026-04-05 14:01:50,33,19,19,0,"fit: 3, efit: 7","fit: 3, efit: 5",efit: 1,,,0,0,0,0,1,,
2026-04-05 14:30:36,33,19,19,0,"fit: 4, efit: 7","fit: 4, efit: 5",efit: 1,,,0,0,0,0,1,,
2026-04-05 14:41:59,33,19,19,0,"fit: 4, efit: 6","fit: 4, efit: 4",efit: 1,,,0,0,0,0,1,,
2026-04-05 15:30:47,33,19,19,0,"fit: 4, efit: 4","fit: 4, efit: 3",efit: 1,,,0,0,0,0,1,,
2026-04-05 15:32:04,33,19,19,0,"fit: 4, efit: 4","fit: 4, efit: 4",,,,0,0,0,0,1,,
2026-04-05 15:35:48,33,19,19,0,"fit: 4, efit: 5","fit: 4, efit: 5",,,,0,0,0,0,1,,
2026-04-05 15:57:07,33,19,19,0,"fit: 4, efit: 4","fit: 4, efit: 4",,,,0,0,0,0,1,,
2026-04-05 16:05:53,33,19,19,0,"fit: 4, efit: 3","fit: 4, efit: 3",,,,0,0,0,0,1,,
2026-04-05 16:20:56,33,19,19,0,"fit: 4, efit: 4","fit: 4, efit: 3",,,,0,0,0,0,1,,
2026-04-05 16:22:11,33,19,19,0,"fit: 4, efit: 3","fit: 4, efit: 2",,,,0,0,0,0,1,,
2026-04-05 16:25:57,33,19,19,0,"fit: 2, efit: 3","fit: 2, efit: 2",,,,0,0,0,0,1,,
2026-04-05 16:27:12,33,19,19,0,"fit: 2, efit: 2","fit: 2, efit: 1",,,,0,0,0,0,1,,
2026-04-05 16:30:58,33,19,19,0,"fit: 1, efit: 1",fit: 1,,,,0,0,0,0,1,,
2026-04-05 16:41:00,33,19,19,0,"fit: 1, efit: 2","fit: 1, efit: 1",,,,0,0,0,0,1,,
2026-04-05 16:51:02,33,19,19,0,"fit: 2, efit: 2","fit: 2, efit: 1",,,,0,0,0,0,1,,
2026-04-05 17:07:18,33,19,19,0,"fit: 2, efit: 3","fit: 2, efit: 1",,,,0,0,0,0,1,,
2026-04-05 17:41:11,33,19,19,0,"fit: 2, efit: 3","fit: 2, efit: 2",,,,0,0,0,0,1,,
2026-04-05 17:42:23,33,19,19,0,"fit: 2, efit: 3","fit: 2, efit: 3",,,,0,0,0,0,1,,
2026-04-05 18:06:16,33,19,19,0,"fit: 2, efit: 4","fit: 2, efit: 4",,,,0,0,0,0,1,,
2026-04-05 18:07:27,33,19,19,0,"fit: 2, efit: 3","fit: 2, efit: 3",,,,0,0,0,0,1,,
2026-04-05 18:27:30,33,19,19,0,"fit: 2, efit: 2","fit: 2, efit: 2",,,,0,0,0,0,1,,
2026-04-05 18:42:32,33,19,19,0,"fit: 2, efit: 3","fit: 2, efit: 3",,,,0,0,0,0,1,,
2026-04-05 18:56:25,33,19,19,0,"fit: 2, efit: 3","fit: 2, efit: 2",,,,0,0,0,0,1,,
2026-04-05 19:36:33,33,19,19,0,"fit: 2, efit: 4","fit: 2, efit: 3",,,,0,0,0,0,1,,
2026-04-05 19:41:33,33,19,19,0,"fit: 2, efit: 5","fit: 2, efit: 4",,,,0,0,0,0,1,,
2026-04-05 19:46:34,33,19,19,0,"fit: 2, efit: 5","fit: 2, efit: 5",,,,0,0,0,0,1,,
2026-04-05 20:11:39,33,19,19,0,"fit: 2, efit: 6","fit: 2, efit: 6",,,,0,0,0,0,1,,
2026-04-05 20:26:42,33,19,19,0,"fit: 2, efit: 5","fit: 2, efit: 5",,,,0,0,0,0,1,,
2026-04-05 20:41:44,33,19,19,0,"fit: 2, efit: 6","fit: 2, efit: 6",,,,0,0,0,0,1,,
2026-04-05 20:52:51,33,19,19,0,"fit: 2, efit: 5","fit: 2, efit: 5",,,,0,0,0,0,1,,
2026-04-05 21:26:52,33,19,19,0,"fit: 2, efit: 4","fit: 2, efit: 4",,,,0,0,0,0,1,,
2026-04-05 21:36:54,33,19,19,0,"fit: 2, efit: 5","fit: 2, efit: 5",,,,0,0,0,0,1,,
2026-04-05 21:46:56,33,19,19,0,"fit: 2, efit: 4","fit: 2, efit: 4",,,,0,0,0,0,1,,
2026-04-05 22:12:01,33,19,19,0,"fit: 2, efit: 5","fit: 2, efit: 5",,,,0,0,0,0,1,,
2026-04-05 23:47:18,33,19,19,0,"fit: 2, efit: 4","fit: 2, efit: 4",,,,0,0,0,0,1,,
2026-04-06 00:02:21,33,19,19,0,"fit: 2, efit: 4","fit: 2, efit: 4",,,,0,0,0,0,1,,
2026-04-06 00:17:23,33,19,19,0,"fit: 2, efit: 5","fit: 2, efit: 5",,,,0,0,0,0,1,,
2026-04-06 00:52:30,33,19,19,0,"fit: 2, efit: 4","fit: 2, efit: 4",,,,0,0,0,0,1,,
2026-04-06 00:58:55,33,19,19,0,"fit: 2, efit: 3","fit: 2, efit: 3",,,,0,0,0,0,1,,
2026-04-06 01:02:32,33,19,19,0,"fit: 2, efit: 2","fit: 2, efit: 2",,,,0,0,0,0,1,,
2026-04-06 02:42:49,33,19,19,0,"fit: 2, efit: 1","fit: 2, efit: 1",,,,0,0,0,0,1,,
2026-04-06 07:48:47,33,19,19,0,fit: 2,fit: 2,,,,0,0,0,0,1,,
2026-04-06 08:59:02,33,19,19,0,"fit: 2, efit: 1","fit: 2, efit: 1",,,,0,0,0,0,1,,
2026-04-06 09:34:09,33,19,19,0,"fit: 2, efit: 2","fit: 2, efit: 2",,,,0,0,0,0,1,,
2026-04-06 09:49:12,33,19,19,0,"fit: 2, efit: 3","fit: 2, efit: 3",,,,0,0,0,0,1,,
2026-04-06 09:54:13,33,19,19,0,"fit: 2, efit: 4","fit: 2, efit: 4",,,,0,0,0,0,1,,
2026-04-06 09:59:14,33,19,19,0,"fit: 2, efit: 7","fit: 2, efit: 7",,,,0,0,0,0,1,,
2026-04-06 10:00:41,33,19,19,0,"fit: 2, efit: 8","fit: 2, efit: 8",,,,0,0,0,0,1,,
2026-04-06 10:04:15,33,19,19,0,"fit: 2, efit: 9","fit: 2, efit: 9",,,,0,0,0,0,1,,
2026-04-06 10:09:16,33,19,19,0,"fit: 2, efit: 10","fit: 2, efit: 10",,,,0,0,0,0,1,,
2026-04-06 10:09:50,33,19,19,0,"fit: 2, efit: 9","fit: 2, efit: 9",,,,0,0,0,0,1,,
2026-04-06 10:10:44,33,19,19,0,"fit: 2, efit: 10","fit: 2, efit: 10",,,,0,0,0,0,1,,
2026-04-06 10:14:51,33,19,19,0,"fit: 2, efit: 9","fit: 2, efit: 9",,,,0,0,0,0,1,,
2026-04-06 10:15:45,33,19,19,0,"fit: 2, efit: 8","fit: 2, efit: 8",,,,0,0,0,0,1,,
2026-04-06 10:19:18,33,19,19,0,"fit: 2, efit: 7","fit: 2, efit: 7",,,,0,0,0,0,1,,
2026-04-06 10:25:47,33,19,19,0,"fit: 2, efit: 6","fit: 2, efit: 6",,,,0,0,0,0,1,,
2026-04-06 10:29:20,33,19,19,0,"fit: 2, efit: 7","fit: 2, efit: 7",,,,0,0,0,0,1,,
2026-04-06 10:29:53,33,19,19,0,"fit: 2, efit: 6","fit: 2, efit: 6",,,,0,0,0,0,1,,
2026-04-06 10:54:25,33,19,19,0,"fit: 2, efit: 5","fit: 2, efit: 5",,,,0,0,0,0,1,,
2026-04-06 11:04:27,33,19,19,0,"fit: 2, efit: 7","fit: 2, efit: 7",,,,0,0,0,0,1,,
2026-04-06 11:05:55,33,19,19,0,"fit: 2, efit: 8","fit: 2, efit: 8",,,,0,0,0,0,1,,
2026-04-06 11:34:33,33,19,19,0,"fit: 2, efit: 5","fit: 2, efit: 5",,,,0,0,0,0,1,,
2026-04-06 11:46:05,33,19,19,0,"fit: 2, efit: 4","fit: 2, efit: 4",,,,0,0,0,0,1,,
2026-04-06 11:54:37,33,19,19,0,"fit: 2, efit: 6","fit: 2, efit: 6",,,,0,0,0,0,1,,
2026-04-06 12:01:08,33,19,19,0,"fit: 2, efit: 7","fit: 2, efit: 7",,,,0,0,0,0,1,,
2026-04-06 12:14:42,33,19,19,0,"fit: 2, efit: 8","fit: 2, efit: 8",,,,0,0,0,0,1,,
2026-04-06 12:16:11,33,19,19,0,"fit: 2, efit: 7","fit: 2, efit: 7",,,,0,0,0,0,1,,
2026-04-06 12:19:43,33,19,19,0,"fit: 2, efit: 6","fit: 2, efit: 6",,,,0,0,0,0,1,,
2026-04-06 12:24:44,33,19,19,0,"fit: 2, efit: 8","fit: 2, efit: 8",,,,0,0,0,0,1,,
2026-04-06 12:34:46,33,19,19,0,"fit: 3, efit: 8","fit: 3, efit: 8",,,,0,0,0,0,1,,
2026-04-06 12:44:48,33,19,19,0,"fit: 3, efit: 7","fit: 3, efit: 7",,,,0,0,0,0,1,,
2026-04-06 12:49:49,33,19,19,0,"fit: 3, efit: 6","fit: 3, efit: 6",,,,0,0,0,0,1,,
2026-04-06 12:54:50,33,19,19,0,"fit: 3, efit: 4","fit: 3, efit: 4",,,,0,0,0,0,1,,
2026-04-06 12:56:19,33,19,19,0,"fit: 3, efit: 5","fit: 3, efit: 5",,,,0,0,0,0,1,,
2026-04-06 12:59:51,33,19,19,0,"fit: 3, efit: 4","fit: 3, efit: 4",,,,0,0,0,0,1,,
2026-04-06 13:09:53,33,19,19,0,"fit: 3, efit: 5","fit: 3, efit: 5",,,,0,0,0,0,1,,
2026-04-06 13:24:56,33,19,19,0,"fit: 4, efit: 5","fit: 4, efit: 5",,,,0,0,0,0,1,,
2026-04-06 13:29:57,33,19,19,0,"fit: 4, efit: 6","fit: 4, efit: 6",,,,0,0,0,0,1,,
2026-04-06 13:31:26,33,19,19,0,"fit: 4, efit: 7","fit: 4, efit: 7",,,,0,0,0,0,1,,
2026-04-06 13:36:27,33,19,19,0,"fit: 4, efit: 8","fit: 4, efit: 8",,,,0,0,0,0,1,,
2026-04-06 13:39:59,33,19,19,0,"fit: 4, efit: 9","fit: 4, efit: 9",,,,0,0,0,0,1,,
2026-04-06 13:50:02,33,19,19,0,"fit: 4, efit: 8","fit: 4, efit: 8",,,,0,0,0,0,1,,
2026-04-06 13:55:03,33,19,19,0,"fit: 4, efit: 9","fit: 4, efit: 9",,,,0,0,0,0,1,,
2026-04-06 14:00:04,33,19,19,0,"fit: 4, efit: 8","fit: 4, efit: 8",,,,0,0,0,0,1,,
2026-04-06 14:01:33,33,19,19,0,"fit: 4, efit: 7","fit: 4, efit: 7",,,,0,0,0,0,1,,
2026-04-06 14:05:05,33,19,19,0,"fit: 4, efit: 10","fit: 4, efit: 10",,,,0,0,0,0,1,,
2026-04-06 14:05:30,33,19,19,0,"fit: 4, efit: 9","fit: 4, efit: 9",,,,0,0,0,0,1,,
2026-04-06 14:10:06,33,19,19,0,"fit: 4, efit: 8","fit: 4, efit: 8",,,,0,0,0,0,1,,
2026-04-06 14:20:08,33,19,19,0,"fit: 4, efit: 7","fit: 4, efit: 7",,,,0,0,0,0,1,,
2026-04-06 14:30:10,33,19,19,0,"fit: 4, efit: 8","fit: 4, efit: 8",,,,0,0,0,0,1,,
2026-04-06 14:40:12,33,19,19,0,"fit: 4, efit: 6","fit: 4, efit: 6",,,,0,0,0,0,1,,
2026-04-06 15:00:39,33,19,19,0,"fit: 4, efit: 7","fit: 4, efit: 7",,,,0,0,0,0,1,,
2026-04-06 15:01:46,33,19,19,0,"fit: 4, efit: 8","fit: 4, efit: 8",,,,0,0,0,0,1,,
2026-04-06 15:05:17,33,19,19,0,"fit: 4, efit: 8","fit: 4, efit: 7",,,,0,0,0,0,1,,
2026-04-06 15:15:19,33,19,19,0,"fit: 4, efit: 9","fit: 4, efit: 8",,,,0,0,0,0,1,,
2026-04-06 15:20:42,33,19,19,0,"fit: 4, efit: 10","fit: 4, efit: 9",,,,0,0,0,0,1,,
2026-04-06 15:35:23,33,19,19,0,"fit: 4, efit: 9","fit: 4, efit: 8",,,,0,0,0,0,1,,
2026-04-06 15:50:26,33,19,19,0,"fit: 4, efit: 10","fit: 4, efit: 9",,,,0,0,0,0,1,,
2026-04-06 15:55:27,33,19,19,0,"fit: 4, efit: 7","fit: 4, efit: 6",,,,0,0,0,0,1,,
2026-04-06 16:00:28,33,19,19,0,"fit: 4, efit: 8","fit: 4, efit: 7",,,,0,0,0,0,1,,
2026-04-06 16:10:31,33,19,19,0,"fit: 4, efit: 6","fit: 4, efit: 5",,,,0,0,0,0,1,,
2026-04-06 16:20:33,33,19,19,0,"fit: 4, efit: 4","fit: 4, efit: 3",,,,0,0,0,0,1,,
2026-04-06 16:30:35,33,19,19,0,"fit: 4, efit: 5","fit: 4, efit: 4",,,,0,0,0,0,1,,
2026-04-06 16:35:36,33,19,19,0,"fit: 5, efit: 5","fit: 5, efit: 4",,,,0,0,0,0,1,,
2026-04-06 16:57:10,33,19,19,0,"fit: 5, efit: 4","fit: 5, efit: 3",,,,0,0,0,0,1,,
2026-04-06 17:15:44,33,19,19,0,"fit: 5, efit: 3","fit: 5, efit: 2",,,,0,0,0,0,1,,
2026-04-06 17:16:02,33,19,19,0,"fit: 5, efit: 2","fit: 5, efit: 1",,,,0,0,0,0,1,,
2026-04-06 17:17:14,33,19,19,0,"fit: 5, efit: 1",fit: 5,,,,0,0,0,0,1,,
2026-04-06 17:20:45,33,19,19,0,"fit: 5, efit: 2","fit: 5, efit: 1",,,,0,0,0,0,1,,
2026-04-06 17:40:49,33,19,19,0,"fit: 5, efit: 1",fit: 5,,,,0,0,0,0,1,,
2026-04-06 18:00:53,33,19,19,0,"fit: 4, efit: 1",fit: 4,,,,0,0,0,0,1,,
2026-04-06 18:20:57,33,19,19,0,"fit: 5, efit: 1",fit: 5,,,,0,0,0,0,1,,
2026-04-06 18:36:01,33,19,19,0,"fit: 4, efit: 1",fit: 4,,,,0,0,0,0,1,,
2026-04-06 18:41:02,33,19,19,0,"fit: 3, efit: 1",fit: 3,,,,0,0,0,0,1,,
2026-04-06 18:42:32,33,19,19,0,"fit: 3, efit: 2","fit: 3, efit: 1",,,,0,0,0,0,1,,
2026-04-06 18:56:05,33,19,19,0,"fit: 2, efit: 1",fit: 2,,,,0,0,0,0,1,,
2026-04-06 19:01:20,33,19,19,0,"fit: 1, efit: 1",fit: 1,,,,0,0,0,0,1,,
2026-04-06 19:02:36,33,19,19,0,"fit: 1, efit: 2","fit: 1, efit: 1",,,,0,0,0,0,1,,
2026-04-06 19:07:37,33,19,19,0,"fit: 1, efit: 1",fit: 1,,,,0,0,0,0,1,,
2026-04-06 19:16:08,33,19,19,0,efit: 1,,,,,0,0,0,0,1,,
2026-04-06 20:31:23,33,19,19,0,efit: 2,efit: 1,,,,0,0,0,0,1,,
2026-04-06 20:36:24,33,19,19,0,efit: 1,,,,,0,0,0,0,1,,
2026-04-06 20:51:27,33,19,19,0,efit: 2,efit: 1,,,,0,0,0,0,1,,
2026-04-06 20:56:28,33,19,19,0,"fit: 1, efit: 1",fit: 1,,,,0,0,0,0,1,,
2026-04-06 21:16:32,33,19,19,0,efit: 1,,,,,0,0,0,0,1,,
2026-04-07 00:02:04,33,19,19,0,efit: 1,,,,,0,0,0,0,1,,
2026-04-07 07:55:06,33,19,19,0,efit: 2,efit: 1,,,,0,0,0,0,1,,
2026-04-07 08:10:09,33,19,19,0,"fit: 1, efit: 2","fit: 1, efit: 1",,,,0,0,0,0,1,,
2026-04-07 09:03:26,33,19,19,0,"fit: 1, efit: 3","fit: 1, efit: 2",,,,0,0,0,0,1,,
2026-04-07 09:13:27,33,19,19,0,"fit: 1, efit: 2","fit: 1, efit: 1",,,,0,0,0,0,1,,
2026-04-07 09:18:28,33,19,19,0,"fit: 1, efit: 3","fit: 1, efit: 2",,,,0,0,0,0,1,,
2026-04-07 09:25:25,33,19,19,0,"fit: 2, efit: 3","fit: 2, efit: 2",,,,0,0,0,0,1,,
2026-04-07 09:28:30,33,19,19,0,"fit: 3, efit: 3","fit: 3, efit: 2",,,,0,0,0,0,1,,
2026-04-07 09:30:26,33,19,19,0,"fit: 3, efit: 2","fit: 3, efit: 1",,,,0,0,0,0,1,,
2026-04-07 09:33:31,33,19,19,0,"fit: 4, efit: 2","fit: 4, efit: 1",,,,0,0,0,0,1,,
2026-04-07 09:53:34,33,19,19,0,"fit: 4, efit: 3","fit: 4, efit: 2",,,,0,0,0,0,1,,
2026-04-07 09:58:35,33,19,19,0,"fit: 4, efit: 4","fit: 4, efit: 3",,,,0,0,0,0,1,,
2026-04-07 10:03:35,33,19,19,0,"fit: 4, efit: 5","fit: 4, efit: 4",,,,0,0,0,0,1,,
2026-04-07 10:18:38,33,19,19,0,"fit: 4, efit: 8","fit: 4, efit: 5",,,,0,0,0,0,1,,
2026-04-07 10:35:39,33,19,19,0,"fit: 4, efit: 10","fit: 4, efit: 7",,,,0,0,0,0,1,,
2026-04-07 10:55:43,33,19,19,0,"fit: 4, efit: 12","fit: 4, efit: 9",,,,0,0,0,0,1,,
2026-04-07 10:59:04,33,19,19,0,"fit: 4, efit: 13","fit: 4, efit: 10",,,,0,0,0,0,1,,
2026-04-07 11:15:48,33,19,19,0,"fit: 1, efit: 13","fit: 1, efit: 10",,,,0,0,0,0,1,,
2026-04-07 11:20:49,33,19,19,0,"fit: 1, efit: 11","fit: 1, efit: 9",,,,0,0,0,0,1,,
2026-04-07 11:23:48,33,19,19,0,"fit: 1, efit: 10","fit: 1, efit: 8",,,,0,0,0,0,1,,
2026-04-07 11:40:53,33,19,19,0,"fit: 1, efit: 9","fit: 1, efit: 7",,,,0,0,0,0,1,,
2026-04-07 11:43:51,33,19,19,0,"fit: 1, efit: 8","fit: 1, efit: 6",,,,0,0,0,0,1,,
2026-04-07 11:45:54,33,19,19,0,"fit: 1, efit: 9","fit: 1, efit: 7",,,,0,0,0,0,1,,
2026-04-07 11:48:52,33,19,19,0,"fit: 1, efit: 9","fit: 1, efit: 8",,,,0,0,0,0,1,,
2026-04-07 11:50:55,33,19,19,0,"fit: 1, efit: 12","fit: 1, efit: 8",,,,0,0,0,0,1,,
2026-04-07 11:55:56,33,19,19,0,"fit: 1, efit: 11","fit: 1, efit: 7",,,,0,0,0,0,1,,
2026-04-07 12:08:55,33,19,19,0,"fit: 1, efit: 12","fit: 1, efit: 8",,,,0,0,0,0,1,,
2026-04-07 12:18:57,33,19,19,0,"fit: 1, efit: 11","fit: 1, efit: 7",,,,0,0,0,0,1,,
2026-04-07 12:44:01,33,19,19,0,"fit: 1, efit: 10","fit: 1, efit: 6",,,,0,0,0,0,1,,
2026-04-07 12:46:06,33,19,19,0,"fit: 1, efit: 11","fit: 1, efit: 6",efit: 1,,,0,0,0,0,1,,
2026-04-07 12:49:02,33,19,19,0,"fit: 1, efit: 12","fit: 1, efit: 7",efit: 1,,,0,0,0,0,1,,
2026-04-07 13:04:05,33,19,19,0,"fit: 1, efit: 11","fit: 1, efit: 6",efit: 1,,,0,0,0,0,1,,
2026-04-07 13:14:06,33,19,19,0,"fit: 1, efit: 12","fit: 1, efit: 7",efit: 1,,,0,0,0,0,1,,
2026-04-07 13:16:12,33,19,19,0,"fit: 1, efit: 11","fit: 1, efit: 6",efit: 1,,,0,0,0,0,1,,
2026-04-07 13:19:07,33,19,19,0,"fit: 1, efit: 10","fit: 1, efit: 6",efit: 1,,,0,0,0,0,1,,
2026-04-07 13:29:08,33,19,19,0,"fit: 1, efit: 10","fit: 1, efit: 7",efit: 1,,,0,0,0,0,1,,
2026-04-07 13:29:33,33,19,19,0,"fit: 1, efit: 10","fit: 1, efit: 8",efit: 1,,,0,0,0,0,1,,
2026-04-07 13:41:17,33,19,19,0,"fit: 1, efit: 11","fit: 1, efit: 9",efit: 1,,,0,0,0,0,1,,
2026-04-07 13:51:20,33,19,19,0,"fit: 1, efit: 10","fit: 1, efit: 8",efit: 1,,,0,0,0,0,1,,
2026-04-07 14:01:22,33,19,19,0,"fit: 1, efit: 11","fit: 1, efit: 9",efit: 1,,,0,0,0,0,1,,
2026-04-07 14:06:22,33,19,19,0,"fit: 2, efit: 11","fit: 2, efit: 9",efit: 1,,,0,0,0,0,1,,
2026-04-07 14:09:15,33,19,19,0,"fit: 2, efit: 10","fit: 2, efit: 8",efit: 1,,,0,0,0,0,1,,
2026-04-07 14:14:42,33,19,19,0,"fit: 2, efit: 11","fit: 2, efit: 9",efit: 1,,,0,0,0,0,1,,
2026-04-07 14:16:24,33,19,19,0,"fit: 2, efit: 12","fit: 2, efit: 9",efit: 1,,,0,0,0,0,1,,
2026-04-07 14:19:16,33,19,19,0,"fit: 2, efit: 13","fit: 2, efit: 10",efit: 1,,,0,0,0,0,1,,
2026-04-07 14:24:17,33,19,19,0,"fit: 2, efit: 12","fit: 2, efit: 9",efit: 1,,,0,0,0,0,1,,
2026-04-07 14:29:18,33,19,19,0,"fit: 2, efit: 11","fit: 2, efit: 8",efit: 1,,,0,0,0,0,1,,
2026-04-07 14:49:21,33,19,19,0,"fit: 2, efit: 13","fit: 2, efit: 10",efit: 1,,,0,0,0,0,1,,
2026-04-07 14:51:32,33,19,19,0,"fit: 2, efit: 12","fit: 2, efit: 9",efit: 1,,,0,0,0,0,1,,
2026-04-07 15:01:34,33,19,19,0,"fit: 2, efit: 13","fit: 2, efit: 10",efit: 1,,,0,0,0,0,1,,
2026-04-07 15:04:23,33,19,19,0,"fit: 2, efit: 12","fit: 2, efit: 9",efit: 1,,,0,0,0,0,1,,
2026-04-07 15:09:24,33,19,19,0,"fit: 2, efit: 11","fit: 2, efit: 8",efit: 1,,,0,0,0,0,1,,
2026-04-07 15:14:25,33,19,19,0,"fit: 2, efit: 10","fit: 2, efit: 7",efit: 1,,,0,0,0,0,1,,
2026-04-07 15:16:37,33,19,19,0,"fit: 2, efit: 9","fit: 2, efit: 6",efit: 1,,,0,0,0,0,1,,
2026-04-07 15:19:55,33,19,19,0,"fit: 2, efit: 8","fit: 2, efit: 5",efit: 1,,,0,0,0,0,1,,
2026-04-07 15:24:27,33,19,19,0,"fit: 2, efit: 9","fit: 2, efit: 7",efit: 1,,,0,0,0,0,1,,
2026-04-07 15:39:29,33,19,19,0,"fit: 2, efit: 10","fit: 2, efit: 8",efit: 1,,,0,0,0,0,1,,
2026-04-07 15:39:59,33,19,19,0,"fit: 2, efit: 9","fit: 2, efit: 7",efit: 1,,,0,0,0,0,1,,
2026-04-07 15:44:30,33,19,19,0,"fit: 2, efit: 8","fit: 2, efit: 6",efit: 1,,,0,0,0,0,1,,
2026-04-07 15:49:31,33,19,19,0,"fit: 2, efit: 7","fit: 2, efit: 5",efit: 1,,,0,0,0,0,1,,
2026-04-07 15:54:31,33,19,19,0,"fit: 3, efit: 3","fit: 3, efit: 1",efit: 1,,,0,0,0,0,1,,
2026-04-07 15:56:45,33,19,19,0,"fit: 3, efit: 2",fit: 3,efit: 1,,,0,0,0,0,1,,
2026-04-07 15:59:32,33,19,19,0,"fit: 3, efit: 3","fit: 3, efit: 1",efit: 1,,,0,0,0,0,1,,
2026-04-07 16:16:50,33,19,19,0,"fit: 3, efit: 2",fit: 3,efit: 1,,,0,0,0,0,1,,
2026-04-07 16:21:51,33,19,19,0,"fit: 2, efit: 2",fit: 2,efit: 1,,,0,0,0,0,1,,
2026-04-07 16:31:53,33,19,19,0,"fit: 1, efit: 2",fit: 1,efit: 1,,,0,0,0,0,1,,
2026-04-07 16:34:38,33,19,19,0,"fit: 1, efit: 3","fit: 1, efit: 1",efit: 1,,,0,0,0,0,1,,
2026-04-07 16:39:39,33,19,19,0,"fit: 1, efit: 4","fit: 1, efit: 2",efit: 1,,,0,0,0,0,1,,
2026-04-07 17:12:01,33,19,19,0,"fit: 1, efit: 3","fit: 1, efit: 1",efit: 1,,,0,0,0,0,1,,
2026-04-07 17:17:02,33,19,19,0,"fit: 1, efit: 4","fit: 1, efit: 2",efit: 1,,,0,0,0,0,1,,
2026-04-07 17:19:45,33,19,19,0,"fit: 1, efit: 5","fit: 1, efit: 3",efit: 1,,,0,0,0,0,1,,
2026-04-07 17:22:04,33,19,19,0,"fit: 1, efit: 4","fit: 1, efit: 2",efit: 1,,,0,0,0,0,1,,
2026-04-07 17:27:05,33,19,19,0,"fit: 1, efit: 5","fit: 1, efit: 3",efit: 1,,,0,0,0,0,1,,
2026-04-07 17:32:06,33,19,19,0,"fit: 1, efit: 4","fit: 1, efit: 2",efit: 1,,,0,0,0,0,1,,
2026-04-07 17:34:48,33,19,19,0,"fit: 1, efit: 2",fit: 1,efit: 1,,,0,0,0,0,1,,
2026-04-07 17:44:49,33,19,19,0,"fit: 2, efit: 2",fit: 2,efit: 1,,,0,0,0,0,1,,
2026-04-07 18:04:53,33,19,19,0,"fit: 1, efit: 3","fit: 1, efit: 1",efit: 1,,,0,0,0,0,1,,
2026-04-07 18:10:30,33,19,19,0,"fit: 1, efit: 2",fit: 1,efit: 1,,,0,0,0,0,1,,
2026-04-07 18:14:54,33,19,19,0,efit: 2,,efit: 1,,,0,0,0,0,1,,
2026-04-07 18:39:58,33,19,19,0,efit: 3,efit: 1,efit: 1,,,0,0,0,0,1,,
2026-04-07 18:45:37,33,19,19,0,"fit: 1, efit: 3","fit: 1, efit: 1",efit: 1,,,0,0,0,0,1,,
2026-04-07 18:57:23,33,19,19,0,"fit: 1, efit: 4","fit: 1, efit: 2",efit: 1,,,0,0,0,0,1,,
2026-04-07 19:07:25,33,19,19,0,"fit: 1, efit: 3","fit: 1, efit: 1",efit: 1,,,0,0,0,0,1,,
2026-04-07 19:20:44,33,19,19,0,"fit: 1, efit: 2",fit: 1,efit: 1,,,0,0,0,0,1,,
2026-04-07 19:25:07,33,19,19,0,"fit: 5, efit: 2",fit: 5,efit: 1,,,0,0,0,0,1,,
2026-04-07 19:42:32,33,19,19,0,"fit: 5, efit: 3","fit: 5, efit: 1",efit: 1,,,0,0,0,0,1,,
2026-04-07 19:55:12,33,19,19,0,"fit: 5, efit: 2",fit: 5,efit: 1,,,0,0,0,0,1,,
2026-04-07 20:20:16,33,19,19,0,"fit: 5, efit: 3","fit: 5, efit: 1",efit: 1,,,0,0,0,0,1,,
2026-04-07 20:45:20,33,19,19,0,"fit: 5, efit: 2",fit: 5,efit: 1,,,0,0,0,0,1,,
2026-04-07 21:00:22,33,19,19,0,"fit: 4, efit: 2",fit: 4,efit: 1,,,0,0,0,0,1,,
2026-04-07 21:11:06,33,19,19,0,"fit: 3, efit: 2",fit: 3,efit: 1,,,0,0,0,0,1,,
2026-04-07 21:21:08,33,19,19,0,"fit: 3, efit: 2",fit: 3,efit: 2,,,0,0,0,0,1,,
2026-04-07 23:30:45,33,19,19,0,"fit: 3, efit: 3","fit: 3, efit: 1",efit: 2,,,0,0,0,0,1,,
2026-04-07 23:40:47,33,19,19,0,"fit: 3, efit: 2",fit: 3,efit: 2,,,0,0,0,0,1,,
2026-04-08 00:00:50,33,19,19,0,"fit: 3, efit: 2",fit: 3,efit: 2,,,0,0,0,0,1,,
2026-04-08 00:08:25,33,19,19,0,"fit: 2, efit: 2",fit: 2,efit: 2,,,0,0,0,0,1,,
2026-04-08 00:50:57,33,19,19,0,"fit: 1, efit: 2",fit: 1,efit: 2,,,0,0,0,0,1,,
2026-04-08 08:22:08,33,19,19,0,"fit: 1, efit: 3","fit: 1, efit: 1",efit: 2,,,0,0,0,0,1,,
2026-04-08 08:32:09,33,19,19,0,"fit: 1, efit: 4","fit: 1, efit: 2",efit: 2,,,0,0,0,0,1,,
2026-04-08 08:50:09,33,19,19,0,"fit: 2, efit: 4","fit: 2, efit: 2",efit: 2,,,0,0,0,0,1,,
2026-04-08 09:05:12,33,19,19,0,"fit: 2, efit: 5","fit: 2, efit: 3",efit: 2,,,0,0,0,0,1,,
2026-04-08 09:27:18,33,19,19,0,"fit: 2, efit: 4","fit: 2, efit: 2",efit: 2,,,0,0,0,0,1,,
2026-04-08 09:38:30,33,19,19,0,"fit: 2, efit: 5","fit: 2, efit: 3",efit: 2,,,0,0,0,0,1,,
2026-04-08 09:42:21,33,19,19,0,"fit: 3, efit: 5","fit: 3, efit: 3",efit: 2,,,0,0,0,0,1,,
2026-04-08 09:47:22,33,19,19,0,"fit: 3, efit: 5","fit: 3, efit: 4",efit: 1,,,0,0,0,0,1,,
2026-04-08 09:48:32,33,19,19,0,"fit: 3, efit: 6","fit: 3, efit: 5",efit: 1,,,0,0,0,0,1,,
2026-04-08 10:00:24,33,19,19,0,"fit: 4, efit: 7","fit: 4, efit: 6",efit: 1,,,0,0,0,0,1,,
2026-04-08 10:05:25,33,19,19,0,"fit: 4, efit: 8","fit: 4, efit: 7",efit: 1,,,0,0,0,0,1,,
2026-04-08 10:07:25,33,19,19,0,"fit: 4, efit: 9","fit: 4, efit: 8",efit: 1,,,0,0,0,0,1,,
2026-04-08 10:12:26,33,19,19,0,"fit: 4, efit: 10","fit: 4, efit: 9",efit: 1,,,0,0,0,0,1,,
2026-04-08 10:20:28,33,19,19,0,"fit: 4, efit: 9","fit: 4, efit: 8",efit: 1,,,0,0,0,0,1,,
2026-04-08 10:23:39,33,19,19,0,"fit: 4, efit: 10","fit: 4, efit: 9",efit: 1,,,0,0,0,0,1,,
2026-04-08 10:38:42,33,19,19,0,"fit: 4, efit: 9","fit: 4, efit: 8",efit: 1,,,0,0,0,0,1,,
2026-04-08 10:42:31,33,19,19,0,"fit: 4, efit: 10","fit: 4, efit: 9",efit: 1,,,0,0,0,0,1,,
2026-04-08 10:53:45,33,19,19,0,"fit: 4, efit: 11","fit: 4, efit: 10",efit: 1,,,0,0,0,0,1,,
2026-04-08 11:02:34,33,19,19,0,"fit: 4, efit: 12","fit: 4, efit: 11",efit: 1,,,0,0,0,0,1,,
2026-04-08 11:05:38,33,19,19,0,"fit: 4, efit: 13","fit: 4, efit: 12",efit: 1,,,0,0,0,0,1,,
2026-04-08 11:27:38,33,19,19,0,"fit: 4, efit: 12","fit: 4, efit: 11",efit: 1,,,0,0,0,0,1,,
2026-04-08 11:33:53,33,19,19,0,"fit: 4, efit: 11","fit: 4, efit: 10",efit: 1,,,0,0,0,0,1,,
2026-04-08 11:38:54,33,19,19,0,"fit: 4, efit: 12","fit: 4, efit: 11",efit: 1,,,0,0,0,0,1,,
2026-04-08 11:43:55,33,19,19,0,"fit: 4, efit: 11","fit: 4, efit: 10",efit: 1,,,0,0,0,0,1,,
2026-04-08 11:50:47,33,19,19,0,"fit: 4, efit: 12","fit: 4, efit: 11",efit: 1,,,0,0,0,0,1,,
2026-04-08 11:52:42,33,19,19,0,"fit: 4, efit: 13","fit: 4, efit: 12",efit: 1,,,0,0,0,0,1,,
2026-04-08 11:53:57,33,19,19,0,"fit: 3, efit: 12","fit: 3, efit: 11",efit: 1,,,0,0,0,0,1,,
2026-04-08 11:55:48,33,19,19,0,efit: 10,efit: 9,efit: 1,,,0,0,0,0,1,,
2026-04-08 11:57:43,33,19,19,0,efit: 9,efit: 9,,,,0,0,0,0,1,,
2026-04-08 11:58:58,33,19,19,0,efit: 10,efit: 10,,,,0,0,0,0,1,,
2026-04-08 12:02:44,33,19,19,0,efit: 13,efit: 13,,,,0,0,0,0,1,,
2026-04-08 12:05:51,33,19,19,0,efit: 12,efit: 12,,,,0,0,0,0,1,,
2026-04-08 12:27:49,33,19,19,0,efit: 11,efit: 11,,,,0,0,0,0,1,,
2026-04-08 12:30:56,33,19,19,0,efit: 12,efit: 12,,,,0,0,0,0,1,,
2026-04-08 12:32:49,33,19,19,0,efit: 13,efit: 13,,,,0,0,0,0,1,,
2026-04-08 12:44:08,33,19,19,0,efit: 14,efit: 14,,,,0,0,0,0,1,,
2026-04-08 12:52:53,33,19,19,0,efit: 15,efit: 14,,,,0,0,0,0,1,,
2026-04-08 12:54:10,33,19,19,0,efit: 14,efit: 13,,,,0,0,0,0,1,,
2026-04-08 12:57:54,33,19,19,0,efit: 13,efit: 12,,,,0,0,0,0,1,,
2026-04-08 13:02:55,33,19,19,0,efit: 14,efit: 13,,,,0,0,0,0,1,,
2026-04-08 13:06:03,33,19,19,0,efit: 15,efit: 14,,,,0,0,0,0,1,,
2026-04-08 13:24:16,33,19,19,0,efit: 14,efit: 13,,,,0,0,0,0,1,,
2026-04-08 13:32:59,33,19,19,0,efit: 15,efit: 14,,,,0,0,0,0,1,,
2026-04-08 13:38:01,33,19,19,0,efit: 14,efit: 13,,,,0,0,0,0,1,,
2026-04-08 13:51:13,33,19,19,0,efit: 12,efit: 11,,,,0,0,0,0,1,,
2026-04-08 13:53:03,33,19,19,0,efit: 10,efit: 9,,,,0,0,0,0,1,,
2026-04-08 13:54:22,33,19,19,0,"fit: 1, efit: 10","fit: 1, efit: 9",,,,0,0,0,0,1,,
2026-04-08 13:59:23,33,19,19,0,"fit: 1, efit: 11","fit: 1, efit: 10",,,,0,0,0,0,1,,
2026-04-08 14:03:05,33,19,19,0,"fit: 1, efit: 10","fit: 1, efit: 9",,,,0,0,0,0,1,,
2026-04-08 14:06:16,33,19,19,0,"fit: 1, efit: 9","fit: 1, efit: 8",,,,0,0,0,0,1,,
2026-04-08 14:13:06,33,19,19,0,"fit: 1, efit: 10","fit: 1, efit: 9",,,,0,0,0,0,1,,
2026-04-08 14:16:18,33,19,19,0,"fit: 1, efit: 8","fit: 1, efit: 7",,,,0,0,0,0,1,,
2026-04-08 14:41:23,33,19,19,0,"fit: 1, efit: 9","fit: 1, efit: 8",,,,0,0,0,0,1,,
2026-04-08 14:43:11,33,19,19,0,"fit: 1, efit: 11","fit: 1, efit: 10",,,,0,0,0,0,1,,
2026-04-08 14:48:12,33,19,19,0,"fit: 1, efit: 10","fit: 1, efit: 9",,,,0,0,0,0,1,,
2026-04-08 14:51:25,33,19,19,0,"fit: 1, efit: 9","fit: 1, efit: 8",,,,0,0,0,0,1,,
2026-04-08 14:54:34,33,19,19,0,"fit: 1, efit: 9","fit: 1, efit: 9",,,,0,0,0,0,1,,
2026-04-08 14:56:26,33,19,19,0,"fit: 1, efit: 8","fit: 1, efit: 8",,,,0,0,0,0,1,,
2026-04-08 14:58:13,33,19,19,0,efit: 8,efit: 8,,,,0,0,0,0,1,,
2026-04-08 14:59:35,33,19,19,0,efit: 10,efit: 10,,,,0,0,0,0,1,,
2026-04-08 15:06:28,33,19,19,0,efit: 12,efit: 12,,,,0,0,0,0,1,,
2026-04-08 15:13:16,33,19,19,0,efit: 13,efit: 13,,,,0,0,0,0,1,,
2026-04-08 15:23:18,33,19,19,0,efit: 10,efit: 10,,,,0,0,0,0,1,,
2026-04-08 15:24:40,33,19,19,0,efit: 9,efit: 9,,,,0,0,0,0,1,,
2026-04-08 15:26:32,33,19,19,0,efit: 8,efit: 8,,,,0,0,0,0,1,,
2026-04-08 15:28:19,33,19,19,0,efit: 9,efit: 9,,,,0,0,0,0,1,,
2026-04-08 15:29:41,33,19,19,0,"fit: 2, efit: 11","fit: 2, efit: 10",efit: 1,,,0,0,0,0,1,,
2026-04-08 15:31:33,33,19,19,0,"fit: 4, efit: 12","fit: 4, efit: 11",,,,0,0,0,0,1,,
2026-04-08 15:33:19,33,19,19,0,"fit: 4, efit: 12","fit: 4, efit: 11",efit: 1,,,0,0,0,0,1,,
2026-04-08 15:36:34,33,19,19,0,"fit: 4, efit: 12","fit: 4, efit: 11",,,,0,0,0,0,1,,
2026-04-08 15:49:45,33,19,19,0,"fit: 4, efit: 10","fit: 4, efit: 9",,,,0,0,0,0,1,,
2026-04-08 15:51:37,33,19,19,0,"fit: 4, efit: 9","fit: 4, efit: 8",,,,0,0,0,0,1,,
2026-04-08 15:53:23,33,19,19,0,"fit: 4, efit: 6","fit: 4, efit: 5",,,,0,0,0,0,1,,
2026-04-08 16:01:40,33,19,19,0,"fit: 5, efit: 4","fit: 5, efit: 3",,,,0,0,0,0,1,,
2026-04-08 16:03:24,33,19,19,0,"fit: 6, efit: 4","fit: 6, efit: 3",,,,0,0,0,0,1,,
2026-04-08 16:04:48,33,19,19,0,"fit: 6, efit: 3","fit: 6, efit: 2",,,,0,0,0,0,1,,
2026-04-08 16:11:42,33,19,19,0,"fit: 6, efit: 2","fit: 6, efit: 1",,,,0,0,0,0,1,,
2026-04-08 16:16:43,33,19,19,0,"fit: 6, efit: 1",fit: 6,,,,0,0,0,0,1,,
2026-04-08 16:21:44,33,19,19,0,"fit: 5, efit: 1",fit: 5,,,,0,0,0,0,1,,
2026-04-08 16:31:46,33,19,19,0,"fit: 5, efit: 4","fit: 5, efit: 3",,,,0,0,0,0,1,,
2026-04-08 16:33:29,33,19,19,0,"fit: 5, efit: 2",fit: 5,,,,0,0,0,0,1,,
2026-04-08 16:36:47,33,19,19,0,"fit: 5, efit: 4","fit: 5, efit: 2",,,,0,0,0,0,1,,
2026-04-08 16:41:48,33,19,19,0,"fit: 5, efit: 5","fit: 5, efit: 3",,,,0,0,0,0,1,,
2026-04-08 16:46:49,33,19,19,0,"fit: 6, efit: 3","fit: 6, efit: 1",,,,0,0,0,0,1,,
2026-04-08 16:48:31,33,19,19,0,"fit: 7, efit: 2",fit: 7,,,,0,0,0,0,1,,
2026-04-08 16:49:57,33,19,19,0,"fit: 7, efit: 4","fit: 7, efit: 2",,,,0,0,0,0,1,,
2026-04-08 16:51:50,33,19,19,0,"fit: 7, efit: 2",fit: 7,,,,0,0,0,0,1,,
2026-04-08 16:53:32,33,19,19,0,"fit: 7, efit: 3","fit: 7, efit: 1",,,,0,0,0,0,1,,
2026-04-08 16:54:58,33,19,19,0,"fit: 7, efit: 2",fit: 7,,,,0,0,0,0,1,,
2026-04-08 16:56:51,33,19,19,0,"fit: 7, efit: 3","fit: 7, efit: 1",,,,0,0,0,0,1,,
2026-04-08 16:58:33,33,19,19,0,"fit: 7, efit: 2",fit: 7,,,,0,0,0,0,1,,
2026-04-08 16:59:59,33,19,19,0,"fit: 7, efit: 3",fit: 7,efit: 1,,,0,0,0,0,1,,
2026-04-08 17:01:52,33,19,19,0,"fit: 6, efit: 3",fit: 6,efit: 1,,,0,0,0,0,1,,
2026-04-08 17:03:34,33,19,19,0,"fit: 6, efit: 5","fit: 6, efit: 2",efit: 1,,,0,0,0,0,1,,
2026-04-08 17:06:53,33,19,19,0,"fit: 6, efit: 6","fit: 6, efit: 3",efit: 1,,,0,0,0,0,1,,
2026-04-08 17:08:34,33,19,19,0,"fit: 6, efit: 5","fit: 6, efit: 2",efit: 1,,,0,0,0,0,1,,
2026-04-08 17:11:54,33,19,19,0,"fit: 6, efit: 4","fit: 6, efit: 2",efit: 1,,,0,0,0,0,1,,
2026-04-08 17:18:36,33,19,19,0,"fit: 6, efit: 2","fit: 6, efit: 1",efit: 1,,,0,0,0,0,1,,
2026-04-08 17:21:56,33,19,19,0,"fit: 5, efit: 1",fit: 5,efit: 1,,,0,0,0,0,1,,
2026-04-08 17:25:04,33,19,19,0,"fit: 4, efit: 1",fit: 4,efit: 1,,,0,0,0,0,1,,
2026-04-08 17:26:57,33,19,19,0,"fit: 3, efit: 1",fit: 3,efit: 1,,,0,0,0,0,1,,
2026-04-08 17:28:38,33,19,19,0,"fit: 2, efit: 1",fit: 2,efit: 1,,,0,0,0,0,1,,
2026-04-08 17:43:40,33,19,19,0,"fit: 1, efit: 1",fit: 1,efit: 1,,,0,0,0,0,1,,
2026-04-08 17:48:41,33,19,19,0,efit: 2,efit: 1,efit: 1,,,0,0,0,0,1,,
2026-04-08 17:50:10,33,19,19,0,efit: 1,,efit: 1,,,0,0,0,0,1,,
2026-04-08 17:53:42,33,19,19,0,efit: 2,efit: 1,efit: 1,,,0,0,0,0,1,,
2026-04-08 18:03:43,33,19,19,0,efit: 1,,efit: 1,,,0,0,0,0,1,,
2026-04-08 18:20:16,33,19,19,0,"fit: 1, efit: 1",fit: 1,efit: 1,,,0,0,0,0,1,,
2026-04-08 18:22:09,33,19,19,0,efit: 1,,efit: 1,,,0,0,0,0,1,,
2026-04-08 18:30:18,33,19,19,0,efit: 2,efit: 1,efit: 1,,,0,0,0,0,1,,
2026-04-08 18:48:51,33,19,19,0,efit: 3,efit: 2,efit: 1,,,0,0,0,0,1,,
2026-04-08 18:53:52,33,19,19,0,"fit: 1, efit: 3","fit: 1, efit: 2",efit: 1,,,0,0,0,0,1,,
2026-04-08 18:55:23,33,19,19,0,"fit: 1, efit: 2","fit: 1, efit: 1",efit: 1,,,0,0,0,0,1,,
2026-04-08 19:02:18,33,19,19,0,"fit: 1, efit: 3","fit: 1, efit: 2",efit: 1,,,0,0,0,0,1,,
2026-04-08 19:03:53,33,19,19,0,"fit: 3, efit: 3","fit: 3, efit: 2",efit: 1,,,0,0,0,0,1,,
2026-04-08 19:05:25,33,19,19,0,"fit: 3, efit: 1",fit: 3,efit: 1,,,0,0,0,0,1,,
2026-04-08 19:10:26,33,19,19,0,"fit: 3, efit: 3","fit: 3, efit: 2",efit: 1,,,0,0,0,0,1,,
2026-04-08 19:12:20,33,19,19,0,"fit: 3, efit: 1",fit: 3,efit: 1,,,0,0,0,0,1,,
2026-04-08 19:20:28,33,19,19,0,"fit: 2, efit: 1",fit: 2,efit: 1,,,0,0,0,0,1,,
2026-04-08 19:23:57,33,19,19,0,"fit: 2, efit: 2","fit: 2, efit: 1",efit: 1,,,0,0,0,0,1,,
2026-04-08 19:27:23,33,19,19,0,"fit: 2, efit: 3","fit: 2, efit: 2",efit: 1,,,0,0,0,0,1,,
2026-04-08 19:30:31,33,19,19,0,"fit: 2, efit: 4","fit: 2, efit: 3",efit: 1,,,0,0,0,0,1,,
2026-04-08 19:35:32,33,19,19,0,"fit: 2, efit: 2","fit: 2, efit: 1",efit: 1,,,0,0,0,0,1,,
2026-04-08 19:37:25,33,19,19,0,"fit: 2, efit: 1",fit: 2,efit: 1,,,0,0,0,0,1,,
2026-04-08 19:44:01,33,19,19,0,"fit: 3, efit: 2","fit: 3, efit: 1",efit: 1,,,0,0,0,0,1,,
2026-04-08 19:49:02,33,19,19,0,"fit: 3, efit: 3","fit: 3, efit: 2",efit: 1,,,0,0,0,0,1,,
2026-04-08 19:52:28,33,19,19,0,"fit: 3, efit: 4","fit: 3, efit: 3",efit: 1,,,0,0,0,0,1,,
2026-04-08 19:54:02,33,19,19,0,"fit: 3, efit: 2","fit: 3, efit: 1",efit: 1,,,0,0,0,0,1,,
2026-04-08 19:57:29,33,19,19,0,"fit: 1, efit: 3","fit: 1, efit: 2",efit: 1,,,0,0,0,0,1,,
2026-04-08 20:09:05,33,19,19,0,"fit: 1, efit: 1",fit: 1,efit: 1,,,0,0,0,0,1,,
2026-04-08 20:10:39,33,19,19,0,"fit: 3, efit: 1",fit: 3,efit: 1,,,0,0,0,0,1,,
2026-04-08 20:22:34,33,19,19,0,"fit: 2, efit: 1",fit: 2,efit: 1,,,0,0,0,0,1,,
2026-04-08 20:25:41,33,19,19,0,"fit: 1, efit: 1",fit: 1,efit: 1,,,0,0,0,0,1,,
2026-04-08 20:45:45,33,19,19,0,efit: 1,,efit: 1,,,0,0,0,0,1,,
2026-04-08 21:10:50,33,19,19,0,efit: 2,,efit: 1,,,0,0,0,0,1,,
2026-04-08 21:39:19,33,19,19,0,efit: 3,efit: 1,efit: 1,,,0,0,0,0,1,,
2026-04-08 21:44:19,33,19,19,0,efit: 2,,efit: 1,,,0,0,0,0,1,,
2026-04-08 21:50:58,33,19,19,0,efit: 2,efit: 1,efit: 1,,,0,0,0,0,1,,
2026-04-08 22:04:22,33,19,19,0,efit: 1,,efit: 1,,,0,0,0,0,1,,
2026-04-08 22:21:05,33,19,19,0,efit: 2,efit: 1,efit: 1,,,0,0,0,0,1,,
2026-04-08 22:22:58,33,19,19,0,efit: 1,,efit: 1,,,0,0,0,0,1,,
2026-04-08 22:27:59,33,19,19,0,efit: 2,efit: 1,efit: 1,,,0,0,0,0,1,,
2026-04-08 22:41:08,33,19,19,0,efit: 3,efit: 2,efit: 1,,,0,0,0,0,1,,
2026-04-08 22:43:02,33,19,19,0,efit: 2,efit: 1,efit: 1,,,0,0,0,0,1,,
2026-04-08 22:44:29,33,19,19,0,efit: 1,,efit: 1,,,0,0,0,0,1,,
2026-04-08 22:51:10,33,19,19,0,efit: 2,efit: 1,efit: 1,,,0,0,0,0,1,,
2026-04-08 22:58:05,33,19,19,0,efit: 3,efit: 2,efit: 1,,,0,0,0,0,1,,
2026-04-08 23:03:06,33,19,19,0,efit: 2,efit: 1,efit: 1,,,0,0,0,0,1,,
2026-04-08 23:08:07,33,19,19,0,efit: 1,,efit: 1,,,0,0,0,0,1,,
2026-04-08 23:14:33,33,19,19,0,efit: 3,efit: 2,efit: 1,,,0,0,0,0,1,,
2026-04-08 23:16:15,33,19,19,0,efit: 1,,efit: 1,,,0,0,0,0,1,,
2026-04-09 00:01:23,33,19,19,0,efit: 1,,efit: 1,,,0,0,0,0,1,,
2026-04-09 08:05:56,33,19,19,0,efit: 2,efit: 1,efit: 1,,,0,0,0,0,1,,
2026-04-09 08:24:56,33,19,19,0,"fit: 1, efit: 2","fit: 1, efit: 1",efit: 1,,,0,0,0,0,1,,
2026-04-09 09:03:08,33,19,19,0,"fit: 1, efit: 3","fit: 1, efit: 2",efit: 1,,,0,0,0,0,1,,
2026-04-09 09:05:05,33,19,19,0,"fit: 1, efit: 2","fit: 1, efit: 2",,,,0,0,0,0,1,,
2026-04-09 09:18:11,33,19,19,0,"fit: 1, efit: 3","fit: 1, efit: 3",,,,0,0,0,0,1,,
2026-04-09 09:20:08,33,19,19,0,"fit: 2, efit: 3","fit: 2, efit: 3",,,,0,0,0,0,1,,
2026-04-09 09:25:09,33,19,19,0,"fit: 3, efit: 3","fit: 3, efit: 3",,,,0,0,0,0,1,,
2026-04-09 09:26:10,33,19,19,0,"fit: 3, efit: 4","fit: 3, efit: 4",,,,0,0,0,0,1,,
2026-04-09 09:28:13,33,19,19,0,"fit: 3, efit: 5","fit: 3, efit: 5",,,,0,0,0,0,1,,
2026-04-09 10:00:17,33,19,19,0,"fit: 3, efit: 6","fit: 3, efit: 6",,,,0,0,0,0,1,,
2026-04-09 10:25:22,33,19,19,0,"fit: 3, efit: 5","fit: 3, efit: 5",,,,0,0,0,0,1,,
2026-04-09 10:48:30,33,19,19,0,"fit: 3, efit: 6","fit: 3, efit: 6",,,,0,0,0,0,1,,
2026-04-09 10:50:27,33,19,19,0,"fit: 3, efit: 5","fit: 3, efit: 5",,,,0,0,0,0,1,,
2026-04-09 10:55:29,33,19,19,0,"fit: 3, efit: 7","fit: 3, efit: 7",,,,0,0,0,0,1,,
2026-04-09 10:58:32,33,19,19,0,"fit: 3, efit: 6","fit: 3, efit: 6",,,,0,0,0,0,1,,
2026-04-09 11:00:30,33,19,19,0,"fit: 3, efit: 5","fit: 3, efit: 5",,,,0,0,0,0,1,,
2026-04-09 11:10:32,33,19,19,0,"fit: 4, efit: 5","fit: 4, efit: 5",,,,0,0,0,0,1,,
2026-04-09 11:25:35,33,19,19,0,"fit: 4, efit: 6","fit: 4, efit: 6",,,,0,0,0,0,1,,
2026-04-09 11:35:37,33,19,19,0,"fit: 4, efit: 7","fit: 4, efit: 7",,,,0,0,0,0,1,,
2026-04-09 11:38:40,33,19,19,0,"fit: 4, efit: 8","fit: 4, efit: 8",,,,0,0,0,0,1,,
2026-04-09 11:40:38,33,19,19,0,"fit: 4, efit: 9","fit: 4, efit: 9",,,,0,0,0,0,1,,
2026-04-09 11:45:39,33,19,19,0,"fit: 4, efit: 10","fit: 4, efit: 10",,,,0,0,0,0,1,,
2026-04-09 11:46:33,33,19,19,0,"fit: 5, efit: 10","fit: 5, efit: 10",,,,0,0,0,0,1,,
2026-04-09 11:51:34,33,19,19,0,"fit: 5, efit: 9","fit: 5, efit: 9",,,,0,0,0,0,1,,
2026-04-09 11:56:35,33,19,19,0,"fit: 5, efit: 10","fit: 5, efit: 10",,,,0,0,0,0,1,,
2026-04-09 11:58:44,33,19,19,0,"fit: 5, efit: 8","fit: 5, efit: 8",,,,0,0,0,0,1,,
2026-04-09 12:00:43,33,19,19,0,"fit: 5, efit: 7","fit: 5, efit: 7",,,,0,0,0,0,1,,
2026-04-09 12:03:45,33,19,19,0,"fit: 5, efit: 6","fit: 5, efit: 6",,,,0,0,0,0,1,,
2026-04-09 12:06:36,33,19,19,0,"fit: 3, efit: 6","fit: 3, efit: 6",,,,0,0,0,0,1,,
2026-04-09 12:08:46,33,19,19,0,"fit: 2, efit: 6","fit: 2, efit: 6",,,,0,0,0,0,1,,
2026-04-09 12:16:38,33,19,19,0,"fit: 2, efit: 5","fit: 2, efit: 5",,,,0,0,0,0,1,,
2026-04-09 12:18:48,33,19,19,0,"fit: 2, efit: 4","fit: 2, efit: 4",,,,0,0,0,0,1,,
2026-04-09 12:26:40,33,19,19,0,"fit: 2, efit: 5","fit: 2, efit: 5",,,,0,0,0,0,1,,
2026-04-09 12:28:50,33,19,19,0,"fit: 2, efit: 8","fit: 2, efit: 8",,,,0,0,0,0,1,,
2026-04-09 12:33:52,33,19,19,0,"fit: 2, efit: 9","fit: 2, efit: 9",,,,0,0,0,0,1,,
2026-04-09 12:40:51,33,19,19,0,"fit: 2, efit: 10","fit: 2, efit: 10",,,,0,0,0,0,1,,
2026-04-09 12:41:42,33,19,19,0,"fit: 2, efit: 9","fit: 2, efit: 9",,,,0,0,0,0,1,,
2026-04-09 12:45:52,33,19,19,0,"fit: 3, efit: 8","fit: 3, efit: 8",,,,0,0,0,0,1,,
2026-04-09 12:46:43,33,19,19,0,"fit: 3, efit: 9","fit: 3, efit: 9",,,,0,0,0,0,1,,
2026-04-09 12:48:55,33,19,19,0,"fit: 3, efit: 10","fit: 3, efit: 10",,,,0,0,0,0,1,,
2026-04-09 12:50:53,33,19,19,0,"fit: 3, efit: 13","fit: 3, efit: 13",,,,0,0,0,0,1,,
2026-04-09 12:51:44,33,19,19,0,"fit: 3, efit: 12","fit: 3, efit: 12",,,,0,0,0,0,1,,
2026-04-09 12:55:54,33,19,19,0,"fit: 3, efit: 13","fit: 3, efit: 13",,,,0,0,0,0,1,,
2026-04-09 12:58:56,33,19,19,0,"fit: 4, efit: 13","fit: 4, efit: 13",,,,0,0,0,0,1,,
2026-04-09 13:00:55,33,19,19,0,"fit: 5, efit: 12","fit: 5, efit: 12",,,,0,0,0,0,1,,
2026-04-09 13:03:57,33,19,19,0,"fit: 5, efit: 13","fit: 5, efit: 13",,,,0,0,0,0,1,,
2026-04-09 13:05:56,33,19,19,0,"fit: 5, efit: 12","fit: 5, efit: 12",,,,0,0,0,0,1,,
2026-04-09 13:10:57,33,19,19,0,"fit: 5, efit: 13","fit: 5, efit: 13",,,,0,0,0,0,1,,
2026-04-09 13:13:59,33,19,19,0,"fit: 2, efit: 11","fit: 2, efit: 11",,,,0,0,0,0,1,,
2026-04-09 13:15:58,33,19,19,0,"fit: 1, efit: 11","fit: 1, efit: 11",,,,0,0,0,0,1,,
2026-04-09 13:19:01,33,19,19,0,"fit: 1, efit: 12","fit: 1, efit: 12",,,,0,0,0,0,1,,
2026-04-09 13:21:00,33,19,19,0,"fit: 1, efit: 11","fit: 1, efit: 11",,,,0,0,0,0,1,,
2026-04-09 13:26:01,33,19,19,0,"fit: 1, efit: 10","fit: 1, efit: 10",,,,0,0,0,0,1,,
2026-04-09 13:29:03,33,19,19,0,"fit: 1, efit: 9","fit: 1, efit: 9",,,,0,0,0,0,1,,
2026-04-09 13:31:02,33,19,19,0,"fit: 1, efit: 7","fit: 1, efit: 7",,,,0,0,0,0,1,,
2026-04-09 13:31:50,33,19,19,0,"fit: 1, efit: 6","fit: 1, efit: 6",,,,0,0,0,0,1,,
2026-04-09 13:41:04,33,19,19,0,"fit: 1, efit: 5","fit: 1, efit: 5",,,,0,0,0,0,1,,
2026-04-09 13:44:06,33,19,19,0,"fit: 1, efit: 7","fit: 1, efit: 7",,,,0,0,0,0,1,,
2026-04-09 13:46:05,33,19,19,0,"fit: 1, efit: 6","fit: 1, efit: 6",,,,0,0,0,0,1,,
2026-04-09 13:49:07,33,19,19,0,"fit: 1, efit: 8","fit: 1, efit: 8",,,,0,0,0,0,1,,
2026-04-09 13:51:06,33,19,19,0,"fit: 1, efit: 6","fit: 1, efit: 6",,,,0,0,0,0,1,,
2026-04-09 13:54:08,33,19,19,0,"fit: 2, efit: 6","fit: 2, efit: 6",,,,0,0,0,0,1,,
2026-04-09 13:59:09,33,19,19,0,"fit: 6, efit: 6","fit: 6, efit: 6",,,,0,0,0,0,1,,
2026-04-09 14:06:56,33,19,19,0,"fit: 6, efit: 7","fit: 6, efit: 7",,,,0,0,0,0,1,,
2026-04-09 14:11:10,33,19,19,0,"fit: 6, efit: 8","fit: 6, efit: 8",,,,0,0,0,0,1,,
2026-04-09 14:21:59,33,19,19,0,"fit: 6, efit: 9","fit: 6, efit: 9",,,,0,0,0,0,1,,
2026-04-09 14:26:14,33,19,19,0,"fit: 6, efit: 10","fit: 6, efit: 10",,,,0,0,0,0,1,,
2026-04-09 14:27:00,33,19,19,0,"fit: 6, efit: 9","fit: 6, efit: 9",,,,0,0,0,0,1,,
2026-04-09 14:29:15,33,19,19,0,"fit: 6, efit: 8","fit: 6, efit: 8",,,,0,0,0,0,1,,
2026-04-09 14:36:16,33,19,19,0,"fit: 6, efit: 7","fit: 6, efit: 7",,,,0,0,0,0,1,,
2026-04-09 14:37:02,33,19,19,0,"fit: 6, efit: 6","fit: 6, efit: 6",,,,0,0,0,0,1,,
2026-04-09 14:41:17,33,19,19,0,"fit: 6, efit: 7","fit: 6, efit: 7",,,,0,0,0,0,1,,
2026-04-09 14:44:18,33,19,19,0,"fit: 6, efit: 6","fit: 6, efit: 6",,,,0,0,0,0,1,,
2026-04-09 14:46:18,33,19,19,0,"fit: 6, efit: 5","fit: 6, efit: 5",,,,0,0,0,0,1,,
2026-04-09 14:47:04,33,19,19,0,"fit: 6, efit: 3","fit: 6, efit: 3",,,,0,0,0,0,1,,
2026-04-09 14:51:19,33,19,19,0,"fit: 6, efit: 4","fit: 6, efit: 4",,,,0,0,0,0,1,,
2026-04-09 15:01:21,33,19,19,0,"fit: 6, efit: 3","fit: 6, efit: 3",,,,0,0,0,0,1,,
2026-04-09 15:06:22,33,19,19,0,"fit: 6, efit: 2","fit: 6, efit: 2",,,,0,0,0,0,1,,
2026-04-09 15:11:23,33,19,19,0,"fit: 6, efit: 1","fit: 6, efit: 1",,,,0,0,0,0,1,,
2026-04-09 15:19:25,33,19,19,0,"fit: 6, efit: 5","fit: 6, efit: 4",,,,0,0,0,0,1,,
2026-04-09 15:21:25,33,19,19,0,"fit: 6, efit: 3","fit: 6, efit: 2",,,,0,0,0,0,1,,
2026-04-09 15:24:26,33,19,19,0,"fit: 6, efit: 5","fit: 6, efit: 4",,,,0,0,0,0,1,,
2026-04-09 15:29:27,33,19,19,0,"fit: 6, efit: 6","fit: 6, efit: 5",,,,0,0,0,0,1,,
2026-04-09 15:31:27,33,19,19,0,"fit: 6, efit: 7","fit: 6, efit: 6",,,,0,0,0,0,1,,
2026-04-09 15:36:28,33,19,19,0,"fit: 6, efit: 6","fit: 6, efit: 5",,,,0,0,0,0,1,,
2026-04-09 15:46:30,33,19,19,0,"fit: 6, efit: 5","fit: 6, efit: 4",,,,0,0,0,0,1,,
2026-04-09 15:49:31,33,19,19,0,"fit: 5, efit: 3","fit: 5, efit: 2",,,,0,0,0,0,1,,
2026-04-09 15:54:32,33,19,19,0,"fit: 5, efit: 2","fit: 5, efit: 1",,,,0,0,0,0,1,,
2026-04-09 15:56:32,33,19,19,0,"fit: 5, efit: 1",fit: 5,,,,0,0,0,0,1,,
2026-04-09 15:59:33,33,19,19,0,"fit: 5, efit: 2","fit: 5, efit: 1",,,,0,0,0,0,1,,
2026-04-09 16:04:34,33,19,19,0,"fit: 5, efit: 1",fit: 5,,,,0,0,0,0,1,,
2026-04-09 16:06:34,33,19,19,0,"fit: 5, efit: 1","fit: 5, efit: 1",,,,0,0,0,0,1,,
2026-04-09 16:07:17,33,19,19,0,"fit: 4, efit: 1","fit: 4, efit: 1",,,,0,0,0,0,1,,
2026-04-09 16:09:35,33,19,19,0,"fit: 5, efit: 1","fit: 5, efit: 1",,,,0,0,0,0,1,,
2026-04-09 16:14:36,33,19,19,0,"fit: 5, efit: 2","fit: 5, efit: 2",,,,0,0,0,0,1,,
2026-04-09 16:21:37,33,19,19,0,"fit: 5, efit: 3","fit: 5, efit: 3",,,,0,0,0,0,1,,
2026-04-09 16:29:39,33,19,19,0,"fit: 7, efit: 3","fit: 7, efit: 3",,,,0,0,0,0,1,,
2026-04-09 16:31:40,33,19,19,0,"fit: 7, efit: 2","fit: 7, efit: 2",,,,0,0,0,0,1,,
2026-04-09 16:39:41,33,19,19,0,"fit: 7, efit: 1","fit: 7, efit: 1",,,,0,0,0,0,1,,
2026-04-09 16:42:22,33,19,19,0,fit: 6,fit: 6,,,,0,0,0,0,1,,
2026-04-09 16:59:46,33,19,19,0,"fit: 4, efit: 1","fit: 4, efit: 1",,,,0,0,0,0,1,,
2026-04-09 17:07:26,33,19,19,0,"fit: 4, efit: 3","fit: 4, efit: 3",,,,0,0,0,0,1,,
2026-04-09 17:09:48,33,19,19,0,fit: 4,fit: 4,,,,0,0,0,0,1,,
2026-04-09 17:14:49,33,19,19,0,"fit: 4, efit: 2","fit: 4, efit: 2",,,,0,0,0,0,1,,
2026-04-09 17:16:50,33,19,19,0,"fit: 4, efit: 1","fit: 4, efit: 1",,,,0,0,0,0,1,,
2026-04-09 17:19:50,33,19,19,0,"fit: 5, efit: 2","fit: 5, efit: 2",,,,0,0,0,0,1,,
2026-04-09 17:21:51,33,19,19,0,"fit: 5, efit: 1","fit: 5, efit: 1",,,,0,0,0,0,1,,
2026-04-09 17:26:52,33,19,19,0,fit: 5,fit: 5,,,,0,0,0,0,1,,
2026-04-09 17:27:30,33,19,19,0,"fit: 5, efit: 2","fit: 5, efit: 2",,,,0,0,0,0,1,,
2026-04-09 17:29:52,33,19,19,0,"fit: 5, efit: 1","fit: 5, efit: 1",,,,0,0,0,0,1,,
2026-04-09 17:36:54,33,19,19,0,fit: 4,fit: 4,,,,0,0,0,0,1,,
2026-04-09 17:39:54,33,19,19,0,"fit: 4, efit: 1",fit: 4,,,,0,0,0,0,1,,
2026-04-09 17:41:55,33,19,19,0,"fit: 4, efit: 2","fit: 4, efit: 1",,,,0,0,0,0,1,,
2026-04-09 17:49:56,33,19,19,0,"fit: 4, efit: 1",fit: 4,,,,0,0,0,0,1,,
2026-04-09 17:52:34,33,19,19,0,"fit: 4, efit: 2","fit: 4, efit: 1",,,,0,0,0,0,1,,
2026-04-09 17:57:35,33,19,19,0,"fit: 4, efit: 3","fit: 4, efit: 2",,,,0,0,0,0,1,,
2026-04-09 17:59:58,33,19,19,0,"fit: 4, efit: 4","fit: 4, efit: 3",,,,0,0,0,0,1,,
2026-04-09 18:07:01,33,19,19,0,"fit: 6, efit: 2","fit: 6, efit: 1",,,,0,0,0,0,1,,
2026-04-09 18:10:01,33,19,19,0,"fit: 7, efit: 2","fit: 7, efit: 1",,,,0,0,0,0,1,,
2026-04-09 18:12:02,33,19,19,0,"fit: 7, efit: 3","fit: 7, efit: 2",,,,0,0,0,0,1,,
2026-04-09 18:12:37,33,19,19,0,"fit: 7, efit: 4","fit: 7, efit: 3",,,,0,0,0,0,1,,
2026-04-09 18:15:02,33,19,19,0,"fit: 7, efit: 4","fit: 7, efit: 4",,,,0,0,0,0,1,,
2026-04-09 18:17:03,33,19,19,0,"fit: 8, efit: 3","fit: 8, efit: 3",,,,0,0,0,0,1,,
2026-04-09 18:22:04,33,19,19,0,"fit: 8, efit: 2","fit: 8, efit: 2",,,,0,0,0,0,1,,
2026-04-09 18:22:39,33,19,19,0,"fit: 8, efit: 1","fit: 8, efit: 1",,,,0,0,0,0,1,,
2026-04-09 18:25:04,33,19,19,0,fit: 8,fit: 8,,,,0,0,0,0,1,,
2026-04-09 18:27:05,33,19,19,0,fit: 7,fit: 7,,,,0,0,0,0,1,,
2026-04-09 18:32:06,33,19,19,0,"fit: 7, efit: 1","fit: 7, efit: 1",,,,0,0,0,0,1,,
2026-04-09 18:37:07,33,19,19,0,fit: 7,fit: 7,,,,0,0,0,0,1,,
2026-04-09 18:45:09,33,19,19,0,"fit: 7, efit: 1",fit: 7,,,,0,0,0,0,1,,
2026-04-09 18:47:43,33,19,19,0,"fit: 7, efit: 2","fit: 7, efit: 1",,,,0,0,0,0,1,,
2026-04-09 18:52:10,33,19,19,0,"fit: 6, efit: 2","fit: 6, efit: 1",,,,0,0,0,0,1,,
2026-04-09 19:07:14,33,19,19,0,"fit: 5, efit: 2","fit: 5, efit: 1",,,,0,0,0,0,1,,
2026-04-09 19:10:14,33,19,19,0,"fit: 3, efit: 2","fit: 3, efit: 1",,,,0,0,0,0,1,,
2026-04-09 19:12:47,33,19,19,0,"fit: 3, efit: 1",fit: 3,,,,0,0,0,0,1,,
2026-04-09 19:17:16,33,19,19,0,"fit: 3, efit: 2","fit: 3, efit: 1",,,,0,0,0,0,1,,
2026-04-09 19:22:17,33,19,19,0,"fit: 3, efit: 2","fit: 3, efit: 2",,,,0,0,0,0,1,,
2026-04-09 19:27:18,33,19,19,0,"fit: 2, efit: 1","fit: 2, efit: 1",,,,0,0,0,0,1,,
2026-04-09 19:30:18,33,19,19,0,"fit: 1, efit: 1","fit: 1, efit: 1",,,,0,0,0,0,1,,
2026-04-09 19:40:20,33,19,19,0,"fit: 1, efit: 1",fit: 1,,,,0,0,0,0,1,,
2026-04-09 19:47:22,33,19,19,0,efit: 1,,,,,0,0,0,0,1,,
2026-04-09 19:52:23,33,19,19,0,efit: 3,efit: 2,,,,0,0,0,0,1,,
2026-04-09 19:55:22,33,19,19,0,efit: 1,,,,,0,0,0,0,1,,
2026-04-09 20:27:30,33,19,19,0,efit: 1,efit: 1,,,,0,0,0,0,1,,
2026-04-09 20:35:30,33,19,19,0,,,,,,0,0,0,0,1,,
2026-04-09 21:00:35,33,19,19,0,"fit: 1, efit: 2","fit: 1, efit: 2",,,,0,0,0,0,1,,
2026-04-09 21:02:37,33,19,19,0,"fit: 1, efit: 3","fit: 1, efit: 3",,,,0,0,0,0,1,,
2026-04-09 21:03:05,33,19,19,0,"fit: 1, efit: 2","fit: 1, efit: 2",,,,0,0,0,0,1,,
2026-04-09 21:05:36,33,19,19,0,"fit: 1, efit: 1","fit: 1, efit: 1",,,,0,0,0,0,1,,
2026-04-09 21:07:38,33,19,19,0,fit: 1,fit: 1,,,,0,0,0,0,1,,
2026-04-09 21:17:40,33,19,19,0,,,,,,0,0,0,0,1,,
2026-04-09 21:22:41,33,19,19,0,efit: 2,efit: 2,,,,0,0,0,0,1,,
2026-04-09 21:30:41,33,19,19,0,efit: 1,efit: 1,,,,0,0,0,0,1,,
2026-04-09 21:35:42,33,19,19,0,efit: 5,efit: 5,,,,0,0,0,0,1,,
2026-04-09 21:38:11,33,19,19,0,efit: 4,efit: 4,,,,0,0,0,0,1,,
2026-04-09 21:40:43,33,19,19,0,,,,,,0,0,0,0,1,,
2026-04-09 22:23:18,33,19,19,0,efit: 1,efit: 1,,,,0,0,0,0,1,,
2026-04-09 22:27:54,33,19,19,0,,,,,,0,0,0,0,1,,
2026-04-10 00:01:10,33,19,19,0,,,,,,0,0,0,0,1,,
2026-04-10 00:13:15,33,19,19,0,efit: 1,efit: 1,,,,0,0,0,0,1,,
2026-04-10 00:16:13,33,19,19,0,efit: 2,efit: 2,,,,0,0,0,0,1,,
2026-04-10 00:21:14,33,19,19,0,efit: 1,efit: 1,,,,0,0,0,0,1,,
2026-04-10 00:26:15,33,19,19,0,efit: 2,efit: 2,,,,0,0,0,0,1,,
2026-04-10 00:31:16,33,19,19,0,efit: 1,efit: 1,,,,0,0,0,0,1,,
2026-04-10 00:36:17,33,19,19,0,efit: 2,efit: 2,,,,0,0,0,0,1,,
2026-04-10 00:58:24,33,19,19,0,efit: 1,efit: 1,,,,0,0,0,0,1,,
2026-04-10 01:06:22,33,19,19,0,efit: 3,efit: 3,,,,0,0,0,0,1,,
2026-04-10 01:08:25,33,19,19,0,efit: 1,efit: 1,,,,0,0,0,0,1,,
2026-04-10 01:13:26,33,19,19,0,,,,,,0,0,0,0,1,,
2026-04-10 01:16:24,33,19,19,0,efit: 3,efit: 3,,,,0,0,0,0,1,,
2026-04-10 01:46:30,33,19,19,0,efit: 2,efit: 2,,,,0,0,0,0,1,,
2026-04-10 02:06:34,33,19,19,0,efit: 1,efit: 1,,,,0,0,0,0,1,,
2026-04-10 02:26:37,33,19,19,0,,,,,,0,0,0,0,1,,
2026-04-10 07:22:33,33,19,19,0,fit: 1,fit: 1,,,,0,0,0,0,1,,
2026-04-10 07:37:36,33,19,19,0,"fit: 1, efit: 1","fit: 1, efit: 1",,,,0,0,0,0,1,,
2026-04-10 07:49:42,33,19,19,0,"fit: 1, efit: 2","fit: 1, efit: 2",,,,0,0,0,0,1,,
2026-04-10 08:12:43,33,19,19,0,"fit: 2, efit: 2","fit: 2, efit: 2",,,,0,0,0,0,1,,
2026-04-10 08:42:49,33,19,19,0,"fit: 2, efit: 3","fit: 2, efit: 3",,,,0,0,0,0,1,,
2026-04-10 08:52:51,33,19,19,0,"fit: 3, efit: 3","fit: 3, efit: 3",,,,0,0,0,0,1,,
2026-04-10 08:54:50,33,19,19,0,"fit: 4, efit: 3","fit: 4, efit: 3",,,,0,0,0,0,1,,
2026-04-10 08:59:51,33,19,19,0,"fit: 4, efit: 4","fit: 4, efit: 4",,,,0,0,0,0,1,,
2026-04-10 09:35:03,33,19,19,0,"fit: 4, efit: 5","fit: 4, efit: 5",,,,0,0,0,0,1,,
2026-04-10 09:50:00,33,19,19,0,"fit: 4, efit: 6","fit: 4, efit: 6",,,,0,0,0,0,1,,
2026-04-10 09:50:06,33,19,19,0,"fit: 4, efit: 5","fit: 4, efit: 5",,,,0,0,0,0,1,,
2026-04-10 09:53:03,33,19,19,0,"fit: 5, efit: 6","fit: 5, efit: 6",,,,0,0,0,0,1,,
2026-04-10 09:58:04,33,19,19,0,"fit: 5, efit: 5","fit: 5, efit: 5",,,,0,0,0,0,1,,
2026-04-10 10:03:05,33,19,19,0,"fit: 5, efit: 6","fit: 5, efit: 6",,,,0,0,0,0,1,,
2026-04-10 10:08:06,33,19,19,0,"fit: 5, efit: 5","fit: 5, efit: 5",,,,0,0,0,0,1,,
2026-04-10 10:18:08,33,19,19,0,"fit: 5, efit: 6","fit: 5, efit: 6",,,,0,0,0,0,1,,
2026-04-10 10:38:12,33,19,19,0,"fit: 5, efit: 7","fit: 5, efit: 7",,,,0,0,0,0,1,,
2026-04-10 10:40:09,33,19,19,0,"fit: 5, efit: 8","fit: 5, efit: 8",,,,0,0,0,0,1,,
2026-04-10 10:43:13,33,19,19,0,"fit: 5, efit: 7","fit: 5, efit: 7",,,,0,0,0,0,1,,
2026-04-10 10:55:11,33,19,19,0,"fit: 5, efit: 9","fit: 5, efit: 9",,,,0,0,0,0,1,,
2026-04-10 11:10:14,33,19,19,0,"fit: 5, efit: 10","fit: 5, efit: 10",,,,0,0,0,0,1,,
2026-04-10 11:13:20,33,19,19,0,"fit: 6, efit: 9","fit: 6, efit: 9",,,,0,0,0,0,1,,
2026-04-10 11:15:15,33,19,19,0,"fit: 6, efit: 11","fit: 6, efit: 11",,,,0,0,0,0,1,,
2026-04-10 11:25:26,33,19,19,0,"fit: 6, efit: 10","fit: 6, efit: 10",,,,0,0,0,0,1,,
2026-04-10 11:28:23,33,19,19,0,"fit: 7, efit: 9","fit: 7, efit: 9",,,,0,0,0,0,1,,
2026-04-10 11:30:17,33,19,19,0,"fit: 7, efit: 10","fit: 7, efit: 10",,,,0,0,0,0,1,,
2026-04-10 11:43:26,33,19,19,0,"fit: 7, efit: 9","fit: 7, efit: 9",,,,0,0,0,0,1,,
2026-04-10 11:45:20,33,19,19,0,"fit: 7, efit: 8","fit: 7, efit: 8",,,,0,0,0,0,1,,
2026-04-10 11:48:27,33,19,19,0,"fit: 8, efit: 8","fit: 8, efit: 8",,,,0,0,0,0,1,,
2026-04-10 11:50:21,33,19,19,0,"fit: 8, efit: 9","fit: 8, efit: 9",,,,0,0,0,0,1,,
2026-04-10 11:58:29,33,19,19,0,"fit: 8, efit: 8","fit: 8, efit: 8",,,,0,0,0,0,1,,
2026-04-10 12:03:30,33,19,19,0,"fit: 9, efit: 7","fit: 9, efit: 7",,,,0,0,0,0,1,,
2026-04-10 12:05:23,33,19,19,0,"fit: 9, efit: 8","fit: 9, efit: 8",,,,0,0,0,0,1,,
2026-04-10 12:13:32,33,19,19,0,"fit: 9, efit: 6","fit: 9, efit: 6",,,,0,0,0,0,1,,
2026-04-10 12:15:36,33,19,19,0,"fit: 9, efit: 5","fit: 9, efit: 5",,,,0,0,0,0,1,,
2026-04-10 12:18:33,33,19,19,0,"fit: 10, efit: 4","fit: 10, efit: 4",,,,0,0,0,0,1,,
2026-04-10 12:43:38,33,19,19,0,"fit: 10, efit: 2","fit: 10, efit: 2",,,,0,0,0,0,1,,
2026-04-10 12:55:32,33,19,19,0,"fit: 10, efit: 3","fit: 10, efit: 3",,,,0,0,0,0,1,,
2026-04-10 12:58:41,33,19,19,0,"fit: 10, efit: 4","fit: 10, efit: 4",,,,0,0,0,0,1,,
2026-04-10 13:03:42,33,19,19,0,"fit: 11, efit: 4","fit: 11, efit: 4",,,,0,0,0,0,1,,
2026-04-10 13:08:43,33,19,19,0,"fit: 11, efit: 6","fit: 11, efit: 6",,,,0,0,0,0,1,,
2026-04-10 13:15:35,33,19,19,0,"fit: 12, efit: 6","fit: 12, efit: 6",,,,0,0,0,0,1,,
2026-04-10 13:18:45,33,19,19,0,"fit: 12, efit: 4","fit: 12, efit: 4",,,,0,0,0,0,1,,
2026-04-10 13:28:47,33,19,19,0,"fit: 12, efit: 5","fit: 12, efit: 5",,,,0,0,0,0,1,,
2026-04-10 13:30:38,33,19,19,0,"fit: 12, efit: 3","fit: 12, efit: 3",,,,0,0,0,0,1,,
2026-04-10 13:43:50,33,19,19,0,"fit: 12, efit: 6","fit: 12, efit: 6",,,,0,0,0,0,1,,
2026-04-10 13:53:52,33,19,19,0,"fit: 12, efit: 5","fit: 12, efit: 5",,,,0,0,0,0,1,,
2026-04-10 13:58:53,33,19,19,0,"fit: 13, efit: 5","fit: 13, efit: 5",,,,0,0,0,0,1,,
2026-04-10 14:05:43,33,19,19,0,"fit: 13, efit: 4","fit: 13, efit: 4",,,,0,0,0,0,1,,
2026-04-10 14:08:55,33,19,19,0,"fit: 13, efit: 5","fit: 13, efit: 5",,,,0,0,0,0,1,,
2026-04-10 14:10:44,33,19,19,0,"fit: 13, efit: 4","fit: 13, efit: 4",,,,0,0,0,0,1,,
2026-04-10 14:18:57,33,19,19,0,"fit: 12, efit: 4","fit: 12, efit: 4",,,,0,0,0,0,1,,
2026-04-10 14:20:46,33,19,19,0,"fit: 11, efit: 5","fit: 11, efit: 5",,,,0,0,0,0,1,,
2026-04-10 14:21:03,33,19,19,0,"fit: 11, efit: 6","fit: 11, efit: 6",,,,0,0,0,0,1,,
2026-04-10 14:23:58,33,19,19,0,"fit: 11, efit: 4","fit: 11, efit: 4",,,,0,0,0,0,1,,
2026-04-10 14:26:04,33,19,19,0,"fit: 11, efit: 3","fit: 11, efit: 3",,,,0,0,0,0,1,,
2026-04-10 14:30:48,33,19,19,0,"fit: 13, efit: 3","fit: 13, efit: 3",,,,0,0,0,0,1,,
2026-04-10 14:34:01,33,19,19,0,"fit: 13, efit: 1","fit: 13, efit: 1",,,,0,0,0,0,1,,
2026-04-10 14:39:02,33,19,19,0,"fit: 14, efit: 2","fit: 14, efit: 2",,,,0,0,0,0,1,,
2026-04-10 14:44:03,33,19,19,0,fit: 14,fit: 14,,,,0,0,0,0,1,,
2026-04-10 14:49:04,33,19,19,0,"fit: 14, efit: 2","fit: 14, efit: 2",,,,0,0,0,0,1,,
2026-04-10 15:05:54,33,19,19,0,"fit: 14, efit: 1","fit: 14, efit: 1",,,,0,0,0,0,1,,
2026-04-10 15:06:12,33,19,19,0,fit: 14,fit: 14,,,,0,0,0,0,1,,
2026-04-10 15:09:08,33,19,19,0,fit: 13,fit: 13,,,,0,0,0,0,1,,
2026-04-10 15:14:09,33,19,19,0,fit: 11,fit: 11,,,,0,0,0,0,1,,
2026-04-10 15:24:11,33,19,19,0,fit: 10,fit: 10,,,,0,0,0,0,1,,
2026-04-10 15:25:57,33,19,19,0,fit: 9,fit: 9,,,,0,0,0,0,1,,
2026-04-10 15:30:58,33,19,19,0,fit: 10,fit: 10,,,,0,0,0,0,1,,
2026-04-10 15:35:59,33,19,19,0,"fit: 11, efit: 3","fit: 11, efit: 3",,,,0,0,0,0,1,,
2026-04-10 15:44:15,33,19,19,0,"fit: 11, efit: 2","fit: 11, efit: 2",,,,0,0,0,0,1,,
2026-04-10 15:49:16,33,19,19,0,fit: 11,fit: 11,,,,0,0,0,0,1,,
2026-04-10 15:51:02,33,19,19,0,"fit: 10, efit: 3","fit: 10, efit: 3",,,,0,0,0,0,1,,
2026-04-10 15:54:17,33,19,19,0,fit: 10,fit: 10,,,,0,0,0,0,1,,
2026-04-10 15:56:02,33,19,19,0,"fit: 10, efit: 1","fit: 10, efit: 1",,,,0,0,0,0,1,,
2026-04-10 15:59:18,33,19,19,0,fit: 8,fit: 8,,,,0,0,0,0,1,,
2026-04-10 16:04:19,33,19,19,0,fit: 6,fit: 6,,,,0,0,0,0,1,,
2026-04-10 16:09:20,33,19,19,0,fit: 5,fit: 5,,,,0,0,0,0,1,,
2026-04-10 16:14:21,33,19,19,0,"fit: 7, efit: 1","fit: 7, efit: 1",,,,0,0,0,0,1,,
2026-04-10 16:16:06,33,19,19,0,fit: 7,fit: 7,,,,0,0,0,0,1,,
2026-04-10 16:16:27,33,19,19,0,"fit: 7, efit: 1","fit: 7, efit: 1",,,,0,0,0,0,1,,
2026-04-10 16:24:23,33,19,19,0,fit: 6,fit: 6,,,,0,0,0,0,1,,
2026-04-10 16:34:25,33,19,19,0,"fit: 6, efit: 2","fit: 6, efit: 2",,,,0,0,0,0,1,,
2026-04-10 16:46:11,33,19,19,0,"fit: 6, efit: 1","fit: 6, efit: 1",,,,0,0,0,0,1,,
2026-04-10 16:54:29,33,19,19,0,fit: 6,fit: 6,,,,0,0,0,0,1,,
2026-04-10 16:56:12,33,19,19,0,fit: 4,fit: 4,,,,0,0,0,0,1,,
2026-04-10 16:59:30,33,19,19,0,fit: 3,fit: 3,,,,0,0,0,0,1,,
2026-04-10 17:04:31,33,19,19,0,"fit: 3, efit: 1","fit: 3, efit: 1",,,,0,0,0,0,1,,
2026-04-10 17:09:32,33,19,19,0,fit: 3,fit: 3,,,,0,0,0,0,1,,
2026-04-10 17:29:36,33,19,19,0,fit: 2,fit: 2,,,,0,0,0,0,1,,
2026-04-10 17:34:37,33,19,19,0,"fit: 2, efit: 1","fit: 2, efit: 1",,,,0,0,0,0,1,,
2026-04-10 17:44:39,33,19,19,0,fit: 5,fit: 5,,,,0,0,0,0,1,,
2026-04-10 17:46:21,33,19,19,0,"fit: 5, efit: 1","fit: 5, efit: 1",,,,0,0,0,0,1,,
2026-04-10 17:49:40,33,19,19,0,fit: 6,fit: 6,,,,0,0,0,0,1,,
2026-04-10 17:54:41,33,19,19,0,"fit: 6, efit: 1","fit: 6, efit: 1",,,,0,0,0,0,1,,
2026-04-10 17:56:23,33,19,19,0,fit: 5,fit: 5,,,,0,0,0,0,1,,
2026-04-10 18:19:47,33,19,19,0,"fit: 5, efit: 1","fit: 5, efit: 1",,,,0,0,0,0,1,,
2026-04-10 18:29:49,33,19,19,0,fit: 5,fit: 5,,,,0,0,0,0,1,,
2026-04-10 18:39:51,33,19,19,0,fit: 6,fit: 6,,,,0,0,0,0,1,,
2026-04-10 19:01:33,33,19,19,0,fit: 5,fit: 5,,,,0,0,0,0,1,,
2026-04-10 19:09:57,33,19,19,0,"fit: 5, efit: 3","fit: 5, efit: 3",,,,0,0,0,0,1,,
2026-04-10 19:14:58,33,19,19,0,"fit: 5, efit: 2","fit: 5, efit: 2",,,,0,0,0,0,1,,
2026-04-10 19:32:09,33,19,19,0,"fit: 5, efit: 1","fit: 5, efit: 1",,,,0,0,0,0,1,,
2026-04-10 20:10:09,33,19,19,0,fit: 5,fit: 5,,,,0,0,0,0,1,,
2026-04-10 21:25:23,33,19,19,0,"fit: 5, efit: 1","fit: 5, efit: 1",,,,0,0,0,0,1,,
2026-04-10 21:40:26,33,19,19,0,fit: 5,fit: 5,,,,0,0,0,0,1,,
2026-04-10 22:55:41,33,19,19,0,"fit: 5, efit: 1","fit: 5, efit: 1",,,,0,0,0,0,1,,
2026-04-10 22:57:10,33,19,19,0,fit: 5,fit: 5,,,,0,0,0,0,1,,
2026-04-10 23:22:54,33,19,19,0,fit: 4,fit: 4,,,,0,0,0,0,1,,
2026-04-10 23:40:49,33,19,19,0,fit: 3,fit: 3,,,,0,0,0,0,1,,
2026-04-11 00:00:53,33,19,19,0,fit: 3,fit: 3,,,,0,0,0,0,1,,
2026-04-11 00:25:58,33,19,19,0,"fit: 3, efit: 1","fit: 3, efit: 1",,,,0,0,0,0,1,,
2026-04-11 01:06:06,33,19,19,0,fit: 3,fit: 3,,,,0,0,0,0,1,,
2026-04-11 07:44:31,33,19,19,0,"fit: 3, efit: 1","fit: 3, efit: 1",,,,0,0,0,0,1,,
2026-04-11 08:47:33,33,19,19,0,fit: 3,fit: 3,,,,0,0,0,0,1,,
2026-04-11 08:49:44,33,19,19,0,fit: 2,fit: 2,,,,0,0,0,0,1,,
2026-04-11 09:37:43,33,19,19,0,"fit: 3, efit: 1","fit: 3, efit: 1",,,,0,0,0,0,1,,
2026-04-11 09:47:45,33,19,19,0,"fit: 3, efit: 2","fit: 3, efit: 2",,,,0,0,0,0,1,,
2026-04-11 09:53:51,33,19,19,0,"fit: 3, efit: 3","fit: 3, efit: 3",,,,0,0,0,0,1,,
2026-04-11 10:07:49,33,19,19,0,"fit: 3, efit: 4","fit: 3, efit: 4",,,,0,0,0,0,1,,
2026-04-11 10:17:51,33,19,19,0,"fit: 4, efit: 4","fit: 4, efit: 4",,,,0,0,0,0,1,,
2026-04-11 10:18:55,33,19,19,0,"fit: 4, efit: 3","fit: 4, efit: 3",,,,0,0,0,0,1,,
2026-04-11 10:40:07,33,19,19,0,"fit: 5, efit: 5","fit: 5, efit: 5",,,,0,0,0,0,1,,
2026-04-11 10:57:59,33,19,19,0,"fit: 5, efit: 7","fit: 5, efit: 7",,,,0,0,0,0,1,,
2026-04-11 11:03:00,33,19,19,0,"fit: 6, efit: 7","fit: 6, efit: 7",,,,0,0,0,0,1,,
2026-04-11 11:13:02,33,19,19,0,"fit: 6, efit: 8","fit: 6, efit: 8",,,,0,0,0,0,1,,
2026-04-11 11:24:06,33,19,19,0,"fit: 7, efit: 8","fit: 7, efit: 8",,,,0,0,0,0,1,,
2026-04-11 11:29:07,33,19,19,0,"fit: 7, efit: 10","fit: 7, efit: 10",,,,0,0,0,0,1,,
2026-04-11 11:43:08,33,19,19,0,"fit: 7, efit: 9","fit: 7, efit: 9",,,,0,0,0,0,1,,
2026-04-11 11:55:23,33,19,19,0,"fit: 7, efit: 8","fit: 7, efit: 8",,,,0,0,0,0,1,,
2026-04-11 12:05:25,33,19,19,0,"fit: 7, efit: 9","fit: 7, efit: 9",,,,0,0,0,0,1,,
2026-04-11 12:13:15,33,19,19,0,"fit: 7, efit: 7","fit: 7, efit: 7",,,,0,0,0,0,1,,
2026-04-11 12:14:15,33,19,19,0,"fit: 7, efit: 6","fit: 7, efit: 6",,,,0,0,0,0,1,,
2026-04-11 12:43:21,33,19,19,0,"fit: 7, efit: 7","fit: 7, efit: 7",,,,0,0,0,0,1,,
2026-04-11 12:45:34,33,19,19,0,"fit: 7, efit: 8","fit: 7, efit: 8",,,,0,0,0,0,1,,
2026-04-11 12:54:21,33,19,19,0,"fit: 7, efit: 9","fit: 7, efit: 9",,,,0,0,0,0,1,,
2026-04-11 12:55:36,33,19,19,0,"fit: 7, efit: 8","fit: 7, efit: 8",,,,0,0,0,0,1,,
2026-04-11 13:08:26,33,19,19,0,"fit: 7, efit: 9","fit: 7, efit: 9",,,,0,0,0,0,1,,
2026-04-11 13:13:27,33,19,19,0,"fit: 7, efit: 10","fit: 7, efit: 10",,,,0,0,0,0,1,,
2026-04-11 13:30:43,33,19,19,0,"fit: 7, efit: 11","fit: 7, efit: 11",,,,0,0,0,0,1,,
2026-04-11 13:33:31,33,19,19,0,"fit: 7, efit: 9","fit: 7, efit: 9",,,,0,0,0,0,1,,
2026-04-11 13:35:44,33,19,19,0,"fit: 7, efit: 11","fit: 7, efit: 11",,,,0,0,0,0,1,,
2026-04-11 13:38:32,33,19,19,0,"fit: 7, efit: 7","fit: 7, efit: 7",,,,0,0,0,0,1,,
2026-04-11 13:43:33,33,19,19,0,"fit: 7, efit: 8","fit: 7, efit: 8",,,,0,0,0,0,1,,
2026-04-11 13:48:34,33,19,19,0,"fit: 7, efit: 7","fit: 7, efit: 7",,,,0,0,0,0,1,,
2026-04-11 13:50:48,33,19,19,0,"fit: 7, efit: 8","fit: 7, efit: 8",,,,0,0,0,0,1,,
2026-04-11 13:53:35,33,19,19,0,"fit: 7, efit: 7","fit: 7, efit: 7",,,,0,0,0,0,1,,
2026-04-11 13:54:31,33,19,19,0,"fit: 7, efit: 6","fit: 7, efit: 6",,,,0,0,0,0,1,,
2026-04-11 13:55:49,33,19,19,0,"fit: 7, efit: 4","fit: 7, efit: 4",,,,0,0,0,0,1,,
2026-04-11 13:58:36,33,19,19,0,"fit: 6, efit: 5","fit: 6, efit: 5",,,,0,0,0,0,1,,
2026-04-11 13:59:32,33,19,19,0,"fit: 6, efit: 7","fit: 6, efit: 7",,,,0,0,0,0,1,,
2026-04-11 14:00:50,33,19,19,0,"fit: 6, efit: 3","fit: 6, efit: 3",,,,0,0,0,0,1,,
2026-04-11 14:18:41,33,19,19,0,"fit: 6, efit: 6","fit: 6, efit: 6",,,,0,0,0,0,1,,
2026-04-11 14:19:35,33,19,19,0,"fit: 6, efit: 5","fit: 6, efit: 5",,,,0,0,0,0,1,,
2026-04-11 14:23:42,33,19,19,0,"fit: 7, efit: 6","fit: 7, efit: 6",,,,0,0,0,0,1,,
2026-04-11 14:24:36,33,19,19,0,"fit: 8, efit: 6","fit: 8, efit: 6",,,,0,0,0,0,1,,
2026-04-11 14:25:55,33,19,19,0,"fit: 9, efit: 6","fit: 9, efit: 6",,,,0,0,0,0,1,,
2026-04-11 14:30:57,33,19,19,0,"fit: 9, efit: 5","fit: 9, efit: 5",,,,0,0,0,0,1,,
2026-04-11 14:33:45,33,19,19,0,"fit: 11, efit: 6","fit: 11, efit: 6",,,,0,0,0,0,1,,
2026-04-11 14:34:38,33,19,19,0,"fit: 11, efit: 7","fit: 11, efit: 7",,,,0,0,0,0,1,,
2026-04-11 14:35:58,33,19,19,0,"fit: 11, efit: 2","fit: 11, efit: 2",,,,0,0,0,0,1,,
2026-04-11 14:38:46,33,19,19,0,"fit: 10, efit: 2","fit: 10, efit: 2",,,,0,0,0,0,1,,
2026-04-11 14:43:47,33,19,19,0,fit: 10,fit: 10,,,,0,0,0,0,1,,
2026-04-11 14:46:00,33,19,19,0,fit: 9,fit: 9,,,,0,0,0,0,1,,
2026-04-11 14:54:41,33,19,19,0,"fit: 9, efit: 1","fit: 9, efit: 1",,,,0,0,0,0,1,,
2026-04-11 15:08:52,33,19,19,0,"fit: 9, efit: 2","fit: 9, efit: 2",,,,0,0,0,0,1,,
2026-04-11 15:16:07,33,19,19,0,"fit: 9, efit: 3","fit: 9, efit: 3",,,,0,0,0,0,1,,
2026-04-11 15:21:08,33,19,19,0,"fit: 9, efit: 5","fit: 9, efit: 5",,,,0,0,0,0,1,,
2026-04-11 15:24:47,33,19,19,0,"fit: 9, efit: 4","fit: 9, efit: 4",,,,0,0,0,0,1,,
2026-04-11 15:26:09,33,19,19,0,"fit: 9, efit: 3","fit: 9, efit: 3",,,,0,0,0,0,1,,
2026-04-11 15:28:56,33,19,19,0,"fit: 9, efit: 2","fit: 9, efit: 2",,,,0,0,0,0,1,,
2026-04-11 15:29:47,33,19,19,0,"fit: 9, efit: 1","fit: 9, efit: 1",,,,0,0,0,0,1,,
2026-04-11 15:33:57,33,19,19,0,fit: 9,fit: 9,,,,0,0,0,0,1,,
2026-04-11 16:04:03,33,19,19,0,fit: 10,fit: 10,,,,0,0,0,0,1,,
2026-04-11 16:06:18,33,19,19,0,"fit: 10, efit: 1","fit: 10, efit: 1",,,,0,0,0,0,1,,
2026-04-11 16:09:04,33,19,19,0,fit: 10,fit: 10,,,,0,0,0,0,1,,
2026-04-11 16:14:05,33,19,19,0,"fit: 9, efit: 1","fit: 9, efit: 1",,,,0,0,0,0,1,,
2026-04-11 16:14:55,33,19,19,0,"fit: 10, efit: 1","fit: 10, efit: 1",,,,0,0,0,0,1,,
2026-04-11 16:16:20,33,19,19,0,fit: 10,fit: 10,,,,0,0,0,0,1,,
2026-04-11 16:19:06,33,19,19,0,fit: 9,fit: 9,,,,0,0,0,0,1,,
2026-04-11 16:19:56,33,19,19,0,fit: 8,fit: 8,,,,0,0,0,0,1,,
2026-04-11 16:24:07,33,19,19,0,"fit: 8, efit: 1","fit: 8, efit: 1",,,,0,0,0,0,1,,
2026-04-11 16:26:22,33,19,19,0,"fit: 6, efit: 1","fit: 6, efit: 1",,,,0,0,0,0,1,,
2026-04-11 16:29:08,33,19,19,0,fit: 6,fit: 6,,,,0,0,0,0,1,,
2026-04-11 16:39:10,33,19,19,0,fit: 5,fit: 5,,,,0,0,0,0,1,,
2026-04-11 16:49:12,33,19,19,0,fit: 7,fit: 7,,,,0,0,0,0,1,,
2026-04-11 16:51:27,33,19,19,0,fit: 5,fit: 5,,,,0,0,0,0,1,,
2026-04-11 16:54:14,33,19,19,0,fit: 3,fit: 3,,,,0,0,0,0,1,,
2026-04-11 16:59:15,33,19,19,0,"fit: 3, efit: 1","fit: 3, efit: 1",,,,0,0,0,0,1,,
2026-04-11 17:05:04,33,19,19,0,"fit: 2, efit: 1","fit: 2, efit: 1",,,,0,0,0,0,1,,
2026-04-11 17:15:06,33,19,19,0,fit: 2,fit: 2,,,,0,0,0,0,1,,
2026-04-11 17:19:19,33,19,19,0,"fit: 2, efit: 1","fit: 2, efit: 1",,,,0,0,0,0,1,,
2026-04-11 17:24:20,33,19,19,0,"fit: 5, efit: 2","fit: 5, efit: 2",,,,0,0,0,0,1,,
2026-04-11 17:26:35,33,19,19,0,"fit: 6, efit: 2","fit: 6, efit: 2",,,,0,0,0,0,1,,
2026-04-11 17:29:21,33,19,19,0,"fit: 7, efit: 1","fit: 7, efit: 1",,,,0,0,0,0,1,,
2026-04-11 17:34:22,33,19,19,0,fit: 7,fit: 7,,,,0,0,0,0,1,,
2026-04-11 17:36:37,33,19,19,0,"fit: 7, efit: 1","fit: 7, efit: 1",,,,0,0,0,0,1,,
2026-04-11 17:44:24,33,19,19,0,fit: 7,fit: 7,,,,0,0,0,0,1,,
2026-04-11 17:46:39,33,19,19,0,fit: 8,fit: 8,,,,0,0,0,0,1,,
2026-04-11 17:55:13,33,19,19,0,fit: 7,fit: 7,,,,0,0,0,0,1,,
2026-04-11 18:04:28,33,19,19,0,"fit: 7, efit: 1","fit: 7, efit: 1",,,,0,0,0,0,1,,
2026-04-11 18:19:32,33,19,19,0,fit: 8,fit: 8,,,,0,0,0,0,1,,
2026-04-11 18:24:33,33,19,19,0,"fit: 7, efit: 1","fit: 7, efit: 1",,,,0,0,0,0,1,,
2026-04-11 18:25:18,33,19,19,0,fit: 6,fit: 6,,,,0,0,0,0,1,,
2026-04-11 18:26:48,33,19,19,0,fit: 5,fit: 5,,,,0,0,0,0,1,,
2026-04-11 18:29:34,33,19,19,0,fit: 4,fit: 4,,,,0,0,0,0,1,,
2026-04-11 18:30:18,33,19,19,0,fit: 2,fit: 2,,,,0,0,0,0,1,,
2026-04-11 18:41:51,33,19,19,0,fit: 1,fit: 1,,,,0,0,0,0,1,,
2026-04-11 19:00:23,33,19,19,0,,,,,,0,0,0,0,1,,
2026-04-11 19:29:46,33,19,19,0,fit: 1,fit: 1,,,,0,0,0,0,1,,
2026-04-11 19:57:07,33,19,19,0,"fit: 1, efit: 2","fit: 1, efit: 2",,,,0,0,0,0,1,,
2026-04-11 20:07:10,33,19,19,0,"fit: 1, efit: 1","fit: 1, efit: 1",,,,0,0,0,0,1,,
2026-04-11 20:12:11,33,19,19,0,"fit: 3, efit: 1","fit: 3, efit: 1",,,,0,0,0,0,1,,
2026-04-11 20:17:12,33,19,19,0,fit: 3,fit: 3,,,,0,0,0,0,1,,
2026-04-11 20:40:40,33,19,19,0,fit: 5,fit: 5,,,,0,0,0,0,1,,
2026-04-11 20:45:02,33,19,19,0,"fit: 5, efit: 1","fit: 5, efit: 1",,,,0,0,0,0,1,,
2026-04-11 20:50:42,33,19,19,0,"fit: 6, efit: 1","fit: 6, efit: 1",,,,0,0,0,0,1,,
2026-04-11 20:52:19,33,19,19,0,fit: 6,fit: 6,,,,0,0,0,0,1,,
2026-04-11 20:55:04,33,19,19,0,fit: 5,fit: 5,,,,0,0,0,0,1,,
2026-04-11 21:15:08,33,19,19,0,fit: 6,fit: 6,,,,0,0,0,0,1,,
2026-04-11 22:00:17,33,19,19,0,fit: 4,fit: 4,,,,0,0,0,0,1,,
2026-04-11 22:00:53,33,19,19,0,fit: 3,fit: 3,,,,0,0,0,0,1,,
2026-04-11 22:10:55,33,19,19,0,"fit: 3, efit: 1","fit: 3, efit: 1",,,,0,0,0,0,1,,
2026-04-11 22:35:59,33,19,19,0,"fit: 3, efit: 2","fit: 3, efit: 2",,,,0,0,0,0,1,,
2026-04-11 22:37:42,33,19,19,0,"fit: 3, efit: 1","fit: 3, efit: 1",,,,0,0,0,0,1,,
2026-04-11 22:41:00,33,19,19,0,fit: 3,fit: 3,,,,0,0,0,0,1,,
2026-04-11 22:52:45,33,19,19,0,fit: 2,fit: 2,,,,0,0,0,0,1,,
2026-04-11 22:55:28,33,19,19,0,fit: 1,fit: 1,,,,0,0,0,0,1,,
2026-04-11 22:57:46,33,19,19,0,,,,,,0,0,0,0,1,,
2026-04-11 23:32:53,33,19,19,0,efit: 3,efit: 3,,,,0,0,0,0,1,,
2026-04-12 00:00:41,33,19,19,0,efit: 3,efit: 3,,,,0,0,0,0,1,,
2026-04-12 00:05:42,33,19,19,0,efit: 2,efit: 2,,,,0,0,0,0,1,,
2026-04-12 00:40:49,33,19,19,0,efit: 3,efit: 3,,,,0,0,0,0,1,,
2026-04-12 00:41:19,33,19,19,0,efit: 4,efit: 4,,,,0,0,0,0,1,,
2026-04-12 00:43:07,33,19,19,0,efit: 2,efit: 2,,,,0,0,0,0,1,,
2026-04-12 01:43:20,33,19,19,0,efit: 1,efit: 1,,,,0,0,0,0,1,,
2026-04-12 03:46:26,33,19,19,0,,,,,,0,0,0,0,1,,
2026-04-12 07:47:13,33,19,19,0,efit: 1,efit: 1,,,,0,0,0,0,1,,
2026-04-12 08:09:38,33,19,19,0,efit: 2,efit: 2,,,,0,0,0,0,1,,
2026-04-12 08:12:18,33,19,19,0,efit: 1,efit: 1,,,,0,0,0,0,1,,
2026-04-12 09:09:51,33,19,19,0,efit: 2,efit: 2,,,,0,0,0,0,1,,
2026-04-12 09:32:34,33,19,19,0,efit: 3,efit: 3,,,,0,0,0,0,1,,
2026-04-12 09:42:36,33,19,19,0,efit: 4,efit: 4,,,,0,0,0,0,1,,
2026-04-12 10:25:07,33,19,19,0,efit: 6,efit: 6,,,,0,0,0,0,1,,
2026-04-12 10:35:09,33,19,19,0,efit: 4,efit: 4,,,,0,0,0,0,1,,
2026-04-12 11:10:16,33,19,19,0,efit: 5,efit: 5,,,,0,0,0,0,1,,
2026-04-12 11:15:17,33,19,19,0,efit: 4,efit: 4,,,,0,0,0,0,1,,
2026-04-12 11:32:58,33,19,19,0,efit: 3,efit: 3,,,,0,0,0,0,1,,
2026-04-12 11:45:23,33,19,19,0,efit: 2,efit: 2,,,,0,0,0,0,1,,
2026-04-12 11:48:02,33,19,19,0,efit: 1,efit: 1,,,,0,0,0,0,1,,
2026-04-12 11:50:24,33,19,19,0,efit: 2,efit: 2,,,,0,0,0,0,1,,
2026-04-12 11:55:25,33,19,19,0,efit: 3,efit: 3,,,,0,0,0,0,1,,
2026-04-12 12:48:13,33,19,19,0,efit: 4,efit: 4,,,,0,0,0,0,1,,
2026-04-12 12:53:14,33,19,19,0,efit: 3,efit: 3,,,,0,0,0,0,1,,
2026-04-12 12:55:38,33,19,19,0,efit: 2,efit: 2,,,,0,0,0,0,1,,
2026-04-12 13:03:16,33,19,19,0,efit: 3,efit: 3,,,,0,0,0,0,1,,
2026-04-12 13:05:40,33,19,19,0,efit: 4,efit: 4,,,,0,0,0,0,1,,
2026-04-12 13:20:43,33,19,19,0,efit: 2,efit: 2,,,,0,0,0,0,1,,
2026-04-12 13:25:44,33,19,19,0,efit: 3,efit: 2,,,,0,0,0,0,1,,
2026-04-12 13:28:22,33,19,19,0,efit: 5,efit: 4,,,,0,0,0,0,1,,
2026-04-12 13:33:22,33,19,19,0,efit: 4,efit: 3,,,,0,0,0,0,1,,
2026-04-12 13:38:22,33,19,19,0,efit: 5,efit: 4,,,,0,0,0,0,1,,
2026-04-12 13:43:23,33,19,19,0,efit: 6,efit: 5,,,,0,0,0,0,1,,
2026-04-12 13:48:23,33,19,19,0,efit: 7,efit: 5,,,,0,0,0,0,1,,
2026-04-12 13:50:50,33,19,19,0,efit: 8,efit: 6,,,,0,0,0,0,1,,
2026-04-12 14:00:52,33,19,19,0,efit: 9,efit: 7,,,,0,0,0,0,1,,
2026-04-12 14:03:25,33,19,19,0,efit: 8,efit: 6,,,,0,0,0,0,1,,
2026-04-12 14:08:25,33,19,19,0,efit: 9,efit: 6,,,,0,0,0,0,1,,
2026-04-12 14:10:54,33,19,19,0,efit: 7,efit: 4,,,,0,0,0,0,1,,
2026-04-12 14:15:55,33,19,19,0,efit: 9,efit: 6,,,,0,0,0,0,1,,
2026-04-12 14:18:26,33,19,19,0,efit: 8,efit: 5,,,,0,0,0,0,1,,
2026-04-12 14:23:27,33,19,19,0,efit: 7,efit: 4,,,,0,0,0,0,1,,
2026-04-12 14:25:57,33,19,19,0,efit: 8,efit: 5,,,,0,0,0,0,1,,
2026-04-12 14:36:00,33,19,19,0,efit: 10,efit: 7,,,,0,0,0,0,1,,
2026-04-12 14:38:28,33,19,19,0,"fit: 1, efit: 9","fit: 1, efit: 7",,,,0,0,0,0,1,,
2026-04-12 14:41:01,33,19,19,0,"fit: 1, efit: 8","fit: 1, efit: 6",,,,0,0,0,0,1,,
2026-04-12 14:43:29,33,19,19,0,"fit: 1, efit: 7","fit: 1, efit: 5",,,,0,0,0,0,1,,
2026-04-12 14:46:02,33,19,19,0,"fit: 3, efit: 7","fit: 3, efit: 5",,,,0,0,0,0,1,,
2026-04-12 14:48:30,33,19,19,0,"fit: 3, efit: 5","fit: 3, efit: 3",,,,0,0,0,0,1,,
2026-04-12 14:51:03,33,19,19,0,"fit: 3, efit: 2",fit: 3,,,,0,0,0,0,1,,
2026-04-12 14:53:31,33,19,19,0,"fit: 2, efit: 2",fit: 2,,,,0,0,0,0,1,,
2026-04-12 14:56:04,33,19,19,0,"fit: 2, efit: 2","fit: 2, efit: 1",,,,0,0,0,0,1,,
2026-04-12 15:01:05,33,19,19,0,"fit: 2, efit: 3","fit: 2, efit: 2",,,,0,0,0,0,1,,
2026-04-12 15:03:33,33,19,19,0,"fit: 2, efit: 6","fit: 2, efit: 6",,,,0,0,0,0,1,,
2026-04-12 15:06:06,33,19,19,0,"fit: 2, efit: 7","fit: 2, efit: 7",,,,0,0,0,0,1,,
2026-04-12 15:11:07,33,19,19,0,"fit: 2, efit: 4","fit: 2, efit: 4",,,,0,0,0,0,1,,
2026-04-12 15:33:37,33,19,19,0,"fit: 2, efit: 5","fit: 2, efit: 5",,,,0,0,0,0,1,,
2026-04-12 15:41:13,33,19,19,0,"fit: 2, efit: 4","fit: 2, efit: 4",,,,0,0,0,0,1,,
2026-04-12 15:43:39,33,19,19,0,"fit: 2, efit: 2","fit: 2, efit: 2",,,,0,0,0,0,1,,
2026-04-12 15:56:17,33,19,19,0,"fit: 2, efit: 1","fit: 2, efit: 1",,,,0,0,0,0,1,,
2026-04-12 16:01:18,33,19,19,0,fit: 1,fit: 1,,,,0,0,0,0,1,,
2026-04-12 16:03:42,33,19,19,0,efit: 1,efit: 1,,,,0,0,0,0,1,,
2026-04-12 16:06:19,33,19,19,0,efit: 2,efit: 2,,,,0,0,0,0,1,,
2026-04-12 16:08:44,33,19,19,0,efit: 1,efit: 1,,,,0,0,0,0,1,,
2026-04-12 16:16:21,33,19,19,0,,,,,,0,0,0,0,1,,
2026-04-12 16:31:24,33,19,19,0,efit: 1,efit: 1,,,,0,0,0,0,1,,
2026-04-12 16:33:48,33,19,19,0,efit: 3,efit: 3,,,,0,0,0,0,1,,
2026-04-12 16:33:53,33,19,19,0,efit: 4,efit: 4,,,,0,0,0,0,1,,
2026-04-12 16:36:25,33,19,19,0,efit: 5,efit: 5,,,,0,0,0,0,1,,
2026-04-12 16:38:49,33,19,19,0,efit: 4,efit: 4,,,,0,0,0,0,1,,
2026-04-12 16:43:49,33,19,19,0,efit: 5,efit: 5,,,,0,0,0,0,1,,
2026-04-12 16:58:52,33,19,19,0,efit: 6,efit: 6,,,,0,0,0,0,1,,
2026-04-12 17:03:53,33,19,19,0,efit: 5,efit: 5,,,,0,0,0,0,1,,
2026-04-12 17:06:32,33,19,19,0,efit: 3,efit: 3,,,,0,0,0,0,1,,
2026-04-12 17:16:34,33,19,19,0,efit: 2,efit: 2,,,,0,0,0,0,1,,
2026-04-12 17:18:55,33,19,19,0,efit: 3,efit: 2,,,,0,0,0,0,1,,
2026-04-12 17:19:02,33,19,19,0,efit: 4,efit: 3,,,,0,0,0,0,1,,
2026-04-12 17:23:56,33,19,19,0,efit: 2,efit: 1,,,,0,0,0,0,1,,
2026-04-12 17:31:37,33,19,19,0,efit: 4,efit: 3,,,,0,0,0,0,1,,
2026-04-12 17:36:38,33,19,19,0,efit: 5,efit: 4,,,,0,0,0,0,1,,
2026-04-12 17:38:59,33,19,19,0,efit: 6,efit: 4,,,,0,0,0,0,1,,
2026-04-12 17:46:40,33,19,19,0,efit: 8,efit: 6,,,,0,0,0,0,1,,
2026-04-12 17:49:01,33,19,19,0,efit: 9,efit: 7,,,,0,0,0,0,1,,
2026-04-12 17:49:09,33,19,19,0,efit: 8,efit: 6,,,,0,0,0,0,1,,
2026-04-12 17:51:41,33,19,19,0,efit: 7,efit: 5,,,,0,0,0,0,1,,
2026-04-12 18:01:43,33,19,19,0,efit: 8,efit: 6,,,,0,0,0,0,1,,
2026-04-12 18:24:07,33,19,19,0,"fit: 2, efit: 8","fit: 2, efit: 6",,,,0,0,0,0,1,,
2026-04-12 18:26:49,33,19,19,0,"fit: 2, efit: 7","fit: 2, efit: 5",,,,0,0,0,0,1,,
2026-04-12 18:29:07,33,19,19,0,"fit: 2, efit: 5","fit: 2, efit: 3",,,,0,0,0,0,1,,
2026-04-12 18:31:50,33,19,19,0,"fit: 2, efit: 4","fit: 2, efit: 2",,,,0,0,0,0,1,,
2026-04-12 18:34:08,33,19,19,0,"fit: 1, efit: 2",fit: 1,,,,0,0,0,0,1,,
2026-04-12 18:36:51,33,19,19,0,"fit: 1, efit: 2","fit: 1, efit: 2",,,,0,0,0,0,1,,
2026-04-12 18:54:11,33,19,19,0,,,,,,0,0,0,0,1,,
2026-04-12 19:16:59,33,19,19,0,efit: 1,efit: 1,,,,0,0,0,0,1,,
2026-04-12 19:19:16,33,19,19,0,efit: 4,efit: 4,,,,0,0,0,0,1,,
2026-04-12 19:22:01,33,19,19,0,efit: 3,efit: 3,,,,0,0,0,0,1,,
2026-04-12 19:47:06,33,19,19,0,efit: 2,efit: 2,,,,0,0,0,0,1,,
2026-04-12 19:54:21,33,19,19,0,efit: 4,efit: 3,,,,0,0,0,0,1,,
2026-04-12 19:57:08,33,19,19,0,efit: 2,efit: 1,,,,0,0,0,0,1,,
2026-04-12 19:59:22,33,19,19,0,"fit: 1, efit: 1",fit: 1,,,,0,0,0,0,1,,
2026-04-12 20:02:09,33,19,19,0,efit: 1,,,,,0,0,0,0,1,,
2026-04-12 20:32:15,33,19,19,0,efit: 2,efit: 2,,,,0,0,0,0,1,,
2026-04-12 20:34:28,33,19,19,0,"fit: 1, efit: 2","fit: 1, efit: 2",,,,0,0,0,0,1,,
2026-04-12 20:34:42,33,19,19,0,"fit: 1, efit: 1","fit: 1, efit: 1",,,,0,0,0,0,1,,
2026-04-12 20:42:17,33,19,19,0,fit: 1,fit: 1,,,,0,0,0,0,1,,
2026-04-12 20:44:30,33,19,19,0,,,,,,0,0,0,0,1,,
2026-04-12 21:49:41,33,19,19,0,fit: 1,fit: 1,,,,0,0,0,0,1,,
2026-04-13 00:00:02,33,19,19,0,fit: 1,fit: 1,,,,0,0,0,0,1,,
2026-04-13 00:25:06,33,19,19,0,,,,,,0,0,0,0,1,,
2026-04-13 06:01:01,33,19,19,0,efit: 1,efit: 1,,,,0,0,0,0,1,,
2026-04-13 07:49:33,33,19,19,0,efit: 2,efit: 2,,,,0,0,0,0,1,,
2026-04-13 08:36:26,33,19,19,0,efit: 3,efit: 3,,,,0,0,0,0,1,,
2026-04-13 08:44:45,33,19,19,0,efit: 4,efit: 4,,,,0,0,0,0,1,,
2026-04-13 08:54:47,33,19,19,0,efit: 5,efit: 5,,,,0,0,0,0,1,,
2026-04-13 08:56:30,33,19,19,0,efit: 6,efit: 6,,,,0,0,0,0,1,,
2026-04-13 09:04:49,33,19,19,0,efit: 7,efit: 7,,,,0,0,0,0,1,,
2026-04-13 09:06:32,33,19,19,0,efit: 6,efit: 6,,,,0,0,0,0,1,,
2026-04-13 09:49:59,33,19,19,0,efit: 7,efit: 7,,,,0,0,0,0,1,,
2026-04-13 09:52:21,33,19,19,0,efit: 7,efit: 6,efit: 1,,,0,0,0,0,1,,
2026-04-13 09:57:22,33,19,19,0,efit: 8,efit: 7,efit: 1,,,0,0,0,0,1,,
2026-04-13 10:00:02,33,19,19,0,efit: 7,efit: 7,,,,0,0,0,0,1,,
2026-04-13 10:01:41,33,19,19,0,efit: 5,efit: 5,,,,0,0,0,0,1,,
2026-04-13 10:02:23,33,19,19,0,"fit: 1, efit: 5","fit: 1, efit: 5",,,,0,0,0,0,1,,
2026-04-13 10:15:05,33,19,19,0,"fit: 1, efit: 8","fit: 1, efit: 5",,,,0,0,0,0,1,,
2026-04-13 10:16:43,33,19,19,0,"fit: 1, efit: 7","fit: 1, efit: 4",,,,0,0,0,0,1,,
2026-04-13 10:20:06,33,19,19,0,"fit: 1, efit: 8","fit: 1, efit: 5",,,,0,0,0,0,1,,
2026-04-13 10:21:44,33,19,19,0,"fit: 1, efit: 9","fit: 1, efit: 6",,,,0,0,0,0,1,,
2026-04-13 10:25:07,33,19,19,0,"fit: 1, efit: 10","fit: 1, efit: 7",,,,0,0,0,0,1,,
2026-04-13 10:32:29,33,19,19,0,"fit: 2, efit: 10","fit: 2, efit: 7",,,,0,0,0,0,1,,
2026-04-13 10:47:33,33,19,19,0,"fit: 2, efit: 11","fit: 2, efit: 8",,,,0,0,0,0,1,,
2026-04-13 10:51:49,33,19,19,0,"fit: 2, efit: 8","fit: 2, efit: 5",,,,0,0,0,0,1,,
2026-04-13 10:57:35,33,19,19,0,"fit: 2, efit: 8","fit: 2, efit: 6",,,,0,0,0,0,1,,
2026-04-13 11:00:15,33,19,19,0,"fit: 2, efit: 9","fit: 2, efit: 7",,,,0,0,0,0,1,,
2026-04-13 11:02:36,33,19,19,0,"fit: 2, efit: 10","fit: 2, efit: 8",,,,0,0,0,0,1,,
2026-04-13 11:20:20,33,19,19,0,"fit: 2, efit: 10","fit: 2, efit: 9",,,,0,0,0,0,1,,
2026-04-13 11:22:40,33,19,19,0,"fit: 2, efit: 10","fit: 2, efit: 10",,,,0,0,0,0,1,,
2026-04-13 11:26:55,33,19,19,0,"fit: 2, efit: 13","fit: 2, efit: 10",,,,0,0,0,0,1,,
2026-04-13 11:30:22,33,19,19,0,"fit: 2, efit: 14","fit: 2, efit: 11",,,,0,0,0,0,1,,
2026-04-13 11:45:25,33,19,19,0,"fit: 2, efit: 15","fit: 2, efit: 12",,,,0,0,0,0,1,,
2026-04-13 11:46:59,33,19,19,0,"fit: 2, efit: 16","fit: 2, efit: 13",,,,0,0,0,0,1,,
2026-04-13 11:55:28,33,19,19,0,"fit: 2, efit: 15","fit: 2, efit: 12",,,,0,0,0,0,1,,
2026-04-13 11:57:47,33,19,19,0,"fit: 2, efit: 14","fit: 2, efit: 11",,,,0,0,0,0,1,,
2026-04-13 12:00:29,33,19,19,0,"fit: 3, efit: 13","fit: 3, efit: 10",,,,0,0,0,0,1,,
2026-04-13 12:05:30,33,19,19,0,"fit: 3, efit: 12","fit: 3, efit: 9",,,,0,0,0,0,1,,
2026-04-13 12:10:31,33,19,19,0,"fit: 4, efit: 12","fit: 4, efit: 9",,,,0,0,0,0,1,,
2026-04-13 12:12:03,33,19,19,0,"fit: 4, efit: 11","fit: 4, efit: 8",,,,0,0,0,0,1,,
2026-04-13 12:15:32,33,19,19,0,"fit: 5, efit: 11","fit: 5, efit: 8",,,,0,0,0,0,1,,
2026-04-13 12:27:53,33,19,19,0,"fit: 5, efit: 12","fit: 5, efit: 9",,,,0,0,0,0,1,,
2026-04-13 12:30:36,33,19,19,0,"fit: 5, efit: 11","fit: 5, efit: 8",,,,0,0,0,0,1,,
2026-04-13 12:50:40,33,19,19,0,"fit: 5, efit: 10","fit: 5, efit: 7",,,,0,0,0,0,1,,
2026-04-13 12:52:10,33,19,19,0,"fit: 5, efit: 11","fit: 5, efit: 8",,,,0,0,0,0,1,,
2026-04-13 12:55:41,33,19,19,0,"fit: 5, efit: 9","fit: 5, efit: 6",,,,0,0,0,0,1,,
2026-04-13 13:00:42,33,19,19,0,"fit: 5, efit: 7","fit: 5, efit: 4",,,,0,0,0,0,1,,
2026-04-13 13:02:12,33,19,19,0,"fit: 5, efit: 6","fit: 5, efit: 3",,,,0,0,0,0,1,,
2026-04-13 13:08:02,33,19,19,0,"fit: 5, efit: 6","fit: 5, efit: 4",,,,0,0,0,0,1,,
2026-04-13 13:15:46,33,19,19,0,"fit: 6, efit: 6","fit: 6, efit: 4",,,,0,0,0,0,1,,
2026-04-13 13:17:14,33,19,19,0,"fit: 6, efit: 4","fit: 6, efit: 2",,,,0,0,0,0,1,,
2026-04-13 13:18:04,33,19,19,0,"fit: 6, efit: 5","fit: 6, efit: 3",,,,0,0,0,0,1,,
2026-04-13 13:20:47,33,19,19,0,"fit: 6, efit: 4","fit: 6, efit: 3",,,,0,0,0,0,1,,
2026-04-13 13:22:15,33,19,19,0,"fit: 6, efit: 5","fit: 6, efit: 4",,,,0,0,0,0,1,,
2026-04-13 13:25:48,33,19,19,0,"fit: 7, efit: 5","fit: 7, efit: 4",,,,0,0,0,0,1,,
2026-04-13 13:37:18,33,19,19,0,"fit: 8, efit: 4","fit: 8, efit: 3",,,,0,0,0,0,1,,
2026-04-13 13:38:08,33,19,19,0,"fit: 8, efit: 5","fit: 8, efit: 4",,,,0,0,0,0,1,,
2026-04-13 13:40:51,33,19,19,0,"fit: 8, efit: 4","fit: 8, efit: 3",,,,0,0,0,0,1,,
2026-04-13 13:50:53,33,19,19,0,"fit: 8, efit: 1",fit: 8,,,,0,0,0,0,1,,
2026-04-13 13:53:11,33,19,19,0,"fit: 7, efit: 1",fit: 7,,,,0,0,0,0,1,,
2026-04-13 13:55:54,33,19,19,0,"fit: 5, efit: 1",fit: 5,,,,0,0,0,0,1,,
2026-04-13 14:00:55,33,19,19,0,"fit: 1, efit: 1",fit: 1,,,,0,0,0,0,1,,
2026-04-13 14:10:57,33,19,19,0,"fit: 1, efit: 2","fit: 1, efit: 1",,,,0,0,0,0,1,,
2026-04-13 14:13:15,33,19,19,0,"fit: 2, efit: 2","fit: 2, efit: 1",,,,0,0,0,0,1,,
2026-04-13 14:17:24,33,19,19,0,"fit: 1, efit: 2","fit: 1, efit: 1",,,,0,0,0,0,1,,
2026-04-13 14:21:01,33,19,19,0,"fit: 1, efit: 1",fit: 1,,,,0,0,0,0,1,,
2026-04-13 14:36:04,33,19,19,0,efit: 1,,,,,0,0,0,0,1,,
2026-04-13 14:38:20,33,19,19,0,efit: 2,efit: 1,,,,0,0,0,0,1,,
2026-04-13 14:48:22,33,19,19,0,efit: 3,efit: 2,,,,0,0,0,0,1,,
2026-04-13 14:51:07,33,19,19,0,"fit: 1, efit: 3","fit: 1, efit: 2",,,,0,0,0,0,1,,
2026-04-13 14:58:24,33,19,19,0,"fit: 1, efit: 4","fit: 1, efit: 3",,,,0,0,0,0,1,,
2026-04-13 15:03:25,33,19,19,0,"fit: 1, efit: 5","fit: 1, efit: 4",,,,0,0,0,0,1,,
2026-04-13 15:07:33,33,19,19,0,"fit: 1, efit: 3","fit: 1, efit: 2",,,,0,0,0,0,1,,
2026-04-13 15:11:11,33,19,19,0,"fit: 1, efit: 2","fit: 1, efit: 1",,,,0,0,0,0,1,,
2026-04-13 15:16:12,33,19,19,0,efit: 2,efit: 1,,,,0,0,0,0,1,,
2026-04-13 15:21:13,33,19,19,0,efit: 3,efit: 2,,,,0,0,0,0,1,,
2026-04-13 15:31:16,33,19,19,0,efit: 4,efit: 3,,,,0,0,0,0,1,,
2026-04-13 15:41:18,33,19,19,0,efit: 3,efit: 2,,,,0,0,0,0,1,,
2026-04-13 15:46:19,33,19,19,0,efit: 2,efit: 1,,,,0,0,0,0,1,,
2026-04-13 15:51:20,33,19,19,0,efit: 1,,,,,0,0,0,0,1,,
2026-04-13 16:26:27,33,19,19,0,"fit: 1, efit: 1",fit: 1,,,,0,0,0,0,1,,
2026-04-13 16:27:46,33,19,19,0,"fit: 1, efit: 2","fit: 1, efit: 1",,,,0,0,0,0,1,,
2026-04-13 16:31:28,33,19,19,0,"fit: 1, efit: 5","fit: 1, efit: 1",,,,0,0,0,0,1,,
2026-04-13 16:32:47,33,19,19,0,efit: 4,,,,,0,0,0,0,1,,
2026-04-13 16:42:49,33,19,19,0,"fit: 1, efit: 4",fit: 1,,,,0,0,0,0,1,,
2026-04-13 16:46:32,33,19,19,0,"fit: 1, efit: 5",fit: 1,,,,0,0,0,0,1,,
2026-04-13 16:47:50,33,19,19,0,efit: 7,efit: 1,,,,0,0,0,0,1,,
2026-04-13 16:51:33,33,19,19,0,efit: 9,efit: 3,,,,0,0,0,0,1,,
2026-04-13 16:56:34,33,19,19,0,efit: 8,efit: 2,,,,0,0,0,0,1,,
2026-04-13 16:57:51,33,19,19,0,efit: 7,efit: 1,,,,0,0,0,0,1,,
2026-04-13 17:01:35,33,19,19,0,efit: 6,,,,,0,0,0,0,1,,
2026-04-13 17:11:37,33,19,19,0,efit: 7,efit: 1,,,,0,0,0,0,1,,
2026-04-13 17:16:38,33,19,19,0,"fit: 1, efit: 7","fit: 1, efit: 1",,,,0,0,0,0,1,,
2026-04-13 17:17:55,33,19,19,0,efit: 6,,,,,0,0,0,0,1,,
2026-04-13 17:21:39,33,19,19,0,efit: 6,efit: 1,,,,0,0,0,0,1,,
2026-04-13 17:22:56,33,19,19,0,efit: 5,,,,,0,0,0,0,1,,
2026-04-13 17:27:56,33,19,19,0,efit: 6,efit: 1,,,,0,0,0,0,1,,
2026-04-13 17:28:55,33,19,19,0,efit: 5,efit: 1,,,,0,0,0,0,1,,
2026-04-13 17:31:41,33,19,19,0,efit: 6,efit: 2,,,,0,0,0,0,1,,
2026-04-13 17:33:56,33,19,19,0,efit: 6,efit: 3,,,,0,0,0,0,1,,
2026-04-13 17:38:57,33,19,19,0,"fit: 1, efit: 5","fit: 1, efit: 2",,,,0,0,0,0,1,,
2026-04-13 17:41:43,33,19,19,0,"fit: 1, efit: 5","fit: 1, efit: 3",,,,0,0,0,0,1,,
2026-04-13 17:43:58,33,19,19,0,"fit: 1, efit: 4","fit: 1, efit: 2",,,,0,0,0,0,1,,
2026-04-13 17:46:45,33,19,19,0,"fit: 1, efit: 3","fit: 1, efit: 1",,,,0,0,0,0,1,,
2026-04-13 17:48:00,33,19,19,0,"fit: 1, efit: 3","fit: 1, efit: 2",,,,0,0,0,0,1,,
2026-04-13 17:49:00,33,19,19,0,"fit: 1, efit: 2","fit: 1, efit: 1",,,,0,0,0,0,1,,
2026-04-13 17:51:46,33,19,19,0,efit: 1,,,,,0,0,0,0,1,,
2026-04-13 17:54:01,33,19,19,0,efit: 2,efit: 1,,,,0,0,0,0,1,,
2026-04-13 18:06:49,33,19,19,0,efit: 3,efit: 2,,,,0,0,0,0,1,,
2026-04-13 18:08:04,33,19,19,0,efit: 2,efit: 1,,,,0,0,0,0,1,,
2026-04-13 18:16:51,33,19,19,0,efit: 1,,,,,0,0,0,0,1,,
2026-04-13 19:32:08,33,19,19,0,efit: 2,efit: 1,,,,0,0,0,0,1,,
2026-04-13 19:37:09,33,19,19,0,efit: 1,,,,,0,0,0,0,1,,
2026-04-13 20:02:15,33,19,19,0,efit: 2,efit: 1,,,,0,0,0,0,1,,
2026-04-13 20:07:16,33,19,19,0,efit: 1,,,,,0,0,0,0,1,,
2026-04-13 20:13:24,33,19,19,0,efit: 2,efit: 1,,,,0,0,0,0,1,,
2026-04-13 20:17:18,33,19,19,0,efit: 1,,,,,0,0,0,0,1,,
2026-04-13 21:27:33,33,19,19,0,efit: 2,efit: 1,,,,0,0,0,0,1,,
2026-04-13 21:34:46,33,19,19,0,efit: 3,efit: 2,,,,0,0,0,0,1,,
2026-04-13 21:37:35,33,19,19,0,efit: 2,efit: 1,,,,0,0,0,0,1,,
2026-04-13 21:47:37,33,19,19,0,efit: 3,efit: 2,,,,0,0,0,0,1,,
2026-04-13 21:48:40,33,19,19,0,efit: 2,efit: 1,,,,0,0,0,0,1,,
2026-04-13 21:59:51,33,19,19,0,efit: 1,,,,,0,0,0,0,1,,
2026-04-13 22:23:46,33,19,19,0,"fit: 1, efit: 1",fit: 1,,,,0,0,0,0,1,,
2026-04-13 22:39:59,33,19,19,0,"fit: 1, efit: 2","fit: 1, efit: 1",,,,0,0,0,0,1,,
2026-04-13 22:42:49,33,19,19,0,"fit: 1, efit: 3","fit: 1, efit: 2",,,,0,0,0,0,1,,
2026-04-13 23:00:03,33,19,19,0,"fit: 1, efit: 2","fit: 1, efit: 1",,,,0,0,0,0,1,,
2026-04-13 23:02:53,33,19,19,0,"fit: 1, efit: 3","fit: 1, efit: 2",,,,0,0,0,0,1,,
2026-04-13 23:03:52,33,19,19,0,"fit: 1, efit: 3","fit: 1, efit: 1",,,,0,0,0,0,1,,
2026-04-13 23:05:04,33,19,19,0,efit: 2,,,,,0,0,0,0,1,,
2026-04-13 23:35:10,33,19,19,0,efit: 3,efit: 1,,,,0,0,0,0,1,,
2026-04-13 23:58:04,33,19,19,0,efit: 2,,,,,0,0,0,0,1,,
2026-04-14 00:00:15,33,19,19,0,efit: 2,,,,,0,0,0,0,1,,
2026-04-14 00:05:16,33,19,19,0,"fit: 1, efit: 2",fit: 1,,,,0,0,0,0,1,,
2026-04-14 00:08:06,33,19,19,0,efit: 2,,,,,0,0,0,0,1,,
2026-04-14 00:14:03,33,19,19,0,efit: 2,efit: 1,,,,0,0,0,0,1,,
2026-04-14 00:20:19,33,19,19,0,efit: 1,efit: 1,,,,0,0,0,0,1,,
2026-04-14 00:43:13,33,19,19,0,,,,,,0,0,0,0,1,,
2026-04-14 08:54:51,33,19,19,0,efit: 1,efit: 1,,,,0,0,0,0,1,,
2026-04-14 08:56:59,33,19,19,0,,,,,,0,0,0,0,1,,
2026-04-14 08:59:52,33,19,19,0,efit: 1,efit: 1,,,,0,0,0,0,1,,
2026-04-14 09:14:56,33,19,19,0,"fit: 1, efit: 1","fit: 1, efit: 1",,,,0,0,0,0,1,,
2026-04-14 09:35:00,33,19,19,0,"fit: 1, efit: 5","fit: 1, efit: 2",,,,0,0,0,0,1,,
2026-04-14 09:52:11,33,19,19,0,"fit: 1, efit: 6","fit: 1, efit: 2",,,,0,0,0,0,1,,
2026-04-14 09:55:05,33,19,19,0,"fit: 1, efit: 9","fit: 1, efit: 3",,,,0,0,0,0,1,,
2026-04-14 10:07:14,33,19,19,0,"fit: 1, efit: 8","fit: 1, efit: 2",,,,0,0,0,0,1,,
2026-04-14 10:12:15,33,19,19,0,"fit: 1, efit: 9","fit: 1, efit: 3",,,,0,0,0,0,1,,
2026-04-14 10:15:09,33,19,19,0,"fit: 1, efit: 8","fit: 1, efit: 2",,,,0,0,0,0,1,,
2026-04-14 10:17:16,33,19,19,0,"fit: 2, efit: 9","fit: 2, efit: 3",,,,0,0,0,0,1,,
2026-04-14 10:20:10,33,19,19,0,"fit: 2, efit: 10","fit: 2, efit: 4",,,,0,0,0,0,1,,
2026-04-14 10:30:12,33,19,19,0,"fit: 2, efit: 9","fit: 2, efit: 3",,,,0,0,0,0,1,,
2026-04-14 10:32:19,33,19,19,0,"fit: 2, efit: 10","fit: 2, efit: 4",,,,0,0,0,0,1,,
2026-04-14 10:37:20,33,19,19,0,"fit: 2, efit: 11","fit: 2, efit: 5",,,,0,0,0,0,1,,
2026-04-14 10:40:43,33,19,19,0,"fit: 2, efit: 12","fit: 2, efit: 6",,,,0,0,0,0,1,,
2026-04-14 10:45:15,33,19,19,0,"fit: 2, efit: 13","fit: 2, efit: 7",,,,0,0,0,0,1,,
2026-04-14 10:45:44,33,19,19,0,"fit: 2, efit: 13","fit: 2, efit: 8",,,,0,0,0,0,1,,
2026-04-14 10:50:16,33,19,19,0,"fit: 2, efit: 12","fit: 2, efit: 6",,,,0,0,0,0,1,,
2026-04-14 10:52:23,33,19,19,0,"fit: 2, efit: 10","fit: 2, efit: 4",,,,0,0,0,0,1,,
2026-04-14 10:55:45,33,19,19,0,"fit: 3, efit: 10","fit: 3, efit: 4",,,,0,0,0,0,1,,
2026-04-14 11:00:18,33,19,19,0,"fit: 4, efit: 10","fit: 4, efit: 5",,,,0,0,0,0,1,,
2026-04-14 11:02:25,33,19,19,0,"fit: 4, efit: 11","fit: 4, efit: 6",,,,0,0,0,0,1,,
2026-04-14 11:10:20,33,19,19,0,"fit: 4, efit: 12","fit: 4, efit: 7",,,,0,0,0,0,1,,
2026-04-14 11:10:48,33,19,19,0,"fit: 4, efit: 13","fit: 4, efit: 8",,,,0,0,0,0,1,,
2026-04-14 11:17:28,33,19,19,0,"fit: 5, efit: 13","fit: 5, efit: 8",,,,0,0,0,0,1,,
2026-04-14 11:25:24,33,19,19,0,"fit: 2, efit: 13","fit: 2, efit: 8",,,,0,0,0,0,1,,
2026-04-14 11:25:50,33,19,19,0,"fit: 1, efit: 13","fit: 1, efit: 8",,,,0,0,0,0,1,,
2026-04-14 11:27:30,33,19,19,0,efit: 13,efit: 8,,,,0,0,0,0,1,,
2026-04-14 11:30:51,33,19,19,0,efit: 12,efit: 7,,,,0,0,0,0,1,,
2026-04-14 11:32:31,33,19,19,0,efit: 12,efit: 8,,,,0,0,0,0,1,,
2026-04-14 11:35:26,33,19,19,0,"fit: 1, efit: 14","fit: 1, efit: 10",,,,0,0,0,0,1,,
2026-04-14 11:35:52,33,19,19,0,"fit: 1, efit: 15","fit: 1, efit: 11",,,,0,0,0,0,1,,
2026-04-14 11:37:32,33,19,19,0,"fit: 1, efit: 14","fit: 1, efit: 10",,,,0,0,0,0,1,,
2026-04-14 11:40:27,33,19,19,0,"fit: 1, efit: 13","fit: 1, efit: 9",,,,0,0,0,0,1,,
2026-04-14 11:50:29,33,19,19,0,"fit: 1, efit: 14","fit: 1, efit: 9",,,,0,0,0,0,1,,
2026-04-14 11:57:36,33,19,19,0,"fit: 1, efit: 15","fit: 1, efit: 10",,,,0,0,0,0,1,,
2026-04-14 12:02:37,33,19,19,0,"fit: 1, efit: 15","fit: 1, efit: 11",,,,0,0,0,0,1,,
2026-04-14 12:10:33,33,19,19,0,"fit: 1, efit: 14","fit: 1, efit: 10",,,,0,0,0,0,1,,
2026-04-14 12:17:41,33,19,19,0,"fit: 1, efit: 13","fit: 1, efit: 9",,,,0,0,0,0,1,,
2026-04-14 12:20:35,33,19,19,0,"fit: 1, efit: 12","fit: 1, efit: 8",,,,0,0,0,0,1,,
2026-04-14 12:25:36,33,19,19,0,"fit: 1, efit: 11","fit: 1, efit: 7",,,,0,0,0,0,1,,
2026-04-14 12:30:38,33,19,19,0,"fit: 1, efit: 10","fit: 1, efit: 6",,,,0,0,0,0,1,,
2026-04-14 12:31:04,33,19,19,0,"fit: 1, efit: 11","fit: 1, efit: 7",,,,0,0,0,0,1,,
2026-04-14 12:32:43,33,19,19,0,"fit: 1, efit: 9","fit: 1, efit: 6",,,,0,0,0,0,1,,
2026-04-14 12:42:45,33,19,19,0,"fit: 1, efit: 11","fit: 1, efit: 9",,,,0,0,0,0,1,,
2026-04-14 12:45:41,33,19,19,0,"fit: 1, efit: 12","fit: 1, efit: 10",,,,0,0,0,0,1,,
2026-04-14 12:55:43,33,19,19,0,"fit: 1, efit: 13","fit: 1, efit: 11",,,,0,0,0,0,1,,
2026-04-14 13:12:51,33,19,19,0,"fit: 1, efit: 14","fit: 1, efit: 12",,,,0,0,0,0,1,,
2026-04-14 13:17:52,33,19,19,0,"fit: 1, efit: 15","fit: 1, efit: 13",,,,0,0,0,0,1,,
2026-04-14 13:35:52,33,19,19,0,"fit: 1, efit: 14","fit: 1, efit: 12",,,,0,0,0,0,1,,
2026-04-14 13:45:54,33,19,19,0,"fit: 1, efit: 13","fit: 1, efit: 11",,,,0,0,0,0,1,,
2026-04-14 13:47:59,33,19,19,0,"fit: 1, efit: 14","fit: 1, efit: 12",,,,0,0,0,0,1,,
2026-04-14 13:55:56,33,19,19,0,"fit: 1, efit: 11","fit: 1, efit: 9",,,,0,0,0,0,1,,
2026-04-14 13:58:01,33,19,19,0,"fit: 1, efit: 12","fit: 1, efit: 10",,,,0,0,0,0,1,,
2026-04-14 14:03:02,33,19,19,0,"fit: 1, efit: 11","fit: 1, efit: 9",,,,0,0,0,0,1,,
2026-04-14 14:05:58,33,19,19,0,"fit: 1, efit: 10","fit: 1, efit: 8",,,,0,0,0,0,1,,
2026-04-14 14:10:59,33,19,19,0,"fit: 1, efit: 9","fit: 1, efit: 7",,,,0,0,0,0,1,,
2026-04-14 14:16:01,33,19,19,0,"fit: 1, efit: 7","fit: 1, efit: 5",,,,0,0,0,0,1,,
2026-04-14 14:21:02,33,19,19,0,"fit: 1, efit: 5","fit: 1, efit: 3",,,,0,0,0,0,1,,
2026-04-14 14:26:03,33,19,19,0,"fit: 1, efit: 4","fit: 1, efit: 2",,,,0,0,0,0,1,,
2026-04-14 14:36:05,33,19,19,0,"fit: 3, efit: 4","fit: 3, efit: 3",,,,0,0,0,0,1,,
2026-04-14 14:38:09,33,19,19,0,"fit: 6, efit: 4","fit: 6, efit: 3",,,,0,0,0,0,1,,
2026-04-14 14:46:07,33,19,19,0,"fit: 6, efit: 5","fit: 6, efit: 4",,,,0,0,0,0,1,,
2026-04-14 15:06:11,33,19,19,0,"fit: 6, efit: 3","fit: 6, efit: 2",,,,0,0,0,0,1,,
2026-04-14 15:08:16,33,19,19,0,"fit: 6, efit: 2","fit: 6, efit: 1",,,,0,0,0,0,1,,
2026-04-14 15:13:17,33,19,19,0,"fit: 6, efit: 1",fit: 6,,,,0,0,0,0,1,,
2026-04-14 15:16:13,33,19,19,0,"fit: 6, efit: 1","fit: 6, efit: 1",,,,0,0,0,0,1,,
2026-04-14 15:18:18,33,19,19,0,"fit: 6, efit: 2","fit: 6, efit: 2",,,,0,0,0,0,1,,
2026-04-14 15:21:14,33,19,19,0,"fit: 6, efit: 3","fit: 6, efit: 3",,,,0,0,0,0,1,,
2026-04-14 15:26:16,33,19,19,0,"fit: 6, efit: 2","fit: 6, efit: 2",,,,0,0,0,0,1,,
2026-04-14 15:31:17,33,19,19,0,"fit: 6, efit: 1","fit: 6, efit: 1",,,,0,0,0,0,1,,
2026-04-14 15:38:22,33,19,19,0,fit: 6,fit: 6,,,,0,0,0,0,1,,
2026-04-14 15:46:20,33,19,19,0,fit: 5,fit: 5,,,,0,0,0,0,1,,
2026-04-14 15:51:21,33,19,19,0,fit: 4,fit: 4,,,,0,0,0,0,1,,
2026-04-14 15:56:22,33,19,19,0,fit: 3,fit: 3,,,,0,0,0,0,1,,
2026-04-14 15:58:26,33,19,19,0,fit: 1,fit: 1,,,,0,0,0,0,1,,
2026-04-14 16:11:25,33,19,19,0,"fit: 1, efit: 1","fit: 1, efit: 1",,,,0,0,0,0,1,,
2026-04-14 16:13:29,33,19,19,0,fit: 1,fit: 1,,,,0,0,0,0,1,,
2026-04-14 16:16:26,33,19,19,0,"fit: 1, efit: 1","fit: 1, efit: 1",,,,0,0,0,0,1,,
2026-04-14 16:23:31,33,19,19,0,fit: 2,fit: 2,,,,0,0,0,0,1,,
2026-04-14 16:26:29,33,19,19,0,fit: 1,fit: 1,,,,0,0,0,0,1,,
2026-04-14 16:28:32,33,19,19,0,fit: 2,fit: 2,,,,0,0,0,0,1,,
2026-04-14 16:31:30,33,19,19,0,,,,,,0,0,0,0,1,,
2026-04-14 16:36:31,33,19,19,0,"fit: 1, efit: 1","fit: 1, efit: 1",,,,0,0,0,0,1,,
2026-04-14 16:38:34,33,19,19,0,"fit: 2, efit: 1","fit: 2, efit: 1",,,,0,0,0,0,1,,
2026-04-14 16:46:33,33,19,19,0,fit: 2,fit: 2,,,,0,0,0,0,1,,
2026-04-14 18:03:52,33,19,19,0,"fit: 2, efit: 1","fit: 2, efit: 1",,,,0,0,0,0,1,,
2026-04-14 18:26:55,33,19,19,0,fit: 2,fit: 2,,,,0,0,0,0,1,,
2026-04-14 18:44:01,33,19,19,0,"fit: 2, efit: 1","fit: 2, efit: 1",,,,0,0,0,0,1,,
2026-04-14 18:52:00,33,19,19,0,fit: 2,fit: 2,,,,0,0,0,0,1,,
2026-04-14 19:02:02,33,19,19,0,fit: 3,fit: 3,,,,0,0,0,0,1,,
2026-04-14 19:09:06,33,19,19,0,fit: 2,fit: 2,,,,0,0,0,0,1,,
2026-04-14 19:32:09,33,19,19,0,fit: 1,fit: 1,,,,0,0,0,0,1,,
2026-04-14 19:34:11,33,19,19,0,"fit: 1, efit: 2","fit: 1, efit: 2",,,,0,0,0,0,1,,
2026-04-14 19:37:10,33,19,19,0,"fit: 1, efit: 1","fit: 1, efit: 1",,,,0,0,0,0,1,,
2026-04-14 19:39:12,33,19,19,0,fit: 1,fit: 1,,,,0,0,0,0,1,,
2026-04-14 19:47:12,33,19,19,0,"fit: 1, efit: 1","fit: 1, efit: 1",,,,0,0,0,0,1,,
2026-04-14 19:57:14,33,19,19,0,fit: 1,fit: 1,,,,0,0,0,0,1,,
2026-04-14 20:49:26,33,19,19,0,"fit: 1, efit: 1","fit: 1, efit: 1",,,,0,0,0,0,1,,
2026-04-14 21:12:30,33,19,19,0,fit: 1,fit: 1,,,,0,0,0,0,1,,
2026-04-14 21:24:33,33,19,19,0,,,,,,0,0,0,0,1,,
2026-04-15 00:00:03,33,19,19,0,,,,,,0,0,0,0,1,,
2026-04-15 08:24:13,33,19,19,0,efit: 1,efit: 1,,,,0,0,0,0,1,,
2026-04-15 08:51:49,33,19,19,0,"fit: 1, efit: 1","fit: 1, efit: 1",,,,0,0,0,0,1,,
2026-04-15 08:54:48,33,19,19,0,"fit: 2, efit: 1","fit: 2, efit: 1",,,,0,0,0,0,1,,
2026-04-15 08:56:50,33,19,19,0,"fit: 3, efit: 1","fit: 3, efit: 1",,,,0,0,0,0,1,,
2026-04-15 09:04:20,33,19,19,0,fit: 4,fit: 4,,,,0,0,0,0,1,,
2026-04-15 09:24:24,33,19,19,0,fit: 3,fit: 3,,,,0,0,0,0,1,,
2026-04-15 09:49:28,33,19,19,0,"fit: 3, efit: 1","fit: 3, efit: 1",,,,0,0,0,0,1,,
2026-04-15 09:52:01,33,19,19,0,"fit: 4, efit: 1","fit: 4, efit: 1",,,,0,0,0,0,1,,
2026-04-15 09:57:02,33,19,19,0,"fit: 5, efit: 1","fit: 5, efit: 1",,,,0,0,0,0,1,,
2026-04-15 10:02:04,33,19,19,0,"fit: 6, efit: 1","fit: 6, efit: 1",,,,0,0,0,0,1,,
2026-04-15 10:15:05,33,19,19,0,"fit: 6, efit: 2","fit: 6, efit: 2",,,,0,0,0,0,1,,
2026-04-15 10:27:08,33,19,19,0,"fit: 6, efit: 3","fit: 6, efit: 3",,,,0,0,0,0,1,,
2026-04-15 10:32:09,33,19,19,0,"fit: 6, efit: 4","fit: 6, efit: 4",,,,0,0,0,0,1,,
2026-04-15 10:34:35,33,19,19,0,"fit: 6, efit: 5","fit: 6, efit: 5",,,,0,0,0,0,1,,
2026-04-15 10:37:10,33,19,19,0,"fit: 6, efit: 6","fit: 6, efit: 6",,,,0,0,0,0,1,,
2026-04-15 10:39:36,33,19,19,0,"fit: 6, efit: 5","fit: 6, efit: 5",,,,0,0,0,0,1,,
2026-04-15 10:44:37,33,19,19,0,"fit: 6, efit: 6","fit: 6, efit: 6",,,,0,0,0,0,1,,
2026-04-15 10:52:13,33,19,19,0,"fit: 6, efit: 5","fit: 6, efit: 5",,,,0,0,0,0,1,,
2026-04-15 10:57:15,33,19,19,0,"fit: 6, efit: 4","fit: 6, efit: 4",,,,0,0,0,0,1,,
2026-04-15 11:02:16,33,19,19,0,"fit: 6, efit: 5","fit: 6, efit: 5",,,,0,0,0,0,1,,
2026-04-15 11:12:18,33,19,19,0,"fit: 6, efit: 4","fit: 6, efit: 4",,,,0,0,0,0,1,,
2026-04-15 11:19:42,33,19,19,0,"fit: 6, efit: 3","fit: 6, efit: 3",,,,0,0,0,0,1,,
2026-04-15 11:20:18,33,19,19,0,"fit: 6, efit: 4","fit: 6, efit: 4",,,,0,0,0,0,1,,
2026-04-15 11:29:44,33,19,19,0,"fit: 6, efit: 2","fit: 6, efit: 2",,,,0,0,0,0,1,,
2026-04-15 11:32:22,33,19,19,0,"fit: 6, efit: 1","fit: 6, efit: 1",,,,0,0,0,0,1,,
2026-04-15 11:37:23,33,19,19,0,fit: 6,fit: 6,,,,0,0,0,0,1,,
2026-04-15 11:39:46,33,19,19,0,"fit: 6, efit: 1","fit: 6, efit: 1",,,,0,0,0,0,1,,
2026-04-15 11:57:27,33,19,19,0,fit: 6,fit: 6,,,,0,0,0,0,1,,
2026-04-15 12:04:50,33,19,19,0,"fit: 6, efit: 1","fit: 6, efit: 1",,,,0,0,0,0,1,,
2026-04-15 12:09:51,33,19,19,0,fit: 6,fit: 6,,,,0,0,0,0,1,,
2026-04-15 12:12:30,33,19,19,0,"fit: 6, efit: 1","fit: 6, efit: 1",,,,0,0,0,0,1,,
2026-04-15 12:17:31,33,19,19,0,fit: 5,fit: 5,,,,0,0,0,0,1,,
2026-04-15 12:24:53,33,19,19,0,"fit: 5, efit: 1","fit: 5, efit: 1",,,,0,0,0,0,1,,
2026-04-15 12:29:54,33,19,19,0,"fit: 5, efit: 2","fit: 5, efit: 2",,,,0,0,0,0,1,,
2026-04-15 12:30:33,33,19,19,0,"fit: 5, efit: 3","fit: 5, efit: 3",,,,0,0,0,0,1,,
2026-04-15 12:52:38,33,19,19,0,"fit: 5, efit: 2","fit: 5, efit: 2",,,,0,0,0,0,1,,
2026-04-15 12:54:58,33,19,19,0,fit: 5,fit: 5,,,,0,0,0,0,1,,
2026-04-15 12:57:39,33,19,19,0,"fit: 5, efit: 1","fit: 5, efit: 1",,,,0,0,0,0,1,,
2026-04-15 13:00:40,33,19,19,0,"fit: 5, efit: 2","fit: 5, efit: 2",,,,0,0,0,0,1,,
2026-04-15 13:02:40,33,19,19,0,"fit: 5, efit: 3","fit: 5, efit: 3",,,,0,0,0,0,1,,
2026-04-15 13:20:02,33,19,19,0,"fit: 5, efit: 4","fit: 5, efit: 4",,,,0,0,0,0,1,,
2026-04-15 13:25:03,33,19,19,0,"fit: 5, efit: 5","fit: 5, efit: 5",,,,0,0,0,0,1,,
2026-04-15 13:32:46,33,19,19,0,"fit: 5, efit: 6","fit: 5, efit: 6",,,,0,0,0,0,1,,
2026-04-15 13:50:50,33,19,19,0,"fit: 5, efit: 7","fit: 5, efit: 7",,,,0,0,0,0,1,,
2026-04-15 13:55:08,33,19,19,0,"fit: 5, efit: 6","fit: 5, efit: 6",,,,0,0,0,0,1,,
2026-04-15 13:57:51,33,19,19,0,"fit: 5, efit: 5","fit: 5, efit: 5",,,,0,0,0,0,1,,
2026-04-15 14:00:09,33,19,19,0,"fit: 5, efit: 4","fit: 5, efit: 4",,,,0,0,0,0,1,,
2026-04-15 14:10:11,33,19,19,0,"fit: 5, efit: 2","fit: 5, efit: 2",,,,0,0,0,0,1,,
2026-04-15 14:17:55,33,19,19,0,"fit: 5, efit: 1","fit: 5, efit: 1",,,,0,0,0,0,1,,
2026-04-15 14:20:12,33,19,19,0,"fit: 5, efit: 2","fit: 5, efit: 2",,,,0,0,0,0,1,,
2026-04-15 14:22:56,33,19,19,0,"fit: 5, efit: 1","fit: 5, efit: 1",,,,0,0,0,0,1,,
2026-04-15 14:27:57,33,19,19,0,"fit: 5, efit: 2","fit: 5, efit: 2",,,,0,0,0,0,1,,
2026-04-15 14:30:14,33,19,19,0,"fit: 5, efit: 3","fit: 5, efit: 3",,,,0,0,0,0,1,,
2026-04-15 14:30:58,33,19,19,0,"fit: 5, efit: 2","fit: 5, efit: 2",,,,0,0,0,0,1,,
2026-04-15 14:32:58,33,19,19,0,"fit: 5, efit: 1","fit: 5, efit: 1",,,,0,0,0,0,1,,
2026-04-15 14:35:15,33,19,19,0,"fit: 5, efit: 2","fit: 5, efit: 2",,,,0,0,0,0,1,,
2026-04-15 14:45:17,33,19,19,0,"fit: 5, efit: 3","fit: 5, efit: 3",,,,0,0,0,0,1,,
2026-04-15 14:48:02,33,19,19,0,"fit: 5, efit: 4","fit: 5, efit: 3",,,,0,0,0,0,1,,
2026-04-15 14:50:17,33,19,19,0,"fit: 5, efit: 3","fit: 5, efit: 2",,,,0,0,0,0,1,,
2026-04-15 14:51:03,33,19,19,0,"fit: 5, efit: 4","fit: 5, efit: 3",,,,0,0,0,0,1,,
2026-04-15 14:53:03,33,19,19,0,"fit: 5, efit: 5","fit: 5, efit: 4",,,,0,0,0,0,1,,
2026-04-15 14:55:18,33,19,19,0,"fit: 5, efit: 6","fit: 5, efit: 5",,,,0,0,0,0,1,,
2026-04-15 14:58:04,33,19,19,0,"fit: 5, efit: 5","fit: 5, efit: 4",,,,0,0,0,0,1,,
2026-04-15 15:00:19,33,19,19,0,"fit: 5, efit: 6","fit: 5, efit: 5",,,,0,0,0,0,1,,
2026-04-15 15:01:05,33,19,19,0,"fit: 5, efit: 8","fit: 5, efit: 7",,,,0,0,0,0,1,,
2026-04-15 15:13:07,33,19,19,0,"fit: 5, efit: 7","fit: 5, efit: 6",,,,0,0,0,0,1,,
2026-04-15 15:15:22,33,19,19,0,"fit: 5, efit: 6","fit: 5, efit: 5",,,,0,0,0,0,1,,
2026-04-15 15:16:08,33,19,19,0,"fit: 5, efit: 5","fit: 5, efit: 4",,,,0,0,0,0,1,,
2026-04-15 15:23:09,33,19,19,0,"fit: 5, efit: 4","fit: 5, efit: 3",,,,0,0,0,0,1,,
2026-04-15 15:25:23,33,19,19,0,"fit: 5, efit: 2","fit: 5, efit: 1",,,,0,0,0,0,1,,
2026-04-15 15:28:10,33,19,19,0,"fit: 5, efit: 3","fit: 5, efit: 2",,,,0,0,0,0,1,,
2026-04-15 15:33:11,33,19,19,0,"fit: 4, efit: 1",fit: 4,,,,0,0,0,0,1,,
2026-04-15 15:35:25,33,19,19,0,"fit: 4, efit: 1","fit: 4, efit: 1",,,,0,0,0,0,1,,
2026-04-15 15:38:12,33,19,19,0,"fit: 4, efit: 2","fit: 4, efit: 2",,,,0,0,0,0,1,,
2026-04-15 15:45:27,33,19,19,0,"fit: 4, efit: 3","fit: 4, efit: 3",,,,0,0,0,0,1,,
2026-04-15 15:48:14,33,19,19,0,"fit: 4, efit: 2","fit: 4, efit: 2",,,,0,0,0,0,1,,
2026-04-15 15:50:28,33,19,19,0,"fit: 5, efit: 2","fit: 5, efit: 2",,,,0,0,0,0,1,,
2026-04-15 15:53:15,33,19,19,0,fit: 5,fit: 5,,,,0,0,0,0,1,,
2026-04-15 15:55:28,33,19,19,0,"fit: 5, efit: 1","fit: 5, efit: 1",,,,0,0,0,0,1,,
2026-04-15 16:01:18,33,19,19,0,fit: 5,fit: 5,,,,0,0,0,0,1,,
2026-04-15 16:03:17,33,19,19,0,"fit: 5, efit: 1","fit: 5, efit: 1",,,,0,0,0,0,1,,
2026-04-15 16:08:18,33,19,19,0,"fit: 5, efit: 4","fit: 5, efit: 4",,,,0,0,0,0,1,,
2026-04-15 16:10:31,33,19,19,0,"fit: 5, efit: 3","fit: 5, efit: 3",,,,0,0,0,0,1,,
2026-04-15 16:13:19,33,19,19,0,"fit: 5, efit: 2","fit: 5, efit: 2",,,,0,0,0,0,1,,
2026-04-15 16:15:32,33,19,19,0,"fit: 5, efit: 1","fit: 5, efit: 1",,,,0,0,0,0,1,,
2026-04-15 16:18:20,33,19,19,0,fit: 4,fit: 4,,,,0,0,0,0,1,,
2026-04-15 16:20:33,33,19,19,0,fit: 3,fit: 3,,,,0,0,0,0,1,,
2026-04-15 16:23:21,33,19,19,0,"fit: 3, efit: 2","fit: 3, efit: 2",,,,0,0,0,0,1,,
2026-04-15 16:25:33,33,19,19,0,"fit: 3, efit: 1","fit: 3, efit: 1",,,,0,0,0,0,1,,
2026-04-15 16:30:34,33,19,19,0,fit: 3,fit: 3,,,,0,0,0,0,1,,
2026-04-15 16:33:23,33,19,19,0,fit: 2,fit: 2,,,,0,0,0,0,1,,
2026-04-15 16:35:35,33,19,19,0,"fit: 2, efit: 1","fit: 2, efit: 1",,,,0,0,0,0,1,,
2026-04-15 16:36:25,33,19,19,0,fit: 2,fit: 2,,,,0,0,0,0,1,,
2026-04-15 16:40:36,33,19,19,0,"fit: 2, efit: 1","fit: 2, efit: 1",,,,0,0,0,0,1,,
2026-04-15 16:43:25,33,19,19,0,"fit: 2, efit: 2","fit: 2, efit: 2",,,,0,0,0,0,1,,
2026-04-15 16:46:27,33,19,19,0,"fit: 3, efit: 1","fit: 3, efit: 1",,,,0,0,0,0,1,,
2026-04-15 16:50:37,33,19,19,0,fit: 3,fit: 3,,,,0,0,0,0,1,,
2026-04-15 17:01:30,33,19,19,0,"fit: 4, efit: 2","fit: 4, efit: 2",,,,0,0,0,0,1,,
2026-04-15 17:13:32,33,19,19,0,"fit: 4, efit: 1","fit: 4, efit: 1",,,,0,0,0,0,1,,
2026-04-15 17:18:33,33,19,19,0,"fit: 5, efit: 1","fit: 5, efit: 1",,,,0,0,0,0,1,,
2026-04-15 17:20:42,33,19,19,0,fit: 4,fit: 4,,,,0,0,0,0,1,,
2026-04-15 17:28:35,33,19,19,0,fit: 3,fit: 3,,,,0,0,0,0,1,,
2026-04-15 17:43:38,33,19,19,0,fit: 1,fit: 1,,,,0,0,0,0,1,,
2026-04-15 17:46:40,33,19,19,0,fit: 2,fit: 2,,,,0,0,0,0,1,,
2026-04-15 17:51:41,33,19,19,0,"fit: 2, efit: 1","fit: 2, efit: 1",,,,0,0,0,0,1,,
2026-04-15 17:56:42,33,19,19,0,fit: 2,fit: 2,,,,0,0,0,0,1,,
2026-04-15 18:01:43,33,19,19,0,"fit: 2, efit: 1","fit: 2, efit: 1",,,,0,0,0,0,1,,
2026-04-15 18:05:50,33,19,19,0,fit: 2,fit: 2,,,,0,0,0,0,1,,
2026-04-15 18:15:52,33,19,19,0,,,,,,0,0,0,0,1,,
2026-04-15 18:26:48,33,19,19,0,efit: 1,efit: 1,,,,0,0,0,0,1,,
2026-04-15 18:28:47,33,19,19,0,,,,,,0,0,0,0,1,,
2026-04-15 18:30:54,33,19,19,0,fit: 1,fit: 1,,,,0,0,0,0,1,,
2026-04-15 18:40:56,33,19,19,0,,,,,,0,0,0,0,1,,
2026-04-15 18:45:57,33,19,19,0,efit: 1,efit: 1,,,,0,0,0,0,1,,
2026-04-15 18:46:52,33,19,19,0,efit: 2,efit: 2,,,,0,0,0,0,1,,
2026-04-15 18:50:58,33,19,19,0,,,,,,0,0,0,0,1,,
2026-04-15 19:13:56,33,19,19,0,efit: 2,efit: 2,,,,0,0,0,0,1,,
2026-04-15 19:16:02,33,19,19,0,"fit: 1, efit: 2","fit: 1, efit: 2",,,,0,0,0,0,1,,
2026-04-15 19:18:57,33,19,19,0,"fit: 1, efit: 4","fit: 1, efit: 4",,,,0,0,0,0,1,,
2026-04-15 19:23:58,33,19,19,0,"fit: 2, efit: 4","fit: 2, efit: 4",,,,0,0,0,0,1,,
2026-04-15 19:26:04,33,19,19,0,"fit: 2, efit: 3","fit: 2, efit: 3",,,,0,0,0,0,1,,
2026-04-15 19:27:00,33,19,19,0,"fit: 3, efit: 2","fit: 3, efit: 2",,,,0,0,0,0,1,,
2026-04-15 19:28:59,33,19,19,0,fit: 3,fit: 3,,,,0,0,0,0,1,,
2026-04-15 19:31:05,33,19,19,0,fit: 1,fit: 1,,,,0,0,0,0,1,,
2026-04-15 19:32:01,33,19,19,0,fit: 2,fit: 2,,,,0,0,0,0,1,,
2026-04-15 19:34:00,33,19,19,0,fit: 1,fit: 1,,,,0,0,0,0,1,,
2026-04-15 19:36:05,33,19,19,0,,,,,,0,0,0,0,1,,
2026-04-15 19:37:02,33,19,19,0,fit: 1,fit: 1,,,,0,0,0,0,1,,
2026-04-15 19:44:02,33,19,19,0,"fit: 1, efit: 1","fit: 1, efit: 1",,,,0,0,0,0,1,,
2026-04-15 19:46:07,33,19,19,0,fit: 1,fit: 1,,,,0,0,0,0,1,,
2026-04-15 19:49:03,33,19,19,0,"fit: 2, efit: 3","fit: 2, efit: 3",,,,0,0,0,0,1,,
2026-04-15 19:51:08,33,19,19,0,fit: 2,fit: 2,,,,0,0,0,0,1,,
2026-04-15 20:14:08,33,19,19,0,fit: 1,fit: 1,,,,0,0,0,0,1,,
2026-04-15 20:24:10,33,19,19,0,,,,,,0,0,0,0,1,,
2026-04-15 20:36:15,33,19,19,0,fit: 1,fit: 1,,,,0,0,0,0,1,,
2026-04-15 20:37:14,33,19,19,0,,,,,,0,0,0,0,1,,
2026-04-15 21:04:17,33,19,19,0,efit: 2,efit: 1,,,,0,0,0,0,1,,
2026-04-15 21:12:22,33,19,19,0,efit: 3,efit: 2,,,,0,0,0,0,1,,
2026-04-15 21:14:19,33,19,19,0,efit: 2,efit: 1,,,,0,0,0,0,1,,
2026-04-15 21:21:22,33,19,19,0,efit: 1,,,,,0,0,0,0,1,,
2026-04-15 21:39:24,33,19,19,0,efit: 1,efit: 1,,,,0,0,0,0,1,,
2026-04-15 21:47:29,33,19,19,0,,,,,,0,0,0,0,1,,
2026-04-15 22:14:31,33,19,19,0,efit: 1,efit: 1,,,,0,0,0,0,1,,
2026-04-15 22:31:33,33,19,19,0,,,,,,0,0,0,0,1,,
2026-04-15 23:29:45,33,19,19,0,efit: 2,efit: 2,,,,0,0,0,0,1,,
2026-04-15 23:32:50,33,19,19,0,efit: 1,efit: 1,,,,0,0,0,0,1,,
2026-04-15 23:34:46,33,19,19,0,,,,,,0,0,0,0,1,,
2026-04-16 00:01:48,33,19,19,0,efit: 2,efit: 2,,,,0,0,0,0,1,,
2026-04-16 00:06:49,33,19,19,0,,,,,,0,0,0,0,1,,
2026-04-16 01:43:16,33,19,19,0,efit: 1,efit: 1,,,,0,0,0,0,1,,
2026-04-16 02:00:15,33,19,19,0,,,,,,0,0,0,0,1,,
2026-04-16 08:23:06,33,19,19,0,fit: 1,fit: 1,,,,0,0,0,0,1,,
2026-04-16 08:48:10,33,19,19,0,,,,,,0,0,0,0,1,,
2026-04-16 09:11:38,33,19,19,0,efit: 1,efit: 1,,,,0,0,0,0,1,,
2026-04-16 09:19:48,33,19,19,0,efit: 2,efit: 1,,,,0,0,0,0,1,,
2026-04-16 09:23:16,33,19,19,0,"fit: 1, efit: 2","fit: 1, efit: 1",,,,0,0,0,0,1,,
2026-04-16 09:43:19,33,19,19,0,"fit: 2, efit: 2","fit: 2, efit: 1",,,,0,0,0,0,1,,
2026-04-16 09:51:47,33,19,19,0,"fit: 3, efit: 2","fit: 3, efit: 1",,,,0,0,0,0,1,,
2026-04-16 09:53:21,33,19,19,0,"fit: 4, efit: 3","fit: 4, efit: 2",,,,0,0,0,0,1,,
2026-04-16 09:54:55,33,19,19,0,"fit: 4, efit: 3","fit: 4, efit: 3",,,,0,0,0,0,1,,
2026-04-16 10:20:01,33,19,19,0,"fit: 4, efit: 2","fit: 4, efit: 2",,,,0,0,0,0,1,,
2026-04-16 10:21:53,33,19,19,0,"fit: 4, efit: 1","fit: 4, efit: 1",,,,0,0,0,0,1,,
2026-04-16 10:33:27,33,19,19,0,fit: 4,fit: 4,,,,0,0,0,0,1,,
2026-04-16 10:48:30,33,19,19,0,"fit: 4, efit: 1","fit: 4, efit: 1",,,,0,0,0,0,1,,
2026-04-16 10:53:31,33,19,19,0,fit: 4,fit: 4,,,,0,0,0,0,1,,
2026-04-16 10:55:08,33,19,19,0,"fit: 4, efit: 1","fit: 4, efit: 1",,,,0,0,0,0,1,,
2026-04-16 11:00:09,33,19,19,0,"fit: 4, efit: 3","fit: 4, efit: 3",,,,0,0,0,0,1,,
2026-04-16 11:02:01,33,19,19,0,"fit: 3, efit: 3","fit: 3, efit: 3",,,,0,0,0,0,1,,
2026-04-16 11:03:32,33,19,19,0,"fit: 4, efit: 3","fit: 4, efit: 3",,,,0,0,0,0,1,,
2026-04-16 11:10:11,33,19,19,0,"fit: 4, efit: 4","fit: 4, efit: 4",,,,0,0,0,0,1,,
2026-04-16 11:22:05,33,19,19,0,"fit: 4, efit: 5","fit: 4, efit: 5",,,,0,0,0,0,1,,
2026-04-16 11:33:37,33,19,19,0,"fit: 4, efit: 4","fit: 4, efit: 4",,,,0,0,0,0,1,,
2026-04-16 11:40:17,33,19,19,0,"fit: 4, efit: 5","fit: 4, efit: 5",,,,0,0,0,0,1,,
2026-04-16 11:52:11,33,19,19,0,"fit: 4, efit: 6","fit: 4, efit: 6",,,,0,0,0,0,1,,
2026-04-16 11:53:40,33,19,19,0,"fit: 4, efit: 8","fit: 4, efit: 8",,,,0,0,0,0,1,,
2026-04-16 11:57:12,33,19,19,0,"fit: 4, efit: 7","fit: 4, efit: 7",,,,0,0,0,0,1,,
2026-04-16 11:58:41,33,19,19,0,"fit: 4, efit: 6","fit: 4, efit: 6",,,,0,0,0,0,1,,
2026-04-16 12:00:22,33,19,19,0,"fit: 4, efit: 5","fit: 4, efit: 5",,,,0,0,0,0,1,,
2026-04-16 12:20:26,33,19,19,0,"fit: 4, efit: 3","fit: 4, efit: 3",,,,0,0,0,0,1,,
2026-04-16 12:25:27,33,19,19,0,"fit: 4, efit: 4","fit: 4, efit: 4",,,,0,0,0,0,1,,
2026-04-16 12:28:47,33,19,19,0,"fit: 3, efit: 3","fit: 3, efit: 3",,,,0,0,0,0,1,,
2026-04-16 12:30:28,33,19,19,0,"fit: 2, efit: 3","fit: 2, efit: 3",,,,0,0,0,0,1,,
2026-04-16 12:37:21,33,19,19,0,"fit: 2, efit: 2","fit: 2, efit: 2",,,,0,0,0,0,1,,
2026-04-16 12:40:30,33,19,19,0,"fit: 2, efit: 3","fit: 2, efit: 3",,,,0,0,0,0,1,,
2026-04-16 12:43:49,33,19,19,0,"fit: 2, efit: 2","fit: 2, efit: 2",,,,0,0,0,0,1,,
2026-04-16 12:55:33,33,19,19,0,"fit: 2, efit: 3","fit: 2, efit: 3",,,,0,0,0,0,1,,
2026-04-16 12:58:52,33,19,19,0,"fit: 2, efit: 4","fit: 2, efit: 4",,,,0,0,0,0,1,,
2026-04-16 13:02:26,33,19,19,0,"fit: 2, efit: 5","fit: 2, efit: 5",,,,0,0,0,0,1,,
2026-04-16 13:15:37,33,19,19,0,"fit: 2, efit: 6","fit: 2, efit: 6",,,,0,0,0,0,1,,
2026-04-16 13:18:55,33,19,19,0,"fit: 2, efit: 5","fit: 2, efit: 5",,,,0,0,0,0,1,,
2026-04-16 13:20:39,33,19,19,0,"fit: 2, efit: 4","fit: 2, efit: 4",,,,0,0,0,0,1,,
2026-04-16 13:28:57,33,19,19,0,"fit: 2, efit: 2","fit: 2, efit: 2",,,,0,0,0,0,1,,
2026-04-16 13:32:32,33,19,19,0,"fit: 2, efit: 4","fit: 2, efit: 4",,,,0,0,0,0,1,,
2026-04-16 13:33:57,33,19,19,0,"fit: 2, efit: 3","fit: 2, efit: 3",,,,0,0,0,0,1,,
2026-04-16 13:37:33,33,19,19,0,"fit: 2, efit: 2","fit: 2, efit: 2",,,,0,0,0,0,1,,
2026-04-16 13:42:34,33,19,19,0,"fit: 2, efit: 3","fit: 2, efit: 3",,,,0,0,0,0,1,,
2026-04-16 13:43:59,33,19,19,0,"fit: 2, efit: 2","fit: 2, efit: 2",,,,0,0,0,0,1,,
2026-04-16 13:45:44,33,19,19,0,"fit: 2, efit: 3","fit: 2, efit: 3",,,,0,0,0,0,1,,
2026-04-16 13:47:35,33,19,19,0,"fit: 2, efit: 1","fit: 2, efit: 1",,,,0,0,0,0,1,,
2026-04-16 13:49:00,33,19,19,0,"fit: 2, efit: 2","fit: 2, efit: 2",,,,0,0,0,0,1,,
2026-04-16 13:50:45,33,19,19,0,"fit: 2, efit: 3","fit: 2, efit: 3",,,,0,0,0,0,1,,
2026-04-16 13:54:01,33,19,19,0,"fit: 2, efit: 4","fit: 2, efit: 4",,,,0,0,0,0,1,,
2026-04-16 13:59:02,33,19,19,0,"fit: 2, efit: 5","fit: 2, efit: 4",,,,0,0,0,0,1,,
2026-04-16 14:00:47,33,19,19,0,"fit: 2, efit: 6","fit: 2, efit: 5",,,,0,0,0,0,1,,
2026-04-16 14:12:40,33,19,19,0,"fit: 3, efit: 6","fit: 3, efit: 5",,,,0,0,0,0,1,,
2026-04-16 14:14:04,33,19,19,0,"fit: 3, efit: 5","fit: 3, efit: 4",,,,0,0,0,0,1,,
2026-04-16 14:15:50,33,19,19,0,"fit: 3, efit: 4","fit: 3, efit: 3",,,,0,0,0,0,1,,
2026-04-16 14:19:05,33,19,19,0,"fit: 3, efit: 3","fit: 3, efit: 2",,,,0,0,0,0,1,,
2026-04-16 14:24:06,33,19,19,0,"fit: 3, efit: 4","fit: 3, efit: 3",,,,0,0,0,0,1,,
2026-04-16 14:25:52,33,19,19,0,"fit: 3, efit: 6","fit: 3, efit: 4",,,,0,0,0,0,1,,
2026-04-16 14:32:44,33,19,19,0,"fit: 3, efit: 7","fit: 3, efit: 5",,,,0,0,0,0,1,,
2026-04-16 14:34:07,33,19,19,0,"fit: 3, efit: 6","fit: 3, efit: 5",,,,0,0,0,0,1,,
2026-04-16 14:35:54,33,19,19,0,"fit: 3, efit: 7","fit: 3, efit: 6",,,,0,0,0,0,1,,
2026-04-16 14:37:45,33,19,19,0,"fit: 3, efit: 6","fit: 3, efit: 5",,,,0,0,0,0,1,,
2026-04-16 14:42:46,33,19,19,0,"fit: 3, efit: 7","fit: 3, efit: 6",,,,0,0,0,0,1,,
2026-04-16 14:47:47,33,19,19,0,"fit: 4, efit: 7","fit: 4, efit: 6",,,,0,0,0,0,1,,
2026-04-16 14:49:10,33,19,19,0,"fit: 4, efit: 6","fit: 4, efit: 5",,,,0,0,0,0,1,,
2026-04-16 14:50:57,33,19,19,0,"fit: 4, efit: 5","fit: 4, efit: 4",,,,0,0,0,0,1,,
2026-04-16 14:55:58,33,19,19,0,"fit: 4, efit: 4","fit: 4, efit: 3",,,,0,0,0,0,1,,
2026-04-16 14:59:11,33,19,19,0,"fit: 3, efit: 4","fit: 3, efit: 3",,,,0,0,0,0,1,,
2026-04-16 15:04:12,33,19,19,0,"fit: 4, efit: 4","fit: 4, efit: 3",,,,0,0,0,0,1,,
2026-04-16 15:06:01,33,19,19,0,"fit: 3, efit: 4","fit: 3, efit: 3",,,,0,0,0,0,1,,
2026-04-16 15:14:14,33,19,19,0,"fit: 3, efit: 5","fit: 3, efit: 4",,,,0,0,0,0,1,,
2026-04-16 15:16:03,33,19,19,0,"fit: 3, efit: 4","fit: 3, efit: 3",,,,0,0,0,0,1,,
2026-04-16 15:17:53,33,19,19,0,"fit: 3, efit: 3","fit: 3, efit: 2",,,,0,0,0,0,1,,
2026-04-16 15:26:05,33,19,19,0,"fit: 2, efit: 3","fit: 2, efit: 2",,,,0,0,0,0,1,,
2026-04-16 15:27:55,33,19,19,0,"fit: 2, efit: 4","fit: 2, efit: 3",,,,0,0,0,0,1,,
2026-04-16 15:32:56,33,19,19,0,"fit: 3, efit: 4","fit: 3, efit: 3",,,,0,0,0,0,1,,
2026-04-16 15:37:57,33,19,19,0,"fit: 3, efit: 5","fit: 3, efit: 4",,,,0,0,0,0,1,,
2026-04-16 15:39:18,33,19,19,0,"fit: 3, efit: 6","fit: 3, efit: 5",,,,0,0,0,0,1,,
2026-04-16 15:46:09,33,19,19,0,"fit: 3, efit: 5","fit: 3, efit: 4",,,,0,0,0,0,1,,
2026-04-16 15:47:59,33,19,19,0,"fit: 4, efit: 3","fit: 4, efit: 2",,,,0,0,0,0,1,,
2026-04-16 15:49:19,33,19,19,0,"fit: 4, efit: 2","fit: 4, efit: 1",,,,0,0,0,0,1,,
2026-04-16 15:51:10,33,19,19,0,"fit: 4, efit: 3","fit: 4, efit: 2",,,,0,0,0,0,1,,
2026-04-16 15:54:20,33,19,19,0,"fit: 5, efit: 3","fit: 5, efit: 2",,,,0,0,0,0,1,,
2026-04-16 15:58:01,33,19,19,0,"fit: 5, efit: 4","fit: 5, efit: 3",,,,0,0,0,0,1,,
2026-04-16 15:59:21,33,19,19,0,"fit: 5, efit: 3","fit: 5, efit: 2",,,,0,0,0,0,1,,
2026-04-16 16:01:12,33,19,19,0,"fit: 5, efit: 2","fit: 5, efit: 1",,,,0,0,0,0,1,,
2026-04-16 16:03:02,33,19,19,0,"fit: 3, efit: 1",fit: 3,,,,0,0,0,0,1,,
2026-04-16 16:08:03,33,19,19,0,"fit: 4, efit: 1",fit: 4,,,,0,0,0,0,1,,
2026-04-16 16:11:14,33,19,19,0,"fit: 4, efit: 2","fit: 4, efit: 1",,,,0,0,0,0,1,,
2026-04-16 16:18:05,33,19,19,0,"fit: 4, efit: 1",fit: 4,,,,0,0,0,0,1,,
2026-04-16 16:19:24,33,19,19,0,"fit: 3, efit: 1",fit: 3,,,,0,0,0,0,1,,
2026-04-16 16:24:25,33,19,19,0,"fit: 4, efit: 1",fit: 4,,,,0,0,0,0,1,,
2026-04-16 16:26:18,33,19,19,0,"fit: 3, efit: 1",fit: 3,,,,0,0,0,0,1,,
2026-04-16 16:33:08,33,19,19,0,"fit: 2, efit: 1",fit: 2,,,,0,0,0,0,1,,
2026-04-16 16:39:28,33,19,19,0,"fit: 1, efit: 1",fit: 1,,,,0,0,0,0,1,,
2026-04-16 16:41:21,33,19,19,0,efit: 1,,,,,0,0,0,0,1,,
2026-04-16 16:43:10,33,19,19,0,"fit: 3, efit: 2","fit: 3, efit: 1",,,,0,0,0,0,1,,
2026-04-16 16:51:23,33,19,19,0,"fit: 3, efit: 3","fit: 3, efit: 2",,,,0,0,0,0,1,,
2026-04-16 16:53:12,33,19,19,0,"fit: 2, efit: 1",fit: 2,,,,0,0,0,0,1,,
2026-04-16 16:56:24,33,19,19,0,efit: 1,,,,,0,0,0,0,1,,
2026-04-16 17:08:15,33,19,19,0,efit: 3,efit: 2,,,,0,0,0,0,1,,
2026-04-16 17:11:27,33,19,19,0,"fit: 2, efit: 4","fit: 2, efit: 3",,,,0,0,0,0,1,,
2026-04-16 17:13:16,33,19,19,0,"fit: 3, efit: 4","fit: 3, efit: 3",,,,0,0,0,0,1,,
2026-04-16 17:18:17,33,19,19,0,"fit: 3, efit: 3","fit: 3, efit: 2",,,,0,0,0,0,1,,
2026-04-16 17:23:18,33,19,19,0,"fit: 3, efit: 2","fit: 3, efit: 1",,,,0,0,0,0,1,,
2026-04-16 17:26:30,33,19,19,0,"fit: 3, efit: 1",fit: 3,,,,0,0,0,0,1,,
2026-04-16 17:36:32,33,19,19,0,"fit: 3, efit: 2","fit: 3, efit: 1",,,,0,0,0,0,1,,
2026-04-16 17:41:33,33,19,19,0,"fit: 3, efit: 1",fit: 3,,,,0,0,0,0,1,,
2026-04-16 17:44:38,33,19,19,0,"fit: 2, efit: 1",fit: 2,,,,0,0,0,0,1,,
2026-04-16 17:49:39,33,19,19,0,"fit: 1, efit: 1",fit: 1,,,,0,0,0,0,1,,
2026-04-16 17:58:25,33,19,19,0,"fit: 1, efit: 2","fit: 1, efit: 1",,,,0,0,0,0,1,,
2026-04-16 18:01:37,33,19,19,0,"fit: 1, efit: 1",fit: 1,,,,0,0,0,0,1,,
2026-04-16 18:03:26,33,19,19,0,efit: 1,,,,,0,0,0,0,1,,
2026-04-16 18:28:31,33,19,19,0,efit: 2,efit: 1,,,,0,0,0,0,1,,
2026-04-16 18:53:36,33,19,19,0,efit: 1,,,,,0,0,0,0,1,,
2026-04-16 19:06:51,33,19,19,0,efit: 2,efit: 1,,,,0,0,0,0,1,,
2026-04-16 19:08:39,33,19,19,0,efit: 1,,,,,0,0,0,0,1,,
2026-04-16 19:13:40,33,19,19,0,efit: 2,efit: 1,,,,0,0,0,0,1,,
2026-04-16 19:18:41,33,19,19,0,efit: 1,,,,,0,0,0,0,1,,
2026-04-16 19:29:55,33,19,19,0,efit: 2,efit: 1,,,,0,0,0,0,1,,
2026-04-16 19:31:56,33,19,19,0,efit: 3,efit: 1,,,,0,0,0,0,1,,
2026-04-16 19:36:57,33,19,19,0,efit: 2,,,,,0,0,0,0,1,,
2026-04-16 20:07:04,33,19,19,0,efit: 2,efit: 1,,,,0,0,0,0,1,,
2026-04-16 20:22:07,33,19,19,0,efit: 1,,,,,0,0,0,0,1,,
2026-04-16 20:37:10,33,19,19,0,efit: 2,efit: 1,,,,0,0,0,0,1,,
2026-04-16 20:38:57,33,19,19,0,efit: 4,efit: 3,,,,0,0,0,0,1,,
2026-04-16 20:47:12,33,19,19,0,efit: 3,efit: 2,,,,0,0,0,0,1,,
2026-04-16 20:50:10,33,19,19,0,efit: 1,,,,,0,0,0,0,1,,
2026-04-16 22:44:22,33,19,19,0,efit: 3,efit: 2,,,,0,0,0,0,1,,
2026-04-16 22:55:30,33,19,19,0,efit: 2,efit: 1,,,,0,0,0,0,1,,
2026-04-16 22:57:39,33,19,19,0,efit: 1,,,,,0,0,0,0,1,,
2026-04-17 00:00:40,33,19,19,0,efit: 1,,,,,0,0,0,0,1,,
2026-04-17 07:25:50,33,19,19,0,"fit: 1, efit: 1",fit: 1,,,,0,0,0,0,1,,
2026-04-17 07:35:01,33,19,19,0,efit: 1,,,,,0,0,0,0,1,,
2026-04-17 08:45:12,33,19,19,0,"fit: 1, efit: 2","fit: 1, efit: 1",,,,0,0,0,0,1,,
2026-04-17 08:51:06,33,19,19,0,"fit: 2, efit: 2","fit: 2, efit: 1",,,,0,0,0,0,1,,
2026-04-17 08:55:14,33,19,19,0,"fit: 2, efit: 4","fit: 2, efit: 1",,,,0,0,0,0,1,,
2026-04-17 09:10:16,33,19,19,0,"fit: 3, efit: 5","fit: 3, efit: 2",,,,0,0,0,0,1,,
2026-04-17 09:35:20,33,19,19,0,"fit: 3, efit: 6","fit: 3, efit: 4",,,,0,0,0,0,1,,
2026-04-17 09:40:21,33,19,19,0,"fit: 3, efit: 6","fit: 3, efit: 5",,,,0,0,0,0,1,,
2026-04-17 10:00:24,33,19,19,0,"fit: 1, efit: 8","fit: 1, efit: 5",,,,0,0,0,0,1,,
2026-04-17 10:10:26,33,19,19,0,"fit: 1, efit: 9","fit: 1, efit: 6",,,,0,0,0,0,1,,
2026-04-17 10:15:27,33,19,19,0,"fit: 1, efit: 10","fit: 1, efit: 7",,,,0,0,0,0,1,,
2026-04-17 10:20:28,33,19,19,0,"fit: 1, efit: 11","fit: 1, efit: 8",,,,0,0,0,0,1,,
2026-04-17 10:30:29,33,19,19,0,"fit: 1, efit: 12","fit: 1, efit: 7",,,,0,0,0,0,1,,
2026-04-17 10:30:44,33,19,19,0,"fit: 1, efit: 13","fit: 1, efit: 7",,,,0,0,0,0,1,,
2026-04-17 10:45:32,33,19,19,0,"fit: 2, efit: 11","fit: 2, efit: 5",,,,0,0,0,0,1,,
2026-04-17 10:50:33,33,19,19,0,"fit: 2, efit: 13","fit: 2, efit: 7",,,,0,0,0,0,1,,
2026-04-17 10:55:34,33,19,19,0,"fit: 2, efit: 15","fit: 2, efit: 8",,,,0,0,0,0,1,,
2026-04-17 11:00:35,33,19,19,0,"fit: 2, efit: 16","fit: 2, efit: 9",,,,0,0,0,0,1,,
2026-04-17 11:06:32,33,19,19,0,"fit: 2, efit: 15","fit: 2, efit: 8",,,,0,0,0,0,1,,
2026-04-17 11:10:52,33,19,19,0,"fit: 2, efit: 14","fit: 2, efit: 7",,,,0,0,0,0,1,,
2026-04-17 11:11:33,33,19,19,0,"fit: 2, efit: 13","fit: 2, efit: 6",,,,0,0,0,0,1,,
2026-04-17 11:15:37,33,19,19,0,efit: 13,efit: 6,,,,0,0,0,0,1,,
2026-04-17 11:20:38,33,19,19,0,efit: 12,efit: 5,,,,0,0,0,0,1,,
2026-04-17 11:45:42,33,19,19,0,efit: 14,efit: 7,,,,0,0,0,0,1,,
2026-04-17 11:55:44,33,19,19,0,efit: 12,efit: 4,,,,0,0,0,0,1,,
2026-04-17 12:00:44,33,19,19,0,efit: 13,efit: 5,,,,0,0,0,0,1,,
2026-04-17 12:05:45,33,19,19,0,efit: 14,efit: 6,,,,0,0,0,0,1,,
2026-04-17 12:06:44,33,19,19,0,efit: 14,efit: 7,,,,0,0,0,0,1,,
2026-04-17 12:10:46,33,19,19,0,efit: 17,efit: 10,,,,0,0,0,0,1,,
2026-04-17 12:15:47,33,19,19,0,"fit: 1, efit: 16","fit: 1, efit: 9",,,,0,0,0,0,1,,
2026-04-17 12:20:48,33,19,19,0,"fit: 2, efit: 16","fit: 2, efit: 9",,,,0,0,0,0,1,,
2026-04-17 12:35:50,33,19,19,0,"fit: 3, efit: 15","fit: 3, efit: 8",,,,0,0,0,0,1,,
2026-04-17 12:40:51,33,19,19,0,"fit: 3, efit: 15","fit: 3, efit: 9",,,,0,0,0,0,1,,
2026-04-17 12:45:52,33,19,19,0,"fit: 3, efit: 14","fit: 3, efit: 8",,,,0,0,0,0,1,,
2026-04-17 12:46:52,33,19,19,0,"fit: 3, efit: 13","fit: 3, efit: 7",,,,0,0,0,0,1,,
2026-04-17 12:50:53,33,19,19,0,"fit: 3, efit: 12","fit: 3, efit: 6",,,,0,0,0,0,1,,
2026-04-17 12:55:54,33,19,19,0,"fit: 6, efit: 12","fit: 6, efit: 6",,,,0,0,0,0,1,,
2026-04-17 13:10:56,33,19,19,0,"fit: 6, efit: 11","fit: 6, efit: 7",,,,0,0,0,0,1,,
2026-04-17 13:15:57,33,19,19,0,"fit: 7, efit: 11","fit: 7, efit: 7",,,,0,0,0,0,1,,
2026-04-17 13:31:23,33,19,19,0,"fit: 7, efit: 10","fit: 7, efit: 6",,,,0,0,0,0,1,,
2026-04-17 13:36:01,33,19,19,0,"fit: 8, efit: 7","fit: 8, efit: 4",,,,0,0,0,0,1,,
2026-04-17 13:41:02,33,19,19,0,"fit: 8, efit: 8","fit: 8, efit: 5",,,,0,0,0,0,1,,
2026-04-17 13:41:25,33,19,19,0,"fit: 8, efit: 8","fit: 8, efit: 6",,,,0,0,0,0,1,,
2026-04-17 13:46:03,33,19,19,0,"fit: 8, efit: 7","fit: 8, efit: 6",,,,0,0,0,0,1,,
2026-04-17 13:46:26,33,19,19,0,"fit: 8, efit: 8","fit: 8, efit: 7",,,,0,0,0,0,1,,
2026-04-17 13:51:04,33,19,19,0,"fit: 9, efit: 9","fit: 9, efit: 8",,,,0,0,0,0,1,,
2026-04-17 13:56:28,33,19,19,0,"fit: 9, efit: 8","fit: 9, efit: 7",,,,0,0,0,0,1,,
2026-04-17 14:02:07,33,19,19,0,"fit: 10, efit: 8","fit: 10, efit: 7",,,,0,0,0,0,1,,
2026-04-17 14:06:06,33,19,19,0,"fit: 10, efit: 7","fit: 10, efit: 6",,,,0,0,0,0,1,,
2026-04-17 14:06:30,33,19,19,0,"fit: 11, efit: 6","fit: 11, efit: 5",,,,0,0,0,0,1,,
2026-04-17 14:07:07,33,19,19,0,"fit: 11, efit: 5","fit: 11, efit: 4",,,,0,0,0,0,1,,
2026-04-17 14:11:07,33,19,19,0,"fit: 11, efit: 3","fit: 11, efit: 2",,,,0,0,0,0,1,,
2026-04-17 14:11:31,33,19,19,0,"fit: 12, efit: 3","fit: 12, efit: 2",,,,0,0,0,0,1,,
2026-04-17 14:21:09,33,19,19,0,"fit: 12, efit: 2","fit: 12, efit: 1",,,,0,0,0,0,1,,
2026-04-17 14:26:10,33,19,19,0,"fit: 12, efit: 1",fit: 12,,,,0,0,0,0,1,,
2026-04-17 14:31:11,33,19,19,0,"fit: 11, efit: 1",fit: 11,,,,0,0,0,0,1,,
2026-04-17 14:36:11,33,19,19,0,"fit: 11, efit: 2","fit: 11, efit: 1",,,,0,0,0,0,1,,
2026-04-17 14:42:14,33,19,19,0,"fit: 11, efit: 1",fit: 11,,,,0,0,0,0,1,,
2026-04-17 14:47:15,33,19,19,0,"fit: 11, efit: 2","fit: 11, efit: 1",,,,0,0,0,0,1,,
2026-04-17 14:52:16,33,19,19,0,"fit: 11, efit: 1",fit: 11,,,,0,0,0,0,1,,
2026-04-17 14:56:41,33,19,19,0,"fit: 11, efit: 2","fit: 11, efit: 1",,,,0,0,0,0,1,,
2026-04-17 15:01:16,33,19,19,0,"fit: 11, efit: 1",fit: 11,,,,0,0,0,0,1,,
2026-04-17 15:02:18,33,19,19,0,"fit: 11, efit: 2",fit: 11,,,,0,0,0,0,1,,
2026-04-17 15:06:16,33,19,19,0,"fit: 10, efit: 2",fit: 10,,,,0,0,0,0,1,,
2026-04-17 15:06:43,33,19,19,0,"fit: 11, efit: 2",fit: 11,,,,0,0,0,0,1,,
2026-04-17 15:11:17,33,19,19,0,"fit: 10, efit: 2",fit: 10,,,,0,0,0,0,1,,
2026-04-17 15:16:18,33,19,19,0,"fit: 8, efit: 2",fit: 8,,,,0,0,0,0,1,,
2026-04-17 15:31:49,33,19,19,0,"fit: 8, efit: 3","fit: 8, efit: 1",,,,0,0,0,0,1,,
2026-04-17 15:36:22,33,19,19,0,"fit: 8, efit: 4","fit: 8, efit: 2",,,,0,0,0,0,1,,
2026-04-17 15:36:50,33,19,19,0,"fit: 8, efit: 4","fit: 8, efit: 3",,,,0,0,0,0,1,,
2026-04-17 15:37:25,33,19,19,0,"fit: 9, efit: 4","fit: 9, efit: 3",,,,0,0,0,0,1,,
2026-04-17 15:41:22,33,19,19,0,"fit: 9, efit: 2","fit: 9, efit: 1",,,,0,0,0,0,1,,
2026-04-17 15:46:23,33,19,19,0,"fit: 8, efit: 1",fit: 8,,,,0,0,0,0,1,,
2026-04-17 15:51:53,33,19,19,0,"fit: 7, efit: 1",fit: 7,,,,0,0,0,0,1,,
2026-04-17 15:56:25,33,19,19,0,"fit: 3, efit: 1",fit: 3,,,,0,0,0,0,1,,
2026-04-17 16:01:26,33,19,19,0,"fit: 2, efit: 2","fit: 2, efit: 1",,,,0,0,0,0,1,,
2026-04-17 16:06:26,33,19,19,0,"fit: 4, efit: 2","fit: 4, efit: 1",,,,0,0,0,0,1,,
2026-04-17 16:07:31,33,19,19,0,"fit: 4, efit: 4","fit: 4, efit: 2",,,,0,0,0,0,1,,
2026-04-17 16:11:27,33,19,19,0,"fit: 4, efit: 6","fit: 4, efit: 3",,,,0,0,0,0,1,,
2026-04-17 16:16:28,33,19,19,0,"fit: 4, efit: 5","fit: 4, efit: 2",,,,0,0,0,0,1,,
2026-04-17 16:22:34,33,19,19,0,"fit: 4, efit: 4","fit: 4, efit: 1",,,,0,0,0,0,1,,
2026-04-17 16:26:30,33,19,19,0,"fit: 4, efit: 3",fit: 4,,,,0,0,0,0,1,,
2026-04-17 16:31:31,33,19,19,0,"fit: 3, efit: 3",fit: 3,,,,0,0,0,0,1,,
2026-04-17 16:36:32,33,19,19,0,"fit: 2, efit: 3",fit: 2,,,,0,0,0,0,1,,
2026-04-17 16:37:02,33,19,19,0,"fit: 2, efit: 4","fit: 2, efit: 1",,,,0,0,0,0,1,,
2026-04-17 16:37:37,33,19,19,0,"fit: 2, efit: 3",fit: 2,,,,0,0,0,0,1,,
2026-04-17 16:46:34,33,19,19,0,"fit: 2, efit: 3","fit: 2, efit: 1",,,,0,0,0,0,1,,
2026-04-17 16:47:04,33,19,19,0,"fit: 2, efit: 2",fit: 2,,,,0,0,0,0,1,,
2026-04-17 16:47:39,33,19,19,0,"fit: 2, efit: 2","fit: 2, efit: 1",,,,0,0,0,0,1,,
2026-04-17 16:51:34,33,19,19,0,"fit: 2, efit: 3","fit: 2, efit: 2",,,,0,0,0,0,1,,
2026-04-17 16:56:35,33,19,19,0,"fit: 2, efit: 2","fit: 2, efit: 1",,,,0,0,0,0,1,,
2026-04-17 17:01:36,33,19,19,0,"fit: 2, efit: 3","fit: 2, efit: 2",,,,0,0,0,0,1,,
2026-04-17 17:02:08,33,19,19,0,"fit: 2, efit: 2","fit: 2, efit: 1",,,,0,0,0,0,1,,
2026-04-17 17:07:09,33,19,19,0,"fit: 2, efit: 1",fit: 2,,,,0,0,0,0,1,,
2026-04-17 17:12:44,33,19,19,0,"fit: 1, efit: 1",fit: 1,,,,0,0,0,0,1,,
2026-04-17 17:16:39,33,19,19,0,efit: 1,,,,,0,0,0,0,1,,
2026-04-17 17:26:40,33,19,19,0,"fit: 1, efit: 2","fit: 1, efit: 1",,,,0,0,0,0,1,,
2026-04-17 17:27:13,33,19,19,0,efit: 2,efit: 1,,,,0,0,0,0,1,,
2026-04-17 17:27:47,33,19,19,0,efit: 1,,,,,0,0,0,0,1,,
2026-04-17 17:57:19,33,19,19,0,efit: 2,efit: 1,,,,0,0,0,0,1,,
2026-04-17 18:01:46,33,19,19,0,efit: 1,,,,,0,0,0,0,1,,
2026-04-17 18:06:47,33,19,19,0,efit: 2,efit: 1,,,,0,0,0,0,1,,
2026-04-17 18:11:48,33,19,19,0,efit: 1,,,,,0,0,0,0,1,,
2026-04-17 18:16:49,33,19,19,0,efit: 3,efit: 2,,,,0,0,0,0,1,,
2026-04-17 18:17:24,33,19,19,0,efit: 1,,,,,0,0,0,0,1,,
2026-04-17 18:32:59,33,19,19,0,efit: 2,,,,,0,0,0,0,1,,
2026-04-17 18:36:52,33,19,19,0,efit: 2,,efit: 1,,,0,0,0,0,1,,
2026-04-17 19:16:59,33,19,19,0,efit: 2,efit: 1,efit: 1,,,0,0,0,0,1,,
2026-04-17 19:22:00,33,19,19,0,"fit: 2, efit: 2","fit: 2, efit: 1",efit: 1,,,0,0,0,0,1,,
2026-04-17 19:27:01,33,19,19,0,"fit: 1, efit: 1",fit: 1,efit: 1,,,0,0,0,0,1,,
2026-04-17 19:28:10,33,19,19,0,"fit: 1, efit: 2","fit: 1, efit: 1",efit: 1,,,0,0,0,0,1,,
2026-04-17 19:32:02,33,19,19,0,"fit: 1, efit: 1",fit: 1,efit: 1,,,0,0,0,0,1,,
2026-04-17 19:32:40,33,19,19,0,efit: 1,,efit: 1,,,0,0,0,0,1,,
2026-04-17 20:02:07,33,19,19,0,efit: 2,,efit: 1,,,0,0,0,0,1,,
2026-04-17 20:12:09,33,19,19,0,efit: 3,efit: 1,efit: 1,,,0,0,0,0,1,,
2026-04-17 20:13:19,33,19,19,0,efit: 2,,efit: 1,,,0,0,0,0,1,,
2026-04-17 20:17:10,33,19,19,0,efit: 3,efit: 1,efit: 1,,,0,0,0,0,1,,
2026-04-17 20:27:11,33,19,19,0,"fit: 1, efit: 3","fit: 1, efit: 1",efit: 1,,,0,0,0,0,1,,
2026-04-17 20:32:12,33,19,19,0,"fit: 3, efit: 5","fit: 3, efit: 3",efit: 1,,,0,0,0,0,1,,
2026-04-17 20:42:55,33,19,19,0,"fit: 3, efit: 5","fit: 3, efit: 4",efit: 1,,,0,0,0,0,1,,
2026-04-17 20:52:15,33,19,19,0,"fit: 3, efit: 4","fit: 3, efit: 3",efit: 1,,,0,0,0,0,1,,
2026-04-17 20:58:28,33,19,19,0,"fit: 3, efit: 3","fit: 3, efit: 2",efit: 1,,,0,0,0,0,1,,
2026-04-17 21:03:29,33,19,19,0,"fit: 4, efit: 2","fit: 4, efit: 1",efit: 1,,,0,0,0,0,1,,
2026-04-17 21:47:24,33,19,19,0,"fit: 3, efit: 1",fit: 3,efit: 1,,,0,0,0,0,1,,
2026-04-17 22:02:27,33,19,19,0,"fit: 2, efit: 1",fit: 2,efit: 1,,,0,0,0,0,1,,
2026-04-17 22:03:11,33,19,19,0,"fit: 1, efit: 1",fit: 1,efit: 1,,,0,0,0,0,1,,
2026-04-17 22:07:27,33,19,19,0,"fit: 1, efit: 2","fit: 1, efit: 1",efit: 1,,,0,0,0,0,1,,
2026-04-17 22:17:29,33,19,19,0,efit: 1,,efit: 1,,,0,0,0,0,1,,
2026-04-17 23:53:34,33,19,19,0,efit: 2,efit: 1,efit: 1,,,0,0,0,0,1,,
2026-04-17 23:57:46,33,19,19,0,efit: 3,efit: 2,efit: 1,,,0,0,0,0,1,,
2026-04-17 23:58:35,33,19,19,0,efit: 2,efit: 1,efit: 1,,,0,0,0,0,1,,
2026-04-18 00:02:47,33,19,19,0,efit: 1,,efit: 1,,,0,0,0,0,1,,
2026-04-18 07:25:02,33,19,19,0,efit: 2,efit: 1,efit: 1,,,0,0,0,0,1,,
2026-04-18 07:38:57,33,19,19,0,efit: 3,efit: 2,efit: 1,,,0,0,0,0,1,,
2026-04-18 08:25:14,33,19,19,0,efit: 4,efit: 3,efit: 1,,,0,0,0,0,1,,
2026-04-18 08:34:05,33,19,19,0,efit: 3,efit: 2,efit: 1,,,0,0,0,0,1,,
2026-04-18 08:50:19,33,19,19,0,efit: 4,efit: 3,efit: 1,,,0,0,0,0,1,,
2026-04-18 08:59:09,33,19,19,0,efit: 3,efit: 2,efit: 1,,,0,0,0,0,1,,
2026-04-18 09:00:21,33,19,19,0,efit: 4,efit: 3,efit: 1,,,0,0,0,0,1,,
2026-04-18 09:14:12,33,19,19,0,efit: 5,efit: 4,efit: 1,,,0,0,0,0,1,,
2026-04-18 09:19:12,33,19,19,0,efit: 6,efit: 5,efit: 1,,,0,0,0,0,1,,
2026-04-18 09:39:16,33,19,19,0,efit: 7,efit: 6,efit: 1,,,0,0,0,0,1,,
2026-04-18 09:40:29,33,19,19,0,efit: 5,efit: 4,efit: 1,,,0,0,0,0,1,,
2026-04-18 09:49:17,33,19,19,0,efit: 4,efit: 3,efit: 1,,,0,0,0,0,1,,
2026-04-18 09:59:19,33,19,19,0,efit: 5,efit: 4,efit: 1,,,0,0,0,0,1,,
2026-04-18 10:09:21,33,19,19,0,efit: 7,efit: 6,efit: 1,,,0,0,0,0,1,,
2026-04-18 10:10:35,33,19,19,0,efit: 6,efit: 5,efit: 1,,,0,0,0,0,1,,
2026-04-18 10:19:22,33,19,19,0,efit: 8,efit: 7,efit: 1,,,0,0,0,0,1,,
2026-04-18 10:24:23,33,19,19,0,efit: 10,efit: 9,efit: 1,,,0,0,0,0,1,,
2026-04-18 10:29:24,33,19,19,0,efit: 11,efit: 10,efit: 1,,,0,0,0,0,1,,
2026-04-18 10:34:25,33,19,19,0,efit: 12,efit: 11,efit: 1,,,0,0,0,0,1,,
2026-04-18 11:05:47,33,19,19,0,efit: 11,efit: 10,efit: 1,,,0,0,0,0,1,,
2026-04-18 11:14:31,33,19,19,0,efit: 10,efit: 9,efit: 1,,,0,0,0,0,1,,
2026-04-18 11:15:49,33,19,19,0,efit: 11,efit: 10,efit: 1,,,0,0,0,0,1,,
2026-04-18 11:24:33,33,19,19,0,efit: 14,efit: 13,efit: 1,,,0,0,0,0,1,,
2026-04-18 11:34:34,33,19,19,0,efit: 13,efit: 12,efit: 1,,,0,0,0,0,1,,
2026-04-18 11:35:53,33,19,19,0,efit: 11,efit: 10,efit: 1,,,0,0,0,0,1,,
2026-04-18 11:44:36,33,19,19,0,efit: 12,efit: 11,efit: 1,,,0,0,0,0,1,,
2026-04-18 11:45:55,33,19,19,0,efit: 11,efit: 10,efit: 1,,,0,0,0,0,1,,
2026-04-18 11:49:37,33,19,19,0,efit: 10,efit: 9,efit: 1,,,0,0,0,0,1,,
2026-04-18 11:54:38,33,19,19,0,efit: 8,efit: 7,efit: 1,,,0,0,0,0,1,,
2026-04-18 11:59:39,33,19,19,0,efit: 10,efit: 9,efit: 1,,,0,0,0,0,1,,
2026-04-18 12:04:40,33,19,19,0,efit: 11,efit: 10,efit: 1,,,0,0,0,0,1,,
2026-04-18 12:19:42,33,19,19,0,efit: 12,efit: 11,efit: 1,,,0,0,0,0,1,,
2026-04-18 12:39:45,33,19,19,0,efit: 12,efit: 10,efit: 1,,,0,0,0,0,1,,
2026-04-18 12:46:10,33,19,19,0,efit: 11,efit: 9,efit: 1,,,0,0,0,0,1,,
2026-04-18 12:49:47,33,19,19,0,efit: 12,efit: 10,efit: 1,,,0,0,0,0,1,,
2026-04-18 12:54:48,33,19,19,0,efit: 13,efit: 11,efit: 1,,,0,0,0,0,1,,
2026-04-18 13:04:49,33,19,19,0,efit: 11,efit: 9,efit: 1,,,0,0,0,0,1,,
2026-04-18 13:09:50,33,19,19,0,efit: 12,efit: 10,efit: 1,,,0,0,0,0,1,,
2026-04-18 13:26:19,33,19,19,0,efit: 12,efit: 11,efit: 1,,,0,0,0,0,1,,
2026-04-18 13:44:56,33,19,19,0,efit: 13,efit: 12,efit: 1,,,0,0,0,0,1,,
2026-04-18 13:51:34,33,19,19,0,efit: 14,efit: 13,efit: 1,,,0,0,0,0,1,,
2026-04-18 13:59:58,33,19,19,0,efit: 13,efit: 12,efit: 1,,,0,0,0,0,1,,
2026-04-18 14:04:59,33,19,19,0,efit: 12,efit: 11,efit: 1,,,0,0,0,0,1,,
2026-04-18 14:06:27,33,19,19,0,efit: 11,efit: 10,efit: 1,,,0,0,0,0,1,,
2026-04-18 14:11:28,33,19,19,0,efit: 10,efit: 9,efit: 1,,,0,0,0,0,1,,
2026-04-18 14:15:01,33,19,19,0,efit: 8,efit: 7,efit: 1,,,0,0,0,0,1,,
2026-04-18 14:20:02,33,19,19,0,efit: 7,efit: 6,efit: 1,,,0,0,0,0,1,,
2026-04-18 14:21:30,33,19,19,0,efit: 10,efit: 9,efit: 1,,,0,0,0,0,1,,
2026-04-18 14:26:31,33,19,19,0,efit: 9,efit: 8,efit: 1,,,0,0,0,0,1,,
2026-04-18 14:26:40,33,19,19,0,efit: 10,efit: 9,efit: 1,,,0,0,0,0,1,,
2026-04-18 14:36:33,33,19,19,0,efit: 9,efit: 8,efit: 1,,,0,0,0,0,1,,
2026-04-18 14:40:05,33,19,19,0,efit: 8,efit: 7,efit: 1,,,0,0,0,0,1,,
2026-04-18 14:50:07,33,19,19,0,efit: 7,efit: 6,efit: 1,,,0,0,0,0,1,,
2026-04-18 14:56:37,33,19,19,0,"fit: 2, efit: 7","fit: 2, efit: 6",efit: 1,,,0,0,0,0,1,,
2026-04-18 15:00:08,33,19,19,0,"fit: 2, efit: 6","fit: 2, efit: 5",efit: 1,,,0,0,0,0,1,,
2026-04-18 15:01:38,33,19,19,0,"fit: 2, efit: 5","fit: 2, efit: 4",efit: 1,,,0,0,0,0,1,,
2026-04-18 15:06:39,33,19,19,0,"fit: 1, efit: 5","fit: 1, efit: 4",efit: 1,,,0,0,0,0,1,,
2026-04-18 15:15:11,33,19,19,0,"fit: 1, efit: 4","fit: 1, efit: 3",efit: 1,,,0,0,0,0,1,,
2026-04-18 15:16:41,33,19,19,0,"fit: 1, efit: 5","fit: 1, efit: 4",efit: 1,,,0,0,0,0,1,,
2026-04-18 15:26:43,33,19,19,0,"fit: 1, efit: 6","fit: 1, efit: 5",efit: 1,,,0,0,0,0,1,,
2026-04-18 15:30:13,33,19,19,0,"fit: 1, efit: 3","fit: 1, efit: 2",efit: 1,,,0,0,0,0,1,,
2026-04-18 15:35:14,33,19,19,0,"fit: 1, efit: 2","fit: 1, efit: 1",efit: 1,,,0,0,0,0,1,,
2026-04-18 15:41:55,33,19,19,0,"fit: 1, efit: 1",fit: 1,efit: 1,,,0,0,0,0,1,,
2026-04-18 15:50:17,33,19,19,0,"fit: 1, efit: 2","fit: 1, efit: 1",efit: 1,,,0,0,0,0,1,,
2026-04-18 15:51:49,33,19,19,0,"fit: 1, efit: 3","fit: 1, efit: 2",efit: 1,,,0,0,0,0,1,,
2026-04-18 16:05:19,33,19,19,0,"fit: 1, efit: 2","fit: 1, efit: 1",efit: 1,,,0,0,0,0,1,,
2026-04-18 16:10:20,33,19,19,0,"fit: 2, efit: 1",fit: 2,efit: 1,,,0,0,0,0,1,,
2026-04-18 16:16:54,33,19,19,0,"fit: 2, efit: 3","fit: 2, efit: 2",efit: 1,,,0,0,0,0,1,,
2026-04-18 16:20:21,33,19,19,0,"fit: 3, efit: 3","fit: 3, efit: 2",efit: 1,,,0,0,0,0,1,,
2026-04-18 16:26:56,33,19,19,0,"fit: 3, efit: 2","fit: 3, efit: 1",efit: 1,,,0,0,0,0,1,,
2026-04-18 16:36:58,33,19,19,0,"fit: 3, efit: 4","fit: 3, efit: 3",efit: 1,,,0,0,0,0,1,,
2026-04-18 16:40:25,33,19,19,0,"fit: 3, efit: 2","fit: 3, efit: 1",efit: 1,,,0,0,0,0,1,,
2026-04-18 16:45:26,33,19,19,0,"fit: 3, efit: 1",fit: 3,efit: 1,,,0,0,0,0,1,,
2026-04-18 17:25:32,33,19,19,0,"fit: 3, efit: 2","fit: 3, efit: 1",efit: 1,,,0,0,0,0,1,,
2026-04-18 17:50:36,33,19,19,0,"fit: 3, efit: 1",fit: 3,efit: 1,,,0,0,0,0,1,,
2026-04-18 18:35:43,33,19,19,0,"fit: 1, efit: 1",fit: 1,efit: 1,,,0,0,0,0,1,,
2026-04-18 19:27:33,33,19,19,0,"fit: 1, efit: 2","fit: 1, efit: 1",efit: 1,,,0,0,0,0,1,,
2026-04-18 20:02:40,33,19,19,0,"fit: 2, efit: 2","fit: 2, efit: 1",efit: 1,,,0,0,0,0,1,,
2026-04-18 20:05:57,33,19,19,0,"fit: 2, efit: 1",fit: 2,efit: 1,,,0,0,0,0,1,,
2026-04-18 20:56:05,33,19,19,0,"fit: 1, efit: 1",fit: 1,efit: 1,,,0,0,0,0,1,,
2026-04-18 23:26:29,33,19,19,0,efit: 1,,efit: 1,,,0,0,0,0,1,,
2026-04-19 00:01:35,33,19,19,0,efit: 1,,efit: 1,,,0,0,0,0,1,,
2026-04-19 00:41:41,33,19,19,0,efit: 2,efit: 1,efit: 1,,,0,0,0,0,1,,
2026-04-19 03:18:56,33,19,19,0,efit: 1,,efit: 1,,,0,0,0,0,1,,
2026-04-19 08:17:51,33,19,19,0,efit: 2,efit: 1,efit: 1,,,0,0,0,0,1,,
2026-04-19 10:53:15,33,19,19,0,"fit: 1, efit: 2","fit: 1, efit: 1",efit: 1,,,0,0,0,0,1,,
2026-04-19 11:33:21,33,19,19,0,"fit: 1, efit: 3","fit: 1, efit: 2",efit: 1,,,0,0,0,0,1,,
2026-04-19 11:48:24,33,19,19,0,"fit: 1, efit: 4","fit: 1, efit: 3",efit: 1,,,0,0,0,0,1,,
2026-04-19 11:55:30,33,19,19,0,"fit: 1, efit: 5","fit: 1, efit: 4",efit: 1,,,0,0,0,0,1,,
2026-04-19 11:58:25,33,19,19,0,"fit: 2, efit: 5","fit: 2, efit: 4",efit: 1,,,0,0,0,0,1,,
2026-04-19 12:50:41,33,19,19,0,"fit: 3, efit: 5","fit: 3, efit: 4",efit: 1,,,0,0,0,0,1,,
2026-04-19 13:03:36,33,19,19,0,"fit: 3, efit: 6","fit: 3, efit: 5",efit: 1,,,0,0,0,0,1,,
2026-04-19 13:10:45,33,19,19,0,"fit: 4, efit: 6","fit: 4, efit: 5",efit: 1,,,0,0,0,0,1,,
2026-04-19 13:55:53,33,19,19,0,"fit: 4, efit: 7","fit: 4, efit: 6",efit: 1,,,0,0,0,0,1,,
2026-04-19 13:58:45,33,19,19,0,"fit: 4, efit: 8","fit: 4, efit: 7",efit: 1,,,0,0,0,0,1,,
2026-04-19 14:06:09,33,19,19,0,"fit: 5, efit: 8","fit: 5, efit: 7",efit: 1,,,0,0,0,0,1,,
2026-04-19 14:08:46,33,19,19,0,"fit: 5, efit: 7","fit: 5, efit: 6",efit: 1,,,0,0,0,0,1,,
2026-04-19 14:23:49,33,19,19,0,"fit: 6, efit: 7","fit: 6, efit: 6",efit: 1,,,0,0,0,0,1,,
2026-04-19 14:25:59,33,19,19,0,"fit: 6, efit: 6","fit: 6, efit: 5",efit: 1,,,0,0,0,0,1,,
2026-04-19 14:33:50,33,19,19,0,"fit: 7, efit: 6","fit: 7, efit: 5",efit: 1,,,0,0,0,0,1,,
2026-04-19 14:41:16,33,19,19,0,"fit: 7, efit: 7","fit: 7, efit: 6",efit: 1,,,0,0,0,0,1,,
2026-04-19 15:01:06,33,19,19,0,"fit: 7, efit: 6","fit: 7, efit: 5",efit: 1,,,0,0,0,0,1,,
2026-04-19 15:08:56,33,19,19,0,"fit: 7, efit: 5","fit: 7, efit: 4",efit: 1,,,0,0,0,0,1,,
2026-04-19 15:26:11,33,19,19,0,"fit: 7, efit: 4","fit: 7, efit: 3",efit: 1,,,0,0,0,0,1,,
2026-04-19 15:39:01,33,19,19,0,"fit: 7, efit: 5","fit: 7, efit: 4",efit: 1,,,0,0,0,0,1,,
2026-04-19 15:44:02,33,19,19,0,"fit: 7, efit: 4","fit: 7, efit: 3",efit: 1,,,0,0,0,0,1,,
2026-04-19 15:54:03,33,19,19,0,"fit: 8, efit: 3","fit: 8, efit: 2",efit: 1,,,0,0,0,0,1,,
2026-04-19 16:04:05,33,19,19,0,"fit: 8, efit: 2","fit: 8, efit: 1",efit: 1,,,0,0,0,0,1,,
2026-04-19 16:09:06,33,19,19,0,"fit: 8, efit: 3","fit: 8, efit: 2",efit: 1,,,0,0,0,0,1,,
2026-04-19 16:16:20,33,19,19,0,"fit: 8, efit: 2","fit: 8, efit: 1",efit: 1,,,0,0,0,0,1,,
2026-04-19 16:31:23,33,19,19,0,"fit: 8, efit: 1",fit: 8,efit: 1,,,0,0,0,0,1,,
2026-04-19 16:34:09,33,19,19,0,"fit: 6, efit: 1",fit: 6,efit: 1,,,0,0,0,0,1,,
2026-04-19 17:04:14,33,19,19,0,"fit: 7, efit: 1",fit: 7,efit: 1,,,0,0,0,0,1,,
2026-04-19 17:19:17,33,19,19,0,"fit: 6, efit: 1",fit: 6,efit: 1,,,0,0,0,0,1,,
2026-04-19 17:44:21,33,19,19,0,"fit: 5, efit: 1",fit: 5,efit: 1,,,0,0,0,0,1,,
2026-04-19 17:49:21,33,19,19,0,"fit: 6, efit: 1",fit: 6,efit: 1,,,0,0,0,0,1,,
2026-04-19 17:54:22,33,19,19,0,"fit: 5, efit: 1",fit: 5,efit: 1,,,0,0,0,0,1,,
2026-04-19 18:56:51,33,19,19,0,"fit: 5, efit: 3","fit: 5, efit: 2",efit: 1,,,0,0,0,0,1,,
2026-04-19 19:04:34,33,19,19,0,"fit: 5, efit: 1",fit: 5,,,,0,0,0,0,1,,
2026-04-19 19:06:52,33,19,19,0,"fit: 4, efit: 1",fit: 4,,,,0,0,0,0,1,,
2026-04-19 19:44:40,33,19,19,0,"fit: 3, efit: 1",fit: 3,,,,0,0,0,0,1,,
2026-04-19 20:17:24,33,19,19,0,"fit: 3, efit: 2","fit: 3, efit: 1",,,,0,0,0,0,1,,
2026-04-19 20:22:07,33,19,19,0,"fit: 3, efit: 3","fit: 3, efit: 2",,,,0,0,0,0,1,,
2026-04-19 20:54:51,33,19,19,0,"fit: 3, efit: 2","fit: 3, efit: 1",,,,0,0,0,0,1,,
2026-04-19 21:22:18,33,19,19,0,"fit: 4, efit: 1",fit: 4,,,,0,0,0,0,1,,
2026-04-19 22:00:02,33,19,19,0,"fit: 4, efit: 1",fit: 4,efit: 1,,,0,0,0,0,1,,
2026-04-19 22:02:25,33,19,19,0,"fit: 4, efit: 1",fit: 4,,,,0,0,0,0,1,,
2026-04-19 22:42:32,33,19,19,0,"fit: 3, efit: 1",fit: 3,,,,0,0,0,0,1,,
2026-04-19 23:15:13,33,19,19,0,"fit: 2, efit: 1",fit: 2,,,,0,0,0,0,1,,
2026-04-19 23:17:39,33,19,19,0,"fit: 1, efit: 1",fit: 1,,,,0,0,0,0,1,,
2026-04-19 23:20:14,33,19,19,0,"fit: 1, efit: 1","fit: 1, efit: 1",,,,0,0,0,0,1,,
2026-04-19 23:50:19,33,19,19,0,fit: 1,fit: 1,,,,0,0,0,0,1,,
2026-04-19 23:52:45,33,19,19,0,,,,,,0,0,0,0,1,,
2026-04-20 00:00:20,33,19,19,0,,,,,,0,0,0,0,1,,
2026-04-20 01:02:58,33,19,19,0,efit: 1,efit: 1,,,,0,0,0,0,1,,
2026-04-20 01:30:34,33,19,19,0,,,,,,0,0,0,0,1,,
2026-04-20 06:41:22,33,19,19,0,efit: 1,efit: 1,,,,0,0,0,0,1,,
2026-04-20 07:51:33,33,19,19,0,,,,,,0,0,0,0,1,,
2026-04-20 08:14:18,33,19,19,0,efit: 1,efit: 1,,,,0,0,0,0,1,,
2026-04-20 08:39:22,33,19,19,0,efit: 2,efit: 2,,,,0,0,0,0,1,,
2026-04-20 08:54:25,33,19,19,0,efit: 3,efit: 3,,,,0,0,0,0,1,,
2026-04-20 09:01:44,33,19,19,0,"fit: 1, efit: 3","fit: 1, efit: 3",,,,0,0,0,0,1,,
2026-04-20 09:14:29,33,19,19,0,"fit: 2, efit: 3","fit: 2, efit: 3",,,,0,0,0,0,1,,
2026-04-20 09:15:05,33,19,19,0,"fit: 2, efit: 4","fit: 2, efit: 4",,,,0,0,0,0,1,,
2026-04-20 09:24:31,33,19,19,0,"fit: 2, efit: 3","fit: 2, efit: 3",,,,0,0,0,0,1,,
2026-04-20 09:56:53,33,19,19,0,"fit: 2, efit: 4","fit: 2, efit: 4",,,,0,0,0,0,1,,
2026-04-20 09:59:37,33,19,19,0,"fit: 3, efit: 4","fit: 3, efit: 4",,,,0,0,0,0,1,,
2026-04-20 10:09:39,33,19,19,0,"fit: 4, efit: 4","fit: 4, efit: 4",,,,0,0,0,0,1,,
2026-04-20 10:39:49,33,19,19,0,"fit: 4, efit: 5","fit: 4, efit: 5",,,,0,0,0,0,1,,
2026-04-20 10:55:27,33,19,19,0,"fit: 4, efit: 6","fit: 4, efit: 6",,,,0,0,0,0,1,,
2026-04-20 11:05:30,33,19,19,0,"fit: 4, efit: 7","fit: 4, efit: 7",,,,0,0,0,0,1,,
2026-04-20 11:45:02,33,19,19,0,"fit: 4, efit: 8","fit: 4, efit: 8",,,,0,0,0,0,1,,
2026-04-20 11:50:02,33,19,19,0,"fit: 4, efit: 10","fit: 4, efit: 10",,,,0,0,0,0,1,,
2026-04-20 11:50:39,33,19,19,0,"fit: 4, efit: 11","fit: 4, efit: 11",,,,0,0,0,0,1,,
2026-04-20 11:55:04,33,19,19,0,"fit: 4, efit: 12","fit: 4, efit: 12",,,,0,0,0,0,1,,
2026-04-20 12:07:16,33,19,19,0,"fit: 4, efit: 10","fit: 4, efit: 10",,,,0,0,0,0,1,,
2026-04-20 12:25:09,33,19,19,0,"fit: 4, efit: 8","fit: 4, efit: 8",,,,0,0,0,0,1,,
2026-04-20 12:35:48,33,19,19,0,"fit: 4, efit: 7","fit: 4, efit: 7",,,,0,0,0,0,1,,
2026-04-20 12:37:20,33,19,19,0,"fit: 4, efit: 8","fit: 4, efit: 8",,,,0,0,0,0,1,,
2026-04-20 12:55:15,33,19,19,0,"fit: 4, efit: 7","fit: 4, efit: 7",,,,0,0,0,0,1,,
2026-04-20 12:57:24,33,19,19,0,"fit: 4, efit: 8","fit: 4, efit: 8",,,,0,0,0,0,1,,
2026-04-20 13:00:16,33,19,19,0,"fit: 5, efit: 7","fit: 5, efit: 7",,,,0,0,0,0,1,,
2026-04-20 13:02:25,33,19,19,0,"fit: 5, efit: 8","fit: 5, efit: 8",,,,0,0,0,0,1,,
2026-04-20 13:05:17,33,19,19,0,"fit: 5, efit: 9","fit: 5, efit: 9",,,,0,0,0,0,1,,
2026-04-20 13:30:22,33,19,19,0,"fit: 5, efit: 10","fit: 5, efit: 10",,,,0,0,0,0,1,,
2026-04-20 13:32:29,33,19,19,0,"fit: 5, efit: 11","fit: 5, efit: 11",,,,0,0,0,0,1,,
2026-04-20 13:45:25,33,19,19,0,"fit: 5, efit: 10","fit: 5, efit: 10",,,,0,0,0,0,1,,
2026-04-20 13:50:26,33,19,19,0,"fit: 5, efit: 9","fit: 5, efit: 9",,,,0,0,0,0,1,,
2026-04-20 14:07:35,33,19,19,0,"fit: 5, efit: 10","fit: 5, efit: 10",,,,0,0,0,0,1,,
2026-04-20 14:15:31,33,19,19,0,"fit: 5, efit: 8","fit: 5, efit: 8",,,,0,0,0,0,1,,
2026-04-20 14:20:32,33,19,19,0,"fit: 5, efit: 9","fit: 5, efit: 9",,,,0,0,0,0,1,,
2026-04-20 14:22:37,33,19,19,0,"fit: 5, efit: 8","fit: 5, efit: 8",,,,0,0,0,0,1,,
2026-04-20 14:25:33,33,19,19,0,"fit: 5, efit: 7","fit: 5, efit: 7",,,,0,0,0,0,1,,
2026-04-20 14:26:12,33,19,19,0,"fit: 5, efit: 6","fit: 5, efit: 6",,,,0,0,0,0,1,,
2026-04-20 14:32:39,33,19,19,0,"fit: 5, efit: 5","fit: 5, efit: 5",,,,0,0,0,0,1,,
2026-04-20 14:36:14,33,19,19,0,"fit: 5, efit: 4","fit: 5, efit: 4",,,,0,0,0,0,1,,
2026-04-20 14:46:16,33,19,19,0,"fit: 5, efit: 5","fit: 5, efit: 5",,,,0,0,0,0,1,,
2026-04-20 14:55:38,33,19,19,0,"fit: 5, efit: 6","fit: 5, efit: 6",,,,0,0,0,0,1,,
2026-04-20 15:00:39,33,19,19,0,"fit: 5, efit: 7","fit: 5, efit: 7",,,,0,0,0,0,1,,
2026-04-20 15:02:44,33,19,19,0,"fit: 5, efit: 6","fit: 5, efit: 6",,,,0,0,0,0,1,,
2026-04-20 15:10:41,33,19,19,0,"fit: 5, efit: 7","fit: 5, efit: 7",,,,0,0,0,0,1,,
2026-04-20 15:15:42,33,19,19,0,"fit: 4, efit: 7","fit: 4, efit: 7",,,,0,0,0,0,1,,
2026-04-20 15:17:47,33,19,19,0,"fit: 5, efit: 7","fit: 5, efit: 7",,,,0,0,0,0,1,,
2026-04-20 15:20:43,33,19,19,0,"fit: 6, efit: 6","fit: 6, efit: 6",,,,0,0,0,0,1,,
2026-04-20 15:25:44,33,19,19,0,"fit: 6, efit: 5","fit: 6, efit: 5",,,,0,0,0,0,1,,
2026-04-20 15:26:24,33,19,19,0,"fit: 7, efit: 5","fit: 7, efit: 5",,,,0,0,0,0,1,,
2026-04-20 15:37:50,33,19,19,0,"fit: 7, efit: 4","fit: 7, efit: 4",,,,0,0,0,0,1,,
2026-04-20 15:40:47,33,19,19,0,"fit: 7, efit: 5","fit: 7, efit: 5",,,,0,0,0,0,1,,
2026-04-20 15:47:52,33,19,19,0,"fit: 7, efit: 4","fit: 7, efit: 4",,,,0,0,0,0,1,,
2026-04-20 16:01:31,33,19,19,0,"fit: 7, efit: 3","fit: 7, efit: 3",,,,0,0,0,0,1,,
2026-04-20 16:12:56,33,19,19,0,"fit: 7, efit: 4","fit: 7, efit: 4",,,,0,0,0,0,1,,
2026-04-20 16:15:54,33,19,19,0,"fit: 8, efit: 5","fit: 8, efit: 5",,,,0,0,0,0,1,,
2026-04-20 16:20:55,33,19,19,0,"fit: 8, efit: 4","fit: 8, efit: 4",,,,0,0,0,0,1,,
2026-04-20 16:25:56,33,19,19,0,"fit: 8, efit: 5","fit: 8, efit: 4",,,,0,0,0,0,1,,
2026-04-20 16:27:58,33,19,19,0,"fit: 8, efit: 4","fit: 8, efit: 3",,,,0,0,0,0,1,,
2026-04-20 16:30:57,33,19,19,0,"fit: 8, efit: 1",fit: 8,,,,0,0,0,0,1,,
2026-04-20 16:46:00,33,19,19,0,"fit: 8, efit: 2","fit: 8, efit: 1",,,,0,0,0,0,1,,
2026-04-20 16:51:01,33,19,19,0,"fit: 8, efit: 1",fit: 8,,,,0,0,0,0,1,,
2026-04-20 16:53:03,33,19,19,0,"fit: 8, efit: 3","fit: 8, efit: 1",,,,0,0,0,0,1,,
2026-04-20 16:56:43,33,19,19,0,"fit: 8, efit: 2",fit: 8,,,,0,0,0,0,1,,
2026-04-20 16:58:03,33,19,19,0,"fit: 8, efit: 3","fit: 8, efit: 1",,,,0,0,0,0,1,,
2026-04-20 17:01:03,33,19,19,0,"fit: 7, efit: 3","fit: 7, efit: 1",,,,0,0,0,0,1,,
2026-04-20 17:03:04,33,19,19,0,"fit: 7, efit: 2",fit: 7,,,,0,0,0,0,1,,
2026-04-20 17:06:04,33,19,19,0,"fit: 6, efit: 2",fit: 6,,,,0,0,0,0,1,,
2026-04-20 17:11:05,33,19,19,0,"fit: 6, efit: 4","fit: 6, efit: 1",,,,0,0,0,0,1,,
2026-04-20 17:21:07,33,19,19,0,"fit: 6, efit: 3",fit: 6,,,,0,0,0,0,1,,
2026-04-20 17:26:08,33,19,19,0,"fit: 5, efit: 3",fit: 5,,,,0,0,0,0,1,,
2026-04-20 17:28:09,33,19,19,0,"fit: 5, efit: 5",fit: 5,,,,0,0,0,0,1,,
2026-04-20 17:31:09,33,19,19,0,"fit: 5, efit: 6",fit: 5,,,,0,0,0,0,1,,
2026-04-20 17:31:51,33,19,19,0,"fit: 5, efit: 6","fit: 5, efit: 1",,,,0,0,0,0,1,,
2026-04-20 17:38:10,33,19,19,0,"fit: 6, efit: 5",fit: 6,,,,0,0,0,0,1,,
2026-04-20 17:46:54,33,19,19,0,"fit: 5, efit: 5",fit: 5,,,,0,0,0,0,1,,
2026-04-20 17:56:13,33,19,19,0,"fit: 6, efit: 5",fit: 6,,,,0,0,0,0,1,,
2026-04-20 17:58:14,33,19,19,0,"fit: 6, efit: 6","fit: 6, efit: 1",,,,0,0,0,0,1,,
2026-04-20 18:03:14,33,19,19,0,"fit: 6, efit: 5",fit: 6,,,,0,0,0,0,1,,
2026-04-20 18:06:15,33,19,19,0,"fit: 5, efit: 5",fit: 5,,,,0,0,0,0,1,,
2026-04-20 18:11:16,33,19,19,0,"fit: 5, efit: 5","fit: 5, efit: 1",,,,0,0,0,0,1,,
2026-04-20 18:16:17,33,19,19,0,"fit: 6, efit: 5","fit: 6, efit: 1",,,,0,0,0,0,1,,
2026-04-20 18:17:00,33,19,19,0,"fit: 5, efit: 5","fit: 5, efit: 1",,,,0,0,0,0,1,,
2026-04-20 18:18:17,33,19,19,0,"fit: 5, efit: 6","fit: 5, efit: 2",,,,0,0,0,0,1,,
2026-04-20 18:21:18,33,19,19,0,"fit: 5, efit: 4","fit: 5, efit: 1",,,,0,0,0,0,1,,
2026-04-20 18:26:19,33,19,19,0,"fit: 5, efit: 3",fit: 5,,,,0,0,0,0,1,,
2026-04-20 18:31:20,33,19,19,0,"fit: 4, efit: 3",fit: 4,,,,0,0,0,0,1,,
2026-04-20 18:38:20,33,19,19,0,"fit: 3, efit: 3",fit: 3,,,,0,0,0,0,1,,
2026-04-20 18:41:22,33,19,19,0,"fit: 3, efit: 3","fit: 3, efit: 1",,,,0,0,0,0,1,,
2026-04-20 18:48:22,33,19,19,0,"fit: 3, efit: 2",fit: 3,,,,0,0,0,0,1,,
2026-04-20 18:56:25,33,19,19,0,"fit: 2, efit: 2",fit: 2,,,,0,0,0,0,1,,
2026-04-20 19:13:26,33,19,19,0,"fit: 4, efit: 2",fit: 4,,,,0,0,0,0,1,,
2026-04-20 19:16:29,33,19,19,0,"fit: 3, efit: 2",fit: 3,,,,0,0,0,0,1,,
2026-04-20 19:56:36,33,19,19,0,"fit: 2, efit: 2",fit: 2,,,,0,0,0,0,1,,
2026-04-20 20:22:26,33,19,19,0,"fit: 1, efit: 2",fit: 1,,,,0,0,0,0,1,,
2026-04-20 20:56:47,33,19,19,0,efit: 2,,,,,0,0,0,0,1,,
2026-04-20 22:32:05,33,19,19,0,efit: 3,efit: 1,,,,0,0,0,0,1,,
2026-04-20 22:54:01,33,19,19,0,efit: 2,,,,,0,0,0,0,1,,
2026-04-21 00:02:22,33,19,19,0,efit: 2,,,,,0,0,0,0,1,,
2026-04-21 06:43:35,33,19,19,0,efit: 3,efit: 1,,,,0,0,0,0,1,,
2026-04-21 08:29:52,33,19,19,0,"fit: 1, efit: 3","fit: 1, efit: 1",,,,0,0,0,0,1,,
2026-04-21 09:04:02,33,19,19,0,"fit: 1, efit: 5","fit: 1, efit: 1",,,,0,0,0,0,1,,
2026-04-21 09:04:59,33,19,19,0,"fit: 1, efit: 6","fit: 1, efit: 2",,,,0,0,0,0,1,,
2026-04-21 09:14:04,33,19,19,0,"fit: 1, efit: 5","fit: 1, efit: 1",,,,0,0,0,0,1,,
2026-04-21 09:20:40,33,19,19,0,"fit: 1, efit: 4",fit: 1,,,,0,0,0,0,1,,
2026-04-21 09:24:06,33,19,19,0,"fit: 2, efit: 4",fit: 2,,,,0,0,0,0,1,,
2026-04-21 09:34:08,33,19,19,0,"fit: 2, efit: 4","fit: 2, efit: 1",,,,0,0,0,0,1,,
2026-04-21 09:49:10,33,19,19,0,"fit: 2, efit: 5","fit: 2, efit: 2",,,,0,0,0,0,1,,
2026-04-21 09:59:12,33,19,19,0,"fit: 2, efit: 6","fit: 2, efit: 3",,,,0,0,0,0,1,,
2026-04-21 10:04:13,33,19,19,0,"fit: 2, efit: 6","fit: 2, efit: 4",,,,0,0,0,0,1,,
2026-04-21 10:09:14,33,19,19,0,"fit: 3, efit: 6","fit: 3, efit: 4",,,,0,0,0,0,1,,
2026-04-21 10:10:13,33,19,19,0,"fit: 3, efit: 7","fit: 3, efit: 5",,,,0,0,0,0,1,,
2026-04-21 10:14:15,33,19,19,0,"fit: 3, efit: 6","fit: 3, efit: 4",efit: 1,,,0,0,0,0,1,,
2026-04-21 10:24:17,33,19,19,0,"fit: 3, efit: 7","fit: 3, efit: 5",efit: 1,,,0,0,0,0,1,,
2026-04-21 10:39:20,33,19,19,0,"fit: 3, efit: 8","fit: 3, efit: 6",efit: 1,,,0,0,0,0,1,,
2026-04-21 10:40:19,33,19,19,0,"fit: 3, efit: 6","fit: 3, efit: 4",efit: 1,,,0,0,0,0,1,,
2026-04-21 10:50:21,33,19,19,0,"fit: 3, efit: 5","fit: 3, efit: 3",efit: 1,,,0,0,0,0,1,,
2026-04-21 10:54:23,33,19,19,0,"fit: 4, efit: 4","fit: 4, efit: 2",,,,0,0,0,0,1,,
2026-04-21 10:55:22,33,19,19,0,"fit: 4, efit: 5","fit: 4, efit: 3",,,,0,0,0,0,1,,
2026-04-21 10:59:24,33,19,19,0,"fit: 4, efit: 7","fit: 4, efit: 5",,,,0,0,0,0,1,,
2026-04-21 11:24:29,33,19,19,0,"fit: 4, efit: 6","fit: 4, efit: 4",,,,0,0,0,0,1,,
2026-04-21 11:59:35,33,19,19,0,"fit: 4, efit: 7","fit: 4, efit: 5",,,,0,0,0,0,1,,
2026-04-21 12:05:37,33,19,19,0,"fit: 4, efit: 7","fit: 4, efit: 6",,,,0,0,0,0,1,,
2026-04-21 12:20:40,33,19,19,0,"fit: 4, efit: 6","fit: 4, efit: 5",,,,0,0,0,0,1,,
2026-04-21 12:24:40,33,19,19,0,"fit: 4, efit: 4","fit: 4, efit: 3",,,,0,0,0,0,1,,
2026-04-21 12:29:41,33,19,19,0,"fit: 4, efit: 4","fit: 4, efit: 3",efit: 1,,,0,0,0,0,1,,
2026-04-21 12:31:11,33,19,19,0,"fit: 4, efit: 3","fit: 4, efit: 2",efit: 1,,,0,0,0,0,1,,
2026-04-21 12:39:43,33,19,19,0,"fit: 4, efit: 4","fit: 4, efit: 3",efit: 1,,,0,0,0,0,1,,
2026-04-21 12:49:45,33,19,19,0,"fit: 4, efit: 3","fit: 4, efit: 2",efit: 1,,,0,0,0,0,1,,
2026-04-21 12:56:15,33,19,19,0,"fit: 4, efit: 4","fit: 4, efit: 2",efit: 1,,,0,0,0,0,1,,
2026-04-21 12:59:47,33,19,19,0,"fit: 4, efit: 5","fit: 4, efit: 3",efit: 1,,,0,0,0,0,1,,
2026-04-21 13:00:48,33,19,19,0,"fit: 4, efit: 7","fit: 4, efit: 5",,,,0,0,0,0,1,,
2026-04-21 13:04:48,33,19,19,0,"fit: 4, efit: 7","fit: 4, efit: 5",efit: 1,,,0,0,0,0,1,,
2026-04-21 13:06:17,33,19,19,0,"fit: 4, efit: 7","fit: 4, efit: 5",,,,0,0,0,0,1,,
2026-04-21 13:09:49,33,19,19,0,"fit: 4, efit: 7","fit: 4, efit: 5",efit: 1,,,0,0,0,0,1,,
2026-04-21 13:10:50,33,19,19,0,"fit: 4, efit: 7","fit: 4, efit: 5",,,,0,0,0,0,1,,
2026-04-21 13:14:50,33,19,19,0,"fit: 4, efit: 7","fit: 4, efit: 5",efit: 1,,,0,0,0,0,1,,
2026-04-21 13:15:51,33,19,19,0,"fit: 4, efit: 7","fit: 4, efit: 5",,,,0,0,0,0,1,,
2026-04-21 13:19:51,33,19,19,0,"fit: 4, efit: 6","fit: 4, efit: 4",,,,0,0,0,0,1,,
2026-04-21 13:29:53,33,19,19,0,"fit: 5, efit: 5","fit: 5, efit: 3",,,,0,0,0,0,1,,
2026-04-21 13:34:54,33,19,19,0,"fit: 5, efit: 4","fit: 5, efit: 3",,,,0,0,0,0,1,,
2026-04-21 13:39:55,33,19,19,0,"fit: 6, efit: 3","fit: 6, efit: 2",,,,0,0,0,0,1,,
2026-04-21 13:51:24,33,19,19,0,"fit: 6, efit: 4","fit: 6, efit: 3",,,,0,0,0,0,1,,
2026-04-21 13:54:57,33,19,19,0,"fit: 7, efit: 3","fit: 7, efit: 2",,,,0,0,0,0,1,,
2026-04-21 13:59:58,33,19,19,0,"fit: 7, efit: 2","fit: 7, efit: 1",,,,0,0,0,0,1,,
2026-04-21 14:04:59,33,19,19,0,"fit: 7, efit: 3","fit: 7, efit: 2",,,,0,0,0,0,1,,
2026-04-21 14:16:28,33,19,19,0,"fit: 8, efit: 3","fit: 8, efit: 2",,,,0,0,0,0,1,,
2026-04-21 14:25:04,33,19,19,0,"fit: 8, efit: 2","fit: 8, efit: 1",,,,0,0,0,0,1,,
2026-04-21 14:26:07,33,19,19,0,"fit: 8, efit: 1",fit: 8,,,,0,0,0,0,1,,
2026-04-21 14:30:05,33,19,19,0,"fit: 9, efit: 1",fit: 9,,,,0,0,0,0,1,,
2026-04-21 14:50:09,33,19,19,0,"fit: 8, efit: 1",fit: 8,,,,0,0,0,0,1,,
2026-04-21 15:05:12,33,19,19,0,"fit: 7, efit: 1",fit: 7,,,,0,0,0,0,1,,
2026-04-21 15:16:38,33,19,19,0,"fit: 6, efit: 1",fit: 6,,,,0,0,0,0,1,,
2026-04-21 15:20:15,33,19,19,0,"fit: 6, efit: 2","fit: 6, efit: 1",,,,0,0,0,0,1,,
2026-04-21 15:21:18,33,19,19,0,"fit: 6, efit: 1",fit: 6,,,,0,0,0,0,1,,
2026-04-21 15:31:20,33,19,19,0,"fit: 5, efit: 1",fit: 5,,,,0,0,0,0,1,,
2026-04-21 15:35:18,33,19,19,0,"fit: 5, efit: 3","fit: 5, efit: 2",,,,0,0,0,0,1,,
2026-04-21 15:40:19,33,19,19,0,"fit: 5, efit: 2","fit: 5, efit: 1",,,,0,0,0,0,1,,
2026-04-21 15:45:20,33,19,19,0,"fit: 5, efit: 3","fit: 5, efit: 2",,,,0,0,0,0,1,,
2026-04-21 15:50:21,33,19,19,0,"fit: 5, efit: 1",fit: 5,,,,0,0,0,0,1,,
2026-04-21 15:51:24,33,19,19,0,"fit: 4, efit: 1",fit: 4,,,,0,0,0,0,1,,
2026-04-21 15:55:22,33,19,19,0,"fit: 4, efit: 2","fit: 4, efit: 1",,,,0,0,0,0,1,,
2026-04-21 16:10:25,33,19,19,0,"fit: 4, efit: 3","fit: 4, efit: 2",,,,0,0,0,0,1,,
2026-04-21 16:15:26,33,19,19,0,"fit: 4, efit: 4","fit: 4, efit: 3",,,,0,0,0,0,1,,
2026-04-21 16:20:27,33,19,19,0,"fit: 4, efit: 3","fit: 4, efit: 2",,,,0,0,0,0,1,,
2026-04-21 16:30:29,33,19,19,0,"fit: 4, efit: 2","fit: 4, efit: 1",,,,0,0,0,0,1,,
2026-04-21 16:31:33,33,19,19,0,"fit: 4, efit: 1",fit: 4,,,,0,0,0,0,1,,
2026-04-21 17:01:39,33,19,19,0,"fit: 4, efit: 2",fit: 4,,,,0,0,0,0,1,,
2026-04-21 17:06:40,33,19,19,0,"fit: 3, efit: 2",fit: 3,,,,0,0,0,0,1,,
2026-04-21 17:10:37,33,19,19,0,"fit: 2, efit: 2",fit: 2,,,,0,0,0,0,1,,
2026-04-21 17:11:41,33,19,19,0,"fit: 1, efit: 2",fit: 1,,,,0,0,0,0,1,,
2026-04-21 17:15:38,33,19,19,0,"fit: 1, efit: 3","fit: 1, efit: 1",,,,0,0,0,0,1,,
2026-04-21 17:16:58,33,19,19,0,"fit: 1, efit: 2",fit: 1,,,,0,0,0,0,1,,
2026-04-21 17:21:58,33,19,19,0,efit: 2,,,,,0,0,0,0,1,,
2026-04-21 17:40:43,33,19,19,0,"fit: 1, efit: 2","fit: 1, efit: 1",,,,0,0,0,0,1,,
2026-04-21 17:45:44,33,19,19,0,"fit: 2, efit: 2","fit: 2, efit: 1",,,,0,0,0,0,1,,
2026-04-21 17:46:49,33,19,19,0,"fit: 1, efit: 2","fit: 1, efit: 1",,,,0,0,0,0,1,,
2026-04-21 17:50:45,33,19,19,0,"fit: 1, efit: 1",fit: 1,,,,0,0,0,0,1,,
2026-04-21 17:55:46,33,19,19,0,"fit: 1, efit: 2","fit: 1, efit: 1",,,,0,0,0,0,1,,
2026-04-21 18:00:47,33,19,19,0,"fit: 1, efit: 1",fit: 1,,,,0,0,0,0,1,,
2026-04-21 18:20:51,33,19,19,0,efit: 1,,,,,0,0,0,0,1,,
2026-04-21 18:30:53,33,19,19,0,"fit: 1, efit: 1",fit: 1,,,,0,0,0,0,1,,
2026-04-21 18:40:55,33,19,19,0,"fit: 2, efit: 1",fit: 2,,,,0,0,0,0,1,,
2026-04-21 18:45:56,33,19,19,0,"fit: 1, efit: 1",fit: 1,,,,0,0,0,0,1,,
2026-04-21 18:50:57,33,19,19,0,"fit: 1, efit: 2","fit: 1, efit: 1",,,,0,0,0,0,1,,
2026-04-21 18:55:58,33,19,19,0,"fit: 1, efit: 1",fit: 1,,,,0,0,0,0,1,,
2026-04-21 19:11:02,33,19,19,0,"fit: 1, efit: 2","fit: 1, efit: 1",,,,0,0,0,0,1,,
2026-04-21 19:16:03,33,19,19,0,"fit: 1, efit: 3","fit: 1, efit: 2",,,,0,0,0,0,1,,
2026-04-21 19:17:08,33,19,19,0,"fit: 2, efit: 3","fit: 2, efit: 2",,,,0,0,0,0,1,,
2026-04-21 19:21:04,33,19,19,0,"fit: 2, efit: 1",fit: 2,,,,0,0,0,0,1,,
2026-04-21 19:22:09,33,19,19,0,"fit: 1, efit: 1",fit: 1,,,,0,0,0,0,1,,
2026-04-21 19:26:05,33,19,19,0,efit: 1,,,,,0,0,0,0,1,,
2026-04-21 19:41:07,33,19,19,0,"fit: 1, efit: 1",fit: 1,,,,0,0,0,0,1,,
2026-04-21 19:46:09,33,19,19,0,"fit: 1, efit: 2","fit: 1, efit: 1",,,,0,0,0,0,1,,
2026-04-21 19:47:14,33,19,19,0,"fit: 1, efit: 1",fit: 1,,,,0,0,0,0,1,,
2026-04-21 20:01:11,33,19,19,0,"fit: 2, efit: 1",fit: 2,,,,0,0,0,0,1,,
2026-04-21 20:06:12,33,19,19,0,"fit: 3, efit: 2","fit: 3, efit: 1",,,,0,0,0,0,1,,
2026-04-21 20:11:13,33,19,19,0,"fit: 3, efit: 4","fit: 3, efit: 3",,,,0,0,0,0,1,,
2026-04-21 20:16:14,33,19,19,0,"fit: 3, efit: 2","fit: 3, efit: 1",,,,0,0,0,0,1,,
2026-04-21 20:21:15,33,19,19,0,"fit: 2, efit: 1",fit: 2,,,,0,0,0,0,1,,
2026-04-21 20:26:16,33,19,19,0,efit: 1,,,,,0,0,0,0,1,,
2026-04-21 20:27:22,33,19,19,0,efit: 2,efit: 1,,,,0,0,0,0,1,,
2026-04-21 20:32:23,33,19,19,0,efit: 1,,,,,0,0,0,0,1,,
2026-04-21 20:47:26,33,19,19,0,efit: 1,,efit: 1,,,0,0,0,0,1,,
2026-04-21 20:56:22,33,19,19,0,"fit: 1, efit: 1",fit: 1,efit: 1,,,0,0,0,0,1,,
2026-04-21 21:07:30,33,19,19,0,"fit: 1, efit: 2","fit: 1, efit: 1",efit: 1,,,0,0,0,0,1,,
2026-04-21 21:21:27,33,19,19,0,"fit: 1, efit: 1",fit: 1,efit: 1,,,0,0,0,0,1,,
2026-04-21 21:26:28,33,19,19,0,efit: 1,,efit: 1,,,0,0,0,0,1,,
2026-04-21 21:31:29,33,19,19,0,efit: 1,,,,,0,0,0,0,1,,
2026-04-21 21:32:35,33,19,19,0,efit: 1,,efit: 1,,,0,0,0,0,1,,
2026-04-21 21:36:30,33,19,19,0,efit: 1,,,,,0,0,0,0,1,,
2026-04-21 21:51:33,33,19,19,0,efit: 2,efit: 1,,,,0,0,0,0,1,,
2026-04-21 21:52:40,33,19,19,0,efit: 1,,,,,0,0,0,0,1,,
2026-04-21 22:41:42,33,19,19,0,efit: 1,efit: 1,,,,0,0,0,0,1,,
2026-04-21 22:51:44,33,19,19,0,efit: 2,efit: 2,,,,0,0,0,0,1,,
2026-04-21 22:56:45,33,19,19,0,efit: 2,efit: 1,,,,0,0,0,0,1,,
2026-04-21 23:11:48,33,19,19,0,,,,,,0,0,0,0,1,,
2026-04-22 00:01:57,33,19,19,0,,,,,,0,0,0,0,1,,
2026-04-22 01:57:19,33,19,19,0,efit: 1,efit: 1,,,,0,0,0,0,1,,
2026-04-22 02:02:20,33,19,19,0,,,,,,0,0,0,0,1,,
2026-04-22 06:44:01,33,19,19,0,efit: 1,efit: 1,,,,0,0,0,0,1,,
2026-04-22 08:54:49,33,19,19,0,"fit: 1, efit: 1","fit: 1, efit: 1",,,,0,0,0,0,1,,
2026-04-22 08:58:36,33,19,19,0,"fit: 1, efit: 2","fit: 1, efit: 2",,,,0,0,0,0,1,,
2026-04-22 09:08:38,33,19,19,0,"fit: 1, efit: 1","fit: 1, efit: 1",,,,0,0,0,0,1,,
2026-04-22 09:19:27,33,19,19,0,fit: 1,fit: 1,,,,0,0,0,0,1,,
2026-04-22 09:23:41,33,19,19,0,"fit: 1, efit: 1","fit: 1, efit: 1",,,,0,0,0,0,1,,
2026-04-22 09:38:44,33,19,19,0,fit: 1,fit: 1,,,,0,0,0,0,1,,
2026-04-22 09:53:47,33,19,19,0,"fit: 1, efit: 1","fit: 1, efit: 1",,,,0,0,0,0,1,,
2026-04-22 09:54:32,33,19,19,0,"fit: 2, efit: 1","fit: 2, efit: 1",,,,0,0,0,0,1,,
2026-04-22 10:03:49,33,19,19,0,"fit: 1, efit: 1","fit: 1, efit: 1",,,,0,0,0,0,1,,
2026-04-22 10:08:49,33,19,19,0,"fit: 2, efit: 1","fit: 2, efit: 1",,,,0,0,0,0,1,,
2026-04-22 10:18:51,33,19,19,0,"fit: 2, efit: 2","fit: 2, efit: 2",,,,0,0,0,0,1,,
2026-04-22 10:20:08,33,19,19,0,"fit: 2, efit: 3","fit: 2, efit: 3",,,,0,0,0,0,1,,
2026-04-22 10:23:53,33,19,19,0,"fit: 2, efit: 4","fit: 2, efit: 4",,,,0,0,0,0,1,,
2026-04-22 10:34:39,33,19,19,0,"fit: 3, efit: 4","fit: 3, efit: 4",,,,0,0,0,0,1,,
2026-04-22 10:35:12,33,19,19,0,"fit: 3, efit: 3","fit: 3, efit: 3",,,,0,0,0,0,1,,
2026-04-22 10:49:01,33,19,19,0,"fit: 3, efit: 4","fit: 3, efit: 4",,,,0,0,0,0,1,,
2026-04-22 10:59:03,33,19,19,0,"fit: 3, efit: 3","fit: 3, efit: 3",,,,0,0,0,0,1,,
2026-04-22 11:04:04,33,19,19,0,"fit: 3, efit: 4","fit: 3, efit: 4",,,,0,0,0,0,1,,
2026-04-22 11:14:06,33,19,19,0,"fit: 3, efit: 5","fit: 3, efit: 5",,,,0,0,0,0,1,,
2026-04-22 11:19:07,33,19,19,0,"fit: 3, efit: 4","fit: 3, efit: 4",,,,0,0,0,0,1,,
2026-04-22 11:34:49,33,19,19,0,"fit: 3, efit: 5","fit: 3, efit: 5",,,,0,0,0,0,1,,
2026-04-22 11:39:11,33,19,19,0,"fit: 3, efit: 4","fit: 3, efit: 4",,,,0,0,0,0,1,,
2026-04-22 11:49:51,33,19,19,0,"fit: 3, efit: 3","fit: 3, efit: 3",,,,0,0,0,0,1,,
2026-04-22 11:54:14,33,19,19,0,"fit: 3, efit: 2","fit: 3, efit: 2",,,,0,0,0,0,1,,
2026-04-22 11:59:15,33,19,19,0,"fit: 3, efit: 3","fit: 3, efit: 3",,,,0,0,0,0,1,,
2026-04-22 11:59:53,33,19,19,0,"fit: 3, efit: 2","fit: 3, efit: 2",,,,0,0,0,0,1,,
2026-04-22 12:04:16,33,19,19,0,"fit: 3, efit: 3","fit: 3, efit: 3",,,,0,0,0,0,1,,
2026-04-22 12:09:17,33,19,19,0,"fit: 3, efit: 4","fit: 3, efit: 4",,,,0,0,0,0,1,,
2026-04-22 12:14:18,33,19,19,0,"fit: 3, efit: 6","fit: 3, efit: 6",,,,0,0,0,0,1,,
2026-04-22 12:19:56,33,19,19,0,"fit: 3, efit: 5","fit: 3, efit: 5",,,,0,0,0,0,1,,
2026-04-22 12:49:24,33,19,19,0,"fit: 3, efit: 4","fit: 3, efit: 4",,,,0,0,0,0,1,,
2026-04-22 12:50:01,33,19,19,0,"fit: 3, efit: 3","fit: 3, efit: 3",,,,0,0,0,0,1,,
2026-04-22 12:54:25,33,19,19,0,"fit: 3, efit: 2","fit: 3, efit: 2",,,,0,0,0,0,1,,
2026-04-22 13:04:27,33,19,19,0,"fit: 3, efit: 1","fit: 3, efit: 1",,,,0,0,0,0,1,,
2026-04-22 13:14:29,33,19,19,0,"fit: 3, efit: 3","fit: 3, efit: 3",,,,0,0,0,0,1,,
2026-04-22 13:19:30,33,19,19,0,"fit: 3, efit: 4","fit: 3, efit: 4",,,,0,0,0,0,1,,
2026-04-22 13:24:31,33,19,19,0,"fit: 3, efit: 5","fit: 3, efit: 5",,,,0,0,0,0,1,,
2026-04-22 13:25:48,33,19,19,0,"fit: 3, efit: 6","fit: 3, efit: 6",,,,0,0,0,0,1,,
2026-04-22 13:29:32,33,19,19,0,"fit: 3, efit: 5","fit: 3, efit: 5",,,,0,0,0,0,1,,
2026-04-22 13:34:33,33,19,19,0,"fit: 3, efit: 6","fit: 3, efit: 6",,,,0,0,0,0,1,,
2026-04-22 13:35:09,33,19,19,0,"fit: 3, efit: 7","fit: 3, efit: 7",,,,0,0,0,0,1,,
2026-04-22 13:35:50,33,19,19,0,"fit: 3, efit: 8","fit: 3, efit: 8",,,,0,0,0,0,1,,
2026-04-22 13:39:34,33,19,19,0,"fit: 4, efit: 6","fit: 4, efit: 6",,,,0,0,0,0,1,,
2026-04-22 13:40:10,33,19,19,0,"fit: 4, efit: 5","fit: 4, efit: 5",,,,0,0,0,0,1,,
2026-04-22 13:44:35,33,19,19,0,"fit: 4, efit: 4","fit: 4, efit: 4",,,,0,0,0,0,1,,
2026-04-22 13:49:36,33,19,19,0,"fit: 4, efit: 3","fit: 4, efit: 3",,,,0,0,0,0,1,,
2026-04-22 13:59:38,33,19,19,0,"fit: 4, efit: 1","fit: 4, efit: 1",,,,0,0,0,0,1,,
2026-04-22 14:00:13,33,19,19,0,"fit: 5, efit: 1","fit: 5, efit: 1",,,,0,0,0,0,1,,
2026-04-22 14:14:41,33,19,19,0,"fit: 5, efit: 2","fit: 5, efit: 2",,,,0,0,0,0,1,,
2026-04-22 14:19:42,33,19,19,0,fit: 5,fit: 5,,,,0,0,0,0,1,,
2026-04-22 14:21:00,33,19,19,0,fit: 4,fit: 4,,,,0,0,0,0,1,,
2026-04-22 14:29:44,33,19,19,0,"fit: 4, efit: 1","fit: 4, efit: 1",,,,0,0,0,0,1,,
2026-04-22 14:30:18,33,19,19,0,fit: 4,fit: 4,,,,0,0,0,0,1,,
2026-04-22 14:39:46,33,19,19,0,"fit: 4, efit: 3","fit: 4, efit: 3",,,,0,0,0,0,1,,
2026-04-22 14:44:47,33,19,19,0,"fit: 4, efit: 5","fit: 4, efit: 5",,,,0,0,0,0,1,,
2026-04-22 14:46:05,33,19,19,0,"fit: 4, efit: 4","fit: 4, efit: 4",,,,0,0,0,0,1,,
2026-04-22 14:51:01,33,19,19,0,"fit: 4, efit: 5","fit: 4, efit: 5",,,,0,0,0,0,1,,
2026-04-22 14:54:57,33,19,19,0,"fit: 4, efit: 4","fit: 4, efit: 4",,,,0,0,0,0,1,,
2026-04-22 14:59:59,33,19,19,0,"fit: 4, efit: 2","fit: 4, efit: 2",,,,0,0,0,0,1,,
2026-04-22 15:15:02,33,19,19,0,"fit: 4, efit: 1","fit: 4, efit: 1",,,,0,0,0,0,1,,
2026-04-22 15:20:03,33,19,19,0,fit: 4,fit: 4,,,,0,0,0,0,1,,
2026-04-22 15:35:07,33,19,19,0,fit: 3,fit: 3,,,,0,0,0,0,1,,
2026-04-22 15:55:09,33,19,19,0,fit: 1,fit: 1,,,,0,0,0,0,1,,
2026-04-22 16:15:11,33,19,19,0,,,,,,0,0,0,0,1,,
2026-04-22 16:25:12,33,19,19,0,efit: 2,efit: 2,,,,0,0,0,0,1,,
2026-04-22 16:30:13,33,19,19,0,efit: 1,efit: 1,,,,0,0,0,0,1,,
2026-04-22 16:45:16,33,19,19,0,efit: 3,efit: 3,,,,0,0,0,0,1,,
2026-04-22 16:50:16,33,19,19,0,efit: 2,efit: 2,,,,0,0,0,0,1,,
2026-04-22 16:55:17,33,19,19,0,efit: 4,efit: 4,,,,0,0,0,0,1,,
2026-04-22 16:56:08,33,19,19,0,efit: 5,efit: 5,,,,0,0,0,0,1,,
2026-04-22 17:06:10,33,19,19,0,efit: 4,efit: 4,,,,0,0,0,0,1,,
2026-04-22 17:15:20,33,19,19,0,efit: 3,efit: 3,,,,0,0,0,0,1,,
2026-04-22 17:20:21,33,19,19,0,,,,,,0,0,0,0,1,,
2026-04-22 17:21:13,33,19,19,0,efit: 1,efit: 1,,,,0,0,0,0,1,,
2026-04-22 17:25:22,33,19,19,0,,,,,,0,0,0,0,1,,
2026-04-22 17:35:24,33,19,19,0,efit: 1,efit: 1,,,,0,0,0,0,1,,
2026-04-22 17:55:27,33,19,19,0,,,,,,0,0,0,0,1,,
2026-04-22 18:00:28,33,19,19,0,efit: 1,efit: 1,,,,0,0,0,0,1,,
2026-04-22 18:05:29,33,19,19,0,,,,,,0,0,0,0,1,,
2026-04-22 18:10:30,33,19,19,0,efit: 1,efit: 1,,,,0,0,0,0,1,,
2026-04-22 18:21:25,33,19,19,0,efit: 2,efit: 2,,,,0,0,0,0,1,,
2026-04-22 18:25:32,33,19,19,0,"fit: 1, efit: 1","fit: 1, efit: 1",,,,0,0,0,0,1,,
2026-04-22 18:30:33,33,19,19,0,fit: 1,fit: 1,,,,0,0,0,0,1,,
2026-04-22 18:35:34,33,19,19,0,"fit: 3, efit: 1","fit: 3, efit: 1",,,,0,0,0,0,1,,
2026-04-22 18:40:34,33,19,19,0,fit: 2,fit: 2,,,,0,0,0,0,1,,
2026-04-22 18:45:35,33,19,19,0,fit: 1,fit: 1,,,,0,0,0,0,1,,
2026-04-22 19:01:33,33,19,19,0,"fit: 2, efit: 1","fit: 2, efit: 1",,,,0,0,0,0,1,,
2026-04-22 19:05:38,33,19,19,0,fit: 1,fit: 1,,,,0,0,0,0,1,,
2026-04-22 19:10:39,33,19,19,0,,,,,,0,0,0,0,1,,
2026-04-22 19:20:41,33,19,19,0,fit: 1,fit: 1,,,,0,0,0,0,1,,
2026-04-22 19:25:42,33,19,19,0,fit: 2,fit: 2,,,,0,0,0,0,1,,
2026-04-22 19:25:54,33,19,19,0,fit: 1,fit: 1,,,,0,0,0,0,1,,
2026-04-22 19:35:43,33,19,19,0,"fit: 1, efit: 1","fit: 1, efit: 1",,,,0,0,0,0,1,,
2026-04-22 19:40:44,33,19,19,0,efit: 1,efit: 1,,,,0,0,0,0,1,,
2026-04-22 19:45:45,33,19,19,0,,,,,,0,0,0,0,1,,
2026-04-22 19:50:46,33,19,19,0,efit: 1,efit: 1,,,,0,0,0,0,1,,
2026-04-22 19:55:47,33,19,19,0,,,,,,0,0,0,0,1,,
2026-04-22 20:20:51,33,19,19,0,efit: 1,efit: 1,,,,0,0,0,0,1,,
2026-04-22 20:26:50,33,19,19,0,"fit: 4, efit: 1","fit: 4, efit: 1",,,,0,0,0,0,1,,
2026-04-22 20:30:52,33,19,19,0,fit: 2,fit: 2,,,,0,0,0,0,1,,
2026-04-22 20:41:53,33,19,19,0,"fit: 2, efit: 2","fit: 2, efit: 2",,,,0,0,0,0,1,,
2026-04-22 20:46:54,33,19,19,0,"fit: 2, efit: 1","fit: 2, efit: 1",,,,0,0,0,0,1,,
2026-04-22 20:50:55,33,19,19,0,"fit: 5, efit: 2","fit: 5, efit: 2",,,,0,0,0,0,1,,
2026-04-22 20:55:56,33,19,19,0,fit: 5,fit: 5,,,,0,0,0,0,1,,
2026-04-22 21:41:03,33,19,19,0,fit: 2,fit: 2,,,,0,0,0,0,1,,
2026-04-22 21:51:05,33,19,19,0,"fit: 2, efit: 1","fit: 2, efit: 1",,,,0,0,0,0,1,,
2026-04-22 21:56:05,33,19,19,0,"fit: 2, efit: 2","fit: 2, efit: 2",,,,0,0,0,0,1,,
2026-04-22 22:01:06,33,19,19,0,"fit: 2, efit: 1","fit: 2, efit: 1",,,,0,0,0,0,1,,
2026-04-22 22:06:07,33,19,19,0,fit: 2,fit: 2,,,,0,0,0,0,1,,
2026-04-22 22:21:09,33,19,19,0,fit: 3,fit: 3,,,,0,0,0,0,1,,
2026-04-22 22:26:10,33,19,19,0,"fit: 3, efit: 1","fit: 3, efit: 1",,,,0,0,0,0,1,,
2026-04-22 22:27:13,33,19,19,0,fit: 3,fit: 3,,,,0,0,0,0,1,,
2026-04-22 22:46:13,33,19,19,0,"fit: 3, efit: 1","fit: 3, efit: 1",,,,0,0,0,0,1,,
2026-04-22 22:52:18,33,19,19,0,fit: 3,fit: 3,,,,0,0,0,0,1,,
2026-04-22 22:56:15,33,19,19,0,,,,,,0,0,0,0,1,,
2026-04-23 00:01:24,33,19,19,0,,,,,,0,0,0,0,1,,
2026-04-23 00:16:26,33,19,19,0,fit: 1,fit: 1,,,,0,0,0,0,1,,
2026-04-23 00:42:38,33,19,19,0,,,,,,0,0,0,0,1,,
2026-04-23 06:37:19,33,19,19,0,efit: 1,efit: 1,,,,0,0,0,0,1,,
2026-04-23 07:03:18,33,19,19,0,efit: 2,efit: 2,,,,0,0,0,0,1,,
2026-04-23 07:07:23,33,19,19,0,efit: 1,efit: 1,,,,0,0,0,0,1,,
2026-04-23 07:27:26,33,19,19,0,efit: 2,efit: 2,,,,0,0,0,0,1,,
2026-04-23 08:34:05,33,19,19,0,efit: 1,efit: 1,,,,0,0,0,0,1,,
2026-04-23 08:47:38,33,19,19,0,,,,,,0,0,0,0,1,,
2026-04-23 08:58:41,33,19,19,0,"fit: 1, efit: 1","fit: 1, efit: 1",,,,0,0,0,0,1,,
2026-04-23 09:22:43,33,19,19,0,"fit: 1, efit: 2","fit: 1, efit: 2",,,,0,0,0,0,1,,
2026-04-23 09:27:44,33,19,19,0,"fit: 1, efit: 3","fit: 1, efit: 3",,,,0,0,0,0,1,,
2026-04-23 09:32:45,33,19,19,0,"fit: 1, efit: 5","fit: 1, efit: 5",,,,0,0,0,0,1,,
2026-04-23 09:37:45,33,19,19,0,"fit: 1, efit: 6","fit: 1, efit: 6",,,,0,0,0,0,1,,
2026-04-23 09:53:53,33,19,19,0,"fit: 1, efit: 7","fit: 1, efit: 7",,,,0,0,0,0,1,,
2026-04-23 09:57:49,33,19,19,0,"fit: 1, efit: 8","fit: 1, efit: 8",,,,0,0,0,0,1,,
2026-04-23 10:02:49,33,19,19,0,"fit: 1, efit: 7","fit: 1, efit: 7",,,,0,0,0,0,1,,
2026-04-23 10:03:55,33,19,19,0,"fit: 1, efit: 8","fit: 1, efit: 8",,,,0,0,0,0,1,,
2026-04-23 10:17:51,33,19,19,0,"fit: 1, efit: 7","fit: 1, efit: 7",,,,0,0,0,0,1,,
2026-04-23 10:27:53,33,19,19,0,"fit: 1, efit: 8","fit: 1, efit: 8",,,,0,0,0,0,1,,
2026-04-23 10:32:53,33,19,19,0,"fit: 1, efit: 7","fit: 1, efit: 7",,,,0,0,0,0,1,,
2026-04-23 10:39:02,33,19,19,0,"fit: 1, efit: 6","fit: 1, efit: 6",,,,0,0,0,0,1,,
2026-04-23 10:42:55,33,19,19,0,"fit: 1, efit: 7","fit: 1, efit: 7",,,,0,0,0,0,1,,
2026-04-23 10:47:56,33,19,19,0,"fit: 1, efit: 8","fit: 1, efit: 8",,,,0,0,0,0,1,,
2026-04-23 10:49:05,33,19,19,0,"fit: 1, efit: 9","fit: 1, efit: 9",,,,0,0,0,0,1,,
2026-04-23 10:52:56,33,19,19,0,"fit: 1, efit: 8","fit: 1, efit: 8",,,,0,0,0,0,1,,
2026-04-23 10:54:06,33,19,19,0,"fit: 1, efit: 9","fit: 1, efit: 9",,,,0,0,0,0,1,,
2026-04-23 11:07:59,33,19,19,0,"fit: 1, efit: 8","fit: 1, efit: 8",,,,0,0,0,0,1,,
2026-04-23 11:13:00,33,19,19,0,"fit: 1, efit: 6","fit: 1, efit: 6",,,,0,0,0,0,1,,
2026-04-23 11:24:12,33,19,19,0,"fit: 1, efit: 7","fit: 1, efit: 7",,,,0,0,0,0,1,,
2026-04-23 11:28:02,33,19,19,0,"fit: 1, efit: 8","fit: 1, efit: 8",,,,0,0,0,0,1,,
2026-04-23 11:29:13,33,19,19,0,"fit: 1, efit: 7","fit: 1, efit: 7",,,,0,0,0,0,1,,
2026-04-23 11:33:03,33,19,19,0,"fit: 1, efit: 8","fit: 1, efit: 8",,,,0,0,0,0,1,,
2026-04-23 11:44:16,33,19,19,0,"fit: 1, efit: 7","fit: 1, efit: 7",,,,0,0,0,0,1,,
2026-04-23 11:48:05,33,19,19,0,"fit: 1, efit: 6","fit: 1, efit: 6",,,,0,0,0,0,1,,
2026-04-23 11:49:17,33,19,19,0,"fit: 1, efit: 4","fit: 1, efit: 4",,,,0,0,0,0,1,,
2026-04-23 11:58:07,33,19,19,0,"fit: 1, efit: 5","fit: 1, efit: 5",,,,0,0,0,0,1,,
2026-04-23 11:59:19,33,19,19,0,"fit: 1, efit: 4","fit: 1, efit: 4",,,,0,0,0,0,1,,
2026-04-23 12:03:07,33,19,19,0,"fit: 1, efit: 5","fit: 1, efit: 5",,,,0,0,0,0,1,,
2026-04-23 12:18:10,33,19,19,0,"fit: 1, efit: 6","fit: 1, efit: 6",,,,0,0,0,0,1,,
2026-04-23 12:19:48,33,19,19,0,"fit: 1, efit: 7","fit: 1, efit: 7",,,,0,0,0,0,1,,
2026-04-23 12:23:10,33,19,19,0,"fit: 1, efit: 6","fit: 1, efit: 6",,,,0,0,0,0,1,,
2026-04-23 12:28:11,33,19,19,0,"fit: 1, efit: 7","fit: 1, efit: 7",,,,0,0,0,0,1,,
2026-04-23 12:33:12,33,19,19,0,"fit: 1, efit: 6","fit: 1, efit: 6",,,,0,0,0,0,1,,
2026-04-23 12:38:13,33,19,19,0,"fit: 1, efit: 7","fit: 1, efit: 7",,,,0,0,0,0,1,,
2026-04-23 12:43:13,33,19,19,0,"fit: 1, efit: 6","fit: 1, efit: 6",,,,0,0,0,0,1,,
2026-04-23 12:44:29,33,19,19,0,"fit: 2, efit: 6","fit: 2, efit: 6",,,,0,0,0,0,1,,
2026-04-23 12:48:14,33,19,19,0,"fit: 2, efit: 7","fit: 2, efit: 7",,,,0,0,0,0,1,,
2026-04-23 12:58:16,33,19,19,0,"fit: 2, efit: 8","fit: 2, efit: 8",,,,0,0,0,0,1,,
2026-04-23 13:08:17,33,19,19,0,"fit: 2, efit: 9","fit: 2, efit: 9",,,,0,0,0,0,1,,
2026-04-23 13:14:35,33,19,19,0,"fit: 2, efit: 11","fit: 2, efit: 11",,,,0,0,0,0,1,,
2026-04-23 13:28:20,33,19,19,0,"fit: 2, efit: 12","fit: 2, efit: 12",,,,0,0,0,0,1,,
2026-04-23 13:33:21,33,19,19,0,"fit: 2, efit: 11","fit: 2, efit: 11",,,,0,0,0,0,1,,
2026-04-23 13:39:40,33,19,19,0,"fit: 2, efit: 12","fit: 2, efit: 12",,,,0,0,0,0,1,,
2026-04-23 13:43:22,33,19,19,0,"fit: 2, efit: 13","fit: 2, efit: 13",,,,0,0,0,0,1,,
2026-04-23 13:53:24,33,19,19,0,"fit: 2, efit: 9","fit: 2, efit: 9",,,,0,0,0,0,1,,
2026-04-23 14:03:25,33,19,19,0,"fit: 2, efit: 8","fit: 2, efit: 8",,,,0,0,0,0,1,,
2026-04-23 14:14:47,33,19,19,0,"fit: 2, efit: 6","fit: 2, efit: 6",,,,0,0,0,0,1,,
2026-04-23 14:15:10,33,19,19,0,"fit: 2, efit: 5","fit: 2, efit: 5",,,,0,0,0,0,1,,
2026-04-23 14:18:28,33,19,19,0,"fit: 3, efit: 4","fit: 3, efit: 4",,,,0,0,0,0,1,,
2026-04-23 14:19:49,33,19,19,0,"fit: 3, efit: 3","fit: 3, efit: 3",,,,0,0,0,0,1,,
2026-04-23 14:20:11,33,19,19,0,"fit: 3, efit: 2","fit: 3, efit: 2",,,,0,0,0,0,1,,
2026-04-23 14:24:50,33,19,19,0,"fit: 3, efit: 3","fit: 3, efit: 3",,,,0,0,0,0,1,,
2026-04-23 14:25:12,33,19,19,0,"fit: 3, efit: 2","fit: 3, efit: 2",,,,0,0,0,0,1,,
2026-04-23 14:38:31,33,19,19,0,"fit: 3, efit: 1","fit: 3, efit: 1",,,,0,0,0,0,1,,
2026-04-23 14:40:15,33,19,19,0,"fit: 3, efit: 2","fit: 3, efit: 2",,,,0,0,0,0,1,,
2026-04-23 14:43:31,33,19,19,0,"fit: 3, efit: 3","fit: 3, efit: 3",,,,0,0,0,0,1,,
2026-04-23 14:49:55,33,19,19,0,"fit: 3, efit: 1","fit: 3, efit: 1",,,,0,0,0,0,1,,
2026-04-23 14:53:33,33,19,19,0,"fit: 3, efit: 2","fit: 3, efit: 2",,,,0,0,0,0,1,,
2026-04-23 14:55:18,33,19,19,0,"fit: 3, efit: 1","fit: 3, efit: 1",,,,0,0,0,0,1,,
2026-04-23 15:08:35,33,19,19,0,fit: 3,fit: 3,,,,0,0,0,0,1,,
2026-04-23 15:18:36,33,19,19,0,"fit: 3, efit: 1","fit: 3, efit: 1",,,,0,0,0,0,1,,
2026-04-23 15:23:37,33,19,19,0,"fit: 3, efit: 2","fit: 3, efit: 2",,,,0,0,0,0,1,,
2026-04-23 15:25:03,33,19,19,0,fit: 3,fit: 3,,,,0,0,0,0,1,,
2026-04-23 15:28:38,33,19,19,0,fit: 1,fit: 1,,,,0,0,0,0,1,,
2026-04-23 15:43:40,33,19,19,0,,,,,,0,0,0,0,1,,
2026-04-23 15:48:41,33,19,19,0,efit: 1,,efit: 1,,,0,0,0,0,1,,
2026-04-23 15:53:42,33,19,19,0,efit: 2,efit: 1,efit: 1,,,0,0,0,0,1,,
2026-04-23 15:58:43,33,19,19,0,"fit: 1, efit: 2","fit: 1, efit: 1",efit: 1,,,0,0,0,0,1,,
2026-04-23 16:08:44,33,19,19,0,"fit: 1, efit: 1",fit: 1,efit: 1,,,0,0,0,0,1,,
2026-04-23 16:15:14,33,19,19,0,"fit: 1, efit: 2","fit: 1, efit: 1",efit: 1,,,0,0,0,0,1,,
2026-04-23 16:18:46,33,19,19,0,"fit: 1, efit: 3","fit: 1, efit: 2",efit: 1,,,0,0,0,0,1,,
2026-04-23 16:23:47,33,19,19,0,"fit: 1, efit: 1",fit: 1,efit: 1,,,0,0,0,0,1,,
2026-04-23 16:25:36,33,19,19,0,"fit: 1, efit: 2","fit: 1, efit: 1",efit: 1,,,0,0,0,0,1,,
2026-04-23 16:28:48,33,19,19,0,"fit: 1, efit: 1",fit: 1,efit: 1,,,0,0,0,0,1,,
2026-04-23 16:38:49,33,19,19,0,efit: 1,,efit: 1,,,0,0,0,0,1,,
2026-04-23 16:43:50,33,19,19,0,efit: 2,,efit: 1,,,0,0,0,0,1,,
2026-04-23 17:03:53,33,19,19,0,efit: 1,,efit: 1,,,0,0,0,0,1,,
2026-04-23 17:05:26,33,19,19,0,efit: 2,efit: 1,efit: 1,,,0,0,0,0,1,,
2026-04-23 17:05:44,33,19,19,0,efit: 1,,efit: 1,,,0,0,0,0,1,,
2026-04-23 17:15:28,33,19,19,0,efit: 2,efit: 1,efit: 1,,,0,0,0,0,1,,
2026-04-23 17:20:29,33,19,19,0,efit: 3,efit: 2,efit: 1,,,0,0,0,0,1,,
2026-04-23 17:25:30,33,19,19,0,efit: 2,efit: 1,efit: 1,,,0,0,0,0,1,,
2026-04-23 17:25:49,33,19,19,0,efit: 1,,efit: 1,,,0,0,0,0,1,,
2026-04-23 17:55:55,33,19,19,0,efit: 2,efit: 1,efit: 1,,,0,0,0,0,1,,
2026-04-23 18:00:38,33,19,19,0,"fit: 1, efit: 2","fit: 1, efit: 1",efit: 1,,,0,0,0,0,1,,
2026-04-23 18:09:05,33,19,19,0,"fit: 1, efit: 1",fit: 1,efit: 1,,,0,0,0,0,1,,
2026-04-23 18:10:40,33,19,19,0,"fit: 1, efit: 2","fit: 1, efit: 1",efit: 1,,,0,0,0,0,1,,
2026-04-23 18:15:41,33,19,19,0,efit: 1,,efit: 1,,,0,0,0,0,1,,
2026-04-23 19:15:55,33,19,19,0,efit: 2,efit: 1,efit: 1,,,0,0,0,0,1,,
2026-04-23 19:19:17,33,19,19,0,efit: 1,,efit: 1,,,0,0,0,0,1,,
2026-04-23 19:36:00,33,19,19,0,"fit: 1, efit: 1",fit: 1,efit: 1,,,0,0,0,0,1,,
2026-04-23 19:41:02,33,19,19,0,efit: 1,,efit: 1,,,0,0,0,0,1,,
2026-04-23 19:59:24,33,19,19,0,"fit: 1, efit: 1",fit: 1,efit: 1,,,0,0,0,0,1,,
2026-04-23 20:06:23,33,19,19,0,"fit: 2, efit: 1",fit: 2,efit: 1,,,0,0,0,0,1,,
2026-04-23 20:14:26,33,19,19,0,"fit: 1, efit: 2","fit: 1, efit: 1",efit: 1,,,0,0,0,0,1,,
2026-04-23 20:16:09,33,19,19,0,efit: 2,efit: 1,efit: 1,,,0,0,0,0,1,,
2026-04-23 20:31:13,33,19,19,0,efit: 1,,efit: 1,,,0,0,0,0,1,,
2026-04-23 21:04:34,33,19,19,0,efit: 2,efit: 1,efit: 1,,,0,0,0,0,1,,
2026-04-23 21:16:36,33,19,19,0,efit: 3,efit: 2,efit: 1,,,0,0,0,0,1,,
2026-04-23 21:19:37,33,19,19,0,efit: 2,efit: 1,efit: 1,,,0,0,0,0,1,,
2026-04-23 21:24:37,33,19,19,0,efit: 1,,efit: 1,,,0,0,0,0,1,,
2026-04-23 21:44:40,33,19,19,0,efit: 2,efit: 1,efit: 1,,,0,0,0,0,1,,
2026-04-23 21:51:30,33,19,19,0,efit: 1,,efit: 1,,,0,0,0,0,1,,
2026-04-23 23:24:56,33,19,19,0,efit: 2,efit: 1,efit: 1,,,0,0,0,0,1,,
2026-04-23 23:27:02,33,19,19,0,efit: 1,,efit: 1,,,0,0,0,0,1,,
2026-04-24 00:00:02,33,19,19,0,efit: 1,,efit: 1,,,0,0,0,0,1,,
2026-04-24 00:10:04,33,19,19,0,efit: 2,efit: 1,efit: 1,,,0,0,0,0,1,,
2026-04-24 00:22:03,33,19,19,0,efit: 1,,efit: 1,,,0,0,0,0,1,,
2026-04-24 01:07:12,33,19,19,0,efit: 2,efit: 1,efit: 1,,,0,0,0,0,1,,
2026-04-24 01:10:13,33,19,19,0,efit: 1,,efit: 1,,,0,0,0,0,1,,
2026-04-24 06:56:04,33,19,19,0,efit: 3,efit: 2,efit: 1,,,0,0,0,0,1,,
2026-04-24 07:23:25,33,19,19,0,"fit: 1, efit: 3","fit: 1, efit: 2",efit: 1,,,0,0,0,0,1,,
2026-04-24 07:28:26,33,19,19,0,"fit: 1, efit: 4","fit: 1, efit: 3",efit: 1,,,0,0,0,0,1,,
2026-04-24 07:58:29,33,19,19,0,"fit: 1, efit: 5","fit: 1, efit: 4",efit: 1,,,0,0,0,0,1,,
2026-04-24 08:01:13,33,19,19,0,"fit: 1, efit: 6","fit: 1, efit: 5",efit: 1,,,0,0,0,0,1,,
2026-04-24 08:18:32,33,19,19,0,"fit: 1, efit: 7","fit: 1, efit: 6",efit: 1,,,0,0,0,0,1,,
2026-04-24 08:21:16,33,19,19,0,"fit: 1, efit: 8","fit: 1, efit: 7",efit: 1,,,0,0,0,0,1,,
2026-04-24 08:28:34,33,19,19,0,"fit: 2, efit: 8","fit: 2, efit: 7",efit: 1,,,0,0,0,0,1,,
2026-04-24 08:41:19,33,19,19,0,"fit: 2, efit: 9","fit: 2, efit: 8",efit: 1,,,0,0,0,0,1,,
2026-04-24 08:51:20,33,19,19,0,"fit: 2, efit: 10","fit: 2, efit: 9",efit: 1,,,0,0,0,0,1,,
2026-04-24 08:58:40,33,19,19,0,"fit: 2, efit: 11","fit: 2, efit: 10",efit: 1,,,0,0,0,0,1,,
2026-04-24 09:01:22,33,19,19,0,"fit: 2, efit: 10","fit: 2, efit: 9",efit: 1,,,0,0,0,0,1,,
2026-04-24 09:03:41,33,19,19,0,"fit: 3, efit: 10","fit: 3, efit: 9",efit: 1,,,0,0,0,0,1,,
2026-04-24 09:11:23,33,19,19,0,"fit: 3, efit: 11","fit: 3, efit: 10",efit: 1,,,0,0,0,0,1,,
2026-04-24 09:21:25,33,19,19,0,"fit: 3, efit: 12","fit: 3, efit: 11",efit: 1,,,0,0,0,0,1,,
2026-04-24 09:31:26,33,19,19,0,"fit: 3, efit: 11","fit: 3, efit: 10",efit: 1,,,0,0,0,0,1,,
2026-04-24 09:41:28,33,19,19,0,"fit: 3, efit: 12","fit: 3, efit: 11",efit: 1,,,0,0,0,0,1,,
2026-04-24 09:43:49,33,19,19,0,"fit: 4, efit: 12","fit: 4, efit: 11",efit: 1,,,0,0,0,0,1,,
2026-04-24 09:51:30,33,19,19,0,"fit: 5, efit: 11","fit: 5, efit: 10",efit: 1,,,0,0,0,0,1,,
2026-04-24 09:58:52,33,19,19,0,"fit: 4, efit: 11","fit: 4, efit: 10",efit: 1,,,0,0,0,0,1,,
2026-04-24 10:01:31,33,19,19,0,"fit: 4, efit: 13","fit: 4, efit: 12",efit: 1,,,0,0,0,0,1,,
2026-04-24 10:06:32,33,19,19,0,"fit: 4, efit: 12","fit: 4, efit: 11",efit: 1,,,0,0,0,0,1,,
2026-04-24 10:08:54,33,19,19,0,"fit: 4, efit: 13","fit: 4, efit: 12",efit: 1,,,0,0,0,0,1,,
2026-04-24 10:13:55,33,19,19,0,"fit: 4, efit: 12","fit: 4, efit: 11",efit: 1,,,0,0,0,0,1,,
2026-04-24 10:26:35,33,19,19,0,"fit: 4, efit: 13","fit: 4, efit: 12",efit: 1,,,0,0,0,0,1,,
2026-04-24 10:28:58,33,19,19,0,"fit: 4, efit: 12","fit: 4, efit: 11",efit: 1,,,0,0,0,0,1,,
2026-04-24 10:31:36,33,19,19,0,"fit: 5, efit: 12","fit: 5, efit: 11",efit: 1,,,0,0,0,0,1,,
2026-04-24 10:46:38,33,19,19,0,"fit: 5, efit: 11","fit: 5, efit: 10",efit: 1,,,0,0,0,0,1,,
2026-04-24 10:56:40,33,19,19,0,"fit: 5, efit: 10","fit: 5, efit: 9",efit: 1,,,0,0,0,0,1,,
2026-04-24 11:09:06,33,19,19,0,"fit: 5, efit: 11","fit: 5, efit: 10",efit: 1,,,0,0,0,0,1,,
2026-04-24 11:11:42,33,19,19,0,"fit: 5, efit: 12","fit: 5, efit: 11",efit: 1,,,0,0,0,0,1,,
2026-04-24 11:36:46,33,19,19,0,"fit: 5, efit: 11","fit: 5, efit: 10",efit: 1,,,0,0,0,0,1,,
2026-04-24 11:41:47,33,19,19,0,"fit: 5, efit: 10","fit: 5, efit: 9",efit: 1,,,0,0,0,0,1,,
2026-04-24 11:46:48,33,19,19,0,"fit: 5, efit: 9","fit: 5, efit: 8",efit: 1,,,0,0,0,0,1,,
2026-04-24 11:49:14,33,19,19,0,"fit: 5, efit: 10","fit: 5, efit: 9",efit: 1,,,0,0,0,0,1,,
2026-04-24 11:51:48,33,19,19,0,"fit: 5, efit: 12","fit: 5, efit: 11",efit: 1,,,0,0,0,0,1,,
2026-04-24 12:14:19,33,19,19,0,"fit: 5, efit: 11","fit: 5, efit: 10",efit: 1,,,0,0,0,0,1,,
2026-04-24 12:16:52,33,19,19,0,"fit: 5, efit: 10","fit: 5, efit: 9",efit: 1,,,0,0,0,0,1,,
2026-04-24 12:26:54,33,19,19,0,"fit: 5, efit: 11","fit: 5, efit: 10",efit: 1,,,0,0,0,0,1,,
2026-04-24 12:29:21,33,19,19,0,"fit: 5, efit: 12","fit: 5, efit: 11",efit: 1,,,0,0,0,0,1,,
2026-04-24 12:31:55,33,19,19,0,"fit: 5, efit: 11","fit: 5, efit: 10",efit: 1,,,0,0,0,0,1,,
2026-04-24 12:41:56,33,19,19,0,"fit: 5, efit: 12","fit: 5, efit: 11",efit: 1,,,0,0,0,0,1,,
2026-04-24 12:44:24,33,19,19,0,"fit: 5, efit: 9","fit: 5, efit: 8",efit: 1,,,0,0,0,0,1,,
2026-04-24 12:46:57,33,19,19,0,"fit: 6, efit: 9","fit: 6, efit: 8",efit: 1,,,0,0,0,0,1,,
2026-04-24 12:56:59,33,19,19,0,"fit: 6, efit: 10","fit: 6, efit: 9",efit: 1,,,0,0,0,0,1,,
2026-04-24 12:59:27,33,19,19,0,"fit: 6, efit: 8","fit: 6, efit: 7",efit: 1,,,0,0,0,0,1,,
2026-04-24 13:01:59,33,19,19,0,"fit: 6, efit: 7","fit: 6, efit: 6",efit: 1,,,0,0,0,0,1,,
2026-04-24 13:04:28,33,19,19,0,"fit: 6, efit: 6","fit: 6, efit: 5",efit: 1,,,0,0,0,0,1,,
2026-04-24 13:09:29,33,19,19,0,"fit: 7, efit: 4","fit: 7, efit: 3",efit: 1,,,0,0,0,0,1,,
2026-04-24 13:12:01,33,19,19,0,"fit: 8, efit: 4","fit: 8, efit: 3",efit: 1,,,0,0,0,0,1,,
2026-04-24 13:14:30,33,19,19,0,"fit: 8, efit: 3","fit: 8, efit: 2",efit: 1,,,0,0,0,0,1,,
2026-04-24 13:19:31,33,19,19,0,"fit: 8, efit: 4","fit: 8, efit: 3",efit: 1,,,0,0,0,0,1,,
2026-04-24 13:34:34,33,19,19,0,"fit: 8, efit: 5","fit: 8, efit: 4",efit: 1,,,0,0,0,0,1,,
2026-04-24 13:37:05,33,19,19,0,"fit: 8, efit: 4","fit: 8, efit: 3",efit: 1,,,0,0,0,0,1,,
2026-04-24 13:39:35,33,19,19,0,"fit: 6, efit: 2","fit: 6, efit: 1",efit: 1,,,0,0,0,0,1,,
2026-04-24 13:42:05,33,19,19,0,"fit: 5, efit: 2","fit: 5, efit: 1",efit: 1,,,0,0,0,0,1,,
2026-04-24 13:44:36,33,19,19,0,"fit: 5, efit: 3","fit: 5, efit: 2",efit: 1,,,0,0,0,0,1,,
2026-04-24 13:49:37,33,19,19,0,"fit: 6, efit: 2","fit: 6, efit: 1",efit: 1,,,0,0,0,0,1,,
2026-04-24 13:54:38,33,19,19,0,"fit: 4, efit: 1",fit: 4,efit: 1,,,0,0,0,0,1,,
2026-04-24 13:59:39,33,19,19,0,"fit: 3, efit: 1",fit: 3,efit: 1,,,0,0,0,0,1,,
2026-04-24 14:09:41,33,19,19,0,"fit: 2, efit: 2","fit: 2, efit: 1",efit: 1,,,0,0,0,0,1,,
2026-04-24 14:12:10,33,19,19,0,"fit: 2, efit: 1",fit: 2,efit: 1,,,0,0,0,0,1,,
2026-04-24 14:17:11,33,19,19,0,"fit: 2, efit: 2","fit: 2, efit: 1",efit: 1,,,0,0,0,0,1,,
2026-04-24 14:19:43,33,19,19,0,"fit: 1, efit: 1",fit: 1,efit: 1,,,0,0,0,0,1,,
2026-04-24 14:32:13,33,19,19,0,"fit: 1, efit: 2","fit: 1, efit: 1",efit: 1,,,0,0,0,0,1,,
2026-04-24 14:39:46,33,19,19,0,"fit: 1, efit: 1",fit: 1,efit: 1,,,0,0,0,0,1,,
2026-04-24 14:44:47,33,19,19,0,"fit: 1, efit: 3","fit: 1, efit: 2",efit: 1,,,0,0,0,0,1,,
2026-04-24 14:49:48,33,19,19,0,"fit: 1, efit: 4","fit: 1, efit: 3",efit: 1,,,0,0,0,0,1,,
2026-04-24 14:52:16,33,19,19,0,"fit: 1, efit: 2","fit: 1, efit: 1",efit: 1,,,0,0,0,0,1,,
2026-04-24 14:57:16,33,19,19,0,"fit: 1, efit: 4","fit: 1, efit: 3",efit: 1,,,0,0,0,0,1,,
2026-04-24 14:59:50,33,19,19,0,"fit: 1, efit: 3","fit: 1, efit: 2",efit: 1,,,0,0,0,0,1,,
2026-04-24 15:02:17,33,19,19,0,"fit: 1, efit: 2","fit: 1, efit: 1",efit: 1,,,0,0,0,0,1,,
2026-04-24 15:04:51,33,19,19,0,"fit: 1, efit: 1",fit: 1,efit: 1,,,0,0,0,0,1,,
2026-04-24 15:09:52,33,19,19,0,"fit: 3, efit: 2","fit: 3, efit: 1",efit: 1,,,0,0,0,0,1,,
2026-04-24 15:12:19,33,19,19,0,"fit: 3, efit: 1",fit: 3,efit: 1,,,0,0,0,0,1,,
2026-04-24 15:27:21,33,19,19,0,"fit: 2, efit: 1",fit: 2,efit: 1,,,0,0,0,0,1,,
2026-04-24 15:32:22,33,19,19,0,"fit: 3, efit: 1",fit: 3,efit: 1,,,0,0,0,0,1,,
2026-04-24 15:37:23,33,19,19,0,"fit: 2, efit: 1",fit: 2,efit: 1,,,0,0,0,0,1,,
2026-04-24 15:42:24,33,19,19,0,"fit: 2, efit: 2","fit: 2, efit: 1",efit: 1,,,0,0,0,0,1,,
2026-04-24 15:44:59,33,19,19,0,"fit: 3, efit: 3","fit: 3, efit: 2",efit: 1,,,0,0,0,0,1,,
2026-04-24 15:47:24,33,19,19,0,"fit: 3, efit: 2","fit: 3, efit: 1",efit: 1,,,0,0,0,0,1,,
2026-04-24 15:50:01,33,19,19,0,"fit: 3, efit: 6","fit: 3, efit: 4",efit: 1,,,0,0,0,0,1,,
2026-04-24 15:50:10,33,19,19,0,"fit: 3, efit: 5","fit: 3, efit: 3",efit: 1,,,0,0,0,0,1,,
2026-04-24 15:52:25,33,19,19,0,"fit: 3, efit: 2",fit: 3,efit: 1,,,0,0,0,0,1,,
2026-04-24 15:55:02,33,19,19,0,"fit: 2, efit: 3","fit: 2, efit: 1",efit: 1,,,0,0,0,0,1,,
2026-04-24 15:57:26,33,19,19,0,"fit: 2, efit: 2",fit: 2,efit: 1,,,0,0,0,0,1,,
2026-04-24 16:00:03,33,19,19,0,efit: 2,,efit: 1,,,0,0,0,0,1,,
2026-04-24 16:05:04,33,19,19,0,efit: 6,efit: 4,efit: 1,,,0,0,0,0,1,,
2026-04-24 16:05:13,33,19,19,0,efit: 7,efit: 5,efit: 1,,,0,0,0,0,1,,
2026-04-24 16:07:28,33,19,19,0,efit: 9,efit: 7,efit: 1,,,0,0,0,0,1,,
2026-04-24 16:10:05,33,19,19,0,efit: 7,efit: 5,efit: 1,,,0,0,0,0,1,,
2026-04-24 16:12:28,33,19,19,0,"fit: 1, efit: 7","fit: 1, efit: 5",efit: 1,,,0,0,0,0,1,,
2026-04-24 16:15:06,33,19,19,0,"fit: 1, efit: 5","fit: 1, efit: 4",efit: 1,,,0,0,0,0,1,,
2026-04-24 16:20:07,33,19,19,0,"fit: 1, efit: 3","fit: 1, efit: 2",efit: 1,,,0,0,0,0,1,,
2026-04-24 16:22:30,33,19,19,0,"fit: 1, efit: 4","fit: 1, efit: 3",efit: 1,,,0,0,0,0,1,,
2026-04-24 16:27:31,33,19,19,0,"fit: 1, efit: 6","fit: 1, efit: 5",efit: 1,,,0,0,0,0,1,,
2026-04-24 16:30:09,33,19,19,0,"fit: 2, efit: 6","fit: 2, efit: 5",efit: 1,,,0,0,0,0,1,,
2026-04-24 16:32:31,33,19,19,0,"fit: 3, efit: 6","fit: 3, efit: 5",efit: 1,,,0,0,0,0,1,,
2026-04-24 16:35:10,33,19,19,0,"fit: 3, efit: 4","fit: 3, efit: 3",efit: 1,,,0,0,0,0,1,,
2026-04-24 16:40:11,33,19,19,0,"fit: 4, efit: 3","fit: 4, efit: 2",efit: 1,,,0,0,0,0,1,,
2026-04-24 16:42:33,33,19,19,0,"fit: 3, efit: 1",fit: 3,efit: 1,,,0,0,0,0,1,,
2026-04-24 16:47:34,33,19,19,0,"fit: 2, efit: 1",fit: 2,efit: 1,,,0,0,0,0,1,,
2026-04-24 16:52:35,33,19,19,0,"fit: 1, efit: 1",fit: 1,efit: 1,,,0,0,0,0,1,,
2026-04-24 17:05:16,33,19,19,0,efit: 1,,efit: 1,,,0,0,0,0,1,,
2026-04-24 17:15:18,33,19,19,0,"fit: 3, efit: 1",fit: 3,efit: 1,,,0,0,0,0,1,,
2026-04-24 17:22:39,33,19,19,0,"fit: 3, efit: 2","fit: 3, efit: 1",efit: 1,,,0,0,0,0,1,,
2026-04-24 17:25:20,33,19,19,0,"fit: 4, efit: 1",fit: 4,efit: 1,,,0,0,0,0,1,,
2026-04-24 17:37:41,33,19,19,0,"fit: 3, efit: 1",fit: 3,efit: 1,,,0,0,0,0,1,,
2026-04-24 17:40:22,33,19,19,0,"fit: 2, efit: 1",fit: 2,efit: 1,,,0,0,0,0,1,,
2026-04-24 17:42:42,33,19,19,0,efit: 1,,efit: 1,,,0,0,0,0,1,,
2026-04-24 18:00:26,33,19,19,0,efit: 4,,efit: 1,,,0,0,0,0,1,,
2026-04-24 18:12:47,33,19,19,0,efit: 6,,efit: 1,,,0,0,0,0,1,,
2026-04-24 18:15:29,33,19,19,0,efit: 5,,efit: 1,,,0,0,0,0,1,,
2026-04-24 18:20:30,33,19,19,0,efit: 6,efit: 1,efit: 1,,,0,0,0,0,1,,
2026-04-24 18:22:48,33,19,19,0,efit: 7,efit: 2,efit: 1,,,0,0,0,0,1,,
2026-04-24 18:25:31,33,19,19,0,efit: 8,,efit: 1,,,0,0,0,0,1,,
2026-04-24 18:32:50,33,19,19,0,efit: 9,efit: 1,efit: 1,,,0,0,0,0,1,,
2026-04-24 18:35:33,33,19,19,0,"fit: 1, efit: 9","fit: 1, efit: 1",efit: 1,,,0,0,0,0,1,,
2026-04-24 18:40:34,33,19,19,0,efit: 8,,efit: 1,,,0,0,0,0,1,,
2026-04-24 18:45:35,33,19,19,0,efit: 8,efit: 1,efit: 1,,,0,0,0,0,1,,
2026-04-24 18:55:37,33,19,19,0,efit: 7,,efit: 1,,,0,0,0,0,1,,
2026-04-24 18:55:50,33,19,19,0,"fit: 1, efit: 7",fit: 1,efit: 1,,,0,0,0,0,1,,
2026-04-24 19:07:55,33,19,19,0,efit: 7,,efit: 1,,,0,0,0,0,1,,
2026-04-24 19:12:56,33,19,19,0,efit: 7,efit: 1,efit: 1,,,0,0,0,0,1,,
2026-04-24 19:15:41,33,19,19,0,"fit: 1, efit: 4","fit: 1, efit: 2",efit: 1,,,0,0,0,0,1,,
2026-04-24 19:17:57,33,19,19,0,"fit: 2, efit: 5","fit: 2, efit: 3",efit: 1,,,0,0,0,0,1,,
2026-04-24 19:25:43,33,19,19,0,"fit: 2, efit: 3","fit: 2, efit: 1",efit: 1,,,0,0,0,0,1,,
2026-04-24 19:27:58,33,19,19,0,"fit: 2, efit: 2",fit: 2,efit: 1,,,0,0,0,0,1,,
2026-04-24 19:35:45,33,19,19,0,"fit: 2, efit: 4","fit: 2, efit: 2",efit: 1,,,0,0,0,0,1,,
2026-04-24 19:45:47,33,19,19,0,"fit: 2, efit: 3","fit: 2, efit: 2",efit: 1,,,0,0,0,0,1,,
2026-04-24 19:48:02,33,19,19,0,"fit: 1, efit: 1",fit: 1,efit: 1,,,0,0,0,0,1,,
2026-04-24 19:50:48,33,19,19,0,efit: 1,,efit: 1,,,0,0,0,0,1,,
2026-04-24 20:08:05,33,19,19,0,"fit: 1, efit: 1",fit: 1,efit: 1,,,0,0,0,0,1,,
2026-04-24 20:15:53,33,19,19,0,efit: 1,,efit: 1,,,0,0,0,0,1,,
2026-04-24 21:01:02,33,19,19,0,"fit: 1, efit: 1",fit: 1,efit: 1,,,0,0,0,0,1,,
2026-04-24 21:11:04,33,19,19,0,efit: 1,,efit: 1,,,0,0,0,0,1,,
2026-04-24 21:36:09,33,19,19,0,efit: 3,efit: 2,efit: 1,,,0,0,0,0,1,,
2026-04-24 21:43:19,33,19,19,0,efit: 1,,efit: 1,,,0,0,0,0,1,,
2026-04-24 21:48:20,33,19,19,0,efit: 2,efit: 1,efit: 1,,,0,0,0,0,1,,
2026-04-24 21:51:12,33,19,19,0,efit: 1,,efit: 1,,,0,0,0,0,1,,
2026-04-24 21:53:20,33,19,19,0,efit: 3,efit: 2,efit: 1,,,0,0,0,0,1,,
2026-04-24 21:56:12,33,19,19,0,efit: 4,efit: 3,efit: 1,,,0,0,0,0,1,,
2026-04-24 21:56:29,33,19,19,0,efit: 3,efit: 2,efit: 1,,,0,0,0,0,1,,
2026-04-24 21:58:21,33,19,19,0,"fit: 1, efit: 5","fit: 1, efit: 4",efit: 1,,,0,0,0,0,1,,
2026-04-24 22:01:13,33,19,19,0,"fit: 2, efit: 2","fit: 2, efit: 1",efit: 1,,,0,0,0,0,1,,
2026-04-24 22:08:22,33,19,19,0,"fit: 2, efit: 1",fit: 2,efit: 1,,,0,0,0,0,1,,
2026-04-24 22:11:15,33,19,19,0,"fit: 1, efit: 1",fit: 1,efit: 1,,,0,0,0,0,1,,
2026-04-24 22:16:16,33,19,19,0,"fit: 2, efit: 1",fit: 2,efit: 1,,,0,0,0,0,1,,
2026-04-24 22:16:33,33,19,19,0,"fit: 2, efit: 2","fit: 2, efit: 1",efit: 1,,,0,0,0,0,1,,
2026-04-24 22:21:17,33,19,19,0,efit: 2,efit: 1,efit: 1,,,0,0,0,0,1,,
2026-04-24 22:26:18,33,19,19,0,"fit: 1, efit: 1",fit: 1,efit: 1,,,0,0,0,0,1,,
2026-04-24 22:46:21,33,19,19,0,efit: 1,,efit: 1,,,0,0,0,0,1,,
2026-04-24 22:51:22,33,19,19,0,efit: 2,efit: 1,efit: 1,,,0,0,0,0,1,,
2026-04-24 22:56:23,33,19,19,0,"fit: 1, efit: 1",fit: 1,efit: 1,,,0,0,0,0,1,,
2026-04-24 23:06:25,33,19,19,0,"fit: 1, efit: 2","fit: 1, efit: 1",efit: 1,,,0,0,0,0,1,,
2026-04-24 23:11:26,33,19,19,0,"fit: 1, efit: 3","fit: 1, efit: 2",efit: 1,,,0,0,0,0,1,,
2026-04-24 23:13:32,33,19,19,0,"fit: 1, efit: 2","fit: 1, efit: 1",efit: 1,,,0,0,0,0,1,,
2026-04-24 23:21:28,33,19,19,0,"fit: 1, efit: 1",fit: 1,efit: 1,,,0,0,0,0,1,,
2026-04-24 23:23:33,33,19,19,0,efit: 1,,efit: 1,,,0,0,0,0,1,,
2026-04-25 00:01:35,33,19,19,0,efit: 1,,efit: 1,,,0,0,0,0,1,,
2026-04-25 00:41:42,33,19,19,0,efit: 2,efit: 1,efit: 1,,,0,0,0,0,1,,
2026-04-25 00:43:45,33,19,19,0,efit: 1,,efit: 1,,,0,0,0,0,1,,
2026-04-25 01:31:51,33,19,19,0,efit: 2,efit: 1,efit: 1,,,0,0,0,0,1,,
2026-04-25 01:42:14,33,19,19,0,efit: 4,efit: 3,efit: 1,,,0,0,0,0,1,,
2026-04-25 01:43:53,33,19,19,0,efit: 3,efit: 2,efit: 1,,,0,0,0,0,1,,
2026-04-25 01:46:54,33,19,19,0,efit: 1,,efit: 1,,,0,0,0,0,1,,
2026-04-25 02:06:58,33,19,19,0,efit: 2,efit: 1,efit: 1,,,0,0,0,0,1,,
2026-04-25 03:07:08,33,19,19,0,efit: 2,,efit: 1,,,0,0,0,0,1,,
2026-04-25 08:24:48,33,19,19,0,efit: 3,efit: 1,efit: 1,,,0,0,0,0,1,,
2026-04-25 09:50:01,33,19,19,0,"fit: 1, efit: 3","fit: 1, efit: 1",efit: 1,,,0,0,0,0,1,,
2026-04-25 10:44:03,33,19,19,0,"fit: 2, efit: 3","fit: 2, efit: 1",efit: 1,,,0,0,0,0,1,,
2026-04-25 11:38:40,33,19,19,0,"fit: 2, efit: 4","fit: 2, efit: 2",efit: 1,,,0,0,0,0,1,,
2026-04-25 11:58:44,33,19,19,0,"fit: 2, efit: 5","fit: 2, efit: 3",efit: 1,,,0,0,0,0,1,,
2026-04-25 12:30:24,33,19,19,0,"fit: 2, efit: 4","fit: 2, efit: 2",efit: 1,,,0,0,0,0,1,,
2026-04-25 12:38:52,33,19,19,0,"fit: 2, efit: 5","fit: 2, efit: 3",efit: 1,,,0,0,0,0,1,,
2026-04-25 13:44:04,33,19,19,0,"fit: 2, efit: 7","fit: 2, efit: 5",efit: 1,,,0,0,0,0,1,,
2026-04-25 13:59:07,33,19,19,0,"fit: 2, efit: 8","fit: 2, efit: 6",efit: 1,,,0,0,0,0,1,,
2026-04-25 14:00:37,33,19,19,0,"fit: 2, efit: 9","fit: 2, efit: 7",efit: 1,,,0,0,0,0,1,,
2026-04-25 14:10:38,33,19,19,0,"fit: 2, efit: 8","fit: 2, efit: 6",efit: 1,,,0,0,0,0,1,,
2026-04-25 14:34:51,33,19,19,0,"fit: 2, efit: 7","fit: 2, efit: 5",efit: 1,,,0,0,0,0,1,,
2026-04-25 14:39:14,33,19,19,0,"fit: 3, efit: 6","fit: 3, efit: 4",efit: 1,,,0,0,0,0,1,,
2026-04-25 14:44:15,33,19,19,0,"fit: 3, efit: 7","fit: 3, efit: 5",efit: 1,,,0,0,0,0,1,,
2026-04-25 14:49:16,33,19,19,0,"fit: 3, efit: 6","fit: 3, efit: 4",efit: 1,,,0,0,0,0,1,,
2026-04-25 14:59:18,33,19,19,0,"fit: 3, efit: 7","fit: 3, efit: 5",efit: 1,,,0,0,0,0,1,,
2026-04-25 15:09:20,33,19,19,0,"fit: 3, efit: 6","fit: 3, efit: 4",efit: 1,,,0,0,0,0,1,,
2026-04-25 15:19:22,33,19,19,0,"fit: 4, efit: 5","fit: 4, efit: 3",efit: 1,,,0,0,0,0,1,,
2026-04-25 15:24:22,33,19,19,0,"fit: 4, efit: 6","fit: 4, efit: 4",efit: 1,,,0,0,0,0,1,,
2026-04-25 15:35:51,33,19,19,0,"fit: 4, efit: 7","fit: 4, efit: 5",efit: 1,,,0,0,0,0,1,,
2026-04-25 15:44:26,33,19,19,0,"fit: 4, efit: 6","fit: 4, efit: 4",efit: 1,,,0,0,0,0,1,,
2026-04-25 15:49:27,33,19,19,0,"fit: 4, efit: 7","fit: 4, efit: 5",efit: 1,,,0,0,0,0,1,,
2026-04-25 15:50:53,33,19,19,0,"fit: 4, efit: 8","fit: 4, efit: 6",efit: 1,,,0,0,0,0,1,,
2026-04-25 16:00:10,33,19,19,0,"fit: 4, efit: 9","fit: 4, efit: 7",efit: 1,,,0,0,0,0,1,,
2026-04-25 16:05:11,33,19,19,0,"fit: 4, efit: 8","fit: 4, efit: 6",efit: 1,,,0,0,0,0,1,,
2026-04-25 16:14:32,33,19,19,0,"fit: 4, efit: 3","fit: 4, efit: 1",efit: 1,,,0,0,0,0,1,,
2026-04-25 16:20:58,33,19,19,0,"fit: 4, efit: 4","fit: 4, efit: 2",efit: 1,,,0,0,0,0,1,,
2026-04-25 16:24:34,33,19,19,0,"fit: 4, efit: 3","fit: 4, efit: 1",efit: 1,,,0,0,0,0,1,,
2026-04-25 16:34:36,33,19,19,0,"fit: 4, efit: 4","fit: 4, efit: 2",efit: 1,,,0,0,0,0,1,,
2026-04-25 16:39:37,33,19,19,0,"fit: 4, efit: 6","fit: 4, efit: 4",efit: 1,,,0,0,0,0,1,,
2026-04-25 16:44:38,33,19,19,0,"fit: 5, efit: 5","fit: 5, efit: 3",efit: 1,,,0,0,0,0,1,,
2026-04-25 16:49:39,33,19,19,0,"fit: 5, efit: 4","fit: 5, efit: 2",efit: 1,,,0,0,0,0,1,,
2026-04-25 16:50:20,33,19,19,0,"fit: 5, efit: 3","fit: 5, efit: 1",efit: 1,,,0,0,0,0,1,,
2026-04-25 16:59:41,33,19,19,0,"fit: 5, efit: 4","fit: 5, efit: 2",efit: 1,,,0,0,0,0,1,,
2026-04-25 17:09:43,33,19,19,0,"fit: 5, efit: 3","fit: 5, efit: 1",efit: 1,,,0,0,0,0,1,,
2026-04-25 17:14:44,33,19,19,0,"fit: 3, efit: 2",fit: 3,efit: 1,,,0,0,0,0,1,,
2026-04-25 17:19:45,33,19,19,0,"fit: 4, efit: 2",fit: 4,efit: 1,,,0,0,0,0,1,,
2026-04-25 17:24:46,33,19,19,0,"fit: 4, efit: 3","fit: 4, efit: 1",efit: 1,,,0,0,0,0,1,,
2026-04-25 17:39:49,33,19,19,0,"fit: 5, efit: 2",fit: 5,efit: 1,,,0,0,0,0,1,,
2026-04-25 18:04:53,33,19,19,0,"fit: 5, efit: 3","fit: 5, efit: 1",efit: 1,,,0,0,0,0,1,,
2026-04-25 18:24:57,33,19,19,0,"fit: 5, efit: 4","fit: 5, efit: 2",efit: 1,,,0,0,0,0,1,,
2026-04-25 18:34:59,33,19,19,0,"fit: 5, efit: 3","fit: 5, efit: 1",efit: 1,,,0,0,0,0,1,,
2026-04-25 18:35:43,33,19,19,0,"fit: 5, efit: 2",fit: 5,efit: 1,,,0,0,0,0,1,,
2026-04-25 18:50:02,33,19,19,0,"fit: 4, efit: 2",fit: 4,efit: 1,,,0,0,0,0,1,,
2026-04-25 19:01:22,33,19,19,0,"fit: 4, efit: 3","fit: 4, efit: 1",efit: 1,,,0,0,0,0,1,,
2026-04-25 19:20:08,33,19,19,0,"fit: 6, efit: 3","fit: 6, efit: 1",efit: 1,,,0,0,0,0,1,,
2026-04-25 19:30:10,33,19,19,0,"fit: 5, efit: 3","fit: 5, efit: 1",efit: 1,,,0,0,0,0,1,,
2026-04-25 19:30:54,33,19,19,0,"fit: 5, efit: 2",fit: 5,efit: 1,,,0,0,0,0,1,,
2026-04-25 19:31:26,33,19,19,0,"fit: 4, efit: 3","fit: 4, efit: 1",efit: 1,,,0,0,0,0,1,,
2026-04-25 19:40:12,33,19,19,0,"fit: 6, efit: 2",fit: 6,efit: 1,,,0,0,0,0,1,,
2026-04-25 19:45:58,33,19,19,0,"fit: 4, efit: 2",fit: 4,efit: 1,,,0,0,0,0,1,,
2026-04-25 19:46:29,33,19,19,0,"fit: 3, efit: 2",fit: 3,efit: 1,,,0,0,0,0,1,,
2026-04-25 20:15:19,33,19,19,0,"fit: 2, efit: 2",fit: 2,efit: 1,,,0,0,0,0,1,,
2026-04-25 20:30:21,33,19,19,0,"fit: 1, efit: 2",fit: 1,efit: 1,,,0,0,0,0,1,,
2026-04-25 20:51:12,33,19,19,0,"fit: 1, efit: 3","fit: 1, efit: 1",efit: 1,,,0,0,0,0,1,,
2026-04-25 20:55:26,33,19,19,0,"fit: 1, efit: 4","fit: 1, efit: 2",efit: 1,,,0,0,0,0,1,,
2026-04-25 21:20:31,33,19,19,0,"fit: 1, efit: 2",fit: 1,efit: 1,,,0,0,0,0,1,,
2026-04-25 21:25:32,33,19,19,0,"fit: 1, efit: 4","fit: 1, efit: 2",efit: 1,,,0,0,0,0,1,,
2026-04-25 21:31:20,33,19,19,0,"fit: 2, efit: 5","fit: 2, efit: 3",efit: 1,,,0,0,0,0,1,,
2026-04-25 21:40:35,33,19,19,0,"fit: 3, efit: 5","fit: 3, efit: 3",efit: 1,,,0,0,0,0,1,,
2026-04-25 21:45:36,33,19,19,0,"fit: 3, efit: 2",fit: 3,efit: 1,,,0,0,0,0,1,,
2026-04-25 21:55:37,33,19,19,0,"fit: 2, efit: 2",fit: 2,efit: 1,,,0,0,0,0,1,,
2026-04-25 22:15:41,33,19,19,0,"fit: 1, efit: 2",fit: 1,efit: 1,,,0,0,0,0,1,,
2026-04-25 22:45:47,33,19,19,0,efit: 2,,efit: 1,,,0,0,0,0,1,,
2026-04-26 00:01:01,33,19,19,0,efit: 2,,efit: 1,,,0,0,0,0,1,,
2026-04-26 00:16:04,33,19,19,0,efit: 3,efit: 1,efit: 1,,,0,0,0,0,1,,
2026-04-26 00:57:02,33,19,19,0,efit: 4,efit: 2,efit: 1,,,0,0,0,0,1,,
2026-04-26 01:37:10,33,19,19,0,efit: 3,efit: 1,efit: 1,,,0,0,0,0,1,,
2026-04-26 01:46:20,33,19,19,0,efit: 2,,efit: 1,,,0,0,0,0,1,,
2026-04-26 03:36:40,33,19,19,0,efit: 4,efit: 2,efit: 1,,,0,0,0,0,1,,
2026-04-26 03:57:37,33,19,19,0,efit: 6,efit: 4,efit: 1,,,0,0,0,0,1,,
2026-04-26 06:57:16,33,19,19,0,efit: 7,efit: 5,efit: 1,,,0,0,0,0,1,,
2026-04-26 07:28:19,33,19,19,0,efit: 8,efit: 6,efit: 1,,,0,0,0,0,1,,
2026-04-26 07:47:24,33,19,19,0,efit: 8,efit: 6,efit: 2,,,0,0,0,0,1,,
2026-04-26 09:07:39,33,19,19,0,efit: 9,efit: 6,efit: 3,,,0,0,0,0,1,,
2026-04-26 09:08:39,33,19,19,0,efit: 8,efit: 6,efit: 2,,,0,0,0,0,1,,
2026-04-26 09:12:40,33,19,19,0,efit: 7,efit: 7,,,,0,0,0,0,1,,
2026-04-26 09:22:42,33,19,19,0,efit: 8,efit: 8,,,,0,0,0,0,1,,
2026-04-26 09:38:24,33,19,19,0,efit: 7,efit: 7,,,,0,0,0,0,1,,
2026-04-26 09:52:48,33,19,19,0,efit: 8,efit: 8,,,,0,0,0,0,1,,
2026-04-26 10:22:53,33,19,19,0,efit: 9,efit: 9,,,,0,0,0,0,1,,
2026-04-26 10:47:58,33,19,19,0,"fit: 1, efit: 9","fit: 1, efit: 9",,,,0,0,0,0,1,,
2026-04-26 10:58:00,33,19,19,0,"fit: 1, efit: 10","fit: 1, efit: 10",,,,0,0,0,0,1,,
2026-04-26 11:18:04,33,19,19,0,"fit: 1, efit: 9","fit: 1, efit: 9",,,,0,0,0,0,1,,
2026-04-26 11:28:06,33,19,19,0,"fit: 1, efit: 10","fit: 1, efit: 10",,,,0,0,0,0,1,,
2026-04-26 11:38:08,33,19,19,0,"fit: 1, efit: 11","fit: 1, efit: 11",,,,0,0,0,0,1,,
2026-04-26 11:53:43,33,19,19,0,"fit: 2, efit: 11","fit: 2, efit: 11",,,,0,0,0,0,1,,
2026-04-26 11:58:11,33,19,19,0,"fit: 2, efit: 12","fit: 2, efit: 12",,,,0,0,0,0,1,,
2026-04-26 12:08:14,33,19,19,0,"fit: 2, efit: 13","fit: 2, efit: 13",,,,0,0,0,0,1,,
2026-04-26 12:09:17,33,19,19,0,"fit: 2, efit: 12","fit: 2, efit: 12",,,,0,0,0,0,1,,
2026-04-26 12:18:16,33,19,19,0,"fit: 2, efit: 11","fit: 2, efit: 11",,,,0,0,0,0,1,,
2026-04-26 12:33:49,33,19,19,0,"fit: 2, efit: 12","fit: 2, efit: 12",,,,0,0,0,0,1,,
2026-04-26 12:38:19,33,19,19,0,"fit: 2, efit: 11","fit: 2, efit: 11",,,,0,0,0,0,1,,
2026-04-26 12:39:23,33,19,19,0,"fit: 2, efit: 10","fit: 2, efit: 10",,,,0,0,0,0,1,,
2026-04-26 12:53:22,33,19,19,0,"fit: 2, efit: 8","fit: 2, efit: 8",,,,0,0,0,0,1,,
2026-04-26 12:53:52,33,19,19,0,"fit: 2, efit: 7","fit: 2, efit: 7",,,,0,0,0,0,1,,
2026-04-26 13:23:28,33,19,19,0,"fit: 2, efit: 6","fit: 2, efit: 6",,,,0,0,0,0,1,,
2026-04-26 13:33:30,33,19,19,0,"fit: 2, efit: 7","fit: 2, efit: 7",,,,0,0,0,0,1,,
2026-04-26 13:34:35,33,19,19,0,"fit: 2, efit: 8","fit: 2, efit: 8",,,,0,0,0,0,1,,
2026-04-26 13:38:31,33,19,19,0,"fit: 2, efit: 9","fit: 2, efit: 7",,,,0,0,0,0,1,,
2026-04-26 13:43:32,33,19,19,0,"fit: 2, efit: 7","fit: 2, efit: 5",,,,0,0,0,0,1,,
2026-04-26 13:48:33,33,19,19,0,"fit: 3, efit: 4","fit: 3, efit: 2",,,,0,0,0,0,1,,
2026-04-26 13:53:34,33,19,19,0,"fit: 3, efit: 6","fit: 3, efit: 4",,,,0,0,0,0,1,,
2026-04-26 14:08:37,33,19,19,0,"fit: 3, efit: 8","fit: 3, efit: 3",,,,0,0,0,0,1,,
2026-04-26 14:13:38,33,19,19,0,"fit: 3, efit: 9","fit: 3, efit: 4",,,,0,0,0,0,1,,
2026-04-26 14:18:39,33,19,19,0,"fit: 3, efit: 8","fit: 3, efit: 3",,,,0,0,0,0,1,,
2026-04-26 14:28:41,33,19,19,0,"fit: 3, efit: 7","fit: 3, efit: 3",,,,0,0,0,0,1,,
2026-04-26 14:38:43,33,19,19,0,"fit: 3, efit: 9","fit: 3, efit: 5",,,,0,0,0,0,1,,
2026-04-26 14:43:44,33,19,19,0,"fit: 3, efit: 5","fit: 3, efit: 1",,,,0,0,0,0,1,,
2026-04-26 14:48:45,33,19,19,0,"fit: 3, efit: 6","fit: 3, efit: 2",,,,0,0,0,0,1,,
2026-04-26 14:58:47,33,19,19,0,"fit: 3, efit: 5","fit: 3, efit: 3",,,,0,0,0,0,1,,
2026-04-26 15:08:50,33,19,19,0,"fit: 3, efit: 6","fit: 3, efit: 4",,,,0,0,0,0,1,,
2026-04-26 15:13:51,33,19,19,0,"fit: 3, efit: 5","fit: 3, efit: 3",,,,0,0,0,0,1,,
2026-04-26 15:18:52,33,19,19,0,"fit: 3, efit: 4","fit: 3, efit: 2",,,,0,0,0,0,1,,
2026-04-26 15:24:59,33,19,19,0,"fit: 3, efit: 5","fit: 3, efit: 3",,,,0,0,0,0,1,,
2026-04-26 15:28:54,33,19,19,0,"fit: 3, efit: 5","fit: 3, efit: 5",,,,0,0,0,0,1,,
2026-04-26 15:33:55,33,19,19,0,"fit: 3, efit: 6","fit: 3, efit: 6",,,,0,0,0,0,1,,
2026-04-26 15:43:57,33,19,19,0,"fit: 3, efit: 5","fit: 3, efit: 5",,,,0,0,0,0,1,,
2026-04-26 15:53:59,33,19,19,0,"fit: 3, efit: 4","fit: 3, efit: 4",,,,0,0,0,0,1,,
2026-04-26 16:04:01,33,19,19,0,"fit: 3, efit: 4","fit: 3, efit: 3",,,,0,0,0,0,1,,
2026-04-26 16:15:11,33,19,19,0,"fit: 3, efit: 3","fit: 3, efit: 2",,,,0,0,0,0,1,,
2026-04-26 16:29:06,33,19,19,0,"fit: 3, efit: 3","fit: 3, efit: 3",,,,0,0,0,0,1,,
2026-04-26 16:44:08,33,19,19,0,"fit: 3, efit: 2","fit: 3, efit: 2",,,,0,0,0,0,1,,
2026-04-26 16:50:19,33,19,19,0,"fit: 3, efit: 1","fit: 3, efit: 1",,,,0,0,0,0,1,,
2026-04-26 16:54:10,33,19,19,0,"fit: 3, efit: 2","fit: 3, efit: 2",,,,0,0,0,0,1,,
2026-04-26 16:59:11,33,19,19,0,"fit: 4, efit: 2","fit: 4, efit: 2",,,,0,0,0,0,1,,
2026-04-26 17:20:26,33,19,19,0,"fit: 4, efit: 1","fit: 4, efit: 1",,,,0,0,0,0,1,,
2026-04-26 17:25:27,33,19,19,0,"fit: 3, efit: 1","fit: 3, efit: 1",,,,0,0,0,0,1,,
2026-04-26 17:29:17,33,19,19,0,fit: 3,fit: 3,,,,0,0,0,0,1,,
2026-04-26 17:39:19,33,19,19,0,"fit: 1, efit: 1",fit: 1,,,,0,0,0,0,1,,
2026-04-26 17:59:23,33,19,19,0,"fit: 1, efit: 1","fit: 1, efit: 1",,,,0,0,0,0,1,,
2026-04-26 18:04:24,33,19,19,0,"fit: 2, efit: 1","fit: 2, efit: 1",,,,0,0,0,0,1,,
2026-04-26 18:25:40,33,19,19,0,fit: 2,fit: 2,,,,0,0,0,0,1,,
2026-04-26 18:29:29,33,19,19,0,fit: 1,fit: 1,,,,0,0,0,0,1,,
2026-04-26 18:34:30,33,19,19,0,"fit: 1, efit: 2","fit: 1, efit: 2",,,,0,0,0,0,1,,
2026-04-26 18:44:32,33,19,19,0,"fit: 2, efit: 3","fit: 2, efit: 3",,,,0,0,0,0,1,,
2026-04-26 18:44:46,33,19,19,0,"fit: 2, efit: 2","fit: 2, efit: 2",,,,0,0,0,0,1,,
2026-04-26 18:49:33,33,19,19,0,"fit: 3, efit: 2","fit: 3, efit: 2",,,,0,0,0,0,1,,
2026-04-26 18:54:34,33,19,19,0,fit: 3,fit: 3,,,,0,0,0,0,1,,
2026-04-26 19:14:38,33,19,19,0,"fit: 3, efit: 1","fit: 3, efit: 1",,,,0,0,0,0,1,,
2026-04-26 19:14:51,33,19,19,0,"fit: 2, efit: 1","fit: 2, efit: 1",,,,0,0,0,0,1,,
2026-04-26 19:24:40,33,19,19,0,"fit: 2, efit: 2","fit: 2, efit: 2",,,,0,0,0,0,1,,
2026-04-26 19:34:42,33,19,19,0,"fit: 2, efit: 1","fit: 2, efit: 1",,,,0,0,0,0,1,,
2026-04-26 19:39:43,33,19,19,0,fit: 1,fit: 1,,,,0,0,0,0,1,,
2026-04-26 19:40:56,33,19,19,0,fit: 2,fit: 2,,,,0,0,0,0,1,,
2026-04-26 19:44:44,33,19,19,0,,,,,,0,0,0,0,1,,
2026-04-26 19:49:45,33,19,19,0,fit: 1,fit: 1,,,,0,0,0,0,1,,
2026-04-26 20:04:48,33,19,19,0,,,,,,0,0,0,0,1,,
2026-04-26 20:06:02,33,19,19,0,efit: 1,efit: 1,,,,0,0,0,0,1,,
2026-04-26 20:11:03,33,19,19,0,,,,,,0,0,0,0,1,,
2026-04-26 20:31:07,33,19,19,0,efit: 4,efit: 4,,,,0,0,0,0,1,,
2026-04-26 20:34:53,33,19,19,0,efit: 5,efit: 5,,,,0,0,0,0,1,,
2026-04-26 20:39:54,33,19,19,0,efit: 4,efit: 4,,,,0,0,0,0,1,,
2026-04-26 20:49:56,33,19,19,0,efit: 5,efit: 5,,,,0,0,0,0,1,,
2026-04-26 20:54:57,33,19,19,0,efit: 6,efit: 6,,,,0,0,0,0,1,,
2026-04-26 21:10:01,33,19,19,0,efit: 5,efit: 5,,,,0,0,0,0,1,,
2026-04-26 21:15:02,33,19,19,0,efit: 4,efit: 4,,,,0,0,0,0,1,,
2026-04-26 21:25:04,33,19,19,0,efit: 3,efit: 3,,,,0,0,0,0,1,,
2026-04-26 21:30:04,33,19,19,0,efit: 4,efit: 4,,,,0,0,0,0,1,,
2026-04-26 21:35:05,33,19,19,0,efit: 2,efit: 2,,,,0,0,0,0,1,,
2026-04-26 21:50:08,33,19,19,0,efit: 3,efit: 3,,,,0,0,0,0,1,,
2026-04-26 22:01:26,33,19,19,0,efit: 1,efit: 1,,,,0,0,0,0,1,,
2026-04-26 22:05:11,33,19,19,0,efit: 2,efit: 2,,,,0,0,0,0,1,,
2026-04-26 22:10:12,33,19,19,0,efit: 1,efit: 1,,,,0,0,0,0,1,,
2026-04-26 22:11:28,33,19,19,0,,,,,,0,0,0,0,1,,
2026-04-27 00:00:32,33,19,19,0,,,,,,0,0,0,0,1,,
2026-04-27 07:01:32,33,19,19,0,efit: 1,efit: 1,,,,0,0,0,0,1,,
2026-04-27 07:08:18,33,19,19,0,efit: 2,efit: 2,,,,0,0,0,0,1,,
2026-04-27 08:03:29,33,19,19,0,"fit: 1, efit: 2","fit: 1, efit: 2",,,,0,0,0,0,1,,
2026-04-27 08:11:42,33,19,19,0,"fit: 2, efit: 2","fit: 2, efit: 2",,,,0,0,0,0,1,,
2026-04-27 08:41:47,33,19,19,0,"fit: 2, efit: 3","fit: 2, efit: 3",,,,0,0,0,0,1,,
2026-04-27 09:31:54,33,19,19,0,"fit: 2, efit: 2","fit: 2, efit: 2",,,,0,0,0,0,1,,
2026-04-27 09:38:49,33,19,19,0,"fit: 2, efit: 3","fit: 2, efit: 3",,,,0,0,0,0,1,,
2026-04-27 09:41:56,33,19,19,0,"fit: 2, efit: 4","fit: 2, efit: 4",,,,0,0,0,0,1,,
2026-04-27 09:46:56,33,19,19,0,"fit: 2, efit: 5","fit: 2, efit: 5",,,,0,0,0,0,1,,
2026-04-27 09:48:52,33,19,19,0,"fit: 2, efit: 6","fit: 2, efit: 6",,,,0,0,0,0,1,,
2026-04-27 10:03:55,33,19,19,0,"fit: 2, efit: 7","fit: 2, efit: 7",,,,0,0,0,0,1,,
2026-04-27 10:22:23,33,19,19,0,"fit: 2, efit: 6","fit: 2, efit: 6",,,,0,0,0,0,1,,
2026-04-27 10:39:02,33,19,19,0,"fit: 2, efit: 7","fit: 2, efit: 7",,,,0,0,0,0,1,,
2026-04-27 10:52:06,33,19,19,0,"fit: 2, efit: 8","fit: 2, efit: 8",,,,0,0,0,0,1,,
2026-04-27 10:59:07,33,19,19,0,"fit: 2, efit: 7","fit: 2, efit: 7",,,,0,0,0,0,1,,
2026-04-27 11:14:10,33,19,19,0,"fit: 2, efit: 8","fit: 2, efit: 8",,,,0,0,0,0,1,,
2026-04-27 11:27:16,33,19,19,0,"fit: 2, efit: 9","fit: 2, efit: 9",,,,0,0,0,0,1,,
2026-04-27 11:32:16,33,19,19,0,"fit: 2, efit: 8","fit: 2, efit: 8",,,,0,0,0,0,1,,
2026-04-27 11:37:39,33,19,19,0,"fit: 3, efit: 8","fit: 3, efit: 8",,,,0,0,0,0,1,,
2026-04-27 11:39:15,33,19,19,0,"fit: 3, efit: 7","fit: 3, efit: 7",,,,0,0,0,0,1,,
2026-04-27 11:44:16,33,19,19,0,"fit: 3, efit: 6","fit: 3, efit: 6",,,,0,0,0,0,1,,
2026-04-27 11:49:17,33,19,19,0,"fit: 3, efit: 5","fit: 3, efit: 5",,,,0,0,0,0,1,,
2026-04-27 11:52:19,33,19,19,0,"fit: 3, efit: 8","fit: 3, efit: 8",,,,0,0,0,0,1,,
2026-04-27 11:52:42,33,19,19,0,"fit: 3, efit: 6","fit: 3, efit: 6",,,,0,0,0,0,1,,
2026-04-27 11:54:18,33,19,19,0,"fit: 3, efit: 5","fit: 3, efit: 5",,,,0,0,0,0,1,,
2026-04-27 12:37:26,33,19,19,0,"fit: 3, efit: 4","fit: 3, efit: 4",,,,0,0,0,0,1,,
2026-04-27 12:49:30,33,19,19,0,"fit: 3, efit: 3","fit: 3, efit: 3",,,,0,0,0,0,1,,
2026-04-27 12:57:29,33,19,19,0,"fit: 3, efit: 4","fit: 3, efit: 4",,,,0,0,0,0,1,,
2026-04-27 12:59:32,33,19,19,0,"fit: 3, efit: 3","fit: 3, efit: 3",,,,0,0,0,0,1,,
2026-04-27 13:17:33,33,19,19,0,"fit: 3, efit: 4","fit: 3, efit: 4",,,,0,0,0,0,1,,
2026-04-27 13:27:34,33,19,19,0,"fit: 3, efit: 3","fit: 3, efit: 3",,,,0,0,0,0,1,,
2026-04-27 13:28:01,33,19,19,0,"fit: 3, efit: 1","fit: 3, efit: 1",,,,0,0,0,0,1,,
2026-04-27 13:34:39,33,19,19,0,"fit: 3, efit: 2","fit: 3, efit: 2",,,,0,0,0,0,1,,
2026-04-27 13:49:43,33,19,19,0,"fit: 3, efit: 1","fit: 3, efit: 1",,,,0,0,0,0,1,,
2026-04-27 13:54:44,33,19,19,0,"fit: 3, efit: 2","fit: 3, efit: 2",,,,0,0,0,0,1,,
2026-04-27 14:08:09,33,19,19,0,"fit: 3, efit: 4","fit: 3, efit: 4",,,,0,0,0,0,1,,
2026-04-27 14:09:47,33,19,19,0,"fit: 3, efit: 5","fit: 3, efit: 5",,,,0,0,0,0,1,,
2026-04-27 14:17:41,33,19,19,0,"fit: 3, efit: 4","fit: 3, efit: 4",,,,0,0,0,0,1,,
2026-04-27 14:18:11,33,19,19,0,"fit: 3, efit: 3","fit: 3, efit: 3",,,,0,0,0,0,1,,
2026-04-27 14:22:42,33,19,19,0,"fit: 3, efit: 4","fit: 3, efit: 4",,,,0,0,0,0,1,,
2026-04-27 14:33:14,33,19,19,0,"fit: 3, efit: 3","fit: 3, efit: 3",,,,0,0,0,0,1,,
2026-04-27 14:34:52,33,19,19,0,"fit: 3, efit: 2","fit: 3, efit: 2",,,,0,0,0,0,1,,
2026-04-27 14:37:44,33,19,19,0,"fit: 3, efit: 3","fit: 3, efit: 3",,,,0,0,0,0,1,,
2026-04-27 15:07:49,33,19,19,0,"fit: 4, efit: 2","fit: 4, efit: 2",,,,0,0,0,0,1,,
2026-04-27 15:17:51,33,19,19,0,"fit: 4, efit: 1","fit: 4, efit: 1",,,,0,0,0,0,1,,
2026-04-27 15:27:53,33,19,19,0,"fit: 3, efit: 1","fit: 3, efit: 1",,,,0,0,0,0,1,,
2026-04-27 15:28:26,33,19,19,0,"fit: 4, efit: 2","fit: 4, efit: 2",,,,0,0,0,0,1,,
2026-04-27 15:30:05,33,19,19,0,"fit: 3, efit: 3","fit: 3, efit: 3",,,,0,0,0,0,1,,
2026-04-27 15:35:06,33,19,19,0,"fit: 4, efit: 2","fit: 4, efit: 2",,,,0,0,0,0,1,,
2026-04-27 15:47:57,33,19,19,0,fit: 4,fit: 4,,,,0,0,0,0,1,,
2026-04-27 15:50:10,33,19,19,0,,,,,,0,0,0,0,1,,
2026-04-27 15:57:59,33,19,19,0,efit: 2,efit: 2,,,,0,0,0,0,1,,
2026-04-27 16:03:01,33,19,19,0,efit: 3,efit: 3,,,,0,0,0,0,1,,
2026-04-27 16:13:03,33,19,19,0,efit: 2,efit: 2,,,,0,0,0,0,1,,
2026-04-27 16:18:03,33,19,19,0,efit: 1,efit: 1,,,,0,0,0,0,1,,
2026-04-27 16:20:18,33,19,19,0,,,,,,0,0,0,0,1,,
2026-04-27 16:50:25,33,19,19,0,efit: 1,efit: 1,,,,0,0,0,0,1,,
2026-04-27 16:53:09,33,19,19,0,,,,,,0,0,0,0,1,,
2026-04-27 16:58:10,33,19,19,0,efit: 1,efit: 1,,,,0,0,0,0,1,,
2026-04-27 16:58:48,33,19,19,0,efit: 2,efit: 2,,,,0,0,0,0,1,,
2026-04-27 17:05:29,33,19,19,0,efit: 1,efit: 1,,,,0,0,0,0,1,,
2026-04-27 17:15:31,33,19,19,0,,,,,,0,0,0,0,1,,
2026-04-27 17:18:13,33,19,19,0,fit: 1,fit: 1,,,,0,0,0,0,1,,
2026-04-27 17:33:16,33,19,19,0,"fit: 1, efit: 2","fit: 1, efit: 2",,,,0,0,0,0,1,,
2026-04-27 17:40:36,33,19,19,0,"fit: 2, efit: 2","fit: 2, efit: 2",,,,0,0,0,0,1,,
2026-04-27 17:43:17,33,19,19,0,"fit: 2, efit: 1","fit: 2, efit: 1",,,,0,0,0,0,1,,
2026-04-27 17:48:18,33,19,19,0,fit: 2,fit: 2,,,,0,0,0,0,1,,
2026-04-27 17:50:38,33,19,19,0,"fit: 2, efit: 1","fit: 2, efit: 1",,,,0,0,0,0,1,,
2026-04-27 17:55:39,33,19,19,0,fit: 2,fit: 2,,,,0,0,0,0,1,,
2026-04-27 18:03:21,33,19,19,0,fit: 1,fit: 1,,,,0,0,0,0,1,,
2026-04-27 18:08:21,33,19,19,0,"fit: 1, efit: 1","fit: 1, efit: 1",,,,0,0,0,0,1,,
2026-04-27 18:09:02,33,19,19,0,fit: 1,fit: 1,,,,0,0,0,0,1,,
2026-04-27 18:10:43,33,19,19,0,"fit: 1, efit: 1","fit: 1, efit: 1",,,,0,0,0,0,1,,
2026-04-27 18:20:45,33,19,19,0,fit: 1,fit: 1,,,,0,0,0,0,1,,
2026-04-27 18:23:24,33,19,19,0,"fit: 1, efit: 4","fit: 1, efit: 4",,,,0,0,0,0,1,,
2026-04-27 18:30:47,33,19,19,0,"fit: 1, efit: 3","fit: 1, efit: 3",,,,0,0,0,0,1,,
2026-04-27 18:35:48,33,19,19,0,"fit: 1, efit: 2","fit: 1, efit: 2",,,,0,0,0,0,1,,
2026-04-27 18:38:26,33,19,19,0,"fit: 1, efit: 1","fit: 1, efit: 1",,,,0,0,0,0,1,,
2026-04-27 18:39:08,33,19,19,0,"fit: 1, efit: 2","fit: 1, efit: 2",,,,0,0,0,0,1,,
2026-04-27 18:40:49,33,19,19,0,"fit: 1, efit: 1","fit: 1, efit: 1",,,,0,0,0,0,1,,
2026-04-27 18:45:50,33,19,19,0,"fit: 1, efit: 4","fit: 1, efit: 4",,,,0,0,0,0,1,,
2026-04-27 18:48:28,33,19,19,0,"fit: 1, efit: 1","fit: 1, efit: 1",,,,0,0,0,0,1,,
2026-04-27 18:53:29,33,19,19,0,"fit: 1, efit: 2","fit: 1, efit: 2",,,,0,0,0,0,1,,
2026-04-27 18:59:12,33,19,19,0,"fit: 1, efit: 1","fit: 1, efit: 1",,,,0,0,0,0,1,,
2026-04-27 19:00:53,33,19,19,0,fit: 1,fit: 1,,,,0,0,0,0,1,,
2026-04-27 19:03:30,33,19,19,0,"fit: 1, efit: 1","fit: 1, efit: 1",,,,0,0,0,0,1,,
2026-04-27 19:05:54,33,19,19,0,fit: 1,fit: 1,,,,0,0,0,0,1,,
2026-04-27 19:08:31,33,19,19,0,,,,,,0,0,0,0,1,,
2026-04-27 19:59:24,33,19,19,0,efit: 1,efit: 1,,,,0,0,0,0,1,,
2026-04-27 20:03:39,33,19,19,0,,,,,,0,0,0,0,1,,
2026-04-27 20:43:45,33,19,19,0,fit: 1,fit: 1,,,,0,0,0,0,1,,
2026-04-27 20:48:46,33,19,19,0,,,,,,0,0,0,0,1,,
2026-04-27 21:26:25,33,19,19,0,efit: 1,efit: 1,,,,0,0,0,0,1,,
2026-04-27 21:31:26,33,19,19,0,,,,,,0,0,0,0,1,,
2026-04-27 22:13:59,33,19,19,0,efit: 1,efit: 1,,,,0,0,0,0,1,,
2026-04-27 22:24:53,33,19,19,0,,,,,,0,0,0,0,1,,
2026-04-27 23:21:49,33,19,19,0,efit: 1,efit: 1,,,,0,0,0,0,1,,
2026-04-27 23:39:11,33,19,19,0,,,,,,0,0,0,0,1,,
2026-04-28 00:00:12,33,19,19,0,,,,,,0,0,0,0,1,,
2026-04-28 02:49:39,33,19,19,0,efit: 1,efit: 1,,,,0,0,0,0,1,,
2026-04-28 03:07:35,33,19,19,0,,,,,,0,0,0,0,1,,
2026-04-28 08:35:29,33,19,19,0,efit: 1,,,,,0,0,0,0,1,,
2026-04-28 08:41:50,33,19,19,0,efit: 2,efit: 1,,,,0,0,0,0,1,,
2026-04-28 08:43:43,33,19,19,0,efit: 2,,,,,0,0,0,0,1,,
2026-04-28 08:46:51,33,19,19,0,efit: 2,efit: 1,,,,0,0,0,0,1,,
2026-04-28 09:01:53,33,19,19,0,efit: 3,efit: 1,,,,0,0,0,0,1,,
2026-04-28 09:10:35,33,19,19,0,efit: 4,efit: 1,,,,0,0,0,0,1,,
2026-04-28 09:11:55,33,19,19,0,efit: 5,efit: 2,,,,0,0,0,0,1,,
2026-04-28 09:16:56,33,19,19,0,efit: 5,efit: 3,,,,0,0,0,0,1,,
2026-04-28 09:30:38,33,19,19,0,efit: 6,efit: 3,,,,0,0,0,0,1,,
2026-04-28 09:31:59,33,19,19,0,efit: 7,efit: 4,,,,0,0,0,0,1,,
2026-04-28 09:47:02,33,19,19,0,efit: 7,efit: 6,,,,0,0,0,0,1,,
2026-04-28 09:53:58,33,19,19,0,efit: 8,efit: 6,,,,0,0,0,0,1,,
2026-04-28 09:55:41,33,19,19,0,efit: 7,efit: 5,,,,0,0,0,0,1,,
2026-04-28 10:05:43,33,19,19,0,efit: 8,efit: 5,,,,0,0,0,0,1,,
2026-04-28 10:07:06,33,19,19,0,efit: 7,efit: 4,,,,0,0,0,0,1,,
2026-04-28 10:12:07,33,19,19,0,efit: 6,efit: 3,,,,0,0,0,0,1,,
2026-04-28 10:15:44,33,19,19,0,efit: 6,efit: 2,,,,0,0,0,0,1,,
2026-04-28 10:34:06,33,19,19,0,efit: 7,efit: 3,,,,0,0,0,0,1,,
2026-04-28 10:47:13,33,19,19,0,efit: 7,efit: 6,,,,0,0,0,0,1,,
2026-04-28 11:05:52,33,19,19,0,efit: 8,efit: 6,,,,0,0,0,0,1,,
2026-04-28 11:07:17,33,19,19,0,efit: 7,efit: 5,,,,0,0,0,0,1,,
2026-04-28 11:14:15,33,19,19,0,efit: 6,efit: 4,,,,0,0,0,0,1,,
2026-04-28 11:19:16,33,19,19,0,efit: 7,efit: 5,,,,0,0,0,0,1,,
2026-04-28 11:35:57,33,19,19,0,efit: 8,efit: 6,,,,0,0,0,0,1,,
2026-04-28 11:37:23,33,19,19,0,efit: 7,efit: 5,,,,0,0,0,0,1,,
2026-04-28 11:47:25,33,19,19,0,efit: 7,efit: 4,,,,0,0,0,0,1,,
2026-04-28 11:49:22,33,19,19,0,efit: 7,efit: 5,,,,0,0,0,0,1,,
2026-04-28 11:50:59,33,19,19,0,efit: 9,efit: 7,,,,0,0,0,0,1,,
2026-04-28 11:52:26,33,19,19,0,efit: 10,efit: 8,,,,0,0,0,0,1,,
2026-04-28 11:54:23,33,19,19,0,efit: 10,efit: 7,,,,0,0,0,0,1,,
2026-04-28 12:09:26,33,19,19,0,efit: 9,efit: 6,,,,0,0,0,0,1,,
2026-04-28 12:12:30,33,19,19,0,efit: 10,efit: 7,,,,0,0,0,0,1,,
2026-04-28 12:19:28,33,19,19,0,efit: 10,efit: 9,,,,0,0,0,0,1,,
2026-04-28 12:49:34,33,19,19,0,efit: 12,efit: 12,,,,0,0,0,0,1,,
2026-04-28 12:52:38,33,19,19,0,efit: 11,efit: 11,,,,0,0,0,0,1,,
2026-04-28 12:56:10,33,19,19,0,efit: 12,efit: 12,,,,0,0,0,0,1,,
2026-04-28 13:11:12,33,19,19,0,efit: 13,efit: 13,,,,0,0,0,0,1,,
2026-04-28 13:16:13,33,19,19,0,efit: 11,efit: 11,,,,0,0,0,0,1,,
2026-04-28 13:37:47,33,19,19,0,efit: 12,efit: 11,,,,0,0,0,0,1,,
2026-04-28 13:52:50,33,19,19,0,efit: 13,efit: 12,,,,0,0,0,0,1,,
2026-04-28 13:54:48,33,19,19,0,efit: 12,efit: 11,,,,0,0,0,0,1,,
2026-04-28 13:56:19,33,19,19,0,efit: 13,efit: 12,,,,0,0,0,0,1,,
2026-04-28 13:57:51,33,19,19,0,"fit: 1, efit: 11","fit: 1, efit: 10",,,,0,0,0,0,1,,
2026-04-28 14:02:52,33,19,19,0,"fit: 1, efit: 10","fit: 1, efit: 9",,,,0,0,0,0,1,,
2026-04-28 14:24:54,33,19,19,0,"fit: 1, efit: 9","fit: 1, efit: 8",,,,0,0,0,0,1,,
2026-04-28 14:27:56,33,19,19,0,"fit: 1, efit: 8","fit: 1, efit: 7",,,,0,0,0,0,1,,
2026-04-28 14:31:25,33,19,19,0,"fit: 1, efit: 10","fit: 1, efit: 9",,,,0,0,0,0,1,,
2026-04-28 14:32:57,33,19,19,0,"fit: 1, efit: 11","fit: 1, efit: 10",,,,0,0,0,0,1,,
2026-04-28 14:36:26,33,19,19,0,"fit: 1, efit: 10","fit: 1, efit: 9",,,,0,0,0,0,1,,
2026-04-28 14:39:58,33,19,19,0,"fit: 1, efit: 9","fit: 1, efit: 8",,,,0,0,0,0,1,,
2026-04-28 14:44:59,33,19,19,0,"fit: 1, efit: 10","fit: 1, efit: 9",,,,0,0,0,0,1,,
2026-04-28 14:50:00,33,19,19,0,"fit: 1, efit: 11","fit: 1, efit: 10",,,,0,0,0,0,1,,
2026-04-28 14:51:28,33,19,19,0,"fit: 1, efit: 12","fit: 1, efit: 11",,,,0,0,0,0,1,,
2026-04-28 14:55:01,33,19,19,0,"fit: 1, efit: 14","fit: 1, efit: 13",,,,0,0,0,0,1,,
2026-04-28 15:05:04,33,19,19,0,"fit: 1, efit: 13","fit: 1, efit: 12",,,,0,0,0,0,1,,
2026-04-28 15:06:30,33,19,19,0,"fit: 1, efit: 12","fit: 1, efit: 11",,,,0,0,0,0,1,,
2026-04-28 15:11:31,33,19,19,0,efit: 11,efit: 10,,,,0,0,0,0,1,,
2026-04-28 15:13:06,33,19,19,0,efit: 10,efit: 9,,,,0,0,0,0,1,,
2026-04-28 15:21:33,33,19,19,0,efit: 9,efit: 8,,,,0,0,0,0,1,,
2026-04-28 15:23:08,33,19,19,0,efit: 8,efit: 7,,,,0,0,0,0,1,,
2026-04-28 15:33:10,33,19,19,0,efit: 6,efit: 5,,,,0,0,0,0,1,,
2026-04-28 15:41:36,33,19,19,0,efit: 4,efit: 3,,,,0,0,0,0,1,,
2026-04-28 15:45:12,33,19,19,0,efit: 2,efit: 1,,,,0,0,0,0,1,,
2026-04-28 15:58:15,33,19,19,0,efit: 1,,,,,0,0,0,0,1,,
2026-04-28 16:25:21,33,19,19,0,efit: 2,efit: 1,,,,0,0,0,0,1,,
2026-04-28 16:48:25,33,19,19,0,efit: 1,,,,,0,0,0,0,1,,
2026-04-28 16:53:26,33,19,19,0,efit: 2,efit: 1,,,,0,0,0,0,1,,
2026-04-28 16:56:47,33,19,19,0,efit: 1,,,,,0,0,0,0,1,,
2026-04-28 17:06:49,33,19,19,0,efit: 4,efit: 3,,,,0,0,0,0,1,,
2026-04-28 17:08:29,33,19,19,0,efit: 5,efit: 4,,,,0,0,0,0,1,,
2026-04-28 17:16:50,33,19,19,0,efit: 4,efit: 3,,,,0,0,0,0,1,,
2026-04-28 17:23:32,33,19,19,0,efit: 3,efit: 2,,,,0,0,0,0,1,,
2026-04-28 17:25:34,33,19,19,0,efit: 2,efit: 1,,,,0,0,0,0,1,,
2026-04-28 17:30:35,33,19,19,0,efit: 5,efit: 3,,,,0,0,0,0,1,,
2026-04-28 17:36:54,33,19,19,0,efit: 4,efit: 2,,,,0,0,0,0,1,,
2026-04-28 17:40:37,33,19,19,0,efit: 3,efit: 1,,,,0,0,0,0,1,,
2026-04-28 17:41:54,33,19,19,0,efit: 2,,,,,0,0,0,0,1,,
2026-04-28 17:51:56,33,19,19,0,efit: 2,efit: 1,,,,0,0,0,0,1,,
2026-04-28 17:58:39,33,19,19,0,efit: 3,efit: 2,,,,0,0,0,0,1,,
2026-04-28 18:08:41,33,19,19,0,efit: 2,efit: 1,,,,0,0,0,0,1,,
2026-04-28 18:10:44,33,19,19,0,"fit: 1, efit: 2","fit: 1, efit: 1",,,,0,0,0,0,1,,
2026-04-28 18:15:45,33,19,19,0,"fit: 1, efit: 1",fit: 1,,,,0,0,0,0,1,,
2026-04-28 18:20:46,33,19,19,0,efit: 1,,,,,0,0,0,0,1,,
2026-04-28 18:25:47,33,19,19,0,efit: 2,efit: 1,,,,0,0,0,0,1,,
2026-04-28 18:27:02,33,19,19,0,efit: 1,,,,,0,0,0,0,1,,
2026-04-28 18:33:46,33,19,19,0,efit: 4,efit: 3,,,,0,0,0,0,1,,
2026-04-28 18:43:48,33,19,19,0,efit: 6,efit: 4,efit: 1,,,0,0,0,0,1,,
2026-04-28 18:45:52,33,19,19,0,efit: 4,efit: 2,efit: 1,,,0,0,0,0,1,,
2026-04-28 18:47:05,33,19,19,0,efit: 5,efit: 3,efit: 1,,,0,0,0,0,1,,
2026-04-28 18:53:50,33,19,19,0,efit: 4,efit: 2,efit: 1,,,0,0,0,0,1,,
2026-04-28 19:03:52,33,19,19,0,"fit: 1, efit: 4","fit: 1, efit: 2",efit: 1,,,0,0,0,0,1,,
2026-04-28 19:05:56,33,19,19,0,"fit: 1, efit: 3","fit: 1, efit: 1",efit: 1,,,0,0,0,0,1,,
2026-04-28 19:07:08,33,19,19,0,efit: 2,,efit: 1,,,0,0,0,0,1,,
2026-04-28 19:10:57,33,19,19,0,"fit: 1, efit: 3","fit: 1, efit: 1",efit: 1,,,0,0,0,0,1,,
2026-04-28 19:12:09,33,19,19,0,efit: 3,efit: 1,efit: 1,,,0,0,0,0,1,,
2026-04-28 19:15:58,33,19,19,0,efit: 4,efit: 2,efit: 1,,,0,0,0,0,1,,
2026-04-28 19:20:59,33,19,19,0,efit: 3,efit: 1,efit: 1,,,0,0,0,0,1,,
2026-04-28 19:26:00,33,19,19,0,"fit: 1, efit: 2",fit: 1,efit: 1,,,0,0,0,0,1,,
2026-04-28 19:27:11,33,19,19,0,"fit: 2, efit: 2",fit: 2,efit: 1,,,0,0,0,0,1,,
2026-04-28 19:33:58,33,19,19,0,"fit: 2, efit: 3","fit: 2, efit: 1",efit: 1,,,0,0,0,0,1,,
2026-04-28 19:37:13,33,19,19,0,"fit: 1, efit: 2",fit: 1,efit: 1,,,0,0,0,0,1,,
2026-04-28 19:38:59,33,19,19,0,"fit: 2, efit: 2",fit: 2,efit: 1,,,0,0,0,0,1,,
2026-04-28 19:41:04,33,19,19,0,"fit: 1, efit: 2",fit: 1,efit: 1,,,0,0,0,0,1,,
2026-04-28 19:51:06,33,19,19,0,"fit: 2, efit: 2",fit: 2,efit: 1,,,0,0,0,0,1,,
2026-04-28 19:52:15,33,19,19,0,"fit: 1, efit: 2",fit: 1,efit: 1,,,0,0,0,0,1,,
2026-04-28 19:57:16,33,19,19,0,"fit: 1, efit: 3","fit: 1, efit: 1",efit: 1,,,0,0,0,0,1,,
2026-04-28 20:04:04,33,19,19,0,"fit: 1, efit: 4","fit: 1, efit: 2",efit: 1,,,0,0,0,0,1,,
2026-04-28 20:12:18,33,19,19,0,"fit: 1, efit: 2",fit: 1,efit: 1,,,0,0,0,0,1,,
2026-04-28 20:16:11,33,19,19,0,"fit: 1, efit: 3","fit: 1, efit: 1",efit: 1,,,0,0,0,0,1,,
2026-04-28 20:26:13,33,19,19,0,"fit: 1, efit: 2",fit: 1,efit: 1,,,0,0,0,0,1,,
2026-04-28 20:46:17,33,19,19,0,"fit: 1, efit: 3","fit: 1, efit: 1",efit: 1,,,0,0,0,0,1,,
2026-04-28 20:52:24,33,19,19,0,"fit: 1, efit: 3","fit: 1, efit: 2",efit: 1,,,0,0,0,0,1,,
2026-04-28 21:01:20,33,19,19,0,"fit: 1, efit: 1",fit: 1,efit: 1,,,0,0,0,0,1,,
2026-04-28 21:04:16,33,19,19,0,"fit: 1, efit: 3","fit: 1, efit: 2",efit: 1,,,0,0,0,0,1,,
2026-04-28 21:32:31,33,19,19,0,"fit: 1, efit: 4","fit: 1, efit: 3",efit: 1,,,0,0,0,0,1,,
2026-04-28 21:39:23,33,19,19,0,"fit: 1, efit: 3","fit: 1, efit: 2",efit: 1,,,0,0,0,0,1,,
2026-04-28 21:46:30,33,19,19,0,"fit: 1, efit: 2","fit: 1, efit: 1",efit: 1,,,0,0,0,0,1,,
2026-04-28 21:49:25,33,19,19,0,"fit: 1, efit: 1",fit: 1,efit: 1,,,0,0,0,0,1,,
2026-04-28 22:04:28,33,19,19,0,efit: 1,,efit: 1,,,0,0,0,0,1,,
2026-04-28 22:06:34,33,19,19,0,"fit: 1, efit: 1",fit: 1,efit: 1,,,0,0,0,0,1,,
2026-04-28 22:32:39,33,19,19,0,"fit: 1, efit: 2","fit: 1, efit: 1",efit: 1,,,0,0,0,0,1,,
2026-04-28 22:49:36,33,19,19,0,"fit: 1, efit: 1",fit: 1,efit: 1,,,0,0,0,0,1,,
2026-04-28 23:19:42,33,19,19,0,"fit: 1, efit: 3","fit: 1, efit: 2",efit: 1,,,0,0,0,0,1,,
2026-04-28 23:32:48,33,19,19,0,"fit: 1, efit: 2","fit: 1, efit: 1",efit: 1,,,0,0,0,0,1,,
2026-04-28 23:34:45,33,19,19,0,"fit: 1, efit: 1",fit: 1,efit: 1,,,0,0,0,0,1,,
2026-04-28 23:42:49,33,19,19,0,efit: 1,,efit: 1,,,0,0,0,0,1,,
2026-04-29 00:01:57,33,19,19,0,efit: 1,,efit: 1,,,0,0,0,0,1,,
2026-04-29 01:35:08,33,19,19,0,efit: 2,efit: 1,efit: 1,,,0,0,0,0,1,,
2026-04-29 01:37:16,33,19,19,0,efit: 1,,efit: 1,,,0,0,0,0,1,,
2026-04-29 01:43:07,33,19,19,0,efit: 2,efit: 1,efit: 1,,,0,0,0,0,1,,
2026-04-29 01:45:10,33,19,19,0,efit: 6,efit: 4,efit: 1,,,0,0,0,0,1,,
2026-04-29 01:47:18,33,19,19,0,efit: 4,efit: 2,efit: 1,,,0,0,0,0,1,,
2026-04-29 01:48:07,33,19,19,0,efit: 2,,efit: 1,,,0,0,0,0,1,,
2026-04-29 01:55:12,33,19,19,0,efit: 2,efit: 1,efit: 1,,,0,0,0,0,1,,
2026-04-29 02:10:15,33,19,19,0,efit: 1,,efit: 1,,,0,0,0,0,1,,
2026-04-29 07:38:28,33,19,19,0,"fit: 1, efit: 1",fit: 1,efit: 1,,,0,0,0,0,1,,
2026-04-29 07:41:16,33,19,19,0,"fit: 1, efit: 4","fit: 1, efit: 3",efit: 1,,,0,0,0,0,1,,
2026-04-29 07:43:29,33,19,19,0,"fit: 1, efit: 5","fit: 1, efit: 4",efit: 1,,,0,0,0,0,1,,
2026-04-29 07:46:17,33,19,19,0,"fit: 1, efit: 7","fit: 1, efit: 6",efit: 1,,,0,0,0,0,1,,
2026-04-29 08:36:26,33,19,19,0,"fit: 1, efit: 6","fit: 1, efit: 6",,,,0,0,0,0,1,,
2026-04-29 08:38:40,33,19,19,0,"fit: 1, efit: 7","fit: 1, efit: 7",,,,0,0,0,0,1,,
2026-04-29 08:41:27,33,19,19,0,"fit: 1, efit: 6","fit: 1, efit: 6",,,,0,0,0,0,1,,
2026-04-29 08:58:45,33,19,19,0,"fit: 1, efit: 6","fit: 1, efit: 5",,,,0,0,0,0,1,,
2026-04-29 09:41:39,33,19,19,0,"fit: 1, efit: 7","fit: 1, efit: 6",,,,0,0,0,0,1,,
2026-04-29 09:58:57,33,19,19,0,"fit: 1, efit: 6","fit: 1, efit: 5",,,,0,0,0,0,1,,
2026-04-29 10:03:58,33,19,19,0,"fit: 1, efit: 6","fit: 1, efit: 4",,,,0,0,0,0,1,,
2026-04-29 10:06:44,33,19,19,0,"fit: 2, efit: 6","fit: 2, efit: 4",,,,0,0,0,0,1,,
2026-04-29 10:14:00,33,19,19,0,"fit: 2, efit: 6","fit: 2, efit: 3",,,,0,0,0,0,1,,
2026-04-29 10:19:01,33,19,19,0,"fit: 3, efit: 6","fit: 3, efit: 3",,,,0,0,0,0,1,,
2026-04-29 10:21:47,33,19,19,0,"fit: 3, efit: 7","fit: 3, efit: 3",,,,0,0,0,0,1,,
2026-04-29 10:36:50,33,19,19,0,"fit: 3, efit: 6","fit: 3, efit: 2",,,,0,0,0,0,1,,
2026-04-29 10:39:06,33,19,19,0,"fit: 3, efit: 6","fit: 3, efit: 3",,,,0,0,0,0,1,,
2026-04-29 10:51:53,33,19,19,0,"fit: 3, efit: 5","fit: 3, efit: 2",,,,0,0,0,0,1,,
2026-04-29 10:56:54,33,19,19,0,"fit: 3, efit: 4","fit: 3, efit: 1",,,,0,0,0,0,1,,
2026-04-29 10:59:27,33,19,19,0,"fit: 3, efit: 4","fit: 3, efit: 2",,,,0,0,0,0,1,,
2026-04-29 11:06:55,33,19,19,0,"fit: 3, efit: 5","fit: 3, efit: 3",,,,0,0,0,0,1,,
2026-04-29 11:21:58,33,19,19,0,"fit: 3, efit: 5","fit: 3, efit: 4",,,,0,0,0,0,1,,
2026-04-29 11:29:16,33,19,19,0,"fit: 3, efit: 5","fit: 3, efit: 5",,,,0,0,0,0,1,,
2026-04-29 11:32:01,33,19,19,0,"fit: 3, efit: 4","fit: 3, efit: 4",,,,0,0,0,0,1,,
2026-04-29 11:34:17,33,19,19,0,"fit: 3, efit: 5","fit: 3, efit: 5",,,,0,0,0,0,1,,
2026-04-29 11:39:18,33,19,19,0,"fit: 3, efit: 6","fit: 3, efit: 6",,,,0,0,0,0,1,,
2026-04-29 11:52:04,33,19,19,0,"fit: 3, efit: 7","fit: 3, efit: 7",,,,0,0,0,0,1,,
2026-04-29 12:12:08,33,19,19,0,"fit: 3, efit: 6","fit: 3, efit: 6",,,,0,0,0,0,1,,
2026-04-29 12:47:15,33,19,19,0,"fit: 3, efit: 5","fit: 3, efit: 5",,,,0,0,0,0,1,,
2026-04-29 12:54:33,33,19,19,0,"fit: 3, efit: 6","fit: 3, efit: 6",,,,0,0,0,0,1,,
2026-04-29 13:17:21,33,19,19,0,"fit: 3, efit: 7","fit: 3, efit: 7",,,,0,0,0,0,1,,
2026-04-29 13:34:41,33,19,19,0,"fit: 3, efit: 8","fit: 3, efit: 8",,,,0,0,0,0,1,,
2026-04-29 13:37:24,33,19,19,0,"fit: 3, efit: 6","fit: 3, efit: 6",,,,0,0,0,0,1,,
2026-04-29 13:54:46,33,19,19,0,"fit: 3, efit: 7","fit: 3, efit: 7",,,,0,0,0,0,1,,
2026-04-29 13:57:28,33,19,19,0,"fit: 3, efit: 8","fit: 3, efit: 8",,,,0,0,0,0,1,,
2026-04-29 13:59:47,33,19,19,0,"fit: 3, efit: 9","fit: 3, efit: 9",,,,0,0,0,0,1,,
2026-04-29 14:02:29,33,19,19,0,"fit: 3, efit: 8","fit: 3, efit: 8",,,,0,0,0,0,1,,
2026-04-29 14:17:32,33,19,19,0,"fit: 3, efit: 7","fit: 3, efit: 7",,,,0,0,0,0,1,,
2026-04-29 14:37:36,33,19,19,0,"fit: 3, efit: 8","fit: 3, efit: 8",,,,0,0,0,0,1,,
2026-04-29 15:07:41,33,19,19,0,"fit: 3, efit: 6","fit: 3, efit: 6",,,,0,0,0,0,1,,
2026-04-29 15:20:03,33,19,19,0,"fit: 3, efit: 5","fit: 3, efit: 5",,,,0,0,0,0,1,,
2026-04-29 15:45:08,33,19,19,0,"fit: 3, efit: 6","fit: 3, efit: 6",,,,0,0,0,0,1,,
2026-04-29 16:15:13,33,19,19,0,"fit: 3, efit: 5","fit: 3, efit: 5",,,,0,0,0,0,1,,
2026-04-29 16:45:16,33,19,19,0,"fit: 3, efit: 4","fit: 3, efit: 4",,,,0,0,0,0,1,,
2026-04-29 16:53:01,33,19,19,0,"fit: 3, efit: 2","fit: 3, efit: 2",,,,0,0,0,0,1,,
2026-04-29 16:55:18,33,19,19,0,"fit: 3, efit: 3","fit: 3, efit: 3",,,,0,0,0,0,1,,
2026-04-29 16:58:02,33,19,19,0,fit: 3,fit: 3,,,,0,0,0,0,1,,
2026-04-29 17:03:03,33,19,19,0,"fit: 3, efit: 1","fit: 3, efit: 1",,,,0,0,0,0,1,,
2026-04-29 17:18:06,33,19,19,0,"fit: 3, efit: 4","fit: 3, efit: 4",,,,0,0,0,0,1,,
2026-04-29 17:53:13,33,19,19,0,"fit: 3, efit: 2","fit: 3, efit: 2",,,,0,0,0,0,1,,
2026-04-29 18:08:16,33,19,19,0,"fit: 3, efit: 1","fit: 3, efit: 1",,,,0,0,0,0,1,,
2026-04-29 18:15:30,33,19,19,0,fit: 3,fit: 3,,,,0,0,0,0,1,,
2026-04-29 18:18:17,33,19,19,0,"fit: 3, efit: 1","fit: 3, efit: 1",,,,0,0,0,0,1,,
2026-04-29 19:00:37,33,19,19,0,fit: 3,fit: 3,,,,0,0,0,0,1,,
2026-04-29 19:10:38,33,19,19,0,fit: 1,fit: 1,,,,0,0,0,0,1,,
2026-04-29 20:25:49,33,19,19,0,"fit: 1, efit: 1","fit: 1, efit: 1",,,,0,0,0,0,1,,
2026-04-29 21:18:51,33,19,19,0,,,,,,0,0,0,0,1,,
2026-04-29 22:11:05,33,19,19,0,efit: 2,efit: 2,,,,0,0,0,0,1,,
2026-04-29 22:11:24,33,19,19,0,efit: 1,efit: 1,,,,0,0,0,0,1,,
2026-04-29 22:14:01,33,19,19,0,,,,,,0,0,0,0,1,,
2026-04-29 23:21:15,33,19,19,0,efit: 1,efit: 1,,,,0,0,0,0,1,,
2026-04-29 23:39:17,33,19,19,0,efit: 2,efit: 2,,,,0,0,0,0,1,,
2026-04-30 00:01:21,33,19,19,0,efit: 2,efit: 2,,,,0,0,0,0,1,,
2026-04-30 00:09:22,33,19,19,0,,,,,,0,0,0,0,1,,
2026-04-30 00:19:24,33,19,19,0,"fit: 2, efit: 3","fit: 2, efit: 3",,,,0,0,0,0,1,,
2026-04-30 00:21:23,33,19,19,0,"fit: 2, efit: 4","fit: 2, efit: 4",,,,0,0,0,0,1,,
2026-04-30 01:31:33,33,19,19,0,"fit: 2, efit: 2","fit: 2, efit: 2",,,,0,0,0,0,1,,
2026-04-30 01:34:37,33,19,19,0,"fit: 2, efit: 1","fit: 2, efit: 1",,,,0,0,0,0,1,,
2026-04-30 01:41:34,33,19,19,0,fit: 1,fit: 1,,,,0,0,0,0,1,,
2026-04-30 06:42:16,33,19,19,0,"fit: 1, efit: 1","fit: 1, efit: 1",,,,0,0,0,0,1,,
2026-04-30 07:47:25,33,19,19,0,"fit: 1, efit: 2","fit: 1, efit: 2",,,,0,0,0,0,1,,
2026-04-30 08:10:50,33,19,19,0,"fit: 1, efit: 3","fit: 1, efit: 3",,,,0,0,0,0,1,,
2026-04-30 08:15:51,33,19,19,0,"fit: 1, efit: 2","fit: 1, efit: 2",,,,0,0,0,0,1,,
2026-04-30 08:50:58,33,19,19,0,"fit: 1, efit: 3","fit: 1, efit: 3",,,,0,0,0,0,1,,
2026-04-30 09:37:41,33,19,19,0,"fit: 1, efit: 2","fit: 1, efit: 2",,,,0,0,0,0,1,,
2026-04-30 09:42:42,33,19,19,0,"fit: 1, efit: 1","fit: 1, efit: 1",,,,0,0,0,0,1,,
2026-04-30 09:46:09,33,19,19,0,"fit: 1, efit: 2","fit: 1, efit: 2",,,,0,0,0,0,1,,
2026-04-30 10:03:46,33,19,19,0,"fit: 1, efit: 4","fit: 1, efit: 4",,,,0,0,0,0,1,,
2026-04-30 10:08:47,33,19,19,0,"fit: 1, efit: 5","fit: 1, efit: 5",,,,0,0,0,0,1,,
2026-04-30 10:26:16,33,19,19,0,"fit: 1, efit: 7","fit: 1, efit: 5",,,,0,0,0,0,1,,
2026-04-30 10:51:21,33,19,19,0,"fit: 1, efit: 8","fit: 1, efit: 6",,,,0,0,0,0,1,,
2026-04-30 11:01:23,33,19,19,0,"fit: 1, efit: 9","fit: 1, efit: 7",,,,0,0,0,0,1,,
2026-04-30 11:03:58,33,19,19,0,"fit: 1, efit: 8","fit: 1, efit: 6",,,,0,0,0,0,1,,
2026-04-30 11:11:25,33,19,19,0,"fit: 1, efit: 9","fit: 1, efit: 8",,,,0,0,0,0,1,,
2026-04-30 11:12:56,33,19,19,0,"fit: 1, efit: 7","fit: 1, efit: 6",,,,0,0,0,0,1,,
2026-04-30 11:17:56,33,19,19,0,"fit: 1, efit: 6","fit: 1, efit: 5",,,,0,0,0,0,1,,
2026-04-30 11:34:05,33,19,19,0,"fit: 1, efit: 7","fit: 1, efit: 6",,,,0,0,0,0,1,,
2026-04-30 11:36:30,33,19,19,0,"fit: 1, efit: 5","fit: 1, efit: 4",,,,0,0,0,0,1,,
2026-04-30 11:41:31,33,19,19,0,"fit: 1, efit: 5","fit: 1, efit: 5",,,,0,0,0,0,1,,
2026-04-30 11:46:31,33,19,19,0,"fit: 1, efit: 4","fit: 1, efit: 4",,,,0,0,0,0,1,,
2026-04-30 11:51:32,33,19,19,0,"fit: 1, efit: 6","fit: 1, efit: 6",,,,0,0,0,0,1,,
2026-04-30 12:09:12,33,19,19,0,"fit: 1, efit: 5","fit: 1, efit: 5",,,,0,0,0,0,1,,
2026-04-30 12:11:37,33,19,19,0,"fit: 1, efit: 4","fit: 1, efit: 4",,,,0,0,0,0,1,,
2026-04-30 12:14:13,33,19,19,0,"fit: 1, efit: 3","fit: 1, efit: 3",,,,0,0,0,0,1,,
2026-04-30 12:34:17,33,19,19,0,"fit: 1, efit: 2","fit: 1, efit: 2",,,,0,0,0,0,1,,
2026-04-30 12:46:43,33,19,19,0,"fit: 1, efit: 1","fit: 1, efit: 1",,,,0,0,0,0,1,,
2026-04-30 12:48:10,33,19,19,0,efit: 1,efit: 1,,,,0,0,0,0,1,,
2026-04-30 12:51:44,33,19,19,0,efit: 2,efit: 2,,,,0,0,0,0,1,,
2026-04-30 13:09:24,33,19,19,0,efit: 3,efit: 3,,,,0,0,0,0,1,,
2026-04-30 13:24:27,33,19,19,0,efit: 2,efit: 2,,,,0,0,0,0,1,,
2026-04-30 13:31:52,33,19,19,0,efit: 1,efit: 1,,,,0,0,0,0,1,,
2026-04-30 13:39:30,33,19,19,0,efit: 3,efit: 3,,,,0,0,0,0,1,,
2026-04-30 14:03:20,33,19,19,0,efit: 2,efit: 2,,,,0,0,0,0,1,,
2026-04-30 14:08:21,33,19,19,0,efit: 3,efit: 3,,,,0,0,0,0,1,,
2026-04-30 14:22:02,33,19,19,0,efit: 2,efit: 2,,,,0,0,0,0,1,,
2026-04-30 14:28:24,33,19,19,0,efit: 1,efit: 1,,,,0,0,0,0,1,,
2026-04-30 14:32:04,33,19,19,0,,,,,,0,0,0,0,1,,
2026-04-30 14:47:07,33,19,19,0,fit: 1,fit: 1,,,,0,0,0,0,1,,
2026-04-30 15:07:11,33,19,19,0,"fit: 1, efit: 1","fit: 1, efit: 1",,,,0,0,0,0,1,,
2026-04-30 15:12:12,33,19,19,0,fit: 1,fit: 1,,,,0,0,0,0,1,,
2026-04-30 15:18:31,33,19,19,0,"fit: 1, efit: 1","fit: 1, efit: 1",,,,0,0,0,0,1,,
2026-04-30 15:24:52,33,19,19,0,fit: 1,fit: 1,,,,0,0,0,0,1,,
2026-04-30 15:28:33,33,19,19,0,fit: 2,fit: 2,,,,0,0,0,0,1,,
2026-04-30 15:39:55,33,19,19,0,"fit: 2, efit: 2","fit: 2, efit: 2",,,,0,0,0,0,1,,
2026-04-30 15:44:56,33,19,19,0,"fit: 2, efit: 1","fit: 2, efit: 1",,,,0,0,0,0,1,,
2026-04-30 15:47:19,33,19,19,0,"fit: 2, efit: 3","fit: 2, efit: 3",,,,0,0,0,0,1,,
2026-04-30 15:52:20,33,19,19,0,"fit: 2, efit: 2","fit: 2, efit: 2",,,,0,0,0,0,1,,
2026-04-30 15:57:21,33,19,19,0,"fit: 3, efit: 1","fit: 3, efit: 1",,,,0,0,0,0,1,,
2026-04-30 16:02:22,33,19,19,0,"fit: 4, efit: 1","fit: 4, efit: 1",,,,0,0,0,0,1,,
2026-04-30 16:12:24,33,19,19,0,fit: 4,fit: 4,,,,0,0,0,0,1,,
2026-04-30 16:30:07,33,19,19,0,"fit: 4, efit: 1","fit: 4, efit: 1",,,,0,0,0,0,1,,
2026-04-30 16:37:29,33,19,19,0,fit: 4,fit: 4,,,,0,0,0,0,1,,
2026-04-30 16:52:33,33,19,19,0,fit: 7,fit: 7,,,,0,0,0,0,1,,
2026-04-30 17:07:36,33,19,19,0,fit: 6,fit: 6,,,,0,0,0,0,1,,
2026-04-30 17:08:47,33,19,19,0,fit: 5,fit: 5,,,,0,0,0,0,1,,
2026-04-30 17:18:49,33,19,19,0,"fit: 5, efit: 2","fit: 5, efit: 2",,,,0,0,0,0,1,,
2026-04-30 17:32:41,33,19,19,0,"fit: 4, efit: 2","fit: 4, efit: 2",,,,0,0,0,0,1,,
2026-04-30 17:42:43,33,19,19,0,"fit: 4, efit: 1","fit: 4, efit: 1",,,,0,0,0,0,1,,
2026-04-30 17:50:24,33,19,19,0,fit: 4,fit: 4,,,,0,0,0,0,1,,
2026-04-30 17:52:46,33,19,19,0,"fit: 4, efit: 3","fit: 4, efit: 3",,,,0,0,0,0,1,,
2026-04-30 17:57:47,33,19,19,0,"fit: 4, efit: 4","fit: 4, efit: 4",,,,0,0,0,0,1,,
2026-04-30 17:58:55,33,19,19,0,"fit: 4, efit: 6","fit: 4, efit: 6",,,,0,0,0,0,1,,
2026-04-30 18:03:55,33,19,19,0,"fit: 4, efit: 5","fit: 4, efit: 5",,,,0,0,0,0,1,,
2026-04-30 18:12:50,33,19,19,0,"fit: 4, efit: 6","fit: 4, efit: 6",,,,0,0,0,0,1,,
2026-04-30 18:17:51,33,19,19,0,"fit: 4, efit: 4","fit: 4, efit: 4",,,,0,0,0,0,1,,
2026-04-30 18:32:54,33,19,19,0,"fit: 4, efit: 3","fit: 4, efit: 3",,,,0,0,0,0,1,,
2026-04-30 18:35:34,33,19,19,0,"fit: 4, efit: 2","fit: 4, efit: 2",,,,0,0,0,0,1,,
2026-04-30 18:37:55,33,19,19,0,"fit: 4, efit: 3","fit: 4, efit: 3",,,,0,0,0,0,1,,
2026-04-30 18:44:01,33,19,19,0,"fit: 4, efit: 2","fit: 4, efit: 2",,,,0,0,0,0,1,,
2026-04-30 18:47:58,33,19,19,0,"fit: 4, efit: 1","fit: 4, efit: 1",,,,0,0,0,0,1,,
2026-04-30 18:49:02,33,19,19,0,"fit: 4, efit: 2","fit: 4, efit: 2",,,,0,0,0,0,1,,
2026-04-30 18:50:37,33,19,19,0,fit: 3,fit: 3,,,,0,0,0,0,1,,
2026-04-30 18:59:04,33,19,19,0,fit: 4,fit: 4,,,,0,0,0,0,1,,
2026-04-30 19:28:06,33,19,19,0,fit: 3,fit: 3,,,,0,0,0,0,1,,
2026-04-30 19:29:08,33,19,19,0,fit: 2,fit: 2,,,,0,0,0,0,1,,
2026-04-30 19:53:11,33,19,19,0,,,,,,0,0,0,0,1,,
2026-04-30 19:55:51,33,19,19,0,efit: 1,efit: 1,,,,0,0,0,0,1,,
2026-04-30 20:13:16,33,19,19,0,,,,,,0,0,0,0,1,,
2026-04-30 20:15:55,33,19,19,0,fit: 2,fit: 2,,,,0,0,0,0,1,,
2026-04-30 20:28:19,33,19,19,0,fit: 1,fit: 1,,,,0,0,0,0,1,,
2026-04-30 20:29:16,33,19,19,0,,,,,,0,0,0,0,1,,
2026-04-30 21:28:31,33,19,19,0,fit: 1,fit: 1,,,,0,0,0,0,1,,
2026-04-30 21:33:32,33,19,19,0,,,,,,0,0,0,0,1,,
2026-04-30 23:28:55,33,19,19,0,efit: 1,efit: 1,,,,0,0,0,0,1,,
2026-04-30 23:49:45,33,19,19,0,,,,,,0,0,0,0,1,,
2026-05-01 00:01:41,33,19,19,0,,,,,,0,0,0,0,1,,
2026-05-01 06:45:22,33,19,19,0,efit: 1,efit: 1,,,,0,0,0,0,1,,
2026-05-01 07:20:30,33,19,19,0,efit: 2,efit: 2,,,,0,0,0,0,1,,
2026-05-01 08:28:21,33,19,19,0,efit: 3,efit: 3,,,,0,0,0,0,1,,
2026-05-01 08:45:47,33,19,19,0,efit: 5,efit: 3,,,,0,0,0,0,1,,
2026-05-01 08:50:48,33,19,19,0,efit: 4,efit: 1,,,,0,0,0,0,1,,
2026-05-01 09:13:31,33,19,19,0,efit: 7,efit: 2,,,,0,0,0,0,1,,
2026-05-01 09:23:33,33,19,19,0,efit: 7,efit: 4,,,,0,0,0,0,1,,
2026-05-01 09:58:40,33,19,19,0,efit: 6,efit: 3,,,,0,0,0,0,1,,
2026-05-01 10:06:04,33,19,19,0,efit: 5,efit: 2,,,,0,0,0,0,1,,
2026-05-01 10:13:43,33,19,19,0,efit: 4,efit: 1,,,,0,0,0,0,1,,
2026-05-01 10:16:06,33,19,19,0,efit: 4,efit: 2,,,,0,0,0,0,1,,
2026-05-01 10:23:45,33,19,19,0,efit: 3,efit: 2,,,,0,0,0,0,1,,
2026-05-01 10:41:11,33,19,19,0,efit: 2,efit: 1,,,,0,0,0,0,1,,
2026-05-01 10:43:49,33,19,19,0,efit: 3,efit: 2,,,,0,0,0,0,1,,
2026-05-01 11:03:53,33,19,19,0,efit: 4,efit: 3,,,,0,0,0,0,1,,
2026-05-01 11:23:57,33,19,19,0,"fit: 1, efit: 3","fit: 1, efit: 2",,,,0,0,0,0,1,,
2026-05-01 11:28:58,33,19,19,0,"fit: 1, efit: 5","fit: 1, efit: 4",,,,0,0,0,0,1,,
2026-05-01 11:46:25,33,19,19,0,"fit: 1, efit: 6","fit: 1, efit: 5",,,,0,0,0,0,1,,
2026-05-01 11:49:03,33,19,19,0,"fit: 2, efit: 6","fit: 2, efit: 5",,,,0,0,0,0,1,,
2026-05-01 12:01:28,33,19,19,0,"fit: 3, efit: 5","fit: 3, efit: 4",,,,0,0,0,0,1,,
2026-05-01 12:14:08,33,19,19,0,"fit: 3, efit: 6","fit: 3, efit: 5",,,,0,0,0,0,1,,
2026-05-01 12:16:29,33,19,19,0,"fit: 3, efit: 8","fit: 3, efit: 7",,,,0,0,0,0,1,,
2026-05-01 12:19:09,33,19,19,0,"fit: 3, efit: 9","fit: 3, efit: 8",,,,0,0,0,0,1,,
2026-05-01 12:24:10,33,19,19,0,"fit: 3, efit: 10","fit: 3, efit: 9",,,,0,0,0,0,1,,
2026-05-01 12:29:11,33,19,19,0,"fit: 3, efit: 8","fit: 3, efit: 7",,,,0,0,0,0,1,,
2026-05-01 12:34:12,33,19,19,0,"fit: 3, efit: 7","fit: 3, efit: 6",,,,0,0,0,0,1,,
2026-05-01 12:36:32,33,19,19,0,"fit: 3, efit: 8","fit: 3, efit: 7",,,,0,0,0,0,1,,
2026-05-01 12:49:15,33,19,19,0,"fit: 3, efit: 7","fit: 3, efit: 6",,,,0,0,0,0,1,,
2026-05-01 12:54:16,33,19,19,0,"fit: 3, efit: 6","fit: 3, efit: 5",,,,0,0,0,0,1,,
2026-05-01 12:59:17,33,19,19,0,"fit: 3, efit: 5","fit: 3, efit: 4",,,,0,0,0,0,1,,
2026-05-01 13:14:20,33,19,19,0,"fit: 3, efit: 6","fit: 3, efit: 5",,,,0,0,0,0,1,,
2026-05-01 13:39:25,33,19,19,0,"fit: 3, efit: 7","fit: 3, efit: 6",,,,0,0,0,0,1,,
2026-05-01 13:49:27,33,19,19,0,"fit: 3, efit: 8","fit: 3, efit: 7",,,,0,0,0,0,1,,
2026-05-01 13:51:42,33,19,19,0,"fit: 3, efit: 9","fit: 3, efit: 8",,,,0,0,0,0,1,,
2026-05-01 13:59:29,33,19,19,0,"fit: 3, efit: 8","fit: 3, efit: 7",,,,0,0,0,0,1,,
2026-05-01 14:31:48,33,19,19,0,"fit: 3, efit: 6","fit: 3, efit: 5",,,,0,0,0,0,1,,
2026-05-01 15:24:47,33,19,19,0,"fit: 3, efit: 3","fit: 3, efit: 2",,,,0,0,0,0,1,,
2026-05-01 15:31:57,33,19,19,0,"fit: 3, efit: 2","fit: 3, efit: 1",,,,0,0,0,0,1,,
2026-05-01 15:39:50,33,19,19,0,"fit: 2, efit: 2","fit: 2, efit: 1",,,,0,0,0,0,1,,
2026-05-01 15:46:59,33,19,19,0,"fit: 1, efit: 2","fit: 1, efit: 1",,,,0,0,0,0,1,,
2026-05-01 15:52:00,33,19,19,0,efit: 2,efit: 1,,,,0,0,0,0,1,,
2026-05-01 15:54:53,33,19,19,0,efit: 1,,,,,0,0,0,0,1,,
2026-05-01 16:52:21,33,19,19,0,efit: 2,efit: 1,,,,0,0,0,0,1,,
2026-05-01 16:57:22,33,19,19,0,efit: 1,,,,,0,0,0,0,1,,
2026-05-01 18:38:27,33,19,19,0,efit: 2,efit: 1,,,,0,0,0,0,1,,
2026-05-01 18:52:41,33,19,19,0,"fit: 1, efit: 1",fit: 1,,,,0,0,0,0,1,,
2026-05-01 20:58:55,33,19,19,0,"fit: 1, efit: 1",fit: 1,efit: 1,,,0,0,0,0,1,,
2026-05-01 21:28:07,33,19,19,0,efit: 1,,efit: 1,,,0,0,0,0,1,,
2026-05-01 21:53:11,33,19,19,0,efit: 2,efit: 1,efit: 1,,,0,0,0,0,1,,
2026-05-01 22:38:18,33,19,19,0,efit: 1,,efit: 1,,,0,0,0,0,1,,
2026-05-02 00:03:31,33,19,19,0,efit: 1,,efit: 1,,,0,0,0,0,1,,
2026-05-02 00:28:35,33,19,19,0,efit: 2,efit: 1,efit: 1,,,0,0,0,0,1,,
2026-05-02 02:03:50,33,19,19,0,efit: 3,efit: 2,efit: 1,,,0,0,0,0,1,,
2026-05-02 08:01:06,33,19,19,0,efit: 3,efit: 2,,,,0,0,0,0,1,,
2026-05-02 08:06:25,33,19,19,0,efit: 3,efit: 3,,,,0,0,0,0,1,,
2026-05-02 08:09:47,33,19,19,0,efit: 3,efit: 2,,,,0,0,0,0,1,,
2026-05-02 08:21:10,33,19,19,0,efit: 4,efit: 3,,,,0,0,0,0,1,,
2026-05-02 08:46:15,33,19,19,0,efit: 5,efit: 4,,,,0,0,0,0,1,,
2026-05-02 09:14:57,33,19,19,0,efit: 5,efit: 5,,,,0,0,0,0,1,,
2026-05-02 09:40:02,33,19,19,0,efit: 4,efit: 4,,,,0,0,0,0,1,,
2026-05-02 10:26:51,33,19,19,0,efit: 5,efit: 5,,,,0,0,0,0,1,,
2026-05-02 10:30:10,33,19,19,0,efit: 4,efit: 4,,,,0,0,0,0,1,,
2026-05-02 10:45:12,33,19,19,0,efit: 5,efit: 5,,,,0,0,0,0,1,,
2026-05-02 11:20:18,33,19,19,0,efit: 6,efit: 6,,,,0,0,0,0,1,,
2026-05-02 11:26:46,33,19,19,0,efit: 7,efit: 7,,,,0,0,0,0,1,,
2026-05-02 11:30:19,33,19,19,0,efit: 9,efit: 9,,,,0,0,0,0,1,,
2026-05-02 11:55:24,33,19,19,0,efit: 10,efit: 10,,,,0,0,0,0,1,,
2026-05-02 12:20:28,33,19,19,0,efit: 12,efit: 12,,,,0,0,0,0,1,,
2026-05-02 12:21:57,33,19,19,0,efit: 13,efit: 13,,,,0,0,0,0,1,,
2026-05-02 13:15:37,33,19,19,0,efit: 14,efit: 14,,,,0,0,0,0,1,,
2026-05-02 13:17:08,33,19,19,0,efit: 15,efit: 15,,,,0,0,0,0,1,,
2026-05-02 13:20:38,33,19,19,0,"fit: 1, efit: 14","fit: 1, efit: 14",,,,0,0,0,0,1,,
2026-05-02 13:22:10,33,19,19,0,"fit: 1, efit: 11","fit: 1, efit: 11",,,,0,0,0,0,1,,
2026-05-02 13:50:43,33,19,19,0,"fit: 1, efit: 10","fit: 1, efit: 10",,,,0,0,0,0,1,,
2026-05-02 13:52:16,33,19,19,0,"fit: 1, efit: 8","fit: 1, efit: 8",,,,0,0,0,0,1,,
2026-05-02 14:10:47,33,19,19,0,"fit: 1, efit: 9","fit: 1, efit: 9",,,,0,0,0,0,1,,
2026-05-02 14:22:22,33,19,19,0,"fit: 1, efit: 8","fit: 1, efit: 8",,,,0,0,0,0,1,,
2026-05-02 14:30:50,33,19,19,0,"fit: 1, efit: 9","fit: 1, efit: 9",,,,0,0,0,0,1,,
2026-05-02 14:42:21,33,19,19,0,"fit: 1, efit: 11","fit: 1, efit: 11",,,,0,0,0,0,1,,
2026-05-02 15:07:27,33,19,19,0,"fit: 1, efit: 9","fit: 1, efit: 9",,,,0,0,0,0,1,,
2026-05-02 15:22:49,33,19,19,0,"fit: 1, efit: 10","fit: 1, efit: 10",,,,0,0,0,0,1,,
2026-05-02 15:37:33,33,19,19,0,"fit: 1, efit: 8","fit: 1, efit: 8",,,,0,0,0,0,1,,
2026-05-02 16:22:42,33,19,19,0,"fit: 1, efit: 9","fit: 1, efit: 9",,,,0,0,0,0,1,,
2026-05-02 16:27:43,33,19,19,0,"fit: 1, efit: 8","fit: 1, efit: 8",,,,0,0,0,0,1,,
2026-05-02 16:32:44,33,19,19,0,"fit: 1, efit: 7","fit: 1, efit: 7",,,,0,0,0,0,1,,
2026-05-02 17:02:50,33,19,19,0,"fit: 1, efit: 6","fit: 1, efit: 6",,,,0,0,0,0,1,,
2026-05-02 17:07:51,33,19,19,0,"fit: 1, efit: 7","fit: 1, efit: 7",,,,0,0,0,0,1,,
2026-05-02 17:32:57,33,19,19,0,efit: 7,efit: 7,,,,0,0,0,0,1,,
2026-05-02 18:03:03,33,19,19,0,"fit: 1, efit: 7","fit: 1, efit: 7",,,,0,0,0,0,1,,
2026-05-02 18:23:07,33,19,19,0,"fit: 1, efit: 9","fit: 1, efit: 9",,,,0,0,0,0,1,,
2026-05-02 18:48:12,33,19,19,0,"fit: 1, efit: 8","fit: 1, efit: 8",,,,0,0,0,0,1,,
2026-05-02 18:58:14,33,19,19,0,"fit: 2, efit: 9","fit: 2, efit: 9",,,,0,0,0,0,1,,
2026-05-02 19:08:16,33,19,19,0,"fit: 2, efit: 10","fit: 2, efit: 10",,,,0,0,0,0,1,,
2026-05-02 19:38:22,33,19,19,0,"fit: 2, efit: 9","fit: 2, efit: 9",,,,0,0,0,0,1,,
2026-05-02 19:43:39,33,19,19,0,"fit: 2, efit: 8","fit: 2, efit: 8",,,,0,0,0,0,1,,
2026-05-02 20:03:27,33,19,19,0,"fit: 2, efit: 9","fit: 2, efit: 9",,,,0,0,0,0,1,,
2026-05-02 20:43:35,33,19,19,0,"fit: 2, efit: 8","fit: 2, efit: 8",,,,0,0,0,0,1,,
2026-05-02 21:13:41,33,19,19,0,"fit: 2, efit: 6","fit: 2, efit: 6",,,,0,0,0,0,1,,
2026-05-02 22:23:55,33,19,19,0,"fit: 3, efit: 7","fit: 3, efit: 7",,,,0,0,0,0,1,,
2026-05-02 23:04:02,33,19,19,0,"fit: 3, efit: 6","fit: 3, efit: 6",,,,0,0,0,0,1,,
2026-05-02 23:34:08,33,19,19,0,"fit: 3, efit: 5","fit: 3, efit: 5",,,,0,0,0,0,1,,
2026-05-02 23:49:11,33,19,19,0,"fit: 4, efit: 5","fit: 4, efit: 5",,,,0,0,0,0,1,,
2026-05-02 23:54:12,33,19,19,0,"fit: 4, efit: 4","fit: 4, efit: 4",,,,0,0,0,0,1,,
2026-05-03 00:04:14,33,19,19,0,"fit: 4, efit: 4","fit: 4, efit: 4",,,,0,0,0,0,1,,
2026-05-03 03:09:49,33,19,19,0,"fit: 5, efit: 3","fit: 5, efit: 3",,,,0,0,0,0,1,,
2026-05-03 06:20:26,33,19,19,0,"fit: 5, efit: 2","fit: 5, efit: 2",,,,0,0,0,0,1,,
2026-05-03 06:30:28,33,19,19,0,"fit: 5, efit: 1","fit: 5, efit: 1",,,,0,0,0,0,1,,
2026-05-03 06:35:29,33,19,19,0,fit: 3,fit: 3,,,,0,0,0,0,1,,
2026-05-03 06:55:32,33,19,19,0,fit: 1,fit: 1,,,,0,0,0,0,1,,
2026-05-03 08:10:47,33,19,19,0,,,,,,0,0,0,0,1,,
2026-05-03 11:06:25,33,19,19,0,efit: 1,efit: 1,,,,0,0,0,0,1,,
2026-05-03 11:11:26,33,19,19,0,,,,,,0,0,0,0,1,,
2026-05-03 11:16:27,33,19,19,0,efit: 1,,,,,0,0,0,0,1,,
2026-05-03 11:36:31,33,19,19,0,efit: 2,efit: 1,,,,0,0,0,0,1,,
2026-05-03 11:46:33,33,19,19,0,efit: 1,,,,,0,0,0,0,1,,
2026-05-03 11:51:34,33,19,19,0,efit: 1,efit: 1,,,,0,0,0,0,1,,
2026-05-03 12:06:38,33,19,19,0,,,,,,0,0,0,0,1,,
2026-05-03 12:56:48,33,19,19,0,fit: 1,fit: 1,,,,0,0,0,0,1,,
2026-05-03 13:06:48,33,19,19,0,"fit: 1, efit: 1","fit: 1, efit: 1",,,,0,0,0,0,1,,
2026-05-03 13:11:49,33,19,19,0,"fit: 1, efit: 2","fit: 1, efit: 2",,,,0,0,0,0,1,,
2026-05-03 13:21:50,33,19,19,0,"fit: 1, efit: 1","fit: 1, efit: 1",,,,0,0,0,0,1,,
2026-05-03 13:26:50,33,19,19,0,"fit: 1, efit: 2","fit: 1, efit: 2",,,,0,0,0,0,1,,
2026-05-03 13:31:50,33,19,19,0,"fit: 1, efit: 3","fit: 1, efit: 3",,,,0,0,0,0,1,,
2026-05-03 13:36:51,33,19,19,0,"fit: 1, efit: 2","fit: 1, efit: 2",,,,0,0,0,0,1,,
2026-05-03 13:41:51,33,19,19,0,"fit: 2, efit: 2","fit: 2, efit: 2",,,,0,0,0,0,1,,
2026-05-03 13:51:52,33,19,19,0,"fit: 2, efit: 1","fit: 2, efit: 1",,,,0,0,0,0,1,,
2026-05-03 14:16:55,33,19,19,0,"fit: 1, efit: 1","fit: 1, efit: 1",,,,0,0,0,0,1,,
2026-05-03 14:21:55,33,19,19,0,,,,,,0,0,0,0,1,,
2026-05-03 14:26:56,33,19,19,0,efit: 1,efit: 1,,,,0,0,0,0,1,,
2026-05-03 14:31:56,33,19,19,0,efit: 2,efit: 2,,,,0,0,0,0,1,,
2026-05-03 14:41:57,33,19,19,0,,,,,,0,0,0,0,1,,
2026-05-03 14:56:59,33,19,19,0,fit: 1,fit: 1,,,,0,0,0,0,1,,
2026-05-03 15:02:00,33,19,19,0,"fit: 2, efit: 1","fit: 2, efit: 1",,,,0,0,0,0,1,,
2026-05-03 15:17:01,33,19,19,0,fit: 2,fit: 2,,,,0,0,0,0,1,,
2026-05-03 15:27:02,33,19,19,0,fit: 1,fit: 1,,,,0,0,0,0,1,,
2026-05-03 15:37:15,33,19,19,0,"fit: 1, efit: 1","fit: 1, efit: 1",,,,0,0,0,0,1,,
2026-05-03 16:12:08,33,19,19,0,fit: 1,fit: 1,,,,0,0,0,0,1,,
2026-05-03 17:02:18,33,19,19,0,,,,,,0,0,0,0,1,,
2026-05-03 17:57:30,33,19,19,0,efit: 1,efit: 1,,,,0,0,0,0,1,,
2026-05-03 18:07:32,33,19,19,0,,,,,,0,0,0,0,1,,
2026-05-03 18:32:37,33,19,19,0,fit: 2,fit: 2,,,,0,0,0,0,1,,
2026-05-03 18:37:38,33,19,19,0,fit: 1,fit: 1,,,,0,0,0,0,1,,
2026-05-03 18:42:39,33,19,19,0,"fit: 1, efit: 1","fit: 1, efit: 1",,,,0,0,0,0,1,,
2026-05-03 19:27:48,33,19,19,0,,,,,,0,0,0,0,1,,
2026-05-03 19:52:53,33,19,19,0,efit: 1,efit: 1,,,,0,0,0,0,1,,
2026-05-03 20:07:56,33,19,19,0,,,,,,0,0,0,0,1,,
2026-05-03 22:23:23,33,19,19,0,efit: 1,efit: 1,,,,0,0,0,0,1,,
2026-05-03 22:38:26,33,19,19,0,,,,,,0,0,0,0,1,,
2026-05-03 23:08:32,33,19,19,0,"fit: 1, efit: 1","fit: 1, efit: 1",,,,0,0,0,0,1,,
2026-05-03 23:43:39,33,19,19,0,,,,,,0,0,0,0,1,,
2026-05-03 23:58:42,33,19,19,0,efit: 2,efit: 2,,,,0,0,0,0,1,,
2026-05-04 00:03:43,33,19,19,0,efit: 3,efit: 3,,,,0,0,0,0,1,,
2026-05-04 00:43:51,33,19,19,0,efit: 4,efit: 4,,,,0,0,0,0,1,,
2026-05-04 05:44:49,33,19,19,0,efit: 3,efit: 3,,,,0,0,0,0,1,,
2026-05-04 07:09:57,33,19,19,0,efit: 4,efit: 4,,,,0,0,0,0,1,,
2026-05-04 08:20:09,33,19,19,0,efit: 5,efit: 4,,,,0,0,0,0,1,,
2026-05-04 08:30:11,33,19,19,0,efit: 5,efit: 5,,,,0,0,0,0,1,,
2026-05-04 08:35:12,33,19,19,0,efit: 6,efit: 6,,,,0,0,0,0,1,,
2026-05-04 08:45:14,33,19,19,0,"fit: 1, efit: 6","fit: 1, efit: 6",,,,0,0,0,0,1,,
2026-05-04 08:55:16,33,19,19,0,"fit: 1, efit: 9","fit: 1, efit: 6",,,,0,0,0,0,1,,
2026-05-04 09:00:17,33,19,19,0,"fit: 1, efit: 6","fit: 1, efit: 3",,,,0,0,0,0,1,,
2026-05-04 09:15:21,33,19,19,0,"fit: 1, efit: 10","fit: 1, efit: 4",,,,0,0,0,0,1,,
2026-05-04 10:00:30,33,19,19,0,"fit: 1, efit: 10","fit: 1, efit: 6",,,,0,0,0,0,1,,
2026-05-04 10:10:32,33,19,19,0,"fit: 1, efit: 13","fit: 1, efit: 7",,,,0,0,0,0,1,,
2026-05-04 10:20:34,33,19,19,0,"fit: 1, efit: 11","fit: 1, efit: 5",,,,0,0,0,0,1,,
2026-05-04 10:30:36,33,19,19,0,"fit: 1, efit: 11","fit: 1, efit: 6",,,,0,0,0,0,1,,
2026-05-04 10:45:39,33,19,19,0,"fit: 1, efit: 12","fit: 1, efit: 7",,,,0,0,0,0,1,,
2026-05-04 11:00:42,33,19,19,0,"fit: 1, efit: 12","fit: 1, efit: 8",,,,0,0,0,0,1,,
2026-05-04 11:05:43,33,19,19,0,"fit: 1, efit: 13","fit: 1, efit: 9",,,,0,0,0,0,1,,
2026-05-04 11:25:48,33,19,19,0,"fit: 1, efit: 13","fit: 1, efit: 11",,,,0,0,0,0,1,,
2026-05-04 11:30:49,33,19,19,0,efit: 13,efit: 10,,,,0,0,0,0,1,,
2026-05-04 11:45:52,33,19,19,0,efit: 11,efit: 8,,,,0,0,0,0,1,,
2026-05-04 12:00:55,33,19,19,0,efit: 11,efit: 9,,,,0,0,0,0,1,,
2026-05-04 12:31:02,33,19,19,0,efit: 10,efit: 8,,,,0,0,0,0,1,,
2026-05-04 12:46:05,33,19,19,0,efit: 11,efit: 9,,,,0,0,0,0,1,,
2026-05-04 12:51:06,33,19,19,0,efit: 10,efit: 8,,,,0,0,0,0,1,,
2026-05-04 12:56:14,33,19,19,0,efit: 11,efit: 9,,,,0,0,0,0,1,,
2026-05-04 13:01:08,33,19,19,0,"fit: 1, efit: 10","fit: 1, efit: 8",,,,0,0,0,0,1,,
2026-05-04 13:21:12,33,19,19,0,"fit: 1, efit: 11","fit: 1, efit: 9",,,,0,0,0,0,1,,
2026-05-04 13:31:14,33,19,19,0,"fit: 1, efit: 10","fit: 1, efit: 8",,,,0,0,0,0,1,,
2026-05-04 13:46:17,33,19,19,0,"fit: 3, efit: 8","fit: 3, efit: 6",,,,0,0,0,0,1,,
2026-05-04 13:56:19,33,19,19,0,"fit: 3, efit: 7","fit: 3, efit: 5",,,,0,0,0,0,1,,
2026-05-04 14:01:20,33,19,19,0,"fit: 3, efit: 6","fit: 3, efit: 4",,,,0,0,0,0,1,,
2026-05-04 14:26:25,33,19,19,0,"fit: 3, efit: 5","fit: 3, efit: 3",,,,0,0,0,0,1,,
2026-05-04 15:06:33,33,19,19,0,"fit: 3, efit: 5","fit: 3, efit: 2",efit: 1,,,0,0,0,0,1,,
2026-05-04 15:16:35,33,19,19,0,"fit: 3, efit: 6","fit: 3, efit: 3",efit: 1,,,0,0,0,0,1,,
2026-05-04 15:21:36,33,19,19,0,"fit: 3, efit: 5","fit: 3, efit: 2",efit: 1,,,0,0,0,0,1,,
2026-05-04 15:36:39,33,19,19,0,"fit: 3, efit: 5","fit: 3, efit: 2",efit: 2,,,0,0,0,0,1,,
2026-05-04 15:41:40,33,19,19,0,"fit: 3, efit: 6","fit: 3, efit: 3",efit: 2,,,0,0,0,0,1,,
2026-05-04 16:01:44,33,19,19,0,"fit: 3, efit: 7","fit: 3, efit: 4",efit: 1,,,0,0,0,0,1,,
2026-05-04 16:06:46,33,19,19,0,"fit: 4, efit: 6","fit: 4, efit: 3",efit: 2,,,0,0,0,0,1,,
2026-05-04 16:11:47,33,19,19,0,"fit: 4, efit: 3",fit: 4,efit: 2,,,0,0,0,0,1,,
2026-05-04 16:41:53,33,19,19,0,"fit: 2, efit: 3",fit: 2,efit: 2,,,0,0,0,0,1,,
2026-05-04 16:56:56,33,19,19,0,"fit: 2, efit: 4","fit: 2, efit: 1",efit: 1,,,0,0,0,0,1,,
2026-05-04 17:06:58,33,19,19,0,"fit: 1, efit: 3",fit: 1,efit: 1,,,0,0,0,0,1,,
2026-05-04 17:11:58,33,19,19,0,efit: 3,,efit: 2,,,0,0,0,0,1,,
2026-05-04 17:57:04,33,19,19,0,efit: 3,,efit: 1,,,0,0,0,0,1,,
2026-05-04 18:02:05,33,19,19,0,efit: 4,efit: 1,efit: 1,,,0,0,0,0,1,,
2026-05-04 18:07:06,33,19,19,0,efit: 3,,efit: 1,,,0,0,0,0,1,,
2026-05-04 18:12:14,33,19,19,0,efit: 3,,efit: 2,,,0,0,0,0,1,,
2026-05-04 18:27:10,33,19,19,0,efit: 4,efit: 1,efit: 2,,,0,0,0,0,1,,
2026-05-04 18:32:11,33,19,19,0,"fit: 1, efit: 4","fit: 1, efit: 1",efit: 2,,,0,0,0,0,1,,
2026-05-04 18:42:13,33,19,19,0,"fit: 1, efit: 3",fit: 1,efit: 2,,,0,0,0,0,1,,
2026-05-04 18:52:15,33,19,19,0,efit: 3,,efit: 2,,,0,0,0,0,1,,
2026-05-04 19:12:19,33,19,19,0,"fit: 1, efit: 3",fit: 1,efit: 2,,,0,0,0,0,1,,
2026-05-04 19:22:21,33,19,19,0,"fit: 1, efit: 3",fit: 1,efit: 1,,,0,0,0,0,1,,
2026-05-04 19:32:23,33,19,19,0,efit: 4,efit: 1,efit: 1,,,0,0,0,0,1,,
2026-05-04 19:42:25,33,19,19,0,efit: 3,,efit: 1,,,0,0,0,0,1,,
2026-05-04 20:07:31,33,19,19,0,efit: 4,efit: 1,efit: 1,,,0,0,0,0,1,,
2026-05-04 20:12:32,33,19,19,0,efit: 3,,efit: 1,,,0,0,0,0,1,,
2026-05-04 20:32:36,33,19,19,0,efit: 3,efit: 1,efit: 1,,,0,0,0,0,1,,
2026-05-04 20:37:37,33,19,19,0,"fit: 1, efit: 3","fit: 1, efit: 1",efit: 1,,,0,0,0,0,1,,
2026-05-04 20:47:39,33,19,19,0,efit: 3,efit: 1,efit: 1,,,0,0,0,0,1,,
2026-05-04 20:52:40,33,19,19,0,efit: 2,,efit: 1,,,0,0,0,0,1,,
2026-05-04 23:23:10,33,19,19,0,efit: 4,efit: 2,efit: 1,,,0,0,0,0,1,,
2026-05-04 23:48:15,33,19,19,0,efit: 2,,efit: 1,,,0,0,0,0,1,,
2026-05-05 00:03:18,33,19,19,0,efit: 2,,efit: 1,,,0,0,0,0,1,,
2026-05-05 08:29:53,33,19,19,0,efit: 4,,efit: 1,,,0,0,0,0,1,,
2026-05-05 08:34:16,33,19,19,0,efit: 4,,,,,0,0,0,0,1,,
2026-05-05 08:57:27,33,19,19,0,efit: 6,,,,,0,0,0,0,1,,
2026-05-05 09:12:31,33,19,19,0,efit: 7,efit: 4,,,,0,0,0,0,1,,
2026-05-05 09:37:36,33,19,19,0,efit: 6,efit: 3,,,,0,0,0,0,1,,
2026-05-05 10:12:43,33,19,19,0,efit: 6,efit: 5,,,,0,0,0,0,1,,
2026-05-05 11:27:57,33,19,19,0,efit: 6,efit: 5,efit: 1,,,0,0,0,0,1,,
2026-05-05 11:43:00,33,19,19,0,efit: 5,efit: 4,efit: 1,,,0,0,0,0,1,,
2026-05-05 11:48:01,33,19,19,0,efit: 6,efit: 5,efit: 1,,,0,0,0,0,1,,
2026-05-05 11:53:02,33,19,19,0,efit: 7,efit: 6,,,,0,0,0,0,1,,
2026-05-05 12:03:04,33,19,19,0,efit: 8,efit: 7,,,,0,0,0,0,1,,
2026-05-05 12:08:05,33,19,19,0,efit: 7,efit: 6,,,,0,0,0,0,1,,
2026-05-05 12:28:09,33,19,19,0,efit: 8,efit: 7,,,,0,0,0,0,1,,
2026-05-05 13:23:19,33,19,19,0,efit: 9,efit: 8,,,,0,0,0,0,1,,
2026-05-05 13:28:20,33,19,19,0,efit: 8,efit: 7,,,,0,0,0,0,1,,
2026-05-05 13:58:26,33,19,19,0,efit: 9,efit: 8,,,,0,0,0,0,1,,
2026-05-05 14:03:27,33,19,19,0,efit: 8,efit: 7,,,,0,0,0,0,1,,
2026-05-05 14:23:31,33,19,19,0,efit: 9,efit: 8,,,,0,0,0,0,1,,
2026-05-05 14:48:36,33,19,19,0,efit: 9,efit: 8,efit: 1,,,0,0,0,0,1,,
2026-05-05 15:23:43,33,19,19,0,efit: 7,efit: 6,efit: 1,,,0,0,0,0,1,,
2026-05-05 15:38:45,33,19,19,0,efit: 6,efit: 5,,,,0,0,0,0,1,,
2026-05-05 15:43:46,33,19,19,0,efit: 4,efit: 3,,,,0,0,0,0,1,,
2026-05-05 15:44:11,33,19,19,0,efit: 3,efit: 2,,,,0,0,0,0,1,,
2026-05-05 15:48:47,33,19,19,0,efit: 2,efit: 1,,,,0,0,0,0,1,,
2026-05-05 16:03:50,33,19,19,0,efit: 3,efit: 2,,,,0,0,0,0,1,,
2026-05-05 16:13:52,33,19,19,0,efit: 4,efit: 3,,,,0,0,0,0,1,,
2026-05-05 16:23:54,33,19,19,0,efit: 7,efit: 6,,,,0,0,0,0,1,,
2026-05-05 16:24:18,33,19,19,0,efit: 8,efit: 7,,,,0,0,0,0,1,,
2026-05-05 16:33:56,33,19,19,0,"fit: 1, efit: 8","fit: 1, efit: 7",,,,0,0,0,0,1,,
2026-05-05 16:48:59,33,19,19,0,"fit: 1, efit: 7","fit: 1, efit: 6",,,,0,0,0,0,1,,
2026-05-05 16:54:00,33,19,19,0,"fit: 1, efit: 6","fit: 1, efit: 5",efit: 1,,,0,0,0,0,1,,
2026-05-05 17:04:02,33,19,19,0,"fit: 1, efit: 7","fit: 1, efit: 6",,,,0,0,0,0,1,,
2026-05-05 17:09:03,33,19,19,0,"fit: 2, efit: 6","fit: 2, efit: 5",,,,0,0,0,0,1,,
2026-05-05 17:14:04,33,19,19,0,"fit: 2, efit: 5","fit: 2, efit: 4",,,,0,0,0,0,1,,
2026-05-05 17:14:28,33,19,19,0,"fit: 2, efit: 4","fit: 2, efit: 3",,,,0,0,0,0,1,,
2026-05-05 17:19:40,33,19,19,0,"fit: 2, efit: 3","fit: 2, efit: 2",,,,0,0,0,0,1,,
2026-05-05 17:44:10,33,19,19,0,"fit: 2, efit: 2","fit: 2, efit: 1",,,,0,0,0,0,1,,
2026-05-05 17:49:11,33,19,19,0,"fit: 3, efit: 2","fit: 3, efit: 1",,,,0,0,0,0,1,,
2026-05-05 18:04:14,33,19,19,0,"fit: 3, efit: 1",fit: 3,,,,0,0,0,0,1,,
2026-05-05 18:19:17,33,19,19,0,"fit: 2, efit: 1",fit: 2,,,,0,0,0,0,1,,
2026-05-05 18:39:21,33,19,19,0,"fit: 1, efit: 1",fit: 1,,,,0,0,0,0,1,,
2026-05-05 18:59:24,33,19,19,0,"fit: 1, efit: 1",fit: 1,efit: 1,,,0,0,0,0,1,,
2026-05-05 19:30:08,33,19,19,0,efit: 1,,efit: 1,,,0,0,0,0,1,,
2026-05-05 20:04:39,33,19,19,0,"fit: 1, efit: 1",fit: 1,efit: 1,,,0,0,0,0,1,,
2026-05-05 20:44:47,33,19,19,0,"fit: 1, efit: 1",fit: 1,,,,0,0,0,0,1,,
2026-05-05 22:00:38,33,19,19,0,"fit: 1, efit: 1",fit: 1,efit: 1,,,0,0,0,0,1,,
2026-05-05 22:05:03,33,19,19,0,"fit: 1, efit: 1",fit: 1,,,,0,0,0,0,1,,
2026-05-05 22:05:21,33,19,19,0,"fit: 1, efit: 1",fit: 1,efit: 1,,,0,0,0,0,1,,
2026-05-05 22:10:04,33,19,19,0,"fit: 1, efit: 1",fit: 1,,,,0,0,0,0,1,,
2026-05-05 23:30:19,33,19,19,0,"fit: 1, efit: 1",fit: 1,efit: 1,,,0,0,0,0,1,,
2026-05-05 23:30:56,33,19,19,0,"fit: 1, efit: 1",fit: 1,,,,0,0,0,0,1,,
2026-05-06 00:00:25,33,19,19,0,"fit: 1, efit: 1",fit: 1,,,,0,0,0,0,1,,
2026-05-06 00:20:29,33,19,19,0,"fit: 1, efit: 1","fit: 1, efit: 1",,,,0,0,0,0,1,,
2026-05-06 08:21:58,33,19,19,0,"fit: 1, efit: 2","fit: 1, efit: 1",,,,0,0,0,0,1,,
2026-05-06 08:22:40,33,19,19,0,efit: 2,efit: 1,,,,0,0,0,0,1,,
2026-05-06 08:52:04,33,19,19,0,efit: 2,efit: 2,,,,0,0,0,0,1,,
2026-05-06 09:07:07,33,19,19,0,efit: 3,efit: 3,,,,0,0,0,0,1,,
2026-05-06 09:17:09,33,19,19,0,efit: 4,efit: 4,,,,0,0,0,0,1,,
2026-05-06 09:21:25,33,19,19,0,efit: 3,efit: 3,,,,0,0,0,0,1,,
2026-05-06 11:26:48,33,19,19,0,efit: 4,efit: 4,,,,0,0,0,0,1,,
2026-05-06 12:11:56,33,19,19,0,efit: 3,efit: 3,,,,0,0,0,0,1,,
2026-05-06 12:32:46,33,19,19,0,"fit: 1, efit: 3","fit: 1, efit: 3",,,,0,0,0,0,1,,
2026-05-06 13:38:43,33,19,19,0,"fit: 1, efit: 4","fit: 1, efit: 4",,,,0,0,0,0,1,,
2026-05-06 14:13:05,33,19,19,0,"fit: 2, efit: 4","fit: 2, efit: 4",,,,0,0,0,0,1,,
2026-05-06 14:18:51,33,19,19,0,"fit: 2, efit: 5","fit: 2, efit: 5",,,,0,0,0,0,1,,
2026-05-06 14:43:11,33,19,19,0,"fit: 2, efit: 4","fit: 2, efit: 4",,,,0,0,0,0,1,,
2026-05-06 15:17:29,33,19,19,0,"fit: 2, efit: 3","fit: 2, efit: 3",,,,0,0,0,0,1,,
2026-05-06 15:22:29,33,19,19,0,"fit: 2, efit: 2","fit: 2, efit: 2",,,,0,0,0,0,1,,
2026-05-06 15:27:30,33,19,19,0,"fit: 2, efit: 1","fit: 2, efit: 1",,,,0,0,0,0,1,,
2026-05-06 15:47:34,33,19,19,0,"fit: 2, efit: 2","fit: 2, efit: 2",,,,0,0,0,0,1,,
2026-05-06 16:51:15,33,19,19,0,"fit: 2, efit: 1","fit: 2, efit: 1",,,,0,0,0,0,1,,
2026-05-06 17:05:32,33,19,19,0,fit: 2,fit: 2,,,,0,0,0,0,1,,
2026-05-06 17:15:34,33,19,19,0,"fit: 2, efit: 1","fit: 2, efit: 1",,,,0,0,0,0,1,,
2026-05-06 17:30:36,33,19,19,0,fit: 2,fit: 2,,,,0,0,0,0,1,,
2026-05-06 18:00:41,33,19,19,0,fit: 1,fit: 1,,,,0,0,0,0,1,,
2026-05-06 18:10:42,33,19,19,0,,,,,,0,0,0,0,1,,
2026-05-06 18:11:29,33,19,19,0,efit: 1,efit: 1,,,,0,0,0,0,1,,
2026-05-06 18:25:44,33,19,19,0,fit: 1,fit: 1,,,,0,0,0,0,1,,
2026-05-06 19:40:56,33,19,19,0,,,,,,0,0,0,0,1,,
2026-05-06 23:27:23,33,19,19,0,fit: 1,fit: 1,,,,0,0,0,0,1,,
2026-05-07 00:01:37,33,19,19,0,fit: 1,fit: 1,,,,0,0,0,0,1,,
2026-05-07 08:47:55,33,19,19,0,"fit: 1, efit: 3","fit: 1, efit: 2",,,,0,0,0,0,1,,
2026-05-07 09:02:58,33,19,19,0,"fit: 1, efit: 4","fit: 1, efit: 2",,,,0,0,0,0,1,,
2026-05-07 09:18:00,33,19,19,0,"fit: 2, efit: 4","fit: 2, efit: 2",,,,0,0,0,0,1,,
2026-05-07 09:33:50,33,19,19,0,"fit: 2, efit: 4","fit: 2, efit: 4",,,,0,0,0,0,1,,
2026-05-07 09:38:03,33,19,19,0,"fit: 2, efit: 5","fit: 2, efit: 4",,,,0,0,0,0,1,,
2026-05-07 10:38:12,33,19,19,0,"fit: 2, efit: 5","fit: 2, efit: 5",,,,0,0,0,0,1,,
2026-05-07 10:58:15,33,19,19,0,"fit: 2, efit: 6","fit: 2, efit: 6",,,,0,0,0,0,1,,
2026-05-07 11:03:16,33,19,19,0,"fit: 2, efit: 7","fit: 2, efit: 7",,,,0,0,0,0,1,,
2026-05-07 11:23:19,33,19,19,0,"fit: 2, efit: 6","fit: 2, efit: 6",,,,0,0,0,0,1,,
2026-05-07 11:24:12,33,19,19,0,"fit: 2, efit: 5","fit: 2, efit: 5",,,,0,0,0,0,1,,
2026-05-07 11:28:20,33,19,19,0,"fit: 2, efit: 4","fit: 2, efit: 4",,,,0,0,0,0,1,,
2026-05-07 11:38:21,33,19,19,0,"fit: 2, efit: 5","fit: 2, efit: 5",,,,0,0,0,0,1,,
2026-05-07 11:43:22,33,19,19,0,"fit: 2, efit: 6","fit: 2, efit: 6",,,,0,0,0,0,1,,
2026-05-07 11:48:23,33,19,19,0,"fit: 2, efit: 7","fit: 2, efit: 7",,,,0,0,0,0,1,,
2026-05-07 12:33:29,33,19,19,0,"fit: 2, efit: 8","fit: 2, efit: 8",,,,0,0,0,0,1,,
2026-05-07 12:34:27,33,19,19,0,"fit: 2, efit: 7","fit: 2, efit: 7",,,,0,0,0,0,1,,
2026-05-07 12:43:31,33,19,19,0,"fit: 2, efit: 6","fit: 2, efit: 6",,,,0,0,0,0,1,,
2026-05-07 13:18:36,33,19,19,0,"fit: 2, efit: 8","fit: 2, efit: 8",,,,0,0,0,0,1,,
2026-05-07 13:23:37,33,19,19,0,"fit: 2, efit: 9","fit: 2, efit: 9",,,,0,0,0,0,1,,
2026-05-07 13:54:37,33,19,19,0,"fit: 2, efit: 10","fit: 2, efit: 10",,,,0,0,0,0,1,,
2026-05-07 14:43:49,33,19,19,0,"fit: 3, efit: 9","fit: 3, efit: 9",,,,0,0,0,0,1,,
2026-05-07 15:03:51,33,19,19,0,"fit: 3, efit: 8","fit: 3, efit: 8",,,,0,0,0,0,1,,
2026-05-07 15:18:54,33,19,19,0,"fit: 3, efit: 6","fit: 3, efit: 6",,,,0,0,0,0,1,,
2026-05-07 15:34:59,33,19,19,0,"fit: 4, efit: 6","fit: 4, efit: 6",,,,0,0,0,0,1,,
2026-05-07 15:38:57,33,19,19,0,"fit: 4, efit: 5","fit: 4, efit: 5",,,,0,0,0,0,1,,
2026-05-07 15:53:59,33,19,19,0,"fit: 4, efit: 4","fit: 4, efit: 4",,,,0,0,0,0,1,,
2026-05-07 15:59:00,33,19,19,0,"fit: 4, efit: 5","fit: 4, efit: 5",,,,0,0,0,0,1,,
2026-05-07 16:04:58,33,19,19,0,"fit: 3, efit: 5","fit: 3, efit: 5",,,,0,0,0,0,1,,
2026-05-07 16:09:02,33,19,19,0,"fit: 2, efit: 4","fit: 2, efit: 4",,,,0,0,0,0,1,,
2026-05-07 16:14:02,33,19,19,0,"fit: 2, efit: 1","fit: 2, efit: 1",,,,0,0,0,0,1,,
2026-05-07 16:34:05,33,19,19,0,fit: 1,fit: 1,,,,0,0,0,0,1,,
2026-05-07 16:55:16,33,19,19,0,,,,,,0,0,0,0,1,,
2026-05-07 17:09:11,33,19,19,0,efit: 1,efit: 1,,,,0,0,0,0,1,,
2026-05-07 17:29:14,33,19,19,0,,,,,,0,0,0,0,1,,
2026-05-07 17:30:13,33,19,19,0,fit: 1,fit: 1,,,,0,0,0,0,1,,
2026-05-07 17:49:17,33,19,19,0,fit: 3,fit: 3,,,,0,0,0,0,1,,
2026-05-07 17:50:16,33,19,19,0,fit: 2,fit: 2,,,,0,0,0,0,1,,
2026-05-07 17:50:28,33,19,19,0,fit: 1,fit: 1,,,,0,0,0,0,1,,
2026-05-07 17:54:18,33,19,19,0,"fit: 1, efit: 1","fit: 1, efit: 1",,,,0,0,0,0,1,,
2026-05-07 17:59:19,33,19,19,0,"fit: 1, efit: 2","fit: 1, efit: 2",,,,0,0,0,0,1,,
2026-05-07 18:05:19,33,19,19,0,"fit: 1, efit: 3","fit: 1, efit: 3",,,,0,0,0,0,1,,
2026-05-07 18:14:21,33,19,19,0,"fit: 1, efit: 5","fit: 1, efit: 5",,,,0,0,0,0,1,,
2026-05-07 18:15:20,33,19,19,0,,,,,,0,0,0,0,1,,
2026-05-07 18:24:23,33,19,19,0,efit: 2,efit: 2,,,,0,0,0,0,1,,
2026-05-07 18:34:24,33,19,19,0,efit: 1,efit: 1,,,,0,0,0,0,1,,
2026-05-07 18:40:25,33,19,19,0,,,,,,0,0,0,0,1,,
2026-05-07 18:54:28,33,19,19,0,efit: 2,efit: 2,,,,0,0,0,0,1,,
2026-05-07 19:00:28,33,19,19,0,efit: 1,efit: 1,,,,0,0,0,0,1,,
2026-05-07 19:10:30,33,19,19,0,,,,,,0,0,0,0,1,,
2026-05-07 20:26:02,33,19,19,0,fit: 1,fit: 1,,,,0,0,0,0,1,,
2026-05-07 20:51:07,33,19,19,0,"fit: 1, efit: 1","fit: 1, efit: 1",,,,0,0,0,0,1,,
2026-05-07 21:14:50,33,19,19,0,fit: 1,fit: 1,,,,0,0,0,0,1,,
2026-05-07 21:35:54,33,19,19,0,"fit: 1, efit: 2","fit: 1, efit: 2",,,,0,0,0,0,1,,
2026-05-07 22:30:02,33,19,19,0,"fit: 1, efit: 1","fit: 1, efit: 1",,,,0,0,0,0,1,,
2026-05-08 00:00:16,33,19,19,0,"fit: 2, efit: 1","fit: 2, efit: 1",,,,0,0,0,0,1,,
2026-05-08 08:36:46,33,19,19,0,"fit: 2, efit: 2","fit: 2, efit: 2",,,,0,0,0,0,1,,
2026-05-08 09:36:57,33,19,19,0,"fit: 2, efit: 1","fit: 2, efit: 1",,,,0,0,0,0,1,,
2026-05-08 10:29:17,33,19,19,0,"fit: 2, efit: 2","fit: 2, efit: 2",,,,0,0,0,0,1,,
2026-05-08 10:34:18,33,19,19,0,"fit: 2, efit: 1","fit: 2, efit: 1",,,,0,0,0,0,1,,
2026-05-08 10:37:07,33,19,19,0,"fit: 2, efit: 2","fit: 2, efit: 2",,,,0,0,0,0,1,,
2026-05-08 10:47:09,33,19,19,0,"fit: 2, efit: 3","fit: 2, efit: 3",,,,0,0,0,0,1,,
2026-05-08 11:09:27,33,19,19,0,"fit: 2, efit: 2","fit: 2, efit: 2",,,,0,0,0,0,1,,
2026-05-08 11:53:08,33,19,19,0,"fit: 2, efit: 3","fit: 2, efit: 3",,,,0,0,0,0,1,,
2026-05-08 12:02:23,33,19,19,0,"fit: 2, efit: 4","fit: 2, efit: 4",,,,0,0,0,0,1,,
2026-05-08 12:19:44,33,19,19,0,"fit: 2, efit: 3","fit: 2, efit: 3",,,,0,0,0,0,1,,
2026-05-08 12:27:27,33,19,19,0,"fit: 2, efit: 4","fit: 2, efit: 4",,,,0,0,0,0,1,,
2026-05-08 12:32:28,33,19,19,0,"fit: 2, efit: 5","fit: 2, efit: 5",,,,0,0,0,0,1,,
2026-05-08 12:34:48,33,19,19,0,"fit: 2, efit: 6","fit: 2, efit: 6",,,,0,0,0,0,1,,
2026-05-08 12:39:49,33,19,19,0,"fit: 2, efit: 5","fit: 2, efit: 5",,,,0,0,0,0,1,,
2026-05-08 13:12:36,33,19,19,0,"fit: 2, efit: 4","fit: 2, efit: 4",,,,0,0,0,0,1,,
2026-05-08 13:13:22,33,19,19,0,"fit: 2, efit: 5","fit: 2, efit: 5",,,,0,0,0,0,1,,
2026-05-08 13:18:23,33,19,19,0,"fit: 2, efit: 4","fit: 2, efit: 4",,,,0,0,0,0,1,,
2026-05-08 13:22:38,33,19,19,0,"fit: 2, efit: 3","fit: 2, efit: 3",,,,0,0,0,0,1,,
2026-05-08 13:32:40,33,19,19,0,"fit: 2, efit: 2","fit: 2, efit: 2",,,,0,0,0,0,1,,
2026-05-08 13:40:04,33,19,19,0,fit: 2,fit: 2,,,,0,0,0,0,1,,
2026-05-08 13:52:44,33,19,19,0,"fit: 2, efit: 1","fit: 2, efit: 1",,,,0,0,0,0,1,,
2026-05-08 13:55:08,33,19,19,0,"fit: 2, efit: 2","fit: 2, efit: 2",,,,0,0,0,0,1,,
2026-05-08 14:05:10,33,19,19,0,"fit: 2, efit: 3","fit: 2, efit: 3",,,,0,0,0,0,1,,
2026-05-08 14:32:51,33,19,19,0,"fit: 2, efit: 2","fit: 2, efit: 2",,,,0,0,0,0,1,,
2026-05-08 15:02:56,33,19,19,0,"fit: 2, efit: 1","fit: 2, efit: 1",,,,0,0,0,0,1,,
2026-05-08 15:05:26,33,19,19,0,"fit: 2, efit: 2","fit: 2, efit: 2",,,,0,0,0,0,1,,
2026-05-08 16:00:39,33,19,19,0,fit: 2,fit: 2,,,,0,0,0,0,1,,
2026-05-08 16:25:46,33,19,19,0,"fit: 2, efit: 1","fit: 2, efit: 1",,,,0,0,0,0,1,,
2026-05-08 16:28:12,33,19,19,0,fit: 2,fit: 2,,,,0,0,0,0,1,,
2026-05-08 16:38:14,33,19,19,0,fit: 1,fit: 1,,,,0,0,0,0,1,,
2026-05-08 16:43:15,33,19,19,0,"fit: 1, efit: 1","fit: 1, efit: 1",,,,0,0,0,0,1,,
2026-05-08 16:50:52,33,19,19,0,"fit: 2, efit: 1","fit: 2, efit: 1",,,,0,0,0,0,1,,
2026-05-08 17:26:02,33,19,19,0,"fit: 1, efit: 1","fit: 1, efit: 1",,,,0,0,0,0,1,,
2026-05-08 17:28:23,33,19,19,0,efit: 1,efit: 1,,,,0,0,0,0,1,,
2026-05-08 17:34:05,33,19,19,0,,,,,,0,0,0,0,1,,
2026-05-08 18:31:18,33,19,19,0,efit: 1,efit: 1,,,,0,0,0,0,1,,
2026-05-08 19:01:25,33,19,19,0,,,,,,0,0,0,0,1,,
2026-05-09 00:00:08,33,19,19,0,,,,,,0,0,0,0,1,,
2026-05-09 08:34:41,33,19,19,0,efit: 1,efit: 1,,,,0,0,0,0,1,,
2026-05-09 09:24:53,33,19,19,0,efit: 2,efit: 2,,,,0,0,0,0,1,,
2026-05-09 10:05:03,33,19,19,0,efit: 3,efit: 3,,,,0,0,0,0,1,,
2026-05-09 12:36:46,33,19,19,0,efit: 4,efit: 4,,,,0,0,0,0,1,,
2026-05-09 13:00:48,33,19,19,0,"fit: 1, efit: 4","fit: 1, efit: 4",,,,0,0,0,0,1,,
2026-05-09 13:27:13,33,19,19,0,"fit: 1, efit: 5","fit: 1, efit: 5",,,,0,0,0,0,1,,
2026-05-09 13:31:56,33,19,19,0,"fit: 1, efit: 4","fit: 1, efit: 4",,,,0,0,0,0,1,,
2026-05-09 14:31:11,33,19,19,0,"fit: 1, efit: 7","fit: 1, efit: 7",,,,0,0,0,0,1,,
2026-05-09 14:37:08,33,19,19,0,"fit: 1, efit: 8","fit: 1, efit: 8",,,,0,0,0,0,1,,
2026-05-09 14:51:16,33,19,19,0,"fit: 2, efit: 7","fit: 2, efit: 7",,,,0,0,0,0,1,,
2026-05-09 15:07:13,33,19,19,0,"fit: 2, efit: 6","fit: 2, efit: 6",,,,0,0,0,0,1,,
2026-05-09 15:16:22,33,19,19,0,"fit: 2, efit: 5","fit: 2, efit: 5",,,,0,0,0,0,1,,
2026-05-09 15:17:15,33,19,19,0,"fit: 2, efit: 6","fit: 2, efit: 6",,,,0,0,0,0,1,,
2026-05-09 15:21:23,33,19,19,0,"fit: 3, efit: 4","fit: 3, efit: 4",,,,0,0,0,0,1,,
2026-05-09 15:26:25,33,19,19,0,"fit: 3, efit: 5","fit: 3, efit: 5",,,,0,0,0,0,1,,
2026-05-09 15:46:30,33,19,19,0,"fit: 3, efit: 4","fit: 3, efit: 4",,,,0,0,0,0,1,,
2026-05-09 16:11:36,33,19,19,0,"fit: 3, efit: 7","fit: 3, efit: 7",,,,0,0,0,0,1,,
2026-05-09 16:12:25,33,19,19,0,"fit: 3, efit: 5","fit: 3, efit: 5",,,,0,0,0,0,1,,
2026-05-09 16:21:39,33,19,19,0,"fit: 4, efit: 6","fit: 3, efit: 6",fit: 1,,,0,0,0,0,1,,
2026-05-09 16:46:45,33,19,19,0,"fit: 4, efit: 8","fit: 3, efit: 8",fit: 1,,,0,0,0,0,1,,
2026-05-09 17:02:34,33,19,19,0,"fit: 4, efit: 7","fit: 3, efit: 7",fit: 1,,,0,0,0,0,1,,
2026-05-09 17:06:50,33,19,19,0,"fit: 4, efit: 5","fit: 3, efit: 5",fit: 1,,,0,0,0,0,1,,
2026-05-09 17:11:51,33,19,19,0,"fit: 4, efit: 7","fit: 3, efit: 7",fit: 1,,,0,0,0,0,1,,
2026-05-09 17:47:00,33,19,19,0,"fit: 4, efit: 8","fit: 3, efit: 8",fit: 1,,,0,0,0,0,1,,
2026-05-09 18:22:08,33,19,19,0,"fit: 4, efit: 6","fit: 3, efit: 6",fit: 1,,,0,0,0,0,1,,
2026-05-09 18:22:48,33,19,19,0,"fit: 5, efit: 6","fit: 4, efit: 6",fit: 1,,,0,0,0,0,1,,
2026-05-09 18:23:01,33,19,19,0,"fit: 7, efit: 6","fit: 6, efit: 6",fit: 1,,,0,0,0,0,1,,
2026-05-09 18:27:09,33,19,19,0,"fit: 7, efit: 7","fit: 6, efit: 7",fit: 1,,,0,0,0,0,1,,
2026-05-09 18:32:11,33,19,19,0,"fit: 8, efit: 6","fit: 7, efit: 6",fit: 1,,,0,0,0,0,1,,
2026-05-09 18:32:50,33,19,19,0,"fit: 7, efit: 6","fit: 6, efit: 6",fit: 1,,,0,0,0,0,1,,
2026-05-09 18:37:12,33,19,19,0,"fit: 6, efit: 5","fit: 5, efit: 5",fit: 1,,,0,0,0,0,1,,
2026-05-09 18:42:13,33,19,19,0,"fit: 6, efit: 6","fit: 5, efit: 6",fit: 1,,,0,0,0,0,1,,
2026-05-09 18:57:17,33,19,19,0,"fit: 5, efit: 5","fit: 4, efit: 5",fit: 1,,,0,0,0,0,1,,
2026-05-09 19:07:19,33,19,19,0,"fit: 5, efit: 6","fit: 4, efit: 6",fit: 1,,,0,0,0,0,1,,
2026-05-09 19:17:22,33,19,19,0,"fit: 4, efit: 6","fit: 3, efit: 6",fit: 1,,,0,0,0,0,1,,
2026-05-09 19:27:24,33,19,19,0,"fit: 4, efit: 5","fit: 3, efit: 5",fit: 1,,,0,0,0,0,1,,
2026-05-09 19:32:25,33,19,19,0,"fit: 4, efit: 4","fit: 3, efit: 4",fit: 1,,,0,0,0,0,1,,
2026-05-09 19:43:14,33,19,19,0,"fit: 3, efit: 3","fit: 2, efit: 3",fit: 1,,,0,0,0,0,1,,
2026-05-09 19:47:29,33,19,19,0,fit: 5,fit: 4,fit: 1,,,0,0,0,0,1,,
2026-05-09 19:57:32,33,19,19,0,fit: 6,fit: 5,fit: 1,,,0,0,0,0,1,,
2026-05-09 22:53:14,33,19,19,0,fit: 5,fit: 4,fit: 1,,,0,0,0,0,1,,
2026-05-10 00:03:31,33,19,19,0,fit: 5,fit: 4,fit: 1,,,0,0,0,0,1,,
2026-05-10 09:45:11,33,19,19,0,"fit: 5, efit: 1","fit: 4, efit: 1",fit: 1,,,0,0,0,0,1,,
2026-05-10 10:10:15,33,19,19,0,fit: 5,fit: 4,fit: 1,,,0,0,0,0,1,,
2026-05-10 11:10:25,33,19,19,0,"fit: 5, efit: 1","fit: 4, efit: 1",fit: 1,,,0,0,0,0,1,,
2026-05-10 11:30:28,33,19,19,0,fit: 5,fit: 4,fit: 1,,,0,0,0,0,1,,
2026-05-10 11:45:31,33,19,19,0,"fit: 5, efit: 1","fit: 4, efit: 1",fit: 1,,,0,0,0,0,1,,
2026-05-10 11:50:32,33,19,19,0,"fit: 5, efit: 2","fit: 4, efit: 2",fit: 1,,,0,0,0,0,1,,
2026-05-10 12:25:37,33,19,19,0,"fit: 5, efit: 1","fit: 4, efit: 1",fit: 1,,,0,0,0,0,1,,
2026-05-10 12:50:42,33,19,19,0,"fit: 5, efit: 2","fit: 4, efit: 2",fit: 1,,,0,0,0,0,1,,
2026-05-10 12:55:42,33,19,19,0,"fit: 5, efit: 3","fit: 4, efit: 3",fit: 1,,,0,0,0,0,1,,
2026-05-10 13:15:46,33,19,19,0,"fit: 6, efit: 3","fit: 5, efit: 3",fit: 1,,,0,0,0,0,1,,
2026-05-10 13:30:48,33,19,19,0,"fit: 7, efit: 4","fit: 6, efit: 4",fit: 1,,,0,0,0,0,1,,
2026-05-10 13:35:49,33,19,19,0,"fit: 7, efit: 3","fit: 6, efit: 3",fit: 1,,,0,0,0,0,1,,
2026-05-10 13:56:45,33,19,19,0,"fit: 7, efit: 4","fit: 6, efit: 4",fit: 1,,,0,0,0,0,1,,
2026-05-10 14:15:55,33,19,19,0,"fit: 7, efit: 5","fit: 6, efit: 5",fit: 1,,,0,0,0,0,1,,
2026-05-10 14:40:59,33,19,19,0,"fit: 7, efit: 4","fit: 6, efit: 4",fit: 1,,,0,0,0,0,1,,
2026-05-10 14:41:56,33,19,19,0,"fit: 7, efit: 3","fit: 6, efit: 3",fit: 1,,,0,0,0,0,1,,
2026-05-10 14:56:02,33,19,19,0,"fit: 8, efit: 3","fit: 7, efit: 3",fit: 1,,,0,0,0,0,1,,
2026-05-10 15:26:07,33,19,19,0,"fit: 8, efit: 4","fit: 7, efit: 4",fit: 1,,,0,0,0,0,1,,
2026-05-10 16:01:13,33,19,19,0,"fit: 8, efit: 3","fit: 7, efit: 3",fit: 1,,,0,0,0,0,1,,
2026-05-10 16:27:22,33,19,19,0,"fit: 8, efit: 4","fit: 7, efit: 4",fit: 1,,,0,0,0,0,1,,
2026-05-10 16:41:19,33,19,19,0,"fit: 8, efit: 3","fit: 7, efit: 3",fit: 1,,,0,0,0,0,1,,
2026-05-10 17:01:22,33,19,19,0,"fit: 8, efit: 2","fit: 7, efit: 2",fit: 1,,,0,0,0,0,1,,
2026-05-10 17:01:32,33,19,19,0,"fit: 8, efit: 1","fit: 7, efit: 1",fit: 1,,,0,0,0,0,1,,
2026-05-10 17:16:25,33,19,19,0,fit: 8,fit: 7,fit: 1,,,0,0,0,0,1,,
2026-05-10 17:46:30,33,19,19,0,fit: 10,fit: 9,fit: 1,,,0,0,0,0,1,,
2026-05-10 17:52:44,33,19,19,0,"fit: 10, efit: 1","fit: 9, efit: 1",fit: 1,,,0,0,0,0,1,,
2026-05-10 18:01:33,33,19,19,0,fit: 10,fit: 9,fit: 1,,,0,0,0,0,1,,
2026-05-10 18:41:39,33,19,19,0,fit: 9,fit: 8,fit: 1,,,0,0,0,0,1,,
2026-05-10 18:42:57,33,19,19,0,fit: 8,fit: 7,fit: 1,,,0,0,0,0,1,,
2026-05-10 18:46:40,33,19,19,0,fit: 7,fit: 6,fit: 1,,,0,0,0,0,1,,
2026-05-10 20:06:53,33,19,19,0,"fit: 9, efit: 1","fit: 8, efit: 1",fit: 1,,,0,0,0,0,1,,
2026-05-10 20:16:55,33,19,19,0,fit: 9,fit: 8,fit: 1,,,0,0,0,0,1,,
2026-05-10 20:43:27,33,19,19,0,"fit: 9, efit: 1","fit: 8, efit: 1",fit: 1,,,0,0,0,0,1,,
2026-05-10 20:47:00,33,19,19,0,fit: 9,fit: 8,fit: 1,,,0,0,0,0,1,,
2026-05-10 22:22:15,33,19,19,0,fit: 8,fit: 7,fit: 1,,,0,0,0,0,1,,
2026-05-10 22:22:31,33,19,19,0,fit: 9,fit: 8,fit: 1,,,0,0,0,0,1,,
2026-05-11 00:02:30,33,19,19,0,fit: 9,fit: 8,fit: 1,,,0,0,0,0,1,,
2026-05-11 01:29:35,33,19,19,0,"fit: 9, efit: 1","fit: 8, efit: 1",fit: 1,,,0,0,0,0,1,,
2026-05-11 02:17:51,33,19,19,0,"fit: 8, efit: 1","fit: 7, efit: 1",fit: 1,,,0,0,0,0,1,,
2026-05-11 02:23:12,33,19,19,0,"fit: 8, efit: 1",fit: 7,"fit: 1, efit: 1",,,0,0,0,0,1,,
2026-05-11 02:24:49,33,19,19,0,"fit: 8, efit: 1","fit: 7, efit: 1",fit: 1,,,0,0,0,0,1,,
2026-05-11 03:25:03,33,19,19,0,"fit: 8, efit: 1",fit: 7,"fit: 1, efit: 1",,,0,0,0,0,1,,
2026-05-11 03:28:01,33,19,19,0,"fit: 8, efit: 1","fit: 7, efit: 1",fit: 1,,,0,0,0,0,1,,
2026-05-11 03:53:05,33,19,19,0,"fit: 8, efit: 1",fit: 7,"fit: 1, efit: 1",,,0,0,0,0,1,,
2026-05-11 03:53:27,33,19,19,0,"fit: 8, efit: 1","fit: 7, efit: 1",fit: 1,,,0,0,0,0,1,,
2026-05-11 03:58:06,33,19,19,0,"fit: 8, efit: 1",fit: 7,"fit: 1, efit: 1",,,0,0,0,0,1,,
2026-05-11 04:00:11,33,19,19,0,"fit: 8, efit: 1","fit: 7, efit: 1",fit: 1,,,0,0,0,0,1,,
2026-05-11 04:03:29,33,19,19,0,"fit: 8, efit: 1",fit: 7,"fit: 1, efit: 1",,,0,0,0,0,1,,
2026-05-11 04:08:08,33,19,19,0,"fit: 8, efit: 1","fit: 7, efit: 1",fit: 1,,,0,0,0,0,1,,
2026-05-11 04:10:13,33,19,19,0,"fit: 8, efit: 1",fit: 7,"fit: 1, efit: 1",,,0,0,0,0,1,,
2026-05-11 04:13:08,33,19,19,0,"fit: 8, efit: 1","fit: 7, efit: 1",fit: 1,,,0,0,0,0,1,,
2026-05-11 04:18:09,33,19,19,0,"fit: 8, efit: 1",fit: 7,"fit: 1, efit: 1",,,0,0,0,0,1,,
2026-05-11 04:30:18,33,19,19,0,"fit: 8, efit: 1","fit: 7, efit: 1",fit: 1,,,0,0,0,0,1,,
2026-05-11 04:33:11,33,19,19,0,"fit: 8, efit: 1",fit: 7,"fit: 1, efit: 1",,,0,0,0,0,1,,
2026-05-11 04:43:13,33,19,19,0,"fit: 8, efit: 1","fit: 7, efit: 1",fit: 1,,,0,0,0,0,1,,
2026-05-11 04:45:22,33,19,19,0,"fit: 8, efit: 1",fit: 7,"fit: 1, efit: 1",,,0,0,0,0,1,,
2026-05-11 05:25:31,33,19,19,0,"fit: 8, efit: 1","fit: 7, efit: 1",fit: 1,,,0,0,0,0,1,,
2026-05-11 05:28:20,33,19,19,0,"fit: 8, efit: 1",fit: 7,"fit: 1, efit: 1",,,0,0,0,0,1,,
2026-05-11 07:53:43,33,19,19,0,"fit: 8, efit: 1","fit: 7, efit: 1",fit: 1,,,0,0,0,0,1,,
2026-05-11 07:56:08,33,19,19,0,"fit: 8, efit: 1",fit: 7,"fit: 1, efit: 1",,,0,0,0,0,1,,
2026-05-11 08:01:09,33,19,19,0,"fit: 8, efit: 1","fit: 7, efit: 1",fit: 1,,,0,0,0,0,1,,
2026-05-11 08:04:11,33,19,19,0,"fit: 8, efit: 1",fit: 7,"fit: 1, efit: 1",,,0,0,0,0,1,,
2026-05-11 08:06:10,33,19,19,0,"fit: 8, efit: 1","fit: 7, efit: 1",fit: 1,,,0,0,0,0,1,,
2026-05-11 08:38:50,33,19,19,0,"fit: 9, efit: 2","fit: 8, efit: 2",fit: 1,,,0,0,0,0,1,,
2026-05-11 09:44:01,33,19,19,0,"fit: 8, efit: 2","fit: 8, efit: 2",,,,0,0,0,0,1,,
2026-05-11 09:49:02,33,19,19,0,"fit: 9, efit: 2","fit: 9, efit: 2",,,,0,0,0,0,1,,
2026-05-11 10:36:48,33,19,19,0,"fit: 9, efit: 3","fit: 9, efit: 3",,,,0,0,0,0,1,,
2026-05-11 10:44:40,33,19,19,0,"fit: 9, efit: 4","fit: 9, efit: 4",,,,0,0,0,0,1,,
2026-05-11 11:01:54,33,19,19,0,"fit: 9, efit: 5","fit: 9, efit: 5",,,,0,0,0,0,1,,
2026-05-11 11:09:14,33,19,19,0,"fit: 10, efit: 5","fit: 10, efit: 5",,,,0,0,0,0,1,,
2026-05-11 11:44:20,33,19,19,0,"fit: 10, efit: 4","fit: 10, efit: 4",,,,0,0,0,0,1,,
2026-05-11 11:49:21,33,19,19,0,"fit: 10, efit: 5","fit: 10, efit: 5",,,,0,0,0,0,1,,
2026-05-11 12:02:12,33,19,19,0,"fit: 10, efit: 4","fit: 10, efit: 4",,,,0,0,0,0,1,,
2026-05-11 12:09:56,33,19,19,0,"fit: 10, efit: 5","fit: 10, efit: 5",,,,0,0,0,0,1,,
2026-05-11 12:19:57,33,19,19,0,"fit: 10, efit: 4","fit: 10, efit: 4",,,,0,0,0,0,1,,
2026-05-11 12:24:26,33,19,19,0,"fit: 10, efit: 3","fit: 10, efit: 3",,,,0,0,0,0,1,,
2026-05-11 12:32:20,33,19,19,0,"fit: 10, efit: 4","fit: 10, efit: 4",,,,0,0,0,0,1,,
2026-05-11 12:34:28,33,19,19,0,"fit: 10, efit: 3","fit: 10, efit: 3",,,,0,0,0,0,1,,
2026-05-11 12:44:30,33,19,19,0,"fit: 10, efit: 2","fit: 10, efit: 2",,,,0,0,0,0,1,,
2026-05-11 13:05:06,33,19,19,0,"fit: 10, efit: 1","fit: 10, efit: 1",,,,0,0,0,0,1,,
2026-05-11 13:14:35,33,19,19,0,"fit: 10, efit: 2","fit: 10, efit: 2",,,,0,0,0,0,1,,
2026-05-11 13:20:09,33,19,19,0,"fit: 10, efit: 3","fit: 10, efit: 3",,,,0,0,0,0,1,,
2026-05-11 14:02:43,33,19,19,0,"fit: 10, efit: 2","fit: 10, efit: 2",,,,0,0,0,0,1,,
2026-05-11 14:22:48,33,19,19,0,"fit: 10, efit: 3","fit: 10, efit: 3",,,,0,0,0,0,1,,
2026-05-11 14:45:25,33,19,19,0,"fit: 10, efit: 4","fit: 10, efit: 4",,,,0,0,0,0,1,,
2026-05-11 15:00:28,33,19,19,0,"fit: 10, efit: 3","fit: 10, efit: 3",,,,0,0,0,0,1,,
2026-05-11 15:28:05,33,19,19,0,"fit: 10, efit: 2","fit: 10, efit: 2",,,,0,0,0,0,1,,
2026-05-11 15:29:57,33,19,19,0,fit: 10,fit: 10,,,,0,0,0,0,1,,
2026-05-11 15:53:10,33,19,19,0,fit: 11,fit: 11,,,,0,0,0,0,1,,
2026-05-11 16:28:18,33,19,19,0,"fit: 11, efit: 1",fit: 11,,,,0,0,0,0,1,,
2026-05-11 16:30:07,33,19,19,0,"fit: 11, efit: 2",fit: 11,,,,0,0,0,0,1,,
2026-05-11 16:55:11,33,19,19,0,"fit: 11, efit: 2","fit: 11, efit: 1",,,,0,0,0,0,1,,
2026-05-11 17:00:12,33,19,19,0,"fit: 12, efit: 2","fit: 12, efit: 1",,,,0,0,0,0,1,,
2026-05-11 17:13:29,33,19,19,0,"fit: 12, efit: 1",fit: 12,,,,0,0,0,0,1,,
2026-05-11 17:15:15,33,19,19,0,"fit: 11, efit: 1",fit: 11,,,,0,0,0,0,1,,
2026-05-11 17:25:17,33,19,19,0,"fit: 11, efit: 1","fit: 11, efit: 1",,,,0,0,0,0,1,,
2026-05-11 17:30:18,33,19,19,0,fit: 12,fit: 12,,,,0,0,0,0,1,,
2026-05-11 17:40:19,33,19,19,0,fit: 11,fit: 11,,,,0,0,0,0,1,,
2026-05-11 17:43:36,33,19,19,0,fit: 10,fit: 10,,,,0,0,0,0,1,,
2026-05-11 18:23:45,33,19,19,0,fit: 12,fit: 12,,,,0,0,0,0,1,,
2026-05-11 18:51:09,33,19,19,0,fit: 11,fit: 11,,,,0,0,0,0,1,,
2026-05-11 19:08:56,33,19,19,0,fit: 10,fit: 10,,,,0,0,0,0,1,,
2026-05-11 19:59:07,33,19,19,0,fit: 8,fit: 8,,,,0,0,0,0,1,,
2026-05-11 20:04:08,33,19,19,0,"fit: 8, efit: 3","fit: 8, efit: 3",,,,0,0,0,0,1,,
2026-05-11 20:19:11,33,19,19,0,"fit: 8, efit: 2","fit: 8, efit: 2",,,,0,0,0,0,1,,
2026-05-11 20:30:48,33,19,19,0,fit: 8,fit: 8,,,,0,0,0,0,1,,
2026-05-11 21:31:38,33,19,19,0,fit: 7,fit: 7,,,,0,0,0,0,1,,
2026-05-12 00:01:20,33,19,19,0,fit: 7,fit: 7,,,,0,0,0,0,1,,
2026-05-12 09:03:34,33,19,19,0,"fit: 7, efit: 1","fit: 7, efit: 1",,,,0,0,0,0,1,,
2026-05-12 09:11:53,33,19,19,0,"fit: 7, efit: 2","fit: 7, efit: 2",,,,0,0,0,0,1,,
2026-05-12 09:42:00,33,19,19,0,"fit: 8, efit: 2","fit: 8, efit: 2",,,,0,0,0,0,1,,
2026-05-12 10:02:04,33,19,19,0,"fit: 9, efit: 2","fit: 9, efit: 2",,,,0,0,0,0,1,,
2026-05-12 10:03:44,33,19,19,0,"fit: 10, efit: 2","fit: 10, efit: 2",,,,0,0,0,0,1,,
2026-05-12 10:37:12,33,19,19,0,"fit: 10, efit: 1","fit: 10, efit: 1",,,,0,0,0,0,1,,
2026-05-12 11:07:18,33,19,19,0,fit: 10,fit: 10,,,,0,0,0,0,1,,
2026-05-12 12:18:14,33,19,19,0,"fit: 10, efit: 1","fit: 10, efit: 1",,,,0,0,0,0,1,,
2026-05-12 12:54:11,33,19,19,0,"fit: 10, efit: 2","fit: 10, efit: 2",,,,0,0,0,0,1,,
2026-05-12 13:02:42,33,19,19,0,"fit: 10, efit: 1","fit: 10, efit: 1",,,,0,0,0,0,1,,
2026-05-12 13:29:58,33,19,19,0,"fit: 10, efit: 2","fit: 10, efit: 2",,,,0,0,0,0,1,,
2026-05-12 13:40:32,33,19,19,0,"fit: 9, efit: 2","fit: 9, efit: 2",,,,0,0,0,0,1,,
2026-05-12 13:50:02,33,19,19,0,"fit: 9, efit: 1","fit: 9, efit: 1",,,,0,0,0,0,1,,
2026-05-12 13:55:03,33,19,19,0,"fit: 8, efit: 1","fit: 8, efit: 1",,,,0,0,0,0,1,,
2026-05-12 14:20:08,33,19,19,0,"fit: 8, efit: 2","fit: 8, efit: 2",,,,0,0,0,0,1,,
2026-05-12 14:30:43,33,19,19,0,"fit: 8, efit: 3","fit: 8, efit: 3",,,,0,0,0,0,1,,
2026-05-12 14:35:44,33,19,19,0,"fit: 8, efit: 4","fit: 8, efit: 4",,,,0,0,0,0,1,,
2026-05-12 15:10:18,33,19,19,0,"fit: 8, efit: 6","fit: 8, efit: 6",,,,0,0,0,0,1,,
2026-05-12 15:18:46,33,19,19,0,"fit: 8, efit: 5","fit: 8, efit: 5",,,,0,0,0,0,1,,
2026-05-12 15:28:48,33,19,19,0,"fit: 8, efit: 6","fit: 8, efit: 6",,,,0,0,0,0,1,,
2026-05-12 15:35:23,33,19,19,0,"fit: 8, efit: 5","fit: 8, efit: 5",,,,0,0,0,0,1,,
2026-05-12 15:43:51,33,19,19,0,"fit: 8, efit: 4","fit: 8, efit: 4",,,,0,0,0,0,1,,
2026-05-12 15:53:53,33,19,19,0,"fit: 8, efit: 5","fit: 8, efit: 5",,,,0,0,0,0,1,,
2026-05-12 16:08:56,33,19,19,0,"fit: 8, efit: 6","fit: 8, efit: 6",,,,0,0,0,0,1,,
2026-05-12 16:10:30,33,19,19,0,"fit: 8, efit: 5","fit: 8, efit: 5",,,,0,0,0,0,1,,
2026-05-12 16:39:03,33,19,19,0,"fit: 8, efit: 7","fit: 8, efit: 7",,,,0,0,0,0,1,,
2026-05-12 16:44:04,33,19,19,0,"fit: 8, efit: 5","fit: 8, efit: 5",,,,0,0,0,0,1,,
2026-05-12 16:45:37,33,19,19,0,"fit: 8, efit: 4","fit: 8, efit: 4",,,,0,0,0,0,1,,
2026-05-12 17:09:09,33,19,19,0,"fit: 8, efit: 3","fit: 8, efit: 3",,,,0,0,0,0,1,,
2026-05-12 17:14:10,33,19,19,0,"fit: 8, efit: 1","fit: 8, efit: 1",,,,0,0,0,0,1,,
2026-05-12 17:24:12,33,19,19,0,"fit: 7, efit: 1","fit: 7, efit: 1",,,,0,0,0,0,1,,
2026-05-12 17:29:13,33,19,19,0,fit: 7,fit: 7,,,,0,0,0,0,1,,
2026-05-12 17:54:17,33,19,19,0,"fit: 7, efit: 1","fit: 7, efit: 1",,,,0,0,0,0,1,,
2026-05-12 17:59:19,33,19,19,0,fit: 7,fit: 7,,,,0,0,0,0,1,,
2026-05-12 18:04:20,33,19,19,0,"fit: 7, efit: 1","fit: 7, efit: 1",,,,0,0,0,0,1,,
2026-05-12 18:14:22,33,19,19,0,fit: 7,fit: 7,,,,0,0,0,0,1,,
2026-05-12 18:39:27,33,19,19,0,fit: 6,fit: 6,,,,0,0,0,0,1,,
2026-05-12 18:44:28,33,19,19,0,"fit: 6, efit: 1","fit: 6, efit: 1",,,,0,0,0,0,1,,
2026-05-12 18:54:30,33,19,19,0,"fit: 6, efit: 2","fit: 6, efit: 2",,,,0,0,0,0,1,,
2026-05-12 18:55:59,33,19,19,0,"fit: 6, efit: 1","fit: 6, efit: 1",,,,0,0,0,0,1,,
2026-05-12 19:09:33,33,19,19,0,fit: 6,fit: 6,,,,0,0,0,0,1,,
2026-05-12 19:14:34,33,19,19,0,fit: 8,fit: 8,,,,0,0,0,0,1,,
2026-05-12 19:19:35,33,19,19,0,"fit: 7, efit: 1","fit: 7, efit: 1",,,,0,0,0,0,1,,
2026-05-12 19:24:36,33,19,19,0,"fit: 8, efit: 1","fit: 8, efit: 1",,,,0,0,0,0,1,,
2026-05-12 19:41:07,33,19,19,0,fit: 9,fit: 9,,,,0,0,0,0,1,,
2026-05-12 19:51:09,33,19,19,0,fit: 8,fit: 8,,,,0,0,0,0,1,,
2026-05-12 20:21:14,33,19,19,0,fit: 7,fit: 7,,,,0,0,0,0,1,,
2026-05-12 20:51:19,33,19,19,0,fit: 6,fit: 6,,,,0,0,0,0,1,,
2026-05-12 22:50:16,33,19,19,0,fit: 5,fit: 5,,,,0,0,0,0,1,,
2026-05-12 22:51:40,33,19,19,0,fit: 6,fit: 6,,,,0,0,0,0,1,,
2026-05-13 00:00:29,33,19,19,0,fit: 6,fit: 6,,,,0,0,0,0,1,,
2026-05-13 01:15:43,33,19,19,0,"fit: 6, efit: 1","fit: 6, efit: 1",,,,0,0,0,0,1,,
2026-05-13 07:38:06,33,19,19,0,fit: 6,fit: 6,,,,0,0,0,0,1,,
2026-05-13 07:58:10,33,19,19,0,fit: 5,fit: 5,,,,0,0,0,0,1,,
2026-05-13 09:32:18,33,19,19,0,fit: 6,fit: 6,,,,0,0,0,0,1,,
2026-05-13 10:57:34,33,19,19,0,"fit: 6, efit: 1","fit: 6, efit: 1",,,,0,0,0,0,1,,
2026-05-13 11:07:36,33,19,19,0,"fit: 6, efit: 2","fit: 6, efit: 2",,,,0,0,0,0,1,,
2026-05-13 11:12:37,33,19,19,0,"fit: 6, efit: 3","fit: 6, efit: 3",,,,0,0,0,0,1,,
2026-05-13 12:17:50,33,19,19,0,"fit: 7, efit: 5","fit: 7, efit: 5",,,,0,0,0,0,1,,
2026-05-13 12:38:58,33,19,19,0,"fit: 7, efit: 6","fit: 7, efit: 6",,,,0,0,0,0,1,,
2026-05-13 12:42:55,33,19,19,0,"fit: 7, efit: 7","fit: 7, efit: 7",,,,0,0,0,0,1,,
2026-05-13 13:43:07,33,19,19,0,"fit: 7, efit: 6","fit: 7, efit: 6",,,,0,0,0,0,1,,
2026-05-13 13:54:11,33,19,19,0,"fit: 8, efit: 5","fit: 8, efit: 5",,,,0,0,0,0,1,,
2026-05-13 14:13:13,33,19,19,0,"fit: 9, efit: 4","fit: 9, efit: 4",,,,0,0,0,0,1,,
2026-05-13 14:18:14,33,19,19,0,"fit: 10, efit: 4","fit: 10, efit: 4",,,,0,0,0,0,1,,
2026-05-13 14:43:19,33,19,19,0,"fit: 10, efit: 3","fit: 10, efit: 3",,,,0,0,0,0,1,,
2026-05-13 14:44:19,33,19,19,0,"fit: 10, efit: 2","fit: 10, efit: 2",,,,0,0,0,0,1,,
2026-05-13 15:33:29,33,19,19,0,"fit: 10, efit: 3","fit: 10, efit: 3",,,,0,0,0,0,1,,
2026-05-13 16:14:34,33,19,19,0,"fit: 10, efit: 2","fit: 10, efit: 2",,,,0,0,0,0,1,,
2026-05-13 16:53:45,33,19,19,0,"fit: 11, efit: 2","fit: 11, efit: 2",,,,0,0,0,0,1,,
2026-05-13 16:54:41,33,19,19,0,"fit: 11, efit: 1","fit: 11, efit: 1",,,,0,0,0,0,1,,
2026-05-13 17:13:49,33,19,19,0,fit: 10,fit: 10,,,,0,0,0,0,1,,
2026-05-13 17:43:55,33,19,19,0,"fit: 10, efit: 1","fit: 10, efit: 1",,,,0,0,0,0,1,,
2026-05-13 17:49:50,33,19,19,0,fit: 10,fit: 10,,,,0,0,0,0,1,,
2026-05-13 17:53:57,33,19,19,0,"fit: 10, efit: 2","fit: 10, efit: 2",,,,0,0,0,0,1,,
2026-05-13 18:03:59,33,19,19,0,fit: 11,fit: 11,,,,0,0,0,0,1,,
2026-05-13 18:54:09,33,19,19,0,fit: 10,fit: 10,,,,0,0,0,0,1,,
2026-05-13 19:14:13,33,19,19,0,fit: 9,fit: 9,,,,0,0,0,0,1,,
2026-05-13 19:19:14,33,19,19,0,fit: 8,fit: 8,,,,0,0,0,0,1,,
2026-05-13 19:44:19,33,19,19,0,fit: 7,fit: 7,,,,0,0,0,0,1,,
2026-05-13 19:54:21,33,19,19,0,"fit: 7, efit: 1","fit: 7, efit: 1",,,,0,0,0,0,1,,
2026-05-13 20:34:28,33,19,19,0,fit: 7,fit: 7,,,,0,0,0,0,1,,
2026-05-13 22:24:50,33,19,19,0,fit: 6,fit: 6,,,,0,0,0,0,1,,
2026-05-14 00:01:33,33,19,19,0,fit: 6,fit: 6,,,,0,0,0,0,1,,
2026-05-14 09:03:09,33,19,19,0,"fit: 6, efit: 1","fit: 6, efit: 1",,,,0,0,0,0,1,,
2026-05-14 09:08:10,33,19,19,0,"fit: 7, efit: 1","fit: 7, efit: 1",,,,0,0,0,0,1,,
2026-05-14 10:14:00,33,19,19,0,"fit: 8, efit: 1","fit: 8, efit: 1",,,,0,0,0,0,1,,
2026-05-14 11:13:33,33,19,19,0,"fit: 9, efit: 1","fit: 9, efit: 1",,,,0,0,0,0,1,,
2026-05-14 12:03:42,33,19,19,0,"fit: 8, efit: 1","fit: 8, efit: 1",,,,0,0,0,0,1,,
2026-05-14 12:50:19,33,19,19,0,"fit: 8, efit: 2","fit: 8, efit: 2",,,,0,0,0,0,1,,
2026-05-14 13:23:57,33,19,19,0,"fit: 8, efit: 1","fit: 8, efit: 1",,,,0,0,0,0,1,,
2026-05-14 13:59:03,33,19,19,0,"fit: 8, efit: 2","fit: 8, efit: 2",,,,0,0,0,0,1,,
2026-05-14 14:14:06,33,19,19,0,"fit: 8, efit: 1","fit: 8, efit: 1",,,,0,0,0,0,1,,
2026-05-14 14:24:08,33,19,19,0,"fit: 8, efit: 2","fit: 8, efit: 2",,,,0,0,0,0,1,,
2026-05-14 14:49:15,33,19,19,0,"fit: 8, efit: 3","fit: 8, efit: 3",,,,0,0,0,0,1,,
2026-05-14 15:09:16,33,19,19,0,"fit: 8, efit: 4","fit: 8, efit: 4",,,,0,0,0,0,1,,
2026-05-14 15:14:17,33,19,19,0,"fit: 8, efit: 2","fit: 8, efit: 2",,,,0,0,0,0,1,,
2026-05-14 15:39:21,33,19,19,0,"fit: 8, efit: 1","fit: 8, efit: 1",,,,0,0,0,0,1,,
2026-05-14 16:09:27,33,19,19,0,"fit: 8, efit: 2","fit: 8, efit: 2",,,,0,0,0,0,1,,
2026-05-14 16:29:29,33,19,19,0,"fit: 8, efit: 1","fit: 8, efit: 1",,,,0,0,0,0,1,,
2026-05-14 17:09:33,33,19,19,0,"fit: 8, efit: 2","fit: 8, efit: 2",,,,0,0,0,0,1,,
2026-05-14 17:26:15,33,19,19,0,"fit: 9, efit: 2","fit: 9, efit: 2",,,,0,0,0,0,1,,
2026-05-14 17:29:35,33,19,19,0,"fit: 9, efit: 1","fit: 9, efit: 1",,,,0,0,0,0,1,,
2026-05-14 17:44:38,33,19,19,0,fit: 9,fit: 9,,,,0,0,0,0,1,,
2026-05-14 17:54:40,33,19,19,0,fit: 8,fit: 8,,,,0,0,0,0,1,,
2026-05-14 18:39:47,33,19,19,0,fit: 9,fit: 9,,,,0,0,0,0,1,,
2026-05-14 22:52:22,33,19,19,0,fit: 8,fit: 8,,,,0,0,0,0,1,,
2026-05-15 00:00:42,33,19,19,0,fit: 8,fit: 8,,,,0,0,0,0,1,,
2026-05-15 00:40:48,33,19,19,0,"fit: 8, efit: 1","fit: 8, efit: 1",,,,0,0,0,0,1,,
2026-05-15 01:57:58,33,19,19,0,fit: 8,fit: 8,,,,0,0,0,0,1,,
2026-05-15 10:12:19,33,19,19,0,fit: 9,fit: 9,,,,0,0,0,0,1,,
2026-05-15 11:14:47,33,19,19,0,"fit: 9, efit: 1",fit: 9,,,,0,0,0,0,1,,
2026-05-15 11:29:51,33,19,19,0,"fit: 9, efit: 2","fit: 9, efit: 1",,,,0,0,0,0,1,,
2026-05-15 11:39:53,33,19,19,0,"fit: 9, efit: 2","fit: 9, efit: 2",,,,0,0,0,0,1,,
2026-05-15 11:47:34,33,19,19,0,"fit: 9, efit: 3","fit: 9, efit: 3",,,,0,0,0,0,1,,
2026-05-15 12:02:37,33,19,19,0,"fit: 9, efit: 4","fit: 9, efit: 4",,,,0,0,0,0,1,,
2026-05-15 12:04:59,33,19,19,0,"fit: 9, efit: 5","fit: 9, efit: 5",,,,0,0,0,0,1,,
2026-05-15 12:15:01,33,19,19,0,"fit: 9, efit: 4","fit: 9, efit: 4",,,,0,0,0,0,1,,
2026-05-15 12:22:40,33,19,19,0,"fit: 10, efit: 4","fit: 10, efit: 4",,,,0,0,0,0,1,,
2026-05-15 12:37:42,33,19,19,0,"fit: 10, efit: 5","fit: 10, efit: 5",,,,0,0,0,0,1,,
2026-05-15 12:52:45,33,19,19,0,"fit: 10, efit: 4","fit: 10, efit: 4",,,,0,0,0,0,1,,
2026-05-15 13:02:47,33,19,19,0,"fit: 10, efit: 3","fit: 10, efit: 3",,,,0,0,0,0,1,,
2026-05-15 13:15:14,33,19,19,0,"fit: 10, efit: 4","fit: 10, efit: 4",,,,0,0,0,0,1,,
2026-05-15 13:25:16,33,19,19,0,"fit: 10, efit: 3","fit: 10, efit: 3",,,,0,0,0,0,1,,
2026-05-15 13:30:17,33,19,19,0,"fit: 10, efit: 2","fit: 10, efit: 2",,,,0,0,0,0,1,,
2026-05-15 13:45:20,33,19,19,0,"fit: 10, efit: 1","fit: 10, efit: 1",,,,0,0,0,0,1,,
2026-05-15 15:00:35,33,19,19,0,fit: 10,fit: 10,,,,0,0,0,0,1,,
2026-05-15 15:28:41,33,19,19,0,"fit: 10, efit: 1","fit: 10, efit: 1",,,,0,0,0,0,1,,
2026-05-15 15:43:16,33,19,19,0,fit: 10,fit: 10,,,,0,0,0,0,1,,
2026-05-15 15:50:45,33,19,19,0,"fit: 10, efit: 1","fit: 10, efit: 1",,,,0,0,0,0,1,,
2026-05-15 15:53:46,33,19,19,0,fit: 10,fit: 10,,,,0,0,0,0,1,,
2026-05-15 16:18:21,33,19,19,0,"fit: 10, efit: 1","fit: 10, efit: 1",,,,0,0,0,0,1,,
2026-05-15 16:23:52,33,19,19,0,fit: 10,fit: 10,,,,0,0,0,0,1,,
2026-05-15 16:43:26,33,19,19,0,fit: 9,fit: 9,,,,0,0,0,0,1,,
2026-05-15 16:45:56,33,19,19,0,"fit: 9, efit: 1","fit: 9, efit: 1",,,,0,0,0,0,1,,
2026-05-15 16:50:57,33,19,19,0,"fit: 10, efit: 1","fit: 10, efit: 1",,,,0,0,0,0,1,,
2026-05-15 16:53:27,33,19,19,0,fit: 10,fit: 10,,,,0,0,0,0,1,,
2026-05-15 17:11:02,33,19,19,0,"fit: 10, efit: 1","fit: 10, efit: 1",,,,0,0,0,0,1,,
2026-05-15 17:18:32,33,19,19,0,"fit: 11, efit: 2","fit: 11, efit: 2",,,,0,0,0,0,1,,
2026-05-15 17:31:06,33,19,19,0,"fit: 11, efit: 1","fit: 11, efit: 1",,,,0,0,0,0,1,,
2026-05-15 17:33:35,33,19,19,0,fit: 11,fit: 11,,,,0,0,0,0,1,,
2026-05-15 18:09:12,33,19,19,0,fit: 10,fit: 10,,,,0,0,0,0,1,,
2026-05-15 18:24:15,33,19,19,0,"fit: 10, efit: 2","fit: 10, efit: 2",,,,0,0,0,0,1,,
2026-05-15 18:26:18,33,19,19,0,"fit: 10, efit: 1","fit: 10, efit: 1",,,,0,0,0,0,1,,
2026-05-15 18:48:48,33,19,19,0,"fit: 10, efit: 2","fit: 10, efit: 2",,,,0,0,0,0,1,,
2026-05-15 19:16:29,33,19,19,0,"fit: 10, efit: 1","fit: 10, efit: 1",,,,0,0,0,0,1,,
2026-05-15 19:18:53,33,19,19,0,fit: 6,fit: 6,,,,0,0,0,0,1,,
2026-05-15 19:26:31,33,19,19,0,"fit: 6, efit: 1","fit: 6, efit: 1",,,,0,0,0,0,1,,
2026-05-15 19:33:56,33,19,19,0,fit: 6,fit: 6,,,,0,0,0,0,1,,
2026-05-15 19:49:34,33,19,19,0,fit: 5,fit: 5,,,,0,0,0,0,1,,
2026-05-15 20:44:44,33,19,19,0,fit: 4,fit: 4,,,,0,0,0,0,1,,
2026-05-15 21:04:12,33,19,19,0,fit: 5,fit: 5,,,,0,0,0,0,1,,
2026-05-15 21:06:52,33,19,19,0,"fit: 5, efit: 1","fit: 5, efit: 1",,,,0,0,0,0,1,,
2026-05-15 22:40:06,33,19,19,0,fit: 6,fit: 6,,,,0,0,0,0,1,,
2026-05-15 22:57:14,33,19,19,0,fit: 5,fit: 5,,,,0,0,0,0,1,,
2026-05-16 00:00:21,33,19,19,0,fit: 5,fit: 5,,,,0,0,0,0,1,,
2026-05-16 00:20:24,33,19,19,0,"fit: 5, efit: 1","fit: 5, efit: 1",,,,0,0,0,0,1,,
2026-05-16 00:24:45,33,19,19,0,"fit: 5, efit: 2","fit: 5, efit: 2",,,,0,0,0,0,1,,
2026-05-16 08:26:52,33,19,19,0,"fit: 5, efit: 4","fit: 5, efit: 4",,,,0,0,0,0,1,,
2026-05-16 09:26:13,33,19,19,0,"fit: 5, efit: 3","fit: 5, efit: 3",,,,0,0,0,0,1,,
2026-05-16 10:14:26,33,19,19,0,"fit: 5, efit: 4","fit: 5, efit: 4",,,,0,0,0,0,1,,
2026-05-16 10:54:34,33,19,19,0,"fit: 5, efit: 3","fit: 5, efit: 3",,,,0,0,0,0,1,,
2026-05-16 11:07:22,33,19,19,0,"fit: 5, efit: 4","fit: 5, efit: 4",,,,0,0,0,0,1,,
2026-05-16 11:09:37,33,19,19,0,"fit: 5, efit: 5","fit: 5, efit: 5",,,,0,0,0,0,1,,
2026-05-16 11:37:27,33,19,19,0,"fit: 5, efit: 4","fit: 5, efit: 4",,,,0,0,0,0,1,,
2026-05-16 12:39:56,33,19,19,0,"fit: 5, efit: 2","fit: 5, efit: 2",,,,0,0,0,0,1,,
2026-05-16 12:49:58,33,19,19,0,"fit: 5, efit: 3","fit: 5, efit: 3",,,,0,0,0,0,1,,
2026-05-16 13:15:05,33,19,19,0,"fit: 5, efit: 4","fit: 5, efit: 4",,,,0,0,0,0,1,,
2026-05-16 13:25:07,33,19,19,0,"fit: 5, efit: 2","fit: 5, efit: 2",,,,0,0,0,0,1,,
2026-05-16 13:30:08,33,19,19,0,"fit: 5, efit: 1","fit: 5, efit: 1",,,,0,0,0,0,1,,
2026-05-16 13:35:09,33,19,19,0,fit: 5,fit: 5,,,,0,0,0,0,1,,
2026-05-16 14:22:05,33,19,19,0,"fit: 5, efit: 1","fit: 5, efit: 1",,,,0,0,0,0,1,,
2026-05-16 14:45:23,33,19,19,0,"fit: 6, efit: 1","fit: 6, efit: 1",,,,0,0,0,0,1,,
2026-05-16 15:20:33,33,19,19,0,fit: 6,fit: 6,,,,0,0,0,0,1,,
2026-05-16 17:08:28,33,19,19,0,fit: 7,fit: 7,,,,0,0,0,0,1,,
2026-05-16 17:10:55,33,19,19,0,fit: 8,fit: 8,,,,0,0,0,0,1,,
2026-05-16 17:12:33,33,19,19,0,"fit: 8, efit: 1","fit: 8, efit: 1",,,,0,0,0,0,1,,
2026-05-16 17:33:33,33,19,19,0,fit: 8,fit: 8,,,,0,0,0,0,1,,
2026-05-16 18:11:08,33,19,19,0,fit: 6,fit: 6,,,,0,0,0,0,1,,
2026-05-16 18:38:45,33,19,19,0,fit: 8,fit: 8,,,,0,0,0,0,1,,
2026-05-16 18:41:14,33,19,19,0,fit: 7,fit: 7,,,,0,0,0,0,1,,
2026-05-16 18:42:48,33,19,19,0,fit: 6,fit: 6,,,,0,0,0,0,1,,
2026-05-16 18:56:17,33,19,19,0,fit: 7,fit: 7,,,,0,0,0,0,1,,
2026-05-16 18:57:51,33,19,19,0,fit: 8,fit: 8,,,,0,0,0,0,1,,
2026-05-16 19:51:28,33,19,19,0,fit: 7,fit: 7,,,,0,0,0,0,1,,
2026-05-16 19:53:00,33,19,19,0,fit: 6,fit: 6,,,,0,0,0,0,1,,
2026-05-16 21:01:42,33,19,19,0,"fit: 6, efit: 1","fit: 6, efit: 1",,,,0,0,0,0,1,,
2026-05-16 21:16:45,33,19,19,0,fit: 6,fit: 6,,,,0,0,0,0,1,,
2026-05-16 22:53:29,33,19,19,0,fit: 5,fit: 5,,,,0,0,0,0,1,,
2026-05-17 00:02:19,33,19,19,0,fit: 5,fit: 5,,,,0,0,0,0,1,,
2026-05-17 08:31:17,33,19,19,0,fit: 6,fit: 6,,,,0,0,0,0,1,,
2026-05-17 09:40:10,33,19,19,0,"fit: 6, efit: 1","fit: 6, efit: 1",,,,0,0,0,0,1,,
2026-05-17 10:59:25,33,19,19,0,fit: 6,fit: 6,,,,0,0,0,0,1,,
2026-05-17 11:36:51,33,19,19,0,"fit: 8, efit: 1","fit: 8, efit: 1",,,,0,0,0,0,1,,
2026-05-17 12:19:42,33,19,19,0,fit: 8,fit: 8,,,,0,0,0,0,1,,
2026-05-17 12:44:47,33,19,19,0,"fit: 8, efit: 1","fit: 8, efit: 1",,,,0,0,0,0,1,,
2026-05-17 12:52:06,33,19,19,0,"fit: 7, efit: 1","fit: 7, efit: 1",,,,0,0,0,0,1,,
2026-05-17 13:22:12,33,19,19,0,"fit: 8, efit: 1","fit: 8, efit: 1",,,,0,0,0,0,1,,
2026-05-17 13:39:59,33,19,19,0,"fit: 10, efit: 1","fit: 10, efit: 1",,,,0,0,0,0,1,,
2026-05-17 13:40:50,33,19,19,0,fit: 10,fit: 10,,,,0,0,0,0,1,,
2026-05-17 13:45:00,33,19,19,0,"fit: 10, efit: 1","fit: 10, efit: 1",,,,0,0,0,0,1,,
2026-05-17 13:45:51,33,19,19,0,fit: 10,fit: 10,,,,0,0,0,0,1,,
2026-05-17 13:47:17,33,19,19,0,"fit: 10, efit: 1","fit: 10, efit: 1",,,,0,0,0,0,1,,
2026-05-17 13:57:19,33,19,19,0,"fit: 10, efit: 2","fit: 10, efit: 2",,,,0,0,0,0,1,,
2026-05-17 14:10:06,33,19,19,0,"fit: 11, efit: 2","fit: 11, efit: 2",,,,0,0,0,0,1,,
2026-05-17 14:20:08,33,19,19,0,"fit: 11, efit: 1","fit: 11, efit: 1",,,,0,0,0,0,1,,
2026-05-17 14:20:57,33,19,19,0,"fit: 10, efit: 1","fit: 10, efit: 1",,,,0,0,0,0,1,,
2026-05-17 14:25:09,33,19,19,0,"fit: 11, efit: 1","fit: 11, efit: 1",,,,0,0,0,0,1,,
2026-05-17 14:30:10,33,19,19,0,fit: 9,fit: 9,,,,0,0,0,0,1,,
2026-05-17 14:30:59,33,19,19,0,fit: 8,fit: 8,,,,0,0,0,0,1,,
2026-05-17 14:52:29,33,19,19,0,fit: 9,fit: 9,,,,0,0,0,0,1,,
2026-05-17 15:20:21,33,19,19,0,"fit: 9, efit: 1","fit: 9, efit: 1",,,,0,0,0,0,1,,
2026-05-17 15:21:08,33,19,19,0,"fit: 9, efit: 2","fit: 9, efit: 2",,,,0,0,0,0,1,,
2026-05-17 15:27:36,33,19,19,0,fit: 9,fit: 9,,,,0,0,0,0,1,,
2026-05-17 16:00:30,33,19,19,0,"fit: 9, efit: 1","fit: 9, efit: 1",,,,0,0,0,0,1,,
2026-05-17 16:10:32,33,19,19,0,fit: 9,fit: 9,,,,0,0,0,0,1,,
2026-05-17 16:30:36,33,19,19,0,"fit: 9, efit: 2","fit: 9, efit: 2",,,,0,0,0,0,1,,
2026-05-17 16:36:21,33,19,19,0,"fit: 9, efit: 1","fit: 9, efit: 1",,,,0,0,0,0,1,,
2026-05-17 17:00:42,33,19,19,0,"fit: 9, efit: 2","fit: 9, efit: 2",,,,0,0,0,0,1,,
2026-05-17 17:11:27,33,19,19,0,"fit: 9, efit: 4","fit: 9, efit: 4",,,,0,0,0,0,1,,
2026-05-17 17:25:48,33,19,19,0,"fit: 9, efit: 1","fit: 9, efit: 1",,,,0,0,0,0,1,,
2026-05-17 17:30:49,33,19,19,0,fit: 9,fit: 9,,,,0,0,0,0,1,,
2026-05-17 17:45:52,33,19,19,0,"fit: 9, efit: 2","fit: 9, efit: 2",,,,0,0,0,0,1,,
2026-05-17 17:55:54,33,19,19,0,"fit: 9, efit: 5","fit: 9, efit: 5",,,,0,0,0,0,1,,
2026-05-17 18:06:36,33,19,19,0,"fit: 9, efit: 4","fit: 9, efit: 4",,,,0,0,0,0,1,,
2026-05-17 18:08:09,33,19,19,0,"fit: 9, efit: 3","fit: 9, efit: 3",,,,0,0,0,0,1,,
2026-05-17 18:15:59,33,19,19,0,"fit: 9, efit: 1","fit: 9, efit: 1",,,,0,0,0,0,1,,
2026-05-17 18:21:00,33,19,19,0,"fit: 9, efit: 2","fit: 9, efit: 2",,,,0,0,0,0,1,,
2026-05-17 19:23:23,33,19,19,0,"fit: 9, efit: 4","fit: 9, efit: 4",,,,0,0,0,0,1,,
2026-05-17 19:36:16,33,19,19,0,"fit: 9, efit: 3","fit: 9, efit: 3",,,,0,0,0,0,1,,
2026-05-17 20:11:57,33,19,19,0,"fit: 8, efit: 3","fit: 8, efit: 3",,,,0,0,0,0,1,,
2026-05-17 20:16:24,33,19,19,0,"fit: 8, efit: 2","fit: 8, efit: 2",,,,0,0,0,0,1,,
2026-05-17 20:36:28,33,19,19,0,"fit: 9, efit: 1","fit: 9, efit: 1",,,,0,0,0,0,1,,
2026-05-17 21:06:34,33,19,19,0,"fit: 7, efit: 1","fit: 7, efit: 1",,,,0,0,0,0,1,,
2026-05-17 21:17:08,33,19,19,0,"fit: 7, efit: 2","fit: 7, efit: 2",,,,0,0,0,0,1,,
2026-05-17 21:46:42,33,19,19,0,"fit: 7, efit: 1","fit: 7, efit: 1",,,,0,0,0,0,1,,
2026-05-17 22:16:49,33,19,19,0,fit: 7,fit: 7,,,,0,0,0,0,1,,
2026-05-18 00:02:10,33,19,19,0,fit: 7,fit: 7,,,,0,0,0,0,1,,
2026-05-18 01:22:26,33,19,19,0,"fit: 7, efit: 1","fit: 7, efit: 1",,,,0,0,0,0,1,,
2026-05-18 02:07:54,33,19,19,0,"fit: 7, efit: 3","fit: 7, efit: 3",,,,0,0,0,0,1,,
2026-05-18 02:12:35,33,19,19,0,"fit: 7, efit: 1","fit: 7, efit: 1",,,,0,0,0,0,1,,
2026-05-18 03:39:53,33,19,19,0,"fit: 7, efit: 2","fit: 7, efit: 2",,,,0,0,0,0,1,,
2026-05-18 06:23:24,33,19,19,0,"fit: 7, efit: 3","fit: 7, efit: 3",,,,0,0,0,0,1,,
2026-05-18 06:23:33,33,19,19,0,"fit: 7, efit: 2","fit: 7, efit: 2",,,,0,0,0,0,1,,
2026-05-18 07:08:33,33,19,19,0,"fit: 7, efit: 1","fit: 7, efit: 1",,,,0,0,0,0,1,,
2026-05-18 07:10:31,33,19,19,0,"fit: 7, efit: 2","fit: 7, efit: 2",,,,0,0,0,0,1,,
2026-05-18 07:13:34,33,19,19,0,"fit: 7, efit: 1","fit: 7, efit: 1",,,,0,0,0,0,1,,
2026-05-18 10:09:06,33,19,19,0,"fit: 8, efit: 1","fit: 7, efit: 1",fit: 1,,,0,0,0,0,1,,
2026-05-18 10:19:07,33,19,19,0,fit: 8,fit: 7,fit: 1,,,0,0,0,0,1,,
2026-05-18 11:46:25,33,19,19,0,"fit: 8, efit: 1","fit: 7, efit: 1",fit: 1,,,0,0,0,0,1,,
2026-05-18 12:11:30,33,19,19,0,fit: 8,fit: 7,fit: 1,,,0,0,0,0,1,,
2026-05-18 12:24:27,33,19,19,0,fit: 7,fit: 6,fit: 1,,,0,0,0,0,1,,
2026-05-18 12:31:34,33,19,19,0,"fit: 7, efit: 1","fit: 6, efit: 1",fit: 1,,,0,0,0,0,1,,
2026-05-18 12:59:33,33,19,19,0,"fit: 7, efit: 2","fit: 6, efit: 2",fit: 1,,,0,0,0,0,1,,
2026-05-18 13:01:40,33,19,19,0,fit: 7,fit: 6,fit: 1,,,0,0,0,0,1,,
2026-05-18 13:24:37,33,19,19,0,"fit: 7, efit: 1","fit: 6, efit: 1",fit: 1,,,0,0,0,0,1,,
2026-05-18 13:34:39,33,19,19,0,fit: 7,fit: 6,fit: 1,,,0,0,0,0,1,,
2026-05-18 13:36:47,33,19,19,0,"fit: 7, efit: 1","fit: 6, efit: 1",fit: 1,,,0,0,0,0,1,,
2026-05-18 13:39:50,33,19,19,0,"fit: 7, efit: 2","fit: 6, efit: 2",fit: 1,,,0,0,0,0,1,,
2026-05-18 14:04:45,33,19,19,0,"fit: 7, efit: 1","fit: 6, efit: 1",fit: 1,,,0,0,0,0,1,,
2026-05-18 14:19:47,33,19,19,0,"fit: 7, efit: 2","fit: 6, efit: 2",fit: 1,,,0,0,0,0,1,,
2026-05-18 14:34:50,33,19,19,0,"fit: 7, efit: 3","fit: 6, efit: 3",fit: 1,,,0,0,0,0,1,,
2026-05-18 14:49:52,33,19,19,0,"fit: 7, efit: 2","fit: 6, efit: 2",fit: 1,,,0,0,0,0,1,,
2026-05-18 14:54:53,33,19,19,0,"fit: 7, efit: 3","fit: 6, efit: 3",fit: 1,,,0,0,0,0,1,,
2026-05-18 14:55:07,33,19,19,0,"fit: 7, efit: 4","fit: 6, efit: 4",fit: 1,,,0,0,0,0,1,,
2026-05-18 14:59:54,33,19,19,0,"fit: 7, efit: 5","fit: 6, efit: 5",fit: 1,,,0,0,0,0,1,,
2026-05-18 15:00:08,33,19,19,0,"fit: 7, efit: 4","fit: 6, efit: 4",fit: 1,,,0,0,0,0,1,,
2026-05-18 15:02:04,33,19,19,0,"fit: 7, efit: 3","fit: 6, efit: 3",fit: 1,,,0,0,0,0,1,,
2026-05-18 15:04:55,33,19,19,0,"fit: 7, efit: 2","fit: 6, efit: 2",fit: 1,,,0,0,0,0,1,,
2026-05-18 15:07:05,33,19,19,0,"fit: 6, efit: 2","fit: 6, efit: 2",,,,0,0,0,0,1,,
2026-05-18 15:09:55,33,19,19,0,"fit: 7, efit: 1","fit: 7, efit: 1",,,,0,0,0,0,1,,
2026-05-18 15:22:08,33,19,19,0,"fit: 7, efit: 3","fit: 7, efit: 3",,,,0,0,0,0,1,,
2026-05-18 15:32:10,33,19,19,0,"fit: 7, efit: 2","fit: 7, efit: 2",,,,0,0,0,0,1,,
2026-05-18 15:37:10,33,19,19,0,"fit: 7, efit: 3","fit: 7, efit: 3",,,,0,0,0,0,1,,
2026-05-18 15:40:18,33,19,19,0,"fit: 7, efit: 2","fit: 7, efit: 2",,,,0,0,0,0,1,,
2026-05-18 16:07:16,33,19,19,0,"fit: 7, efit: 1","fit: 7, efit: 1",,,,0,0,0,0,1,,
2026-05-18 16:10:06,33,19,19,0,"fit: 7, efit: 2","fit: 7, efit: 2",,,,0,0,0,0,1,,
2026-05-18 16:15:07,33,19,19,0,"fit: 7, efit: 3","fit: 7, efit: 3",,,,0,0,0,0,1,,
2026-05-18 16:17:18,33,19,19,0,"fit: 7, efit: 1","fit: 7, efit: 1",,,,0,0,0,0,1,,
2026-05-18 16:20:08,33,19,19,0,fit: 7,fit: 7,,,,0,0,0,0,1,,
2026-05-18 16:30:10,33,19,19,0,"fit: 7, efit: 1","fit: 7, efit: 1",,,,0,0,0,0,1,,
2026-05-18 16:55:15,33,19,19,0,fit: 7,fit: 7,,,,0,0,0,0,1,,
2026-05-18 17:10:17,33,19,19,0,fit: 6,fit: 6,,,,0,0,0,0,1,,
2026-05-18 17:12:29,33,19,19,0,fit: 5,fit: 5,,,,0,0,0,0,1,,
2026-05-18 17:20:19,33,19,19,0,"fit: 5, efit: 2","fit: 5, efit: 2",,,,0,0,0,0,1,,
2026-05-18 17:22:31,33,19,19,0,"fit: 5, efit: 4","fit: 5, efit: 4",,,,0,0,0,0,1,,
2026-05-18 17:25:20,33,19,19,0,"fit: 5, efit: 3","fit: 5, efit: 3",,,,0,0,0,0,1,,
2026-05-18 17:27:32,33,19,19,0,"fit: 5, efit: 2","fit: 5, efit: 2",,,,0,0,0,0,1,,
2026-05-18 17:40:22,33,19,19,0,"fit: 5, efit: 1","fit: 5, efit: 1",,,,0,0,0,0,1,,
2026-05-18 17:50:24,33,19,19,0,fit: 5,fit: 5,,,,0,0,0,0,1,,
2026-05-18 17:55:25,33,19,19,0,"fit: 5, efit: 1","fit: 5, efit: 1",,,,0,0,0,0,1,,
2026-05-18 18:15:52,33,19,19,0,"fit: 5, efit: 2","fit: 5, efit: 2",,,,0,0,0,0,1,,
2026-05-18 18:20:29,33,19,19,0,"fit: 5, efit: 1","fit: 5, efit: 1",,,,0,0,0,0,1,,
2026-05-18 18:25:30,33,19,19,0,"fit: 4, efit: 1","fit: 4, efit: 1",,,,0,0,0,0,1,,
2026-05-18 18:30:31,33,19,19,0,fit: 4,fit: 4,,,,0,0,0,0,1,,
2026-05-18 19:07:52,33,19,19,0,fit: 3,fit: 3,,,,0,0,0,0,1,,
2026-05-18 19:55:46,33,19,19,0,fit: 2,fit: 2,,,,0,0,0,0,1,,
2026-05-18 20:01:15,33,19,19,0,fit: 1,fit: 1,,,,0,0,0,0,1,,
2026-05-18 20:10:48,33,19,19,0,fit: 2,fit: 2,,,,0,0,0,0,1,,
2026-05-18 21:15:59,33,19,19,0,fit: 1,fit: 1,,,,0,0,0,0,1,,
2026-05-19 00:01:26,33,19,19,0,fit: 1,fit: 1,,,,0,0,0,0,1,,
2026-05-19 09:00:25,33,19,19,0,"fit: 1, efit: 1","fit: 1, efit: 1",,,,0,0,0,0,1,,
2026-05-19 09:02:51,33,19,19,0,fit: 1,fit: 1,,,,0,0,0,0,1,,
2026-05-19 09:59:05,33,19,19,0,"fit: 1, efit: 1","fit: 1, efit: 1",,,,0,0,0,0,1,,
2026-05-19 10:08:02,33,19,19,0,fit: 2,fit: 2,,,,0,0,0,0,1,,
2026-05-19 10:23:05,33,19,19,0,fit: 1,fit: 1,,,,0,0,0,0,1,,
2026-05-19 10:34:13,33,19,19,0,fit: 2,fit: 2,,,,0,0,0,0,1,,
2026-05-19 10:38:07,33,19,19,0,fit: 3,fit: 3,,,,0,0,0,0,1,,
2026-05-19 12:43:28,33,19,19,0,"fit: 3, efit: 1","fit: 3, efit: 1",,,,0,0,0,0,1,,
2026-05-19 13:28:36,33,19,19,0,fit: 3,fit: 3,,,,0,0,0,0,1,,
2026-05-19 13:29:50,33,19,19,0,"fit: 3, efit: 1","fit: 3, efit: 1",,,,0,0,0,0,1,,
2026-05-19 14:08:43,33,19,19,0,fit: 3,fit: 3,,,,0,0,0,0,1,,
2026-05-19 14:36:30,33,19,19,0,"fit: 3, efit: 1","fit: 3, efit: 1",,,,0,0,0,0,1,,
2026-05-19 14:53:50,33,19,19,0,"fit: 4, efit: 1","fit: 4, efit: 1",,,,0,0,0,0,1,,
2026-05-19 15:03:52,33,19,19,0,fit: 4,fit: 4,,,,0,0,0,0,1,,
2026-05-19 15:05:10,33,19,19,0,fit: 3,fit: 3,,,,0,0,0,0,1,,
2026-05-19 15:10:12,33,19,19,0,"fit: 3, efit: 1","fit: 3, efit: 1",,,,0,0,0,0,1,,
2026-05-19 15:16:37,33,19,19,0,"fit: 3, efit: 2","fit: 3, efit: 2",,,,0,0,0,0,1,,
2026-05-19 15:20:14,33,19,19,0,"fit: 3, efit: 1","fit: 3, efit: 1",,,,0,0,0,0,1,,
2026-05-19 16:29:06,33,19,19,0,fit: 2,fit: 2,,,,0,0,0,0,1,,
2026-05-19 16:40:32,33,19,19,0,,,,,,0,0,0,0,1,,
2026-05-19 16:54:10,33,19,19,0,efit: 1,efit: 1,,,,0,0,0,0,1,,
2026-05-19 17:09:13,33,19,19,0,,,,,,0,0,0,0,1,,
2026-05-19 19:59:41,33,19,19,0,efit: 1,efit: 1,,,,0,0,0,0,1,,
2026-05-19 20:06:17,33,19,19,0,efit: 2,efit: 2,,,,0,0,0,0,1,,
2026-05-19 20:41:25,33,19,19,0,efit: 3,efit: 3,,,,0,0,0,0,1,,
2026-05-19 21:04:52,33,19,19,0,efit: 2,efit: 2,,,,0,0,0,0,1,,
2026-05-19 21:14:54,33,19,19,0,efit: 1,efit: 1,,,,0,0,0,0,1,,
2026-05-19 21:16:32,33,19,19,0,,,,,,0,0,0,0,1,,
2026-05-19 21:39:57,33,19,19,0,efit: 1,efit: 1,,,,0,0,0,0,1,,
2026-05-19 22:43:03,33,19,19,0,,,,,,0,0,0,0,1,,
2026-05-19 22:46:51,33,19,19,0,efit: 1,efit: 1,,,,0,0,0,0,1,,
2026-05-20 00:00:21,33,19,19,0,efit: 1,efit: 1,,,,0,0,0,0,1,,
2026-05-20 08:11:36,33,19,19,0,,,,,,0,0,0,0,1,,
2026-05-20 10:10:08,33,19,19,0,fit: 1,fit: 1,,,,0,0,0,0,1,,
2026-05-20 10:31:59,33,19,19,0,,,,,,0,0,0,0,1,,
2026-05-20 10:59:14,33,19,19,0,efit: 7,efit: 7,,,,0,0,0,0,1,,
2026-05-20 11:04:15,33,19,19,0,efit: 6,efit: 6,,,,0,0,0,0,1,,
2026-05-20 11:22:07,33,19,19,0,efit: 7,efit: 7,,,,0,0,0,0,1,,
2026-05-20 12:02:13,33,19,19,0,efit: 8,efit: 8,,,,0,0,0,0,1,,
2026-05-20 12:19:29,33,19,19,0,efit: 7,efit: 7,,,,0,0,0,0,1,,
2026-05-20 12:24:31,33,19,19,0,efit: 6,efit: 6,,,,0,0,0,0,1,,
2026-05-20 13:42:30,33,19,19,0,efit: 5,efit: 5,,,,0,0,0,0,1,,
2026-05-20 14:29:56,33,19,19,0,efit: 4,efit: 4,,,,0,0,0,0,1,,
2026-05-20 14:30:57,33,19,19,0,efit: 3,efit: 3,,,,0,0,0,0,1,,
2026-05-20 14:35:58,33,19,19,0,efit: 4,efit: 4,,,,0,0,0,0,1,,
2026-05-20 14:55:02,33,19,19,0,"fit: 1, efit: 4","fit: 1, efit: 4",,,,0,0,0,0,1,,
2026-05-20 14:56:02,33,19,19,0,"fit: 1, efit: 5","fit: 1, efit: 5",,,,0,0,0,0,1,,
2026-05-20 15:02:43,33,19,19,0,"fit: 1, efit: 4","fit: 1, efit: 4",,,,0,0,0,0,1,,
2026-05-20 15:31:09,33,19,19,0,"fit: 1, efit: 5","fit: 1, efit: 5",,,,0,0,0,0,1,,
2026-05-20 15:32:48,33,19,19,0,"fit: 1, efit: 6","fit: 1, efit: 6",,,,0,0,0,0,1,,
2026-05-20 15:55:15,33,19,19,0,"fit: 3, efit: 4","fit: 3, efit: 4",,,,0,0,0,0,1,,
2026-05-20 16:02:53,33,19,19,0,"fit: 4, efit: 4","fit: 4, efit: 4",,,,0,0,0,0,1,,
2026-05-20 16:05:17,33,19,19,0,"fit: 4, efit: 5","fit: 4, efit: 5",,,,0,0,0,0,1,,
2026-05-20 16:21:19,33,19,19,0,"fit: 4, efit: 4","fit: 4, efit: 4",,,,0,0,0,0,1,,
2026-05-20 16:32:58,33,19,19,0,"fit: 4, efit: 3","fit: 4, efit: 3",,,,0,0,0,0,1,,
2026-05-20 17:03:43,33,19,19,0,"fit: 4, efit: 2","fit: 4, efit: 2",,,,0,0,0,0,1,,
2026-05-20 17:06:31,33,19,19,0,"fit: 4, efit: 1","fit: 4, efit: 1",,,,0,0,0,0,1,,
2026-05-20 17:36:36,33,19,19,0,fit: 4,fit: 4,,,,0,0,0,0,1,,
2026-05-20 17:38:49,33,19,19,0,fit: 3,fit: 3,,,,0,0,0,0,1,,
2026-05-20 17:53:51,33,19,19,0,"fit: 3, efit: 1","fit: 3, efit: 1",,,,0,0,0,0,1,,
2026-05-20 18:38:58,33,19,19,0,"fit: 3, efit: 2","fit: 3, efit: 2",,,,0,0,0,0,1,,
2026-05-20 18:43:59,33,19,19,0,"fit: 4, efit: 1","fit: 4, efit: 1",,,,0,0,0,0,1,,
2026-05-20 18:49:00,33,19,19,0,"fit: 4, efit: 2","fit: 4, efit: 2",,,,0,0,0,0,1,,
2026-05-20 18:51:50,33,19,19,0,"fit: 4, efit: 4","fit: 4, efit: 4",,,,0,0,0,0,1,,
2026-05-20 19:06:52,33,19,19,0,"fit: 4, efit: 3","fit: 4, efit: 3",,,,0,0,0,0,1,,
2026-05-20 19:21:55,33,19,19,0,"fit: 4, efit: 2","fit: 4, efit: 2",,,,0,0,0,0,1,,
2026-05-20 19:24:06,33,19,19,0,"fit: 4, efit: 1","fit: 4, efit: 1",,,,0,0,0,0,1,,
2026-05-20 19:44:09,33,19,19,0,fit: 4,fit: 4,,,,0,0,0,0,1,,
2026-05-20 19:46:59,33,19,19,0,fit: 3,fit: 3,,,,0,0,0,0,1,,
2026-05-20 20:34:17,33,19,19,0,"fit: 3, efit: 1","fit: 3, efit: 1",,,,0,0,0,0,1,,
2026-05-20 20:34:52,33,19,19,0,fit: 3,fit: 3,,,,0,0,0,0,1,,
2026-05-21 00:00:34,33,19,19,0,fit: 3,fit: 3,,,,0,0,0,0,1,,
2026-05-21 07:58:59,33,19,19,0,"fit: 3, efit: 1","fit: 3, efit: 1",,,,0,0,0,0,1,,
2026-05-21 09:04:10,33,19,19,0,"fit: 3, efit: 2","fit: 3, efit: 2",,,,0,0,0,0,1,,
2026-05-21 09:39:16,33,19,19,0,"fit: 3, efit: 1","fit: 3, efit: 1",,,,0,0,0,0,1,,
2026-05-21 10:07:35,33,19,19,0,"fit: 4, efit: 1","fit: 4, efit: 1",,,,0,0,0,0,1,,
2026-05-21 10:19:23,33,19,19,0,"fit: 3, efit: 1","fit: 3, efit: 1",,,,0,0,0,0,1,,
2026-05-21 10:46:24,33,19,19,0,"fit: 4, efit: 1","fit: 4, efit: 1",,,,0,0,0,0,1,,
2026-05-21 11:31:31,33,19,19,0,"fit: 4, efit: 2","fit: 4, efit: 2",,,,0,0,0,0,1,,
2026-05-21 12:09:41,33,19,19,0,"fit: 4, efit: 1","fit: 4, efit: 1",,,,0,0,0,0,1,,
2026-05-21 12:14:42,33,19,19,0,fit: 4,fit: 4,,,,0,0,0,0,1,,
2026-05-21 12:43:07,33,19,19,0,"fit: 4, efit: 1","fit: 4, efit: 1",,,,0,0,0,0,1,,
2026-05-21 12:59:50,33,19,19,0,fit: 4,fit: 4,,,,0,0,0,0,1,,
2026-05-21 13:09:51,33,19,19,0,"fit: 4, efit: 1","fit: 4, efit: 1",,,,0,0,0,0,1,,
2026-05-21 13:11:46,33,19,19,0,"fit: 5, efit: 1","fit: 5, efit: 1",,,,0,0,0,0,1,,
2026-05-21 13:31:49,33,19,19,0,"fit: 5, efit: 2","fit: 5, efit: 2",,,,0,0,0,0,1,,
2026-05-21 13:43:19,33,19,19,0,"fit: 5, efit: 1","fit: 5, efit: 1",,,,0,0,0,0,1,,
2026-05-21 14:36:59,33,19,19,0,"fit: 5, efit: 3","fit: 5, efit: 3",,,,0,0,0,0,1,,
2026-05-21 14:47:01,33,19,19,0,"fit: 5, efit: 2","fit: 5, efit: 2",,,,0,0,0,0,1,,
2026-05-21 15:00:11,33,19,19,0,"fit: 5, efit: 1","fit: 5, efit: 1",,,,0,0,0,0,1,,
2026-05-21 15:20:15,33,19,19,0,fit: 5,fit: 5,,,,0,0,0,0,1,,
2026-05-21 15:43:44,33,19,19,0,fit: 4,fit: 4,,,,0,0,0,0,1,,
2026-05-21 15:55:21,33,19,19,0,fit: 5,fit: 5,,,,0,0,0,0,1,,
2026-05-21 16:13:50,33,19,19,0,"fit: 5, efit: 1","fit: 5, efit: 1",,,,0,0,0,0,1,,
2026-05-21 16:28:53,33,19,19,0,fit: 5,fit: 5,,,,0,0,0,0,1,,
2026-05-21 16:58:59,33,19,19,0,"fit: 5, efit: 1","fit: 5, efit: 1",,,,0,0,0,0,1,,
2026-05-21 17:04:00,33,19,19,0,fit: 5,fit: 5,,,,0,0,0,0,1,,
2026-05-21 17:19:04,33,19,19,0,fit: 4,fit: 4,,,,0,0,0,0,1,,
2026-05-21 17:24:05,33,19,19,0,fit: 3,fit: 3,,,,0,0,0,0,1,,
2026-05-21 17:39:08,33,19,19,0,fit: 2,fit: 2,,,,0,0,0,0,1,,
2026-05-21 18:04:13,33,19,19,0,"fit: 2, efit: 1","fit: 2, efit: 1",,,,0,0,0,0,1,,
2026-05-21 18:05:45,33,19,19,0,fit: 2,fit: 2,,,,0,0,0,0,1,,
2026-05-21 18:29:18,33,19,19,0,"fit: 2, efit: 1","fit: 2, efit: 1",,,,0,0,0,0,1,,
2026-05-21 18:29:58,33,19,19,0,fit: 2,fit: 2,,,,0,0,0,0,1,,
2026-05-21 18:44:22,33,19,19,0,"fit: 3, efit: 1","fit: 3, efit: 1",,,,0,0,0,0,1,,
2026-05-21 19:04:26,33,19,19,0,"fit: 3, efit: 2","fit: 3, efit: 2",,,,0,0,0,0,1,,
2026-05-21 19:05:56,33,19,19,0,"fit: 3, efit: 1","fit: 3, efit: 1",,,,0,0,0,0,1,,
2026-05-21 19:09:27,33,19,19,0,fit: 3,fit: 3,,,,0,0,0,0,1,,
2026-05-21 19:24:30,33,19,19,0,"fit: 3, efit: 1","fit: 3, efit: 1",,,,0,0,0,0,1,,
2026-05-21 19:39:34,33,19,19,0,fit: 3,fit: 3,,,,0,0,0,0,1,,
2026-05-21 19:56:06,33,19,19,0,"fit: 3, efit: 1","fit: 3, efit: 1",,,,0,0,0,0,1,,
2026-05-21 20:09:40,33,19,19,0,fit: 3,fit: 3,,,,0,0,0,0,1,,
2026-05-21 21:26:22,33,19,19,0,fit: 2,fit: 2,,,,0,0,0,0,1,,
2026-05-21 21:45:01,33,19,19,0,fit: 1,fit: 1,,,,0,0,0,0,1,,
2026-05-21 22:15:07,33,19,19,0,,,,,,0,0,0,0,1,,
2026-05-22 00:00:29,33,19,19,0,,,,,,0,0,0,0,1,,
2026-05-22 08:21:50,33,19,19,0,efit: 1,efit: 1,,,,0,0,0,0,1,,
2026-05-22 08:41:54,33,19,19,0,efit: 2,efit: 2,,,,0,0,0,0,1,,
2026-05-22 10:08:32,33,19,19,0,efit: 1,efit: 1,,,,0,0,0,0,1,,
2026-05-22 11:17:18,33,19,19,0,efit: 3,efit: 3,,,,0,0,0,0,1,,
2026-05-22 11:17:44,33,19,19,0,efit: 5,efit: 3,,,,0,0,0,0,1,,
2026-05-22 11:18:44,33,19,19,0,"fit: 1, efit: 6","fit: 1, efit: 4",,,,0,0,0,0,1,,
2026-05-22 11:22:19,33,19,19,0,"fit: 5, efit: 6","fit: 5, efit: 4",,,,0,0,0,0,1,,
2026-05-22 11:22:45,33,19,19,0,"fit: 7, efit: 6","fit: 7, efit: 4",,,,0,0,0,0,1,,
2026-05-22 11:23:45,33,19,19,0,"fit: 8, efit: 7","fit: 8, efit: 5",,,,0,0,0,0,1,,
2026-05-22 11:27:19,33,19,19,0,"fit: 8, efit: 6","fit: 8, efit: 4",,,,0,0,0,0,1,,
2026-05-22 11:32:47,33,19,19,0,"fit: 8, efit: 6","fit: 8, efit: 5",,,,0,0,0,0,1,,
2026-05-22 11:42:21,33,19,19,0,"fit: 8, efit: 7","fit: 8, efit: 6",,,,0,0,0,0,1,,
2026-05-22 11:57:53,33,19,19,0,"fit: 8, efit: 8","fit: 8, efit: 7",,,,0,0,0,0,1,,
2026-05-22 12:33:00,33,19,19,0,"fit: 8, efit: 8","fit: 8, efit: 8",,,,0,0,0,0,1,,
2026-05-22 12:47:30,33,19,19,0,"fit: 8, efit: 7","fit: 8, efit: 7",,,,0,0,0,0,1,,
2026-05-22 12:52:32,33,19,19,0,"fit: 8, efit: 8","fit: 8, efit: 8",,,,0,0,0,0,1,,
2026-05-22 13:12:36,33,19,19,0,"fit: 8, efit: 9","fit: 8, efit: 9",,,,0,0,0,0,1,,
2026-05-22 13:42:40,33,19,19,0,"fit: 8, efit: 8","fit: 8, efit: 8",,,,0,0,0,0,1,,
2026-05-22 14:49:20,33,19,19,0,"fit: 8, efit: 7","fit: 8, efit: 7",,,,0,0,0,0,1,,
2026-05-22 15:02:54,33,19,19,0,"fit: 8, efit: 8","fit: 8, efit: 8",,,,0,0,0,0,1,,
2026-05-22 15:12:56,33,19,19,0,"fit: 8, efit: 7","fit: 8, efit: 7",,,,0,0,0,0,1,,
2026-05-22 15:29:28,33,19,19,0,"fit: 8, efit: 6","fit: 8, efit: 6",,,,0,0,0,0,1,,
2026-05-22 16:23:05,33,19,19,0,"fit: 8, efit: 7","fit: 8, efit: 7",,,,0,0,0,0,1,,
2026-05-22 16:28:06,33,19,19,0,"fit: 8, efit: 8","fit: 8, efit: 8",,,,0,0,0,0,1,,
2026-05-22 18:35:04,33,19,19,0,"fit: 8, efit: 9","fit: 8, efit: 9",,,,0,0,0,0,1,,
2026-05-22 19:58:35,33,19,19,0,"fit: 8, efit: 6","fit: 8, efit: 6",,,,0,0,0,0,1,,
2026-05-22 21:04:46,33,19,19,0,"fit: 8, efit: 5","fit: 8, efit: 5",,,,0,0,0,0,1,,
2026-05-22 21:59:57,33,19,19,0,"fit: 8, efit: 4","fit: 8, efit: 4",,,,0,0,0,0,1,,
2026-05-22 23:20:13,33,19,19,0,"fit: 8, efit: 3","fit: 8, efit: 3",,,,0,0,0,0,1,,
2026-05-23 00:00:21,33,19,19,0,"fit: 8, efit: 3","fit: 8, efit: 3",,,,0,0,0,0,1,,
2026-05-23 09:42:15,33,19,19,0,"fit: 8, efit: 4","fit: 8, efit: 4",,,,0,0,0,0,1,,
2026-05-23 09:57:18,33,19,19,0,"fit: 7, efit: 4","fit: 7, efit: 4",,,,0,0,0,0,1,,
2026-05-23 10:05:28,33,19,19,0,"fit: 7, efit: 6","fit: 7, efit: 6",,,,0,0,0,0,1,,
2026-05-23 10:07:20,33,19,19,0,"fit: 7, efit: 7","fit: 7, efit: 7",,,,0,0,0,0,1,,
2026-05-23 10:12:21,33,19,19,0,"fit: 7, efit: 5","fit: 7, efit: 5",,,,0,0,0,0,1,,
2026-05-23 10:15:29,33,19,19,0,"fit: 7, efit: 6","fit: 7, efit: 6",,,,0,0,0,0,1,,
2026-05-23 10:22:23,33,19,19,0,"fit: 7, efit: 4","fit: 7, efit: 4",,,,0,0,0,0,1,,
2026-05-23 10:50:34,33,19,19,0,"fit: 6, efit: 4","fit: 6, efit: 4",,,,0,0,0,0,1,,
2026-05-23 11:07:54,33,19,19,0,"fit: 6, efit: 5","fit: 6, efit: 5",,,,0,0,0,0,1,,
2026-05-23 11:12:33,33,19,19,0,"fit: 6, efit: 6","fit: 6, efit: 6",,,,0,0,0,0,1,,
2026-05-23 11:15:37,33,19,19,0,"fit: 6, efit: 3","fit: 6, efit: 3",,,,0,0,0,0,1,,
2026-05-23 11:17:34,33,19,19,0,"fit: 6, efit: 1","fit: 6, efit: 1",,,,0,0,0,0,1,,
2026-05-23 11:22:35,33,19,19,0,fit: 6,fit: 6,,,,0,0,0,0,1,,
2026-05-23 11:52:41,33,19,19,0,fit: 7,fit: 7,,,,0,0,0,0,1,,
2026-05-23 11:55:42,33,19,19,0,fit: 5,fit: 5,,,,0,0,0,0,1,,
2026-05-23 12:00:43,33,19,19,0,fit: 4,fit: 4,,,,0,0,0,0,1,,
2026-05-23 12:15:45,33,19,19,0,"fit: 4, efit: 1","fit: 4, efit: 1",,,,0,0,0,0,1,,
2026-05-23 12:30:47,33,19,19,0,fit: 4,fit: 4,,,,0,0,0,0,1,,
2026-05-23 12:45:49,33,19,19,0,"fit: 4, efit: 1","fit: 4, efit: 1",,,,0,0,0,0,1,,
2026-05-23 13:17:58,33,19,19,0,fit: 4,fit: 4,,,,0,0,0,0,1,,
2026-05-23 13:22:59,33,19,19,0,"fit: 4, efit: 1","fit: 4, efit: 1",,,,0,0,0,0,1,,
2026-05-23 13:28:00,33,19,19,0,"fit: 4, efit: 2","fit: 4, efit: 2",,,,0,0,0,0,1,,
2026-05-23 13:50:58,33,19,19,0,"fit: 4, efit: 1","fit: 4, efit: 1",,,,0,0,0,0,1,,
2026-05-23 14:03:07,33,19,19,0,"fit: 4, efit: 2","fit: 4, efit: 2",,,,0,0,0,0,1,,
2026-05-23 14:26:03,33,19,19,0,"fit: 4, efit: 1","fit: 4, efit: 1",,,,0,0,0,0,1,,
2026-05-23 14:31:04,33,19,19,0,fit: 4,fit: 4,,,,0,0,0,0,1,,
2026-05-23 14:56:07,33,19,19,0,fit: 3,fit: 3,,,,0,0,0,0,1,,
2026-05-23 14:58:18,33,19,19,0,"fit: 3, efit: 1","fit: 3, efit: 1",,,,0,0,0,0,1,,
2026-05-23 16:23:35,33,19,19,0,"fit: 3, efit: 3","fit: 3, efit: 3",,,,0,0,0,0,1,,
2026-05-23 16:41:22,33,19,19,0,"fit: 3, efit: 1","fit: 3, efit: 1",,,,0,0,0,0,1,,
2026-05-23 16:53:41,33,19,19,0,fit: 3,fit: 3,,,,0,0,0,0,1,,
2026-05-23 17:31:28,33,19,19,0,"fit: 3, efit: 1","fit: 3, efit: 1",,,,0,0,0,0,1,,
2026-05-23 17:38:50,33,19,19,0,"fit: 4, efit: 1","fit: 4, efit: 1",,,,0,0,0,0,1,,
2026-05-23 18:41:38,33,19,19,0,fit: 4,fit: 4,,,,0,0,0,0,1,,
2026-05-23 19:26:44,33,19,19,0,fit: 3,fit: 3,,,,0,0,0,0,1,,
2026-05-23 20:29:24,33,19,19,0,"fit: 3, efit: 1","fit: 3, efit: 1",,,,0,0,0,0,1,,
2026-05-23 20:34:24,33,19,19,0,fit: 3,fit: 3,,,,0,0,0,0,1,,
2026-05-23 20:36:53,33,19,19,0,fit: 2,fit: 2,,,,0,0,0,0,1,,
