Date Time,Station ID,Expected Station Size,Total Docks Installed,Number of Faulty Docks,Total Bikes At Station Per Model,Number of Available Bikes Per Model,Number of Inoperative Bikes Per Model,Geofence Occupancy Ratio,Geofence Capacity,Geofence Total Bikes,Geofence Available Bikes,Geofence Operative Bikes,Geofence Inoperative Bikes,Station Groups,Station Cluster,Station Crown
2025-11-30 00:01:54,17,15,15,0,efit: 8,efit: 6,,,,0,0,0,0,2,,
2025-11-30 09:33:53,17,15,15,0,efit: 7,efit: 5,,,,0,0,0,0,2,,
2025-11-30 09:45:08,17,15,15,0,efit: 8,efit: 6,,,,0,0,0,0,2,,
2025-11-30 10:31:38,17,15,15,0,efit: 8,efit: 5,,,,0,0,0,0,2,,
2025-11-30 11:36:50,17,15,15,0,efit: 9,efit: 6,,,,0,0,0,0,2,,
2025-11-30 12:35:31,17,15,15,0,efit: 8,efit: 5,,,,0,0,0,0,2,,
2025-11-30 12:54:34,17,15,15,0,efit: 5,efit: 5,,,,0,0,0,0,2,,
2025-11-30 13:00:34,17,15,15,0,efit: 7,efit: 7,,,,0,0,0,0,2,,
2025-11-30 14:19:52,17,15,15,0,efit: 8,efit: 8,,,,0,0,0,0,2,,
2025-11-30 14:24:53,17,15,15,0,efit: 9,efit: 9,,,,0,0,0,0,2,,
2025-11-30 14:57:26,17,15,15,0,efit: 11,efit: 11,,,,0,0,0,0,2,,
2025-11-30 16:05:59,17,15,15,0,efit: 9,efit: 9,,,,0,0,0,0,2,,
2025-11-30 16:45:24,17,15,15,0,efit: 10,efit: 10,,,,0,0,0,0,2,,
2025-11-30 17:11:07,17,15,15,0,efit: 11,efit: 11,,,,0,0,0,0,2,,
2025-11-30 17:12:50,17,15,15,0,efit: 10,efit: 10,,,,0,0,0,0,2,,
2025-11-30 17:22:52,17,15,15,0,efit: 9,efit: 9,,,,0,0,0,0,2,,
2025-11-30 17:42:56,17,15,15,0,efit: 8,efit: 8,,,,0,0,0,0,2,,
2025-11-30 18:13:01,17,15,15,0,efit: 9,efit: 9,,,,0,0,0,0,2,,
2025-11-30 18:50:51,17,15,15,0,efit: 8,efit: 8,,,,0,0,0,0,2,,
2025-11-30 19:05:54,17,15,15,0,efit: 9,efit: 9,,,,0,0,0,0,2,,
2025-12-01 00:01:54,17,15,15,0,efit: 9,efit: 9,,,,0,0,0,0,2,,
2025-12-01 03:12:25,17,15,15,0,efit: 9,efit: 8,,,,0,0,0,0,2,,
2025-12-01 07:22:58,17,15,15,0,efit: 8,efit: 7,,,,0,0,0,0,2,,
2025-12-01 08:30:35,17,15,15,0,efit: 8,efit: 8,,,,0,0,0,0,2,,
2025-12-01 08:38:39,17,15,15,0,efit: 7,efit: 7,,,,0,0,0,0,2,,
2025-12-01 09:30:46,17,15,15,0,efit: 6,efit: 6,,,,0,0,0,0,2,,
2025-12-01 09:38:16,17,15,15,0,efit: 7,efit: 7,,,,0,0,0,0,2,,
2025-12-01 09:58:19,17,15,15,0,efit: 6,efit: 6,,,,0,0,0,0,2,,
2025-12-01 10:43:26,17,15,15,0,efit: 5,efit: 5,,,,0,0,0,0,2,,
2025-12-01 11:04:10,17,15,15,0,efit: 4,efit: 4,,,,0,0,0,0,2,,
2025-12-01 11:38:33,17,15,15,0,efit: 4,efit: 3,,,,0,0,0,0,2,,
2025-12-01 12:03:36,17,15,15,0,efit: 3,efit: 2,,,,0,0,0,0,2,,
2025-12-01 12:33:40,17,15,15,0,efit: 4,efit: 3,,,,0,0,0,0,2,,
2025-12-01 12:39:30,17,15,15,0,efit: 5,efit: 4,,,,0,0,0,0,2,,
2025-12-01 13:38:49,17,15,15,0,efit: 4,efit: 3,,,,0,0,0,0,2,,
2025-12-01 14:14:50,17,15,15,0,efit: 3,efit: 2,,,,0,0,0,0,2,,
2025-12-01 15:16:52,17,15,15,0,efit: 3,efit: 3,,,,0,0,0,0,2,,
2025-12-01 15:34:05,17,15,15,0,efit: 4,efit: 4,,,,0,0,0,0,2,,
2025-12-01 16:00:15,17,15,15,0,efit: 5,efit: 5,,,,0,0,0,0,2,,
2025-12-01 16:10:17,17,15,15,0,efit: 4,efit: 4,,,,0,0,0,0,2,,
2025-12-01 16:39:14,17,15,15,0,efit: 5,efit: 5,,,,0,0,0,0,2,,
2025-12-01 16:44:15,17,15,15,0,efit: 4,efit: 4,,,,0,0,0,0,2,,
2025-12-01 17:04:18,17,15,15,0,efit: 3,efit: 3,,,,0,0,0,0,2,,
2025-12-01 17:12:13,17,15,15,0,efit: 4,efit: 4,,,,0,0,0,0,2,,
2025-12-01 17:24:20,17,15,15,0,efit: 3,efit: 3,,,,0,0,0,0,2,,
2025-12-01 17:34:22,17,15,15,0,"fit: 1, efit: 3","fit: 1, efit: 3",,,,0,0,0,0,2,,
2025-12-01 17:45:37,17,15,15,0,"fit: 1, efit: 4","fit: 1, efit: 4",,,,0,0,0,0,2,,
2025-12-01 17:59:25,17,15,15,0,"fit: 1, efit: 3","fit: 1, efit: 3",,,,0,0,0,0,2,,
2025-12-01 19:10:55,17,15,15,0,"fit: 1, efit: 4","fit: 1, efit: 4",,,,0,0,0,0,2,,
2025-12-01 19:34:38,17,15,15,0,"fit: 1, efit: 3","fit: 1, efit: 3",,,,0,0,0,0,2,,
2025-12-01 19:59:41,17,15,15,0,"fit: 1, efit: 4","fit: 1, efit: 4",,,,0,0,0,0,2,,
2025-12-01 20:02:45,17,15,15,0,"fit: 1, efit: 5","fit: 1, efit: 5",,,,0,0,0,0,2,,
2025-12-01 20:09:43,17,15,15,0,"fit: 1, efit: 4","fit: 1, efit: 4",,,,0,0,0,0,2,,
2025-12-01 20:39:47,17,15,15,0,"fit: 1, efit: 3","fit: 1, efit: 3",,,,0,0,0,0,2,,
2025-12-01 20:59:49,17,15,15,0,"fit: 1, efit: 2","fit: 1, efit: 2",,,,0,0,0,0,2,,
2025-12-01 21:31:24,17,15,15,0,"fit: 1, efit: 3","fit: 1, efit: 2",,,,0,0,0,0,2,,
2025-12-01 21:38:03,17,15,15,0,"fit: 1, efit: 4","fit: 1, efit: 3",,,,0,0,0,0,2,,
2025-12-01 22:09:59,17,15,15,0,"fit: 1, efit: 3","fit: 1, efit: 2",,,,0,0,0,0,2,,
2025-12-01 23:33:24,17,15,15,0,"fit: 1, efit: 4","fit: 1, efit: 3",,,,0,0,0,0,2,,
2025-12-01 23:40:12,17,15,15,0,"fit: 1, efit: 5","fit: 1, efit: 4",,,,0,0,0,0,2,,
2025-12-01 23:41:51,17,15,15,0,"fit: 1, efit: 4","fit: 1, efit: 3",,,,0,0,0,0,2,,
2025-12-02 00:00:14,17,15,15,0,"fit: 1, efit: 4","fit: 1, efit: 3",,,,0,0,0,0,2,,
2025-12-02 01:18:43,17,15,15,0,"fit: 1, efit: 3","fit: 1, efit: 2",,,,0,0,0,0,2,,
2025-12-02 09:15:10,17,15,15,0,"fit: 1, efit: 2","fit: 1, efit: 1",,,,0,0,0,0,2,,
2025-12-02 09:16:28,17,15,15,0,"fit: 1, efit: 3","fit: 1, efit: 2",,,,0,0,0,0,2,,
2025-12-02 09:20:11,17,15,15,0,"fit: 1, efit: 2","fit: 1, efit: 2",,,,0,0,0,0,2,,
2025-12-02 09:21:29,17,15,15,0,"fit: 1, efit: 3","fit: 1, efit: 3",,,,0,0,0,0,2,,
2025-12-02 16:10:17,17,15,15,0,"fit: 1, efit: 4","fit: 1, efit: 4",,,,0,0,0,0,2,,
2025-12-02 16:15:18,17,15,15,0,"fit: 1, efit: 3","fit: 1, efit: 3",,,,0,0,0,0,2,,
2025-12-02 16:56:34,17,15,15,0,"fit: 1, efit: 4","fit: 1, efit: 4",,,,0,0,0,0,2,,
2025-12-02 17:41:43,17,15,15,0,"fit: 1, efit: 3","fit: 1, efit: 3",,,,0,0,0,0,2,,
2025-12-02 22:41:39,17,15,15,0,"fit: 1, efit: 4","fit: 1, efit: 4",,,,0,0,0,0,2,,
2025-12-03 00:01:57,17,15,15,0,"fit: 1, efit: 4","fit: 1, efit: 4",,,,0,0,0,0,2,,
2025-12-03 07:28:31,17,15,15,0,"fit: 1, efit: 3","fit: 1, efit: 3",,,,0,0,0,0,2,,
2025-12-03 08:47:45,17,15,15,0,"fit: 1, efit: 2","fit: 1, efit: 2",,,,0,0,0,0,2,,
2025-12-03 10:18:04,17,15,15,0,"fit: 1, efit: 1","fit: 1, efit: 1",,,,0,0,0,0,2,,
2025-12-03 12:00:29,17,15,15,0,"fit: 1, efit: 4","fit: 1, efit: 4",,,,0,0,0,0,2,,
2025-12-03 12:02:46,17,15,15,0,"fit: 1, efit: 7","fit: 1, efit: 7",,,,0,0,0,0,2,,
2025-12-03 12:47:52,17,15,15,0,"fit: 1, efit: 6","fit: 1, efit: 6",,,,0,0,0,0,2,,
2025-12-03 14:48:09,17,15,15,0,"fit: 1, efit: 7","fit: 1, efit: 7",,,,0,0,0,0,2,,
2025-12-03 16:48:26,17,15,15,0,"fit: 1, efit: 8","fit: 1, efit: 7",,,,0,0,0,0,2,,
2025-12-03 17:04:31,17,15,15,0,"fit: 1, efit: 9","fit: 1, efit: 8",,,,0,0,0,0,2,,
2025-12-03 17:06:24,17,15,15,0,"fit: 1, efit: 10","fit: 1, efit: 9",,,,0,0,0,0,2,,
2025-12-03 17:19:35,17,15,15,0,"fit: 1, efit: 11","fit: 1, efit: 10",,,,0,0,0,0,2,,
2025-12-03 17:38:32,17,15,15,0,"fit: 1, efit: 12","fit: 1, efit: 11",,,,0,0,0,0,2,,
2025-12-03 18:41:41,17,15,15,0,"fit: 1, efit: 13","fit: 1, efit: 12",,,,0,0,0,0,2,,
2025-12-03 19:21:48,17,15,15,0,"fit: 1, efit: 12","fit: 1, efit: 11",,,,0,0,0,0,2,,
2025-12-03 19:28:47,17,15,15,0,"fit: 1, efit: 13","fit: 1, efit: 12",,,,0,0,0,0,2,,
2025-12-03 19:33:48,17,15,15,0,"fit: 1, efit: 12","fit: 1, efit: 11",,,,0,0,0,0,2,,
2025-12-03 20:18:54,17,15,15,0,"fit: 1, efit: 13","fit: 1, efit: 12",,,,0,0,0,0,2,,
2025-12-03 20:21:58,17,15,15,0,"fit: 1, efit: 13","fit: 1, efit: 11",,,,0,0,0,0,2,,
2025-12-03 21:05:23,17,15,15,0,"fit: 1, efit: 14","fit: 1, efit: 12",,,,0,0,0,0,2,,
2025-12-03 21:24:03,17,15,15,0,"fit: 1, efit: 13","fit: 1, efit: 11",,,,0,0,0,0,2,,
2025-12-03 23:42:34,17,15,15,0,"fit: 1, efit: 14","fit: 1, efit: 12",,,,0,0,0,0,2,,
2025-12-04 00:01:00,17,15,15,0,"fit: 1, efit: 14","fit: 1, efit: 12",,,,0,0,0,0,2,,
2025-12-04 07:49:01,17,15,15,0,"fit: 1, efit: 13","fit: 1, efit: 11",,,,0,0,0,0,2,,
2025-12-04 08:30:35,17,15,15,0,"fit: 1, efit: 12","fit: 1, efit: 11",,,,0,0,0,0,2,,
2025-12-04 08:31:55,17,15,15,0,"fit: 1, efit: 11","fit: 1, efit: 11",,,,0,0,0,0,2,,
2025-12-04 09:07:03,17,15,15,0,"fit: 1, efit: 10","fit: 1, efit: 10",,,,0,0,0,0,2,,
2025-12-04 12:41:09,17,15,15,0,"fit: 1, efit: 10","fit: 1, efit: 9",efit: 1,,,0,0,0,0,2,,
2025-12-04 13:53:04,17,15,15,0,"fit: 1, efit: 9","fit: 1, efit: 9",,,,0,0,0,0,2,,
2025-12-04 15:30:24,17,15,15,0,"fit: 1, efit: 8","fit: 1, efit: 8",,,,0,0,0,0,2,,
2025-12-04 15:40:26,17,15,15,0,"fit: 1, efit: 9","fit: 1, efit: 9",,,,0,0,0,0,2,,
2025-12-04 15:41:34,17,15,15,0,"fit: 1, efit: 8","fit: 1, efit: 8",,,,0,0,0,0,2,,
2025-12-04 17:26:48,17,15,15,0,"fit: 1, efit: 9","fit: 1, efit: 9",,,,0,0,0,0,2,,
2025-12-04 17:41:50,17,15,15,0,"fit: 1, efit: 10","fit: 1, efit: 10",,,,0,0,0,0,2,,
2025-12-04 17:45:49,17,15,15,0,"fit: 1, efit: 11","fit: 1, efit: 11",,,,0,0,0,0,2,,
2025-12-04 18:34:03,17,15,15,0,"fit: 1, efit: 10","fit: 1, efit: 10",,,,0,0,0,0,2,,
2025-12-04 18:40:59,17,15,15,0,"fit: 1, efit: 11","fit: 1, efit: 11",,,,0,0,0,0,2,,
2025-12-04 19:07:02,17,15,15,0,"fit: 1, efit: 10","fit: 1, efit: 10",,,,0,0,0,0,2,,
2025-12-04 20:41:21,17,15,15,0,"fit: 1, efit: 9","fit: 1, efit: 9",,,,0,0,0,0,2,,
2025-12-04 20:47:15,17,15,15,0,"fit: 1, efit: 10","fit: 1, efit: 10",,,,0,0,0,0,2,,
2025-12-05 00:00:11,17,15,15,0,"fit: 1, efit: 10","fit: 1, efit: 10",,,,0,0,0,0,2,,
2025-12-05 02:58:06,17,15,15,0,"fit: 1, efit: 9","fit: 1, efit: 9",,,,0,0,0,0,2,,
2025-12-05 03:32:33,17,15,15,0,"fit: 1, efit: 10","fit: 1, efit: 10",,,,0,0,0,0,2,,
2025-12-05 08:36:58,17,15,15,0,"fit: 1, efit: 9","fit: 1, efit: 9",,,,0,0,0,0,2,,
2025-12-05 09:07:05,17,15,15,0,"fit: 1, efit: 8","fit: 1, efit: 8",,,,0,0,0,0,2,,
2025-12-05 09:38:37,17,15,15,0,"fit: 1, efit: 7","fit: 1, efit: 7",,,,0,0,0,0,2,,
2025-12-05 09:48:39,17,15,15,0,"fit: 1, efit: 6","fit: 1, efit: 6",,,,0,0,0,0,2,,
2025-12-05 10:37:24,17,15,15,0,"fit: 1, efit: 5","fit: 1, efit: 5",,,,0,0,0,0,2,,
2025-12-05 10:52:27,17,15,15,0,"fit: 1, efit: 6","fit: 1, efit: 6",,,,0,0,0,0,2,,
2025-12-05 10:53:51,17,15,15,0,"fit: 1, efit: 7","fit: 1, efit: 7",,,,0,0,0,0,2,,
2025-12-05 11:42:37,17,15,15,0,"fit: 1, efit: 6","fit: 1, efit: 6",,,,0,0,0,0,2,,
2025-12-05 12:42:51,17,15,15,0,"fit: 1, efit: 5","fit: 1, efit: 5",,,,0,0,0,0,2,,
2025-12-05 13:07:56,17,15,15,0,"fit: 1, efit: 6","fit: 1, efit: 6",,,,0,0,0,0,2,,
2025-12-05 14:03:08,17,15,15,0,"fit: 1, efit: 5","fit: 1, efit: 5",,,,0,0,0,0,2,,
2025-12-05 15:03:21,17,15,15,0,"fit: 1, efit: 6","fit: 1, efit: 6",,,,0,0,0,0,2,,
2025-12-05 17:00:02,17,15,15,0,"fit: 1, efit: 5","fit: 1, efit: 5",,,,0,0,0,0,2,,
2025-12-05 17:48:55,17,15,15,0,"fit: 1, efit: 4","fit: 1, efit: 4",,,,0,0,0,0,2,,
2025-12-05 19:54:22,17,15,15,0,"fit: 1, efit: 5","fit: 1, efit: 5",,,,0,0,0,0,2,,
2025-12-05 20:05:27,17,15,15,0,"fit: 1, efit: 4","fit: 1, efit: 4",,,,0,0,0,0,2,,
2025-12-05 20:48:18,17,15,15,0,"fit: 1, efit: 5","fit: 1, efit: 4",,,,0,0,0,0,2,,
2025-12-06 00:00:15,17,15,15,0,"fit: 1, efit: 5","fit: 1, efit: 4",,,,0,0,0,0,2,,
2025-12-06 00:25:21,17,15,15,0,"fit: 1, efit: 5","fit: 1, efit: 3",,,,0,0,0,0,2,,
2025-12-06 07:50:15,17,15,15,0,"fit: 1, efit: 4","fit: 1, efit: 2",,,,0,0,0,0,2,,
2025-12-06 08:30:22,17,15,15,0,"fit: 1, efit: 6","fit: 1, efit: 6",,,,0,0,0,0,2,,
2025-12-06 09:30:33,17,15,15,0,"fit: 1, efit: 7","fit: 1, efit: 7",,,,0,0,0,0,2,,
2025-12-06 10:05:39,17,15,15,0,"fit: 1, efit: 6","fit: 1, efit: 6",,,,0,0,0,0,2,,
2025-12-06 11:00:49,17,15,15,0,"fit: 1, efit: 5","fit: 1, efit: 5",,,,0,0,0,0,2,,
2025-12-06 11:40:56,17,15,15,0,"fit: 1, efit: 6","fit: 1, efit: 6",,,,0,0,0,0,2,,
2025-12-06 11:50:57,17,15,15,0,"fit: 1, efit: 5","fit: 1, efit: 5",,,,0,0,0,0,2,,
2025-12-06 12:27:49,17,15,15,0,"fit: 1, efit: 4","fit: 1, efit: 4",,,,0,0,0,0,2,,
2025-12-06 12:42:41,17,15,15,0,"fit: 1, efit: 3","fit: 1, efit: 3",,,,0,0,0,0,2,,
2025-12-06 12:46:07,17,15,15,0,"fit: 1, efit: 2","fit: 1, efit: 2",,,,0,0,0,0,2,,
2025-12-06 13:07:45,17,15,15,0,"fit: 1, efit: 3","fit: 1, efit: 3",,,,0,0,0,0,2,,
2025-12-06 15:36:38,17,15,15,0,"fit: 1, efit: 6","fit: 1, efit: 6",,,,0,0,0,0,2,,
2025-12-06 15:38:06,17,15,15,0,"fit: 1, efit: 5","fit: 1, efit: 5",,,,0,0,0,0,2,,
2025-12-06 16:26:47,17,15,15,0,"fit: 1, efit: 6","fit: 1, efit: 6",,,,0,0,0,0,2,,
2025-12-06 17:26:57,17,15,15,0,"fit: 1, efit: 5","fit: 1, efit: 5",,,,0,0,0,0,2,,
2025-12-06 18:03:25,17,15,15,0,"fit: 1, efit: 4","fit: 1, efit: 4",,,,0,0,0,0,2,,
2025-12-06 18:17:06,17,15,15,0,"fit: 1, efit: 5","fit: 1, efit: 5",,,,0,0,0,0,2,,
2025-12-06 19:47:22,17,15,15,0,"fit: 1, efit: 4","fit: 1, efit: 4",,,,0,0,0,0,2,,
2025-12-06 19:48:39,17,15,15,0,"fit: 1, efit: 6","fit: 1, efit: 6",,,,0,0,0,0,2,,
2025-12-06 20:12:27,17,15,15,0,"fit: 1, efit: 7","fit: 1, efit: 7",,,,0,0,0,0,2,,
2025-12-06 20:42:32,17,15,15,0,"fit: 1, efit: 8","fit: 1, efit: 8",,,,0,0,0,0,2,,
2025-12-06 21:17:38,17,15,15,0,"fit: 1, efit: 7","fit: 1, efit: 7",,,,0,0,0,0,2,,
2025-12-07 00:00:15,17,15,15,0,"fit: 1, efit: 7","fit: 1, efit: 7",,,,0,0,0,0,2,,
2025-12-07 02:23:32,17,15,15,0,"fit: 1, efit: 6","fit: 1, efit: 6",,,,0,0,0,0,2,,
2025-12-07 06:30:07,17,15,15,0,"fit: 1, efit: 6","fit: 1, efit: 5",,,,0,0,0,0,2,,
2025-12-07 08:34:36,17,15,15,0,"fit: 1, efit: 5","fit: 1, efit: 5",,,,0,0,0,0,2,,
2025-12-07 09:57:21,17,15,15,0,"fit: 1, efit: 6","fit: 1, efit: 6",,,,0,0,0,0,2,,
2025-12-07 10:09:53,17,15,15,0,"fit: 1, efit: 5","fit: 1, efit: 5",,,,0,0,0,0,2,,
2025-12-07 10:44:59,17,15,15,0,"fit: 1, efit: 6","fit: 1, efit: 6",,,,0,0,0,0,2,,
2025-12-07 10:45:41,17,15,15,0,"fit: 1, efit: 5","fit: 1, efit: 5",,,,0,0,0,0,2,,
2025-12-07 11:35:48,17,15,15,0,"fit: 1, efit: 4","fit: 1, efit: 4",,,,0,0,0,0,2,,
2025-12-07 12:32:54,17,15,15,0,"fit: 1, efit: 6","fit: 1, efit: 6",,,,0,0,0,0,2,,
2025-12-07 12:45:22,17,15,15,0,"fit: 1, efit: 5","fit: 1, efit: 5",,,,0,0,0,0,2,,
2025-12-07 13:05:26,17,15,15,0,"fit: 1, efit: 4","fit: 1, efit: 4",,,,0,0,0,0,2,,
2025-12-07 14:01:08,17,15,15,0,"fit: 1, efit: 3","fit: 1, efit: 3",,,,0,0,0,0,2,,
2025-12-07 14:08:15,17,15,15,0,"fit: 1, efit: 4","fit: 1, efit: 4",,,,0,0,0,0,2,,
2025-12-07 14:15:39,17,15,15,0,"fit: 1, efit: 3","fit: 1, efit: 3",,,,0,0,0,0,2,,
2025-12-07 14:25:41,17,15,15,0,"fit: 1, efit: 4","fit: 1, efit: 4",,,,0,0,0,0,2,,
2025-12-07 14:33:20,17,15,15,0,"fit: 1, efit: 5","fit: 1, efit: 5",,,,0,0,0,0,2,,
2025-12-07 15:28:32,17,15,15,0,"fit: 1, efit: 4","fit: 1, efit: 4",,,,0,0,0,0,2,,
2025-12-07 15:35:53,17,15,15,0,"fit: 1, efit: 5","fit: 1, efit: 5",,,,0,0,0,0,2,,
2025-12-07 17:06:10,17,15,15,0,"fit: 1, efit: 4","fit: 1, efit: 4",,,,0,0,0,0,2,,
2025-12-07 17:16:12,17,15,15,0,"fit: 1, efit: 5","fit: 1, efit: 5",,,,0,0,0,0,2,,
2025-12-07 18:16:22,17,15,15,0,"fit: 1, efit: 4","fit: 1, efit: 4",,,,0,0,0,0,2,,
2025-12-07 18:24:09,17,15,15,0,"fit: 1, efit: 5","fit: 1, efit: 5",,,,0,0,0,0,2,,
2025-12-07 18:34:11,17,15,15,0,"fit: 1, efit: 6","fit: 1, efit: 6",,,,0,0,0,0,2,,
2025-12-07 19:59:29,17,15,15,0,"fit: 1, efit: 5","fit: 1, efit: 5",,,,0,0,0,0,2,,
2025-12-07 21:09:44,17,15,15,0,"fit: 1, efit: 6","fit: 1, efit: 6",,,,0,0,0,0,2,,
2025-12-07 21:39:50,17,15,15,0,"fit: 1, efit: 7","fit: 1, efit: 7",,,,0,0,0,0,2,,
2025-12-07 21:49:52,17,15,15,0,"fit: 1, efit: 6","fit: 1, efit: 6",,,,0,0,0,0,2,,
2025-12-08 00:00:20,17,15,15,0,"fit: 1, efit: 6","fit: 1, efit: 6",,,,0,0,0,0,2,,
2025-12-08 02:57:52,17,15,15,0,"fit: 1, efit: 5","fit: 1, efit: 5",,,,0,0,0,0,2,,
2025-12-08 03:12:53,17,15,15,0,"fit: 1, efit: 6","fit: 1, efit: 6",,,,0,0,0,0,2,,
2025-12-08 05:58:14,17,15,15,0,"fit: 1, efit: 5","fit: 1, efit: 5",,,,0,0,0,0,2,,
2025-12-08 06:28:18,17,15,15,0,"fit: 1, efit: 4","fit: 1, efit: 4",,,,0,0,0,0,2,,
2025-12-08 07:33:27,17,15,15,0,"fit: 1, efit: 3","fit: 1, efit: 3",,,,0,0,0,0,2,,
2025-12-08 08:48:37,17,15,15,0,"fit: 1, efit: 2","fit: 1, efit: 2",,,,0,0,0,0,2,,
2025-12-08 09:42:23,17,15,15,0,"fit: 1, efit: 1","fit: 1, efit: 1",,,,0,0,0,0,2,,
2025-12-08 10:57:38,17,15,15,0,fit: 1,fit: 1,,,,0,0,0,0,2,,
2025-12-08 11:27:45,17,15,15,0,"fit: 2, efit: 3","fit: 2, efit: 3",,,,0,0,0,0,2,,
2025-12-08 11:28:59,17,15,15,0,"fit: 2, efit: 4","fit: 2, efit: 4",,,,0,0,0,0,2,,
2025-12-08 12:22:57,17,15,15,0,"fit: 2, efit: 5","fit: 2, efit: 5",,,,0,0,0,0,2,,
2025-12-08 13:33:12,17,15,15,0,"fit: 2, efit: 4","fit: 2, efit: 4",,,,0,0,0,0,2,,
2025-12-08 15:13:34,17,15,15,0,"fit: 2, efit: 5","fit: 2, efit: 5",,,,0,0,0,0,2,,
2025-12-08 15:14:29,17,15,15,0,"fit: 2, efit: 4","fit: 2, efit: 4",,,,0,0,0,0,2,,
2025-12-08 18:24:15,17,15,15,0,"fit: 2, efit: 3","fit: 2, efit: 3",,,,0,0,0,0,2,,
2025-12-08 19:00:41,17,15,15,0,"fit: 2, efit: 2","fit: 2, efit: 2",,,,0,0,0,0,2,,
2025-12-08 19:24:28,17,15,15,0,"fit: 2, efit: 3","fit: 2, efit: 3",,,,0,0,0,0,2,,
2025-12-08 20:19:40,17,15,15,0,"fit: 2, efit: 4","fit: 2, efit: 3",efit: 1,,,0,0,0,0,2,,
2025-12-08 20:29:42,17,15,15,0,"fit: 2, efit: 5","fit: 2, efit: 4",efit: 1,,,0,0,0,0,2,,
2025-12-09 00:00:29,17,15,15,0,"fit: 2, efit: 5","fit: 2, efit: 4",efit: 1,,,0,0,0,0,2,,
2025-12-09 00:15:33,17,15,15,0,"fit: 2, efit: 5","fit: 2, efit: 3",efit: 1,,,0,0,0,0,2,,
2025-12-09 07:31:43,17,15,15,0,"fit: 2, efit: 4","fit: 2, efit: 2",efit: 1,,,0,0,0,0,2,,
2025-12-09 08:43:05,17,15,15,0,"fit: 2, efit: 3","fit: 2, efit: 2",efit: 1,,,0,0,0,0,2,,
2025-12-09 08:46:53,17,15,15,0,"fit: 2, efit: 3","fit: 2, efit: 3",,,,0,0,0,0,2,,
2025-12-09 09:16:57,17,15,15,0,"fit: 2, efit: 2","fit: 2, efit: 2",,,,0,0,0,0,2,,
2025-12-09 09:26:59,17,15,15,0,"fit: 2, efit: 1","fit: 2, efit: 1",,,,0,0,0,0,2,,
2025-12-09 10:37:09,17,15,15,0,fit: 2,fit: 2,,,,0,0,0,0,2,,
2025-12-09 11:02:45,17,15,15,0,"fit: 2, efit: 1","fit: 2, efit: 1",,,,0,0,0,0,2,,
2025-12-09 11:03:29,17,15,15,0,"fit: 3, efit: 3","fit: 3, efit: 3",,,,0,0,0,0,2,,
2025-12-09 11:12:14,17,15,15,0,"fit: 3, efit: 2","fit: 3, efit: 2",,,,0,0,0,0,2,,
2025-12-09 13:13:53,17,15,15,0,"fit: 3, efit: 3","fit: 3, efit: 3",,,,0,0,0,0,2,,
2025-12-09 13:37:34,17,15,15,0,"fit: 3, efit: 2","fit: 3, efit: 2",,,,0,0,0,0,2,,
2025-12-09 13:52:36,17,15,15,0,"fit: 3, efit: 1","fit: 3, efit: 1",,,,0,0,0,0,2,,
2025-12-09 14:07:38,17,15,15,0,fit: 3,fit: 3,,,,0,0,0,0,2,,
2025-12-09 15:02:46,17,15,15,0,fit: 1,fit: 1,,,,0,0,0,0,2,,
2025-12-09 15:03:36,17,15,15,0,fit: 3,fit: 3,,,,0,0,0,0,2,,
2025-12-09 16:59:01,17,15,15,0,"fit: 3, efit: 1","fit: 3, efit: 1",,,,0,0,0,0,2,,
2025-12-09 17:48:09,17,15,15,0,fit: 3,fit: 3,,,,0,0,0,0,2,,
2025-12-09 18:33:15,17,15,15,0,"fit: 3, efit: 2","fit: 3, efit: 2",,,,0,0,0,0,2,,
2025-12-09 19:14:30,17,15,15,0,"fit: 3, efit: 3","fit: 3, efit: 3",,,,0,0,0,0,2,,
2025-12-09 19:38:24,17,15,15,0,"fit: 3, efit: 4","fit: 3, efit: 4",,,,0,0,0,0,2,,
2025-12-09 19:48:25,17,15,15,0,"fit: 3, efit: 5","fit: 3, efit: 5",,,,0,0,0,0,2,,
2025-12-09 21:03:36,17,15,15,0,"fit: 3, efit: 6","fit: 3, efit: 6",,,,0,0,0,0,2,,
2025-12-09 21:53:43,17,15,15,0,"fit: 3, efit: 5","fit: 3, efit: 5",,,,0,0,0,0,2,,
2025-12-09 22:13:46,17,15,15,0,"fit: 3, efit: 4","fit: 3, efit: 4",,,,0,0,0,0,2,,
2025-12-10 00:00:30,17,15,15,0,"fit: 3, efit: 4","fit: 3, efit: 4",,,,0,0,0,0,2,,
2025-12-10 08:42:18,17,15,15,0,"fit: 3, efit: 3","fit: 3, efit: 3",,,,0,0,0,0,2,,
2025-12-10 08:45:13,17,15,15,0,"fit: 3, efit: 2","fit: 3, efit: 2",,,,0,0,0,0,2,,
2025-12-10 09:12:21,17,15,15,0,"fit: 3, efit: 1","fit: 3, efit: 1",,,,0,0,0,0,2,,
2025-12-10 09:42:27,17,15,15,0,"fit: 3, efit: 2","fit: 3, efit: 2",,,,0,0,0,0,2,,
2025-12-10 13:10:51,17,15,15,0,"fit: 3, efit: 1","fit: 3, efit: 1",,,,0,0,0,0,2,,
2025-12-10 14:08:15,17,15,15,0,"fit: 3, efit: 2","fit: 3, efit: 2",,,,0,0,0,0,2,,
2025-12-10 15:23:29,17,15,15,0,"fit: 3, efit: 1","fit: 3, efit: 1",,,,0,0,0,0,2,,
2025-12-10 15:31:11,17,15,15,0,"fit: 3, efit: 2","fit: 3, efit: 2",,,,0,0,0,0,2,,
2025-12-10 16:36:19,17,15,15,0,"fit: 3, efit: 1","fit: 3, efit: 1",,,,0,0,0,0,2,,
2025-12-10 16:41:20,17,15,15,0,"fit: 3, efit: 2","fit: 3, efit: 2",,,,0,0,0,0,2,,
2025-12-10 16:53:44,17,15,15,0,"fit: 3, efit: 3","fit: 3, efit: 3",,,,0,0,0,0,2,,
2025-12-10 17:36:28,17,15,15,0,"fit: 3, efit: 4","fit: 3, efit: 4",,,,0,0,0,0,2,,
2025-12-10 18:51:38,17,15,15,0,"fit: 3, efit: 3","fit: 3, efit: 3",,,,0,0,0,0,2,,
2025-12-10 19:19:10,17,15,15,0,"fit: 3, efit: 2","fit: 3, efit: 2",,,,0,0,0,0,2,,
2025-12-10 19:41:45,17,15,15,0,"fit: 3, efit: 3","fit: 3, efit: 3",,,,0,0,0,0,2,,
2025-12-10 21:59:38,17,15,15,0,"fit: 3, efit: 2","fit: 3, efit: 2",,,,0,0,0,0,2,,
2025-12-10 22:04:39,17,15,15,0,"fit: 3, efit: 1","fit: 3, efit: 1",,,,0,0,0,0,2,,
2025-12-10 22:17:06,17,15,15,0,"fit: 3, efit: 2","fit: 3, efit: 2",,,,0,0,0,0,2,,
2025-12-10 23:19:52,17,15,15,0,"fit: 3, efit: 1","fit: 3, efit: 1",,,,0,0,0,0,2,,
2025-12-11 00:00:27,17,15,15,0,"fit: 3, efit: 1","fit: 3, efit: 1",,,,0,0,0,0,2,,
2025-12-11 00:12:21,17,15,15,0,"fit: 3, efit: 2","fit: 3, efit: 2",,,,0,0,0,0,2,,
2025-12-11 01:25:44,17,15,15,0,"fit: 3, efit: 1","fit: 3, efit: 1",,,,0,0,0,0,2,,
2025-12-11 01:42:33,17,15,15,0,"fit: 3, efit: 2","fit: 3, efit: 2",,,,0,0,0,0,2,,
2025-12-11 02:46:01,17,15,15,0,"fit: 3, efit: 2","fit: 3, efit: 1",,,,0,0,0,0,2,,
2025-12-11 07:31:19,17,15,15,0,"fit: 3, efit: 1",fit: 3,,,,0,0,0,0,2,,
2025-12-11 08:41:31,17,15,15,0,fit: 3,fit: 3,,,,0,0,0,0,2,,
2025-12-11 08:42:17,17,15,15,0,"fit: 3, efit: 1","fit: 3, efit: 1",,,,0,0,0,0,2,,
2025-12-11 09:33:37,17,15,15,0,fit: 3,fit: 3,,,,0,0,0,0,2,,
2025-12-11 10:38:46,17,15,15,0,fit: 2,fit: 2,,,,0,0,0,0,2,,
2025-12-11 10:41:52,17,15,15,0,fit: 3,fit: 3,,,,0,0,0,0,2,,
2025-12-11 11:06:56,17,15,15,0,"fit: 3, efit: 1","fit: 3, efit: 1",,,,0,0,0,0,2,,
2025-12-11 12:07:08,17,15,15,0,fit: 3,fit: 3,,,,0,0,0,0,2,,
2025-12-11 13:02:18,17,15,15,0,fit: 2,fit: 2,,,,0,0,0,0,2,,
2025-12-11 14:07:30,17,15,15,0,"fit: 2, efit: 1","fit: 2, efit: 1",,,,0,0,0,0,2,,
2025-12-11 14:08:26,17,15,15,0,fit: 2,fit: 2,,,,0,0,0,0,2,,
2025-12-11 14:57:39,17,15,15,0,"fit: 2, efit: 1","fit: 2, efit: 1",,,,0,0,0,0,2,,
2025-12-11 16:22:54,17,15,15,0,fit: 2,fit: 2,,,,0,0,0,0,2,,
2025-12-11 16:58:00,17,15,15,0,"fit: 2, efit: 1","fit: 2, efit: 1",,,,0,0,0,0,2,,
2025-12-11 17:04:39,17,15,15,0,"fit: 2, efit: 2","fit: 2, efit: 2",,,,0,0,0,0,2,,
2025-12-11 17:49:45,17,15,15,0,"fit: 2, efit: 3","fit: 2, efit: 3",,,,0,0,0,0,2,,
2025-12-11 18:03:12,17,15,15,0,"fit: 2, efit: 2","fit: 2, efit: 2",,,,0,0,0,0,2,,
2025-12-11 18:19:19,17,15,15,0,"fit: 2, efit: 3","fit: 2, efit: 3",,,,0,0,0,0,2,,
2025-12-11 19:24:59,17,15,15,0,"fit: 2, efit: 4","fit: 2, efit: 4",,,,0,0,0,0,2,,
2025-12-11 19:33:08,17,15,15,0,"fit: 2, efit: 5","fit: 2, efit: 5",,,,0,0,0,0,2,,
2025-12-12 00:02:32,17,15,15,0,"fit: 2, efit: 5","fit: 2, efit: 5",,,,0,0,0,0,2,,
2025-12-12 08:05:35,17,15,15,0,"fit: 2, efit: 4","fit: 2, efit: 4",,,,0,0,0,0,2,,
2025-12-12 08:43:48,17,15,15,0,"fit: 2, efit: 3","fit: 2, efit: 3",,,,0,0,0,0,2,,
2025-12-12 09:33:56,17,15,15,0,"fit: 2, efit: 2","fit: 2, efit: 2",,,,0,0,0,0,2,,
2025-12-12 09:50:53,17,15,15,0,"fit: 3, efit: 2","fit: 3, efit: 2",,,,0,0,0,0,2,,
2025-12-12 10:31:00,17,15,15,0,"fit: 3, efit: 1","fit: 3, efit: 1",,,,0,0,0,0,2,,
2025-12-12 11:06:06,17,15,15,0,fit: 3,fit: 3,,,,0,0,0,0,2,,
2025-12-12 11:09:10,17,15,15,0,fit: 2,fit: 2,,,,0,0,0,0,2,,
2025-12-12 11:51:14,17,15,15,0,fit: 1,fit: 1,,,,0,0,0,0,2,,
2025-12-12 12:39:24,17,15,15,0,"fit: 1, efit: 2","fit: 1, efit: 2",,,,0,0,0,0,2,,
2025-12-12 15:04:44,17,15,15,0,"fit: 1, efit: 3","fit: 1, efit: 3",,,,0,0,0,0,2,,
2025-12-12 15:19:46,17,15,15,0,"fit: 1, efit: 2","fit: 1, efit: 2",,,,0,0,0,0,2,,
2025-12-12 15:32:41,17,15,15,0,"fit: 1, efit: 3","fit: 1, efit: 3",,,,0,0,0,0,2,,
2025-12-12 15:42:43,17,15,15,0,"fit: 1, efit: 2","fit: 1, efit: 2",,,,0,0,0,0,2,,
2025-12-12 15:57:45,17,15,15,0,"fit: 1, efit: 1","fit: 1, efit: 1",,,,0,0,0,0,2,,
2025-12-12 16:17:49,17,15,15,0,fit: 1,fit: 1,,,,0,0,0,0,2,,
2025-12-12 17:12:58,17,15,15,0,"fit: 1, efit: 1","fit: 1, efit: 1",,,,0,0,0,0,2,,
2025-12-12 18:18:09,17,15,15,0,fit: 1,fit: 1,,,,0,0,0,0,2,,
2025-12-12 18:48:14,17,15,15,0,"fit: 1, efit: 1","fit: 1, efit: 1",,,,0,0,0,0,2,,
2025-12-12 19:25:22,17,15,15,0,"fit: 1, efit: 2","fit: 1, efit: 2",,,,0,0,0,0,2,,
2025-12-12 19:48:24,17,15,15,0,"fit: 1, efit: 3","fit: 1, efit: 3",,,,0,0,0,0,2,,
2025-12-12 19:50:26,17,15,15,0,"fit: 1, efit: 5","fit: 1, efit: 5",,,,0,0,0,0,2,,
2025-12-12 21:03:36,17,15,15,0,"fit: 1, efit: 4","fit: 1, efit: 4",,,,0,0,0,0,2,,
2025-12-12 21:25:39,17,15,15,0,"fit: 1, efit: 4","fit: 1, efit: 3",,,,0,0,0,0,2,,
2025-12-12 21:30:40,17,15,15,0,"fit: 1, efit: 3","fit: 1, efit: 2",,,,0,0,0,0,2,,
2025-12-12 21:38:42,17,15,15,0,"fit: 1, efit: 2","fit: 1, efit: 1",,,,0,0,0,0,2,,
2025-12-12 22:08:47,17,15,15,0,"fit: 1, efit: 3","fit: 1, efit: 2",,,,0,0,0,0,2,,
2025-12-12 22:23:50,17,15,15,0,"fit: 1, efit: 2","fit: 1, efit: 1",,,,0,0,0,0,2,,
2025-12-12 23:49:04,17,15,15,0,"fit: 1, efit: 1",fit: 1,,,,0,0,0,0,2,,
2025-12-13 00:01:01,17,15,15,0,"fit: 1, efit: 1",fit: 1,,,,0,0,0,0,2,,
2025-12-13 00:09:07,17,15,15,0,"fit: 1, efit: 2","fit: 1, efit: 1",,,,0,0,0,0,2,,
2025-12-13 01:29:21,17,15,15,0,"fit: 1, efit: 3","fit: 1, efit: 2",,,,0,0,0,0,2,,
2025-12-13 08:25:31,17,15,15,0,"fit: 1, efit: 2","fit: 1, efit: 1",,,,0,0,0,0,2,,
2025-12-13 09:00:37,17,15,15,0,"fit: 1, efit: 4","fit: 1, efit: 3",,,,0,0,0,0,2,,
2025-12-13 09:20:40,17,15,15,0,"fit: 1, efit: 3","fit: 1, efit: 2",,,,0,0,0,0,2,,
2025-12-13 09:35:43,17,15,15,0,"fit: 1, efit: 2","fit: 1, efit: 2",,,,0,0,0,0,2,,
2025-12-13 09:37:06,17,15,15,0,"fit: 1, efit: 3","fit: 1, efit: 3",,,,0,0,0,0,2,,
2025-12-13 09:45:44,17,15,15,0,"fit: 1, efit: 4","fit: 1, efit: 4",,,,0,0,0,0,2,,
2025-12-13 11:02:27,17,15,15,0,"fit: 1, efit: 3","fit: 1, efit: 3",,,,0,0,0,0,2,,
2025-12-13 11:10:59,17,15,15,0,"fit: 1, efit: 2","fit: 1, efit: 2",,,,0,0,0,0,2,,
2025-12-13 12:51:16,17,15,15,0,"fit: 1, efit: 1","fit: 1, efit: 1",,,,0,0,0,0,2,,
2025-12-13 13:06:19,17,15,15,0,fit: 1,fit: 1,,,,0,0,0,0,2,,
2025-12-13 13:51:26,17,15,15,0,"fit: 1, efit: 1","fit: 1, efit: 1",,,,0,0,0,0,2,,
2025-12-13 14:13:00,17,15,15,0,fit: 1,fit: 1,,,,0,0,0,0,2,,
2025-12-13 15:06:39,17,15,15,0,"fit: 3, efit: 1","fit: 3, efit: 1",,,,0,0,0,0,2,,
2025-12-13 15:08:08,17,15,15,0,"fit: 4, efit: 2","fit: 4, efit: 2",,,,0,0,0,0,2,,
2025-12-13 17:03:53,17,15,15,0,"fit: 4, efit: 1","fit: 4, efit: 1",,,,0,0,0,0,2,,
2025-12-13 17:11:59,17,15,15,0,fit: 4,fit: 4,,,,0,0,0,0,2,,
2025-12-13 17:23:27,17,15,15,0,"fit: 4, efit: 1","fit: 4, efit: 1",,,,0,0,0,0,2,,
2025-12-14 00:00:34,17,15,15,0,"fit: 4, efit: 1","fit: 4, efit: 1",,,,0,0,0,0,2,,
2025-12-14 10:28:03,17,15,15,0,fit: 4,fit: 4,,,,0,0,0,0,2,,
2025-12-15 00:01:19,17,15,15,0,fit: 4,fit: 4,,,,0,0,0,0,2,,
2025-12-15 05:17:35,17,15,15,0,"fit: 4, efit: 1","fit: 4, efit: 1",,,,0,0,0,0,2,,
2025-12-15 10:28:49,17,15,15,0,,,,,,0,0,0,0,2,,
2025-12-15 10:33:50,17,15,15,0,"fit: 3, efit: 1","fit: 3, efit: 1",,,,0,0,0,0,2,,
2025-12-15 10:34:14,17,15,15,0,"fit: 4, efit: 1","fit: 4, efit: 1",,,,0,0,0,0,2,,
2025-12-15 12:34:09,17,15,15,0,fit: 4,fit: 4,,,,0,0,0,0,2,,
2025-12-15 23:36:57,17,15,15,0,"fit: 4, efit: 1","fit: 4, efit: 1",,,,0,0,0,0,2,,
2025-12-16 00:02:01,17,15,15,0,"fit: 4, efit: 1","fit: 4, efit: 1",,,,0,0,0,0,2,,
2025-12-16 10:33:39,17,15,15,0,fit: 4,fit: 4,,,,0,0,0,0,2,,
2025-12-16 15:01:23,17,15,15,0,"fit: 4, efit: 1","fit: 4, efit: 1",,,,0,0,0,0,2,,
2025-12-16 16:39:37,17,15,15,0,"fit: 4, efit: 2","fit: 4, efit: 2",,,,0,0,0,0,2,,
2025-12-16 17:40:46,17,15,15,0,"fit: 4, efit: 1","fit: 4, efit: 1",,,,0,0,0,0,2,,
2025-12-16 18:40:59,17,15,15,0,fit: 4,fit: 4,,,,0,0,0,0,2,,
2025-12-16 20:10:10,17,15,15,0,"fit: 4, efit: 1","fit: 4, efit: 1",,,,0,0,0,0,2,,
2025-12-16 20:22:18,17,15,15,0,"fit: 3, efit: 1","fit: 3, efit: 1",,,,0,0,0,0,2,,
2025-12-16 20:40:15,17,15,15,0,"fit: 3, efit: 2","fit: 3, efit: 2",,,,0,0,0,0,2,,
2025-12-16 23:32:50,17,15,15,0,"fit: 3, efit: 1","fit: 3, efit: 1",,,,0,0,0,0,2,,
2025-12-16 23:47:00,17,15,15,0,"fit: 3, efit: 2","fit: 3, efit: 2",,,,0,0,0,0,2,,
2025-12-17 00:00:47,17,15,15,0,"fit: 3, efit: 2","fit: 3, efit: 2",,,,0,0,0,0,2,,
2025-12-17 03:26:19,17,15,15,0,"fit: 3, efit: 1","fit: 3, efit: 1",,,,0,0,0,0,2,,
2025-12-17 05:41:40,17,15,15,0,fit: 3,fit: 3,,,,0,0,0,0,2,,
2025-12-17 06:11:45,17,15,15,0,"fit: 3, efit: 1","fit: 3, efit: 1",,,,0,0,0,0,2,,
2025-12-17 08:18:42,17,15,15,0,fit: 3,fit: 3,,,,0,0,0,0,2,,
2025-12-17 09:07:13,17,15,15,0,fit: 2,fit: 2,,,,0,0,0,0,2,,
2025-12-17 10:44:11,17,15,15,0,fit: 3,fit: 3,,,,0,0,0,0,2,,
2025-12-17 11:02:32,17,15,15,0,"fit: 3, efit: 2","fit: 3, efit: 2",,,,0,0,0,0,2,,
2025-12-17 12:44:36,17,15,15,0,"fit: 3, efit: 1","fit: 3, efit: 1",,,,0,0,0,0,2,,
2025-12-17 12:45:04,17,15,15,0,"fit: 3, efit: 2","fit: 3, efit: 2",,,,0,0,0,0,2,,
2025-12-17 12:47:48,17,15,15,0,"fit: 3, efit: 1","fit: 3, efit: 1",,,,0,0,0,0,2,,
2025-12-17 15:33:15,17,15,15,0,"fit: 4, efit: 1","fit: 4, efit: 1",,,,0,0,0,0,2,,
2025-12-17 16:30:22,17,15,15,0,"fit: 5, efit: 1","fit: 5, efit: 1",,,,0,0,0,0,2,,
2025-12-17 16:48:26,17,15,15,0,"fit: 5, efit: 2","fit: 5, efit: 2",,,,0,0,0,0,2,,
2025-12-17 17:43:35,17,15,15,0,"fit: 5, efit: 1","fit: 5, efit: 1",,,,0,0,0,0,2,,
2025-12-17 17:55:59,17,15,15,0,"fit: 5, efit: 2","fit: 5, efit: 2",,,,0,0,0,0,2,,
2025-12-17 18:05:42,17,15,15,0,"fit: 5, efit: 3","fit: 5, efit: 3",,,,0,0,0,0,2,,
2025-12-17 18:41:07,17,15,15,0,"fit: 5, efit: 2","fit: 5, efit: 2",,,,0,0,0,0,2,,
2025-12-17 19:28:51,17,15,15,0,"fit: 5, efit: 3","fit: 5, efit: 3",,,,0,0,0,0,2,,
2025-12-17 23:21:45,17,15,15,0,"fit: 5, efit: 4","fit: 5, efit: 4",,,,0,0,0,0,2,,
2025-12-17 23:59:33,17,15,15,0,"fit: 5, efit: 5","fit: 5, efit: 5",,,,0,0,0,0,2,,
2025-12-18 00:01:53,17,15,15,0,"fit: 5, efit: 5","fit: 5, efit: 5",,,,0,0,0,0,2,,
2025-12-18 08:13:20,17,15,15,0,"fit: 5, efit: 4","fit: 5, efit: 4",,,,0,0,0,0,2,,
2025-12-18 10:56:13,17,15,15,0,"fit: 5, efit: 3","fit: 5, efit: 3",,,,0,0,0,0,2,,
2025-12-18 12:11:24,17,15,15,0,"fit: 5, efit: 2","fit: 5, efit: 2",,,,0,0,0,0,2,,
2025-12-18 12:51:30,17,15,15,0,"fit: 5, efit: 1","fit: 5, efit: 1",,,,0,0,0,0,2,,
2025-12-18 15:41:56,17,15,15,0,"fit: 5, efit: 2","fit: 5, efit: 2",,,,0,0,0,0,2,,
2025-12-18 15:51:58,17,15,15,0,"fit: 5, efit: 1","fit: 5, efit: 1",,,,0,0,0,0,2,,
2025-12-18 15:54:39,17,15,15,0,"fit: 4, efit: 1","fit: 4, efit: 1",,,,0,0,0,0,2,,
2025-12-18 16:47:07,17,15,15,0,"fit: 3, efit: 2","fit: 3, efit: 2",,,,0,0,0,0,2,,
2025-12-18 16:50:11,17,15,15,0,"fit: 3, efit: 1","fit: 3, efit: 1",,,,0,0,0,0,2,,
2025-12-18 17:57:17,17,15,15,0,"fit: 3, efit: 2","fit: 3, efit: 2",,,,0,0,0,0,2,,
2025-12-18 18:00:01,17,15,15,0,"fit: 3, efit: 3","fit: 3, efit: 3",,,,0,0,0,0,2,,
2025-12-18 18:42:24,17,15,15,0,"fit: 3, efit: 4","fit: 3, efit: 4",,,,0,0,0,0,2,,
2025-12-18 20:42:43,17,15,15,0,"fit: 4, efit: 4","fit: 4, efit: 4",,,,0,0,0,0,2,,
2025-12-18 20:50:31,17,15,15,0,"fit: 4, efit: 5","fit: 4, efit: 5",,,,0,0,0,0,2,,
2025-12-18 20:52:45,17,15,15,0,"fit: 4, efit: 4","fit: 4, efit: 4",,,,0,0,0,0,2,,
2025-12-19 00:01:03,17,15,15,0,"fit: 4, efit: 4","fit: 4, efit: 4",,,,0,0,0,0,2,,
2025-12-19 00:21:07,17,15,15,0,"fit: 4, efit: 3","fit: 4, efit: 3",,,,0,0,0,0,2,,
2025-12-19 01:06:15,17,15,15,0,"fit: 4, efit: 2","fit: 4, efit: 2",,,,0,0,0,0,2,,
2025-12-19 06:32:59,17,15,15,0,"fit: 4, efit: 1","fit: 4, efit: 1",,,,0,0,0,0,2,,
2025-12-19 07:47:22,17,15,15,0,fit: 4,fit: 4,,,,0,0,0,0,2,,
2025-12-19 07:48:15,17,15,15,0,"fit: 3, efit: 1","fit: 3, efit: 1",,,,0,0,0,0,2,,
2025-12-19 08:13:20,17,15,15,0,fit: 3,fit: 3,,,,0,0,0,0,2,,
2025-12-19 08:14:28,17,15,15,0,"fit: 2, efit: 1","fit: 2, efit: 1",,,,0,0,0,0,2,,
2025-12-19 08:47:32,17,15,15,0,"fit: 2, efit: 2","fit: 2, efit: 2",,,,0,0,0,0,2,,
2025-12-19 09:48:38,17,15,15,0,"fit: 2, efit: 1","fit: 2, efit: 1",,,,0,0,0,0,2,,
2025-12-19 12:33:09,17,15,15,0,"fit: 2, efit: 2","fit: 2, efit: 2",,,,0,0,0,0,2,,
2025-12-19 12:48:11,17,15,15,0,"fit: 2, efit: 1","fit: 2, efit: 1",,,,0,0,0,0,2,,
2025-12-19 12:59:17,17,15,15,0,"fit: 2, efit: 2","fit: 2, efit: 2",,,,0,0,0,0,2,,
2025-12-19 13:03:14,17,15,15,0,"fit: 2, efit: 3","fit: 2, efit: 3",,,,0,0,0,0,2,,
2025-12-19 14:33:29,17,15,15,0,"fit: 2, efit: 4","fit: 2, efit: 4",,,,0,0,0,0,2,,
2025-12-19 16:50:03,17,15,15,0,"fit: 2, efit: 5","fit: 2, efit: 5",,,,0,0,0,0,2,,
2025-12-19 20:24:26,17,15,15,0,"fit: 2, efit: 4","fit: 2, efit: 4",,,,0,0,0,0,2,,
2025-12-19 22:54:50,17,15,15,0,"fit: 2, efit: 5","fit: 2, efit: 5",,,,0,0,0,0,2,,
2025-12-20 00:00:01,17,15,15,0,"fit: 2, efit: 5","fit: 2, efit: 5",,,,0,0,0,0,2,,
2025-12-20 06:56:08,17,15,15,0,"fit: 2, efit: 4","fit: 2, efit: 4",,,,0,0,0,0,2,,
2025-12-20 11:13:34,17,15,15,0,"fit: 4, efit: 6","fit: 4, efit: 6",,,,0,0,0,0,2,,
2025-12-20 13:38:56,17,15,15,0,"fit: 4, efit: 7","fit: 4, efit: 7",,,,0,0,0,0,2,,
2025-12-20 13:47:16,17,15,15,0,"fit: 4, efit: 8","fit: 4, efit: 8",,,,0,0,0,0,2,,
2025-12-20 13:48:58,17,15,15,0,"fit: 4, efit: 7","fit: 4, efit: 7",,,,0,0,0,0,2,,
2025-12-20 14:54:08,17,15,15,0,"fit: 4, efit: 6","fit: 4, efit: 6",,,,0,0,0,0,2,,
2025-12-20 17:37:54,17,15,15,0,"fit: 4, efit: 5","fit: 4, efit: 5",,,,0,0,0,0,2,,
2025-12-20 18:00:02,17,15,15,0,"fit: 4, efit: 4","fit: 4, efit: 4",,,,0,0,0,0,2,,
2025-12-20 19:44:52,17,15,15,0,"fit: 4, efit: 3","fit: 4, efit: 3",,,,0,0,0,0,2,,
2025-12-20 19:55:26,17,15,15,0,"fit: 4, efit: 4","fit: 4, efit: 4",,,,0,0,0,0,2,,
2025-12-20 20:50:02,17,15,15,0,"fit: 4, efit: 3","fit: 4, efit: 3",,,,0,0,0,0,2,,
2025-12-20 21:18:30,17,15,15,0,"fit: 4, efit: 4","fit: 4, efit: 4",,,,0,0,0,0,2,,
2025-12-21 00:00:31,17,15,15,0,"fit: 4, efit: 4","fit: 4, efit: 4",,,,0,0,0,0,2,,
2025-12-21 06:32:33,17,15,15,0,"fit: 4, efit: 3","fit: 4, efit: 3",,,,0,0,0,0,2,,
2025-12-21 09:41:58,17,15,15,0,"fit: 4, efit: 2","fit: 4, efit: 2",,,,0,0,0,0,2,,
2025-12-21 11:32:14,17,15,15,0,"fit: 5, efit: 2","fit: 5, efit: 2",,,,0,0,0,0,2,,
2025-12-21 12:00:52,17,15,15,0,"fit: 5, efit: 1","fit: 5, efit: 1",,,,0,0,0,0,2,,
2025-12-21 16:06:33,17,15,15,0,"fit: 5, efit: 3","fit: 5, efit: 3",,,,0,0,0,0,2,,
2025-12-21 16:11:34,17,15,15,0,"fit: 5, efit: 2","fit: 5, efit: 2",,,,0,0,0,0,2,,
2025-12-21 16:31:37,17,15,15,0,"fit: 5, efit: 3","fit: 5, efit: 3",,,,0,0,0,0,2,,
2025-12-21 16:59:39,17,15,15,0,"fit: 5, efit: 2","fit: 5, efit: 2",,,,0,0,0,0,2,,
2025-12-21 20:18:34,17,15,15,0,"fit: 5, efit: 1","fit: 5, efit: 1",,,,0,0,0,0,2,,
2025-12-22 00:01:04,17,15,15,0,"fit: 5, efit: 1","fit: 5, efit: 1",,,,0,0,0,0,2,,
2025-12-22 00:07:52,17,15,15,0,fit: 5,fit: 5,,,,0,0,0,0,2,,
2025-12-22 08:50:30,17,15,15,0,fit: 6,fit: 6,,,,0,0,0,0,2,,
2025-12-22 08:54:17,17,15,15,0,fit: 5,fit: 5,,,,0,0,0,0,2,,
2025-12-22 13:08:43,17,15,15,0,fit: 4,fit: 4,,,,0,0,0,0,2,,
2025-12-22 13:13:44,17,15,15,0,fit: 5,fit: 5,,,,0,0,0,0,2,,
2025-12-22 15:10:19,17,15,15,0,fit: 4,fit: 4,,,,0,0,0,0,2,,
2025-12-22 17:06:44,17,15,15,0,fit: 3,fit: 3,,,,0,0,0,0,2,,
2025-12-22 17:19:34,17,15,15,0,"fit: 3, efit: 1","fit: 3, efit: 1",,,,0,0,0,0,2,,
2025-12-22 17:29:37,17,15,15,0,fit: 3,fit: 3,,,,0,0,0,0,2,,
2025-12-22 18:26:57,17,15,15,0,"fit: 3, efit: 1","fit: 3, efit: 1",,,,0,0,0,0,2,,
2025-12-22 18:49:53,17,15,15,0,"fit: 3, efit: 2","fit: 3, efit: 2",,,,0,0,0,0,2,,
2025-12-22 23:00:43,17,15,15,0,"fit: 3, efit: 1","fit: 3, efit: 1",,,,0,0,0,0,2,,
2025-12-22 23:55:54,17,15,15,0,"fit: 3, efit: 2","fit: 3, efit: 2",,,,0,0,0,0,2,,
2025-12-23 00:00:55,17,15,15,0,"fit: 3, efit: 2","fit: 3, efit: 2",,,,0,0,0,0,2,,
2025-12-23 15:13:58,17,15,15,0,"fit: 3, efit: 3","fit: 3, efit: 3",,,,0,0,0,0,2,,
2025-12-23 16:04:08,17,15,15,0,"fit: 3, efit: 2","fit: 3, efit: 2",,,,0,0,0,0,2,,
2025-12-23 16:34:14,17,15,15,0,"fit: 3, efit: 3","fit: 3, efit: 3",,,,0,0,0,0,2,,
2025-12-23 17:29:25,17,15,15,0,"fit: 3, efit: 4","fit: 3, efit: 4",,,,0,0,0,0,2,,
2025-12-23 17:59:32,17,15,15,0,"fit: 3, efit: 3","fit: 3, efit: 3",,,,0,0,0,0,2,,
2025-12-23 18:09:33,17,15,15,0,"fit: 3, efit: 4","fit: 3, efit: 4",,,,0,0,0,0,2,,
2025-12-23 18:14:34,17,15,15,0,"fit: 4, efit: 3","fit: 4, efit: 3",,,,0,0,0,0,2,,
2025-12-23 19:34:59,17,15,15,0,"fit: 4, efit: 2","fit: 4, efit: 2",,,,0,0,0,0,2,,
2025-12-24 00:00:36,17,15,15,0,"fit: 4, efit: 2","fit: 4, efit: 2",,,,0,0,0,0,2,,
2025-12-24 02:56:05,17,15,15,0,"fit: 4, efit: 1","fit: 4, efit: 1",,,,0,0,0,0,2,,
2025-12-24 09:02:04,17,15,15,0,"fit: 4, efit: 2","fit: 4, efit: 2",,,,0,0,0,0,2,,
2025-12-24 10:37:19,17,15,15,0,"fit: 4, efit: 1","fit: 4, efit: 1",,,,0,0,0,0,2,,
2025-12-24 10:42:20,17,15,15,0,fit: 4,fit: 4,,,,0,0,0,0,2,,
2025-12-24 12:42:39,17,15,15,0,"fit: 4, efit: 1","fit: 4, efit: 1",,,,0,0,0,0,2,,
2025-12-24 12:43:11,17,15,15,0,"fit: 4, efit: 2","fit: 4, efit: 2",,,,0,0,0,0,2,,
2025-12-24 13:03:15,17,15,15,0,"fit: 4, efit: 3","fit: 4, efit: 3",,,,0,0,0,0,2,,
2025-12-24 13:07:43,17,15,15,0,"fit: 4, efit: 2","fit: 4, efit: 2",,,,0,0,0,0,2,,
2025-12-24 13:52:50,17,15,15,0,"fit: 4, efit: 1","fit: 4, efit: 1",,,,0,0,0,0,2,,
2025-12-24 14:07:53,17,15,15,0,"fit: 4, efit: 2","fit: 4, efit: 2",,,,0,0,0,0,2,,
2025-12-24 15:58:11,17,15,15,0,"fit: 4, efit: 1","fit: 4, efit: 1",,,,0,0,0,0,2,,
2025-12-24 19:19:28,17,15,15,0,"fit: 4, efit: 2","fit: 4, efit: 2",,,,0,0,0,0,2,,
2025-12-25 00:00:25,17,15,15,0,"fit: 4, efit: 2","fit: 4, efit: 2",,,,0,0,0,0,2,,
2025-12-25 00:20:01,17,15,15,0,"fit: 4, efit: 1","fit: 4, efit: 1",,,,0,0,0,0,2,,
2025-12-25 10:21:11,17,15,15,0,fit: 5,fit: 5,,,,0,0,0,0,2,,
2025-12-25 13:16:39,17,15,15,0,fit: 4,fit: 4,,,,0,0,0,0,2,,
2025-12-25 13:56:45,17,15,15,0,"fit: 4, efit: 1","fit: 4, efit: 1",,,,0,0,0,0,2,,
2025-12-25 17:18:52,17,15,15,0,"fit: 3, efit: 1","fit: 3, efit: 1",,,,0,0,0,0,2,,
2025-12-25 17:22:19,17,15,15,0,fit: 3,fit: 3,,,,0,0,0,0,2,,
2025-12-25 17:32:21,17,15,15,0,fit: 2,fit: 2,,,,0,0,0,0,2,,
2025-12-25 17:42:22,17,15,15,0,"fit: 2, efit: 1","fit: 2, efit: 1",,,,0,0,0,0,2,,
2025-12-25 23:48:22,17,15,15,0,fit: 2,fit: 2,,,,0,0,0,0,2,,
2025-12-25 23:55:13,17,15,15,0,fit: 1,fit: 1,,,,0,0,0,0,2,,
2025-12-26 00:00:14,17,15,15,0,fit: 1,fit: 1,,,,0,0,0,0,2,,
2025-12-26 01:10:29,17,15,15,0,"fit: 1, efit: 1","fit: 1, efit: 1",,,,0,0,0,0,2,,
2025-12-26 12:35:28,17,15,15,0,"fit: 1, efit: 2","fit: 1, efit: 2",,,,0,0,0,0,2,,
2025-12-26 12:40:29,17,15,15,0,"fit: 1, efit: 3","fit: 1, efit: 3",,,,0,0,0,0,2,,
2025-12-26 13:05:37,17,15,15,0,"fit: 1, efit: 2","fit: 1, efit: 2",,,,0,0,0,0,2,,
2025-12-26 13:50:41,17,15,15,0,"fit: 1, efit: 1","fit: 1, efit: 1",,,,0,0,0,0,2,,
2025-12-26 15:00:52,17,15,15,0,"fit: 1, efit: 2","fit: 1, efit: 2",,,,0,0,0,0,2,,
2025-12-26 15:15:55,17,15,15,0,"fit: 1, efit: 1","fit: 1, efit: 1",,,,0,0,0,0,2,,
2025-12-26 16:28:34,17,15,15,0,fit: 1,fit: 1,,,,0,0,0,0,2,,
2025-12-26 16:36:07,17,15,15,0,"fit: 1, efit: 1","fit: 1, efit: 1",,,,0,0,0,0,2,,
2025-12-26 16:51:09,17,15,15,0,"fit: 1, efit: 2","fit: 1, efit: 2",,,,0,0,0,0,2,,
2025-12-26 16:53:39,17,15,15,0,"fit: 1, efit: 1","fit: 1, efit: 1",,,,0,0,0,0,2,,
2025-12-26 17:36:12,17,15,15,0,"fit: 1, efit: 2","fit: 1, efit: 2",,,,0,0,0,0,2,,
2025-12-26 17:41:13,17,15,15,0,"fit: 1, efit: 1","fit: 1, efit: 1",,,,0,0,0,0,2,,
2025-12-26 18:01:16,17,15,15,0,"fit: 1, efit: 2","fit: 1, efit: 2",,,,0,0,0,0,2,,
2025-12-26 21:09:30,17,15,15,0,"fit: 1, efit: 1","fit: 1, efit: 1",,,,0,0,0,0,2,,
2025-12-26 21:49:38,17,15,15,0,"fit: 1, efit: 2","fit: 1, efit: 2",,,,0,0,0,0,2,,
2025-12-26 22:46:58,17,15,15,0,"fit: 2, efit: 1","fit: 2, efit: 1",,,,0,0,0,0,2,,
2025-12-27 00:00:05,17,15,15,0,"fit: 2, efit: 1","fit: 2, efit: 1",,,,0,0,0,0,2,,
2025-12-27 07:58:21,17,15,15,0,fit: 2,fit: 2,,,,0,0,0,0,2,,
2025-12-27 08:01:41,17,15,15,0,fit: 1,fit: 1,,,,0,0,0,0,2,,
2025-12-27 08:03:22,17,15,15,0,fit: 2,fit: 2,,,,0,0,0,0,2,,
2025-12-27 11:28:53,17,15,15,0,fit: 3,fit: 3,,,,0,0,0,0,2,,
2025-12-27 12:32:35,17,15,15,0,fit: 4,fit: 4,,,,0,0,0,0,2,,
2025-12-27 18:58:53,17,15,15,0,fit: 3,fit: 3,,,,0,0,0,0,2,,
2025-12-27 20:10:13,17,15,15,0,fit: 2,fit: 2,,,,0,0,0,0,2,,
2025-12-28 00:00:49,17,15,15,0,fit: 2,fit: 2,,,,0,0,0,0,2,,
2025-12-28 08:42:36,17,15,15,0,fit: 3,fit: 3,,,,0,0,0,0,2,,
2025-12-28 08:46:40,17,15,15,0,"fit: 4, efit: 2","fit: 4, efit: 2",,,,0,0,0,0,2,,
2025-12-28 13:47:41,17,15,15,0,"fit: 4, efit: 3","fit: 4, efit: 3",,,,0,0,0,0,2,,
2025-12-28 14:47:53,17,15,15,0,"fit: 4, efit: 2","fit: 4, efit: 2",,,,0,0,0,0,2,,
2025-12-28 15:53:06,17,15,15,0,"fit: 4, efit: 3","fit: 4, efit: 3",,,,0,0,0,0,2,,
2025-12-28 16:48:17,17,15,15,0,"fit: 4, efit: 2","fit: 4, efit: 2",,,,0,0,0,0,2,,
2025-12-28 16:53:18,17,15,15,0,"fit: 4, efit: 3","fit: 4, efit: 3",,,,0,0,0,0,2,,
2025-12-28 17:13:22,17,15,15,0,"fit: 4, efit: 2","fit: 4, efit: 2",,,,0,0,0,0,2,,
2025-12-28 17:18:23,17,15,15,0,"fit: 4, efit: 1","fit: 4, efit: 1",,,,0,0,0,0,2,,
2025-12-28 17:33:26,17,15,15,0,fit: 4,fit: 4,,,,0,0,0,0,2,,
2025-12-28 17:53:30,17,15,15,0,fit: 3,fit: 3,,,,0,0,0,0,2,,
2025-12-28 18:43:36,17,15,15,0,"fit: 3, efit: 1","fit: 3, efit: 1",,,,0,0,0,0,2,,
2025-12-28 19:13:40,17,15,15,0,"fit: 3, efit: 2","fit: 3, efit: 2",,,,0,0,0,0,2,,
2025-12-28 19:18:41,17,15,15,0,"fit: 3, efit: 3","fit: 3, efit: 3",,,,0,0,0,0,2,,
2025-12-28 21:23:59,17,15,15,0,"fit: 3, efit: 2","fit: 3, efit: 2",,,,0,0,0,0,2,,
2025-12-28 21:29:00,17,15,15,0,"fit: 3, efit: 3","fit: 3, efit: 3",,,,0,0,0,0,2,,
2025-12-28 22:54:13,17,15,15,0,"fit: 3, efit: 4","fit: 3, efit: 4",,,,0,0,0,0,2,,
2025-12-29 00:00:07,17,15,15,0,"fit: 3, efit: 4","fit: 3, efit: 4",,,,0,0,0,0,2,,
2025-12-29 14:06:30,17,15,15,0,"fit: 3, efit: 3","fit: 3, efit: 3",,,,0,0,0,0,2,,
2025-12-30 00:01:25,17,15,15,0,"fit: 3, efit: 3","fit: 3, efit: 3",,,,0,0,0,0,2,,
2025-12-30 10:00:37,17,15,15,0,"fit: 2, efit: 3","fit: 2, efit: 3",,,,0,0,0,0,2,,
2025-12-30 11:40:53,17,15,15,0,"fit: 2, efit: 4","fit: 2, efit: 4",,,,0,0,0,0,2,,
2025-12-30 12:00:57,17,15,15,0,"fit: 2, efit: 3","fit: 2, efit: 3",,,,0,0,0,0,2,,
2025-12-30 13:53:32,17,15,15,0,"fit: 2, efit: 4","fit: 2, efit: 4",,,,0,0,0,0,2,,
2025-12-30 13:56:15,17,15,15,0,"fit: 2, efit: 3","fit: 2, efit: 3",,,,0,0,0,0,2,,
2025-12-30 15:41:32,17,15,15,0,"fit: 2, efit: 4","fit: 2, efit: 4",,,,0,0,0,0,2,,
2025-12-30 20:39:34,17,15,15,0,"fit: 2, efit: 5","fit: 2, efit: 5",,,,0,0,0,0,2,,
2025-12-31 00:00:05,17,15,15,0,"fit: 2, efit: 5","fit: 2, efit: 5",,,,0,0,0,0,2,,
2025-12-31 00:22:57,17,15,15,0,"fit: 2, efit: 6","fit: 2, efit: 6",,,,0,0,0,0,2,,
2025-12-31 18:35:56,17,15,15,0,"fit: 2, efit: 7","fit: 2, efit: 7",,,,0,0,0,0,2,,
2025-12-31 22:48:31,17,15,15,0,"fit: 2, efit: 7","fit: 2, efit: 6",,,,0,0,0,0,2,,
2025-12-31 22:53:31,17,15,15,0,"fit: 2, efit: 6","fit: 2, efit: 5",,,,0,0,0,0,2,,
2025-12-31 23:01:40,17,15,15,0,"fit: 2, efit: 6","fit: 2, efit: 6",,,,0,0,0,0,2,,
2026-01-01 00:01:50,17,15,15,0,"fit: 2, efit: 6","fit: 2, efit: 6",,,,0,0,0,0,2,,
2026-01-01 00:58:50,17,15,15,0,"fit: 2, efit: 7","fit: 2, efit: 7",,,,0,0,0,0,2,,
2026-01-01 02:19:03,17,15,15,0,"fit: 2, efit: 6","fit: 2, efit: 6",,,,0,0,0,0,2,,
2026-01-01 02:22:13,17,15,15,0,"fit: 2, efit: 7","fit: 2, efit: 7",,,,0,0,0,0,2,,
2026-01-01 09:35:10,17,15,15,0,"fit: 2, efit: 7","fit: 2, efit: 6",,,,0,0,0,0,2,,
2026-01-01 15:54:25,17,15,15,0,"fit: 2, efit: 6","fit: 2, efit: 5",,,,0,0,0,0,2,,
2026-01-01 18:11:29,17,15,15,0,"fit: 2, efit: 6","fit: 2, efit: 6",,,,0,0,0,0,2,,
2026-01-01 18:12:40,17,15,15,0,"fit: 2, efit: 6","fit: 2, efit: 5",,,,0,0,0,0,2,,
2026-01-02 00:00:46,17,15,15,0,"fit: 2, efit: 6","fit: 2, efit: 5",,,,0,0,0,0,2,,
2026-01-02 09:07:16,17,15,15,0,"fit: 3, efit: 6","fit: 3, efit: 5",,,,0,0,0,0,2,,
2026-01-02 10:13:56,17,15,15,0,"fit: 3, efit: 5","fit: 3, efit: 4",,,,0,0,0,0,2,,
2026-01-02 10:59:03,17,15,15,0,"fit: 3, efit: 5","fit: 3, efit: 3",,,,0,0,0,0,2,,
2026-01-02 13:53:03,17,15,15,0,"fit: 3, efit: 4","fit: 3, efit: 2",,,,0,0,0,0,2,,
2026-01-02 21:10:40,17,15,15,0,"fit: 3, efit: 5","fit: 3, efit: 3",,,,0,0,0,0,2,,
2026-01-02 22:54:33,17,15,15,0,"fit: 3, efit: 4","fit: 3, efit: 2",,,,0,0,0,0,2,,
2026-01-03 00:01:06,17,15,15,0,"fit: 3, efit: 4","fit: 3, efit: 2",,,,0,0,0,0,2,,
2026-01-03 00:28:48,17,15,15,0,"fit: 3, efit: 5","fit: 3, efit: 3",,,,0,0,0,0,2,,
2026-01-03 03:04:19,17,15,15,0,"fit: 3, efit: 4","fit: 3, efit: 2",,,,0,0,0,0,2,,
2026-01-03 04:39:38,17,15,15,0,"fit: 3, efit: 4","fit: 3, efit: 1",,,,0,0,0,0,2,,
2026-01-03 08:32:24,17,15,15,0,"fit: 3, efit: 2","fit: 3, efit: 1",,,,0,0,0,0,2,,
2026-01-03 08:35:26,17,15,15,0,"fit: 3, efit: 3","fit: 3, efit: 3",,,,0,0,0,0,2,,
2026-01-03 08:36:08,17,15,15,0,"fit: 3, efit: 4","fit: 3, efit: 4",,,,0,0,0,0,2,,
2026-01-03 09:36:18,17,15,15,0,"fit: 3, efit: 5","fit: 3, efit: 4",,,,0,0,0,0,2,,
2026-01-03 09:37:34,17,15,15,0,"fit: 3, efit: 4","fit: 3, efit: 3",,,,0,0,0,0,2,,
2026-01-03 15:06:45,17,15,15,0,"fit: 3, efit: 3","fit: 3, efit: 2",,,,0,0,0,0,2,,
2026-01-03 15:46:54,17,15,15,0,"fit: 3, efit: 2","fit: 3, efit: 1",,,,0,0,0,0,2,,
2026-01-03 16:01:57,17,15,15,0,"fit: 3, efit: 1",fit: 3,,,,0,0,0,0,2,,
2026-01-03 20:39:15,17,15,15,0,"fit: 3, efit: 2","fit: 3, efit: 1",,,,0,0,0,0,2,,
2026-01-04 00:03:35,17,15,15,0,"fit: 3, efit: 2","fit: 3, efit: 1",,,,0,0,0,0,2,,
2026-01-04 08:36:05,17,15,15,0,"fit: 3, efit: 1",fit: 3,,,,0,0,0,0,2,,
2026-01-04 14:30:59,17,15,15,0,"fit: 3, efit: 2","fit: 3, efit: 1",,,,0,0,0,0,2,,
2026-01-04 15:06:05,17,15,15,0,"fit: 3, efit: 2","fit: 3, efit: 2",,,,0,0,0,0,2,,
2026-01-04 17:06:25,17,15,15,0,"fit: 3, efit: 1","fit: 3, efit: 1",,,,0,0,0,0,2,,
2026-01-04 18:26:39,17,15,15,0,"fit: 2, efit: 1","fit: 2, efit: 1",,,,0,0,0,0,2,,
2026-01-05 00:02:34,17,15,15,0,"fit: 2, efit: 1","fit: 2, efit: 1",,,,0,0,0,0,2,,
2026-01-05 02:48:01,17,15,15,0,"fit: 1, efit: 1","fit: 1, efit: 1",,,,0,0,0,0,2,,
2026-01-05 08:43:59,17,15,15,0,fit: 1,fit: 1,,,,0,0,0,0,2,,
2026-01-05 10:24:16,17,15,15,0,,,,,,0,0,0,0,2,,
2026-01-05 11:39:29,17,15,15,0,"fit: 2, efit: 2","fit: 2, efit: 2",,,,0,0,0,0,2,,
2026-01-05 16:35:19,17,15,15,0,"fit: 2, efit: 3","fit: 2, efit: 3",,,,0,0,0,0,2,,
2026-01-05 17:30:29,17,15,15,0,"fit: 2, efit: 4","fit: 2, efit: 4",,,,0,0,0,0,2,,
2026-01-05 17:55:33,17,15,15,0,"fit: 2, efit: 3","fit: 2, efit: 3",,,,0,0,0,0,2,,
2026-01-05 18:31:18,17,15,15,0,"fit: 2, efit: 2","fit: 2, efit: 2",,,,0,0,0,0,2,,
2026-01-05 18:32:07,17,15,15,0,"fit: 2, efit: 3","fit: 2, efit: 3",,,,0,0,0,0,2,,
2026-01-05 18:35:39,17,15,15,0,"fit: 2, efit: 2","fit: 2, efit: 2",,,,0,0,0,0,2,,
2026-01-05 18:50:42,17,15,15,0,"fit: 2, efit: 3","fit: 2, efit: 3",,,,0,0,0,0,2,,
2026-01-05 20:51:02,17,15,15,0,"fit: 2, efit: 2","fit: 2, efit: 2",,,,0,0,0,0,2,,
2026-01-05 21:06:04,17,15,15,0,"fit: 2, efit: 1","fit: 2, efit: 1",,,,0,0,0,0,2,,
2026-01-05 22:51:21,17,15,15,0,fit: 2,fit: 2,,,,0,0,0,0,2,,
2026-01-05 22:56:59,17,15,15,0,"fit: 2, efit: 1","fit: 2, efit: 1",,,,0,0,0,0,2,,
2026-01-06 00:01:33,17,15,15,0,"fit: 2, efit: 1","fit: 2, efit: 1",,,,0,0,0,0,2,,
2026-01-06 00:46:40,17,15,15,0,fit: 2,fit: 2,,,,0,0,0,0,2,,
2026-01-06 01:06:43,17,15,15,0,"fit: 2, efit: 1","fit: 2, efit: 1",,,,0,0,0,0,2,,
2026-01-06 02:16:55,17,15,15,0,"fit: 2, efit: 2","fit: 2, efit: 2",,,,0,0,0,0,2,,
2026-01-06 07:24:45,17,15,15,0,"fit: 2, efit: 1","fit: 2, efit: 1",,,,0,0,0,0,2,,
2026-01-06 10:10:19,17,15,15,0,fit: 2,fit: 2,,,,0,0,0,0,2,,
2026-01-06 14:56:17,17,15,15,0,"fit: 2, efit: 1","fit: 2, efit: 1",,,,0,0,0,0,2,,
2026-01-06 15:34:07,17,15,15,0,"fit: 2, efit: 3","fit: 2, efit: 3",,,,0,0,0,0,2,,
2026-01-06 16:41:39,17,15,15,0,"fit: 2, efit: 3","fit: 2, efit: 2",,,,0,0,0,0,2,,
2026-01-06 17:26:48,17,15,15,0,"fit: 2, efit: 2","fit: 2, efit: 1",,,,0,0,0,0,2,,
2026-01-06 17:41:51,17,15,15,0,"fit: 1, efit: 2","fit: 1, efit: 1",,,,0,0,0,0,2,,
2026-01-06 17:56:54,17,15,15,0,"fit: 1, efit: 1",fit: 1,,,,0,0,0,0,2,,
2026-01-06 18:16:58,17,15,15,0,"fit: 1, efit: 2","fit: 1, efit: 1",,,,0,0,0,0,2,,
2026-01-06 19:04:42,17,15,15,0,"fit: 1, efit: 1",fit: 1,,,,0,0,0,0,2,,
2026-01-06 20:02:19,17,15,15,0,efit: 1,,,,,0,0,0,0,2,,
2026-01-06 20:39:58,17,15,15,0,efit: 2,efit: 1,,,,0,0,0,0,2,,
2026-01-06 21:35:07,17,15,15,0,efit: 3,efit: 2,,,,0,0,0,0,2,,
2026-01-06 21:37:38,17,15,15,0,efit: 2,efit: 1,,,,0,0,0,0,2,,
2026-01-06 21:45:09,17,15,15,0,efit: 1,,,,,0,0,0,0,2,,
2026-01-06 22:17:46,17,15,15,0,efit: 2,efit: 1,,,,0,0,0,0,2,,
2026-01-07 00:00:32,17,15,15,0,efit: 2,efit: 1,,,,0,0,0,0,2,,
2026-01-07 02:58:43,17,15,15,0,efit: 1,,,,,0,0,0,0,2,,
2026-01-07 08:44:52,17,15,15,0,"fit: 1, efit: 2","fit: 1, efit: 1",,,,0,0,0,0,2,,
2026-01-07 08:46:58,17,15,15,0,"fit: 1, efit: 4","fit: 1, efit: 3",,,,0,0,0,0,2,,
2026-01-07 08:47:14,17,15,15,0,"fit: 1, efit: 3","fit: 1, efit: 3",,,,0,0,0,0,2,,
2026-01-07 08:49:53,17,15,15,0,"fit: 1, efit: 4","fit: 1, efit: 4",,,,0,0,0,0,2,,
2026-01-07 09:27:04,17,15,15,0,"fit: 1, efit: 3","fit: 1, efit: 3",,,,0,0,0,0,2,,
2026-01-07 12:55:43,17,15,15,0,"fit: 1, efit: 2","fit: 1, efit: 2",,,,0,0,0,0,2,,
2026-01-07 13:00:44,17,15,15,0,"fit: 1, efit: 1","fit: 1, efit: 1",,,,0,0,0,0,2,,
2026-01-07 13:25:49,17,15,15,0,"fit: 1, efit: 2","fit: 1, efit: 2",,,,0,0,0,0,2,,
2026-01-07 14:21:00,17,15,15,0,"fit: 1, efit: 3","fit: 1, efit: 3",,,,0,0,0,0,2,,
2026-01-07 14:31:02,17,15,15,0,"fit: 1, efit: 4","fit: 1, efit: 4",,,,0,0,0,0,2,,
2026-01-07 14:41:05,17,15,15,0,"fit: 1, efit: 3","fit: 1, efit: 3",,,,0,0,0,0,2,,
2026-01-07 15:18:03,17,15,15,0,"fit: 1, efit: 5","fit: 1, efit: 5",,,,0,0,0,0,2,,
2026-01-07 15:18:15,17,15,15,0,"fit: 1, efit: 6","fit: 1, efit: 6",,,,0,0,0,0,2,,
2026-01-07 16:06:23,17,15,15,0,"fit: 1, efit: 5","fit: 1, efit: 5",,,,0,0,0,0,2,,
2026-01-07 17:48:28,17,15,15,0,"fit: 1, efit: 4","fit: 1, efit: 4",,,,0,0,0,0,2,,
2026-01-07 18:13:32,17,15,15,0,"fit: 1, efit: 6","fit: 1, efit: 6",,,,0,0,0,0,2,,
2026-01-07 19:47:08,17,15,15,0,"fit: 1, efit: 7","fit: 1, efit: 7",,,,0,0,0,0,2,,
2026-01-07 21:12:25,17,15,15,0,"fit: 1, efit: 6","fit: 1, efit: 6",,,,0,0,0,0,2,,
2026-01-07 23:59:28,17,15,15,0,"fit: 1, efit: 7","fit: 1, efit: 7",,,,0,0,0,0,2,,
2026-01-08 00:02:59,17,15,15,0,"fit: 1, efit: 7","fit: 1, efit: 7",,,,0,0,0,0,2,,
2026-01-08 02:23:27,17,15,15,0,"fit: 1, efit: 6","fit: 1, efit: 6",,,,0,0,0,0,2,,
2026-01-08 03:43:44,17,15,15,0,"fit: 1, efit: 7","fit: 1, efit: 7",,,,0,0,0,0,2,,
2026-01-08 08:14:39,17,15,15,0,"fit: 1, efit: 6","fit: 1, efit: 6",,,,0,0,0,0,2,,
2026-01-08 08:35:53,17,15,15,0,"fit: 1, efit: 5","fit: 1, efit: 5",,,,0,0,0,0,2,,
2026-01-08 09:04:49,17,15,15,0,"fit: 1, efit: 4","fit: 1, efit: 4",,,,0,0,0,0,2,,
2026-01-08 09:44:57,17,15,15,0,"fit: 1, efit: 3","fit: 1, efit: 3",,,,0,0,0,0,2,,
2026-01-08 10:45:10,17,15,15,0,"fit: 1, efit: 2","fit: 1, efit: 2",,,,0,0,0,0,2,,
2026-01-08 10:50:11,17,15,15,0,"fit: 1, efit: 1","fit: 1, efit: 1",,,,0,0,0,0,2,,
2026-01-08 12:40:34,17,15,15,0,"fit: 1, efit: 2","fit: 1, efit: 2",,,,0,0,0,0,2,,
2026-01-08 13:45:47,17,15,15,0,"fit: 1, efit: 1","fit: 1, efit: 1",,,,0,0,0,0,2,,
2026-01-08 14:00:50,17,15,15,0,fit: 1,fit: 1,,,,0,0,0,0,2,,
2026-01-08 14:46:00,17,15,15,0,"fit: 1, efit: 1","fit: 1, efit: 1",,,,0,0,0,0,2,,
2026-01-08 15:06:04,17,15,15,0,"fit: 1, efit: 2","fit: 1, efit: 2",,,,0,0,0,0,2,,
2026-01-08 15:16:06,17,15,15,0,"fit: 1, efit: 3","fit: 1, efit: 3",,,,0,0,0,0,2,,
2026-01-08 16:51:26,17,15,15,0,"fit: 1, efit: 4","fit: 1, efit: 4",,,,0,0,0,0,2,,
2026-01-08 17:36:35,17,15,15,0,"fit: 1, efit: 3","fit: 1, efit: 3",,,,0,0,0,0,2,,
2026-01-08 18:21:44,17,15,15,0,"fit: 1, efit: 4","fit: 1, efit: 4",,,,0,0,0,0,2,,
2026-01-08 18:41:49,17,15,15,0,"fit: 1, efit: 5","fit: 1, efit: 5",,,,0,0,0,0,2,,
2026-01-08 19:06:54,17,15,15,0,"fit: 1, efit: 4","fit: 1, efit: 4",,,,0,0,0,0,2,,
2026-01-08 19:21:57,17,15,15,0,"fit: 1, efit: 5","fit: 1, efit: 5",,,,0,0,0,0,2,,
2026-01-08 20:52:15,17,15,15,0,"fit: 1, efit: 4","fit: 1, efit: 4",,,,0,0,0,0,2,,
2026-01-08 21:42:25,17,15,15,0,"fit: 1, efit: 5","fit: 1, efit: 5",,,,0,0,0,0,2,,
2026-01-09 00:02:54,17,15,15,0,"fit: 1, efit: 6","fit: 1, efit: 6",,,,0,0,0,0,2,,
2026-01-09 08:09:21,17,15,15,0,"fit: 1, efit: 5","fit: 1, efit: 5",,,,0,0,0,0,2,,
2026-01-09 08:14:21,17,15,15,0,"fit: 1, efit: 4","fit: 1, efit: 4",,,,0,0,0,0,2,,
2026-01-09 08:24:23,17,15,15,0,"fit: 1, efit: 3","fit: 1, efit: 3",,,,0,0,0,0,2,,
2026-01-09 09:24:32,17,15,15,0,"fit: 1, efit: 2","fit: 1, efit: 2",,,,0,0,0,0,2,,
2026-01-09 14:20:20,17,15,15,0,"fit: 1, efit: 1","fit: 1, efit: 1",,,,0,0,0,0,2,,
2026-01-09 14:45:23,17,15,15,0,"fit: 1, efit: 2","fit: 1, efit: 2",,,,0,0,0,0,2,,
2026-01-09 14:55:25,17,15,15,0,"fit: 1, efit: 3","fit: 1, efit: 3",,,,0,0,0,0,2,,
2026-01-09 16:30:40,17,15,15,0,"fit: 1, efit: 2","fit: 1, efit: 2",,,,0,0,0,0,2,,
2026-01-09 17:25:49,17,15,15,0,efit: 2,efit: 2,,,,0,0,0,0,2,,
2026-01-09 17:30:49,17,15,15,0,efit: 3,efit: 3,,,,0,0,0,0,2,,
2026-01-09 17:40:51,17,15,15,0,efit: 2,efit: 2,,,,0,0,0,0,2,,
2026-01-09 17:55:53,17,15,15,0,efit: 3,efit: 3,,,,0,0,0,0,2,,
2026-01-09 17:56:15,17,15,15,0,efit: 2,efit: 2,,,,0,0,0,0,2,,
2026-01-09 18:15:56,17,15,15,0,efit: 3,efit: 3,,,,0,0,0,0,2,,
2026-01-09 19:26:07,17,15,15,0,efit: 4,efit: 4,,,,0,0,0,0,2,,
2026-01-09 21:26:26,17,15,15,0,efit: 5,efit: 5,,,,0,0,0,0,2,,
2026-01-10 00:01:50,17,15,15,0,efit: 5,efit: 5,,,,0,0,0,0,2,,
2026-01-10 04:37:32,17,15,15,0,efit: 4,efit: 4,,,,0,0,0,0,2,,
2026-01-10 06:27:49,17,15,15,0,efit: 3,efit: 3,,,,0,0,0,0,2,,
2026-01-10 07:27:58,17,15,15,0,efit: 2,efit: 2,,,,0,0,0,0,2,,
2026-01-10 10:23:25,17,15,15,0,efit: 1,efit: 1,,,,0,0,0,0,2,,
2026-01-10 10:53:30,17,15,15,0,"fit: 2, efit: 4","fit: 2, efit: 4",,,,0,0,0,0,2,,
2026-01-10 10:54:02,17,15,15,0,"fit: 2, efit: 5","fit: 2, efit: 5",,,,0,0,0,0,2,,
2026-01-10 12:20:09,17,15,15,0,"fit: 2, efit: 6","fit: 2, efit: 6",,,,0,0,0,0,2,,
2026-01-10 12:33:45,17,15,15,0,"fit: 2, efit: 5","fit: 2, efit: 5",,,,0,0,0,0,2,,
2026-01-10 12:38:46,17,15,15,0,"fit: 2, efit: 6","fit: 2, efit: 6",,,,0,0,0,0,2,,
2026-01-10 12:53:48,17,15,15,0,"fit: 2, efit: 7","fit: 2, efit: 7",,,,0,0,0,0,2,,
2026-01-10 12:58:49,17,15,15,0,"fit: 2, efit: 6","fit: 2, efit: 6",,,,0,0,0,0,2,,
2026-01-10 13:18:52,17,15,15,0,"fit: 2, efit: 5","fit: 2, efit: 5",,,,0,0,0,0,2,,
2026-01-10 13:30:23,17,15,15,0,"fit: 2, efit: 4","fit: 2, efit: 4",,,,0,0,0,0,2,,
2026-01-10 13:43:56,17,15,15,0,"fit: 2, efit: 3","fit: 2, efit: 3",,,,0,0,0,0,2,,
2026-01-10 14:20:33,17,15,15,0,"fit: 1, efit: 3","fit: 1, efit: 3",,,,0,0,0,0,2,,
2026-01-10 18:30:17,17,15,15,0,"fit: 1, efit: 4","fit: 1, efit: 4",,,,0,0,0,0,2,,
2026-01-10 20:01:42,17,15,15,0,"fit: 1, efit: 3","fit: 1, efit: 3",,,,0,0,0,0,2,,
2026-01-11 00:00:31,17,15,15,0,"fit: 1, efit: 3","fit: 1, efit: 3",,,,0,0,0,0,2,,
2026-01-11 09:57:02,17,15,15,0,"fit: 3, efit: 3","fit: 3, efit: 3",,,,0,0,0,0,2,,
2026-01-11 10:14:32,17,15,15,0,"fit: 3, efit: 4","fit: 3, efit: 4",,,,0,0,0,0,2,,
2026-01-11 11:07:13,17,15,15,0,"fit: 3, efit: 5","fit: 3, efit: 5",,,,0,0,0,0,2,,
2026-01-11 12:12:23,17,15,15,0,"fit: 3, efit: 4","fit: 3, efit: 4",,,,0,0,0,0,2,,
2026-01-11 15:40:38,17,15,15,0,"fit: 3, efit: 3","fit: 3, efit: 3",,,,0,0,0,0,2,,
2026-01-11 21:06:44,17,15,15,0,"fit: 3, efit: 4","fit: 3, efit: 4",,,,0,0,0,0,2,,
2026-01-12 00:00:07,17,15,15,0,"fit: 3, efit: 4","fit: 3, efit: 4",,,,0,0,0,0,2,,
2026-01-12 03:38:04,17,15,15,0,"fit: 3, efit: 3","fit: 3, efit: 3",,,,0,0,0,0,2,,
2026-01-12 07:18:48,17,15,15,0,"fit: 3, efit: 2","fit: 3, efit: 2",,,,0,0,0,0,2,,
2026-01-12 09:50:44,17,15,15,0,"fit: 3, efit: 3","fit: 3, efit: 3",,,,0,0,0,0,2,,
2026-01-12 10:50:53,17,15,15,0,"fit: 3, efit: 2","fit: 3, efit: 2",,,,0,0,0,0,2,,
2026-01-12 12:32:11,17,15,15,0,"fit: 3, efit: 3","fit: 3, efit: 3",,,,0,0,0,0,2,,
2026-01-12 12:54:57,17,15,15,0,"fit: 3, efit: 2","fit: 3, efit: 2",,,,0,0,0,0,2,,
2026-01-12 14:31:28,17,15,15,0,"fit: 3, efit: 1","fit: 3, efit: 1",,,,0,0,0,0,2,,
2026-01-12 16:17:49,17,15,15,0,fit: 3,fit: 3,,,,0,0,0,0,2,,
2026-01-12 16:27:51,17,15,15,0,"fit: 3, efit: 1","fit: 3, efit: 1",,,,0,0,0,0,2,,
2026-01-12 16:50:46,17,15,15,0,fit: 3,fit: 3,,,,0,0,0,0,2,,
2026-01-12 17:30:55,17,15,15,0,"fit: 3, efit: 1","fit: 3, efit: 1",,,,0,0,0,0,2,,
2026-01-12 18:07:02,17,15,15,0,"fit: 3, efit: 2","fit: 3, efit: 2",,,,0,0,0,0,2,,
2026-01-12 18:12:03,17,15,15,0,"fit: 3, efit: 1","fit: 3, efit: 1",,,,0,0,0,0,2,,
2026-01-12 18:16:05,17,15,15,0,"fit: 3, efit: 2","fit: 3, efit: 2",,,,0,0,0,0,2,,
2026-01-12 18:21:06,17,15,15,0,"fit: 3, efit: 1","fit: 3, efit: 1",,,,0,0,0,0,2,,
2026-01-12 18:41:10,17,15,15,0,"fit: 4, efit: 1","fit: 4, efit: 1",,,,0,0,0,0,2,,
2026-01-12 20:46:36,17,15,15,0,"fit: 3, efit: 1","fit: 3, efit: 1",,,,0,0,0,0,2,,
2026-01-12 20:56:38,17,15,15,0,"fit: 3, efit: 5","fit: 3, efit: 5",,,,0,0,0,0,2,,
2026-01-12 21:21:44,17,15,15,0,"fit: 3, efit: 4","fit: 3, efit: 4",,,,0,0,0,0,2,,
2026-01-13 00:02:18,17,15,15,0,"fit: 3, efit: 4","fit: 3, efit: 4",,,,0,0,0,0,2,,
2026-01-13 05:13:22,17,15,15,0,"fit: 3, efit: 4","fit: 3, efit: 3",,,,0,0,0,0,2,,
2026-01-13 05:18:23,17,15,15,0,"fit: 3, efit: 4","fit: 3, efit: 4",,,,0,0,0,0,2,,
2026-01-13 07:43:54,17,15,15,0,"fit: 3, efit: 5","fit: 3, efit: 5",,,,0,0,0,0,2,,
2026-01-13 07:48:55,17,15,15,0,"fit: 3, efit: 4","fit: 3, efit: 4",,,,0,0,0,0,2,,
2026-01-13 11:39:44,17,15,15,0,"fit: 3, efit: 3","fit: 3, efit: 3",,,,0,0,0,0,2,,
2026-01-13 14:16:31,17,15,15,0,"fit: 3, efit: 4","fit: 3, efit: 4",,,,0,0,0,0,2,,
2026-01-13 14:25:10,17,15,15,0,"fit: 3, efit: 3","fit: 3, efit: 3",,,,0,0,0,0,2,,
2026-01-13 14:30:11,17,15,15,0,"fit: 3, efit: 2","fit: 3, efit: 2",,,,0,0,0,0,2,,
2026-01-13 15:00:16,17,15,15,0,"fit: 3, efit: 3","fit: 3, efit: 3",,,,0,0,0,0,2,,
2026-01-13 18:12:11,17,15,15,0,"fit: 3, efit: 2","fit: 3, efit: 2",,,,0,0,0,0,2,,
2026-01-13 18:20:48,17,15,15,0,"fit: 3, efit: 3","fit: 3, efit: 3",,,,0,0,0,0,2,,
2026-01-13 19:25:58,17,15,15,0,"fit: 3, efit: 2","fit: 3, efit: 2",,,,0,0,0,0,2,,
2026-01-13 19:46:02,17,15,15,0,"fit: 3, efit: 3","fit: 3, efit: 2",,,,0,0,0,0,2,,
2026-01-13 20:01:04,17,15,15,0,"fit: 3, efit: 4","fit: 3, efit: 3",,,,0,0,0,0,2,,
2026-01-13 20:41:11,17,15,15,0,"fit: 3, efit: 5","fit: 3, efit: 4",,,,0,0,0,0,2,,
2026-01-13 21:31:19,17,15,15,0,"fit: 3, efit: 4","fit: 3, efit: 3",,,,0,0,0,0,2,,
2026-01-13 21:46:22,17,15,15,0,"fit: 3, efit: 5","fit: 3, efit: 4",,,,0,0,0,0,2,,
2026-01-13 23:15:01,17,15,15,0,"fit: 3, efit: 4","fit: 3, efit: 3",,,,0,0,0,0,2,,
2026-01-14 00:00:09,17,15,15,0,"fit: 3, efit: 4","fit: 3, efit: 3",,,,0,0,0,0,2,,
2026-01-14 00:19:32,17,15,15,0,"fit: 3, efit: 5","fit: 3, efit: 4",,,,0,0,0,0,2,,
2026-01-14 03:25:02,17,15,15,0,"fit: 3, efit: 4","fit: 3, efit: 3",,,,0,0,0,0,2,,
2026-01-14 07:45:42,17,15,15,0,"fit: 3, efit: 3","fit: 3, efit: 2",,,,0,0,0,0,2,,
2026-01-14 08:30:49,17,15,15,0,"fit: 3, efit: 2","fit: 3, efit: 2",,,,0,0,0,0,2,,
2026-01-14 08:35:50,17,15,15,0,"fit: 3, efit: 3","fit: 3, efit: 3",,,,0,0,0,0,2,,
2026-01-14 09:41:00,17,15,15,0,"fit: 3, efit: 2","fit: 3, efit: 2",,,,0,0,0,0,2,,
2026-01-14 10:01:03,17,15,15,0,"fit: 3, efit: 1","fit: 3, efit: 1",,,,0,0,0,0,2,,
2026-01-14 13:58:03,17,15,15,0,"fit: 3, efit: 2","fit: 3, efit: 2",,,,0,0,0,0,2,,
2026-01-14 15:31:54,17,15,15,0,"fit: 3, efit: 1","fit: 3, efit: 1",,,,0,0,0,0,2,,
2026-01-14 16:01:59,17,15,15,0,"fit: 3, efit: 2","fit: 3, efit: 2",,,,0,0,0,0,2,,
2026-01-14 16:52:07,17,15,15,0,"fit: 3, efit: 1","fit: 3, efit: 1",,,,0,0,0,0,2,,
2026-01-14 17:07:10,17,15,15,0,"fit: 3, efit: 2","fit: 3, efit: 2",,,,0,0,0,0,2,,
2026-01-14 18:12:21,17,15,15,0,"fit: 3, efit: 3","fit: 3, efit: 3",,,,0,0,0,0,2,,
2026-01-14 18:42:25,17,15,15,0,"fit: 3, efit: 4","fit: 3, efit: 4",,,,0,0,0,0,2,,
2026-01-14 19:32:34,17,15,15,0,"fit: 3, efit: 3","fit: 3, efit: 3",,,,0,0,0,0,2,,
2026-01-14 19:58:32,17,15,15,0,"fit: 3, efit: 4","fit: 3, efit: 4",,,,0,0,0,0,2,,
2026-01-14 20:57:47,17,15,15,0,"fit: 3, efit: 5","fit: 3, efit: 5",,,,0,0,0,0,2,,
2026-01-14 21:14:51,17,15,15,0,"fit: 3, efit: 4","fit: 3, efit: 4",,,,0,0,0,0,2,,
2026-01-15 00:00:32,17,15,15,0,"fit: 3, efit: 4","fit: 3, efit: 4",,,,0,0,0,0,2,,
2026-01-15 00:15:36,17,15,15,0,"fit: 3, efit: 5","fit: 3, efit: 5",,,,0,0,0,0,2,,
2026-01-15 09:12:47,17,15,15,0,"fit: 3, efit: 4","fit: 3, efit: 4",,,,0,0,0,0,2,,
2026-01-15 09:44:49,17,15,15,0,"fit: 3, efit: 5","fit: 3, efit: 5",,,,0,0,0,0,2,,
2026-01-15 09:47:56,17,15,15,0,"fit: 4, efit: 5","fit: 4, efit: 5",,,,0,0,0,0,2,,
2026-01-15 11:41:15,17,15,15,0,"fit: 4, efit: 4","fit: 4, efit: 4",,,,0,0,0,0,2,,
2026-01-15 17:31:06,17,15,15,0,"fit: 4, efit: 4","fit: 4, efit: 3",,,,0,0,0,0,2,,
2026-01-15 17:46:09,17,15,15,0,"fit: 4, efit: 3","fit: 4, efit: 2",,,,0,0,0,0,2,,
2026-01-15 18:35:04,17,15,15,0,"fit: 4, efit: 4","fit: 4, efit: 3",,,,0,0,0,0,2,,
2026-01-16 00:01:24,17,15,15,0,"fit: 4, efit: 4","fit: 4, efit: 3",,,,0,0,0,0,2,,
2026-01-16 04:34:08,17,15,15,0,"fit: 4, efit: 5","fit: 4, efit: 4",,,,0,0,0,0,2,,
2026-01-16 05:02:37,17,15,15,0,"fit: 4, efit: 4","fit: 4, efit: 3",,,,0,0,0,0,2,,
2026-01-16 07:53:17,17,15,15,0,"fit: 4, efit: 3","fit: 4, efit: 2",,,,0,0,0,0,2,,
2026-01-16 08:34:49,17,15,15,0,"fit: 4, efit: 2","fit: 4, efit: 1",,,,0,0,0,0,2,,
2026-01-16 09:08:33,17,15,15,0,"fit: 4, efit: 3","fit: 4, efit: 2",,,,0,0,0,0,2,,
2026-01-16 09:18:34,17,15,15,0,"fit: 4, efit: 2","fit: 4, efit: 1",,,,0,0,0,0,2,,
2026-01-16 12:24:03,17,15,15,0,"fit: 4, efit: 3","fit: 4, efit: 2",,,,0,0,0,0,2,,
2026-01-16 12:29:04,17,15,15,0,"fit: 4, efit: 4","fit: 4, efit: 2",,,,0,0,0,0,2,,
2026-01-16 13:14:12,17,15,15,0,"fit: 4, efit: 5","fit: 4, efit: 3",,,,0,0,0,0,2,,
2026-01-16 13:19:12,17,15,15,0,"fit: 4, efit: 4","fit: 4, efit: 2",,,,0,0,0,0,2,,
2026-01-16 13:34:15,17,15,15,0,"fit: 4, efit: 3","fit: 4, efit: 1",,,,0,0,0,0,2,,
2026-01-16 14:14:21,17,15,15,0,"fit: 4, efit: 3","fit: 4, efit: 3",,,,0,0,0,0,2,,
2026-01-16 15:56:06,17,15,15,0,"fit: 4, efit: 4","fit: 4, efit: 4",,,,0,0,0,0,2,,
2026-01-16 16:24:43,17,15,15,0,"fit: 4, efit: 3","fit: 4, efit: 3",,,,0,0,0,0,2,,
2026-01-16 17:01:17,17,15,15,0,"fit: 4, efit: 2","fit: 4, efit: 2",,,,0,0,0,0,2,,
2026-01-16 17:19:52,17,15,15,0,"fit: 4, efit: 3","fit: 4, efit: 3",,,,0,0,0,0,2,,
2026-01-16 17:20:35,17,15,15,0,"fit: 4, efit: 1","fit: 4, efit: 1",,,,0,0,0,0,2,,
2026-01-16 18:11:30,17,15,15,0,fit: 4,fit: 4,,,,0,0,0,0,2,,
2026-01-16 18:50:57,17,15,15,0,"fit: 4, efit: 1","fit: 4, efit: 1",,,,0,0,0,0,2,,
2026-01-16 21:05:29,17,15,15,0,fit: 4,fit: 4,,,,0,0,0,0,2,,
2026-01-16 21:50:36,17,15,15,0,"fit: 4, efit: 1","fit: 4, efit: 1",,,,0,0,0,0,2,,
2026-01-16 22:15:40,17,15,15,0,"fit: 4, efit: 2","fit: 4, efit: 2",,,,0,0,0,0,2,,
2026-01-17 00:00:57,17,15,15,0,"fit: 4, efit: 2","fit: 4, efit: 2",,,,0,0,0,0,2,,
2026-01-17 03:48:06,17,15,15,0,"fit: 4, efit: 3","fit: 4, efit: 2",,,,0,0,0,0,2,,
2026-01-17 09:22:26,17,15,15,0,"fit: 4, efit: 4","fit: 4, efit: 3",,,,0,0,0,0,2,,
2026-01-17 09:54:06,17,15,15,0,"fit: 4, efit: 3","fit: 4, efit: 2",,,,0,0,0,0,2,,
2026-01-17 11:59:28,17,15,15,0,"fit: 4, efit: 2","fit: 4, efit: 1",,,,0,0,0,0,2,,
2026-01-17 13:53:09,17,15,15,0,"fit: 4, efit: 3","fit: 4, efit: 2",,,,0,0,0,0,2,,
2026-01-17 14:18:13,17,15,15,0,"fit: 4, efit: 2","fit: 4, efit: 1",,,,0,0,0,0,2,,
2026-01-17 14:43:17,17,15,15,0,"fit: 4, efit: 1",fit: 4,,,,0,0,0,0,2,,
2026-01-17 14:49:57,17,15,15,0,"fit: 3, efit: 1",fit: 3,,,,0,0,0,0,2,,
2026-01-17 14:59:58,17,15,15,0,"fit: 3, efit: 1","fit: 3, efit: 1",,,,0,0,0,0,2,,
2026-01-17 19:19:00,17,15,15,0,"fit: 3, efit: 2","fit: 3, efit: 2",,,,0,0,0,0,2,,
2026-01-17 20:34:12,17,15,15,0,"fit: 3, efit: 1","fit: 3, efit: 1",,,,0,0,0,0,2,,
2026-01-17 20:59:16,17,15,15,0,"fit: 3, efit: 2","fit: 3, efit: 2",,,,0,0,0,0,2,,
2026-01-18 00:01:32,17,15,15,0,"fit: 3, efit: 2","fit: 3, efit: 2",,,,0,0,0,0,2,,
2026-01-18 00:36:38,17,15,15,0,"fit: 3, efit: 3","fit: 3, efit: 3",,,,0,0,0,0,2,,
2026-01-18 04:49:01,17,15,15,0,"fit: 3, efit: 2","fit: 3, efit: 2",,,,0,0,0,0,2,,
2026-01-18 07:09:34,17,15,15,0,"fit: 3, efit: 1","fit: 3, efit: 1",,,,0,0,0,0,2,,
2026-01-18 08:36:05,17,15,15,0,fit: 3,fit: 3,,,,0,0,0,0,2,,
2026-01-18 08:49:58,17,15,15,0,"fit: 3, efit: 1","fit: 3, efit: 1",,,,0,0,0,0,2,,
2026-01-18 09:45:12,17,15,15,0,fit: 3,fit: 3,,,,0,0,0,0,2,,
2026-01-18 18:42:24,17,15,15,0,"fit: 3, efit: 1","fit: 3, efit: 1",,,,0,0,0,0,2,,
2026-01-18 20:47:54,17,15,15,0,fit: 3,fit: 3,,,,0,0,0,0,2,,
2026-01-18 22:28:14,17,15,15,0,"fit: 3, efit: 1","fit: 3, efit: 1",,,,0,0,0,0,2,,
2026-01-19 00:00:37,17,15,15,0,"fit: 3, efit: 1","fit: 3, efit: 1",,,,0,0,0,0,2,,
2026-01-19 01:58:47,17,15,15,0,fit: 3,fit: 3,,,,0,0,0,0,2,,
2026-01-19 16:49:18,17,15,15,0,"fit: 3, efit: 1","fit: 3, efit: 1",,,,0,0,0,0,2,,
2026-01-19 17:31:26,17,15,15,0,"fit: 3, efit: 2","fit: 3, efit: 2",,,,0,0,0,0,2,,
2026-01-19 17:48:00,17,15,15,0,"fit: 3, efit: 1","fit: 3, efit: 1",,,,0,0,0,0,2,,
2026-01-19 18:48:15,17,15,15,0,"fit: 3, efit: 2","fit: 3, efit: 2",,,,0,0,0,0,2,,
2026-01-20 00:00:32,17,15,15,0,"fit: 3, efit: 2","fit: 3, efit: 2",,,,0,0,0,0,2,,
2026-01-20 00:32:33,17,15,15,0,"fit: 3, efit: 1","fit: 3, efit: 1",,,,0,0,0,0,2,,
2026-01-20 12:47:37,17,15,15,0,"fit: 3, efit: 2","fit: 3, efit: 2",,,,0,0,0,0,2,,
2026-01-20 12:47:43,17,15,15,0,"fit: 3, efit: 1","fit: 3, efit: 1",,,,0,0,0,0,2,,
2026-01-20 13:12:43,17,15,15,0,fit: 3,fit: 3,,,,0,0,0,0,2,,
2026-01-20 16:58:23,17,15,15,0,"fit: 3, efit: 1","fit: 3, efit: 1",,,,0,0,0,0,2,,
2026-01-20 18:18:36,17,15,15,0,fit: 3,fit: 3,,,,0,0,0,0,2,,
2026-01-20 18:38:40,17,15,15,0,"fit: 3, efit: 1","fit: 3, efit: 1",,,,0,0,0,0,2,,
2026-01-20 18:50:30,17,15,15,0,"fit: 3, efit: 2","fit: 3, efit: 2",,,,0,0,0,0,2,,
2026-01-20 19:08:45,17,15,15,0,"fit: 3, efit: 1","fit: 3, efit: 1",,,,0,0,0,0,2,,
2026-01-20 19:43:51,17,15,15,0,fit: 3,fit: 3,,,,0,0,0,0,2,,
2026-01-21 00:00:17,17,15,15,0,fit: 3,fit: 3,,,,0,0,0,0,2,,
2026-01-21 06:51:57,17,15,15,0,"fit: 3, efit: 1","fit: 3, efit: 1",,,,0,0,0,0,2,,
2026-01-21 08:26:47,17,15,15,0,fit: 3,fit: 3,,,,0,0,0,0,2,,
2026-01-21 09:01:53,17,15,15,0,"fit: 3, efit: 1","fit: 3, efit: 1",,,,0,0,0,0,2,,
2026-01-21 09:02:30,17,15,15,0,"fit: 3, efit: 1",fit: 3,efit: 1,,,0,0,0,0,2,,
2026-01-21 09:02:46,17,15,15,0,"fit: 2, efit: 1",fit: 2,efit: 1,,,0,0,0,0,2,,
2026-01-21 09:06:54,17,15,15,0,"fit: 3, efit: 1",fit: 3,efit: 1,,,0,0,0,0,2,,
2026-01-21 12:47:33,17,15,15,0,"fit: 3, efit: 2","fit: 3, efit: 1",efit: 1,,,0,0,0,0,2,,
2026-01-21 14:52:54,17,15,15,0,"fit: 3, efit: 1",fit: 3,efit: 1,,,0,0,0,0,2,,
2026-01-21 15:28:47,17,15,15,0,"fit: 3, efit: 2","fit: 3, efit: 1",efit: 1,,,0,0,0,0,2,,
2026-01-21 15:53:05,17,15,15,0,"fit: 3, efit: 3","fit: 3, efit: 2",efit: 1,,,0,0,0,0,2,,
2026-01-21 17:28:21,17,15,15,0,"fit: 3, efit: 4","fit: 3, efit: 3",efit: 1,,,0,0,0,0,2,,
2026-01-21 18:03:28,17,15,15,0,"fit: 3, efit: 3","fit: 3, efit: 2",efit: 1,,,0,0,0,0,2,,
2026-01-21 18:59:21,17,15,15,0,"fit: 3, efit: 4","fit: 3, efit: 3",efit: 1,,,0,0,0,0,2,,
2026-01-21 18:59:57,17,15,15,0,"fit: 3, efit: 3","fit: 3, efit: 2",efit: 1,,,0,0,0,0,2,,
2026-01-21 19:09:23,17,15,15,0,"fit: 3, efit: 2","fit: 3, efit: 1",efit: 1,,,0,0,0,0,2,,
2026-01-21 20:34:36,17,15,15,0,"fit: 3, efit: 3","fit: 3, efit: 2",efit: 1,,,0,0,0,0,2,,
2026-01-21 23:55:11,17,15,15,0,"fit: 3, efit: 4","fit: 3, efit: 3",efit: 1,,,0,0,0,0,2,,
2026-01-22 00:00:12,17,15,15,0,"fit: 3, efit: 4","fit: 3, efit: 3",efit: 1,,,0,0,0,0,2,,
2026-01-22 08:56:38,17,15,15,0,"fit: 3, efit: 3","fit: 3, efit: 2",efit: 1,,,0,0,0,0,2,,
2026-01-22 09:28:35,17,15,15,0,"fit: 3, efit: 2","fit: 3, efit: 1",efit: 1,,,0,0,0,0,2,,
2026-01-22 09:56:16,17,15,15,0,"fit: 3, efit: 3","fit: 3, efit: 2",efit: 1,,,0,0,0,0,2,,
2026-01-22 11:46:35,17,15,15,0,"fit: 3, efit: 2","fit: 3, efit: 1",efit: 1,,,0,0,0,0,2,,
2026-01-22 12:06:39,17,15,15,0,"fit: 3, efit: 3","fit: 3, efit: 2",efit: 1,,,0,0,0,0,2,,
2026-01-22 12:24:19,17,15,15,0,"fit: 3, efit: 2","fit: 3, efit: 1",efit: 1,,,0,0,0,0,2,,
2026-01-22 12:26:42,17,15,15,0,"fit: 3, efit: 1",fit: 3,efit: 1,,,0,0,0,0,2,,
2026-01-22 15:04:59,17,15,15,0,"fit: 3, efit: 3","fit: 3, efit: 3",,,,0,0,0,0,2,,
2026-01-22 15:07:10,17,15,15,0,"fit: 3, efit: 2","fit: 3, efit: 2",,,,0,0,0,0,2,,
2026-01-22 15:45:09,17,15,15,0,"fit: 3, efit: 3","fit: 3, efit: 3",,,,0,0,0,0,2,,
2026-01-22 16:30:20,17,15,15,0,"fit: 3, efit: 2","fit: 3, efit: 2",,,,0,0,0,0,2,,
2026-01-22 17:12:32,17,15,15,0,"fit: 3, efit: 3","fit: 3, efit: 3",,,,0,0,0,0,2,,
2026-01-22 17:25:35,17,15,15,0,"fit: 3, efit: 4","fit: 3, efit: 4",,,,0,0,0,0,2,,
2026-01-22 18:05:45,17,15,15,0,"fit: 3, efit: 5","fit: 3, efit: 5",,,,0,0,0,0,2,,
2026-01-22 18:15:47,17,15,15,0,"fit: 3, efit: 6","fit: 3, efit: 5",efit: 1,,,0,0,0,0,2,,
2026-01-22 18:55:58,17,15,15,0,"fit: 3, efit: 5","fit: 3, efit: 4",efit: 1,,,0,0,0,0,2,,
2026-01-22 19:16:03,17,15,15,0,"fit: 3, efit: 6","fit: 3, efit: 5",efit: 1,,,0,0,0,0,2,,
2026-01-22 20:01:15,17,15,15,0,"fit: 3, efit: 5","fit: 3, efit: 4",efit: 1,,,0,0,0,0,2,,
2026-01-22 23:37:09,17,15,15,0,"fit: 3, efit: 6","fit: 3, efit: 5",efit: 1,,,0,0,0,0,2,,
2026-01-23 00:02:16,17,15,15,0,"fit: 3, efit: 6","fit: 3, efit: 5",efit: 1,,,0,0,0,0,2,,
2026-01-23 07:49:15,17,15,15,0,"fit: 3, efit: 7","fit: 3, efit: 6",efit: 1,,,0,0,0,0,2,,
2026-01-23 08:55:15,17,15,15,0,"fit: 3, efit: 8","fit: 3, efit: 7",efit: 1,,,0,0,0,0,2,,
2026-01-23 09:19:38,17,15,15,0,"fit: 3, efit: 7","fit: 3, efit: 6",efit: 1,,,0,0,0,0,2,,
2026-01-23 10:24:55,17,15,15,0,"fit: 3, efit: 8","fit: 3, efit: 7",efit: 1,,,0,0,0,0,2,,
2026-01-23 10:39:59,17,15,15,0,"fit: 3, efit: 7","fit: 3, efit: 6",efit: 1,,,0,0,0,0,2,,
2026-01-23 10:45:00,17,15,15,0,"fit: 3, efit: 6","fit: 3, efit: 5",efit: 1,,,0,0,0,0,2,,
2026-01-23 10:50:02,17,15,15,0,"fit: 3, efit: 7","fit: 3, efit: 6",efit: 1,,,0,0,0,0,2,,
2026-01-23 11:55:46,17,15,15,0,"fit: 3, efit: 8","fit: 3, efit: 7",efit: 1,,,0,0,0,0,2,,
2026-01-23 12:45:55,17,15,15,0,"fit: 3, efit: 9","fit: 3, efit: 8",efit: 1,,,0,0,0,0,2,,
2026-01-23 13:06:00,17,15,15,0,"fit: 3, efit: 8","fit: 3, efit: 7",efit: 1,,,0,0,0,0,2,,
2026-01-23 13:10:37,17,15,15,0,"fit: 3, efit: 9","fit: 3, efit: 8",efit: 1,,,0,0,0,0,2,,
2026-01-23 13:30:43,17,15,15,0,"fit: 3, efit: 8","fit: 3, efit: 7",efit: 1,,,0,0,0,0,2,,
2026-01-23 16:56:26,17,15,15,0,"fit: 3, efit: 9","fit: 3, efit: 8",efit: 1,,,0,0,0,0,2,,
2026-01-23 17:01:27,17,15,15,0,"fit: 3, efit: 10","fit: 3, efit: 9",efit: 1,,,0,0,0,0,2,,
2026-01-23 18:16:39,17,15,15,0,"fit: 3, efit: 11","fit: 3, efit: 10",efit: 1,,,0,0,0,0,2,,
2026-01-23 20:11:56,17,15,15,0,"fit: 3, efit: 12","fit: 3, efit: 10",efit: 1,,,0,0,0,0,2,,
2026-01-23 21:27:08,17,15,15,0,"fit: 3, efit: 12","fit: 3, efit: 11",efit: 1,,,0,0,0,0,2,,
2026-01-23 21:47:11,17,15,15,0,"fit: 3, efit: 11","fit: 3, efit: 10",efit: 1,,,0,0,0,0,2,,
2026-01-24 00:02:32,17,15,15,0,"fit: 3, efit: 11","fit: 3, efit: 10",efit: 1,,,0,0,0,0,2,,
2026-01-24 08:40:24,17,15,15,0,"fit: 3, efit: 11","fit: 3, efit: 9",efit: 1,,,0,0,0,0,2,,
2026-01-24 08:59:12,17,15,15,0,"fit: 3, efit: 12","fit: 3, efit: 9",efit: 1,,,0,0,0,0,2,,
2026-01-24 10:04:04,17,15,15,0,"fit: 3, efit: 12","fit: 3, efit: 10",efit: 1,,,0,0,0,0,2,,
2026-01-24 10:29:07,17,15,15,0,"fit: 3, efit: 11","fit: 3, efit: 10",,,,0,0,0,0,2,,
2026-01-24 10:30:51,17,15,15,0,"fit: 3, efit: 9","fit: 3, efit: 9",,,,0,0,0,0,2,,
2026-01-24 10:34:08,17,15,15,0,"fit: 3, efit: 7","fit: 3, efit: 7",,,,0,0,0,0,2,,
2026-01-24 11:09:14,17,15,15,0,"fit: 3, efit: 8","fit: 3, efit: 8",,,,0,0,0,0,2,,
2026-01-24 13:49:38,17,15,15,0,"fit: 3, efit: 7","fit: 3, efit: 7",,,,0,0,0,0,2,,
2026-01-25 00:01:13,17,15,15,0,"fit: 3, efit: 7","fit: 3, efit: 7",,,,0,0,0,0,2,,
2026-01-25 12:12:15,17,15,15,0,"fit: 3, efit: 6","fit: 3, efit: 6",,,,0,0,0,0,2,,
2026-01-25 12:17:16,17,15,15,0,"fit: 3, efit: 7","fit: 3, efit: 7",,,,0,0,0,0,2,,
2026-01-26 00:00:10,17,15,15,0,"fit: 3, efit: 7","fit: 3, efit: 7",,,,0,0,0,0,2,,
2026-01-26 22:08:21,17,15,15,0,"fit: 3, efit: 7","fit: 3, efit: 6",,,,0,0,0,0,2,,
2026-01-27 00:01:04,17,15,15,0,"fit: 3, efit: 7","fit: 3, efit: 6",,,,0,0,0,0,2,,
2026-01-27 05:02:20,17,15,15,0,"fit: 3, efit: 7","fit: 3, efit: 5",,,,0,0,0,0,2,,
2026-01-27 11:21:53,17,15,15,0,"fit: 2, efit: 7","fit: 2, efit: 5",,,,0,0,0,0,2,,
2026-01-27 11:23:54,17,15,15,0,"fit: 1, efit: 7","fit: 1, efit: 5",,,,0,0,0,0,2,,
2026-01-27 11:30:30,17,15,15,0,"fit: 1, efit: 6","fit: 1, efit: 4",,,,0,0,0,0,2,,
2026-01-27 11:31:55,17,15,15,0,"fit: 1, efit: 7","fit: 1, efit: 5",,,,0,0,0,0,2,,
2026-01-27 11:33:57,17,15,15,0,"fit: 1, efit: 6","fit: 1, efit: 5",,,,0,0,0,0,2,,
2026-01-27 11:35:31,17,15,15,0,"fit: 1, efit: 7","fit: 1, efit: 5",,,,0,0,0,0,2,,
2026-01-27 11:36:55,17,15,15,0,efit: 7,efit: 5,,,,0,0,0,0,2,,
2026-01-27 11:38:58,17,15,15,0,"fit: 1, efit: 7","fit: 1, efit: 5",,,,0,0,0,0,2,,
2026-01-27 11:43:59,17,15,15,0,"fit: 1, efit: 6","fit: 1, efit: 4",,,,0,0,0,0,2,,
2026-01-27 11:45:32,17,15,15,0,"fit: 1, efit: 7","fit: 1, efit: 5",,,,0,0,0,0,2,,
2026-01-27 11:59:03,17,15,15,0,"fit: 2, efit: 7","fit: 2, efit: 5",,,,0,0,0,0,2,,
2026-01-27 12:00:35,17,15,15,0,"fit: 3, efit: 7","fit: 3, efit: 5",,,,0,0,0,0,2,,
2026-01-27 16:05:05,17,15,15,0,"fit: 3, efit: 7","fit: 3, efit: 4",,,,0,0,0,0,2,,
2026-01-28 00:02:05,17,15,15,0,"fit: 3, efit: 7","fit: 3, efit: 4",,,,0,0,0,0,2,,
2026-01-28 07:43:57,17,15,15,0,"fit: 3, efit: 7","fit: 3, efit: 3",,,,0,0,0,0,2,,
2026-01-28 17:00:13,17,15,15,0,"fit: 3, efit: 6","fit: 3, efit: 2",,,,0,0,0,0,2,,
2026-01-28 17:10:15,17,15,15,0,"fit: 3, efit: 6","fit: 3, efit: 1",,,,0,0,0,0,2,,
2026-01-28 17:45:21,17,15,15,0,"fit: 3, efit: 7","fit: 3, efit: 2",,,,0,0,0,0,2,,
2026-01-28 18:36:41,17,15,15,0,"fit: 3, efit: 7","fit: 3, efit: 1",,,,0,0,0,0,2,,
2026-01-28 20:10:44,17,15,15,0,"fit: 3, efit: 7","fit: 3, efit: 1",efit: 1,,,0,0,0,0,2,,
2026-01-28 21:51:00,17,15,15,0,"fit: 3, efit: 6",fit: 3,efit: 1,,,0,0,0,0,2,,
2026-01-29 00:01:21,17,15,15,0,"fit: 3, efit: 6",fit: 3,efit: 1,,,0,0,0,0,2,,
2026-01-29 07:47:36,17,15,15,0,"fit: 3, efit: 6",fit: 3,efit: 2,,,0,0,0,0,2,,
2026-01-29 09:14:48,17,15,15,0,"fit: 3, efit: 6",fit: 3,efit: 3,,,0,0,0,0,2,,
2026-01-29 13:16:17,17,15,15,0,"fit: 2, efit: 6",fit: 2,efit: 3,,,0,0,0,0,2,,
2026-01-29 20:04:37,17,15,15,0,"fit: 3, efit: 6",fit: 3,efit: 3,,,0,0,0,0,2,,
2026-01-30 00:00:15,17,15,15,0,"fit: 3, efit: 6",fit: 3,efit: 3,,,0,0,0,0,2,,
2026-01-30 07:58:42,17,15,15,0,"fit: 2, efit: 6",fit: 2,efit: 3,,,0,0,0,0,2,,
2026-01-30 08:41:39,17,15,15,0,"fit: 2, efit: 6",fit: 2,efit: 4,,,0,0,0,0,2,,
2026-01-30 10:39:09,17,15,15,0,"fit: 2, efit: 6",fit: 2,efit: 3,,,0,0,0,0,2,,
2026-01-30 11:36:48,17,15,15,0,"fit: 2, efit: 6",fit: 2,efit: 4,,,0,0,0,0,2,,
2026-01-30 12:27:01,17,15,15,0,"fit: 2, efit: 6",fit: 2,efit: 3,,,0,0,0,0,2,,
2026-01-30 14:02:24,17,15,15,0,"fit: 2, efit: 6",fit: 2,efit: 4,,,0,0,0,0,2,,
2026-01-30 14:12:27,17,15,15,0,"fit: 2, efit: 6",fit: 2,efit: 3,,,0,0,0,0,2,,
2026-01-30 14:42:34,17,15,15,0,"fit: 2, efit: 6",fit: 2,efit: 4,,,0,0,0,0,2,,
2026-01-30 14:47:35,17,15,15,0,"fit: 2, efit: 6",fit: 2,efit: 3,,,0,0,0,0,2,,
2026-01-30 14:49:51,17,15,15,0,"fit: 2, efit: 6",fit: 2,efit: 4,,,0,0,0,0,2,,
2026-01-30 15:24:57,17,15,15,0,"fit: 2, efit: 6",fit: 2,efit: 5,,,0,0,0,0,2,,
2026-01-30 16:00:03,17,15,15,0,"fit: 2, efit: 7","fit: 2, efit: 1",efit: 5,,,0,0,0,0,2,,
2026-01-30 17:43:05,17,15,15,0,"fit: 2, efit: 6",fit: 2,efit: 5,,,0,0,0,0,2,,
2026-01-30 18:13:09,17,15,15,0,"fit: 2, efit: 7","fit: 2, efit: 1",efit: 6,,,0,0,0,0,2,,
2026-01-30 23:29:00,17,15,15,0,"fit: 2, efit: 7","fit: 2, efit: 1",efit: 5,,,0,0,0,0,2,,
2026-01-31 00:01:27,17,15,15,0,"fit: 2, efit: 7","fit: 2, efit: 1",efit: 5,,,0,0,0,0,2,,
2026-01-31 00:06:28,17,15,15,0,"fit: 2, efit: 7","fit: 2, efit: 1",efit: 6,,,0,0,0,0,2,,
2026-01-31 02:59:33,17,15,15,0,"fit: 2, efit: 7",fit: 2,efit: 6,,,0,0,0,0,2,,
2026-01-31 03:20:42,17,15,15,0,"fit: 2, efit: 7","fit: 2, efit: 1",efit: 6,,,0,0,0,0,2,,
2026-01-31 10:40:47,17,15,15,0,"fit: 2, efit: 6",fit: 2,efit: 6,,,0,0,0,0,2,,
2026-01-31 14:23:28,17,15,15,0,"fit: 2, efit: 6",fit: 2,efit: 5,,,0,0,0,0,2,,
2026-01-31 14:56:29,17,15,15,0,"fit: 2, efit: 6",fit: 2,efit: 6,,,0,0,0,0,2,,
2026-01-31 21:35:07,17,15,15,0,"fit: 2, efit: 6",fit: 2,efit: 5,,,0,0,0,0,2,,
2026-01-31 21:57:37,17,15,15,0,"fit: 2, efit: 6",fit: 2,efit: 6,,,0,0,0,0,2,,
2026-02-01 00:00:32,17,15,15,0,"fit: 2, efit: 6",fit: 2,efit: 6,,,0,0,0,0,2,,
2026-02-01 14:30:17,17,15,15,0,"fit: 2, efit: 6",fit: 2,efit: 5,,,0,0,0,0,2,,
2026-02-01 17:13:30,17,15,15,0,"fit: 2, efit: 6",fit: 2,efit: 6,,,0,0,0,0,2,,
2026-02-02 00:01:49,17,15,15,0,"fit: 2, efit: 6",fit: 2,efit: 6,,,0,0,0,0,2,,
2026-02-02 07:08:34,17,15,15,0,"fit: 1, efit: 6",fit: 1,efit: 6,,,0,0,0,0,2,,
2026-02-02 18:29:51,17,15,15,0,"fit: 1, efit: 7","fit: 1, efit: 1",efit: 6,,,0,0,0,0,2,,
2026-02-03 00:00:45,17,15,15,0,"fit: 1, efit: 7","fit: 1, efit: 1",efit: 6,,,0,0,0,0,2,,
2026-02-03 08:12:04,17,15,15,0,"fit: 2, efit: 6",fit: 2,efit: 6,,,0,0,0,0,2,,
2026-02-03 09:55:20,17,15,15,0,"fit: 1, efit: 6",fit: 1,efit: 6,,,0,0,0,0,2,,
2026-02-03 11:25:44,17,15,15,0,"fit: 1, efit: 4","fit: 1, efit: 1",efit: 3,,,0,0,0,0,2,,
2026-02-03 11:27:36,17,15,15,0,"fit: 1, efit: 5","fit: 1, efit: 2",efit: 3,,,0,0,0,0,2,,
2026-02-03 11:30:45,17,15,15,0,"fit: 1, efit: 3","fit: 1, efit: 3",,,,0,0,0,0,2,,
2026-02-03 12:17:45,17,15,15,0,"fit: 1, efit: 2","fit: 1, efit: 2",,,,0,0,0,0,2,,
2026-02-03 15:51:33,17,15,15,0,"fit: 2, efit: 2","fit: 2, efit: 2",,,,0,0,0,0,2,,
2026-02-03 16:18:25,17,15,15,0,"fit: 2, efit: 1","fit: 2, efit: 1",,,,0,0,0,0,2,,
2026-02-03 17:27:13,17,15,15,0,"fit: 2, efit: 2","fit: 2, efit: 2",,,,0,0,0,0,2,,
2026-02-03 17:28:36,17,15,15,0,"fit: 2, efit: 1","fit: 2, efit: 1",,,,0,0,0,0,2,,
2026-02-03 17:37:15,17,15,15,0,"fit: 3, efit: 1","fit: 3, efit: 1",,,,0,0,0,0,2,,
2026-02-03 18:01:55,17,15,15,0,"fit: 4, efit: 1","fit: 4, efit: 1",,,,0,0,0,0,2,,
2026-02-03 18:47:03,17,15,15,0,"fit: 4, efit: 2","fit: 4, efit: 2",,,,0,0,0,0,2,,
2026-02-03 18:53:50,17,15,15,0,"fit: 4, efit: 3","fit: 4, efit: 3",,,,0,0,0,0,2,,
2026-02-03 19:38:57,17,15,15,0,"fit: 4, efit: 4","fit: 4, efit: 4",,,,0,0,0,0,2,,
2026-02-04 00:02:55,17,15,15,0,"fit: 4, efit: 4","fit: 4, efit: 4",,,,0,0,0,0,2,,
2026-02-04 06:40:28,17,15,15,0,"fit: 4, efit: 3","fit: 4, efit: 3",,,,0,0,0,0,2,,
2026-02-04 10:44:44,17,15,15,0,"fit: 4, efit: 4","fit: 4, efit: 4",,,,0,0,0,0,2,,
2026-02-04 11:14:49,17,15,15,0,"fit: 4, efit: 3","fit: 4, efit: 3",,,,0,0,0,0,2,,
2026-02-04 14:00:18,17,15,15,0,"fit: 4, efit: 2","fit: 4, efit: 2",,,,0,0,0,0,2,,
2026-02-04 16:37:19,17,15,15,0,"fit: 4, efit: 3","fit: 4, efit: 3",,,,0,0,0,0,2,,
2026-02-04 16:42:20,17,15,15,0,"fit: 4, efit: 2","fit: 4, efit: 2",,,,0,0,0,0,2,,
2026-02-04 17:35:56,17,15,15,0,"fit: 5, efit: 2","fit: 5, efit: 2",,,,0,0,0,0,2,,
2026-02-04 18:06:01,17,15,15,0,"fit: 5, efit: 3","fit: 5, efit: 3",,,,0,0,0,0,2,,
2026-02-04 18:42:40,17,15,15,0,"fit: 5, efit: 4","fit: 5, efit: 3",,,,0,0,0,0,2,,
2026-02-04 20:06:22,17,15,15,0,"fit: 5, efit: 4","fit: 5, efit: 4",,,,0,0,0,0,2,,
2026-02-05 00:02:02,17,15,15,0,"fit: 5, efit: 4","fit: 5, efit: 4",,,,0,0,0,0,2,,
2026-02-05 04:39:17,17,15,15,0,"fit: 5, efit: 4","fit: 5, efit: 3",,,,0,0,0,0,2,,
2026-02-05 08:21:46,17,15,15,0,"fit: 5, efit: 4","fit: 4, efit: 3",fit: 1,,,0,0,0,0,2,,
2026-02-05 09:03:36,17,15,15,0,"fit: 5, efit: 3","fit: 4, efit: 2",fit: 1,,,0,0,0,0,2,,
2026-02-05 10:25:13,17,15,15,0,"fit: 4, efit: 3","fit: 4, efit: 2",,,,0,0,0,0,2,,
2026-02-05 10:27:17,17,15,15,0,"fit: 4, efit: 3","fit: 4, efit: 3",,,,0,0,0,0,2,,
2026-02-05 11:50:27,17,15,15,0,"fit: 4, efit: 2","fit: 4, efit: 2",,,,0,0,0,0,2,,
2026-02-05 13:34:23,17,15,15,0,"fit: 4, efit: 1","fit: 4, efit: 1",,,,0,0,0,0,2,,
2026-02-05 15:28:32,17,15,15,0,fit: 4,fit: 4,,,,0,0,0,0,2,,
2026-02-05 15:53:39,17,15,15,0,"fit: 4, efit: 1","fit: 4, efit: 1",,,,0,0,0,0,2,,
2026-02-05 16:08:42,17,15,15,0,fit: 4,fit: 4,,,,0,0,0,0,2,,
2026-02-05 18:11:31,17,15,15,0,fit: 5,fit: 5,,,,0,0,0,0,2,,
2026-02-05 18:59:25,17,15,15,0,fit: 4,fit: 4,,,,0,0,0,0,2,,
2026-02-06 00:00:40,17,15,15,0,fit: 4,fit: 4,,,,0,0,0,0,2,,
2026-02-06 10:14:13,17,15,15,0,"fit: 4, efit: 1","fit: 4, efit: 1",,,,0,0,0,0,2,,
2026-02-06 16:00:11,17,15,15,0,"fit: 4, efit: 2","fit: 4, efit: 2",,,,0,0,0,0,2,,
2026-02-06 16:24:00,17,15,15,0,"fit: 4, efit: 3","fit: 4, efit: 3",,,,0,0,0,0,2,,
2026-02-06 17:59:16,17,15,15,0,"fit: 4, efit: 4","fit: 4, efit: 4",,,,0,0,0,0,2,,
2026-02-07 00:00:17,17,15,15,0,"fit: 4, efit: 4","fit: 4, efit: 4",,,,0,0,0,0,2,,
2026-02-07 00:36:36,17,15,15,0,"fit: 4, efit: 3","fit: 4, efit: 3",,,,0,0,0,0,2,,
2026-02-07 11:27:14,17,15,15,0,"fit: 4, efit: 2","fit: 4, efit: 2",,,,0,0,0,0,2,,
2026-02-07 14:52:48,17,15,15,0,"fit: 4, efit: 3","fit: 4, efit: 3",,,,0,0,0,0,2,,
2026-02-07 14:53:58,17,15,15,0,"fit: 4, efit: 1","fit: 4, efit: 1",,,,0,0,0,0,2,,
2026-02-07 19:24:42,17,15,15,0,fit: 4,fit: 4,,,,0,0,0,0,2,,
2026-02-08 00:00:28,17,15,15,0,fit: 4,fit: 4,,,,0,0,0,0,2,,
2026-02-08 10:04:52,17,15,15,0,"fit: 4, efit: 1","fit: 4, efit: 1",,,,0,0,0,0,2,,
2026-02-08 11:15:11,17,15,15,0,fit: 4,fit: 4,,,,0,0,0,0,2,,
2026-02-08 13:16:35,17,15,15,0,"fit: 4, efit: 1","fit: 4, efit: 1",,,,0,0,0,0,2,,
2026-02-08 17:16:42,17,15,15,0,"fit: 4, efit: 1",fit: 4,,,,0,0,0,0,2,,
2026-02-08 18:01:53,17,15,15,0,"fit: 3, efit: 1",fit: 3,,,,0,0,0,0,2,,
2026-02-09 00:03:23,17,15,15,0,"fit: 3, efit: 1",fit: 3,,,,0,0,0,0,2,,
2026-02-09 01:34:44,17,15,15,0,"fit: 3, efit: 1","fit: 3, efit: 1",,,,0,0,0,0,2,,
2026-02-09 01:38:38,17,15,15,0,"fit: 3, efit: 1",fit: 3,,,,0,0,0,0,2,,
2026-02-09 06:44:29,17,15,15,0,"fit: 3, efit: 2",fit: 3,,,,0,0,0,0,2,,
2026-02-09 07:44:39,17,15,15,0,"fit: 3, efit: 2","fit: 3, efit: 1",,,,0,0,0,0,2,,
2026-02-09 09:39:59,17,15,15,0,"fit: 3, efit: 1","fit: 3, efit: 1",,,,0,0,0,0,2,,
2026-02-09 09:45:01,17,15,15,0,"fit: 3, efit: 2","fit: 3, efit: 2",,,,0,0,0,0,2,,
2026-02-09 10:50:12,17,15,15,0,"fit: 3, efit: 2","fit: 3, efit: 1",,,,0,0,0,0,2,,
2026-02-09 10:55:13,17,15,15,0,"fit: 3, efit: 2","fit: 3, efit: 2",,,,0,0,0,0,2,,
2026-02-09 14:50:54,17,15,15,0,"fit: 3, efit: 1","fit: 3, efit: 1",,,,0,0,0,0,2,,
2026-02-09 15:26:00,17,15,15,0,"fit: 4, efit: 3","fit: 4, efit: 2",efit: 1,,,0,0,0,0,2,,
2026-02-09 16:17:11,17,15,15,0,"fit: 4, efit: 2","fit: 4, efit: 1",efit: 1,,,0,0,0,0,2,,
2026-02-09 16:26:10,17,15,15,0,"fit: 4, efit: 3","fit: 4, efit: 2",efit: 1,,,0,0,0,0,2,,
2026-02-09 16:31:11,17,15,15,0,"fit: 4, efit: 2","fit: 4, efit: 1",efit: 1,,,0,0,0,0,2,,
2026-02-09 17:11:18,17,15,15,0,"fit: 4, efit: 3","fit: 4, efit: 2",efit: 1,,,0,0,0,0,2,,
2026-02-09 18:01:27,17,15,15,0,"fit: 4, efit: 4","fit: 4, efit: 3",efit: 1,,,0,0,0,0,2,,
2026-02-09 18:16:29,17,15,15,0,"fit: 4, efit: 3","fit: 4, efit: 2",efit: 1,,,0,0,0,0,2,,
2026-02-09 18:47:58,17,15,15,0,"fit: 4, efit: 4","fit: 4, efit: 3",efit: 1,,,0,0,0,0,2,,
2026-02-09 19:18:06,17,15,15,0,"fit: 4, efit: 5","fit: 4, efit: 4",efit: 1,,,0,0,0,0,2,,
2026-02-10 00:02:30,17,15,15,0,"fit: 4, efit: 5","fit: 4, efit: 4",efit: 1,,,0,0,0,0,2,,
2026-02-10 09:45:10,17,15,15,0,"fit: 4, efit: 4","fit: 4, efit: 3",efit: 1,,,0,0,0,0,2,,
2026-02-10 09:54:12,17,15,15,0,"fit: 4, efit: 3","fit: 4, efit: 3",,,,0,0,0,0,2,,
2026-02-10 10:21:52,17,15,15,0,"fit: 5, efit: 3","fit: 5, efit: 3",,,,0,0,0,0,2,,
2026-02-10 12:12:21,17,15,15,0,"fit: 5, efit: 2","fit: 5, efit: 2",,,,0,0,0,0,2,,
2026-02-10 13:44:53,17,15,15,0,"fit: 5, efit: 1","fit: 5, efit: 1",,,,0,0,0,0,2,,
2026-02-10 14:12:52,17,15,15,0,fit: 5,fit: 5,,,,0,0,0,0,2,,
2026-02-10 14:48:01,17,15,15,0,"fit: 5, efit: 1","fit: 5, efit: 1",,,,0,0,0,0,2,,
2026-02-10 15:18:09,17,15,15,0,"fit: 5, efit: 2","fit: 5, efit: 2",,,,0,0,0,0,2,,
2026-02-10 16:03:21,17,15,15,0,"fit: 5, efit: 3","fit: 5, efit: 3",,,,0,0,0,0,2,,
2026-02-10 16:33:29,17,15,15,0,"fit: 5, efit: 2","fit: 5, efit: 2",,,,0,0,0,0,2,,
2026-02-10 16:48:33,17,15,15,0,"fit: 5, efit: 3","fit: 5, efit: 3",,,,0,0,0,0,2,,
2026-02-10 17:43:47,17,15,15,0,"fit: 5, efit: 2","fit: 5, efit: 2",,,,0,0,0,0,2,,
2026-02-10 18:30:44,17,15,15,0,"fit: 5, efit: 3","fit: 5, efit: 3",,,,0,0,0,0,2,,
2026-02-10 18:40:46,17,15,15,0,"fit: 5, efit: 4","fit: 5, efit: 4",,,,0,0,0,0,2,,
2026-02-10 21:39:46,17,15,15,0,"fit: 5, efit: 5","fit: 5, efit: 5",,,,0,0,0,0,2,,
2026-02-10 23:06:33,17,15,15,0,"fit: 5, efit: 5","fit: 5, efit: 4",,,,0,0,0,0,2,,
2026-02-11 00:00:22,17,15,15,0,"fit: 5, efit: 5","fit: 5, efit: 4",,,,0,0,0,0,2,,
2026-02-11 07:53:54,17,15,15,0,"fit: 5, efit: 4","fit: 5, efit: 3",,,,0,0,0,0,2,,
2026-02-11 08:39:02,17,15,15,0,"fit: 5, efit: 3","fit: 5, efit: 2",,,,0,0,0,0,2,,
2026-02-11 09:04:07,17,15,15,0,"fit: 5, efit: 4","fit: 5, efit: 3",,,,0,0,0,0,2,,
2026-02-11 10:17:56,17,15,15,0,"fit: 5, efit: 3","fit: 5, efit: 2",,,,0,0,0,0,2,,
2026-02-11 12:43:32,17,15,15,0,"fit: 5, efit: 4","fit: 5, efit: 3",,,,0,0,0,0,2,,
2026-02-11 13:58:51,17,15,15,0,"fit: 5, efit: 3","fit: 5, efit: 3",,,,0,0,0,0,2,,
2026-02-11 13:59:56,17,15,15,0,"fit: 5, efit: 4","fit: 5, efit: 4",,,,0,0,0,0,2,,
2026-02-11 14:49:04,17,15,15,0,"fit: 5, efit: 3","fit: 5, efit: 3",,,,0,0,0,0,2,,
2026-02-11 14:59:07,17,15,15,0,"fit: 5, efit: 2","fit: 5, efit: 2",,,,0,0,0,0,2,,
2026-02-11 15:34:16,17,15,15,0,"fit: 5, efit: 1","fit: 5, efit: 1",,,,0,0,0,0,2,,
2026-02-11 16:04:24,17,15,15,0,"fit: 5, efit: 2","fit: 5, efit: 2",,,,0,0,0,0,2,,
2026-02-11 16:10:18,17,15,15,0,"fit: 5, efit: 3","fit: 5, efit: 3",,,,0,0,0,0,2,,
2026-02-11 16:29:30,17,15,15,0,"fit: 5, efit: 4","fit: 5, efit: 4",,,,0,0,0,0,2,,
2026-02-11 16:35:23,17,15,15,0,"fit: 5, efit: 5","fit: 5, efit: 5",,,,0,0,0,0,2,,
2026-02-11 16:39:33,17,15,15,0,"fit: 5, efit: 4","fit: 5, efit: 4",,,,0,0,0,0,2,,
2026-02-11 17:34:42,17,15,15,0,"fit: 5, efit: 3","fit: 5, efit: 3",,,,0,0,0,0,2,,
2026-02-11 20:10:11,17,15,15,0,"fit: 5, efit: 3","fit: 5, efit: 2",,,,0,0,0,0,2,,
2026-02-11 20:41:05,17,15,15,0,"fit: 5, efit: 2","fit: 5, efit: 1",,,,0,0,0,0,2,,
2026-02-12 00:00:52,17,15,15,0,"fit: 5, efit: 2","fit: 5, efit: 1",,,,0,0,0,0,2,,
2026-02-12 07:47:12,17,15,15,0,"fit: 5, efit: 2",fit: 5,efit: 1,,,0,0,0,0,2,,
2026-02-12 09:03:06,17,15,15,0,"fit: 4, efit: 2",fit: 4,efit: 1,,,0,0,0,0,2,,
2026-02-12 09:12:27,17,15,15,0,"fit: 4, efit: 2","fit: 4, efit: 2",,,,0,0,0,0,2,,
2026-02-12 10:27:40,17,15,15,0,"fit: 4, efit: 2","fit: 4, efit: 1",,,,0,0,0,0,2,,
2026-02-12 11:47:53,17,15,15,0,"fit: 4, efit: 2","fit: 4, efit: 2",,,,0,0,0,0,2,,
2026-02-12 12:17:59,17,15,15,0,"fit: 4, efit: 2","fit: 4, efit: 1",,,,0,0,0,0,2,,
2026-02-12 12:58:06,17,15,15,0,"fit: 4, efit: 1",fit: 4,,,,0,0,0,0,2,,
2026-02-12 15:10:08,17,15,15,0,"fit: 4, efit: 2","fit: 4, efit: 1",,,,0,0,0,0,2,,
2026-02-12 15:50:17,17,15,15,0,"fit: 4, efit: 1",fit: 4,,,,0,0,0,0,2,,
2026-02-12 16:33:42,17,15,15,0,"fit: 4, efit: 2","fit: 4, efit: 1",,,,0,0,0,0,2,,
2026-02-12 16:38:43,17,15,15,0,"fit: 4, efit: 1",fit: 4,,,,0,0,0,0,2,,
2026-02-12 17:33:53,17,15,15,0,"fit: 3, efit: 1",fit: 3,,,,0,0,0,0,2,,
2026-02-12 18:49:07,17,15,15,0,"fit: 3, efit: 2","fit: 3, efit: 1",,,,0,0,0,0,2,,
2026-02-12 19:04:09,17,15,15,0,"fit: 3, efit: 3","fit: 3, efit: 2",,,,0,0,0,0,2,,
2026-02-12 19:59:19,17,15,15,0,"fit: 3, efit: 2","fit: 3, efit: 1",,,,0,0,0,0,2,,
2026-02-12 20:59:30,17,15,15,0,"fit: 3, efit: 3","fit: 3, efit: 2",,,,0,0,0,0,2,,
2026-02-13 00:00:01,17,15,15,0,"fit: 3, efit: 3","fit: 3, efit: 2",,,,0,0,0,0,2,,
2026-02-13 08:11:59,17,15,15,0,"fit: 3, efit: 2","fit: 3, efit: 1",,,,0,0,0,0,2,,
2026-02-13 09:04:36,17,15,15,0,"fit: 3, efit: 1",fit: 3,,,,0,0,0,0,2,,
2026-02-13 09:24:41,17,15,15,0,"fit: 3, efit: 2","fit: 3, efit: 1",,,,0,0,0,0,2,,
2026-02-13 10:11:49,17,15,15,0,"fit: 3, efit: 3","fit: 3, efit: 2",,,,0,0,0,0,2,,
2026-02-13 11:20:10,17,15,15,0,"fit: 3, efit: 4","fit: 3, efit: 3",,,,0,0,0,0,2,,
2026-02-13 11:25:11,17,15,15,0,"fit: 3, efit: 3","fit: 3, efit: 2",,,,0,0,0,0,2,,
2026-02-13 11:27:03,17,15,15,0,"fit: 3, efit: 4","fit: 3, efit: 3",,,,0,0,0,0,2,,
2026-02-13 12:45:31,17,15,15,0,"fit: 3, efit: 3","fit: 3, efit: 2",,,,0,0,0,0,2,,
2026-02-13 12:55:34,17,15,15,0,"fit: 3, efit: 2","fit: 3, efit: 1",,,,0,0,0,0,2,,
2026-02-13 13:45:46,17,15,15,0,"fit: 3, efit: 3","fit: 3, efit: 2",,,,0,0,0,0,2,,
2026-02-13 14:38:05,17,15,15,0,"fit: 3, efit: 4","fit: 3, efit: 3",,,,0,0,0,0,2,,
2026-02-13 14:41:01,17,15,15,0,"fit: 3, efit: 3","fit: 3, efit: 2",,,,0,0,0,0,2,,
2026-02-13 16:01:21,17,15,15,0,"fit: 3, efit: 4","fit: 3, efit: 3",,,,0,0,0,0,2,,
2026-02-13 16:11:24,17,15,15,0,"fit: 3, efit: 3","fit: 3, efit: 2",,,,0,0,0,0,2,,
2026-02-13 16:21:27,17,15,15,0,"fit: 3, efit: 2","fit: 3, efit: 1",,,,0,0,0,0,2,,
2026-02-13 16:31:29,17,15,15,0,"fit: 3, efit: 3","fit: 3, efit: 2",,,,0,0,0,0,2,,
2026-02-13 16:36:30,17,15,15,0,"fit: 3, efit: 4","fit: 3, efit: 3",,,,0,0,0,0,2,,
2026-02-13 17:01:36,17,15,15,0,"fit: 3, efit: 3","fit: 3, efit: 2",,,,0,0,0,0,2,,
2026-02-13 17:33:06,17,15,15,0,"fit: 3, efit: 4","fit: 3, efit: 3",,,,0,0,0,0,2,,
2026-02-13 17:46:48,17,15,15,0,"fit: 3, efit: 3","fit: 3, efit: 2",,,,0,0,0,0,2,,
2026-02-13 19:12:10,17,15,15,0,"fit: 3, efit: 2","fit: 3, efit: 1",,,,0,0,0,0,2,,
2026-02-13 19:38:29,17,15,15,0,"fit: 3, efit: 2","fit: 3, efit: 1",efit: 1,,,0,0,0,0,2,,
2026-02-13 22:02:52,17,15,15,0,"fit: 3, efit: 3","fit: 3, efit: 2",efit: 1,,,0,0,0,0,2,,
2026-02-13 23:23:14,17,15,15,0,"fit: 3, efit: 3","fit: 3, efit: 2",,,,0,0,0,0,2,,
2026-02-13 23:53:22,17,15,15,0,"fit: 3, efit: 4","fit: 3, efit: 3",,,,0,0,0,0,2,,
2026-02-13 23:58:23,17,15,15,0,"fit: 3, efit: 4","fit: 3, efit: 3",efit: 1,,,0,0,0,0,2,,
2026-02-14 00:03:24,17,15,15,0,"fit: 3, efit: 4","fit: 3, efit: 3",efit: 1,,,0,0,0,0,2,,
2026-02-14 02:13:56,17,15,15,0,"fit: 3, efit: 5","fit: 3, efit: 4",efit: 1,,,0,0,0,0,2,,
2026-02-14 05:44:49,17,15,15,0,"fit: 3, efit: 5","fit: 3, efit: 3",efit: 1,,,0,0,0,0,2,,
2026-02-14 05:49:50,17,15,15,0,"fit: 3, efit: 5","fit: 3, efit: 4",efit: 1,,,0,0,0,0,2,,
2026-02-14 09:25:45,17,15,15,0,"fit: 3, efit: 4","fit: 3, efit: 3",efit: 1,,,0,0,0,0,2,,
2026-02-14 10:00:54,17,15,15,0,"fit: 3, efit: 4","fit: 3, efit: 3",,,,0,0,0,0,2,,
2026-02-14 10:15:57,17,15,15,0,"fit: 3, efit: 3","fit: 3, efit: 2",,,,0,0,0,0,2,,
2026-02-14 10:31:01,17,15,15,0,"fit: 3, efit: 3","fit: 3, efit: 2",efit: 1,,,0,0,0,0,2,,
2026-02-14 12:11:21,17,15,15,0,"fit: 3, efit: 4","fit: 3, efit: 3",efit: 1,,,0,0,0,0,2,,
2026-02-14 14:06:41,17,15,15,0,"fit: 3, efit: 3","fit: 3, efit: 2",efit: 1,,,0,0,0,0,2,,
2026-02-14 14:41:48,17,15,15,0,"fit: 3, efit: 4","fit: 3, efit: 2",efit: 2,,,0,0,0,0,2,,
2026-02-14 15:11:53,17,15,15,0,"fit: 3, efit: 3","fit: 3, efit: 1",efit: 2,,,0,0,0,0,2,,
2026-02-14 16:22:05,17,15,15,0,"fit: 3, efit: 4","fit: 3, efit: 2",efit: 2,,,0,0,0,0,2,,
2026-02-14 16:52:11,17,15,15,0,"fit: 3, efit: 5","fit: 3, efit: 3",efit: 2,,,0,0,0,0,2,,
2026-02-14 17:12:14,17,15,15,0,"fit: 3, efit: 3","fit: 3, efit: 1",efit: 2,,,0,0,0,0,2,,
2026-02-14 17:32:18,17,15,15,0,"fit: 3, efit: 4","fit: 3, efit: 2",efit: 2,,,0,0,0,0,2,,
2026-02-14 18:07:24,17,15,15,0,"fit: 3, efit: 3","fit: 3, efit: 1",efit: 2,,,0,0,0,0,2,,
2026-02-14 18:12:25,17,15,15,0,"fit: 3, efit: 2",fit: 3,efit: 2,,,0,0,0,0,2,,
2026-02-14 18:42:30,17,15,15,0,"fit: 3, efit: 3",fit: 3,efit: 3,,,0,0,0,0,2,,
2026-02-14 19:37:54,17,15,15,0,"fit: 3, efit: 4","fit: 3, efit: 1",efit: 3,,,0,0,0,0,2,,
2026-02-14 20:52:53,17,15,15,0,"fit: 3, efit: 5","fit: 3, efit: 2",efit: 3,,,0,0,0,0,2,,
2026-02-14 21:43:02,17,15,15,0,"fit: 3, efit: 6","fit: 3, efit: 3",efit: 3,,,0,0,0,0,2,,
2026-02-14 22:44:02,17,15,15,0,"fit: 3, efit: 7","fit: 3, efit: 4",efit: 3,,,0,0,0,0,2,,
2026-02-14 22:54:04,17,15,15,0,"fit: 3, efit: 8","fit: 3, efit: 5",efit: 3,,,0,0,0,0,2,,
2026-02-14 22:58:15,17,15,15,0,"fit: 3, efit: 7","fit: 3, efit: 4",efit: 3,,,0,0,0,0,2,,
2026-02-15 00:03:26,17,15,15,0,"fit: 3, efit: 7","fit: 3, efit: 4",efit: 3,,,0,0,0,0,2,,
2026-02-15 01:44:46,17,15,15,0,"fit: 3, efit: 6","fit: 3, efit: 3",efit: 3,,,0,0,0,0,2,,
2026-02-15 01:48:44,17,15,15,0,"fit: 3, efit: 5","fit: 3, efit: 2",efit: 3,,,0,0,0,0,2,,
2026-02-15 02:19:54,17,15,15,0,"fit: 3, efit: 4","fit: 3, efit: 1",efit: 3,,,0,0,0,0,2,,
2026-02-15 06:44:37,17,15,15,0,"fit: 3, efit: 3",fit: 3,efit: 3,,,0,0,0,0,2,,
2026-02-15 08:44:59,17,15,15,0,"fit: 2, efit: 3",fit: 2,efit: 3,,,0,0,0,0,2,,
2026-02-15 08:46:29,17,15,15,0,"fit: 2, efit: 4","fit: 2, efit: 1",efit: 3,,,0,0,0,0,2,,
2026-02-15 09:16:36,17,15,15,0,"fit: 2, efit: 2","fit: 2, efit: 2",,,,0,0,0,0,2,,
2026-02-15 09:20:06,17,15,15,0,"fit: 2, efit: 4","fit: 2, efit: 4",,,,0,0,0,0,2,,
2026-02-15 10:05:10,17,15,15,0,"fit: 2, efit: 3","fit: 2, efit: 3",,,,0,0,0,0,2,,
2026-02-15 10:40:13,17,15,15,0,"fit: 2, efit: 2","fit: 2, efit: 2",,,,0,0,0,0,2,,
2026-02-15 15:10:46,17,15,15,0,"fit: 2, efit: 1","fit: 2, efit: 1",,,,0,0,0,0,2,,
2026-02-15 15:45:52,17,15,15,0,efit: 1,efit: 1,,,,0,0,0,0,2,,
2026-02-15 15:48:13,17,15,15,0,fit: 1,fit: 1,,,,0,0,0,0,2,,
2026-02-15 18:06:15,17,15,15,0,,,,,,0,0,0,0,2,,
2026-02-15 19:49:13,17,15,15,0,efit: 1,efit: 1,,,,0,0,0,0,2,,
2026-02-16 00:00:16,17,15,15,0,efit: 1,efit: 1,,,,0,0,0,0,2,,
2026-02-16 08:13:49,17,15,15,0,,,,,,0,0,0,0,2,,
2026-02-16 10:27:50,17,15,15,0,efit: 1,efit: 1,,,,0,0,0,0,2,,
2026-02-16 10:47:56,17,15,15,0,"fit: 2, efit: 7","fit: 2, efit: 7",,,,0,0,0,0,2,,
2026-02-16 13:03:29,17,15,15,0,"fit: 2, efit: 6","fit: 2, efit: 6",,,,0,0,0,0,2,,
2026-02-16 13:08:30,17,15,15,0,"fit: 3, efit: 6","fit: 3, efit: 6",,,,0,0,0,0,2,,
2026-02-16 14:18:48,17,15,15,0,"fit: 3, efit: 7","fit: 3, efit: 7",,,,0,0,0,0,2,,
2026-02-16 14:33:52,17,15,15,0,"fit: 3, efit: 6","fit: 3, efit: 6",,,,0,0,0,0,2,,
2026-02-16 14:48:56,17,15,15,0,"fit: 3, efit: 7","fit: 3, efit: 7",,,,0,0,0,0,2,,
2026-02-16 14:58:58,17,15,15,0,"fit: 3, efit: 6","fit: 3, efit: 6",,,,0,0,0,0,2,,
2026-02-16 15:49:11,17,15,15,0,"fit: 3, efit: 5","fit: 3, efit: 5",,,,0,0,0,0,2,,
2026-02-16 16:09:16,17,15,15,0,"fit: 3, efit: 6","fit: 3, efit: 6",,,,0,0,0,0,2,,
2026-02-16 17:04:30,17,15,15,0,"fit: 3, efit: 7","fit: 3, efit: 7",,,,0,0,0,0,2,,
2026-02-16 18:14:47,17,15,15,0,"fit: 3, efit: 8","fit: 3, efit: 8",,,,0,0,0,0,2,,
2026-02-16 18:24:49,17,15,15,0,"fit: 3, efit: 7","fit: 3, efit: 7",,,,0,0,0,0,2,,
2026-02-16 18:49:56,17,15,15,0,"fit: 3, efit: 6","fit: 3, efit: 6",,,,0,0,0,0,2,,
2026-02-16 19:40:09,17,15,15,0,"fit: 3, efit: 5","fit: 3, efit: 5",,,,0,0,0,0,2,,
2026-02-16 20:15:18,17,15,15,0,"fit: 3, efit: 6","fit: 3, efit: 6",,,,0,0,0,0,2,,
2026-02-16 21:10:34,17,15,15,0,"fit: 3, efit: 5","fit: 3, efit: 5",,,,0,0,0,0,2,,
2026-02-17 00:00:54,17,15,15,0,"fit: 3, efit: 5","fit: 3, efit: 5",,,,0,0,0,0,2,,
2026-02-17 08:43:30,17,15,15,0,"fit: 3, efit: 4","fit: 3, efit: 4",,,,0,0,0,0,2,,
2026-02-17 09:09:15,17,15,15,0,"fit: 3, efit: 3","fit: 3, efit: 3",,,,0,0,0,0,2,,
2026-02-17 10:07:34,17,15,15,0,"fit: 3, efit: 4","fit: 3, efit: 4",,,,0,0,0,0,2,,
2026-02-17 10:17:36,17,15,15,0,"fit: 3, efit: 4","fit: 3, efit: 3",,,,0,0,0,0,2,,
2026-02-17 13:09:24,17,15,15,0,"fit: 3, efit: 3","fit: 3, efit: 2",,,,0,0,0,0,2,,
2026-02-17 13:13:05,17,15,15,0,"fit: 3, efit: 2","fit: 3, efit: 1",,,,0,0,0,0,2,,
2026-02-17 13:33:09,17,15,15,0,"fit: 3, efit: 1",fit: 3,,,,0,0,0,0,2,,
2026-02-17 14:18:16,17,15,15,0,"fit: 3, efit: 2","fit: 3, efit: 1",,,,0,0,0,0,2,,
2026-02-17 15:33:29,17,15,15,0,"fit: 3, efit: 3","fit: 3, efit: 2",,,,0,0,0,0,2,,
2026-02-17 15:34:54,17,15,15,0,"fit: 3, efit: 2","fit: 3, efit: 1",,,,0,0,0,0,2,,
2026-02-17 15:54:58,17,15,15,0,"fit: 3, efit: 1",fit: 3,,,,0,0,0,0,2,,
2026-02-17 16:18:36,17,15,15,0,"fit: 3, efit: 2","fit: 3, efit: 1",,,,0,0,0,0,2,,
2026-02-17 16:23:37,17,15,15,0,"fit: 3, efit: 1",fit: 3,,,,0,0,0,0,2,,
2026-02-17 16:33:39,17,15,15,0,"fit: 3, efit: 2","fit: 3, efit: 1",,,,0,0,0,0,2,,
2026-02-17 17:25:19,17,15,15,0,"fit: 3, efit: 3","fit: 3, efit: 2",,,,0,0,0,0,2,,
2026-02-17 17:33:49,17,15,15,0,"fit: 3, efit: 2","fit: 3, efit: 1",,,,0,0,0,0,2,,
2026-02-17 17:50:24,17,15,15,0,"fit: 3, efit: 3","fit: 3, efit: 2",,,,0,0,0,0,2,,
2026-02-17 19:44:11,17,15,15,0,"fit: 3, efit: 4","fit: 3, efit: 3",,,,0,0,0,0,2,,
2026-02-17 19:55:50,17,15,15,0,"fit: 3, efit: 5","fit: 3, efit: 3",,,,0,0,0,0,2,,
2026-02-17 20:29:19,17,15,15,0,"fit: 3, efit: 4","fit: 3, efit: 2",,,,0,0,0,0,2,,
2026-02-17 20:51:01,17,15,15,0,"fit: 3, efit: 3","fit: 3, efit: 1",,,,0,0,0,0,2,,
2026-02-17 21:01:03,17,15,15,0,"fit: 3, efit: 4","fit: 3, efit: 2",,,,0,0,0,0,2,,
2026-02-17 22:06:17,17,15,15,0,"fit: 3, efit: 3","fit: 3, efit: 1",,,,0,0,0,0,2,,
2026-02-17 22:11:18,17,15,15,0,"fit: 3, efit: 4","fit: 3, efit: 2",,,,0,0,0,0,2,,
2026-02-18 00:01:40,17,15,15,0,"fit: 3, efit: 4","fit: 3, efit: 2",,,,0,0,0,0,2,,
2026-02-18 02:22:10,17,15,15,0,"fit: 3, efit: 3","fit: 3, efit: 1",,,,0,0,0,0,2,,
2026-02-18 03:00:23,17,15,15,0,"fit: 3, efit: 3",fit: 3,,,,0,0,0,0,2,,
2026-02-18 06:38:07,17,15,15,0,"fit: 2, efit: 3",fit: 2,,,,0,0,0,0,2,,
2026-02-18 08:03:22,17,15,15,0,"fit: 1, efit: 3",fit: 1,,,,0,0,0,0,2,,
2026-02-18 14:52:18,17,15,15,0,"fit: 1, efit: 4","fit: 1, efit: 1",,,,0,0,0,0,2,,
2026-02-18 14:54:29,17,15,15,0,"fit: 1, efit: 5","fit: 1, efit: 2",,,,0,0,0,0,2,,
2026-02-18 15:22:23,17,15,15,0,"fit: 1, efit: 4","fit: 1, efit: 1",,,,0,0,0,0,2,,
2026-02-18 15:32:25,17,15,15,0,"fit: 1, efit: 1","fit: 1, efit: 1",,,,0,0,0,0,2,,
2026-02-18 15:37:26,17,15,15,0,"fit: 1, efit: 4","fit: 1, efit: 4",,,,0,0,0,0,2,,
2026-02-18 15:42:26,17,15,15,0,"fit: 1, efit: 5","fit: 1, efit: 5",,,,0,0,0,0,2,,
2026-02-18 16:42:36,17,15,15,0,"fit: 1, efit: 4","fit: 1, efit: 4",,,,0,0,0,0,2,,
2026-02-18 17:27:43,17,15,15,0,"fit: 1, efit: 5","fit: 1, efit: 5",,,,0,0,0,0,2,,
2026-02-18 17:29:56,17,15,15,0,"fit: 1, efit: 4","fit: 1, efit: 4",,,,0,0,0,0,2,,
2026-02-18 17:37:45,17,15,15,0,"fit: 1, efit: 6","fit: 1, efit: 6",,,,0,0,0,0,2,,
2026-02-18 18:25:06,17,15,15,0,"fit: 1, efit: 5","fit: 1, efit: 5",,,,0,0,0,0,2,,
2026-02-18 18:55:11,17,15,15,0,"fit: 1, efit: 6","fit: 1, efit: 6",,,,0,0,0,0,2,,
2026-02-18 19:18:00,17,15,15,0,"fit: 1, efit: 7","fit: 1, efit: 7",,,,0,0,0,0,2,,
2026-02-18 19:38:03,17,15,15,0,"fit: 1, efit: 8","fit: 1, efit: 8",,,,0,0,0,0,2,,
2026-02-18 20:25:27,17,15,15,0,"fit: 1, efit: 9","fit: 1, efit: 9",,,,0,0,0,0,2,,
2026-02-18 21:31:00,17,15,15,0,"fit: 1, efit: 8","fit: 1, efit: 8",,,,0,0,0,0,2,,
2026-02-18 21:33:21,17,15,15,0,"fit: 1, efit: 7","fit: 1, efit: 7",,,,0,0,0,0,2,,
2026-02-19 00:01:05,17,15,15,0,"fit: 1, efit: 7","fit: 1, efit: 7",,,,0,0,0,0,2,,
2026-02-19 00:06:06,17,15,15,0,"fit: 1, efit: 6","fit: 1, efit: 6",,,,0,0,0,0,2,,
2026-02-19 00:26:36,17,15,15,0,"fit: 1, efit: 7","fit: 1, efit: 7",,,,0,0,0,0,2,,
2026-02-19 08:02:26,17,15,15,0,"fit: 1, efit: 6","fit: 1, efit: 6",,,,0,0,0,0,2,,
2026-02-19 08:38:14,17,15,15,0,"fit: 1, efit: 5","fit: 1, efit: 5",,,,0,0,0,0,2,,
2026-02-19 09:10:07,17,15,15,0,"fit: 1, efit: 4","fit: 1, efit: 4",,,,0,0,0,0,2,,
2026-02-19 09:20:08,17,15,15,0,"fit: 1, efit: 3","fit: 1, efit: 3",,,,0,0,0,0,2,,
2026-02-19 09:35:11,17,15,15,0,"fit: 1, efit: 2","fit: 1, efit: 2",,,,0,0,0,0,2,,
2026-02-19 09:37:42,17,15,15,0,"fit: 1, efit: 3","fit: 1, efit: 3",,,,0,0,0,0,2,,
2026-02-19 11:50:32,17,15,15,0,"fit: 1, efit: 2","fit: 1, efit: 2",,,,0,0,0,0,2,,
2026-02-19 12:35:39,17,15,15,0,"fit: 1, efit: 1","fit: 1, efit: 1",,,,0,0,0,0,2,,
2026-02-19 12:53:16,17,15,15,0,"fit: 1, efit: 2","fit: 1, efit: 2",,,,0,0,0,0,2,,
2026-02-19 13:28:22,17,15,15,0,"fit: 1, efit: 3","fit: 1, efit: 3",,,,0,0,0,0,2,,
2026-02-19 15:24:37,17,15,15,0,"fit: 1, efit: 4","fit: 1, efit: 4",,,,0,0,0,0,2,,
2026-02-19 15:26:06,17,15,15,0,"fit: 1, efit: 3","fit: 1, efit: 3",,,,0,0,0,0,2,,
2026-02-19 15:31:06,17,15,15,0,"fit: 1, efit: 2","fit: 1, efit: 2",,,,0,0,0,0,2,,
2026-02-19 16:56:18,17,15,15,0,"fit: 1, efit: 3","fit: 1, efit: 3",,,,0,0,0,0,2,,
2026-02-19 16:56:57,17,15,15,0,"fit: 1, efit: 2","fit: 1, efit: 2",,,,0,0,0,0,2,,
2026-02-19 18:27:14,17,15,15,0,"fit: 1, efit: 1","fit: 1, efit: 1",,,,0,0,0,0,2,,
2026-02-19 18:57:19,17,15,15,0,"fit: 1, efit: 2","fit: 1, efit: 2",,,,0,0,0,0,2,,
2026-02-19 20:00:34,17,15,15,0,"fit: 1, efit: 3","fit: 1, efit: 3",,,,0,0,0,0,2,,
2026-02-19 21:57:50,17,15,15,0,"fit: 1, efit: 2","fit: 1, efit: 2",,,,0,0,0,0,2,,
2026-02-20 00:01:25,17,15,15,0,"fit: 1, efit: 2","fit: 1, efit: 2",,,,0,0,0,0,2,,
2026-02-20 07:42:56,17,15,15,0,"fit: 1, efit: 1","fit: 1, efit: 1",,,,0,0,0,0,2,,
2026-02-20 09:18:16,17,15,15,0,fit: 1,fit: 1,,,,0,0,0,0,2,,
2026-02-20 09:28:18,17,15,15,0,,,,,,0,0,0,0,2,,
2026-02-20 11:40:11,17,15,15,0,efit: 1,efit: 1,,,,0,0,0,0,2,,
2026-02-20 11:44:21,17,15,15,0,efit: 2,efit: 2,,,,0,0,0,0,2,,
2026-02-20 12:23:53,17,15,15,0,efit: 3,efit: 3,,,,0,0,0,0,2,,
2026-02-20 13:19:04,17,15,15,0,efit: 4,efit: 4,,,,0,0,0,0,2,,
2026-02-20 13:49:10,17,15,15,0,efit: 3,efit: 3,,,,0,0,0,0,2,,
2026-02-20 14:25:42,17,15,15,0,efit: 4,efit: 4,,,,0,0,0,0,2,,
2026-02-20 15:09:55,17,15,15,0,efit: 3,efit: 3,,,,0,0,0,0,2,,
2026-02-20 15:14:28,17,15,15,0,efit: 2,efit: 2,,,,0,0,0,0,2,,
2026-02-20 15:34:32,17,15,15,0,efit: 3,efit: 3,,,,0,0,0,0,2,,
2026-02-20 17:55:00,17,15,15,0,efit: 2,efit: 2,,,,0,0,0,0,2,,
2026-02-20 18:00:02,17,15,15,0,efit: 3,efit: 3,,,,0,0,0,0,2,,
2026-02-20 18:10:04,17,15,15,0,efit: 2,efit: 2,,,,0,0,0,0,2,,
2026-02-20 18:56:29,17,15,15,0,"fit: 2, efit: 2","fit: 2, efit: 2",,,,0,0,0,0,2,,
2026-02-20 19:00:14,17,15,15,0,"fit: 3, efit: 1","fit: 3, efit: 1",,,,0,0,0,0,2,,
2026-02-20 19:25:19,17,15,15,0,"fit: 3, efit: 2","fit: 3, efit: 2",,,,0,0,0,0,2,,
2026-02-20 22:30:57,17,15,15,0,"fit: 3, efit: 1","fit: 3, efit: 1",,,,0,0,0,0,2,,
2026-02-21 00:01:16,17,15,15,0,"fit: 3, efit: 1","fit: 3, efit: 1",,,,0,0,0,0,2,,
2026-02-21 00:52:31,17,15,15,0,"fit: 3, efit: 2","fit: 3, efit: 2",,,,0,0,0,0,2,,
2026-02-21 01:51:37,17,15,15,0,"fit: 3, efit: 1","fit: 3, efit: 1",,,,0,0,0,0,2,,
2026-02-21 03:27:58,17,15,15,0,"fit: 3, efit: 2","fit: 3, efit: 2",,,,0,0,0,0,2,,
2026-02-21 07:47:33,17,15,15,0,"fit: 3, efit: 1","fit: 3, efit: 1",,,,0,0,0,0,2,,
2026-02-21 10:24:09,17,15,15,0,fit: 3,fit: 3,,,,0,0,0,0,2,,
2026-02-21 10:43:01,17,15,15,0,"fit: 3, efit: 1","fit: 3, efit: 1",,,,0,0,0,0,2,,
2026-02-21 12:28:19,17,15,15,0,"fit: 3, efit: 2","fit: 3, efit: 2",,,,0,0,0,0,2,,
2026-02-21 13:08:26,17,15,15,0,"fit: 3, efit: 3","fit: 3, efit: 3",,,,0,0,0,0,2,,
2026-02-21 13:13:26,17,15,15,0,"fit: 3, efit: 4","fit: 3, efit: 4",,,,0,0,0,0,2,,
2026-02-21 13:48:32,17,15,15,0,"fit: 3, efit: 5","fit: 3, efit: 5",,,,0,0,0,0,2,,
2026-02-21 15:09:58,17,15,15,0,"fit: 3, efit: 4","fit: 3, efit: 4",,,,0,0,0,0,2,,
2026-02-21 15:23:47,17,15,15,0,"fit: 3, efit: 3","fit: 3, efit: 3",,,,0,0,0,0,2,,
2026-02-21 15:43:50,17,15,15,0,"fit: 3, efit: 1","fit: 3, efit: 1",,,,0,0,0,0,2,,
2026-02-21 16:03:54,17,15,15,0,"fit: 3, efit: 2","fit: 3, efit: 2",,,,0,0,0,0,2,,
2026-02-21 16:23:57,17,15,15,0,"fit: 3, efit: 1","fit: 3, efit: 1",,,,0,0,0,0,2,,
2026-02-21 16:28:58,17,15,15,0,"fit: 3, efit: 2","fit: 3, efit: 2",,,,0,0,0,0,2,,
2026-02-21 17:39:42,17,15,15,0,"fit: 3, efit: 1","fit: 3, efit: 1",,,,0,0,0,0,2,,
2026-02-21 17:54:12,17,15,15,0,"fit: 3, efit: 2","fit: 3, efit: 2",,,,0,0,0,0,2,,
2026-02-21 18:24:17,17,15,15,0,"fit: 3, efit: 3","fit: 3, efit: 3",,,,0,0,0,0,2,,
2026-02-21 19:29:27,17,15,15,0,"fit: 3, efit: 2","fit: 3, efit: 2",,,,0,0,0,0,2,,
2026-02-21 20:44:40,17,15,15,0,"fit: 3, efit: 2","fit: 3, efit: 1",,,,0,0,0,0,2,,
2026-02-22 00:00:13,17,15,15,0,"fit: 3, efit: 2","fit: 3, efit: 1",,,,0,0,0,0,2,,
2026-02-22 11:07:01,17,15,15,0,"fit: 3, efit: 1",fit: 3,,,,0,0,0,0,2,,
2026-02-22 13:02:19,17,15,15,0,"fit: 3, efit: 2","fit: 3, efit: 1",,,,0,0,0,0,2,,
2026-02-22 14:03:49,17,15,15,0,"fit: 3, efit: 1",fit: 3,,,,0,0,0,0,2,,
2026-02-22 17:53:06,17,15,15,0,"fit: 2, efit: 1",fit: 2,,,,0,0,0,0,2,,
2026-02-22 18:54:47,17,15,15,0,"fit: 3, efit: 1",fit: 3,,,,0,0,0,0,2,,
2026-02-22 19:09:50,17,15,15,0,"fit: 4, efit: 2","fit: 4, efit: 1",,,,0,0,0,0,2,,
2026-02-22 20:38:33,17,15,15,0,"fit: 4, efit: 1",fit: 4,,,,0,0,0,0,2,,
2026-02-23 00:00:41,17,15,15,0,"fit: 4, efit: 1",fit: 4,,,,0,0,0,0,2,,
2026-02-23 02:29:29,17,15,15,0,"fit: 3, efit: 1",fit: 3,,,,0,0,0,0,2,,
2026-02-23 09:00:32,17,15,15,0,"fit: 6, efit: 2","fit: 6, efit: 2",,,,0,0,0,0,2,,
2026-02-23 12:31:07,17,15,15,0,"fit: 6, efit: 1","fit: 6, efit: 1",,,,0,0,0,0,2,,
2026-02-23 15:08:21,17,15,15,0,"fit: 6, efit: 2","fit: 6, efit: 2",,,,0,0,0,0,2,,
2026-02-23 18:18:53,17,15,15,0,"fit: 6, efit: 3","fit: 6, efit: 3",,,,0,0,0,0,2,,
2026-02-23 18:38:56,17,15,15,0,"fit: 6, efit: 2","fit: 6, efit: 2",,,,0,0,0,0,2,,
2026-02-24 00:00:16,17,15,15,0,"fit: 6, efit: 2","fit: 6, efit: 2",,,,0,0,0,0,2,,
2026-02-24 11:12:24,17,15,15,0,"fit: 6, efit: 3","fit: 6, efit: 3",,,,0,0,0,0,2,,
2026-02-24 12:22:09,17,15,15,0,"fit: 6, efit: 4","fit: 6, efit: 4",,,,0,0,0,0,2,,
2026-02-24 16:56:42,17,15,15,0,"fit: 6, efit: 3","fit: 6, efit: 3",,,,0,0,0,0,2,,
2026-02-24 17:30:04,17,15,15,0,"fit: 6, efit: 4","fit: 6, efit: 4",,,,0,0,0,0,2,,
2026-02-24 19:10:22,17,15,15,0,"fit: 6, efit: 3","fit: 6, efit: 3",,,,0,0,0,0,2,,
2026-02-24 20:07:12,17,15,15,0,"fit: 6, efit: 4","fit: 6, efit: 4",,,,0,0,0,0,2,,
2026-02-25 00:01:15,17,15,15,0,"fit: 6, efit: 4","fit: 6, efit: 4",,,,0,0,0,0,2,,
2026-02-25 09:27:50,17,15,15,0,"fit: 6, efit: 3","fit: 6, efit: 3",,,,0,0,0,0,2,,
2026-02-25 09:42:53,17,15,15,0,"fit: 6, efit: 2","fit: 6, efit: 2",,,,0,0,0,0,2,,
2026-02-25 11:13:09,17,15,15,0,"fit: 6, efit: 1","fit: 6, efit: 1",,,,0,0,0,0,2,,
2026-02-25 12:56:26,17,15,15,0,"fit: 6, efit: 2","fit: 6, efit: 2",,,,0,0,0,0,2,,
2026-02-25 13:38:35,17,15,15,0,"fit: 6, efit: 3","fit: 6, efit: 3",,,,0,0,0,0,2,,
2026-02-25 13:43:36,17,15,15,0,"fit: 6, efit: 2","fit: 6, efit: 2",,,,0,0,0,0,2,,
2026-02-25 14:18:42,17,15,15,0,"fit: 6, efit: 1","fit: 6, efit: 1",,,,0,0,0,0,2,,
2026-02-25 14:58:45,17,15,15,0,"fit: 5, efit: 1","fit: 5, efit: 1",,,,0,0,0,0,2,,
2026-02-25 15:06:58,17,15,15,0,fit: 5,fit: 5,,,,0,0,0,0,2,,
2026-02-25 15:57:11,17,15,15,0,"fit: 5, efit: 1","fit: 5, efit: 1",,,,0,0,0,0,2,,
2026-02-25 16:23:57,17,15,15,0,fit: 5,fit: 5,,,,0,0,0,0,2,,
2026-02-25 17:12:30,17,15,15,0,"fit: 5, efit: 1","fit: 5, efit: 1",,,,0,0,0,0,2,,
2026-02-25 17:22:32,17,15,15,0,"fit: 6, efit: 1","fit: 6, efit: 1",,,,0,0,0,0,2,,
2026-02-25 17:34:08,17,15,15,0,"fit: 6, efit: 2","fit: 6, efit: 2",,,,0,0,0,0,2,,
2026-02-25 18:22:47,17,15,15,0,"fit: 6, efit: 3","fit: 6, efit: 3",,,,0,0,0,0,2,,
2026-02-25 18:59:26,17,15,15,0,"fit: 6, efit: 2","fit: 6, efit: 2",,,,0,0,0,0,2,,
2026-02-26 00:00:07,17,15,15,0,"fit: 6, efit: 2","fit: 6, efit: 2",,,,0,0,0,0,2,,
2026-02-26 00:34:17,17,15,15,0,"fit: 6, efit: 3","fit: 6, efit: 3",,,,0,0,0,0,2,,
2026-02-26 03:15:36,17,15,15,0,"fit: 6, efit: 4","fit: 6, efit: 4",,,,0,0,0,0,2,,
2026-02-26 03:15:53,17,15,15,0,"fit: 6, efit: 3","fit: 6, efit: 3",,,,0,0,0,0,2,,
2026-02-26 04:55:22,17,15,15,0,"fit: 6, efit: 2","fit: 6, efit: 2",,,,0,0,0,0,2,,
2026-02-26 09:36:31,17,15,15,0,"fit: 6, efit: 1","fit: 6, efit: 1",,,,0,0,0,0,2,,
2026-02-26 09:56:34,17,15,15,0,"fit: 7, efit: 1","fit: 7, efit: 1",,,,0,0,0,0,2,,
2026-02-26 11:06:45,17,15,15,0,fit: 7,fit: 7,,,,0,0,0,0,2,,
2026-02-26 11:51:52,17,15,15,0,fit: 6,fit: 6,,,,0,0,0,0,2,,
2026-02-26 12:52:03,17,15,15,0,"fit: 6, efit: 1","fit: 6, efit: 1",,,,0,0,0,0,2,,
2026-02-26 13:07:05,17,15,15,0,"fit: 6, efit: 2","fit: 6, efit: 2",,,,0,0,0,0,2,,
2026-02-26 14:17:43,17,15,15,0,"fit: 6, efit: 1","fit: 6, efit: 1",,,,0,0,0,0,2,,
2026-02-26 15:47:30,17,15,15,0,fit: 6,fit: 6,,,,0,0,0,0,2,,
2026-02-26 16:42:39,17,15,15,0,"fit: 6, efit: 1","fit: 6, efit: 1",,,,0,0,0,0,2,,
2026-02-26 16:57:41,17,15,15,0,"fit: 6, efit: 2","fit: 6, efit: 2",,,,0,0,0,0,2,,
2026-02-26 17:42:47,17,15,15,0,"fit: 6, efit: 3","fit: 6, efit: 3",,,,0,0,0,0,2,,
2026-02-26 17:47:48,17,15,15,0,"fit: 6, efit: 2","fit: 6, efit: 2",,,,0,0,0,0,2,,
2026-02-26 18:22:53,17,15,15,0,"fit: 6, efit: 3","fit: 6, efit: 3",,,,0,0,0,0,2,,
2026-02-26 18:27:54,17,15,15,0,"fit: 6, efit: 4","fit: 6, efit: 4",,,,0,0,0,0,2,,
2026-02-26 18:57:58,17,15,15,0,"fit: 6, efit: 3","fit: 6, efit: 3",,,,0,0,0,0,2,,
2026-02-26 20:23:11,17,15,15,0,"fit: 6, efit: 2","fit: 6, efit: 2",,,,0,0,0,0,2,,
2026-02-26 21:43:23,17,15,15,0,"fit: 6, efit: 1","fit: 6, efit: 1",,,,0,0,0,0,2,,
2026-02-27 00:00:09,17,15,15,0,"fit: 6, efit: 1","fit: 6, efit: 1",,,,0,0,0,0,2,,
2026-02-27 00:43:49,17,15,15,0,"fit: 6, efit: 2","fit: 6, efit: 2",,,,0,0,0,0,2,,
2026-02-27 08:49:59,17,15,15,0,"fit: 6, efit: 3","fit: 6, efit: 3",,,,0,0,0,0,2,,
2026-02-27 09:25:05,17,15,15,0,"fit: 6, efit: 2","fit: 6, efit: 2",,,,0,0,0,0,2,,
2026-02-27 09:45:08,17,15,15,0,"fit: 6, efit: 3","fit: 6, efit: 3",,,,0,0,0,0,2,,
2026-02-27 09:46:04,17,15,15,0,"fit: 6, efit: 2","fit: 6, efit: 2",,,,0,0,0,0,2,,
2026-02-27 09:55:09,17,15,15,0,"fit: 6, efit: 1","fit: 6, efit: 1",,,,0,0,0,0,2,,
2026-02-27 11:35:24,17,15,15,0,"fit: 6, efit: 2","fit: 6, efit: 2",,,,0,0,0,0,2,,
2026-02-27 12:45:35,17,15,15,0,"fit: 6, efit: 1","fit: 6, efit: 1",,,,0,0,0,0,2,,
2026-02-27 12:46:34,17,15,15,0,fit: 6,fit: 6,,,,0,0,0,0,2,,
2026-02-27 14:00:46,17,15,15,0,"fit: 6, efit: 1","fit: 6, efit: 1",,,,0,0,0,0,2,,
2026-02-27 14:08:40,17,15,15,0,fit: 6,fit: 6,,,,0,0,0,0,2,,
2026-02-27 17:04:25,17,15,15,0,"fit: 6, efit: 3","fit: 6, efit: 3",,,,0,0,0,0,2,,
2026-02-27 17:26:17,17,15,15,0,"fit: 5, efit: 3","fit: 5, efit: 3",,,,0,0,0,0,2,,
2026-02-27 17:27:23,17,15,15,0,"fit: 6, efit: 3","fit: 6, efit: 3",,,,0,0,0,0,2,,
2026-02-27 17:29:31,17,15,15,0,"fit: 5, efit: 3","fit: 5, efit: 3",,,,0,0,0,0,2,,
2026-02-27 19:37:45,17,15,15,0,"fit: 5, efit: 4","fit: 5, efit: 4",,,,0,0,0,0,2,,
2026-02-27 20:15:12,17,15,15,0,"fit: 5, efit: 5","fit: 5, efit: 5",,,,0,0,0,0,2,,
2026-02-27 21:00:23,17,15,15,0,"fit: 5, efit: 4","fit: 5, efit: 4",,,,0,0,0,0,2,,
2026-02-27 23:18:22,17,15,15,0,"fit: 5, efit: 3","fit: 5, efit: 3",,,,0,0,0,0,2,,
2026-02-28 00:01:07,17,15,15,0,"fit: 5, efit: 3","fit: 5, efit: 3",,,,0,0,0,0,2,,
2026-02-28 01:27:29,17,15,15,0,"fit: 5, efit: 1","fit: 5, efit: 1",,,,0,0,0,0,2,,
2026-02-28 03:29:05,17,15,15,0,fit: 5,fit: 5,,,,0,0,0,0,2,,
2026-02-28 06:14:33,17,15,15,0,fit: 4,fit: 4,,,,0,0,0,0,2,,
2026-02-28 08:53:13,17,15,15,0,"fit: 4, efit: 2","fit: 4, efit: 2",,,,0,0,0,0,2,,
2026-02-28 09:03:15,17,15,15,0,"fit: 4, efit: 3","fit: 4, efit: 3",,,,0,0,0,0,2,,
2026-02-28 09:55:11,17,15,15,0,"fit: 4, efit: 2","fit: 4, efit: 2",,,,0,0,0,0,2,,
2026-02-28 10:08:31,17,15,15,0,"fit: 4, efit: 1","fit: 4, efit: 1",,,,0,0,0,0,2,,
2026-02-28 10:58:43,17,15,15,0,"fit: 4, efit: 2","fit: 4, efit: 2",,,,0,0,0,0,2,,
2026-02-28 11:08:45,17,15,15,0,"fit: 4, efit: 1","fit: 4, efit: 1",,,,0,0,0,0,2,,
2026-02-28 11:58:57,17,15,15,0,"fit: 4, efit: 2","fit: 4, efit: 2",,,,0,0,0,0,2,,
2026-02-28 12:19:02,17,15,15,0,"fit: 4, efit: 3","fit: 4, efit: 3",,,,0,0,0,0,2,,
2026-02-28 12:25:37,17,15,15,0,"fit: 4, efit: 2","fit: 4, efit: 2",,,,0,0,0,0,2,,
2026-02-28 12:49:09,17,15,15,0,"fit: 4, efit: 1","fit: 4, efit: 1",,,,0,0,0,0,2,,
2026-02-28 13:05:44,17,15,15,0,fit: 4,fit: 4,,,,0,0,0,0,2,,
2026-02-28 13:50:52,17,15,15,0,"fit: 4, efit: 1","fit: 4, efit: 1",,,,0,0,0,0,2,,
2026-02-28 13:59:19,17,15,15,0,"fit: 5, efit: 1","fit: 5, efit: 1",,,,0,0,0,0,2,,
2026-02-28 15:24:32,17,15,15,0,fit: 5,fit: 5,,,,0,0,0,0,2,,
2026-02-28 16:14:40,17,15,15,0,fit: 4,fit: 4,,,,0,0,0,0,2,,
2026-02-28 16:19:40,17,15,15,0,fit: 3,fit: 3,,,,0,0,0,0,2,,
2026-02-28 17:19:50,17,15,15,0,"fit: 3, efit: 1","fit: 3, efit: 1",,,,0,0,0,0,2,,
2026-02-28 17:24:51,17,15,15,0,"fit: 4, efit: 1","fit: 4, efit: 1",,,,0,0,0,0,2,,
2026-02-28 17:44:54,17,15,15,0,"fit: 4, efit: 2","fit: 4, efit: 2",,,,0,0,0,0,2,,
2026-02-28 18:19:59,17,15,15,0,"fit: 4, efit: 1","fit: 4, efit: 1",,,,0,0,0,0,2,,
2026-02-28 18:21:40,17,15,15,0,fit: 4,fit: 4,,,,0,0,0,0,2,,
2026-02-28 19:15:08,17,15,15,0,fit: 3,fit: 3,,,,0,0,0,0,2,,
2026-02-28 19:30:10,17,15,15,0,fit: 3,fit: 2,fit: 1,,,0,0,0,0,2,,
2026-02-28 19:31:52,17,15,15,0,"fit: 3, efit: 2","fit: 2, efit: 2",fit: 1,,,0,0,0,0,2,,
2026-02-28 20:36:00,17,15,15,0,"fit: 3, efit: 3","fit: 2, efit: 3",fit: 1,,,0,0,0,0,2,,
2026-03-01 00:00:51,17,15,15,0,"fit: 3, efit: 3","fit: 2, efit: 3",fit: 1,,,0,0,0,0,2,,
2026-03-01 02:47:29,17,15,15,0,"fit: 3, efit: 2","fit: 2, efit: 2",fit: 1,,,0,0,0,0,2,,
2026-03-01 06:36:50,17,15,15,0,"fit: 3, efit: 1","fit: 2, efit: 1",fit: 1,,,0,0,0,0,2,,
2026-03-01 08:43:53,17,15,15,0,"fit: 3, efit: 2","fit: 2, efit: 2",fit: 1,,,0,0,0,0,2,,
2026-03-01 09:34:05,17,15,15,0,"fit: 3, efit: 3","fit: 2, efit: 3",fit: 1,,,0,0,0,0,2,,
2026-03-01 12:39:41,17,15,15,0,"fit: 3, efit: 4","fit: 2, efit: 4",fit: 1,,,0,0,0,0,2,,
2026-03-01 13:07:50,17,15,15,0,"fit: 3, efit: 3","fit: 2, efit: 3",fit: 1,,,0,0,0,0,2,,
2026-03-01 13:17:52,17,15,15,0,"fit: 3, efit: 2","fit: 2, efit: 2",fit: 1,,,0,0,0,0,2,,
2026-03-01 13:57:58,17,15,15,0,"fit: 2, efit: 2","fit: 2, efit: 2",,,,0,0,0,0,2,,
2026-03-01 14:07:59,17,15,15,0,fit: 2,fit: 2,,,,0,0,0,0,2,,
2026-03-01 14:48:06,17,15,15,0,fit: 1,fit: 1,,,,0,0,0,0,2,,
2026-03-01 14:55:04,17,15,15,0,"fit: 1, efit: 1","fit: 1, efit: 1",,,,0,0,0,0,2,,
2026-03-01 14:55:20,17,15,15,0,"fit: 1, efit: 2","fit: 1, efit: 2",,,,0,0,0,0,2,,
2026-03-01 15:08:09,17,15,15,0,"fit: 1, efit: 3","fit: 1, efit: 3",,,,0,0,0,0,2,,
2026-03-01 15:55:15,17,15,15,0,"fit: 2, efit: 3","fit: 2, efit: 3",,,,0,0,0,0,2,,
2026-03-01 16:30:43,17,15,15,0,"fit: 2, efit: 2","fit: 2, efit: 2",,,,0,0,0,0,2,,
2026-03-01 17:35:32,17,15,15,0,"fit: 2, efit: 3","fit: 2, efit: 3",,,,0,0,0,0,2,,
2026-03-01 17:40:33,17,15,15,0,"fit: 2, efit: 2","fit: 2, efit: 2",,,,0,0,0,0,2,,
2026-03-01 18:23:38,17,15,15,0,"fit: 2, efit: 1","fit: 2, efit: 1",,,,0,0,0,0,2,,
2026-03-01 18:28:39,17,15,15,0,fit: 2,fit: 2,,,,0,0,0,0,2,,
2026-03-01 18:30:41,17,15,15,0,fit: 1,fit: 1,,,,0,0,0,0,2,,
2026-03-01 20:21:38,17,15,15,0,"fit: 1, efit: 1","fit: 1, efit: 1",,,,0,0,0,0,2,,
2026-03-02 00:01:37,17,15,15,0,"fit: 1, efit: 1","fit: 1, efit: 1",,,,0,0,0,0,2,,
2026-03-02 01:34:42,17,15,15,0,fit: 1,fit: 1,,,,0,0,0,0,2,,
2026-03-02 09:48:15,17,15,15,0,,,,,,0,0,0,0,2,,
2026-03-02 11:00:06,17,15,15,0,efit: 3,efit: 3,,,,0,0,0,0,2,,
2026-03-02 11:01:07,17,15,15,0,efit: 6,efit: 6,,,,0,0,0,0,2,,
2026-03-02 11:03:27,17,15,15,0,efit: 7,efit: 7,,,,0,0,0,0,2,,
2026-03-02 12:30:28,17,15,15,0,efit: 8,efit: 8,,,,0,0,0,0,2,,
2026-03-02 12:43:44,17,15,15,0,efit: 7,efit: 7,,,,0,0,0,0,2,,
2026-03-02 14:34:02,17,15,15,0,efit: 6,efit: 6,,,,0,0,0,0,2,,
2026-03-02 14:35:57,17,15,15,0,efit: 7,efit: 7,,,,0,0,0,0,2,,
2026-03-02 15:19:10,17,15,15,0,efit: 8,efit: 8,,,,0,0,0,0,2,,
2026-03-02 16:21:23,17,15,15,0,efit: 7,efit: 7,,,,0,0,0,0,2,,
2026-03-02 16:49:25,17,15,15,0,efit: 6,efit: 6,,,,0,0,0,0,2,,
2026-03-02 17:51:45,17,15,15,0,efit: 7,efit: 7,,,,0,0,0,0,2,,
2026-03-02 17:54:36,17,15,15,0,efit: 8,efit: 8,,,,0,0,0,0,2,,
2026-03-02 18:29:42,17,15,15,0,efit: 7,efit: 7,,,,0,0,0,0,2,,
2026-03-02 18:44:44,17,15,15,0,efit: 8,efit: 8,,,,0,0,0,0,2,,
2026-03-02 19:04:48,17,15,15,0,efit: 9,efit: 9,,,,0,0,0,0,2,,
2026-03-02 19:24:51,17,15,15,0,efit: 10,efit: 10,,,,0,0,0,0,2,,
2026-03-02 20:04:58,17,15,15,0,efit: 11,efit: 11,,,,0,0,0,0,2,,
2026-03-02 20:42:26,17,15,15,0,efit: 12,efit: 12,,,,0,0,0,0,2,,
2026-03-02 20:52:29,17,15,15,0,efit: 11,efit: 11,,,,0,0,0,0,2,,
2026-03-02 21:10:09,17,15,15,0,efit: 10,efit: 10,,,,0,0,0,0,2,,
2026-03-03 00:00:38,17,15,15,0,efit: 10,efit: 10,,,,0,0,0,0,2,,
2026-03-03 07:44:12,17,15,15,0,efit: 11,efit: 11,,,,0,0,0,0,2,,
2026-03-03 07:54:13,17,15,15,0,efit: 10,efit: 10,,,,0,0,0,0,2,,
2026-03-03 08:54:22,17,15,15,0,efit: 11,efit: 11,,,,0,0,0,0,2,,
2026-03-03 09:17:10,17,15,15,0,efit: 12,efit: 12,,,,0,0,0,0,2,,
2026-03-03 09:39:28,17,15,15,0,efit: 11,efit: 11,,,,0,0,0,0,2,,
2026-03-03 11:39:46,17,15,15,0,efit: 10,efit: 10,,,,0,0,0,0,2,,
2026-03-03 12:36:11,17,15,15,0,efit: 9,efit: 9,,,,0,0,0,0,2,,
2026-03-03 13:35:04,17,15,15,0,efit: 8,efit: 8,,,,0,0,0,0,2,,
2026-03-03 15:32:55,17,15,15,0,efit: 7,efit: 7,,,,0,0,0,0,2,,
2026-03-03 20:59:00,17,15,15,0,efit: 8,efit: 8,,,,0,0,0,0,2,,
2026-03-04 00:01:38,17,15,15,0,efit: 8,efit: 8,,,,0,0,0,0,2,,
2026-03-04 07:37:46,17,15,15,0,efit: 9,efit: 9,,,,0,0,0,0,2,,
2026-03-04 07:57:49,17,15,15,0,efit: 10,efit: 10,,,,0,0,0,0,2,,
2026-03-04 08:27:54,17,15,15,0,efit: 8,efit: 8,,,,0,0,0,0,2,,
2026-03-04 08:51:02,17,15,15,0,efit: 8,efit: 7,,,,0,0,0,0,2,,
2026-03-04 09:46:12,17,15,15,0,efit: 6,efit: 5,,,,0,0,0,0,2,,
2026-03-04 10:21:18,17,15,15,0,efit: 5,efit: 4,,,,0,0,0,0,2,,
2026-03-04 14:21:59,17,15,15,0,efit: 5,efit: 5,,,,0,0,0,0,2,,
2026-03-04 14:47:26,17,15,15,0,efit: 4,efit: 4,,,,0,0,0,0,2,,
2026-03-04 16:00:02,17,15,15,0,efit: 5,efit: 5,,,,0,0,0,0,2,,
2026-03-04 16:26:41,17,15,15,0,efit: 6,efit: 6,,,,0,0,0,0,2,,
2026-03-04 16:46:10,17,15,15,0,efit: 5,efit: 5,,,,0,0,0,0,2,,
2026-03-04 17:35:17,17,15,15,0,efit: 4,efit: 4,,,,0,0,0,0,2,,
2026-03-04 18:32:04,17,15,15,0,efit: 4,efit: 3,,,,0,0,0,0,2,,
2026-03-04 20:05:41,17,15,15,0,efit: 5,efit: 4,,,,0,0,0,0,2,,
2026-03-04 20:25:44,17,15,15,0,efit: 6,efit: 5,,,,0,0,0,0,2,,
2026-03-04 20:45:47,17,15,15,0,efit: 7,efit: 6,,,,0,0,0,0,2,,
2026-03-05 00:02:33,17,15,15,0,efit: 7,efit: 6,,,,0,0,0,0,2,,
2026-03-05 07:23:55,17,15,15,0,efit: 8,efit: 7,,,,0,0,0,0,2,,
2026-03-05 09:44:21,17,15,15,0,efit: 7,efit: 6,,,,0,0,0,0,2,,
2026-03-05 10:14:27,17,15,15,0,efit: 8,efit: 7,,,,0,0,0,0,2,,
2026-03-05 10:25:48,17,15,15,0,efit: 8,efit: 8,,,,0,0,0,0,2,,
2026-03-05 10:29:30,17,15,15,0,efit: 8,efit: 7,efit: 1,,,0,0,0,0,2,,
2026-03-05 11:19:39,17,15,15,0,efit: 7,efit: 7,,,,0,0,0,0,2,,
2026-03-05 14:30:17,17,15,15,0,efit: 5,efit: 5,,,,0,0,0,0,2,,
2026-03-05 15:00:23,17,15,15,0,efit: 4,efit: 4,,,,0,0,0,0,2,,
2026-03-05 15:20:27,17,15,15,0,efit: 5,efit: 5,,,,0,0,0,0,2,,
2026-03-05 15:41:33,17,15,15,0,efit: 6,efit: 6,,,,0,0,0,0,2,,
2026-03-05 15:50:33,17,15,15,0,efit: 7,efit: 7,,,,0,0,0,0,2,,
2026-03-05 16:30:40,17,15,15,0,efit: 6,efit: 6,,,,0,0,0,0,2,,
2026-03-05 16:50:44,17,15,15,0,efit: 7,efit: 7,,,,0,0,0,0,2,,
2026-03-05 17:10:48,17,15,15,0,efit: 6,efit: 6,,,,0,0,0,0,2,,
2026-03-05 17:40:29,17,15,15,0,efit: 5,efit: 5,,,,0,0,0,0,2,,
2026-03-05 18:03:17,17,15,15,0,efit: 4,efit: 4,,,,0,0,0,0,2,,
2026-03-05 18:10:36,17,15,15,0,efit: 5,efit: 5,,,,0,0,0,0,2,,
2026-03-05 18:43:23,17,15,15,0,efit: 7,efit: 7,,,,0,0,0,0,2,,
2026-03-05 19:33:30,17,15,15,0,efit: 8,efit: 8,,,,0,0,0,0,2,,
2026-03-05 19:35:42,17,15,15,0,efit: 7,efit: 7,,,,0,0,0,0,2,,
2026-03-05 21:08:45,17,15,15,0,"fit: 1, efit: 6","fit: 1, efit: 6",,,,0,0,0,0,2,,
2026-03-05 21:11:06,17,15,15,0,"fit: 2, efit: 5","fit: 2, efit: 5",,,,0,0,0,0,2,,
2026-03-05 21:33:49,17,15,15,0,"fit: 2, efit: 6","fit: 2, efit: 6",,,,0,0,0,0,2,,
2026-03-05 21:36:08,17,15,15,0,"fit: 2, efit: 7","fit: 2, efit: 7",,,,0,0,0,0,2,,
2026-03-05 22:01:13,17,15,15,0,"fit: 2, efit: 7","fit: 2, efit: 6",,,,0,0,0,0,2,,
2026-03-05 22:33:57,17,15,15,0,"fit: 2, efit: 6","fit: 2, efit: 5",,,,0,0,0,0,2,,
2026-03-05 23:34:06,17,15,15,0,"fit: 2, efit: 7","fit: 2, efit: 6",,,,0,0,0,0,2,,
2026-03-06 00:01:33,17,15,15,0,"fit: 2, efit: 7","fit: 2, efit: 6",,,,0,0,0,0,2,,
2026-03-06 00:04:11,17,15,15,0,"fit: 2, efit: 8","fit: 2, efit: 7",,,,0,0,0,0,2,,
2026-03-06 01:31:47,17,15,15,0,"fit: 2, efit: 10","fit: 2, efit: 9",,,,0,0,0,0,2,,
2026-03-06 04:32:49,17,15,15,0,"fit: 2, efit: 10","fit: 2, efit: 8",,,,0,0,0,0,2,,
2026-03-06 05:27:26,17,15,15,0,"fit: 2, efit: 10","fit: 2, efit: 7",,,,0,0,0,0,2,,
2026-03-06 05:52:30,17,15,15,0,"fit: 2, efit: 9","fit: 2, efit: 6",,,,0,0,0,0,2,,
2026-03-06 09:08:53,17,15,15,0,"fit: 2, efit: 8","fit: 2, efit: 5",,,,0,0,0,0,2,,
2026-03-06 09:10:31,17,15,15,0,"fit: 2, efit: 9","fit: 2, efit: 6",,,,0,0,0,0,2,,
2026-03-06 09:35:34,17,15,15,0,"fit: 2, efit: 8","fit: 2, efit: 5",,,,0,0,0,0,2,,
2026-03-06 09:38:07,17,15,15,0,"fit: 2, efit: 9","fit: 2, efit: 6",,,,0,0,0,0,2,,
2026-03-06 10:03:11,17,15,15,0,"fit: 2, efit: 8","fit: 2, efit: 5",,,,0,0,0,0,2,,
2026-03-06 10:09:07,17,15,15,0,"fit: 2, efit: 9","fit: 2, efit: 6",,,,0,0,0,0,2,,
2026-03-06 10:18:14,17,15,15,0,"fit: 2, efit: 7","fit: 2, efit: 4",,,,0,0,0,0,2,,
2026-03-06 10:19:10,17,15,15,0,"fit: 2, efit: 6","fit: 2, efit: 4",,,,0,0,0,0,2,,
2026-03-06 10:20:41,17,15,15,0,"fit: 2, efit: 5","fit: 2, efit: 4",,,,0,0,0,0,2,,
2026-03-06 10:23:14,17,15,15,0,"fit: 2, efit: 4","fit: 2, efit: 4",,,,0,0,0,0,2,,
2026-03-06 11:15:49,17,15,15,0,"fit: 2, efit: 3","fit: 2, efit: 3",,,,0,0,0,0,2,,
2026-03-06 12:34:42,17,15,15,0,"fit: 3, efit: 2","fit: 3, efit: 2",,,,0,0,0,0,2,,
2026-03-06 13:39:57,17,15,15,0,"fit: 3, efit: 3","fit: 3, efit: 3",,,,0,0,0,0,2,,
2026-03-06 13:43:47,17,15,15,0,"fit: 3, efit: 2","fit: 3, efit: 2",,,,0,0,0,0,2,,
2026-03-06 14:01:14,17,15,15,0,"fit: 3, efit: 1","fit: 3, efit: 1",,,,0,0,0,0,2,,
2026-03-06 14:30:10,17,15,15,0,fit: 3,fit: 3,,,,0,0,0,0,2,,
2026-03-06 14:40:12,17,15,15,0,fit: 2,fit: 2,,,,0,0,0,0,2,,
2026-03-06 14:50:14,17,15,15,0,fit: 1,fit: 1,,,,0,0,0,0,2,,
2026-03-06 15:06:24,17,15,15,0,"fit: 1, efit: 1","fit: 1, efit: 1",,,,0,0,0,0,2,,
2026-03-06 15:24:04,17,15,15,0,"fit: 1, efit: 2","fit: 1, efit: 2",,,,0,0,0,0,2,,
2026-03-06 16:24:14,17,15,15,0,"fit: 1, efit: 3","fit: 1, efit: 3",,,,0,0,0,0,2,,
2026-03-06 16:29:15,17,15,15,0,"fit: 1, efit: 2","fit: 1, efit: 2",,,,0,0,0,0,2,,
2026-03-06 17:05:47,17,15,15,0,"fit: 1, efit: 3","fit: 1, efit: 3",,,,0,0,0,0,2,,
2026-03-06 17:06:42,17,15,15,0,"fit: 1, efit: 2","fit: 1, efit: 2",,,,0,0,0,0,2,,
2026-03-06 17:39:27,17,15,15,0,efit: 1,efit: 1,,,,0,0,0,0,2,,
2026-03-06 18:04:31,17,15,15,0,,,,,,0,0,0,0,2,,
2026-03-06 18:31:08,17,15,15,0,efit: 1,efit: 1,,,,0,0,0,0,2,,
2026-03-06 18:34:36,17,15,15,0,efit: 2,efit: 2,,,,0,0,0,0,2,,
2026-03-06 19:04:41,17,15,15,0,efit: 3,efit: 3,,,,0,0,0,0,2,,
2026-03-06 19:32:03,17,15,15,0,efit: 4,efit: 4,,,,0,0,0,0,2,,
2026-03-06 19:46:26,17,15,15,0,efit: 3,efit: 3,,,,0,0,0,0,2,,
2026-03-06 20:16:33,17,15,15,0,efit: 2,efit: 2,,,,0,0,0,0,2,,
2026-03-06 20:51:41,17,15,15,0,efit: 1,efit: 1,,,,0,0,0,0,2,,
2026-03-06 21:26:50,17,15,15,0,,,,,,0,0,0,0,2,,
2026-03-06 21:55:11,17,15,15,0,efit: 1,efit: 1,,,,0,0,0,0,2,,
2026-03-06 21:56:57,17,15,15,0,efit: 2,efit: 2,,,,0,0,0,0,2,,
2026-03-07 00:00:32,17,15,15,0,efit: 2,efit: 2,,,,0,0,0,0,2,,
2026-03-07 00:05:32,17,15,15,0,efit: 1,efit: 1,,,,0,0,0,0,2,,
2026-03-07 01:02:41,17,15,15,0,efit: 2,efit: 2,,,,0,0,0,0,2,,
2026-03-07 01:05:42,17,15,15,0,efit: 1,efit: 1,,,,0,0,0,0,2,,
2026-03-07 01:35:47,17,15,15,0,efit: 2,efit: 2,,,,0,0,0,0,2,,
2026-03-07 04:26:15,17,15,15,0,efit: 1,efit: 1,,,,0,0,0,0,2,,
2026-03-07 05:46:28,17,15,15,0,,,,,,0,0,0,0,2,,
2026-03-07 07:58:50,17,15,15,0,efit: 1,efit: 1,,,,0,0,0,0,2,,
2026-03-07 08:43:57,17,15,15,0,,,,,,0,0,0,0,2,,
2026-03-07 08:46:58,17,15,15,0,efit: 1,efit: 1,,,,0,0,0,0,2,,
2026-03-07 08:48:58,17,15,15,0,efit: 4,efit: 4,,,,0,0,0,0,2,,
2026-03-07 08:49:28,17,15,15,0,efit: 5,efit: 5,,,,0,0,0,0,2,,
2026-03-07 08:51:59,17,15,15,0,efit: 6,efit: 6,,,,0,0,0,0,2,,
2026-03-07 09:24:36,17,15,15,0,efit: 7,efit: 7,,,,0,0,0,0,2,,
2026-03-07 10:49:56,17,15,15,0,efit: 6,efit: 6,,,,0,0,0,0,2,,
2026-03-07 10:52:19,17,15,15,0,efit: 5,efit: 5,,,,0,0,0,0,2,,
2026-03-07 11:04:18,17,15,15,0,efit: 4,efit: 4,,,,0,0,0,0,2,,
2026-03-07 11:14:19,17,15,15,0,efit: 3,efit: 3,,,,0,0,0,0,2,,
2026-03-07 11:57:29,17,15,15,0,efit: 2,efit: 2,,,,0,0,0,0,2,,
2026-03-07 12:00:14,17,15,15,0,efit: 3,efit: 3,,,,0,0,0,0,2,,
2026-03-07 13:29:39,17,15,15,0,efit: 4,efit: 4,,,,0,0,0,0,2,,
2026-03-07 13:32:45,17,15,15,0,efit: 3,efit: 3,,,,0,0,0,0,2,,
2026-03-07 13:35:36,17,15,15,0,efit: 2,efit: 2,,,,0,0,0,0,2,,
2026-03-07 13:37:46,17,15,15,0,efit: 1,efit: 1,,,,0,0,0,0,2,,
2026-03-07 13:52:49,17,15,15,0,efit: 2,efit: 2,,,,0,0,0,0,2,,
2026-03-07 14:14:46,17,15,15,0,efit: 1,efit: 1,,,,0,0,0,0,2,,
2026-03-07 14:35:51,17,15,15,0,efit: 2,efit: 2,,,,0,0,0,0,2,,
2026-03-07 15:04:53,17,15,15,0,efit: 3,efit: 3,,,,0,0,0,0,2,,
2026-03-07 15:16:01,17,15,15,0,efit: 2,efit: 2,,,,0,0,0,0,2,,
2026-03-07 15:24:56,17,15,15,0,,,,,,0,0,0,0,2,,
2026-03-07 16:03:10,17,15,15,0,fit: 1,fit: 1,,,,0,0,0,0,2,,
2026-03-07 19:00:30,17,15,15,0,"fit: 1, efit: 2","fit: 1, efit: 2",,,,0,0,0,0,2,,
2026-03-07 21:59:09,17,15,15,0,"fit: 1, efit: 3","fit: 1, efit: 2",,,,0,0,0,0,2,,
2026-03-07 22:52:49,17,15,15,0,"fit: 1, efit: 2","fit: 1, efit: 1",,,,0,0,0,0,2,,
2026-03-07 23:58:05,17,15,15,0,"fit: 1, efit: 3","fit: 1, efit: 2",,,,0,0,0,0,2,,
2026-03-08 00:01:14,17,15,15,0,"fit: 1, efit: 3","fit: 1, efit: 2",,,,0,0,0,0,2,,
2026-03-08 03:38:43,17,15,15,0,"fit: 1, efit: 2","fit: 1, efit: 1",,,,0,0,0,0,2,,
2026-03-08 04:16:43,17,15,15,0,"fit: 1, efit: 1",fit: 1,,,,0,0,0,0,2,,
2026-03-08 04:28:54,17,15,15,0,"fit: 1, efit: 3","fit: 1, efit: 2",,,,0,0,0,0,2,,
2026-03-08 04:30:04,17,15,15,0,"fit: 1, efit: 1",fit: 1,,,,0,0,0,0,2,,
2026-03-08 07:40:36,17,15,15,0,"fit: 1, efit: 2","fit: 1, efit: 1",,,,0,0,0,0,2,,
2026-03-08 08:34:53,17,15,15,0,"fit: 1, efit: 3","fit: 1, efit: 2",,,,0,0,0,0,2,,
2026-03-08 08:49:56,17,15,15,0,"fit: 1, efit: 2","fit: 1, efit: 1",,,,0,0,0,0,2,,
2026-03-08 09:35:55,17,15,15,0,"fit: 1, efit: 3","fit: 1, efit: 2",,,,0,0,0,0,2,,
2026-03-08 09:40:10,17,15,15,0,"fit: 1, efit: 2","fit: 1, efit: 1",,,,0,0,0,0,2,,
2026-03-08 10:46:07,17,15,15,0,"fit: 1, efit: 1",fit: 1,,,,0,0,0,0,2,,
2026-03-08 12:30:50,17,15,15,0,efit: 2,efit: 1,,,,0,0,0,0,2,,
2026-03-08 13:13:02,17,15,15,0,efit: 1,,,,,0,0,0,0,2,,
2026-03-08 13:46:37,17,15,15,0,efit: 2,efit: 1,,,,0,0,0,0,2,,
2026-03-08 13:51:10,17,15,15,0,efit: 1,,,,,0,0,0,0,2,,
2026-03-08 14:11:14,17,15,15,0,efit: 2,efit: 1,,,,0,0,0,0,2,,
2026-03-08 14:21:17,17,15,15,0,efit: 2,efit: 1,efit: 1,,,0,0,0,0,2,,
2026-03-08 15:01:27,17,15,15,0,"fit: 1, efit: 3","fit: 1, efit: 2",efit: 1,,,0,0,0,0,2,,
2026-03-08 15:18:20,17,15,15,0,"fit: 1, efit: 2","fit: 1, efit: 1",efit: 1,,,0,0,0,0,2,,
2026-03-08 15:51:39,17,15,15,0,"fit: 1, efit: 3","fit: 1, efit: 2",efit: 1,,,0,0,0,0,2,,
2026-03-08 16:16:44,17,15,15,0,"fit: 1, efit: 2","fit: 1, efit: 1",efit: 1,,,0,0,0,0,2,,
2026-03-08 16:41:50,17,15,15,0,"fit: 1, efit: 1",fit: 1,efit: 1,,,0,0,0,0,2,,
2026-03-08 17:12:11,17,15,15,0,efit: 1,,efit: 1,,,0,0,0,0,2,,
2026-03-08 18:02:10,17,15,15,0,efit: 4,efit: 3,efit: 1,,,0,0,0,0,2,,
2026-03-08 18:52:22,17,15,15,0,efit: 3,efit: 2,efit: 1,,,0,0,0,0,2,,
2026-03-08 19:07:26,17,15,15,0,"fit: 1, efit: 2","fit: 1, efit: 1",efit: 1,,,0,0,0,0,2,,
2026-03-08 19:17:28,17,15,15,0,"fit: 1, efit: 3","fit: 1, efit: 2",efit: 1,,,0,0,0,0,2,,
2026-03-08 19:22:29,17,15,15,0,efit: 1,,efit: 1,,,0,0,0,0,2,,
2026-03-08 20:32:42,17,15,15,0,efit: 2,efit: 1,efit: 1,,,0,0,0,0,2,,
2026-03-08 21:57:56,17,15,15,0,efit: 1,,efit: 1,,,0,0,0,0,2,,
2026-03-08 22:39:26,17,15,15,0,efit: 2,efit: 1,efit: 1,,,0,0,0,0,2,,
2026-03-08 23:03:07,17,15,15,0,efit: 1,,efit: 1,,,0,0,0,0,2,,
2026-03-09 00:03:16,17,15,15,0,efit: 1,,efit: 1,,,0,0,0,0,2,,
2026-03-09 07:59:33,17,15,15,0,efit: 2,efit: 1,efit: 1,,,0,0,0,0,2,,
2026-03-09 08:20:27,17,15,15,0,efit: 1,,efit: 1,,,0,0,0,0,2,,
2026-03-09 10:31:11,17,15,15,0,efit: 2,efit: 1,efit: 1,,,0,0,0,0,2,,
2026-03-09 10:34:59,17,15,15,0,efit: 5,efit: 5,,,,0,0,0,0,2,,
2026-03-09 10:36:00,17,15,15,0,efit: 4,efit: 4,,,,0,0,0,0,2,,
2026-03-09 11:50:15,17,15,15,0,efit: 3,efit: 3,,,,0,0,0,0,2,,
2026-03-09 12:30:22,17,15,15,0,efit: 4,efit: 4,,,,0,0,0,0,2,,
2026-03-09 12:40:24,17,15,15,0,efit: 5,efit: 4,,,,0,0,0,0,2,,
2026-03-09 12:45:24,17,15,15,0,efit: 6,efit: 5,,,,0,0,0,0,2,,
2026-03-09 12:46:29,17,15,15,0,efit: 5,efit: 4,,,,0,0,0,0,2,,
2026-03-09 14:55:47,17,15,15,0,efit: 6,efit: 5,,,,0,0,0,0,2,,
2026-03-09 14:58:30,17,15,15,0,efit: 7,efit: 6,,,,0,0,0,0,2,,
2026-03-09 15:18:33,17,15,15,0,efit: 8,efit: 7,,,,0,0,0,0,2,,
2026-03-09 15:38:36,17,15,15,0,efit: 6,efit: 5,,,,0,0,0,0,2,,
2026-03-09 16:26:02,17,15,15,0,efit: 5,efit: 4,,,,0,0,0,0,2,,
2026-03-09 16:42:04,17,15,15,0,efit: 4,efit: 3,,,,0,0,0,0,2,,
2026-03-09 17:27:11,17,15,15,0,efit: 3,efit: 2,,,,0,0,0,0,2,,
2026-03-09 17:48:53,17,15,15,0,efit: 4,efit: 3,,,,0,0,0,0,2,,
2026-03-09 18:01:18,17,15,15,0,efit: 3,efit: 2,,,,0,0,0,0,2,,
2026-03-09 18:02:16,17,15,15,0,efit: 2,efit: 1,,,,0,0,0,0,2,,
2026-03-09 18:54:02,17,15,15,0,efit: 1,,,,,0,0,0,0,2,,
2026-03-09 18:56:27,17,15,15,0,efit: 2,efit: 1,,,,0,0,0,0,2,,
2026-03-09 19:36:34,17,15,15,0,efit: 4,efit: 3,,,,0,0,0,0,2,,
2026-03-09 19:37:30,17,15,15,0,efit: 6,efit: 5,,,,0,0,0,0,2,,
2026-03-09 19:39:09,17,15,15,0,efit: 2,efit: 1,,,,0,0,0,0,2,,
2026-03-09 19:44:09,17,15,15,0,efit: 4,efit: 3,,,,0,0,0,0,2,,
2026-03-09 19:59:12,17,15,15,0,efit: 3,efit: 2,,,,0,0,0,0,2,,
2026-03-09 20:01:38,17,15,15,0,efit: 2,efit: 1,,,,0,0,0,0,2,,
2026-03-09 20:47:40,17,15,15,0,efit: 3,efit: 2,,,,0,0,0,0,2,,
2026-03-09 21:09:21,17,15,15,0,efit: 4,efit: 3,,,,0,0,0,0,2,,
2026-03-09 21:16:50,17,15,15,0,efit: 3,efit: 2,,,,0,0,0,0,2,,
2026-03-09 22:27:55,17,15,15,0,efit: 5,efit: 4,,,,0,0,0,0,2,,
2026-03-10 00:02:17,17,15,15,0,efit: 5,efit: 4,,,,0,0,0,0,2,,
2026-03-10 02:30:03,17,15,15,0,efit: 5,efit: 4,efit: 1,,,0,0,0,0,2,,
2026-03-10 03:58:42,17,15,15,0,efit: 4,efit: 3,efit: 1,,,0,0,0,0,2,,
2026-03-10 05:43:57,17,15,15,0,efit: 5,efit: 4,efit: 1,,,0,0,0,0,2,,
2026-03-10 06:30:35,17,15,15,0,efit: 4,efit: 3,efit: 1,,,0,0,0,0,2,,
2026-03-10 10:11:05,17,15,15,0,efit: 3,efit: 2,efit: 1,,,0,0,0,0,2,,
2026-03-10 10:41:09,17,15,15,0,efit: 2,efit: 1,efit: 1,,,0,0,0,0,2,,
2026-03-10 10:54:04,17,15,15,0,efit: 1,,efit: 1,,,0,0,0,0,2,,
2026-03-10 12:44:22,17,15,15,0,efit: 2,efit: 1,efit: 1,,,0,0,0,0,2,,
2026-03-10 13:50:09,17,15,15,0,efit: 3,efit: 2,efit: 1,,,0,0,0,0,2,,
2026-03-10 14:11:37,17,15,15,0,efit: 4,efit: 3,efit: 1,,,0,0,0,0,2,,
2026-03-10 14:39:41,17,15,15,0,efit: 3,efit: 2,efit: 1,,,0,0,0,0,2,,
2026-03-10 14:46:42,17,15,15,0,efit: 4,efit: 3,efit: 1,,,0,0,0,0,2,,
2026-03-10 14:59:45,17,15,15,0,efit: 5,efit: 4,efit: 1,,,0,0,0,0,2,,
2026-03-10 15:14:47,17,15,15,0,efit: 6,efit: 5,efit: 1,,,0,0,0,0,2,,
2026-03-10 15:16:46,17,15,15,0,efit: 5,efit: 4,efit: 1,,,0,0,0,0,2,,
2026-03-10 15:29:50,17,15,15,0,efit: 6,efit: 5,efit: 1,,,0,0,0,0,2,,
2026-03-10 15:49:53,17,15,15,0,efit: 5,efit: 4,efit: 1,,,0,0,0,0,2,,
2026-03-10 15:51:50,17,15,15,0,efit: 3,efit: 2,efit: 1,,,0,0,0,0,2,,
2026-03-10 15:54:54,17,15,15,0,efit: 2,efit: 1,efit: 1,,,0,0,0,0,2,,
2026-03-10 16:45:03,17,15,15,0,efit: 1,,efit: 1,,,0,0,0,0,2,,
2026-03-10 16:50:04,17,15,15,0,efit: 2,efit: 1,efit: 1,,,0,0,0,0,2,,
2026-03-10 17:15:08,17,15,15,0,efit: 3,efit: 2,efit: 1,,,0,0,0,0,2,,
2026-03-10 18:10:18,17,15,15,0,"fit: 1, efit: 3","fit: 1, efit: 2",efit: 1,,,0,0,0,0,2,,
2026-03-10 18:20:48,17,15,15,0,"fit: 1, efit: 2","fit: 1, efit: 1",efit: 1,,,0,0,0,0,2,,
2026-03-10 18:35:22,17,15,15,0,"fit: 1, efit: 4","fit: 1, efit: 3",efit: 1,,,0,0,0,0,2,,
2026-03-10 18:52:16,17,15,15,0,"fit: 1, efit: 3","fit: 1, efit: 2",efit: 1,,,0,0,0,0,2,,
2026-03-10 18:55:25,17,15,15,0,"fit: 1, efit: 4","fit: 1, efit: 3",efit: 1,,,0,0,0,0,2,,
2026-03-10 19:10:56,17,15,15,0,"fit: 1, efit: 5","fit: 1, efit: 4",efit: 1,,,0,0,0,0,2,,
2026-03-10 20:02:25,17,15,15,0,"fit: 1, efit: 6","fit: 1, efit: 5",efit: 1,,,0,0,0,0,2,,
2026-03-10 21:05:47,17,15,15,0,"fit: 1, efit: 5","fit: 1, efit: 4",efit: 1,,,0,0,0,0,2,,
2026-03-11 00:01:16,17,15,15,0,"fit: 1, efit: 5","fit: 1, efit: 4",efit: 1,,,0,0,0,0,2,,
2026-03-11 03:13:23,17,15,15,0,"fit: 1, efit: 4","fit: 1, efit: 3",efit: 1,,,0,0,0,0,2,,
2026-03-11 05:52:14,17,15,15,0,"fit: 1, efit: 5","fit: 1, efit: 4",efit: 1,,,0,0,0,0,2,,
2026-03-11 08:42:42,17,15,15,0,"fit: 1, efit: 3","fit: 1, efit: 2",efit: 1,,,0,0,0,0,2,,
2026-03-11 09:54:16,17,15,15,0,"fit: 1, efit: 4","fit: 1, efit: 3",efit: 1,,,0,0,0,0,2,,
2026-03-11 11:38:11,17,15,15,0,"fit: 1, efit: 3","fit: 1, efit: 2",efit: 1,,,0,0,0,0,2,,
2026-03-11 11:48:12,17,15,15,0,"fit: 1, efit: 4","fit: 1, efit: 3",efit: 1,,,0,0,0,0,2,,
2026-03-11 14:38:40,17,15,15,0,"fit: 1, efit: 3","fit: 1, efit: 2",efit: 1,,,0,0,0,0,2,,
2026-03-11 15:03:44,17,15,15,0,"fit: 1, efit: 4","fit: 1, efit: 3",efit: 1,,,0,0,0,0,2,,
2026-03-11 15:13:46,17,15,15,0,"fit: 1, efit: 3","fit: 1, efit: 2",efit: 1,,,0,0,0,0,2,,
2026-03-11 15:18:47,17,15,15,0,"fit: 1, efit: 2","fit: 1, efit: 1",efit: 1,,,0,0,0,0,2,,
2026-03-11 15:58:53,17,15,15,0,"fit: 1, efit: 1",fit: 1,efit: 1,,,0,0,0,0,2,,
2026-03-11 17:44:04,17,15,15,0,efit: 1,,efit: 1,,,0,0,0,0,2,,
2026-03-12 00:00:05,17,15,15,0,efit: 1,,efit: 1,,,0,0,0,0,2,,
2026-03-12 05:51:57,17,15,15,0,efit: 2,efit: 1,efit: 1,,,0,0,0,0,2,,
2026-03-12 07:21:02,17,15,15,0,"fit: 5, efit: 2","fit: 5, efit: 2",,,,0,0,0,0,2,,
2026-03-12 07:21:17,17,15,15,0,"fit: 5, efit: 3","fit: 5, efit: 3",,,,0,0,0,0,2,,
2026-03-12 07:22:09,17,15,15,0,"fit: 6, efit: 3","fit: 6, efit: 3",,,,0,0,0,0,2,,
2026-03-12 09:16:18,17,15,15,0,"fit: 6, efit: 2","fit: 6, efit: 2",,,,0,0,0,0,2,,
2026-03-12 09:32:26,17,15,15,0,"fit: 6, efit: 1","fit: 6, efit: 1",,,,0,0,0,0,2,,
2026-03-12 10:36:49,17,15,15,0,fit: 6,fit: 6,,,,0,0,0,0,2,,
2026-03-12 10:41:31,17,15,15,0,"fit: 6, efit: 1","fit: 6, efit: 1",,,,0,0,0,0,2,,
2026-03-12 10:51:32,17,15,15,0,fit: 6,fit: 6,,,,0,0,0,0,2,,
2026-03-12 14:38:07,17,15,15,0,"fit: 6, efit: 1","fit: 6, efit: 1",,,,0,0,0,0,2,,
2026-03-12 14:52:07,17,15,15,0,fit: 6,fit: 6,,,,0,0,0,0,2,,
2026-03-12 15:32:13,17,15,15,0,"fit: 6, efit: 1","fit: 6, efit: 1",,,,0,0,0,0,2,,
2026-03-12 15:52:15,17,15,15,0,"fit: 6, efit: 2","fit: 6, efit: 2",,,,0,0,0,0,2,,
2026-03-12 16:37:22,17,15,15,0,"fit: 6, efit: 3","fit: 6, efit: 3",,,,0,0,0,0,2,,
2026-03-12 17:32:30,17,15,15,0,"fit: 6, efit: 2","fit: 6, efit: 2",,,,0,0,0,0,2,,
2026-03-12 17:57:34,17,15,15,0,"fit: 6, efit: 3","fit: 6, efit: 3",,,,0,0,0,0,2,,
2026-03-12 18:07:35,17,15,15,0,"fit: 6, efit: 5","fit: 6, efit: 5",,,,0,0,0,0,2,,
2026-03-12 18:17:37,17,15,15,0,"fit: 6, efit: 6","fit: 6, efit: 6",,,,0,0,0,0,2,,
2026-03-12 18:52:42,17,15,15,0,"fit: 6, efit: 6","fit: 6, efit: 5",,,,0,0,0,0,2,,
2026-03-12 18:57:42,17,15,15,0,"fit: 6, efit: 7","fit: 6, efit: 6",,,,0,0,0,0,2,,
2026-03-12 19:47:50,17,15,15,0,"fit: 6, efit: 9","fit: 6, efit: 8",,,,0,0,0,0,2,,
2026-03-12 20:17:54,17,15,15,0,"fit: 6, efit: 8","fit: 6, efit: 7",,,,0,0,0,0,2,,
2026-03-12 20:22:55,17,15,15,0,"fit: 6, efit: 9","fit: 6, efit: 8",,,,0,0,0,0,2,,
2026-03-13 00:03:27,17,15,15,0,"fit: 6, efit: 9","fit: 6, efit: 8",,,,0,0,0,0,2,,
2026-03-13 08:44:42,17,15,15,0,"fit: 5, efit: 8","fit: 5, efit: 8",,,,0,0,0,0,2,,
2026-03-13 08:49:42,17,15,15,0,"fit: 2, efit: 7","fit: 2, efit: 7",,,,0,0,0,0,2,,
2026-03-13 09:50:39,17,15,15,0,"fit: 2, efit: 8","fit: 2, efit: 8",,,,0,0,0,0,2,,
2026-03-13 10:04:54,17,15,15,0,"fit: 2, efit: 7","fit: 2, efit: 7",,,,0,0,0,0,2,,
2026-03-13 11:00:53,17,15,15,0,"fit: 2, efit: 6","fit: 2, efit: 6",,,,0,0,0,0,2,,
2026-03-13 12:11:00,17,15,15,0,"fit: 2, efit: 5","fit: 2, efit: 5",,,,0,0,0,0,2,,
2026-03-13 15:40:42,17,15,15,0,"fit: 2, efit: 4","fit: 2, efit: 4",,,,0,0,0,0,2,,
2026-03-13 15:50:44,17,15,15,0,"fit: 2, efit: 5","fit: 2, efit: 5",,,,0,0,0,0,2,,
2026-03-13 15:55:45,17,15,15,0,"fit: 2, efit: 6","fit: 2, efit: 6",,,,0,0,0,0,2,,
2026-03-13 17:01:37,17,15,15,0,"fit: 2, efit: 5","fit: 2, efit: 5",,,,0,0,0,0,2,,
2026-03-13 17:46:01,17,15,15,0,"fit: 2, efit: 4","fit: 2, efit: 4",,,,0,0,0,0,2,,
2026-03-13 23:16:49,17,15,15,0,"fit: 2, efit: 5","fit: 2, efit: 5",,,,0,0,0,0,2,,
2026-03-14 00:01:55,17,15,15,0,"fit: 2, efit: 5","fit: 2, efit: 5",,,,0,0,0,0,2,,
2026-03-14 00:02:33,17,15,15,0,"fit: 2, efit: 4","fit: 2, efit: 4",,,,0,0,0,0,2,,
2026-03-14 01:42:09,17,15,15,0,"fit: 2, efit: 5","fit: 2, efit: 5",,,,0,0,0,0,2,,
2026-03-14 09:24:26,17,15,15,0,"fit: 2, efit: 4","fit: 2, efit: 4",,,,0,0,0,0,2,,
2026-03-14 09:28:15,17,15,15,0,"fit: 2, efit: 3","fit: 2, efit: 3",,,,0,0,0,0,2,,
2026-03-14 09:43:17,17,15,15,0,"fit: 2, efit: 4","fit: 2, efit: 4",,,,0,0,0,0,2,,
2026-03-14 10:03:20,17,15,15,0,"fit: 2, efit: 5","fit: 2, efit: 4",,,,0,0,0,0,2,,
2026-03-14 10:43:26,17,15,15,0,"fit: 2, efit: 6","fit: 2, efit: 5",,,,0,0,0,0,2,,
2026-03-14 10:48:27,17,15,15,0,"fit: 2, efit: 5","fit: 2, efit: 4",,,,0,0,0,0,2,,
2026-03-14 11:43:35,17,15,15,0,"fit: 2, efit: 4","fit: 2, efit: 3",,,,0,0,0,0,2,,
2026-03-14 11:49:10,17,15,15,0,"fit: 2, efit: 3","fit: 2, efit: 2",,,,0,0,0,0,2,,
2026-03-14 12:09:53,17,15,15,0,"fit: 2, efit: 4","fit: 2, efit: 3",,,,0,0,0,0,2,,
2026-03-14 12:13:39,17,15,15,0,"fit: 2, efit: 5","fit: 2, efit: 4",,,,0,0,0,0,2,,
2026-03-14 12:34:57,17,15,15,0,"fit: 2, efit: 6","fit: 2, efit: 5",,,,0,0,0,0,2,,
2026-03-14 13:08:47,17,15,15,0,"fit: 2, efit: 7","fit: 2, efit: 6",,,,0,0,0,0,2,,
2026-03-14 13:23:49,17,15,15,0,"fit: 2, efit: 6","fit: 2, efit: 5",,,,0,0,0,0,2,,
2026-03-14 13:48:53,17,15,15,0,"fit: 2, efit: 8","fit: 2, efit: 7",,,,0,0,0,0,2,,
2026-03-14 14:24:32,17,15,15,0,"fit: 2, efit: 9","fit: 2, efit: 8",,,,0,0,0,0,2,,
2026-03-14 14:44:01,17,15,15,0,"fit: 2, efit: 8","fit: 2, efit: 7",,,,0,0,0,0,2,,
2026-03-14 14:59:04,17,15,15,0,"fit: 2, efit: 7","fit: 2, efit: 6",,,,0,0,0,0,2,,
2026-03-14 15:39:09,17,15,15,0,"fit: 2, efit: 8","fit: 2, efit: 7",,,,0,0,0,0,2,,
2026-03-14 16:14:15,17,15,15,0,"fit: 2, efit: 9","fit: 2, efit: 8",,,,0,0,0,0,2,,
2026-03-14 16:24:16,17,15,15,0,"fit: 2, efit: 7","fit: 2, efit: 6",,,,0,0,0,0,2,,
2026-03-14 17:49:29,17,15,15,0,"fit: 2, efit: 9","fit: 2, efit: 8",,,,0,0,0,0,2,,
2026-03-14 17:59:30,17,15,15,0,"fit: 2, efit: 7","fit: 2, efit: 6",,,,0,0,0,0,2,,
2026-03-14 18:05:53,17,15,15,0,"fit: 2, efit: 8","fit: 2, efit: 7",,,,0,0,0,0,2,,
2026-03-14 18:09:32,17,15,15,0,"fit: 2, efit: 9","fit: 2, efit: 8",,,,0,0,0,0,2,,
2026-03-14 18:49:37,17,15,15,0,"fit: 2, efit: 10","fit: 2, efit: 9",,,,0,0,0,0,2,,
2026-03-14 19:06:03,17,15,15,0,"fit: 2, efit: 11","fit: 2, efit: 10",,,,0,0,0,0,2,,
2026-03-14 19:24:43,17,15,15,0,"fit: 2, efit: 10","fit: 2, efit: 9",,,,0,0,0,0,2,,
2026-03-14 19:25:15,17,15,15,0,"fit: 2, efit: 11","fit: 2, efit: 10",,,,0,0,0,0,2,,
2026-03-14 19:39:45,17,15,15,0,"fit: 2, efit: 10","fit: 2, efit: 9",,,,0,0,0,0,2,,
2026-03-14 19:41:09,17,15,15,0,"fit: 2, efit: 9","fit: 2, efit: 8",,,,0,0,0,0,2,,
2026-03-14 22:55:45,17,15,15,0,"fit: 2, efit: 10","fit: 2, efit: 9",,,,0,0,0,0,2,,
2026-03-15 00:00:23,17,15,15,0,"fit: 2, efit: 10","fit: 2, efit: 9",,,,0,0,0,0,2,,
2026-03-15 00:50:31,17,15,15,0,"fit: 2, efit: 9","fit: 2, efit: 8",,,,0,0,0,0,2,,
2026-03-15 05:56:15,17,15,15,0,"fit: 2, efit: 8","fit: 2, efit: 7",,,,0,0,0,0,2,,
2026-03-15 10:11:51,17,15,15,0,"fit: 2, efit: 11","fit: 2, efit: 10",,,,0,0,0,0,2,,
2026-03-15 10:33:34,17,15,15,0,"fit: 2, efit: 10","fit: 2, efit: 9",,,,0,0,0,0,2,,
2026-03-15 11:13:40,17,15,15,0,"fit: 2, efit: 9","fit: 2, efit: 8",,,,0,0,0,0,2,,
2026-03-15 11:17:01,17,15,15,0,"fit: 2, efit: 8","fit: 2, efit: 7",,,,0,0,0,0,2,,
2026-03-15 11:42:04,17,15,15,0,"fit: 2, efit: 7","fit: 2, efit: 6",,,,0,0,0,0,2,,
2026-03-15 11:47:05,17,15,15,0,"fit: 2, efit: 6","fit: 2, efit: 5",,,,0,0,0,0,2,,
2026-03-15 12:27:11,17,15,15,0,"fit: 2, efit: 7","fit: 2, efit: 6",,,,0,0,0,0,2,,
2026-03-15 12:32:12,17,15,15,0,"fit: 2, efit: 5","fit: 2, efit: 4",,,,0,0,0,0,2,,
2026-03-15 13:24:02,17,15,15,0,"fit: 2, efit: 4","fit: 2, efit: 3",,,,0,0,0,0,2,,
2026-03-15 15:17:36,17,15,15,0,"fit: 2, efit: 3","fit: 2, efit: 2",,,,0,0,0,0,2,,
2026-03-15 15:57:42,17,15,15,0,"fit: 2, efit: 1",fit: 2,,,,0,0,0,0,2,,
2026-03-15 16:08:10,17,15,15,0,"fit: 1, efit: 1",fit: 1,,,,0,0,0,0,2,,
2026-03-15 16:24:32,17,15,15,0,"fit: 1, efit: 2","fit: 1, efit: 1",,,,0,0,0,0,2,,
2026-03-15 16:32:47,17,15,15,0,"fit: 1, efit: 1",fit: 1,,,,0,0,0,0,2,,
2026-03-15 17:47:58,17,15,15,0,"fit: 1, efit: 2","fit: 1, efit: 1",,,,0,0,0,0,2,,
2026-03-15 18:24:52,17,15,15,0,"fit: 1, efit: 3","fit: 1, efit: 2",,,,0,0,0,0,2,,
2026-03-15 18:38:06,17,15,15,0,"fit: 1, efit: 5","fit: 1, efit: 4",,,,0,0,0,0,2,,
2026-03-15 20:43:24,17,15,15,0,"fit: 1, efit: 5","fit: 1, efit: 4",efit: 1,,,0,0,0,0,2,,
2026-03-15 21:13:28,17,15,15,0,"fit: 1, efit: 6","fit: 1, efit: 5",efit: 1,,,0,0,0,0,2,,
2026-03-15 21:18:29,17,15,15,0,"fit: 1, efit: 5","fit: 1, efit: 4",efit: 1,,,0,0,0,0,2,,
2026-03-15 22:59:08,17,15,15,0,"fit: 1, efit: 4","fit: 1, efit: 3",efit: 1,,,0,0,0,0,2,,
2026-03-15 23:50:46,17,15,15,0,"fit: 1, efit: 5","fit: 1, efit: 4",efit: 1,,,0,0,0,0,2,,
2026-03-16 00:00:47,17,15,15,0,"fit: 1, efit: 5","fit: 1, efit: 4",efit: 1,,,0,0,0,0,2,,
2026-03-16 00:28:57,17,15,15,0,"fit: 1, efit: 4","fit: 1, efit: 3",efit: 1,,,0,0,0,0,2,,
2026-03-16 03:09:20,17,15,15,0,"fit: 1, efit: 5","fit: 1, efit: 4",efit: 1,,,0,0,0,0,2,,
2026-03-16 03:24:22,17,15,15,0,"fit: 1, efit: 6","fit: 1, efit: 5",efit: 1,,,0,0,0,0,2,,
2026-03-16 05:51:45,17,15,15,0,"fit: 1, efit: 7","fit: 1, efit: 6",efit: 1,,,0,0,0,0,2,,
2026-03-16 07:09:54,17,15,15,0,"fit: 1, efit: 6","fit: 1, efit: 5",efit: 1,,,0,0,0,0,2,,
2026-03-16 08:47:14,17,15,15,0,"fit: 1, efit: 5","fit: 1, efit: 4",efit: 1,,,0,0,0,0,2,,
2026-03-16 09:55:20,17,15,15,0,"fit: 1, efit: 4","fit: 1, efit: 3",efit: 1,,,0,0,0,0,2,,
2026-03-16 10:15:23,17,15,15,0,"fit: 1, efit: 3","fit: 1, efit: 2",efit: 1,,,0,0,0,0,2,,
2026-03-16 12:57:34,17,15,15,0,"fit: 1, efit: 4","fit: 1, efit: 3",efit: 1,,,0,0,0,0,2,,
2026-03-16 13:10:07,17,15,15,0,"fit: 2, efit: 5","fit: 2, efit: 4",efit: 1,,,0,0,0,0,2,,
2026-03-16 13:12:37,17,15,15,0,"fit: 2, efit: 4","fit: 2, efit: 3",efit: 1,,,0,0,0,0,2,,
2026-03-16 13:15:46,17,15,15,0,"fit: 2, efit: 3","fit: 2, efit: 2",efit: 1,,,0,0,0,0,2,,
2026-03-16 13:50:17,17,15,15,0,"fit: 2, efit: 4","fit: 2, efit: 3",efit: 1,,,0,0,0,0,2,,
2026-03-16 13:55:51,17,15,15,0,"fit: 2, efit: 3","fit: 2, efit: 2",efit: 1,,,0,0,0,0,2,,
2026-03-16 14:20:24,17,15,15,0,"fit: 2, efit: 4","fit: 2, efit: 3",efit: 1,,,0,0,0,0,2,,
2026-03-16 14:32:50,17,15,15,0,"fit: 3, efit: 4","fit: 3, efit: 3",efit: 1,,,0,0,0,0,2,,
2026-03-16 14:35:28,17,15,15,0,"fit: 3, efit: 3","fit: 3, efit: 2",efit: 1,,,0,0,0,0,2,,
2026-03-16 14:47:52,17,15,15,0,"fit: 3, efit: 2","fit: 3, efit: 1",efit: 1,,,0,0,0,0,2,,
2026-03-16 17:21:14,17,15,15,0,"fit: 3, efit: 3","fit: 3, efit: 2",efit: 1,,,0,0,0,0,2,,
2026-03-17 00:02:17,17,15,15,0,"fit: 3, efit: 3","fit: 3, efit: 2",efit: 1,,,0,0,0,0,2,,
2026-03-17 05:53:06,17,15,15,0,"fit: 3, efit: 4","fit: 3, efit: 3",efit: 1,,,0,0,0,0,2,,
2026-03-17 09:10:24,17,15,15,0,"fit: 3, efit: 3","fit: 3, efit: 3",,,,0,0,0,0,2,,
2026-03-17 09:10:45,17,15,15,0,"fit: 3, efit: 4","fit: 3, efit: 4",,,,0,0,0,0,2,,
2026-03-17 09:45:31,17,15,15,0,"fit: 3, efit: 3","fit: 3, efit: 3",,,,0,0,0,0,2,,
2026-03-17 12:03:57,17,15,15,0,"fit: 3, efit: 2","fit: 3, efit: 2",,,,0,0,0,0,2,,
2026-03-17 13:54:13,17,15,15,0,"fit: 3, efit: 2","fit: 2, efit: 2",fit: 1,,,0,0,0,0,2,,
2026-03-17 14:56:30,17,15,15,0,"fit: 2, efit: 2","fit: 2, efit: 2",,,,0,0,0,0,2,,
2026-03-17 16:19:34,17,15,15,0,"fit: 2, efit: 1","fit: 2, efit: 1",,,,0,0,0,0,2,,
2026-03-17 17:19:42,17,15,15,0,"fit: 2, efit: 2","fit: 2, efit: 2",,,,0,0,0,0,2,,
2026-03-17 18:17:08,17,15,15,0,"fit: 2, efit: 3","fit: 2, efit: 3",,,,0,0,0,0,2,,
2026-03-17 18:19:51,17,15,15,0,"fit: 2, efit: 2","fit: 2, efit: 2",,,,0,0,0,0,2,,
2026-03-17 21:20:17,17,15,15,0,"fit: 2, efit: 3","fit: 2, efit: 3",,,,0,0,0,0,2,,
2026-03-18 00:00:40,17,15,15,0,"fit: 2, efit: 3","fit: 2, efit: 3",,,,0,0,0,0,2,,
2026-03-18 00:05:41,17,15,15,0,"fit: 2, efit: 2","fit: 2, efit: 2",,,,0,0,0,0,2,,
2026-03-18 02:18:25,17,15,15,0,"fit: 2, efit: 3","fit: 2, efit: 3",,,,0,0,0,0,2,,
2026-03-18 05:51:29,17,15,15,0,"fit: 2, efit: 4","fit: 2, efit: 4",,,,0,0,0,0,2,,
2026-03-18 11:22:16,17,15,15,0,"fit: 2, efit: 3","fit: 2, efit: 3",,,,0,0,0,0,2,,
2026-03-18 12:47:28,17,15,15,0,"fit: 2, efit: 2","fit: 2, efit: 2",,,,0,0,0,0,2,,
2026-03-18 13:42:36,17,15,15,0,"fit: 2, efit: 1","fit: 2, efit: 1",,,,0,0,0,0,2,,
2026-03-18 13:55:18,17,15,15,0,"fit: 2, efit: 2","fit: 2, efit: 2",,,,0,0,0,0,2,,
2026-03-18 14:55:28,17,15,15,0,"fit: 2, efit: 1","fit: 2, efit: 1",,,,0,0,0,0,2,,
2026-03-18 15:05:30,17,15,15,0,fit: 2,fit: 2,,,,0,0,0,0,2,,
2026-03-18 17:28:08,17,15,15,0,"fit: 2, efit: 1","fit: 2, efit: 1",,,,0,0,0,0,2,,
2026-03-18 17:45:56,17,15,15,0,"fit: 2, efit: 2","fit: 2, efit: 2",,,,0,0,0,0,2,,
2026-03-18 18:13:14,17,15,15,0,"fit: 2, efit: 3","fit: 2, efit: 3",,,,0,0,0,0,2,,
2026-03-18 20:28:33,17,15,15,0,"fit: 3, efit: 3","fit: 3, efit: 3",,,,0,0,0,0,2,,
2026-03-18 20:31:23,17,15,15,0,"fit: 3, efit: 2","fit: 3, efit: 2",,,,0,0,0,0,2,,
2026-03-18 21:46:35,17,15,15,0,"fit: 3, efit: 1","fit: 3, efit: 1",,,,0,0,0,0,2,,
2026-03-19 00:01:57,17,15,15,0,"fit: 3, efit: 1","fit: 3, efit: 1",,,,0,0,0,0,2,,
2026-03-19 00:32:49,17,15,15,0,"fit: 3, efit: 2","fit: 3, efit: 2",,,,0,0,0,0,2,,
2026-03-19 00:57:07,17,15,15,0,"fit: 3, efit: 3","fit: 3, efit: 3",,,,0,0,0,0,2,,
2026-03-19 00:57:54,17,15,15,0,"fit: 3, efit: 2","fit: 3, efit: 2",,,,0,0,0,0,2,,
2026-03-19 01:02:08,17,15,15,0,"fit: 3, efit: 3","fit: 3, efit: 3",,,,0,0,0,0,2,,
2026-03-19 02:47:24,17,15,15,0,"fit: 3, efit: 4","fit: 3, efit: 4",,,,0,0,0,0,2,,
2026-03-19 03:12:28,17,15,15,0,"fit: 3, efit: 3","fit: 3, efit: 3",,,,0,0,0,0,2,,
2026-03-19 04:04:36,17,15,15,0,"fit: 3, efit: 4","fit: 3, efit: 4",,,,0,0,0,0,2,,
2026-03-19 05:53:50,17,15,15,0,"fit: 3, efit: 5","fit: 3, efit: 5",,,,0,0,0,0,2,,
2026-03-19 07:30:05,17,15,15,0,"fit: 3, efit: 4","fit: 3, efit: 4",,,,0,0,0,0,2,,
2026-03-19 08:33:20,17,15,15,0,"fit: 3, efit: 5","fit: 3, efit: 5",,,,0,0,0,0,2,,
2026-03-19 08:48:22,17,15,15,0,"fit: 3, efit: 6","fit: 3, efit: 6",,,,0,0,0,0,2,,
2026-03-19 09:39:33,17,15,15,0,"fit: 3, efit: 5","fit: 3, efit: 5",,,,0,0,0,0,2,,
2026-03-19 11:03:44,17,15,15,0,"fit: 3, efit: 4","fit: 3, efit: 4",,,,0,0,0,0,2,,
2026-03-19 11:04:49,17,15,15,0,"fit: 3, efit: 3","fit: 3, efit: 3",,,,0,0,0,0,2,,
2026-03-19 12:08:55,17,15,15,0,"fit: 3, efit: 2","fit: 3, efit: 2",,,,0,0,0,0,2,,
2026-03-19 12:13:56,17,15,15,0,"fit: 3, efit: 1","fit: 3, efit: 1",,,,0,0,0,0,2,,
2026-03-19 12:25:46,17,15,15,0,fit: 3,fit: 3,,,,0,0,0,0,2,,
2026-03-19 12:30:07,17,15,15,0,fit: 2,fit: 2,,,,0,0,0,0,2,,
2026-03-19 12:35:08,17,15,15,0,"fit: 2, efit: 1","fit: 2, efit: 1",,,,0,0,0,0,2,,
2026-03-19 13:39:10,17,15,15,0,"fit: 2, efit: 2","fit: 2, efit: 2",,,,0,0,0,0,2,,
2026-03-19 14:54:23,17,15,15,0,"fit: 2, efit: 1","fit: 2, efit: 1",,,,0,0,0,0,2,,
2026-03-19 15:11:10,17,15,15,0,"fit: 2, efit: 2","fit: 2, efit: 2",,,,0,0,0,0,2,,
2026-03-19 15:14:26,17,15,15,0,"fit: 2, efit: 1","fit: 2, efit: 1",,,,0,0,0,0,2,,
2026-03-19 15:34:29,17,15,15,0,fit: 2,fit: 2,,,,0,0,0,0,2,,
2026-03-19 15:50:45,17,15,15,0,"fit: 2, efit: 1","fit: 2, efit: 1",,,,0,0,0,0,2,,
2026-03-19 15:55:46,17,15,15,0,fit: 2,fit: 2,,,,0,0,0,0,2,,
2026-03-19 16:36:22,17,15,15,0,"fit: 2, efit: 1","fit: 2, efit: 1",,,,0,0,0,0,2,,
2026-03-19 16:44:41,17,15,15,0,fit: 2,fit: 2,,,,0,0,0,0,2,,
2026-03-19 17:59:54,17,15,15,0,fit: 1,fit: 1,,,,0,0,0,0,2,,
2026-03-19 18:56:22,17,15,15,0,"fit: 1, efit: 1","fit: 1, efit: 1",,,,0,0,0,0,2,,
2026-03-19 19:01:23,17,15,15,0,"fit: 1, efit: 2","fit: 1, efit: 2",,,,0,0,0,0,2,,
2026-03-19 19:55:14,17,15,15,0,"fit: 1, efit: 3","fit: 1, efit: 3",,,,0,0,0,0,2,,
2026-03-19 21:30:30,17,15,15,0,"fit: 1, efit: 4","fit: 1, efit: 4",,,,0,0,0,0,2,,
2026-03-19 21:46:55,17,15,15,0,"fit: 1, efit: 6","fit: 1, efit: 6",,,,0,0,0,0,2,,
2026-03-19 22:05:36,17,15,15,0,"fit: 1, efit: 7","fit: 1, efit: 7",,,,0,0,0,0,2,,
2026-03-20 00:00:55,17,15,15,0,"fit: 1, efit: 7","fit: 1, efit: 7",,,,0,0,0,0,2,,
2026-03-20 05:51:53,17,15,15,0,"fit: 1, efit: 8","fit: 1, efit: 8",,,,0,0,0,0,2,,
2026-03-20 08:07:15,17,15,15,0,"fit: 1, efit: 7","fit: 1, efit: 7",,,,0,0,0,0,2,,
2026-03-20 08:13:37,17,15,15,0,"fit: 1, efit: 8","fit: 1, efit: 8",,,,0,0,0,0,2,,
2026-03-20 08:32:19,17,15,15,0,"fit: 1, efit: 7","fit: 1, efit: 7",,,,0,0,0,0,2,,
2026-03-20 09:12:26,17,15,15,0,"fit: 1, efit: 6","fit: 1, efit: 6",,,,0,0,0,0,2,,
2026-03-20 09:17:27,17,15,15,0,"fit: 1, efit: 5","fit: 1, efit: 5",,,,0,0,0,0,2,,
2026-03-20 09:47:32,17,15,15,0,"fit: 1, efit: 6","fit: 1, efit: 6",,,,0,0,0,0,2,,
2026-03-20 09:52:32,17,15,15,0,"fit: 1, efit: 8","fit: 1, efit: 8",,,,0,0,0,0,2,,
2026-03-20 10:37:40,17,15,15,0,"fit: 1, efit: 7","fit: 1, efit: 7",,,,0,0,0,0,2,,
2026-03-20 10:48:59,17,15,15,0,"fit: 1, efit: 6","fit: 1, efit: 6",,,,0,0,0,0,2,,
2026-03-20 11:57:54,17,15,15,0,"fit: 1, efit: 7","fit: 1, efit: 7",,,,0,0,0,0,2,,
2026-03-20 13:23:08,17,15,15,0,"fit: 1, efit: 6","fit: 1, efit: 6",,,,0,0,0,0,2,,
2026-03-20 13:24:22,17,15,15,0,"fit: 1, efit: 7","fit: 1, efit: 7",,,,0,0,0,0,2,,
2026-03-20 13:53:13,17,15,15,0,"fit: 2, efit: 7","fit: 2, efit: 7",,,,0,0,0,0,2,,
2026-03-20 14:54:35,17,15,15,0,"fit: 2, efit: 5","fit: 2, efit: 5",,,,0,0,0,0,2,,
2026-03-20 15:33:29,17,15,15,0,"fit: 2, efit: 4","fit: 2, efit: 4",,,,0,0,0,0,2,,
2026-03-20 15:43:31,17,15,15,0,"fit: 2, efit: 5","fit: 2, efit: 5",,,,0,0,0,0,2,,
2026-03-20 16:43:41,17,15,15,0,"fit: 3, efit: 5","fit: 3, efit: 5",,,,0,0,0,0,2,,
2026-03-20 16:53:42,17,15,15,0,"fit: 3, efit: 4","fit: 3, efit: 4",,,,0,0,0,0,2,,
2026-03-20 16:55:33,17,15,15,0,"fit: 3, efit: 5","fit: 3, efit: 5",,,,0,0,0,0,2,,
2026-03-20 16:59:54,17,15,15,0,"fit: 3, efit: 4","fit: 3, efit: 4",,,,0,0,0,0,2,,
2026-03-20 17:05:35,17,15,15,0,"fit: 4, efit: 4","fit: 4, efit: 4",,,,0,0,0,0,2,,
2026-03-20 17:40:41,17,15,15,0,"fit: 4, efit: 5","fit: 4, efit: 5",,,,0,0,0,0,2,,
2026-03-20 18:13:56,17,15,15,0,"fit: 4, efit: 6","fit: 4, efit: 6",,,,0,0,0,0,2,,
2026-03-20 19:09:06,17,15,15,0,"fit: 4, efit: 7","fit: 4, efit: 7",,,,0,0,0,0,2,,
2026-03-20 21:54:33,17,15,15,0,"fit: 4, efit: 7","fit: 4, efit: 6",,,,0,0,0,0,2,,
2026-03-20 22:56:42,17,15,15,0,"fit: 4, efit: 8","fit: 4, efit: 7",,,,0,0,0,0,2,,
2026-03-20 23:04:45,17,15,15,0,"fit: 3, efit: 8","fit: 3, efit: 7",,,,0,0,0,0,2,,
2026-03-21 00:00:56,17,15,15,0,"fit: 3, efit: 8","fit: 3, efit: 7",,,,0,0,0,0,2,,
2026-03-21 00:14:56,17,15,15,0,"fit: 3, efit: 9","fit: 3, efit: 8",,,,0,0,0,0,2,,
2026-03-21 00:29:59,17,15,15,0,"fit: 3, efit: 10","fit: 3, efit: 9",,,,0,0,0,0,2,,
2026-03-21 03:25:28,17,15,15,0,"fit: 3, efit: 11","fit: 3, efit: 10",,,,0,0,0,0,2,,
2026-03-21 05:02:52,17,15,15,0,"fit: 3, efit: 11","fit: 3, efit: 9",,,,0,0,0,0,2,,
2026-03-21 08:03:26,17,15,15,0,"fit: 3, efit: 12","fit: 3, efit: 10",,,,0,0,0,0,2,,
2026-03-21 10:13:51,17,15,15,0,"fit: 3, efit: 11","fit: 3, efit: 9",,,,0,0,0,0,2,,
2026-03-21 10:22:26,17,15,15,0,"fit: 4, efit: 10","fit: 4, efit: 8",,,,0,0,0,0,2,,
2026-03-21 10:23:53,17,15,15,0,"fit: 4, efit: 9","fit: 4, efit: 7",,,,0,0,0,0,2,,
2026-03-21 10:37:28,17,15,15,0,"fit: 4, efit: 7","fit: 4, efit: 6",,,,0,0,0,0,2,,
2026-03-21 10:38:56,17,15,15,0,"fit: 4, efit: 5","fit: 4, efit: 5",,,,0,0,0,0,2,,
2026-03-21 10:46:40,17,15,15,0,"fit: 4, efit: 6","fit: 4, efit: 6",,,,0,0,0,0,2,,
2026-03-21 10:47:30,17,15,15,0,"fit: 4, efit: 5","fit: 4, efit: 5",,,,0,0,0,0,2,,
2026-03-21 11:09:02,17,15,15,0,"fit: 4, efit: 6","fit: 4, efit: 6",,,,0,0,0,0,2,,
2026-03-21 11:27:36,17,15,15,0,"fit: 4, efit: 5","fit: 4, efit: 5",,,,0,0,0,0,2,,
2026-03-21 11:44:08,17,15,15,0,"fit: 4, efit: 4","fit: 4, efit: 4",,,,0,0,0,0,2,,
2026-03-21 11:56:52,17,15,15,0,"fit: 4, efit: 3","fit: 4, efit: 3",,,,0,0,0,0,2,,
2026-03-21 12:21:56,17,15,15,0,"fit: 4, efit: 2","fit: 4, efit: 2",,,,0,0,0,0,2,,
2026-03-21 12:59:23,17,15,15,0,"fit: 4, efit: 1","fit: 4, efit: 1",,,,0,0,0,0,2,,
2026-03-21 13:37:08,17,15,15,0,"fit: 3, efit: 1","fit: 3, efit: 1",,,,0,0,0,0,2,,
2026-03-21 13:39:30,17,15,15,0,"fit: 3, efit: 2","fit: 3, efit: 1",,,,0,0,0,0,2,,
2026-03-21 13:52:11,17,15,15,0,"fit: 3, efit: 3","fit: 3, efit: 2",,,,0,0,0,0,2,,
2026-03-21 14:07:13,17,15,15,0,"fit: 3, efit: 2","fit: 3, efit: 1",,,,0,0,0,0,2,,
2026-03-21 14:27:17,17,15,15,0,"fit: 3, efit: 1",fit: 3,,,,0,0,0,0,2,,
2026-03-21 14:29:40,17,15,15,0,"fit: 1, efit: 1",fit: 1,,,,0,0,0,0,2,,
2026-03-21 15:37:29,17,15,15,0,efit: 1,,,,,0,0,0,0,2,,
2026-03-21 16:45:07,17,15,15,0,"fit: 2, efit: 1",fit: 2,,,,0,0,0,0,2,,
2026-03-21 16:47:40,17,15,15,0,efit: 1,,,,,0,0,0,0,2,,
2026-03-21 17:15:12,17,15,15,0,efit: 3,efit: 2,,,,0,0,0,0,2,,
2026-03-21 17:37:48,17,15,15,0,efit: 2,efit: 1,,,,0,0,0,0,2,,
2026-03-21 17:45:18,17,15,15,0,efit: 1,,,,,0,0,0,0,2,,
2026-03-21 18:02:53,17,15,15,0,efit: 2,efit: 1,,,,0,0,0,0,2,,
2026-03-21 18:17:55,17,15,15,0,efit: 4,efit: 3,,,,0,0,0,0,2,,
2026-03-21 18:32:58,17,15,15,0,efit: 2,efit: 1,,,,0,0,0,0,2,,
2026-03-21 19:18:05,17,15,15,0,efit: 1,,,,,0,0,0,0,2,,
2026-03-21 19:25:38,17,15,15,0,efit: 2,efit: 1,,,,0,0,0,0,2,,
2026-03-21 20:00:44,17,15,15,0,efit: 4,efit: 3,,,,0,0,0,0,2,,
2026-03-21 20:50:54,17,15,15,0,efit: 5,efit: 4,,,,0,0,0,0,2,,
2026-03-21 21:04:01,17,15,15,0,efit: 5,efit: 3,,,,0,0,0,0,2,,
2026-03-21 21:54:08,17,15,15,0,efit: 6,efit: 4,,,,0,0,0,0,2,,
2026-03-21 23:11:21,17,15,15,0,efit: 5,efit: 3,,,,0,0,0,0,2,,
2026-03-22 00:01:31,17,15,15,0,efit: 5,efit: 3,,,,0,0,0,0,2,,
2026-03-22 00:53:59,17,15,15,0,efit: 3,efit: 1,,,,0,0,0,0,2,,
2026-03-22 09:05:19,17,15,15,0,efit: 4,efit: 2,,,,0,0,0,0,2,,
2026-03-22 09:05:45,17,15,15,0,efit: 5,efit: 3,,,,0,0,0,0,2,,
2026-03-22 09:15:21,17,15,15,0,efit: 6,efit: 4,,,,0,0,0,0,2,,
2026-03-22 09:18:16,17,15,15,0,efit: 5,efit: 3,,,,0,0,0,0,2,,
2026-03-22 09:55:27,17,15,15,0,efit: 4,efit: 2,,,,0,0,0,0,2,,
2026-03-22 10:00:53,17,15,15,0,efit: 5,efit: 3,,,,0,0,0,0,2,,
2026-03-22 11:03:35,17,15,15,0,efit: 4,efit: 2,,,,0,0,0,0,2,,
2026-03-22 12:53:56,17,15,15,0,efit: 3,efit: 1,,,,0,0,0,0,2,,
2026-03-22 13:03:58,17,15,15,0,"fit: 1, efit: 3","fit: 1, efit: 1",,,,0,0,0,0,2,,
2026-03-22 13:14:00,17,15,15,0,"fit: 1, efit: 4","fit: 1, efit: 2",,,,0,0,0,0,2,,
2026-03-22 13:26:03,17,15,15,0,efit: 4,efit: 2,,,,0,0,0,0,2,,
2026-03-22 13:26:23,17,15,15,0,efit: 3,efit: 1,,,,0,0,0,0,2,,
2026-03-22 13:29:03,17,15,15,0,efit: 2,,,,,0,0,0,0,2,,
2026-03-22 15:49:31,17,15,15,0,efit: 1,efit: 1,,,,0,0,0,0,2,,
2026-03-22 15:51:27,17,15,15,0,efit: 2,efit: 2,,,,0,0,0,0,2,,
2026-03-22 16:11:31,17,15,15,0,efit: 1,efit: 1,,,,0,0,0,0,2,,
2026-03-22 16:14:36,17,15,15,0,efit: 2,efit: 2,,,,0,0,0,0,2,,
2026-03-22 16:31:34,17,15,15,0,"fit: 1, efit: 1","fit: 1, efit: 1",,,,0,0,0,0,2,,
2026-03-22 16:39:41,17,15,15,0,fit: 1,fit: 1,,,,0,0,0,0,2,,
2026-03-23 00:01:05,17,15,15,0,fit: 1,fit: 1,,,,0,0,0,0,2,,
2026-03-23 05:52:11,17,15,15,0,"fit: 1, efit: 1","fit: 1, efit: 1",,,,0,0,0,0,2,,
2026-03-23 07:27:29,17,15,15,0,fit: 1,fit: 1,,,,0,0,0,0,2,,
2026-03-23 09:09:07,17,15,15,0,"fit: 1, efit: 1","fit: 1, efit: 1",,,,0,0,0,0,2,,
2026-03-23 09:29:10,17,15,15,0,"fit: 3, efit: 1","fit: 3, efit: 1",,,,0,0,0,0,2,,
2026-03-23 09:32:56,17,15,15,0,"fit: 5, efit: 1","fit: 5, efit: 1",,,,0,0,0,0,2,,
2026-03-23 09:34:11,17,15,15,0,fit: 5,fit: 5,,,,0,0,0,0,2,,
2026-03-23 12:09:41,17,15,15,0,fit: 4,fit: 4,,,,0,0,0,0,2,,
2026-03-23 15:24:05,17,15,15,0,"fit: 4, efit: 1","fit: 4, efit: 1",,,,0,0,0,0,2,,
2026-03-23 15:49:10,17,15,15,0,fit: 4,fit: 4,,,,0,0,0,0,2,,
2026-03-23 16:29:17,17,15,15,0,"fit: 4, efit: 1","fit: 4, efit: 1",,,,0,0,0,0,2,,
2026-03-23 19:04:47,17,15,15,0,"fit: 4, efit: 2","fit: 4, efit: 2",,,,0,0,0,0,2,,
2026-03-23 19:40:58,17,15,15,0,"fit: 4, efit: 3","fit: 4, efit: 3",,,,0,0,0,0,2,,
2026-03-23 19:54:57,17,15,15,0,"fit: 4, efit: 2","fit: 4, efit: 2",,,,0,0,0,0,2,,
2026-03-23 19:59:58,17,15,15,0,"fit: 4, efit: 3","fit: 4, efit: 3",,,,0,0,0,0,2,,
2026-03-23 20:45:07,17,15,15,0,"fit: 4, efit: 2","fit: 4, efit: 2",,,,0,0,0,0,2,,
2026-03-23 22:55:32,17,15,15,0,"fit: 4, efit: 1","fit: 4, efit: 1",,,,0,0,0,0,2,,
2026-03-23 23:00:34,17,15,15,0,"fit: 4, efit: 2","fit: 4, efit: 2",,,,0,0,0,0,2,,
2026-03-24 00:00:45,17,15,15,0,"fit: 4, efit: 2","fit: 4, efit: 2",,,,0,0,0,0,2,,
2026-03-24 02:31:14,17,15,15,0,"fit: 4, efit: 1","fit: 4, efit: 1",,,,0,0,0,0,2,,
2026-03-24 05:51:52,17,15,15,0,"fit: 4, efit: 2","fit: 4, efit: 2",,,,0,0,0,0,2,,
2026-03-24 09:22:32,17,15,15,0,"fit: 4, efit: 1","fit: 4, efit: 1",,,,0,0,0,0,2,,
2026-03-24 09:32:34,17,15,15,0,fit: 4,fit: 4,,,,0,0,0,0,2,,
2026-03-24 11:05:46,17,15,15,0,"fit: 4, efit: 1","fit: 4, efit: 1",,,,0,0,0,0,2,,
2026-03-24 12:51:04,17,15,15,0,"fit: 4, efit: 2","fit: 4, efit: 2",,,,0,0,0,0,2,,
2026-03-24 12:56:05,17,15,15,0,"fit: 4, efit: 1","fit: 4, efit: 1",,,,0,0,0,0,2,,
2026-03-24 13:46:13,17,15,15,0,fit: 4,fit: 4,,,,0,0,0,0,2,,
2026-03-24 14:26:21,17,15,15,0,"fit: 4, efit: 1","fit: 4, efit: 1",,,,0,0,0,0,2,,
2026-03-24 15:26:31,17,15,15,0,fit: 4,fit: 4,,,,0,0,0,0,2,,
2026-03-24 15:31:56,17,15,15,0,"fit: 4, efit: 1","fit: 4, efit: 1",,,,0,0,0,0,2,,
2026-03-24 16:26:42,17,15,15,0,"fit: 4, efit: 2","fit: 4, efit: 2",,,,0,0,0,0,2,,
2026-03-24 17:06:49,17,15,15,0,"fit: 4, efit: 3","fit: 4, efit: 3",,,,0,0,0,0,2,,
2026-03-24 17:41:55,17,15,15,0,"fit: 4, efit: 4","fit: 4, efit: 4",,,,0,0,0,0,2,,
2026-03-24 17:56:57,17,15,15,0,"fit: 4, efit: 3","fit: 4, efit: 3",,,,0,0,0,0,2,,
2026-03-24 18:42:05,17,15,15,0,"fit: 4, efit: 4","fit: 4, efit: 4",,,,0,0,0,0,2,,
2026-03-24 19:07:10,17,15,15,0,"fit: 4, efit: 5","fit: 4, efit: 5",,,,0,0,0,0,2,,
2026-03-24 19:57:18,17,15,15,0,"fit: 4, efit: 6","fit: 4, efit: 6",,,,0,0,0,0,2,,
2026-03-24 20:02:19,17,15,15,0,"fit: 4, efit: 5","fit: 4, efit: 5",,,,0,0,0,0,2,,
2026-03-24 20:52:44,17,15,15,0,"fit: 4, efit: 6","fit: 4, efit: 6",,,,0,0,0,0,2,,
2026-03-24 21:27:49,17,15,15,0,"fit: 4, efit: 5","fit: 4, efit: 5",,,,0,0,0,0,2,,
2026-03-25 00:00:14,17,15,15,0,"fit: 4, efit: 5","fit: 4, efit: 5",,,,0,0,0,0,2,,
2026-03-25 05:51:06,17,15,15,0,"fit: 4, efit: 6","fit: 4, efit: 6",,,,0,0,0,0,2,,
2026-03-25 07:01:17,17,15,15,0,"fit: 4, efit: 6","fit: 4, efit: 5",,,,0,0,0,0,2,,
2026-03-25 08:31:30,17,15,15,0,"fit: 4, efit: 5","fit: 4, efit: 4",,,,0,0,0,0,2,,
2026-03-25 09:06:35,17,15,15,0,"fit: 4, efit: 4","fit: 4, efit: 3",,,,0,0,0,0,2,,
2026-03-25 09:36:40,17,15,15,0,"fit: 4, efit: 3","fit: 4, efit: 2",,,,0,0,0,0,2,,
2026-03-25 09:47:37,17,15,15,0,"fit: 4, efit: 2","fit: 4, efit: 1",,,,0,0,0,0,2,,
2026-03-25 10:16:46,17,15,15,0,"fit: 4, efit: 1",fit: 4,,,,0,0,0,0,2,,
2026-03-25 11:52:00,17,15,15,0,"fit: 4, efit: 3","fit: 4, efit: 2",,,,0,0,0,0,2,,
2026-03-25 13:27:15,17,15,15,0,"fit: 4, efit: 4","fit: 4, efit: 3",,,,0,0,0,0,2,,
2026-03-25 13:42:17,17,15,15,0,"fit: 4, efit: 4","fit: 4, efit: 4",,,,0,0,0,0,2,,
2026-03-25 14:18:30,17,15,15,0,"fit: 4, efit: 3","fit: 4, efit: 3",,,,0,0,0,0,2,,
2026-03-25 15:03:39,17,15,15,0,"fit: 4, efit: 2","fit: 4, efit: 2",,,,0,0,0,0,2,,
2026-03-25 15:12:31,17,15,15,0,"fit: 4, efit: 3","fit: 4, efit: 3",,,,0,0,0,0,2,,
2026-03-25 15:27:34,17,15,15,0,"fit: 4, efit: 2","fit: 4, efit: 2",,,,0,0,0,0,2,,
2026-03-25 16:32:44,17,15,15,0,"fit: 4, efit: 1","fit: 4, efit: 1",,,,0,0,0,0,2,,
2026-03-25 16:52:47,17,15,15,0,fit: 4,fit: 4,,,,0,0,0,0,2,,
2026-03-25 16:53:24,17,15,15,0,fit: 3,fit: 3,,,,0,0,0,0,2,,
2026-03-25 16:54:01,17,15,15,0,fit: 2,fit: 2,,,,0,0,0,0,2,,
2026-03-25 16:59:02,17,15,15,0,"fit: 2, efit: 1","fit: 2, efit: 1",,,,0,0,0,0,2,,
2026-03-25 17:07:49,17,15,15,0,"fit: 2, efit: 2","fit: 2, efit: 2",,,,0,0,0,0,2,,
2026-03-25 17:27:53,17,15,15,0,"fit: 2, efit: 1","fit: 2, efit: 1",,,,0,0,0,0,2,,
2026-03-25 18:07:58,17,15,15,0,"fit: 2, efit: 2","fit: 2, efit: 2",,,,0,0,0,0,2,,
2026-03-25 18:12:59,17,15,15,0,"fit: 2, efit: 1","fit: 2, efit: 1",,,,0,0,0,0,2,,
2026-03-25 18:33:02,17,15,15,0,"fit: 2, efit: 2","fit: 2, efit: 2",,,,0,0,0,0,2,,
2026-03-25 18:38:03,17,15,15,0,"fit: 2, efit: 1","fit: 2, efit: 1",,,,0,0,0,0,2,,
2026-03-25 18:58:06,17,15,15,0,"fit: 3, efit: 1","fit: 3, efit: 1",,,,0,0,0,0,2,,
2026-03-25 19:09:28,17,15,15,0,fit: 3,fit: 3,,,,0,0,0,0,2,,
2026-03-25 19:13:09,17,15,15,0,"fit: 3, efit: 1","fit: 3, efit: 1",,,,0,0,0,0,2,,
2026-03-25 19:38:12,17,15,15,0,"fit: 3, efit: 2","fit: 3, efit: 2",,,,0,0,0,0,2,,
2026-03-25 19:53:56,17,15,15,0,"fit: 3, efit: 3","fit: 3, efit: 3",,,,0,0,0,0,2,,
2026-03-25 20:03:16,17,15,15,0,"fit: 3, efit: 5","fit: 3, efit: 5",,,,0,0,0,0,2,,
2026-03-25 20:48:23,17,15,15,0,"fit: 3, efit: 4","fit: 3, efit: 4",,,,0,0,0,0,2,,
2026-03-25 22:20:06,17,15,15,0,"fit: 3, efit: 5","fit: 3, efit: 5",,,,0,0,0,0,2,,
2026-03-25 22:23:37,17,15,15,0,"fit: 3, efit: 6","fit: 3, efit: 6",,,,0,0,0,0,2,,
2026-03-25 22:28:37,17,15,15,0,"fit: 3, efit: 5","fit: 3, efit: 5",,,,0,0,0,0,2,,
2026-03-26 00:00:26,17,15,15,0,"fit: 3, efit: 5","fit: 3, efit: 5",,,,0,0,0,0,2,,
2026-03-26 05:51:34,17,15,15,0,"fit: 3, efit: 6","fit: 3, efit: 6",,,,0,0,0,0,2,,
2026-03-26 05:54:42,17,15,15,0,"fit: 3, efit: 5","fit: 3, efit: 5",,,,0,0,0,0,2,,
2026-03-26 07:09:53,17,15,15,0,"fit: 3, efit: 6","fit: 3, efit: 6",,,,0,0,0,0,2,,
2026-03-26 07:44:58,17,15,15,0,"fit: 3, efit: 5","fit: 3, efit: 5",,,,0,0,0,0,2,,
2026-03-26 08:12:01,17,15,15,0,"fit: 3, efit: 4","fit: 3, efit: 4",,,,0,0,0,0,2,,
2026-03-26 09:11:10,17,15,15,0,"fit: 3, efit: 5","fit: 3, efit: 5",,,,0,0,0,0,2,,
2026-03-26 09:27:16,17,15,15,0,"fit: 3, efit: 4","fit: 3, efit: 4",,,,0,0,0,0,2,,
2026-03-26 09:40:16,17,15,15,0,"fit: 3, efit: 5","fit: 3, efit: 5",,,,0,0,0,0,2,,
2026-03-26 09:55:19,17,15,15,0,"fit: 3, efit: 4","fit: 3, efit: 4",,,,0,0,0,0,2,,
2026-03-26 10:10:21,17,15,15,0,"fit: 3, efit: 5","fit: 3, efit: 5",,,,0,0,0,0,2,,
2026-03-26 10:15:22,17,15,15,0,"fit: 3, efit: 4","fit: 3, efit: 4",,,,0,0,0,0,2,,
2026-03-26 10:31:24,17,15,15,0,"fit: 3, efit: 3","fit: 3, efit: 3",,,,0,0,0,0,2,,
2026-03-26 10:40:25,17,15,15,0,"fit: 3, efit: 2","fit: 3, efit: 2",,,,0,0,0,0,2,,
2026-03-26 10:52:33,17,15,15,0,"fit: 3, efit: 1","fit: 3, efit: 1",,,,0,0,0,0,2,,
2026-03-26 12:00:38,17,15,15,0,"fit: 3, efit: 2","fit: 3, efit: 2",,,,0,0,0,0,2,,
2026-03-26 13:00:47,17,15,15,0,"fit: 3, efit: 3","fit: 3, efit: 3",,,,0,0,0,0,2,,
2026-03-26 13:02:59,17,15,15,0,"fit: 3, efit: 2","fit: 3, efit: 2",,,,0,0,0,0,2,,
2026-03-26 13:13:01,17,15,15,0,"fit: 3, efit: 3","fit: 3, efit: 3",,,,0,0,0,0,2,,
2026-03-26 13:18:02,17,15,15,0,"fit: 3, efit: 2","fit: 3, efit: 2",,,,0,0,0,0,2,,
2026-03-26 13:43:07,17,15,15,0,"fit: 4, efit: 2","fit: 4, efit: 2",,,,0,0,0,0,2,,
2026-03-26 14:23:15,17,15,15,0,"fit: 3, efit: 2","fit: 3, efit: 2",,,,0,0,0,0,2,,
2026-03-26 14:41:02,17,15,15,0,"fit: 3, efit: 1","fit: 3, efit: 1",,,,0,0,0,0,2,,
2026-03-26 14:51:04,17,15,15,0,"fit: 3, efit: 2","fit: 3, efit: 2",,,,0,0,0,0,2,,
2026-03-26 15:47:21,17,15,15,0,"fit: 3, efit: 1","fit: 3, efit: 1",,,,0,0,0,0,2,,
2026-03-26 15:56:14,17,15,15,0,"fit: 3, efit: 2","fit: 3, efit: 2",,,,0,0,0,0,2,,
2026-03-26 16:22:27,17,15,15,0,"fit: 4, efit: 2","fit: 4, efit: 2",,,,0,0,0,0,2,,
2026-03-26 16:37:30,17,15,15,0,"fit: 4, efit: 1","fit: 4, efit: 1",,,,0,0,0,0,2,,
2026-03-26 16:41:21,17,15,15,0,fit: 4,fit: 4,,,,0,0,0,0,2,,
2026-03-26 17:42:41,17,15,15,0,fit: 3,fit: 3,,,,0,0,0,0,2,,
2026-03-26 18:12:47,17,15,15,0,fit: 4,fit: 4,,,,0,0,0,0,2,,
2026-03-26 18:26:37,17,15,15,0,"fit: 4, efit: 1","fit: 4, efit: 1",,,,0,0,0,0,2,,
2026-03-26 19:01:42,17,15,15,0,"fit: 4, efit: 2","fit: 4, efit: 2",,,,0,0,0,0,2,,
2026-03-26 19:11:44,17,15,15,0,"fit: 4, efit: 1","fit: 4, efit: 1",,,,0,0,0,0,2,,
2026-03-26 19:59:02,17,15,15,0,"fit: 4, efit: 2","fit: 4, efit: 2",,,,0,0,0,0,2,,
2026-03-26 20:31:56,17,15,15,0,"fit: 4, efit: 3","fit: 4, efit: 3",,,,0,0,0,0,2,,
2026-03-26 22:07:11,17,15,15,0,"fit: 4, efit: 4","fit: 4, efit: 4",,,,0,0,0,0,2,,
2026-03-27 00:02:28,17,15,15,0,"fit: 4, efit: 4","fit: 4, efit: 4",,,,0,0,0,0,2,,
2026-03-27 03:48:01,17,15,15,0,"fit: 4, efit: 3","fit: 4, efit: 3",,,,0,0,0,0,2,,
2026-03-27 03:53:02,17,15,15,0,"fit: 4, efit: 4","fit: 4, efit: 4",,,,0,0,0,0,2,,
2026-03-27 04:23:06,17,15,15,0,"fit: 4, efit: 3","fit: 4, efit: 3",,,,0,0,0,0,2,,
2026-03-27 04:40:43,17,15,15,0,"fit: 4, efit: 4","fit: 4, efit: 4",,,,0,0,0,0,2,,
2026-03-27 08:26:27,17,15,15,0,"fit: 4, efit: 3","fit: 4, efit: 3",,,,0,0,0,0,2,,
2026-03-27 08:33:43,17,15,15,0,"fit: 4, efit: 4","fit: 4, efit: 4",,,,0,0,0,0,2,,
2026-03-27 08:38:43,17,15,15,0,"fit: 4, efit: 3","fit: 4, efit: 3",,,,0,0,0,0,2,,
2026-03-27 08:41:30,17,15,15,0,"fit: 4, efit: 2","fit: 4, efit: 2",,,,0,0,0,0,2,,
2026-03-27 09:20:23,17,15,15,0,"fit: 4, efit: 3","fit: 4, efit: 3",,,,0,0,0,0,2,,
2026-03-27 09:25:24,17,15,15,0,"fit: 4, efit: 2","fit: 4, efit: 2",,,,0,0,0,0,2,,
2026-03-27 09:35:26,17,15,15,0,"fit: 4, efit: 1","fit: 4, efit: 1",,,,0,0,0,0,2,,
2026-03-27 09:45:28,17,15,15,0,"fit: 4, efit: 2","fit: 4, efit: 2",,,,0,0,0,0,2,,
2026-03-27 10:13:58,17,15,15,0,"fit: 4, efit: 3","fit: 4, efit: 3",,,,0,0,0,0,2,,
2026-03-27 10:39:02,17,15,15,0,"fit: 4, efit: 2","fit: 4, efit: 2",,,,0,0,0,0,2,,
2026-03-27 10:41:53,17,15,15,0,"fit: 4, efit: 1","fit: 4, efit: 1",,,,0,0,0,0,2,,
2026-03-27 10:55:40,17,15,15,0,"fit: 4, efit: 2","fit: 4, efit: 2",,,,0,0,0,0,2,,
2026-03-27 11:35:47,17,15,15,0,"fit: 4, efit: 1","fit: 4, efit: 1",,,,0,0,0,0,2,,
2026-03-27 11:39:11,17,15,15,0,"fit: 4, efit: 2","fit: 4, efit: 2",,,,0,0,0,0,2,,
2026-03-27 12:44:21,17,15,15,0,"fit: 4, efit: 1","fit: 4, efit: 1",,,,0,0,0,0,2,,
2026-03-27 14:09:33,17,15,15,0,"fit: 4, efit: 3","fit: 4, efit: 3",,,,0,0,0,0,2,,
2026-03-27 14:46:22,17,15,15,0,"fit: 4, efit: 2","fit: 4, efit: 2",,,,0,0,0,0,2,,
2026-03-27 15:32:51,17,15,15,0,"fit: 4, efit: 3","fit: 4, efit: 3",,,,0,0,0,0,2,,
2026-03-27 16:02:57,17,15,15,0,"fit: 4, efit: 2","fit: 4, efit: 2",,,,0,0,0,0,2,,
2026-03-27 16:24:54,17,15,15,0,fit: 4,fit: 4,,,,0,0,0,0,2,,
2026-03-27 16:54:58,17,15,15,0,fit: 2,fit: 2,,,,0,0,0,0,2,,
2026-03-27 18:13:23,17,15,15,0,fit: 1,fit: 1,,,,0,0,0,0,2,,
2026-03-27 18:30:14,17,15,15,0,,,,,,0,0,0,0,2,,
2026-03-27 18:45:16,17,15,15,0,efit: 1,efit: 1,,,,0,0,0,0,2,,
2026-03-27 19:10:20,17,15,15,0,efit: 2,efit: 2,,,,0,0,0,0,2,,
2026-03-27 19:33:39,17,15,15,0,efit: 4,efit: 4,,,,0,0,0,0,2,,
2026-03-27 19:42:16,17,15,15,0,efit: 3,efit: 3,,,,0,0,0,0,2,,
2026-03-27 19:47:17,17,15,15,0,efit: 2,efit: 2,,,,0,0,0,0,2,,
2026-03-27 19:50:26,17,15,15,0,,,,,,0,0,0,0,2,,
2026-03-27 20:33:51,17,15,15,0,efit: 1,efit: 1,,,,0,0,0,0,2,,
2026-03-27 22:02:41,17,15,15,0,efit: 2,efit: 2,,,,0,0,0,0,2,,
2026-03-28 00:01:04,17,15,15,0,efit: 2,efit: 2,,,,0,0,0,0,2,,
2026-03-28 01:16:16,17,15,15,0,efit: 3,efit: 3,,,,0,0,0,0,2,,
2026-03-28 09:21:20,17,15,15,0,efit: 2,efit: 2,,,,0,0,0,0,2,,
2026-03-28 09:24:39,17,15,15,0,efit: 3,efit: 3,,,,0,0,0,0,2,,
2026-03-28 10:54:55,17,15,15,0,efit: 2,efit: 2,,,,0,0,0,0,2,,
2026-03-28 11:46:49,17,15,15,0,efit: 3,efit: 3,,,,0,0,0,0,2,,
2026-03-28 11:55:06,17,15,15,0,efit: 2,efit: 2,,,,0,0,0,0,2,,
2026-03-28 13:50:26,17,15,15,0,efit: 3,efit: 3,,,,0,0,0,0,2,,
2026-03-28 15:20:42,17,15,15,0,efit: 2,efit: 2,,,,0,0,0,0,2,,
2026-03-28 15:58:25,17,15,15,0,efit: 1,efit: 1,,,,0,0,0,0,2,,
2026-03-28 16:40:56,17,15,15,0,efit: 2,efit: 2,,,,0,0,0,0,2,,
2026-03-28 18:43:10,17,15,15,0,efit: 3,efit: 3,,,,0,0,0,0,2,,
2026-03-28 18:51:20,17,15,15,0,efit: 4,efit: 4,,,,0,0,0,0,2,,
2026-03-28 19:11:23,17,15,15,0,efit: 5,efit: 5,,,,0,0,0,0,2,,
2026-03-28 19:56:31,17,15,15,0,efit: 4,efit: 4,,,,0,0,0,0,2,,
2026-03-28 21:33:43,17,15,15,0,efit: 5,efit: 5,,,,0,0,0,0,2,,
2026-03-28 21:41:50,17,15,15,0,efit: 6,efit: 6,,,,0,0,0,0,2,,
2026-03-28 23:12:05,17,15,15,0,efit: 5,efit: 5,,,,0,0,0,0,2,,
2026-03-28 23:22:07,17,15,15,0,efit: 4,efit: 4,,,,0,0,0,0,2,,
2026-03-28 23:52:13,17,15,15,0,efit: 3,efit: 3,,,,0,0,0,0,2,,
2026-03-28 23:57:13,17,15,15,0,efit: 4,efit: 4,,,,0,0,0,0,2,,
2026-03-29 00:02:14,17,15,15,0,efit: 4,efit: 4,,,,0,0,0,0,2,,
2026-03-29 01:34:29,17,15,15,0,efit: 3,efit: 3,,,,0,0,0,0,2,,
2026-03-29 06:50:30,17,15,15,0,efit: 2,efit: 2,,,,0,0,0,0,2,,
2026-03-29 08:10:46,17,15,15,0,efit: 3,efit: 3,,,,0,0,0,0,2,,
2026-03-29 09:51:00,17,15,15,0,efit: 4,efit: 4,,,,0,0,0,0,2,,
2026-03-29 10:34:02,17,15,15,0,efit: 5,efit: 5,,,,0,0,0,0,2,,
2026-03-29 11:06:11,17,15,15,0,efit: 4,efit: 4,,,,0,0,0,0,2,,
2026-03-29 11:44:14,17,15,15,0,efit: 5,efit: 5,,,,0,0,0,0,2,,
2026-03-29 11:56:27,17,15,15,0,efit: 4,efit: 4,,,,0,0,0,0,2,,
2026-03-29 11:59:17,17,15,15,0,efit: 3,efit: 3,,,,0,0,0,0,2,,
2026-03-29 12:06:20,17,15,15,0,efit: 4,efit: 3,efit: 1,,,0,0,0,0,2,,
2026-03-29 12:56:27,17,15,15,0,efit: 2,efit: 1,efit: 1,,,0,0,0,0,2,,
2026-03-29 13:39:34,17,15,15,0,efit: 4,efit: 3,efit: 1,,,0,0,0,0,2,,
2026-03-29 13:49:36,17,15,15,0,efit: 3,efit: 2,efit: 1,,,0,0,0,0,2,,
2026-03-29 14:16:39,17,15,15,0,efit: 5,efit: 4,efit: 1,,,0,0,0,0,2,,
2026-03-29 14:39:45,17,15,15,0,efit: 7,efit: 6,efit: 1,,,0,0,0,0,2,,
2026-03-29 15:06:47,17,15,15,0,efit: 8,efit: 7,efit: 1,,,0,0,0,0,2,,
2026-03-29 15:26:50,17,15,15,0,efit: 7,efit: 6,efit: 1,,,0,0,0,0,2,,
2026-03-29 15:39:56,17,15,15,0,efit: 8,efit: 7,efit: 1,,,0,0,0,0,2,,
2026-03-29 15:51:54,17,15,15,0,efit: 7,efit: 6,efit: 1,,,0,0,0,0,2,,
2026-03-29 15:54:58,17,15,15,0,efit: 6,efit: 5,efit: 1,,,0,0,0,0,2,,
2026-03-29 15:56:55,17,15,15,0,efit: 7,efit: 6,efit: 1,,,0,0,0,0,2,,
2026-03-29 16:32:01,17,15,15,0,efit: 9,efit: 8,efit: 1,,,0,0,0,0,2,,
2026-03-29 17:15:14,17,15,15,0,efit: 8,efit: 7,efit: 1,,,0,0,0,0,2,,
2026-03-29 17:57:14,17,15,15,0,efit: 9,efit: 8,efit: 1,,,0,0,0,0,2,,
2026-03-29 18:05:23,17,15,15,0,efit: 10,efit: 9,efit: 1,,,0,0,0,0,2,,
2026-03-29 18:12:41,17,15,15,0,efit: 11,efit: 10,efit: 1,,,0,0,0,0,2,,
2026-03-29 18:32:45,17,15,15,0,efit: 10,efit: 9,efit: 1,,,0,0,0,0,2,,
2026-03-29 18:57:22,17,15,15,0,efit: 11,efit: 10,efit: 1,,,0,0,0,0,2,,
2026-03-29 19:02:23,17,15,15,0,efit: 10,efit: 9,efit: 1,,,0,0,0,0,2,,
2026-03-29 19:12:25,17,15,15,0,efit: 9,efit: 8,efit: 1,,,0,0,0,0,2,,
2026-03-29 19:37:28,17,15,15,0,efit: 8,efit: 7,efit: 1,,,0,0,0,0,2,,
2026-03-29 20:12:34,17,15,15,0,efit: 7,efit: 6,efit: 1,,,0,0,0,0,2,,
2026-03-29 21:15:56,17,15,15,0,efit: 6,efit: 5,efit: 1,,,0,0,0,0,2,,
2026-03-29 21:20:57,17,15,15,0,efit: 5,efit: 4,efit: 1,,,0,0,0,0,2,,
2026-03-30 00:01:24,17,15,15,0,efit: 6,efit: 5,efit: 1,,,0,0,0,0,2,,
2026-03-30 00:56:34,17,15,15,0,efit: 5,efit: 4,efit: 1,,,0,0,0,0,2,,
2026-03-30 01:18:18,17,15,15,0,efit: 6,efit: 5,efit: 1,,,0,0,0,0,2,,
2026-03-30 05:32:20,17,15,15,0,efit: 8,efit: 7,efit: 1,,,0,0,0,0,2,,
2026-03-30 05:52:24,17,15,15,0,efit: 9,efit: 8,efit: 1,,,0,0,0,0,2,,
2026-03-30 07:22:39,17,15,15,0,efit: 7,efit: 6,efit: 1,,,0,0,0,0,2,,
2026-03-30 07:59:16,17,15,15,0,efit: 8,efit: 6,efit: 1,,,0,0,0,0,2,,
2026-03-30 09:19:28,17,15,15,0,"fit: 1, efit: 8","fit: 1, efit: 6",efit: 1,,,0,0,0,0,2,,
2026-03-30 09:43:04,17,15,15,0,"fit: 1, efit: 6","fit: 1, efit: 4",efit: 1,,,0,0,0,0,2,,
2026-03-30 09:59:34,17,15,15,0,"fit: 2, efit: 6","fit: 2, efit: 4",efit: 1,,,0,0,0,0,2,,
2026-03-30 11:10:57,17,15,15,0,"fit: 2, efit: 5","fit: 2, efit: 3",efit: 1,,,0,0,0,0,2,,
2026-03-30 12:33:34,17,15,15,0,"fit: 2, efit: 4","fit: 2, efit: 2",efit: 1,,,0,0,0,0,2,,
2026-03-30 14:03:50,17,15,15,0,"fit: 2, efit: 4","fit: 2, efit: 3",efit: 1,,,0,0,0,0,2,,
2026-03-30 14:06:33,17,15,15,0,"fit: 2, efit: 4","fit: 2, efit: 2",efit: 1,,,0,0,0,0,2,,
2026-03-30 14:31:38,17,15,15,0,"fit: 2, efit: 5","fit: 2, efit: 3",efit: 1,,,0,0,0,0,2,,
2026-03-30 14:33:55,17,15,15,0,"fit: 2, efit: 4","fit: 2, efit: 2",efit: 1,,,0,0,0,0,2,,
2026-03-30 15:04:01,17,15,15,0,"fit: 2, efit: 2",fit: 2,efit: 1,,,0,0,0,0,2,,
2026-03-30 15:59:11,17,15,15,0,"fit: 2, efit: 3","fit: 2, efit: 1",efit: 1,,,0,0,0,0,2,,
2026-03-30 16:00:31,17,15,15,0,"fit: 2, efit: 2",fit: 2,efit: 1,,,0,0,0,0,2,,
2026-03-30 16:06:57,17,15,15,0,"fit: 2, efit: 3","fit: 2, efit: 1",efit: 1,,,0,0,0,0,2,,
2026-03-30 16:09:12,17,15,15,0,"fit: 2, efit: 2",fit: 2,efit: 1,,,0,0,0,0,2,,
2026-03-30 16:30:36,17,15,15,0,"fit: 1, efit: 2",fit: 1,efit: 1,,,0,0,0,0,2,,
2026-03-30 16:39:18,17,15,15,0,"fit: 1, efit: 3","fit: 1, efit: 1",efit: 1,,,0,0,0,0,2,,
2026-03-30 16:49:20,17,15,15,0,"fit: 1, efit: 2",fit: 1,efit: 1,,,0,0,0,0,2,,
2026-03-30 17:10:42,17,15,15,0,"fit: 1, efit: 3","fit: 1, efit: 1",efit: 1,,,0,0,0,0,2,,
2026-03-30 17:22:13,17,15,15,0,"fit: 1, efit: 4","fit: 1, efit: 2",efit: 1,,,0,0,0,0,2,,
2026-03-30 17:30:45,17,15,15,0,"fit: 1, efit: 5","fit: 1, efit: 3",efit: 1,,,0,0,0,0,2,,
2026-03-30 17:32:15,17,15,15,0,"fit: 1, efit: 6","fit: 1, efit: 4",efit: 1,,,0,0,0,0,2,,
2026-03-30 17:34:27,17,15,15,0,"fit: 1, efit: 7","fit: 1, efit: 5",efit: 1,,,0,0,0,0,2,,
2026-03-30 17:39:28,17,15,15,0,"fit: 1, efit: 8","fit: 1, efit: 6",efit: 1,,,0,0,0,0,2,,
2026-03-30 17:44:29,17,15,15,0,"fit: 1, efit: 9","fit: 1, efit: 7",efit: 1,,,0,0,0,0,2,,
2026-03-30 17:47:18,17,15,15,0,"fit: 1, efit: 8","fit: 1, efit: 6",efit: 1,,,0,0,0,0,2,,
2026-03-30 18:07:22,17,15,15,0,"fit: 1, efit: 6","fit: 1, efit: 4",efit: 1,,,0,0,0,0,2,,
2026-03-30 18:25:54,17,15,15,0,"fit: 1, efit: 7","fit: 1, efit: 5",efit: 1,,,0,0,0,0,2,,
2026-03-30 18:47:30,17,15,15,0,"fit: 1, efit: 6","fit: 1, efit: 4",efit: 1,,,0,0,0,0,2,,
2026-03-30 19:32:39,17,15,15,0,"fit: 1, efit: 5","fit: 1, efit: 3",efit: 1,,,0,0,0,0,2,,
2026-03-30 19:41:06,17,15,15,0,"fit: 1, efit: 6","fit: 1, efit: 4",efit: 1,,,0,0,0,0,2,,
2026-03-30 20:50:03,17,15,15,0,"fit: 1, efit: 8","fit: 1, efit: 6",efit: 1,,,0,0,0,0,2,,
2026-03-30 20:52:55,17,15,15,0,"fit: 1, efit: 7","fit: 1, efit: 5",efit: 1,,,0,0,0,0,2,,
2026-03-30 20:55:04,17,15,15,0,"fit: 1, efit: 8","fit: 1, efit: 6",efit: 1,,,0,0,0,0,2,,
2026-03-30 21:01:18,17,15,15,0,"fit: 1, efit: 7","fit: 1, efit: 5",efit: 1,,,0,0,0,0,2,,
2026-03-30 22:05:16,17,15,15,0,"fit: 1, efit: 6","fit: 1, efit: 4",efit: 1,,,0,0,0,0,2,,
2026-03-30 22:11:28,17,15,15,0,"fit: 1, efit: 7","fit: 1, efit: 5",efit: 1,,,0,0,0,0,2,,
2026-03-31 00:00:36,17,15,15,0,"fit: 1, efit: 7","fit: 1, efit: 5",efit: 1,,,0,0,0,0,2,,
2026-03-31 00:25:40,17,15,15,0,"fit: 1, efit: 8","fit: 1, efit: 6",efit: 1,,,0,0,0,0,2,,
2026-03-31 00:36:49,17,15,15,0,"fit: 1, efit: 7","fit: 1, efit: 5",efit: 1,,,0,0,0,0,2,,
2026-03-31 00:45:44,17,15,15,0,"fit: 1, efit: 8","fit: 1, efit: 6",efit: 1,,,0,0,0,0,2,,
2026-03-31 00:51:52,17,15,15,0,"fit: 1, efit: 7","fit: 1, efit: 5",efit: 1,,,0,0,0,0,2,,
2026-03-31 01:05:47,17,15,15,0,"fit: 1, efit: 8","fit: 1, efit: 6",efit: 1,,,0,0,0,0,2,,
2026-03-31 01:15:49,17,15,15,0,"fit: 1, efit: 7","fit: 1, efit: 5",efit: 1,,,0,0,0,0,2,,
2026-03-31 01:55:55,17,15,15,0,"fit: 1, efit: 6","fit: 1, efit: 4",efit: 1,,,0,0,0,0,2,,
2026-03-31 03:01:08,17,15,15,0,"fit: 1, efit: 6","fit: 1, efit: 4",efit: 2,,,0,0,0,0,2,,
2026-03-31 05:51:36,17,15,15,0,"fit: 1, efit: 7","fit: 1, efit: 4",efit: 2,,,0,0,0,0,2,,
2026-03-31 06:26:41,17,15,15,0,"fit: 1, efit: 6","fit: 1, efit: 3",efit: 2,,,0,0,0,0,2,,
2026-03-31 07:37:50,17,15,15,0,"fit: 1, efit: 5","fit: 1, efit: 2",efit: 2,,,0,0,0,0,2,,
2026-03-31 08:00:04,17,15,15,0,"fit: 1, efit: 4","fit: 1, efit: 1",efit: 2,,,0,0,0,0,2,,
2026-03-31 08:15:07,17,15,15,0,efit: 4,efit: 1,efit: 2,,,0,0,0,0,2,,
2026-03-31 08:40:12,17,15,15,0,efit: 3,,efit: 2,,,0,0,0,0,2,,
2026-03-31 10:45:38,17,15,15,0,efit: 4,efit: 1,efit: 2,,,0,0,0,0,2,,
2026-03-31 11:52:39,17,15,15,0,efit: 3,,efit: 2,,,0,0,0,0,2,,
2026-03-31 11:55:52,17,15,15,0,efit: 4,efit: 1,efit: 2,,,0,0,0,0,2,,
2026-03-31 12:42:48,17,15,15,0,efit: 5,efit: 2,efit: 2,,,0,0,0,0,2,,
2026-03-31 13:08:41,17,15,15,0,efit: 4,efit: 1,efit: 2,,,0,0,0,0,2,,
2026-03-31 14:46:26,17,15,15,0,efit: 3,,efit: 2,,,0,0,0,0,2,,
2026-03-31 14:56:29,17,15,15,0,efit: 4,efit: 1,efit: 2,,,0,0,0,0,2,,
2026-03-31 14:58:12,17,15,15,0,efit: 5,efit: 2,efit: 2,,,0,0,0,0,2,,
2026-03-31 15:11:31,17,15,15,0,efit: 4,efit: 1,efit: 2,,,0,0,0,0,2,,
2026-03-31 15:18:16,17,15,15,0,efit: 3,efit: 2,,,,0,0,0,0,2,,
2026-03-31 15:19:01,17,15,15,0,efit: 2,efit: 2,,,,0,0,0,0,2,,
2026-03-31 15:21:34,17,15,15,0,efit: 3,efit: 3,,,,0,0,0,0,2,,
2026-03-31 15:26:35,17,15,15,0,efit: 1,efit: 1,,,,0,0,0,0,2,,
2026-03-31 15:48:21,17,15,15,0,,,,,,0,0,0,0,2,,
2026-03-31 16:38:30,17,15,15,0,efit: 1,efit: 1,,,,0,0,0,0,2,,
2026-03-31 16:41:49,17,15,15,0,efit: 2,efit: 2,,,,0,0,0,0,2,,
2026-03-31 16:46:50,17,15,15,0,efit: 1,efit: 1,,,,0,0,0,0,2,,
2026-03-31 16:56:52,17,15,15,0,efit: 2,efit: 2,,,,0,0,0,0,2,,
2026-03-31 16:58:33,17,15,15,0,,,,,,0,0,0,0,2,,
2026-03-31 17:26:58,17,15,15,0,efit: 1,efit: 1,,,,0,0,0,0,2,,
2026-03-31 17:59:26,17,15,15,0,,,,,,0,0,0,0,2,,
2026-03-31 18:02:06,17,15,15,0,efit: 1,efit: 1,,,,0,0,0,0,2,,
2026-03-31 18:32:12,17,15,15,0,efit: 2,efit: 2,,,,0,0,0,0,2,,
2026-03-31 18:33:50,17,15,15,0,efit: 1,efit: 1,,,,0,0,0,0,2,,
2026-03-31 18:37:13,17,15,15,0,efit: 2,efit: 2,,,,0,0,0,0,2,,
2026-03-31 18:42:14,17,15,15,0,efit: 4,efit: 4,,,,0,0,0,0,2,,
2026-03-31 19:07:19,17,15,15,0,efit: 5,efit: 5,,,,0,0,0,0,2,,
2026-03-31 19:22:22,17,15,15,0,efit: 4,efit: 4,,,,0,0,0,0,2,,
2026-03-31 19:47:27,17,15,15,0,efit: 3,efit: 3,,,,0,0,0,0,2,,
2026-03-31 19:59:45,17,15,15,0,efit: 4,efit: 4,,,,0,0,0,0,2,,
2026-03-31 20:02:30,17,15,15,0,efit: 5,efit: 5,,,,0,0,0,0,2,,
2026-03-31 20:07:31,17,15,15,0,efit: 4,efit: 4,,,,0,0,0,0,2,,
2026-03-31 20:09:07,17,15,15,0,efit: 3,efit: 3,,,,0,0,0,0,2,,
2026-03-31 20:29:10,17,15,15,0,efit: 4,efit: 4,,,,0,0,0,0,2,,
2026-03-31 20:39:12,17,15,15,0,efit: 3,efit: 3,,,,0,0,0,0,2,,
2026-03-31 20:42:38,17,15,15,0,efit: 4,efit: 4,,,,0,0,0,0,2,,
2026-03-31 20:44:52,17,15,15,0,efit: 2,efit: 2,,,,0,0,0,0,2,,
2026-03-31 20:52:40,17,15,15,0,efit: 3,efit: 3,,,,0,0,0,0,2,,
2026-03-31 21:35:00,17,15,15,0,efit: 4,efit: 4,,,,0,0,0,0,2,,
2026-03-31 22:05:05,17,15,15,0,efit: 6,efit: 6,,,,0,0,0,0,2,,
2026-03-31 22:12:56,17,15,15,0,efit: 7,efit: 7,,,,0,0,0,0,2,,
2026-03-31 22:27:59,17,15,15,0,efit: 8,efit: 8,,,,0,0,0,0,2,,
2026-03-31 23:49:02,17,15,15,0,efit: 10,efit: 10,,,,0,0,0,0,2,,
2026-04-01 00:04:05,17,15,15,0,efit: 10,efit: 10,,,,0,0,0,0,2,,
2026-04-01 08:55:48,17,15,15,0,efit: 9,efit: 9,,,,0,0,0,0,2,,
2026-04-01 09:25:54,17,15,15,0,efit: 8,efit: 8,,,,0,0,0,0,2,,
2026-04-01 10:31:02,17,15,15,0,efit: 7,efit: 7,,,,0,0,0,0,2,,
2026-04-01 10:36:03,17,15,15,0,efit: 6,efit: 6,,,,0,0,0,0,2,,
2026-04-01 10:56:54,17,15,15,0,efit: 5,efit: 5,,,,0,0,0,0,2,,
2026-04-01 11:06:07,17,15,15,0,efit: 4,efit: 4,,,,0,0,0,0,2,,
2026-04-01 13:51:35,17,15,15,0,efit: 5,efit: 5,,,,0,0,0,0,2,,
2026-04-01 14:16:39,17,15,15,0,efit: 4,efit: 4,,,,0,0,0,0,2,,
2026-04-01 14:51:45,17,15,15,0,efit: 3,efit: 3,,,,0,0,0,0,2,,
2026-04-01 15:31:51,17,15,15,0,efit: 2,efit: 2,,,,0,0,0,0,2,,
2026-04-01 16:06:57,17,15,15,0,,,,,,0,0,0,0,2,,
2026-04-01 16:11:58,17,15,15,0,efit: 1,efit: 1,,,,0,0,0,0,2,,
2026-04-01 16:57:06,17,15,15,0,efit: 2,efit: 2,,,,0,0,0,0,2,,
2026-04-01 17:27:11,17,15,15,0,efit: 3,efit: 3,,,,0,0,0,0,2,,
2026-04-01 17:37:13,17,15,15,0,efit: 2,efit: 2,,,,0,0,0,0,2,,
2026-04-01 17:47:14,17,15,15,0,efit: 1,efit: 1,,,,0,0,0,0,2,,
2026-04-01 18:07:18,17,15,15,0,efit: 3,efit: 2,,,,0,0,0,0,2,,
2026-04-01 18:12:18,17,15,15,0,efit: 4,efit: 3,,,,0,0,0,0,2,,
2026-04-01 18:27:21,17,15,15,0,efit: 5,efit: 4,,,,0,0,0,0,2,,
2026-04-01 18:33:30,17,15,15,0,efit: 6,efit: 5,,,,0,0,0,0,2,,
2026-04-01 18:37:23,17,15,15,0,efit: 7,efit: 6,,,,0,0,0,0,2,,
2026-04-01 18:52:25,17,15,15,0,efit: 8,efit: 7,,,,0,0,0,0,2,,
2026-04-01 18:57:26,17,15,15,0,efit: 7,efit: 6,,,,0,0,0,0,2,,
2026-04-01 19:02:27,17,15,15,0,efit: 8,efit: 7,,,,0,0,0,0,2,,
2026-04-01 20:27:41,17,15,15,0,efit: 9,efit: 8,,,,0,0,0,0,2,,
2026-04-02 00:03:17,17,15,15,0,efit: 9,efit: 8,,,,0,0,0,0,2,,
2026-04-02 01:44:59,17,15,15,0,efit: 10,efit: 9,,,,0,0,0,0,2,,
2026-04-02 05:54:52,17,15,15,0,efit: 11,efit: 10,,,,0,0,0,0,2,,
2026-04-02 07:44:30,17,15,15,0,efit: 10,efit: 9,,,,0,0,0,0,2,,
2026-04-02 08:20:21,17,15,15,0,efit: 11,efit: 10,,,,0,0,0,0,2,,
2026-04-02 08:49:41,17,15,15,0,efit: 12,efit: 11,,,,0,0,0,0,2,,
2026-04-02 09:11:32,17,15,15,0,efit: 11,efit: 10,,,,0,0,0,0,2,,
2026-04-02 09:14:45,17,15,15,0,efit: 10,efit: 9,,,,0,0,0,0,2,,
2026-04-02 09:16:33,17,15,15,0,efit: 11,efit: 10,,,,0,0,0,0,2,,
2026-04-02 09:24:47,17,15,15,0,efit: 10,efit: 9,,,,0,0,0,0,2,,
2026-04-02 09:29:48,17,15,15,0,efit: 9,efit: 8,,,,0,0,0,0,2,,
2026-04-02 09:39:49,17,15,15,0,efit: 10,efit: 9,,,,0,0,0,0,2,,
2026-04-02 11:10:05,17,15,15,0,efit: 9,efit: 8,,,,0,0,0,0,2,,
2026-04-02 11:20:57,17,15,15,0,efit: 8,efit: 7,,,,0,0,0,0,2,,
2026-04-02 11:36:01,17,15,15,0,efit: 7,efit: 6,,,,0,0,0,0,2,,
2026-04-02 11:55:12,17,15,15,0,efit: 8,efit: 7,,,,0,0,0,0,2,,
2026-04-02 12:01:06,17,15,15,0,efit: 9,efit: 8,,,,0,0,0,0,2,,
2026-04-02 12:06:07,17,15,15,0,efit: 8,efit: 7,,,,0,0,0,0,2,,
2026-04-02 12:36:13,17,15,15,0,efit: 7,efit: 6,,,,0,0,0,0,2,,
2026-04-02 12:37:15,17,15,15,0,efit: 6,efit: 5,,,,0,0,0,0,2,,
2026-04-02 13:52:31,17,15,15,0,efit: 8,efit: 7,,,,0,0,0,0,2,,
2026-04-02 14:02:33,17,15,15,0,efit: 7,efit: 6,,,,0,0,0,0,2,,
2026-04-02 14:05:34,17,15,15,0,efit: 6,efit: 5,,,,0,0,0,0,2,,
2026-04-02 14:25:38,17,15,15,0,efit: 5,efit: 4,,,,0,0,0,0,2,,
2026-04-02 15:26:48,17,15,15,0,"fit: 1, efit: 5","fit: 1, efit: 4",,,,0,0,0,0,2,,
2026-04-02 15:30:49,17,15,15,0,"fit: 1, efit: 4","fit: 1, efit: 3",,,,0,0,0,0,2,,
2026-04-02 15:45:51,17,15,15,0,"fit: 1, efit: 5","fit: 1, efit: 4",,,,0,0,0,0,2,,
2026-04-02 15:51:53,17,15,15,0,"fit: 1, efit: 6","fit: 1, efit: 5",,,,0,0,0,0,2,,
2026-04-02 16:21:59,17,15,15,0,"fit: 1, efit: 7","fit: 1, efit: 6",,,,0,0,0,0,2,,
2026-04-02 16:31:00,17,15,15,0,"fit: 1, efit: 6","fit: 1, efit: 5",,,,0,0,0,0,2,,
2026-04-02 16:32:01,17,15,15,0,"fit: 1, efit: 7","fit: 1, efit: 6",,,,0,0,0,0,2,,
2026-04-02 16:48:08,17,15,15,0,efit: 7,efit: 6,,,,0,0,0,0,2,,
2026-04-02 16:51:04,17,15,15,0,efit: 8,efit: 7,,,,0,0,0,0,2,,
2026-04-02 17:07:09,17,15,15,0,efit: 9,efit: 8,,,,0,0,0,0,2,,
2026-04-02 17:13:14,17,15,15,0,efit: 10,efit: 9,,,,0,0,0,0,2,,
2026-04-02 17:32:14,17,15,15,0,efit: 9,efit: 8,,,,0,0,0,0,2,,
2026-04-02 17:43:20,17,15,15,0,efit: 9,efit: 7,,,,0,0,0,0,2,,
2026-04-02 17:46:13,17,15,15,0,efit: 8,efit: 6,,,,0,0,0,0,2,,
2026-04-02 18:06:17,17,15,15,0,efit: 9,efit: 7,,,,0,0,0,0,2,,
2026-04-02 18:13:27,17,15,15,0,efit: 8,efit: 6,,,,0,0,0,0,2,,
2026-04-02 18:16:18,17,15,15,0,efit: 7,efit: 5,,,,0,0,0,0,2,,
2026-04-02 18:23:29,17,15,15,0,efit: 8,efit: 6,,,,0,0,0,0,2,,
2026-04-02 18:41:23,17,15,15,0,efit: 9,efit: 7,,,,0,0,0,0,2,,
2026-04-02 18:52:30,17,15,15,0,efit: 8,efit: 6,,,,0,0,0,0,2,,
2026-04-02 20:11:38,17,15,15,0,efit: 9,efit: 7,,,,0,0,0,0,2,,
2026-04-02 20:12:47,17,15,15,0,efit: 8,efit: 6,,,,0,0,0,0,2,,
2026-04-02 20:47:54,17,15,15,0,efit: 9,efit: 7,,,,0,0,0,0,2,,
2026-04-02 20:52:55,17,15,15,0,efit: 8,efit: 6,,,,0,0,0,0,2,,
2026-04-02 21:12:59,17,15,15,0,efit: 7,efit: 5,,,,0,0,0,0,2,,
2026-04-02 21:31:52,17,15,15,0,efit: 7,efit: 4,,,,0,0,0,0,2,,
2026-04-02 21:56:56,17,15,15,0,efit: 8,efit: 5,,,,0,0,0,0,2,,
2026-04-02 23:59:39,17,15,15,0,efit: 9,efit: 6,,,,0,0,0,0,2,,
2026-04-03 00:02:16,17,15,15,0,efit: 8,efit: 5,,,,0,0,0,0,2,,
2026-04-03 00:38:39,17,15,15,0,efit: 9,efit: 6,,,,0,0,0,0,2,,
2026-04-03 01:32:30,17,15,15,0,efit: 10,efit: 7,,,,0,0,0,0,2,,
2026-04-03 01:34:58,17,15,15,0,efit: 11,efit: 8,,,,0,0,0,0,2,,
2026-04-03 05:08:04,17,15,15,0,efit: 11,efit: 8,efit: 1,,,0,0,0,0,2,,
2026-04-03 07:40:03,17,15,15,0,efit: 10,efit: 7,efit: 1,,,0,0,0,0,2,,
2026-04-03 08:10:09,17,15,15,0,efit: 11,efit: 8,efit: 1,,,0,0,0,0,2,,
2026-04-03 08:15:10,17,15,15,0,efit: 10,efit: 7,efit: 1,,,0,0,0,0,2,,
2026-04-03 09:25:24,17,15,15,0,efit: 9,efit: 6,efit: 1,,,0,0,0,0,2,,
2026-04-03 10:08:52,17,15,15,0,efit: 8,efit: 5,efit: 1,,,0,0,0,0,2,,
2026-04-03 10:20:35,17,15,15,0,efit: 7,efit: 4,efit: 1,,,0,0,0,0,2,,
2026-04-03 10:43:58,17,15,15,0,efit: 6,efit: 3,efit: 1,,,0,0,0,0,2,,
2026-04-03 10:48:59,17,15,15,0,"fit: 1, efit: 6","fit: 1, efit: 3",efit: 1,,,0,0,0,0,2,,
2026-04-03 10:59:01,17,15,15,0,"fit: 1, efit: 5","fit: 1, efit: 2",efit: 1,,,0,0,0,0,2,,
2026-04-03 11:15:47,17,15,15,0,"fit: 1, efit: 6","fit: 1, efit: 3",efit: 1,,,0,0,0,0,2,,
2026-04-03 12:42:16,17,15,15,0,"fit: 1, efit: 7","fit: 1, efit: 4",efit: 1,,,0,0,0,0,2,,
2026-04-03 12:47:17,17,15,15,0,"fit: 1, efit: 8","fit: 1, efit: 5",efit: 1,,,0,0,0,0,2,,
2026-04-03 13:01:13,17,15,15,0,"fit: 1, efit: 9","fit: 1, efit: 6",efit: 1,,,0,0,0,0,2,,
2026-04-03 13:29:26,17,15,15,0,"fit: 1, efit: 8","fit: 1, efit: 5",efit: 1,,,0,0,0,0,2,,
2026-04-03 13:34:27,17,15,15,0,"fit: 1, efit: 7","fit: 1, efit: 4",efit: 1,,,0,0,0,0,2,,
2026-04-03 13:42:29,17,15,15,0,"fit: 1, efit: 4","fit: 1, efit: 1",efit: 1,,,0,0,0,0,2,,
2026-04-03 13:44:29,17,15,15,0,"fit: 1, efit: 5","fit: 1, efit: 2",efit: 1,,,0,0,0,0,2,,
2026-04-03 13:46:22,17,15,15,0,"fit: 1, efit: 4","fit: 1, efit: 1",efit: 1,,,0,0,0,0,2,,
2026-04-03 13:52:31,17,15,15,0,"fit: 1, efit: 3",fit: 1,efit: 1,,,0,0,0,0,2,,
2026-04-03 14:24:36,17,15,15,0,"fit: 1, efit: 4","fit: 1, efit: 1",efit: 1,,,0,0,0,0,2,,
2026-04-03 14:52:43,17,15,15,0,"fit: 1, efit: 5","fit: 1, efit: 2",efit: 1,,,0,0,0,0,2,,
2026-04-03 15:06:39,17,15,15,0,"fit: 1, efit: 4","fit: 1, efit: 1",efit: 1,,,0,0,0,0,2,,
2026-04-03 15:37:53,17,15,15,0,"fit: 1, efit: 5","fit: 1, efit: 1",efit: 2,,,0,0,0,0,2,,
2026-04-03 15:54:51,17,15,15,0,"fit: 1, efit: 4",fit: 1,efit: 2,,,0,0,0,0,2,,
2026-04-03 16:44:59,17,15,15,0,"fit: 1, efit: 5","fit: 1, efit: 1",efit: 2,,,0,0,0,0,2,,
2026-04-03 17:27:09,17,15,15,0,"fit: 1, efit: 6","fit: 1, efit: 2",efit: 2,,,0,0,0,0,2,,
2026-04-03 18:53:36,17,15,15,0,"fit: 2, efit: 6","fit: 1, efit: 2","fit: 1, efit: 2",,,0,0,0,0,2,,
2026-04-03 18:55:23,17,15,15,0,"fit: 2, efit: 5","fit: 1, efit: 1","fit: 1, efit: 2",,,0,0,0,0,2,,
2026-04-03 19:42:38,17,15,15,0,"fit: 3, efit: 5","fit: 2, efit: 1","fit: 1, efit: 2",,,0,0,0,0,2,,
2026-04-03 19:50:33,17,15,15,0,"fit: 3, efit: 4",fit: 2,"fit: 1, efit: 2",,,0,0,0,0,2,,
2026-04-03 20:12:44,17,15,15,0,"fit: 2, efit: 4",fit: 1,"fit: 1, efit: 2",,,0,0,0,0,2,,
2026-04-03 20:35:41,17,15,15,0,"fit: 1, efit: 5",,"fit: 1, efit: 3",,,0,0,0,0,2,,
2026-04-03 20:57:53,17,15,15,0,"fit: 1, efit: 6",efit: 1,"fit: 1, efit: 3",,,0,0,0,0,2,,
2026-04-03 20:59:03,17,15,15,0,"fit: 1, efit: 5",,"fit: 1, efit: 3",,,0,0,0,0,2,,
2026-04-03 21:20:48,17,15,15,0,"fit: 1, efit: 7",efit: 2,"fit: 1, efit: 3",,,0,0,0,0,2,,
2026-04-03 22:19:18,17,15,15,0,"fit: 1, efit: 5",,"fit: 1, efit: 3",,,0,0,0,0,2,,
2026-04-03 22:30:59,17,15,15,0,"fit: 1, efit: 6",efit: 1,"fit: 1, efit: 3",,,0,0,0,0,2,,
2026-04-04 00:01:13,17,15,15,0,"fit: 1, efit: 7",efit: 2,"fit: 1, efit: 3",,,0,0,0,0,2,,
2026-04-04 00:39:45,17,15,15,0,"fit: 1, efit: 6",efit: 1,"fit: 1, efit: 3",,,0,0,0,0,2,,
2026-04-04 00:41:19,17,15,15,0,"fit: 1, efit: 5",,"fit: 1, efit: 3",,,0,0,0,0,2,,
2026-04-04 08:27:27,17,15,15,0,"fit: 1, efit: 6",efit: 1,"fit: 1, efit: 3",,,0,0,0,0,2,,
2026-04-04 08:35:01,17,15,15,0,"fit: 1, efit: 4",efit: 1,"fit: 1, efit: 3",,,0,0,0,0,2,,
2026-04-04 08:36:16,17,15,15,0,"fit: 1, efit: 2",efit: 1,"fit: 1, efit: 1",,,0,0,0,0,2,,
2026-04-04 08:37:29,17,15,15,0,"fit: 1, efit: 3",efit: 2,"fit: 1, efit: 1",,,0,0,0,0,2,,
2026-04-04 08:40:02,17,15,15,0,"fit: 1, efit: 4",efit: 3,"fit: 1, efit: 1",,,0,0,0,0,2,,
2026-04-04 08:41:17,17,15,15,0,"fit: 1, efit: 5",efit: 5,fit: 1,,,0,0,0,0,2,,
2026-04-04 08:42:30,17,15,15,0,efit: 6,efit: 6,,,,0,0,0,0,2,,
2026-04-04 08:45:03,17,15,15,0,"fit: 1, efit: 6","fit: 1, efit: 6",,,,0,0,0,0,2,,
2026-04-04 09:15:09,17,15,15,0,"fit: 1, efit: 7","fit: 1, efit: 7",,,,0,0,0,0,2,,
2026-04-04 09:50:16,17,15,15,0,"fit: 1, efit: 6","fit: 1, efit: 6",,,,0,0,0,0,2,,
2026-04-04 09:55:16,17,15,15,0,"fit: 1, efit: 5","fit: 1, efit: 5",,,,0,0,0,0,2,,
2026-04-04 09:57:41,17,15,15,0,"fit: 1, efit: 4","fit: 1, efit: 4",,,,0,0,0,0,2,,
2026-04-04 10:00:17,17,15,15,0,"fit: 1, efit: 2","fit: 1, efit: 2",,,,0,0,0,0,2,,
2026-04-04 10:55:28,17,15,15,0,"fit: 1, efit: 3","fit: 1, efit: 3",,,,0,0,0,0,2,,
2026-04-04 11:06:45,17,15,15,0,"fit: 1, efit: 2","fit: 1, efit: 2",,,,0,0,0,0,2,,
2026-04-04 11:26:49,17,15,15,0,"fit: 1, efit: 3","fit: 1, efit: 3",,,,0,0,0,0,2,,
2026-04-04 11:45:37,17,15,15,0,"fit: 1, efit: 4","fit: 1, efit: 4",,,,0,0,0,0,2,,
2026-04-04 11:52:58,17,15,15,0,"fit: 1, efit: 3","fit: 1, efit: 3",,,,0,0,0,0,2,,
2026-04-04 12:15:43,17,15,15,0,"fit: 1, efit: 4","fit: 1, efit: 4",,,,0,0,0,0,2,,
2026-04-04 12:27:01,17,15,15,0,"fit: 1, efit: 3","fit: 1, efit: 3",,,,0,0,0,0,2,,
2026-04-04 12:38:06,17,15,15,0,"fit: 1, efit: 4","fit: 1, efit: 4",,,,0,0,0,0,2,,
2026-04-04 12:45:49,17,15,15,0,"fit: 1, efit: 2","fit: 1, efit: 2",,,,0,0,0,0,2,,
2026-04-04 12:47:05,17,15,15,0,"fit: 1, efit: 1","fit: 1, efit: 1",,,,0,0,0,0,2,,
2026-04-04 12:50:50,17,15,15,0,"fit: 1, efit: 3","fit: 1, efit: 3",,,,0,0,0,0,2,,
2026-04-04 12:53:08,17,15,15,0,"fit: 1, efit: 4","fit: 1, efit: 4",,,,0,0,0,0,2,,
2026-04-04 13:10:54,17,15,15,0,"fit: 1, efit: 5","fit: 1, efit: 5",,,,0,0,0,0,2,,
2026-04-04 13:25:56,17,15,15,0,"fit: 1, efit: 4","fit: 1, efit: 4",,,,0,0,0,0,2,,
2026-04-04 13:33:14,17,15,15,0,"fit: 1, efit: 3","fit: 1, efit: 3",,,,0,0,0,0,2,,
2026-04-04 13:43:15,17,15,15,0,"fit: 1, efit: 4","fit: 1, efit: 4",,,,0,0,0,0,2,,
2026-04-04 13:46:01,17,15,15,0,"fit: 1, efit: 3","fit: 1, efit: 3",,,,0,0,0,0,2,,
2026-04-04 13:51:02,17,15,15,0,"fit: 1, efit: 2","fit: 1, efit: 2",,,,0,0,0,0,2,,
2026-04-04 13:53:17,17,15,15,0,"fit: 1, efit: 1","fit: 1, efit: 1",,,,0,0,0,0,2,,
2026-04-04 14:47:28,17,15,15,0,"fit: 1, efit: 2","fit: 1, efit: 2",,,,0,0,0,0,2,,
2026-04-04 14:51:13,17,15,15,0,"fit: 1, efit: 3","fit: 1, efit: 3",,,,0,0,0,0,2,,
2026-04-04 15:03:28,17,15,15,0,"fit: 1, efit: 2","fit: 1, efit: 2",,,,0,0,0,0,2,,
2026-04-04 15:08:29,17,15,15,0,"fit: 1, efit: 1","fit: 1, efit: 1",,,,0,0,0,0,2,,
2026-04-04 15:26:20,17,15,15,0,fit: 1,fit: 1,,,,0,0,0,0,2,,
2026-04-04 15:56:26,17,15,15,0,,,,,,0,0,0,0,2,,
2026-04-04 16:01:27,17,15,15,0,efit: 1,efit: 1,,,,0,0,0,0,2,,
2026-04-04 16:06:28,17,15,15,0,efit: 2,efit: 2,,,,0,0,0,0,2,,
2026-04-04 16:22:47,17,15,15,0,,,,,,0,0,0,0,2,,
2026-04-04 16:51:37,17,15,15,0,efit: 1,efit: 1,,,,0,0,0,0,2,,
2026-04-04 16:53:45,17,15,15,0,efit: 2,efit: 2,,,,0,0,0,0,2,,
2026-04-04 17:06:40,17,15,15,0,efit: 4,efit: 4,,,,0,0,0,0,2,,
2026-04-04 17:07:56,17,15,15,0,efit: 3,efit: 3,,,,0,0,0,0,2,,
2026-04-04 17:17:58,17,15,15,0,efit: 2,efit: 2,,,,0,0,0,0,2,,
2026-04-04 17:21:42,17,15,15,0,efit: 1,efit: 1,,,,0,0,0,0,2,,
2026-04-04 17:26:43,17,15,15,0,"fit: 1, efit: 1","fit: 1, efit: 1",,,,0,0,0,0,2,,
2026-04-04 17:28:00,17,15,15,0,fit: 1,fit: 1,,,,0,0,0,0,2,,
2026-04-04 19:54:13,17,15,15,0,"fit: 1, efit: 2","fit: 1, efit: 2",,,,0,0,0,0,2,,
2026-04-04 20:02:13,17,15,15,0,"fit: 1, efit: 3","fit: 1, efit: 3",,,,0,0,0,0,2,,
2026-04-04 20:28:36,17,15,15,0,"fit: 1, efit: 4","fit: 1, efit: 4",,,,0,0,0,0,2,,
2026-04-04 20:42:21,17,15,15,0,"fit: 2, efit: 4","fit: 2, efit: 4",,,,0,0,0,0,2,,
2026-04-04 22:23:58,17,15,15,0,"fit: 2, efit: 5","fit: 2, efit: 5",,,,0,0,0,0,2,,
2026-04-04 22:27:40,17,15,15,0,"fit: 2, efit: 4","fit: 2, efit: 4",,,,0,0,0,0,2,,
2026-04-04 22:49:03,17,15,15,0,"fit: 2, efit: 3","fit: 2, efit: 3",,,,0,0,0,0,2,,
2026-04-04 22:52:45,17,15,15,0,"fit: 2, efit: 2","fit: 2, efit: 2",,,,0,0,0,0,2,,
2026-04-04 22:57:46,17,15,15,0,"fit: 2, efit: 4","fit: 2, efit: 4",,,,0,0,0,0,2,,
2026-04-04 23:29:45,17,15,15,0,"fit: 2, efit: 5","fit: 2, efit: 5",,,,0,0,0,0,2,,
2026-04-04 23:57:57,17,15,15,0,"fit: 2, efit: 6","fit: 2, efit: 6",,,,0,0,0,0,2,,
2026-04-05 00:02:58,17,15,15,0,"fit: 2, efit: 6","fit: 2, efit: 6",,,,0,0,0,0,2,,
2026-04-05 01:04:59,17,15,15,0,"fit: 2, efit: 5","fit: 2, efit: 5",,,,0,0,0,0,2,,
2026-04-05 01:45:05,17,15,15,0,"fit: 2, efit: 3","fit: 2, efit: 3",,,,0,0,0,0,2,,
2026-04-05 02:39:46,17,15,15,0,"fit: 2, efit: 2","fit: 2, efit: 2",,,,0,0,0,0,2,,
2026-04-05 08:24:28,17,15,15,0,"fit: 2, efit: 3","fit: 2, efit: 3",,,,0,0,0,0,2,,
2026-04-05 09:31:02,17,15,15,0,"fit: 2, efit: 4","fit: 2, efit: 4",,,,0,0,0,0,2,,
2026-04-05 10:09:47,17,15,15,0,"fit: 2, efit: 5","fit: 2, efit: 5",,,,0,0,0,0,2,,
2026-04-05 10:21:12,17,15,15,0,"fit: 2, efit: 6","fit: 2, efit: 6",,,,0,0,0,0,2,,
2026-04-05 10:36:15,17,15,15,0,"fit: 2, efit: 5","fit: 2, efit: 5",,,,0,0,0,0,2,,
2026-04-05 10:39:52,17,15,15,0,"fit: 2, efit: 4","fit: 2, efit: 4",,,,0,0,0,0,2,,
2026-04-05 10:59:56,17,15,15,0,"fit: 2, efit: 3","fit: 2, efit: 3",,,,0,0,0,0,2,,
2026-04-05 11:11:21,17,15,15,0,"fit: 2, efit: 3","fit: 2, efit: 2",,,,0,0,0,0,2,,
2026-04-05 11:25:01,17,15,15,0,"fit: 2, efit: 4","fit: 2, efit: 3",,,,0,0,0,0,2,,
2026-04-05 12:00:07,17,15,15,0,"fit: 2, efit: 3","fit: 2, efit: 2",,,,0,0,0,0,2,,
2026-04-05 12:05:08,17,15,15,0,"fit: 2, efit: 4","fit: 2, efit: 3",,,,0,0,0,0,2,,
2026-04-05 12:10:09,17,15,15,0,"fit: 2, efit: 1",fit: 2,,,,0,0,0,0,2,,
2026-04-05 12:16:34,17,15,15,0,"fit: 1, efit: 1",fit: 1,,,,0,0,0,0,2,,
2026-04-05 12:40:15,17,15,15,0,"fit: 1, efit: 3","fit: 1, efit: 2",,,,0,0,0,0,2,,
2026-04-05 12:45:16,17,15,15,0,"fit: 2, efit: 3","fit: 2, efit: 2",,,,0,0,0,0,2,,
2026-04-05 12:51:40,17,15,15,0,"fit: 2, efit: 2","fit: 2, efit: 1",,,,0,0,0,0,2,,
2026-04-05 14:20:34,17,15,15,0,"fit: 2, efit: 1",fit: 2,,,,0,0,0,0,2,,
2026-04-05 14:50:39,17,15,15,0,efit: 1,,,,,0,0,0,0,2,,
2026-04-05 15:35:48,17,15,15,0,efit: 2,efit: 1,,,,0,0,0,0,2,,
2026-04-05 15:55:51,17,15,15,0,efit: 3,efit: 2,,,,0,0,0,0,2,,
2026-04-05 17:21:07,17,15,15,0,efit: 4,efit: 3,,,,0,0,0,0,2,,
2026-04-05 18:02:26,17,15,15,0,efit: 3,efit: 2,,,,0,0,0,0,2,,
2026-04-05 19:21:30,17,15,15,0,efit: 2,efit: 1,,,,0,0,0,0,2,,
2026-04-05 20:23:03,17,15,15,0,efit: 1,,,,,0,0,0,0,2,,
2026-04-05 20:56:47,17,15,15,0,efit: 2,efit: 1,,,,0,0,0,0,2,,
2026-04-05 21:42:58,17,15,15,0,efit: 3,efit: 2,,,,0,0,0,0,2,,
2026-04-06 00:02:21,17,15,15,0,efit: 3,efit: 2,,,,0,0,0,0,2,,
2026-04-06 05:04:40,17,15,15,0,efit: 2,efit: 1,,,,0,0,0,0,2,,
2026-04-06 05:18:18,17,15,15,0,efit: 3,efit: 2,,,,0,0,0,0,2,,
2026-04-06 05:54:10,17,15,15,0,efit: 4,efit: 3,,,,0,0,0,0,2,,
2026-04-06 05:58:25,17,15,15,0,efit: 3,efit: 2,,,,0,0,0,0,2,,
2026-04-06 08:13:53,17,15,15,0,efit: 2,efit: 1,,,,0,0,0,0,2,,
2026-04-06 08:33:56,17,15,15,0,efit: 1,,,,,0,0,0,0,2,,
2026-04-06 08:44:36,17,15,15,0,efit: 2,efit: 1,,,,0,0,0,0,2,,
2026-04-06 08:45:25,17,15,15,0,efit: 3,efit: 2,,,,0,0,0,0,2,,
2026-04-06 09:30:35,17,15,15,0,efit: 2,efit: 1,,,,0,0,0,0,2,,
2026-04-06 09:34:09,17,15,15,0,efit: 3,efit: 2,,,,0,0,0,0,2,,
2026-04-06 09:44:11,17,15,15,0,efit: 2,efit: 1,,,,0,0,0,0,2,,
2026-04-06 10:09:16,17,15,15,0,efit: 1,,,,,0,0,0,0,2,,
2026-04-06 13:04:52,17,15,15,0,efit: 2,efit: 1,,,,0,0,0,0,2,,
2026-04-06 14:10:06,17,15,15,0,efit: 1,,,,,0,0,0,0,2,,
2026-04-06 14:21:37,17,15,15,0,"fit: 1, efit: 1",fit: 1,,,,0,0,0,0,2,,
2026-04-06 14:40:12,17,15,15,0,efit: 1,,,,,0,0,0,0,2,,
2026-04-06 15:21:50,17,15,15,0,"fit: 1, efit: 1",fit: 1,,,,0,0,0,0,2,,
2026-04-06 15:51:56,17,15,15,0,efit: 1,,,,,0,0,0,0,2,,
2026-04-06 16:15:32,17,15,15,0,efit: 2,efit: 1,,,,0,0,0,0,2,,
2026-04-06 16:17:02,17,15,15,0,efit: 3,efit: 2,,,,0,0,0,0,2,,
2026-04-06 16:30:35,17,15,15,0,efit: 2,efit: 1,,,,0,0,0,0,2,,
2026-04-06 17:15:44,17,15,15,0,efit: 3,efit: 2,,,,0,0,0,0,2,,
2026-04-06 17:20:45,17,15,15,0,efit: 4,efit: 3,,,,0,0,0,0,2,,
2026-04-06 17:26:04,17,15,15,0,efit: 5,efit: 4,,,,0,0,0,0,2,,
2026-04-06 17:35:48,17,15,15,0,efit: 4,efit: 3,,,,0,0,0,0,2,,
2026-04-06 17:45:50,17,15,15,0,efit: 5,efit: 4,,,,0,0,0,0,2,,
2026-04-06 17:55:52,17,15,15,0,efit: 6,efit: 5,,,,0,0,0,0,2,,
2026-04-06 19:17:39,17,15,15,0,"fit: 1, efit: 4","fit: 1, efit: 3",,,,0,0,0,0,2,,
2026-04-06 19:42:44,17,15,15,0,"fit: 1, efit: 3","fit: 1, efit: 2",,,,0,0,0,0,2,,
2026-04-06 21:31:43,17,15,15,0,"fit: 1, efit: 4","fit: 1, efit: 3",,,,0,0,0,0,2,,
2026-04-06 21:43:08,17,15,15,0,"fit: 1, efit: 5","fit: 1, efit: 4",,,,0,0,0,0,2,,
2026-04-06 22:06:42,17,15,15,0,"fit: 1, efit: 6","fit: 1, efit: 5",,,,0,0,0,0,2,,
2026-04-07 00:02:03,17,15,15,0,"fit: 1, efit: 6","fit: 1, efit: 5",,,,0,0,0,0,2,,
2026-04-07 05:52:55,17,15,15,0,"fit: 1, efit: 5","fit: 1, efit: 4",,,,0,0,0,0,2,,
2026-04-07 05:59:42,17,15,15,0,"fit: 1, efit: 6","fit: 1, efit: 5",,,,0,0,0,0,2,,
2026-04-07 07:08:07,17,15,15,0,"fit: 1, efit: 7","fit: 1, efit: 6",,,,0,0,0,0,2,,
2026-04-07 07:28:10,17,15,15,0,"fit: 1, efit: 7","fit: 1, efit: 6",efit: 1,,,0,0,0,0,2,,
2026-04-07 08:15:10,17,15,15,0,"fit: 2, efit: 7","fit: 2, efit: 6",efit: 1,,,0,0,0,0,2,,
2026-04-07 08:18:19,17,15,15,0,"fit: 2, efit: 6","fit: 2, efit: 5",efit: 1,,,0,0,0,0,2,,
2026-04-07 08:38:22,17,15,15,0,"fit: 2, efit: 5","fit: 2, efit: 4",efit: 1,,,0,0,0,0,2,,
2026-04-07 09:10:21,17,15,15,0,"fit: 2, efit: 4","fit: 2, efit: 3",efit: 1,,,0,0,0,0,2,,
2026-04-07 09:48:33,17,15,15,0,"fit: 2, efit: 3","fit: 2, efit: 2",efit: 1,,,0,0,0,0,2,,
2026-04-07 10:23:38,17,15,15,0,"fit: 2, efit: 1",fit: 2,efit: 1,,,0,0,0,0,2,,
2026-04-07 11:08:46,17,15,15,0,"fit: 2, efit: 2","fit: 2, efit: 1",efit: 1,,,0,0,0,0,2,,
2026-04-07 11:18:47,17,15,15,0,"fit: 2, efit: 3","fit: 2, efit: 2",efit: 1,,,0,0,0,0,2,,
2026-04-07 11:58:54,17,15,15,0,"fit: 2, efit: 2","fit: 2, efit: 1",efit: 1,,,0,0,0,0,2,,
2026-04-07 12:21:01,17,15,15,0,"fit: 2, efit: 3","fit: 2, efit: 2",efit: 1,,,0,0,0,0,2,,
2026-04-07 12:54:03,17,15,15,0,"fit: 2, efit: 2","fit: 2, efit: 1",efit: 1,,,0,0,0,0,2,,
2026-04-07 13:51:19,17,15,15,0,"fit: 2, efit: 4","fit: 2, efit: 3",efit: 1,,,0,0,0,0,2,,
2026-04-07 14:09:15,17,15,15,0,"fit: 2, efit: 3","fit: 2, efit: 2",efit: 1,,,0,0,0,0,2,,
2026-04-07 14:41:30,17,15,15,0,"fit: 2, efit: 4","fit: 2, efit: 3",efit: 1,,,0,0,0,0,2,,
2026-04-07 15:49:31,17,15,15,0,"fit: 2, efit: 3","fit: 2, efit: 2",efit: 1,,,0,0,0,0,2,,
2026-04-07 16:09:34,17,15,15,0,"fit: 2, efit: 2","fit: 2, efit: 1",efit: 1,,,0,0,0,0,2,,
2026-04-07 16:29:37,17,15,15,0,"fit: 2, efit: 3","fit: 2, efit: 2",efit: 1,,,0,0,0,0,2,,
2026-04-07 16:49:40,17,15,15,0,"fit: 2, efit: 1",fit: 2,efit: 1,,,0,0,0,0,2,,
2026-04-07 16:54:41,17,15,15,0,"fit: 2, efit: 2","fit: 2, efit: 1",efit: 1,,,0,0,0,0,2,,
2026-04-07 17:04:43,17,15,15,0,"fit: 2, efit: 1",fit: 2,efit: 1,,,0,0,0,0,2,,
2026-04-07 17:15:19,17,15,15,0,"fit: 2, efit: 2","fit: 2, efit: 1",efit: 1,,,0,0,0,0,2,,
2026-04-07 17:29:47,17,15,15,0,"fit: 2, efit: 1",fit: 2,efit: 1,,,0,0,0,0,2,,
2026-04-07 17:30:22,17,15,15,0,"fit: 1, efit: 1",fit: 1,efit: 1,,,0,0,0,0,2,,
2026-04-07 17:32:06,17,15,15,0,"fit: 2, efit: 1",fit: 2,,,,0,0,0,0,2,,
2026-04-07 17:54:51,17,15,15,0,"fit: 1, efit: 1",fit: 1,,,,0,0,0,0,2,,
2026-04-07 18:17:15,17,15,15,0,"fit: 1, efit: 1",fit: 1,efit: 1,,,0,0,0,0,2,,
2026-04-07 18:22:16,17,15,15,0,"fit: 1, efit: 3","fit: 1, efit: 2",efit: 1,,,0,0,0,0,2,,
2026-04-07 18:34:57,17,15,15,0,"fit: 1, efit: 2","fit: 1, efit: 1",efit: 1,,,0,0,0,0,2,,
2026-04-07 19:50:11,17,15,15,0,"fit: 1, efit: 3","fit: 1, efit: 2",efit: 1,,,0,0,0,0,2,,
2026-04-07 19:52:34,17,15,15,0,"fit: 1, efit: 2","fit: 1, efit: 1",efit: 1,,,0,0,0,0,2,,
2026-04-07 20:00:12,17,15,15,0,"fit: 1, efit: 3","fit: 1, efit: 2",efit: 1,,,0,0,0,0,2,,
2026-04-07 20:05:53,17,15,15,0,"fit: 1, efit: 2","fit: 1, efit: 1",efit: 1,,,0,0,0,0,2,,
2026-04-07 21:06:05,17,15,15,0,"fit: 1, efit: 1",fit: 1,efit: 1,,,0,0,0,0,2,,
2026-04-07 22:15:34,17,15,15,0,"fit: 1, efit: 2","fit: 1, efit: 1",efit: 1,,,0,0,0,0,2,,
2026-04-07 22:23:04,17,15,15,0,"fit: 1, efit: 3","fit: 1, efit: 2",efit: 1,,,0,0,0,0,2,,
2026-04-08 00:00:50,17,15,15,0,"fit: 1, efit: 4","fit: 1, efit: 3",efit: 1,,,0,0,0,0,2,,
2026-04-08 01:00:59,17,15,15,0,"fit: 1, efit: 3","fit: 1, efit: 2",efit: 1,,,0,0,0,0,2,,
2026-04-08 07:01:54,17,15,15,0,"fit: 1, efit: 1",fit: 1,efit: 1,,,0,0,0,0,2,,
2026-04-08 07:06:55,17,15,15,0,"fit: 1, efit: 2","fit: 1, efit: 1",efit: 1,,,0,0,0,0,2,,
2026-04-08 08:08:11,17,15,15,0,"fit: 1, efit: 1",fit: 1,efit: 1,,,0,0,0,0,2,,
2026-04-08 09:27:18,17,15,15,0,efit: 1,,efit: 1,,,0,0,0,0,2,,
2026-04-08 10:05:25,17,15,15,0,efit: 2,efit: 1,efit: 1,,,0,0,0,0,2,,
2026-04-08 10:07:25,17,15,15,0,efit: 2,efit: 2,,,,0,0,0,0,2,,
2026-04-08 10:10:26,17,15,15,0,efit: 3,efit: 3,,,,0,0,0,0,2,,
2026-04-08 10:45:34,17,15,15,0,efit: 4,efit: 4,,,,0,0,0,0,2,,
2026-04-08 12:24:04,17,15,15,0,efit: 5,efit: 5,,,,0,0,0,0,2,,
2026-04-08 13:48:02,17,15,15,0,efit: 4,efit: 4,,,,0,0,0,0,2,,
2026-04-08 14:29:29,17,15,15,0,efit: 5,efit: 5,,,,0,0,0,0,2,,
2026-04-08 14:38:10,17,15,15,0,efit: 6,efit: 6,,,,0,0,0,0,2,,
2026-04-08 14:39:31,17,15,15,0,efit: 5,efit: 5,,,,0,0,0,0,2,,
2026-04-08 14:43:11,17,15,15,0,efit: 4,efit: 4,,,,0,0,0,0,2,,
2026-04-08 15:16:30,17,15,15,0,efit: 3,efit: 3,,,,0,0,0,0,2,,
2026-04-08 16:26:45,17,15,15,0,efit: 2,efit: 2,,,,0,0,0,0,2,,
2026-04-08 16:48:31,17,15,15,0,efit: 3,efit: 3,,,,0,0,0,0,2,,
2026-04-08 17:18:36,17,15,15,0,efit: 4,efit: 3,,,,0,0,0,0,2,,
2026-04-08 17:21:56,17,15,15,0,efit: 5,efit: 4,,,,0,0,0,0,2,,
2026-04-08 17:50:09,17,15,15,0,efit: 4,efit: 3,,,,0,0,0,0,2,,
2026-04-08 18:02:05,17,15,15,0,efit: 3,efit: 2,,,,0,0,0,0,2,,
2026-04-08 18:30:18,17,15,15,0,efit: 4,efit: 3,,,,0,0,0,0,2,,
2026-04-08 18:40:20,17,15,15,0,efit: 5,efit: 4,,,,0,0,0,0,2,,
2026-04-08 18:50:22,17,15,15,0,efit: 4,efit: 3,,,,0,0,0,0,2,,
2026-04-08 19:15:27,17,15,15,0,efit: 3,efit: 2,,,,0,0,0,0,2,,
2026-04-08 19:55:36,17,15,15,0,efit: 2,efit: 1,,,,0,0,0,0,2,,
2026-04-08 20:14:05,17,15,15,0,efit: 4,efit: 3,,,,0,0,0,0,2,,
2026-04-08 21:02:42,17,15,15,0,efit: 4,efit: 2,,,,0,0,0,0,2,,
2026-04-08 21:05:49,17,15,15,0,efit: 4,efit: 3,,,,0,0,0,0,2,,
2026-04-08 21:24:16,17,15,15,0,efit: 5,efit: 4,,,,0,0,0,0,2,,
2026-04-08 21:30:54,17,15,15,0,efit: 4,efit: 3,,,,0,0,0,0,2,,
2026-04-09 00:01:23,17,15,15,0,efit: 4,efit: 3,,,,0,0,0,0,2,,
2026-04-09 05:39:22,17,15,15,0,efit: 3,efit: 2,,,,0,0,0,0,2,,
2026-04-09 05:42:27,17,15,15,0,efit: 4,efit: 3,,,,0,0,0,0,2,,
2026-04-09 07:47:52,17,15,15,0,efit: 3,efit: 2,,,,0,0,0,0,2,,
2026-04-09 08:15:58,17,15,15,0,efit: 2,efit: 1,,,,0,0,0,0,2,,
2026-04-09 09:10:06,17,15,15,0,efit: 3,efit: 2,,,,0,0,0,0,2,,
2026-04-09 09:53:18,17,15,15,0,efit: 4,efit: 3,,,,0,0,0,0,2,,
2026-04-09 10:06:16,17,15,15,0,efit: 5,efit: 4,,,,0,0,0,0,2,,
2026-04-09 10:13:22,17,15,15,0,efit: 4,efit: 3,,,,0,0,0,0,2,,
2026-04-09 10:50:27,17,15,15,0,efit: 3,efit: 2,,,,0,0,0,0,2,,
2026-04-09 11:03:33,17,15,15,0,efit: 4,efit: 3,,,,0,0,0,0,2,,
2026-04-09 11:05:31,17,15,15,0,efit: 4,efit: 4,,,,0,0,0,0,2,,
2026-04-09 11:06:26,17,15,15,0,efit: 5,efit: 5,,,,0,0,0,0,2,,
2026-04-09 11:08:34,17,15,15,0,efit: 4,efit: 4,,,,0,0,0,0,2,,
2026-04-09 11:11:27,17,15,15,0,efit: 3,efit: 3,,,,0,0,0,0,2,,
2026-04-09 11:15:33,17,15,15,0,efit: 2,efit: 2,,,,0,0,0,0,2,,
2026-04-09 11:18:36,17,15,15,0,efit: 3,efit: 3,,,,0,0,0,0,2,,
2026-04-09 11:20:34,17,15,15,0,efit: 2,efit: 2,,,,0,0,0,0,2,,
2026-04-09 11:38:40,17,15,15,0,efit: 1,efit: 1,,,,0,0,0,0,2,,
2026-04-09 11:53:43,17,15,15,0,efit: 2,efit: 2,,,,0,0,0,0,2,,
2026-04-09 11:58:44,17,15,15,0,efit: 3,efit: 3,,,,0,0,0,0,2,,
2026-04-09 12:13:47,17,15,15,0,efit: 5,efit: 5,,,,0,0,0,0,2,,
2026-04-09 13:51:06,17,15,15,0,efit: 4,efit: 4,,,,0,0,0,0,2,,
2026-04-09 14:27:00,17,15,15,0,efit: 3,efit: 3,,,,0,0,0,0,2,,
2026-04-09 14:29:15,17,15,15,0,efit: 2,efit: 2,,,,0,0,0,0,2,,
2026-04-09 14:59:21,17,15,15,0,efit: 1,efit: 1,,,,0,0,0,0,2,,
2026-04-09 15:06:22,17,15,15,0,efit: 2,efit: 2,,,,0,0,0,0,2,,
2026-04-09 15:16:24,17,15,15,0,efit: 1,efit: 1,,,,0,0,0,0,2,,
2026-04-09 15:47:13,17,15,15,0,"fit: 1, efit: 1","fit: 1, efit: 1",,,,0,0,0,0,2,,
2026-04-09 15:49:31,17,15,15,0,fit: 1,fit: 1,,,,0,0,0,0,2,,
2026-04-09 17:26:52,17,15,15,0,"fit: 1, efit: 1","fit: 1, efit: 1",,,,0,0,0,0,2,,
2026-04-09 17:37:32,17,15,15,0,fit: 1,fit: 1,,,,0,0,0,0,2,,
2026-04-09 17:39:54,17,15,15,0,,,,,,0,0,0,0,2,,
2026-04-09 17:54:57,17,15,15,0,efit: 1,efit: 1,,,,0,0,0,0,2,,
2026-04-09 18:10:01,17,15,15,0,efit: 2,efit: 2,,,,0,0,0,0,2,,
2026-04-09 18:15:02,17,15,15,0,efit: 1,efit: 1,,,,0,0,0,0,2,,
2026-04-09 18:30:05,17,15,15,0,efit: 2,efit: 2,,,,0,0,0,0,2,,
2026-04-09 18:32:06,17,15,15,0,efit: 1,efit: 1,,,,0,0,0,0,2,,
2026-04-09 18:40:07,17,15,15,0,efit: 2,efit: 2,,,,0,0,0,0,2,,
2026-04-09 19:05:12,17,15,15,0,efit: 3,efit: 3,,,,0,0,0,0,2,,
2026-04-09 19:17:16,17,15,15,0,efit: 2,efit: 2,,,,0,0,0,0,2,,
2026-04-09 19:27:18,17,15,15,0,efit: 3,efit: 3,,,,0,0,0,0,2,,
2026-04-09 19:42:21,17,15,15,0,efit: 4,efit: 4,,,,0,0,0,0,2,,
2026-04-09 20:05:24,17,15,15,0,efit: 3,efit: 3,,,,0,0,0,0,2,,
2026-04-09 20:45:32,17,15,15,0,efit: 4,efit: 4,,,,0,0,0,0,2,,
2026-04-09 20:48:03,17,15,15,0,efit: 3,efit: 3,,,,0,0,0,0,2,,
2026-04-09 20:55:34,17,15,15,0,efit: 2,efit: 2,,,,0,0,0,0,2,,
2026-04-09 22:32:55,17,15,15,0,efit: 3,efit: 3,,,,0,0,0,0,2,,
2026-04-09 23:13:03,17,15,15,0,efit: 4,efit: 4,,,,0,0,0,0,2,,
2026-04-10 00:01:10,17,15,15,0,efit: 4,efit: 4,,,,0,0,0,0,2,,
2026-04-10 02:16:36,17,15,15,0,efit: 5,efit: 5,,,,0,0,0,0,2,,
2026-04-10 05:22:10,17,15,15,0,efit: 5,efit: 4,,,,0,0,0,0,2,,
2026-04-10 05:34:16,17,15,15,0,efit: 6,efit: 5,,,,0,0,0,0,2,,
2026-04-10 07:57:40,17,15,15,0,efit: 5,efit: 4,,,,0,0,0,0,2,,
2026-04-10 08:02:41,17,15,15,0,efit: 4,efit: 3,,,,0,0,0,0,2,,
2026-04-10 08:17:44,17,15,15,0,efit: 5,efit: 3,efit: 1,,,0,0,0,0,2,,
2026-04-10 08:19:45,17,15,15,0,efit: 4,efit: 2,efit: 1,,,0,0,0,0,2,,
2026-04-10 08:27:46,17,15,15,0,efit: 3,efit: 1,efit: 1,,,0,0,0,0,2,,
2026-04-10 08:54:50,17,15,15,0,efit: 2,,efit: 1,,,0,0,0,0,2,,
2026-04-10 10:53:15,17,15,15,0,efit: 3,efit: 1,efit: 1,,,0,0,0,0,2,,
2026-04-10 10:55:11,17,15,15,0,efit: 2,,efit: 1,,,0,0,0,0,2,,
2026-04-10 11:33:24,17,15,15,0,efit: 3,efit: 1,efit: 1,,,0,0,0,0,2,,
2026-04-10 11:53:28,17,15,15,0,efit: 2,,efit: 1,,,0,0,0,0,2,,
2026-04-10 11:58:29,17,15,15,0,efit: 3,efit: 1,efit: 1,,,0,0,0,0,2,,
2026-04-10 12:15:25,17,15,15,0,efit: 4,efit: 2,efit: 1,,,0,0,0,0,2,,
2026-04-10 13:13:44,17,15,15,0,efit: 5,efit: 3,efit: 1,,,0,0,0,0,2,,
2026-04-10 14:00:42,17,15,15,0,efit: 6,efit: 4,efit: 1,,,0,0,0,0,2,,
2026-04-10 14:18:57,17,15,15,0,efit: 5,efit: 3,efit: 1,,,0,0,0,0,2,,
2026-04-10 14:41:07,17,15,15,0,efit: 6,efit: 4,efit: 1,,,0,0,0,0,2,,
2026-04-10 15:04:07,17,15,15,0,efit: 5,efit: 3,efit: 1,,,0,0,0,0,2,,
2026-04-10 15:09:08,17,15,15,0,efit: 4,efit: 2,efit: 1,,,0,0,0,0,2,,
2026-04-10 15:14:09,17,15,15,0,efit: 5,efit: 3,efit: 1,,,0,0,0,0,2,,
2026-04-10 15:20:56,17,15,15,0,efit: 4,efit: 2,efit: 1,,,0,0,0,0,2,,
2026-04-10 15:29:12,17,15,15,0,efit: 3,efit: 1,efit: 1,,,0,0,0,0,2,,
2026-04-10 15:41:00,17,15,15,0,efit: 4,efit: 2,efit: 1,,,0,0,0,0,2,,
2026-04-10 15:44:15,17,15,15,0,efit: 5,efit: 3,efit: 1,,,0,0,0,0,2,,
2026-04-10 15:51:02,17,15,15,0,efit: 4,efit: 2,efit: 1,,,0,0,0,0,2,,
2026-04-10 15:54:17,17,15,15,0,efit: 6,efit: 4,efit: 1,,,0,0,0,0,2,,
2026-04-10 15:56:02,17,15,15,0,efit: 5,efit: 3,efit: 1,,,0,0,0,0,2,,
2026-04-10 16:14:21,17,15,15,0,efit: 6,efit: 3,efit: 2,,,0,0,0,0,2,,
2026-04-10 16:39:26,17,15,15,0,efit: 4,efit: 1,efit: 2,,,0,0,0,0,2,,
2026-04-10 16:49:28,17,15,15,0,efit: 3,,efit: 2,,,0,0,0,0,2,,
2026-04-10 16:59:30,17,15,15,0,efit: 4,efit: 1,efit: 2,,,0,0,0,0,2,,
2026-04-10 17:04:31,17,15,15,0,efit: 5,efit: 2,efit: 2,,,0,0,0,0,2,,
2026-04-10 17:44:39,17,15,15,0,efit: 6,efit: 3,efit: 2,,,0,0,0,0,2,,
2026-04-10 18:11:25,17,15,15,0,efit: 5,efit: 2,efit: 2,,,0,0,0,0,2,,
2026-04-10 19:14:58,17,15,15,0,efit: 6,efit: 3,efit: 2,,,0,0,0,0,2,,
2026-04-10 19:19:59,17,15,15,0,efit: 7,efit: 4,efit: 2,,,0,0,0,0,2,,
2026-04-10 20:15:10,17,15,15,0,efit: 8,efit: 5,efit: 2,,,0,0,0,0,2,,
2026-04-10 21:55:29,17,15,15,0,efit: 9,efit: 6,efit: 2,,,0,0,0,0,2,,
2026-04-10 22:32:06,17,15,15,0,efit: 8,efit: 5,efit: 2,,,0,0,0,0,2,,
2026-04-10 22:55:41,17,15,15,0,efit: 9,efit: 6,efit: 2,,,0,0,0,0,2,,
2026-04-10 23:55:52,17,15,15,0,efit: 10,efit: 7,efit: 2,,,0,0,0,0,2,,
2026-04-10 23:58:01,17,15,15,0,efit: 11,efit: 8,efit: 2,,,0,0,0,0,2,,
2026-04-11 00:00:53,17,15,15,0,efit: 14,efit: 11,efit: 2,,,0,0,0,0,2,,
2026-04-11 00:20:57,17,15,15,0,efit: 13,efit: 10,efit: 2,,,0,0,0,0,2,,
2026-04-11 00:42:26,17,15,15,0,efit: 12,efit: 9,efit: 2,,,0,0,0,0,2,,
2026-04-11 01:22:32,17,15,15,0,"fit: 1, efit: 12","fit: 1, efit: 9",efit: 2,,,0,0,0,0,2,,
2026-04-11 01:26:09,17,15,15,0,"fit: 1, efit: 11","fit: 1, efit: 8",efit: 2,,,0,0,0,0,2,,
2026-04-11 02:07:39,17,15,15,0,"fit: 1, efit: 10","fit: 1, efit: 7",efit: 2,,,0,0,0,0,2,,
2026-04-11 02:11:18,17,15,15,0,"fit: 1, efit: 9","fit: 1, efit: 6",efit: 2,,,0,0,0,0,2,,
2026-04-11 03:06:28,17,15,15,0,"fit: 1, efit: 8","fit: 1, efit: 5",efit: 2,,,0,0,0,0,2,,
2026-04-11 06:03:14,17,15,15,0,"fit: 1, efit: 7","fit: 1, efit: 4",efit: 2,,,0,0,0,0,2,,
2026-04-11 08:28:37,17,15,15,0,"fit: 1, efit: 6","fit: 1, efit: 3",efit: 2,,,0,0,0,0,2,,
2026-04-11 08:37:31,17,15,15,0,"fit: 1, efit: 7","fit: 1, efit: 4",efit: 2,,,0,0,0,0,2,,
2026-04-11 08:39:42,17,15,15,0,"fit: 1, efit: 8","fit: 1, efit: 5",efit: 2,,,0,0,0,0,2,,
2026-04-11 08:42:32,17,15,15,0,"fit: 1, efit: 7","fit: 1, efit: 6",efit: 1,,,0,0,0,0,2,,
2026-04-11 08:43:39,17,15,15,0,"fit: 1, efit: 6","fit: 1, efit: 6",,,,0,0,0,0,2,,
2026-04-11 08:44:43,17,15,15,0,"fit: 1, efit: 7","fit: 1, efit: 7",,,,0,0,0,0,2,,
2026-04-11 08:47:33,17,15,15,0,"fit: 1, efit: 8","fit: 1, efit: 8",,,,0,0,0,0,2,,
2026-04-11 09:04:47,17,15,15,0,"fit: 1, efit: 7","fit: 1, efit: 7",,,,0,0,0,0,2,,
2026-04-11 09:27:41,17,15,15,0,"fit: 1, efit: 8","fit: 1, efit: 8",,,,0,0,0,0,2,,
2026-04-11 10:57:59,17,15,15,0,"fit: 1, efit: 9","fit: 1, efit: 9",,,,0,0,0,0,2,,
2026-04-11 11:23:04,17,15,15,0,"fit: 1, efit: 8","fit: 1, efit: 8",,,,0,0,0,0,2,,
2026-04-11 11:48:09,17,15,15,0,"fit: 1, efit: 7","fit: 1, efit: 7",,,,0,0,0,0,2,,
2026-04-11 12:05:25,17,15,15,0,"fit: 1, efit: 8","fit: 1, efit: 8",,,,0,0,0,0,2,,
2026-04-11 12:23:17,17,15,15,0,"fit: 1, efit: 9","fit: 1, efit: 9",,,,0,0,0,0,2,,
2026-04-11 12:48:22,17,15,15,0,"fit: 1, efit: 11","fit: 1, efit: 11",,,,0,0,0,0,2,,
2026-04-11 12:53:23,17,15,15,0,"fit: 1, efit: 12","fit: 1, efit: 12",,,,0,0,0,0,2,,
2026-04-11 12:54:21,17,15,15,0,"fit: 1, efit: 11","fit: 1, efit: 11",,,,0,0,0,0,2,,
2026-04-11 12:58:24,17,15,15,0,"fit: 1, efit: 10","fit: 1, efit: 10",,,,0,0,0,0,2,,
2026-04-11 13:10:39,17,15,15,0,"fit: 1, efit: 9","fit: 1, efit: 9",,,,0,0,0,0,2,,
2026-04-11 13:14:24,17,15,15,0,"fit: 1, efit: 11","fit: 1, efit: 11",,,,0,0,0,0,2,,
2026-04-11 13:15:40,17,15,15,0,"fit: 1, efit: 12","fit: 1, efit: 12",,,,0,0,0,0,2,,
2026-04-11 13:18:28,17,15,15,0,"fit: 1, efit: 11","fit: 1, efit: 11",,,,0,0,0,0,2,,
2026-04-11 13:39:28,17,15,15,0,"fit: 1, efit: 12","fit: 1, efit: 12",,,,0,0,0,0,2,,
2026-04-11 13:43:33,17,15,15,0,"fit: 1, efit: 11","fit: 1, efit: 11",,,,0,0,0,0,2,,
2026-04-11 13:44:29,17,15,15,0,"fit: 1, efit: 10","fit: 1, efit: 10",,,,0,0,0,0,2,,
2026-04-11 13:50:48,17,15,15,0,"fit: 1, efit: 11","fit: 1, efit: 11",,,,0,0,0,0,2,,
2026-04-11 13:58:36,17,15,15,0,"fit: 1, efit: 9","fit: 1, efit: 9",,,,0,0,0,0,2,,
2026-04-11 14:03:37,17,15,15,0,"fit: 2, efit: 8","fit: 2, efit: 8",,,,0,0,0,0,2,,
2026-04-11 14:20:54,17,15,15,0,"fit: 2, efit: 9","fit: 2, efit: 9",,,,0,0,0,0,2,,
2026-04-11 14:35:58,17,15,15,0,"fit: 2, efit: 10","fit: 2, efit: 10",,,,0,0,0,0,2,,
2026-04-11 14:48:48,17,15,15,0,"fit: 2, efit: 11","fit: 2, efit: 11",,,,0,0,0,0,2,,
2026-04-11 14:59:42,17,15,15,0,"fit: 2, efit: 9","fit: 2, efit: 9",,,,0,0,0,0,2,,
2026-04-11 15:01:04,17,15,15,0,"fit: 2, efit: 8","fit: 2, efit: 8",,,,0,0,0,0,2,,
2026-04-11 15:08:52,17,15,15,0,"fit: 3, efit: 7","fit: 3, efit: 7",,,,0,0,0,0,2,,
2026-04-11 15:18:54,17,15,15,0,"fit: 3, efit: 5","fit: 3, efit: 5",,,,0,0,0,0,2,,
2026-04-11 15:38:58,17,15,15,0,"fit: 3, efit: 4","fit: 3, efit: 4",,,,0,0,0,0,2,,
2026-04-11 16:16:20,17,15,15,0,"fit: 3, efit: 3","fit: 3, efit: 3",,,,0,0,0,0,2,,
2026-04-11 16:19:56,17,15,15,0,"fit: 3, efit: 2","fit: 3, efit: 2",,,,0,0,0,0,2,,
2026-04-11 17:10:05,17,15,15,0,"fit: 3, efit: 1","fit: 3, efit: 1",,,,0,0,0,0,2,,
2026-04-11 17:11:32,17,15,15,0,fit: 3,fit: 3,,,,0,0,0,0,2,,
2026-04-11 18:04:28,17,15,15,0,fit: 2,fit: 2,,,,0,0,0,0,2,,
2026-04-11 18:40:20,17,15,15,0,fit: 1,fit: 1,,,,0,0,0,0,2,,
2026-04-11 19:01:55,17,15,15,0,"fit: 1, efit: 1","fit: 1, efit: 1",,,,0,0,0,0,2,,
2026-04-11 19:32:02,17,15,15,0,"fit: 1, efit: 2","fit: 1, efit: 2",,,,0,0,0,0,2,,
2026-04-11 20:19:56,17,15,15,0,"fit: 1, efit: 1","fit: 1, efit: 1",,,,0,0,0,0,2,,
2026-04-11 20:34:59,17,15,15,0,"fit: 1, efit: 2","fit: 1, efit: 2",,,,0,0,0,0,2,,
2026-04-11 20:55:04,17,15,15,0,"fit: 1, efit: 1","fit: 1, efit: 1",,,,0,0,0,0,2,,
2026-04-11 21:35:12,17,15,15,0,"fit: 1, efit: 2","fit: 1, efit: 2",,,,0,0,0,0,2,,
2026-04-11 22:25:57,17,15,15,0,"fit: 1, efit: 4","fit: 1, efit: 4",,,,0,0,0,0,2,,
2026-04-11 22:50:27,17,15,15,0,"fit: 1, efit: 3","fit: 1, efit: 3",,,,0,0,0,0,2,,
2026-04-11 23:55:40,17,15,15,0,"fit: 1, efit: 4","fit: 1, efit: 4",,,,0,0,0,0,2,,
2026-04-12 00:00:41,17,15,15,0,"fit: 1, efit: 4","fit: 1, efit: 4",,,,0,0,0,0,2,,
2026-04-12 00:36:18,17,15,15,0,"fit: 1, efit: 3","fit: 1, efit: 3",,,,0,0,0,0,2,,
2026-04-12 00:41:19,17,15,15,0,"fit: 1, efit: 4","fit: 1, efit: 4",,,,0,0,0,0,2,,
2026-04-12 05:59:12,17,15,15,0,"fit: 1, efit: 3","fit: 1, efit: 3",,,,0,0,0,0,2,,
2026-04-12 06:06:54,17,15,15,0,"fit: 1, efit: 2","fit: 1, efit: 2",,,,0,0,0,0,2,,
2026-04-12 06:29:18,17,15,15,0,"fit: 1, efit: 1","fit: 1, efit: 1",,,,0,0,0,0,2,,
2026-04-12 08:52:26,17,15,15,0,"fit: 1, efit: 2","fit: 1, efit: 2",,,,0,0,0,0,2,,
2026-04-12 10:50:12,17,15,15,0,"fit: 1, efit: 1","fit: 1, efit: 1",,,,0,0,0,0,2,,
2026-04-12 10:52:50,17,15,15,0,"fit: 1, efit: 2","fit: 1, efit: 2",,,,0,0,0,0,2,,
2026-04-12 11:53:02,17,15,15,0,"fit: 1, efit: 3","fit: 1, efit: 3",,,,0,0,0,0,2,,
2026-04-12 12:00:26,17,15,15,0,"fit: 1, efit: 2","fit: 1, efit: 2",,,,0,0,0,0,2,,
2026-04-12 12:03:04,17,15,15,0,"fit: 1, efit: 1","fit: 1, efit: 1",,,,0,0,0,0,2,,
2026-04-12 12:13:06,17,15,15,0,"fit: 1, efit: 2","fit: 1, efit: 2",,,,0,0,0,0,2,,
2026-04-12 12:18:07,17,15,15,0,"fit: 1, efit: 3","fit: 1, efit: 3",,,,0,0,0,0,2,,
2026-04-12 13:30:45,17,15,15,0,"fit: 1, efit: 4","fit: 1, efit: 4",,,,0,0,0,0,2,,
2026-04-12 13:43:22,17,15,15,0,"fit: 2, efit: 4","fit: 2, efit: 4",,,,0,0,0,0,2,,
2026-04-12 13:48:23,17,15,15,0,"fit: 2, efit: 5","fit: 2, efit: 5",,,,0,0,0,0,2,,
2026-04-12 14:00:52,17,15,15,0,"fit: 2, efit: 4","fit: 2, efit: 4",,,,0,0,0,0,2,,
2026-04-12 14:58:32,17,15,15,0,"fit: 2, efit: 2","fit: 2, efit: 2",,,,0,0,0,0,2,,
2026-04-12 15:06:06,17,15,15,0,"fit: 2, efit: 1","fit: 2, efit: 1",,,,0,0,0,0,2,,
2026-04-12 15:33:37,17,15,15,0,"fit: 2, efit: 2","fit: 2, efit: 2",,,,0,0,0,0,2,,
2026-04-12 16:13:44,17,15,15,0,"fit: 2, efit: 3","fit: 2, efit: 3",,,,0,0,0,0,2,,
2026-04-12 16:21:22,17,15,15,0,"fit: 1, efit: 3","fit: 1, efit: 3",,,,0,0,0,0,2,,
2026-04-12 16:23:46,17,15,15,0,"fit: 2, efit: 2","fit: 2, efit: 2",,,,0,0,0,0,2,,
2026-04-12 16:48:50,17,15,15,0,"fit: 2, efit: 1","fit: 2, efit: 1",,,,0,0,0,0,2,,
2026-04-12 16:56:30,17,15,15,0,"fit: 2, efit: 2","fit: 2, efit: 2",,,,0,0,0,0,2,,
2026-04-12 17:08:53,17,15,15,0,"fit: 2, efit: 3","fit: 2, efit: 3",,,,0,0,0,0,2,,
2026-04-12 17:21:35,17,15,15,0,"fit: 2, efit: 1","fit: 2, efit: 1",,,,0,0,0,0,2,,
2026-04-12 17:23:56,17,15,15,0,"fit: 2, efit: 2","fit: 2, efit: 2",,,,0,0,0,0,2,,
2026-04-12 17:24:03,17,15,15,0,"fit: 2, efit: 1","fit: 2, efit: 1",,,,0,0,0,0,2,,
2026-04-12 17:49:01,17,15,15,0,"fit: 1, efit: 1","fit: 1, efit: 1",,,,0,0,0,0,2,,
2026-04-12 17:51:41,17,15,15,0,"fit: 2, efit: 2","fit: 2, efit: 2",,,,0,0,0,0,2,,
2026-04-12 18:01:43,17,15,15,0,"fit: 2, efit: 3","fit: 2, efit: 3",,,,0,0,0,0,2,,
2026-04-12 18:04:03,17,15,15,0,"fit: 2, efit: 2","fit: 2, efit: 2",,,,0,0,0,0,2,,
2026-04-12 18:14:05,17,15,15,0,"fit: 1, efit: 2","fit: 1, efit: 2",,,,0,0,0,0,2,,
2026-04-12 18:39:09,17,15,15,0,"fit: 1, efit: 3","fit: 1, efit: 3",,,,0,0,0,0,2,,
2026-04-12 18:51:54,17,15,15,0,"fit: 1, efit: 2","fit: 1, efit: 2",,,,0,0,0,0,2,,
2026-04-12 18:54:11,17,15,15,0,efit: 2,efit: 2,,,,0,0,0,0,2,,
2026-04-12 19:24:16,17,15,15,0,efit: 3,efit: 3,,,,0,0,0,0,2,,
2026-04-12 19:37:04,17,15,15,0,efit: 4,efit: 4,,,,0,0,0,0,2,,
2026-04-12 19:49:20,17,15,15,0,efit: 3,efit: 3,,,,0,0,0,0,2,,
2026-04-12 19:54:21,17,15,15,0,efit: 2,efit: 2,,,,0,0,0,0,2,,
2026-04-12 19:57:08,17,15,15,0,efit: 3,efit: 3,,,,0,0,0,0,2,,
2026-04-12 19:59:22,17,15,15,0,efit: 2,efit: 2,,,,0,0,0,0,2,,
2026-04-12 20:24:26,17,15,15,0,efit: 1,efit: 1,,,,0,0,0,0,2,,
2026-04-12 20:37:16,17,15,15,0,,,,,,0,0,0,0,2,,
2026-04-12 21:22:25,17,15,15,0,efit: 1,efit: 1,,,,0,0,0,0,2,,
2026-04-12 23:17:49,17,15,15,0,,,,,,0,0,0,0,2,,
2026-04-13 00:00:02,17,15,15,0,,,,,,0,0,0,0,2,,
2026-04-13 05:40:57,17,15,15,0,efit: 1,efit: 1,,,,0,0,0,0,2,,
2026-04-13 07:24:28,17,15,15,0,,,,,,0,0,0,0,2,,
2026-04-13 10:11:42,17,15,15,0,efit: 1,efit: 1,,,,0,0,0,0,2,,
2026-04-13 10:16:43,17,15,15,0,,,,,,0,0,0,0,2,,
2026-04-13 12:30:35,17,15,15,0,efit: 1,efit: 1,,,,0,0,0,0,2,,
2026-04-13 12:40:38,17,15,15,0,,,,,,0,0,0,0,2,,
2026-04-13 13:53:11,17,15,15,0,efit: 1,efit: 1,,,,0,0,0,0,2,,
2026-04-13 13:55:54,17,15,15,0,efit: 4,efit: 4,,,,0,0,0,0,2,,
2026-04-13 14:26:02,17,15,15,0,efit: 5,efit: 5,,,,0,0,0,0,2,,
2026-04-13 14:36:04,17,15,15,0,efit: 4,efit: 4,,,,0,0,0,0,2,,
2026-04-13 15:11:11,17,15,15,0,"fit: 1, efit: 3","fit: 1, efit: 3",,,,0,0,0,0,2,,
2026-04-13 15:21:13,17,15,15,0,"fit: 1, efit: 4","fit: 1, efit: 4",,,,0,0,0,0,2,,
2026-04-13 15:38:33,17,15,15,0,"fit: 1, efit: 5","fit: 1, efit: 5",,,,0,0,0,0,2,,
2026-04-13 16:06:23,17,15,15,0,"fit: 1, efit: 4","fit: 1, efit: 4",,,,0,0,0,0,2,,
2026-04-13 16:56:34,17,15,15,0,"fit: 1, efit: 3","fit: 1, efit: 3",,,,0,0,0,0,2,,
2026-04-13 17:31:41,17,15,15,0,"fit: 1, efit: 4","fit: 1, efit: 4",,,,0,0,0,0,2,,
2026-04-13 17:46:44,17,15,15,0,"fit: 1, efit: 6","fit: 1, efit: 6",,,,0,0,0,0,2,,
2026-04-13 18:06:49,17,15,15,0,"fit: 1, efit: 7","fit: 1, efit: 7",,,,0,0,0,0,2,,
2026-04-13 18:16:51,17,15,15,0,"fit: 1, efit: 6","fit: 1, efit: 6",,,,0,0,0,0,2,,
2026-04-13 18:29:08,17,15,15,0,"fit: 1, efit: 7","fit: 1, efit: 7",,,,0,0,0,0,2,,
2026-04-13 18:33:08,17,15,15,0,"fit: 1, efit: 6","fit: 1, efit: 6",,,,0,0,0,0,2,,
2026-04-13 18:36:56,17,15,15,0,"fit: 1, efit: 7","fit: 1, efit: 7",,,,0,0,0,0,2,,
2026-04-13 18:49:12,17,15,15,0,"fit: 1, efit: 8","fit: 1, efit: 8",,,,0,0,0,0,2,,
2026-04-13 19:22:06,17,15,15,0,"fit: 1, efit: 7","fit: 1, efit: 7",,,,0,0,0,0,2,,
2026-04-13 19:54:26,17,15,15,0,"fit: 1, efit: 8","fit: 1, efit: 8",,,,0,0,0,0,2,,
2026-04-13 20:18:25,17,15,15,0,"fit: 1, efit: 7","fit: 1, efit: 7",,,,0,0,0,0,2,,
2026-04-13 20:22:19,17,15,15,0,"fit: 1, efit: 6","fit: 1, efit: 6",,,,0,0,0,0,2,,
2026-04-13 20:52:25,17,15,15,0,"fit: 1, efit: 7","fit: 1, efit: 7",,,,0,0,0,0,2,,
2026-04-13 20:54:38,17,15,15,0,"fit: 1, efit: 8","fit: 1, efit: 8",,,,0,0,0,0,2,,
2026-04-13 21:17:31,17,15,15,0,"fit: 1, efit: 7","fit: 1, efit: 7",,,,0,0,0,0,2,,
2026-04-13 21:27:33,17,15,15,0,"fit: 1, efit: 8","fit: 1, efit: 8",,,,0,0,0,0,2,,
2026-04-13 21:59:51,17,15,15,0,"fit: 1, efit: 9","fit: 1, efit: 9",,,,0,0,0,0,2,,
2026-04-13 22:33:47,17,15,15,0,"fit: 1, efit: 10","fit: 1, efit: 10",,,,0,0,0,0,2,,
2026-04-13 23:45:12,17,15,15,0,"fit: 1, efit: 8","fit: 1, efit: 8",,,,0,0,0,0,2,,
2026-04-14 00:00:15,17,15,15,0,"fit: 1, efit: 8","fit: 1, efit: 8",,,,0,0,0,0,2,,
2026-04-14 03:03:41,17,15,15,0,"fit: 1, efit: 7","fit: 1, efit: 7",,,,0,0,0,0,2,,
2026-04-14 03:33:47,17,15,15,0,"fit: 1, efit: 7","fit: 1, efit: 6",,,,0,0,0,0,2,,
2026-04-14 08:26:53,17,15,15,0,"fit: 1, efit: 6","fit: 1, efit: 5",,,,0,0,0,0,2,,
2026-04-14 08:49:50,17,15,15,0,"fit: 1, efit: 5","fit: 1, efit: 4",,,,0,0,0,0,2,,
2026-04-14 09:15:29,17,15,15,0,"fit: 1, efit: 4","fit: 1, efit: 3",,,,0,0,0,0,2,,
2026-04-14 09:19:56,17,15,15,0,"fit: 1, efit: 4","fit: 1, efit: 4",,,,0,0,0,0,2,,
2026-04-14 09:22:05,17,15,15,0,"fit: 1, efit: 4","fit: 1, efit: 3",,,,0,0,0,0,2,,
2026-04-14 09:27:05,17,15,15,0,"fit: 1, efit: 3","fit: 1, efit: 2",,,,0,0,0,0,2,,
2026-04-14 09:40:01,17,15,15,0,"fit: 1, efit: 2","fit: 1, efit: 1",,,,0,0,0,0,2,,
2026-04-14 10:55:17,17,15,15,0,"fit: 1, efit: 1",fit: 1,,,,0,0,0,0,2,,
2026-04-14 11:05:19,17,15,15,0,"fit: 1, efit: 2","fit: 1, efit: 1",,,,0,0,0,0,2,,
2026-04-14 11:35:26,17,15,15,0,"fit: 1, efit: 3","fit: 1, efit: 2",,,,0,0,0,0,2,,
2026-04-14 11:45:28,17,15,15,0,"fit: 1, efit: 2","fit: 1, efit: 1",,,,0,0,0,0,2,,
2026-04-14 12:00:31,17,15,15,0,"fit: 2, efit: 2","fit: 2, efit: 1",,,,0,0,0,0,2,,
2026-04-14 12:05:32,17,15,15,0,"fit: 2, efit: 1",fit: 2,,,,0,0,0,0,2,,
2026-04-14 12:15:34,17,15,15,0,"fit: 1, efit: 1",fit: 1,,,,0,0,0,0,2,,
2026-04-14 12:40:40,17,15,15,0,"fit: 1, efit: 2","fit: 1, efit: 1",,,,0,0,0,0,2,,
2026-04-14 14:01:19,17,15,15,0,"fit: 1, efit: 3","fit: 1, efit: 2",,,,0,0,0,0,2,,
2026-04-14 14:03:02,17,15,15,0,"fit: 1, efit: 2","fit: 1, efit: 1",,,,0,0,0,0,2,,
2026-04-14 14:10:59,17,15,15,0,"fit: 1, efit: 3","fit: 1, efit: 2",,,,0,0,0,0,2,,
2026-04-14 14:16:01,17,15,15,0,"fit: 1, efit: 2","fit: 1, efit: 1",,,,0,0,0,0,2,,
2026-04-14 14:31:04,17,15,15,0,"fit: 1, efit: 3","fit: 1, efit: 2",,,,0,0,0,0,2,,
2026-04-14 14:33:08,17,15,15,0,"fit: 1, efit: 2","fit: 1, efit: 1",,,,0,0,0,0,2,,
2026-04-14 14:36:05,17,15,15,0,"fit: 1, efit: 3","fit: 1, efit: 2",,,,0,0,0,0,2,,
2026-04-14 14:41:06,17,15,15,0,"fit: 1, efit: 4","fit: 1, efit: 3",,,,0,0,0,0,2,,
2026-04-14 14:46:07,17,15,15,0,"fit: 1, efit: 3","fit: 1, efit: 2",,,,0,0,0,0,2,,
2026-04-14 14:58:13,17,15,15,0,"fit: 1, efit: 4","fit: 1, efit: 3",,,,0,0,0,0,2,,
2026-04-14 15:01:29,17,15,15,0,"fit: 1, efit: 5","fit: 1, efit: 4",,,,0,0,0,0,2,,
2026-04-14 15:28:19,17,15,15,0,"fit: 1, efit: 4","fit: 1, efit: 3",,,,0,0,0,0,2,,
2026-04-14 15:56:22,17,15,15,0,"fit: 1, efit: 3","fit: 1, efit: 2",,,,0,0,0,0,2,,
2026-04-14 16:23:31,17,15,15,0,"fit: 1, efit: 6","fit: 1, efit: 5",,,,0,0,0,0,2,,
2026-04-14 16:43:35,17,15,15,0,"fit: 1, efit: 7","fit: 1, efit: 6",,,,0,0,0,0,2,,
2026-04-14 17:48:49,17,15,15,0,"fit: 1, efit: 6","fit: 1, efit: 5",,,,0,0,0,0,2,,
2026-04-14 18:01:49,17,15,15,0,"fit: 1, efit: 5","fit: 1, efit: 4",,,,0,0,0,0,2,,
2026-04-14 18:03:52,17,15,15,0,"fit: 1, efit: 6","fit: 1, efit: 5",,,,0,0,0,0,2,,
2026-04-14 18:06:50,17,15,15,0,"fit: 1, efit: 4","fit: 1, efit: 3",,,,0,0,0,0,2,,
2026-04-14 18:36:57,17,15,15,0,"fit: 1, efit: 5","fit: 1, efit: 4",,,,0,0,0,0,2,,
2026-04-14 18:49:01,17,15,15,0,"fit: 1, efit: 7","fit: 1, efit: 6",,,,0,0,0,0,2,,
2026-04-14 18:52:00,17,15,15,0,"fit: 1, efit: 6","fit: 1, efit: 5",,,,0,0,0,0,2,,
2026-04-14 18:54:02,17,15,15,0,"fit: 1, efit: 5","fit: 1, efit: 4",,,,0,0,0,0,2,,
2026-04-14 18:57:01,17,15,15,0,"fit: 1, efit: 3","fit: 1, efit: 2",,,,0,0,0,0,2,,
2026-04-14 19:54:15,17,15,15,0,"fit: 1, efit: 2","fit: 1, efit: 1",,,,0,0,0,0,2,,
2026-04-14 20:09:18,17,15,15,0,"fit: 1, efit: 3","fit: 1, efit: 2",,,,0,0,0,0,2,,
2026-04-14 20:32:22,17,15,15,0,"fit: 1, efit: 4","fit: 1, efit: 3",,,,0,0,0,0,2,,
2026-04-14 20:57:27,17,15,15,0,"fit: 1, efit: 3","fit: 1, efit: 2",,,,0,0,0,0,2,,
2026-04-14 20:59:28,17,15,15,0,"fit: 1, efit: 4","fit: 1, efit: 3",,,,0,0,0,0,2,,
2026-04-14 21:07:29,17,15,15,0,"fit: 1, efit: 5","fit: 1, efit: 4",,,,0,0,0,0,2,,
2026-04-14 21:57:34,17,15,15,0,"fit: 1, efit: 4","fit: 1, efit: 3",,,,0,0,0,0,2,,
2026-04-14 21:59:40,17,15,15,0,"fit: 1, efit: 3","fit: 1, efit: 2",,,,0,0,0,0,2,,
2026-04-14 22:04:41,17,15,15,0,"fit: 1, efit: 4","fit: 1, efit: 3",,,,0,0,0,0,2,,
2026-04-14 22:07:35,17,15,15,0,"fit: 1, efit: 3","fit: 1, efit: 2",,,,0,0,0,0,2,,
2026-04-14 22:12:36,17,15,15,0,"fit: 1, efit: 4","fit: 1, efit: 3",,,,0,0,0,0,2,,
2026-04-14 22:37:40,17,15,15,0,"fit: 1, efit: 6","fit: 1, efit: 5",,,,0,0,0,0,2,,
2026-04-15 00:00:03,17,15,15,0,"fit: 1, efit: 6","fit: 1, efit: 5",,,,0,0,0,0,2,,
2026-04-15 03:08:23,17,15,15,0,"fit: 1, efit: 5","fit: 1, efit: 4",,,,0,0,0,0,2,,
2026-04-15 05:43:47,17,15,15,0,"fit: 1, efit: 5","fit: 1, efit: 5",,,,0,0,0,0,2,,
2026-04-15 07:14:27,17,15,15,0,efit: 5,efit: 5,,,,0,0,0,0,2,,
2026-04-15 07:39:06,17,15,15,0,efit: 4,efit: 4,,,,0,0,0,0,2,,
2026-04-15 07:56:37,17,15,15,0,efit: 3,efit: 3,,,,0,0,0,0,2,,
2026-04-15 08:21:42,17,15,15,0,efit: 2,efit: 2,,,,0,0,0,0,2,,
2026-04-15 08:24:13,17,15,15,0,efit: 3,efit: 3,,,,0,0,0,0,2,,
2026-04-15 08:26:43,17,15,15,0,efit: 2,efit: 2,,,,0,0,0,0,2,,
2026-04-15 08:49:17,17,15,15,0,efit: 3,efit: 3,,,,0,0,0,0,2,,
2026-04-15 09:14:22,17,15,15,0,efit: 2,efit: 2,,,,0,0,0,0,2,,
2026-04-15 09:26:56,17,15,15,0,efit: 3,efit: 3,,,,0,0,0,0,2,,
2026-04-15 09:29:24,17,15,15,0,"fit: 1, efit: 2","fit: 1, efit: 2",,,,0,0,0,0,2,,
2026-04-15 09:29:55,17,15,15,0,"fit: 1, efit: 1","fit: 1, efit: 1",,,,0,0,0,0,2,,
2026-04-15 09:59:29,17,15,15,0,"fit: 2, efit: 1","fit: 2, efit: 1",,,,0,0,0,0,2,,
2026-04-15 10:04:30,17,15,15,0,fit: 2,fit: 2,,,,0,0,0,0,2,,
2026-04-15 10:54:38,17,15,15,0,"fit: 2, efit: 2","fit: 2, efit: 2",,,,0,0,0,0,2,,
2026-04-15 11:29:44,17,15,15,0,"fit: 2, efit: 1","fit: 2, efit: 1",,,,0,0,0,0,2,,
2026-04-15 11:39:46,17,15,15,0,"fit: 2, efit: 4","fit: 2, efit: 4",,,,0,0,0,0,2,,
2026-04-15 12:24:53,17,15,15,0,"fit: 2, efit: 3","fit: 2, efit: 3",,,,0,0,0,0,2,,
2026-04-15 12:49:57,17,15,15,0,"fit: 2, efit: 2","fit: 2, efit: 2",,,,0,0,0,0,2,,
2026-04-15 13:05:00,17,15,15,0,"fit: 2, efit: 3","fit: 2, efit: 3",,,,0,0,0,0,2,,
2026-04-15 13:12:42,17,15,15,0,"fit: 3, efit: 3","fit: 3, efit: 3",,,,0,0,0,0,2,,
2026-04-15 13:20:02,17,15,15,0,"fit: 3, efit: 2","fit: 3, efit: 2",,,,0,0,0,0,2,,
2026-04-15 13:32:46,17,15,15,0,"fit: 3, efit: 1","fit: 3, efit: 1",,,,0,0,0,0,2,,
2026-04-15 13:40:06,17,15,15,0,"fit: 3, efit: 2","fit: 3, efit: 2",,,,0,0,0,0,2,,
2026-04-15 14:00:52,17,15,15,0,"fit: 3, efit: 3","fit: 3, efit: 3",,,,0,0,0,0,2,,
2026-04-15 14:30:14,17,15,15,0,"fit: 3, efit: 2","fit: 3, efit: 2",,,,0,0,0,0,2,,
2026-04-15 14:35:15,17,15,15,0,"fit: 2, efit: 1","fit: 2, efit: 1",,,,0,0,0,0,2,,
2026-04-15 14:53:03,17,15,15,0,"fit: 2, efit: 2","fit: 2, efit: 2",,,,0,0,0,0,2,,
2026-04-15 14:55:18,17,15,15,0,fit: 2,fit: 2,,,,0,0,0,0,2,,
2026-04-15 15:08:06,17,15,15,0,fit: 3,fit: 3,,,,0,0,0,0,2,,
2026-04-15 15:25:23,17,15,15,0,"fit: 3, efit: 1","fit: 3, efit: 1",,,,0,0,0,0,2,,
2026-04-15 15:45:27,17,15,15,0,"fit: 2, efit: 1","fit: 2, efit: 1",,,,0,0,0,0,2,,
2026-04-15 15:50:27,17,15,15,0,fit: 2,fit: 2,,,,0,0,0,0,2,,
2026-04-15 15:53:15,17,15,15,0,,,,,,0,0,0,0,2,,
2026-04-15 16:38:24,17,15,15,0,efit: 1,efit: 1,,,,0,0,0,0,2,,
2026-04-15 16:43:25,17,15,15,0,efit: 2,efit: 2,,,,0,0,0,0,2,,
2026-04-15 16:53:27,17,15,15,0,efit: 3,efit: 3,,,,0,0,0,0,2,,
2026-04-15 17:26:35,17,15,15,0,efit: 2,efit: 2,,,,0,0,0,0,2,,
2026-04-15 17:30:44,17,15,15,0,efit: 1,efit: 1,,,,0,0,0,0,2,,
2026-04-15 17:38:37,17,15,15,0,efit: 2,efit: 2,,,,0,0,0,0,2,,
2026-04-15 17:45:47,17,15,15,0,efit: 3,efit: 3,,,,0,0,0,0,2,,
2026-04-15 17:58:41,17,15,15,0,"fit: 2, efit: 3","fit: 2, efit: 3",,,,0,0,0,0,2,,
2026-04-15 18:00:49,17,15,15,0,"fit: 2, efit: 4","fit: 2, efit: 4",,,,0,0,0,0,2,,
2026-04-15 18:45:57,17,15,15,0,"fit: 2, efit: 2","fit: 2, efit: 2",,,,0,0,0,0,2,,
2026-04-15 19:13:56,17,15,15,0,"fit: 2, efit: 3","fit: 2, efit: 3",,,,0,0,0,0,2,,
2026-04-15 19:16:02,17,15,15,0,"fit: 2, efit: 4","fit: 2, efit: 4",,,,0,0,0,0,2,,
2026-04-15 19:28:59,17,15,15,0,"fit: 2, efit: 5","fit: 2, efit: 5",,,,0,0,0,0,2,,
2026-04-15 19:36:05,17,15,15,0,"fit: 2, efit: 4","fit: 2, efit: 4",,,,0,0,0,0,2,,
2026-04-15 19:49:03,17,15,15,0,"fit: 2, efit: 3","fit: 2, efit: 3",,,,0,0,0,0,2,,
2026-04-15 20:31:14,17,15,15,0,"fit: 2, efit: 4","fit: 2, efit: 4",,,,0,0,0,0,2,,
2026-04-15 20:46:17,17,15,15,0,"fit: 3, efit: 4","fit: 3, efit: 4",,,,0,0,0,0,2,,
2026-04-15 21:01:19,17,15,15,0,"fit: 3, efit: 3","fit: 3, efit: 3",,,,0,0,0,0,2,,
2026-04-15 21:17:22,17,15,15,0,"fit: 3, efit: 4","fit: 3, efit: 4",,,,0,0,0,0,2,,
2026-04-15 21:19:20,17,15,15,0,"fit: 3, efit: 3","fit: 3, efit: 3",,,,0,0,0,0,2,,
2026-04-15 22:41:35,17,15,15,0,"fit: 3, efit: 4","fit: 3, efit: 4",,,,0,0,0,0,2,,
2026-04-15 22:49:38,17,15,15,0,"fit: 3, efit: 5","fit: 3, efit: 5",,,,0,0,0,0,2,,
2026-04-15 22:51:37,17,15,15,0,"fit: 3, efit: 6","fit: 3, efit: 6",,,,0,0,0,0,2,,
2026-04-16 00:01:48,17,15,15,0,"fit: 3, efit: 6","fit: 3, efit: 6",,,,0,0,0,0,2,,
2026-04-16 01:45:12,17,15,15,0,"fit: 3, efit: 5","fit: 3, efit: 5",,,,0,0,0,0,2,,
2026-04-16 02:02:07,17,15,15,0,"fit: 3, efit: 6","fit: 3, efit: 6",,,,0,0,0,0,2,,
2026-04-16 04:50:48,17,15,15,0,"fit: 3, efit: 6","fit: 3, efit: 5",,,,0,0,0,0,2,,
2026-04-16 07:22:57,17,15,15,0,"fit: 2, efit: 6","fit: 2, efit: 5",,,,0,0,0,0,2,,
2026-04-16 07:54:31,17,15,15,0,"fit: 2, efit: 5","fit: 2, efit: 4",,,,0,0,0,0,2,,
2026-04-16 08:46:33,17,15,15,0,"fit: 2, efit: 5","fit: 2, efit: 5",,,,0,0,0,0,2,,
2026-04-16 08:49:42,17,15,15,0,"fit: 3, efit: 5","fit: 3, efit: 5",,,,0,0,0,0,2,,
2026-04-16 09:11:38,17,15,15,0,"fit: 4, efit: 4","fit: 4, efit: 4",,,,0,0,0,0,2,,
2026-04-16 09:34:51,17,15,15,0,"fit: 4, efit: 3","fit: 4, efit: 3",,,,0,0,0,0,2,,
2026-04-16 09:56:48,17,15,15,0,"fit: 4, efit: 2","fit: 4, efit: 2",,,,0,0,0,0,2,,
2026-04-16 09:59:56,17,15,15,0,"fit: 4, efit: 3","fit: 4, efit: 3",,,,0,0,0,0,2,,
2026-04-16 10:01:49,17,15,15,0,"fit: 5, efit: 3","fit: 5, efit: 3",,,,0,0,0,0,2,,
2026-04-16 10:03:22,17,15,15,0,"fit: 5, efit: 2","fit: 5, efit: 2",,,,0,0,0,0,2,,
2026-04-16 10:21:53,17,15,15,0,"fit: 5, efit: 1","fit: 5, efit: 1",,,,0,0,0,0,2,,
2026-04-16 10:35:04,17,15,15,0,fit: 5,fit: 5,,,,0,0,0,0,2,,
2026-04-16 11:23:35,17,15,15,0,fit: 4,fit: 4,,,,0,0,0,0,2,,
2026-04-16 11:50:19,17,15,15,0,"fit: 4, efit: 1","fit: 4, efit: 1",,,,0,0,0,0,2,,
2026-04-16 12:00:21,17,15,15,0,fit: 4,fit: 4,,,,0,0,0,0,2,,
2026-04-16 12:22:17,17,15,15,0,fit: 3,fit: 3,,,,0,0,0,0,2,,
2026-04-16 12:33:48,17,15,15,0,fit: 2,fit: 2,,,,0,0,0,0,2,,
2026-04-16 12:45:31,17,15,15,0,"fit: 2, efit: 1","fit: 2, efit: 1",,,,0,0,0,0,2,,
2026-04-16 12:55:33,17,15,15,0,"fit: 2, efit: 2","fit: 2, efit: 2",,,,0,0,0,0,2,,
2026-04-16 12:57:25,17,15,15,0,"fit: 2, efit: 1","fit: 2, efit: 1",,,,0,0,0,0,2,,
2026-04-16 13:52:35,17,15,15,0,fit: 2,fit: 2,,,,0,0,0,0,2,,
2026-04-16 14:00:47,17,15,15,0,fit: 1,fit: 1,,,,0,0,0,0,2,,
2026-04-16 14:27:42,17,15,15,0,,,,,,0,0,0,0,2,,
2026-04-16 16:06:13,17,15,15,0,efit: 1,efit: 1,,,,0,0,0,0,2,,
2026-04-16 16:21:16,17,15,15,0,,,,,,0,0,0,0,2,,
2026-04-16 16:31:19,17,15,15,0,fit: 2,fit: 2,,,,0,0,0,0,2,,
2026-04-16 16:36:20,17,15,15,0,"fit: 2, efit: 1","fit: 2, efit: 1",,,,0,0,0,0,2,,
2026-04-16 16:39:28,17,15,15,0,"fit: 2, efit: 2","fit: 2, efit: 2",,,,0,0,0,0,2,,
2026-04-16 16:43:10,17,15,15,0,"fit: 2, efit: 3","fit: 2, efit: 3",,,,0,0,0,0,2,,
2026-04-16 17:03:14,17,15,15,0,"fit: 2, efit: 2","fit: 2, efit: 2",,,,0,0,0,0,2,,
2026-04-16 17:34:37,17,15,15,0,"fit: 2, efit: 1","fit: 2, efit: 1",,,,0,0,0,0,2,,
2026-04-16 17:39:37,17,15,15,0,"fit: 2, efit: 2","fit: 2, efit: 2",,,,0,0,0,0,2,,
2026-04-16 17:43:22,17,15,15,0,"fit: 2, efit: 1","fit: 2, efit: 1",,,,0,0,0,0,2,,
2026-04-16 17:51:35,17,15,15,0,fit: 2,fit: 2,,,,0,0,0,0,2,,
2026-04-16 18:01:37,17,15,15,0,"fit: 2, efit: 1","fit: 2, efit: 1",,,,0,0,0,0,2,,
2026-04-16 18:18:29,17,15,15,0,"fit: 2, efit: 2","fit: 2, efit: 2",,,,0,0,0,0,2,,
2026-04-16 18:23:30,17,15,15,0,"fit: 2, efit: 3","fit: 2, efit: 3",,,,0,0,0,0,2,,
2026-04-16 19:21:54,17,15,15,0,"fit: 2, efit: 2","fit: 2, efit: 2",,,,0,0,0,0,2,,
2026-04-16 19:31:56,17,15,15,0,"fit: 2, efit: 1","fit: 2, efit: 1",,,,0,0,0,0,2,,
2026-04-16 19:33:44,17,15,15,0,fit: 2,fit: 2,,,,0,0,0,0,2,,
2026-04-16 19:58:50,17,15,15,0,"fit: 2, efit: 1","fit: 2, efit: 1",,,,0,0,0,0,2,,
2026-04-16 20:32:09,17,15,15,0,"fit: 2, efit: 2","fit: 2, efit: 2",,,,0,0,0,0,2,,
2026-04-16 23:47:49,17,15,15,0,"fit: 2, efit: 1","fit: 2, efit: 1",,,,0,0,0,0,2,,
2026-04-16 23:54:35,17,15,15,0,"fit: 2, efit: 2","fit: 2, efit: 2",,,,0,0,0,0,2,,
2026-04-17 00:00:40,17,15,15,0,"fit: 2, efit: 2","fit: 2, efit: 2",,,,0,0,0,0,2,,
2026-04-17 00:10:42,17,15,15,0,"fit: 2, efit: 3","fit: 2, efit: 3",,,,0,0,0,0,2,,
2026-04-17 00:19:40,17,15,15,0,"fit: 2, efit: 4","fit: 2, efit: 3",,,,0,0,0,0,2,,
2026-04-17 00:20:43,17,15,15,0,"fit: 2, efit: 5","fit: 2, efit: 4",,,,0,0,0,0,2,,
2026-04-17 02:54:13,17,15,15,0,"fit: 2, efit: 6","fit: 2, efit: 5",,,,0,0,0,0,2,,
2026-04-17 03:24:19,17,15,15,0,"fit: 2, efit: 5","fit: 2, efit: 4",,,,0,0,0,0,2,,
2026-04-17 07:55:04,17,15,15,0,"fit: 2, efit: 6","fit: 2, efit: 5",,,,0,0,0,0,2,,
2026-04-17 08:00:05,17,15,15,0,"fit: 2, efit: 5","fit: 2, efit: 4",,,,0,0,0,0,2,,
2026-04-17 08:15:07,17,15,15,0,"fit: 2, efit: 4","fit: 2, efit: 3",,,,0,0,0,0,2,,
2026-04-17 08:15:59,17,15,15,0,"fit: 2, efit: 3","fit: 2, efit: 2",,,,0,0,0,0,2,,
2026-04-17 08:55:14,17,15,15,0,"fit: 2, efit: 5","fit: 2, efit: 4",,,,0,0,0,0,2,,
2026-04-17 08:56:07,17,15,15,0,"fit: 1, efit: 5","fit: 1, efit: 4",,,,0,0,0,0,2,,
2026-04-17 09:00:15,17,15,15,0,"fit: 1, efit: 6","fit: 1, efit: 5",,,,0,0,0,0,2,,
2026-04-17 09:16:11,17,15,15,0,"fit: 1, efit: 5","fit: 1, efit: 4",,,,0,0,0,0,2,,
2026-04-17 09:20:18,17,15,15,0,"fit: 1, efit: 4","fit: 1, efit: 3",,,,0,0,0,0,2,,
2026-04-17 09:30:19,17,15,15,0,"fit: 1, efit: 3","fit: 1, efit: 2",,,,0,0,0,0,2,,
2026-04-17 09:50:23,17,15,15,0,"fit: 1, efit: 4","fit: 1, efit: 3",,,,0,0,0,0,2,,
2026-04-17 10:40:31,17,15,15,0,"fit: 2, efit: 4","fit: 2, efit: 3",,,,0,0,0,0,2,,
2026-04-17 10:50:33,17,15,15,0,"fit: 2, efit: 3","fit: 2, efit: 2",,,,0,0,0,0,2,,
2026-04-17 11:05:35,17,15,15,0,"fit: 2, efit: 4","fit: 2, efit: 3",,,,0,0,0,0,2,,
2026-04-17 11:20:38,17,15,15,0,"fit: 2, efit: 5","fit: 2, efit: 4",,,,0,0,0,0,2,,
2026-04-17 11:40:41,17,15,15,0,"fit: 2, efit: 4","fit: 2, efit: 3",,,,0,0,0,0,2,,
2026-04-17 11:41:39,17,15,15,0,"fit: 2, efit: 3","fit: 2, efit: 2",,,,0,0,0,0,2,,
2026-04-17 11:55:43,17,15,15,0,"fit: 2, efit: 2","fit: 2, efit: 1",,,,0,0,0,0,2,,
2026-04-17 13:31:23,17,15,15,0,"fit: 2, efit: 3","fit: 2, efit: 2",,,,0,0,0,0,2,,
2026-04-17 13:32:01,17,15,15,0,"fit: 2, efit: 2","fit: 2, efit: 1",,,,0,0,0,0,2,,
2026-04-17 13:41:02,17,15,15,0,"fit: 3, efit: 2","fit: 3, efit: 1",,,,0,0,0,0,2,,
2026-04-17 14:11:07,17,15,15,0,"fit: 3, efit: 3","fit: 3, efit: 2",,,,0,0,0,0,2,,
2026-04-17 14:22:10,17,15,15,0,"fit: 3, efit: 2","fit: 3, efit: 1",,,,0,0,0,0,2,,
2026-04-17 14:41:12,17,15,15,0,"fit: 3, efit: 3","fit: 3, efit: 2",,,,0,0,0,0,2,,
2026-04-17 14:41:38,17,15,15,0,"fit: 3, efit: 2","fit: 3, efit: 1",,,,0,0,0,0,2,,
2026-04-17 14:47:15,17,15,15,0,"fit: 3, efit: 1",fit: 3,,,,0,0,0,0,2,,
2026-04-17 14:57:17,17,15,15,0,"fit: 3, efit: 2","fit: 3, efit: 1",,,,0,0,0,0,2,,
2026-04-17 15:16:18,17,15,15,0,"fit: 3, efit: 1",fit: 3,,,,0,0,0,0,2,,
2026-04-17 15:31:49,17,15,15,0,"fit: 4, efit: 1",fit: 4,,,,0,0,0,0,2,,
2026-04-17 15:41:22,17,15,15,0,"fit: 3, efit: 1",fit: 3,,,,0,0,0,0,2,,
2026-04-17 16:02:29,17,15,15,0,"fit: 2, efit: 1",fit: 2,,,,0,0,0,0,2,,
2026-04-17 16:21:29,17,15,15,0,"fit: 1, efit: 1",fit: 1,,,,0,0,0,0,2,,
2026-04-17 16:27:35,17,15,15,0,"fit: 2, efit: 1",fit: 2,,,,0,0,0,0,2,,
2026-04-17 16:31:31,17,15,15,0,"fit: 3, efit: 1",fit: 3,,,,0,0,0,0,2,,
2026-04-17 16:42:03,17,15,15,0,"fit: 2, efit: 1",fit: 2,,,,0,0,0,0,2,,
2026-04-17 16:47:04,17,15,15,0,"fit: 1, efit: 1",fit: 1,,,,0,0,0,0,2,,
2026-04-17 17:16:39,17,15,15,0,efit: 1,,,,,0,0,0,0,2,,
2026-04-17 17:47:51,17,15,15,0,efit: 2,efit: 1,,,,0,0,0,0,2,,
2026-04-17 17:52:18,17,15,15,0,efit: 1,,,,,0,0,0,0,2,,
2026-04-17 18:12:55,17,15,15,0,efit: 2,efit: 1,,,,0,0,0,0,2,,
2026-04-17 19:01:57,17,15,15,0,efit: 3,efit: 2,,,,0,0,0,0,2,,
2026-04-17 19:37:03,17,15,15,0,efit: 2,efit: 1,,,,0,0,0,0,2,,
2026-04-17 19:43:13,17,15,15,0,"fit: 1, efit: 2","fit: 1, efit: 1",,,,0,0,0,0,2,,
2026-04-17 19:52:05,17,15,15,0,"fit: 1, efit: 1",fit: 1,,,,0,0,0,0,2,,
2026-04-17 19:57:06,17,15,15,0,"fit: 2, efit: 2","fit: 2, efit: 1",,,,0,0,0,0,2,,
2026-04-17 20:27:11,17,15,15,0,"fit: 2, efit: 1",fit: 2,,,,0,0,0,0,2,,
2026-04-17 20:32:12,17,15,15,0,"fit: 2, efit: 2","fit: 2, efit: 1",,,,0,0,0,0,2,,
2026-04-17 20:52:15,17,15,15,0,"fit: 2, efit: 1",fit: 2,,,,0,0,0,0,2,,
2026-04-17 22:32:32,17,15,15,0,"fit: 2, efit: 2","fit: 2, efit: 1",,,,0,0,0,0,2,,
2026-04-17 23:27:41,17,15,15,0,"fit: 2, efit: 1",fit: 2,,,,0,0,0,0,2,,
2026-04-17 23:32:42,17,15,15,0,"fit: 2, efit: 2","fit: 2, efit: 1",,,,0,0,0,0,2,,
2026-04-18 00:02:47,17,15,15,0,"fit: 2, efit: 2","fit: 2, efit: 1",,,,0,0,0,0,2,,
2026-04-18 02:13:07,17,15,15,0,"fit: 2, efit: 1",fit: 2,,,,0,0,0,0,2,,
2026-04-18 07:48:58,17,15,15,0,"fit: 1, efit: 1",fit: 1,,,,0,0,0,0,2,,
2026-04-18 08:20:13,17,15,15,0,"fit: 2, efit: 1",fit: 2,,,,0,0,0,0,2,,
2026-04-18 08:35:16,17,15,15,0,"fit: 2, efit: 2","fit: 2, efit: 1",,,,0,0,0,0,2,,
2026-04-18 09:04:10,17,15,15,0,"fit: 2, efit: 2","fit: 2, efit: 1",efit: 1,,,0,0,0,0,2,,
2026-04-18 09:29:14,17,15,15,0,"fit: 2, efit: 3","fit: 2, efit: 2",efit: 1,,,0,0,0,0,2,,
2026-04-18 09:45:30,17,15,15,0,"fit: 2, efit: 2","fit: 2, efit: 1",efit: 1,,,0,0,0,0,2,,
2026-04-18 09:55:32,17,15,15,0,"fit: 2, efit: 4","fit: 2, efit: 3",efit: 1,,,0,0,0,0,2,,
2026-04-18 09:59:19,17,15,15,0,"fit: 2, efit: 3","fit: 2, efit: 2",efit: 1,,,0,0,0,0,2,,
2026-04-18 11:00:46,17,15,15,0,"fit: 2, efit: 2","fit: 2, efit: 1",efit: 1,,,0,0,0,0,2,,
2026-04-18 11:01:02,17,15,15,0,"fit: 1, efit: 2","fit: 1, efit: 1",efit: 1,,,0,0,0,0,2,,
2026-04-18 11:29:34,17,15,15,0,"fit: 1, efit: 1",fit: 1,efit: 1,,,0,0,0,0,2,,
2026-04-18 11:54:38,17,15,15,0,"fit: 1, efit: 3","fit: 1, efit: 2",efit: 1,,,0,0,0,0,2,,
2026-04-18 12:16:04,17,15,15,0,"fit: 1, efit: 4","fit: 1, efit: 3",efit: 1,,,0,0,0,0,2,,
2026-04-18 12:19:42,17,15,15,0,"fit: 1, efit: 4","fit: 1, efit: 2",efit: 1,,,0,0,0,0,2,,
2026-04-18 12:29:44,17,15,15,0,efit: 4,efit: 2,efit: 1,,,0,0,0,0,2,,
2026-04-18 12:34:44,17,15,15,0,efit: 5,efit: 3,efit: 1,,,0,0,0,0,2,,
2026-04-18 12:36:08,17,15,15,0,efit: 4,efit: 2,efit: 1,,,0,0,0,0,2,,
2026-04-18 13:14:51,17,15,15,0,efit: 6,efit: 4,efit: 1,,,0,0,0,0,2,,
2026-04-18 13:29:53,17,15,15,0,efit: 7,efit: 5,efit: 1,,,0,0,0,0,2,,
2026-04-18 13:56:25,17,15,15,0,efit: 6,efit: 4,efit: 1,,,0,0,0,0,2,,
2026-04-18 13:59:58,17,15,15,0,efit: 4,efit: 2,efit: 1,,,0,0,0,0,2,,
2026-04-18 14:01:26,17,15,15,0,efit: 3,efit: 1,efit: 1,,,0,0,0,0,2,,
2026-04-18 14:04:59,17,15,15,0,efit: 2,,efit: 1,,,0,0,0,0,2,,
2026-04-18 14:16:29,17,15,15,0,efit: 3,efit: 1,efit: 1,,,0,0,0,0,2,,
2026-04-18 14:20:02,17,15,15,0,efit: 2,,efit: 1,,,0,0,0,0,2,,
2026-04-18 15:35:14,17,15,15,0,efit: 3,,efit: 1,,,0,0,0,0,2,,
2026-04-18 15:50:17,17,15,15,0,efit: 4,efit: 1,efit: 1,,,0,0,0,0,2,,
2026-04-18 16:20:21,17,15,15,0,efit: 5,efit: 2,efit: 1,,,0,0,0,0,2,,
2026-04-18 16:25:22,17,15,15,0,efit: 7,efit: 4,efit: 1,,,0,0,0,0,2,,
2026-04-18 16:40:25,17,15,15,0,efit: 6,efit: 3,efit: 1,,,0,0,0,0,2,,
2026-04-18 17:17:06,17,15,15,0,efit: 7,efit: 4,efit: 1,,,0,0,0,0,2,,
2026-04-18 17:30:33,17,15,15,0,efit: 8,efit: 4,efit: 1,,,0,0,0,0,2,,
2026-04-18 17:35:34,17,15,15,0,efit: 7,efit: 3,efit: 1,,,0,0,0,0,2,,
2026-04-18 19:27:33,17,15,15,0,efit: 6,efit: 2,efit: 1,,,0,0,0,0,2,,
2026-04-18 19:55:56,17,15,15,0,efit: 5,efit: 1,efit: 1,,,0,0,0,0,2,,
2026-04-18 20:10:58,17,15,15,0,efit: 4,,efit: 1,,,0,0,0,0,2,,
2026-04-19 00:01:34,17,15,15,0,efit: 4,,efit: 1,,,0,0,0,0,2,,
2026-04-19 01:56:52,17,15,15,0,efit: 5,efit: 1,efit: 1,,,0,0,0,0,2,,
2026-04-19 09:33:02,17,15,15,0,efit: 4,efit: 2,efit: 1,,,0,0,0,0,2,,
2026-04-19 09:35:04,17,15,15,0,efit: 4,efit: 4,,,,0,0,0,0,2,,
2026-04-19 09:38:03,17,15,15,0,efit: 5,efit: 5,,,,0,0,0,0,2,,
2026-04-19 10:45:17,17,15,15,0,efit: 4,efit: 4,,,,0,0,0,0,2,,
2026-04-19 11:00:20,17,15,15,0,efit: 3,efit: 3,,,,0,0,0,0,2,,
2026-04-19 11:03:17,17,15,15,0,efit: 2,efit: 2,,,,0,0,0,0,2,,
2026-04-19 11:20:23,17,15,15,0,efit: 3,efit: 3,,,,0,0,0,0,2,,
2026-04-19 12:25:36,17,15,15,0,efit: 4,efit: 4,,,,0,0,0,0,2,,
2026-04-19 12:35:50,17,15,15,0,efit: 3,efit: 3,,,,0,0,0,0,2,,
2026-04-19 12:43:33,17,15,15,0,efit: 2,efit: 2,,,,0,0,0,0,2,,
2026-04-19 12:58:35,17,15,15,0,efit: 3,efit: 3,,,,0,0,0,0,2,,
2026-04-19 13:00:42,17,15,15,0,efit: 2,efit: 2,,,,0,0,0,0,2,,
2026-04-19 13:13:37,17,15,15,0,efit: 1,efit: 1,,,,0,0,0,0,2,,
2026-04-19 13:20:46,17,15,15,0,efit: 3,efit: 3,,,,0,0,0,0,2,,
2026-04-19 14:05:55,17,15,15,0,efit: 2,efit: 2,,,,0,0,0,0,2,,
2026-04-19 14:38:51,17,15,15,0,efit: 3,efit: 3,,,,0,0,0,0,2,,
2026-04-19 14:41:02,17,15,15,0,efit: 4,efit: 4,,,,0,0,0,0,2,,
2026-04-19 14:53:53,17,15,15,0,efit: 2,efit: 2,,,,0,0,0,0,2,,
2026-04-19 15:54:03,17,15,15,0,efit: 1,efit: 1,,,,0,0,0,0,2,,
2026-04-19 16:54:13,17,15,15,0,efit: 2,efit: 2,,,,0,0,0,0,2,,
2026-04-19 17:51:38,17,15,15,0,efit: 1,efit: 1,,,,0,0,0,0,2,,
2026-04-19 18:11:59,17,15,15,0,efit: 2,efit: 2,,,,0,0,0,0,2,,
2026-04-19 18:21:44,17,15,15,0,efit: 4,efit: 4,,,,0,0,0,0,2,,
2026-04-19 18:41:48,17,15,15,0,efit: 3,efit: 3,,,,0,0,0,0,2,,
2026-04-19 18:44:30,17,15,15,0,efit: 4,efit: 4,,,,0,0,0,0,2,,
2026-04-19 19:26:56,17,15,15,0,efit: 3,efit: 3,,,,0,0,0,0,2,,
2026-04-19 19:32:15,17,15,15,0,efit: 4,efit: 4,,,,0,0,0,0,2,,
2026-04-19 19:36:58,17,15,15,0,efit: 5,efit: 5,,,,0,0,0,0,2,,
2026-04-19 20:59:52,17,15,15,0,efit: 4,efit: 4,,,,0,0,0,0,2,,
2026-04-19 21:02:34,17,15,15,0,efit: 3,efit: 3,,,,0,0,0,0,2,,
2026-04-19 21:37:20,17,15,15,0,efit: 2,efit: 2,,,,0,0,0,0,2,,
2026-04-20 00:00:20,17,15,15,0,efit: 2,efit: 2,,,,0,0,0,0,2,,
2026-04-20 00:45:27,17,15,15,0,efit: 1,efit: 1,,,,0,0,0,0,2,,
2026-04-20 02:58:20,17,15,15,0,efit: 2,efit: 2,,,,0,0,0,0,2,,
2026-04-20 06:31:21,17,15,15,0,efit: 1,efit: 1,,,,0,0,0,0,2,,
2026-04-20 08:04:16,17,15,15,0,,,,,,0,0,0,0,2,,
2026-04-20 08:09:16,17,15,15,0,efit: 1,efit: 1,,,,0,0,0,0,2,,
2026-04-20 09:36:50,17,15,15,0,,,,,,0,0,0,0,2,,
2026-04-20 11:05:30,17,15,15,0,fit: 1,fit: 1,,,,0,0,0,0,2,,
2026-04-20 11:14:55,17,15,15,0,,,,,,0,0,0,0,2,,
2026-04-20 12:32:20,17,15,15,0,efit: 1,efit: 1,,,,0,0,0,0,2,,
2026-04-20 13:10:18,17,15,15,0,efit: 2,efit: 2,,,,0,0,0,0,2,,
2026-04-20 13:10:56,17,15,15,0,efit: 1,efit: 1,,,,0,0,0,0,2,,
2026-04-20 13:20:20,17,15,15,0,efit: 2,efit: 2,,,,0,0,0,0,2,,
2026-04-20 13:25:21,17,15,15,0,efit: 1,efit: 1,,,,0,0,0,0,2,,
2026-04-20 13:35:23,17,15,15,0,,,,,,0,0,0,0,2,,
2026-04-20 14:20:32,17,15,15,0,efit: 1,efit: 1,,,,0,0,0,0,2,,
2026-04-20 15:37:50,17,15,15,0,efit: 2,efit: 2,,,,0,0,0,0,2,,
2026-04-20 16:00:51,17,15,15,0,efit: 3,efit: 3,,,,0,0,0,0,2,,
2026-04-20 16:46:00,17,15,15,0,efit: 2,efit: 2,,,,0,0,0,0,2,,
2026-04-20 16:56:02,17,15,15,0,efit: 1,efit: 1,,,,0,0,0,0,2,,
2026-04-20 17:13:06,17,15,15,0,,,,,,0,0,0,0,2,,
2026-04-20 17:21:06,17,15,15,0,efit: 1,efit: 1,,,,0,0,0,0,2,,
2026-04-20 17:38:10,17,15,15,0,,,,,,0,0,0,0,2,,
2026-04-20 18:17:00,17,15,15,0,efit: 1,efit: 1,,,,0,0,0,0,2,,
2026-04-20 18:26:19,17,15,15,0,efit: 2,efit: 2,,,,0,0,0,0,2,,
2026-04-20 18:38:20,17,15,15,0,efit: 3,efit: 3,,,,0,0,0,0,2,,
2026-04-20 18:41:22,17,15,15,0,efit: 4,efit: 3,efit: 1,,,0,0,0,0,2,,
2026-04-20 18:56:25,17,15,15,0,efit: 3,efit: 2,efit: 1,,,0,0,0,0,2,,
2026-04-20 19:56:36,17,15,15,0,efit: 2,efit: 1,efit: 1,,,0,0,0,0,2,,
2026-04-20 20:42:30,17,15,15,0,efit: 3,efit: 2,efit: 1,,,0,0,0,0,2,,
2026-04-20 21:26:53,17,15,15,0,efit: 4,efit: 3,efit: 1,,,0,0,0,0,2,,
2026-04-20 21:36:55,17,15,15,0,efit: 5,efit: 4,efit: 1,,,0,0,0,0,2,,
2026-04-21 00:02:22,17,15,15,0,efit: 5,efit: 4,efit: 1,,,0,0,0,0,2,,
2026-04-21 00:22:25,17,15,15,0,efit: 6,efit: 5,efit: 1,,,0,0,0,0,2,,
2026-04-21 04:59:09,17,15,15,0,efit: 5,efit: 4,efit: 1,,,0,0,0,0,2,,
2026-04-21 06:30:13,17,15,15,0,efit: 4,efit: 3,efit: 1,,,0,0,0,0,2,,
2026-04-21 07:53:49,17,15,15,0,efit: 3,efit: 2,efit: 1,,,0,0,0,0,2,,
2026-04-21 07:59:45,17,15,15,0,efit: 2,efit: 1,efit: 1,,,0,0,0,0,2,,
2026-04-21 08:04:46,17,15,15,0,efit: 1,,efit: 1,,,0,0,0,0,2,,
2026-04-21 10:19:16,17,15,15,0,efit: 2,efit: 1,efit: 1,,,0,0,0,0,2,,
2026-04-21 10:50:21,17,15,15,0,efit: 1,,efit: 1,,,0,0,0,0,2,,
2026-04-21 12:09:37,17,15,15,0,efit: 2,efit: 1,efit: 1,,,0,0,0,0,2,,
2026-04-21 12:10:38,17,15,15,0,efit: 3,efit: 2,efit: 1,,,0,0,0,0,2,,
2026-04-21 12:14:38,17,15,15,0,efit: 2,efit: 1,efit: 1,,,0,0,0,0,2,,
2026-04-21 12:15:39,17,15,15,0,efit: 3,efit: 2,efit: 1,,,0,0,0,0,2,,
2026-04-21 12:19:39,17,15,15,0,"fit: 5, efit: 2","fit: 5, efit: 2",,,,0,0,0,0,2,,
2026-04-21 12:20:40,17,15,15,0,"fit: 5, efit: 3","fit: 5, efit: 3",,,,0,0,0,0,2,,
2026-04-21 12:49:45,17,15,15,0,"fit: 5, efit: 2","fit: 5, efit: 2",,,,0,0,0,0,2,,
2026-04-21 13:59:58,17,15,15,0,"fit: 5, efit: 1","fit: 5, efit: 1",,,,0,0,0,0,2,,
2026-04-21 14:06:02,17,15,15,0,"fit: 5, efit: 2","fit: 5, efit: 2",,,,0,0,0,0,2,,
2026-04-21 14:25:04,17,15,15,0,"fit: 5, efit: 1","fit: 5, efit: 1",,,,0,0,0,0,2,,
2026-04-21 14:36:09,17,15,15,0,fit: 5,fit: 5,,,,0,0,0,0,2,,
2026-04-21 15:05:12,17,15,15,0,"fit: 5, efit: 1","fit: 5, efit: 1",,,,0,0,0,0,2,,
2026-04-21 15:10:13,17,15,15,0,"fit: 5, efit: 2","fit: 5, efit: 2",,,,0,0,0,0,2,,
2026-04-21 15:26:19,17,15,15,0,"fit: 5, efit: 1","fit: 5, efit: 1",,,,0,0,0,0,2,,
2026-04-21 15:35:18,17,15,15,0,"fit: 5, efit: 2","fit: 5, efit: 2",,,,0,0,0,0,2,,
2026-04-21 15:46:23,17,15,15,0,"fit: 5, efit: 1","fit: 5, efit: 1",,,,0,0,0,0,2,,
2026-04-21 16:05:24,17,15,15,0,fit: 5,fit: 5,,,,0,0,0,0,2,,
2026-04-21 16:20:27,17,15,15,0,fit: 4,fit: 4,,,,0,0,0,0,2,,
2026-04-21 16:26:49,17,15,15,0,fit: 3,fit: 3,,,,0,0,0,0,2,,
2026-04-21 16:50:33,17,15,15,0,"fit: 3, efit: 1","fit: 3, efit: 1",,,,0,0,0,0,2,,
2026-04-21 17:05:36,17,15,15,0,"fit: 3, efit: 2","fit: 3, efit: 2",,,,0,0,0,0,2,,
2026-04-21 17:06:40,17,15,15,0,"fit: 3, efit: 1","fit: 3, efit: 1",,,,0,0,0,0,2,,
2026-04-21 17:40:43,17,15,15,0,"fit: 2, efit: 2","fit: 2, efit: 2",,,,0,0,0,0,2,,
2026-04-21 17:45:44,17,15,15,0,"fit: 2, efit: 3","fit: 2, efit: 3",,,,0,0,0,0,2,,
2026-04-21 17:55:46,17,15,15,0,"fit: 2, efit: 4","fit: 2, efit: 4",,,,0,0,0,0,2,,
2026-04-21 18:06:53,17,15,15,0,"fit: 2, efit: 3","fit: 2, efit: 3",,,,0,0,0,0,2,,
2026-04-21 18:26:57,17,15,15,0,"fit: 1, efit: 2","fit: 1, efit: 2",,,,0,0,0,0,2,,
2026-04-21 18:30:53,17,15,15,0,"fit: 1, efit: 3","fit: 1, efit: 3",,,,0,0,0,0,2,,
2026-04-21 18:45:56,17,15,15,0,"fit: 2, efit: 4","fit: 2, efit: 4",,,,0,0,0,0,2,,
2026-04-21 18:57:03,17,15,15,0,"fit: 2, efit: 3","fit: 2, efit: 3",,,,0,0,0,0,2,,
2026-04-21 19:31:05,17,15,15,0,"fit: 2, efit: 4","fit: 2, efit: 4",,,,0,0,0,0,2,,
2026-04-21 19:37:12,17,15,15,0,"fit: 2, efit: 3","fit: 2, efit: 3",,,,0,0,0,0,2,,
2026-04-21 19:41:07,17,15,15,0,"fit: 2, efit: 4","fit: 2, efit: 4",,,,0,0,0,0,2,,
2026-04-21 20:21:15,17,15,15,0,"fit: 2, efit: 5","fit: 2, efit: 5",,,,0,0,0,0,2,,
2026-04-21 20:46:20,17,15,15,0,"fit: 3, efit: 5","fit: 3, efit: 5",,,,0,0,0,0,2,,
2026-04-21 21:06:24,17,15,15,0,"fit: 3, efit: 4","fit: 3, efit: 4",,,,0,0,0,0,2,,
2026-04-21 22:07:42,17,15,15,0,"fit: 3, efit: 3","fit: 3, efit: 3",,,,0,0,0,0,2,,
2026-04-21 22:16:37,17,15,15,0,"fit: 3, efit: 4","fit: 3, efit: 4",,,,0,0,0,0,2,,
2026-04-21 23:51:55,17,15,15,0,"fit: 3, efit: 5","fit: 3, efit: 5",,,,0,0,0,0,2,,
2026-04-21 23:56:56,17,15,15,0,"fit: 3, efit: 6","fit: 3, efit: 6",,,,0,0,0,0,2,,
2026-04-22 00:01:57,17,15,15,0,"fit: 3, efit: 6","fit: 3, efit: 6",,,,0,0,0,0,2,,
2026-04-22 00:48:06,17,15,15,0,"fit: 3, efit: 7","fit: 3, efit: 7",,,,0,0,0,0,2,,
2026-04-22 06:33:09,17,15,15,0,"fit: 3, efit: 6","fit: 3, efit: 6",,,,0,0,0,0,2,,
2026-04-22 06:34:00,17,15,15,0,"fit: 3, efit: 5","fit: 3, efit: 5",,,,0,0,0,0,2,,
2026-04-22 08:14:16,17,15,15,0,"fit: 3, efit: 6","fit: 3, efit: 6",,,,0,0,0,0,2,,
2026-04-22 08:18:28,17,15,15,0,"fit: 2, efit: 6","fit: 2, efit: 6",,,,0,0,0,0,2,,
2026-04-22 08:38:32,17,15,15,0,"fit: 2, efit: 5","fit: 2, efit: 5",,,,0,0,0,0,2,,
2026-04-22 09:29:28,17,15,15,0,"fit: 2, efit: 4","fit: 2, efit: 4",,,,0,0,0,0,2,,
2026-04-22 09:33:43,17,15,15,0,"fit: 2, efit: 3","fit: 2, efit: 3",,,,0,0,0,0,2,,
2026-04-22 10:05:04,17,15,15,0,"fit: 2, efit: 4","fit: 2, efit: 4",,,,0,0,0,0,2,,
2026-04-22 12:04:16,17,15,15,0,"fit: 2, efit: 3","fit: 2, efit: 3",,,,0,0,0,0,2,,
2026-04-22 12:44:23,17,15,15,0,"fit: 2, efit: 3","fit: 2, efit: 2",,,,0,0,0,0,2,,
2026-04-22 13:49:36,17,15,15,0,"fit: 2, efit: 4","fit: 2, efit: 3",,,,0,0,0,0,2,,
2026-04-22 14:15:15,17,15,15,0,"fit: 2, efit: 5","fit: 2, efit: 4",,,,0,0,0,0,2,,
2026-04-22 14:34:45,17,15,15,0,"fit: 2, efit: 6","fit: 2, efit: 5",,,,0,0,0,0,2,,
2026-04-22 15:10:01,17,15,15,0,"fit: 2, efit: 7","fit: 2, efit: 6",,,,0,0,0,0,2,,
2026-04-22 15:35:52,17,15,15,0,"fit: 2, efit: 6","fit: 2, efit: 6",,,,0,0,0,0,2,,
2026-04-22 15:40:07,17,15,15,0,"fit: 2, efit: 7","fit: 2, efit: 7",,,,0,0,0,0,2,,
2026-04-22 15:55:56,17,15,15,0,"fit: 2, efit: 6","fit: 2, efit: 6",,,,0,0,0,0,2,,
2026-04-22 16:00:09,17,15,15,0,"fit: 2, efit: 5","fit: 2, efit: 5",,,,0,0,0,0,2,,
2026-04-22 16:30:13,17,15,15,0,"fit: 2, efit: 6","fit: 2, efit: 6",,,,0,0,0,0,2,,
2026-04-22 16:55:17,17,15,15,0,"fit: 2, efit: 5","fit: 2, efit: 5",,,,0,0,0,0,2,,
2026-04-22 17:05:19,17,15,15,0,"fit: 2, efit: 6","fit: 2, efit: 6",,,,0,0,0,0,2,,
2026-04-22 17:10:20,17,15,15,0,"fit: 2, efit: 7","fit: 2, efit: 7",,,,0,0,0,0,2,,
2026-04-22 17:25:22,17,15,15,0,"fit: 3, efit: 7","fit: 3, efit: 7",,,,0,0,0,0,2,,
2026-04-22 17:46:18,17,15,15,0,"fit: 3, efit: 8","fit: 3, efit: 8",,,,0,0,0,0,2,,
2026-04-22 17:55:27,17,15,15,0,"fit: 3, efit: 6","fit: 3, efit: 6",,,,0,0,0,0,2,,
2026-04-22 18:05:29,17,15,15,0,"fit: 3, efit: 5","fit: 3, efit: 5",,,,0,0,0,0,2,,
2026-04-22 18:15:30,17,15,15,0,"fit: 3, efit: 3","fit: 3, efit: 3",,,,0,0,0,0,2,,
2026-04-22 18:15:39,17,15,15,0,"fit: 3, efit: 2","fit: 3, efit: 2",,,,0,0,0,0,2,,
2026-04-22 18:35:43,17,15,15,0,"fit: 3, efit: 3","fit: 3, efit: 3",,,,0,0,0,0,2,,
2026-04-22 18:36:28,17,15,15,0,"fit: 3, efit: 2","fit: 3, efit: 2",,,,0,0,0,0,2,,
2026-04-22 18:40:34,17,15,15,0,"fit: 3, efit: 3","fit: 3, efit: 3",,,,0,0,0,0,2,,
2026-04-22 19:20:41,17,15,15,0,"fit: 3, efit: 2","fit: 3, efit: 2",,,,0,0,0,0,2,,
2026-04-22 19:25:41,17,15,15,0,"fit: 3, efit: 1","fit: 3, efit: 1",,,,0,0,0,0,2,,
2026-04-22 19:40:44,17,15,15,0,"fit: 3, efit: 2","fit: 3, efit: 2",,,,0,0,0,0,2,,
2026-04-22 20:05:48,17,15,15,0,"fit: 3, efit: 3","fit: 3, efit: 3",,,,0,0,0,0,2,,
2026-04-22 21:21:00,17,15,15,0,"fit: 3, efit: 4","fit: 3, efit: 4",,,,0,0,0,0,2,,
2026-04-22 22:01:06,17,15,15,0,"fit: 3, efit: 6","fit: 3, efit: 6",,,,0,0,0,0,2,,
2026-04-23 00:01:24,17,15,15,0,"fit: 3, efit: 6","fit: 3, efit: 6",,,,0,0,0,0,2,,
2026-04-23 02:26:44,17,15,15,0,"fit: 3, efit: 7","fit: 3, efit: 6",,,,0,0,0,0,2,,
2026-04-23 03:48:12,17,15,15,0,"fit: 3, efit: 6","fit: 3, efit: 5",,,,0,0,0,0,2,,
2026-04-23 06:27:18,17,15,15,0,"fit: 3, efit: 5","fit: 3, efit: 4",,,,0,0,0,0,2,,
2026-04-23 06:42:20,17,15,15,0,"fit: 3, efit: 4","fit: 3, efit: 3",,,,0,0,0,0,2,,
2026-04-23 06:57:22,17,15,15,0,"fit: 3, efit: 3","fit: 3, efit: 2",,,,0,0,0,0,2,,
2026-04-23 07:02:23,17,15,15,0,"fit: 3, efit: 2","fit: 3, efit: 1",,,,0,0,0,0,2,,
2026-04-23 07:57:31,17,15,15,0,"fit: 3, efit: 1",fit: 3,,,,0,0,0,0,2,,
2026-04-23 08:02:32,17,15,15,0,"fit: 3, efit: 2","fit: 3, efit: 1",,,,0,0,0,0,2,,
2026-04-23 10:52:56,17,15,15,0,"fit: 3, efit: 1",fit: 3,,,,0,0,0,0,2,,
2026-04-23 10:57:57,17,15,15,0,"fit: 2, efit: 1",fit: 2,,,,0,0,0,0,2,,
2026-04-23 11:09:09,17,15,15,0,"fit: 1, efit: 1",fit: 1,,,,0,0,0,0,2,,
2026-04-23 11:14:10,17,15,15,0,"fit: 2, efit: 2","fit: 2, efit: 1",,,,0,0,0,0,2,,
2026-04-23 11:14:36,17,15,15,0,"fit: 4, efit: 1","fit: 4, efit: 1",,,,0,0,0,0,2,,
2026-04-23 11:43:04,17,15,15,0,fit: 4,fit: 4,,,,0,0,0,0,2,,
2026-04-23 11:54:43,17,15,15,0,"fit: 4, efit: 1","fit: 4, efit: 1",,,,0,0,0,0,2,,
2026-04-23 12:33:12,17,15,15,0,fit: 4,fit: 4,,,,0,0,0,0,2,,
2026-04-23 12:38:13,17,15,15,0,fit: 3,fit: 3,,,,0,0,0,0,2,,
2026-04-23 12:48:14,17,15,15,0,"fit: 3, efit: 1","fit: 3, efit: 1",,,,0,0,0,0,2,,
2026-04-23 13:14:35,17,15,15,0,fit: 3,fit: 3,,,,0,0,0,0,2,,
2026-04-23 13:28:20,17,15,15,0,fit: 2,fit: 2,,,,0,0,0,0,2,,
2026-04-23 14:03:25,17,15,15,0,fit: 1,fit: 1,,,,0,0,0,0,2,,
2026-04-23 14:18:27,17,15,15,0,"fit: 1, efit: 1","fit: 1, efit: 1",,,,0,0,0,0,2,,
2026-04-23 14:43:31,17,15,15,0,fit: 1,fit: 1,,,,0,0,0,0,2,,
2026-04-23 14:49:55,17,15,15,0,"fit: 1, efit: 3","fit: 1, efit: 3",,,,0,0,0,0,2,,
2026-04-23 14:53:33,17,15,15,0,"fit: 1, efit: 2","fit: 1, efit: 2",,,,0,0,0,0,2,,
2026-04-23 15:43:40,17,15,15,0,"fit: 1, efit: 3","fit: 1, efit: 3",,,,0,0,0,0,2,,
2026-04-23 16:13:45,17,15,15,0,"fit: 1, efit: 2","fit: 1, efit: 2",,,,0,0,0,0,2,,
2026-04-23 16:20:15,17,15,15,0,"fit: 2, efit: 1","fit: 2, efit: 1",,,,0,0,0,0,2,,
2026-04-23 16:28:48,17,15,15,0,fit: 1,fit: 1,,,,0,0,0,0,2,,
2026-04-23 16:35:19,17,15,15,0,,,,,,0,0,0,0,2,,
2026-04-23 16:55:42,17,15,15,0,efit: 1,efit: 1,,,,0,0,0,0,2,,
2026-04-23 17:10:26,17,15,15,0,"fit: 1, efit: 1","fit: 1, efit: 1",,,,0,0,0,0,2,,
2026-04-23 17:13:55,17,15,15,0,fit: 1,fit: 1,,,,0,0,0,0,2,,
2026-04-23 17:18:56,17,15,15,0,,,,,,0,0,0,0,2,,
2026-04-23 17:38:59,17,15,15,0,efit: 1,efit: 1,,,,0,0,0,0,2,,
2026-04-23 17:49:01,17,15,15,0,,,,,,0,0,0,0,2,,
2026-04-23 18:41:06,17,15,15,0,efit: 1,efit: 1,,,,0,0,0,0,2,,
2026-04-23 18:44:11,17,15,15,0,efit: 2,efit: 2,,,,0,0,0,0,2,,
2026-04-23 19:09:15,17,15,15,0,efit: 1,efit: 1,,,,0,0,0,0,2,,
2026-04-23 19:14:16,17,15,15,0,efit: 2,efit: 2,,,,0,0,0,0,2,,
2026-04-23 19:19:17,17,15,15,0,efit: 1,efit: 1,,,,0,0,0,0,2,,
2026-04-23 19:25:58,17,15,15,0,efit: 2,efit: 2,,,,0,0,0,0,2,,
2026-04-23 19:46:03,17,15,15,0,efit: 3,efit: 3,,,,0,0,0,0,2,,
2026-04-23 19:49:22,17,15,15,0,efit: 2,efit: 2,,,,0,0,0,0,2,,
2026-04-23 19:59:23,17,15,15,0,,,,,,0,0,0,0,2,,
2026-04-23 20:24:28,17,15,15,0,efit: 1,efit: 1,,,,0,0,0,0,2,,
2026-04-23 20:36:14,17,15,15,0,,,,,,0,0,0,0,2,,
2026-04-23 20:39:30,17,15,15,0,efit: 1,efit: 1,,,,0,0,0,0,2,,
2026-04-23 20:49:32,17,15,15,0,,,,,,0,0,0,0,2,,
2026-04-23 22:26:37,17,15,15,0,efit: 1,efit: 1,,,,0,0,0,0,2,,
2026-04-23 22:34:48,17,15,15,0,efit: 2,efit: 2,,,,0,0,0,0,2,,
2026-04-23 23:49:59,17,15,15,0,efit: 1,efit: 1,,,,0,0,0,0,2,,
2026-04-24 00:00:02,17,15,15,0,efit: 1,efit: 1,,,,0,0,0,0,2,,
2026-04-24 00:06:59,17,15,15,0,"fit: 3, efit: 2","fit: 3, efit: 2",,,,0,0,0,0,2,,
2026-04-24 00:07:09,17,15,15,0,"fit: 4, efit: 2","fit: 4, efit: 2",,,,0,0,0,0,2,,
2026-04-24 07:51:11,17,15,15,0,"fit: 5, efit: 9","fit: 5, efit: 7",,,,0,0,0,0,2,,
2026-04-24 08:33:35,17,15,15,0,"fit: 5, efit: 7","fit: 5, efit: 7",,,,0,0,0,0,2,,
2026-04-24 08:41:19,17,15,15,0,"fit: 5, efit: 9","fit: 5, efit: 9",,,,0,0,0,0,2,,
2026-04-24 08:46:19,17,15,15,0,"fit: 5, efit: 8","fit: 5, efit: 8",,,,0,0,0,0,2,,
2026-04-24 09:01:22,17,15,15,0,"fit: 5, efit: 9","fit: 5, efit: 9",,,,0,0,0,0,2,,
2026-04-24 09:03:41,17,15,15,0,"fit: 5, efit: 8","fit: 5, efit: 8",,,,0,0,0,0,2,,
2026-04-24 09:06:22,17,15,15,0,"fit: 5, efit: 9","fit: 5, efit: 9",,,,0,0,0,0,2,,
2026-04-24 09:28:46,17,15,15,0,"fit: 5, efit: 8","fit: 5, efit: 8",,,,0,0,0,0,2,,
2026-04-24 09:31:26,17,15,15,0,"fit: 5, efit: 6","fit: 5, efit: 6",,,,0,0,0,0,2,,
2026-04-24 09:33:47,17,15,15,0,"fit: 5, efit: 4","fit: 5, efit: 4",,,,0,0,0,0,2,,
2026-04-24 09:43:49,17,15,15,0,"fit: 5, efit: 3","fit: 5, efit: 3",,,,0,0,0,0,2,,
2026-04-24 09:56:30,17,15,15,0,"fit: 5, efit: 2","fit: 5, efit: 2",,,,0,0,0,0,2,,
2026-04-24 10:38:59,17,15,15,0,"fit: 5, efit: 1","fit: 5, efit: 1",,,,0,0,0,0,2,,
2026-04-24 10:46:38,17,15,15,0,"fit: 6, efit: 1","fit: 6, efit: 1",,,,0,0,0,0,2,,
2026-04-24 10:54:03,17,15,15,0,"fit: 6, efit: 2","fit: 6, efit: 2",,,,0,0,0,0,2,,
2026-04-24 11:01:41,17,15,15,0,"fit: 6, efit: 3","fit: 6, efit: 3",,,,0,0,0,0,2,,
2026-04-24 11:14:07,17,15,15,0,"fit: 6, efit: 2","fit: 6, efit: 2",,,,0,0,0,0,2,,
2026-04-24 11:16:43,17,15,15,0,"fit: 6, efit: 2","fit: 6, efit: 1",,,,0,0,0,0,2,,
2026-04-24 11:21:44,17,15,15,0,"fit: 6, efit: 1",fit: 6,,,,0,0,0,0,2,,
2026-04-24 11:26:44,17,15,15,0,"fit: 4, efit: 1",fit: 4,,,,0,0,0,0,2,,
2026-04-24 11:41:47,17,15,15,0,"fit: 3, efit: 1",fit: 3,,,,0,0,0,0,2,,
2026-04-24 11:56:49,17,15,15,0,"fit: 3, efit: 2","fit: 3, efit: 1",,,,0,0,0,0,2,,
2026-04-24 12:16:52,17,15,15,0,"fit: 4, efit: 2","fit: 4, efit: 1",,,,0,0,0,0,2,,
2026-04-24 13:01:59,17,15,15,0,"fit: 4, efit: 1",fit: 4,,,,0,0,0,0,2,,
2026-04-24 13:07:00,17,15,15,0,"fit: 3, efit: 1",fit: 3,,,,0,0,0,0,2,,
2026-04-24 13:12:01,17,15,15,0,"fit: 2, efit: 1",fit: 2,,,,0,0,0,0,2,,
2026-04-24 13:44:36,17,15,15,0,"fit: 1, efit: 1",fit: 1,,,,0,0,0,0,2,,
2026-04-24 14:02:08,17,15,15,0,efit: 1,,,,,0,0,0,0,2,,
2026-04-24 14:12:10,17,15,15,0,"fit: 1, efit: 1",fit: 1,,,,0,0,0,0,2,,
2026-04-24 14:14:42,17,15,15,0,efit: 1,,,,,0,0,0,0,2,,
2026-04-24 14:59:58,17,15,15,0,efit: 2,efit: 1,,,,0,0,0,0,2,,
2026-04-24 15:12:19,17,15,15,0,efit: 3,efit: 2,,,,0,0,0,0,2,,
2026-04-24 15:27:21,17,15,15,0,efit: 2,efit: 1,,,,0,0,0,0,2,,
2026-04-24 15:37:23,17,15,15,0,efit: 1,,,,,0,0,0,0,2,,
2026-04-24 17:10:27,17,15,15,0,efit: 2,,,,,0,0,0,0,2,,
2026-04-24 18:20:30,17,15,15,0,efit: 4,efit: 2,,,,0,0,0,0,2,,
2026-04-24 18:40:34,17,15,15,0,efit: 5,efit: 3,,,,0,0,0,0,2,,
2026-04-24 18:42:51,17,15,15,0,"fit: 1, efit: 5","fit: 1, efit: 3",,,,0,0,0,0,2,,
2026-04-24 18:45:35,17,15,15,0,"fit: 1, efit: 3","fit: 1, efit: 1",,,,0,0,0,0,2,,
2026-04-24 18:45:48,17,15,15,0,efit: 3,efit: 1,,,,0,0,0,0,2,,
2026-04-24 18:47:52,17,15,15,0,"fit: 1, efit: 3","fit: 1, efit: 1",,,,0,0,0,0,2,,
2026-04-24 18:52:53,17,15,15,0,"fit: 1, efit: 2",fit: 1,,,,0,0,0,0,2,,
2026-04-24 18:57:54,17,15,15,0,efit: 2,,,,,0,0,0,0,2,,
2026-04-24 19:00:38,17,15,15,0,"fit: 1, efit: 2",fit: 1,,,,0,0,0,0,2,,
2026-04-24 19:43:01,17,15,15,0,"fit: 1, efit: 3","fit: 1, efit: 1",,,,0,0,0,0,2,,
2026-04-24 19:48:02,17,15,15,0,efit: 3,efit: 1,,,,0,0,0,0,2,,
2026-04-24 20:10:52,17,15,15,0,efit: 5,efit: 3,,,,0,0,0,0,2,,
2026-04-24 20:15:53,17,15,15,0,"fit: 1, efit: 5","fit: 1, efit: 3",,,,0,0,0,0,2,,
2026-04-24 20:20:54,17,15,15,0,"fit: 1, efit: 4","fit: 1, efit: 2",,,,0,0,0,0,2,,
2026-04-24 20:41:13,17,15,15,0,"fit: 2, efit: 4","fit: 2, efit: 2",,,,0,0,0,0,2,,
2026-04-24 20:58:12,17,15,15,0,"fit: 2, efit: 5","fit: 2, efit: 3",,,,0,0,0,0,2,,
2026-04-24 21:11:19,17,15,15,0,"fit: 2, efit: 4","fit: 2, efit: 2",,,,0,0,0,0,2,,
2026-04-24 21:16:05,17,15,15,0,"fit: 2, efit: 2",fit: 2,,,,0,0,0,0,2,,
2026-04-24 21:26:07,17,15,15,0,"fit: 2, efit: 3","fit: 2, efit: 1",,,,0,0,0,0,2,,
2026-04-24 21:26:22,17,15,15,0,"fit: 2, efit: 4","fit: 2, efit: 2",,,,0,0,0,0,2,,
2026-04-24 21:38:18,17,15,15,0,"fit: 3, efit: 4","fit: 3, efit: 2",,,,0,0,0,0,2,,
2026-04-24 21:43:19,17,15,15,0,"fit: 3, efit: 3","fit: 3, efit: 1",,,,0,0,0,0,2,,
2026-04-24 21:51:11,17,15,15,0,"fit: 3, efit: 4","fit: 3, efit: 2",,,,0,0,0,0,2,,
2026-04-24 21:53:20,17,15,15,0,"fit: 3, efit: 5","fit: 3, efit: 3",,,,0,0,0,0,2,,
2026-04-24 22:21:17,17,15,15,0,"fit: 3, efit: 6","fit: 3, efit: 4",,,,0,0,0,0,2,,
2026-04-24 23:11:26,17,15,15,0,"fit: 3, efit: 5","fit: 3, efit: 3",,,,0,0,0,0,2,,
2026-04-24 23:11:44,17,15,15,0,"fit: 3, efit: 6","fit: 3, efit: 4",,,,0,0,0,0,2,,
2026-04-25 00:01:35,17,15,15,0,"fit: 3, efit: 6","fit: 3, efit: 4",,,,0,0,0,0,2,,
2026-04-25 00:06:36,17,15,15,0,"fit: 3, efit: 5","fit: 3, efit: 3",,,,0,0,0,0,2,,
2026-04-25 00:41:42,17,15,15,0,"fit: 3, efit: 6","fit: 3, efit: 4",,,,0,0,0,0,2,,
2026-04-25 01:26:50,17,15,15,0,"fit: 3, efit: 7","fit: 3, efit: 5",,,,0,0,0,0,2,,
2026-04-25 03:27:12,17,15,15,0,"fit: 3, efit: 6","fit: 3, efit: 4",,,,0,0,0,0,2,,
2026-04-25 08:33:06,17,15,15,0,"fit: 3, efit: 7","fit: 3, efit: 5",,,,0,0,0,0,2,,
2026-04-25 11:18:37,17,15,15,0,"fit: 3, efit: 6","fit: 3, efit: 4",,,,0,0,0,0,2,,
2026-04-25 11:23:38,17,15,15,0,"fit: 3, efit: 6","fit: 3, efit: 3",,,,0,0,0,0,2,,
2026-04-25 11:30:15,17,15,15,0,"fit: 3, efit: 5","fit: 3, efit: 2",,,,0,0,0,0,2,,
2026-04-25 12:23:49,17,15,15,0,"fit: 3, efit: 4","fit: 3, efit: 1",,,,0,0,0,0,2,,
2026-04-25 13:00:28,17,15,15,0,"fit: 3, efit: 3",fit: 3,,,,0,0,0,0,2,,
2026-04-25 13:29:01,17,15,15,0,"fit: 3, efit: 4","fit: 3, efit: 1",,,,0,0,0,0,2,,
2026-04-25 13:49:05,17,15,15,0,"fit: 3, efit: 5","fit: 3, efit: 2",,,,0,0,0,0,2,,
2026-04-25 14:00:37,17,15,15,0,"fit: 3, efit: 4","fit: 3, efit: 1",,,,0,0,0,0,2,,
2026-04-25 14:24:11,17,15,15,0,"fit: 3, efit: 5","fit: 3, efit: 2",,,,0,0,0,0,2,,
2026-04-25 14:39:14,17,15,15,0,"fit: 3, efit: 4","fit: 3, efit: 1",,,,0,0,0,0,2,,
2026-04-25 14:44:15,17,15,15,0,"fit: 3, efit: 2","fit: 3, efit: 1",,,,0,0,0,0,2,,
2026-04-25 14:44:53,17,15,15,0,"fit: 3, efit: 2","fit: 3, efit: 2",,,,0,0,0,0,2,,
2026-04-25 14:45:44,17,15,15,0,"fit: 3, efit: 3","fit: 3, efit: 3",,,,0,0,0,0,2,,
2026-04-25 14:49:54,17,15,15,0,"fit: 3, efit: 2","fit: 3, efit: 2",,,,0,0,0,0,2,,
2026-04-25 15:09:20,17,15,15,0,"fit: 2, efit: 2","fit: 2, efit: 2",,,,0,0,0,0,2,,
2026-04-25 15:19:21,17,15,15,0,"fit: 2, efit: 1","fit: 2, efit: 1",,,,0,0,0,0,2,,
2026-04-25 15:34:24,17,15,15,0,"fit: 2, efit: 2","fit: 2, efit: 2",,,,0,0,0,0,2,,
2026-04-25 15:39:25,17,15,15,0,"fit: 2, efit: 1","fit: 2, efit: 1",,,,0,0,0,0,2,,
2026-04-25 16:24:34,17,15,15,0,fit: 2,fit: 2,,,,0,0,0,0,2,,
2026-04-25 16:40:18,17,15,15,0,"fit: 2, efit: 1","fit: 2, efit: 1",,,,0,0,0,0,2,,
2026-04-25 17:14:44,17,15,15,0,fit: 2,fit: 2,,,,0,0,0,0,2,,
2026-04-25 17:34:48,17,15,15,0,fit: 1,fit: 1,,,,0,0,0,0,2,,
2026-04-25 17:49:50,17,15,15,0,,,,,,0,0,0,0,2,,
2026-04-25 18:24:57,17,15,15,0,efit: 1,efit: 1,,,,0,0,0,0,2,,
2026-04-25 19:35:11,17,15,15,0,,,,,,0,0,0,0,2,,
2026-04-25 19:55:15,17,15,15,0,efit: 1,efit: 1,,,,0,0,0,0,2,,
2026-04-25 20:21:34,17,15,15,0,,,,,,0,0,0,0,2,,
2026-04-25 23:50:59,17,15,15,0,efit: 1,efit: 1,,,,0,0,0,0,2,,
2026-04-26 00:01:01,17,15,15,0,efit: 1,efit: 1,,,,0,0,0,0,2,,
2026-04-26 02:56:33,17,15,15,0,,,,,,0,0,0,0,2,,
2026-04-26 03:46:42,17,15,15,0,efit: 1,efit: 1,,,,0,0,0,0,2,,
2026-04-26 05:57:05,17,15,15,0,,,,,,0,0,0,0,2,,
2026-04-26 12:18:15,17,15,15,0,efit: 1,efit: 1,,,,0,0,0,0,2,,
2026-04-26 12:33:18,17,15,15,0,efit: 2,efit: 2,,,,0,0,0,0,2,,
2026-04-26 13:08:25,17,15,15,0,efit: 1,efit: 1,,,,0,0,0,0,2,,
2026-04-26 13:28:29,17,15,15,0,efit: 2,efit: 2,,,,0,0,0,0,2,,
2026-04-26 13:33:30,17,15,15,0,efit: 3,efit: 3,,,,0,0,0,0,2,,
2026-04-26 13:43:32,17,15,15,0,efit: 2,efit: 2,,,,0,0,0,0,2,,
2026-04-26 13:58:35,17,15,15,0,efit: 1,efit: 1,,,,0,0,0,0,2,,
2026-04-26 14:43:44,17,15,15,0,,,,,,0,0,0,0,2,,
2026-04-26 16:40:16,17,15,15,0,fit: 1,fit: 1,,,,0,0,0,0,2,,
2026-04-26 17:49:21,17,15,15,0,"fit: 1, efit: 1","fit: 1, efit: 1",,,,0,0,0,0,2,,
2026-04-26 17:54:22,17,15,15,0,"fit: 1, efit: 2","fit: 1, efit: 2",,,,0,0,0,0,2,,
2026-04-26 18:00:34,17,15,15,0,"fit: 1, efit: 1","fit: 1, efit: 1",,,,0,0,0,0,2,,
2026-04-26 18:19:27,17,15,15,0,"fit: 1, efit: 2","fit: 1, efit: 2",,,,0,0,0,0,2,,
2026-04-26 18:54:34,17,15,15,0,"fit: 1, efit: 3","fit: 1, efit: 3",,,,0,0,0,0,2,,
2026-04-26 18:55:46,17,15,15,0,"fit: 2, efit: 3","fit: 2, efit: 3",,,,0,0,0,0,2,,
2026-04-26 19:14:38,17,15,15,0,"fit: 2, efit: 4","fit: 2, efit: 3",,,,0,0,0,0,2,,
2026-04-26 19:45:57,17,15,15,0,"fit: 1, efit: 4","fit: 1, efit: 3",,,,0,0,0,0,2,,
2026-04-26 19:55:59,17,15,15,0,"fit: 1, efit: 6","fit: 1, efit: 5",,,,0,0,0,0,2,,
2026-04-26 19:59:46,17,15,15,0,"fit: 1, efit: 7","fit: 1, efit: 6",,,,0,0,0,0,2,,
2026-04-26 20:04:47,17,15,15,0,"fit: 1, efit: 6","fit: 1, efit: 5",,,,0,0,0,0,2,,
2026-04-26 20:06:02,17,15,15,0,"fit: 1, efit: 7","fit: 1, efit: 6",,,,0,0,0,0,2,,
2026-04-26 20:14:50,17,15,15,0,"fit: 1, efit: 6","fit: 1, efit: 5",,,,0,0,0,0,2,,
2026-04-26 20:44:55,17,15,15,0,"fit: 1, efit: 5","fit: 1, efit: 4",,,,0,0,0,0,2,,
2026-04-26 20:51:11,17,15,15,0,"fit: 1, efit: 4","fit: 1, efit: 3",,,,0,0,0,0,2,,
2026-04-26 20:54:57,17,15,15,0,"fit: 2, efit: 3","fit: 2, efit: 2",,,,0,0,0,0,2,,
2026-04-26 21:11:16,17,15,15,0,"fit: 2, efit: 2","fit: 2, efit: 1",,,,0,0,0,0,2,,
2026-04-26 22:25:15,17,15,15,0,"fit: 4, efit: 2","fit: 4, efit: 1",,,,0,0,0,0,2,,
2026-04-26 23:35:28,17,15,15,0,"fit: 4, efit: 1",fit: 4,,,,0,0,0,0,2,,
2026-04-26 23:40:29,17,15,15,0,"fit: 4, efit: 2","fit: 4, efit: 1",,,,0,0,0,0,2,,
2026-04-26 23:51:49,17,15,15,0,"fit: 4, efit: 3","fit: 4, efit: 2",,,,0,0,0,0,2,,
2026-04-27 00:00:31,17,15,15,0,"fit: 4, efit: 3","fit: 4, efit: 2",,,,0,0,0,0,2,,
2026-04-27 00:10:32,17,15,15,0,"fit: 4, efit: 4","fit: 4, efit: 3",,,,0,0,0,0,2,,
2026-04-27 02:10:47,17,15,15,0,"fit: 4, efit: 3","fit: 4, efit: 2",,,,0,0,0,0,2,,
2026-04-27 03:21:01,17,15,15,0,"fit: 3, efit: 3","fit: 3, efit: 2",,,,0,0,0,0,2,,
2026-04-27 05:41:21,17,15,15,0,"fit: 3, efit: 2","fit: 3, efit: 1",,,,0,0,0,0,2,,
2026-04-27 06:21:26,17,15,15,0,"fit: 3, efit: 1",fit: 3,,,,0,0,0,0,2,,
2026-04-27 07:21:35,17,15,15,0,"fit: 2, efit: 1",fit: 2,,,,0,0,0,0,2,,
2026-04-27 07:36:51,17,15,15,0,"fit: 1, efit: 1",fit: 1,,,,0,0,0,0,2,,
2026-04-27 08:46:47,17,15,15,0,efit: 1,,,,,0,0,0,0,2,,
2026-04-27 11:12:13,17,15,15,0,efit: 2,efit: 1,,,,0,0,0,0,2,,
2026-04-27 11:47:19,17,15,15,0,"fit: 1, efit: 2","fit: 1, efit: 1",,,,0,0,0,0,2,,
2026-04-27 12:52:29,17,15,15,0,"fit: 1, efit: 1",fit: 1,,,,0,0,0,0,2,,
2026-04-27 13:17:59,17,15,15,0,"fit: 1, efit: 2","fit: 1, efit: 1",,,,0,0,0,0,2,,
2026-04-27 13:39:40,17,15,15,0,"fit: 1, efit: 1",fit: 1,,,,0,0,0,0,2,,
2026-04-27 14:37:44,17,15,15,0,"fit: 1, efit: 1","fit: 1, efit: 1",,,,0,0,0,0,2,,
2026-04-27 14:52:47,17,15,15,0,fit: 1,fit: 1,,,,0,0,0,0,2,,
2026-04-27 16:18:03,17,15,15,0,"fit: 1, efit: 1","fit: 1, efit: 1",,,,0,0,0,0,2,,
2026-04-27 16:25:19,17,15,15,0,"fit: 1, efit: 2","fit: 1, efit: 2",,,,0,0,0,0,2,,
2026-04-27 16:45:23,17,15,15,0,"fit: 1, efit: 3","fit: 1, efit: 3",,,,0,0,0,0,2,,
2026-04-27 17:53:19,17,15,15,0,"fit: 1, efit: 1","fit: 1, efit: 1",,,,0,0,0,0,2,,
2026-04-27 17:59:00,17,15,15,0,"fit: 1, efit: 2","fit: 1, efit: 2",,,,0,0,0,0,2,,
2026-04-27 19:10:55,17,15,15,0,"fit: 1, efit: 3","fit: 1, efit: 3",,,,0,0,0,0,2,,
2026-04-27 19:18:32,17,15,15,0,"fit: 1, efit: 4","fit: 1, efit: 4",,,,0,0,0,0,2,,
2026-04-27 19:25:59,17,15,15,0,"fit: 1, efit: 5","fit: 1, efit: 5",,,,0,0,0,0,2,,
2026-04-27 19:31:00,17,15,15,0,"fit: 1, efit: 4","fit: 1, efit: 4",,,,0,0,0,0,2,,
2026-04-27 19:38:35,17,15,15,0,"fit: 1, efit: 3","fit: 1, efit: 3",,,,0,0,0,0,2,,
2026-04-27 19:51:04,17,15,15,0,"fit: 1, efit: 4","fit: 1, efit: 4",,,,0,0,0,0,2,,
2026-04-27 20:28:43,17,15,15,0,"fit: 1, efit: 5","fit: 1, efit: 5",,,,0,0,0,0,2,,
2026-04-27 20:53:47,17,15,15,0,"fit: 1, efit: 6","fit: 1, efit: 6",,,,0,0,0,0,2,,
2026-04-27 20:58:48,17,15,15,0,"fit: 1, efit: 7","fit: 1, efit: 7",,,,0,0,0,0,2,,
2026-04-27 21:08:49,17,15,15,0,"fit: 1, efit: 4","fit: 1, efit: 4",,,,0,0,0,0,2,,
2026-04-27 21:58:57,17,15,15,0,"fit: 1, efit: 5","fit: 1, efit: 5",,,,0,0,0,0,2,,
2026-04-27 22:06:33,17,15,15,0,"fit: 1, efit: 7","fit: 1, efit: 7",,,,0,0,0,0,2,,
2026-04-27 22:59:06,17,15,15,0,"fit: 1, efit: 8","fit: 1, efit: 8",,,,0,0,0,0,2,,
2026-04-28 00:00:12,17,15,15,0,"fit: 1, efit: 8","fit: 1, efit: 8",,,,0,0,0,0,2,,
2026-04-28 05:50:05,17,15,15,0,"fit: 1, efit: 7","fit: 1, efit: 7",,,,0,0,0,0,2,,
2026-04-28 07:18:25,17,15,15,0,efit: 7,efit: 7,,,,0,0,0,0,2,,
2026-04-28 07:20:18,17,15,15,0,efit: 6,efit: 6,,,,0,0,0,0,2,,
2026-04-28 07:45:21,17,15,15,0,efit: 5,efit: 5,,,,0,0,0,0,2,,
2026-04-28 07:51:40,17,15,15,0,efit: 4,efit: 4,,,,0,0,0,0,2,,
2026-04-28 08:25:28,17,15,15,0,efit: 3,efit: 3,,,,0,0,0,0,2,,
2026-04-28 08:53:45,17,15,15,0,efit: 2,efit: 2,,,,0,0,0,0,2,,
2026-04-28 09:21:57,17,15,15,0,efit: 3,efit: 3,,,,0,0,0,0,2,,
2026-04-28 09:26:58,17,15,15,0,efit: 4,efit: 4,,,,0,0,0,0,2,,
2026-04-28 09:50:40,17,15,15,0,efit: 2,efit: 2,,,,0,0,0,0,2,,
2026-04-28 10:05:43,17,15,15,0,efit: 3,efit: 3,,,,0,0,0,0,2,,
2026-04-28 10:29:05,17,15,15,0,efit: 4,efit: 4,,,,0,0,0,0,2,,
2026-04-28 10:30:47,17,15,15,0,efit: 3,efit: 3,,,,0,0,0,0,2,,
2026-04-28 10:47:13,17,15,15,0,efit: 2,efit: 2,,,,0,0,0,0,2,,
2026-04-28 12:36:06,17,15,15,0,efit: 1,efit: 1,,,,0,0,0,0,2,,
2026-04-28 12:52:38,17,15,15,0,efit: 2,efit: 2,,,,0,0,0,0,2,,
2026-04-28 13:04:37,17,15,15,0,efit: 1,efit: 1,,,,0,0,0,0,2,,
2026-04-28 13:44:46,17,15,15,0,efit: 2,efit: 2,,,,0,0,0,0,2,,
2026-04-28 13:52:50,17,15,15,0,efit: 1,efit: 1,,,,0,0,0,0,2,,
2026-04-28 14:02:52,17,15,15,0,fit: 1,fit: 1,,,,0,0,0,0,2,,
2026-04-28 14:09:51,17,15,15,0,,,,,,0,0,0,0,2,,
2026-04-28 14:34:56,17,15,15,0,efit: 1,efit: 1,,,,0,0,0,0,2,,
2026-04-28 15:16:32,17,15,15,0,"fit: 3, efit: 1","fit: 3, efit: 1",,,,0,0,0,0,2,,
2026-04-28 15:18:07,17,15,15,0,"fit: 3, efit: 5","fit: 3, efit: 5",,,,0,0,0,0,2,,
2026-04-28 15:20:07,17,15,15,0,"fit: 3, efit: 7","fit: 3, efit: 7",,,,0,0,0,0,2,,
2026-04-28 15:48:13,17,15,15,0,"fit: 3, efit: 6","fit: 3, efit: 6",,,,0,0,0,0,2,,
2026-04-28 15:50:13,17,15,15,0,"fit: 3, efit: 5","fit: 3, efit: 5",,,,0,0,0,0,2,,
2026-04-28 15:58:15,17,15,15,0,"fit: 4, efit: 5","fit: 4, efit: 5",,,,0,0,0,0,2,,
2026-04-28 16:36:44,17,15,15,0,"fit: 4, efit: 4","fit: 4, efit: 4",,,,0,0,0,0,2,,
2026-04-28 17:11:50,17,15,15,0,"fit: 4, efit: 2","fit: 4, efit: 2",,,,0,0,0,0,2,,
2026-04-28 17:46:55,17,15,15,0,"fit: 4, efit: 1","fit: 4, efit: 1",,,,0,0,0,0,2,,
2026-04-28 18:11:59,17,15,15,0,"fit: 5, efit: 1","fit: 5, efit: 1",,,,0,0,0,0,2,,
2026-04-28 18:15:45,17,15,15,0,"fit: 5, efit: 2","fit: 5, efit: 2",,,,0,0,0,0,2,,
2026-04-28 18:42:05,17,15,15,0,"fit: 5, efit: 3","fit: 5, efit: 3",,,,0,0,0,0,2,,
2026-04-28 18:58:51,17,15,15,0,"fit: 5, efit: 4","fit: 5, efit: 4",,,,0,0,0,0,2,,
2026-04-28 19:02:08,17,15,15,0,"fit: 4, efit: 4","fit: 4, efit: 4",,,,0,0,0,0,2,,
2026-04-28 19:15:58,17,15,15,0,"fit: 4, efit: 5","fit: 4, efit: 5",,,,0,0,0,0,2,,
2026-04-28 19:36:02,17,15,15,0,"fit: 5, efit: 5","fit: 5, efit: 5",,,,0,0,0,0,2,,
2026-04-28 19:46:04,17,15,15,0,"fit: 5, efit: 6","fit: 5, efit: 6",,,,0,0,0,0,2,,
2026-04-28 19:56:06,17,15,15,0,"fit: 5, efit: 7","fit: 5, efit: 7",,,,0,0,0,0,2,,
2026-04-28 20:11:10,17,15,15,0,"fit: 5, efit: 6","fit: 5, efit: 6",,,,0,0,0,0,2,,
2026-04-28 20:24:08,17,15,15,0,"fit: 5, efit: 7","fit: 5, efit: 7",,,,0,0,0,0,2,,
2026-04-28 20:52:24,17,15,15,0,"fit: 5, efit: 6","fit: 5, efit: 6",,,,0,0,0,0,2,,
2026-04-28 20:59:15,17,15,15,0,"fit: 5, efit: 5","fit: 5, efit: 5",,,,0,0,0,0,2,,
2026-04-28 21:12:27,17,15,15,0,"fit: 5, efit: 6","fit: 5, efit: 6",,,,0,0,0,0,2,,
2026-04-28 21:14:18,17,15,15,0,"fit: 5, efit: 7","fit: 5, efit: 7",,,,0,0,0,0,2,,
2026-04-28 21:26:25,17,15,15,0,"fit: 5, efit: 8","fit: 5, efit: 8",,,,0,0,0,0,2,,
2026-04-28 21:29:21,17,15,15,0,"fit: 5, efit: 9","fit: 5, efit: 9",,,,0,0,0,0,2,,
2026-04-28 21:37:31,17,15,15,0,"fit: 5, efit: 8","fit: 5, efit: 8",,,,0,0,0,0,2,,
2026-04-28 21:56:32,17,15,15,0,"fit: 5, efit: 9","fit: 5, efit: 9",,,,0,0,0,0,2,,
2026-04-28 22:29:33,17,15,15,0,"fit: 5, efit: 9","fit: 5, efit: 8",,,,0,0,0,0,2,,
2026-04-29 00:01:57,17,15,15,0,"fit: 5, efit: 9","fit: 5, efit: 8",,,,0,0,0,0,2,,
2026-04-29 06:13:45,17,15,15,0,"fit: 5, efit: 8","fit: 5, efit: 7",,,,0,0,0,0,2,,
2026-04-29 07:21:12,17,15,15,0,"fit: 5, efit: 7","fit: 5, efit: 6",,,,0,0,0,0,2,,
2026-04-29 07:48:59,17,15,15,0,"fit: 5, efit: 8","fit: 5, efit: 7",,,,0,0,0,0,2,,
2026-04-29 07:54:00,17,15,15,0,"fit: 5, efit: 7","fit: 5, efit: 6",,,,0,0,0,0,2,,
2026-04-29 08:03:33,17,15,15,0,"fit: 5, efit: 6","fit: 5, efit: 5",,,,0,0,0,0,2,,
2026-04-29 08:19:04,17,15,15,0,"fit: 4, efit: 6","fit: 4, efit: 5",,,,0,0,0,0,2,,
2026-04-29 10:26:48,17,15,15,0,"fit: 4, efit: 5","fit: 4, efit: 4",,,,0,0,0,0,2,,
2026-04-29 10:36:50,17,15,15,0,"fit: 4, efit: 4","fit: 4, efit: 3",,,,0,0,0,0,2,,
2026-04-29 11:01:54,17,15,15,0,"fit: 4, efit: 3","fit: 4, efit: 2",,,,0,0,0,0,2,,
2026-04-29 12:19:26,17,15,15,0,"fit: 4, efit: 2","fit: 4, efit: 1",,,,0,0,0,0,2,,
2026-04-29 12:29:41,17,15,15,0,"fit: 4, efit: 1",fit: 4,,,,0,0,0,0,2,,
2026-04-29 12:37:13,17,15,15,0,"fit: 4, efit: 2","fit: 4, efit: 1",,,,0,0,0,0,2,,
2026-04-29 13:07:19,17,15,15,0,"fit: 4, efit: 1",fit: 4,,,,0,0,0,0,2,,
2026-04-29 13:22:21,17,15,15,0,"fit: 4, efit: 2","fit: 4, efit: 1",,,,0,0,0,0,2,,
2026-04-29 14:22:33,17,15,15,0,"fit: 4, efit: 3","fit: 4, efit: 2",,,,0,0,0,0,2,,
2026-04-29 14:34:54,17,15,15,0,"fit: 4, efit: 2","fit: 4, efit: 1",,,,0,0,0,0,2,,
2026-04-29 16:22:55,17,15,15,0,"fit: 4, efit: 2",fit: 4,,,,0,0,0,0,2,,
2026-04-29 16:35:15,17,15,15,0,"fit: 3, efit: 2",fit: 3,,,,0,0,0,0,2,,
2026-04-29 17:05:19,17,15,15,0,"fit: 2, efit: 2",fit: 2,,,,0,0,0,0,2,,
2026-04-29 17:45:25,17,15,15,0,"fit: 2, efit: 3","fit: 2, efit: 1",,,,0,0,0,0,2,,
2026-04-29 17:58:14,17,15,15,0,"fit: 2, efit: 2",fit: 2,,,,0,0,0,0,2,,
2026-04-29 18:13:16,17,15,15,0,"fit: 2, efit: 3","fit: 2, efit: 1",,,,0,0,0,0,2,,
2026-04-29 18:20:31,17,15,15,0,"fit: 2, efit: 4","fit: 2, efit: 2",,,,0,0,0,0,2,,
2026-04-29 18:30:32,17,15,15,0,"fit: 2, efit: 5","fit: 2, efit: 3",,,,0,0,0,0,2,,
2026-04-29 18:48:23,17,15,15,0,"fit: 2, efit: 6","fit: 2, efit: 4",,,,0,0,0,0,2,,
2026-04-29 18:50:35,17,15,15,0,"fit: 2, efit: 7","fit: 2, efit: 5",,,,0,0,0,0,2,,
2026-04-29 21:03:48,17,15,15,0,"fit: 2, efit: 6","fit: 2, efit: 4",,,,0,0,0,0,2,,
2026-04-29 22:01:03,17,15,15,0,"fit: 3, efit: 7","fit: 3, efit: 5",,,,0,0,0,0,2,,
2026-04-30 00:01:20,17,15,15,0,"fit: 3, efit: 7","fit: 3, efit: 5",,,,0,0,0,0,2,,
2026-04-30 02:14:44,17,15,15,0,"fit: 3, efit: 5","fit: 3, efit: 3",,,,0,0,0,0,2,,
2026-04-30 03:16:48,17,15,15,0,"fit: 3, efit: 4","fit: 3, efit: 2",,,,0,0,0,0,2,,
2026-04-30 06:32:15,17,15,15,0,"fit: 3, efit: 3","fit: 3, efit: 1",,,,0,0,0,0,2,,
2026-04-30 08:25:53,17,15,15,0,"fit: 3, efit: 2",fit: 3,,,,0,0,0,0,2,,
2026-04-30 09:32:41,17,15,15,0,"fit: 2, efit: 2",fit: 2,,,,0,0,0,0,2,,
2026-04-30 09:46:09,17,15,15,0,"fit: 1, efit: 2",fit: 1,,,,0,0,0,0,2,,
2026-04-30 10:47:52,17,15,15,0,efit: 2,,,,,0,0,0,0,2,,
2026-04-30 11:06:24,17,15,15,0,efit: 3,efit: 1,,,,0,0,0,0,2,,
2026-04-30 11:12:55,17,15,15,0,efit: 4,efit: 2,,,,0,0,0,0,2,,
2026-04-30 12:41:42,17,15,15,0,efit: 5,efit: 3,,,,0,0,0,0,2,,
2026-04-30 13:26:51,17,15,15,0,efit: 6,efit: 4,,,,0,0,0,0,2,,
2026-04-30 14:01:57,17,15,15,0,efit: 5,efit: 3,,,,0,0,0,0,2,,
2026-04-30 14:08:21,17,15,15,0,efit: 4,efit: 2,,,,0,0,0,0,2,,
2026-04-30 14:42:06,17,15,15,0,efit: 4,efit: 3,,,,0,0,0,0,2,,
2026-04-30 14:43:26,17,15,15,0,efit: 4,efit: 2,,,,0,0,0,0,2,,
2026-04-30 14:57:09,17,15,15,0,efit: 3,efit: 1,,,,0,0,0,0,2,,
2026-04-30 15:18:31,17,15,15,0,efit: 4,efit: 2,,,,0,0,0,0,2,,
2026-04-30 16:08:38,17,15,15,0,efit: 3,efit: 1,,,,0,0,0,0,2,,
2026-04-30 16:55:12,17,15,15,0,"fit: 1, efit: 3","fit: 1, efit: 1",,,,0,0,0,0,2,,
2026-04-30 17:05:14,17,15,15,0,"fit: 1, efit: 4","fit: 1, efit: 2",,,,0,0,0,0,2,,
2026-04-30 17:20:17,17,15,15,0,"fit: 1, efit: 5","fit: 1, efit: 3",,,,0,0,0,0,2,,
2026-04-30 17:25:18,17,15,15,0,"fit: 1, efit: 6","fit: 1, efit: 4",,,,0,0,0,0,2,,
2026-04-30 17:47:44,17,15,15,0,"fit: 1, efit: 8","fit: 1, efit: 6",,,,0,0,0,0,2,,
2026-04-30 17:53:54,17,15,15,0,"fit: 1, efit: 9","fit: 1, efit: 6",,,,0,0,0,0,2,,
2026-04-30 19:10:41,17,15,15,0,"fit: 1, efit: 11","fit: 1, efit: 7",,,,0,0,0,0,2,,
2026-04-30 19:18:04,17,15,15,0,"fit: 1, efit: 12","fit: 1, efit: 8",,,,0,0,0,0,2,,
2026-04-30 19:39:09,17,15,15,0,"fit: 1, efit: 11","fit: 1, efit: 7",,,,0,0,0,0,2,,
2026-04-30 19:53:11,17,15,15,0,"fit: 1, efit: 10","fit: 1, efit: 6",,,,0,0,0,0,2,,
2026-04-30 20:20:56,17,15,15,0,"fit: 1, efit: 9","fit: 1, efit: 5",,,,0,0,0,0,2,,
2026-04-30 20:28:19,17,15,15,0,"fit: 2, efit: 9","fit: 2, efit: 5",,,,0,0,0,0,2,,
2026-04-30 21:31:11,17,15,15,0,"fit: 2, efit: 10","fit: 2, efit: 6",,,,0,0,0,0,2,,
2026-04-30 21:51:15,17,15,15,0,"fit: 2, efit: 10","fit: 2, efit: 6",efit: 1,,,0,0,0,0,2,,
2026-04-30 22:19:32,17,15,15,0,"fit: 2, efit: 11","fit: 2, efit: 7",efit: 1,,,0,0,0,0,2,,
2026-04-30 22:59:37,17,15,15,0,"fit: 2, efit: 10","fit: 2, efit: 6",efit: 1,,,0,0,0,0,2,,
2026-04-30 23:11:31,17,15,15,0,"fit: 2, efit: 11","fit: 2, efit: 7",efit: 1,,,0,0,0,0,2,,
2026-04-30 23:59:46,17,15,15,0,"fit: 2, efit: 12","fit: 2, efit: 8",efit: 1,,,0,0,0,0,2,,
2026-05-01 00:01:41,17,15,15,0,"fit: 2, efit: 12","fit: 2, efit: 8",efit: 1,,,0,0,0,0,2,,
2026-05-01 06:35:20,17,15,15,0,"fit: 2, efit: 11","fit: 2, efit: 7",efit: 1,,,0,0,0,0,2,,
2026-05-01 06:55:25,17,15,15,0,"fit: 2, efit: 11","fit: 2, efit: 6",efit: 1,,,0,0,0,0,2,,
2026-05-01 08:15:41,17,15,15,0,"fit: 1, efit: 11","fit: 1, efit: 6",efit: 1,,,0,0,0,0,2,,
2026-05-01 08:35:45,17,15,15,0,"fit: 1, efit: 10","fit: 1, efit: 6",efit: 1,,,0,0,0,0,2,,
2026-05-01 08:35:59,17,15,15,0,"fit: 1, efit: 9","fit: 1, efit: 6",efit: 1,,,0,0,0,0,2,,
2026-05-01 08:38:23,17,15,15,0,"fit: 1, efit: 8","fit: 1, efit: 6",efit: 1,,,0,0,0,0,2,,
2026-05-01 08:40:46,17,15,15,0,efit: 6,efit: 6,,,,0,0,0,0,2,,
2026-05-01 08:43:24,17,15,15,0,efit: 5,efit: 5,,,,0,0,0,0,2,,
2026-05-01 09:51:01,17,15,15,0,efit: 4,efit: 4,,,,0,0,0,0,2,,
2026-05-01 10:01:03,17,15,15,0,efit: 5,efit: 5,,,,0,0,0,0,2,,
2026-05-01 10:21:07,17,15,15,0,efit: 6,efit: 6,,,,0,0,0,0,2,,
2026-05-01 10:28:46,17,15,15,0,efit: 5,efit: 5,,,,0,0,0,0,2,,
2026-05-01 10:43:49,17,15,15,0,efit: 6,efit: 6,,,,0,0,0,0,2,,
2026-05-01 10:48:50,17,15,15,0,efit: 7,efit: 7,,,,0,0,0,0,2,,
2026-05-01 11:01:15,17,15,15,0,efit: 6,efit: 6,,,,0,0,0,0,2,,
2026-05-01 11:06:16,17,15,15,0,efit: 7,efit: 7,,,,0,0,0,0,2,,
2026-05-01 11:26:20,17,15,15,0,"fit: 1, efit: 8","fit: 1, efit: 8",,,,0,0,0,0,2,,
2026-05-01 11:31:21,17,15,15,0,"fit: 1, efit: 7","fit: 1, efit: 7",,,,0,0,0,0,2,,
2026-05-01 11:59:05,17,15,15,0,"fit: 1, efit: 6","fit: 1, efit: 6",,,,0,0,0,0,2,,
2026-05-01 12:21:30,17,15,15,0,"fit: 1, efit: 7","fit: 1, efit: 7",,,,0,0,0,0,2,,
2026-05-01 12:26:30,17,15,15,0,"fit: 1, efit: 6","fit: 1, efit: 6",,,,0,0,0,0,2,,
2026-05-01 12:29:11,17,15,15,0,"fit: 1, efit: 5","fit: 1, efit: 5",,,,0,0,0,0,2,,
2026-05-01 12:51:34,17,15,15,0,"fit: 1, efit: 6","fit: 1, efit: 6",,,,0,0,0,0,2,,
2026-05-01 14:54:41,17,15,15,0,"fit: 1, efit: 5","fit: 1, efit: 5",,,,0,0,0,0,2,,
2026-05-01 15:39:50,17,15,15,0,"fit: 1, efit: 7","fit: 1, efit: 7",,,,0,0,0,0,2,,
2026-05-01 15:49:52,17,15,15,0,"fit: 1, efit: 8","fit: 1, efit: 8",,,,0,0,0,0,2,,
2026-05-01 15:59:54,17,15,15,0,"fit: 1, efit: 7","fit: 1, efit: 7",,,,0,0,0,0,2,,
2026-05-01 17:22:26,17,15,15,0,"fit: 1, efit: 8","fit: 1, efit: 8",,,,0,0,0,0,2,,
2026-05-01 17:57:32,17,15,15,0,"fit: 1, efit: 9","fit: 1, efit: 9",,,,0,0,0,0,2,,
2026-05-01 18:32:38,17,15,15,0,"fit: 1, efit: 10","fit: 1, efit: 10",,,,0,0,0,0,2,,
2026-05-01 19:29:03,17,15,15,0,"fit: 1, efit: 11","fit: 1, efit: 11",,,,0,0,0,0,2,,
2026-05-01 19:52:51,17,15,15,0,"fit: 1, efit: 10","fit: 1, efit: 10",,,,0,0,0,0,2,,
2026-05-01 19:53:42,17,15,15,0,"fit: 1, efit: 9","fit: 1, efit: 9",,,,0,0,0,0,2,,
2026-05-01 19:57:52,17,15,15,0,"fit: 1, efit: 8","fit: 1, efit: 8",,,,0,0,0,0,2,,
2026-05-01 22:03:12,17,15,15,0,"fit: 1, efit: 9","fit: 1, efit: 9",,,,0,0,0,0,2,,
2026-05-01 23:13:23,17,15,15,0,"fit: 1, efit: 10","fit: 1, efit: 10",,,,0,0,0,0,2,,
2026-05-01 23:18:24,17,15,15,0,"fit: 1, efit: 11","fit: 1, efit: 10",,,,0,0,0,0,2,,
2026-05-01 23:33:26,17,15,15,0,"fit: 1, efit: 10","fit: 1, efit: 9",,,,0,0,0,0,2,,
2026-05-02 00:03:31,17,15,15,0,"fit: 1, efit: 9","fit: 1, efit: 8",,,,0,0,0,0,2,,
2026-05-02 00:23:34,17,15,15,0,"fit: 1, efit: 10","fit: 1, efit: 9",,,,0,0,0,0,2,,
2026-05-02 00:28:35,17,15,15,0,"fit: 1, efit: 11","fit: 1, efit: 10",,,,0,0,0,0,2,,
2026-05-02 01:43:47,17,15,15,0,"fit: 1, efit: 10","fit: 1, efit: 9",,,,0,0,0,0,2,,
2026-05-02 01:44:51,17,15,15,0,"fit: 1, efit: 9","fit: 1, efit: 8",,,,0,0,0,0,2,,
2026-05-02 01:45:15,17,15,15,0,"fit: 1, efit: 8","fit: 1, efit: 7",,,,0,0,0,0,2,,
2026-05-02 01:48:48,17,15,15,0,"fit: 1, efit: 7","fit: 1, efit: 6",,,,0,0,0,0,2,,
2026-05-02 02:08:51,17,15,15,0,"fit: 2, efit: 7","fit: 2, efit: 6",,,,0,0,0,0,2,,
2026-05-02 02:09:56,17,15,15,0,"fit: 2, efit: 6","fit: 2, efit: 5",,,,0,0,0,0,2,,
2026-05-02 06:39:33,17,15,15,0,"fit: 2, efit: 5","fit: 2, efit: 4",,,,0,0,0,0,2,,
2026-05-02 07:34:41,17,15,15,0,"fit: 2, efit: 6","fit: 2, efit: 5",,,,0,0,0,0,2,,
2026-05-02 08:41:14,17,15,15,0,"fit: 2, efit: 7","fit: 2, efit: 6",,,,0,0,0,0,2,,
2026-05-02 09:29:59,17,15,15,0,"fit: 2, efit: 6","fit: 2, efit: 5",,,,0,0,0,0,2,,
2026-05-02 10:11:31,17,15,15,0,"fit: 2, efit: 5","fit: 2, efit: 4",,,,0,0,0,0,2,,
2026-05-02 11:30:19,17,15,15,0,"fit: 2, efit: 4","fit: 2, efit: 3",,,,0,0,0,0,2,,
2026-05-02 11:31:47,17,15,15,0,"fit: 2, efit: 2","fit: 2, efit: 1",,,,0,0,0,0,2,,
2026-05-02 12:00:24,17,15,15,0,"fit: 2, efit: 1",fit: 2,,,,0,0,0,0,2,,
2026-05-02 12:15:27,17,15,15,0,"fit: 2, efit: 2","fit: 2, efit: 1",,,,0,0,0,0,2,,
2026-05-02 13:42:14,17,15,15,0,"fit: 3, efit: 2","fit: 3, efit: 1",,,,0,0,0,0,2,,
2026-05-02 13:50:43,17,15,15,0,"fit: 2, efit: 1",fit: 2,,,,0,0,0,0,2,,
2026-05-02 14:17:21,17,15,15,0,"fit: 2, efit: 2","fit: 2, efit: 1",,,,0,0,0,0,2,,
2026-05-02 14:20:48,17,15,15,0,"fit: 2, efit: 3","fit: 2, efit: 2",,,,0,0,0,0,2,,
2026-05-02 14:30:50,17,15,15,0,"fit: 2, efit: 2","fit: 2, efit: 1",,,,0,0,0,0,2,,
2026-05-02 14:32:39,17,15,15,0,"fit: 1, efit: 2","fit: 1, efit: 1",,,,0,0,0,0,2,,
2026-05-02 14:35:51,17,15,15,0,"fit: 1, efit: 1",fit: 1,,,,0,0,0,0,2,,
2026-05-02 15:22:30,17,15,15,0,"fit: 1, efit: 3","fit: 1, efit: 2",,,,0,0,0,0,2,,
2026-05-02 15:42:34,17,15,15,0,"fit: 1, efit: 5","fit: 1, efit: 4",,,,0,0,0,0,2,,
2026-05-02 15:42:53,17,15,15,0,"fit: 1, efit: 4","fit: 1, efit: 3",,,,0,0,0,0,2,,
2026-05-02 15:57:37,17,15,15,0,"fit: 1, efit: 3","fit: 1, efit: 2",,,,0,0,0,0,2,,
2026-05-02 16:47:47,17,15,15,0,"fit: 1, efit: 5","fit: 1, efit: 4",,,,0,0,0,0,2,,
2026-05-02 16:48:05,17,15,15,0,"fit: 1, efit: 4","fit: 1, efit: 3",,,,0,0,0,0,2,,
2026-05-02 16:52:48,17,15,15,0,"fit: 1, efit: 3","fit: 1, efit: 2",,,,0,0,0,0,2,,
2026-05-02 17:17:53,17,15,15,0,"fit: 1, efit: 4","fit: 1, efit: 3",,,,0,0,0,0,2,,
2026-05-02 17:53:01,17,15,15,0,"fit: 1, efit: 7","fit: 1, efit: 6",,,,0,0,0,0,2,,
2026-05-02 18:18:06,17,15,15,0,"fit: 1, efit: 8","fit: 1, efit: 7",,,,0,0,0,0,2,,
2026-05-02 18:43:11,17,15,15,0,"fit: 1, efit: 7","fit: 1, efit: 6",,,,0,0,0,0,2,,
2026-05-02 19:18:18,17,15,15,0,"fit: 1, efit: 8","fit: 1, efit: 7",,,,0,0,0,0,2,,
2026-05-02 19:38:22,17,15,15,0,"fit: 1, efit: 9","fit: 1, efit: 8",,,,0,0,0,0,2,,
2026-05-02 21:33:45,17,15,15,0,"fit: 1, efit: 8","fit: 1, efit: 7",,,,0,0,0,0,2,,
2026-05-02 21:43:47,17,15,15,0,"fit: 1, efit: 9","fit: 1, efit: 8",,,,0,0,0,0,2,,
2026-05-02 23:49:11,17,15,15,0,"fit: 1, efit: 10","fit: 1, efit: 9",,,,0,0,0,0,2,,
2026-05-03 00:04:14,17,15,15,0,"fit: 1, efit: 10","fit: 1, efit: 9",,,,0,0,0,0,2,,
2026-05-03 05:50:20,17,15,15,0,"fit: 1, efit: 9","fit: 1, efit: 8",,,,0,0,0,0,2,,
2026-05-03 06:00:21,17,15,15,0,"fit: 1, efit: 8","fit: 1, efit: 7",,,,0,0,0,0,2,,
2026-05-03 06:15:24,17,15,15,0,efit: 7,efit: 6,,,,0,0,0,0,2,,
2026-05-03 06:25:26,17,15,15,0,efit: 6,efit: 5,,,,0,0,0,0,2,,
2026-05-03 06:30:27,17,15,15,0,efit: 2,efit: 1,,,,0,0,0,0,2,,
2026-05-03 07:10:35,17,15,15,0,efit: 3,efit: 2,,,,0,0,0,0,2,,
2026-05-03 07:25:38,17,15,15,0,efit: 2,efit: 1,,,,0,0,0,0,2,,
2026-05-03 07:45:42,17,15,15,0,efit: 1,,,,,0,0,0,0,2,,
2026-05-03 08:05:46,17,15,15,0,"fit: 1, efit: 1",fit: 1,,,,0,0,0,0,2,,
2026-05-03 09:05:59,17,15,15,0,efit: 1,,,,,0,0,0,0,2,,
2026-05-03 09:36:05,17,15,15,0,efit: 2,efit: 1,,,,0,0,0,0,2,,
2026-05-03 09:46:07,17,15,15,0,efit: 2,efit: 2,,,,0,0,0,0,2,,
2026-05-03 10:06:12,17,15,15,0,efit: 3,efit: 3,,,,0,0,0,0,2,,
2026-05-03 10:11:13,17,15,15,0,efit: 2,efit: 2,,,,0,0,0,0,2,,
2026-05-03 10:26:16,17,15,15,0,efit: 5,efit: 4,,,,0,0,0,0,2,,
2026-05-03 10:31:17,17,15,15,0,efit: 6,efit: 5,,,,0,0,0,0,2,,
2026-05-03 10:36:18,17,15,15,0,"fit: 3, efit: 6","fit: 3, efit: 5",,,,0,0,0,0,2,,
2026-05-03 10:41:19,17,15,15,0,"fit: 3, efit: 3","fit: 3, efit: 2",,,,0,0,0,0,2,,
2026-05-03 10:46:20,17,15,15,0,"fit: 2, efit: 2","fit: 2, efit: 1",,,,0,0,0,0,2,,
2026-05-03 10:51:21,17,15,15,0,efit: 1,,,,,0,0,0,0,2,,
2026-05-03 11:16:27,17,15,15,0,efit: 2,,,,,0,0,0,0,2,,
2026-05-03 11:21:28,17,15,15,0,efit: 3,efit: 1,,,,0,0,0,0,2,,
2026-05-03 11:41:32,17,15,15,0,"fit: 3, efit: 3","fit: 3, efit: 1",,,,0,0,0,0,2,,
2026-05-03 11:46:33,17,15,15,0,"fit: 3, efit: 4","fit: 3, efit: 2",,,,0,0,0,0,2,,
2026-05-03 11:51:34,17,15,15,0,"fit: 3, efit: 5","fit: 3, efit: 3",,,,0,0,0,0,2,,
2026-05-03 12:01:37,17,15,15,0,"fit: 3, efit: 6","fit: 3, efit: 4",,,,0,0,0,0,2,,
2026-05-03 12:16:40,17,15,15,0,"fit: 3, efit: 5","fit: 3, efit: 3",,,,0,0,0,0,2,,
2026-05-03 12:36:44,17,15,15,0,"fit: 3, efit: 6","fit: 3, efit: 4",,,,0,0,0,0,2,,
2026-05-03 12:51:47,17,15,15,0,"fit: 3, efit: 7","fit: 3, efit: 5",,,,0,0,0,0,2,,
2026-05-03 12:56:48,17,15,15,0,"fit: 4, efit: 7","fit: 4, efit: 5",,,,0,0,0,0,2,,
2026-05-03 13:06:48,17,15,15,0,"fit: 4, efit: 5","fit: 4, efit: 3",,,,0,0,0,0,2,,
2026-05-03 13:11:49,17,15,15,0,"fit: 3, efit: 5","fit: 3, efit: 3",,,,0,0,0,0,2,,
2026-05-03 13:31:50,17,15,15,0,"fit: 3, efit: 4","fit: 3, efit: 2",,,,0,0,0,0,2,,
2026-05-03 13:36:50,17,15,15,0,"fit: 3, efit: 5","fit: 3, efit: 3",,,,0,0,0,0,2,,
2026-05-03 13:41:51,17,15,15,0,"fit: 3, efit: 7","fit: 3, efit: 5",,,,0,0,0,0,2,,
2026-05-03 13:46:51,17,15,15,0,"fit: 4, efit: 4","fit: 4, efit: 2",,,,0,0,0,0,2,,
2026-05-03 13:46:53,17,15,15,0,"fit: 4, efit: 3","fit: 4, efit: 1",,,,0,0,0,0,2,,
2026-05-03 13:56:52,17,15,15,0,"fit: 4, efit: 2",fit: 4,,,,0,0,0,0,2,,
2026-05-03 14:01:53,17,15,15,0,"fit: 4, efit: 4","fit: 4, efit: 2",,,,0,0,0,0,2,,
2026-05-03 14:06:53,17,15,15,0,"fit: 4, efit: 2",fit: 4,,,,0,0,0,0,2,,
2026-05-03 14:11:54,17,15,15,0,"fit: 6, efit: 2",fit: 6,,,,0,0,0,0,2,,
2026-05-03 14:31:56,17,15,15,0,"fit: 5, efit: 2",fit: 5,,,,0,0,0,0,2,,
2026-05-03 14:36:57,17,15,15,0,"fit: 5, efit: 3","fit: 5, efit: 1",,,,0,0,0,0,2,,
2026-05-03 14:51:58,17,15,15,0,"fit: 5, efit: 4","fit: 5, efit: 2",,,,0,0,0,0,2,,
2026-05-03 15:07:00,17,15,15,0,"fit: 5, efit: 5","fit: 5, efit: 2",,,,0,0,0,0,2,,
2026-05-03 15:27:02,17,15,15,0,"fit: 4, efit: 6","fit: 4, efit: 2",,,,0,0,0,0,2,,
2026-05-03 16:22:10,17,15,15,0,"fit: 4, efit: 5","fit: 4, efit: 1",,,,0,0,0,0,2,,
2026-05-03 16:27:24,17,15,15,0,"fit: 4, efit: 4",fit: 4,,,,0,0,0,0,2,,
2026-05-03 17:02:18,17,15,15,0,"fit: 4, efit: 5","fit: 4, efit: 1",,,,0,0,0,0,2,,
2026-05-03 17:12:20,17,15,15,0,"fit: 4, efit: 4",fit: 4,,,,0,0,0,0,2,,
2026-05-03 17:17:21,17,15,15,0,"fit: 4, efit: 5","fit: 4, efit: 1",,,,0,0,0,0,2,,
2026-05-03 17:37:26,17,15,15,0,"fit: 4, efit: 6","fit: 4, efit: 2",,,,0,0,0,0,2,,
2026-05-03 17:42:27,17,15,15,0,"fit: 4, efit: 7","fit: 4, efit: 3",,,,0,0,0,0,2,,
2026-05-03 18:22:35,17,15,15,0,"fit: 4, efit: 8","fit: 4, efit: 4",,,,0,0,0,0,2,,
2026-05-03 18:47:40,17,15,15,0,"fit: 4, efit: 7","fit: 4, efit: 3",,,,0,0,0,0,2,,
2026-05-03 19:07:44,17,15,15,0,"fit: 4, efit: 8","fit: 4, efit: 4",,,,0,0,0,0,2,,
2026-05-03 19:27:48,17,15,15,0,"fit: 4, efit: 10","fit: 4, efit: 6",,,,0,0,0,0,2,,
2026-05-03 20:17:58,17,15,15,0,"fit: 4, efit: 9","fit: 4, efit: 5",,,,0,0,0,0,2,,
2026-05-03 20:43:03,17,15,15,0,"fit: 4, efit: 8","fit: 4, efit: 4",,,,0,0,0,0,2,,
2026-05-03 20:53:05,17,15,15,0,"fit: 4, efit: 9","fit: 4, efit: 5",,,,0,0,0,0,2,,
2026-05-03 21:28:12,17,15,15,0,"fit: 4, efit: 10","fit: 4, efit: 6",,,,0,0,0,0,2,,
2026-05-03 21:28:14,17,15,15,0,"fit: 4, efit: 9","fit: 4, efit: 5",,,,0,0,0,0,2,,
2026-05-03 22:18:22,17,15,15,0,"fit: 4, efit: 10","fit: 4, efit: 5",,,,0,0,0,0,2,,
2026-05-03 23:53:41,17,15,15,0,"fit: 4, efit: 9","fit: 4, efit: 4",,,,0,0,0,0,2,,
2026-05-04 00:03:43,17,15,15,0,"fit: 4, efit: 9","fit: 4, efit: 4",,,,0,0,0,0,2,,
2026-05-04 00:33:48,17,15,15,0,"fit: 4, efit: 8","fit: 4, efit: 3",,,,0,0,0,0,2,,
2026-05-04 00:38:49,17,15,15,0,"fit: 4, efit: 7","fit: 4, efit: 2",,,,0,0,0,0,2,,
2026-05-04 05:29:46,17,15,15,0,"fit: 4, efit: 8","fit: 4, efit: 3",,,,0,0,0,0,2,,
2026-05-04 06:39:54,17,15,15,0,"fit: 4, efit: 7","fit: 4, efit: 2",,,,0,0,0,0,2,,
2026-05-04 07:19:58,17,15,15,0,"fit: 4, efit: 6","fit: 4, efit: 1",,,,0,0,0,0,2,,
2026-05-04 07:24:59,17,15,15,0,"fit: 3, efit: 6","fit: 3, efit: 1",,,,0,0,0,0,2,,
2026-05-04 07:55:06,17,15,15,0,"fit: 3, efit: 5",fit: 3,,,,0,0,0,0,2,,
2026-05-04 07:55:15,17,15,15,0,"fit: 3, efit: 6","fit: 3, efit: 1",,,,0,0,0,0,2,,
2026-05-04 08:00:05,17,15,15,0,"fit: 2, efit: 6","fit: 2, efit: 1",,,,0,0,0,0,2,,
2026-05-04 08:35:12,17,15,15,0,"fit: 1, efit: 6","fit: 1, efit: 1",,,,0,0,0,0,2,,
2026-05-04 08:55:16,17,15,15,0,"fit: 1, efit: 5",fit: 1,,,,0,0,0,0,2,,
2026-05-04 09:25:22,17,15,15,0,efit: 5,,,,,0,0,0,0,2,,
2026-05-04 11:30:49,17,15,15,0,efit: 5,,efit: 1,,,0,0,0,0,2,,
2026-05-04 12:20:59,17,15,15,0,efit: 6,efit: 1,efit: 1,,,0,0,0,0,2,,
2026-05-04 13:16:11,17,15,15,0,efit: 7,efit: 2,efit: 1,,,0,0,0,0,2,,
2026-05-04 13:21:12,17,15,15,0,efit: 7,efit: 1,efit: 1,,,0,0,0,0,2,,
2026-05-04 13:46:17,17,15,15,0,efit: 6,,efit: 1,,,0,0,0,0,2,,
2026-05-04 14:26:25,17,15,15,0,efit: 5,efit: 3,,,,0,0,0,0,2,,
2026-05-04 14:26:31,17,15,15,0,efit: 5,efit: 4,,,,0,0,0,0,2,,
2026-05-04 14:31:26,17,15,15,0,efit: 5,efit: 3,efit: 1,,,0,0,0,0,2,,
2026-05-04 14:51:30,17,15,15,0,efit: 4,efit: 2,efit: 1,,,0,0,0,0,2,,
2026-05-04 15:31:38,17,15,15,0,efit: 3,efit: 1,efit: 1,,,0,0,0,0,2,,
2026-05-04 16:21:49,17,15,15,0,efit: 5,efit: 3,efit: 1,,,0,0,0,0,2,,
2026-05-04 16:41:53,17,15,15,0,efit: 4,efit: 2,efit: 1,,,0,0,0,0,2,,
2026-05-04 16:46:54,17,15,15,0,efit: 5,efit: 3,efit: 1,,,0,0,0,0,2,,
2026-05-04 16:51:55,17,15,15,0,efit: 4,efit: 2,efit: 1,,,0,0,0,0,2,,
2026-05-04 16:56:56,17,15,15,0,"fit: 1, efit: 4","fit: 1, efit: 2",efit: 1,,,0,0,0,0,2,,
2026-05-04 17:27:00,17,15,15,0,"fit: 1, efit: 3","fit: 1, efit: 1",efit: 1,,,0,0,0,0,2,,
2026-05-04 18:37:12,17,15,15,0,"fit: 1, efit: 4","fit: 1, efit: 2",efit: 1,,,0,0,0,0,2,,
2026-05-04 18:52:15,17,15,15,0,"fit: 1, efit: 5","fit: 1, efit: 3",efit: 1,,,0,0,0,0,2,,
2026-05-04 19:17:20,17,15,15,0,"fit: 1, efit: 6","fit: 1, efit: 4",efit: 1,,,0,0,0,0,2,,
2026-05-04 19:37:24,17,15,15,0,"fit: 1, efit: 6","fit: 1, efit: 4",efit: 2,,,0,0,0,0,2,,
2026-05-04 20:02:29,17,15,15,0,"fit: 1, efit: 5","fit: 1, efit: 3",efit: 2,,,0,0,0,0,2,,
2026-05-04 20:57:41,17,15,15,0,"fit: 1, efit: 4","fit: 1, efit: 2",efit: 2,,,0,0,0,0,2,,
2026-05-04 21:02:42,17,15,15,0,"fit: 1, efit: 5","fit: 1, efit: 3",efit: 2,,,0,0,0,0,2,,
2026-05-04 21:12:44,17,15,15,0,"fit: 1, efit: 4","fit: 1, efit: 2",efit: 2,,,0,0,0,0,2,,
2026-05-04 21:17:45,17,15,15,0,efit: 3,efit: 1,efit: 2,,,0,0,0,0,2,,
2026-05-04 22:27:59,17,15,15,0,efit: 6,efit: 4,efit: 2,,,0,0,0,0,2,,
2026-05-05 00:03:18,17,15,15,0,efit: 6,efit: 4,efit: 2,,,0,0,0,0,2,,
2026-05-05 05:53:52,17,15,15,0,efit: 5,efit: 3,efit: 2,,,0,0,0,0,2,,
2026-05-05 06:13:54,17,15,15,0,efit: 4,efit: 2,efit: 2,,,0,0,0,0,2,,
2026-05-05 06:38:57,17,15,15,0,efit: 3,efit: 1,efit: 2,,,0,0,0,0,2,,
2026-05-05 07:54:08,17,15,15,0,efit: 2,,efit: 2,,,0,0,0,0,2,,
2026-05-05 08:57:27,17,15,15,0,efit: 3,efit: 1,efit: 2,,,0,0,0,0,2,,
2026-05-05 09:12:31,17,15,15,0,efit: 2,,efit: 2,,,0,0,0,0,2,,
2026-05-05 11:17:55,17,15,15,0,efit: 2,efit: 1,efit: 1,,,0,0,0,0,2,,
2026-05-05 12:18:07,17,15,15,0,efit: 1,,efit: 1,,,0,0,0,0,2,,
2026-05-05 13:33:21,17,15,15,0,"fit: 1, efit: 4","fit: 1, efit: 4",,,,0,0,0,0,2,,
2026-05-05 13:43:23,17,15,15,0,"fit: 1, efit: 3","fit: 1, efit: 3",,,,0,0,0,0,2,,
2026-05-05 13:48:24,17,15,15,0,"fit: 1, efit: 2","fit: 1, efit: 2",,,,0,0,0,0,2,,
2026-05-05 14:08:28,17,15,15,0,"fit: 1, efit: 3","fit: 1, efit: 3",,,,0,0,0,0,2,,
2026-05-05 14:23:31,17,15,15,0,"fit: 1, efit: 4","fit: 1, efit: 3",,,,0,0,0,0,2,,
2026-05-05 14:48:36,17,15,15,0,"fit: 1, efit: 5","fit: 1, efit: 4",,,,0,0,0,0,2,,
2026-05-05 15:23:43,17,15,15,0,"fit: 1, efit: 6","fit: 1, efit: 5",,,,0,0,0,0,2,,
2026-05-05 15:43:46,17,15,15,0,"fit: 1, efit: 5","fit: 1, efit: 4",,,,0,0,0,0,2,,
2026-05-05 15:58:49,17,15,15,0,"fit: 1, efit: 4","fit: 1, efit: 3",,,,0,0,0,0,2,,
2026-05-05 16:09:26,17,15,15,0,"fit: 1, efit: 3","fit: 1, efit: 2",,,,0,0,0,0,2,,
2026-05-05 16:23:54,17,15,15,0,"fit: 1, efit: 2","fit: 1, efit: 1",,,,0,0,0,0,2,,
2026-05-05 16:39:21,17,15,15,0,efit: 2,efit: 1,,,,0,0,0,0,2,,
2026-05-05 16:54:00,17,15,15,0,"fit: 1, efit: 2","fit: 1, efit: 1",,,,0,0,0,0,2,,
2026-05-05 17:44:10,17,15,15,0,"fit: 1, efit: 3","fit: 1, efit: 2",,,,0,0,0,0,2,,
2026-05-05 18:14:16,17,15,15,0,"fit: 1, efit: 4","fit: 1, efit: 3",,,,0,0,0,0,2,,
2026-05-05 18:19:17,17,15,15,0,"fit: 1, efit: 5","fit: 1, efit: 4",,,,0,0,0,0,2,,
2026-05-05 18:39:21,17,15,15,0,"fit: 1, efit: 6","fit: 1, efit: 5",,,,0,0,0,0,2,,
2026-05-05 18:44:22,17,15,15,0,"fit: 1, efit: 7","fit: 1, efit: 6",,,,0,0,0,0,2,,
2026-05-05 18:54:47,17,15,15,0,"fit: 2, efit: 8","fit: 2, efit: 7",,,,0,0,0,0,2,,
2026-05-05 19:04:25,17,15,15,0,"fit: 2, efit: 9","fit: 2, efit: 8",,,,0,0,0,0,2,,
2026-05-05 19:15:05,17,15,15,0,"fit: 2, efit: 8","fit: 2, efit: 7",,,,0,0,0,0,2,,
2026-05-05 19:44:34,17,15,15,0,"fit: 2, efit: 9","fit: 2, efit: 8",,,,0,0,0,0,2,,
2026-05-05 20:04:39,17,15,15,0,"fit: 2, efit: 10","fit: 2, efit: 9",,,,0,0,0,0,2,,
2026-05-05 20:40:22,17,15,15,0,"fit: 2, efit: 9","fit: 2, efit: 8",,,,0,0,0,0,2,,
2026-05-05 20:44:47,17,15,15,0,"fit: 2, efit: 8","fit: 2, efit: 7",,,,0,0,0,0,2,,
2026-05-05 21:04:51,17,15,15,0,"fit: 2, efit: 9","fit: 2, efit: 8",,,,0,0,0,0,2,,
2026-05-05 21:09:52,17,15,15,0,"fit: 2, efit: 10","fit: 2, efit: 9",,,,0,0,0,0,2,,
2026-05-05 21:15:12,17,15,15,0,"fit: 2, efit: 9","fit: 2, efit: 8",,,,0,0,0,0,2,,
2026-05-05 22:05:03,17,15,15,0,"fit: 2, efit: 8","fit: 2, efit: 7",,,,0,0,0,0,2,,
2026-05-05 22:25:07,17,15,15,0,"fit: 2, efit: 10","fit: 2, efit: 9",,,,0,0,0,0,2,,
2026-05-05 23:35:20,17,15,15,0,"fit: 2, efit: 11","fit: 2, efit: 10",,,,0,0,0,0,2,,
2026-05-05 23:40:21,17,15,15,0,"fit: 2, efit: 12","fit: 2, efit: 11",,,,0,0,0,0,2,,
2026-05-06 00:00:25,17,15,15,0,"fit: 2, efit: 12","fit: 2, efit: 11",,,,0,0,0,0,2,,
2026-05-06 09:12:08,17,15,15,0,"fit: 2, efit: 11","fit: 2, efit: 10",,,,0,0,0,0,2,,
2026-05-06 09:32:54,17,15,15,0,"fit: 2, efit: 10","fit: 2, efit: 10",,,,0,0,0,0,2,,
2026-05-06 09:36:28,17,15,15,0,"fit: 1, efit: 7","fit: 1, efit: 7",,,,0,0,0,0,2,,
2026-05-06 09:52:15,17,15,15,0,"fit: 1, efit: 6","fit: 1, efit: 6",,,,0,0,0,0,2,,
2026-05-06 10:36:39,17,15,15,0,"fit: 1, efit: 5","fit: 1, efit: 5",,,,0,0,0,0,2,,
2026-05-06 11:01:43,17,15,15,0,"fit: 1, efit: 4","fit: 1, efit: 4",,,,0,0,0,0,2,,
2026-05-06 12:27:45,17,15,15,0,"fit: 1, efit: 5","fit: 1, efit: 5",,,,0,0,0,0,2,,
2026-05-06 12:31:59,17,15,15,0,"fit: 1, efit: 4","fit: 1, efit: 4",,,,0,0,0,0,2,,
2026-05-06 12:42:01,17,15,15,0,"fit: 1, efit: 3","fit: 1, efit: 3",,,,0,0,0,0,2,,
2026-05-06 13:57:14,17,15,15,0,"fit: 1, efit: 4","fit: 1, efit: 4",,,,0,0,0,0,2,,
2026-05-06 14:27:19,17,15,15,0,"fit: 1, efit: 5","fit: 1, efit: 5",,,,0,0,0,0,2,,
2026-05-06 15:17:28,17,15,15,0,"fit: 1, efit: 4","fit: 1, efit: 4",,,,0,0,0,0,2,,
2026-05-06 15:32:31,17,15,15,0,"fit: 1, efit: 3","fit: 1, efit: 3",,,,0,0,0,0,2,,
2026-05-06 16:11:07,17,15,15,0,"fit: 1, efit: 4","fit: 1, efit: 4",,,,0,0,0,0,2,,
2026-05-06 16:20:24,17,15,15,0,"fit: 1, efit: 5","fit: 1, efit: 5",,,,0,0,0,0,2,,
2026-05-06 16:45:29,17,15,15,0,"fit: 1, efit: 4","fit: 1, efit: 4",,,,0,0,0,0,2,,
2026-05-06 16:50:29,17,15,15,0,"fit: 1, efit: 5","fit: 1, efit: 5",,,,0,0,0,0,2,,
2026-05-06 17:05:32,17,15,15,0,"fit: 1, efit: 4","fit: 1, efit: 4",,,,0,0,0,0,2,,
2026-05-06 17:06:17,17,15,15,0,"fit: 1, efit: 5","fit: 1, efit: 5",,,,0,0,0,0,2,,
2026-05-06 17:20:34,17,15,15,0,"fit: 1, efit: 6","fit: 1, efit: 6",,,,0,0,0,0,2,,
2026-05-06 17:30:36,17,15,15,0,"fit: 1, efit: 5","fit: 1, efit: 5",,,,0,0,0,0,2,,
2026-05-06 17:35:37,17,15,15,0,"fit: 1, efit: 6","fit: 1, efit: 6",,,,0,0,0,0,2,,
2026-05-06 17:41:23,17,15,15,0,"fit: 1, efit: 7","fit: 1, efit: 7",,,,0,0,0,0,2,,
2026-05-06 17:55:40,17,15,15,0,"fit: 1, efit: 6","fit: 1, efit: 6",,,,0,0,0,0,2,,
2026-05-06 18:10:42,17,15,15,0,"fit: 1, efit: 7","fit: 1, efit: 7",,,,0,0,0,0,2,,
2026-05-06 18:55:49,17,15,15,0,"fit: 1, efit: 6","fit: 1, efit: 6",,,,0,0,0,0,2,,
2026-05-06 19:00:50,17,15,15,0,"fit: 1, efit: 7","fit: 1, efit: 7",,,,0,0,0,0,2,,
2026-05-06 19:05:51,17,15,15,0,"fit: 2, efit: 7","fit: 2, efit: 7",,,,0,0,0,0,2,,
2026-05-06 19:20:53,17,15,15,0,"fit: 2, efit: 8","fit: 2, efit: 8",,,,0,0,0,0,2,,
2026-05-06 19:55:59,17,15,15,0,"fit: 2, efit: 9","fit: 2, efit: 9",,,,0,0,0,0,2,,
2026-05-06 20:01:00,17,15,15,0,"fit: 2, efit: 10","fit: 2, efit: 10",,,,0,0,0,0,2,,
2026-05-06 20:26:04,17,15,15,0,"fit: 2, efit: 9","fit: 2, efit: 9",,,,0,0,0,0,2,,
2026-05-06 20:46:07,17,15,15,0,"fit: 2, efit: 10","fit: 2, efit: 10",,,,0,0,0,0,2,,
2026-05-06 21:26:14,17,15,15,0,"fit: 2, efit: 11","fit: 2, efit: 11",,,,0,0,0,0,2,,
2026-05-06 22:56:27,17,15,15,0,"fit: 2, efit: 12","fit: 2, efit: 12",,,,0,0,0,0,2,,
2026-05-07 00:01:37,17,15,15,0,"fit: 2, efit: 12","fit: 2, efit: 12",,,,0,0,0,0,2,,
2026-05-07 01:26:49,17,15,15,0,"fit: 2, efit: 11","fit: 2, efit: 11",,,,0,0,0,0,2,,
2026-05-07 03:12:05,17,15,15,0,"fit: 2, efit: 12","fit: 2, efit: 12",,,,0,0,0,0,2,,
2026-05-07 06:13:10,17,15,15,0,"fit: 2, efit: 11","fit: 2, efit: 11",,,,0,0,0,0,2,,
2026-05-07 06:42:37,17,15,15,0,"fit: 2, efit: 10","fit: 2, efit: 10",,,,0,0,0,0,2,,
2026-05-07 07:22:42,17,15,15,0,"fit: 2, efit: 9","fit: 2, efit: 9",,,,0,0,0,0,2,,
2026-05-07 07:28:39,17,15,15,0,"fit: 2, efit: 9","fit: 2, efit: 8",efit: 1,,,0,0,0,0,2,,
2026-05-07 07:42:46,17,15,15,0,"fit: 2, efit: 8","fit: 2, efit: 7",efit: 1,,,0,0,0,0,2,,
2026-05-07 07:43:41,17,15,15,0,"fit: 2, efit: 7","fit: 2, efit: 6",efit: 1,,,0,0,0,0,2,,
2026-05-07 08:27:52,17,15,15,0,"fit: 2, efit: 6","fit: 2, efit: 5",efit: 1,,,0,0,0,0,2,,
2026-05-07 09:02:57,17,15,15,0,"fit: 2, efit: 5","fit: 2, efit: 4",efit: 1,,,0,0,0,0,2,,
2026-05-07 09:07:58,17,15,15,0,"fit: 2, efit: 5","fit: 2, efit: 5",,,,0,0,0,0,2,,
2026-05-07 09:53:05,17,15,15,0,"fit: 2, efit: 4","fit: 2, efit: 4",,,,0,0,0,0,2,,
2026-05-07 10:13:08,17,15,15,0,"fit: 2, efit: 3","fit: 2, efit: 3",,,,0,0,0,0,2,,
2026-05-07 10:28:10,17,15,15,0,"fit: 2, efit: 4","fit: 2, efit: 4",,,,0,0,0,0,2,,
2026-05-07 11:09:09,17,15,15,0,"fit: 2, efit: 3","fit: 2, efit: 3",,,,0,0,0,0,2,,
2026-05-07 12:03:25,17,15,15,0,"fit: 2, efit: 4","fit: 2, efit: 4",,,,0,0,0,0,2,,
2026-05-07 12:28:29,17,15,15,0,"fit: 2, efit: 5","fit: 2, efit: 5",,,,0,0,0,0,2,,
2026-05-07 12:44:29,17,15,15,0,"fit: 2, efit: 4","fit: 2, efit: 3",efit: 1,,,0,0,0,0,2,,
2026-05-07 12:53:32,17,15,15,0,"fit: 2, efit: 3","fit: 2, efit: 2",efit: 1,,,0,0,0,0,2,,
2026-05-07 12:58:33,17,15,15,0,"fit: 2, efit: 2","fit: 2, efit: 2",,,,0,0,0,0,2,,
2026-05-07 12:59:30,17,15,15,0,"fit: 2, efit: 1","fit: 2, efit: 1",,,,0,0,0,0,2,,
2026-05-07 13:03:34,17,15,15,0,"fit: 1, efit: 1","fit: 1, efit: 1",,,,0,0,0,0,2,,
2026-05-07 14:09:39,17,15,15,0,fit: 1,fit: 1,,,,0,0,0,0,2,,
2026-05-07 14:13:44,17,15,15,0,"fit: 1, efit: 1","fit: 1, efit: 1",,,,0,0,0,0,2,,
2026-05-07 15:49:55,17,15,15,0,"fit: 1, efit: 2","fit: 1, efit: 2",,,,0,0,0,0,2,,
2026-05-07 15:50:02,17,15,15,0,"fit: 1, efit: 3","fit: 1, efit: 3",,,,0,0,0,0,2,,
2026-05-07 15:53:59,17,15,15,0,"fit: 1, efit: 4","fit: 1, efit: 4",,,,0,0,0,0,2,,
2026-05-07 16:29:05,17,15,15,0,"fit: 2, efit: 3","fit: 2, efit: 3",,,,0,0,0,0,2,,
2026-05-07 16:39:06,17,15,15,0,"fit: 2, efit: 4","fit: 2, efit: 4",,,,0,0,0,0,2,,
2026-05-07 16:45:05,17,15,15,0,"fit: 2, efit: 3","fit: 2, efit: 3",,,,0,0,0,0,2,,
2026-05-07 16:49:07,17,15,15,0,"fit: 2, efit: 4","fit: 2, efit: 4",,,,0,0,0,0,2,,
2026-05-07 16:59:09,17,15,15,0,"fit: 2, efit: 3","fit: 2, efit: 3",,,,0,0,0,0,2,,
2026-05-07 17:20:11,17,15,15,0,"fit: 2, efit: 2","fit: 2, efit: 2",,,,0,0,0,0,2,,
2026-05-07 17:20:21,17,15,15,0,"fit: 2, efit: 1","fit: 2, efit: 1",,,,0,0,0,0,2,,
2026-05-07 17:54:18,17,15,15,0,"fit: 2, efit: 2","fit: 2, efit: 2",,,,0,0,0,0,2,,
2026-05-07 18:04:20,17,15,15,0,"fit: 2, efit: 3","fit: 2, efit: 3",,,,0,0,0,0,2,,
2026-05-07 18:40:24,17,15,15,0,"fit: 2, efit: 4","fit: 2, efit: 4",,,,0,0,0,0,2,,
2026-05-07 19:04:29,17,15,15,0,"fit: 2, efit: 2","fit: 2, efit: 2",,,,0,0,0,0,2,,
2026-05-07 19:24:33,17,15,15,0,fit: 2,fit: 2,,,,0,0,0,0,2,,
2026-05-07 19:34:34,17,15,15,0,fit: 1,fit: 1,,,,0,0,0,0,2,,
2026-05-07 21:09:49,17,15,15,0,,,,,,0,0,0,0,2,,
2026-05-07 21:34:53,17,15,15,0,efit: 1,efit: 1,,,,0,0,0,0,2,,
2026-05-07 22:09:58,17,15,15,0,"fit: 1, efit: 1","fit: 1, efit: 1",,,,0,0,0,0,2,,
2026-05-08 00:00:16,17,15,15,0,"fit: 1, efit: 1","fit: 1, efit: 1",,,,0,0,0,0,2,,
2026-05-08 07:27:25,17,15,15,0,fit: 1,fit: 1,,,,0,0,0,0,2,,
2026-05-08 07:51:37,17,15,15,0,"fit: 1, efit: 1","fit: 1, efit: 1",,,,0,0,0,0,2,,
2026-05-08 08:33:49,17,15,15,0,fit: 1,fit: 1,,,,0,0,0,0,2,,
2026-05-08 09:08:57,17,15,15,0,"fit: 1, efit: 1","fit: 1, efit: 1",,,,0,0,0,0,2,,
2026-05-08 09:21:54,17,15,15,0,"fit: 2, efit: 1","fit: 2, efit: 1",,,,0,0,0,0,2,,
2026-05-08 09:22:44,17,15,15,0,"fit: 2, efit: 2","fit: 2, efit: 1",,,,0,0,0,0,2,,
2026-05-08 09:26:55,17,15,15,0,"fit: 2, efit: 1",fit: 2,,,,0,0,0,0,2,,
2026-05-08 09:27:45,17,15,15,0,"fit: 2, efit: 2","fit: 2, efit: 1",,,,0,0,0,0,2,,
2026-05-08 09:36:56,17,15,15,0,"fit: 2, efit: 7","fit: 2, efit: 6",,,,0,0,0,0,2,,
2026-05-08 09:37:46,17,15,15,0,"fit: 2, efit: 7","fit: 2, efit: 7",,,,0,0,0,0,2,,
2026-05-08 09:39:05,17,15,15,0,"fit: 2, efit: 8","fit: 2, efit: 8",,,,0,0,0,0,2,,
2026-05-08 09:51:59,17,15,15,0,"fit: 2, efit: 7","fit: 2, efit: 7",,,,0,0,0,0,2,,
2026-05-08 10:27:06,17,15,15,0,"fit: 2, efit: 8","fit: 2, efit: 8",,,,0,0,0,0,2,,
2026-05-08 10:47:09,17,15,15,0,"fit: 2, efit: 7","fit: 2, efit: 7",,,,0,0,0,0,2,,
2026-05-08 11:09:27,17,15,15,0,"fit: 2, efit: 8","fit: 2, efit: 8",,,,0,0,0,0,2,,
2026-05-08 12:37:29,17,15,15,0,"fit: 2, efit: 7","fit: 2, efit: 7",,,,0,0,0,0,2,,
2026-05-08 13:30:02,17,15,15,0,"fit: 2, efit: 6","fit: 2, efit: 6",,,,0,0,0,0,2,,
2026-05-08 14:00:09,17,15,15,0,"fit: 3, efit: 6","fit: 3, efit: 6",,,,0,0,0,0,2,,
2026-05-08 15:38:03,17,15,15,0,"fit: 4, efit: 5","fit: 4, efit: 5",,,,0,0,0,0,2,,
2026-05-08 16:13:09,17,15,15,0,"fit: 4, efit: 4","fit: 4, efit: 4",,,,0,0,0,0,2,,
2026-05-08 16:20:44,17,15,15,0,"fit: 4, efit: 5","fit: 4, efit: 5",,,,0,0,0,0,2,,
2026-05-08 16:43:15,17,15,15,0,"fit: 4, efit: 4","fit: 4, efit: 4",,,,0,0,0,0,2,,
2026-05-08 17:13:20,17,15,15,0,"fit: 4, efit: 5","fit: 4, efit: 5",,,,0,0,0,0,2,,
2026-05-08 17:26:02,17,15,15,0,"fit: 4, efit: 6","fit: 4, efit: 6",,,,0,0,0,0,2,,
2026-05-08 17:36:04,17,15,15,0,"fit: 4, efit: 5","fit: 4, efit: 5",,,,0,0,0,0,2,,
2026-05-08 18:09:11,17,15,15,0,"fit: 4, efit: 6","fit: 4, efit: 6",,,,0,0,0,0,2,,
2026-05-08 18:41:20,17,15,15,0,"fit: 4, efit: 5","fit: 4, efit: 5",,,,0,0,0,0,2,,
2026-05-08 18:46:21,17,15,15,0,"fit: 4, efit: 4","fit: 4, efit: 4",,,,0,0,0,0,2,,
2026-05-08 19:28:45,17,15,15,0,"fit: 4, efit: 5","fit: 4, efit: 5",,,,0,0,0,0,2,,
2026-05-08 19:51:38,17,15,15,0,"fit: 4, efit: 4","fit: 4, efit: 4",,,,0,0,0,0,2,,
2026-05-08 20:14:31,17,15,15,0,"fit: 4, efit: 3","fit: 4, efit: 3",,,,0,0,0,0,2,,
2026-05-08 21:14:04,17,15,15,0,"fit: 4, efit: 4","fit: 4, efit: 4",,,,0,0,0,0,2,,
2026-05-08 21:39:08,17,15,15,0,"fit: 4, efit: 5","fit: 4, efit: 5",,,,0,0,0,0,2,,
2026-05-08 21:42:06,17,15,15,0,"fit: 4, efit: 6","fit: 4, efit: 6",,,,0,0,0,0,2,,
2026-05-08 22:12:13,17,15,15,0,"fit: 4, efit: 7","fit: 4, efit: 7",,,,0,0,0,0,2,,
2026-05-09 00:00:07,17,15,15,0,"fit: 4, efit: 7","fit: 4, efit: 7",,,,0,0,0,0,2,,
2026-05-09 01:09:46,17,15,15,0,"fit: 4, efit: 8","fit: 4, efit: 8",,,,0,0,0,0,2,,
2026-05-09 01:10:19,17,15,15,0,"fit: 4, efit: 7","fit: 4, efit: 7",,,,0,0,0,0,2,,
2026-05-09 01:39:51,17,15,15,0,"fit: 4, efit: 6","fit: 4, efit: 6",,,,0,0,0,0,2,,
2026-05-09 02:30:31,17,15,15,0,"fit: 4, efit: 5","fit: 4, efit: 5",,,,0,0,0,0,2,,
2026-05-09 04:18:41,17,15,15,0,"fit: 4, efit: 5","fit: 4, efit: 4",,,,0,0,0,0,2,,
2026-05-09 09:21:11,17,15,15,0,"fit: 4, efit: 4","fit: 4, efit: 3",,,,0,0,0,0,2,,
2026-05-09 09:34:56,17,15,15,0,"fit: 4, efit: 3","fit: 4, efit: 2",,,,0,0,0,0,2,,
2026-05-09 09:56:18,17,15,15,0,"fit: 4, efit: 4","fit: 4, efit: 3",,,,0,0,0,0,2,,
2026-05-09 10:05:03,17,15,15,0,"fit: 4, efit: 5","fit: 4, efit: 4",,,,0,0,0,0,2,,
2026-05-09 10:56:29,17,15,15,0,"fit: 4, efit: 6","fit: 4, efit: 5",,,,0,0,0,0,2,,
2026-05-09 11:05:18,17,15,15,0,"fit: 4, efit: 5","fit: 4, efit: 4",,,,0,0,0,0,2,,
2026-05-09 11:11:31,17,15,15,0,"fit: 4, efit: 4","fit: 4, efit: 3",,,,0,0,0,0,2,,
2026-05-09 11:26:34,17,15,15,0,"fit: 4, efit: 3","fit: 4, efit: 2",,,,0,0,0,0,2,,
2026-05-09 12:16:43,17,15,15,0,"fit: 4, efit: 4","fit: 4, efit: 3",,,,0,0,0,0,2,,
2026-05-09 13:05:49,17,15,15,0,"fit: 4, efit: 3","fit: 4, efit: 2",,,,0,0,0,0,2,,
2026-05-09 13:35:57,17,15,15,0,"fit: 5, efit: 3","fit: 5, efit: 2",,,,0,0,0,0,2,,
2026-05-09 13:56:02,17,15,15,0,"fit: 5, efit: 4","fit: 5, efit: 3",,,,0,0,0,0,2,,
2026-05-09 14:22:05,17,15,15,0,"fit: 5, efit: 3","fit: 5, efit: 2",,,,0,0,0,0,2,,
2026-05-09 14:31:11,17,15,15,0,"fit: 5, efit: 2","fit: 5, efit: 1",,,,0,0,0,0,2,,
2026-05-09 14:41:13,17,15,15,0,"fit: 5, efit: 3","fit: 5, efit: 2",,,,0,0,0,0,2,,
2026-05-09 14:46:15,17,15,15,0,"fit: 5, efit: 2","fit: 5, efit: 1",,,,0,0,0,0,2,,
2026-05-09 14:52:11,17,15,15,0,"fit: 5, efit: 1",fit: 5,,,,0,0,0,0,2,,
2026-05-09 16:26:40,17,15,15,0,"fit: 5, efit: 2","fit: 5, efit: 1",,,,0,0,0,0,2,,
2026-05-09 16:41:43,17,15,15,0,"fit: 5, efit: 3","fit: 5, efit: 2",,,,0,0,0,0,2,,
2026-05-09 17:16:52,17,15,15,0,"fit: 5, efit: 4","fit: 5, efit: 3",,,,0,0,0,0,2,,
2026-05-09 17:47:00,17,15,15,0,"fit: 5, efit: 3","fit: 5, efit: 2",,,,0,0,0,0,2,,
2026-05-09 17:57:43,17,15,15,0,"fit: 5, efit: 4","fit: 5, efit: 2",,,,0,0,0,0,2,,
2026-05-09 18:12:06,17,15,15,0,"fit: 5, efit: 3","fit: 5, efit: 1",,,,0,0,0,0,2,,
2026-05-09 18:12:46,17,15,15,0,"fit: 5, efit: 4","fit: 5, efit: 2",,,,0,0,0,0,2,,
2026-05-09 18:17:07,17,15,15,0,"fit: 5, efit: 5","fit: 5, efit: 3",,,,0,0,0,0,2,,
2026-05-09 18:32:11,17,15,15,0,"fit: 5, efit: 3","fit: 5, efit: 1",,,,0,0,0,0,2,,
2026-05-09 18:37:12,17,15,15,0,"fit: 5, efit: 4","fit: 5, efit: 2",,,,0,0,0,0,2,,
2026-05-09 18:57:17,17,15,15,0,"fit: 5, efit: 3","fit: 5, efit: 1",,,,0,0,0,0,2,,
2026-05-09 19:07:19,17,15,15,0,"fit: 4, efit: 3","fit: 4, efit: 1",,,,0,0,0,0,2,,
2026-05-09 19:18:10,17,15,15,0,"fit: 4, efit: 3",fit: 4,,,,0,0,0,0,2,,
2026-05-09 19:52:30,17,15,15,0,"fit: 4, efit: 4","fit: 4, efit: 1",,,,0,0,0,0,2,,
2026-05-09 20:07:34,17,15,15,0,"fit: 4, efit: 3",fit: 4,,,,0,0,0,0,2,,
2026-05-09 20:28:10,17,15,15,0,"fit: 2, efit: 3",fit: 2,,,,0,0,0,0,2,,
2026-05-09 20:37:41,17,15,15,0,"fit: 1, efit: 3",fit: 1,,,,0,0,0,0,2,,
2026-05-09 20:48:14,17,15,15,0,"fit: 1, efit: 4","fit: 1, efit: 1",,,,0,0,0,0,2,,
2026-05-09 21:02:47,17,15,15,0,"fit: 1, efit: 5","fit: 1, efit: 2",,,,0,0,0,0,2,,
2026-05-09 21:47:58,17,15,15,0,"fit: 1, efit: 4","fit: 1, efit: 1",,,,0,0,0,0,2,,
2026-05-09 22:08:03,17,15,15,0,"fit: 1, efit: 5","fit: 1, efit: 2",,,,0,0,0,0,2,,
2026-05-09 22:18:06,17,15,15,0,"fit: 1, efit: 6","fit: 1, efit: 3",,,,0,0,0,0,2,,
2026-05-09 22:28:31,17,15,15,0,"fit: 1, efit: 8","fit: 1, efit: 5",,,,0,0,0,0,2,,
2026-05-09 23:58:29,17,15,15,0,"fit: 1, efit: 7","fit: 1, efit: 4",,,,0,0,0,0,2,,
2026-05-10 00:03:31,17,15,15,0,"fit: 1, efit: 7","fit: 1, efit: 4",,,,0,0,0,0,2,,
2026-05-10 01:33:51,17,15,15,0,"fit: 1, efit: 6","fit: 1, efit: 3",,,,0,0,0,0,2,,
2026-05-10 01:34:03,17,15,15,0,"fit: 1, efit: 5","fit: 1, efit: 2",,,,0,0,0,0,2,,
2026-05-10 06:49:52,17,15,15,0,"fit: 1, efit: 3",fit: 1,,,,0,0,0,0,2,,
2026-05-10 09:05:05,17,15,15,0,"fit: 1, efit: 3","fit: 1, efit: 3",,,,0,0,0,0,2,,
2026-05-10 11:05:24,17,15,15,0,"fit: 1, efit: 2","fit: 1, efit: 2",,,,0,0,0,0,2,,
2026-05-10 11:15:26,17,15,15,0,"fit: 1, efit: 3","fit: 1, efit: 3",,,,0,0,0,0,2,,
2026-05-10 12:00:33,17,15,15,0,"fit: 1, efit: 4","fit: 1, efit: 4",,,,0,0,0,0,2,,
2026-05-10 12:15:36,17,15,15,0,"fit: 1, efit: 3","fit: 1, efit: 3",,,,0,0,0,0,2,,
2026-05-10 14:00:53,17,15,15,0,"fit: 1, efit: 2","fit: 1, efit: 2",,,,0,0,0,0,2,,
2026-05-10 15:01:03,17,15,15,0,"fit: 1, efit: 1","fit: 1, efit: 1",,,,0,0,0,0,2,,
2026-05-10 18:56:41,17,15,15,0,"fit: 1, efit: 2","fit: 1, efit: 2",,,,0,0,0,0,2,,
2026-05-10 19:16:45,17,15,15,0,"fit: 1, efit: 3","fit: 1, efit: 3",,,,0,0,0,0,2,,
2026-05-10 19:56:52,17,15,15,0,"fit: 2, efit: 2","fit: 2, efit: 2",,,,0,0,0,0,2,,
2026-05-10 20:01:52,17,15,15,0,"fit: 2, efit: 3","fit: 2, efit: 3",,,,0,0,0,0,2,,
2026-05-10 20:36:58,17,15,15,0,"fit: 2, efit: 2","fit: 2, efit: 2",,,,0,0,0,0,2,,
2026-05-10 21:02:02,17,15,15,0,"fit: 2, efit: 3","fit: 2, efit: 3",,,,0,0,0,0,2,,
2026-05-11 00:02:30,17,15,15,0,"fit: 2, efit: 4","fit: 2, efit: 4",,,,0,0,0,0,2,,
2026-05-11 07:20:59,17,15,15,0,"fit: 2, efit: 3","fit: 2, efit: 3",,,,0,0,0,0,2,,
2026-05-11 07:28:38,17,15,15,0,"fit: 2, efit: 2","fit: 2, efit: 2",,,,0,0,0,0,2,,
2026-05-11 07:34:06,17,15,15,0,"fit: 2, efit: 1","fit: 2, efit: 1",,,,0,0,0,0,2,,
2026-05-11 07:48:42,17,15,15,0,fit: 1,fit: 1,,,,0,0,0,0,2,,
2026-05-11 08:46:20,17,15,15,0,,,,,,0,0,0,0,2,,
2026-05-11 09:36:33,17,15,15,0,fit: 1,fit: 1,,,,0,0,0,0,2,,
2026-05-11 10:59:13,17,15,15,0,fit: 2,fit: 2,,,,0,0,0,0,2,,
2026-05-11 12:52:25,17,15,15,0,fit: 1,fit: 1,,,,0,0,0,0,2,,
2026-05-11 12:59:32,17,15,15,0,"fit: 1, efit: 1",fit: 1,,,,0,0,0,0,2,,
2026-05-11 14:50:26,17,15,15,0,"fit: 1, efit: 2","fit: 1, efit: 1",,,,0,0,0,0,2,,
2026-05-11 14:52:55,17,15,15,0,"fit: 1, efit: 2","fit: 1, efit: 2",,,,0,0,0,0,2,,
2026-05-11 15:38:07,17,15,15,0,"fit: 1, efit: 1","fit: 1, efit: 1",,,,0,0,0,0,2,,
2026-05-11 15:45:36,17,15,15,0,fit: 1,fit: 1,,,,0,0,0,0,2,,
2026-05-11 16:10:40,17,15,15,0,"fit: 1, efit: 1","fit: 1, efit: 1",,,,0,0,0,0,2,,
2026-05-11 16:18:16,17,15,15,0,"fit: 1, efit: 2","fit: 1, efit: 2",,,,0,0,0,0,2,,
2026-05-11 16:40:09,17,15,15,0,"fit: 1, efit: 1","fit: 1, efit: 1",,,,0,0,0,0,2,,
2026-05-11 16:53:24,17,15,15,0,fit: 1,fit: 1,,,,0,0,0,0,2,,
2026-05-11 16:55:11,17,15,15,0,"fit: 1, efit: 1","fit: 1, efit: 1",,,,0,0,0,0,2,,
2026-05-11 17:00:12,17,15,15,0,fit: 1,fit: 1,,,,0,0,0,0,2,,
2026-05-11 17:38:35,17,15,15,0,efit: 1,efit: 1,,,,0,0,0,0,2,,
2026-05-11 17:48:37,17,15,15,0,efit: 2,efit: 2,,,,0,0,0,0,2,,
2026-05-11 17:55:22,17,15,15,0,efit: 3,efit: 3,,,,0,0,0,0,2,,
2026-05-11 19:11:13,17,15,15,0,efit: 4,efit: 4,,,,0,0,0,0,2,,
2026-05-11 19:13:57,17,15,15,0,efit: 5,efit: 5,,,,0,0,0,0,2,,
2026-05-11 20:59:19,17,15,15,0,efit: 6,efit: 6,,,,0,0,0,0,2,,
2026-05-11 23:24:50,17,15,15,0,efit: 7,efit: 7,,,,0,0,0,0,2,,
2026-05-12 00:01:20,17,15,15,0,efit: 7,efit: 7,,,,0,0,0,0,2,,
2026-05-12 07:21:29,17,15,15,0,efit: 6,efit: 6,,,,0,0,0,0,2,,
2026-05-12 07:36:32,17,15,15,0,efit: 5,efit: 5,,,,0,0,0,0,2,,
2026-05-12 07:56:37,17,15,15,0,efit: 4,efit: 4,,,,0,0,0,0,2,,
2026-05-12 08:11:40,17,15,15,0,efit: 5,efit: 5,,,,0,0,0,0,2,,
2026-05-12 08:16:41,17,15,15,0,efit: 4,efit: 4,,,,0,0,0,0,2,,
2026-05-12 08:21:42,17,15,15,0,efit: 3,efit: 3,,,,0,0,0,0,2,,
2026-05-12 08:22:37,17,15,15,0,efit: 4,efit: 4,,,,0,0,0,0,2,,
2026-05-12 08:23:28,17,15,15,0,efit: 3,efit: 3,,,,0,0,0,0,2,,
2026-05-12 08:57:42,17,15,15,0,efit: 2,efit: 2,,,,0,0,0,0,2,,
2026-05-12 09:06:52,17,15,15,0,efit: 1,efit: 1,,,,0,0,0,0,2,,
2026-05-12 09:16:54,17,15,15,0,efit: 2,efit: 2,,,,0,0,0,0,2,,
2026-05-12 09:57:03,17,15,15,0,efit: 1,efit: 1,,,,0,0,0,0,2,,
2026-05-12 09:58:43,17,15,15,0,,,,,,0,0,0,0,2,,
2026-05-12 10:12:54,17,15,15,0,efit: 1,efit: 1,,,,0,0,0,0,2,,
2026-05-12 12:52:40,17,15,15,0,,,,,,0,0,0,0,2,,
2026-05-12 12:57:41,17,15,15,0,efit: 1,efit: 1,,,,0,0,0,0,2,,
2026-05-12 13:24:57,17,15,15,0,,,,,,0,0,0,0,2,,
2026-05-12 14:50:14,17,15,15,0,efit: 1,efit: 1,,,,0,0,0,0,2,,
2026-05-12 15:30:22,17,15,15,0,"fit: 1, efit: 1","fit: 1, efit: 1",,,,0,0,0,0,2,,
2026-05-12 15:35:23,17,15,15,0,"fit: 2, efit: 1","fit: 2, efit: 1",,,,0,0,0,0,2,,
2026-05-12 15:48:52,17,15,15,0,"fit: 2, efit: 2","fit: 2, efit: 2",,,,0,0,0,0,2,,
2026-05-12 16:13:56,17,15,15,0,"fit: 2, efit: 3","fit: 2, efit: 3",,,,0,0,0,0,2,,
2026-05-12 16:25:33,17,15,15,0,"fit: 2, efit: 4","fit: 2, efit: 4",,,,0,0,0,0,2,,
2026-05-12 16:28:59,17,15,15,0,"fit: 3, efit: 4","fit: 3, efit: 4",,,,0,0,0,0,2,,
2026-05-12 16:34:01,17,15,15,0,"fit: 3, efit: 3","fit: 3, efit: 3",,,,0,0,0,0,2,,
2026-05-12 16:39:02,17,15,15,0,"fit: 2, efit: 3","fit: 2, efit: 3",,,,0,0,0,0,2,,
2026-05-12 16:40:36,17,15,15,0,"fit: 2, efit: 2","fit: 2, efit: 2",,,,0,0,0,0,2,,
2026-05-12 16:59:06,17,15,15,0,"fit: 2, efit: 3","fit: 2, efit: 3",,,,0,0,0,0,2,,
2026-05-12 17:29:13,17,15,15,0,"fit: 2, efit: 4","fit: 2, efit: 4",,,,0,0,0,0,2,,
2026-05-12 17:40:48,17,15,15,0,"fit: 2, efit: 5","fit: 2, efit: 5",,,,0,0,0,0,2,,
2026-05-12 18:00:51,17,15,15,0,"fit: 2, efit: 6","fit: 2, efit: 6",,,,0,0,0,0,2,,
2026-05-12 18:14:22,17,15,15,0,"fit: 2, efit: 8","fit: 2, efit: 7",efit: 1,,,0,0,0,0,2,,
2026-05-12 18:44:28,17,15,15,0,"fit: 2, efit: 9","fit: 2, efit: 8",efit: 1,,,0,0,0,0,2,,
2026-05-12 18:55:59,17,15,15,0,"fit: 2, efit: 8","fit: 2, efit: 7",efit: 1,,,0,0,0,0,2,,
2026-05-12 19:49:40,17,15,15,0,"fit: 2, efit: 9","fit: 2, efit: 8",efit: 1,,,0,0,0,0,2,,
2026-05-12 20:09:44,17,15,15,0,"fit: 1, efit: 7","fit: 1, efit: 6",efit: 1,,,0,0,0,0,2,,
2026-05-12 20:44:51,17,15,15,0,"fit: 1, efit: 6","fit: 1, efit: 5",efit: 1,,,0,0,0,0,2,,
2026-05-12 21:19:58,17,15,15,0,"fit: 1, efit: 5","fit: 1, efit: 4",efit: 1,,,0,0,0,0,2,,
2026-05-13 00:00:29,17,15,15,0,"fit: 1, efit: 5","fit: 1, efit: 4",efit: 1,,,0,0,0,0,2,,
2026-05-13 00:40:36,17,15,15,0,"fit: 1, efit: 4","fit: 1, efit: 3",efit: 1,,,0,0,0,0,2,,
2026-05-13 01:07:03,17,15,15,0,"fit: 1, efit: 5","fit: 1, efit: 4",efit: 1,,,0,0,0,0,2,,
2026-05-13 06:13:07,17,15,15,0,"fit: 1, efit: 4","fit: 1, efit: 3",efit: 1,,,0,0,0,0,2,,
2026-05-13 07:01:48,17,15,15,0,"fit: 1, efit: 3","fit: 1, efit: 2",efit: 1,,,0,0,0,0,2,,
2026-05-13 07:36:55,17,15,15,0,"fit: 1, efit: 2","fit: 1, efit: 1",efit: 1,,,0,0,0,0,2,,
2026-05-13 07:38:23,17,15,15,0,"fit: 1, efit: 1",fit: 1,efit: 1,,,0,0,0,0,2,,
2026-05-13 08:52:09,17,15,15,0,efit: 1,,efit: 1,,,0,0,0,0,2,,
2026-05-13 10:17:26,17,15,15,0,"fit: 4, efit: 1","fit: 4, efit: 1",,,,0,0,0,0,2,,
2026-05-13 10:27:28,17,15,15,0,"fit: 4, efit: 2","fit: 4, efit: 2",,,,0,0,0,0,2,,
2026-05-13 12:17:50,17,15,15,0,"fit: 4, efit: 3","fit: 4, efit: 3",,,,0,0,0,0,2,,
2026-05-13 12:22:51,17,15,15,0,"fit: 4, efit: 4","fit: 4, efit: 4",,,,0,0,0,0,2,,
2026-05-13 12:27:52,17,15,15,0,"fit: 4, efit: 5","fit: 4, efit: 5",,,,0,0,0,0,2,,
2026-05-13 12:37:54,17,15,15,0,"fit: 4, efit: 4","fit: 4, efit: 4",,,,0,0,0,0,2,,
2026-05-13 12:52:57,17,15,15,0,"fit: 4, efit: 6","fit: 4, efit: 6",,,,0,0,0,0,2,,
2026-05-13 12:57:58,17,15,15,0,"fit: 4, efit: 5","fit: 4, efit: 5",,,,0,0,0,0,2,,
2026-05-13 13:14:04,17,15,15,0,"fit: 5, efit: 5","fit: 5, efit: 5",,,,0,0,0,0,2,,
2026-05-13 13:18:02,17,15,15,0,"fit: 5, efit: 4","fit: 5, efit: 4",,,,0,0,0,0,2,,
2026-05-13 13:54:36,17,15,15,0,"fit: 5, efit: 3","fit: 5, efit: 3",,,,0,0,0,0,2,,
2026-05-13 14:19:15,17,15,15,0,"fit: 5, efit: 2","fit: 5, efit: 2",,,,0,0,0,0,2,,
2026-05-13 14:23:15,17,15,15,0,"fit: 5, efit: 1","fit: 5, efit: 1",,,,0,0,0,0,2,,
2026-05-13 16:03:34,17,15,15,0,"fit: 5, efit: 2","fit: 5, efit: 2",,,,0,0,0,0,2,,
2026-05-13 16:14:34,17,15,15,0,"fit: 5, efit: 3","fit: 5, efit: 3",,,,0,0,0,0,2,,
2026-05-13 16:58:46,17,15,15,0,"fit: 5, efit: 2","fit: 5, efit: 2",,,,0,0,0,0,2,,
2026-05-13 17:13:49,17,15,15,0,"fit: 5, efit: 3","fit: 5, efit: 3",,,,0,0,0,0,2,,
2026-05-13 18:05:26,17,15,15,0,"fit: 5, efit: 4","fit: 5, efit: 4",,,,0,0,0,0,2,,
2026-05-13 18:09:53,17,15,15,0,"fit: 5, efit: 5","fit: 5, efit: 5",,,,0,0,0,0,2,,
2026-05-13 19:54:21,17,15,15,0,"fit: 5, efit: 4","fit: 5, efit: 4",,,,0,0,0,0,2,,
2026-05-13 21:14:36,17,15,15,0,"fit: 5, efit: 5","fit: 5, efit: 5",,,,0,0,0,0,2,,
2026-05-13 21:30:28,17,15,15,0,"fit: 5, efit: 6","fit: 5, efit: 6",,,,0,0,0,0,2,,
2026-05-14 00:01:33,17,15,15,0,"fit: 5, efit: 7","fit: 5, efit: 7",,,,0,0,0,0,2,,
2026-05-14 06:18:16,17,15,15,0,"fit: 6, efit: 7","fit: 6, efit: 7",,,,0,0,0,0,2,,
2026-05-14 06:37:42,17,15,15,0,"fit: 6, efit: 8","fit: 6, efit: 8",,,,0,0,0,0,2,,
2026-05-14 07:22:50,17,15,15,0,"fit: 6, efit: 7","fit: 6, efit: 7",,,,0,0,0,0,2,,
2026-05-14 07:42:54,17,15,15,0,"fit: 6, efit: 6","fit: 6, efit: 6",,,,0,0,0,0,2,,
2026-05-14 09:13:11,17,15,15,0,"fit: 6, efit: 5","fit: 6, efit: 5",,,,0,0,0,0,2,,
2026-05-14 09:28:14,17,15,15,0,"fit: 6, efit: 4","fit: 6, efit: 4",,,,0,0,0,0,2,,
2026-05-14 09:43:23,17,15,15,0,"fit: 7, efit: 4","fit: 7, efit: 4",,,,0,0,0,0,2,,
2026-05-14 09:48:18,17,15,15,0,"fit: 7, efit: 3","fit: 7, efit: 3",,,,0,0,0,0,2,,
2026-05-14 10:08:21,17,15,15,0,"fit: 7, efit: 2","fit: 7, efit: 2",,,,0,0,0,0,2,,
2026-05-14 10:44:06,17,15,15,0,"fit: 7, efit: 1","fit: 7, efit: 1",,,,0,0,0,0,2,,
2026-05-14 12:03:42,17,15,15,0,"fit: 7, efit: 1",fit: 7,,,,0,0,0,0,2,,
2026-05-14 14:34:10,17,15,15,0,"fit: 6, efit: 1",fit: 6,,,,0,0,0,0,2,,
2026-05-14 14:45:43,17,15,15,0,"fit: 6, efit: 2","fit: 6, efit: 1",,,,0,0,0,0,2,,
2026-05-14 14:55:45,17,15,15,0,"fit: 6, efit: 3","fit: 6, efit: 2",,,,0,0,0,0,2,,
2026-05-14 15:29:19,17,15,15,0,"fit: 7, efit: 3","fit: 7, efit: 2",,,,0,0,0,0,2,,
2026-05-14 15:45:55,17,15,15,0,"fit: 7, efit: 4","fit: 7, efit: 3",,,,0,0,0,0,2,,
2026-05-14 15:59:25,17,15,15,0,"fit: 7, efit: 5","fit: 7, efit: 4",,,,0,0,0,0,2,,
2026-05-14 16:00:58,17,15,15,0,"fit: 8, efit: 5","fit: 8, efit: 4",,,,0,0,0,0,2,,
2026-05-14 16:24:29,17,15,15,0,"fit: 8, efit: 6","fit: 8, efit: 5",,,,0,0,0,0,2,,
2026-05-14 16:31:04,17,15,15,0,"fit: 8, efit: 5","fit: 8, efit: 4",,,,0,0,0,0,2,,
2026-05-14 16:39:30,17,15,15,0,"fit: 8, efit: 6","fit: 8, efit: 5",,,,0,0,0,0,2,,
2026-05-14 16:41:06,17,15,15,0,"fit: 8, efit: 5","fit: 8, efit: 4",,,,0,0,0,0,2,,
2026-05-14 16:44:30,17,15,15,0,"fit: 8, efit: 4","fit: 8, efit: 3",,,,0,0,0,0,2,,
2026-05-14 17:04:32,17,15,15,0,"fit: 6, efit: 3","fit: 6, efit: 3",,,,0,0,0,0,2,,
2026-05-14 17:11:12,17,15,15,0,"fit: 6, efit: 2","fit: 6, efit: 2",,,,0,0,0,0,2,,
2026-05-14 17:14:33,17,15,15,0,"fit: 6, efit: 1","fit: 6, efit: 1",,,,0,0,0,0,2,,
2026-05-14 17:39:37,17,15,15,0,fit: 6,fit: 6,,,,0,0,0,0,2,,
2026-05-14 17:44:38,17,15,15,0,fit: 5,fit: 5,,,,0,0,0,0,2,,
2026-05-14 17:49:39,17,15,15,0,"fit: 5, efit: 1","fit: 5, efit: 1",,,,0,0,0,0,2,,
2026-05-14 18:01:22,17,15,15,0,"fit: 5, efit: 2","fit: 5, efit: 2",,,,0,0,0,0,2,,
2026-05-14 18:04:41,17,15,15,0,"fit: 5, efit: 3","fit: 5, efit: 3",,,,0,0,0,0,2,,
2026-05-14 18:24:45,17,15,15,0,"fit: 5, efit: 4","fit: 5, efit: 4",,,,0,0,0,0,2,,
2026-05-14 18:59:51,17,15,15,0,"fit: 5, efit: 5","fit: 5, efit: 5",,,,0,0,0,0,2,,
2026-05-14 20:00:02,17,15,15,0,"fit: 5, efit: 6","fit: 5, efit: 6",,,,0,0,0,0,2,,
2026-05-14 21:02:00,17,15,15,0,"fit: 5, efit: 6","fit: 5, efit: 5",,,,0,0,0,0,2,,
2026-05-14 21:05:13,17,15,15,0,"fit: 5, efit: 5","fit: 5, efit: 4",,,,0,0,0,0,2,,
2026-05-14 22:42:20,17,15,15,0,"fit: 5, efit: 4","fit: 5, efit: 3",,,,0,0,0,0,2,,
2026-05-14 23:00:32,17,15,15,0,"fit: 5, efit: 5","fit: 5, efit: 4",,,,0,0,0,0,2,,
2026-05-15 00:00:42,17,15,15,0,"fit: 5, efit: 5","fit: 5, efit: 4",,,,0,0,0,0,2,,
2026-05-15 06:16:41,17,15,15,0,"fit: 5, efit: 4","fit: 5, efit: 3",,,,0,0,0,0,2,,
2026-05-15 06:38:52,17,15,15,0,"fit: 5, efit: 5","fit: 5, efit: 4",,,,0,0,0,0,2,,
2026-05-15 08:27:02,17,15,15,0,"fit: 5, efit: 4","fit: 5, efit: 3",,,,0,0,0,0,2,,
2026-05-15 08:34:15,17,15,15,0,"fit: 5, efit: 3","fit: 5, efit: 2",,,,0,0,0,0,2,,
2026-05-15 09:17:10,17,15,15,0,"fit: 5, efit: 2","fit: 5, efit: 1",,,,0,0,0,0,2,,
2026-05-15 09:42:14,17,15,15,0,"fit: 5, efit: 1",fit: 5,,,,0,0,0,0,2,,
2026-05-15 10:14:35,17,15,15,0,"fit: 4, efit: 1",fit: 4,,,,0,0,0,0,2,,
2026-05-15 11:57:36,17,15,15,0,"fit: 3, efit: 1",fit: 3,,,,0,0,0,0,2,,
2026-05-15 13:02:46,17,15,15,0,"fit: 2, efit: 1",fit: 2,,,,0,0,0,0,2,,
2026-05-15 14:48:06,17,15,15,0,"fit: 2, efit: 2","fit: 2, efit: 1",,,,0,0,0,0,2,,
2026-05-15 15:08:09,17,15,15,0,"fit: 2, efit: 2","fit: 2, efit: 2",,,,0,0,0,0,2,,
2026-05-15 15:28:41,17,15,15,0,"fit: 2, efit: 3","fit: 2, efit: 3",,,,0,0,0,0,2,,
2026-05-15 15:38:15,17,15,15,0,"fit: 2, efit: 4","fit: 2, efit: 4",,,,0,0,0,0,2,,
2026-05-15 15:48:16,17,15,15,0,"fit: 2, efit: 6","fit: 2, efit: 6",,,,0,0,0,0,2,,
2026-05-15 16:08:20,17,15,15,0,"fit: 2, efit: 7","fit: 2, efit: 7",,,,0,0,0,0,2,,
2026-05-15 16:40:55,17,15,15,0,"fit: 2, efit: 5","fit: 2, efit: 5",,,,0,0,0,0,2,,
2026-05-15 16:48:27,17,15,15,0,"fit: 2, efit: 4","fit: 2, efit: 4",,,,0,0,0,0,2,,
2026-05-15 16:53:27,17,15,15,0,"fit: 2, efit: 3","fit: 2, efit: 3",,,,0,0,0,0,2,,
2026-05-15 16:53:57,17,15,15,0,"fit: 2, efit: 2","fit: 2, efit: 2",,,,0,0,0,0,2,,
2026-05-15 17:08:30,17,15,15,0,"fit: 2, efit: 5","fit: 2, efit: 5",,,,0,0,0,0,2,,
2026-05-15 17:19:03,17,15,15,0,"fit: 2, efit: 4","fit: 2, efit: 4",,,,0,0,0,0,2,,
2026-05-15 17:38:35,17,15,15,0,"fit: 2, efit: 3","fit: 2, efit: 3",,,,0,0,0,0,2,,
2026-05-15 17:58:39,17,15,15,0,fit: 2,fit: 2,,,,0,0,0,0,2,,
2026-05-15 18:13:42,17,15,15,0,fit: 1,fit: 1,,,,0,0,0,0,2,,
2026-05-15 18:14:13,17,15,15,0,,,,,,0,0,0,0,2,,
2026-05-15 18:51:23,17,15,15,0,efit: 1,efit: 1,,,,0,0,0,0,2,,
2026-05-15 19:01:25,17,15,15,0,,,,,,0,0,0,0,2,,
2026-05-15 21:49:19,17,15,15,0,efit: 1,efit: 1,,,,0,0,0,0,2,,
2026-05-15 22:14:23,17,15,15,0,efit: 2,efit: 2,,,,0,0,0,0,2,,
2026-05-15 23:09:32,17,15,15,0,"fit: 2, efit: 4","fit: 2, efit: 4",,,,0,0,0,0,2,,
2026-05-15 23:24:35,17,15,15,0,"fit: 2, efit: 5","fit: 2, efit: 5",,,,0,0,0,0,2,,
2026-05-15 23:47:23,17,15,15,0,"fit: 2, efit: 6","fit: 2, efit: 6",,,,0,0,0,0,2,,
2026-05-16 00:00:21,17,15,15,0,"fit: 2, efit: 6","fit: 2, efit: 6",,,,0,0,0,0,2,,
2026-05-16 00:04:41,17,15,15,0,"fit: 2, efit: 7","fit: 2, efit: 7",,,,0,0,0,0,2,,
2026-05-16 01:07:39,17,15,15,0,"fit: 2, efit: 6","fit: 2, efit: 6",,,,0,0,0,0,2,,
2026-05-16 01:52:48,17,15,15,0,"fit: 2, efit: 5","fit: 2, efit: 5",,,,0,0,0,0,2,,
2026-05-16 06:35:45,17,15,15,0,"fit: 2, efit: 6","fit: 2, efit: 6",,,,0,0,0,0,2,,
2026-05-16 08:39:07,17,15,15,0,"fit: 2, efit: 5","fit: 2, efit: 5",,,,0,0,0,0,2,,
2026-05-16 08:51:07,17,15,15,0,"fit: 2, efit: 6","fit: 2, efit: 6",,,,0,0,0,0,2,,
2026-05-16 09:39:19,17,15,15,0,"fit: 2, efit: 7","fit: 2, efit: 7",,,,0,0,0,0,2,,
2026-05-16 10:26:22,17,15,15,0,"fit: 2, efit: 6","fit: 2, efit: 6",,,,0,0,0,0,2,,
2026-05-16 11:39:43,17,15,15,0,"fit: 2, efit: 5","fit: 2, efit: 5",,,,0,0,0,0,2,,
2026-05-16 11:59:48,17,15,15,0,"fit: 2, efit: 6","fit: 2, efit: 6",,,,0,0,0,0,2,,
2026-05-16 12:06:39,17,15,15,0,"fit: 2, efit: 9","fit: 2, efit: 9",,,,0,0,0,0,2,,
2026-05-16 12:34:54,17,15,15,0,"fit: 2, efit: 8","fit: 2, efit: 8",,,,0,0,0,0,2,,
2026-05-16 12:36:48,17,15,15,0,"fit: 2, efit: 7","fit: 2, efit: 7",,,,0,0,0,0,2,,
2026-05-16 13:10:04,17,15,15,0,"fit: 2, efit: 5","fit: 2, efit: 5",,,,0,0,0,0,2,,
2026-05-16 13:20:05,17,15,15,0,"fit: 2, efit: 4","fit: 2, efit: 4",,,,0,0,0,0,2,,
2026-05-16 13:50:11,17,15,15,0,"fit: 2, efit: 3","fit: 2, efit: 3",,,,0,0,0,0,2,,
2026-05-16 13:55:12,17,15,15,0,"fit: 2, efit: 4","fit: 2, efit: 4",,,,0,0,0,0,2,,
2026-05-16 14:40:21,17,15,15,0,"fit: 2, efit: 3","fit: 2, efit: 3",,,,0,0,0,0,2,,
2026-05-16 14:45:22,17,15,15,0,"fit: 2, efit: 4","fit: 2, efit: 4",,,,0,0,0,0,2,,
2026-05-16 14:47:09,17,15,15,0,"fit: 2, efit: 3","fit: 2, efit: 3",,,,0,0,0,0,2,,
2026-05-16 15:00:26,17,15,15,0,"fit: 2, efit: 2","fit: 2, efit: 2",,,,0,0,0,0,2,,
2026-05-16 15:12:13,17,15,15,0,"fit: 2, efit: 1","fit: 2, efit: 1",,,,0,0,0,0,2,,
2026-05-16 16:15:44,17,15,15,0,fit: 2,fit: 2,,,,0,0,0,0,2,,
2026-05-16 16:55:52,17,15,15,0,"fit: 2, efit: 1","fit: 2, efit: 1",,,,0,0,0,0,2,,
2026-05-16 17:12:33,17,15,15,0,"fit: 2, efit: 2","fit: 2, efit: 2",,,,0,0,0,0,2,,
2026-05-16 17:15:56,17,15,15,0,"fit: 2, efit: 1","fit: 2, efit: 1",,,,0,0,0,0,2,,
2026-05-16 17:38:34,17,15,15,0,fit: 1,fit: 1,,,,0,0,0,0,2,,
2026-05-16 18:46:15,17,15,15,0,"fit: 1, efit: 1","fit: 1, efit: 1",,,,0,0,0,0,2,,
2026-05-16 19:01:18,17,15,15,0,fit: 1,fit: 1,,,,0,0,0,0,2,,
2026-05-16 19:03:50,17,15,15,0,"fit: 1, efit: 1","fit: 1, efit: 1",,,,0,0,0,0,2,,
2026-05-16 19:17:54,17,15,15,0,"fit: 1, efit: 6","fit: 1, efit: 6",,,,0,0,0,0,2,,
2026-05-16 19:28:54,17,15,15,0,"fit: 1, efit: 7","fit: 1, efit: 7",,,,0,0,0,0,2,,
2026-05-16 19:59:00,17,15,15,0,"fit: 1, efit: 8","fit: 1, efit: 8",,,,0,0,0,0,2,,
2026-05-16 20:01:30,17,15,15,0,"fit: 1, efit: 7","fit: 1, efit: 7",,,,0,0,0,0,2,,
2026-05-16 20:28:06,17,15,15,0,"fit: 1, efit: 6","fit: 1, efit: 6",,,,0,0,0,0,2,,
2026-05-16 21:53:19,17,15,15,0,"fit: 1, efit: 7","fit: 1, efit: 7",,,,0,0,0,0,2,,
2026-05-16 21:56:53,17,15,15,0,"fit: 1, efit: 8","fit: 1, efit: 8",,,,0,0,0,0,2,,
2026-05-16 22:04:23,17,15,15,0,"fit: 1, efit: 7","fit: 1, efit: 7",,,,0,0,0,0,2,,
2026-05-16 22:42:02,17,15,15,0,"fit: 1, efit: 9","fit: 1, efit: 9",,,,0,0,0,0,2,,
2026-05-16 23:08:31,17,15,15,0,"fit: 1, efit: 10","fit: 1, efit: 10",,,,0,0,0,0,2,,
2026-05-17 00:02:18,17,15,15,0,"fit: 1, efit: 10","fit: 1, efit: 10",,,,0,0,0,0,2,,
2026-05-17 00:23:43,17,15,15,0,"fit: 1, efit: 9","fit: 1, efit: 9",,,,0,0,0,0,2,,
2026-05-17 00:27:23,17,15,15,0,"fit: 1, efit: 10","fit: 1, efit: 10",,,,0,0,0,0,2,,
2026-05-17 03:50:26,17,15,15,0,"fit: 1, efit: 9","fit: 1, efit: 9",,,,0,0,0,0,2,,
2026-05-17 07:48:48,17,15,15,0,"fit: 1, efit: 8","fit: 1, efit: 8",,,,0,0,0,0,2,,
2026-05-17 09:54:12,17,15,15,0,"fit: 1, efit: 7","fit: 1, efit: 7",,,,0,0,0,0,2,,
2026-05-17 09:55:12,17,15,15,0,"fit: 1, efit: 6","fit: 1, efit: 6",,,,0,0,0,0,2,,
2026-05-17 10:11:35,17,15,15,0,"fit: 1, efit: 7","fit: 1, efit: 7",,,,0,0,0,0,2,,
2026-05-17 10:24:18,17,15,15,0,"fit: 1, efit: 6","fit: 1, efit: 6",,,,0,0,0,0,2,,
2026-05-17 10:54:24,17,15,15,0,"fit: 1, efit: 5","fit: 1, efit: 5",,,,0,0,0,0,2,,
2026-05-17 11:05:24,17,15,15,0,"fit: 1, efit: 4","fit: 1, efit: 4",,,,0,0,0,0,2,,
2026-05-17 11:44:34,17,15,15,0,efit: 4,efit: 4,,,,0,0,0,0,2,,
2026-05-17 12:05:34,17,15,15,0,efit: 3,efit: 3,,,,0,0,0,0,2,,
2026-05-17 12:09:39,17,15,15,0,efit: 2,efit: 2,,,,0,0,0,0,2,,
2026-05-17 12:59:50,17,15,15,0,"fit: 1, efit: 1","fit: 1, efit: 1",,,,0,0,0,0,2,,
2026-05-17 13:52:17,17,15,15,0,fit: 1,fit: 1,,,,0,0,0,0,2,,
2026-05-17 14:07:20,17,15,15,0,,,,,,0,0,0,0,2,,
2026-05-17 14:22:23,17,15,15,0,efit: 1,efit: 1,,,,0,0,0,0,2,,
2026-05-17 14:25:09,17,15,15,0,,,,,,0,0,0,0,2,,
2026-05-17 14:57:30,17,15,15,0,fit: 2,fit: 2,,,,0,0,0,0,2,,
2026-05-17 15:00:17,17,15,15,0,"fit: 4, efit: 2","fit: 4, efit: 2",,,,0,0,0,0,2,,
2026-05-17 15:15:20,17,15,15,0,"fit: 4, efit: 1","fit: 4, efit: 1",,,,0,0,0,0,2,,
2026-05-17 15:17:34,17,15,15,0,fit: 4,fit: 4,,,,0,0,0,0,2,,
2026-05-17 15:35:24,17,15,15,0,"fit: 4, efit: 1","fit: 4, efit: 1",,,,0,0,0,0,2,,
2026-05-17 15:50:27,17,15,15,0,fit: 4,fit: 4,,,,0,0,0,0,2,,
2026-05-17 15:57:42,17,15,15,0,fit: 3,fit: 3,,,,0,0,0,0,2,,
2026-05-17 16:00:30,17,15,15,0,fit: 2,fit: 2,,,,0,0,0,0,2,,
2026-05-17 16:25:35,17,15,15,0,"fit: 2, efit: 1","fit: 2, efit: 1",,,,0,0,0,0,2,,
2026-05-17 16:26:19,17,15,15,0,"fit: 2, efit: 2","fit: 2, efit: 2",,,,0,0,0,0,2,,
2026-05-17 17:28:01,17,15,15,0,"fit: 2, efit: 3","fit: 2, efit: 3",,,,0,0,0,0,2,,
2026-05-17 18:28:12,17,15,15,0,"fit: 2, efit: 4","fit: 2, efit: 4",,,,0,0,0,0,2,,
2026-05-17 19:13:21,17,15,15,0,"fit: 2, efit: 3","fit: 2, efit: 3",,,,0,0,0,0,2,,
2026-05-17 19:26:14,17,15,15,0,"fit: 2, efit: 2","fit: 2, efit: 2",,,,0,0,0,0,2,,
2026-05-17 20:06:22,17,15,15,0,"fit: 2, efit: 3","fit: 2, efit: 3",,,,0,0,0,0,2,,
2026-05-17 20:42:02,17,15,15,0,"fit: 3, efit: 2","fit: 3, efit: 2",,,,0,0,0,0,2,,
2026-05-17 20:47:03,17,15,15,0,"fit: 3, efit: 3","fit: 3, efit: 3",,,,0,0,0,0,2,,
2026-05-17 23:57:09,17,15,15,0,"fit: 3, efit: 2","fit: 3, efit: 2",,,,0,0,0,0,2,,
2026-05-18 00:02:10,17,15,15,0,"fit: 3, efit: 2","fit: 3, efit: 2",,,,0,0,0,0,2,,
2026-05-18 01:34:31,17,15,15,0,"fit: 3, efit: 3","fit: 3, efit: 3",,,,0,0,0,0,2,,
2026-05-18 08:08:44,17,15,15,0,"fit: 3, efit: 2","fit: 3, efit: 2",,,,0,0,0,0,2,,
2026-05-18 08:13:45,17,15,15,0,"fit: 3, efit: 2","fit: 3, efit: 1",,,,0,0,0,0,2,,
2026-05-18 08:43:55,17,15,15,0,"fit: 3, efit: 1",fit: 3,,,,0,0,0,0,2,,
2026-05-18 09:18:59,17,15,15,0,"fit: 3, efit: 2","fit: 3, efit: 1",,,,0,0,0,0,2,,
2026-05-18 09:46:00,17,15,15,0,"fit: 3, efit: 1",fit: 3,,,,0,0,0,0,2,,
2026-05-18 10:19:07,17,15,15,0,"fit: 3, efit: 3","fit: 3, efit: 2",,,,0,0,0,0,2,,
2026-05-18 12:39:29,17,15,15,0,"fit: 3, efit: 2","fit: 3, efit: 1",,,,0,0,0,0,2,,
2026-05-18 13:24:37,17,15,15,0,"fit: 3, efit: 1",fit: 3,,,,0,0,0,0,2,,
2026-05-18 14:04:44,17,15,15,0,"fit: 3, efit: 1","fit: 3, efit: 1",,,,0,0,0,0,2,,
2026-05-18 14:26:57,17,15,15,0,"fit: 3, efit: 2","fit: 3, efit: 2",,,,0,0,0,0,2,,
2026-05-18 14:29:49,17,15,15,0,"fit: 3, efit: 1","fit: 3, efit: 1",,,,0,0,0,0,2,,
2026-05-18 14:34:50,17,15,15,0,fit: 3,fit: 3,,,,0,0,0,0,2,,
2026-05-18 15:29:59,17,15,15,0,fit: 2,fit: 2,,,,0,0,0,0,2,,
2026-05-18 15:32:09,17,15,15,0,"fit: 2, efit: 1","fit: 2, efit: 1",,,,0,0,0,0,2,,
2026-05-18 15:52:13,17,15,15,0,fit: 2,fit: 2,,,,0,0,0,0,2,,
2026-05-18 15:55:04,17,15,15,0,"fit: 2, efit: 1","fit: 2, efit: 1",,,,0,0,0,0,2,,
2026-05-18 16:07:16,17,15,15,0,fit: 2,fit: 2,,,,0,0,0,0,2,,
2026-05-18 16:27:20,17,15,15,0,"fit: 2, efit: 1","fit: 2, efit: 1",,,,0,0,0,0,2,,
2026-05-18 16:42:23,17,15,15,0,fit: 2,fit: 2,,,,0,0,0,0,2,,
2026-05-18 16:47:24,17,15,15,0,fit: 1,fit: 1,,,,0,0,0,0,2,,
2026-05-18 17:30:21,17,15,15,0,"fit: 1, efit: 1","fit: 1, efit: 1",,,,0,0,0,0,2,,
2026-05-18 17:37:34,17,15,15,0,fit: 1,fit: 1,,,,0,0,0,0,2,,
2026-05-18 17:50:24,17,15,15,0,,,,,,0,0,0,0,2,,
2026-05-18 18:25:30,17,15,15,0,efit: 1,efit: 1,,,,0,0,0,0,2,,
2026-05-18 18:55:35,17,15,15,0,"fit: 1, efit: 1","fit: 1, efit: 1",,,,0,0,0,0,2,,
2026-05-18 19:00:36,17,15,15,0,fit: 1,fit: 1,,,,0,0,0,0,2,,
2026-05-18 20:20:50,17,15,15,0,fit: 2,fit: 2,,,,0,0,0,0,2,,
2026-05-18 20:31:21,17,15,15,0,"fit: 2, efit: 1","fit: 2, efit: 1",,,,0,0,0,0,2,,
2026-05-18 20:50:55,17,15,15,0,"fit: 2, efit: 2","fit: 2, efit: 2",,,,0,0,0,0,2,,
2026-05-18 22:16:09,17,15,15,0,"fit: 2, efit: 4","fit: 2, efit: 4",,,,0,0,0,0,2,,
2026-05-18 23:38:44,17,15,15,0,"fit: 2, efit: 5","fit: 2, efit: 5",,,,0,0,0,0,2,,
2026-05-19 00:01:26,17,15,15,0,"fit: 2, efit: 5","fit: 2, efit: 5",,,,0,0,0,0,2,,
2026-05-19 02:46:52,17,15,15,0,"fit: 2, efit: 6","fit: 2, efit: 6",,,,0,0,0,0,2,,
2026-05-19 04:57:12,17,15,15,0,"fit: 2, efit: 7","fit: 2, efit: 7",,,,0,0,0,0,2,,
2026-05-19 06:12:23,17,15,15,0,"fit: 2, efit: 6","fit: 2, efit: 6",,,,0,0,0,0,2,,
2026-05-19 06:39:58,17,15,15,0,"fit: 2, efit: 7","fit: 2, efit: 7",,,,0,0,0,0,2,,
2026-05-19 07:32:36,17,15,15,0,"fit: 2, efit: 6","fit: 2, efit: 6",,,,0,0,0,0,2,,
2026-05-19 07:47:38,17,15,15,0,"fit: 2, efit: 5","fit: 2, efit: 5",,,,0,0,0,0,2,,
2026-05-19 07:55:13,17,15,15,0,"fit: 2, efit: 4","fit: 2, efit: 4",,,,0,0,0,0,2,,
2026-05-19 08:32:46,17,15,15,0,"fit: 2, efit: 3","fit: 2, efit: 3",,,,0,0,0,0,2,,
2026-05-19 08:57:50,17,15,15,0,"fit: 2, efit: 2","fit: 2, efit: 2",,,,0,0,0,0,2,,
2026-05-19 09:10:27,17,15,15,0,"fit: 2, efit: 1","fit: 2, efit: 1",,,,0,0,0,0,2,,
2026-05-19 09:37:57,17,15,15,0,fit: 2,fit: 2,,,,0,0,0,0,2,,
2026-05-19 12:26:05,17,15,15,0,"fit: 2, efit: 1","fit: 2, efit: 1",,,,0,0,0,0,2,,
2026-05-19 13:53:40,17,15,15,0,"fit: 2, efit: 2","fit: 2, efit: 2",,,,0,0,0,0,2,,
2026-05-19 14:28:46,17,15,15,0,fit: 2,fit: 2,,,,0,0,0,0,2,,
2026-05-19 14:40:05,17,15,15,0,"fit: 2, efit: 3","fit: 2, efit: 3",,,,0,0,0,0,2,,
2026-05-19 15:11:36,17,15,15,0,"fit: 2, efit: 4","fit: 2, efit: 4",,,,0,0,0,0,2,,
2026-05-19 15:16:37,17,15,15,0,"fit: 2, efit: 5","fit: 2, efit: 5",,,,0,0,0,0,2,,
2026-05-19 15:25:15,17,15,15,0,"fit: 2, efit: 6","fit: 2, efit: 6",,,,0,0,0,0,2,,
2026-05-19 15:28:56,17,15,15,0,"fit: 2, efit: 5","fit: 2, efit: 5",,,,0,0,0,0,2,,
2026-05-19 15:31:40,17,15,15,0,"fit: 2, efit: 6","fit: 2, efit: 6",,,,0,0,0,0,2,,
2026-05-19 15:38:57,17,15,15,0,"fit: 2, efit: 7","fit: 2, efit: 7",,,,0,0,0,0,2,,
2026-05-19 16:05:24,17,15,15,0,"fit: 2, efit: 8","fit: 2, efit: 8",,,,0,0,0,0,2,,
2026-05-19 16:49:09,17,15,15,0,"fit: 2, efit: 9","fit: 2, efit: 9",,,,0,0,0,0,2,,
2026-05-19 17:40:45,17,15,15,0,"fit: 2, efit: 10","fit: 2, efit: 10",,,,0,0,0,0,2,,
2026-05-19 17:44:19,17,15,15,0,"fit: 2, efit: 11","fit: 2, efit: 11",,,,0,0,0,0,2,,
2026-05-19 17:47:06,17,15,15,0,"fit: 2, efit: 10","fit: 2, efit: 10",,,,0,0,0,0,2,,
2026-05-19 17:59:21,17,15,15,0,"fit: 2, efit: 9","fit: 2, efit: 9",,,,0,0,0,0,2,,
2026-05-19 18:10:52,17,15,15,0,"fit: 2, efit: 8","fit: 2, efit: 8",,,,0,0,0,0,2,,
2026-05-19 18:32:15,17,15,15,0,"fit: 2, efit: 9","fit: 2, efit: 9",,,,0,0,0,0,2,,
2026-05-19 18:37:16,17,15,15,0,"fit: 2, efit: 7","fit: 2, efit: 7",,,,0,0,0,0,2,,
2026-05-19 18:39:28,17,15,15,0,"fit: 2, efit: 6","fit: 2, efit: 6",,,,0,0,0,0,2,,
2026-05-19 18:56:02,17,15,15,0,"fit: 2, efit: 7","fit: 2, efit: 7",,,,0,0,0,0,2,,
2026-05-19 18:57:20,17,15,15,0,"fit: 2, efit: 8","fit: 2, efit: 8",,,,0,0,0,0,2,,
2026-05-19 19:02:21,17,15,15,0,"fit: 2, efit: 9","fit: 2, efit: 9",,,,0,0,0,0,2,,
2026-05-19 19:27:26,17,15,15,0,"fit: 2, efit: 7","fit: 2, efit: 7",,,,0,0,0,0,2,,
2026-05-19 19:29:36,17,15,15,0,"fit: 2, efit: 6","fit: 2, efit: 6",,,,0,0,0,0,2,,
2026-05-19 20:59:51,17,15,15,0,"fit: 2, efit: 5","fit: 2, efit: 5",,,,0,0,0,0,2,,
2026-05-19 21:11:31,17,15,15,0,"fit: 2, efit: 6","fit: 2, efit: 6",,,,0,0,0,0,2,,
2026-05-19 21:12:46,17,15,15,0,"fit: 2, efit: 8","fit: 2, efit: 8",,,,0,0,0,0,2,,
2026-05-19 23:47:03,17,15,15,0,"fit: 2, efit: 9","fit: 2, efit: 9",,,,0,0,0,0,2,,
2026-05-20 00:00:21,17,15,15,0,"fit: 2, efit: 9","fit: 2, efit: 9",,,,0,0,0,0,2,,
2026-05-20 00:42:14,17,15,15,0,"fit: 2, efit: 10","fit: 2, efit: 10",,,,0,0,0,0,2,,
2026-05-20 03:52:50,17,15,15,0,"fit: 2, efit: 10","fit: 2, efit: 9",,,,0,0,0,0,2,,
2026-05-20 06:16:18,17,15,15,0,"fit: 2, efit: 9","fit: 2, efit: 8",,,,0,0,0,0,2,,
2026-05-20 06:43:22,17,15,15,0,"fit: 2, efit: 8","fit: 2, efit: 7",,,,0,0,0,0,2,,
2026-05-20 07:29:37,17,15,15,0,"fit: 2, efit: 9","fit: 2, efit: 8",,,,0,0,0,0,2,,
2026-05-20 07:48:35,17,15,15,0,"fit: 2, efit: 8","fit: 2, efit: 7",,,,0,0,0,0,2,,
2026-05-20 07:59:42,17,15,15,0,"fit: 2, efit: 7","fit: 2, efit: 6",,,,0,0,0,0,2,,
2026-05-20 08:31:39,17,15,15,0,"fit: 2, efit: 6","fit: 2, efit: 5",,,,0,0,0,0,2,,
2026-05-20 08:36:40,17,15,15,0,"fit: 2, efit: 5","fit: 2, efit: 4",,,,0,0,0,0,2,,
2026-05-20 08:41:41,17,15,15,0,"fit: 2, efit: 4","fit: 2, efit: 3",,,,0,0,0,0,2,,
2026-05-20 08:43:46,17,15,15,0,"fit: 2, efit: 2","fit: 2, efit: 2",,,,0,0,0,0,2,,
2026-05-20 08:44:51,17,15,15,0,"fit: 2, efit: 3","fit: 2, efit: 3",,,,0,0,0,0,2,,
2026-05-20 08:48:47,17,15,15,0,"fit: 2, efit: 2","fit: 2, efit: 2",,,,0,0,0,0,2,,
2026-05-20 10:54:12,17,15,15,0,"fit: 2, efit: 1","fit: 2, efit: 1",,,,0,0,0,0,2,,
2026-05-20 11:02:04,17,15,15,0,"fit: 2, efit: 2","fit: 2, efit: 2",,,,0,0,0,0,2,,
2026-05-20 11:19:17,17,15,15,0,"fit: 2, efit: 3","fit: 2, efit: 3",,,,0,0,0,0,2,,
2026-05-20 12:02:13,17,15,15,0,"fit: 2, efit: 2","fit: 2, efit: 2",,,,0,0,0,0,2,,
2026-05-20 12:09:27,17,15,15,0,"fit: 2, efit: 3","fit: 2, efit: 3",,,,0,0,0,0,2,,
2026-05-20 12:25:34,17,15,15,0,"fit: 2, efit: 2","fit: 2, efit: 2",,,,0,0,0,0,2,,
2026-05-20 12:54:37,17,15,15,0,"fit: 2, efit: 1","fit: 2, efit: 1",,,,0,0,0,0,2,,
2026-05-20 12:59:38,17,15,15,0,"fit: 2, efit: 2","fit: 2, efit: 2",,,,0,0,0,0,2,,
2026-05-20 13:04:39,17,15,15,0,"fit: 2, efit: 1","fit: 2, efit: 1",,,,0,0,0,0,2,,
2026-05-20 13:09:40,17,15,15,0,"fit: 2, efit: 2","fit: 2, efit: 2",,,,0,0,0,0,2,,
2026-05-20 13:42:29,17,15,15,0,"fit: 2, efit: 3","fit: 2, efit: 3",,,,0,0,0,0,2,,
2026-05-20 13:45:49,17,15,15,0,"fit: 2, efit: 2","fit: 2, efit: 2",,,,0,0,0,0,2,,
2026-05-20 14:29:56,17,15,15,0,"fit: 2, efit: 3","fit: 2, efit: 3",,,,0,0,0,0,2,,
2026-05-20 14:34:58,17,15,15,0,"fit: 2, efit: 2","fit: 2, efit: 2",,,,0,0,0,0,2,,
2026-05-20 14:39:59,17,15,15,0,"fit: 2, efit: 1","fit: 2, efit: 1",,,,0,0,0,0,2,,
2026-05-20 14:52:41,17,15,15,0,"fit: 2, efit: 2","fit: 2, efit: 2",,,,0,0,0,0,2,,
2026-05-20 15:41:11,17,15,15,0,"fit: 2, efit: 3","fit: 2, efit: 3",,,,0,0,0,0,2,,
2026-05-20 16:26:20,17,15,15,0,"fit: 3, efit: 3","fit: 3, efit: 3",,,,0,0,0,0,2,,
2026-05-20 17:16:33,17,15,15,0,"fit: 3, efit: 2","fit: 3, efit: 2",,,,0,0,0,0,2,,
2026-05-20 17:28:47,17,15,15,0,"fit: 3, efit: 1","fit: 3, efit: 1",,,,0,0,0,0,2,,
2026-05-20 17:46:38,17,15,15,0,fit: 4,fit: 4,,,,0,0,0,0,2,,
2026-05-20 17:53:51,17,15,15,0,"fit: 4, efit: 1","fit: 4, efit: 1",,,,0,0,0,0,2,,
2026-05-20 18:06:42,17,15,15,0,"fit: 4, efit: 2","fit: 4, efit: 2",,,,0,0,0,0,2,,
2026-05-20 18:18:55,17,15,15,0,"fit: 4, efit: 3","fit: 4, efit: 3",,,,0,0,0,0,2,,
2026-05-20 18:54:31,17,15,15,0,"fit: 4, efit: 2","fit: 4, efit: 2",,,,0,0,0,0,2,,
2026-05-20 19:36:57,17,15,15,0,"fit: 3, efit: 2","fit: 3, efit: 2",,,,0,0,0,0,2,,
2026-05-20 23:19:41,17,15,15,0,"fit: 3, efit: 3","fit: 3, efit: 3",,,,0,0,0,0,2,,
2026-05-21 00:00:34,17,15,15,0,"fit: 3, efit: 3","fit: 3, efit: 3",,,,0,0,0,0,2,,
2026-05-21 02:50:13,17,15,15,0,"fit: 3, efit: 2","fit: 3, efit: 1",,,,0,0,0,0,2,,
2026-05-21 06:06:46,17,15,15,0,"fit: 2, efit: 2","fit: 2, efit: 1",,,,0,0,0,0,2,,
2026-05-21 07:40:56,17,15,15,0,"fit: 2, efit: 1",fit: 2,,,,0,0,0,0,2,,
2026-05-21 08:19:03,17,15,15,0,"fit: 2, efit: 1","fit: 2, efit: 1",,,,0,0,0,0,2,,
2026-05-21 08:21:02,17,15,15,0,"fit: 2, efit: 1",fit: 2,,,,0,0,0,0,2,,
2026-05-21 09:22:25,17,15,15,0,"fit: 1, efit: 1",fit: 1,,,,0,0,0,0,2,,
2026-05-21 10:27:39,17,15,15,0,"fit: 1, efit: 2","fit: 1, efit: 1",,,,0,0,0,0,2,,
2026-05-21 10:29:24,17,15,15,0,"fit: 2, efit: 3","fit: 2, efit: 2",,,,0,0,0,0,2,,
2026-05-21 10:31:22,17,15,15,0,"fit: 3, efit: 2","fit: 3, efit: 2",,,,0,0,0,0,2,,
2026-05-21 10:34:25,17,15,15,0,"fit: 3, efit: 3","fit: 3, efit: 3",,,,0,0,0,0,2,,
2026-05-21 10:42:42,17,15,15,0,"fit: 3, efit: 4","fit: 3, efit: 4",,,,0,0,0,0,2,,
2026-05-21 11:36:32,17,15,15,0,"fit: 3, efit: 5","fit: 3, efit: 5",,,,0,0,0,0,2,,
2026-05-21 11:39:36,17,15,15,0,"fit: 3, efit: 4","fit: 3, efit: 4",,,,0,0,0,0,2,,
2026-05-21 13:09:51,17,15,15,0,"fit: 3, efit: 3","fit: 3, efit: 3",,,,0,0,0,0,2,,
2026-05-21 15:05:12,17,15,15,0,"fit: 3, efit: 2","fit: 3, efit: 2",,,,0,0,0,0,2,,
2026-05-21 15:28:40,17,15,15,0,"fit: 3, efit: 3","fit: 3, efit: 3",,,,0,0,0,0,2,,
2026-05-21 16:08:49,17,15,15,0,"fit: 3, efit: 4","fit: 3, efit: 4",,,,0,0,0,0,2,,
2026-05-21 16:18:51,17,15,15,0,"fit: 3, efit: 6","fit: 3, efit: 6",,,,0,0,0,0,2,,
2026-05-21 16:35:28,17,15,15,0,"fit: 3, efit: 5","fit: 3, efit: 5",,,,0,0,0,0,2,,
2026-05-21 16:38:55,17,15,15,0,"fit: 3, efit: 6","fit: 3, efit: 6",,,,0,0,0,0,2,,
2026-05-21 16:59:45,17,15,15,0,"fit: 3, efit: 7","fit: 3, efit: 7",,,,0,0,0,0,2,,
2026-05-21 17:14:03,17,15,15,0,"fit: 3, efit: 9","fit: 3, efit: 9",,,,0,0,0,0,2,,
2026-05-21 17:15:36,17,15,15,0,"fit: 3, efit: 8","fit: 3, efit: 8",,,,0,0,0,0,2,,
2026-05-21 17:34:07,17,15,15,0,"fit: 3, efit: 9","fit: 3, efit: 9",,,,0,0,0,0,2,,
2026-05-21 17:49:52,17,15,15,0,"fit: 3, efit: 8","fit: 3, efit: 8",,,,0,0,0,0,2,,
2026-05-21 18:04:13,17,15,15,0,"fit: 3, efit: 10","fit: 3, efit: 10",,,,0,0,0,0,2,,
2026-05-21 19:26:00,17,15,15,0,"fit: 3, efit: 11","fit: 3, efit: 11",,,,0,0,0,0,2,,
2026-05-21 19:54:37,17,15,15,0,"fit: 3, efit: 10","fit: 3, efit: 10",,,,0,0,0,0,2,,
2026-05-21 22:10:06,17,15,15,0,"fit: 3, efit: 9","fit: 3, efit: 9",,,,0,0,0,0,2,,
2026-05-21 22:45:13,17,15,15,0,"fit: 3, efit: 10","fit: 3, efit: 10",,,,0,0,0,0,2,,
2026-05-21 23:55:27,17,15,15,0,"fit: 3, efit: 11","fit: 3, efit: 11",,,,0,0,0,0,2,,
2026-05-22 00:00:29,17,15,15,0,"fit: 3, efit: 11","fit: 3, efit: 11",,,,0,0,0,0,2,,
2026-05-22 06:11:32,17,15,15,0,"fit: 3, efit: 10","fit: 3, efit: 10",,,,0,0,0,0,2,,
2026-05-22 06:36:35,17,15,15,0,"fit: 3, efit: 11","fit: 3, efit: 11",,,,0,0,0,0,2,,
2026-05-22 07:36:44,17,15,15,0,"fit: 3, efit: 10","fit: 3, efit: 10",,,,0,0,0,0,2,,
2026-05-22 07:46:45,17,15,15,0,"fit: 3, efit: 9","fit: 3, efit: 9",,,,0,0,0,0,2,,
2026-05-22 08:18:13,17,15,15,0,"fit: 3, efit: 10","fit: 3, efit: 10",,,,0,0,0,0,2,,
2026-05-22 08:46:57,17,15,15,0,"fit: 3, efit: 9","fit: 3, efit: 9",,,,0,0,0,0,2,,
2026-05-22 08:51:58,17,15,15,0,"fit: 3, efit: 8","fit: 3, efit: 8",,,,0,0,0,0,2,,
2026-05-22 09:01:59,17,15,15,0,"fit: 3, efit: 7","fit: 3, efit: 7",,,,0,0,0,0,2,,
2026-05-22 09:13:22,17,15,15,0,"fit: 3, efit: 6","fit: 3, efit: 6",,,,0,0,0,0,2,,
2026-05-22 09:37:04,17,15,15,0,"fit: 3, efit: 7","fit: 3, efit: 7",,,,0,0,0,0,2,,
2026-05-22 09:53:29,17,15,15,0,"fit: 3, efit: 8","fit: 3, efit: 8",,,,0,0,0,0,2,,
2026-05-22 09:57:07,17,15,15,0,"fit: 3, efit: 7","fit: 3, efit: 7",,,,0,0,0,0,2,,
2026-05-22 10:02:08,17,15,15,0,"fit: 3, efit: 6","fit: 3, efit: 6",,,,0,0,0,0,2,,
2026-05-22 10:28:35,17,15,15,0,"fit: 3, efit: 7","fit: 3, efit: 7",,,,0,0,0,0,2,,
2026-05-22 11:07:16,17,15,15,0,"fit: 3, efit: 6","fit: 3, efit: 6",,,,0,0,0,0,2,,
2026-05-22 14:27:47,17,15,15,0,"fit: 3, efit: 5","fit: 3, efit: 5",,,,0,0,0,0,2,,
2026-05-22 14:47:52,17,15,15,0,"fit: 3, efit: 4","fit: 3, efit: 4",,,,0,0,0,0,2,,
2026-05-22 15:09:24,17,15,15,0,"fit: 3, efit: 5","fit: 3, efit: 5",,,,0,0,0,0,2,,
2026-05-22 15:14:25,17,15,15,0,"fit: 3, efit: 6","fit: 3, efit: 6",,,,0,0,0,0,2,,
2026-05-22 16:18:47,17,15,15,0,"fit: 3, efit: 7","fit: 3, efit: 7",,,,0,0,0,0,2,,
2026-05-22 16:38:08,17,15,15,0,"fit: 3, efit: 6","fit: 3, efit: 6",,,,0,0,0,0,2,,
2026-05-22 16:49:42,17,15,15,0,"fit: 3, efit: 5","fit: 3, efit: 5",,,,0,0,0,0,2,,
2026-05-22 17:04:45,17,15,15,0,"fit: 3, efit: 6","fit: 3, efit: 6",,,,0,0,0,0,2,,
2026-05-22 17:18:59,17,15,15,0,"fit: 3, efit: 5","fit: 3, efit: 5",,,,0,0,0,0,2,,
2026-05-22 18:58:27,17,15,15,0,"fit: 3, efit: 6","fit: 3, efit: 6",,,,0,0,0,0,2,,
2026-05-22 19:53:34,17,15,15,0,"fit: 3, efit: 8","fit: 3, efit: 8",,,,0,0,0,0,2,,
2026-05-22 19:54:32,17,15,15,0,"fit: 3, efit: 9","fit: 3, efit: 9",,,,0,0,0,0,2,,
2026-05-22 20:13:37,17,15,15,0,"fit: 3, efit: 8","fit: 3, efit: 8",,,,0,0,0,0,2,,
2026-05-22 21:05:31,17,15,15,0,"fit: 3, efit: 7","fit: 3, efit: 7",,,,0,0,0,0,2,,
2026-05-22 21:28:47,17,15,15,0,"fit: 3, efit: 8","fit: 3, efit: 8",,,,0,0,0,0,2,,
2026-05-22 21:29:51,17,15,15,0,"fit: 3, efit: 7","fit: 3, efit: 7",,,,0,0,0,0,2,,
2026-05-23 00:00:21,17,15,15,0,"fit: 3, efit: 7","fit: 3, efit: 7",,,,0,0,0,0,2,,
2026-05-23 01:30:39,17,15,15,0,"fit: 3, efit: 8","fit: 3, efit: 8",,,,0,0,0,0,2,,
2026-05-23 02:19:25,17,15,15,0,"fit: 3, efit: 7","fit: 3, efit: 7",,,,0,0,0,0,2,,
2026-05-23 02:39:28,17,15,15,0,"fit: 3, efit: 8","fit: 3, efit: 8",,,,0,0,0,0,2,,
2026-05-23 03:39:36,17,15,15,0,"fit: 3, efit: 9","fit: 3, efit: 9",,,,0,0,0,0,2,,
2026-05-23 07:36:50,17,15,15,0,"fit: 3, efit: 7","fit: 3, efit: 7",,,,0,0,0,0,2,,
2026-05-23 08:25:14,17,15,15,0,"fit: 3, efit: 5","fit: 3, efit: 5",,,,0,0,0,0,2,,
2026-05-23 08:35:15,17,15,15,0,"fit: 4, efit: 5","fit: 4, efit: 5",,,,0,0,0,0,2,,
2026-05-23 10:20:30,17,15,15,0,"fit: 4, efit: 4","fit: 4, efit: 4",,,,0,0,0,0,2,,
2026-05-23 10:22:23,17,15,15,0,"fit: 4, efit: 3","fit: 4, efit: 3",,,,0,0,0,0,2,,
2026-05-23 11:30:39,17,15,15,0,"fit: 4, efit: 4","fit: 4, efit: 4",,,,0,0,0,0,2,,
2026-05-23 11:52:41,17,15,15,0,"fit: 4, efit: 5","fit: 4, efit: 5",,,,0,0,0,0,2,,
2026-05-23 12:05:44,17,15,15,0,"fit: 4, efit: 4","fit: 4, efit: 4",,,,0,0,0,0,2,,
2026-05-23 12:18:06,17,15,15,0,"fit: 4, efit: 5","fit: 4, efit: 5",,,,0,0,0,0,2,,
2026-05-23 12:28:07,17,15,15,0,"fit: 4, efit: 4","fit: 4, efit: 4",,,,0,0,0,0,2,,
2026-05-23 13:17:58,17,15,15,0,"fit: 4, efit: 3","fit: 4, efit: 3",,,,0,0,0,0,2,,
2026-05-23 14:13:09,17,15,15,0,"fit: 4, efit: 4","fit: 4, efit: 4",,,,0,0,0,0,2,,
2026-05-23 15:01:08,17,15,15,0,"fit: 4, efit: 5","fit: 4, efit: 5",,,,0,0,0,0,2,,
2026-05-23 15:38:40,17,15,15,0,"fit: 4, efit: 6","fit: 4, efit: 6",,,,0,0,0,0,2,,
2026-05-23 15:41:13,17,15,15,0,"fit: 4, efit: 9","fit: 4, efit: 9",,,,0,0,0,0,2,,
2026-05-23 15:58:30,17,15,15,0,"fit: 4, efit: 8","fit: 4, efit: 8",,,,0,0,0,0,2,,
2026-05-23 15:58:44,17,15,15,0,"fit: 4, efit: 9","fit: 4, efit: 9",,,,0,0,0,0,2,,
2026-05-23 16:01:16,17,15,15,0,"fit: 4, efit: 10","fit: 4, efit: 10",,,,0,0,0,0,2,,
2026-05-23 16:26:20,17,15,15,0,"fit: 4, efit: 9","fit: 4, efit: 9",,,,0,0,0,0,2,,
2026-05-23 17:33:49,17,15,15,0,"fit: 4, efit: 10","fit: 4, efit: 10",,,,0,0,0,0,2,,
2026-05-23 17:39:01,17,15,15,0,"fit: 4, efit: 9","fit: 4, efit: 9",,,,0,0,0,0,2,,
2026-05-23 19:01:40,17,15,15,0,"fit: 4, efit: 8","fit: 4, efit: 8",,,,0,0,0,0,2,,
2026-05-23 19:59:18,17,15,15,0,"fit: 4, efit: 7","fit: 4, efit: 7",,,,0,0,0,0,2,,
2026-05-23 20:09:20,17,15,15,0,"fit: 4, efit: 8","fit: 4, efit: 8",,,,0,0,0,0,2,,
2026-05-23 20:11:50,17,15,15,0,"fit: 4, efit: 9","fit: 4, efit: 9",,,,0,0,0,0,2,,
2026-05-23 21:52:03,17,15,15,0,"fit: 4, efit: 8","fit: 4, efit: 8",,,,0,0,0,0,2,,
2026-05-23 22:17:07,17,15,15,0,"fit: 4, efit: 7","fit: 4, efit: 7",,,,0,0,0,0,2,,
2026-05-23 22:32:09,17,15,15,0,"fit: 4, efit: 6","fit: 4, efit: 6",,,,0,0,0,0,2,,
2026-05-23 23:02:13,17,15,15,0,"fit: 4, efit: 7","fit: 4, efit: 7",,,,0,0,0,0,2,,
2026-05-23 23:09:55,17,15,15,0,"fit: 4, efit: 8","fit: 4, efit: 8",,,,0,0,0,0,2,,
2026-05-23 23:12:14,17,15,15,0,"fit: 4, efit: 7","fit: 4, efit: 7",,,,0,0,0,0,2,,
2026-05-23 23:52:19,17,15,15,0,"fit: 4, efit: 8","fit: 4, efit: 8",,,,0,0,0,0,2,,
