Date Time,Station ID,Expected Station Size,Total Docks Installed,Number of Faulty Docks,Total Bikes At Station Per Model,Number of Available Bikes Per Model,Number of Inoperative Bikes Per Model,Geofence Occupancy Ratio,Geofence Capacity,Geofence Total Bikes,Geofence Available Bikes,Geofence Operative Bikes,Geofence Inoperative Bikes,Station Groups,Station Cluster,Station Crown
2025-11-30 00:01:54,49,23,23,0,efit: 2,efit: 2,,,,0,0,0,0,2,,
2025-12-01 00:01:55,49,23,23,0,efit: 2,efit: 2,,,,0,0,0,0,2,,
2025-12-01 04:52:53,49,23,23,0,efit: 3,efit: 3,,,,0,0,0,0,2,,
2025-12-01 07:22:58,49,23,23,0,"fit: 1, efit: 3","fit: 1, efit: 3",,,,0,0,0,0,2,,
2025-12-01 08:08:05,49,23,23,0,"fit: 1, efit: 5","fit: 1, efit: 5",,,,0,0,0,0,2,,
2025-12-01 09:23:48,49,23,23,0,"fit: 1, efit: 6","fit: 1, efit: 6",,,,0,0,0,0,2,,
2025-12-01 09:25:46,49,23,23,0,"fit: 2, efit: 6","fit: 2, efit: 6",,,,0,0,0,0,2,,
2025-12-01 09:28:15,49,23,23,0,"fit: 2, efit: 5","fit: 2, efit: 5",,,,0,0,0,0,2,,
2025-12-01 09:30:47,49,23,23,0,"fit: 2, efit: 6","fit: 2, efit: 6",,,,0,0,0,0,2,,
2025-12-01 09:58:19,49,23,23,0,"fit: 2, efit: 7","fit: 2, efit: 7",,,,0,0,0,0,2,,
2025-12-01 10:00:52,49,23,23,0,"fit: 2, efit: 8","fit: 2, efit: 8",,,,0,0,0,0,2,,
2025-12-01 10:05:53,49,23,23,0,"fit: 2, efit: 9","fit: 2, efit: 9",,,,0,0,0,0,2,,
2025-12-01 10:25:57,49,23,23,0,"fit: 2, efit: 10","fit: 2, efit: 10",,,,0,0,0,0,2,,
2025-12-01 11:13:30,49,23,23,0,"fit: 2, efit: 9","fit: 2, efit: 9",,,,0,0,0,0,2,,
2025-12-01 11:43:34,49,23,23,0,"fit: 2, efit: 8","fit: 2, efit: 8",,,,0,0,0,0,2,,
2025-12-01 11:58:36,49,23,23,0,"fit: 2, efit: 9","fit: 2, efit: 9",,,,0,0,0,0,2,,
2025-12-01 12:33:41,49,23,23,0,"fit: 2, efit: 8","fit: 2, efit: 8",,,,0,0,0,0,2,,
2025-12-01 12:54:33,49,23,23,0,"fit: 2, efit: 9","fit: 2, efit: 9",,,,0,0,0,0,2,,
2025-12-01 13:56:37,49,23,23,0,"fit: 2, efit: 8","fit: 2, efit: 8",,,,0,0,0,0,2,,
2025-12-01 14:39:56,49,23,23,0,"fit: 2, efit: 7","fit: 2, efit: 7",,,,0,0,0,0,2,,
2025-12-01 14:49:58,49,23,23,0,"fit: 2, efit: 8","fit: 2, efit: 8",,,,0,0,0,0,2,,
2025-12-01 14:51:47,49,23,23,0,"fit: 2, efit: 9","fit: 2, efit: 9",,,,0,0,0,0,2,,
2025-12-01 14:56:48,49,23,23,0,"fit: 2, efit: 10","fit: 2, efit: 10",,,,0,0,0,0,2,,
2025-12-01 15:10:04,49,23,23,0,"fit: 1, efit: 10","fit: 1, efit: 10",,,,0,0,0,0,2,,
2025-12-01 16:02:00,49,23,23,0,"fit: 1, efit: 11","fit: 1, efit: 11",,,,0,0,0,0,2,,
2025-12-01 16:22:04,49,23,23,0,"fit: 1, efit: 10","fit: 1, efit: 10",,,,0,0,0,0,2,,
2025-12-01 16:44:15,49,23,23,0,"fit: 1, efit: 9","fit: 1, efit: 9",,,,0,0,0,0,2,,
2025-12-01 16:49:16,49,23,23,0,"fit: 1, efit: 8","fit: 1, efit: 8",,,,0,0,0,0,2,,
2025-12-01 17:04:18,49,23,23,0,"fit: 1, efit: 9","fit: 1, efit: 9",,,,0,0,0,0,2,,
2025-12-01 17:20:33,49,23,23,0,"fit: 1, efit: 8","fit: 1, efit: 8",,,,0,0,0,0,2,,
2025-12-01 17:25:34,49,23,23,0,"fit: 1, efit: 9","fit: 1, efit: 9",,,,0,0,0,0,2,,
2025-12-01 17:34:22,49,23,23,0,"fit: 1, efit: 8","fit: 1, efit: 8",,,,0,0,0,0,2,,
2025-12-01 18:14:27,49,23,23,0,"fit: 2, efit: 8","fit: 2, efit: 8",,,,0,0,0,0,2,,
2025-12-01 18:25:46,49,23,23,0,"fit: 4, efit: 8","fit: 4, efit: 8",,,,0,0,0,0,2,,
2025-12-01 18:34:30,49,23,23,0,"fit: 4, efit: 7","fit: 4, efit: 7",,,,0,0,0,0,2,,
2025-12-01 18:52:32,49,23,23,0,"fit: 4, efit: 6","fit: 4, efit: 6",,,,0,0,0,0,2,,
2025-12-01 20:22:49,49,23,23,0,"fit: 4, efit: 5","fit: 4, efit: 5",,,,0,0,0,0,2,,
2025-12-01 23:56:55,49,23,23,0,"fit: 4, efit: 4","fit: 4, efit: 4",,,,0,0,0,0,2,,
2025-12-02 00:00:14,49,23,23,0,"fit: 4, efit: 4","fit: 4, efit: 4",,,,0,0,0,0,2,,
2025-12-02 07:44:52,49,23,23,0,"fit: 4, efit: 5","fit: 4, efit: 5",,,,0,0,0,0,2,,
2025-12-02 07:48:31,49,23,23,0,"fit: 5, efit: 5","fit: 5, efit: 5",,,,0,0,0,0,2,,
2025-12-02 07:51:17,49,23,23,0,"fit: 5, efit: 6","fit: 5, efit: 6",,,,0,0,0,0,2,,
2025-12-02 08:45:04,49,23,23,0,"fit: 5, efit: 7","fit: 5, efit: 7",,,,0,0,0,0,2,,
2025-12-02 09:38:54,49,23,23,0,"fit: 5, efit: 6","fit: 5, efit: 6",,,,0,0,0,0,2,,
2025-12-02 10:01:35,49,23,23,0,"fit: 5, efit: 7","fit: 5, efit: 7",,,,0,0,0,0,2,,
2025-12-02 11:24:16,49,23,23,0,"fit: 3, efit: 6","fit: 3, efit: 6",,,,0,0,0,0,2,,
2025-12-02 11:25:33,49,23,23,0,"fit: 1, efit: 4","fit: 1, efit: 4",,,,0,0,0,0,2,,
2025-12-02 11:34:19,49,23,23,0,"fit: 3, efit: 5","fit: 3, efit: 5",,,,0,0,0,0,2,,
2025-12-02 11:35:35,49,23,23,0,"fit: 3, efit: 6","fit: 3, efit: 6",,,,0,0,0,0,2,,
2025-12-02 11:40:36,49,23,23,0,"fit: 4, efit: 7","fit: 4, efit: 7",,,,0,0,0,0,2,,
2025-12-02 11:41:48,49,23,23,0,"fit: 5, efit: 7","fit: 5, efit: 7",,,,0,0,0,0,2,,
2025-12-02 11:55:39,49,23,23,0,"fit: 5, efit: 6","fit: 5, efit: 6",,,,0,0,0,0,2,,
2025-12-02 12:14:27,49,23,23,0,"fit: 5, efit: 7","fit: 5, efit: 7",,,,0,0,0,0,2,,
2025-12-02 13:30:56,49,23,23,0,"fit: 5, efit: 8","fit: 5, efit: 8",,,,0,0,0,0,2,,
2025-12-02 14:37:12,49,23,23,0,"fit: 6, efit: 8","fit: 6, efit: 8",,,,0,0,0,0,2,,
2025-12-02 14:41:10,49,23,23,0,"fit: 5, efit: 8","fit: 5, efit: 8",,,,0,0,0,0,2,,
2025-12-02 15:25:08,49,23,23,0,"fit: 5, efit: 7","fit: 5, efit: 7",,,,0,0,0,0,2,,
2025-12-02 16:00:15,49,23,23,0,"fit: 5, efit: 6","fit: 5, efit: 6",,,,0,0,0,0,2,,
2025-12-02 16:30:22,49,23,23,0,"fit: 5, efit: 5","fit: 5, efit: 5",,,,0,0,0,0,2,,
2025-12-02 17:01:35,49,23,23,0,"fit: 5, efit: 4","fit: 5, efit: 4",,,,0,0,0,0,2,,
2025-12-02 17:41:43,49,23,23,0,"fit: 5, efit: 3","fit: 5, efit: 3",,,,0,0,0,0,2,,
2025-12-02 18:20:45,49,23,23,0,"fit: 5, efit: 2","fit: 5, efit: 2",,,,0,0,0,0,2,,
2025-12-02 19:57:56,49,23,23,0,"fit: 5, efit: 1","fit: 5, efit: 1",,,,0,0,0,0,2,,
2025-12-03 00:01:57,49,23,23,0,"fit: 5, efit: 1","fit: 5, efit: 1",,,,0,0,0,0,2,,
2025-12-03 01:02:09,49,23,23,0,"fit: 5, efit: 2","fit: 5, efit: 2",,,,0,0,0,0,2,,
2025-12-03 02:37:29,49,23,23,0,"fit: 5, efit: 1","fit: 5, efit: 1",,,,0,0,0,0,2,,
2025-12-03 07:28:31,49,23,23,0,"fit: 6, efit: 1","fit: 6, efit: 1",,,,0,0,0,0,2,,
2025-12-03 08:37:43,49,23,23,0,"fit: 6, efit: 2","fit: 6, efit: 2",,,,0,0,0,0,2,,
2025-12-03 08:49:39,49,23,23,0,"fit: 7, efit: 2","fit: 7, efit: 2",,,,0,0,0,0,2,,
2025-12-03 09:27:54,49,23,23,0,"fit: 7, efit: 3","fit: 7, efit: 3",,,,0,0,0,0,2,,
2025-12-03 10:29:53,49,23,23,0,"fit: 7, efit: 4","fit: 7, efit: 4",,,,0,0,0,0,2,,
2025-12-03 13:23:44,49,23,23,0,"fit: 7, efit: 5","fit: 7, efit: 5",,,,0,0,0,0,2,,
2025-12-03 13:45:48,49,23,23,0,"fit: 7, efit: 6","fit: 7, efit: 6",,,,0,0,0,0,2,,
2025-12-03 14:08:54,49,23,23,0,"fit: 7, efit: 7","fit: 7, efit: 7",,,,0,0,0,0,2,,
2025-12-03 14:39:00,49,23,23,0,"fit: 6, efit: 7","fit: 6, efit: 7",,,,0,0,0,0,2,,
2025-12-03 14:45:59,49,23,23,0,"fit: 6, efit: 5","fit: 6, efit: 5",,,,0,0,0,0,2,,
2025-12-03 15:01:02,49,23,23,0,"fit: 6, efit: 4","fit: 6, efit: 4",,,,0,0,0,0,2,,
2025-12-03 15:13:13,49,23,23,0,"fit: 6, efit: 5","fit: 6, efit: 5",,,,0,0,0,0,2,,
2025-12-03 15:31:07,49,23,23,0,"fit: 6, efit: 4","fit: 6, efit: 4",,,,0,0,0,0,2,,
2025-12-03 16:01:13,49,23,23,0,"fit: 6, efit: 3","fit: 6, efit: 3",,,,0,0,0,0,2,,
2025-12-03 16:26:18,49,23,23,0,"fit: 6, efit: 4","fit: 6, efit: 4",,,,0,0,0,0,2,,
2025-12-03 17:21:27,49,23,23,0,"fit: 6, efit: 3","fit: 6, efit: 3",,,,0,0,0,0,2,,
2025-12-03 17:49:41,49,23,23,0,"fit: 6, efit: 2","fit: 6, efit: 2",,,,0,0,0,0,2,,
2025-12-03 18:06:35,49,23,23,0,"fit: 6, efit: 1","fit: 6, efit: 1",,,,0,0,0,0,2,,
2025-12-03 18:23:39,49,23,23,0,fit: 6,fit: 6,,,,0,0,0,0,2,,
2025-12-03 19:38:49,49,23,23,0,fit: 5,fit: 5,,,,0,0,0,0,2,,
2025-12-03 20:30:16,49,23,23,0,"fit: 5, efit: 1","fit: 5, efit: 1",,,,0,0,0,0,2,,
2025-12-04 00:01:00,49,23,23,0,"fit: 5, efit: 1","fit: 5, efit: 1",,,,0,0,0,0,2,,
2025-12-04 02:02:59,49,23,23,0,"fit: 6, efit: 1","fit: 6, efit: 1",,,,0,0,0,0,2,,
2025-12-04 04:47:00,49,23,23,0,fit: 6,fit: 6,,,,0,0,0,0,2,,
2025-12-04 07:33:58,49,23,23,0,fit: 7,fit: 7,,,,0,0,0,0,2,,
2025-12-04 08:00:30,49,23,23,0,"fit: 7, efit: 1","fit: 7, efit: 1",,,,0,0,0,0,2,,
2025-12-04 08:02:40,49,23,23,0,"fit: 7, efit: 2","fit: 7, efit: 2",,,,0,0,0,0,2,,
2025-12-04 09:24:18,49,23,23,0,"fit: 7, efit: 3","fit: 7, efit: 3",,,,0,0,0,0,2,,
2025-12-04 10:04:25,49,23,23,0,"fit: 7, efit: 4","fit: 7, efit: 4",,,,0,0,0,0,2,,
2025-12-04 10:40:53,49,23,23,0,"fit: 7, efit: 5","fit: 7, efit: 5",,,,0,0,0,0,2,,
2025-12-04 10:59:35,49,23,23,0,"fit: 7, efit: 6","fit: 7, efit: 6",,,,0,0,0,0,2,,
2025-12-04 12:24:51,49,23,23,0,"fit: 7, efit: 7","fit: 7, efit: 7",,,,0,0,0,0,2,,
2025-12-04 12:54:56,49,23,23,0,"fit: 7, efit: 8","fit: 7, efit: 8",,,,0,0,0,0,2,,
2025-12-04 13:07:54,49,23,23,0,"fit: 7, efit: 9","fit: 7, efit: 9",,,,0,0,0,0,2,,
2025-12-04 13:27:58,49,23,23,0,"fit: 7, efit: 10","fit: 7, efit: 10",,,,0,0,0,0,2,,
2025-12-04 14:15:11,49,23,23,0,"fit: 7, efit: 9","fit: 7, efit: 9",,,,0,0,0,0,2,,
2025-12-04 14:38:13,49,23,23,0,"fit: 7, efit: 8","fit: 7, efit: 8",,,,0,0,0,0,2,,
2025-12-04 14:45:17,49,23,23,0,"fit: 6, efit: 8","fit: 6, efit: 8",,,,0,0,0,0,2,,
2025-12-04 15:26:32,49,23,23,0,"fit: 6, efit: 7","fit: 6, efit: 7",,,,0,0,0,0,2,,
2025-12-04 15:55:29,49,23,23,0,"fit: 6, efit: 6","fit: 6, efit: 6",,,,0,0,0,0,2,,
2025-12-04 15:58:31,49,23,23,0,"fit: 7, efit: 6","fit: 7, efit: 6",,,,0,0,0,0,2,,
2025-12-04 16:30:36,49,23,23,0,"fit: 7, efit: 5","fit: 7, efit: 5",,,,0,0,0,0,2,,
2025-12-04 16:55:40,49,23,23,0,"fit: 7, efit: 4","fit: 7, efit: 4",,,,0,0,0,0,2,,
2025-12-04 16:58:43,49,23,23,0,"fit: 7, efit: 3","fit: 7, efit: 3",,,,0,0,0,0,2,,
2025-12-04 17:05:42,49,23,23,0,"fit: 7, efit: 2","fit: 7, efit: 2",,,,0,0,0,0,2,,
2025-12-04 17:10:43,49,23,23,0,"fit: 7, efit: 1","fit: 7, efit: 1",,,,0,0,0,0,2,,
2025-12-04 17:33:50,49,23,23,0,fit: 7,fit: 7,,,,0,0,0,0,2,,
2025-12-04 20:59:34,49,23,23,0,fit: 8,fit: 8,,,,0,0,0,0,2,,
2025-12-05 00:00:11,49,23,23,0,fit: 8,fit: 8,,,,0,0,0,0,2,,
2025-12-05 07:28:42,49,23,23,0,fit: 9,fit: 9,,,,0,0,0,0,2,,
2025-12-05 07:51:49,49,23,23,0,"fit: 9, efit: 1","fit: 9, efit: 1",,,,0,0,0,0,2,,
2025-12-05 08:26:56,49,23,23,0,"fit: 9, efit: 2","fit: 9, efit: 2",,,,0,0,0,0,2,,
2025-12-05 09:22:08,49,23,23,0,"fit: 9, efit: 3","fit: 9, efit: 3",,,,0,0,0,0,2,,
2025-12-05 09:42:12,49,23,23,0,"fit: 9, efit: 2","fit: 9, efit: 2",,,,0,0,0,0,2,,
2025-12-05 11:42:37,49,23,23,0,"fit: 9, efit: 3","fit: 9, efit: 3",,,,0,0,0,0,2,,
2025-12-05 11:57:41,49,23,23,0,"fit: 9, efit: 2","fit: 9, efit: 2",,,,0,0,0,0,2,,
2025-12-05 12:04:03,49,23,23,0,"fit: 10, efit: 2","fit: 10, efit: 2",,,,0,0,0,0,2,,
2025-12-05 14:18:11,49,23,23,0,"fit: 10, efit: 3","fit: 10, efit: 3",,,,0,0,0,0,2,,
2025-12-05 14:23:12,49,23,23,0,"fit: 10, efit: 2","fit: 10, efit: 2",,,,0,0,0,0,2,,
2025-12-05 14:48:18,49,23,23,0,"fit: 9, efit: 2","fit: 9, efit: 2",,,,0,0,0,0,2,,
2025-12-05 14:58:20,49,23,23,0,"fit: 9, efit: 1","fit: 9, efit: 1",,,,0,0,0,0,2,,
2025-12-05 15:28:26,49,23,23,0,fit: 9,fit: 9,,,,0,0,0,0,2,,
2025-12-05 15:38:28,49,23,23,0,fit: 8,fit: 8,,,,0,0,0,0,2,,
2025-12-05 15:48:30,49,23,23,0,"fit: 8, efit: 1","fit: 8, efit: 1",,,,0,0,0,0,2,,
2025-12-05 16:13:36,49,23,23,0,fit: 8,fit: 8,,,,0,0,0,0,2,,
2025-12-05 16:32:31,49,23,23,0,fit: 7,fit: 7,,,,0,0,0,0,2,,
2025-12-05 17:25:06,49,23,23,0,"fit: 7, efit: 1","fit: 7, efit: 1",,,,0,0,0,0,2,,
2025-12-05 19:44:20,49,23,23,0,"fit: 7, efit: 2","fit: 7, efit: 2",,,,0,0,0,0,2,,
2025-12-06 00:00:16,49,23,23,0,"fit: 7, efit: 2","fit: 7, efit: 2",,,,0,0,0,0,2,,
2025-12-06 07:11:46,49,23,23,0,"fit: 7, efit: 3","fit: 7, efit: 3",,,,0,0,0,0,2,,
2025-12-06 10:37:25,49,23,23,0,"fit: 7, efit: 2","fit: 7, efit: 2",,,,0,0,0,0,2,,
2025-12-06 12:21:03,49,23,23,0,"fit: 8, efit: 2","fit: 8, efit: 2",,,,0,0,0,0,2,,
2025-12-06 12:26:04,49,23,23,0,"fit: 9, efit: 1","fit: 9, efit: 1",,,,0,0,0,0,2,,
2025-12-06 12:31:05,49,23,23,0,"fit: 10, efit: 1","fit: 10, efit: 1",,,,0,0,0,0,2,,
2025-12-06 13:42:50,49,23,23,0,"fit: 10, efit: 2","fit: 10, efit: 1",,,,0,0,0,0,2,,
2025-12-06 13:46:18,49,23,23,0,"fit: 10, efit: 1",fit: 10,,,,0,0,0,0,2,,
2025-12-06 18:27:08,49,23,23,0,"fit: 9, efit: 1",fit: 9,,,,0,0,0,0,2,,
2025-12-06 20:12:27,49,23,23,0,"fit: 9, efit: 2","fit: 9, efit: 1",,,,0,0,0,0,2,,
2025-12-06 22:07:47,49,23,23,0,"fit: 9, efit: 1",fit: 9,,,,0,0,0,0,2,,
2025-12-07 00:00:16,49,23,23,0,"fit: 9, efit: 1",fit: 9,,,,0,0,0,0,2,,
2025-12-07 00:13:09,49,23,23,0,"fit: 9, efit: 2","fit: 9, efit: 1",,,,0,0,0,0,2,,
2025-12-07 00:14:16,49,23,23,0,"fit: 9, efit: 1",fit: 9,,,,0,0,0,0,2,,
2025-12-07 01:54:29,49,23,23,0,"fit: 9, efit: 3","fit: 9, efit: 2",,,,0,0,0,0,2,,
2025-12-07 07:39:26,49,23,23,0,"fit: 9, efit: 4","fit: 9, efit: 3",,,,0,0,0,0,2,,
2025-12-07 12:32:54,49,23,23,0,"fit: 9, efit: 3","fit: 9, efit: 2",,,,0,0,0,0,2,,
2025-12-07 12:40:57,49,23,23,0,"fit: 9, efit: 2","fit: 9, efit: 1",,,,0,0,0,0,2,,
2025-12-07 13:01:00,49,23,23,0,"fit: 9, efit: 3","fit: 9, efit: 2",,,,0,0,0,0,2,,
2025-12-07 13:23:05,49,23,23,0,"fit: 9, efit: 4","fit: 9, efit: 3",,,,0,0,0,0,2,,
2025-12-07 16:05:59,49,23,23,0,"fit: 9, efit: 3","fit: 9, efit: 2",,,,0,0,0,0,2,,
2025-12-07 16:11:00,49,23,23,0,"fit: 9, efit: 2","fit: 9, efit: 1",,,,0,0,0,0,2,,
2025-12-07 17:23:56,49,23,23,0,"fit: 9, efit: 1",fit: 9,,,,0,0,0,0,2,,
2025-12-07 23:50:18,49,23,23,0,"fit: 9, efit: 2","fit: 9, efit: 1",,,,0,0,0,0,2,,
2025-12-08 00:00:20,49,23,23,0,"fit: 9, efit: 2","fit: 9, efit: 1",,,,0,0,0,0,2,,
2025-12-08 00:07:23,49,23,23,0,"fit: 9, efit: 1",fit: 9,,,,0,0,0,0,2,,
2025-12-08 00:30:27,49,23,23,0,"fit: 9, efit: 1",fit: 9,efit: 1,,,0,0,0,0,2,,
2025-12-08 01:15:36,49,23,23,0,"fit: 9, efit: 1",fit: 9,,,,0,0,0,0,2,,
2025-12-08 01:40:41,49,23,23,0,"fit: 9, efit: 1",fit: 9,efit: 1,,,0,0,0,0,2,,
2025-12-08 07:26:53,49,23,23,0,"fit: 10, efit: 1",fit: 10,efit: 1,,,0,0,0,0,2,,
2025-12-08 08:58:38,49,23,23,0,"fit: 10, efit: 2","fit: 10, efit: 1",efit: 1,,,0,0,0,0,2,,
2025-12-08 09:07:15,49,23,23,0,"fit: 10, efit: 3","fit: 10, efit: 2",efit: 1,,,0,0,0,0,2,,
2025-12-08 09:23:42,49,23,23,0,"fit: 10, efit: 4","fit: 10, efit: 3",efit: 1,,,0,0,0,0,2,,
2025-12-08 09:27:20,49,23,23,0,"fit: 10, efit: 6","fit: 10, efit: 5",efit: 1,,,0,0,0,0,2,,
2025-12-08 09:42:23,49,23,23,0,"fit: 10, efit: 7","fit: 10, efit: 6",efit: 1,,,0,0,0,0,2,,
2025-12-08 09:53:46,49,23,23,0,"fit: 10, efit: 8","fit: 10, efit: 7",efit: 1,,,0,0,0,0,2,,
2025-12-08 10:13:48,49,23,23,0,"fit: 10, efit: 9","fit: 10, efit: 8",efit: 1,,,0,0,0,0,2,,
2025-12-08 10:17:30,49,23,23,0,"fit: 10, efit: 8","fit: 10, efit: 8",,,,0,0,0,0,2,,
2025-12-08 12:17:56,49,23,23,0,"fit: 10, efit: 9","fit: 10, efit: 9",,,,0,0,0,0,2,,
2025-12-08 12:43:01,49,23,23,0,"fit: 10, efit: 8","fit: 10, efit: 8",,,,0,0,0,0,2,,
2025-12-08 13:23:10,49,23,23,0,"fit: 10, efit: 9","fit: 10, efit: 9",,,,0,0,0,0,2,,
2025-12-08 14:23:24,49,23,23,0,"fit: 10, efit: 10","fit: 10, efit: 10",,,,0,0,0,0,2,,
2025-12-08 15:08:33,49,23,23,0,"fit: 10, efit: 9","fit: 10, efit: 9",,,,0,0,0,0,2,,
2025-12-08 15:13:34,49,23,23,0,"fit: 9, efit: 9","fit: 9, efit: 9",,,,0,0,0,0,2,,
2025-12-08 15:43:40,49,23,23,0,"fit: 9, efit: 8","fit: 9, efit: 8",,,,0,0,0,0,2,,
2025-12-08 16:13:47,49,23,23,0,"fit: 9, efit: 9","fit: 9, efit: 9",,,,0,0,0,0,2,,
2025-12-08 16:48:55,49,23,23,0,"fit: 9, efit: 8","fit: 9, efit: 8",,,,0,0,0,0,2,,
2025-12-08 17:30:25,49,23,23,0,"fit: 9, efit: 7","fit: 9, efit: 7",,,,0,0,0,0,2,,
2025-12-08 17:39:06,49,23,23,0,"fit: 9, efit: 6","fit: 9, efit: 6",,,,0,0,0,0,2,,
2025-12-08 17:59:10,49,23,23,0,"fit: 9, efit: 5","fit: 9, efit: 5",,,,0,0,0,0,2,,
2025-12-08 18:29:17,49,23,23,0,"fit: 9, efit: 4","fit: 9, efit: 4",,,,0,0,0,0,2,,
2025-12-08 22:30:31,49,23,23,0,"fit: 10, efit: 4","fit: 10, efit: 4",,,,0,0,0,0,2,,
2025-12-09 00:00:30,49,23,23,0,"fit: 10, efit: 4","fit: 10, efit: 4",,,,0,0,0,0,2,,
2025-12-09 01:11:46,49,23,23,0,"fit: 10, efit: 3","fit: 10, efit: 3",,,,0,0,0,0,2,,
2025-12-09 07:21:41,49,23,23,0,"fit: 10, efit: 4","fit: 10, efit: 4",,,,0,0,0,0,2,,
2025-12-09 07:42:04,49,23,23,0,"fit: 11, efit: 4","fit: 11, efit: 4",,,,0,0,0,0,2,,
2025-12-09 07:56:46,49,23,23,0,"fit: 11, efit: 5","fit: 11, efit: 5",,,,0,0,0,0,2,,
2025-12-09 09:28:13,49,23,23,0,"fit: 11, efit: 6","fit: 11, efit: 6",,,,0,0,0,0,2,,
2025-12-09 09:31:59,49,23,23,0,"fit: 11, efit: 7","fit: 11, efit: 7",,,,0,0,0,0,2,,
2025-12-09 11:27:16,49,23,23,0,"fit: 11, efit: 8","fit: 11, efit: 8",,,,0,0,0,0,2,,
2025-12-09 12:42:27,49,23,23,0,"fit: 11, efit: 9","fit: 11, efit: 9",,,,0,0,0,0,2,,
2025-12-09 14:07:38,49,23,23,0,"fit: 11, efit: 8","fit: 11, efit: 8",,,,0,0,0,0,2,,
2025-12-09 14:22:40,49,23,23,0,"fit: 11, efit: 7","fit: 11, efit: 7",,,,0,0,0,0,2,,
2025-12-09 15:12:47,49,23,23,0,"fit: 10, efit: 7","fit: 10, efit: 7",,,,0,0,0,0,2,,
2025-12-09 15:32:50,49,23,23,0,"fit: 10, efit: 4","fit: 10, efit: 4",,,,0,0,0,0,2,,
2025-12-09 17:29:07,49,23,23,0,"fit: 10, efit: 3","fit: 10, efit: 3",,,,0,0,0,0,2,,
2025-12-09 23:43:58,49,23,23,0,"fit: 10, efit: 4","fit: 10, efit: 4",,,,0,0,0,0,2,,
2025-12-10 00:00:30,49,23,23,0,"fit: 10, efit: 4","fit: 10, efit: 4",,,,0,0,0,0,2,,
2025-12-10 00:39:06,49,23,23,0,"fit: 10, efit: 3","fit: 10, efit: 3",,,,0,0,0,0,2,,
2025-12-10 07:27:05,49,23,23,0,"fit: 11, efit: 3","fit: 11, efit: 3",,,,0,0,0,0,2,,
2025-12-10 07:50:05,49,23,23,0,"fit: 11, efit: 4","fit: 11, efit: 3",,,,0,0,0,0,2,,
2025-12-10 09:27:24,49,23,23,0,"fit: 11, efit: 5","fit: 11, efit: 4",,,,0,0,0,0,2,,
2025-12-10 10:05:25,49,23,23,0,"fit: 12, efit: 5","fit: 12, efit: 4",,,,0,0,0,0,2,,
2025-12-10 11:57:51,49,23,23,0,"fit: 12, efit: 4","fit: 12, efit: 4",,,,0,0,0,0,2,,
2025-12-10 12:00:41,49,23,23,0,"fit: 11, efit: 4","fit: 11, efit: 4",,,,0,0,0,0,2,,
2025-12-10 12:02:52,49,23,23,0,"fit: 7, efit: 4","fit: 7, efit: 4",,,,0,0,0,0,2,,
2025-12-10 12:15:43,49,23,23,0,"fit: 7, efit: 3","fit: 7, efit: 3",,,,0,0,0,0,2,,
2025-12-10 12:42:59,49,23,23,0,"fit: 7, efit: 4","fit: 7, efit: 4",,,,0,0,0,0,2,,
2025-12-10 13:48:12,49,23,23,0,"fit: 7, efit: 3","fit: 7, efit: 3",,,,0,0,0,0,2,,
2025-12-10 15:08:26,49,23,23,0,"fit: 6, efit: 3","fit: 6, efit: 3",,,,0,0,0,0,2,,
2025-12-10 15:31:11,49,23,23,0,"fit: 6, efit: 2","fit: 6, efit: 2",,,,0,0,0,0,2,,
2025-12-10 15:51:13,49,23,23,0,"fit: 6, efit: 1","fit: 6, efit: 1",,,,0,0,0,0,2,,
2025-12-10 16:01:15,49,23,23,0,"fit: 6, efit: 2","fit: 6, efit: 2",,,,0,0,0,0,2,,
2025-12-10 16:08:37,49,23,23,0,"fit: 6, efit: 1","fit: 6, efit: 1",,,,0,0,0,0,2,,
2025-12-10 16:56:22,49,23,23,0,fit: 6,fit: 6,,,,0,0,0,0,2,,
2025-12-10 17:21:26,49,23,23,0,fit: 5,fit: 5,,,,0,0,0,0,2,,
2025-12-11 00:00:27,49,23,23,0,fit: 5,fit: 5,,,,0,0,0,0,2,,
2025-12-11 07:27:01,49,23,23,0,fit: 6,fit: 6,,,,0,0,0,0,2,,
2025-12-11 07:53:24,49,23,23,0,"fit: 6, efit: 1",fit: 6,efit: 1,,,0,0,0,0,2,,
2025-12-11 08:58:32,49,23,23,0,"fit: 6, efit: 3","fit: 6, efit: 2",efit: 1,,,0,0,0,0,2,,
2025-12-11 09:01:35,49,23,23,0,"fit: 6, efit: 2","fit: 6, efit: 1",efit: 1,,,0,0,0,0,2,,
2025-12-11 09:27:27,49,23,23,0,"fit: 6, efit: 3","fit: 6, efit: 2",efit: 1,,,0,0,0,0,2,,
2025-12-11 09:31:40,49,23,23,0,"fit: 6, efit: 3","fit: 4, efit: 2","fit: 2, efit: 1",,,0,0,0,0,2,,
2025-12-11 10:12:36,49,23,23,0,"fit: 6, efit: 4","fit: 4, efit: 3","fit: 2, efit: 1",,,0,0,0,0,2,,
2025-12-11 10:23:44,49,23,23,0,"fit: 6, efit: 5","fit: 4, efit: 4","fit: 2, efit: 1",,,0,0,0,0,2,,
2025-12-11 10:31:51,49,23,23,0,"fit: 4, efit: 3","fit: 4, efit: 3",,,,0,0,0,0,2,,
2025-12-11 11:47:56,49,23,23,0,"fit: 4, efit: 4","fit: 4, efit: 4",,,,0,0,0,0,2,,
2025-12-11 13:47:26,49,23,23,0,"fit: 4, efit: 5","fit: 4, efit: 5",,,,0,0,0,0,2,,
2025-12-11 14:59:22,49,23,23,0,"fit: 4, efit: 4","fit: 4, efit: 4",,,,0,0,0,0,2,,
2025-12-11 15:04:23,49,23,23,0,"fit: 4, efit: 3","fit: 4, efit: 3",,,,0,0,0,0,2,,
2025-12-11 15:07:40,49,23,23,0,"fit: 3, efit: 3","fit: 3, efit: 3",,,,0,0,0,0,2,,
2025-12-11 15:17:42,49,23,23,0,"fit: 3, efit: 2","fit: 3, efit: 2",,,,0,0,0,0,2,,
2025-12-11 15:18:40,49,23,23,0,"fit: 3, efit: 1","fit: 3, efit: 1",,,,0,0,0,0,2,,
2025-12-11 15:22:43,49,23,23,0,fit: 3,fit: 3,,,,0,0,0,0,2,,
2025-12-11 15:33:43,49,23,23,0,fit: 2,fit: 2,,,,0,0,0,0,2,,
2025-12-11 17:03:01,49,23,23,0,fit: 1,fit: 1,,,,0,0,0,0,2,,
2025-12-11 20:18:17,49,23,23,0,"fit: 1, efit: 1","fit: 1, efit: 1",,,,0,0,0,0,2,,
2025-12-11 20:38:21,49,23,23,0,"fit: 2, efit: 1","fit: 2, efit: 1",,,,0,0,0,0,2,,
2025-12-12 00:02:32,49,23,23,0,"fit: 2, efit: 1","fit: 2, efit: 1",,,,0,0,0,0,2,,
2025-12-12 07:28:37,49,23,23,0,"fit: 3, efit: 1","fit: 3, efit: 1",,,,0,0,0,0,2,,
2025-12-12 08:25:39,49,23,23,0,"fit: 3, efit: 2","fit: 3, efit: 2",,,,0,0,0,0,2,,
2025-12-12 08:51:11,49,23,23,0,"fit: 3, efit: 3","fit: 3, efit: 3",,,,0,0,0,0,2,,
2025-12-12 08:58:51,49,23,23,0,"fit: 3, efit: 2","fit: 3, efit: 2",,,,0,0,0,0,2,,
2025-12-12 09:03:52,49,23,23,0,"fit: 3, efit: 3","fit: 3, efit: 3",,,,0,0,0,0,2,,
2025-12-12 09:38:57,49,23,23,0,"fit: 3, efit: 3","fit: 3, efit: 2",efit: 1,,,0,0,0,0,2,,
2025-12-12 09:51:26,49,23,23,0,"fit: 3, efit: 4","fit: 3, efit: 3",efit: 1,,,0,0,0,0,2,,
2025-12-12 13:06:27,49,23,23,0,"fit: 3, efit: 3","fit: 3, efit: 2",efit: 1,,,0,0,0,0,2,,
2025-12-12 13:19:29,49,23,23,0,"fit: 3, efit: 2","fit: 3, efit: 1",efit: 1,,,0,0,0,0,2,,
2025-12-12 14:32:34,49,23,23,0,"fit: 3, efit: 4","fit: 3, efit: 4",,,,0,0,0,0,2,,
2025-12-12 14:34:40,49,23,23,0,"fit: 2, efit: 6","fit: 2, efit: 6",,,,0,0,0,0,2,,
2025-12-12 14:37:35,49,23,23,0,"fit: 2, efit: 8","fit: 2, efit: 8",,,,0,0,0,0,2,,
2025-12-12 14:57:36,49,23,23,0,"fit: 2, efit: 9","fit: 2, efit: 9",,,,0,0,0,0,2,,
2025-12-12 15:09:45,49,23,23,0,"fit: 2, efit: 8","fit: 2, efit: 8",,,,0,0,0,0,2,,
2025-12-12 15:29:48,49,23,23,0,"fit: 2, efit: 7","fit: 2, efit: 7",,,,0,0,0,0,2,,
2025-12-12 16:12:48,49,23,23,0,"fit: 2, efit: 6","fit: 2, efit: 6",,,,0,0,0,0,2,,
2025-12-12 16:39:57,49,23,23,0,"fit: 2, efit: 7","fit: 2, efit: 7",,,,0,0,0,0,2,,
2025-12-12 19:18:19,49,23,23,0,"fit: 2, efit: 8","fit: 2, efit: 8",,,,0,0,0,0,2,,
2025-12-12 19:28:21,49,23,23,0,"fit: 2, efit: 7","fit: 2, efit: 7",,,,0,0,0,0,2,,
2025-12-12 20:03:26,49,23,23,0,"fit: 2, efit: 6","fit: 2, efit: 6",,,,0,0,0,0,2,,
2025-12-12 20:43:33,49,23,23,0,"fit: 2, efit: 7","fit: 2, efit: 7",,,,0,0,0,0,2,,
2025-12-12 21:23:40,49,23,23,0,"fit: 2, efit: 6","fit: 2, efit: 6",,,,0,0,0,0,2,,
2025-12-13 00:01:01,49,23,23,0,"fit: 2, efit: 6","fit: 2, efit: 6",,,,0,0,0,0,2,,
2025-12-13 07:15:20,49,23,23,0,"fit: 2, efit: 7","fit: 2, efit: 7",,,,0,0,0,0,2,,
2025-12-13 07:26:35,49,23,23,0,"fit: 2, efit: 7","fit: 2, efit: 6",,,,0,0,0,0,2,,
2025-12-13 10:12:15,49,23,23,0,"fit: 2, efit: 6","fit: 2, efit: 5",,,,0,0,0,0,2,,
2025-12-13 10:32:20,49,23,23,0,"fit: 2, efit: 7","fit: 2, efit: 6",,,,0,0,0,0,2,,
2025-12-13 10:57:26,49,23,23,0,"fit: 2, efit: 6","fit: 2, efit: 5",,,,0,0,0,0,2,,
2025-12-13 17:28:28,49,23,23,0,"fit: 2, efit: 5","fit: 2, efit: 4",,,,0,0,0,0,2,,
2025-12-13 18:23:35,49,23,23,0,"fit: 2, efit: 4","fit: 2, efit: 3",,,,0,0,0,0,2,,
2025-12-14 00:00:34,49,23,23,0,"fit: 2, efit: 4","fit: 2, efit: 3",,,,0,0,0,0,2,,
2025-12-14 14:01:21,49,23,23,0,"fit: 2, efit: 5","fit: 2, efit: 4",,,,0,0,0,0,2,,
2025-12-14 15:36:34,49,23,23,0,"fit: 2, efit: 6","fit: 2, efit: 5",,,,0,0,0,0,2,,
2025-12-14 17:59:51,49,23,23,0,"fit: 2, efit: 7","fit: 2, efit: 6",,,,0,0,0,0,2,,
2025-12-14 20:02:12,49,23,23,0,"fit: 2, efit: 6","fit: 2, efit: 5",,,,0,0,0,0,2,,
2025-12-15 00:01:19,49,23,23,0,"fit: 2, efit: 6","fit: 2, efit: 5",,,,0,0,0,0,2,,
2025-12-15 02:16:52,49,23,23,0,"fit: 2, efit: 6","fit: 2, efit: 5",efit: 1,,,0,0,0,0,2,,
2025-12-15 09:33:36,49,23,23,0,"fit: 2, efit: 7","fit: 2, efit: 6",efit: 1,,,0,0,0,0,2,,
2025-12-15 09:43:38,49,23,23,0,"fit: 2, efit: 8","fit: 2, efit: 7",efit: 1,,,0,0,0,0,2,,
2025-12-15 09:44:07,49,23,23,0,"fit: 2, efit: 9","fit: 2, efit: 8",efit: 1,,,0,0,0,0,2,,
2025-12-15 10:43:52,49,23,23,0,"fit: 2, efit: 8","fit: 2, efit: 8",,,,0,0,0,0,2,,
2025-12-15 10:48:52,49,23,23,0,"fit: 2, efit: 9","fit: 2, efit: 9",,,,0,0,0,0,2,,
2025-12-15 15:47:11,49,23,23,0,"fit: 2, efit: 10","fit: 2, efit: 10",,,,0,0,0,0,2,,
2025-12-16 00:02:02,49,23,23,0,"fit: 2, efit: 10","fit: 2, efit: 10",,,,0,0,0,0,2,,
2025-12-16 09:28:29,49,23,23,0,"fit: 2, efit: 11","fit: 2, efit: 11",,,,0,0,0,0,2,,
2025-12-16 10:00:31,49,23,23,0,"fit: 2, efit: 12","fit: 2, efit: 12",,,,0,0,0,0,2,,
2025-12-16 13:46:10,49,23,23,0,"fit: 2, efit: 12","fit: 2, efit: 11",,,,0,0,0,0,2,,
2025-12-16 14:51:21,49,23,23,0,"fit: 2, efit: 11","fit: 2, efit: 10",,,,0,0,0,0,2,,
2025-12-16 15:01:23,49,23,23,0,"fit: 2, efit: 10","fit: 2, efit: 9",,,,0,0,0,0,2,,
2025-12-16 16:39:37,49,23,23,0,"fit: 2, efit: 10","fit: 2, efit: 8",,,,0,0,0,0,2,,
2025-12-16 17:09:42,49,23,23,0,"fit: 2, efit: 9","fit: 2, efit: 7",,,,0,0,0,0,2,,
2025-12-16 18:44:57,49,23,23,0,"fit: 2, efit: 11","fit: 2, efit: 9",,,,0,0,0,0,2,,
2025-12-16 19:20:02,49,23,23,0,"fit: 2, efit: 11","fit: 2, efit: 8",,,,0,0,0,0,2,,
2025-12-17 00:00:47,49,23,23,0,"fit: 2, efit: 11","fit: 2, efit: 8",,,,0,0,0,0,2,,
2025-12-17 07:29:09,49,23,23,0,"fit: 2, efit: 12","fit: 2, efit: 9",,,,0,0,0,0,2,,
2025-12-17 09:03:51,49,23,23,0,"fit: 2, efit: 13","fit: 2, efit: 10",,,,0,0,0,0,2,,
2025-12-17 09:49:00,49,23,23,0,"fit: 2, efit: 14","fit: 2, efit: 11",,,,0,0,0,0,2,,
2025-12-17 11:22:35,49,23,23,0,"fit: 2, efit: 15","fit: 2, efit: 12",,,,0,0,0,0,2,,
2025-12-17 11:27:36,49,23,23,0,"fit: 2, efit: 16","fit: 2, efit: 13",,,,0,0,0,0,2,,
2025-12-17 11:29:20,49,23,23,0,"fit: 2, efit: 17","fit: 2, efit: 14",,,,0,0,0,0,2,,
2025-12-17 12:34:34,49,23,23,0,"fit: 2, efit: 14","fit: 2, efit: 11",,,,0,0,0,0,2,,
2025-12-17 13:25:11,49,23,23,0,"fit: 2, efit: 15","fit: 2, efit: 12",,,,0,0,0,0,2,,
2025-12-17 13:27:55,49,23,23,0,"fit: 2, efit: 17","fit: 2, efit: 14",,,,0,0,0,0,2,,
2025-12-17 15:08:11,49,23,23,0,"fit: 2, efit: 16","fit: 2, efit: 13",,,,0,0,0,0,2,,
2025-12-17 15:53:18,49,23,23,0,"fit: 2, efit: 15","fit: 2, efit: 12",,,,0,0,0,0,2,,
2025-12-17 16:03:20,49,23,23,0,"fit: 2, efit: 16","fit: 2, efit: 13",,,,0,0,0,0,2,,
2025-12-17 16:18:22,49,23,23,0,"fit: 2, efit: 15","fit: 2, efit: 12",,,,0,0,0,0,2,,
2025-12-17 16:58:28,49,23,23,0,"fit: 2, efit: 14","fit: 2, efit: 11",,,,0,0,0,0,2,,
2025-12-17 17:13:30,49,23,23,0,"fit: 2, efit: 13","fit: 2, efit: 10",,,,0,0,0,0,2,,
2025-12-17 18:35:48,49,23,23,0,"fit: 2, efit: 12","fit: 2, efit: 9",,,,0,0,0,0,2,,
2025-12-17 18:43:44,49,23,23,0,"fit: 2, efit: 13","fit: 2, efit: 10",,,,0,0,0,0,2,,
2025-12-18 00:01:53,49,23,23,0,"fit: 2, efit: 13","fit: 2, efit: 10",,,,0,0,0,0,2,,
2025-12-18 03:47:38,49,23,23,0,"fit: 2, efit: 13","fit: 2, efit: 9",,,,0,0,0,0,2,,
2025-12-18 08:40:52,49,23,23,0,"fit: 2, efit: 14","fit: 2, efit: 10",,,,0,0,0,0,2,,
2025-12-18 09:03:29,49,23,23,0,"fit: 2, efit: 15","fit: 2, efit: 11",,,,0,0,0,0,2,,
2025-12-18 09:18:31,49,23,23,0,"fit: 3, efit: 15","fit: 3, efit: 11",,,,0,0,0,0,2,,
2025-12-18 09:41:02,49,23,23,0,"fit: 3, efit: 16","fit: 3, efit: 12",,,,0,0,0,0,2,,
2025-12-18 09:48:37,49,23,23,0,"fit: 3, efit: 13","fit: 3, efit: 13",,,,0,0,0,0,2,,
2025-12-18 10:13:41,49,23,23,0,"fit: 3, efit: 14","fit: 3, efit: 14",,,,0,0,0,0,2,,
2025-12-18 10:16:07,49,23,23,0,"fit: 3, efit: 15","fit: 3, efit: 15",,,,0,0,0,0,2,,
2025-12-18 10:36:10,49,23,23,0,"fit: 3, efit: 15","fit: 3, efit: 14",,,,0,0,0,0,2,,
2025-12-18 11:28:54,49,23,23,0,"fit: 3, efit: 16","fit: 3, efit: 15",,,,0,0,0,0,2,,
2025-12-18 11:33:55,49,23,23,0,"fit: 3, efit: 16","fit: 3, efit: 16",,,,0,0,0,0,2,,
2025-12-18 11:41:20,49,23,23,0,"fit: 3, efit: 15","fit: 3, efit: 15",,,,0,0,0,0,2,,
2025-12-18 12:14:02,49,23,23,0,"fit: 3, efit: 14","fit: 3, efit: 14",,,,0,0,0,0,2,,
2025-12-18 12:19:03,49,23,23,0,"fit: 3, efit: 15","fit: 3, efit: 15",,,,0,0,0,0,2,,
2025-12-18 12:54:09,49,23,23,0,"fit: 3, efit: 16","fit: 3, efit: 16",,,,0,0,0,0,2,,
2025-12-18 13:44:17,49,23,23,0,"fit: 3, efit: 15","fit: 3, efit: 15",,,,0,0,0,0,2,,
2025-12-18 14:44:28,49,23,23,0,"fit: 3, efit: 16","fit: 3, efit: 16",,,,0,0,0,0,2,,
2025-12-18 14:59:30,49,23,23,0,"fit: 3, efit: 17","fit: 3, efit: 17",,,,0,0,0,0,2,,
2025-12-18 15:11:52,49,23,23,0,"fit: 3, efit: 18","fit: 3, efit: 18",,,,0,0,0,0,2,,
2025-12-18 15:19:33,49,23,23,0,"fit: 3, efit: 16","fit: 3, efit: 16",,,,0,0,0,0,2,,
2025-12-18 15:44:57,49,23,23,0,"fit: 3, efit: 15","fit: 3, efit: 15",,,,0,0,0,0,2,,
2025-12-18 16:17:02,49,23,23,0,"fit: 3, efit: 14","fit: 3, efit: 14",,,,0,0,0,0,2,,
2025-12-18 16:32:04,49,23,23,0,"fit: 3, efit: 13","fit: 3, efit: 13",,,,0,0,0,0,2,,
2025-12-18 17:12:11,49,23,23,0,"fit: 3, efit: 12","fit: 3, efit: 12",,,,0,0,0,0,2,,
2025-12-18 17:19:54,49,23,23,0,"fit: 3, efit: 11","fit: 3, efit: 11",,,,0,0,0,0,2,,
2025-12-19 00:01:04,49,23,23,0,"fit: 3, efit: 11","fit: 3, efit: 11",,,,0,0,0,0,2,,
2025-12-19 07:28:10,49,23,23,0,"fit: 3, efit: 12","fit: 3, efit: 12",,,,0,0,0,0,2,,
2025-12-19 08:42:31,49,23,23,0,"fit: 3, efit: 13","fit: 3, efit: 13",,,,0,0,0,0,2,,
2025-12-19 09:04:35,49,23,23,0,"fit: 4, efit: 13","fit: 4, efit: 13",,,,0,0,0,0,2,,
2025-12-19 09:12:36,49,23,23,0,"fit: 4, efit: 12","fit: 4, efit: 12",,,,0,0,0,0,2,,
2025-12-19 09:27:38,49,23,23,0,"fit: 4, efit: 13","fit: 4, efit: 13",,,,0,0,0,0,2,,
2025-12-19 10:13:44,49,23,23,0,"fit: 4, efit: 14","fit: 4, efit: 14",,,,0,0,0,0,2,,
2025-12-19 10:39:50,49,23,23,0,"fit: 4, efit: 15","fit: 4, efit: 15",,,,0,0,0,0,2,,
2025-12-19 12:30:08,49,23,23,0,"fit: 4, efit: 11","fit: 4, efit: 11",,,,0,0,0,0,2,,
2025-12-19 16:29:59,49,23,23,0,"fit: 4, efit: 10","fit: 4, efit: 10",,,,0,0,0,0,2,,
2025-12-20 00:00:01,49,23,23,0,"fit: 4, efit: 10","fit: 4, efit: 10",,,,0,0,0,0,2,,
2025-12-20 09:11:30,49,23,23,0,"fit: 4, efit: 8","fit: 4, efit: 8",,,,0,0,0,0,2,,
2025-12-20 09:16:31,49,23,23,0,"fit: 1, efit: 7","fit: 1, efit: 7",,,,0,0,0,0,2,,
2025-12-20 09:18:17,49,23,23,0,"fit: 1, efit: 6","fit: 1, efit: 6",,,,0,0,0,0,2,,
2025-12-20 10:08:24,49,23,23,0,"fit: 1, efit: 7","fit: 1, efit: 7",,,,0,0,0,0,2,,
2025-12-20 12:32:04,49,23,23,0,"fit: 1, efit: 4","fit: 1, efit: 4",,,,0,0,0,0,2,,
2025-12-20 12:37:05,49,23,23,0,"fit: 1, efit: 7","fit: 1, efit: 7",,,,0,0,0,0,2,,
2025-12-20 13:32:14,49,23,23,0,"fit: 1, efit: 8","fit: 1, efit: 8",,,,0,0,0,0,2,,
2025-12-20 16:07:40,49,23,23,0,"fit: 1, efit: 7","fit: 1, efit: 7",,,,0,0,0,0,2,,
2025-12-20 18:14:38,49,23,23,0,"fit: 1, efit: 6","fit: 1, efit: 6",,,,0,0,0,0,2,,
2025-12-20 20:53:26,49,23,23,0,"fit: 1, efit: 5","fit: 1, efit: 5",,,,0,0,0,0,2,,
2025-12-21 00:00:31,49,23,23,0,"fit: 1, efit: 5","fit: 1, efit: 5",,,,0,0,0,0,2,,
2025-12-21 10:13:17,49,23,23,0,"fit: 1, efit: 6","fit: 1, efit: 6",,,,0,0,0,0,2,,
2025-12-21 10:52:08,49,23,23,0,"fit: 2, efit: 6","fit: 2, efit: 6",,,,0,0,0,0,2,,
2025-12-21 11:05:43,49,23,23,0,"fit: 2, efit: 7","fit: 2, efit: 7",,,,0,0,0,0,2,,
2025-12-21 13:16:05,49,23,23,0,"fit: 2, efit: 8","fit: 2, efit: 8",,,,0,0,0,0,2,,
2025-12-21 16:51:41,49,23,23,0,"fit: 2, efit: 7","fit: 2, efit: 7",,,,0,0,0,0,2,,
2025-12-21 17:16:45,49,23,23,0,"fit: 2, efit: 5","fit: 2, efit: 5",,,,0,0,0,0,2,,
2025-12-21 17:44:48,49,23,23,0,"fit: 2, efit: 4","fit: 2, efit: 4",,,,0,0,0,0,2,,
2025-12-21 17:56:51,49,23,23,0,"fit: 2, efit: 3","fit: 2, efit: 3",,,,0,0,0,0,2,,
2025-12-21 21:20:32,49,23,23,0,"fit: 2, efit: 2","fit: 2, efit: 2",,,,0,0,0,0,2,,
2025-12-22 00:01:04,49,23,23,0,"fit: 2, efit: 2","fit: 2, efit: 2",,,,0,0,0,0,2,,
2025-12-22 07:27:34,49,23,23,0,"fit: 2, efit: 3","fit: 2, efit: 3",,,,0,0,0,0,2,,
2025-12-22 08:30:27,49,23,23,0,"fit: 2, efit: 4","fit: 2, efit: 4",,,,0,0,0,0,2,,
2025-12-22 09:20:35,49,23,23,0,"fit: 2, efit: 5","fit: 2, efit: 5",,,,0,0,0,0,2,,
2025-12-22 09:49:26,49,23,23,0,"fit: 3, efit: 5","fit: 3, efit: 5",,,,0,0,0,0,2,,
2025-12-22 09:50:39,49,23,23,0,"fit: 3, efit: 6","fit: 3, efit: 6",,,,0,0,0,0,2,,
2025-12-22 11:13:20,49,23,23,0,"fit: 3, efit: 7","fit: 3, efit: 7",,,,0,0,0,0,2,,
2025-12-22 12:23:34,49,23,23,0,"fit: 3, efit: 8","fit: 3, efit: 8",,,,0,0,0,0,2,,
2025-12-22 14:34:00,49,23,23,0,"fit: 3, efit: 7","fit: 3, efit: 7",,,,0,0,0,0,2,,
2025-12-22 15:39:14,49,23,23,0,"fit: 3, efit: 7","fit: 3, efit: 6",,,,0,0,0,0,2,,
2025-12-22 15:41:32,49,23,23,0,"fit: 3, efit: 7","fit: 3, efit: 7",,,,0,0,0,0,2,,
2025-12-22 15:44:15,49,23,23,0,"fit: 3, efit: 6","fit: 3, efit: 6",,,,0,0,0,0,2,,
2025-12-22 16:14:21,49,23,23,0,"fit: 3, efit: 5","fit: 3, efit: 5",,,,0,0,0,0,2,,
2025-12-22 17:15:40,49,23,23,0,"fit: 3, efit: 6","fit: 3, efit: 6",,,,0,0,0,0,2,,
2025-12-22 19:36:03,49,23,23,0,"fit: 3, efit: 5","fit: 3, efit: 5",,,,0,0,0,0,2,,
2025-12-22 20:20:11,49,23,23,0,"fit: 3, efit: 4","fit: 3, efit: 4",,,,0,0,0,0,2,,
2025-12-22 20:41:14,49,23,23,0,"fit: 3, efit: 5","fit: 3, efit: 5",,,,0,0,0,0,2,,
2025-12-23 00:00:55,49,23,23,0,"fit: 3, efit: 5","fit: 3, efit: 5",,,,0,0,0,0,2,,
2025-12-23 07:27:25,49,23,23,0,"fit: 3, efit: 6","fit: 3, efit: 6",,,,0,0,0,0,2,,
2025-12-23 09:02:44,49,23,23,0,"fit: 3, efit: 7","fit: 3, efit: 7",,,,0,0,0,0,2,,
2025-12-23 09:47:53,49,23,23,0,"fit: 3, efit: 8","fit: 3, efit: 8",,,,0,0,0,0,2,,
2025-12-23 10:53:06,49,23,23,0,"fit: 3, efit: 9","fit: 3, efit: 9",,,,0,0,0,0,2,,
2025-12-23 13:13:34,49,23,23,0,"fit: 3, efit: 8","fit: 3, efit: 8",,,,0,0,0,0,2,,
2025-12-23 15:08:57,49,23,23,0,"fit: 3, efit: 7","fit: 3, efit: 7",,,,0,0,0,0,2,,
2025-12-23 15:49:05,49,23,23,0,"fit: 3, efit: 5","fit: 3, efit: 5",,,,0,0,0,0,2,,
2025-12-23 17:05:22,49,23,23,0,"fit: 3, efit: 4","fit: 3, efit: 4",,,,0,0,0,0,2,,
2025-12-23 19:15:42,49,23,23,0,"fit: 3, efit: 3","fit: 3, efit: 3",,,,0,0,0,0,2,,
2025-12-24 00:00:37,49,23,23,0,"fit: 3, efit: 3","fit: 3, efit: 3",,,,0,0,0,0,2,,
2025-12-24 10:57:50,49,23,23,0,"fit: 3, efit: 3","fit: 3, efit: 2",,,,0,0,0,0,2,,
2025-12-24 11:57:32,49,23,23,0,"fit: 3, efit: 4","fit: 3, efit: 3",,,,0,0,0,0,2,,
2025-12-24 14:12:54,49,23,23,0,"fit: 3, efit: 3","fit: 3, efit: 2",,,,0,0,0,0,2,,
2025-12-24 14:32:57,49,23,23,0,"fit: 3, efit: 4","fit: 3, efit: 3",,,,0,0,0,0,2,,
2025-12-25 00:00:25,49,23,23,0,"fit: 3, efit: 4","fit: 3, efit: 3",,,,0,0,0,0,2,,
2025-12-25 11:36:23,49,23,23,0,"fit: 4, efit: 4","fit: 4, efit: 3",,,,0,0,0,0,2,,
2025-12-25 15:47:04,49,23,23,0,"fit: 4, efit: 5","fit: 4, efit: 4",,,,0,0,0,0,2,,
2025-12-25 15:58:36,49,23,23,0,"fit: 4, efit: 4","fit: 4, efit: 3",,,,0,0,0,0,2,,
2025-12-25 16:03:37,49,23,23,0,"fit: 4, efit: 3","fit: 4, efit: 2",,,,0,0,0,0,2,,
2025-12-25 16:32:11,49,23,23,0,"fit: 4, efit: 5","fit: 4, efit: 4",,,,0,0,0,0,2,,
2025-12-26 00:00:14,49,23,23,0,"fit: 4, efit: 5","fit: 4, efit: 4",,,,0,0,0,0,2,,
2025-12-26 08:19:46,49,23,23,0,"fit: 4, efit: 5","fit: 4, efit: 4",efit: 1,,,0,0,0,0,2,,
2025-12-26 13:02:52,49,23,23,0,"fit: 4, efit: 4","fit: 4, efit: 3",efit: 1,,,0,0,0,0,2,,
2025-12-26 13:35:39,49,23,23,0,"fit: 4, efit: 5","fit: 4, efit: 4",efit: 1,,,0,0,0,0,2,,
2025-12-26 20:41:40,49,23,23,0,"fit: 4, efit: 4","fit: 4, efit: 3",efit: 1,,,0,0,0,0,2,,
2025-12-27 00:00:05,49,23,23,0,"fit: 4, efit: 4","fit: 4, efit: 3",efit: 1,,,0,0,0,0,2,,
2025-12-27 09:33:35,49,23,23,0,"fit: 4, efit: 3","fit: 4, efit: 3",,,,0,0,0,0,2,,
2025-12-27 13:07:43,49,23,23,0,"fit: 5, efit: 3","fit: 5, efit: 3",,,,0,0,0,0,2,,
2025-12-27 13:29:11,49,23,23,0,"fit: 5, efit: 2","fit: 5, efit: 2",,,,0,0,0,0,2,,
2025-12-27 16:58:29,49,23,23,0,"fit: 5, efit: 3","fit: 5, efit: 3",,,,0,0,0,0,2,,
2025-12-27 17:33:36,49,23,23,0,"fit: 5, efit: 2","fit: 5, efit: 2",,,,0,0,0,0,2,,
2025-12-27 18:13:44,49,23,23,0,"fit: 5, efit: 1","fit: 5, efit: 1",,,,0,0,0,0,2,,
2025-12-28 00:00:49,49,23,23,0,"fit: 5, efit: 1","fit: 5, efit: 1",,,,0,0,0,0,2,,
2025-12-28 13:32:38,49,23,23,0,"fit: 5, efit: 2","fit: 5, efit: 2",,,,0,0,0,0,2,,
2025-12-28 14:47:53,49,23,23,0,"fit: 5, efit: 3","fit: 5, efit: 3",,,,0,0,0,0,2,,
2025-12-28 16:08:09,49,23,23,0,"fit: 5, efit: 2","fit: 5, efit: 2",,,,0,0,0,0,2,,
2025-12-28 16:33:14,49,23,23,0,fit: 4,fit: 4,,,,0,0,0,0,2,,
2025-12-28 17:38:27,49,23,23,0,"fit: 4, efit: 3","fit: 4, efit: 2",efit: 1,,,0,0,0,0,2,,
2025-12-28 17:53:30,49,23,23,0,"fit: 4, efit: 2","fit: 4, efit: 1",efit: 1,,,0,0,0,0,2,,
2025-12-29 00:00:07,49,23,23,0,"fit: 4, efit: 2","fit: 4, efit: 1",efit: 1,,,0,0,0,0,2,,
2025-12-29 09:50:52,49,23,23,0,"fit: 4, efit: 1","fit: 4, efit: 1",,,,0,0,0,0,2,,
2025-12-29 09:55:52,49,23,23,0,"fit: 4, efit: 2","fit: 4, efit: 2",,,,0,0,0,0,2,,
2025-12-29 11:26:06,49,23,23,0,"fit: 4, efit: 3","fit: 4, efit: 3",,,,0,0,0,0,2,,
2025-12-29 13:01:21,49,23,23,0,"fit: 4, efit: 4","fit: 4, efit: 4",,,,0,0,0,0,2,,
2025-12-29 17:30:25,49,23,23,0,"fit: 4, efit: 3","fit: 4, efit: 3",,,,0,0,0,0,2,,
2025-12-30 00:01:25,49,23,23,0,"fit: 4, efit: 3","fit: 4, efit: 3",,,,0,0,0,0,2,,
2025-12-30 13:11:08,49,23,23,0,"fit: 4, efit: 4","fit: 4, efit: 4",,,,0,0,0,0,2,,
2025-12-30 16:28:55,49,23,23,0,"fit: 4, efit: 3","fit: 4, efit: 3",,,,0,0,0,0,2,,
2025-12-30 17:26:49,49,23,23,0,"fit: 4, efit: 2","fit: 4, efit: 2",,,,0,0,0,0,2,,
2025-12-31 00:00:05,49,23,23,0,"fit: 4, efit: 2","fit: 4, efit: 2",,,,0,0,0,0,2,,
2025-12-31 19:51:09,49,23,23,0,"fit: 4, efit: 1","fit: 4, efit: 1",,,,0,0,0,0,2,,
2025-12-31 20:51:19,49,23,23,0,"fit: 4, efit: 2","fit: 4, efit: 2",,,,0,0,0,0,2,,
2025-12-31 20:56:20,49,23,23,0,"fit: 4, efit: 1","fit: 4, efit: 1",,,,0,0,0,0,2,,
2026-01-01 00:01:50,49,23,23,0,"fit: 4, efit: 1","fit: 4, efit: 1",,,,0,0,0,0,2,,
2026-01-01 16:16:12,49,23,23,0,"fit: 4, efit: 2","fit: 4, efit: 2",,,,0,0,0,0,2,,
2026-01-01 16:17:17,49,23,23,0,"fit: 4, efit: 4","fit: 4, efit: 3",,,,0,0,0,0,2,,
2026-01-02 00:00:46,49,23,23,0,"fit: 4, efit: 4","fit: 4, efit: 3",,,,0,0,0,0,2,,
2026-01-02 13:11:31,49,23,23,0,"fit: 4, efit: 3","fit: 4, efit: 2",,,,0,0,0,0,2,,
2026-01-02 14:06:42,49,23,23,0,"fit: 4, efit: 4","fit: 4, efit: 3",,,,0,0,0,0,2,,
2026-01-02 21:38:13,49,23,23,0,"fit: 4, efit: 4","fit: 4, efit: 3",efit: 1,,,0,0,0,0,2,,
2026-01-02 22:44:31,49,23,23,0,"fit: 4, efit: 4","fit: 4, efit: 3",,,,0,0,0,0,2,,
2026-01-02 23:18:34,49,23,23,0,"fit: 4, efit: 4","fit: 4, efit: 3",efit: 1,,,0,0,0,0,2,,
2026-01-02 23:53:41,49,23,23,0,"fit: 4, efit: 4","fit: 4, efit: 3",,,,0,0,0,0,2,,
2026-01-03 00:01:06,49,23,23,0,"fit: 4, efit: 4","fit: 4, efit: 3",,,,0,0,0,0,2,,
2026-01-03 00:18:46,49,23,23,0,"fit: 4, efit: 4","fit: 4, efit: 3",efit: 1,,,0,0,0,0,2,,
2026-01-03 00:49:52,49,23,23,0,"fit: 4, efit: 4","fit: 4, efit: 3",,,,0,0,0,0,2,,
2026-01-03 01:11:17,49,23,23,0,"fit: 4, efit: 4","fit: 4, efit: 3",efit: 1,,,0,0,0,0,2,,
2026-01-03 02:19:10,49,23,23,0,"fit: 4, efit: 4","fit: 4, efit: 3",,,,0,0,0,0,2,,
2026-01-03 02:41:31,49,23,23,0,"fit: 4, efit: 4","fit: 4, efit: 3",efit: 1,,,0,0,0,0,2,,
2026-01-03 03:21:37,49,23,23,0,"fit: 4, efit: 4","fit: 4, efit: 3",,,,0,0,0,0,2,,
2026-01-03 03:45:21,49,23,23,0,"fit: 4, efit: 4","fit: 4, efit: 3",efit: 1,,,0,0,0,0,2,,
2026-01-03 05:40:39,49,23,23,0,"fit: 4, efit: 4","fit: 4, efit: 3",,,,0,0,0,0,2,,
2026-01-03 06:05:44,49,23,23,0,"fit: 4, efit: 4","fit: 4, efit: 3",efit: 1,,,0,0,0,0,2,,
2026-01-03 06:30:01,49,23,23,0,"fit: 4, efit: 4","fit: 4, efit: 3",,,,0,0,0,0,2,,
2026-01-03 06:55:06,49,23,23,0,"fit: 4, efit: 4","fit: 4, efit: 3",efit: 1,,,0,0,0,0,2,,
2026-01-03 08:15:22,49,23,23,0,"fit: 4, efit: 4","fit: 4, efit: 3",,,,0,0,0,0,2,,
2026-01-03 08:40:27,49,23,23,0,"fit: 4, efit: 4","fit: 4, efit: 3",efit: 1,,,0,0,0,0,2,,
2026-01-03 08:45:28,49,23,23,0,"fit: 4, efit: 4","fit: 4, efit: 3",,,,0,0,0,0,2,,
2026-01-03 09:21:16,49,23,23,0,"fit: 4, efit: 4","fit: 4, efit: 3",efit: 1,,,0,0,0,0,2,,
2026-01-03 11:15:59,49,23,23,0,"fit: 4, efit: 4","fit: 4, efit: 3",,,,0,0,0,0,2,,
2026-01-03 11:41:04,49,23,23,0,"fit: 4, efit: 4","fit: 4, efit: 3",efit: 1,,,0,0,0,0,2,,
2026-01-03 12:01:42,49,23,23,0,"fit: 4, efit: 5","fit: 4, efit: 4",efit: 1,,,0,0,0,0,2,,
2026-01-03 12:21:12,49,23,23,0,"fit: 4, efit: 4","fit: 4, efit: 4",,,,0,0,0,0,2,,
2026-01-03 12:26:13,49,23,23,0,"fit: 4, efit: 5","fit: 4, efit: 5",,,,0,0,0,0,2,,
2026-01-03 13:18:08,49,23,23,0,"fit: 4, efit: 6","fit: 4, efit: 6",,,,0,0,0,0,2,,
2026-01-04 00:03:35,49,23,23,0,"fit: 4, efit: 6","fit: 4, efit: 6",,,,0,0,0,0,2,,
2026-01-04 02:55:12,49,23,23,0,"fit: 4, efit: 6","fit: 4, efit: 5",,,,0,0,0,0,2,,
2026-01-04 10:40:22,49,23,23,0,"fit: 4, efit: 6","fit: 4, efit: 4",,,,0,0,0,0,2,,
2026-01-04 11:55:34,49,23,23,0,"fit: 4, efit: 7","fit: 4, efit: 5",,,,0,0,0,0,2,,
2026-01-04 14:31:00,49,23,23,0,"fit: 4, efit: 6","fit: 4, efit: 5",,,,0,0,0,0,2,,
2026-01-04 14:31:27,49,23,23,0,"fit: 4, efit: 7","fit: 4, efit: 6",,,,0,0,0,0,2,,
2026-01-04 14:31:59,49,23,23,0,"fit: 4, efit: 6","fit: 4, efit: 6",,,,0,0,0,0,2,,
2026-01-04 14:46:02,49,23,23,0,"fit: 4, efit: 7","fit: 4, efit: 7",,,,0,0,0,0,2,,
2026-01-04 17:17:25,49,23,23,0,"fit: 4, efit: 6","fit: 4, efit: 6",,,,0,0,0,0,2,,
2026-01-05 00:02:34,49,23,23,0,"fit: 4, efit: 6","fit: 4, efit: 6",,,,0,0,0,0,2,,
2026-01-05 00:27:38,49,23,23,0,"fit: 4, efit: 6","fit: 4, efit: 5",,,,0,0,0,0,2,,
2026-01-05 07:24:32,49,23,23,0,"fit: 4, efit: 7","fit: 4, efit: 6",,,,0,0,0,0,2,,
2026-01-05 08:13:54,49,23,23,0,"fit: 4, efit: 8","fit: 4, efit: 7",,,,0,0,0,0,2,,
2026-01-05 08:18:55,49,23,23,0,"fit: 4, efit: 7","fit: 4, efit: 6",,,,0,0,0,0,2,,
2026-01-05 08:28:57,49,23,23,0,"fit: 4, efit: 7","fit: 4, efit: 5",,,,0,0,0,0,2,,
2026-01-05 08:43:59,49,23,23,0,"fit: 4, efit: 8","fit: 4, efit: 5",,,,0,0,0,0,2,,
2026-01-05 09:09:04,49,23,23,0,"fit: 4, efit: 9","fit: 4, efit: 6",,,,0,0,0,0,2,,
2026-01-05 09:24:06,49,23,23,0,"fit: 4, efit: 11","fit: 4, efit: 8",,,,0,0,0,0,2,,
2026-01-05 09:44:54,49,23,23,0,"fit: 4, efit: 10","fit: 4, efit: 8",,,,0,0,0,0,2,,
2026-01-05 09:49:10,49,23,23,0,"fit: 4, efit: 9","fit: 4, efit: 9",,,,0,0,0,0,2,,
2026-01-05 10:19:15,49,23,23,0,"fit: 5, efit: 9","fit: 5, efit: 9",,,,0,0,0,0,2,,
2026-01-05 13:25:29,49,23,23,0,"fit: 5, efit: 9","fit: 5, efit: 8",,,,0,0,0,0,2,,
2026-01-05 13:34:48,49,23,23,0,"fit: 5, efit: 8","fit: 5, efit: 7",,,,0,0,0,0,2,,
2026-01-05 15:10:46,49,23,23,0,"fit: 5, efit: 7","fit: 5, efit: 6",,,,0,0,0,0,2,,
2026-01-05 15:25:08,49,23,23,0,"fit: 5, efit: 6","fit: 5, efit: 6",,,,0,0,0,0,2,,
2026-01-05 15:30:49,49,23,23,0,"fit: 5, efit: 5","fit: 5, efit: 5",,,,0,0,0,0,2,,
2026-01-05 16:01:36,49,23,23,0,"fit: 5, efit: 4","fit: 5, efit: 4",,,,0,0,0,0,2,,
2026-01-05 16:20:17,49,23,23,0,"fit: 5, efit: 3","fit: 5, efit: 3",,,,0,0,0,0,2,,
2026-01-05 16:50:22,49,23,23,0,"fit: 5, efit: 2","fit: 5, efit: 2",,,,0,0,0,0,2,,
2026-01-05 17:16:52,49,23,23,0,"fit: 5, efit: 1","fit: 5, efit: 1",,,,0,0,0,0,2,,
2026-01-05 18:20:37,49,23,23,0,"fit: 5, efit: 1",fit: 5,,,,0,0,0,0,2,,
2026-01-06 00:01:33,49,23,23,0,"fit: 5, efit: 1",fit: 5,,,,0,0,0,0,2,,
2026-01-06 04:42:20,49,23,23,0,"fit: 5, efit: 2","fit: 5, efit: 1",,,,0,0,0,0,2,,
2026-01-06 07:24:45,49,23,23,0,"fit: 5, efit: 3","fit: 5, efit: 2",,,,0,0,0,0,2,,
2026-01-06 08:40:01,49,23,23,0,"fit: 5, efit: 4","fit: 5, efit: 3",,,,0,0,0,0,2,,
2026-01-06 08:53:01,49,23,23,0,"fit: 6, efit: 4","fit: 6, efit: 3",,,,0,0,0,0,2,,
2026-01-06 09:23:35,49,23,23,0,"fit: 7, efit: 4","fit: 7, efit: 3",,,,0,0,0,0,2,,
2026-01-06 09:33:37,49,23,23,0,"fit: 7, efit: 5","fit: 7, efit: 4",,,,0,0,0,0,2,,
2026-01-06 10:13:15,49,23,23,0,"fit: 7, efit: 6","fit: 7, efit: 5",,,,0,0,0,0,2,,
2026-01-06 10:18:16,49,23,23,0,"fit: 7, efit: 5","fit: 7, efit: 4",,,,0,0,0,0,2,,
2026-01-06 10:23:16,49,23,23,0,"fit: 7, efit: 4","fit: 7, efit: 4",,,,0,0,0,0,2,,
2026-01-06 10:48:21,49,23,23,0,"fit: 7, efit: 5","fit: 7, efit: 5",,,,0,0,0,0,2,,
2026-01-06 11:28:27,49,23,23,0,"fit: 7, efit: 6","fit: 7, efit: 5",,,,0,0,0,0,2,,
2026-01-06 15:29:07,49,23,23,0,"fit: 7, efit: 5","fit: 7, efit: 4",,,,0,0,0,0,2,,
2026-01-06 15:31:25,49,23,23,0,"fit: 7, efit: 4","fit: 7, efit: 3",,,,0,0,0,0,2,,
2026-01-06 16:09:13,49,23,23,0,"fit: 7, efit: 2","fit: 7, efit: 1",,,,0,0,0,0,2,,
2026-01-06 16:24:16,49,23,23,0,"fit: 7, efit: 1",fit: 7,,,,0,0,0,0,2,,
2026-01-06 16:29:17,49,23,23,0,"fit: 6, efit: 1",fit: 6,,,,0,0,0,0,2,,
2026-01-06 16:49:20,49,23,23,0,"fit: 5, efit: 1",fit: 5,,,,0,0,0,0,2,,
2026-01-06 17:04:22,49,23,23,0,"fit: 4, efit: 1",fit: 4,,,,0,0,0,0,2,,
2026-01-06 17:09:23,49,23,23,0,"fit: 5, efit: 1",fit: 5,,,,0,0,0,0,2,,
2026-01-06 17:11:45,49,23,23,0,"fit: 4, efit: 1",fit: 4,,,,0,0,0,0,2,,
2026-01-07 00:00:32,49,23,23,0,"fit: 4, efit: 1",fit: 4,,,,0,0,0,0,2,,
2026-01-07 07:19:36,49,23,23,0,"fit: 4, efit: 2","fit: 4, efit: 1",,,,0,0,0,0,2,,
2026-01-07 07:59:44,49,23,23,0,"fit: 4, efit: 3","fit: 4, efit: 2",,,,0,0,0,0,2,,
2026-01-07 08:39:52,49,23,23,0,"fit: 4, efit: 4","fit: 4, efit: 3",,,,0,0,0,0,2,,
2026-01-07 08:51:59,49,23,23,0,"fit: 4, efit: 5","fit: 4, efit: 4",,,,0,0,0,0,2,,
2026-01-07 09:02:00,49,23,23,0,"fit: 4, efit: 6","fit: 4, efit: 5",,,,0,0,0,0,2,,
2026-01-07 09:35:03,49,23,23,0,"fit: 4, efit: 7","fit: 4, efit: 6",,,,0,0,0,0,2,,
2026-01-07 10:22:14,49,23,23,0,"fit: 4, efit: 8","fit: 4, efit: 7",,,,0,0,0,0,2,,
2026-01-07 10:35:15,49,23,23,0,"fit: 4, efit: 9","fit: 4, efit: 8",,,,0,0,0,0,2,,
2026-01-07 10:57:20,49,23,23,0,"fit: 4, efit: 10","fit: 4, efit: 9",,,,0,0,0,0,2,,
2026-01-07 11:35:27,49,23,23,0,"fit: 4, efit: 9","fit: 4, efit: 9",,,,0,0,0,0,2,,
2026-01-07 15:58:10,49,23,23,0,"fit: 4, efit: 8","fit: 4, efit: 8",,,,0,0,0,0,2,,
2026-01-07 16:01:22,49,23,23,0,"fit: 4, efit: 7","fit: 4, efit: 7",,,,0,0,0,0,2,,
2026-01-07 16:36:29,49,23,23,0,"fit: 4, efit: 6","fit: 4, efit: 6",,,,0,0,0,0,2,,
2026-01-07 16:41:30,49,23,23,0,"fit: 4, efit: 5","fit: 4, efit: 5",,,,0,0,0,0,2,,
2026-01-07 16:56:33,49,23,23,0,"fit: 4, efit: 4","fit: 4, efit: 4",,,,0,0,0,0,2,,
2026-01-07 17:08:21,49,23,23,0,"fit: 4, efit: 3","fit: 4, efit: 3",,,,0,0,0,0,2,,
2026-01-07 18:23:34,49,23,23,0,"fit: 4, efit: 2","fit: 4, efit: 2",,,,0,0,0,0,2,,
2026-01-07 18:53:39,49,23,23,0,"fit: 4, efit: 3","fit: 4, efit: 3",,,,0,0,0,0,2,,
2026-01-07 19:12:01,49,23,23,0,"fit: 4, efit: 2","fit: 4, efit: 2",,,,0,0,0,0,2,,
2026-01-07 20:32:17,49,23,23,0,"fit: 4, efit: 2","fit: 4, efit: 1",,,,0,0,0,0,2,,
2026-01-08 00:02:59,49,23,23,0,"fit: 4, efit: 2","fit: 4, efit: 1",,,,0,0,0,0,2,,
2026-01-08 07:24:29,49,23,23,0,"fit: 4, efit: 3","fit: 4, efit: 2",,,,0,0,0,0,2,,
2026-01-08 08:40:54,49,23,23,0,"fit: 4, efit: 4","fit: 4, efit: 3",,,,0,0,0,0,2,,
2026-01-08 08:44:45,49,23,23,0,"fit: 4, efit: 5","fit: 4, efit: 4",,,,0,0,0,0,2,,
2026-01-08 08:49:46,49,23,23,0,"fit: 4, efit: 6","fit: 4, efit: 5",,,,0,0,0,0,2,,
2026-01-08 08:55:57,49,23,23,0,"fit: 4, efit: 7","fit: 4, efit: 6",,,,0,0,0,0,2,,
2026-01-08 09:24:53,49,23,23,0,"fit: 4, efit: 8","fit: 4, efit: 7",,,,0,0,0,0,2,,
2026-01-08 10:11:10,49,23,23,0,"fit: 4, efit: 9","fit: 4, efit: 8",,,,0,0,0,0,2,,
2026-01-08 11:20:18,49,23,23,0,"fit: 4, efit: 10","fit: 4, efit: 9",,,,0,0,0,0,2,,
2026-01-08 11:26:16,49,23,23,0,"fit: 4, efit: 9","fit: 4, efit: 8",,,,0,0,0,0,2,,
2026-01-08 11:55:25,49,23,23,0,"fit: 5, efit: 9","fit: 5, efit: 8",,,,0,0,0,0,2,,
2026-01-08 12:20:30,49,23,23,0,"fit: 5, efit: 8","fit: 5, efit: 7",,,,0,0,0,0,2,,
2026-01-08 13:20:42,49,23,23,0,"fit: 5, efit: 9","fit: 5, efit: 7",efit: 1,,,0,0,0,0,2,,
2026-01-08 13:31:32,49,23,23,0,"fit: 5, efit: 10","fit: 5, efit: 8",efit: 1,,,0,0,0,0,2,,
2026-01-08 13:35:45,49,23,23,0,"fit: 5, efit: 10","fit: 5, efit: 9",,,,0,0,0,0,2,,
2026-01-08 14:01:37,49,23,23,0,"fit: 5, efit: 9","fit: 5, efit: 8",,,,0,0,0,0,2,,
2026-01-08 15:11:05,49,23,23,0,"fit: 5, efit: 8","fit: 5, efit: 7",,,,0,0,0,0,2,,
2026-01-08 15:21:07,49,23,23,0,"fit: 5, efit: 7","fit: 5, efit: 6",,,,0,0,0,0,2,,
2026-01-08 16:06:16,49,23,23,0,"fit: 5, efit: 6","fit: 5, efit: 5",,,,0,0,0,0,2,,
2026-01-08 16:57:04,49,23,23,0,"fit: 4, efit: 6","fit: 4, efit: 5",,,,0,0,0,0,2,,
2026-01-08 17:01:29,49,23,23,0,"fit: 4, efit: 5","fit: 4, efit: 4",,,,0,0,0,0,2,,
2026-01-08 17:02:04,49,23,23,0,"fit: 4, efit: 4","fit: 4, efit: 3",,,,0,0,0,0,2,,
2026-01-08 17:06:30,49,23,23,0,"fit: 4, efit: 2","fit: 4, efit: 1",,,,0,0,0,0,2,,
2026-01-08 19:16:56,49,23,23,0,"fit: 4, efit: 1",fit: 4,,,,0,0,0,0,2,,
2026-01-09 00:02:54,49,23,23,0,"fit: 4, efit: 1",fit: 4,,,,0,0,0,0,2,,
2026-01-09 07:19:13,49,23,23,0,"fit: 4, efit: 2","fit: 4, efit: 1",,,,0,0,0,0,2,,
2026-01-09 08:34:25,49,23,23,0,"fit: 4, efit: 3","fit: 4, efit: 2",,,,0,0,0,0,2,,
2026-01-09 08:59:28,49,23,23,0,"fit: 4, efit: 4","fit: 4, efit: 3",,,,0,0,0,0,2,,
2026-01-09 09:09:30,49,23,23,0,"fit: 4, efit: 5","fit: 4, efit: 4",,,,0,0,0,0,2,,
2026-01-09 09:24:32,49,23,23,0,"fit: 4, efit: 6","fit: 4, efit: 5",,,,0,0,0,0,2,,
2026-01-09 09:44:35,49,23,23,0,"fit: 4, efit: 7","fit: 4, efit: 6",,,,0,0,0,0,2,,
2026-01-09 10:49:46,49,23,23,0,"fit: 4, efit: 8","fit: 4, efit: 7",,,,0,0,0,0,2,,
2026-01-09 11:09:49,49,23,23,0,"fit: 4, efit: 9","fit: 4, efit: 8",,,,0,0,0,0,2,,
2026-01-09 11:49:56,49,23,23,0,"fit: 4, efit: 10","fit: 4, efit: 9",,,,0,0,0,0,2,,
2026-01-09 11:54:56,49,23,23,0,"fit: 4, efit: 11","fit: 4, efit: 10",,,,0,0,0,0,2,,
2026-01-09 11:55:16,49,23,23,0,"fit: 4, efit: 10","fit: 4, efit: 9",,,,0,0,0,0,2,,
2026-01-09 13:05:08,49,23,23,0,"fit: 4, efit: 9","fit: 4, efit: 8",,,,0,0,0,0,2,,
2026-01-09 14:20:20,49,23,23,0,"fit: 4, efit: 8","fit: 4, efit: 7",,,,0,0,0,0,2,,
2026-01-09 15:05:27,49,23,23,0,"fit: 4, efit: 7","fit: 4, efit: 6",,,,0,0,0,0,2,,
2026-01-09 15:50:33,49,23,23,0,"fit: 4, efit: 8","fit: 4, efit: 7",,,,0,0,0,0,2,,
2026-01-09 16:15:38,49,23,23,0,"fit: 4, efit: 7","fit: 4, efit: 6",,,,0,0,0,0,2,,
2026-01-09 16:50:43,49,23,23,0,"fit: 4, efit: 5","fit: 4, efit: 4",,,,0,0,0,0,2,,
2026-01-09 17:00:45,49,23,23,0,"fit: 4, efit: 4","fit: 4, efit: 3",,,,0,0,0,0,2,,
2026-01-09 17:30:49,49,23,23,0,"fit: 4, efit: 3","fit: 4, efit: 2",,,,0,0,0,0,2,,
2026-01-09 18:10:56,49,23,23,0,"fit: 4, efit: 5","fit: 4, efit: 4",,,,0,0,0,0,2,,
2026-01-09 18:15:56,49,23,23,0,"fit: 4, efit: 3","fit: 4, efit: 2",,,,0,0,0,0,2,,
2026-01-09 18:36:22,49,23,23,0,"fit: 4, efit: 2","fit: 4, efit: 1",,,,0,0,0,0,2,,
2026-01-09 19:16:06,49,23,23,0,"fit: 4, efit: 2","fit: 4, efit: 1",efit: 1,,,0,0,0,0,2,,
2026-01-10 00:01:51,49,23,23,0,"fit: 4, efit: 2","fit: 4, efit: 1",efit: 1,,,0,0,0,0,2,,
2026-01-10 09:48:20,49,23,23,0,"fit: 4, efit: 1",fit: 4,efit: 1,,,0,0,0,0,2,,
2026-01-10 09:48:51,49,23,23,0,"fit: 4, efit: 2","fit: 4, efit: 1",efit: 1,,,0,0,0,0,2,,
2026-01-10 09:49:38,49,23,23,0,"fit: 4, efit: 1","fit: 4, efit: 1",,,,0,0,0,0,2,,
2026-01-10 09:53:21,49,23,23,0,"fit: 2, efit: 2","fit: 2, efit: 2",,,,0,0,0,0,2,,
2026-01-10 11:38:37,49,23,23,0,"fit: 2, efit: 3","fit: 2, efit: 3",,,,0,0,0,0,2,,
2026-01-10 11:53:39,49,23,23,0,"fit: 2, efit: 4","fit: 2, efit: 4",,,,0,0,0,0,2,,
2026-01-10 12:13:42,49,23,23,0,"fit: 2, efit: 5","fit: 2, efit: 5",,,,0,0,0,0,2,,
2026-01-10 12:53:48,49,23,23,0,"fit: 2, efit: 4","fit: 2, efit: 4",,,,0,0,0,0,2,,
2026-01-10 13:53:58,49,23,23,0,"fit: 2, efit: 5","fit: 2, efit: 5",,,,0,0,0,0,2,,
2026-01-10 14:49:06,49,23,23,0,"fit: 2, efit: 4","fit: 2, efit: 4",,,,0,0,0,0,2,,
2026-01-10 17:39:32,49,23,23,0,"fit: 2, efit: 3","fit: 2, efit: 3",,,,0,0,0,0,2,,
2026-01-10 21:40:09,49,23,23,0,"fit: 2, efit: 4","fit: 2, efit: 4",,,,0,0,0,0,2,,
2026-01-11 00:00:31,49,23,23,0,"fit: 2, efit: 4","fit: 2, efit: 4",,,,0,0,0,0,2,,
2026-01-11 09:34:24,49,23,23,0,"fit: 2, efit: 5","fit: 2, efit: 4",,,,0,0,0,0,2,,
2026-01-11 09:36:59,49,23,23,0,"fit: 2, efit: 5","fit: 2, efit: 5",,,,0,0,0,0,2,,
2026-01-11 12:17:24,49,23,23,0,"fit: 2, efit: 6","fit: 2, efit: 6",,,,0,0,0,0,2,,
2026-01-11 12:32:26,49,23,23,0,"fit: 2, efit: 7","fit: 2, efit: 7",,,,0,0,0,0,2,,
2026-01-11 16:40:50,49,23,23,0,"fit: 2, efit: 6","fit: 2, efit: 6",,,,0,0,0,0,2,,
2026-01-11 17:43:14,49,23,23,0,"fit: 2, efit: 7","fit: 2, efit: 7",,,,0,0,0,0,2,,
2026-01-11 19:48:33,49,23,23,0,"fit: 2, efit: 6","fit: 2, efit: 6",,,,0,0,0,0,2,,
2026-01-11 23:55:06,49,23,23,0,"fit: 2, efit: 5","fit: 2, efit: 5",,,,0,0,0,0,2,,
2026-01-11 23:57:19,49,23,23,0,"fit: 2, efit: 4","fit: 2, efit: 4",,,,0,0,0,0,2,,
2026-01-12 00:00:07,49,23,23,0,"fit: 2, efit: 4","fit: 2, efit: 4",,,,0,0,0,0,2,,
2026-01-12 07:50:25,49,23,23,0,"fit: 2, efit: 5","fit: 2, efit: 5",,,,0,0,0,0,2,,
2026-01-12 08:26:30,49,23,23,0,"fit: 2, efit: 6","fit: 2, efit: 6",,,,0,0,0,0,2,,
2026-01-12 08:36:32,49,23,23,0,"fit: 2, efit: 7","fit: 2, efit: 7",,,,0,0,0,0,2,,
2026-01-12 08:49:07,49,23,23,0,"fit: 2, efit: 9","fit: 2, efit: 9",,,,0,0,0,0,2,,
2026-01-12 09:16:39,49,23,23,0,"fit: 2, efit: 10","fit: 2, efit: 10",,,,0,0,0,0,2,,
2026-01-12 09:35:42,49,23,23,0,"fit: 2, efit: 12","fit: 2, efit: 12",,,,0,0,0,0,2,,
2026-01-12 10:19:26,49,23,23,0,"fit: 2, efit: 13","fit: 2, efit: 13",,,,0,0,0,0,2,,
2026-01-12 10:25:49,49,23,23,0,"fit: 2, efit: 11","fit: 2, efit: 11",,,,0,0,0,0,2,,
2026-01-12 10:26:50,49,23,23,0,"fit: 2, efit: 9","fit: 2, efit: 9",,,,0,0,0,0,2,,
2026-01-12 10:29:28,49,23,23,0,"fit: 2, efit: 8","fit: 2, efit: 8",,,,0,0,0,0,2,,
2026-01-12 11:01:55,49,23,23,0,"fit: 2, efit: 7","fit: 2, efit: 7",,,,0,0,0,0,2,,
2026-01-12 11:04:35,49,23,23,0,"fit: 2, efit: 8","fit: 2, efit: 8",,,,0,0,0,0,2,,
2026-01-12 12:02:06,49,23,23,0,"fit: 2, efit: 7","fit: 2, efit: 7",,,,0,0,0,0,2,,
2026-01-12 12:16:07,49,23,23,0,"fit: 2, efit: 6","fit: 2, efit: 6",,,,0,0,0,0,2,,
2026-01-12 13:26:18,49,23,23,0,"fit: 2, efit: 7","fit: 2, efit: 7",,,,0,0,0,0,2,,
2026-01-12 13:40:07,49,23,23,0,"fit: 2, efit: 6","fit: 2, efit: 6",,,,0,0,0,0,2,,
2026-01-12 15:17:39,49,23,23,0,"fit: 2, efit: 5","fit: 2, efit: 5",,,,0,0,0,0,2,,
2026-01-12 15:40:32,49,23,23,0,"fit: 2, efit: 6","fit: 2, efit: 6",,,,0,0,0,0,2,,
2026-01-12 15:41:39,49,23,23,0,"fit: 2, efit: 5","fit: 2, efit: 5",,,,0,0,0,0,2,,
2026-01-12 16:21:46,49,23,23,0,"fit: 2, efit: 4","fit: 2, efit: 4",,,,0,0,0,0,2,,
2026-01-12 16:32:52,49,23,23,0,"fit: 2, efit: 3","fit: 2, efit: 3",,,,0,0,0,0,2,,
2026-01-12 16:47:54,49,23,23,0,"fit: 2, efit: 2","fit: 2, efit: 2",,,,0,0,0,0,2,,
2026-01-12 16:55:47,49,23,23,0,"fit: 2, efit: 1","fit: 2, efit: 1",,,,0,0,0,0,2,,
2026-01-12 17:30:55,49,23,23,0,fit: 2,fit: 2,,,,0,0,0,0,2,,
2026-01-12 18:46:11,49,23,23,0,fit: 1,fit: 1,,,,0,0,0,0,2,,
2026-01-12 19:03:17,49,23,23,0,,,,,,0,0,0,0,2,,
2026-01-13 00:02:18,49,23,23,0,,,,,,0,0,0,0,2,,
2026-01-13 07:45:25,49,23,23,0,efit: 1,efit: 1,,,,0,0,0,0,2,,
2026-01-13 08:45:35,49,23,23,0,efit: 2,efit: 2,,,,0,0,0,0,2,,
2026-01-13 08:55:37,49,23,23,0,"fit: 1, efit: 2","fit: 1, efit: 2",,,,0,0,0,0,2,,
2026-01-13 09:00:38,49,23,23,0,"fit: 1, efit: 3","fit: 1, efit: 3",,,,0,0,0,0,2,,
2026-01-13 09:39:19,49,23,23,0,"fit: 1, efit: 4","fit: 1, efit: 4",,,,0,0,0,0,2,,
2026-01-13 09:40:45,49,23,23,0,"fit: 1, efit: 5","fit: 1, efit: 5",,,,0,0,0,0,2,,
2026-01-13 10:34:31,49,23,23,0,"fit: 1, efit: 6","fit: 1, efit: 6",,,,0,0,0,0,2,,
2026-01-13 10:44:33,49,23,23,0,"fit: 1, efit: 7","fit: 1, efit: 7",,,,0,0,0,0,2,,
2026-01-13 11:26:03,49,23,23,0,efit: 7,efit: 7,,,,0,0,0,0,2,,
2026-01-13 11:54:47,49,23,23,0,"fit: 1, efit: 7","fit: 1, efit: 7",,,,0,0,0,0,2,,
2026-01-13 11:59:47,49,23,23,0,"fit: 1, efit: 6","fit: 1, efit: 6",,,,0,0,0,0,2,,
2026-01-13 12:04:48,49,23,23,0,"fit: 2, efit: 6","fit: 2, efit: 6",,,,0,0,0,0,2,,
2026-01-13 12:51:17,49,23,23,0,"fit: 2, efit: 5","fit: 2, efit: 5",,,,0,0,0,0,2,,
2026-01-13 12:56:18,49,23,23,0,"fit: 3, efit: 5","fit: 3, efit: 5",,,,0,0,0,0,2,,
2026-01-13 13:04:56,49,23,23,0,"fit: 3, efit: 3","fit: 3, efit: 3",,,,0,0,0,0,2,,
2026-01-13 13:46:26,49,23,23,0,"fit: 3, efit: 4","fit: 3, efit: 4",,,,0,0,0,0,2,,
2026-01-13 15:25:20,49,23,23,0,"fit: 3, efit: 3","fit: 3, efit: 3",,,,0,0,0,0,2,,
2026-01-13 16:25:30,49,23,23,0,"fit: 3, efit: 4","fit: 3, efit: 4",,,,0,0,0,0,2,,
2026-01-13 16:31:54,49,23,23,0,"fit: 3, efit: 3","fit: 3, efit: 3",,,,0,0,0,0,2,,
2026-01-13 16:46:56,49,23,23,0,"fit: 3, efit: 2","fit: 3, efit: 2",,,,0,0,0,0,2,,
2026-01-13 17:05:36,49,23,23,0,"fit: 3, efit: 1","fit: 3, efit: 1",,,,0,0,0,0,2,,
2026-01-13 18:00:45,49,23,23,0,fit: 3,fit: 3,,,,0,0,0,0,2,,
2026-01-13 18:12:11,49,23,23,0,"fit: 3, efit: 1","fit: 3, efit: 1",,,,0,0,0,0,2,,
2026-01-13 18:20:49,49,23,23,0,"fit: 3, efit: 2","fit: 3, efit: 2",,,,0,0,0,0,2,,
2026-01-13 19:36:00,49,23,23,0,"fit: 4, efit: 2","fit: 4, efit: 2",,,,0,0,0,0,2,,
2026-01-13 20:36:10,49,23,23,0,"fit: 4, efit: 3","fit: 4, efit: 3",,,,0,0,0,0,2,,
2026-01-14 00:00:09,49,23,23,0,"fit: 4, efit: 3","fit: 4, efit: 3",,,,0,0,0,0,2,,
2026-01-14 04:50:15,49,23,23,0,"fit: 4, efit: 4","fit: 4, efit: 4",,,,0,0,0,0,2,,
2026-01-14 08:00:45,49,23,23,0,"fit: 5, efit: 4","fit: 5, efit: 4",,,,0,0,0,0,2,,
2026-01-14 08:55:53,49,23,23,0,"fit: 5, efit: 5","fit: 5, efit: 5",,,,0,0,0,0,2,,
2026-01-14 09:06:39,49,23,23,0,"fit: 6, efit: 5","fit: 6, efit: 5",,,,0,0,0,0,2,,
2026-01-14 10:11:05,49,23,23,0,"fit: 6, efit: 6","fit: 6, efit: 6",,,,0,0,0,0,2,,
2026-01-14 10:16:06,49,23,23,0,"fit: 7, efit: 5","fit: 7, efit: 5",,,,0,0,0,0,2,,
2026-01-14 10:36:09,49,23,23,0,"fit: 7, efit: 6","fit: 7, efit: 6",,,,0,0,0,0,2,,
2026-01-14 12:26:25,49,23,23,0,"fit: 7, efit: 5","fit: 7, efit: 5",,,,0,0,0,0,2,,
2026-01-14 12:47:17,49,23,23,0,"fit: 7, efit: 6","fit: 7, efit: 6",,,,0,0,0,0,2,,
2026-01-14 13:21:33,49,23,23,0,"fit: 7, efit: 7","fit: 7, efit: 7",,,,0,0,0,0,2,,
2026-01-14 13:31:35,49,23,23,0,"fit: 7, efit: 6","fit: 7, efit: 6",,,,0,0,0,0,2,,
2026-01-14 14:41:46,49,23,23,0,"fit: 8, efit: 6","fit: 8, efit: 6",,,,0,0,0,0,2,,
2026-01-14 16:27:04,49,23,23,0,"fit: 8, efit: 6","fit: 8, efit: 5",,,,0,0,0,0,2,,
2026-01-14 17:07:10,49,23,23,0,"fit: 8, efit: 5","fit: 8, efit: 4",,,,0,0,0,0,2,,
2026-01-14 20:32:43,49,23,23,0,"fit: 8, efit: 4","fit: 8, efit: 3",,,,0,0,0,0,2,,
2026-01-15 00:00:32,49,23,23,0,"fit: 8, efit: 4","fit: 8, efit: 3",,,,0,0,0,0,2,,
2026-01-15 08:02:30,49,23,23,0,"fit: 9, efit: 4","fit: 9, efit: 3",,,,0,0,0,0,2,,
2026-01-15 08:47:41,49,23,23,0,"fit: 9, efit: 5","fit: 9, efit: 4",,,,0,0,0,0,2,,
2026-01-15 08:55:47,49,23,23,0,"fit: 10, efit: 5","fit: 10, efit: 4",,,,0,0,0,0,2,,
2026-01-15 09:34:47,49,23,23,0,"fit: 10, efit: 5","fit: 10, efit: 3",efit: 1,,,0,0,0,0,2,,
2026-01-15 09:35:54,49,23,23,0,"fit: 10, efit: 6","fit: 10, efit: 4",efit: 1,,,0,0,0,0,2,,
2026-01-15 10:48:11,49,23,23,0,"fit: 10, efit: 7","fit: 10, efit: 5",efit: 1,,,0,0,0,0,2,,
2026-01-15 12:05:13,49,23,23,0,"fit: 10, efit: 6","fit: 10, efit: 4",efit: 1,,,0,0,0,0,2,,
2026-01-15 13:55:32,49,23,23,0,"fit: 10, efit: 5","fit: 10, efit: 4",efit: 1,,,0,0,0,0,2,,
2026-01-15 13:56:39,49,23,23,0,"fit: 10, efit: 5","fit: 10, efit: 5",,,,0,0,0,0,2,,
2026-01-15 16:04:27,49,23,23,0,"fit: 10, efit: 4","fit: 10, efit: 4",,,,0,0,0,0,2,,
2026-01-15 17:09:43,49,23,23,0,"fit: 10, efit: 3","fit: 10, efit: 3",,,,0,0,0,0,2,,
2026-01-15 17:32:16,49,23,23,0,"fit: 10, efit: 4","fit: 10, efit: 4",,,,0,0,0,0,2,,
2026-01-16 00:01:24,49,23,23,0,"fit: 10, efit: 4","fit: 10, efit: 4",,,,0,0,0,0,2,,
2026-01-16 00:36:33,49,23,23,0,"fit: 10, efit: 4","fit: 10, efit: 3",,,,0,0,0,0,2,,
2026-01-16 07:59:43,49,23,23,0,"fit: 11, efit: 4","fit: 11, efit: 3",,,,0,0,0,0,2,,
2026-01-16 09:08:33,49,23,23,0,"fit: 11, efit: 5","fit: 11, efit: 4",,,,0,0,0,0,2,,
2026-01-16 09:09:55,49,23,23,0,"fit: 11, efit: 6","fit: 11, efit: 5",,,,0,0,0,0,2,,
2026-01-16 09:23:35,49,23,23,0,"fit: 11, efit: 7","fit: 11, efit: 6",,,,0,0,0,0,2,,
2026-01-16 09:43:37,49,23,23,0,"fit: 11, efit: 8","fit: 11, efit: 7",,,,0,0,0,0,2,,
2026-01-16 10:03:41,49,23,23,0,"fit: 11, efit: 9","fit: 11, efit: 8",,,,0,0,0,0,2,,
2026-01-16 10:45:12,49,23,23,0,"fit: 11, efit: 10","fit: 11, efit: 9",,,,0,0,0,0,2,,
2026-01-16 11:45:23,49,23,23,0,"fit: 11, efit: 9","fit: 11, efit: 8",,,,0,0,0,0,2,,
2026-01-16 11:48:58,49,23,23,0,"fit: 11, efit: 8","fit: 11, efit: 7",,,,0,0,0,0,2,,
2026-01-16 14:05:47,49,23,23,0,"fit: 11, efit: 7","fit: 11, efit: 6",,,,0,0,0,0,2,,
2026-01-16 15:04:30,49,23,23,0,"fit: 11, efit: 8","fit: 11, efit: 7",,,,0,0,0,0,2,,
2026-01-16 15:05:02,49,23,23,0,"fit: 12, efit: 8","fit: 12, efit: 7",,,,0,0,0,0,2,,
2026-01-16 15:14:31,49,23,23,0,"fit: 12, efit: 9","fit: 12, efit: 8",,,,0,0,0,0,2,,
2026-01-16 15:19:33,49,23,23,0,"fit: 12, efit: 8","fit: 12, efit: 7",,,,0,0,0,0,2,,
2026-01-16 16:34:45,49,23,23,0,"fit: 12, efit: 10","fit: 12, efit: 9",,,,0,0,0,0,2,,
2026-01-16 16:54:48,49,23,23,0,"fit: 12, efit: 9","fit: 12, efit: 8",,,,0,0,0,0,2,,
2026-01-16 17:24:53,49,23,23,0,"fit: 12, efit: 8","fit: 12, efit: 7",,,,0,0,0,0,2,,
2026-01-16 17:34:54,49,23,23,0,"fit: 12, efit: 7","fit: 12, efit: 6",,,,0,0,0,0,2,,
2026-01-16 17:54:58,49,23,23,0,"fit: 13, efit: 7","fit: 13, efit: 6",,,,0,0,0,0,2,,
2026-01-16 18:20:02,49,23,23,0,"fit: 13, efit: 8","fit: 13, efit: 7",,,,0,0,0,0,2,,
2026-01-16 18:21:32,49,23,23,0,"fit: 13, efit: 7","fit: 13, efit: 6",,,,0,0,0,0,2,,
2026-01-16 18:50:08,49,23,23,0,"fit: 13, efit: 6","fit: 13, efit: 5",,,,0,0,0,0,2,,
2026-01-16 21:12:00,49,23,23,0,"fit: 13, efit: 5","fit: 13, efit: 4",,,,0,0,0,0,2,,
2026-01-17 00:00:57,49,23,23,0,"fit: 13, efit: 5","fit: 13, efit: 4",,,,0,0,0,0,2,,
2026-01-17 05:11:46,49,23,23,0,"fit: 13, efit: 5","fit: 13, efit: 3",,,,0,0,0,0,2,,
2026-01-17 10:44:15,49,23,23,0,"fit: 9, efit: 5","fit: 9, efit: 3",,,,0,0,0,0,2,,
2026-01-17 10:47:40,49,23,23,0,"fit: 4, efit: 4","fit: 4, efit: 3",,,,0,0,0,0,2,,
2026-01-17 10:49:16,49,23,23,0,"fit: 4, efit: 3","fit: 4, efit: 3",,,,0,0,0,0,2,,
2026-01-17 10:54:17,49,23,23,0,"fit: 3, efit: 4","fit: 3, efit: 4",,,,0,0,0,0,2,,
2026-01-17 12:22:55,49,23,23,0,"fit: 3, efit: 5","fit: 3, efit: 5",,,,0,0,0,0,2,,
2026-01-17 17:03:38,49,23,23,0,"fit: 3, efit: 6","fit: 3, efit: 6",,,,0,0,0,0,2,,
2026-01-17 17:25:25,49,23,23,0,"fit: 3, efit: 5","fit: 3, efit: 5",,,,0,0,0,0,2,,
2026-01-17 18:18:50,49,23,23,0,"fit: 3, efit: 4","fit: 3, efit: 4",,,,0,0,0,0,2,,
2026-01-18 00:01:32,49,23,23,0,"fit: 3, efit: 4","fit: 3, efit: 4",,,,0,0,0,0,2,,
2026-01-18 09:11:11,49,23,23,0,"fit: 3, efit: 4","fit: 3, efit: 3",,,,0,0,0,0,2,,
2026-01-18 11:31:33,49,23,23,0,"fit: 3, efit: 3","fit: 3, efit: 2",,,,0,0,0,0,2,,
2026-01-18 12:00:46,49,23,23,0,"fit: 5, efit: 3","fit: 5, efit: 2",,,,0,0,0,0,2,,
2026-01-18 20:17:46,49,23,23,0,"fit: 5, efit: 2","fit: 5, efit: 1",,,,0,0,0,0,2,,
2026-01-19 00:00:37,49,23,23,0,"fit: 5, efit: 2","fit: 5, efit: 1",,,,0,0,0,0,2,,
2026-01-19 07:39:48,49,23,23,0,"fit: 5, efit: 1",fit: 5,,,,0,0,0,0,2,,
2026-01-19 07:40:29,49,23,23,0,"fit: 5, efit: 2","fit: 5, efit: 1",,,,0,0,0,0,2,,
2026-01-19 10:02:20,49,23,23,0,"fit: 5, efit: 1","fit: 5, efit: 1",,,,0,0,0,0,2,,
2026-01-19 10:05:12,49,23,23,0,"fit: 5, efit: 2","fit: 5, efit: 2",,,,0,0,0,0,2,,
2026-01-19 11:45:29,49,23,23,0,"fit: 6, efit: 2","fit: 6, efit: 2",,,,0,0,0,0,2,,
2026-01-19 11:46:31,49,23,23,0,"fit: 6, efit: 1","fit: 6, efit: 1",,,,0,0,0,0,2,,
2026-01-19 15:46:09,49,23,23,0,"fit: 5, efit: 1","fit: 5, efit: 1",,,,0,0,0,0,2,,
2026-01-19 15:48:20,49,23,23,0,fit: 5,fit: 5,,,,0,0,0,0,2,,
2026-01-19 20:43:42,49,23,23,0,fit: 4,fit: 4,,,,0,0,0,0,2,,
2026-01-19 20:44:59,49,23,23,0,fit: 5,fit: 5,,,,0,0,0,0,2,,
2026-01-19 20:46:57,49,23,23,0,fit: 4,fit: 4,,,,0,0,0,0,2,,
2026-01-20 00:00:32,49,23,23,0,fit: 4,fit: 4,,,,0,0,0,0,2,,
2026-01-20 07:33:39,49,23,23,0,"fit: 4, efit: 1","fit: 4, efit: 1",,,,0,0,0,0,2,,
2026-01-20 09:21:46,49,23,23,0,"fit: 4, efit: 2","fit: 4, efit: 2",,,,0,0,0,0,2,,
2026-01-20 09:22:08,49,23,23,0,"fit: 4, efit: 3","fit: 4, efit: 3",,,,0,0,0,0,2,,
2026-01-20 10:59:12,49,23,23,0,"fit: 4, efit: 4","fit: 4, efit: 4",,,,0,0,0,0,2,,
2026-01-20 11:02:11,49,23,23,0,"fit: 4, efit: 5","fit: 4, efit: 5",,,,0,0,0,0,2,,
2026-01-20 12:04:23,49,23,23,0,"fit: 4, efit: 6","fit: 4, efit: 6",,,,0,0,0,0,2,,
2026-01-20 12:27:32,49,23,23,0,"fit: 4, efit: 5","fit: 4, efit: 5",,,,0,0,0,0,2,,
2026-01-20 12:29:27,49,23,23,0,"fit: 4, efit: 4","fit: 4, efit: 4",,,,0,0,0,0,2,,
2026-01-20 12:54:31,49,23,23,0,"fit: 4, efit: 5","fit: 4, efit: 5",,,,0,0,0,0,2,,
2026-01-20 13:47:51,49,23,23,0,"fit: 4, efit: 6","fit: 4, efit: 6",,,,0,0,0,0,2,,
2026-01-20 13:54:40,49,23,23,0,"fit: 4, efit: 5","fit: 4, efit: 5",,,,0,0,0,0,2,,
2026-01-20 17:08:25,49,23,23,0,"fit: 4, efit: 4","fit: 4, efit: 4",,,,0,0,0,0,2,,
2026-01-20 17:38:30,49,23,23,0,"fit: 4, efit: 3","fit: 4, efit: 3",,,,0,0,0,0,2,,
2026-01-20 18:43:41,49,23,23,0,"fit: 4, efit: 2","fit: 4, efit: 2",,,,0,0,0,0,2,,
2026-01-21 00:00:17,49,23,23,0,"fit: 4, efit: 2","fit: 4, efit: 2",,,,0,0,0,0,2,,
2026-01-21 02:50:27,49,23,23,0,"fit: 4, efit: 2","fit: 4, efit: 1",,,,0,0,0,0,2,,
2026-01-21 04:51:06,49,23,23,0,"fit: 4, efit: 3","fit: 4, efit: 2",,,,0,0,0,0,2,,
2026-01-21 08:01:43,49,23,23,0,"fit: 4, efit: 4","fit: 4, efit: 3",,,,0,0,0,0,2,,
2026-01-21 08:57:29,49,23,23,0,"fit: 5, efit: 4","fit: 5, efit: 3",,,,0,0,0,0,2,,
2026-01-21 09:21:57,49,23,23,0,"fit: 6, efit: 5","fit: 6, efit: 4",,,,0,0,0,0,2,,
2026-01-21 09:37:00,49,23,23,0,"fit: 6, efit: 6","fit: 6, efit: 5",,,,0,0,0,0,2,,
2026-01-21 09:57:03,49,23,23,0,"fit: 6, efit: 7","fit: 6, efit: 6",,,,0,0,0,0,2,,
2026-01-21 11:07:16,49,23,23,0,"fit: 5, efit: 7","fit: 5, efit: 6",,,,0,0,0,0,2,,
2026-01-21 11:27:19,49,23,23,0,"fit: 5, efit: 8","fit: 5, efit: 7",,,,0,0,0,0,2,,
2026-01-21 11:32:20,49,23,23,0,"fit: 6, efit: 8","fit: 6, efit: 7",,,,0,0,0,0,2,,
2026-01-21 11:47:23,49,23,23,0,"fit: 7, efit: 8","fit: 7, efit: 7",,,,0,0,0,0,2,,
2026-01-21 11:52:23,49,23,23,0,"fit: 7, efit: 9","fit: 7, efit: 7",,,,0,0,0,0,2,,
2026-01-21 15:07:57,49,23,23,0,"fit: 7, efit: 8","fit: 7, efit: 6",,,,0,0,0,0,2,,
2026-01-21 16:13:08,49,23,23,0,"fit: 7, efit: 7","fit: 7, efit: 5",,,,0,0,0,0,2,,
2026-01-21 16:33:12,49,23,23,0,"fit: 8, efit: 7","fit: 8, efit: 5",,,,0,0,0,0,2,,
2026-01-21 16:43:14,49,23,23,0,"fit: 8, efit: 8","fit: 8, efit: 6",,,,0,0,0,0,2,,
2026-01-21 17:33:23,49,23,23,0,"fit: 8, efit: 7","fit: 8, efit: 5",,,,0,0,0,0,2,,
2026-01-21 17:38:24,49,23,23,0,"fit: 8, efit: 6","fit: 8, efit: 4",,,,0,0,0,0,2,,
2026-01-21 17:48:25,49,23,23,0,"fit: 8, efit: 5","fit: 8, efit: 3",,,,0,0,0,0,2,,
2026-01-21 18:39:18,49,23,23,0,"fit: 8, efit: 4","fit: 8, efit: 2",,,,0,0,0,0,2,,
2026-01-21 19:23:42,49,23,23,0,"fit: 8, efit: 5","fit: 8, efit: 3",,,,0,0,0,0,2,,
2026-01-21 20:45:25,49,23,23,0,"fit: 8, efit: 4","fit: 8, efit: 2",,,,0,0,0,0,2,,
2026-01-21 20:53:58,49,23,23,0,"fit: 8, efit: 4","fit: 8, efit: 1",,,,0,0,0,0,2,,
2026-01-22 00:00:12,49,23,23,0,"fit: 8, efit: 4","fit: 8, efit: 1",,,,0,0,0,0,2,,
2026-01-22 04:55:23,49,23,23,0,"fit: 8, efit: 5","fit: 8, efit: 2",,,,0,0,0,0,2,,
2026-01-22 07:58:13,49,23,23,0,"fit: 8, efit: 6","fit: 8, efit: 3",,,,0,0,0,0,2,,
2026-01-22 08:05:56,49,23,23,0,"fit: 9, efit: 6","fit: 9, efit: 3",,,,0,0,0,0,2,,
2026-01-22 08:26:00,49,23,23,0,"fit: 9, efit: 7","fit: 9, efit: 4",,,,0,0,0,0,2,,
2026-01-22 09:26:10,49,23,23,0,"fit: 10, efit: 6","fit: 10, efit: 3",,,,0,0,0,0,2,,
2026-01-22 09:51:15,49,23,23,0,"fit: 11, efit: 6","fit: 11, efit: 3",,,,0,0,0,0,2,,
2026-01-22 10:01:17,49,23,23,0,"fit: 11, efit: 7","fit: 11, efit: 4",,,,0,0,0,0,2,,
2026-01-22 10:13:47,49,23,23,0,"fit: 11, efit: 8","fit: 11, efit: 5",,,,0,0,0,0,2,,
2026-01-22 10:23:49,49,23,23,0,"fit: 11, efit: 9","fit: 11, efit: 6",,,,0,0,0,0,2,,
2026-01-22 10:31:22,49,23,23,0,"fit: 11, efit: 10","fit: 11, efit: 7",,,,0,0,0,0,2,,
2026-01-22 10:31:53,49,23,23,0,"fit: 11, efit: 9","fit: 11, efit: 7",,,,0,0,0,0,2,,
2026-01-22 10:33:52,49,23,23,0,"fit: 11, efit: 7","fit: 11, efit: 7",,,,0,0,0,0,2,,
2026-01-22 11:24:05,49,23,23,0,"fit: 11, efit: 8","fit: 11, efit: 8",,,,0,0,0,0,2,,
2026-01-22 11:27:02,49,23,23,0,"fit: 11, efit: 9","fit: 11, efit: 9",,,,0,0,0,0,2,,
2026-01-22 11:57:07,49,23,23,0,"fit: 11, efit: 8","fit: 11, efit: 8",,,,0,0,0,0,2,,
2026-01-22 12:09:16,49,23,23,0,"fit: 11, efit: 9","fit: 11, efit: 9",,,,0,0,0,0,2,,
2026-01-22 12:24:19,49,23,23,0,"fit: 11, efit: 8","fit: 11, efit: 8",,,,0,0,0,0,2,,
2026-01-22 12:44:24,49,23,23,0,"fit: 11, efit: 9","fit: 11, efit: 9",,,,0,0,0,0,2,,
2026-01-22 12:46:46,49,23,23,0,"fit: 11, efit: 10","fit: 11, efit: 10",,,,0,0,0,0,2,,
2026-01-22 13:56:58,49,23,23,0,"fit: 11, efit: 9","fit: 11, efit: 9",,,,0,0,0,0,2,,
2026-01-22 14:59:58,49,23,23,0,"fit: 11, efit: 10","fit: 11, efit: 10",,,,0,0,0,0,2,,
2026-01-22 15:50:11,49,23,23,0,"fit: 11, efit: 9","fit: 11, efit: 9",,,,0,0,0,0,2,,
2026-01-22 16:00:13,49,23,23,0,"fit: 11, efit: 8","fit: 11, efit: 8",,,,0,0,0,0,2,,
2026-01-22 16:20:18,49,23,23,0,"fit: 11, efit: 7","fit: 11, efit: 7",,,,0,0,0,0,2,,
2026-01-22 16:27:24,49,23,23,0,"fit: 11, efit: 6","fit: 11, efit: 6",,,,0,0,0,0,2,,
2026-01-22 16:47:27,49,23,23,0,"fit: 11, efit: 5","fit: 11, efit: 5",,,,0,0,0,0,2,,
2026-01-22 17:25:35,49,23,23,0,"fit: 11, efit: 6","fit: 11, efit: 6",,,,0,0,0,0,2,,
2026-01-22 19:18:17,49,23,23,0,"fit: 11, efit: 5","fit: 11, efit: 5",,,,0,0,0,0,2,,
2026-01-22 20:51:27,49,23,23,0,"fit: 11, efit: 4","fit: 11, efit: 4",,,,0,0,0,0,2,,
2026-01-22 21:56:44,49,23,23,0,"fit: 11, efit: 4","fit: 11, efit: 3",,,,0,0,0,0,2,,
2026-01-22 23:43:40,49,23,23,0,"fit: 12, efit: 4","fit: 12, efit: 3",,,,0,0,0,0,2,,
2026-01-23 00:02:16,49,23,23,0,"fit: 12, efit: 4","fit: 12, efit: 3",,,,0,0,0,0,2,,
2026-01-23 08:04:19,49,23,23,0,"fit: 12, efit: 5","fit: 12, efit: 4",,,,0,0,0,0,2,,
2026-01-23 08:54:32,49,23,23,0,"fit: 13, efit: 5","fit: 13, efit: 4",,,,0,0,0,0,2,,
2026-01-23 09:29:41,49,23,23,0,"fit: 13, efit: 6","fit: 13, efit: 5",,,,0,0,0,0,2,,
2026-01-23 10:04:50,49,23,23,0,"fit: 13, efit: 7","fit: 13, efit: 6",,,,0,0,0,0,2,,
2026-01-23 10:10:28,49,23,23,0,"fit: 13, efit: 8","fit: 13, efit: 7",,,,0,0,0,0,2,,
2026-01-23 10:45:34,49,23,23,0,"fit: 13, efit: 7","fit: 13, efit: 6",,,,0,0,0,0,2,,
2026-01-23 11:10:07,49,23,23,0,"fit: 10, efit: 7","fit: 10, efit: 6",,,,0,0,0,0,2,,
2026-01-23 11:20:10,49,23,23,0,"fit: 7, efit: 6","fit: 7, efit: 6",,,,0,0,0,0,2,,
2026-01-23 11:25:11,49,23,23,0,"fit: 5, efit: 6","fit: 5, efit: 6",,,,0,0,0,0,2,,
2026-01-23 12:10:22,49,23,23,0,"fit: 5, efit: 7","fit: 5, efit: 7",,,,0,0,0,0,2,,
2026-01-23 13:15:39,49,23,23,0,"fit: 5, efit: 6","fit: 5, efit: 6",,,,0,0,0,0,2,,
2026-01-23 15:01:06,49,23,23,0,"fit: 5, efit: 7","fit: 5, efit: 7",,,,0,0,0,0,2,,
2026-01-23 16:01:18,49,23,23,0,"fit: 5, efit: 6","fit: 5, efit: 6",,,,0,0,0,0,2,,
2026-01-23 16:06:19,49,23,23,0,"fit: 5, efit: 5","fit: 5, efit: 5",,,,0,0,0,0,2,,
2026-01-23 16:11:20,49,23,23,0,"fit: 5, efit: 6","fit: 5, efit: 6",,,,0,0,0,0,2,,
2026-01-23 16:21:21,49,23,23,0,"fit: 5, efit: 5","fit: 5, efit: 5",,,,0,0,0,0,2,,
2026-01-23 17:31:32,49,23,23,0,"fit: 6, efit: 5","fit: 6, efit: 5",,,,0,0,0,0,2,,
2026-01-23 17:36:33,49,23,23,0,"fit: 6, efit: 4","fit: 6, efit: 4",,,,0,0,0,0,2,,
2026-01-23 18:11:38,49,23,23,0,"fit: 6, efit: 2","fit: 6, efit: 2",,,,0,0,0,0,2,,
2026-01-23 22:32:19,49,23,23,0,"fit: 6, efit: 2","fit: 6, efit: 1",,,,0,0,0,0,2,,
2026-01-24 00:02:32,49,23,23,0,"fit: 6, efit: 2","fit: 6, efit: 1",,,,0,0,0,0,2,,
2026-01-24 12:01:14,49,23,23,0,"fit: 7, efit: 1",fit: 7,,,,0,0,0,0,2,,
2026-01-24 17:42:38,49,23,23,0,"fit: 7, efit: 2","fit: 7, efit: 1",,,,0,0,0,0,2,,
2026-01-24 20:18:17,49,23,23,0,"fit: 7, efit: 1",fit: 7,,,,0,0,0,0,2,,
2026-01-25 00:01:13,49,23,23,0,"fit: 7, efit: 1",fit: 7,,,,0,0,0,0,2,,
2026-01-26 00:00:10,49,23,23,0,"fit: 7, efit: 1",fit: 7,,,,0,0,0,0,2,,
2026-01-26 00:39:55,49,23,23,0,"fit: 7, efit: 1",fit: 7,efit: 1,,,0,0,0,0,2,,
2026-01-27 00:01:05,49,23,23,0,"fit: 7, efit: 1",fit: 7,efit: 1,,,0,0,0,0,2,,
2026-01-28 00:02:05,49,23,23,0,"fit: 7, efit: 1",fit: 7,efit: 1,,,0,0,0,0,2,,
2026-01-28 11:31:05,49,23,23,0,"fit: 8, efit: 1",fit: 8,efit: 1,,,0,0,0,0,2,,
2026-01-29 00:01:22,49,23,23,0,"fit: 8, efit: 1",fit: 8,efit: 1,,,0,0,0,0,2,,
2026-01-29 09:27:52,49,23,23,0,fit: 3,fit: 3,,,,0,0,0,0,2,,
2026-01-29 09:37:54,49,23,23,0,"fit: 7, efit: 1","fit: 7, efit: 1",,,,0,0,0,0,2,,
2026-01-29 09:39:52,49,23,23,0,"fit: 8, efit: 1","fit: 8, efit: 1",,,,0,0,0,0,2,,
2026-01-29 09:59:56,49,23,23,0,"fit: 8, efit: 1",fit: 8,efit: 1,,,0,0,0,0,2,,
2026-01-30 00:00:15,49,23,23,0,"fit: 8, efit: 1",fit: 8,efit: 1,,,0,0,0,0,2,,
2026-01-30 08:05:55,49,23,23,0,"fit: 9, efit: 1",fit: 9,efit: 1,,,0,0,0,0,2,,
2026-01-31 00:01:27,49,23,23,0,"fit: 9, efit: 1",fit: 9,efit: 1,,,0,0,0,0,2,,
2026-02-01 00:00:33,49,23,23,0,"fit: 9, efit: 1",fit: 9,efit: 1,,,0,0,0,0,2,,
2026-02-01 15:03:08,49,23,23,0,"fit: 10, efit: 1",fit: 10,efit: 1,,,0,0,0,0,2,,
2026-02-01 16:00:32,49,23,23,0,"fit: 9, efit: 1",fit: 9,efit: 1,,,0,0,0,0,2,,
2026-02-02 00:01:50,49,23,23,0,"fit: 9, efit: 1",fit: 9,efit: 1,,,0,0,0,0,2,,
2026-02-02 07:53:06,49,23,23,0,"fit: 10, efit: 1",fit: 10,efit: 1,,,0,0,0,0,2,,
2026-02-02 09:01:14,49,23,23,0,"fit: 11, efit: 1",fit: 11,efit: 1,,,0,0,0,0,2,,
2026-02-02 10:16:27,49,23,23,0,"fit: 11, efit: 2","fit: 11, efit: 1",efit: 1,,,0,0,0,0,2,,
2026-02-02 14:50:31,49,23,23,0,"fit: 11, efit: 3","fit: 11, efit: 2",efit: 1,,,0,0,0,0,2,,
2026-02-03 00:00:45,49,23,23,0,"fit: 11, efit: 3","fit: 11, efit: 2",efit: 1,,,0,0,0,0,2,,
2026-02-03 08:04:51,49,23,23,0,"fit: 11, efit: 4","fit: 11, efit: 3",efit: 1,,,0,0,0,0,2,,
2026-02-03 08:07:03,49,23,23,0,"fit: 11, efit: 5","fit: 11, efit: 4",efit: 1,,,0,0,0,0,2,,
2026-02-03 11:02:32,49,23,23,0,"fit: 11, efit: 6","fit: 11, efit: 5",efit: 1,,,0,0,0,0,2,,
2026-02-03 12:07:43,49,23,23,0,"fit: 12, efit: 6","fit: 12, efit: 5",efit: 1,,,0,0,0,0,2,,
2026-02-03 13:02:52,49,23,23,0,"fit: 12, efit: 7","fit: 12, efit: 6",efit: 1,,,0,0,0,0,2,,
2026-02-03 14:36:20,49,23,23,0,"fit: 12, efit: 8","fit: 12, efit: 7",efit: 1,,,0,0,0,0,2,,
2026-02-03 17:21:48,49,23,23,0,"fit: 12, efit: 7","fit: 12, efit: 6",efit: 1,,,0,0,0,0,2,,
2026-02-03 17:36:51,49,23,23,0,"fit: 12, efit: 6","fit: 12, efit: 5",efit: 1,,,0,0,0,0,2,,
2026-02-03 19:42:12,49,23,23,0,"fit: 12, efit: 7","fit: 12, efit: 6",efit: 1,,,0,0,0,0,2,,
2026-02-04 00:02:56,49,23,23,0,"fit: 12, efit: 7","fit: 12, efit: 6",efit: 1,,,0,0,0,0,2,,
2026-02-04 07:59:16,49,23,23,0,"fit: 12, efit: 8","fit: 12, efit: 7",efit: 1,,,0,0,0,0,2,,
2026-02-04 08:54:25,49,23,23,0,"fit: 12, efit: 9","fit: 12, efit: 8",efit: 1,,,0,0,0,0,2,,
2026-02-04 09:14:29,49,23,23,0,"fit: 12, efit: 10","fit: 12, efit: 9",efit: 1,,,0,0,0,0,2,,
2026-02-04 14:57:03,49,23,23,0,"fit: 12, efit: 11","fit: 12, efit: 10",efit: 1,,,0,0,0,0,2,,
2026-02-04 16:00:39,49,23,23,0,"fit: 12, efit: 10","fit: 12, efit: 9",efit: 1,,,0,0,0,0,2,,
2026-02-04 17:07:24,49,23,23,0,"fit: 12, efit: 11","fit: 12, efit: 10",efit: 1,,,0,0,0,0,2,,
2026-02-04 17:35:56,49,23,23,0,"fit: 12, efit: 10","fit: 12, efit: 9",efit: 1,,,0,0,0,0,2,,
2026-02-04 18:06:01,49,23,23,0,"fit: 12, efit: 9","fit: 12, efit: 8",efit: 1,,,0,0,0,0,2,,
2026-02-04 18:16:03,49,23,23,0,"fit: 12, efit: 10","fit: 12, efit: 9",efit: 1,,,0,0,0,0,2,,
2026-02-04 21:56:41,49,23,23,0,"fit: 12, efit: 9","fit: 12, efit: 8",efit: 1,,,0,0,0,0,2,,
2026-02-04 23:21:55,49,23,23,0,"fit: 12, efit: 8","fit: 12, efit: 7",efit: 1,,,0,0,0,0,2,,
2026-02-04 23:41:59,49,23,23,0,"fit: 12, efit: 9","fit: 12, efit: 8",efit: 1,,,0,0,0,0,2,,
2026-02-05 00:02:02,49,23,23,0,"fit: 12, efit: 9","fit: 12, efit: 8",efit: 1,,,0,0,0,0,2,,
2026-02-05 08:03:25,49,23,23,0,"fit: 12, efit: 10","fit: 12, efit: 9",efit: 1,,,0,0,0,0,2,,
2026-02-05 09:30:04,49,23,23,0,"fit: 12, efit: 9","fit: 12, efit: 9",,,,0,0,0,0,2,,
2026-02-05 09:32:04,49,23,23,0,"fit: 10, efit: 9","fit: 10, efit: 9",,,,0,0,0,0,2,,
2026-02-05 09:35:05,49,23,23,0,"fit: 9, efit: 9","fit: 9, efit: 9",,,,0,0,0,0,2,,
2026-02-05 09:37:05,49,23,23,0,"fit: 7, efit: 9","fit: 7, efit: 9",,,,0,0,0,0,2,,
2026-02-05 09:38:42,49,23,23,0,"fit: 5, efit: 9","fit: 5, efit: 9",,,,0,0,0,0,2,,
2026-02-05 09:40:06,49,23,23,0,"fit: 4, efit: 9","fit: 4, efit: 9",,,,0,0,0,0,2,,
2026-02-05 09:42:06,49,23,23,0,"fit: 3, efit: 8","fit: 3, efit: 8",,,,0,0,0,0,2,,
2026-02-05 09:43:43,49,23,23,0,"fit: 3, efit: 9","fit: 3, efit: 9",,,,0,0,0,0,2,,
2026-02-05 09:45:07,49,23,23,0,"fit: 2, efit: 8","fit: 2, efit: 8",,,,0,0,0,0,2,,
2026-02-05 09:47:07,49,23,23,0,"fit: 2, efit: 7","fit: 2, efit: 7",,,,0,0,0,0,2,,
2026-02-05 11:55:28,49,23,23,0,"fit: 2, efit: 8","fit: 2, efit: 8",,,,0,0,0,0,2,,
2026-02-05 12:00:29,49,23,23,0,"fit: 2, efit: 9","fit: 2, efit: 9",,,,0,0,0,0,2,,
2026-02-05 13:53:09,49,23,23,0,"fit: 2, efit: 10","fit: 2, efit: 10",,,,0,0,0,0,2,,
2026-02-05 16:21:12,49,23,23,0,"fit: 2, efit: 9","fit: 2, efit: 9",,,,0,0,0,0,2,,
2026-02-05 16:49:58,49,23,23,0,"fit: 2, efit: 8","fit: 2, efit: 8",,,,0,0,0,0,2,,
2026-02-06 00:00:40,49,23,23,0,"fit: 2, efit: 8","fit: 2, efit: 8",,,,0,0,0,0,2,,
2026-02-06 09:07:45,49,23,23,0,"fit: 3, efit: 8","fit: 3, efit: 8",,,,0,0,0,0,2,,
2026-02-06 13:49:48,49,23,23,0,"fit: 3, efit: 9","fit: 3, efit: 9",,,,0,0,0,0,2,,
2026-02-06 13:53:34,49,23,23,0,"fit: 3, efit: 8","fit: 3, efit: 8",,,,0,0,0,0,2,,
2026-02-06 16:18:59,49,23,23,0,"fit: 3, efit: 7","fit: 3, efit: 7",,,,0,0,0,0,2,,
2026-02-06 17:24:10,49,23,23,0,"fit: 3, efit: 6","fit: 3, efit: 6",,,,0,0,0,0,2,,
2026-02-07 00:00:17,49,23,23,0,"fit: 3, efit: 6","fit: 3, efit: 6",,,,0,0,0,0,2,,
2026-02-07 06:21:22,49,23,23,0,"fit: 3, efit: 6","fit: 3, efit: 5",,,,0,0,0,0,2,,
2026-02-07 18:46:09,49,23,23,0,"fit: 3, efit: 5","fit: 3, efit: 4",,,,0,0,0,0,2,,
2026-02-07 19:16:17,49,23,23,0,"fit: 3, efit: 5","fit: 3, efit: 3",,,,0,0,0,0,2,,
2026-02-08 00:00:29,49,23,23,0,"fit: 3, efit: 5","fit: 3, efit: 3",,,,0,0,0,0,2,,
2026-02-08 07:15:34,49,23,23,0,"fit: 3, efit: 5","fit: 3, efit: 2",,,,0,0,0,0,2,,
2026-02-08 09:24:43,49,23,23,0,"fit: 3, efit: 4","fit: 3, efit: 3",,,,0,0,0,0,2,,
2026-02-08 09:25:56,49,23,23,0,"fit: 3, efit: 4","fit: 3, efit: 4",,,,0,0,0,0,2,,
2026-02-08 09:27:03,49,23,23,0,"fit: 3, efit: 5","fit: 3, efit: 5",,,,0,0,0,0,2,,
2026-02-08 13:45:48,49,23,23,0,"fit: 3, efit: 6","fit: 3, efit: 6",,,,0,0,0,0,2,,
2026-02-08 15:56:22,49,23,23,0,"fit: 3, efit: 5","fit: 3, efit: 5",,,,0,0,0,0,2,,
2026-02-08 21:22:43,49,23,23,0,"fit: 3, efit: 5","fit: 3, efit: 4",,,,0,0,0,0,2,,
2026-02-08 21:37:47,49,23,23,0,"fit: 3, efit: 4","fit: 3, efit: 3",,,,0,0,0,0,2,,
2026-02-09 00:03:24,49,23,23,0,"fit: 3, efit: 4","fit: 3, efit: 3",,,,0,0,0,0,2,,
2026-02-09 07:54:41,49,23,23,0,"fit: 3, efit: 5","fit: 3, efit: 4",,,,0,0,0,0,2,,
2026-02-09 08:54:52,49,23,23,0,"fit: 3, efit: 6","fit: 3, efit: 4",,,,0,0,0,0,2,,
2026-02-09 09:05:36,49,23,23,0,"fit: 3, efit: 7","fit: 3, efit: 5",,,,0,0,0,0,2,,
2026-02-09 09:51:08,49,23,23,0,"fit: 3, efit: 7","fit: 3, efit: 6",,,,0,0,0,0,2,,
2026-02-09 12:30:29,49,23,23,0,"fit: 3, efit: 8","fit: 3, efit: 7",,,,0,0,0,0,2,,
2026-02-09 16:11:08,49,23,23,0,"fit: 3, efit: 7","fit: 3, efit: 6",,,,0,0,0,0,2,,
2026-02-09 16:37:26,49,23,23,0,"fit: 3, efit: 6","fit: 3, efit: 5",,,,0,0,0,0,2,,
2026-02-09 17:21:20,49,23,23,0,"fit: 3, efit: 5","fit: 3, efit: 4",,,,0,0,0,0,2,,
2026-02-10 00:02:30,49,23,23,0,"fit: 3, efit: 5","fit: 3, efit: 4",,,,0,0,0,0,2,,
2026-02-10 01:59:46,49,23,23,0,"fit: 3, efit: 5","fit: 3, efit: 3",,,,0,0,0,0,2,,
2026-02-10 09:24:07,49,23,23,0,"fit: 3, efit: 6","fit: 3, efit: 4",,,,0,0,0,0,2,,
2026-02-10 09:56:46,49,23,23,0,"fit: 3, efit: 7","fit: 3, efit: 5",,,,0,0,0,0,2,,
2026-02-10 10:04:14,49,23,23,0,"fit: 3, efit: 8","fit: 3, efit: 6",,,,0,0,0,0,2,,
2026-02-10 10:05:14,49,23,23,0,"fit: 3, efit: 9","fit: 3, efit: 7",,,,0,0,0,0,2,,
2026-02-10 10:34:19,49,23,23,0,"fit: 3, efit: 10","fit: 3, efit: 8",,,,0,0,0,0,2,,
2026-02-10 10:46:59,49,23,23,0,"fit: 3, efit: 11","fit: 3, efit: 9",,,,0,0,0,0,2,,
2026-02-10 11:04:25,49,23,23,0,"fit: 3, efit: 12","fit: 3, efit: 10",,,,0,0,0,0,2,,
2026-02-10 11:25:28,49,23,23,0,"fit: 4, efit: 12","fit: 4, efit: 10",,,,0,0,0,0,2,,
2026-02-10 13:17:38,49,23,23,0,"fit: 4, efit: 13","fit: 4, efit: 11",,,,0,0,0,0,2,,
2026-02-10 14:17:54,49,23,23,0,"fit: 5, efit: 12","fit: 5, efit: 10",,,,0,0,0,0,2,,
2026-02-10 14:25:01,49,23,23,0,"fit: 5, efit: 11","fit: 5, efit: 9",,,,0,0,0,0,2,,
2026-02-10 15:21:09,49,23,23,0,"fit: 5, efit: 12","fit: 5, efit: 10",,,,0,0,0,0,2,,
2026-02-10 15:43:16,49,23,23,0,"fit: 6, efit: 11","fit: 6, efit: 9",,,,0,0,0,0,2,,
2026-02-10 16:48:33,49,23,23,0,"fit: 6, efit: 10","fit: 6, efit: 8",,,,0,0,0,0,2,,
2026-02-10 16:58:35,49,23,23,0,"fit: 6, efit: 10","fit: 6, efit: 8",efit: 1,,,0,0,0,0,2,,
2026-02-10 17:25:33,49,23,23,0,"fit: 6, efit: 10","fit: 6, efit: 7",efit: 1,,,0,0,0,0,2,,
2026-02-10 17:26:30,49,23,23,0,"fit: 6, efit: 9","fit: 6, efit: 6",efit: 1,,,0,0,0,0,2,,
2026-02-10 18:00:39,49,23,23,0,"fit: 6, efit: 8","fit: 6, efit: 5",efit: 1,,,0,0,0,0,2,,
2026-02-10 20:52:05,49,23,23,0,"fit: 7, efit: 8","fit: 7, efit: 5",efit: 1,,,0,0,0,0,2,,
2026-02-11 00:00:22,49,23,23,0,"fit: 7, efit: 8","fit: 7, efit: 5",efit: 1,,,0,0,0,0,2,,
2026-02-11 04:51:35,49,23,23,0,"fit: 7, efit: 9","fit: 7, efit: 6",efit: 1,,,0,0,0,0,2,,
2026-02-11 08:02:23,49,23,23,0,"fit: 8, efit: 9","fit: 8, efit: 6",efit: 1,,,0,0,0,0,2,,
2026-02-11 09:04:07,49,23,23,0,"fit: 8, efit: 7","fit: 8, efit: 5",efit: 1,,,0,0,0,0,2,,
2026-02-11 09:07:39,49,23,23,0,"fit: 8, efit: 5","fit: 8, efit: 5",,,,0,0,0,0,2,,
2026-02-11 09:09:08,49,23,23,0,"fit: 7, efit: 3","fit: 7, efit: 3",,,,0,0,0,0,2,,
2026-02-11 09:12:40,49,23,23,0,"fit: 6, efit: 4","fit: 6, efit: 4",,,,0,0,0,0,2,,
2026-02-11 09:52:50,49,23,23,0,"fit: 7, efit: 5","fit: 7, efit: 4",,,,0,0,0,0,2,,
2026-02-11 10:02:53,49,23,23,0,"fit: 7, efit: 6","fit: 7, efit: 5",,,,0,0,0,0,2,,
2026-02-11 10:09:18,49,23,23,0,"fit: 7, efit: 7","fit: 7, efit: 6",,,,0,0,0,0,2,,
2026-02-11 10:32:59,49,23,23,0,"fit: 5, efit: 5","fit: 5, efit: 4",,,,0,0,0,0,2,,
2026-02-11 10:38:01,49,23,23,0,"fit: 3, efit: 3","fit: 3, efit: 2",,,,0,0,0,0,2,,
2026-02-11 11:09:28,49,23,23,0,"fit: 3, efit: 4","fit: 3, efit: 3",,,,0,0,0,0,2,,
2026-02-11 11:29:31,49,23,23,0,"fit: 4, efit: 4","fit: 4, efit: 3",,,,0,0,0,0,2,,
2026-02-11 11:33:15,49,23,23,0,"fit: 4, efit: 3","fit: 4, efit: 2",,,,0,0,0,0,2,,
2026-02-11 12:08:24,49,23,23,0,"fit: 4, efit: 2","fit: 4, efit: 1",,,,0,0,0,0,2,,
2026-02-11 14:44:03,49,23,23,0,"fit: 4, efit: 3","fit: 4, efit: 2",,,,0,0,0,0,2,,
2026-02-11 17:44:44,49,23,23,0,"fit: 4, efit: 2","fit: 4, efit: 1",,,,0,0,0,0,2,,
2026-02-11 17:55:37,49,23,23,0,"fit: 4, efit: 3","fit: 4, efit: 2",,,,0,0,0,0,2,,
2026-02-11 18:24:52,49,23,23,0,"fit: 4, efit: 2","fit: 4, efit: 1",,,,0,0,0,0,2,,
2026-02-11 19:15:02,49,23,23,0,"fit: 4, efit: 1",fit: 4,,,,0,0,0,0,2,,
2026-02-12 00:00:52,49,23,23,0,"fit: 4, efit: 1",fit: 4,,,,0,0,0,0,2,,
2026-02-12 07:47:12,49,23,23,0,"fit: 4, efit: 2","fit: 4, efit: 1",,,,0,0,0,0,2,,
2026-02-12 09:38:12,49,23,23,0,"fit: 4, efit: 3","fit: 4, efit: 2",,,,0,0,0,0,2,,
2026-02-12 10:17:38,49,23,23,0,"fit: 4, efit: 4","fit: 4, efit: 3",,,,0,0,0,0,2,,
2026-02-12 10:32:41,49,23,23,0,"fit: 4, efit: 5","fit: 4, efit: 4",,,,0,0,0,0,2,,
2026-02-12 10:47:43,49,23,23,0,"fit: 4, efit: 6","fit: 4, efit: 5",,,,0,0,0,0,2,,
2026-02-12 12:09:22,49,23,23,0,"fit: 4, efit: 7","fit: 4, efit: 6",,,,0,0,0,0,2,,
2026-02-12 12:17:59,49,23,23,0,"fit: 5, efit: 7","fit: 5, efit: 6",,,,0,0,0,0,2,,
2026-02-12 12:53:05,49,23,23,0,"fit: 5, efit: 6","fit: 5, efit: 5",,,,0,0,0,0,2,,
2026-02-12 15:48:35,49,23,23,0,"fit: 5, efit: 5","fit: 5, efit: 4",,,,0,0,0,0,2,,
2026-02-12 18:09:00,49,23,23,0,"fit: 5, efit: 4","fit: 5, efit: 3",,,,0,0,0,0,2,,
2026-02-12 18:35:59,49,23,23,0,"fit: 5, efit: 3","fit: 5, efit: 2",,,,0,0,0,0,2,,
2026-02-13 00:00:02,49,23,23,0,"fit: 5, efit: 3","fit: 5, efit: 2",,,,0,0,0,0,2,,
2026-02-13 08:36:33,49,23,23,0,"fit: 5, efit: 4","fit: 5, efit: 3",,,,0,0,0,0,2,,
2026-02-13 08:51:35,49,23,23,0,"fit: 5, efit: 3","fit: 5, efit: 2",,,,0,0,0,0,2,,
2026-02-13 09:24:41,49,23,23,0,"fit: 5, efit: 4","fit: 5, efit: 3",efit: 1,,,0,0,0,0,2,,
2026-02-13 10:55:03,49,23,23,0,"fit: 5, efit: 5","fit: 5, efit: 4",efit: 1,,,0,0,0,0,2,,
2026-02-13 13:10:38,49,23,23,0,"fit: 5, efit: 4","fit: 5, efit: 3",efit: 1,,,0,0,0,0,2,,
2026-02-13 14:56:05,49,23,23,0,"fit: 5, efit: 5","fit: 5, efit: 4",efit: 1,,,0,0,0,0,2,,
2026-02-13 16:22:54,49,23,23,0,"fit: 5, efit: 4","fit: 5, efit: 3",efit: 1,,,0,0,0,0,2,,
2026-02-13 17:06:38,49,23,23,0,"fit: 5, efit: 3","fit: 5, efit: 2",efit: 1,,,0,0,0,0,2,,
2026-02-14 00:03:24,49,23,23,0,"fit: 5, efit: 3","fit: 5, efit: 2",efit: 1,,,0,0,0,0,2,,
2026-02-14 12:21:23,49,23,23,0,"fit: 6, efit: 3","fit: 6, efit: 2",efit: 1,,,0,0,0,0,2,,
2026-02-14 13:51:38,49,23,23,0,"fit: 6, efit: 4","fit: 6, efit: 3",efit: 1,,,0,0,0,0,2,,
2026-02-14 15:46:59,49,23,23,0,"fit: 7, efit: 4","fit: 7, efit: 3",efit: 1,,,0,0,0,0,2,,
2026-02-14 17:22:16,49,23,23,0,"fit: 7, efit: 5","fit: 7, efit: 4",efit: 1,,,0,0,0,0,2,,
2026-02-14 17:47:21,49,23,23,0,"fit: 7, efit: 4","fit: 7, efit: 3",efit: 1,,,0,0,0,0,2,,
2026-02-14 18:07:24,49,23,23,0,"fit: 7, efit: 3","fit: 7, efit: 2",efit: 1,,,0,0,0,0,2,,
2026-02-14 18:33:00,49,23,23,0,"fit: 7, efit: 4","fit: 7, efit: 3",efit: 1,,,0,0,0,0,2,,
2026-02-15 00:03:26,49,23,23,0,"fit: 7, efit: 4","fit: 7, efit: 3",efit: 1,,,0,0,0,0,2,,
2026-02-15 18:18:51,49,23,23,0,"fit: 7, efit: 4","fit: 7, efit: 2",efit: 1,,,0,0,0,0,2,,
2026-02-15 18:26:18,49,23,23,0,"fit: 7, efit: 5","fit: 7, efit: 3",efit: 1,,,0,0,0,0,2,,
2026-02-15 21:26:48,49,23,23,0,"fit: 7, efit: 4","fit: 7, efit: 2",efit: 1,,,0,0,0,0,2,,
2026-02-16 00:00:16,49,23,23,0,"fit: 7, efit: 4","fit: 7, efit: 2",efit: 1,,,0,0,0,0,2,,
2026-02-16 07:52:11,49,23,23,0,"fit: 7, efit: 5","fit: 7, efit: 3",efit: 1,,,0,0,0,0,2,,
2026-02-16 08:08:32,49,23,23,0,"fit: 7, efit: 6","fit: 7, efit: 4",efit: 1,,,0,0,0,0,2,,
2026-02-16 08:28:36,49,23,23,0,"fit: 7, efit: 7","fit: 7, efit: 5",efit: 1,,,0,0,0,0,2,,
2026-02-16 08:37:22,49,23,23,0,"fit: 7, efit: 8","fit: 7, efit: 6",efit: 1,,,0,0,0,0,2,,
2026-02-16 09:27:34,49,23,23,0,"fit: 7, efit: 9","fit: 7, efit: 7",efit: 1,,,0,0,0,0,2,,
2026-02-16 10:02:43,49,23,23,0,"fit: 7, efit: 9","fit: 7, efit: 9",,,,0,0,0,0,2,,
2026-02-16 10:12:46,49,23,23,0,"fit: 7, efit: 10","fit: 7, efit: 10",,,,0,0,0,0,2,,
2026-02-16 11:49:09,49,23,23,0,"fit: 7, efit: 11","fit: 7, efit: 11",,,,0,0,0,0,2,,
2026-02-16 12:18:18,49,23,23,0,"fit: 7, efit: 12","fit: 7, efit: 12",,,,0,0,0,0,2,,
2026-02-16 16:19:19,49,23,23,0,"fit: 7, efit: 11","fit: 7, efit: 11",,,,0,0,0,0,2,,
2026-02-16 16:49:26,49,23,23,0,"fit: 7, efit: 10","fit: 7, efit: 10",,,,0,0,0,0,2,,
2026-02-16 16:54:28,49,23,23,0,"fit: 7, efit: 7","fit: 7, efit: 7",,,,0,0,0,0,2,,
2026-02-16 17:14:33,49,23,23,0,"fit: 7, efit: 6","fit: 7, efit: 6",,,,0,0,0,0,2,,
2026-02-16 17:25:05,49,23,23,0,"fit: 7, efit: 5","fit: 7, efit: 5",,,,0,0,0,0,2,,
2026-02-16 17:35:07,49,23,23,0,"fit: 7, efit: 4","fit: 7, efit: 4",,,,0,0,0,0,2,,
2026-02-16 17:44:40,49,23,23,0,"fit: 7, efit: 3","fit: 7, efit: 3",,,,0,0,0,0,2,,
2026-02-16 19:15:03,49,23,23,0,"fit: 7, efit: 2","fit: 7, efit: 2",,,,0,0,0,0,2,,
2026-02-16 20:10:59,49,23,23,0,"fit: 7, efit: 2","fit: 7, efit: 1",efit: 1,,,0,0,0,0,2,,
2026-02-17 00:00:54,49,23,23,0,"fit: 7, efit: 2","fit: 7, efit: 1",efit: 1,,,0,0,0,0,2,,
2026-02-17 05:31:48,49,23,23,0,"fit: 7, efit: 3","fit: 7, efit: 2",efit: 1,,,0,0,0,0,2,,
2026-02-17 08:08:23,49,23,23,0,"fit: 7, efit: 4","fit: 7, efit: 3",efit: 1,,,0,0,0,0,2,,
2026-02-17 08:13:24,49,23,23,0,"fit: 7, efit: 5","fit: 7, efit: 4",efit: 1,,,0,0,0,0,2,,
2026-02-17 08:42:20,49,23,23,0,"fit: 7, efit: 6","fit: 7, efit: 5",efit: 1,,,0,0,0,0,2,,
2026-02-17 08:47:21,49,23,23,0,"fit: 7, efit: 7","fit: 7, efit: 6",efit: 1,,,0,0,0,0,2,,
2026-02-17 08:49:11,49,23,23,0,"fit: 8, efit: 6","fit: 8, efit: 5",efit: 1,,,0,0,0,0,2,,
2026-02-17 09:13:36,49,23,23,0,"fit: 8, efit: 7","fit: 8, efit: 6",efit: 1,,,0,0,0,0,2,,
2026-02-17 09:37:30,49,23,23,0,"fit: 8, efit: 8","fit: 8, efit: 7",efit: 1,,,0,0,0,0,2,,
2026-02-17 09:42:31,49,23,23,0,"fit: 8, efit: 9","fit: 8, efit: 8",efit: 1,,,0,0,0,0,2,,
2026-02-17 09:52:32,49,23,23,0,"fit: 8, efit: 10","fit: 8, efit: 9",efit: 1,,,0,0,0,0,2,,
2026-02-17 10:27:38,49,23,23,0,"fit: 8, efit: 11","fit: 8, efit: 10",efit: 1,,,0,0,0,0,2,,
2026-02-17 10:58:58,49,23,23,0,"fit: 9, efit: 11","fit: 9, efit: 10",efit: 1,,,0,0,0,0,2,,
2026-02-17 11:02:44,49,23,23,0,"fit: 9, efit: 10","fit: 9, efit: 9",efit: 1,,,0,0,0,0,2,,
2026-02-17 11:07:44,49,23,23,0,"fit: 9, efit: 11","fit: 9, efit: 10",efit: 1,,,0,0,0,0,2,,
2026-02-17 11:12:45,49,23,23,0,"fit: 9, efit: 10","fit: 9, efit: 9",efit: 1,,,0,0,0,0,2,,
2026-02-17 11:17:46,49,23,23,0,"fit: 9, efit: 9","fit: 9, efit: 8",efit: 1,,,0,0,0,0,2,,
2026-02-17 11:19:02,49,23,23,0,"fit: 9, efit: 10","fit: 9, efit: 9",efit: 1,,,0,0,0,0,2,,
2026-02-17 11:44:43,49,23,23,0,"fit: 9, efit: 8","fit: 9, efit: 7",efit: 1,,,0,0,0,0,2,,
2026-02-17 12:37:59,49,23,23,0,"fit: 9, efit: 9","fit: 9, efit: 8",efit: 1,,,0,0,0,0,2,,
2026-02-17 12:39:18,49,23,23,0,"fit: 9, efit: 8","fit: 9, efit: 7",efit: 1,,,0,0,0,0,2,,
2026-02-17 12:49:54,49,23,23,0,"fit: 9, efit: 7","fit: 9, efit: 6",efit: 1,,,0,0,0,0,2,,
2026-02-17 13:53:13,49,23,23,0,"fit: 9, efit: 9","fit: 9, efit: 8",efit: 1,,,0,0,0,0,2,,
2026-02-17 14:34:42,49,23,23,0,"fit: 10, efit: 9","fit: 10, efit: 8",efit: 1,,,0,0,0,0,2,,
2026-02-17 14:38:20,49,23,23,0,"fit: 10, efit: 8","fit: 10, efit: 7",efit: 1,,,0,0,0,0,2,,
2026-02-17 14:43:21,49,23,23,0,"fit: 10, efit: 9","fit: 10, efit: 8",efit: 1,,,0,0,0,0,2,,
2026-02-17 14:55:18,49,23,23,0,"fit: 11, efit: 9","fit: 11, efit: 8",efit: 1,,,0,0,0,0,2,,
2026-02-17 14:58:23,49,23,23,0,"fit: 11, efit: 8","fit: 11, efit: 7",efit: 1,,,0,0,0,0,2,,
2026-02-17 15:03:24,49,23,23,0,"fit: 11, efit: 9","fit: 11, efit: 8",efit: 1,,,0,0,0,0,2,,
2026-02-17 15:08:25,49,23,23,0,"fit: 11, efit: 8","fit: 11, efit: 7",efit: 1,,,0,0,0,0,2,,
2026-02-17 15:18:26,49,23,23,0,"fit: 11, efit: 7","fit: 11, efit: 6",efit: 1,,,0,0,0,0,2,,
2026-02-17 15:34:54,49,23,23,0,"fit: 11, efit: 6","fit: 11, efit: 5",efit: 1,,,0,0,0,0,2,,
2026-02-17 15:43:30,49,23,23,0,"fit: 11, efit: 5","fit: 11, efit: 4",efit: 1,,,0,0,0,0,2,,
2026-02-17 15:53:32,49,23,23,0,"fit: 11, efit: 4","fit: 11, efit: 3",efit: 1,,,0,0,0,0,2,,
2026-02-17 15:55:29,49,23,23,0,"fit: 11, efit: 3","fit: 11, efit: 2",efit: 1,,,0,0,0,0,2,,
2026-02-17 16:08:35,49,23,23,0,"fit: 11, efit: 2","fit: 11, efit: 1",efit: 1,,,0,0,0,0,2,,
2026-02-17 16:45:11,49,23,23,0,"fit: 11, efit: 1",fit: 11,efit: 1,,,0,0,0,0,2,,
2026-02-17 16:48:41,49,23,23,0,"fit: 10, efit: 1",fit: 10,efit: 1,,,0,0,0,0,2,,
2026-02-17 17:23:47,49,23,23,0,"fit: 10, efit: 1","fit: 10, efit: 1",,,,0,0,0,0,2,,
2026-02-17 18:45:35,49,23,23,0,"fit: 10, efit: 1",fit: 10,efit: 1,,,0,0,0,0,2,,
2026-02-18 00:01:40,49,23,23,0,"fit: 10, efit: 1",fit: 10,efit: 1,,,0,0,0,0,2,,
2026-02-18 08:36:18,49,23,23,0,"fit: 10, efit: 2","fit: 10, efit: 1",efit: 1,,,0,0,0,0,2,,
2026-02-18 08:48:28,49,23,23,0,"fit: 10, efit: 3","fit: 10, efit: 2",efit: 1,,,0,0,0,0,2,,
2026-02-18 09:23:35,49,23,23,0,"fit: 10, efit: 4","fit: 10, efit: 3",efit: 1,,,0,0,0,0,2,,
2026-02-18 09:26:26,49,23,23,0,"fit: 10, efit: 5","fit: 10, efit: 4",efit: 1,,,0,0,0,0,2,,
2026-02-18 09:38:38,49,23,23,0,"fit: 10, efit: 4","fit: 10, efit: 3",efit: 1,,,0,0,0,0,2,,
2026-02-18 09:46:29,49,23,23,0,"fit: 10, efit: 5","fit: 10, efit: 4",efit: 1,,,0,0,0,0,2,,
2026-02-18 10:06:32,49,23,23,0,"fit: 10, efit: 6","fit: 10, efit: 5",efit: 1,,,0,0,0,0,2,,
2026-02-18 10:16:34,49,23,23,0,"fit: 10, efit: 7","fit: 10, efit: 6",efit: 1,,,0,0,0,0,2,,
2026-02-18 10:33:44,49,23,23,0,"fit: 10, efit: 8","fit: 10, efit: 7",efit: 1,,,0,0,0,0,2,,
2026-02-18 11:01:41,49,23,23,0,"fit: 10, efit: 9","fit: 10, efit: 8",efit: 1,,,0,0,0,0,2,,
2026-02-18 11:03:49,49,23,23,0,"fit: 10, efit: 10","fit: 10, efit: 9",efit: 1,,,0,0,0,0,2,,
2026-02-18 12:09:00,49,23,23,0,"fit: 10, efit: 9","fit: 10, efit: 8",efit: 1,,,0,0,0,0,2,,
2026-02-18 12:16:53,49,23,23,0,"fit: 10, efit: 10","fit: 10, efit: 9",efit: 1,,,0,0,0,0,2,,
2026-02-18 13:39:16,49,23,23,0,"fit: 10, efit: 11","fit: 10, efit: 10",efit: 1,,,0,0,0,0,2,,
2026-02-18 14:19:23,49,23,23,0,"fit: 8, efit: 7","fit: 8, efit: 7",,,,0,0,0,0,2,,
2026-02-18 14:24:24,49,23,23,0,"fit: 4, efit: 7","fit: 4, efit: 7",,,,0,0,0,0,2,,
2026-02-18 15:04:31,49,23,23,0,"fit: 5, efit: 7","fit: 5, efit: 7",,,,0,0,0,0,2,,
2026-02-18 16:02:30,49,23,23,0,"fit: 5, efit: 6","fit: 5, efit: 6",,,,0,0,0,0,2,,
2026-02-18 16:24:45,49,23,23,0,"fit: 5, efit: 5","fit: 5, efit: 5",,,,0,0,0,0,2,,
2026-02-18 16:34:46,49,23,23,0,"fit: 5, efit: 6","fit: 5, efit: 6",,,,0,0,0,0,2,,
2026-02-18 16:42:36,49,23,23,0,"fit: 5, efit: 7","fit: 5, efit: 7",,,,0,0,0,0,2,,
2026-02-18 16:50:02,49,23,23,0,"fit: 5, efit: 8","fit: 5, efit: 8",,,,0,0,0,0,2,,
2026-02-18 16:57:39,49,23,23,0,"fit: 5, efit: 7","fit: 5, efit: 7",,,,0,0,0,0,2,,
2026-02-18 17:04:52,49,23,23,0,"fit: 5, efit: 6","fit: 5, efit: 6",,,,0,0,0,0,2,,
2026-02-18 17:09:52,49,23,23,0,"fit: 5, efit: 5","fit: 5, efit: 5",,,,0,0,0,0,2,,
2026-02-18 17:19:54,49,23,23,0,"fit: 5, efit: 4","fit: 5, efit: 4",,,,0,0,0,0,2,,
2026-02-18 18:17:51,49,23,23,0,"fit: 5, efit: 3","fit: 5, efit: 3",,,,0,0,0,0,2,,
2026-02-18 19:00:12,49,23,23,0,"fit: 5, efit: 4","fit: 5, efit: 4",,,,0,0,0,0,2,,
2026-02-18 19:02:58,49,23,23,0,"fit: 5, efit: 3","fit: 5, efit: 3",,,,0,0,0,0,2,,
2026-02-18 19:07:59,49,23,23,0,"fit: 5, efit: 2","fit: 5, efit: 2",,,,0,0,0,0,2,,
2026-02-18 22:23:29,49,23,23,0,"fit: 5, efit: 3","fit: 5, efit: 3",,,,0,0,0,0,2,,
2026-02-19 00:01:05,49,23,23,0,"fit: 5, efit: 3","fit: 5, efit: 3",,,,0,0,0,0,2,,
2026-02-19 05:26:59,49,23,23,0,"fit: 5, efit: 4","fit: 5, efit: 4",,,,0,0,0,0,2,,
2026-02-19 05:27:36,49,23,23,0,"fit: 5, efit: 5","fit: 5, efit: 5",,,,0,0,0,0,2,,
2026-02-19 08:04:56,49,23,23,0,"fit: 5, efit: 6","fit: 5, efit: 6",,,,0,0,0,0,2,,
2026-02-19 08:40:02,49,23,23,0,"fit: 5, efit: 7","fit: 5, efit: 7",,,,0,0,0,0,2,,
2026-02-19 08:47:34,49,23,23,0,"fit: 5, efit: 8","fit: 5, efit: 8",,,,0,0,0,0,2,,
2026-02-19 09:23:24,49,23,23,0,"fit: 5, efit: 7","fit: 5, efit: 7",,,,0,0,0,0,2,,
2026-02-19 09:27:41,49,23,23,0,"fit: 5, efit: 8","fit: 5, efit: 8",,,,0,0,0,0,2,,
2026-02-19 09:35:11,49,23,23,0,"fit: 5, efit: 9","fit: 5, efit: 9",,,,0,0,0,0,2,,
2026-02-19 10:00:15,49,23,23,0,"fit: 5, efit: 8","fit: 5, efit: 8",,,,0,0,0,0,2,,
2026-02-19 10:50:23,49,23,23,0,"fit: 5, efit: 9","fit: 5, efit: 9",,,,0,0,0,0,2,,
2026-02-19 11:03:44,49,23,23,0,"fit: 5, efit: 10","fit: 5, efit: 10",,,,0,0,0,0,2,,
2026-02-19 11:07:58,49,23,23,0,"fit: 5, efit: 9","fit: 5, efit: 9",,,,0,0,0,0,2,,
2026-02-19 11:28:01,49,23,23,0,"fit: 5, efit: 10","fit: 5, efit: 10",,,,0,0,0,0,2,,
2026-02-19 11:28:49,49,23,23,0,"fit: 5, efit: 9","fit: 5, efit: 9",,,,0,0,0,0,2,,
2026-02-19 11:50:32,49,23,23,0,"fit: 5, efit: 8","fit: 5, efit: 8",,,,0,0,0,0,2,,
2026-02-19 12:15:36,49,23,23,0,"fit: 5, efit: 7","fit: 5, efit: 7",,,,0,0,0,0,2,,
2026-02-19 12:58:17,49,23,23,0,"fit: 5, efit: 8","fit: 5, efit: 8",,,,0,0,0,0,2,,
2026-02-19 13:08:19,49,23,23,0,"fit: 5, efit: 7","fit: 5, efit: 7",,,,0,0,0,0,2,,
2026-02-19 13:43:24,49,23,23,0,"fit: 5, efit: 8","fit: 5, efit: 8",,,,0,0,0,0,2,,
2026-02-19 13:53:26,49,23,23,0,"fit: 5, efit: 7","fit: 5, efit: 7",,,,0,0,0,0,2,,
2026-02-19 15:14:35,49,23,23,0,"fit: 5, efit: 6","fit: 5, efit: 6",,,,0,0,0,0,2,,
2026-02-19 15:41:08,49,23,23,0,"fit: 5, efit: 7","fit: 5, efit: 7",,,,0,0,0,0,2,,
2026-02-19 16:13:49,49,23,23,0,"fit: 5, efit: 6","fit: 5, efit: 6",,,,0,0,0,0,2,,
2026-02-19 16:44:53,49,23,23,0,"fit: 6, efit: 5","fit: 6, efit: 5",,,,0,0,0,0,2,,
2026-02-19 16:46:17,49,23,23,0,"fit: 5, efit: 5","fit: 5, efit: 5",,,,0,0,0,0,2,,
2026-02-19 16:49:54,49,23,23,0,"fit: 5, efit: 4","fit: 5, efit: 4",,,,0,0,0,0,2,,
2026-02-19 17:20:01,49,23,23,0,"fit: 5, efit: 3","fit: 5, efit: 3",,,,0,0,0,0,2,,
2026-02-19 17:35:04,49,23,23,0,"fit: 5, efit: 4","fit: 5, efit: 4",,,,0,0,0,0,2,,
2026-02-19 17:41:25,49,23,23,0,"fit: 5, efit: 3","fit: 5, efit: 3",,,,0,0,0,0,2,,
2026-02-19 18:25:15,49,23,23,0,"fit: 5, efit: 4","fit: 5, efit: 4",,,,0,0,0,0,2,,
2026-02-19 18:35:17,49,23,23,0,"fit: 5, efit: 3","fit: 5, efit: 3",,,,0,0,0,0,2,,
2026-02-20 00:01:25,49,23,23,0,"fit: 5, efit: 3","fit: 5, efit: 3",,,,0,0,0,0,2,,
2026-02-20 07:27:53,49,23,23,0,"fit: 5, efit: 4","fit: 5, efit: 4",,,,0,0,0,0,2,,
2026-02-20 07:32:54,49,23,23,0,"fit: 5, efit: 5","fit: 5, efit: 5",,,,0,0,0,0,2,,
2026-02-20 08:48:10,49,23,23,0,"fit: 5, efit: 6","fit: 5, efit: 6",,,,0,0,0,0,2,,
2026-02-20 09:23:57,49,23,23,0,"fit: 6, efit: 6","fit: 6, efit: 6",,,,0,0,0,0,2,,
2026-02-20 09:33:19,49,23,23,0,"fit: 6, efit: 7","fit: 6, efit: 7",,,,0,0,0,0,2,,
2026-02-20 09:38:20,49,23,23,0,"fit: 6, efit: 8","fit: 6, efit: 8",,,,0,0,0,0,2,,
2026-02-20 09:49:01,49,23,23,0,"fit: 7, efit: 7","fit: 7, efit: 7",,,,0,0,0,0,2,,
2026-02-20 10:43:33,49,23,23,0,"fit: 7, efit: 8","fit: 7, efit: 8",,,,0,0,0,0,2,,
2026-02-20 11:33:43,49,23,23,0,"fit: 7, efit: 7","fit: 7, efit: 7",,,,0,0,0,0,2,,
2026-02-20 12:43:57,49,23,23,0,"fit: 7, efit: 6","fit: 7, efit: 6",,,,0,0,0,0,2,,
2026-02-20 13:39:08,49,23,23,0,"fit: 7, efit: 5","fit: 7, efit: 5",,,,0,0,0,0,2,,
2026-02-20 14:14:16,49,23,23,0,"fit: 7, efit: 6","fit: 7, efit: 6",,,,0,0,0,0,2,,
2026-02-20 14:19:17,49,23,23,0,"fit: 7, efit: 7","fit: 7, efit: 7",,,,0,0,0,0,2,,
2026-02-20 14:24:47,49,23,23,0,"fit: 8, efit: 7","fit: 8, efit: 7",,,,0,0,0,0,2,,
2026-02-20 14:29:19,49,23,23,0,"fit: 8, efit: 8","fit: 8, efit: 8",,,,0,0,0,0,2,,
2026-02-20 14:44:22,49,23,23,0,"fit: 8, efit: 7","fit: 8, efit: 7",,,,0,0,0,0,2,,
2026-02-20 14:49:23,49,23,23,0,"fit: 9, efit: 7","fit: 9, efit: 7",,,,0,0,0,0,2,,
2026-02-20 14:59:53,49,23,23,0,"fit: 10, efit: 7","fit: 10, efit: 7",,,,0,0,0,0,2,,
2026-02-20 15:44:34,49,23,23,0,"fit: 11, efit: 7","fit: 11, efit: 7",,,,0,0,0,0,2,,
2026-02-20 16:09:39,49,23,23,0,"fit: 11, efit: 6","fit: 11, efit: 6",,,,0,0,0,0,2,,
2026-02-20 16:34:44,49,23,23,0,"fit: 11, efit: 7","fit: 11, efit: 7",,,,0,0,0,0,2,,
2026-02-20 17:04:50,49,23,23,0,"fit: 11, efit: 6","fit: 11, efit: 6",,,,0,0,0,0,2,,
2026-02-20 17:16:12,49,23,23,0,"fit: 11, efit: 5","fit: 11, efit: 5",,,,0,0,0,0,2,,
2026-02-20 17:29:55,49,23,23,0,"fit: 14, efit: 3","fit: 14, efit: 2",,,,0,0,0,0,2,,
2026-02-20 17:31:15,49,23,23,0,"fit: 14, efit: 2","fit: 14, efit: 1",,,,0,0,0,0,2,,
2026-02-20 17:51:18,49,23,23,0,"fit: 13, efit: 2","fit: 13, efit: 1",,,,0,0,0,0,2,,
2026-02-20 17:55:01,49,23,23,0,"fit: 12, efit: 2","fit: 12, efit: 1",,,,0,0,0,0,2,,
2026-02-20 18:41:27,49,23,23,0,"fit: 12, efit: 3","fit: 12, efit: 2",,,,0,0,0,0,2,,
2026-02-20 18:45:11,49,23,23,0,"fit: 12, efit: 2","fit: 12, efit: 1",,,,0,0,0,0,2,,
2026-02-20 19:50:25,49,23,23,0,"fit: 13, efit: 1",fit: 13,,,,0,0,0,0,2,,
2026-02-20 20:11:43,49,23,23,0,"fit: 15, efit: 1",fit: 15,,,,0,0,0,0,2,,
2026-02-20 21:35:46,49,23,23,0,"fit: 15, efit: 2","fit: 15, efit: 1",,,,0,0,0,0,2,,
2026-02-21 00:01:16,49,23,23,0,"fit: 15, efit: 2","fit: 15, efit: 1",,,,0,0,0,0,2,,
2026-02-21 11:53:14,49,23,23,0,"fit: 15, efit: 3","fit: 15, efit: 2",,,,0,0,0,0,2,,
2026-02-21 13:08:26,49,23,23,0,"fit: 16, efit: 3","fit: 16, efit: 2",,,,0,0,0,0,2,,
2026-02-21 13:09:38,49,23,23,0,"fit: 16, efit: 2","fit: 16, efit: 1",,,,0,0,0,0,2,,
2026-02-21 14:28:38,49,23,23,0,"fit: 16, efit: 1","fit: 16, efit: 1",,,,0,0,0,0,2,,
2026-02-21 14:33:39,49,23,23,0,"fit: 15, efit: 1","fit: 15, efit: 1",,,,0,0,0,0,2,,
2026-02-21 14:38:40,49,23,23,0,"fit: 13, efit: 1",fit: 13,,,,0,0,0,0,2,,
2026-02-21 14:39:53,49,23,23,0,"fit: 12, efit: 1",fit: 12,,,,0,0,0,0,2,,
2026-02-21 14:43:41,49,23,23,0,"fit: 8, efit: 1",fit: 8,,,,0,0,0,0,2,,
2026-02-21 14:48:41,49,23,23,0,"fit: 4, efit: 1",fit: 4,,,,0,0,0,0,2,,
2026-02-21 14:53:43,49,23,23,0,"fit: 4, efit: 2","fit: 4, efit: 1",,,,0,0,0,0,2,,
2026-02-21 16:34:29,49,23,23,0,"fit: 4, efit: 1",fit: 4,,,,0,0,0,0,2,,
2026-02-21 17:34:41,49,23,23,0,"fit: 3, efit: 1",fit: 3,,,,0,0,0,0,2,,
2026-02-21 17:39:10,49,23,23,0,"fit: 3, efit: 2","fit: 3, efit: 1",,,,0,0,0,0,2,,
2026-02-21 17:49:11,49,23,23,0,"fit: 3, efit: 1",fit: 3,,,,0,0,0,0,2,,
2026-02-21 17:59:13,49,23,23,0,"fit: 4, efit: 1",fit: 4,,,,0,0,0,0,2,,
2026-02-21 18:49:21,49,23,23,0,"fit: 4, efit: 2","fit: 4, efit: 1",,,,0,0,0,0,2,,
2026-02-21 19:14:25,49,23,23,0,"fit: 4, efit: 1",fit: 4,,,,0,0,0,0,2,,
2026-02-22 00:00:13,49,23,23,0,"fit: 4, efit: 1",fit: 4,,,,0,0,0,0,2,,
2026-02-22 09:06:42,49,23,23,0,"fit: 5, efit: 1",fit: 5,,,,0,0,0,0,2,,
2026-02-22 23:34:01,49,23,23,0,"fit: 6, efit: 1",fit: 6,,,,0,0,0,0,2,,
2026-02-23 00:00:41,49,23,23,0,"fit: 6, efit: 1",fit: 6,,,,0,0,0,0,2,,
2026-02-23 05:39:59,49,23,23,0,"fit: 6, efit: 2","fit: 6, efit: 1",,,,0,0,0,0,2,,
2026-02-23 08:00:23,49,23,23,0,"fit: 7, efit: 2","fit: 7, efit: 1",,,,0,0,0,0,2,,
2026-02-23 08:15:25,49,23,23,0,"fit: 7, efit: 3","fit: 7, efit: 2",,,,0,0,0,0,2,,
2026-02-23 09:15:35,49,23,23,0,"fit: 7, efit: 4","fit: 7, efit: 3",,,,0,0,0,0,2,,
2026-02-23 09:42:24,49,23,23,0,"fit: 7, efit: 5","fit: 7, efit: 4",,,,0,0,0,0,2,,
2026-02-23 10:02:27,49,23,23,0,"fit: 7, efit: 6","fit: 7, efit: 5",,,,0,0,0,0,2,,
2026-02-23 10:35:48,49,23,23,0,"fit: 7, efit: 7","fit: 7, efit: 6",,,,0,0,0,0,2,,
2026-02-23 11:25:56,49,23,23,0,"fit: 7, efit: 6","fit: 7, efit: 5",,,,0,0,0,0,2,,
2026-02-23 11:51:01,49,23,23,0,"fit: 7, efit: 6","fit: 7, efit: 5",efit: 1,,,0,0,0,0,2,,
2026-02-23 11:57:47,49,23,23,0,"fit: 7, efit: 7","fit: 7, efit: 6",efit: 1,,,0,0,0,0,2,,
2026-02-23 12:11:04,49,23,23,0,"fit: 7, efit: 8","fit: 7, efit: 7",efit: 1,,,0,0,0,0,2,,
2026-02-23 13:11:14,49,23,23,0,"fit: 7, efit: 9","fit: 7, efit: 8",efit: 1,,,0,0,0,0,2,,
2026-02-23 14:38:16,49,23,23,0,"fit: 7, efit: 10","fit: 7, efit: 9",efit: 1,,,0,0,0,0,2,,
2026-02-23 15:51:40,49,23,23,0,"fit: 7, efit: 9","fit: 7, efit: 8",efit: 1,,,0,0,0,0,2,,
2026-02-23 16:11:43,49,23,23,0,"fit: 7, efit: 8","fit: 7, efit: 7",efit: 1,,,0,0,0,0,2,,
2026-02-23 16:41:48,49,23,23,0,"fit: 7, efit: 7","fit: 7, efit: 6",efit: 1,,,0,0,0,0,2,,
2026-02-23 17:01:51,49,23,23,0,"fit: 7, efit: 6","fit: 7, efit: 5",efit: 1,,,0,0,0,0,2,,
2026-02-23 17:03:40,49,23,23,0,"fit: 7, efit: 5","fit: 7, efit: 4",efit: 1,,,0,0,0,0,2,,
2026-02-23 17:36:57,49,23,23,0,"fit: 7, efit: 4","fit: 7, efit: 3",efit: 1,,,0,0,0,0,2,,
2026-02-23 18:27:05,49,23,23,0,"fit: 7, efit: 3","fit: 7, efit: 2",efit: 1,,,0,0,0,0,2,,
2026-02-23 18:47:09,49,23,23,0,"fit: 7, efit: 2","fit: 7, efit: 1",efit: 1,,,0,0,0,0,2,,
2026-02-23 18:53:59,49,23,23,0,"fit: 7, efit: 1",fit: 7,efit: 1,,,0,0,0,0,2,,
2026-02-23 19:17:14,49,23,23,0,"fit: 6, efit: 1",fit: 6,efit: 1,,,0,0,0,0,2,,
2026-02-23 21:44:29,49,23,23,0,"fit: 6, efit: 2","fit: 6, efit: 1",efit: 1,,,0,0,0,0,2,,
2026-02-24 00:00:16,49,23,23,0,"fit: 6, efit: 2","fit: 6, efit: 1",efit: 1,,,0,0,0,0,2,,
2026-02-24 08:07:16,49,23,23,0,"fit: 6, efit: 3","fit: 6, efit: 2",efit: 1,,,0,0,0,0,2,,
2026-02-24 08:11:23,49,23,23,0,"fit: 6, efit: 4","fit: 6, efit: 3",efit: 1,,,0,0,0,0,2,,
2026-02-24 09:31:38,49,23,23,0,"fit: 6, efit: 5","fit: 6, efit: 4",efit: 1,,,0,0,0,0,2,,
2026-02-24 09:32:08,49,23,23,0,"fit: 6, efit: 6","fit: 6, efit: 5",efit: 1,,,0,0,0,0,2,,
2026-02-24 09:46:41,49,23,23,0,"fit: 6, efit: 7","fit: 6, efit: 6",efit: 1,,,0,0,0,0,2,,
2026-02-24 09:51:42,49,23,23,0,"fit: 6, efit: 8","fit: 6, efit: 7",efit: 1,,,0,0,0,0,2,,
2026-02-24 10:07:14,49,23,23,0,"fit: 6, efit: 9","fit: 6, efit: 8",efit: 1,,,0,0,0,0,2,,
2026-02-24 10:46:52,49,23,23,0,"fit: 6, efit: 8","fit: 6, efit: 7",efit: 1,,,0,0,0,0,2,,
2026-02-24 10:56:54,49,23,23,0,"fit: 6, efit: 9","fit: 6, efit: 8",efit: 1,,,0,0,0,0,2,,
2026-02-24 11:37:01,49,23,23,0,"fit: 5, efit: 9","fit: 5, efit: 8",efit: 1,,,0,0,0,0,2,,
2026-02-24 12:07:07,49,23,23,0,"fit: 5, efit: 10","fit: 5, efit: 9",efit: 1,,,0,0,0,0,2,,
2026-02-24 12:12:08,49,23,23,0,"fit: 5, efit: 9","fit: 5, efit: 8",efit: 1,,,0,0,0,0,2,,
2026-02-24 12:48:26,49,23,23,0,"fit: 5, efit: 8","fit: 5, efit: 7",efit: 1,,,0,0,0,0,2,,
2026-02-24 12:52:15,49,23,23,0,"fit: 5, efit: 7","fit: 5, efit: 6",efit: 1,,,0,0,0,0,2,,
2026-02-24 13:52:26,49,23,23,0,"fit: 5, efit: 6","fit: 5, efit: 5",efit: 1,,,0,0,0,0,2,,
2026-02-24 14:27:32,49,23,23,0,"fit: 5, efit: 7","fit: 5, efit: 6",efit: 1,,,0,0,0,0,2,,
2026-02-24 14:32:33,49,23,23,0,"fit: 5, efit: 7","fit: 5, efit: 7",,,,0,0,0,0,2,,
2026-02-24 15:12:40,49,23,23,0,"fit: 5, efit: 8","fit: 5, efit: 8",,,,0,0,0,0,2,,
2026-02-24 17:10:00,49,23,23,0,"fit: 5, efit: 7","fit: 5, efit: 7",,,,0,0,0,0,2,,
2026-02-24 17:30:04,49,23,23,0,"fit: 5, efit: 8","fit: 5, efit: 8",,,,0,0,0,0,2,,
2026-02-24 18:16:44,49,23,23,0,"fit: 5, efit: 7","fit: 5, efit: 7",,,,0,0,0,0,2,,
2026-02-24 18:20:13,49,23,23,0,"fit: 5, efit: 6","fit: 5, efit: 6",,,,0,0,0,0,2,,
2026-02-24 18:21:46,49,23,23,0,"fit: 5, efit: 5","fit: 5, efit: 5",,,,0,0,0,0,2,,
2026-02-24 19:01:55,49,23,23,0,"fit: 5, efit: 4","fit: 5, efit: 4",,,,0,0,0,0,2,,
2026-02-25 00:01:15,49,23,23,0,"fit: 5, efit: 4","fit: 5, efit: 4",,,,0,0,0,0,2,,
2026-02-25 07:27:30,49,23,23,0,"fit: 5, efit: 5","fit: 5, efit: 5",,,,0,0,0,0,2,,
2026-02-25 08:05:13,49,23,23,0,"fit: 5, efit: 6","fit: 5, efit: 6",,,,0,0,0,0,2,,
2026-02-25 09:12:48,49,23,23,0,"fit: 5, efit: 7","fit: 5, efit: 7",,,,0,0,0,0,2,,
2026-02-25 09:17:49,49,23,23,0,"fit: 5, efit: 8","fit: 5, efit: 8",,,,0,0,0,0,2,,
2026-02-25 09:20:32,49,23,23,0,"fit: 5, efit: 9","fit: 5, efit: 9",,,,0,0,0,0,2,,
2026-02-25 09:35:35,49,23,23,0,"fit: 5, efit: 10","fit: 5, efit: 10",,,,0,0,0,0,2,,
2026-02-25 09:42:53,49,23,23,0,"fit: 5, efit: 9","fit: 5, efit: 9",,,,0,0,0,0,2,,
2026-02-25 10:00:42,49,23,23,0,"fit: 5, efit: 10","fit: 5, efit: 10",,,,0,0,0,0,2,,
2026-02-25 13:26:33,49,23,23,0,"fit: 5, efit: 11","fit: 5, efit: 11",,,,0,0,0,0,2,,
2026-02-25 14:01:42,49,23,23,0,"fit: 5, efit: 12","fit: 5, efit: 12",,,,0,0,0,0,2,,
2026-02-25 14:06:43,49,23,23,0,"fit: 5, efit: 13","fit: 5, efit: 13",,,,0,0,0,0,2,,
2026-02-25 14:11:44,49,23,23,0,"fit: 5, efit: 14","fit: 5, efit: 14",,,,0,0,0,0,2,,
2026-02-25 14:41:52,49,23,23,0,"fit: 6, efit: 14","fit: 6, efit: 14",,,,0,0,0,0,2,,
2026-02-25 15:11:59,49,23,23,0,"fit: 7, efit: 14","fit: 7, efit: 14",,,,0,0,0,0,2,,
2026-02-25 16:42:23,49,23,23,0,"fit: 7, efit: 13","fit: 7, efit: 13",,,,0,0,0,0,2,,
2026-02-25 16:52:25,49,23,23,0,"fit: 7, efit: 14","fit: 7, efit: 14",,,,0,0,0,0,2,,
2026-02-25 17:04:03,49,23,23,0,"fit: 7, efit: 13","fit: 7, efit: 13",,,,0,0,0,0,2,,
2026-02-25 17:12:30,49,23,23,0,"fit: 7, efit: 12","fit: 7, efit: 12",,,,0,0,0,0,2,,
2026-02-25 17:32:35,49,23,23,0,"fit: 7, efit: 11","fit: 7, efit: 11",,,,0,0,0,0,2,,
2026-02-25 17:44:10,49,23,23,0,"fit: 7, efit: 10","fit: 7, efit: 10",,,,0,0,0,0,2,,
2026-02-25 18:02:42,49,23,23,0,"fit: 7, efit: 9","fit: 7, efit: 9",,,,0,0,0,0,2,,
2026-02-25 18:04:13,49,23,23,0,"fit: 7, efit: 8","fit: 7, efit: 8",,,,0,0,0,0,2,,
2026-02-25 18:17:46,49,23,23,0,"fit: 7, efit: 9","fit: 7, efit: 9",,,,0,0,0,0,2,,
2026-02-25 18:52:55,49,23,23,0,"fit: 7, efit: 8","fit: 7, efit: 8",,,,0,0,0,0,2,,
2026-02-25 23:29:01,49,23,23,0,"fit: 7, efit: 8","fit: 7, efit: 7",,,,0,0,0,0,2,,
2026-02-26 00:00:08,49,23,23,0,"fit: 7, efit: 8","fit: 7, efit: 7",,,,0,0,0,0,2,,
2026-02-26 09:41:32,49,23,23,0,"fit: 7, efit: 9","fit: 7, efit: 8",,,,0,0,0,0,2,,
2026-02-26 09:56:34,49,23,23,0,"fit: 7, efit: 10","fit: 7, efit: 9",,,,0,0,0,0,2,,
2026-02-26 10:56:44,49,23,23,0,"fit: 7, efit: 11","fit: 7, efit: 10",,,,0,0,0,0,2,,
2026-02-26 11:06:45,49,23,23,0,"fit: 3, efit: 10","fit: 3, efit: 10",,,,0,0,0,0,2,,
2026-02-26 11:36:50,49,23,23,0,"fit: 3, efit: 9","fit: 3, efit: 9",,,,0,0,0,0,2,,
2026-02-26 12:06:56,49,23,23,0,"fit: 3, efit: 10","fit: 3, efit: 10",,,,0,0,0,0,2,,
2026-02-26 12:37:01,49,23,23,0,"fit: 4, efit: 10","fit: 4, efit: 10",,,,0,0,0,0,2,,
2026-02-26 14:02:14,49,23,23,0,"fit: 4, efit: 9","fit: 4, efit: 9",,,,0,0,0,0,2,,
2026-02-26 15:32:28,49,23,23,0,"fit: 4, efit: 8","fit: 4, efit: 8",,,,0,0,0,0,2,,
2026-02-26 15:47:30,49,23,23,0,"fit: 4, efit: 7","fit: 4, efit: 7",,,,0,0,0,0,2,,
2026-02-26 16:42:39,49,23,23,0,"fit: 4, efit: 6","fit: 4, efit: 6",,,,0,0,0,0,2,,
2026-02-26 17:42:48,49,23,23,0,"fit: 4, efit: 4","fit: 4, efit: 4",,,,0,0,0,0,2,,
2026-02-26 17:47:48,49,23,23,0,"fit: 4, efit: 5","fit: 4, efit: 5",,,,0,0,0,0,2,,
2026-02-26 17:52:49,49,23,23,0,"fit: 4, efit: 5","fit: 4, efit: 4",,,,0,0,0,0,2,,
2026-02-26 19:02:59,49,23,23,0,"fit: 4, efit: 6","fit: 4, efit: 5",,,,0,0,0,0,2,,
2026-02-26 19:48:06,49,23,23,0,"fit: 4, efit: 7","fit: 4, efit: 6",,,,0,0,0,0,2,,
2026-02-26 20:03:08,49,23,23,0,"fit: 4, efit: 6","fit: 4, efit: 5",,,,0,0,0,0,2,,
2026-02-27 00:00:09,49,23,23,0,"fit: 4, efit: 6","fit: 4, efit: 5",,,,0,0,0,0,2,,
2026-02-27 08:07:09,49,23,23,0,"fit: 4, efit: 7","fit: 4, efit: 6",,,,0,0,0,0,2,,
2026-02-27 08:34:57,49,23,23,0,"fit: 4, efit: 8","fit: 4, efit: 7",,,,0,0,0,0,2,,
2026-02-27 08:42:18,49,23,23,0,"fit: 4, efit: 9","fit: 4, efit: 8",,,,0,0,0,0,2,,
2026-02-27 08:49:59,49,23,23,0,"fit: 4, efit: 10","fit: 4, efit: 9",,,,0,0,0,0,2,,
2026-02-27 09:00:01,49,23,23,0,"fit: 4, efit: 11","fit: 4, efit: 10",,,,0,0,0,0,2,,
2026-02-27 09:25:05,49,23,23,0,"fit: 3, efit: 11","fit: 3, efit: 10",,,,0,0,0,0,2,,
2026-02-27 09:50:09,49,23,23,0,"fit: 4, efit: 10","fit: 4, efit: 9",,,,0,0,0,0,2,,
2026-02-27 12:11:29,49,23,23,0,"fit: 4, efit: 8","fit: 4, efit: 7",,,,0,0,0,0,2,,
2026-02-27 12:56:36,49,23,23,0,"fit: 4, efit: 7","fit: 4, efit: 6",,,,0,0,0,0,2,,
2026-02-27 12:58:23,49,23,23,0,"fit: 4, efit: 9","fit: 4, efit: 8",,,,0,0,0,0,2,,
2026-02-27 13:00:37,49,23,23,0,"fit: 4, efit: 7","fit: 4, efit: 6",,,,0,0,0,0,2,,
2026-02-27 13:23:29,49,23,23,0,"fit: 4, efit: 8","fit: 4, efit: 7",,,,0,0,0,0,2,,
2026-02-27 13:25:41,49,23,23,0,"fit: 4, efit: 7","fit: 4, efit: 6",,,,0,0,0,0,2,,
2026-02-27 13:38:33,49,23,23,0,"fit: 4, efit: 8","fit: 4, efit: 7",,,,0,0,0,0,2,,
2026-02-27 13:40:43,49,23,23,0,"fit: 4, efit: 7","fit: 4, efit: 6",,,,0,0,0,0,2,,
2026-02-27 13:43:34,49,23,23,0,"fit: 4, efit: 6","fit: 4, efit: 5",,,,0,0,0,0,2,,
2026-02-27 13:45:44,49,23,23,0,"fit: 4, efit: 5","fit: 4, efit: 4",,,,0,0,0,0,2,,
2026-02-27 14:15:48,49,23,23,0,"fit: 4, efit: 6","fit: 4, efit: 5",,,,0,0,0,0,2,,
2026-02-27 14:40:52,49,23,23,0,"fit: 4, efit: 7","fit: 4, efit: 6",,,,0,0,0,0,2,,
2026-02-27 15:05:56,49,23,23,0,"fit: 4, efit: 8","fit: 4, efit: 7",,,,0,0,0,0,2,,
2026-02-27 15:18:58,49,23,23,0,"fit: 3, efit: 8","fit: 3, efit: 7",,,,0,0,0,0,2,,
2026-02-27 15:54:07,49,23,23,0,"fit: 3, efit: 7","fit: 3, efit: 6",,,,0,0,0,0,2,,
2026-02-27 15:56:04,49,23,23,0,"fit: 3, efit: 6","fit: 3, efit: 5",,,,0,0,0,0,2,,
2026-02-27 16:01:04,49,23,23,0,"fit: 3, efit: 5","fit: 3, efit: 4",,,,0,0,0,0,2,,
2026-02-27 16:14:12,49,23,23,0,"fit: 3, efit: 4","fit: 3, efit: 3",,,,0,0,0,0,2,,
2026-02-27 16:16:07,49,23,23,0,"fit: 3, efit: 6","fit: 3, efit: 5",,,,0,0,0,0,2,,
2026-02-27 16:41:10,49,23,23,0,"fit: 3, efit: 7","fit: 3, efit: 6",,,,0,0,0,0,2,,
2026-02-27 17:11:15,49,23,23,0,"fit: 3, efit: 6","fit: 3, efit: 5",,,,0,0,0,0,2,,
2026-02-27 17:54:38,49,23,23,0,"fit: 3, efit: 5","fit: 3, efit: 4",,,,0,0,0,0,2,,
2026-02-27 18:06:23,49,23,23,0,"fit: 3, efit: 4","fit: 3, efit: 3",,,,0,0,0,0,2,,
2026-02-27 18:41:29,49,23,23,0,"fit: 3, efit: 3","fit: 3, efit: 2",,,,0,0,0,0,2,,
2026-02-27 18:46:29,49,23,23,0,"fit: 3, efit: 4","fit: 3, efit: 3",,,,0,0,0,0,2,,
2026-02-27 19:25:00,49,23,23,0,"fit: 3, efit: 3","fit: 3, efit: 2",,,,0,0,0,0,2,,
2026-02-27 19:40:04,49,23,23,0,"fit: 3, efit: 4","fit: 3, efit: 3",,,,0,0,0,0,2,,
2026-02-28 00:01:07,49,23,23,0,"fit: 3, efit: 4","fit: 3, efit: 3",,,,0,0,0,0,2,,
2026-02-28 03:44:08,49,23,23,0,"fit: 3, efit: 4","fit: 3, efit: 4",,,,0,0,0,0,2,,
2026-02-28 03:47:00,49,23,23,0,"fit: 3, efit: 4","fit: 3, efit: 3",,,,0,0,0,0,2,,
2026-02-28 10:48:40,49,23,23,0,"fit: 3, efit: 5","fit: 3, efit: 4",,,,0,0,0,0,2,,
2026-02-28 12:34:06,49,23,23,0,"fit: 3, efit: 4","fit: 3, efit: 3",,,,0,0,0,0,2,,
2026-02-28 12:44:08,49,23,23,0,"fit: 3, efit: 3","fit: 3, efit: 2",,,,0,0,0,0,2,,
2026-02-28 12:45:41,49,23,23,0,"fit: 3, efit: 2","fit: 3, efit: 1",,,,0,0,0,0,2,,
2026-02-28 13:50:52,49,23,23,0,"fit: 2, efit: 2","fit: 2, efit: 1",,,,0,0,0,0,2,,
2026-02-28 13:54:18,49,23,23,0,efit: 2,efit: 1,,,,0,0,0,0,2,,
2026-02-28 14:14:21,49,23,23,0,"fit: 2, efit: 2","fit: 2, efit: 1",,,,0,0,0,0,2,,
2026-02-28 14:19:22,49,23,23,0,"fit: 1, efit: 1",fit: 1,,,,0,0,0,0,2,,
2026-02-28 15:11:07,49,23,23,0,"fit: 1, efit: 2","fit: 1, efit: 1",,,,0,0,0,0,2,,
2026-02-28 15:26:09,49,23,23,0,"fit: 1, efit: 2","fit: 1, efit: 1",efit: 1,,,0,0,0,0,2,,
2026-02-28 16:21:19,49,23,23,0,"fit: 1, efit: 3","fit: 1, efit: 2",efit: 1,,,0,0,0,0,2,,
2026-02-28 16:46:23,49,23,23,0,"fit: 1, efit: 4","fit: 1, efit: 3",efit: 1,,,0,0,0,0,2,,
2026-02-28 17:34:52,49,23,23,0,"fit: 1, efit: 3","fit: 1, efit: 2",efit: 1,,,0,0,0,0,2,,
2026-02-28 17:39:53,49,23,23,0,"fit: 1, efit: 2","fit: 1, efit: 1",efit: 1,,,0,0,0,0,2,,
2026-02-28 17:40:18,49,23,23,0,"fit: 1, efit: 1",fit: 1,efit: 1,,,0,0,0,0,2,,
2026-02-28 17:49:55,49,23,23,0,"fit: 1, efit: 2","fit: 1, efit: 1",efit: 1,,,0,0,0,0,2,,
2026-02-28 17:51:34,49,23,23,0,"fit: 1, efit: 1",fit: 1,efit: 1,,,0,0,0,0,2,,
2026-02-28 17:54:55,49,23,23,0,"fit: 2, efit: 5","fit: 2, efit: 4",efit: 1,,,0,0,0,0,2,,
2026-02-28 17:55:22,49,23,23,0,"fit: 2, efit: 4","fit: 2, efit: 3",efit: 1,,,0,0,0,0,2,,
2026-02-28 18:16:39,49,23,23,0,"fit: 2, efit: 5","fit: 2, efit: 4",efit: 1,,,0,0,0,0,2,,
2026-02-28 18:19:59,49,23,23,0,"fit: 2, efit: 6","fit: 2, efit: 5",efit: 1,,,0,0,0,0,2,,
2026-02-28 19:20:09,49,23,23,0,"fit: 3, efit: 6","fit: 3, efit: 5",efit: 1,,,0,0,0,0,2,,
2026-02-28 20:25:19,49,23,23,0,"fit: 3, efit: 5","fit: 3, efit: 4",efit: 1,,,0,0,0,0,2,,
2026-03-01 00:00:51,49,23,23,0,"fit: 3, efit: 5","fit: 3, efit: 4",efit: 1,,,0,0,0,0,2,,
2026-03-01 07:52:02,49,23,23,0,"fit: 3, efit: 5","fit: 3, efit: 3",efit: 1,,,0,0,0,0,2,,
2026-03-01 10:47:28,49,23,23,0,"fit: 3, efit: 5","fit: 3, efit: 5",,,,0,0,0,0,2,,
2026-03-01 13:49:53,49,23,23,0,"fit: 3, efit: 6","fit: 3, efit: 6",,,,0,0,0,0,2,,
2026-03-01 15:50:14,49,23,23,0,"fit: 3, efit: 7","fit: 3, efit: 7",,,,0,0,0,0,2,,
2026-03-01 15:55:15,49,23,23,0,"fit: 3, efit: 8","fit: 3, efit: 8",,,,0,0,0,0,2,,
2026-03-01 16:13:19,49,23,23,0,"fit: 3, efit: 7","fit: 3, efit: 7",,,,0,0,0,0,2,,
2026-03-01 16:50:24,49,23,23,0,"fit: 3, efit: 8","fit: 3, efit: 8",,,,0,0,0,0,2,,
2026-03-01 17:15:29,49,23,23,0,"fit: 3, efit: 7","fit: 3, efit: 7",,,,0,0,0,0,2,,
2026-03-01 17:35:32,49,23,23,0,"fit: 3, efit: 6","fit: 3, efit: 6",,,,0,0,0,0,2,,
2026-03-01 17:48:33,49,23,23,0,"fit: 3, efit: 7","fit: 3, efit: 7",,,,0,0,0,0,2,,
2026-03-01 20:38:58,49,23,23,0,"fit: 3, efit: 6","fit: 3, efit: 6",,,,0,0,0,0,2,,
2026-03-01 20:41:04,49,23,23,0,"fit: 3, efit: 6","fit: 3, efit: 5",,,,0,0,0,0,2,,
2026-03-02 00:01:37,49,23,23,0,"fit: 3, efit: 6","fit: 3, efit: 5",,,,0,0,0,0,2,,
2026-03-02 03:02:07,49,23,23,0,"fit: 3, efit: 6","fit: 3, efit: 4",,,,0,0,0,0,2,,
2026-03-02 08:02:57,49,23,23,0,"fit: 3, efit: 7","fit: 3, efit: 5",,,,0,0,0,0,2,,
2026-03-02 08:05:40,49,23,23,0,"fit: 3, efit: 8","fit: 3, efit: 6",,,,0,0,0,0,2,,
2026-03-02 08:24:28,49,23,23,0,"fit: 4, efit: 8","fit: 4, efit: 6",,,,0,0,0,0,2,,
2026-03-02 08:49:34,49,23,23,0,"fit: 4, efit: 8","fit: 4, efit: 5",,,,0,0,0,0,2,,
2026-03-02 09:20:52,49,23,23,0,"fit: 4, efit: 9","fit: 4, efit: 6",,,,0,0,0,0,2,,
2026-03-02 09:33:12,49,23,23,0,"fit: 4, efit: 10","fit: 4, efit: 7",,,,0,0,0,0,2,,
2026-03-02 09:39:46,49,23,23,0,"fit: 4, efit: 9","fit: 4, efit: 6",,,,0,0,0,0,2,,
2026-03-02 10:13:19,49,23,23,0,"fit: 4, efit: 8","fit: 4, efit: 5",,,,0,0,0,0,2,,
2026-03-02 10:24:57,49,23,23,0,"fit: 4, efit: 9","fit: 4, efit: 6",,,,0,0,0,0,2,,
2026-03-02 10:48:25,49,23,23,0,"fit: 4, efit: 8","fit: 4, efit: 7",,,,0,0,0,0,2,,
2026-03-02 10:50:04,49,23,23,0,"fit: 4, efit: 8","fit: 4, efit: 8",,,,0,0,0,0,2,,
2026-03-02 10:51:06,49,23,23,0,"fit: 4, efit: 9","fit: 4, efit: 9",,,,0,0,0,0,2,,
2026-03-02 12:25:27,49,23,23,0,"fit: 4, efit: 10","fit: 4, efit: 10",,,,0,0,0,0,2,,
2026-03-02 12:28:41,49,23,23,0,"fit: 4, efit: 11","fit: 4, efit: 11",,,,0,0,0,0,2,,
2026-03-02 13:18:50,49,23,23,0,"fit: 4, efit: 12","fit: 4, efit: 12",,,,0,0,0,0,2,,
2026-03-02 13:26:30,49,23,23,0,"fit: 4, efit: 13","fit: 4, efit: 13",,,,0,0,0,0,2,,
2026-03-02 14:30:56,49,23,23,0,"fit: 4, efit: 14","fit: 4, efit: 14",,,,0,0,0,0,2,,
2026-03-02 14:59:07,49,23,23,0,"fit: 4, efit: 13","fit: 4, efit: 13",,,,0,0,0,0,2,,
2026-03-02 15:16:46,49,23,23,0,"fit: 5, efit: 13","fit: 5, efit: 13",,,,0,0,0,0,2,,
2026-03-02 15:19:10,49,23,23,0,"fit: 5, efit: 12","fit: 5, efit: 12",,,,0,0,0,0,2,,
2026-03-02 15:46:51,49,23,23,0,"fit: 5, efit: 13","fit: 5, efit: 13",,,,0,0,0,0,2,,
2026-03-02 16:19:21,49,23,23,0,"fit: 5, efit: 11","fit: 5, efit: 11",,,,0,0,0,0,2,,
2026-03-02 16:51:30,49,23,23,0,"fit: 5, efit: 10","fit: 5, efit: 10",,,,0,0,0,0,2,,
2026-03-02 17:17:05,49,23,23,0,"fit: 5, efit: 9","fit: 5, efit: 9",,,,0,0,0,0,2,,
2026-03-02 17:19:30,49,23,23,0,"fit: 5, efit: 8","fit: 5, efit: 8",,,,0,0,0,0,2,,
2026-03-02 17:21:37,49,23,23,0,"fit: 5, efit: 7","fit: 5, efit: 7",,,,0,0,0,0,2,,
2026-03-02 18:06:49,49,23,23,0,"fit: 5, efit: 6","fit: 5, efit: 6",,,,0,0,0,0,2,,
2026-03-02 18:37:17,49,23,23,0,"fit: 5, efit: 5","fit: 5, efit: 5",,,,0,0,0,0,2,,
2026-03-02 18:57:01,49,23,23,0,"fit: 5, efit: 6","fit: 5, efit: 6",,,,0,0,0,0,2,,
2026-03-02 19:57:16,49,23,23,0,"fit: 5, efit: 5","fit: 5, efit: 5",,,,0,0,0,0,2,,
2026-03-02 22:57:53,49,23,23,0,"fit: 5, efit: 6","fit: 5, efit: 6",,,,0,0,0,0,2,,
2026-03-02 23:07:55,49,23,23,0,"fit: 5, efit: 7","fit: 5, efit: 7",,,,0,0,0,0,2,,
2026-03-03 00:00:38,49,23,23,0,"fit: 5, efit: 7","fit: 5, efit: 7",,,,0,0,0,0,2,,
2026-03-03 07:56:56,49,23,23,0,"fit: 5, efit: 8","fit: 5, efit: 8",,,,0,0,0,0,2,,
2026-03-03 09:09:24,49,23,23,0,"fit: 5, efit: 7","fit: 5, efit: 7",,,,0,0,0,0,2,,
2026-03-03 09:29:27,49,23,23,0,"fit: 5, efit: 8","fit: 5, efit: 8",,,,0,0,0,0,2,,
2026-03-03 09:35:27,49,23,23,0,"fit: 6, efit: 8","fit: 6, efit: 8",,,,0,0,0,0,2,,
2026-03-03 09:40:29,49,23,23,0,"fit: 6, efit: 9","fit: 6, efit: 9",,,,0,0,0,0,2,,
2026-03-03 09:44:29,49,23,23,0,"fit: 6, efit: 10","fit: 6, efit: 10",,,,0,0,0,0,2,,
2026-03-03 10:52:26,49,23,23,0,"fit: 6, efit: 11","fit: 6, efit: 11",,,,0,0,0,0,2,,
2026-03-03 11:49:48,49,23,23,0,"fit: 6, efit: 10","fit: 6, efit: 10",,,,0,0,0,0,2,,
2026-03-03 12:04:50,49,23,23,0,"fit: 6, efit: 9","fit: 6, efit: 9",,,,0,0,0,0,2,,
2026-03-03 12:07:39,49,23,23,0,"fit: 7, efit: 9","fit: 7, efit: 9",,,,0,0,0,0,2,,
2026-03-03 12:16:06,49,23,23,0,"fit: 7, efit: 8","fit: 7, efit: 8",,,,0,0,0,0,2,,
2026-03-03 12:26:09,49,23,23,0,"fit: 7, efit: 9","fit: 7, efit: 9",,,,0,0,0,0,2,,
2026-03-03 13:26:23,49,23,23,0,"fit: 7, efit: 8","fit: 7, efit: 8",,,,0,0,0,0,2,,
2026-03-03 15:32:55,49,23,23,0,"fit: 7, efit: 7","fit: 7, efit: 7",,,,0,0,0,0,2,,
2026-03-03 16:00:26,49,23,23,0,"fit: 7, efit: 6","fit: 7, efit: 6",,,,0,0,0,0,2,,
2026-03-03 17:03:14,49,23,23,0,"fit: 7, efit: 5","fit: 7, efit: 5",,,,0,0,0,0,2,,
2026-03-03 17:13:16,49,23,23,0,"fit: 7, efit: 4","fit: 7, efit: 4",,,,0,0,0,0,2,,
2026-03-03 17:15:38,49,23,23,0,"fit: 7, efit: 5","fit: 7, efit: 5",,,,0,0,0,0,2,,
2026-03-03 17:33:34,49,23,23,0,"fit: 7, efit: 6","fit: 7, efit: 6",,,,0,0,0,0,2,,
2026-03-03 18:05:45,49,23,23,0,"fit: 7, efit: 5","fit: 7, efit: 5",,,,0,0,0,0,2,,
2026-03-04 00:01:38,49,23,23,0,"fit: 7, efit: 5","fit: 7, efit: 5",,,,0,0,0,0,2,,
2026-03-04 08:05:55,49,23,23,0,"fit: 7, efit: 6","fit: 7, efit: 6",,,,0,0,0,0,2,,
2026-03-04 09:36:10,49,23,23,0,"fit: 7, efit: 7","fit: 7, efit: 7",,,,0,0,0,0,2,,
2026-03-04 09:51:13,49,23,23,0,"fit: 7, efit: 8","fit: 7, efit: 8",,,,0,0,0,0,2,,
2026-03-04 10:01:15,49,23,23,0,"fit: 7, efit: 7","fit: 7, efit: 7",,,,0,0,0,0,2,,
2026-03-04 10:11:16,49,23,23,0,"fit: 7, efit: 8","fit: 7, efit: 8",,,,0,0,0,0,2,,
2026-03-04 10:13:09,49,23,23,0,"fit: 7, efit: 7","fit: 7, efit: 7",,,,0,0,0,0,2,,
2026-03-04 10:28:12,49,23,23,0,"fit: 7, efit: 9","fit: 7, efit: 9",,,,0,0,0,0,2,,
2026-03-04 10:31:20,49,23,23,0,"fit: 7, efit: 10","fit: 7, efit: 10",,,,0,0,0,0,2,,
2026-03-04 11:53:24,49,23,23,0,"fit: 7, efit: 11","fit: 7, efit: 11",,,,0,0,0,0,2,,
2026-03-04 13:33:39,49,23,23,0,"fit: 7, efit: 10","fit: 7, efit: 10",,,,0,0,0,0,2,,
2026-03-04 13:51:54,49,23,23,0,"fit: 7, efit: 9","fit: 7, efit: 9",,,,0,0,0,0,2,,
2026-03-04 15:19:55,49,23,23,0,"fit: 7, efit: 10","fit: 7, efit: 10",,,,0,0,0,0,2,,
2026-03-04 15:46:34,49,23,23,0,"fit: 7, efit: 11","fit: 7, efit: 11",,,,0,0,0,0,2,,
2026-03-04 16:15:04,49,23,23,0,"fit: 7, efit: 10","fit: 7, efit: 10",,,,0,0,0,0,2,,
2026-03-04 16:50:10,49,23,23,0,"fit: 7, efit: 9","fit: 7, efit: 9",,,,0,0,0,0,2,,
2026-03-04 16:55:11,49,23,23,0,"fit: 7, efit: 10","fit: 7, efit: 10",,,,0,0,0,0,2,,
2026-03-04 17:15:14,49,23,23,0,"fit: 7, efit: 9","fit: 7, efit: 9",,,,0,0,0,0,2,,
2026-03-04 17:46:55,49,23,23,0,"fit: 7, efit: 8","fit: 7, efit: 8",,,,0,0,0,0,2,,
2026-03-04 17:55:21,49,23,23,0,"fit: 7, efit: 9","fit: 7, efit: 9",,,,0,0,0,0,2,,
2026-03-04 17:56:25,49,23,23,0,"fit: 7, efit: 8","fit: 7, efit: 8",,,,0,0,0,0,2,,
2026-03-04 18:26:30,49,23,23,0,"fit: 7, efit: 7","fit: 7, efit: 7",,,,0,0,0,0,2,,
2026-03-04 18:31:31,49,23,23,0,"fit: 7, efit: 6","fit: 7, efit: 6",,,,0,0,0,0,2,,
2026-03-04 18:46:34,49,23,23,0,"fit: 7, efit: 5","fit: 7, efit: 5",,,,0,0,0,0,2,,
2026-03-04 20:50:48,49,23,23,0,"fit: 7, efit: 4","fit: 7, efit: 4",,,,0,0,0,0,2,,
2026-03-05 00:02:33,49,23,23,0,"fit: 7, efit: 4","fit: 7, efit: 4",,,,0,0,0,0,2,,
2026-03-05 08:49:31,49,23,23,0,"fit: 7, efit: 5","fit: 7, efit: 5",,,,0,0,0,0,2,,
2026-03-05 09:24:18,49,23,23,0,"fit: 7, efit: 6","fit: 7, efit: 6",,,,0,0,0,0,2,,
2026-03-05 11:10:54,49,23,23,0,"fit: 7, efit: 7","fit: 7, efit: 7",,,,0,0,0,0,2,,
2026-03-05 11:25:57,49,23,23,0,"fit: 7, efit: 8","fit: 7, efit: 8",,,,0,0,0,0,2,,
2026-03-05 11:59:47,49,23,23,0,"fit: 7, efit: 7","fit: 7, efit: 7",,,,0,0,0,0,2,,
2026-03-05 12:14:50,49,23,23,0,"fit: 7, efit: 8","fit: 7, efit: 8",,,,0,0,0,0,2,,
2026-03-05 12:34:54,49,23,23,0,"fit: 7, efit: 10","fit: 7, efit: 10",,,,0,0,0,0,2,,
2026-03-05 14:06:20,49,23,23,0,"fit: 7, efit: 9","fit: 7, efit: 9",,,,0,0,0,0,2,,
2026-03-05 15:25:28,49,23,23,0,"fit: 7, efit: 10","fit: 7, efit: 10",,,,0,0,0,0,2,,
2026-03-05 15:45:32,49,23,23,0,"fit: 7, efit: 9","fit: 7, efit: 9",,,,0,0,0,0,2,,
2026-03-05 17:30:52,49,23,23,0,"fit: 7, efit: 8","fit: 7, efit: 8",,,,0,0,0,0,2,,
2026-03-05 17:35:28,49,23,23,0,"fit: 7, efit: 7","fit: 7, efit: 7",,,,0,0,0,0,2,,
2026-03-05 17:35:53,49,23,23,0,"fit: 7, efit: 6","fit: 7, efit: 6",,,,0,0,0,0,2,,
2026-03-05 19:50:46,49,23,23,0,"fit: 7, efit: 7","fit: 7, efit: 7",,,,0,0,0,0,2,,
2026-03-05 21:03:44,49,23,23,0,"fit: 7, efit: 6","fit: 7, efit: 6",,,,0,0,0,0,2,,
2026-03-05 22:41:20,49,23,23,0,"fit: 8, efit: 6","fit: 8, efit: 6",,,,0,0,0,0,2,,
2026-03-05 22:43:59,49,23,23,0,"fit: 8, efit: 5","fit: 8, efit: 5",,,,0,0,0,0,2,,
2026-03-05 22:46:21,49,23,23,0,"fit: 8, efit: 4","fit: 8, efit: 4",,,,0,0,0,0,2,,
2026-03-05 23:09:03,49,23,23,0,"fit: 8, efit: 5","fit: 8, efit: 5",,,,0,0,0,0,2,,
2026-03-05 23:16:25,49,23,23,0,"fit: 8, efit: 4","fit: 8, efit: 4",,,,0,0,0,0,2,,
2026-03-06 00:01:33,49,23,23,0,"fit: 8, efit: 4","fit: 8, efit: 4",,,,0,0,0,0,2,,
2026-03-06 07:52:50,49,23,23,0,"fit: 8, efit: 5","fit: 8, efit: 5",,,,0,0,0,0,2,,
2026-03-06 08:02:51,49,23,23,0,"fit: 8, efit: 6","fit: 8, efit: 6",,,,0,0,0,0,2,,
2026-03-06 08:20:23,49,23,23,0,"fit: 8, efit: 7","fit: 8, efit: 7",,,,0,0,0,0,2,,
2026-03-06 08:27:56,49,23,23,0,"fit: 8, efit: 8","fit: 8, efit: 8",,,,0,0,0,0,2,,
2026-03-06 08:40:26,49,23,23,0,"fit: 9, efit: 9","fit: 9, efit: 9",,,,0,0,0,0,2,,
2026-03-06 08:47:59,49,23,23,0,"fit: 9, efit: 10","fit: 9, efit: 10",,,,0,0,0,0,2,,
2026-03-06 08:58:01,49,23,23,0,"fit: 9, efit: 11","fit: 9, efit: 11",,,,0,0,0,0,2,,
2026-03-06 09:00:29,49,23,23,0,"fit: 9, efit: 12","fit: 9, efit: 12",,,,0,0,0,0,2,,
2026-03-06 09:03:01,49,23,23,0,"fit: 9, efit: 14","fit: 9, efit: 14",,,,0,0,0,0,2,,
2026-03-06 09:33:06,49,23,23,0,"fit: 7, efit: 14","fit: 7, efit: 14",,,,0,0,0,0,2,,
2026-03-06 09:35:34,49,23,23,0,"fit: 4, efit: 13","fit: 4, efit: 13",,,,0,0,0,0,2,,
2026-03-06 09:38:07,49,23,23,0,"fit: 1, efit: 12","fit: 1, efit: 12",,,,0,0,0,0,2,,
2026-03-06 09:40:35,49,23,23,0,efit: 9,efit: 9,,,,0,0,0,0,2,,
2026-03-06 09:50:37,49,23,23,0,efit: 10,efit: 10,,,,0,0,0,0,2,,
2026-03-06 09:58:10,49,23,23,0,efit: 11,efit: 11,,,,0,0,0,0,2,,
2026-03-06 10:33:16,49,23,23,0,efit: 12,efit: 12,,,,0,0,0,0,2,,
2026-03-06 10:35:43,49,23,23,0,efit: 11,efit: 11,,,,0,0,0,0,2,,
2026-03-06 11:23:24,49,23,23,0,efit: 10,efit: 10,,,,0,0,0,0,2,,
2026-03-06 11:38:27,49,23,23,0,efit: 9,efit: 9,,,,0,0,0,0,2,,
2026-03-06 12:13:33,49,23,23,0,efit: 10,efit: 10,,,,0,0,0,0,2,,
2026-03-06 12:15:58,49,23,23,0,efit: 9,efit: 9,,,,0,0,0,0,2,,
2026-03-06 12:18:33,49,23,23,0,efit: 8,efit: 8,,,,0,0,0,0,2,,
2026-03-06 12:19:39,49,23,23,0,efit: 7,efit: 7,,,,0,0,0,0,2,,
2026-03-06 12:34:42,49,23,23,0,efit: 8,efit: 8,,,,0,0,0,0,2,,
2026-03-06 13:03:41,49,23,23,0,efit: 9,efit: 9,,,,0,0,0,0,2,,
2026-03-06 13:09:51,49,23,23,0,efit: 8,efit: 8,,,,0,0,0,0,2,,
2026-03-06 13:18:43,49,23,23,0,efit: 9,efit: 9,,,,0,0,0,0,2,,
2026-03-06 13:44:59,49,23,23,0,efit: 8,efit: 8,,,,0,0,0,0,2,,
2026-03-06 14:18:53,49,23,23,0,efit: 9,efit: 9,,,,0,0,0,0,2,,
2026-03-06 14:30:10,49,23,23,0,efit: 8,efit: 8,,,,0,0,0,0,2,,
2026-03-06 15:06:24,49,23,23,0,efit: 7,efit: 7,,,,0,0,0,0,2,,
2026-03-06 15:09:02,49,23,23,0,efit: 6,efit: 6,,,,0,0,0,0,2,,
2026-03-06 15:39:07,49,23,23,0,efit: 7,efit: 7,,,,0,0,0,0,2,,
2026-03-06 15:40:27,49,23,23,0,efit: 6,efit: 6,,,,0,0,0,0,2,,
2026-03-06 16:15:35,49,23,23,0,efit: 5,efit: 5,,,,0,0,0,0,2,,
2026-03-06 16:24:14,49,23,23,0,efit: 4,efit: 4,,,,0,0,0,0,2,,
2026-03-06 16:54:19,49,23,23,0,efit: 3,efit: 3,,,,0,0,0,0,2,,
2026-03-06 17:04:21,49,23,23,0,efit: 2,efit: 2,,,,0,0,0,0,2,,
2026-03-06 17:09:22,49,23,23,0,efit: 1,efit: 1,,,,0,0,0,0,2,,
2026-03-06 17:29:25,49,23,23,0,,,,,,0,0,0,0,2,,
2026-03-07 00:00:32,49,23,23,0,,,,,,0,0,0,0,2,,
2026-03-07 09:29:04,49,23,23,0,"fit: 2, efit: 2","fit: 2, efit: 2",,,,0,0,0,0,2,,
2026-03-07 09:32:06,49,23,23,0,"fit: 3, efit: 6","fit: 3, efit: 6",,,,0,0,0,0,2,,
2026-03-07 13:15:32,49,23,23,0,"fit: 3, efit: 5","fit: 3, efit: 5",,,,0,0,0,0,2,,
2026-03-07 13:24:39,49,23,23,0,"fit: 3, efit: 7","fit: 3, efit: 7",,,,0,0,0,0,2,,
2026-03-07 14:59:53,49,23,23,0,"fit: 3, efit: 6","fit: 3, efit: 6",,,,0,0,0,0,2,,
2026-03-07 15:43:07,49,23,23,0,"fit: 3, efit: 7","fit: 3, efit: 7",,,,0,0,0,0,2,,
2026-03-07 18:48:38,49,23,23,0,"fit: 3, efit: 8","fit: 3, efit: 8",,,,0,0,0,0,2,,
2026-03-08 00:01:14,49,23,23,0,"fit: 3, efit: 7","fit: 3, efit: 7",,,,0,0,0,0,2,,
2026-03-08 12:20:48,49,23,23,0,"fit: 3, efit: 8","fit: 3, efit: 8",,,,0,0,0,0,2,,
2026-03-08 13:03:00,49,23,23,0,"fit: 3, efit: 6","fit: 3, efit: 6",,,,0,0,0,0,2,,
2026-03-08 13:05:59,49,23,23,0,"fit: 3, efit: 7","fit: 3, efit: 7",,,,0,0,0,0,2,,
2026-03-08 14:06:14,49,23,23,0,"fit: 3, efit: 8","fit: 3, efit: 8",,,,0,0,0,0,2,,
2026-03-08 14:46:23,49,23,23,0,"fit: 3, efit: 7","fit: 3, efit: 7",,,,0,0,0,0,2,,
2026-03-08 14:56:26,49,23,23,0,"fit: 3, efit: 6","fit: 3, efit: 6",,,,0,0,0,0,2,,
2026-03-08 16:26:47,49,23,23,0,"fit: 2, efit: 6","fit: 2, efit: 6",,,,0,0,0,0,2,,
2026-03-08 16:46:52,49,23,23,0,"fit: 3, efit: 6","fit: 3, efit: 6",,,,0,0,0,0,2,,
2026-03-08 16:56:54,49,23,23,0,"fit: 3, efit: 3","fit: 3, efit: 3",,,,0,0,0,0,2,,
2026-03-08 17:16:59,49,23,23,0,"fit: 4, efit: 3","fit: 4, efit: 3",,,,0,0,0,0,2,,
2026-03-08 17:17:12,49,23,23,0,"fit: 4, efit: 2","fit: 4, efit: 2",,,,0,0,0,0,2,,
2026-03-08 17:23:39,49,23,23,0,"fit: 4, efit: 3","fit: 4, efit: 3",,,,0,0,0,0,2,,
2026-03-08 17:42:06,49,23,23,0,"fit: 4, efit: 6","fit: 4, efit: 6",,,,0,0,0,0,2,,
2026-03-08 18:33:50,49,23,23,0,"fit: 4, efit: 7","fit: 4, efit: 7",,,,0,0,0,0,2,,
2026-03-08 18:52:22,49,23,23,0,"fit: 4, efit: 5","fit: 4, efit: 5",,,,0,0,0,0,2,,
2026-03-08 19:07:26,49,23,23,0,"fit: 5, efit: 5","fit: 5, efit: 5",,,,0,0,0,0,2,,
2026-03-08 19:22:29,49,23,23,0,"fit: 5, efit: 4","fit: 5, efit: 4",,,,0,0,0,0,2,,
2026-03-09 00:03:17,49,23,23,0,"fit: 5, efit: 3","fit: 5, efit: 3",,,,0,0,0,0,2,,
2026-03-09 00:59:46,49,23,23,0,"fit: 5, efit: 3","fit: 5, efit: 2",,,,0,0,0,0,2,,
2026-03-09 08:15:26,49,23,23,0,"fit: 5, efit: 4","fit: 5, efit: 3",,,,0,0,0,0,2,,
2026-03-09 08:39:40,49,23,23,0,"fit: 6, efit: 4","fit: 6, efit: 3",,,,0,0,0,0,2,,
2026-03-09 09:19:47,49,23,23,0,"fit: 6, efit: 5","fit: 6, efit: 4",,,,0,0,0,0,2,,
2026-03-09 09:24:47,49,23,23,0,"fit: 7, efit: 5","fit: 7, efit: 4",,,,0,0,0,0,2,,
2026-03-09 09:29:48,49,23,23,0,"fit: 7, efit: 6","fit: 7, efit: 5",,,,0,0,0,0,2,,
2026-03-09 10:55:06,49,23,23,0,"fit: 7, efit: 5","fit: 7, efit: 5",,,,0,0,0,0,2,,
2026-03-09 11:00:07,49,23,23,0,"fit: 7, efit: 6","fit: 7, efit: 6",,,,0,0,0,0,2,,
2026-03-09 12:46:29,49,23,23,0,"fit: 7, efit: 5","fit: 7, efit: 5",,,,0,0,0,0,2,,
2026-03-09 13:40:34,49,23,23,0,"fit: 7, efit: 6","fit: 7, efit: 6",,,,0,0,0,0,2,,
2026-03-09 13:45:35,49,23,23,0,"fit: 7, efit: 5","fit: 7, efit: 5",,,,0,0,0,0,2,,
2026-03-09 14:15:40,49,23,23,0,"fit: 7, efit: 6","fit: 7, efit: 6",,,,0,0,0,0,2,,
2026-03-09 14:16:42,49,23,23,0,"fit: 6, efit: 6","fit: 6, efit: 6",,,,0,0,0,0,2,,
2026-03-09 14:56:49,49,23,23,0,"fit: 6, efit: 5","fit: 6, efit: 5",,,,0,0,0,0,2,,
2026-03-09 14:58:30,49,23,23,0,"fit: 6, efit: 4","fit: 6, efit: 4",,,,0,0,0,0,2,,
2026-03-09 15:00:48,49,23,23,0,"fit: 6, efit: 5","fit: 6, efit: 5",,,,0,0,0,0,2,,
2026-03-09 15:08:32,49,23,23,0,"fit: 6, efit: 6","fit: 6, efit: 6",,,,0,0,0,0,2,,
2026-03-09 16:38:44,49,23,23,0,"fit: 6, efit: 5","fit: 6, efit: 5",,,,0,0,0,0,2,,
2026-03-09 16:47:05,49,23,23,0,"fit: 6, efit: 4","fit: 6, efit: 4",,,,0,0,0,0,2,,
2026-03-09 17:53:54,49,23,23,0,"fit: 6, efit: 2","fit: 6, efit: 2",,,,0,0,0,0,2,,
2026-03-09 18:33:59,49,23,23,0,"fit: 6, efit: 3","fit: 6, efit: 3",,,,0,0,0,0,2,,
2026-03-09 18:36:24,49,23,23,0,"fit: 6, efit: 2","fit: 6, efit: 2",,,,0,0,0,0,2,,
2026-03-09 18:47:23,49,23,23,0,"fit: 6, efit: 1","fit: 6, efit: 1",,,,0,0,0,0,2,,
2026-03-09 18:49:02,49,23,23,0,"fit: 4, efit: 1","fit: 4, efit: 1",,,,0,0,0,0,2,,
2026-03-09 18:52:24,49,23,23,0,"fit: 3, efit: 2","fit: 3, efit: 2",,,,0,0,0,0,2,,
2026-03-09 18:54:02,49,23,23,0,"fit: 3, efit: 3","fit: 3, efit: 3",,,,0,0,0,0,2,,
2026-03-09 19:01:28,49,23,23,0,"fit: 3, efit: 2","fit: 3, efit: 2",,,,0,0,0,0,2,,
2026-03-09 19:02:25,49,23,23,0,"fit: 4, efit: 2","fit: 4, efit: 2",,,,0,0,0,0,2,,
2026-03-09 19:04:04,49,23,23,0,"fit: 4, efit: 4","fit: 4, efit: 4",,,,0,0,0,0,2,,
2026-03-09 20:17:36,49,23,23,0,"fit: 4, efit: 3","fit: 4, efit: 3",,,,0,0,0,0,2,,
2026-03-09 20:36:44,49,23,23,0,"fit: 4, efit: 2","fit: 4, efit: 2",,,,0,0,0,0,2,,
2026-03-09 20:46:46,49,23,23,0,"fit: 4, efit: 3","fit: 4, efit: 3",,,,0,0,0,0,2,,
2026-03-10 00:02:17,49,23,23,0,"fit: 4, efit: 3","fit: 4, efit: 3",,,,0,0,0,0,2,,
2026-03-10 00:42:24,49,23,23,0,"fit: 4, efit: 4","fit: 4, efit: 4",,,,0,0,0,0,2,,
2026-03-10 01:29:55,49,23,23,0,"fit: 4, efit: 6","fit: 4, efit: 6",,,,0,0,0,0,2,,
2026-03-10 01:32:32,49,23,23,0,"fit: 4, efit: 4","fit: 4, efit: 4",,,,0,0,0,0,2,,
2026-03-10 05:33:11,49,23,23,0,"fit: 4, efit: 5","fit: 4, efit: 5",,,,0,0,0,0,2,,
2026-03-10 05:33:55,49,23,23,0,"fit: 4, efit: 4","fit: 4, efit: 4",,,,0,0,0,0,2,,
2026-03-10 08:19:19,49,23,23,0,"fit: 4, efit: 3","fit: 4, efit: 3",,,,0,0,0,0,2,,
2026-03-10 08:45:53,49,23,23,0,"fit: 4, efit: 4","fit: 4, efit: 4",,,,0,0,0,0,2,,
2026-03-10 08:48:43,49,23,23,0,"fit: 4, efit: 5","fit: 4, efit: 5",,,,0,0,0,0,2,,
2026-03-10 08:50:53,49,23,23,0,"fit: 5, efit: 5","fit: 5, efit: 5",,,,0,0,0,0,2,,
2026-03-10 09:08:47,49,23,23,0,"fit: 4, efit: 5","fit: 4, efit: 5",,,,0,0,0,0,2,,
2026-03-10 09:34:30,49,23,23,0,"fit: 4, efit: 6","fit: 4, efit: 6",,,,0,0,0,0,2,,
2026-03-10 09:41:01,49,23,23,0,"fit: 4, efit: 7","fit: 4, efit: 7",,,,0,0,0,0,2,,
2026-03-10 09:56:03,49,23,23,0,"fit: 4, efit: 8","fit: 4, efit: 8",,,,0,0,0,0,2,,
2026-03-10 10:13:58,49,23,23,0,"fit: 4, efit: 7","fit: 4, efit: 7",,,,0,0,0,0,2,,
2026-03-10 10:26:07,49,23,23,0,"fit: 4, efit: 8","fit: 4, efit: 8",,,,0,0,0,0,2,,
2026-03-10 10:39:02,49,23,23,0,"fit: 4, efit: 9","fit: 4, efit: 9",,,,0,0,0,0,2,,
2026-03-10 10:54:05,49,23,23,0,"fit: 4, efit: 10","fit: 4, efit: 10",,,,0,0,0,0,2,,
2026-03-10 12:09:17,49,23,23,0,"fit: 4, efit: 9","fit: 4, efit: 9",,,,0,0,0,0,2,,
2026-03-10 12:24:19,49,23,23,0,"fit: 4, efit: 8","fit: 4, efit: 8",,,,0,0,0,0,2,,
2026-03-10 12:39:22,49,23,23,0,"fit: 4, efit: 9","fit: 4, efit: 9",,,,0,0,0,0,2,,
2026-03-10 12:49:23,49,23,23,0,"fit: 4, efit: 8","fit: 4, efit: 8",,,,0,0,0,0,2,,
2026-03-10 12:54:24,49,23,23,0,"fit: 4, efit: 9","fit: 4, efit: 9",,,,0,0,0,0,2,,
2026-03-10 13:19:28,49,23,23,0,"fit: 4, efit: 10","fit: 4, efit: 10",,,,0,0,0,0,2,,
2026-03-10 15:01:44,49,23,23,0,"fit: 5, efit: 10","fit: 5, efit: 10",,,,0,0,0,0,2,,
2026-03-10 15:04:46,49,23,23,0,"fit: 4, efit: 10","fit: 4, efit: 10",,,,0,0,0,0,2,,
2026-03-10 15:06:44,49,23,23,0,"fit: 4, efit: 9","fit: 4, efit: 9",,,,0,0,0,0,2,,
2026-03-10 15:54:54,49,23,23,0,"fit: 5, efit: 9","fit: 5, efit: 9",,,,0,0,0,0,2,,
2026-03-10 16:11:53,49,23,23,0,"fit: 5, efit: 8","fit: 5, efit: 8",,,,0,0,0,0,2,,
2026-03-10 16:46:58,49,23,23,0,"fit: 5, efit: 7","fit: 5, efit: 7",,,,0,0,0,0,2,,
2026-03-10 17:05:07,49,23,23,0,"fit: 5, efit: 6","fit: 5, efit: 6",,,,0,0,0,0,2,,
2026-03-10 17:17:02,49,23,23,0,"fit: 5, efit: 5","fit: 5, efit: 5",,,,0,0,0,0,2,,
2026-03-10 17:32:05,49,23,23,0,"fit: 5, efit: 4","fit: 5, efit: 4",,,,0,0,0,0,2,,
2026-03-10 19:15:29,49,23,23,0,"fit: 6, efit: 4","fit: 6, efit: 4",,,,0,0,0,0,2,,
2026-03-10 20:37:30,49,23,23,0,"fit: 6, efit: 3","fit: 6, efit: 3",,,,0,0,0,0,2,,
2026-03-11 00:01:17,49,23,23,0,"fit: 6, efit: 3","fit: 6, efit: 3",,,,0,0,0,0,2,,
2026-03-11 00:41:23,49,23,23,0,"fit: 6, efit: 4","fit: 6, efit: 4",,,,0,0,0,0,2,,
2026-03-11 08:17:38,49,23,23,0,"fit: 5, efit: 5","fit: 5, efit: 5",,,,0,0,0,0,2,,
2026-03-11 09:24:12,49,23,23,0,"fit: 5, efit: 6","fit: 5, efit: 6",,,,0,0,0,0,2,,
2026-03-11 09:32:50,49,23,23,0,"fit: 6, efit: 5","fit: 6, efit: 5",,,,0,0,0,0,2,,
2026-03-11 09:37:51,49,23,23,0,"fit: 6, efit: 4","fit: 6, efit: 4",,,,0,0,0,0,2,,
2026-03-11 09:42:52,49,23,23,0,"fit: 6, efit: 5","fit: 6, efit: 5",,,,0,0,0,0,2,,
2026-03-11 09:52:54,49,23,23,0,"fit: 6, efit: 6","fit: 6, efit: 6",,,,0,0,0,0,2,,
2026-03-11 15:04:57,49,23,23,0,"fit: 6, efit: 7","fit: 6, efit: 7",,,,0,0,0,0,2,,
2026-03-11 16:54:00,49,23,23,0,"fit: 6, efit: 5","fit: 6, efit: 5",,,,0,0,0,0,2,,
2026-03-11 17:29:03,49,23,23,0,"fit: 6, efit: 4","fit: 6, efit: 4",,,,0,0,0,0,2,,
2026-03-12 00:00:05,49,23,23,0,"fit: 6, efit: 4","fit: 6, efit: 4",,,,0,0,0,0,2,,
2026-03-12 00:30:02,49,23,23,0,"fit: 6, efit: 5","fit: 6, efit: 5",,,,0,0,0,0,2,,
2026-03-12 01:25:10,49,23,23,0,"fit: 6, efit: 5","fit: 6, efit: 4",efit: 1,,,0,0,0,0,2,,
2026-03-12 06:25:54,49,23,23,0,"fit: 4, efit: 5","fit: 4, efit: 5",,,,0,0,0,0,2,,
2026-03-12 06:27:02,49,23,23,0,"fit: 2, efit: 5","fit: 2, efit: 5",,,,0,0,0,0,2,,
2026-03-12 06:30:54,49,23,23,0,"fit: 1, efit: 4","fit: 1, efit: 4",,,,0,0,0,0,2,,
2026-03-12 08:31:12,49,23,23,0,efit: 4,efit: 4,,,,0,0,0,0,2,,
2026-03-12 09:16:18,49,23,23,0,efit: 5,efit: 5,,,,0,0,0,0,2,,
2026-03-12 09:51:24,49,23,23,0,efit: 6,efit: 6,,,,0,0,0,0,2,,
2026-03-12 10:11:27,49,23,23,0,efit: 7,efit: 7,,,,0,0,0,0,2,,
2026-03-12 10:12:31,49,23,23,0,"fit: 1, efit: 7","fit: 1, efit: 7",,,,0,0,0,0,2,,
2026-03-12 10:16:27,49,23,23,0,"fit: 1, efit: 6","fit: 1, efit: 6",,,,0,0,0,0,2,,
2026-03-12 10:56:33,49,23,23,0,"fit: 1, efit: 7","fit: 1, efit: 7",,,,0,0,0,0,2,,
2026-03-12 11:41:40,49,23,23,0,"fit: 1, efit: 8","fit: 1, efit: 8",,,,0,0,0,0,2,,
2026-03-12 12:52:53,49,23,23,0,"fit: 1, efit: 9","fit: 1, efit: 9",,,,0,0,0,0,2,,
2026-03-12 14:01:59,49,23,23,0,"fit: 1, efit: 8","fit: 1, efit: 8",,,,0,0,0,0,2,,
2026-03-12 14:42:05,49,23,23,0,"fit: 2, efit: 8","fit: 2, efit: 8",,,,0,0,0,0,2,,
2026-03-12 15:37:13,49,23,23,0,"fit: 2, efit: 7","fit: 2, efit: 7",,,,0,0,0,0,2,,
2026-03-12 16:32:21,49,23,23,0,"fit: 2, efit: 6","fit: 2, efit: 6",,,,0,0,0,0,2,,
2026-03-12 16:57:25,49,23,23,0,"fit: 2, efit: 5","fit: 2, efit: 5",,,,0,0,0,0,2,,
2026-03-12 18:47:41,49,23,23,0,"fit: 2, efit: 4","fit: 2, efit: 4",,,,0,0,0,0,2,,
2026-03-13 00:03:27,49,23,23,0,"fit: 2, efit: 4","fit: 2, efit: 4",,,,0,0,0,0,2,,
2026-03-13 03:19:50,49,23,23,0,"fit: 3, efit: 4","fit: 3, efit: 4",,,,0,0,0,0,2,,
2026-03-13 08:29:40,49,23,23,0,"fit: 3, efit: 5","fit: 3, efit: 5",,,,0,0,0,0,2,,
2026-03-13 09:15:33,49,23,23,0,"fit: 3, efit: 6","fit: 3, efit: 6",,,,0,0,0,0,2,,
2026-03-13 09:20:34,49,23,23,0,"fit: 3, efit: 7","fit: 3, efit: 7",,,,0,0,0,0,2,,
2026-03-13 09:24:48,49,23,23,0,"fit: 3, efit: 8","fit: 3, efit: 8",,,,0,0,0,0,2,,
2026-03-13 09:54:52,49,23,23,0,"fit: 3, efit: 9","fit: 3, efit: 9",,,,0,0,0,0,2,,
2026-03-13 11:30:06,49,23,23,0,"fit: 3, efit: 8","fit: 3, efit: 8",,,,0,0,0,0,2,,
2026-03-13 11:55:10,49,23,23,0,"fit: 3, efit: 9","fit: 3, efit: 9",,,,0,0,0,0,2,,
2026-03-13 13:10:21,49,23,23,0,"fit: 3, efit: 8","fit: 3, efit: 8",,,,0,0,0,0,2,,
2026-03-13 13:50:27,49,23,23,0,"fit: 3, efit: 7","fit: 3, efit: 7",,,,0,0,0,0,2,,
2026-03-13 15:05:37,49,23,23,0,"fit: 3, efit: 6","fit: 3, efit: 6",,,,0,0,0,0,2,,
2026-03-13 15:35:42,49,23,23,0,"fit: 3, efit: 5","fit: 3, efit: 5",,,,0,0,0,0,2,,
2026-03-13 15:50:44,49,23,23,0,"fit: 3, efit: 4","fit: 3, efit: 4",,,,0,0,0,0,2,,
2026-03-13 16:00:45,49,23,23,0,"fit: 3, efit: 5","fit: 3, efit: 5",,,,0,0,0,0,2,,
2026-03-13 16:40:51,49,23,23,0,"fit: 3, efit: 4","fit: 3, efit: 4",,,,0,0,0,0,2,,
2026-03-13 17:06:38,49,23,23,0,"fit: 3, efit: 3","fit: 3, efit: 3",,,,0,0,0,0,2,,
2026-03-13 17:25:58,49,23,23,0,"fit: 3, efit: 2","fit: 3, efit: 2",,,,0,0,0,0,2,,
2026-03-13 17:30:59,49,23,23,0,"fit: 3, efit: 1","fit: 3, efit: 1",,,,0,0,0,0,2,,
2026-03-13 20:12:19,49,23,23,0,fit: 3,fit: 3,,,,0,0,0,0,2,,
2026-03-13 20:16:23,49,23,23,0,"fit: 3, efit: 1","fit: 3, efit: 1",,,,0,0,0,0,2,,
2026-03-14 00:01:55,49,23,23,0,"fit: 3, efit: 1","fit: 3, efit: 1",,,,0,0,0,0,2,,
2026-03-14 10:28:24,49,23,23,0,"fit: 3, efit: 2","fit: 3, efit: 2",,,,0,0,0,0,2,,
2026-03-14 10:48:27,49,23,23,0,"fit: 3, efit: 1","fit: 3, efit: 1",,,,0,0,0,0,2,,
2026-03-14 12:53:45,49,23,23,0,"fit: 3, efit: 3","fit: 3, efit: 3",,,,0,0,0,0,2,,
2026-03-14 13:43:52,49,23,23,0,"fit: 3, efit: 4","fit: 3, efit: 4",,,,0,0,0,0,2,,
2026-03-14 13:48:53,49,23,23,0,"fit: 3, efit: 5","fit: 3, efit: 5",,,,0,0,0,0,2,,
2026-03-14 14:08:56,49,23,23,0,"fit: 4, efit: 5","fit: 4, efit: 5",,,,0,0,0,0,2,,
2026-03-14 14:13:57,49,23,23,0,"fit: 3, efit: 5","fit: 3, efit: 5",,,,0,0,0,0,2,,
2026-03-14 14:39:01,49,23,23,0,"fit: 3, efit: 6","fit: 3, efit: 6",,,,0,0,0,0,2,,
2026-03-14 14:54:03,49,23,23,0,"fit: 3, efit: 4","fit: 3, efit: 4",,,,0,0,0,0,2,,
2026-03-14 15:10:23,49,23,23,0,"fit: 3, efit: 6","fit: 3, efit: 6",,,,0,0,0,0,2,,
2026-03-14 15:14:06,49,23,23,0,"fit: 3, efit: 4","fit: 3, efit: 4",,,,0,0,0,0,2,,
2026-03-14 15:39:10,49,23,23,0,"fit: 3, efit: 6","fit: 3, efit: 6",,,,0,0,0,0,2,,
2026-03-14 16:59:21,49,23,23,0,"fit: 3, efit: 5","fit: 3, efit: 5",,,,0,0,0,0,2,,
2026-03-14 17:14:23,49,23,23,0,"fit: 3, efit: 4","fit: 3, efit: 4",,,,0,0,0,0,2,,
2026-03-14 17:19:24,49,23,23,0,"fit: 3, efit: 3","fit: 3, efit: 3",,,,0,0,0,0,2,,
2026-03-14 19:44:46,49,23,23,0,"fit: 3, efit: 6","fit: 3, efit: 6",,,,0,0,0,0,2,,
2026-03-14 21:09:58,49,23,23,0,"fit: 3, efit: 3","fit: 3, efit: 3",,,,0,0,0,0,2,,
2026-03-15 00:00:24,49,23,23,0,"fit: 3, efit: 3","fit: 3, efit: 3",,,,0,0,0,0,2,,
2026-03-15 11:17:01,49,23,23,0,"fit: 3, efit: 4","fit: 3, efit: 4",,,,0,0,0,0,2,,
2026-03-15 11:32:03,49,23,23,0,"fit: 3, efit: 5","fit: 3, efit: 5",,,,0,0,0,0,2,,
2026-03-15 11:48:46,49,23,23,0,"fit: 3, efit: 6","fit: 3, efit: 6",,,,0,0,0,0,2,,
2026-03-15 12:07:08,49,23,23,0,"fit: 3, efit: 5","fit: 3, efit: 5",,,,0,0,0,0,2,,
2026-03-15 12:13:50,49,23,23,0,"fit: 3, efit: 6","fit: 3, efit: 6",,,,0,0,0,0,2,,
2026-03-15 13:17:18,49,23,23,0,"fit: 3, efit: 7","fit: 3, efit: 7",,,,0,0,0,0,2,,
2026-03-15 13:29:03,49,23,23,0,"fit: 3, efit: 6","fit: 3, efit: 6",,,,0,0,0,0,2,,
2026-03-15 13:37:21,49,23,23,0,"fit: 3, efit: 5","fit: 3, efit: 5",,,,0,0,0,0,2,,
2026-03-15 14:09:09,49,23,23,0,"fit: 2, efit: 6","fit: 2, efit: 6",,,,0,0,0,0,2,,
2026-03-15 14:47:32,49,23,23,0,"fit: 2, efit: 5","fit: 2, efit: 5",,,,0,0,0,0,2,,
2026-03-15 15:07:35,49,23,23,0,"fit: 2, efit: 3","fit: 2, efit: 3",,,,0,0,0,0,2,,
2026-03-15 15:19:21,49,23,23,0,"fit: 2, efit: 2","fit: 2, efit: 2",,,,0,0,0,0,2,,
2026-03-15 15:22:37,49,23,23,0,"fit: 3, efit: 1","fit: 3, efit: 1",,,,0,0,0,0,2,,
2026-03-15 16:34:34,49,23,23,0,"fit: 3, efit: 2","fit: 3, efit: 2",,,,0,0,0,0,2,,
2026-03-15 16:52:50,49,23,23,0,"fit: 3, efit: 1","fit: 3, efit: 1",,,,0,0,0,0,2,,
2026-03-15 17:27:55,49,23,23,0,"fit: 3, efit: 2","fit: 3, efit: 2",,,,0,0,0,0,2,,
2026-03-15 17:38:22,49,23,23,0,"fit: 3, efit: 4","fit: 3, efit: 4",,,,0,0,0,0,2,,
2026-03-15 17:47:58,49,23,23,0,"fit: 3, efit: 3","fit: 3, efit: 3",,,,0,0,0,0,2,,
2026-03-15 20:43:24,49,23,23,0,"fit: 3, efit: 2","fit: 3, efit: 2",,,,0,0,0,0,2,,
2026-03-16 00:00:48,49,23,23,0,"fit: 3, efit: 2","fit: 3, efit: 2",,,,0,0,0,0,2,,
2026-03-16 07:47:05,49,23,23,0,"fit: 3, efit: 3","fit: 3, efit: 3",,,,0,0,0,0,2,,
2026-03-16 08:10:04,49,23,23,0,"fit: 3, efit: 4","fit: 3, efit: 4",,,,0,0,0,0,2,,
2026-03-16 08:20:28,49,23,23,0,"fit: 3, efit: 5","fit: 3, efit: 5",,,,0,0,0,0,2,,
2026-03-16 08:52:15,49,23,23,0,"fit: 3, efit: 6","fit: 3, efit: 6",,,,0,0,0,0,2,,
2026-03-16 09:25:15,49,23,23,0,"fit: 3, efit: 7","fit: 3, efit: 7",,,,0,0,0,0,2,,
2026-03-16 09:47:25,49,23,23,0,"fit: 3, efit: 8","fit: 3, efit: 8",,,,0,0,0,0,2,,
2026-03-16 10:00:20,49,23,23,0,"fit: 3, efit: 9","fit: 3, efit: 9",,,,0,0,0,0,2,,
2026-03-16 12:03:07,49,23,23,0,"fit: 3, efit: 8","fit: 3, efit: 8",,,,0,0,0,0,2,,
2026-03-16 12:04:50,49,23,23,0,"fit: 3, efit: 9","fit: 3, efit: 9",,,,0,0,0,0,2,,
2026-03-16 14:00:20,49,23,23,0,"fit: 3, efit: 8","fit: 3, efit: 8",,,,0,0,0,0,2,,
2026-03-16 14:56:00,49,23,23,0,"fit: 3, efit: 7","fit: 3, efit: 7",,,,0,0,0,0,2,,
2026-03-16 17:48:22,49,23,23,0,"fit: 3, efit: 6","fit: 3, efit: 6",,,,0,0,0,0,2,,
2026-03-16 21:31:56,49,23,23,0,"fit: 3, efit: 7","fit: 3, efit: 7",,,,0,0,0,0,2,,
2026-03-16 23:57:16,49,23,23,0,"fit: 3, efit: 7","fit: 3, efit: 6",efit: 1,,,0,0,0,0,2,,
2026-03-17 00:02:17,49,23,23,0,"fit: 3, efit: 7","fit: 3, efit: 6",efit: 1,,,0,0,0,0,2,,
2026-03-17 09:38:37,49,23,23,0,"fit: 3, efit: 8","fit: 3, efit: 7",efit: 1,,,0,0,0,0,2,,
2026-03-17 09:48:39,49,23,23,0,"fit: 3, efit: 9","fit: 3, efit: 8",efit: 1,,,0,0,0,0,2,,
2026-03-17 11:05:47,49,23,23,0,"fit: 3, efit: 10","fit: 3, efit: 9",efit: 1,,,0,0,0,0,2,,
2026-03-17 12:01:13,49,23,23,0,"fit: 3, efit: 11","fit: 3, efit: 10",efit: 1,,,0,0,0,0,2,,
2026-03-17 13:59:14,49,23,23,0,"fit: 3, efit: 10","fit: 3, efit: 9",efit: 1,,,0,0,0,0,2,,
2026-03-17 14:19:17,49,23,23,0,"fit: 3, efit: 9","fit: 3, efit: 8",efit: 1,,,0,0,0,0,2,,
2026-03-17 14:24:18,49,23,23,0,"fit: 3, efit: 8","fit: 3, efit: 8",,,,0,0,0,0,2,,
2026-03-17 14:26:25,49,23,23,0,"fit: 3, efit: 9","fit: 3, efit: 9",,,,0,0,0,0,2,,
2026-03-17 16:11:44,49,23,23,0,"fit: 3, efit: 8","fit: 3, efit: 8",,,,0,0,0,0,2,,
2026-03-17 16:24:35,49,23,23,0,"fit: 3, efit: 7","fit: 3, efit: 7",,,,0,0,0,0,2,,
2026-03-17 17:32:00,49,23,23,0,"fit: 3, efit: 6","fit: 3, efit: 6",,,,0,0,0,0,2,,
2026-03-17 17:34:45,49,23,23,0,"fit: 3, efit: 7","fit: 3, efit: 7",,,,0,0,0,0,2,,
2026-03-17 20:17:31,49,23,23,0,"fit: 3, efit: 6","fit: 3, efit: 6",,,,0,0,0,0,2,,
2026-03-18 00:00:40,49,23,23,0,"fit: 3, efit: 6","fit: 3, efit: 6",,,,0,0,0,0,2,,
2026-03-18 06:44:08,49,23,23,0,"fit: 2, efit: 6","fit: 2, efit: 6",,,,0,0,0,0,2,,
2026-03-18 06:46:37,49,23,23,0,efit: 6,efit: 6,,,,0,0,0,0,2,,
2026-03-18 06:49:08,49,23,23,0,efit: 5,efit: 5,,,,0,0,0,0,2,,
2026-03-18 06:54:09,49,23,23,0,efit: 3,efit: 3,,,,0,0,0,0,2,,
2026-03-18 08:09:39,49,23,23,0,efit: 4,efit: 4,,,,0,0,0,0,2,,
2026-03-18 08:21:51,49,23,23,0,efit: 5,efit: 5,,,,0,0,0,0,2,,
2026-03-18 09:16:59,49,23,23,0,efit: 6,efit: 6,,,,0,0,0,0,2,,
2026-03-18 09:21:59,49,23,23,0,efit: 7,efit: 7,,,,0,0,0,0,2,,
2026-03-18 09:32:01,49,23,23,0,efit: 8,efit: 8,,,,0,0,0,0,2,,
2026-03-18 09:34:35,49,23,23,0,efit: 8,efit: 7,efit: 1,,,0,0,0,0,2,,
2026-03-18 09:54:38,49,23,23,0,efit: 9,efit: 9,,,,0,0,0,0,2,,
2026-03-18 09:57:04,49,23,23,0,efit: 10,efit: 10,,,,0,0,0,0,2,,
2026-03-18 10:24:43,49,23,23,0,efit: 9,efit: 9,,,,0,0,0,0,2,,
2026-03-18 10:25:06,49,23,23,0,efit: 10,efit: 10,,,,0,0,0,0,2,,
2026-03-18 10:27:09,49,23,23,0,efit: 9,efit: 9,,,,0,0,0,0,2,,
2026-03-18 10:45:10,49,23,23,0,efit: 10,efit: 10,,,,0,0,0,0,2,,
2026-03-18 10:49:47,49,23,23,0,"fit: 1, efit: 10","fit: 1, efit: 10",,,,0,0,0,0,2,,
2026-03-18 11:09:50,49,23,23,0,"fit: 1, efit: 9","fit: 1, efit: 9",,,,0,0,0,0,2,,
2026-03-18 11:24:53,49,23,23,0,"fit: 1, efit: 8","fit: 1, efit: 8",,,,0,0,0,0,2,,
2026-03-18 12:15:01,49,23,23,0,"fit: 1, efit: 7","fit: 1, efit: 7",,,,0,0,0,0,2,,
2026-03-18 12:47:28,49,23,23,0,"fit: 1, efit: 8","fit: 1, efit: 8",,,,0,0,0,0,2,,
2026-03-18 13:35:15,49,23,23,0,"fit: 1, efit: 9","fit: 1, efit: 9",,,,0,0,0,0,2,,
2026-03-18 13:40:16,49,23,23,0,"fit: 1, efit: 10","fit: 1, efit: 10",,,,0,0,0,0,2,,
2026-03-18 14:05:20,49,23,23,0,"fit: 1, efit: 11","fit: 1, efit: 11",,,,0,0,0,0,2,,
2026-03-18 14:05:49,49,23,23,0,"fit: 1, efit: 12","fit: 1, efit: 12",,,,0,0,0,0,2,,
2026-03-18 14:10:21,49,23,23,0,"fit: 1, efit: 12","fit: 1, efit: 11",,,,0,0,0,0,2,,
2026-03-18 14:55:28,49,23,23,0,"fit: 1, efit: 11","fit: 1, efit: 10",,,,0,0,0,0,2,,
2026-03-18 15:00:29,49,23,23,0,"fit: 1, efit: 12","fit: 1, efit: 11",,,,0,0,0,0,2,,
2026-03-18 15:42:53,49,23,23,0,"fit: 1, efit: 11","fit: 1, efit: 10",,,,0,0,0,0,2,,
2026-03-18 15:55:38,49,23,23,0,"fit: 1, efit: 10","fit: 1, efit: 9",,,,0,0,0,0,2,,
2026-03-18 16:17:58,49,23,23,0,"fit: 1, efit: 11","fit: 1, efit: 10",,,,0,0,0,0,2,,
2026-03-18 16:35:45,49,23,23,0,"fit: 1, efit: 10","fit: 1, efit: 9",,,,0,0,0,0,2,,
2026-03-18 16:51:21,49,23,23,0,"fit: 1, efit: 9","fit: 1, efit: 8",,,,0,0,0,0,2,,
2026-03-18 17:05:49,49,23,23,0,"fit: 1, efit: 8","fit: 1, efit: 7",,,,0,0,0,0,2,,
2026-03-18 18:03:13,49,23,23,0,"fit: 1, efit: 7","fit: 1, efit: 6",,,,0,0,0,0,2,,
2026-03-18 18:36:41,49,23,23,0,"fit: 1, efit: 6","fit: 1, efit: 5",,,,0,0,0,0,2,,
2026-03-18 18:58:21,49,23,23,0,"fit: 1, efit: 5","fit: 1, efit: 4",,,,0,0,0,0,2,,
2026-03-18 19:11:10,49,23,23,0,"fit: 1, efit: 4","fit: 1, efit: 3",,,,0,0,0,0,2,,
2026-03-18 19:56:17,49,23,23,0,"fit: 1, efit: 5","fit: 1, efit: 4",,,,0,0,0,0,2,,
2026-03-18 20:03:30,49,23,23,0,"fit: 1, efit: 4","fit: 1, efit: 3",,,,0,0,0,0,2,,
2026-03-18 21:31:33,49,23,23,0,"fit: 1, efit: 3","fit: 1, efit: 2",,,,0,0,0,0,2,,
2026-03-19 00:01:58,49,23,23,0,"fit: 1, efit: 3","fit: 1, efit: 2",,,,0,0,0,0,2,,
2026-03-19 08:09:16,49,23,23,0,"fit: 1, efit: 4","fit: 1, efit: 3",,,,0,0,0,0,2,,
2026-03-19 08:13:16,49,23,23,0,"fit: 1, efit: 5","fit: 1, efit: 4",,,,0,0,0,0,2,,
2026-03-19 08:38:21,49,23,23,0,"fit: 1, efit: 7","fit: 1, efit: 6",,,,0,0,0,0,2,,
2026-03-19 09:08:25,49,23,23,0,"fit: 1, efit: 5","fit: 1, efit: 5",,,,0,0,0,0,2,,
2026-03-19 09:13:26,49,23,23,0,"fit: 1, efit: 4","fit: 1, efit: 4",,,,0,0,0,0,2,,
2026-03-19 09:43:31,49,23,23,0,"fit: 1, efit: 5","fit: 1, efit: 5",,,,0,0,0,0,2,,
2026-03-19 10:29:42,49,23,23,0,"fit: 1, efit: 4","fit: 1, efit: 4",,,,0,0,0,0,2,,
2026-03-19 10:33:39,49,23,23,0,"fit: 1, efit: 5","fit: 1, efit: 5",,,,0,0,0,0,2,,
2026-03-19 10:54:47,49,23,23,0,"fit: 1, efit: 6","fit: 1, efit: 6",,,,0,0,0,0,2,,
2026-03-19 10:58:44,49,23,23,0,"fit: 1, efit: 7","fit: 1, efit: 7",,,,0,0,0,0,2,,
2026-03-19 10:59:49,49,23,23,0,"fit: 1, efit: 8","fit: 1, efit: 8",,,,0,0,0,0,2,,
2026-03-19 11:28:49,49,23,23,0,"fit: 1, efit: 9","fit: 1, efit: 9",,,,0,0,0,0,2,,
2026-03-19 11:29:54,49,23,23,0,"fit: 1, efit: 10","fit: 1, efit: 10",,,,0,0,0,0,2,,
2026-03-19 12:00:43,49,23,23,0,"fit: 1, efit: 9","fit: 1, efit: 9",,,,0,0,0,0,2,,
2026-03-19 12:44:01,49,23,23,0,"fit: 2, efit: 9","fit: 2, efit: 9",,,,0,0,0,0,2,,
2026-03-19 13:30:56,49,23,23,0,"fit: 2, efit: 8","fit: 2, efit: 8",,,,0,0,0,0,2,,
2026-03-19 14:06:01,49,23,23,0,"fit: 2, efit: 7","fit: 2, efit: 7",,,,0,0,0,0,2,,
2026-03-19 15:44:31,49,23,23,0,"fit: 2, efit: 6","fit: 2, efit: 6",,,,0,0,0,0,2,,
2026-03-19 16:04:34,49,23,23,0,"fit: 3, efit: 6","fit: 3, efit: 6",,,,0,0,0,0,2,,
2026-03-19 16:09:35,49,23,23,0,"fit: 3, efit: 5","fit: 3, efit: 5",,,,0,0,0,0,2,,
2026-03-19 16:10:49,49,23,23,0,"fit: 3, efit: 4","fit: 3, efit: 4",,,,0,0,0,0,2,,
2026-03-19 16:14:36,49,23,23,0,"fit: 3, efit: 3","fit: 3, efit: 3",,,,0,0,0,0,2,,
2026-03-19 16:24:38,49,23,23,0,"fit: 4, efit: 2","fit: 4, efit: 2",,,,0,0,0,0,2,,
2026-03-19 16:40:55,49,23,23,0,"fit: 5, efit: 2","fit: 5, efit: 2",,,,0,0,0,0,2,,
2026-03-19 17:00:59,49,23,23,0,"fit: 5, efit: 1","fit: 5, efit: 1",,,,0,0,0,0,2,,
2026-03-19 17:09:45,49,23,23,0,fit: 5,fit: 5,,,,0,0,0,0,2,,
2026-03-19 17:16:02,49,23,23,0,fit: 3,fit: 3,,,,0,0,0,0,2,,
2026-03-19 17:31:05,49,23,23,0,fit: 2,fit: 2,,,,0,0,0,0,2,,
2026-03-19 18:24:58,49,23,23,0,"fit: 2, efit: 1","fit: 2, efit: 1",,,,0,0,0,0,2,,
2026-03-19 19:21:27,49,23,23,0,"fit: 2, efit: 2","fit: 2, efit: 2",,,,0,0,0,0,2,,
2026-03-19 19:30:10,49,23,23,0,"fit: 5, efit: 3","fit: 5, efit: 3",,,,0,0,0,0,2,,
2026-03-19 19:35:10,49,23,23,0,fit: 4,fit: 4,,,,0,0,0,0,2,,
2026-03-19 19:36:49,49,23,23,0,"fit: 4, efit: 1","fit: 4, efit: 1",,,,0,0,0,0,2,,
2026-03-19 19:40:11,49,23,23,0,"fit: 4, efit: 2","fit: 4, efit: 2",,,,0,0,0,0,2,,
2026-03-19 20:21:39,49,23,23,0,"fit: 4, efit: 1","fit: 4, efit: 1",,,,0,0,0,0,2,,
2026-03-19 20:45:22,49,23,23,0,"fit: 4, efit: 2","fit: 4, efit: 2",,,,0,0,0,0,2,,
2026-03-19 20:55:24,49,23,23,0,"fit: 4, efit: 1","fit: 4, efit: 1",,,,0,0,0,0,2,,
2026-03-20 00:00:55,49,23,23,0,"fit: 4, efit: 1","fit: 4, efit: 1",,,,0,0,0,0,2,,
2026-03-20 07:48:48,49,23,23,0,"fit: 4, efit: 2","fit: 4, efit: 2",,,,0,0,0,0,2,,
2026-03-20 08:38:40,49,23,23,0,"fit: 5, efit: 1","fit: 5, efit: 1",,,,0,0,0,0,2,,
2026-03-20 08:42:21,49,23,23,0,"fit: 5, efit: 2","fit: 5, efit: 2",,,,0,0,0,0,2,,
2026-03-20 08:47:22,49,23,23,0,"fit: 5, efit: 3","fit: 5, efit: 3",,,,0,0,0,0,2,,
2026-03-20 08:57:24,49,23,23,0,"fit: 5, efit: 4","fit: 5, efit: 4",,,,0,0,0,0,2,,
2026-03-20 09:17:27,49,23,23,0,"fit: 5, efit: 5","fit: 5, efit: 5",,,,0,0,0,0,2,,
2026-03-20 09:27:28,49,23,23,0,"fit: 5, efit: 6","fit: 5, efit: 6",,,,0,0,0,0,2,,
2026-03-20 09:37:30,49,23,23,0,"fit: 5, efit: 7","fit: 5, efit: 7",,,,0,0,0,0,2,,
2026-03-20 10:02:34,49,23,23,0,"fit: 5, efit: 8","fit: 5, efit: 8",,,,0,0,0,0,2,,
2026-03-20 10:18:55,49,23,23,0,"fit: 5, efit: 9","fit: 5, efit: 9",,,,0,0,0,0,2,,
2026-03-20 10:57:44,49,23,23,0,"fit: 5, efit: 10","fit: 5, efit: 10",,,,0,0,0,0,2,,
2026-03-20 11:07:45,49,23,23,0,"fit: 4, efit: 10","fit: 4, efit: 10",,,,0,0,0,0,2,,
2026-03-20 11:44:08,49,23,23,0,"fit: 4, efit: 11","fit: 4, efit: 11",,,,0,0,0,0,2,,
2026-03-20 11:52:53,49,23,23,0,"fit: 4, efit: 12","fit: 4, efit: 12",,,,0,0,0,0,2,,
2026-03-20 12:07:55,49,23,23,0,"fit: 4, efit: 11","fit: 4, efit: 11",,,,0,0,0,0,2,,
2026-03-20 13:28:09,49,23,23,0,"fit: 4, efit: 10","fit: 4, efit: 10",,,,0,0,0,0,2,,
2026-03-20 13:29:23,49,23,23,0,"fit: 4, efit: 9","fit: 4, efit: 9",,,,0,0,0,0,2,,
2026-03-20 14:25:04,49,23,23,0,"fit: 5, efit: 9","fit: 5, efit: 9",,,,0,0,0,0,2,,
2026-03-20 14:33:19,49,23,23,0,"fit: 5, efit: 8","fit: 5, efit: 8",,,,0,0,0,0,2,,
2026-03-20 15:13:26,49,23,23,0,"fit: 5, efit: 9","fit: 5, efit: 9",,,,0,0,0,0,2,,
2026-03-20 16:58:44,49,23,23,0,"fit: 5, efit: 10","fit: 5, efit: 10",,,,0,0,0,0,2,,
2026-03-20 17:53:53,49,23,23,0,"fit: 5, efit: 9","fit: 5, efit: 9",,,,0,0,0,0,2,,
2026-03-20 18:20:49,49,23,23,0,"fit: 5, efit: 8","fit: 5, efit: 8",,,,0,0,0,0,2,,
2026-03-20 18:23:58,49,23,23,0,"fit: 5, efit: 6","fit: 5, efit: 6",,,,0,0,0,0,2,,
2026-03-20 19:10:13,49,23,23,0,"fit: 5, efit: 5","fit: 5, efit: 5",,,,0,0,0,0,2,,
2026-03-20 20:24:18,49,23,23,0,"fit: 5, efit: 3","fit: 5, efit: 3",,,,0,0,0,0,2,,
2026-03-20 21:14:27,49,23,23,0,"fit: 6, efit: 3","fit: 6, efit: 3",,,,0,0,0,0,2,,
2026-03-20 23:14:46,49,23,23,0,"fit: 6, efit: 4","fit: 6, efit: 4",,,,0,0,0,0,2,,
2026-03-21 00:00:57,49,23,23,0,"fit: 6, efit: 4","fit: 6, efit: 4",,,,0,0,0,0,2,,
2026-03-21 01:50:12,49,23,23,0,"fit: 6, efit: 1","fit: 6, efit: 1",,,,0,0,0,0,2,,
2026-03-21 09:26:27,49,23,23,0,"fit: 7, efit: 1","fit: 7, efit: 1",,,,0,0,0,0,2,,
2026-03-21 09:31:28,49,23,23,0,"fit: 6, efit: 1","fit: 6, efit: 1",,,,0,0,0,0,2,,
2026-03-21 09:51:31,49,23,23,0,"fit: 6, efit: 3","fit: 6, efit: 3",,,,0,0,0,0,2,,
2026-03-21 10:23:53,49,23,23,0,"fit: 5, efit: 3","fit: 5, efit: 3",,,,0,0,0,0,2,,
2026-03-21 10:31:38,49,23,23,0,"fit: 5, efit: 5","fit: 5, efit: 5",,,,0,0,0,0,2,,
2026-03-21 10:32:28,49,23,23,0,"fit: 3, efit: 8","fit: 3, efit: 8",,,,0,0,0,0,2,,
2026-03-21 10:33:55,49,23,23,0,"fit: 1, efit: 9","fit: 1, efit: 9",,,,0,0,0,0,2,,
2026-03-21 10:36:39,49,23,23,0,"fit: 2, efit: 9","fit: 2, efit: 9",,,,0,0,0,0,2,,
2026-03-21 10:38:56,49,23,23,0,"fit: 2, efit: 10","fit: 2, efit: 10",,,,0,0,0,0,2,,
2026-03-21 10:41:39,49,23,23,0,"fit: 2, efit: 9","fit: 2, efit: 9",,,,0,0,0,0,2,,
2026-03-21 11:02:32,49,23,23,0,"fit: 1, efit: 9","fit: 1, efit: 9",,,,0,0,0,0,2,,
2026-03-21 11:04:01,49,23,23,0,efit: 9,efit: 9,,,,0,0,0,0,2,,
2026-03-21 12:31:57,49,23,23,0,efit: 10,efit: 10,,,,0,0,0,0,2,,
2026-03-21 13:32:54,49,23,23,0,efit: 11,efit: 11,,,,0,0,0,0,2,,
2026-03-21 13:34:29,49,23,23,0,efit: 10,efit: 10,,,,0,0,0,0,2,,
2026-03-21 15:27:27,49,23,23,0,efit: 11,efit: 11,,,,0,0,0,0,2,,
2026-03-21 15:34:53,49,23,23,0,efit: 12,efit: 12,,,,0,0,0,0,2,,
2026-03-21 15:37:29,49,23,23,0,efit: 11,efit: 11,,,,0,0,0,0,2,,
2026-03-21 16:32:38,49,23,23,0,efit: 13,efit: 13,,,,0,0,0,0,2,,
2026-03-21 16:37:39,49,23,23,0,efit: 11,efit: 11,,,,0,0,0,0,2,,
2026-03-21 16:57:42,49,23,23,0,efit: 13,efit: 13,,,,0,0,0,0,2,,
2026-03-21 19:18:46,49,23,23,0,efit: 17,efit: 17,,,,0,0,0,0,2,,
2026-03-21 19:20:37,49,23,23,0,efit: 13,efit: 13,,,,0,0,0,0,2,,
2026-03-21 19:30:39,49,23,23,0,efit: 12,efit: 12,,,,0,0,0,0,2,,
2026-03-21 19:45:42,49,23,23,0,efit: 11,efit: 11,,,,0,0,0,0,2,,
2026-03-21 21:59:09,49,23,23,0,efit: 13,efit: 13,,,,0,0,0,0,2,,
2026-03-21 22:01:08,49,23,23,0,efit: 11,efit: 11,,,,0,0,0,0,2,,
2026-03-22 00:01:31,49,23,23,0,efit: 11,efit: 11,,,,0,0,0,0,2,,
2026-03-22 07:20:30,49,23,23,0,efit: 10,efit: 10,,,,0,0,0,0,2,,
2026-03-22 08:10:10,49,23,23,0,efit: 11,efit: 11,,,,0,0,0,0,2,,
2026-03-22 10:28:29,49,23,23,0,efit: 12,efit: 12,,,,0,0,0,0,2,,
2026-03-22 11:05:39,49,23,23,0,efit: 13,efit: 13,,,,0,0,0,0,2,,
2026-03-22 11:58:46,49,23,23,0,efit: 12,efit: 12,,,,0,0,0,0,2,,
2026-03-22 13:03:58,49,23,23,0,efit: 13,efit: 13,,,,0,0,0,0,2,,
2026-03-22 13:39:06,49,23,23,0,"fit: 1, efit: 14","fit: 1, efit: 14",,,,0,0,0,0,2,,
2026-03-22 13:44:07,49,23,23,0,"fit: 1, efit: 12","fit: 1, efit: 12",,,,0,0,0,0,2,,
2026-03-22 13:54:08,49,23,23,0,"fit: 2, efit: 11","fit: 2, efit: 11",,,,0,0,0,0,2,,
2026-03-22 13:56:09,49,23,23,0,"fit: 2, efit: 10","fit: 2, efit: 10",,,,0,0,0,0,2,,
2026-03-22 14:14:12,49,23,23,0,"fit: 2, efit: 11","fit: 2, efit: 11",,,,0,0,0,0,2,,
2026-03-22 14:26:13,49,23,23,0,"fit: 2, efit: 12","fit: 2, efit: 12",,,,0,0,0,0,2,,
2026-03-22 14:34:16,49,23,23,0,"fit: 2, efit: 13","fit: 2, efit: 13",,,,0,0,0,0,2,,
2026-03-22 14:39:17,49,23,23,0,"fit: 2, efit: 14","fit: 2, efit: 14",,,,0,0,0,0,2,,
2026-03-22 15:11:21,49,23,23,0,"fit: 2, efit: 13","fit: 2, efit: 13",,,,0,0,0,0,2,,
2026-03-22 15:29:27,49,23,23,0,"fit: 2, efit: 12","fit: 2, efit: 12",,,,0,0,0,0,2,,
2026-03-22 15:51:27,49,23,23,0,"fit: 2, efit: 11","fit: 2, efit: 11",,,,0,0,0,0,2,,
2026-03-22 16:21:33,49,23,23,0,"fit: 2, efit: 12","fit: 2, efit: 12",,,,0,0,0,0,2,,
2026-03-22 16:29:39,49,23,23,0,"fit: 2, efit: 11","fit: 2, efit: 11",,,,0,0,0,0,2,,
2026-03-22 17:14:48,49,23,23,0,"fit: 2, efit: 10","fit: 2, efit: 10",,,,0,0,0,0,2,,
2026-03-22 17:16:42,49,23,23,0,"fit: 2, efit: 10","fit: 2, efit: 9",,,,0,0,0,0,2,,
2026-03-22 20:40:27,49,23,23,0,"fit: 2, efit: 11","fit: 2, efit: 10",,,,0,0,0,0,2,,
2026-03-22 22:30:48,49,23,23,0,"fit: 2, efit: 10","fit: 2, efit: 9",,,,0,0,0,0,2,,
2026-03-23 00:01:05,49,23,23,0,"fit: 2, efit: 10","fit: 2, efit: 9",,,,0,0,0,0,2,,
2026-03-23 03:56:49,49,23,23,0,"fit: 2, efit: 10","fit: 2, efit: 8",,,,0,0,0,0,2,,
2026-03-23 08:03:58,49,23,23,0,"fit: 2, efit: 11","fit: 2, efit: 8",efit: 1,,,0,0,0,0,2,,
2026-03-23 08:22:43,49,23,23,0,"fit: 2, efit: 12","fit: 2, efit: 9",efit: 1,,,0,0,0,0,2,,
2026-03-23 09:17:53,49,23,23,0,"fit: 2, efit: 13","fit: 2, efit: 10",efit: 1,,,0,0,0,0,2,,
2026-03-23 09:27:55,49,23,23,0,"fit: 2, efit: 14","fit: 2, efit: 11",efit: 1,,,0,0,0,0,2,,
2026-03-23 09:29:10,49,23,23,0,"fit: 3, efit: 14","fit: 3, efit: 11",efit: 1,,,0,0,0,0,2,,
2026-03-23 09:42:58,49,23,23,0,"fit: 3, efit: 15","fit: 3, efit: 12",efit: 1,,,0,0,0,0,2,,
2026-03-23 09:47:59,49,23,23,0,"fit: 4, efit: 15","fit: 4, efit: 12",efit: 1,,,0,0,0,0,2,,
2026-03-23 10:04:15,49,23,23,0,"fit: 4, efit: 16","fit: 4, efit: 13",efit: 1,,,0,0,0,0,2,,
2026-03-23 10:38:09,49,23,23,0,"fit: 5, efit: 16","fit: 5, efit: 13",efit: 1,,,0,0,0,0,2,,
2026-03-23 10:44:21,49,23,23,0,"fit: 5, efit: 17","fit: 5, efit: 14",efit: 1,,,0,0,0,0,2,,
2026-03-23 10:58:13,49,23,23,0,"fit: 5, efit: 16","fit: 5, efit: 13",efit: 1,,,0,0,0,0,2,,
2026-03-23 11:53:24,49,23,23,0,"fit: 5, efit: 15","fit: 5, efit: 12",efit: 1,,,0,0,0,0,2,,
2026-03-23 12:18:29,49,23,23,0,"fit: 5, efit: 16","fit: 5, efit: 13",efit: 1,,,0,0,0,0,2,,
2026-03-23 12:23:30,49,23,23,0,"fit: 5, efit: 15","fit: 5, efit: 12",efit: 1,,,0,0,0,0,2,,
2026-03-23 12:29:37,49,23,23,0,"fit: 5, efit: 16","fit: 5, efit: 13",efit: 1,,,0,0,0,0,2,,
2026-03-23 12:58:37,49,23,23,0,"fit: 5, efit: 17","fit: 5, efit: 14",efit: 1,,,0,0,0,0,2,,
2026-03-23 13:53:47,49,23,23,0,"fit: 5, efit: 16","fit: 5, efit: 13",efit: 1,,,0,0,0,0,2,,
2026-03-23 14:03:49,49,23,23,0,"fit: 6, efit: 16","fit: 6, efit: 13",efit: 1,,,0,0,0,0,2,,
2026-03-23 14:49:58,49,23,23,0,"fit: 6, efit: 15","fit: 6, efit: 12",efit: 1,,,0,0,0,0,2,,
2026-03-23 15:09:02,49,23,23,0,"fit: 4, efit: 14","fit: 4, efit: 14",,,,0,0,0,0,2,,
2026-03-23 15:10:02,49,23,23,0,"fit: 3, efit: 15","fit: 3, efit: 15",,,,0,0,0,0,2,,
2026-03-23 15:10:12,49,23,23,0,"fit: 3, efit: 14","fit: 3, efit: 14",,,,0,0,0,0,2,,
2026-03-23 15:14:03,49,23,23,0,"fit: 1, efit: 12","fit: 1, efit: 12",,,,0,0,0,0,2,,
2026-03-23 15:15:03,49,23,23,0,efit: 11,efit: 11,,,,0,0,0,0,2,,
2026-03-23 16:19:16,49,23,23,0,efit: 10,efit: 10,,,,0,0,0,0,2,,
2026-03-23 16:29:17,49,23,23,0,"fit: 1, efit: 10","fit: 1, efit: 10",,,,0,0,0,0,2,,
2026-03-23 16:49:21,49,23,23,0,"fit: 1, efit: 9","fit: 1, efit: 9",,,,0,0,0,0,2,,
2026-03-23 17:00:19,49,23,23,0,"fit: 1, efit: 8","fit: 1, efit: 8",,,,0,0,0,0,2,,
2026-03-23 17:14:26,49,23,23,0,"fit: 1, efit: 8","fit: 1, efit: 7",,,,0,0,0,0,2,,
2026-03-23 17:39:31,49,23,23,0,"fit: 1, efit: 7","fit: 1, efit: 6",,,,0,0,0,0,2,,
2026-03-23 17:44:32,49,23,23,0,"fit: 1, efit: 6","fit: 1, efit: 5",,,,0,0,0,0,2,,
2026-03-23 18:04:36,49,23,23,0,"fit: 1, efit: 7","fit: 1, efit: 6",,,,0,0,0,0,2,,
2026-03-23 18:14:38,49,23,23,0,"fit: 1, efit: 6","fit: 1, efit: 5",,,,0,0,0,0,2,,
2026-03-23 19:45:44,49,23,23,0,"fit: 1, efit: 7","fit: 1, efit: 6",,,,0,0,0,0,2,,
2026-03-24 00:00:45,49,23,23,0,"fit: 1, efit: 7","fit: 1, efit: 6",,,,0,0,0,0,2,,
2026-03-24 08:17:20,49,23,23,0,"fit: 1, efit: 8","fit: 1, efit: 7",,,,0,0,0,0,2,,
2026-03-24 08:57:27,49,23,23,0,"fit: 2, efit: 9","fit: 2, efit: 8",,,,0,0,0,0,2,,
2026-03-24 09:37:35,49,23,23,0,"fit: 2, efit: 8","fit: 2, efit: 7",,,,0,0,0,0,2,,
2026-03-24 09:47:37,49,23,23,0,"fit: 2, efit: 9","fit: 2, efit: 8",,,,0,0,0,0,2,,
2026-03-24 10:28:25,49,23,23,0,"fit: 3, efit: 9","fit: 3, efit: 8",,,,0,0,0,0,2,,
2026-03-24 10:32:46,49,23,23,0,"fit: 3, efit: 8","fit: 3, efit: 7",,,,0,0,0,0,2,,
2026-03-24 10:55:44,49,23,23,0,"fit: 3, efit: 9","fit: 3, efit: 8",,,,0,0,0,0,2,,
2026-03-24 11:40:52,49,23,23,0,"fit: 3, efit: 8","fit: 3, efit: 7",,,,0,0,0,0,2,,
2026-03-24 12:00:55,49,23,23,0,"fit: 3, efit: 7","fit: 3, efit: 6",,,,0,0,0,0,2,,
2026-03-24 12:26:00,49,23,23,0,"fit: 3, efit: 6","fit: 3, efit: 5",,,,0,0,0,0,2,,
2026-03-24 12:31:01,49,23,23,0,"fit: 3, efit: 7","fit: 3, efit: 6",,,,0,0,0,0,2,,
2026-03-24 12:41:02,49,23,23,0,"fit: 3, efit: 6","fit: 3, efit: 5",,,,0,0,0,0,2,,
2026-03-24 13:26:10,49,23,23,0,"fit: 2, efit: 6","fit: 2, efit: 5",,,,0,0,0,0,2,,
2026-03-24 14:12:07,49,23,23,0,"fit: 2, efit: 7","fit: 2, efit: 6",,,,0,0,0,0,2,,
2026-03-24 15:06:28,49,23,23,0,"fit: 2, efit: 8","fit: 2, efit: 7",,,,0,0,0,0,2,,
2026-03-24 15:32:23,49,23,23,0,"fit: 2, efit: 9","fit: 2, efit: 8",,,,0,0,0,0,2,,
2026-03-24 16:11:39,49,23,23,0,"fit: 2, efit: 8","fit: 2, efit: 7",,,,0,0,0,0,2,,
2026-03-24 16:36:44,49,23,23,0,"fit: 2, efit: 9","fit: 2, efit: 7",,,,0,0,0,0,2,,
2026-03-24 16:41:44,49,23,23,0,"fit: 2, efit: 8","fit: 2, efit: 6",,,,0,0,0,0,2,,
2026-03-24 16:56:47,49,23,23,0,"fit: 3, efit: 8","fit: 3, efit: 6",,,,0,0,0,0,2,,
2026-03-24 17:01:48,49,23,23,0,"fit: 3, efit: 9","fit: 3, efit: 7",,,,0,0,0,0,2,,
2026-03-24 17:36:54,49,23,23,0,"fit: 3, efit: 8","fit: 3, efit: 6",,,,0,0,0,0,2,,
2026-03-24 17:46:56,49,23,23,0,"fit: 3, efit: 7","fit: 3, efit: 5",,,,0,0,0,0,2,,
2026-03-24 17:56:58,49,23,23,0,"fit: 3, efit: 6","fit: 3, efit: 4",,,,0,0,0,0,2,,
2026-03-24 18:01:59,49,23,23,0,"fit: 3, efit: 5","fit: 3, efit: 3",,,,0,0,0,0,2,,
2026-03-24 18:37:05,49,23,23,0,"fit: 3, efit: 6","fit: 3, efit: 4",,,,0,0,0,0,2,,
2026-03-24 18:47:06,49,23,23,0,"fit: 2, efit: 6","fit: 2, efit: 4",,,,0,0,0,0,2,,
2026-03-24 18:52:07,49,23,23,0,"fit: 2, efit: 7","fit: 2, efit: 5",,,,0,0,0,0,2,,
2026-03-24 20:02:19,49,23,23,0,"fit: 3, efit: 7","fit: 3, efit: 5",,,,0,0,0,0,2,,
2026-03-24 22:17:42,49,23,23,0,"fit: 3, efit: 8","fit: 3, efit: 6",,,,0,0,0,0,2,,
2026-03-25 00:00:14,49,23,23,0,"fit: 3, efit: 8","fit: 3, efit: 6",,,,0,0,0,0,2,,
2026-03-25 04:45:56,49,23,23,0,"fit: 3, efit: 9","fit: 3, efit: 7",,,,0,0,0,0,2,,
2026-03-25 05:36:48,49,23,23,0,"fit: 3, efit: 9","fit: 3, efit: 7",efit: 1,,,0,0,0,0,2,,
2026-03-25 07:56:25,49,23,23,0,"fit: 3, efit: 10","fit: 3, efit: 8",efit: 1,,,0,0,0,0,2,,
2026-03-25 08:11:53,49,23,23,0,"fit: 3, efit: 11","fit: 3, efit: 9",efit: 1,,,0,0,0,0,2,,
2026-03-25 08:36:31,49,23,23,0,"fit: 3, efit: 12","fit: 3, efit: 10",efit: 1,,,0,0,0,0,2,,
2026-03-25 08:46:59,49,23,23,0,"fit: 3, efit: 13","fit: 3, efit: 11",efit: 1,,,0,0,0,0,2,,
2026-03-25 08:57:27,49,23,23,0,"fit: 3, efit: 14","fit: 3, efit: 12",efit: 1,,,0,0,0,0,2,,
2026-03-25 09:01:34,49,23,23,0,"fit: 3, efit: 16","fit: 3, efit: 14",efit: 1,,,0,0,0,0,2,,
2026-03-25 09:11:36,49,23,23,0,"fit: 3, efit: 17","fit: 3, efit: 15",efit: 1,,,0,0,0,0,2,,
2026-03-25 09:16:37,49,23,23,0,"fit: 3, efit: 16","fit: 3, efit: 14",efit: 1,,,0,0,0,0,2,,
2026-03-25 09:21:38,49,23,23,0,"fit: 3, efit: 17","fit: 3, efit: 15",efit: 1,,,0,0,0,0,2,,
2026-03-25 09:31:39,49,23,23,0,"fit: 3, efit: 18","fit: 3, efit: 16",efit: 1,,,0,0,0,0,2,,
2026-03-25 09:56:43,49,23,23,0,"fit: 3, efit: 19","fit: 3, efit: 17",efit: 1,,,0,0,0,0,2,,
2026-03-25 10:07:41,49,23,23,0,"fit: 3, efit: 17","fit: 3, efit: 16",efit: 1,,,0,0,0,0,2,,
2026-03-25 10:11:45,49,23,23,0,"fit: 1, efit: 13","fit: 1, efit: 13",,,,0,0,0,0,2,,
2026-03-25 10:36:49,49,23,23,0,"fit: 1, efit: 14","fit: 1, efit: 14",,,,0,0,0,0,2,,
2026-03-25 11:32:28,49,23,23,0,"fit: 1, efit: 13","fit: 1, efit: 13",,,,0,0,0,0,2,,
2026-03-25 11:36:58,49,23,23,0,"fit: 1, efit: 12","fit: 1, efit: 12",,,,0,0,0,0,2,,
2026-03-25 11:46:59,49,23,23,0,"fit: 2, efit: 12","fit: 2, efit: 12",,,,0,0,0,0,2,,
2026-03-25 11:53:02,49,23,23,0,"fit: 2, efit: 13","fit: 2, efit: 13",,,,0,0,0,0,2,,
2026-03-25 12:02:02,49,23,23,0,"fit: 2, efit: 14","fit: 2, efit: 14",,,,0,0,0,0,2,,
2026-03-25 13:07:12,49,23,23,0,"fit: 2, efit: 15","fit: 2, efit: 15",,,,0,0,0,0,2,,
2026-03-25 13:12:13,49,23,23,0,"fit: 2, efit: 17","fit: 2, efit: 17",,,,0,0,0,0,2,,
2026-03-25 13:32:49,49,23,23,0,"fit: 2, efit: 16","fit: 2, efit: 16",,,,0,0,0,0,2,,
2026-03-25 13:33:22,49,23,23,0,"fit: 2, efit: 17","fit: 2, efit: 17",,,,0,0,0,0,2,,
2026-03-25 14:12:22,49,23,23,0,"fit: 2, efit: 13","fit: 2, efit: 13",,,,0,0,0,0,2,,
2026-03-25 14:12:56,49,23,23,0,"fit: 2, efit: 11","fit: 2, efit: 11",,,,0,0,0,0,2,,
2026-03-25 14:13:29,49,23,23,0,"fit: 2, efit: 9","fit: 2, efit: 9",,,,0,0,0,0,2,,
2026-03-25 14:38:00,49,23,23,0,"fit: 2, efit: 10","fit: 2, efit: 10",,,,0,0,0,0,2,,
2026-03-25 14:47:28,49,23,23,0,"fit: 2, efit: 9","fit: 2, efit: 9",,,,0,0,0,0,2,,
2026-03-25 14:52:28,49,23,23,0,"fit: 2, efit: 10","fit: 2, efit: 10",,,,0,0,0,0,2,,
2026-03-25 15:47:37,49,23,23,0,"fit: 2, efit: 9","fit: 2, efit: 9",,,,0,0,0,0,2,,
2026-03-25 15:57:38,49,23,23,0,"fit: 2, efit: 7","fit: 2, efit: 7",,,,0,0,0,0,2,,
2026-03-25 16:42:45,49,23,23,0,"fit: 2, efit: 6","fit: 2, efit: 6",,,,0,0,0,0,2,,
2026-03-25 16:57:48,49,23,23,0,"fit: 3, efit: 6","fit: 3, efit: 6",,,,0,0,0,0,2,,
2026-03-25 17:02:49,49,23,23,0,"fit: 3, efit: 5","fit: 3, efit: 5",,,,0,0,0,0,2,,
2026-03-25 17:03:26,49,23,23,0,"fit: 3, efit: 4","fit: 3, efit: 4",,,,0,0,0,0,2,,
2026-03-25 17:22:52,49,23,23,0,"fit: 3, efit: 3","fit: 3, efit: 3",,,,0,0,0,0,2,,
2026-03-25 18:18:00,49,23,23,0,"fit: 3, efit: 2","fit: 3, efit: 2",,,,0,0,0,0,2,,
2026-03-25 19:03:07,49,23,23,0,"fit: 3, efit: 1","fit: 3, efit: 1",,,,0,0,0,0,2,,
2026-03-25 20:58:24,49,23,23,0,"fit: 3, efit: 2","fit: 3, efit: 2",,,,0,0,0,0,2,,
2026-03-25 21:33:29,49,23,23,0,"fit: 3, efit: 3","fit: 3, efit: 3",,,,0,0,0,0,2,,
2026-03-25 22:13:35,49,23,23,0,"fit: 4, efit: 3","fit: 4, efit: 3",,,,0,0,0,0,2,,
2026-03-26 00:00:26,49,23,23,0,"fit: 4, efit: 3","fit: 4, efit: 3",,,,0,0,0,0,2,,
2026-03-26 03:04:18,49,23,23,0,"fit: 4, efit: 3","fit: 4, efit: 2",efit: 1,,,0,0,0,0,2,,
2026-03-26 08:05:59,49,23,23,0,"fit: 4, efit: 4","fit: 4, efit: 3",efit: 1,,,0,0,0,0,2,,
2026-03-26 08:35:06,49,23,23,0,"fit: 4, efit: 5","fit: 4, efit: 4",efit: 1,,,0,0,0,0,2,,
2026-03-26 08:40:07,49,23,23,0,"fit: 4, efit: 6","fit: 4, efit: 5",efit: 1,,,0,0,0,0,2,,
2026-03-26 08:56:07,49,23,23,0,"fit: 5, efit: 6","fit: 5, efit: 5",efit: 1,,,0,0,0,0,2,,
2026-03-26 09:20:13,49,23,23,0,"fit: 5, efit: 7","fit: 5, efit: 6",efit: 1,,,0,0,0,0,2,,
2026-03-26 09:25:14,49,23,23,0,"fit: 6, efit: 7","fit: 6, efit: 6",efit: 1,,,0,0,0,0,2,,
2026-03-26 09:35:16,49,23,23,0,"fit: 6, efit: 8","fit: 6, efit: 7",efit: 1,,,0,0,0,0,2,,
2026-03-26 09:42:20,49,23,23,0,"fit: 6, efit: 9","fit: 6, efit: 8",efit: 1,,,0,0,0,0,2,,
2026-03-26 09:47:21,49,23,23,0,"fit: 6, efit: 10","fit: 6, efit: 9",efit: 1,,,0,0,0,0,2,,
2026-03-26 10:07:25,49,23,23,0,"fit: 6, efit: 9","fit: 6, efit: 8",efit: 1,,,0,0,0,0,2,,
2026-03-26 10:10:21,49,23,23,0,"fit: 6, efit: 8","fit: 6, efit: 7",efit: 1,,,0,0,0,0,2,,
2026-03-26 11:11:31,49,23,23,0,"fit: 6, efit: 9","fit: 6, efit: 8",efit: 1,,,0,0,0,0,2,,
2026-03-26 11:12:38,49,23,23,0,"fit: 6, efit: 10","fit: 6, efit: 9",efit: 1,,,0,0,0,0,2,,
2026-03-26 11:41:37,49,23,23,0,"fit: 6, efit: 9","fit: 6, efit: 8",efit: 1,,,0,0,0,0,2,,
2026-03-26 11:50:36,49,23,23,0,"fit: 6, efit: 10","fit: 6, efit: 9",efit: 1,,,0,0,0,0,2,,
2026-03-26 12:05:39,49,23,23,0,"fit: 6, efit: 9","fit: 6, efit: 8",efit: 1,,,0,0,0,0,2,,
2026-03-26 12:10:39,49,23,23,0,"fit: 6, efit: 10","fit: 6, efit: 9",efit: 1,,,0,0,0,0,2,,
2026-03-26 12:25:42,49,23,23,0,"fit: 6, efit: 11","fit: 6, efit: 10",efit: 1,,,0,0,0,0,2,,
2026-03-26 13:05:48,49,23,23,0,"fit: 6, efit: 12","fit: 6, efit: 11",efit: 1,,,0,0,0,0,2,,
2026-03-26 13:08:01,49,23,23,0,"fit: 6, efit: 11","fit: 6, efit: 10",efit: 1,,,0,0,0,0,2,,
2026-03-26 13:11:54,49,23,23,0,"fit: 6, efit: 10","fit: 6, efit: 9",efit: 1,,,0,0,0,0,2,,
2026-03-26 13:55:55,49,23,23,0,"fit: 6, efit: 11","fit: 6, efit: 10",efit: 1,,,0,0,0,0,2,,
2026-03-26 14:00:56,49,23,23,0,"fit: 6, efit: 10","fit: 6, efit: 9",efit: 1,,,0,0,0,0,2,,
2026-03-26 14:23:15,49,23,23,0,"fit: 7, efit: 10","fit: 7, efit: 9",efit: 1,,,0,0,0,0,2,,
2026-03-26 14:33:17,49,23,23,0,"fit: 7, efit: 11","fit: 7, efit: 10",efit: 1,,,0,0,0,0,2,,
2026-03-26 15:51:13,49,23,23,0,"fit: 7, efit: 10","fit: 7, efit: 9",efit: 1,,,0,0,0,0,2,,
2026-03-26 15:52:22,49,23,23,0,"fit: 7, efit: 9","fit: 7, efit: 8",efit: 1,,,0,0,0,0,2,,
2026-03-26 16:03:15,49,23,23,0,"fit: 7, efit: 8","fit: 7, efit: 7",efit: 1,,,0,0,0,0,2,,
2026-03-26 16:38:22,49,23,23,0,"fit: 7, efit: 6","fit: 7, efit: 5",efit: 1,,,0,0,0,0,2,,
2026-03-26 16:46:22,49,23,23,0,"fit: 7, efit: 7","fit: 7, efit: 6",efit: 1,,,0,0,0,0,2,,
2026-03-26 16:51:23,49,23,23,0,"fit: 7, efit: 8","fit: 7, efit: 7",efit: 1,,,0,0,0,0,2,,
2026-03-26 16:52:33,49,23,23,0,"fit: 7, efit: 7","fit: 7, efit: 6",efit: 1,,,0,0,0,0,2,,
2026-03-26 16:56:23,49,23,23,0,"fit: 7, efit: 6","fit: 7, efit: 5",efit: 1,,,0,0,0,0,2,,
2026-03-26 17:02:35,49,23,23,0,"fit: 8, efit: 6","fit: 8, efit: 5",efit: 1,,,0,0,0,0,2,,
2026-03-26 17:03:27,49,23,23,0,"fit: 8, efit: 5","fit: 8, efit: 4",efit: 1,,,0,0,0,0,2,,
2026-03-26 17:06:25,49,23,23,0,"fit: 8, efit: 4","fit: 8, efit: 3",efit: 1,,,0,0,0,0,2,,
2026-03-26 17:13:29,49,23,23,0,"fit: 8, efit: 5","fit: 8, efit: 4",efit: 1,,,0,0,0,0,2,,
2026-03-26 17:18:30,49,23,23,0,"fit: 8, efit: 4","fit: 8, efit: 3",efit: 1,,,0,0,0,0,2,,
2026-03-26 17:27:39,49,23,23,0,"fit: 9, efit: 4","fit: 9, efit: 3",efit: 1,,,0,0,0,0,2,,
2026-03-26 17:28:32,49,23,23,0,"fit: 9, efit: 3","fit: 9, efit: 2",efit: 1,,,0,0,0,0,2,,
2026-03-26 18:36:39,49,23,23,0,"fit: 10, efit: 3","fit: 10, efit: 2",efit: 1,,,0,0,0,0,2,,
2026-03-26 19:22:59,49,23,23,0,"fit: 9, efit: 3","fit: 9, efit: 2",efit: 1,,,0,0,0,0,2,,
2026-03-26 19:48:04,49,23,23,0,"fit: 10, efit: 2","fit: 10, efit: 1",efit: 1,,,0,0,0,0,2,,
2026-03-26 19:51:50,49,23,23,0,"fit: 10, efit: 4","fit: 10, efit: 3",efit: 1,,,0,0,0,0,2,,
2026-03-26 19:56:51,49,23,23,0,"fit: 10, efit: 5","fit: 10, efit: 4",efit: 1,,,0,0,0,0,2,,
2026-03-26 20:01:52,49,23,23,0,"fit: 10, efit: 6","fit: 10, efit: 5",efit: 1,,,0,0,0,0,2,,
2026-03-27 00:02:28,49,23,23,0,"fit: 10, efit: 6","fit: 10, efit: 5",efit: 1,,,0,0,0,0,2,,
2026-03-27 07:48:36,49,23,23,0,"fit: 10, efit: 7","fit: 10, efit: 5",efit: 1,,,0,0,0,0,2,,
2026-03-27 08:36:29,49,23,23,0,"fit: 10, efit: 6","fit: 10, efit: 4",efit: 1,,,0,0,0,0,2,,
2026-03-27 08:43:44,49,23,23,0,"fit: 10, efit: 7","fit: 10, efit: 5",efit: 1,,,0,0,0,0,2,,
2026-03-27 08:48:45,49,23,23,0,"fit: 10, efit: 8","fit: 10, efit: 6",efit: 1,,,0,0,0,0,2,,
2026-03-27 08:58:47,49,23,23,0,"fit: 10, efit: 9","fit: 10, efit: 7",efit: 1,,,0,0,0,0,2,,
2026-03-27 09:08:48,49,23,23,0,"fit: 9, efit: 9","fit: 9, efit: 7",efit: 1,,,0,0,0,0,2,,
2026-03-27 09:13:49,49,23,23,0,"fit: 8, efit: 9","fit: 8, efit: 7",efit: 1,,,0,0,0,0,2,,
2026-03-27 09:16:37,49,23,23,0,"fit: 8, efit: 8","fit: 8, efit: 7",efit: 1,,,0,0,0,0,2,,
2026-03-27 09:18:50,49,23,23,0,"fit: 8, efit: 8","fit: 8, efit: 8",,,,0,0,0,0,2,,
2026-03-27 09:23:51,49,23,23,0,"fit: 8, efit: 9","fit: 8, efit: 9",,,,0,0,0,0,2,,
2026-03-27 09:26:39,49,23,23,0,"fit: 8, efit: 10","fit: 8, efit: 10",,,,0,0,0,0,2,,
2026-03-27 09:28:51,49,23,23,0,"fit: 8, efit: 9","fit: 8, efit: 9",,,,0,0,0,0,2,,
2026-03-27 09:33:52,49,23,23,0,"fit: 8, efit: 8","fit: 8, efit: 8",,,,0,0,0,0,2,,
2026-03-27 09:51:44,49,23,23,0,"fit: 8, efit: 9","fit: 8, efit: 9",,,,0,0,0,0,2,,
2026-03-27 10:29:00,49,23,23,0,"fit: 8, efit: 10","fit: 8, efit: 10",,,,0,0,0,0,2,,
2026-03-27 13:56:13,49,23,23,0,"fit: 8, efit: 11","fit: 8, efit: 11",,,,0,0,0,0,2,,
2026-03-27 13:57:33,49,23,23,0,"fit: 8, efit: 10","fit: 8, efit: 10",,,,0,0,0,0,2,,
2026-03-27 14:19:35,49,23,23,0,"fit: 8, efit: 11","fit: 8, efit: 11",,,,0,0,0,0,2,,
2026-03-27 14:34:37,49,23,23,0,"fit: 8, efit: 12","fit: 8, efit: 12",,,,0,0,0,0,2,,
2026-03-27 15:09:42,49,23,23,0,"fit: 8, efit: 13","fit: 8, efit: 13",,,,0,0,0,0,2,,
2026-03-27 15:17:49,49,23,23,0,"fit: 8, efit: 14","fit: 8, efit: 14",,,,0,0,0,0,2,,
2026-03-27 15:37:53,49,23,23,0,"fit: 8, efit: 15","fit: 8, efit: 15",,,,0,0,0,0,2,,
2026-03-27 16:31:42,49,23,23,0,"fit: 8, efit: 14","fit: 8, efit: 14",,,,0,0,0,0,2,,
2026-03-27 17:16:50,49,23,23,0,"fit: 8, efit: 15","fit: 8, efit: 15",,,,0,0,0,0,2,,
2026-03-27 17:35:06,49,23,23,0,"fit: 8, efit: 14","fit: 8, efit: 14",,,,0,0,0,0,2,,
2026-03-27 17:36:54,49,23,23,0,"fit: 9, efit: 14","fit: 9, efit: 14",,,,0,0,0,0,2,,
2026-03-27 18:00:10,49,23,23,0,"fit: 9, efit: 13","fit: 9, efit: 13",,,,0,0,0,0,2,,
2026-03-27 18:05:10,49,23,23,0,"fit: 9, efit: 12","fit: 9, efit: 12",,,,0,0,0,0,2,,
2026-03-27 18:27:03,49,23,23,0,"fit: 9, efit: 11","fit: 9, efit: 11",,,,0,0,0,0,2,,
2026-03-27 18:30:14,49,23,23,0,"fit: 9, efit: 10","fit: 9, efit: 10",,,,0,0,0,0,2,,
2026-03-27 18:38:28,49,23,23,0,"fit: 9, efit: 9","fit: 9, efit: 9",,,,0,0,0,0,2,,
2026-03-27 19:32:15,49,23,23,0,"fit: 9, efit: 9","fit: 9, efit: 8",,,,0,0,0,0,2,,
2026-03-28 00:01:05,49,23,23,0,"fit: 9, efit: 9","fit: 9, efit: 8",,,,0,0,0,0,2,,
2026-03-28 09:01:16,49,23,23,0,"fit: 9, efit: 8","fit: 9, efit: 7",,,,0,0,0,0,2,,
2026-03-28 09:02:23,49,23,23,0,"fit: 9, efit: 9","fit: 9, efit: 8",,,,0,0,0,0,2,,
2026-03-28 09:04:36,49,23,23,0,"fit: 9, efit: 9","fit: 9, efit: 9",,,,0,0,0,0,2,,
2026-03-28 09:06:17,49,23,23,0,"fit: 5, efit: 9","fit: 5, efit: 9",,,,0,0,0,0,2,,
2026-03-28 09:09:37,49,23,23,0,"fit: 2, efit: 9","fit: 2, efit: 9",,,,0,0,0,0,2,,
2026-03-28 11:22:44,49,23,23,0,"fit: 2, efit: 10","fit: 2, efit: 10",,,,0,0,0,0,2,,
2026-03-28 11:51:50,49,23,23,0,"fit: 2, efit: 11","fit: 2, efit: 11",,,,0,0,0,0,2,,
2026-03-28 13:27:08,49,23,23,0,"fit: 2, efit: 9","fit: 2, efit: 9",,,,0,0,0,0,2,,
2026-03-28 13:55:27,49,23,23,0,"fit: 2, efit: 10","fit: 2, efit: 10",,,,0,0,0,0,2,,
2026-03-28 13:57:14,49,23,23,0,"fit: 2, efit: 9","fit: 2, efit: 9",,,,0,0,0,0,2,,
2026-03-28 14:27:20,49,23,23,0,"fit: 2, efit: 10","fit: 2, efit: 10",,,,0,0,0,0,2,,
2026-03-28 14:30:34,49,23,23,0,"fit: 2, efit: 12","fit: 2, efit: 12",,,,0,0,0,0,2,,
2026-03-28 16:30:55,49,23,23,0,"fit: 4, efit: 12","fit: 4, efit: 12",,,,0,0,0,0,2,,
2026-03-28 17:42:58,49,23,23,0,"fit: 4, efit: 11","fit: 4, efit: 11",,,,0,0,0,0,2,,
2026-03-28 20:03:25,49,23,23,0,"fit: 4, efit: 10","fit: 4, efit: 10",,,,0,0,0,0,2,,
2026-03-28 20:21:36,49,23,23,0,"fit: 4, efit: 9","fit: 4, efit: 9",,,,0,0,0,0,2,,
2026-03-28 20:28:30,49,23,23,0,"fit: 4, efit: 9","fit: 4, efit: 8",efit: 1,,,0,0,0,0,2,,
2026-03-29 00:02:14,49,23,23,0,"fit: 4, efit: 9","fit: 4, efit: 8",efit: 1,,,0,0,0,0,2,,
2026-03-29 09:28:51,49,23,23,0,"fit: 4, efit: 10","fit: 4, efit: 9",efit: 1,,,0,0,0,0,2,,
2026-03-29 11:46:17,49,23,23,0,"fit: 4, efit: 11","fit: 4, efit: 10",efit: 1,,,0,0,0,0,2,,
2026-03-29 13:41:34,49,23,23,0,"fit: 5, efit: 10","fit: 5, efit: 9",efit: 1,,,0,0,0,0,2,,
2026-03-29 14:01:37,49,23,23,0,"fit: 5, efit: 11","fit: 5, efit: 10",efit: 1,,,0,0,0,0,2,,
2026-03-29 14:34:44,49,23,23,0,"fit: 5, efit: 11","fit: 5, efit: 11",,,,0,0,0,0,2,,
2026-03-29 15:34:55,49,23,23,0,"fit: 5, efit: 10","fit: 5, efit: 10",,,,0,0,0,0,2,,
2026-03-29 17:00:12,49,23,23,0,"fit: 5, efit: 9","fit: 5, efit: 9",,,,0,0,0,0,2,,
2026-03-29 18:27:18,49,23,23,0,"fit: 5, efit: 8","fit: 5, efit: 8",,,,0,0,0,0,2,,
2026-03-30 00:01:25,49,23,23,0,"fit: 5, efit: 8","fit: 5, efit: 8",,,,0,0,0,0,2,,
2026-03-30 07:52:45,49,23,23,0,"fit: 5, efit: 9","fit: 5, efit: 9",,,,0,0,0,0,2,,
2026-03-30 08:05:21,49,23,23,0,"fit: 5, efit: 11","fit: 5, efit: 11",,,,0,0,0,0,2,,
2026-03-30 08:35:27,49,23,23,0,"fit: 5, efit: 12","fit: 5, efit: 12",,,,0,0,0,0,2,,
2026-03-30 08:37:52,49,23,23,0,"fit: 6, efit: 12","fit: 6, efit: 12",,,,0,0,0,0,2,,
2026-03-30 08:39:22,49,23,23,0,"fit: 6, efit: 11","fit: 6, efit: 11",,,,0,0,0,0,2,,
2026-03-30 09:07:58,49,23,23,0,"fit: 6, efit: 12","fit: 6, efit: 12",,,,0,0,0,0,2,,
2026-03-30 09:19:28,49,23,23,0,"fit: 6, efit: 13","fit: 6, efit: 13",,,,0,0,0,0,2,,
2026-03-30 09:30:38,49,23,23,0,"fit: 6, efit: 14","fit: 6, efit: 14",,,,0,0,0,0,2,,
2026-03-30 09:38:03,49,23,23,0,"fit: 6, efit: 13","fit: 6, efit: 13",,,,0,0,0,0,2,,
2026-03-30 09:59:34,49,23,23,0,"fit: 7, efit: 13","fit: 7, efit: 13",,,,0,0,0,0,2,,
2026-03-30 10:00:44,49,23,23,0,"fit: 7, efit: 12","fit: 7, efit: 12",,,,0,0,0,0,2,,
2026-03-30 10:13:10,49,23,23,0,"fit: 7, efit: 13","fit: 7, efit: 13",,,,0,0,0,0,2,,
2026-03-30 10:33:13,49,23,23,0,"fit: 7, efit: 12","fit: 7, efit: 12",,,,0,0,0,0,2,,
2026-03-30 10:59:43,49,23,23,0,"fit: 7, efit: 13","fit: 7, efit: 13",,,,0,0,0,0,2,,
2026-03-30 11:05:57,49,23,23,0,"fit: 6, efit: 13","fit: 6, efit: 13",,,,0,0,0,0,2,,
2026-03-30 11:23:22,49,23,23,0,"fit: 6, efit: 12","fit: 6, efit: 12",,,,0,0,0,0,2,,
2026-03-30 11:36:03,49,23,23,0,"fit: 7, efit: 12","fit: 7, efit: 12",,,,0,0,0,0,2,,
2026-03-30 12:01:08,49,23,23,0,"fit: 7, efit: 11","fit: 7, efit: 11",,,,0,0,0,0,2,,
2026-03-30 12:03:29,49,23,23,0,"fit: 7, efit: 10","fit: 7, efit: 10",,,,0,0,0,0,2,,
2026-03-30 12:11:10,49,23,23,0,"fit: 7, efit: 11","fit: 7, efit: 11",,,,0,0,0,0,2,,
2026-03-30 12:50:01,49,23,23,0,"fit: 7, efit: 12","fit: 7, efit: 12",,,,0,0,0,0,2,,
2026-03-30 12:55:02,49,23,23,0,"fit: 7, efit: 11","fit: 7, efit: 11",,,,0,0,0,0,2,,
2026-03-30 13:38:46,49,23,23,0,"fit: 7, efit: 12","fit: 7, efit: 12",,,,0,0,0,0,2,,
2026-03-30 14:06:34,49,23,23,0,"fit: 7, efit: 13","fit: 7, efit: 13",,,,0,0,0,0,2,,
2026-03-30 14:11:35,49,23,23,0,"fit: 7, efit: 14","fit: 7, efit: 14",,,,0,0,0,0,2,,
2026-03-30 14:50:20,49,23,23,0,"fit: 7, efit: 13","fit: 7, efit: 13",,,,0,0,0,0,2,,
2026-03-30 15:05:22,49,23,23,0,"fit: 7, efit: 14","fit: 7, efit: 14",,,,0,0,0,0,2,,
2026-03-30 15:06:46,49,23,23,0,"fit: 7, efit: 13","fit: 7, efit: 13",,,,0,0,0,0,2,,
2026-03-30 15:09:02,49,23,23,0,"fit: 7, efit: 14","fit: 7, efit: 14",,,,0,0,0,0,2,,
2026-03-30 15:46:53,49,23,23,0,"fit: 7, efit: 13","fit: 7, efit: 13",,,,0,0,0,0,2,,
2026-03-30 16:00:31,49,23,23,0,"fit: 7, efit: 12","fit: 7, efit: 12",,,,0,0,0,0,2,,
2026-03-30 16:01:56,49,23,23,0,"fit: 7, efit: 11","fit: 7, efit: 11",,,,0,0,0,0,2,,
2026-03-30 16:19:14,49,23,23,0,"fit: 7, efit: 10","fit: 7, efit: 10",,,,0,0,0,0,2,,
2026-03-30 16:29:16,49,23,23,0,"fit: 7, efit: 9","fit: 7, efit: 9",,,,0,0,0,0,2,,
2026-03-30 16:30:36,49,23,23,0,"fit: 7, efit: 10","fit: 7, efit: 10",,,,0,0,0,0,2,,
2026-03-30 16:32:03,49,23,23,0,"fit: 7, efit: 9","fit: 7, efit: 9",,,,0,0,0,0,2,,
2026-03-30 16:54:21,49,23,23,0,"fit: 7, efit: 8","fit: 7, efit: 8",,,,0,0,0,0,2,,
2026-03-30 17:20:44,49,23,23,0,"fit: 7, efit: 6","fit: 7, efit: 6",,,,0,0,0,0,2,,
2026-03-30 17:27:14,49,23,23,0,"fit: 7, efit: 7","fit: 7, efit: 7",,,,0,0,0,0,2,,
2026-03-30 17:29:27,49,23,23,0,"fit: 7, efit: 6","fit: 7, efit: 6",,,,0,0,0,0,2,,
2026-03-30 17:34:28,49,23,23,0,"fit: 7, efit: 5","fit: 7, efit: 5",,,,0,0,0,0,2,,
2026-03-30 17:42:17,49,23,23,0,"fit: 6, efit: 5","fit: 6, efit: 5",,,,0,0,0,0,2,,
2026-03-30 17:57:20,49,23,23,0,"fit: 5, efit: 5","fit: 5, efit: 5",,,,0,0,0,0,2,,
2026-03-30 18:40:56,49,23,23,0,"fit: 5, efit: 5","fit: 5, efit: 4",,,,0,0,0,0,2,,
2026-03-30 18:44:40,49,23,23,0,"fit: 5, efit: 4","fit: 5, efit: 3",,,,0,0,0,0,2,,
2026-03-30 18:52:31,49,23,23,0,"fit: 5, efit: 3","fit: 5, efit: 2",,,,0,0,0,0,2,,
2026-03-30 19:04:44,49,23,23,0,"fit: 6, efit: 3","fit: 6, efit: 2",,,,0,0,0,0,2,,
2026-03-30 19:06:00,49,23,23,0,"fit: 6, efit: 4","fit: 6, efit: 3",,,,0,0,0,0,2,,
2026-03-31 00:00:36,49,23,23,0,"fit: 6, efit: 4","fit: 6, efit: 3",,,,0,0,0,0,2,,
2026-03-31 07:45:01,49,23,23,0,"fit: 7, efit: 4","fit: 7, efit: 3",,,,0,0,0,0,2,,
2026-03-31 08:22:01,49,23,23,0,"fit: 7, efit: 5","fit: 7, efit: 4",,,,0,0,0,0,2,,
2026-03-31 08:27:02,49,23,23,0,"fit: 7, efit: 6","fit: 7, efit: 5",,,,0,0,0,0,2,,
2026-03-31 08:35:11,49,23,23,0,"fit: 7, efit: 7","fit: 7, efit: 6",,,,0,0,0,0,2,,
2026-03-31 08:37:59,49,23,23,0,"fit: 6, efit: 7","fit: 6, efit: 6",,,,0,0,0,0,2,,
2026-03-31 08:52:07,49,23,23,0,"fit: 7, efit: 7","fit: 7, efit: 6",,,,0,0,0,0,2,,
2026-03-31 08:53:01,49,23,23,0,"fit: 8, efit: 7","fit: 8, efit: 6",,,,0,0,0,0,2,,
2026-03-31 08:55:15,49,23,23,0,"fit: 8, efit: 6","fit: 8, efit: 5",,,,0,0,0,0,2,,
2026-03-31 09:05:17,49,23,23,0,"fit: 9, efit: 6","fit: 9, efit: 5",,,,0,0,0,0,2,,
2026-03-31 09:12:10,49,23,23,0,"fit: 9, efit: 7","fit: 9, efit: 6",,,,0,0,0,0,2,,
2026-03-31 09:30:22,49,23,23,0,"fit: 9, efit: 8","fit: 9, efit: 7",,,,0,0,0,0,2,,
2026-03-31 10:07:20,49,23,23,0,"fit: 9, efit: 9","fit: 9, efit: 8",,,,0,0,0,0,2,,
2026-03-31 10:35:36,49,23,23,0,"fit: 9, efit: 8","fit: 9, efit: 8",,,,0,0,0,0,2,,
2026-03-31 10:37:26,49,23,23,0,"fit: 7, efit: 9","fit: 7, efit: 9",,,,0,0,0,0,2,,
2026-03-31 10:48:19,49,23,23,0,"fit: 8, efit: 9","fit: 8, efit: 9",,,,0,0,0,0,2,,
2026-03-31 11:00:41,49,23,23,0,"fit: 9, efit: 8","fit: 9, efit: 8",,,,0,0,0,0,2,,
2026-03-31 11:02:30,49,23,23,0,"fit: 9, efit: 9","fit: 9, efit: 9",,,,0,0,0,0,2,,
2026-03-31 11:30:47,49,23,23,0,"fit: 9, efit: 8","fit: 9, efit: 8",,,,0,0,0,0,2,,
2026-03-31 12:00:53,49,23,23,0,"fit: 9, efit: 9","fit: 9, efit: 9",,,,0,0,0,0,2,,
2026-03-31 12:07:42,49,23,23,0,"fit: 9, efit: 8","fit: 9, efit: 8",,,,0,0,0,0,2,,
2026-03-31 13:22:55,49,23,23,0,"fit: 9, efit: 7","fit: 9, efit: 7",,,,0,0,0,0,2,,
2026-03-31 13:41:14,49,23,23,0,"fit: 9, efit: 8","fit: 9, efit: 8",,,,0,0,0,0,2,,
2026-03-31 14:03:50,49,23,23,0,"fit: 9, efit: 9","fit: 9, efit: 9",,,,0,0,0,0,2,,
2026-03-31 14:11:20,49,23,23,0,"fit: 10, efit: 9","fit: 10, efit: 9",,,,0,0,0,0,2,,
2026-03-31 14:38:09,49,23,23,0,"fit: 11, efit: 9","fit: 11, efit: 9",,,,0,0,0,0,2,,
2026-03-31 14:38:55,49,23,23,0,"fit: 11, efit: 8","fit: 11, efit: 8",,,,0,0,0,0,2,,
2026-03-31 15:03:59,49,23,23,0,"fit: 11, efit: 7","fit: 11, efit: 7",,,,0,0,0,0,2,,
2026-03-31 15:13:15,49,23,23,0,"fit: 11, efit: 8","fit: 11, efit: 8",,,,0,0,0,0,2,,
2026-03-31 15:41:38,49,23,23,0,"fit: 11, efit: 7","fit: 11, efit: 7",,,,0,0,0,0,2,,
2026-03-31 15:59:07,49,23,23,0,"fit: 11, efit: 6","fit: 11, efit: 6",,,,0,0,0,0,2,,
2026-03-31 16:01:42,49,23,23,0,"fit: 12, efit: 6","fit: 12, efit: 6",,,,0,0,0,0,2,,
2026-03-31 16:18:26,49,23,23,0,"fit: 12, efit: 8","fit: 12, efit: 8",,,,0,0,0,0,2,,
2026-03-31 16:34:13,49,23,23,0,"fit: 12, efit: 6","fit: 12, efit: 6",,,,0,0,0,0,2,,
2026-03-31 16:51:51,49,23,23,0,"fit: 12, efit: 5","fit: 12, efit: 5",,,,0,0,0,0,2,,
2026-03-31 16:53:32,49,23,23,0,"fit: 12, efit: 4","fit: 12, efit: 4",,,,0,0,0,0,2,,
2026-03-31 16:59:17,49,23,23,0,"fit: 12, efit: 3","fit: 12, efit: 3",,,,0,0,0,0,2,,
2026-03-31 17:21:58,49,23,23,0,"fit: 12, efit: 2","fit: 12, efit: 2",,,,0,0,0,0,2,,
2026-03-31 17:26:59,49,23,23,0,"fit: 12, efit: 1","fit: 12, efit: 1",,,,0,0,0,0,2,,
2026-03-31 18:52:16,49,23,23,0,fit: 12,fit: 12,,,,0,0,0,0,2,,
2026-03-31 21:14:18,49,23,23,0,"fit: 12, efit: 2","fit: 12, efit: 2",,,,0,0,0,0,2,,
2026-04-01 00:04:05,49,23,23,0,"fit: 12, efit: 2","fit: 12, efit: 2",,,,0,0,0,0,2,,
2026-04-01 07:15:28,49,23,23,0,"fit: 10, efit: 2","fit: 10, efit: 2",,,,0,0,0,0,2,,
2026-04-01 07:16:08,49,23,23,0,"fit: 8, efit: 2","fit: 8, efit: 2",,,,0,0,0,0,2,,
2026-04-01 07:20:29,49,23,23,0,"fit: 4, efit: 2","fit: 4, efit: 2",,,,0,0,0,0,2,,
2026-04-01 07:21:09,49,23,23,0,"fit: 2, efit: 2","fit: 2, efit: 2",,,,0,0,0,0,2,,
2026-04-01 07:25:30,49,23,23,0,efit: 2,efit: 2,,,,0,0,0,0,2,,
2026-04-01 09:25:54,49,23,23,0,"fit: 1, efit: 3","fit: 1, efit: 3",,,,0,0,0,0,2,,
2026-04-01 11:06:08,49,23,23,0,efit: 3,efit: 3,,,,0,0,0,0,2,,
2026-04-01 11:16:09,49,23,23,0,efit: 4,efit: 4,,,,0,0,0,0,2,,
2026-04-01 11:51:15,49,23,23,0,efit: 6,efit: 6,,,,0,0,0,0,2,,
2026-04-01 12:22:13,49,23,23,0,efit: 7,efit: 7,,,,0,0,0,0,2,,
2026-04-01 13:17:24,49,23,23,0,efit: 6,efit: 6,,,,0,0,0,0,2,,
2026-04-01 14:12:36,49,23,23,0,efit: 5,efit: 5,,,,0,0,0,0,2,,
2026-04-01 14:46:44,49,23,23,0,efit: 4,efit: 4,,,,0,0,0,0,2,,
2026-04-01 14:51:45,49,23,23,0,efit: 5,efit: 5,,,,0,0,0,0,2,,
2026-04-01 15:06:48,49,23,23,0,efit: 6,efit: 6,,,,0,0,0,0,2,,
2026-04-01 15:31:52,49,23,23,0,efit: 5,efit: 5,,,,0,0,0,0,2,,
2026-04-01 15:56:56,49,23,23,0,"fit: 1, efit: 5","fit: 1, efit: 5",,,,0,0,0,0,2,,
2026-04-01 16:11:58,49,23,23,0,"fit: 1, efit: 6","fit: 1, efit: 6",,,,0,0,0,0,2,,
2026-04-01 16:22:00,49,23,23,0,"fit: 1, efit: 5","fit: 1, efit: 5",,,,0,0,0,0,2,,
2026-04-01 16:37:03,49,23,23,0,"fit: 1, efit: 4","fit: 1, efit: 4",,,,0,0,0,0,2,,
2026-04-01 16:47:04,49,23,23,0,"fit: 1, efit: 3","fit: 1, efit: 3",,,,0,0,0,0,2,,
2026-04-01 16:52:05,49,23,23,0,"fit: 1, efit: 2","fit: 1, efit: 2",,,,0,0,0,0,2,,
2026-04-01 17:07:08,49,23,23,0,"fit: 1, efit: 3","fit: 1, efit: 3",,,,0,0,0,0,2,,
2026-04-01 17:07:21,49,23,23,0,"fit: 1, efit: 2","fit: 1, efit: 2",,,,0,0,0,0,2,,
2026-04-01 17:28:17,49,23,23,0,efit: 2,efit: 2,,,,0,0,0,0,2,,
2026-04-01 18:07:18,49,23,23,0,efit: 1,efit: 1,,,,0,0,0,0,2,,
2026-04-01 23:13:09,49,23,23,0,efit: 2,efit: 2,,,,0,0,0,0,2,,
2026-04-02 00:03:17,49,23,23,0,efit: 2,efit: 2,,,,0,0,0,0,2,,
2026-04-02 08:29:38,49,23,23,0,efit: 3,efit: 3,,,,0,0,0,0,2,,
2026-04-02 08:35:24,49,23,23,0,efit: 4,efit: 4,,,,0,0,0,0,2,,
2026-04-02 08:44:40,49,23,23,0,efit: 5,efit: 5,,,,0,0,0,0,2,,
2026-04-02 08:49:41,49,23,23,0,"fit: 1, efit: 5","fit: 1, efit: 5",,,,0,0,0,0,2,,
2026-04-02 09:19:46,49,23,23,0,"fit: 1, efit: 4","fit: 1, efit: 4",,,,0,0,0,0,2,,
2026-04-02 09:24:47,49,23,23,0,"fit: 1, efit: 5","fit: 1, efit: 5",,,,0,0,0,0,2,,
2026-04-02 10:01:42,49,23,23,0,"fit: 1, efit: 6","fit: 1, efit: 6",,,,0,0,0,0,2,,
2026-04-02 10:29:57,49,23,23,0,"fit: 2, efit: 5","fit: 2, efit: 5",,,,0,0,0,0,2,,
2026-04-02 10:41:51,49,23,23,0,"fit: 2, efit: 6","fit: 2, efit: 6",,,,0,0,0,0,2,,
2026-04-02 10:55:03,49,23,23,0,"fit: 3, efit: 6","fit: 3, efit: 6",,,,0,0,0,0,2,,
2026-04-02 11:05:04,49,23,23,0,"fit: 4, efit: 6","fit: 4, efit: 6",,,,0,0,0,0,2,,
2026-04-02 11:06:56,49,23,23,0,"fit: 4, efit: 7","fit: 4, efit: 7",,,,0,0,0,0,2,,
2026-04-02 11:10:05,49,23,23,0,"fit: 4, efit: 9","fit: 4, efit: 9",,,,0,0,0,0,2,,
2026-04-02 11:15:56,49,23,23,0,"fit: 4, efit: 8","fit: 4, efit: 8",,,,0,0,0,0,2,,
2026-04-02 11:20:07,49,23,23,0,"fit: 4, efit: 9","fit: 4, efit: 9",,,,0,0,0,0,2,,
2026-04-02 11:50:12,49,23,23,0,"fit: 4, efit: 10","fit: 4, efit: 10",,,,0,0,0,0,2,,
2026-04-02 12:05:14,49,23,23,0,"fit: 4, efit: 9","fit: 4, efit: 9",,,,0,0,0,0,2,,
2026-04-02 12:17:11,49,23,23,0,"fit: 4, efit: 10","fit: 4, efit: 10",,,,0,0,0,0,2,,
2026-04-02 12:30:19,49,23,23,0,"fit: 4, efit: 11","fit: 4, efit: 11",,,,0,0,0,0,2,,
2026-04-02 12:45:21,49,23,23,0,"fit: 4, efit: 9","fit: 4, efit: 9",,,,0,0,0,0,2,,
2026-04-02 13:10:25,49,23,23,0,"fit: 5, efit: 9","fit: 5, efit: 9",,,,0,0,0,0,2,,
2026-04-02 13:11:20,49,23,23,0,"fit: 5, efit: 8","fit: 5, efit: 8",,,,0,0,0,0,2,,
2026-04-02 13:20:27,49,23,23,0,"fit: 5, efit: 7","fit: 5, efit: 7",,,,0,0,0,0,2,,
2026-04-02 13:26:23,49,23,23,0,"fit: 5, efit: 6","fit: 5, efit: 6",,,,0,0,0,0,2,,
2026-04-02 13:47:30,49,23,23,0,"fit: 5, efit: 5","fit: 5, efit: 5",,,,0,0,0,0,2,,
2026-04-02 13:50:32,49,23,23,0,"fit: 5, efit: 6","fit: 5, efit: 6",,,,0,0,0,0,2,,
2026-04-02 14:00:34,49,23,23,0,"fit: 6, efit: 8","fit: 6, efit: 8",,,,0,0,0,0,2,,
2026-04-02 14:45:41,49,23,23,0,"fit: 6, efit: 7","fit: 6, efit: 7",,,,0,0,0,0,2,,
2026-04-02 16:20:58,49,23,23,0,"fit: 5, efit: 6","fit: 5, efit: 6",,,,0,0,0,0,2,,
2026-04-02 16:31:00,49,23,23,0,"fit: 6, efit: 6","fit: 6, efit: 6",,,,0,0,0,0,2,,
2026-04-02 16:36:01,49,23,23,0,"fit: 6, efit: 5","fit: 6, efit: 5",,,,0,0,0,0,2,,
2026-04-02 16:41:02,49,23,23,0,"fit: 6, efit: 4","fit: 6, efit: 4",,,,0,0,0,0,2,,
2026-04-02 16:58:11,49,23,23,0,"fit: 6, efit: 3","fit: 6, efit: 3",,,,0,0,0,0,2,,
2026-04-02 17:37:15,49,23,23,0,"fit: 6, efit: 2","fit: 6, efit: 2",,,,0,0,0,0,2,,
2026-04-02 17:42:16,49,23,23,0,"fit: 6, efit: 1","fit: 6, efit: 1",,,,0,0,0,0,2,,
2026-04-02 17:56:15,49,23,23,0,"fit: 6, efit: 2","fit: 6, efit: 2",,,,0,0,0,0,2,,
2026-04-02 17:58:24,49,23,23,0,"fit: 6, efit: 3","fit: 6, efit: 3",,,,0,0,0,0,2,,
2026-04-02 18:26:20,49,23,23,0,"fit: 6, efit: 4","fit: 6, efit: 4",,,,0,0,0,0,2,,
2026-04-02 18:33:31,49,23,23,0,"fit: 7, efit: 4","fit: 7, efit: 4",,,,0,0,0,0,2,,
2026-04-02 18:41:23,49,23,23,0,"fit: 8, efit: 4","fit: 8, efit: 4",,,,0,0,0,0,2,,
2026-04-02 18:42:28,49,23,23,0,"fit: 8, efit: 6","fit: 8, efit: 6",,,,0,0,0,0,2,,
2026-04-02 18:43:33,49,23,23,0,"fit: 8, efit: 7","fit: 8, efit: 7",,,,0,0,0,0,2,,
2026-04-02 19:01:26,49,23,23,0,"fit: 10, efit: 5","fit: 10, efit: 5",,,,0,0,0,0,2,,
2026-04-02 19:21:30,49,23,23,0,"fit: 11, efit: 5","fit: 11, efit: 5",,,,0,0,0,0,2,,
2026-04-02 19:22:37,49,23,23,0,"fit: 12, efit: 5","fit: 12, efit: 5",,,,0,0,0,0,2,,
2026-04-02 19:33:44,49,23,23,0,"fit: 13, efit: 6","fit: 13, efit: 6",,,,0,0,0,0,2,,
2026-04-02 19:36:33,49,23,23,0,"fit: 15, efit: 6","fit: 15, efit: 6",,,,0,0,0,0,2,,
2026-04-02 20:21:40,49,23,23,0,"fit: 15, efit: 5","fit: 15, efit: 5",,,,0,0,0,0,2,,
2026-04-02 22:24:20,49,23,23,0,"fit: 15, efit: 6","fit: 15, efit: 6",,,,0,0,0,0,2,,
2026-04-02 22:27:01,49,23,23,0,"fit: 15, efit: 5","fit: 15, efit: 5",,,,0,0,0,0,2,,
2026-04-02 22:42:03,49,23,23,0,"fit: 16, efit: 4","fit: 16, efit: 4",,,,0,0,0,0,2,,
2026-04-02 22:43:17,49,23,23,0,"fit: 18, efit: 4","fit: 18, efit: 4",,,,0,0,0,0,2,,
2026-04-02 22:47:04,49,23,23,0,"fit: 18, efit: 2","fit: 18, efit: 2",,,,0,0,0,0,2,,
2026-04-03 00:02:16,49,23,23,0,"fit: 18, efit: 2","fit: 18, efit: 2",,,,0,0,0,0,2,,
2026-04-03 00:12:18,49,23,23,0,"fit: 17, efit: 1","fit: 17, efit: 1",,,,0,0,0,0,2,,
2026-04-03 01:12:27,49,23,23,0,"fit: 17, efit: 2","fit: 17, efit: 2",,,,0,0,0,0,2,,
2026-04-03 01:13:46,49,23,23,0,"fit: 17, efit: 3","fit: 17, efit: 3",,,,0,0,0,0,2,,
2026-04-03 07:55:06,49,23,23,0,"fit: 18, efit: 3","fit: 18, efit: 3",,,,0,0,0,0,2,,
2026-04-03 08:03:32,49,23,23,0,"fit: 18, efit: 4","fit: 18, efit: 4",,,,0,0,0,0,2,,
2026-04-03 08:30:13,49,23,23,0,"fit: 18, efit: 5","fit: 18, efit: 5",,,,0,0,0,0,2,,
2026-04-03 08:50:17,49,23,23,0,"fit: 14, efit: 5","fit: 14, efit: 5",,,,0,0,0,0,2,,
2026-04-03 08:51:27,49,23,23,0,"fit: 11, efit: 5","fit: 11, efit: 5",,,,0,0,0,0,2,,
2026-04-03 08:53:40,49,23,23,0,"fit: 7, efit: 5","fit: 7, efit: 5",,,,0,0,0,0,2,,
2026-04-03 08:55:18,49,23,23,0,"fit: 6, efit: 5","fit: 6, efit: 5",,,,0,0,0,0,2,,
2026-04-03 09:21:34,49,23,23,0,"fit: 6, efit: 6","fit: 6, efit: 6",,,,0,0,0,0,2,,
2026-04-03 09:25:24,49,23,23,0,"fit: 7, efit: 6","fit: 7, efit: 6",,,,0,0,0,0,2,,
2026-04-03 09:38:47,49,23,23,0,"fit: 8, efit: 6","fit: 8, efit: 6",,,,0,0,0,0,2,,
2026-04-03 09:40:27,49,23,23,0,"fit: 8, efit: 5","fit: 8, efit: 5",,,,0,0,0,0,2,,
2026-04-03 09:43:48,49,23,23,0,"fit: 8, efit: 7","fit: 8, efit: 7",,,,0,0,0,0,2,,
2026-04-03 09:45:29,49,23,23,0,"fit: 9, efit: 6","fit: 9, efit: 6",,,,0,0,0,0,2,,
2026-04-03 09:50:30,49,23,23,0,"fit: 9, efit: 7","fit: 9, efit: 7",,,,0,0,0,0,2,,
2026-04-03 10:41:50,49,23,23,0,"fit: 9, efit: 6","fit: 9, efit: 6",,,,0,0,0,0,2,,
2026-04-03 11:14:04,49,23,23,0,"fit: 9, efit: 7","fit: 9, efit: 7",,,,0,0,0,0,2,,
2026-04-03 11:20:48,49,23,23,0,"fit: 10, efit: 7","fit: 10, efit: 7",,,,0,0,0,0,2,,
2026-04-03 11:35:51,49,23,23,0,"fit: 10, efit: 8","fit: 10, efit: 8",,,,0,0,0,0,2,,
2026-04-03 12:06:01,49,23,23,0,"fit: 10, efit: 7","fit: 10, efit: 7",,,,0,0,0,0,2,,
2026-04-03 12:12:10,49,23,23,0,"fit: 10, efit: 6","fit: 10, efit: 6",,,,0,0,0,0,2,,
2026-04-03 12:17:11,49,23,23,0,"fit: 10, efit: 7","fit: 10, efit: 7",,,,0,0,0,0,2,,
2026-04-03 12:19:15,49,23,23,0,"fit: 11, efit: 7","fit: 11, efit: 7",,,,0,0,0,0,2,,
2026-04-03 12:39:18,49,23,23,0,"fit: 11, efit: 8","fit: 11, efit: 8",,,,0,0,0,0,2,,
2026-04-03 12:59:21,49,23,23,0,"fit: 11, efit: 7","fit: 11, efit: 7",,,,0,0,0,0,2,,
2026-04-03 13:26:18,49,23,23,0,"fit: 11, efit: 8","fit: 11, efit: 8",,,,0,0,0,0,2,,
2026-04-03 13:32:27,49,23,23,0,"fit: 12, efit: 7","fit: 12, efit: 7",,,,0,0,0,0,2,,
2026-04-03 13:46:23,49,23,23,0,"fit: 12, efit: 6","fit: 12, efit: 6",,,,0,0,0,0,2,,
2026-04-03 13:54:31,49,23,23,0,"fit: 12, efit: 5","fit: 12, efit: 5",,,,0,0,0,0,2,,
2026-04-03 14:21:30,49,23,23,0,"fit: 12, efit: 6","fit: 12, efit: 6",,,,0,0,0,0,2,,
2026-04-03 14:59:42,49,23,23,0,"fit: 12, efit: 8","fit: 12, efit: 8",,,,0,0,0,0,2,,
2026-04-03 15:04:43,49,23,23,0,"fit: 12, efit: 9","fit: 12, efit: 9",,,,0,0,0,0,2,,
2026-04-03 15:24:46,49,23,23,0,"fit: 12, efit: 8","fit: 12, efit: 8",,,,0,0,0,0,2,,
2026-04-03 15:27:51,49,23,23,0,"fit: 12, efit: 7","fit: 12, efit: 7",,,,0,0,0,0,2,,
2026-04-03 15:42:54,49,23,23,0,"fit: 12, efit: 6","fit: 12, efit: 6",,,,0,0,0,0,2,,
2026-04-03 15:44:50,49,23,23,0,"fit: 12, efit: 5","fit: 12, efit: 5",,,,0,0,0,0,2,,
2026-04-03 15:49:50,49,23,23,0,"fit: 12, efit: 4","fit: 12, efit: 4",,,,0,0,0,0,2,,
2026-04-03 16:31:58,49,23,23,0,"fit: 12, efit: 3","fit: 12, efit: 3",,,,0,0,0,0,2,,
2026-04-03 16:34:58,49,23,23,0,"fit: 12, efit: 2","fit: 12, efit: 2",,,,0,0,0,0,2,,
2026-04-03 17:00:03,49,23,23,0,"fit: 12, efit: 1","fit: 12, efit: 1",,,,0,0,0,0,2,,
2026-04-03 17:17:08,49,23,23,0,fit: 12,fit: 12,,,,0,0,0,0,2,,
2026-04-03 17:18:15,49,23,23,0,"fit: 12, efit: 1","fit: 12, efit: 1",,,,0,0,0,0,2,,
2026-04-03 17:38:20,49,23,23,0,"fit: 11, efit: 1","fit: 11, efit: 1",,,,0,0,0,0,2,,
2026-04-03 18:25:19,49,23,23,0,"fit: 11, efit: 3","fit: 11, efit: 3",,,,0,0,0,0,2,,
2026-04-03 18:30:19,49,23,23,0,"fit: 11, efit: 4","fit: 11, efit: 4",,,,0,0,0,0,2,,
2026-04-03 18:35:20,49,23,23,0,"fit: 11, efit: 3","fit: 11, efit: 3",,,,0,0,0,0,2,,
2026-04-03 18:37:25,49,23,23,0,"fit: 11, efit: 1","fit: 11, efit: 1",,,,0,0,0,0,2,,
2026-04-04 00:01:13,49,23,23,0,"fit: 11, efit: 1","fit: 11, efit: 1",,,,0,0,0,0,2,,
2026-04-04 10:30:23,49,23,23,0,fit: 11,fit: 11,,,,0,0,0,0,2,,
2026-04-04 12:30:46,49,23,23,0,fit: 10,fit: 10,,,,0,0,0,0,2,,
2026-04-04 16:21:31,49,23,23,0,"fit: 10, efit: 2","fit: 10, efit: 2",,,,0,0,0,0,2,,
2026-04-04 16:27:49,49,23,23,0,"fit: 10, efit: 3","fit: 10, efit: 3",,,,0,0,0,0,2,,
2026-04-04 17:02:56,49,23,23,0,"fit: 10, efit: 2","fit: 10, efit: 2",,,,0,0,0,0,2,,
2026-04-04 17:08:47,49,23,23,0,"fit: 11, efit: 1","fit: 11, efit: 1",,,,0,0,0,0,2,,
2026-04-04 17:43:04,49,23,23,0,"fit: 11, efit: 2","fit: 11, efit: 2",,,,0,0,0,0,2,,
2026-04-04 17:56:49,49,23,23,0,"fit: 11, efit: 1","fit: 11, efit: 1",,,,0,0,0,0,2,,
2026-04-04 18:31:56,49,23,23,0,"fit: 10, efit: 1","fit: 10, efit: 1",,,,0,0,0,0,2,,
2026-04-04 18:59:05,49,23,23,0,"fit: 9, efit: 1","fit: 9, efit: 1",,,,0,0,0,0,2,,
2026-04-04 19:02:02,49,23,23,0,"fit: 10, efit: 1","fit: 10, efit: 1",,,,0,0,0,0,2,,
2026-04-04 19:07:03,49,23,23,0,"fit: 9, efit: 1","fit: 9, efit: 1",,,,0,0,0,0,2,,
2026-04-04 19:13:22,49,23,23,0,"fit: 9, efit: 3","fit: 9, efit: 3",,,,0,0,0,0,2,,
2026-04-04 19:34:10,49,23,23,0,"fit: 10, efit: 3","fit: 10, efit: 3",,,,0,0,0,0,2,,
2026-04-04 19:42:10,49,23,23,0,fit: 13,fit: 13,,,,0,0,0,0,2,,
2026-04-04 19:47:10,49,23,23,0,"fit: 12, efit: 2","fit: 12, efit: 2",,,,0,0,0,0,2,,
2026-04-04 19:52:11,49,23,23,0,"fit: 13, efit: 2","fit: 13, efit: 2",,,,0,0,0,0,2,,
2026-04-04 20:14:16,49,23,23,0,fit: 13,fit: 13,,,,0,0,0,0,2,,
2026-04-04 20:42:21,49,23,23,0,"fit: 13, efit: 2","fit: 13, efit: 2",,,,0,0,0,0,2,,
2026-04-04 20:48:40,49,23,23,0,"fit: 12, efit: 2","fit: 12, efit: 2",,,,0,0,0,0,2,,
2026-04-04 20:52:23,49,23,23,0,fit: 12,fit: 12,,,,0,0,0,0,2,,
2026-04-04 20:53:41,49,23,23,0,"fit: 12, efit: 2","fit: 12, efit: 2",,,,0,0,0,0,2,,
2026-04-04 20:57:24,49,23,23,0,fit: 12,fit: 12,,,,0,0,0,0,2,,
2026-04-04 21:52:34,49,23,23,0,"fit: 12, efit: 1","fit: 12, efit: 1",,,,0,0,0,0,2,,
2026-04-04 22:22:40,49,23,23,0,"fit: 12, efit: 3","fit: 12, efit: 3",,,,0,0,0,0,2,,
2026-04-05 00:02:58,49,23,23,0,"fit: 12, efit: 3","fit: 12, efit: 3",,,,0,0,0,0,2,,
2026-04-05 08:19:27,49,23,23,0,"fit: 12, efit: 2","fit: 12, efit: 2",,,,0,0,0,0,2,,
2026-04-05 12:05:09,49,23,23,0,fit: 12,fit: 12,,,,0,0,0,0,2,,
2026-04-05 13:50:28,49,23,23,0,"fit: 12, efit: 1","fit: 12, efit: 1",,,,0,0,0,0,2,,
2026-04-05 14:20:34,49,23,23,0,fit: 13,fit: 13,,,,0,0,0,0,2,,
2026-04-05 21:11:50,49,23,23,0,"fit: 13, efit: 1","fit: 13, efit: 1",,,,0,0,0,0,2,,
2026-04-05 21:16:51,49,23,23,0,fit: 13,fit: 13,,,,0,0,0,0,2,,
2026-04-05 21:48:20,49,23,23,0,"fit: 13, efit: 1","fit: 13, efit: 1",,,,0,0,0,0,2,,
2026-04-05 23:57:20,49,23,23,0,fit: 13,fit: 13,,,,0,0,0,0,2,,
2026-04-06 00:02:21,49,23,23,0,fit: 13,fit: 13,,,,0,0,0,0,2,,
2026-04-06 07:13:40,49,23,23,0,"fit: 13, efit: 1","fit: 13, efit: 1",,,,0,0,0,0,2,,
2026-04-06 08:08:52,49,23,23,0,"fit: 14, efit: 1","fit: 14, efit: 1",,,,0,0,0,0,2,,
2026-04-06 08:18:54,49,23,23,0,"fit: 14, efit: 2","fit: 14, efit: 2",,,,0,0,0,0,2,,
2026-04-06 08:19:32,49,23,23,0,"fit: 14, efit: 3","fit: 14, efit: 3",,,,0,0,0,0,2,,
2026-04-06 08:33:57,49,23,23,0,"fit: 14, efit: 4","fit: 14, efit: 4",,,,0,0,0,0,2,,
2026-04-06 08:38:58,49,23,23,0,"fit: 14, efit: 5","fit: 14, efit: 5",,,,0,0,0,0,2,,
2026-04-06 08:49:00,49,23,23,0,"fit: 14, efit: 4","fit: 14, efit: 4",,,,0,0,0,0,2,,
2026-04-06 08:59:02,49,23,23,0,"fit: 14, efit: 5","fit: 14, efit: 5",,,,0,0,0,0,2,,
2026-04-06 09:14:05,49,23,23,0,"fit: 15, efit: 5","fit: 15, efit: 5",,,,0,0,0,0,2,,
2026-04-06 09:34:09,49,23,23,0,"fit: 15, efit: 6","fit: 15, efit: 6",,,,0,0,0,0,2,,
2026-04-06 09:49:12,49,23,23,0,"fit: 15, efit: 7","fit: 15, efit: 7",,,,0,0,0,0,2,,
2026-04-06 09:55:40,49,23,23,0,"fit: 15, efit: 8","fit: 15, efit: 8",,,,0,0,0,0,2,,
2026-04-06 11:19:30,49,23,23,0,"fit: 14, efit: 8","fit: 14, efit: 8",,,,0,0,0,0,2,,
2026-04-06 11:20:02,49,23,23,0,"fit: 13, efit: 8","fit: 13, efit: 8",,,,0,0,0,0,2,,
2026-04-06 11:20:59,49,23,23,0,"fit: 11, efit: 8","fit: 11, efit: 8",,,,0,0,0,0,2,,
2026-04-06 11:24:31,49,23,23,0,"fit: 7, efit: 8","fit: 7, efit: 8",,,,0,0,0,0,2,,
2026-04-06 11:49:37,49,23,23,0,"fit: 7, efit: 7","fit: 7, efit: 7",,,,0,0,0,0,2,,
2026-04-06 11:56:07,49,23,23,0,"fit: 8, efit: 7","fit: 8, efit: 7",,,,0,0,0,0,2,,
2026-04-06 12:04:40,49,23,23,0,"fit: 8, efit: 6","fit: 8, efit: 6",,,,0,0,0,0,2,,
2026-04-06 12:06:09,49,23,23,0,"fit: 8, efit: 7","fit: 8, efit: 7",,,,0,0,0,0,2,,
2026-04-06 12:29:45,49,23,23,0,"fit: 8, efit: 8","fit: 8, efit: 8",,,,0,0,0,0,2,,
2026-04-06 12:54:50,49,23,23,0,"fit: 8, efit: 7","fit: 8, efit: 7",,,,0,0,0,0,2,,
2026-04-06 12:59:51,49,23,23,0,"fit: 9, efit: 7","fit: 9, efit: 7",,,,0,0,0,0,2,,
2026-04-06 13:21:24,49,23,23,0,"fit: 9, efit: 8","fit: 9, efit: 8",,,,0,0,0,0,2,,
2026-04-06 13:46:30,49,23,23,0,"fit: 9, efit: 7","fit: 9, efit: 7",,,,0,0,0,0,2,,
2026-04-06 14:05:05,49,23,23,0,"fit: 9, efit: 6","fit: 9, efit: 6",,,,0,0,0,0,2,,
2026-04-06 14:06:34,49,23,23,0,"fit: 10, efit: 6","fit: 10, efit: 6",,,,0,0,0,0,2,,
2026-04-06 14:30:10,49,23,23,0,"fit: 10, efit: 7","fit: 10, efit: 7",,,,0,0,0,0,2,,
2026-04-06 14:55:38,49,23,23,0,"fit: 10, efit: 6","fit: 10, efit: 6",,,,0,0,0,0,2,,
2026-04-06 15:00:17,49,23,23,0,"fit: 10, efit: 7","fit: 10, efit: 7",,,,0,0,0,0,2,,
2026-04-06 15:40:24,49,23,23,0,"fit: 10, efit: 6","fit: 10, efit: 6",,,,0,0,0,0,2,,
2026-04-06 15:50:26,49,23,23,0,"fit: 10, efit: 7","fit: 10, efit: 7",,,,0,0,0,0,2,,
2026-04-06 15:55:49,49,23,23,0,"fit: 10, efit: 8","fit: 10, efit: 8",,,,0,0,0,0,2,,
2026-04-06 16:05:30,49,23,23,0,"fit: 10, efit: 7","fit: 10, efit: 7",,,,0,0,0,0,2,,
2026-04-06 17:00:41,49,23,23,0,"fit: 10, efit: 6","fit: 10, efit: 6",,,,0,0,0,0,2,,
2026-04-06 17:52:21,49,23,23,0,"fit: 10, efit: 5","fit: 10, efit: 5",,,,0,0,0,0,2,,
2026-04-06 19:46:14,49,23,23,0,"fit: 10, efit: 4","fit: 10, efit: 4",,,,0,0,0,0,2,,
2026-04-06 23:43:31,49,23,23,0,"fit: 10, efit: 5","fit: 10, efit: 5",,,,0,0,0,0,2,,
2026-04-07 00:02:04,49,23,23,0,"fit: 10, efit: 5","fit: 10, efit: 5",,,,0,0,0,0,2,,
2026-04-07 00:57:14,49,23,23,0,"fit: 10, efit: 6","fit: 10, efit: 6",,,,0,0,0,0,2,,
2026-04-07 08:28:20,49,23,23,0,"fit: 10, efit: 7","fit: 10, efit: 7",,,,0,0,0,0,2,,
2026-04-07 08:53:24,49,23,23,0,"fit: 11, efit: 7","fit: 11, efit: 7",,,,0,0,0,0,2,,
2026-04-07 09:38:32,49,23,23,0,"fit: 11, efit: 8","fit: 11, efit: 8",,,,0,0,0,0,2,,
2026-04-07 09:50:30,49,23,23,0,"fit: 11, efit: 9","fit: 11, efit: 9",,,,0,0,0,0,2,,
2026-04-07 09:55:31,49,23,23,0,"fit: 11, efit: 10","fit: 11, efit: 10",,,,0,0,0,0,2,,
2026-04-07 10:05:33,49,23,23,0,"fit: 11, efit: 11","fit: 11, efit: 11",,,,0,0,0,0,2,,
2026-04-07 10:18:38,49,23,23,0,"fit: 11, efit: 12","fit: 11, efit: 12",,,,0,0,0,0,2,,
2026-04-07 10:33:40,49,23,23,0,"fit: 9, efit: 12","fit: 9, efit: 12",,,,0,0,0,0,2,,
2026-04-07 10:33:59,49,23,23,0,"fit: 8, efit: 11","fit: 8, efit: 11",,,,0,0,0,0,2,,
2026-04-07 10:35:39,49,23,23,0,"fit: 5, efit: 11","fit: 5, efit: 11",,,,0,0,0,0,2,,
2026-04-07 10:38:41,49,23,23,0,"fit: 3, efit: 10","fit: 3, efit: 10",,,,0,0,0,0,2,,
2026-04-07 10:53:43,49,23,23,0,"fit: 3, efit: 9","fit: 3, efit: 9",,,,0,0,0,0,2,,
2026-04-07 11:00:45,49,23,23,0,"fit: 3, efit: 10","fit: 3, efit: 10",,,,0,0,0,0,2,,
2026-04-07 11:43:51,49,23,23,0,"fit: 4, efit: 10","fit: 4, efit: 10",,,,0,0,0,0,2,,
2026-04-07 11:48:52,49,23,23,0,"fit: 4, efit: 9","fit: 4, efit: 9",,,,0,0,0,0,2,,
2026-04-07 11:58:54,49,23,23,0,"fit: 4, efit: 10","fit: 4, efit: 10",,,,0,0,0,0,2,,
2026-04-07 12:33:59,49,23,23,0,"fit: 4, efit: 12","fit: 4, efit: 12",,,,0,0,0,0,2,,
2026-04-07 12:54:26,49,23,23,0,"fit: 4, efit: 13","fit: 4, efit: 13",,,,0,0,0,0,2,,
2026-04-07 13:24:08,49,23,23,0,"fit: 4, efit: 14","fit: 4, efit: 14",,,,0,0,0,0,2,,
2026-04-07 13:46:19,49,23,23,0,"fit: 4, efit: 15","fit: 4, efit: 15",,,,0,0,0,0,2,,
2026-04-07 14:01:22,49,23,23,0,"fit: 4, efit: 14","fit: 4, efit: 14",,,,0,0,0,0,2,,
2026-04-07 14:29:18,49,23,23,0,"fit: 4, efit: 13","fit: 4, efit: 13",,,,0,0,0,0,2,,
2026-04-07 15:01:34,49,23,23,0,"fit: 4, efit: 12","fit: 4, efit: 12",,,,0,0,0,0,2,,
2026-04-07 15:04:23,49,23,23,0,"fit: 4, efit: 13","fit: 4, efit: 13",,,,0,0,0,0,2,,
2026-04-07 15:19:26,49,23,23,0,"fit: 4, efit: 12","fit: 4, efit: 12",,,,0,0,0,0,2,,
2026-04-07 15:21:38,49,23,23,0,"fit: 5, efit: 12","fit: 5, efit: 12",,,,0,0,0,0,2,,
2026-04-07 15:46:43,49,23,23,0,"fit: 5, efit: 14","fit: 5, efit: 14",,,,0,0,0,0,2,,
2026-04-07 15:50:02,49,23,23,0,"fit: 5, efit: 13","fit: 5, efit: 13",,,,0,0,0,0,2,,
2026-04-07 17:27:05,49,23,23,0,"fit: 5, efit: 14","fit: 5, efit: 14",,,,0,0,0,0,2,,
2026-04-07 17:39:49,49,23,23,0,"fit: 5, efit: 13","fit: 5, efit: 13",,,,0,0,0,0,2,,
2026-04-07 17:50:26,49,23,23,0,"fit: 5, efit: 12","fit: 5, efit: 12",,,,0,0,0,0,2,,
2026-04-07 17:52:10,49,23,23,0,"fit: 5, efit: 10","fit: 5, efit: 10",,,,0,0,0,0,2,,
2026-04-07 18:19:55,49,23,23,0,"fit: 5, efit: 9","fit: 5, efit: 9",,,,0,0,0,0,2,,
2026-04-07 19:17:27,49,23,23,0,"fit: 5, efit: 10","fit: 5, efit: 10",,,,0,0,0,0,2,,
2026-04-07 20:30:58,49,23,23,0,"fit: 5, efit: 10","fit: 5, efit: 9",,,,0,0,0,0,2,,
2026-04-07 20:45:20,49,23,23,0,"fit: 5, efit: 9","fit: 5, efit: 8",,,,0,0,0,0,2,,
2026-04-08 00:00:50,49,23,23,0,"fit: 5, efit: 9","fit: 5, efit: 8",,,,0,0,0,0,2,,
2026-04-08 07:11:56,49,23,23,0,"fit: 3, efit: 9","fit: 3, efit: 8",,,,0,0,0,0,2,,
2026-04-08 07:13:01,49,23,23,0,"fit: 1, efit: 9","fit: 1, efit: 8",,,,0,0,0,0,2,,
2026-04-08 07:16:57,49,23,23,0,"fit: 1, efit: 8","fit: 1, efit: 8",,,,0,0,0,0,2,,
2026-04-08 08:07:05,49,23,23,0,"fit: 2, efit: 8","fit: 2, efit: 8",,,,0,0,0,0,2,,
2026-04-08 08:40:07,49,23,23,0,"fit: 2, efit: 9","fit: 2, efit: 9",,,,0,0,0,0,2,,
2026-04-08 09:03:23,49,23,23,0,"fit: 2, efit: 10","fit: 2, efit: 10",,,,0,0,0,0,2,,
2026-04-08 10:05:25,49,23,23,0,"fit: 2, efit: 11","fit: 2, efit: 11",,,,0,0,0,0,2,,
2026-04-08 10:17:27,49,23,23,0,"fit: 2, efit: 12","fit: 2, efit: 12",,,,0,0,0,0,2,,
2026-04-08 10:28:40,49,23,23,0,"fit: 3, efit: 12","fit: 3, efit: 12",,,,0,0,0,0,2,,
2026-04-08 10:52:32,49,23,23,0,"fit: 4, efit: 12","fit: 4, efit: 12",,,,0,0,0,0,2,,
2026-04-08 10:53:45,49,23,23,0,"fit: 4, efit: 11","fit: 4, efit: 11",,,,0,0,0,0,2,,
2026-04-08 11:02:34,49,23,23,0,"fit: 4, efit: 12","fit: 4, efit: 12",,,,0,0,0,0,2,,
2026-04-08 11:42:41,49,23,23,0,"fit: 4, efit: 13","fit: 4, efit: 13",,,,0,0,0,0,2,,
2026-04-08 12:22:48,49,23,23,0,"fit: 4, efit: 14","fit: 4, efit: 14",,,,0,0,0,0,2,,
2026-04-08 12:54:10,49,23,23,0,"fit: 4, efit: 15","fit: 4, efit: 15",,,,0,0,0,0,2,,
2026-04-08 13:41:11,49,23,23,0,"fit: 4, efit: 16","fit: 4, efit: 16",,,,0,0,0,0,2,,
2026-04-08 14:04:24,49,23,23,0,"fit: 4, efit: 17","fit: 4, efit: 17",,,,0,0,0,0,2,,
2026-04-08 14:11:17,49,23,23,0,"fit: 4, efit: 18","fit: 4, efit: 18",,,,0,0,0,0,2,,
2026-04-08 14:23:08,49,23,23,0,efit: 18,efit: 18,,,,0,0,0,0,2,,
2026-04-08 14:26:20,49,23,23,0,efit: 14,efit: 14,,,,0,0,0,0,2,,
2026-04-08 14:33:10,49,23,23,0,efit: 13,efit: 13,,,,0,0,0,0,2,,
2026-04-08 14:38:10,49,23,23,0,efit: 14,efit: 14,,,,0,0,0,0,2,,
2026-04-08 14:46:24,49,23,23,0,efit: 13,efit: 13,,,,0,0,0,0,2,,
2026-04-08 14:51:25,49,23,23,0,efit: 14,efit: 14,,,,0,0,0,0,2,,
2026-04-08 14:58:14,49,23,23,0,efit: 15,efit: 15,,,,0,0,0,0,2,,
2026-04-08 15:09:37,49,23,23,0,efit: 16,efit: 16,,,,0,0,0,0,2,,
2026-04-08 15:14:38,49,23,23,0,efit: 17,efit: 17,,,,0,0,0,0,2,,
2026-04-08 15:16:30,49,23,23,0,efit: 18,efit: 18,,,,0,0,0,0,2,,
2026-04-08 15:18:17,49,23,23,0,efit: 19,efit: 19,,,,0,0,0,0,2,,
2026-04-08 15:43:21,49,23,23,0,"fit: 1, efit: 19","fit: 1, efit: 19",,,,0,0,0,0,2,,
2026-04-08 15:44:44,49,23,23,0,"fit: 1, efit: 20","fit: 1, efit: 20",,,,0,0,0,0,2,,
2026-04-08 15:58:23,49,23,23,0,"fit: 1, efit: 19","fit: 1, efit: 19",,,,0,0,0,0,2,,
2026-04-08 16:03:24,49,23,23,0,"fit: 1, efit: 18","fit: 1, efit: 18",,,,0,0,0,0,2,,
2026-04-08 16:39:55,49,23,23,0,"fit: 1, efit: 17","fit: 1, efit: 17",,,,0,0,0,0,2,,
2026-04-08 16:41:48,49,23,23,0,"fit: 1, efit: 18","fit: 1, efit: 18",,,,0,0,0,0,2,,
2026-04-08 16:49:57,49,23,23,0,"fit: 1, efit: 17","fit: 1, efit: 17",,,,0,0,0,0,2,,
2026-04-08 17:01:52,49,23,23,0,"fit: 1, efit: 18","fit: 1, efit: 18",,,,0,0,0,0,2,,
2026-04-08 17:08:35,49,23,23,0,"fit: 1, efit: 17","fit: 1, efit: 17",,,,0,0,0,0,2,,
2026-04-08 17:10:01,49,23,23,0,"fit: 1, efit: 16","fit: 1, efit: 16",,,,0,0,0,0,2,,
2026-04-08 17:30:06,49,23,23,0,"fit: 1, efit: 15","fit: 1, efit: 15",,,,0,0,0,0,2,,
2026-04-08 18:37:12,49,23,23,0,"fit: 1, efit: 16","fit: 1, efit: 16",,,,0,0,0,0,2,,
2026-04-08 18:42:14,49,23,23,0,"fit: 1, efit: 15","fit: 1, efit: 15",,,,0,0,0,0,2,,
2026-04-08 18:43:50,49,23,23,0,"fit: 1, efit: 13","fit: 1, efit: 13",,,,0,0,0,0,2,,
2026-04-08 19:42:26,49,23,23,0,efit: 13,efit: 13,,,,0,0,0,0,2,,
2026-04-08 19:57:29,49,23,23,0,efit: 14,efit: 14,,,,0,0,0,0,2,,
2026-04-08 20:29:08,49,23,23,0,efit: 13,efit: 13,,,,0,0,0,0,2,,
2026-04-08 20:40:44,49,23,23,0,efit: 12,efit: 12,,,,0,0,0,0,2,,
2026-04-09 00:01:24,49,23,23,0,efit: 12,efit: 12,,,,0,0,0,0,2,,
2026-04-09 05:30:31,49,23,23,0,efit: 13,efit: 13,,,,0,0,0,0,2,,
2026-04-09 08:28:01,49,23,23,0,"fit: 1, efit: 13","fit: 1, efit: 13",,,,0,0,0,0,2,,
2026-04-09 08:48:05,49,23,23,0,"fit: 1, efit: 14","fit: 1, efit: 14",,,,0,0,0,0,2,,
2026-04-09 08:58:07,49,23,23,0,"fit: 3, efit: 13","fit: 3, efit: 13",,,,0,0,0,0,2,,
2026-04-09 09:28:13,49,23,23,0,"fit: 3, efit: 14","fit: 3, efit: 14",,,,0,0,0,0,2,,
2026-04-09 09:40:13,49,23,23,0,"fit: 4, efit: 14","fit: 4, efit: 14",,,,0,0,0,0,2,,
2026-04-09 09:53:19,49,23,23,0,"fit: 2, efit: 13","fit: 2, efit: 13",,,,0,0,0,0,2,,
2026-04-09 09:55:16,49,23,23,0,"fit: 1, efit: 10","fit: 1, efit: 10",,,,0,0,0,0,2,,
2026-04-09 10:18:24,49,23,23,0,"fit: 1, efit: 12","fit: 1, efit: 12",,,,0,0,0,0,2,,
2026-04-09 10:20:21,49,23,23,0,"fit: 1, efit: 11","fit: 1, efit: 11",,,,0,0,0,0,2,,
2026-04-09 10:26:20,49,23,23,0,"fit: 1, efit: 12","fit: 1, efit: 12",,,,0,0,0,0,2,,
2026-04-09 10:28:26,49,23,23,0,"fit: 1, efit: 13","fit: 1, efit: 13",,,,0,0,0,0,2,,
2026-04-09 11:10:32,49,23,23,0,"fit: 1, efit: 14","fit: 1, efit: 14",,,,0,0,0,0,2,,
2026-04-09 11:18:36,49,23,23,0,"fit: 1, efit: 15","fit: 1, efit: 15",,,,0,0,0,0,2,,
2026-04-09 11:30:36,49,23,23,0,"fit: 1, efit: 14","fit: 1, efit: 14",,,,0,0,0,0,2,,
2026-04-09 11:33:39,49,23,23,0,"fit: 1, efit: 13","fit: 1, efit: 13",,,,0,0,0,0,2,,
2026-04-09 11:40:39,49,23,23,0,"fit: 1, efit: 14","fit: 1, efit: 14",,,,0,0,0,0,2,,
2026-04-09 11:45:40,49,23,23,0,"fit: 1, efit: 13","fit: 1, efit: 13",,,,0,0,0,0,2,,
2026-04-09 11:48:42,49,23,23,0,"fit: 1, efit: 14","fit: 1, efit: 14",,,,0,0,0,0,2,,
2026-04-09 11:55:42,49,23,23,0,"fit: 1, efit: 16","fit: 1, efit: 16",,,,0,0,0,0,2,,
2026-04-09 12:03:45,49,23,23,0,"fit: 2, efit: 15","fit: 2, efit: 15",,,,0,0,0,0,2,,
2026-04-09 12:05:44,49,23,23,0,"fit: 2, efit: 16","fit: 2, efit: 16",,,,0,0,0,0,2,,
2026-04-09 13:08:59,49,23,23,0,"fit: 2, efit: 18","fit: 2, efit: 18",,,,0,0,0,0,2,,
2026-04-09 13:24:02,49,23,23,0,"fit: 2, efit: 17","fit: 2, efit: 17",,,,0,0,0,0,2,,
2026-04-09 13:44:06,49,23,23,0,"fit: 2, efit: 15","fit: 2, efit: 15",,,,0,0,0,0,2,,
2026-04-09 13:59:09,49,23,23,0,"fit: 2, efit: 14","fit: 2, efit: 14",,,,0,0,0,0,2,,
2026-04-09 14:06:56,49,23,23,0,"fit: 2, efit: 13","fit: 2, efit: 13",,,,0,0,0,0,2,,
2026-04-09 14:26:14,49,23,23,0,"fit: 2, efit: 12","fit: 2, efit: 12",,,,0,0,0,0,2,,
2026-04-09 15:16:24,49,23,23,0,"fit: 3, efit: 12","fit: 3, efit: 12",,,,0,0,0,0,2,,
2026-04-09 16:12:18,49,23,23,0,"fit: 4, efit: 12","fit: 4, efit: 12",,,,0,0,0,0,2,,
2026-04-09 16:34:41,49,23,23,0,"fit: 4, efit: 13","fit: 4, efit: 13",,,,0,0,0,0,2,,
2026-04-09 16:36:41,49,23,23,0,"fit: 4, efit: 12","fit: 4, efit: 12",,,,0,0,0,0,2,,
2026-04-09 16:39:42,49,23,23,0,"fit: 4, efit: 11","fit: 4, efit: 11",,,,0,0,0,0,2,,
2026-04-09 16:59:46,49,23,23,0,"fit: 4, efit: 12","fit: 4, efit: 11",,,,0,0,0,0,2,,
2026-04-09 17:01:47,49,23,23,0,"fit: 4, efit: 11","fit: 4, efit: 10",,,,0,0,0,0,2,,
2026-04-09 17:09:48,49,23,23,0,"fit: 4, efit: 10","fit: 4, efit: 9",,,,0,0,0,0,2,,
2026-04-09 18:05:00,49,23,23,0,"fit: 4, efit: 9","fit: 4, efit: 8",,,,0,0,0,0,2,,
2026-04-09 18:15:02,49,23,23,0,"fit: 4, efit: 10","fit: 4, efit: 9",,,,0,0,0,0,2,,
2026-04-09 18:37:07,49,23,23,0,"fit: 4, efit: 9","fit: 4, efit: 8",,,,0,0,0,0,2,,
2026-04-09 18:47:09,49,23,23,0,"fit: 4, efit: 10","fit: 4, efit: 9",,,,0,0,0,0,2,,
2026-04-09 19:00:12,49,23,23,0,"fit: 6, efit: 10","fit: 6, efit: 9",,,,0,0,0,0,2,,
2026-04-09 19:05:13,49,23,23,0,"fit: 6, efit: 11","fit: 6, efit: 10",,,,0,0,0,0,2,,
2026-04-09 19:10:14,49,23,23,0,"fit: 6, efit: 9","fit: 6, efit: 8",,,,0,0,0,0,2,,
2026-04-09 19:45:21,49,23,23,0,"fit: 8, efit: 11","fit: 8, efit: 10",,,,0,0,0,0,2,,
2026-04-09 20:07:26,49,23,23,0,"fit: 9, efit: 12","fit: 9, efit: 11",,,,0,0,0,0,2,,
2026-04-09 20:07:56,49,23,23,0,"fit: 9, efit: 11","fit: 9, efit: 10",,,,0,0,0,0,2,,
2026-04-09 20:28:00,49,23,23,0,"fit: 11, efit: 11","fit: 11, efit: 10",,,,0,0,0,0,2,,
2026-04-09 22:30:53,49,23,23,0,"fit: 13, efit: 10","fit: 13, efit: 9",,,,0,0,0,0,2,,
2026-04-09 22:32:55,49,23,23,0,"fit: 13, efit: 9","fit: 13, efit: 8",,,,0,0,0,0,2,,
2026-04-09 23:46:07,49,23,23,0,"fit: 13, efit: 8","fit: 13, efit: 7",,,,0,0,0,0,2,,
2026-04-10 00:01:10,49,23,23,0,"fit: 13, efit: 8","fit: 13, efit: 7",,,,0,0,0,0,2,,
2026-04-10 06:44:30,49,23,23,0,"fit: 14, efit: 7","fit: 14, efit: 6",,,,0,0,0,0,2,,
2026-04-10 06:47:26,49,23,23,0,"fit: 14, efit: 8","fit: 14, efit: 7",,,,0,0,0,0,2,,
2026-04-10 07:49:42,49,23,23,0,"fit: 14, efit: 9","fit: 14, efit: 8",,,,0,0,0,0,2,,
2026-04-10 08:07:42,49,23,23,0,"fit: 14, efit: 8","fit: 14, efit: 7",,,,0,0,0,0,2,,
2026-04-10 08:32:47,49,23,23,0,"fit: 14, efit: 7","fit: 14, efit: 6",,,,0,0,0,0,2,,
2026-04-10 08:44:49,49,23,23,0,"fit: 15, efit: 6","fit: 15, efit: 5",,,,0,0,0,0,2,,
2026-04-10 08:47:50,49,23,23,0,"fit: 15, efit: 5","fit: 15, efit: 5",,,,0,0,0,0,2,,
2026-04-10 08:49:50,49,23,23,0,"fit: 12, efit: 6","fit: 12, efit: 6",,,,0,0,0,0,2,,
2026-04-10 08:52:51,49,23,23,0,"fit: 10, efit: 6","fit: 10, efit: 6",,,,0,0,0,0,2,,
2026-04-10 09:02:53,49,23,23,0,"fit: 10, efit: 7","fit: 10, efit: 7",,,,0,0,0,0,2,,
2026-04-10 09:09:53,49,23,23,0,"fit: 11, efit: 7","fit: 11, efit: 7",,,,0,0,0,0,2,,
2026-04-10 09:19:55,49,23,23,0,"fit: 11, efit: 8","fit: 11, efit: 8",,,,0,0,0,0,2,,
2026-04-10 09:43:01,49,23,23,0,"fit: 11, efit: 9","fit: 11, efit: 9",,,,0,0,0,0,2,,
2026-04-10 09:48:02,49,23,23,0,"fit: 11, efit: 8","fit: 11, efit: 8",,,,0,0,0,0,2,,
2026-04-10 10:08:06,49,23,23,0,"fit: 12, efit: 8","fit: 12, efit: 8",,,,0,0,0,0,2,,
2026-04-10 11:00:12,49,23,23,0,"fit: 12, efit: 7","fit: 12, efit: 7",,,,0,0,0,0,2,,
2026-04-10 11:08:19,49,23,23,0,"fit: 12, efit: 8","fit: 12, efit: 8",,,,0,0,0,0,2,,
2026-04-10 11:13:20,49,23,23,0,"fit: 13, efit: 8","fit: 13, efit: 8",,,,0,0,0,0,2,,
2026-04-10 11:50:21,49,23,23,0,"fit: 13, efit: 9","fit: 13, efit: 9",,,,0,0,0,0,2,,
2026-04-10 12:00:22,49,23,23,0,"fit: 13, efit: 8","fit: 13, efit: 8",,,,0,0,0,0,2,,
2026-04-10 12:15:25,49,23,23,0,"fit: 13, efit: 7","fit: 13, efit: 7",,,,0,0,0,0,2,,
2026-04-10 12:23:34,49,23,23,0,"fit: 14, efit: 6","fit: 14, efit: 6",,,,0,0,0,0,2,,
2026-04-10 12:58:41,49,23,23,0,"fit: 14, efit: 7","fit: 14, efit: 7",,,,0,0,0,0,2,,
2026-04-10 13:00:33,49,23,23,0,"fit: 14, efit: 6","fit: 14, efit: 6",,,,0,0,0,0,2,,
2026-04-10 13:08:43,49,23,23,0,"fit: 14, efit: 5","fit: 14, efit: 5",,,,0,0,0,0,2,,
2026-04-10 13:15:35,49,23,23,0,"fit: 14, efit: 6","fit: 14, efit: 6",,,,0,0,0,0,2,,
2026-04-10 13:50:41,49,23,23,0,"fit: 14, efit: 7","fit: 14, efit: 7",,,,0,0,0,0,2,,
2026-04-10 14:03:55,49,23,23,0,"fit: 14, efit: 5","fit: 14, efit: 5",,,,0,0,0,0,2,,
2026-04-10 14:18:57,49,23,23,0,"fit: 14, efit: 6","fit: 14, efit: 6",,,,0,0,0,0,2,,
2026-04-10 14:23:58,49,23,23,0,"fit: 15, efit: 5","fit: 15, efit: 5",,,,0,0,0,0,2,,
2026-04-10 14:54:05,49,23,23,0,"fit: 15, efit: 6","fit: 15, efit: 6",,,,0,0,0,0,2,,
2026-04-10 15:44:15,49,23,23,0,"fit: 16, efit: 6","fit: 16, efit: 6",,,,0,0,0,0,2,,
2026-04-10 16:06:04,49,23,23,0,"fit: 17, efit: 6","fit: 17, efit: 6",,,,0,0,0,0,2,,
2026-04-10 16:14:21,49,23,23,0,"fit: 17, efit: 5","fit: 17, efit: 5",,,,0,0,0,0,2,,
2026-04-10 16:21:07,49,23,23,0,"fit: 17, efit: 4","fit: 17, efit: 4",,,,0,0,0,0,2,,
2026-04-10 16:34:25,49,23,23,0,"fit: 18, efit: 3","fit: 18, efit: 3",,,,0,0,0,0,2,,
2026-04-10 16:39:26,49,23,23,0,"fit: 19, efit: 2","fit: 19, efit: 2",,,,0,0,0,0,2,,
2026-04-10 16:41:10,49,23,23,0,"fit: 19, efit: 1","fit: 19, efit: 1",,,,0,0,0,0,2,,
2026-04-10 16:44:27,49,23,23,0,"fit: 19, efit: 2","fit: 19, efit: 2",,,,0,0,0,0,2,,
2026-04-10 16:46:11,49,23,23,0,"fit: 19, efit: 1","fit: 19, efit: 1",,,,0,0,0,0,2,,
2026-04-10 16:46:33,49,23,23,0,fit: 19,fit: 19,,,,0,0,0,0,2,,
2026-04-10 16:49:28,49,23,23,0,"fit: 19, efit: 1","fit: 19, efit: 1",,,,0,0,0,0,2,,
2026-04-10 17:29:36,49,23,23,0,"fit: 20, efit: 1","fit: 20, efit: 1",,,,0,0,0,0,2,,
2026-04-10 17:51:22,49,23,23,0,"fit: 19, efit: 1","fit: 19, efit: 1",,,,0,0,0,0,2,,
2026-04-10 17:56:23,49,23,23,0,"fit: 18, efit: 1","fit: 18, efit: 1",,,,0,0,0,0,2,,
2026-04-10 18:06:51,49,23,23,0,"fit: 17, efit: 1","fit: 17, efit: 1",,,,0,0,0,0,2,,
2026-04-10 18:24:48,49,23,23,0,"fit: 16, efit: 1","fit: 16, efit: 1",,,,0,0,0,0,2,,
2026-04-10 22:05:31,49,23,23,0,fit: 16,fit: 16,,,,0,0,0,0,2,,
2026-04-11 00:00:53,49,23,23,0,fit: 16,fit: 16,,,,0,0,0,0,2,,
2026-04-11 03:21:31,49,23,23,0,"fit: 16, efit: 1","fit: 16, efit: 1",,,,0,0,0,0,2,,
2026-04-11 09:39:54,49,23,23,0,"fit: 16, efit: 2","fit: 16, efit: 2",,,,0,0,0,0,2,,
2026-04-11 11:03:00,49,23,23,0,"fit: 16, efit: 3","fit: 16, efit: 3",,,,0,0,0,0,2,,
2026-04-11 11:04:03,49,23,23,0,"fit: 16, efit: 2","fit: 16, efit: 2",,,,0,0,0,0,2,,
2026-04-11 11:35:19,49,23,23,0,"fit: 16, efit: 3","fit: 16, efit: 3",,,,0,0,0,0,2,,
2026-04-11 12:23:17,49,23,23,0,"fit: 16, efit: 2","fit: 16, efit: 2",,,,0,0,0,0,2,,
2026-04-11 12:44:19,49,23,23,0,"fit: 15, efit: 2","fit: 15, efit: 2",,,,0,0,0,0,2,,
2026-04-11 12:48:22,49,23,23,0,"fit: 14, efit: 2","fit: 14, efit: 2",,,,0,0,0,0,2,,
2026-04-11 13:23:29,49,23,23,0,"fit: 14, efit: 1","fit: 14, efit: 1",,,,0,0,0,0,2,,
2026-04-11 13:33:31,49,23,23,0,"fit: 14, efit: 2","fit: 14, efit: 2",,,,0,0,0,0,2,,
2026-04-11 13:50:48,49,23,23,0,"fit: 14, efit: 3","fit: 14, efit: 3",,,,0,0,0,0,2,,
2026-04-11 13:55:49,49,23,23,0,"fit: 16, efit: 3","fit: 16, efit: 3",,,,0,0,0,0,2,,
2026-04-11 14:18:41,49,23,23,0,"fit: 16, efit: 4","fit: 16, efit: 4",,,,0,0,0,0,2,,
2026-04-11 14:40:59,49,23,23,0,"fit: 17, efit: 4","fit: 17, efit: 4",,,,0,0,0,0,2,,
2026-04-11 14:43:47,49,23,23,0,"fit: 17, efit: 3","fit: 17, efit: 3",,,,0,0,0,0,2,,
2026-04-11 15:04:43,49,23,23,0,"fit: 18, efit: 3","fit: 18, efit: 3",,,,0,0,0,0,2,,
2026-04-11 16:09:54,49,23,23,0,"fit: 18, efit: 4","fit: 18, efit: 4",,,,0,0,0,0,2,,
2026-04-11 18:14:31,49,23,23,0,"fit: 18, efit: 3","fit: 18, efit: 3",,,,0,0,0,0,2,,
2026-04-11 18:16:46,49,23,23,0,"fit: 18, efit: 4","fit: 18, efit: 4",,,,0,0,0,0,2,,
2026-04-11 19:16:59,49,23,23,0,"fit: 18, efit: 3","fit: 18, efit: 3",,,,0,0,0,0,2,,
2026-04-11 19:19:44,49,23,23,0,"fit: 18, efit: 2","fit: 18, efit: 2",,,,0,0,0,0,2,,
2026-04-11 19:37:03,49,23,23,0,"fit: 18, efit: 4","fit: 18, efit: 4",,,,0,0,0,0,2,,
2026-04-11 20:07:10,49,23,23,0,"fit: 18, efit: 3","fit: 18, efit: 3",,,,0,0,0,0,2,,
2026-04-11 20:14:55,49,23,23,0,"fit: 18, efit: 4","fit: 18, efit: 4",,,,0,0,0,0,2,,
2026-04-11 21:02:21,49,23,23,0,"fit: 18, efit: 5","fit: 18, efit: 5",,,,0,0,0,0,2,,
2026-04-12 00:00:41,49,23,23,0,"fit: 18, efit: 5","fit: 18, efit: 5",,,,0,0,0,0,2,,
2026-04-12 09:34:56,49,23,23,0,"fit: 17, efit: 4","fit: 17, efit: 4",,,,0,0,0,0,2,,
2026-04-12 09:37:35,49,23,23,0,"fit: 15, efit: 4","fit: 15, efit: 4",,,,0,0,0,0,2,,
2026-04-12 09:39:57,49,23,23,0,"fit: 14, efit: 3","fit: 14, efit: 3",,,,0,0,0,0,2,,
2026-04-12 09:44:58,49,23,23,0,"fit: 15, efit: 3","fit: 15, efit: 3",,,,0,0,0,0,2,,
2026-04-12 10:32:46,49,23,23,0,"fit: 15, efit: 4","fit: 15, efit: 4",,,,0,0,0,0,2,,
2026-04-12 11:17:55,49,23,23,0,"fit: 16, efit: 4","fit: 16, efit: 4",,,,0,0,0,0,2,,
2026-04-12 11:43:01,49,23,23,0,"fit: 17, efit: 4","fit: 17, efit: 4",,,,0,0,0,0,2,,
2026-04-12 11:53:03,49,23,23,0,"fit: 17, efit: 5","fit: 17, efit: 5",,,,0,0,0,0,2,,
2026-04-12 12:00:26,49,23,23,0,"fit: 17, efit: 4","fit: 17, efit: 4",,,,0,0,0,0,2,,
2026-04-12 12:40:35,49,23,23,0,"fit: 17, efit: 5","fit: 17, efit: 5",,,,0,0,0,0,2,,
2026-04-12 12:43:12,49,23,23,0,"fit: 18, efit: 4","fit: 18, efit: 4",,,,0,0,0,0,2,,
2026-04-12 13:10:41,49,23,23,0,"fit: 18, efit: 3","fit: 18, efit: 3",,,,0,0,0,0,2,,
2026-04-12 13:20:43,49,23,23,0,"fit: 18, efit: 4","fit: 18, efit: 4",,,,0,0,0,0,2,,
2026-04-12 13:25:44,49,23,23,0,"fit: 18, efit: 3","fit: 18, efit: 3",,,,0,0,0,0,2,,
2026-04-12 13:33:22,49,23,23,0,"fit: 16, efit: 3","fit: 16, efit: 3",,,,0,0,0,0,2,,
2026-04-12 13:58:24,49,23,23,0,"fit: 16, efit: 4","fit: 16, efit: 4",,,,0,0,0,0,2,,
2026-04-12 14:00:52,49,23,23,0,"fit: 16, efit: 3","fit: 16, efit: 3",,,,0,0,0,0,2,,
2026-04-12 15:26:10,49,23,23,0,"fit: 15, efit: 3","fit: 15, efit: 3",,,,0,0,0,0,2,,
2026-04-12 16:41:26,49,23,23,0,"fit: 15, efit: 2","fit: 15, efit: 2",,,,0,0,0,0,2,,
2026-04-12 19:11:58,49,23,23,0,"fit: 17, efit: 1","fit: 17, efit: 1",,,,0,0,0,0,2,,
2026-04-12 19:14:15,49,23,23,0,"fit: 16, efit: 2","fit: 16, efit: 2",,,,0,0,0,0,2,,
2026-04-12 19:16:59,49,23,23,0,"fit: 15, efit: 2","fit: 15, efit: 2",,,,0,0,0,0,2,,
2026-04-12 19:39:19,49,23,23,0,"fit: 17, efit: 2","fit: 17, efit: 2",,,,0,0,0,0,2,,
2026-04-12 20:02:09,49,23,23,0,"fit: 17, efit: 3","fit: 17, efit: 3",,,,0,0,0,0,2,,
2026-04-12 20:24:26,49,23,23,0,"fit: 17, efit: 6","fit: 17, efit: 6",,,,0,0,0,0,2,,
2026-04-12 20:27:14,49,23,23,0,"fit: 17, efit: 4","fit: 17, efit: 4",,,,0,0,0,0,2,,
2026-04-12 20:29:27,49,23,23,0,"fit: 17, efit: 5","fit: 17, efit: 5",,,,0,0,0,0,2,,
2026-04-12 20:47:19,49,23,23,0,"fit: 17, efit: 6","fit: 17, efit: 6",,,,0,0,0,0,2,,
2026-04-12 21:24:37,49,23,23,0,"fit: 17, efit: 5","fit: 17, efit: 5",,,,0,0,0,0,2,,
2026-04-13 00:00:02,49,23,23,0,"fit: 17, efit: 5","fit: 17, efit: 5",,,,0,0,0,0,2,,
2026-04-13 00:08:00,49,23,23,0,"fit: 17, efit: 4","fit: 17, efit: 4",,,,0,0,0,0,2,,
2026-04-13 07:34:30,49,23,23,0,"fit: 18, efit: 3","fit: 18, efit: 3",,,,0,0,0,0,2,,
2026-04-13 08:14:39,49,23,23,0,"fit: 18, efit: 5","fit: 18, efit: 5",,,,0,0,0,0,2,,
2026-04-13 10:15:05,49,23,23,0,"fit: 12, efit: 5","fit: 12, efit: 5",,,,0,0,0,0,2,,
2026-04-13 10:16:43,49,23,23,0,"fit: 8, efit: 6","fit: 8, efit: 6",,,,0,0,0,0,2,,
2026-04-13 10:25:07,49,23,23,1,"fit: 9, efit: 5","fit: 9, efit: 5",,,,0,0,0,0,2,,
2026-04-13 10:26:45,49,23,23,0,"fit: 5, efit: 5","fit: 5, efit: 5",,,,0,0,0,0,2,,
2026-04-13 10:30:08,49,23,23,0,"fit: 5, efit: 6","fit: 5, efit: 6",,,,0,0,0,0,2,,
2026-04-13 10:36:47,49,23,23,0,"fit: 5, efit: 5","fit: 5, efit: 5",,,,0,0,0,0,2,,
2026-04-13 10:45:11,49,23,23,0,"fit: 6, efit: 4","fit: 6, efit: 4",,,,0,0,0,0,2,,
2026-04-13 10:47:33,49,23,23,0,"fit: 6, efit: 5","fit: 6, efit: 5",,,,0,0,0,0,2,,
2026-04-13 11:52:00,49,23,23,0,"fit: 6, efit: 6","fit: 6, efit: 6",,,,0,0,0,0,2,,
2026-04-13 11:55:28,49,23,23,0,"fit: 6, efit: 5","fit: 6, efit: 5",,,,0,0,0,0,2,,
2026-04-13 12:25:35,49,23,23,0,"fit: 6, efit: 6","fit: 6, efit: 6",,,,0,0,0,0,2,,
2026-04-13 12:50:40,49,23,23,0,"fit: 6, efit: 5","fit: 6, efit: 5",,,,0,0,0,0,2,,
2026-04-13 12:57:11,49,23,23,0,"fit: 6, efit: 4","fit: 6, efit: 4",,,,0,0,0,0,2,,
2026-04-13 13:00:42,49,23,23,0,"fit: 6, efit: 3","fit: 6, efit: 3",,,,0,0,0,0,2,,
2026-04-13 14:21:01,49,23,23,0,"fit: 6, efit: 4","fit: 6, efit: 4",,,,0,0,0,0,2,,
2026-04-13 14:26:02,49,23,23,0,"fit: 6, efit: 5","fit: 6, efit: 5",,,,0,0,0,0,2,,
2026-04-13 14:46:06,49,23,23,0,"fit: 6, efit: 6","fit: 6, efit: 6",,,,0,0,0,0,2,,
2026-04-13 14:51:07,49,23,23,0,"fit: 6, efit: 7","fit: 6, efit: 7",,,,0,0,0,0,2,,
2026-04-13 14:56:08,49,23,23,0,"fit: 6, efit: 6","fit: 6, efit: 6",,,,0,0,0,0,2,,
2026-04-13 15:02:32,49,23,23,0,"fit: 6, efit: 7","fit: 6, efit: 7",,,,0,0,0,0,2,,
2026-04-13 15:07:33,49,23,23,0,"fit: 6, efit: 6","fit: 6, efit: 6",,,,0,0,0,0,2,,
2026-04-13 15:26:15,49,23,23,0,"fit: 6, efit: 5","fit: 6, efit: 5",,,,0,0,0,0,2,,
2026-04-13 15:28:31,49,23,23,0,"fit: 6, efit: 4","fit: 6, efit: 4",,,,0,0,0,0,2,,
2026-04-13 15:42:39,49,23,23,0,"fit: 6, efit: 3","fit: 6, efit: 3",,,,0,0,0,0,2,,
2026-04-13 15:57:41,49,23,23,0,"fit: 6, efit: 2","fit: 6, efit: 2",,,,0,0,0,0,2,,
2026-04-13 16:18:41,49,23,23,0,"fit: 6, efit: 1","fit: 6, efit: 1",,,,0,0,0,0,2,,
2026-04-13 16:27:46,49,23,23,0,"fit: 6, efit: 2","fit: 6, efit: 2",,,,0,0,0,0,2,,
2026-04-13 16:41:31,49,23,23,0,"fit: 4, efit: 2","fit: 4, efit: 2",,,,0,0,0,0,2,,
2026-04-13 16:46:32,49,23,23,0,"fit: 4, efit: 3","fit: 4, efit: 3",,,,0,0,0,0,2,,
2026-04-13 16:47:50,49,23,23,0,"fit: 4, efit: 4","fit: 4, efit: 4",,,,0,0,0,0,2,,
2026-04-13 16:56:34,49,23,23,0,"fit: 4, efit: 5","fit: 4, efit: 5",,,,0,0,0,0,2,,
2026-04-13 17:26:40,49,23,23,0,"fit: 6, efit: 5","fit: 6, efit: 5",,,,0,0,0,0,2,,
2026-04-13 17:27:57,49,23,23,0,"fit: 6, efit: 3","fit: 6, efit: 3",,,,0,0,0,0,2,,
2026-04-13 17:31:41,49,23,23,0,"fit: 6, efit: 2","fit: 6, efit: 2",,,,0,0,0,0,2,,
2026-04-13 17:43:59,49,23,23,0,"fit: 7, efit: 2","fit: 7, efit: 2",,,,0,0,0,0,2,,
2026-04-13 17:46:45,49,23,23,0,"fit: 6, efit: 1","fit: 6, efit: 1",,,,0,0,0,0,2,,
2026-04-13 18:59:14,49,23,23,0,"fit: 5, efit: 1","fit: 5, efit: 1",,,,0,0,0,0,2,,
2026-04-13 19:07:03,49,23,23,0,"fit: 5, efit: 2","fit: 5, efit: 2",,,,0,0,0,0,2,,
2026-04-13 19:17:05,49,23,23,0,"fit: 5, efit: 2","fit: 4, efit: 2",fit: 1,,,0,0,0,0,2,,
2026-04-13 19:42:11,49,23,23,0,"fit: 5, efit: 3","fit: 4, efit: 3",fit: 1,,,0,0,0,0,2,,
2026-04-13 20:22:19,49,23,23,0,"fit: 5, efit: 4","fit: 4, efit: 4",fit: 1,,,0,0,0,0,2,,
2026-04-13 20:32:21,49,23,23,0,"fit: 6, efit: 3","fit: 5, efit: 3",fit: 1,,,0,0,0,0,2,,
2026-04-13 20:57:27,49,23,23,0,"fit: 6, efit: 2","fit: 5, efit: 2",fit: 1,,,0,0,0,0,2,,
2026-04-13 22:07:41,49,23,23,0,"fit: 8, efit: 2","fit: 7, efit: 2",fit: 1,,,0,0,0,0,2,,
2026-04-13 22:24:56,49,23,23,0,"fit: 8, efit: 5","fit: 7, efit: 5",fit: 1,,,0,0,0,0,2,,
2026-04-13 22:27:46,49,23,23,0,"fit: 8, efit: 2","fit: 7, efit: 2",fit: 1,,,0,0,0,0,2,,
2026-04-14 00:00:15,49,23,23,0,"fit: 8, efit: 2","fit: 7, efit: 2",fit: 1,,,0,0,0,0,2,,
2026-04-14 07:21:41,49,23,23,0,"fit: 8, efit: 3","fit: 7, efit: 3",fit: 1,,,0,0,0,0,2,,
2026-04-14 08:09:43,49,23,23,0,"fit: 8, efit: 5","fit: 7, efit: 5",fit: 1,,,0,0,0,0,2,,
2026-04-14 08:19:45,49,23,23,0,"fit: 8, efit: 6","fit: 7, efit: 6",fit: 1,,,0,0,0,0,2,,
2026-04-14 08:39:49,49,23,23,0,"fit: 8, efit: 7","fit: 7, efit: 7",fit: 1,,,0,0,0,0,2,,
2026-04-14 08:49:51,49,23,23,0,"fit: 8, efit: 8","fit: 7, efit: 8",fit: 1,,,0,0,0,0,2,,
2026-04-14 08:51:58,49,23,23,0,"fit: 8, efit: 9","fit: 7, efit: 9",fit: 1,,,0,0,0,0,2,,
2026-04-14 08:54:52,49,23,23,0,"fit: 8, efit: 10","fit: 7, efit: 10",fit: 1,,,0,0,0,0,2,,
2026-04-14 08:55:26,49,23,23,0,"fit: 9, efit: 10","fit: 8, efit: 10",fit: 1,,,0,0,0,0,2,,
2026-04-14 08:56:59,49,23,23,0,"fit: 9, efit: 9","fit: 8, efit: 9",fit: 1,,,0,0,0,0,2,,
2026-04-14 08:59:53,49,23,23,0,"fit: 10, efit: 8","fit: 9, efit: 8",fit: 1,,,0,0,0,0,2,,
2026-04-14 09:02:01,49,23,23,0,"fit: 10, efit: 9","fit: 9, efit: 9",fit: 1,,,0,0,0,0,2,,
2026-04-14 09:04:54,49,23,23,0,"fit: 9, efit: 9","fit: 8, efit: 9",fit: 1,,,0,0,0,0,2,,
2026-04-14 09:14:56,49,23,23,0,"fit: 10, efit: 8","fit: 9, efit: 8",fit: 1,,,0,0,0,0,2,,
2026-04-14 09:19:57,49,23,23,0,"fit: 10, efit: 9","fit: 9, efit: 9",fit: 1,,,0,0,0,0,2,,
2026-04-14 09:35:00,49,23,23,0,"fit: 10, efit: 10","fit: 9, efit: 10",fit: 1,,,0,0,0,0,2,,
2026-04-14 09:52:11,49,23,23,0,"fit: 10, efit: 11","fit: 9, efit: 11",fit: 1,,,0,0,0,0,2,,
2026-04-14 10:07:14,49,23,23,0,"fit: 10, efit: 10","fit: 9, efit: 10",fit: 1,,,0,0,0,0,2,,
2026-04-14 10:35:13,49,23,23,0,"fit: 10, efit: 9","fit: 10, efit: 9",,,,0,0,0,0,2,,
2026-04-14 11:17:28,49,23,23,0,"fit: 10, efit: 10","fit: 10, efit: 10",,,,0,0,0,0,2,,
2026-04-14 11:50:54,49,23,23,0,"fit: 10, efit: 9","fit: 10, efit: 9",,,,0,0,0,0,2,,
2026-04-14 11:55:30,49,23,23,0,"fit: 10, efit: 10","fit: 10, efit: 10",,,,0,0,0,0,2,,
2026-04-14 12:02:37,49,23,23,0,"fit: 10, efit: 11","fit: 10, efit: 11",,,,0,0,0,0,2,,
2026-04-14 12:26:03,49,23,23,0,"fit: 10, efit: 12","fit: 10, efit: 12",,,,0,0,0,0,2,,
2026-04-14 12:30:38,49,23,23,0,"fit: 10, efit: 13","fit: 10, efit: 13",,,,0,0,0,0,2,,
2026-04-14 12:37:44,49,23,23,0,"fit: 10, efit: 12","fit: 10, efit: 12",,,,0,0,0,0,2,,
2026-04-14 12:45:41,49,23,23,0,"fit: 10, efit: 11","fit: 10, efit: 11",,,,0,0,0,0,2,,
2026-04-14 12:50:42,49,23,23,0,"fit: 10, efit: 12","fit: 10, efit: 12",,,,0,0,0,0,2,,
2026-04-14 13:17:52,49,23,23,0,"fit: 10, efit: 11","fit: 10, efit: 11",,,,0,0,0,0,2,,
2026-04-14 13:20:49,49,23,23,0,"fit: 10, efit: 9","fit: 10, efit: 9",,,,0,0,0,0,2,,
2026-04-14 13:31:14,49,23,23,0,"fit: 10, efit: 10","fit: 10, efit: 10",,,,0,0,0,0,2,,
2026-04-14 13:32:56,49,23,23,0,"fit: 10, efit: 9","fit: 10, efit: 9",,,,0,0,0,0,2,,
2026-04-14 13:42:57,49,23,23,0,"fit: 10, efit: 8","fit: 10, efit: 8",,,,0,0,0,0,2,,
2026-04-14 13:45:54,49,23,23,0,"fit: 10, efit: 9","fit: 10, efit: 9",,,,0,0,0,0,2,,
2026-04-14 13:53:00,49,23,23,0,"fit: 10, efit: 8","fit: 10, efit: 8",,,,0,0,0,0,2,,
2026-04-14 13:58:01,49,23,23,0,"fit: 10, efit: 8","fit: 9, efit: 8",fit: 1,,,0,0,0,0,2,,
2026-04-14 14:01:19,49,23,23,0,"fit: 10, efit: 7","fit: 9, efit: 7",fit: 1,,,0,0,0,0,2,,
2026-04-14 14:05:58,49,23,23,0,"fit: 10, efit: 8","fit: 9, efit: 8",fit: 1,,,0,0,0,0,2,,
2026-04-14 14:38:09,49,23,23,0,"fit: 10, efit: 7","fit: 9, efit: 7",fit: 1,,,0,0,0,0,2,,
2026-04-14 14:53:12,49,23,23,0,"fit: 10, efit: 6","fit: 9, efit: 6",fit: 1,,,0,0,0,0,2,,
2026-04-14 15:11:12,49,23,23,0,"fit: 10, efit: 7","fit: 9, efit: 7",fit: 1,,,0,0,0,0,2,,
2026-04-14 15:21:32,49,23,23,0,"fit: 10, efit: 8","fit: 9, efit: 8",fit: 1,,,0,0,0,0,2,,
2026-04-14 15:46:20,49,23,23,0,"fit: 10, efit: 7","fit: 9, efit: 7",fit: 1,,,0,0,0,0,2,,
2026-04-14 16:01:23,49,23,23,0,"fit: 10, efit: 6","fit: 9, efit: 6",fit: 1,,,0,0,0,0,2,,
2026-04-14 16:06:24,49,23,23,0,"fit: 11, efit: 6","fit: 10, efit: 6",fit: 1,,,0,0,0,0,2,,
2026-04-14 16:16:26,49,23,23,0,"fit: 11, efit: 5","fit: 10, efit: 5",fit: 1,,,0,0,0,0,2,,
2026-04-14 16:28:32,49,23,23,0,"fit: 11, efit: 4","fit: 10, efit: 4",fit: 1,,,0,0,0,0,2,,
2026-04-14 16:36:31,49,23,23,0,"fit: 11, efit: 3","fit: 10, efit: 3",fit: 1,,,0,0,0,0,2,,
2026-04-14 16:56:35,49,23,23,0,"fit: 12, efit: 3","fit: 11, efit: 3",fit: 1,,,0,0,0,0,2,,
2026-04-14 17:21:41,49,23,23,0,"fit: 12, efit: 4","fit: 11, efit: 4",fit: 1,,,0,0,0,0,2,,
2026-04-14 23:52:52,49,23,23,0,"fit: 12, efit: 3","fit: 11, efit: 3",fit: 1,,,0,0,0,0,2,,
2026-04-15 00:00:03,49,23,23,0,"fit: 12, efit: 3","fit: 11, efit: 3",fit: 1,,,0,0,0,0,2,,
2026-04-15 00:07:55,49,23,23,0,"fit: 12, efit: 4","fit: 11, efit: 4",fit: 1,,,0,0,0,0,2,,
2026-04-15 07:06:27,49,23,23,0,"fit: 11, efit: 3","fit: 10, efit: 3",fit: 1,,,0,0,0,0,2,,
2026-04-15 07:09:01,49,23,23,0,"fit: 7, efit: 3","fit: 6, efit: 3",fit: 1,,,0,0,0,0,2,,
2026-04-15 07:11:29,49,23,23,0,"fit: 3, efit: 3","fit: 2, efit: 3",fit: 1,,,0,0,0,0,2,,
2026-04-15 07:14:02,49,23,23,0,"fit: 3, efit: 1","fit: 2, efit: 1",fit: 1,,,0,0,0,0,2,,
2026-04-15 07:16:30,49,23,23,0,"fit: 1, efit: 1","fit: 1, efit: 1",,,,0,0,0,0,2,,
2026-04-15 07:51:37,49,23,23,0,"fit: 1, efit: 2","fit: 1, efit: 2",,,,0,0,0,0,2,,
2026-04-15 08:04:10,49,23,23,0,"fit: 1, efit: 3","fit: 1, efit: 3",,,,0,0,0,0,2,,
2026-04-15 08:49:18,49,23,23,0,"fit: 1, efit: 4","fit: 1, efit: 4",,,,0,0,0,0,2,,
2026-04-15 08:54:19,49,23,23,0,"fit: 1, efit: 5","fit: 1, efit: 5",,,,0,0,0,0,2,,
2026-04-15 08:59:19,49,23,23,0,"fit: 1, efit: 4","fit: 1, efit: 4",,,,0,0,0,0,2,,
2026-04-15 08:59:49,49,23,23,0,"fit: 2, efit: 3","fit: 2, efit: 3",,,,0,0,0,0,2,,
2026-04-15 09:04:20,49,23,23,0,"fit: 3, efit: 4","fit: 3, efit: 4",,,,0,0,0,0,2,,
2026-04-15 09:06:52,49,23,23,0,"fit: 3, efit: 5","fit: 3, efit: 5",,,,0,0,0,0,2,,
2026-04-15 09:09:21,49,23,23,0,"fit: 4, efit: 5","fit: 4, efit: 5",,,,0,0,0,0,2,,
2026-04-15 09:14:22,49,23,23,0,"fit: 4, efit: 4","fit: 4, efit: 4",,,,0,0,0,0,2,,
2026-04-15 09:29:24,49,23,23,0,"fit: 4, efit: 5","fit: 4, efit: 5",,,,0,0,0,0,2,,
2026-04-15 10:02:04,49,23,23,0,"fit: 5, efit: 5","fit: 5, efit: 5",,,,0,0,0,0,2,,
2026-04-15 10:19:33,49,23,23,0,"fit: 6, efit: 4","fit: 6, efit: 4",,,,0,0,0,0,2,,
2026-04-15 10:34:35,49,23,23,0,"fit: 6, efit: 6","fit: 6, efit: 6",,,,0,0,0,0,2,,
2026-04-15 10:42:12,49,23,23,0,"fit: 6, efit: 7","fit: 6, efit: 7",,,,0,0,0,0,2,,
2026-04-15 11:12:18,49,23,23,0,"fit: 6, efit: 8","fit: 6, efit: 8",,,,0,0,0,0,2,,
2026-04-15 11:14:42,49,23,23,0,"fit: 6, efit: 7","fit: 6, efit: 7",,,,0,0,0,0,2,,
2026-04-15 11:15:18,49,23,23,0,"fit: 6, efit: 5","fit: 6, efit: 5",,,,0,0,0,0,2,,
2026-04-15 11:30:21,49,23,23,0,"fit: 8, efit: 5","fit: 8, efit: 5",,,,0,0,0,0,2,,
2026-04-15 11:32:22,49,23,23,0,"fit: 8, efit: 3","fit: 8, efit: 3",,,,0,0,0,0,2,,
2026-04-15 11:49:47,49,23,23,0,"fit: 8, efit: 4","fit: 8, efit: 4",,,,0,0,0,0,2,,
2026-04-15 11:59:49,49,23,23,0,"fit: 8, efit: 5","fit: 8, efit: 5",,,,0,0,0,0,2,,
2026-04-15 12:19:52,49,23,23,0,"fit: 9, efit: 5","fit: 9, efit: 5",,,,0,0,0,0,2,,
2026-04-15 12:22:32,49,23,23,0,"fit: 9, efit: 4","fit: 9, efit: 4",,,,0,0,0,0,2,,
2026-04-15 12:44:56,49,23,23,0,"fit: 9, efit: 3","fit: 9, efit: 3",,,,0,0,0,0,2,,
2026-04-15 13:02:40,49,23,23,0,"fit: 9, efit: 5","fit: 9, efit: 5",,,,0,0,0,0,2,,
2026-04-15 13:57:51,49,23,23,0,"fit: 9, efit: 4","fit: 9, efit: 4",,,,0,0,0,0,2,,
2026-04-15 14:25:13,49,23,23,0,"fit: 9, efit: 3","fit: 9, efit: 3",,,,0,0,0,0,2,,
2026-04-15 14:30:14,49,23,23,0,"fit: 9, efit: 4","fit: 9, efit: 4",,,,0,0,0,0,2,,
2026-04-15 14:32:58,49,23,23,0,"fit: 9, efit: 5","fit: 9, efit: 5",,,,0,0,0,0,2,,
2026-04-15 14:45:17,49,23,23,0,"fit: 10, efit: 5","fit: 10, efit: 5",,,,0,0,0,0,2,,
2026-04-15 15:15:22,49,23,23,0,"fit: 10, efit: 6","fit: 10, efit: 6",,,,0,0,0,0,2,,
2026-04-15 15:18:08,49,23,23,0,"fit: 10, efit: 7","fit: 10, efit: 7",,,,0,0,0,0,2,,
2026-04-15 15:20:22,49,23,23,0,"fit: 10, efit: 8","fit: 10, efit: 8",,,,0,0,0,0,2,,
2026-04-15 16:06:19,49,23,23,0,"fit: 10, efit: 7","fit: 10, efit: 7",,,,0,0,0,0,2,,
2026-04-15 16:36:25,49,23,23,0,"fit: 10, efit: 8","fit: 10, efit: 8",,,,0,0,0,0,2,,
2026-04-15 16:38:24,49,23,23,0,"fit: 10, efit: 6","fit: 10, efit: 6",,,,0,0,0,0,2,,
2026-04-15 16:40:36,49,23,23,0,"fit: 10, efit: 5","fit: 10, efit: 5",,,,0,0,0,0,2,,
2026-04-15 16:45:37,49,23,23,0,"fit: 10, efit: 4","fit: 10, efit: 4",,,,0,0,0,0,2,,
2026-04-15 16:46:27,49,23,23,0,"fit: 10, efit: 5","fit: 10, efit: 5",,,,0,0,0,0,2,,
2026-04-15 16:48:26,49,23,23,0,"fit: 10, efit: 4","fit: 10, efit: 4",,,,0,0,0,0,2,,
2026-04-15 16:58:29,49,23,23,0,"fit: 10, efit: 5","fit: 10, efit: 5",,,,0,0,0,0,2,,
2026-04-15 17:05:40,49,23,23,0,"fit: 10, efit: 3","fit: 10, efit: 3",,,,0,0,0,0,2,,
2026-04-15 17:23:34,49,23,23,0,"fit: 10, efit: 2","fit: 10, efit: 2",,,,0,0,0,0,2,,
2026-04-15 17:25:43,49,23,23,0,"fit: 10, efit: 1","fit: 10, efit: 1",,,,0,0,0,0,2,,
2026-04-15 17:30:44,49,23,23,0,fit: 10,fit: 10,,,,0,0,0,0,2,,
2026-04-15 17:40:46,49,23,23,0,fit: 9,fit: 9,,,,0,0,0,0,2,,
2026-04-15 18:08:43,49,23,23,0,"fit: 9, efit: 1","fit: 9, efit: 1",,,,0,0,0,0,2,,
2026-04-15 19:27:00,49,23,23,0,"fit: 8, efit: 1","fit: 8, efit: 1",,,,0,0,0,0,2,,
2026-04-15 19:28:59,49,23,23,0,fit: 8,fit: 8,,,,0,0,0,0,2,,
2026-04-15 19:44:02,49,23,23,0,"fit: 8, efit: 1","fit: 8, efit: 1",,,,0,0,0,0,2,,
2026-04-15 20:09:07,49,23,23,0,fit: 8,fit: 8,,,,0,0,0,0,2,,
2026-04-16 00:01:48,49,23,23,0,fit: 8,fit: 8,,,,0,0,0,0,2,,
2026-04-16 06:32:49,49,23,23,0,"fit: 8, efit: 1","fit: 8, efit: 1",,,,0,0,0,0,2,,
2026-04-16 07:39:27,49,23,23,0,"fit: 7, efit: 1","fit: 7, efit: 1",,,,0,0,0,0,2,,
2026-04-16 07:54:31,49,23,23,0,"fit: 8, efit: 1","fit: 8, efit: 1",,,,0,0,0,0,2,,
2026-04-16 08:06:25,49,23,23,0,"fit: 9, efit: 1","fit: 8, efit: 1",fit: 1,,,0,0,0,0,2,,
2026-04-16 08:09:34,49,23,23,0,"fit: 8, efit: 1","fit: 7, efit: 1",fit: 1,,,0,0,0,0,2,,
2026-04-16 08:24:37,49,23,23,0,"fit: 8, efit: 2","fit: 7, efit: 2",fit: 1,,,0,0,0,0,2,,
2026-04-16 08:49:42,49,23,23,0,"fit: 9, efit: 2","fit: 8, efit: 2",fit: 1,,,0,0,0,0,2,,
2026-04-16 08:51:34,49,23,23,0,"fit: 9, efit: 3","fit: 8, efit: 3",fit: 1,,,0,0,0,0,2,,
2026-04-16 08:56:35,49,23,23,0,"fit: 9, efit: 4","fit: 8, efit: 4",fit: 1,,,0,0,0,0,2,,
2026-04-16 09:06:37,49,23,23,0,"fit: 10, efit: 3","fit: 9, efit: 3",fit: 1,,,0,0,0,0,2,,
2026-04-16 09:11:39,49,23,23,0,"fit: 10, efit: 4","fit: 9, efit: 4",fit: 1,,,0,0,0,0,2,,
2026-04-16 09:13:15,49,23,23,0,"fit: 10, efit: 3","fit: 9, efit: 3",fit: 1,,,0,0,0,0,2,,
2026-04-16 09:16:40,49,23,23,0,"fit: 9, efit: 3","fit: 8, efit: 3",fit: 1,,,0,0,0,0,2,,
2026-04-16 09:18:15,49,23,23,0,"fit: 7, efit: 3","fit: 6, efit: 3",fit: 1,,,0,0,0,0,2,,
2026-04-16 09:19:48,49,23,23,0,"fit: 5, efit: 3","fit: 4, efit: 3",fit: 1,,,0,0,0,0,2,,
2026-04-16 09:21:41,49,23,23,0,"fit: 3, efit: 3","fit: 3, efit: 3",,,,0,0,0,0,2,,
2026-04-16 09:23:16,49,23,23,0,"fit: 1, efit: 4","fit: 1, efit: 4",,,,0,0,0,0,2,,
2026-04-16 09:24:49,49,23,23,0,efit: 3,efit: 3,,,,0,0,0,0,2,,
2026-04-16 09:29:50,49,23,23,0,efit: 4,efit: 4,,,,0,0,0,0,2,,
2026-04-16 09:39:52,49,23,23,0,efit: 6,efit: 6,,,,0,0,0,0,2,,
2026-04-16 10:31:55,49,23,23,0,efit: 7,efit: 7,,,,0,0,0,0,2,,
2026-04-16 10:53:31,49,23,23,0,efit: 8,efit: 8,,,,0,0,0,0,2,,
2026-04-16 10:57:00,49,23,23,0,efit: 9,efit: 9,,,,0,0,0,0,2,,
2026-04-16 11:08:33,49,23,23,0,efit: 8,efit: 8,,,,0,0,0,0,2,,
2026-04-16 11:42:09,49,23,23,0,efit: 9,efit: 9,,,,0,0,0,0,2,,
2026-04-16 11:52:11,49,23,23,0,efit: 10,efit: 10,,,,0,0,0,0,2,,
2026-04-16 11:58:41,49,23,23,0,efit: 9,efit: 9,,,,0,0,0,0,2,,
2026-04-16 12:50:32,49,23,23,0,efit: 10,efit: 10,,,,0,0,0,0,2,,
2026-04-16 13:05:35,49,23,23,0,"fit: 2, efit: 10","fit: 2, efit: 10",,,,0,0,0,0,2,,
2026-04-16 13:17:29,49,23,23,0,efit: 10,efit: 10,,,,0,0,0,0,2,,
2026-04-16 13:35:42,49,23,23,0,efit: 9,efit: 9,,,,0,0,0,0,2,,
2026-04-16 14:12:40,49,23,23,0,efit: 7,efit: 7,,,,0,0,0,0,2,,
2026-04-16 14:15:50,49,23,23,0,efit: 6,efit: 6,,,,0,0,0,0,2,,
2026-04-16 14:17:41,49,23,23,0,efit: 5,efit: 5,,,,0,0,0,0,2,,
2026-04-16 14:52:48,49,23,23,0,efit: 6,efit: 6,,,,0,0,0,0,2,,
2026-04-16 15:06:01,49,23,23,0,efit: 8,efit: 8,,,,0,0,0,0,2,,
2026-04-16 15:09:13,49,23,23,0,efit: 7,efit: 7,,,,0,0,0,0,2,,
2026-04-16 15:11:02,49,23,23,0,efit: 6,efit: 6,,,,0,0,0,0,2,,
2026-04-16 15:12:52,49,23,23,0,efit: 8,efit: 8,,,,0,0,0,0,2,,
2026-04-16 15:22:54,49,23,23,0,efit: 7,efit: 7,,,,0,0,0,0,2,,
2026-04-16 15:46:09,49,23,23,0,efit: 6,efit: 6,,,,0,0,0,0,2,,
2026-04-16 16:03:02,49,23,23,0,efit: 7,efit: 7,,,,0,0,0,0,2,,
2026-04-16 16:39:28,49,23,23,0,efit: 6,efit: 6,,,,0,0,0,0,2,,
2026-04-16 16:54:31,49,23,23,0,efit: 7,efit: 7,,,,0,0,0,0,2,,
2026-04-16 17:11:27,49,23,23,0,"fit: 1, efit: 7","fit: 1, efit: 7",,,,0,0,0,0,2,,
2026-04-16 17:28:19,49,23,23,0,"fit: 2, efit: 7","fit: 2, efit: 7",,,,0,0,0,0,2,,
2026-04-16 17:38:21,49,23,23,0,"fit: 2, efit: 8","fit: 2, efit: 8",,,,0,0,0,0,2,,
2026-04-16 17:44:38,49,23,23,0,"fit: 2, efit: 9","fit: 2, efit: 9",,,,0,0,0,0,2,,
2026-04-16 17:54:40,49,23,23,0,"fit: 2, efit: 8","fit: 2, efit: 8",,,,0,0,0,0,2,,
2026-04-16 18:23:31,49,23,23,0,"fit: 2, efit: 9","fit: 2, efit: 9",,,,0,0,0,0,2,,
2026-04-16 18:24:45,49,23,23,0,"fit: 2, efit: 8","fit: 2, efit: 8",,,,0,0,0,0,2,,
2026-04-16 19:08:40,49,23,23,0,"fit: 3, efit: 7","fit: 3, efit: 7",,,,0,0,0,0,2,,
2026-04-16 19:21:54,49,23,23,0,"fit: 4, efit: 7","fit: 4, efit: 7",,,,0,0,0,0,2,,
2026-04-16 19:23:42,49,23,23,0,"fit: 6, efit: 7","fit: 6, efit: 7",,,,0,0,0,0,2,,
2026-04-16 19:26:55,49,23,23,0,"fit: 6, efit: 5","fit: 6, efit: 5",,,,0,0,0,0,2,,
2026-04-16 20:43:59,49,23,23,0,"fit: 6, efit: 7","fit: 6, efit: 7",,,,0,0,0,0,2,,
2026-04-16 20:49:00,49,23,23,0,"fit: 6, efit: 5","fit: 6, efit: 5",,,,0,0,0,0,2,,
2026-04-16 21:44:11,49,23,23,0,"fit: 6, efit: 4","fit: 6, efit: 4",,,,0,0,0,0,2,,
2026-04-16 22:10:22,49,23,23,0,"fit: 6, efit: 4","fit: 6, efit: 3",,,,0,0,0,0,2,,
2026-04-17 00:00:40,49,23,23,0,"fit: 6, efit: 4","fit: 6, efit: 3",,,,0,0,0,0,2,,
2026-04-17 06:19:48,49,23,23,0,"fit: 6, efit: 5","fit: 6, efit: 4",,,,0,0,0,0,2,,
2026-04-17 07:50:55,49,23,23,0,"fit: 6, efit: 6","fit: 6, efit: 5",,,,0,0,0,0,2,,
2026-04-17 07:55:04,49,23,23,0,"fit: 6, efit: 7","fit: 6, efit: 6",,,,0,0,0,0,2,,
2026-04-17 08:00:05,49,23,23,0,"fit: 8, efit: 7","fit: 8, efit: 6",,,,0,0,0,0,2,,
2026-04-17 08:25:09,49,23,23,0,"fit: 8, efit: 8","fit: 8, efit: 7",,,,0,0,0,0,2,,
2026-04-17 08:31:03,49,23,23,0,"fit: 8, efit: 9","fit: 8, efit: 8",,,,0,0,0,0,2,,
2026-04-17 08:45:12,49,23,23,0,"fit: 8, efit: 10","fit: 8, efit: 9",,,,0,0,0,0,2,,
2026-04-17 08:50:13,49,23,23,0,"fit: 8, efit: 11","fit: 8, efit: 10",,,,0,0,0,0,2,,
2026-04-17 09:05:16,49,23,23,0,"fit: 8, efit: 12","fit: 8, efit: 11",,,,0,0,0,0,2,,
2026-04-17 09:10:16,49,23,23,0,"fit: 8, efit: 13","fit: 8, efit: 12",,,,0,0,0,0,2,,
2026-04-17 09:45:34,49,23,23,0,"fit: 8, efit: 14","fit: 8, efit: 13",,,,0,0,0,0,2,,
2026-04-17 10:06:20,49,23,23,0,"fit: 6, efit: 14","fit: 6, efit: 13",,,,0,0,0,0,2,,
2026-04-17 10:10:26,49,23,23,0,"fit: 3, efit: 14","fit: 3, efit: 13",,,,0,0,0,0,2,,
2026-04-17 10:11:21,49,23,23,0,"fit: 2, efit: 14","fit: 2, efit: 13",,,,0,0,0,0,2,,
2026-04-17 10:15:27,49,23,23,0,efit: 12,efit: 11,,,,0,0,0,0,2,,
2026-04-17 10:20:28,49,23,23,0,efit: 10,efit: 10,,,,0,0,0,0,2,,
2026-04-17 10:25:29,49,23,23,0,efit: 7,efit: 7,,,,0,0,0,0,2,,
2026-04-17 10:55:34,49,23,23,0,"fit: 1, efit: 6","fit: 1, efit: 6",,,,0,0,0,0,2,,
2026-04-17 11:25:39,49,23,23,0,"fit: 2, efit: 5","fit: 2, efit: 5",,,,0,0,0,0,2,,
2026-04-17 11:30:40,49,23,23,0,"fit: 2, efit: 4","fit: 2, efit: 4",,,,0,0,0,0,2,,
2026-04-17 12:15:47,49,23,23,0,"fit: 2, efit: 3","fit: 2, efit: 3",,,,0,0,0,0,2,,
2026-04-17 12:55:54,49,23,23,0,"fit: 2, efit: 2","fit: 2, efit: 2",,,,0,0,0,0,2,,
2026-04-17 13:05:55,49,23,23,0,"fit: 2, efit: 1","fit: 2, efit: 1",,,,0,0,0,0,2,,
2026-04-17 13:10:56,49,23,23,0,fit: 1,fit: 1,,,,0,0,0,0,2,,
2026-04-17 13:20:58,49,23,23,0,,,,,,0,0,0,0,2,,
2026-04-17 13:56:28,49,23,23,0,efit: 1,efit: 1,,,,0,0,0,0,2,,
2026-04-17 14:01:05,49,23,23,0,,,,,,0,0,0,0,2,,
2026-04-17 14:16:08,49,23,23,0,efit: 1,efit: 1,,,,0,0,0,0,2,,
2026-04-17 14:21:09,49,23,23,0,,,,,,0,0,0,0,2,,
2026-04-17 14:31:11,49,23,23,0,fit: 1,fit: 1,,,,0,0,0,0,2,,
2026-04-17 14:41:12,49,23,23,0,"fit: 1, efit: 1","fit: 1, efit: 1",,,,0,0,0,0,2,,
2026-04-17 14:46:13,49,23,23,0,"fit: 1, efit: 2","fit: 1, efit: 2",,,,0,0,0,0,2,,
2026-04-17 14:51:14,49,23,23,0,"fit: 1, efit: 3","fit: 1, efit: 3",,,,0,0,0,0,2,,
2026-04-17 14:51:40,49,23,23,0,"fit: 1, efit: 4","fit: 1, efit: 4",,,,0,0,0,0,2,,
2026-04-17 14:52:16,49,23,23,0,"fit: 1, efit: 3","fit: 1, efit: 3",,,,0,0,0,0,2,,
2026-04-17 14:56:15,49,23,23,0,"fit: 1, efit: 4","fit: 1, efit: 4",,,,0,0,0,0,2,,
2026-04-17 14:57:17,49,23,23,0,"fit: 2, efit: 4","fit: 2, efit: 4",,,,0,0,0,0,2,,
2026-04-17 15:01:16,49,23,23,0,"fit: 3, efit: 5","fit: 3, efit: 5",,,,0,0,0,0,2,,
2026-04-17 15:02:18,49,23,23,0,"fit: 3, efit: 7","fit: 3, efit: 7",,,,0,0,0,0,2,,
2026-04-17 15:06:17,49,23,23,0,"fit: 3, efit: 10","fit: 3, efit: 10",,,,0,0,0,0,2,,
2026-04-17 15:21:19,49,23,23,0,"fit: 3, efit: 9","fit: 3, efit: 9",,,,0,0,0,0,2,,
2026-04-17 16:01:55,49,23,23,0,"fit: 3, efit: 10","fit: 3, efit: 10",,,,0,0,0,0,2,,
2026-04-17 16:16:28,49,23,23,0,"fit: 4, efit: 9","fit: 4, efit: 9",,,,0,0,0,0,2,,
2026-04-17 16:21:29,49,23,23,0,"fit: 4, efit: 10","fit: 4, efit: 10",,,,0,0,0,0,2,,
2026-04-17 16:36:32,49,23,23,0,"fit: 4, efit: 9","fit: 4, efit: 9",,,,0,0,0,0,2,,
2026-04-17 17:06:37,49,23,23,0,"fit: 4, efit: 8","fit: 4, efit: 8",,,,0,0,0,0,2,,
2026-04-17 17:07:09,49,23,23,0,"fit: 4, efit: 7","fit: 4, efit: 7",,,,0,0,0,0,2,,
2026-04-17 17:11:38,49,23,23,0,"fit: 4, efit: 3","fit: 4, efit: 3",,,,0,0,0,0,2,,
2026-04-17 17:17:45,49,23,23,0,"fit: 4, efit: 2","fit: 4, efit: 2",,,,0,0,0,0,2,,
2026-04-17 17:21:40,49,23,23,0,"fit: 4, efit: 4","fit: 4, efit: 4",,,,0,0,0,0,2,,
2026-04-17 17:22:46,49,23,23,0,"fit: 4, efit: 3","fit: 4, efit: 3",,,,0,0,0,0,2,,
2026-04-17 17:26:40,49,23,23,0,"fit: 5, efit: 2","fit: 5, efit: 2",,,,0,0,0,0,2,,
2026-04-17 17:42:16,49,23,23,0,"fit: 5, efit: 1","fit: 5, efit: 1",,,,0,0,0,0,2,,
2026-04-17 17:52:52,49,23,23,0,"fit: 5, efit: 2","fit: 5, efit: 2",,,,0,0,0,0,2,,
2026-04-17 17:56:46,49,23,23,0,"fit: 5, efit: 5","fit: 5, efit: 5",,,,0,0,0,0,2,,
2026-04-17 18:17:24,49,23,23,0,"fit: 4, efit: 4","fit: 4, efit: 4",,,,0,0,0,0,2,,
2026-04-17 18:21:50,49,23,23,0,"fit: 4, efit: 3","fit: 4, efit: 3",,,,0,0,0,0,2,,
2026-04-17 18:22:25,49,23,23,0,"fit: 4, efit: 2","fit: 4, efit: 2",,,,0,0,0,0,2,,
2026-04-17 18:36:52,49,23,23,0,"fit: 4, efit: 1","fit: 4, efit: 1",,,,0,0,0,0,2,,
2026-04-17 18:41:53,49,23,23,0,"fit: 5, efit: 1","fit: 5, efit: 1",,,,0,0,0,0,2,,
2026-04-17 18:46:54,49,23,23,0,fit: 5,fit: 5,,,,0,0,0,0,2,,
2026-04-17 19:01:57,49,23,23,0,fit: 4,fit: 4,,,,0,0,0,0,2,,
2026-04-17 19:02:34,49,23,23,0,fit: 3,fit: 3,,,,0,0,0,0,2,,
2026-04-17 19:11:58,49,23,23,0,fit: 4,fit: 4,,,,0,0,0,0,2,,
2026-04-17 19:52:05,49,23,23,0,fit: 6,fit: 6,,,,0,0,0,0,2,,
2026-04-17 19:57:45,49,23,23,0,"fit: 6, efit: 1","fit: 6, efit: 1",,,,0,0,0,0,2,,
2026-04-17 20:07:48,49,23,23,0,"fit: 7, efit: 1","fit: 7, efit: 1",,,,0,0,0,0,2,,
2026-04-17 20:08:19,49,23,23,0,fit: 7,fit: 7,,,,0,0,0,0,2,,
2026-04-17 20:42:14,49,23,23,0,"fit: 7, efit: 1","fit: 7, efit: 1",,,,0,0,0,0,2,,
2026-04-17 20:58:28,49,23,23,0,"fit: 8, efit: 1","fit: 8, efit: 1",,,,0,0,0,0,2,,
2026-04-17 21:02:17,49,23,23,0,fit: 8,fit: 8,,,,0,0,0,0,2,,
2026-04-17 22:38:47,49,23,23,0,"fit: 8, efit: 1","fit: 8, efit: 1",,,,0,0,0,0,2,,
2026-04-17 22:42:34,49,23,23,0,"fit: 8, efit: 4","fit: 8, efit: 4",,,,0,0,0,0,2,,
2026-04-17 23:12:39,49,23,23,0,"fit: 9, efit: 4","fit: 9, efit: 4",,,,0,0,0,0,2,,
2026-04-18 00:02:47,49,23,23,0,"fit: 9, efit: 4","fit: 9, efit: 4",,,,0,0,0,0,2,,
2026-04-18 00:32:51,49,23,23,0,"fit: 9, efit: 3","fit: 9, efit: 3",,,,0,0,0,0,2,,
2026-04-18 01:22:59,49,23,23,0,"fit: 9, efit: 1","fit: 9, efit: 1",,,,0,0,0,0,2,,
2026-04-18 02:18:08,49,23,23,0,fit: 10,fit: 10,,,,0,0,0,0,2,,
2026-04-18 09:45:30,49,23,23,0,fit: 9,fit: 9,,,,0,0,0,0,2,,
2026-04-18 11:04:30,49,23,23,0,"fit: 9, efit: 1","fit: 9, efit: 1",,,,0,0,0,0,2,,
2026-04-18 11:11:04,49,23,23,0,fit: 9,fit: 9,,,,0,0,0,0,2,,
2026-04-18 11:59:39,49,23,23,0,"fit: 9, efit: 1","fit: 9, efit: 1",,,,0,0,0,0,2,,
2026-04-18 12:44:46,49,23,23,0,"fit: 8, efit: 1","fit: 8, efit: 1",,,,0,0,0,0,2,,
2026-04-18 13:14:51,49,23,23,0,"fit: 9, efit: 1","fit: 9, efit: 1",,,,0,0,0,0,2,,
2026-04-18 13:16:17,49,23,23,0,fit: 9,fit: 9,,,,0,0,0,0,2,,
2026-04-18 13:31:20,49,23,23,0,fit: 10,fit: 10,,,,0,0,0,0,2,,
2026-04-18 14:36:33,49,23,23,0,fit: 11,fit: 11,,,,0,0,0,0,2,,
2026-04-18 14:41:34,49,23,23,0,"fit: 12, efit: 1","fit: 12, efit: 1",,,,0,0,0,0,2,,
2026-04-18 14:45:06,49,23,23,0,fit: 12,fit: 12,,,,0,0,0,0,2,,
2026-04-18 14:56:37,49,23,23,0,fit: 13,fit: 13,,,,0,0,0,0,2,,
2026-04-18 15:21:42,49,23,23,0,fit: 14,fit: 14,,,,0,0,0,0,2,,
2026-04-18 15:30:13,49,23,23,0,fit: 13,fit: 13,,,,0,0,0,0,2,,
2026-04-18 16:41:59,49,23,23,0,fit: 12,fit: 12,,,,0,0,0,0,2,,
2026-04-18 16:45:26,49,23,23,0,fit: 13,fit: 13,,,,0,0,0,0,2,,
2026-04-18 17:12:05,49,23,23,0,fit: 12,fit: 12,,,,0,0,0,0,2,,
2026-04-18 17:20:31,49,23,23,0,fit: 11,fit: 11,,,,0,0,0,0,2,,
2026-04-18 20:36:03,49,23,23,0,fit: 10,fit: 10,,,,0,0,0,0,2,,
2026-04-18 20:51:05,49,23,23,0,"fit: 10, efit: 1","fit: 10, efit: 1",,,,0,0,0,0,2,,
2026-04-18 23:41:32,49,23,23,0,"fit: 10, efit: 2","fit: 10, efit: 2",,,,0,0,0,0,2,,
2026-04-19 00:01:35,49,23,23,0,"fit: 10, efit: 2","fit: 10, efit: 2",,,,0,0,0,0,2,,
2026-04-19 11:45:28,49,23,23,0,"fit: 10, efit: 3","fit: 10, efit: 3",,,,0,0,0,0,2,,
2026-04-19 12:30:37,49,23,23,0,"fit: 11, efit: 4","fit: 11, efit: 4",,,,0,0,0,0,2,,
2026-04-19 13:20:47,49,23,23,0,"fit: 11, efit: 3","fit: 11, efit: 3",,,,0,0,0,0,2,,
2026-04-19 13:35:50,49,23,23,0,"fit: 11, efit: 2","fit: 11, efit: 2",,,,0,0,0,0,2,,
2026-04-19 16:41:25,49,23,23,0,"fit: 12, efit: 2","fit: 12, efit: 2",,,,0,0,0,0,2,,
2026-04-19 16:41:41,49,23,23,0,"fit: 12, efit: 1","fit: 12, efit: 1",,,,0,0,0,0,2,,
2026-04-19 17:54:22,49,23,23,0,"fit: 12, efit: 2","fit: 12, efit: 2",,,,0,0,0,0,2,,
2026-04-19 17:56:39,49,23,23,0,"fit: 12, efit: 1","fit: 12, efit: 1",,,,0,0,0,0,2,,
2026-04-19 18:49:31,49,23,23,0,fit: 12,fit: 12,,,,0,0,0,0,2,,
2026-04-19 20:34:48,49,23,23,0,"fit: 12, efit: 1","fit: 12, efit: 1",,,,0,0,0,0,2,,
2026-04-19 21:22:18,49,23,23,0,fit: 13,fit: 13,,,,0,0,0,0,2,,
2026-04-20 00:00:20,49,23,23,0,fit: 13,fit: 13,,,,0,0,0,0,2,,
2026-04-20 00:32:53,49,23,23,0,"fit: 13, efit: 1","fit: 13, efit: 1",,,,0,0,0,0,2,,
2026-04-20 01:23:02,49,23,23,0,fit: 13,fit: 13,,,,0,0,0,0,2,,
2026-04-20 06:41:22,49,23,23,0,"fit: 13, efit: 1","fit: 13, efit: 1",,,,0,0,0,0,2,,
2026-04-20 08:04:16,49,23,23,0,"fit: 13, efit: 2","fit: 13, efit: 2",,,,0,0,0,0,2,,
2026-04-20 08:14:18,49,23,23,0,"fit: 13, efit: 3","fit: 13, efit: 3",,,,0,0,0,0,2,,
2026-04-20 09:24:31,49,23,23,0,"fit: 14, efit: 3","fit: 14, efit: 3",,,,0,0,0,0,2,,
2026-04-20 09:29:32,49,23,23,0,"fit: 14, efit: 4","fit: 14, efit: 4",,,,0,0,0,0,2,,
2026-04-20 09:31:49,49,23,23,0,"fit: 15, efit: 4","fit: 15, efit: 4",,,,0,0,0,0,2,,
2026-04-20 09:39:34,49,23,23,0,"fit: 15, efit: 5","fit: 15, efit: 5",,,,0,0,0,0,2,,
2026-04-20 09:44:35,49,23,23,0,"fit: 15, efit: 6","fit: 15, efit: 6",,,,0,0,0,0,2,,
2026-04-20 09:46:52,49,23,23,0,"fit: 15, efit: 7","fit: 15, efit: 7",,,,0,0,0,0,2,,
2026-04-20 10:00:15,49,23,23,0,"fit: 15, efit: 8","fit: 15, efit: 8",,,,0,0,0,0,2,,
2026-04-20 12:40:12,49,23,23,0,"fit: 15, efit: 6","fit: 15, efit: 6",,,,0,0,0,0,2,,
2026-04-20 13:05:17,49,23,23,0,"fit: 15, efit: 7","fit: 15, efit: 7",,,,0,0,0,0,2,,
2026-04-20 13:10:18,49,23,23,0,"fit: 15, efit: 6","fit: 15, efit: 6",,,,0,0,0,0,2,,
2026-04-20 13:17:27,49,23,23,0,"fit: 12, efit: 6","fit: 12, efit: 6",,,,0,0,0,0,2,,
2026-04-20 13:20:20,49,23,23,0,"fit: 9, efit: 6","fit: 9, efit: 6",,,,0,0,0,0,2,,
2026-04-20 13:20:58,49,23,23,0,"fit: 7, efit: 6","fit: 7, efit: 6",,,,0,0,0,0,2,,
2026-04-20 13:30:22,49,23,23,0,"fit: 7, efit: 7","fit: 7, efit: 7",,,,0,0,0,0,2,,
2026-04-20 14:00:28,49,23,23,0,"fit: 7, efit: 6","fit: 7, efit: 6",,,,0,0,0,0,2,,
2026-04-20 14:15:31,49,23,23,0,"fit: 7, efit: 5","fit: 7, efit: 5",,,,0,0,0,0,2,,
2026-04-20 15:26:24,49,23,23,0,"fit: 7, efit: 4","fit: 7, efit: 4",,,,0,0,0,0,2,,
2026-04-20 15:31:25,49,23,23,0,"fit: 7, efit: 3","fit: 7, efit: 3",,,,0,0,0,0,2,,
2026-04-20 15:41:27,49,23,23,0,"fit: 7, efit: 3","fit: 7, efit: 2",,,,0,0,0,0,2,,
2026-04-20 15:52:52,49,23,23,0,"fit: 7, efit: 2","fit: 7, efit: 1",,,,0,0,0,0,2,,
2026-04-20 15:55:50,49,23,23,0,"fit: 7, efit: 1",fit: 7,,,,0,0,0,0,2,,
2026-04-20 16:15:54,49,23,23,0,"fit: 6, efit: 1",fit: 6,,,,0,0,0,0,2,,
2026-04-20 16:40:59,49,23,23,0,"fit: 5, efit: 1",fit: 5,,,,0,0,0,0,2,,
2026-04-20 18:16:17,49,23,23,0,"fit: 5, efit: 2","fit: 5, efit: 1",,,,0,0,0,0,2,,
2026-04-20 18:41:22,49,23,23,0,"fit: 5, efit: 1",fit: 5,,,,0,0,0,0,2,,
2026-04-20 20:01:37,49,23,23,0,"fit: 6, efit: 1",fit: 6,,,,0,0,0,0,2,,
2026-04-21 00:02:22,49,23,23,0,"fit: 6, efit: 1",fit: 6,,,,0,0,0,0,2,,
2026-04-21 07:18:42,49,23,23,0,"fit: 6, efit: 2","fit: 6, efit: 1",,,,0,0,0,0,2,,
2026-04-21 08:38:57,49,23,23,0,"fit: 6, efit: 3","fit: 6, efit: 2",,,,0,0,0,0,2,,
2026-04-21 08:43:58,49,23,23,0,"fit: 6, efit: 4","fit: 6, efit: 3",,,,0,0,0,0,2,,
2026-04-21 08:50:35,49,23,23,0,"fit: 7, efit: 4","fit: 7, efit: 3",,,,0,0,0,0,2,,
2026-04-21 08:54:00,49,23,23,0,"fit: 7, efit: 3","fit: 7, efit: 2",,,,0,0,0,0,2,,
2026-04-21 09:14:04,49,23,23,0,"fit: 7, efit: 4","fit: 7, efit: 3",,,,0,0,0,0,2,,
2026-04-21 09:19:05,49,23,23,0,"fit: 7, efit: 4","fit: 7, efit: 2",,,,0,0,0,0,2,,
2026-04-21 09:29:07,49,23,23,0,"fit: 7, efit: 5","fit: 7, efit: 3",,,,0,0,0,0,2,,
2026-04-21 09:34:08,49,23,23,0,"fit: 7, efit: 6","fit: 7, efit: 4",,,,0,0,0,0,2,,
2026-04-21 09:35:06,49,23,23,0,"fit: 7, efit: 4","fit: 7, efit: 2",,,,0,0,0,0,2,,
2026-04-21 10:44:21,49,23,23,0,"fit: 7, efit: 4","fit: 7, efit: 4",,,,0,0,0,0,2,,
2026-04-21 11:04:25,49,23,23,0,"fit: 7, efit: 3","fit: 7, efit: 3",,,,0,0,0,0,2,,
2026-04-21 11:15:59,49,23,23,0,"fit: 7, efit: 4","fit: 7, efit: 4",,,,0,0,0,0,2,,
2026-04-21 11:50:34,49,23,23,0,"fit: 7, efit: 3","fit: 7, efit: 3",,,,0,0,0,0,2,,
2026-04-21 12:26:11,49,23,23,0,"fit: 8, efit: 3","fit: 8, efit: 3",,,,0,0,0,0,2,,
2026-04-21 13:29:53,49,23,23,0,"fit: 8, efit: 4","fit: 8, efit: 4",,,,0,0,0,0,2,,
2026-04-21 14:55:10,49,23,23,0,"fit: 8, efit: 3","fit: 8, efit: 3",,,,0,0,0,0,2,,
2026-04-21 15:11:16,49,23,23,0,"fit: 8, efit: 2","fit: 8, efit: 2",,,,0,0,0,0,2,,
2026-04-21 15:30:17,49,23,23,0,"fit: 8, efit: 1","fit: 8, efit: 1",,,,0,0,0,0,2,,
2026-04-21 16:11:47,49,23,23,0,"fit: 7, efit: 1","fit: 7, efit: 1",,,,0,0,0,0,2,,
2026-04-21 16:50:33,49,23,23,0,fit: 7,fit: 7,,,,0,0,0,0,2,,
2026-04-21 16:55:34,49,23,23,0,"fit: 7, efit: 1","fit: 7, efit: 1",,,,0,0,0,0,2,,
2026-04-21 17:00:35,49,23,23,0,fit: 7,fit: 7,,,,0,0,0,0,2,,
2026-04-21 17:06:40,49,23,23,0,"fit: 7, efit: 1","fit: 7, efit: 1",,,,0,0,0,0,2,,
2026-04-21 17:25:40,49,23,23,0,fit: 7,fit: 7,,,,0,0,0,0,2,,
2026-04-21 17:41:48,49,23,23,0,"fit: 7, efit: 1","fit: 7, efit: 1",,,,0,0,0,0,2,,
2026-04-21 17:46:49,49,23,23,0,fit: 7,fit: 7,,,,0,0,0,0,2,,
2026-04-21 20:01:11,49,23,23,0,"fit: 7, efit: 1","fit: 7, efit: 1",,,,0,0,0,0,2,,
2026-04-21 20:31:17,49,23,23,0,fit: 7,fit: 7,,,,0,0,0,0,2,,
2026-04-22 00:01:57,49,23,23,0,fit: 7,fit: 7,,,,0,0,0,0,2,,
2026-04-22 06:49:02,49,23,23,0,"fit: 7, efit: 1","fit: 7, efit: 1",,,,0,0,0,0,2,,
2026-04-22 08:09:15,49,23,23,0,"fit: 7, efit: 2","fit: 7, efit: 2",,,,0,0,0,0,2,,
2026-04-22 08:33:31,49,23,23,0,"fit: 7, efit: 4","fit: 7, efit: 4",,,,0,0,0,0,2,,
2026-04-22 08:53:35,49,23,23,0,"fit: 8, efit: 3","fit: 8, efit: 3",,,,0,0,0,0,2,,
2026-04-22 08:58:36,49,23,23,0,"fit: 8, efit: 4","fit: 8, efit: 4",,,,0,0,0,0,2,,
2026-04-22 09:14:26,49,23,23,0,"fit: 8, efit: 3","fit: 8, efit: 3",,,,0,0,0,0,2,,
2026-04-22 09:28:42,49,23,23,0,"fit: 9, efit: 3","fit: 9, efit: 3",,,,0,0,0,0,2,,
2026-04-22 09:29:56,49,23,23,0,"fit: 9, efit: 4","fit: 9, efit: 4",,,,0,0,0,0,2,,
2026-04-22 09:33:43,49,23,23,0,"fit: 9, efit: 3","fit: 9, efit: 3",,,,0,0,0,0,2,,
2026-04-22 09:39:59,49,23,23,0,"fit: 9, efit: 4","fit: 9, efit: 4",,,,0,0,0,0,2,,
2026-04-22 09:43:45,49,23,23,0,"fit: 10, efit: 4","fit: 10, efit: 4",,,,0,0,0,0,2,,
2026-04-22 09:45:00,49,23,23,0,"fit: 10, efit: 5","fit: 10, efit: 5",,,,0,0,0,0,2,,
2026-04-22 09:49:32,49,23,23,0,"fit: 10, efit: 7","fit: 10, efit: 7",,,,0,0,0,0,2,,
2026-04-22 09:58:48,49,23,23,0,"fit: 11, efit: 7","fit: 11, efit: 7",,,,0,0,0,0,2,,
2026-04-22 10:23:54,49,23,23,0,"fit: 12, efit: 6","fit: 12, efit: 6",,,,0,0,0,0,2,,
2026-04-22 10:28:57,49,23,23,0,"fit: 12, efit: 6","fit: 12, efit: 5",efit: 1,,,0,0,0,0,2,,
2026-04-22 10:33:58,49,23,23,0,"fit: 12, efit: 5","fit: 12, efit: 4",efit: 1,,,0,0,0,0,2,,
2026-04-22 10:35:12,49,23,23,0,"fit: 12, efit: 5","fit: 12, efit: 3",efit: 2,,,0,0,0,0,2,,
2026-04-22 10:59:43,49,23,23,0,"fit: 11, efit: 5","fit: 11, efit: 3",efit: 2,,,0,0,0,0,2,,
2026-04-22 11:00:17,49,23,23,0,"fit: 11, efit: 4","fit: 11, efit: 3",efit: 1,,,0,0,0,0,2,,
2026-04-22 11:04:04,49,23,23,0,"fit: 11, efit: 3","fit: 11, efit: 3",,,,0,0,0,0,2,,
2026-04-22 11:09:05,49,23,23,0,"fit: 10, efit: 2","fit: 10, efit: 2",,,,0,0,0,0,2,,
2026-04-22 11:14:06,49,23,23,0,"fit: 9, efit: 2","fit: 9, efit: 2",,,,0,0,0,0,2,,
2026-04-22 11:24:47,49,23,23,0,"fit: 9, efit: 1","fit: 9, efit: 1",,,,0,0,0,0,2,,
2026-04-22 11:49:13,49,23,23,0,"fit: 9, efit: 2","fit: 9, efit: 2",,,,0,0,0,0,2,,
2026-04-22 11:54:14,49,23,23,0,fit: 9,fit: 9,,,,0,0,0,0,2,,
2026-04-22 11:59:15,49,23,23,0,"fit: 9, efit: 1","fit: 9, efit: 1",,,,0,0,0,0,2,,
2026-04-22 12:59:26,49,23,23,0,"fit: 9, efit: 2","fit: 9, efit: 2",,,,0,0,0,0,2,,
2026-04-22 13:09:28,49,23,23,0,"fit: 9, efit: 3","fit: 9, efit: 3",,,,0,0,0,0,2,,
2026-04-22 13:19:30,49,23,23,0,"fit: 10, efit: 2","fit: 10, efit: 2",,,,0,0,0,0,2,,
2026-04-22 14:09:40,49,23,23,0,"fit: 9, efit: 2","fit: 9, efit: 2",,,,0,0,0,0,2,,
2026-04-22 14:20:16,49,23,23,0,"fit: 9, efit: 3","fit: 9, efit: 3",,,,0,0,0,0,2,,
2026-04-22 14:29:44,49,23,23,0,"fit: 9, efit: 2","fit: 9, efit: 2",,,,0,0,0,0,2,,
2026-04-22 14:49:56,49,23,23,0,"fit: 9, efit: 3","fit: 9, efit: 3",,,,0,0,0,0,2,,
2026-04-22 14:59:59,49,23,23,0,"fit: 9, efit: 4","fit: 9, efit: 4",,,,0,0,0,0,2,,
2026-04-22 15:10:01,49,23,23,0,"fit: 10, efit: 2","fit: 10, efit: 2",,,,0,0,0,0,2,,
2026-04-22 15:25:04,49,23,23,0,"fit: 10, efit: 1","fit: 10, efit: 1",,,,0,0,0,0,2,,
2026-04-22 15:50:08,49,23,23,0,fit: 10,fit: 10,,,,0,0,0,0,2,,
2026-04-22 16:35:14,49,23,23,0,fit: 9,fit: 9,,,,0,0,0,0,2,,
2026-04-22 16:45:16,49,23,23,0,fit: 8,fit: 8,,,,0,0,0,0,2,,
2026-04-22 16:50:16,49,23,23,0,"fit: 8, efit: 1","fit: 8, efit: 1",,,,0,0,0,0,2,,
2026-04-22 17:00:18,49,23,23,0,"fit: 8, efit: 2","fit: 8, efit: 2",,,,0,0,0,0,2,,
2026-04-22 17:25:22,49,23,23,0,"fit: 8, efit: 1","fit: 8, efit: 1",,,,0,0,0,0,2,,
2026-04-22 17:31:15,49,23,23,0,"fit: 8, efit: 2","fit: 8, efit: 2",,,,0,0,0,0,2,,
2026-04-22 17:50:26,49,23,23,0,"fit: 8, efit: 1","fit: 8, efit: 1",,,,0,0,0,0,2,,
2026-04-22 18:05:29,49,23,23,0,fit: 9,fit: 9,,,,0,0,0,0,2,,
2026-04-22 18:20:31,49,23,23,0,fit: 7,fit: 7,,,,0,0,0,0,2,,
2026-04-22 19:55:47,49,23,23,0,"fit: 7, efit: 2","fit: 7, efit: 2",,,,0,0,0,0,2,,
2026-04-22 20:41:53,49,23,23,0,"fit: 7, efit: 1","fit: 7, efit: 1",,,,0,0,0,0,2,,
2026-04-23 00:01:24,49,23,23,0,"fit: 7, efit: 1","fit: 7, efit: 1",,,,0,0,0,0,2,,
2026-04-23 07:57:31,49,23,23,0,"fit: 7, efit: 2","fit: 7, efit: 2",,,,0,0,0,0,2,,
2026-04-23 08:27:35,49,23,23,0,"fit: 7, efit: 3","fit: 7, efit: 3",,,,0,0,0,0,2,,
2026-04-23 08:42:37,49,23,23,0,"fit: 8, efit: 2","fit: 8, efit: 2",,,,0,0,0,0,2,,
2026-04-23 08:47:38,49,23,23,0,"fit: 8, efit: 3","fit: 8, efit: 3",,,,0,0,0,0,2,,
2026-04-23 08:52:39,49,23,23,0,"fit: 8, efit: 4","fit: 8, efit: 4",,,,0,0,0,0,2,,
2026-04-23 08:57:40,49,23,23,0,"fit: 9, efit: 4","fit: 9, efit: 4",,,,0,0,0,0,2,,
2026-04-23 09:08:44,49,23,23,0,"fit: 9, efit: 5","fit: 9, efit: 5",,,,0,0,0,0,2,,
2026-04-23 09:12:42,49,23,23,0,"fit: 10, efit: 4","fit: 10, efit: 4",,,,0,0,0,0,2,,
2026-04-23 09:17:42,49,23,23,0,"fit: 10, efit: 6","fit: 10, efit: 6",,,,0,0,0,0,2,,
2026-04-23 09:32:45,49,23,23,0,"fit: 10, efit: 7","fit: 10, efit: 7",,,,0,0,0,0,2,,
2026-04-23 09:42:46,49,23,23,0,"fit: 10, efit: 8","fit: 10, efit: 8",,,,0,0,0,0,2,,
2026-04-23 09:58:54,49,23,23,0,"fit: 10, efit: 9","fit: 10, efit: 9",,,,0,0,0,0,2,,
2026-04-23 10:03:55,49,23,23,0,"fit: 10, efit: 8","fit: 10, efit: 8",,,,0,0,0,0,2,,
2026-04-23 10:22:52,49,23,23,0,"fit: 11, efit: 8","fit: 11, efit: 8",,,,0,0,0,0,2,,
2026-04-23 10:47:56,49,23,23,0,"fit: 11, efit: 9","fit: 11, efit: 9",,,,0,0,0,0,2,,
2026-04-23 11:02:58,49,23,23,0,"fit: 11, efit: 8","fit: 11, efit: 8",,,,0,0,0,0,2,,
2026-04-23 11:07:59,49,23,23,0,"fit: 11, efit: 9","fit: 11, efit: 9",,,,0,0,0,0,2,,
2026-04-23 11:09:09,49,23,23,0,"fit: 11, efit: 8","fit: 11, efit: 8",,,,0,0,0,0,2,,
2026-04-23 11:28:02,49,23,23,0,"fit: 11, efit: 7","fit: 11, efit: 7",,,,0,0,0,0,2,,
2026-04-23 11:43:05,49,23,23,0,"fit: 12, efit: 6","fit: 12, efit: 6",,,,0,0,0,0,2,,
2026-04-23 12:19:24,49,23,23,0,"fit: 12, efit: 7","fit: 12, efit: 7",,,,0,0,0,0,2,,
2026-04-23 12:38:13,49,23,23,0,"fit: 12, efit: 8","fit: 12, efit: 8",,,,0,0,0,0,2,,
2026-04-23 12:44:53,49,23,23,0,"fit: 12, efit: 9","fit: 12, efit: 9",,,,0,0,0,0,2,,
2026-04-23 12:48:14,49,23,23,0,"fit: 12, efit: 10","fit: 12, efit: 10",,,,0,0,0,0,2,,
2026-04-23 13:14:35,49,23,23,0,"fit: 12, efit: 9","fit: 12, efit: 9",,,,0,0,0,0,2,,
2026-04-23 13:35:03,49,23,23,0,"fit: 13, efit: 9","fit: 13, efit: 9",,,,0,0,0,0,2,,
2026-04-23 13:38:22,49,23,23,0,"fit: 13, efit: 8","fit: 13, efit: 8",,,,0,0,0,0,2,,
2026-04-23 14:05:08,49,23,23,0,"fit: 13, efit: 9","fit: 13, efit: 9",,,,0,0,0,0,2,,
2026-04-23 14:08:26,49,23,23,0,"fit: 14, efit: 9","fit: 14, efit: 9",,,,0,0,0,0,2,,
2026-04-23 14:13:27,49,23,23,0,"fit: 14, efit: 8","fit: 14, efit: 8",,,,0,0,0,0,2,,
2026-04-23 14:14:48,49,23,23,0,"fit: 14, efit: 7","fit: 14, efit: 7",,,,0,0,0,0,2,,
2026-04-23 14:19:49,49,23,23,0,"fit: 14, efit: 6","fit: 14, efit: 6",,,,0,0,0,0,2,,
2026-04-23 14:49:55,49,23,23,0,"fit: 14, efit: 5","fit: 14, efit: 5",,,,0,0,0,0,2,,
2026-04-23 14:59:57,49,23,23,0,"fit: 14, efit: 6","fit: 14, efit: 6",,,,0,0,0,0,2,,
2026-04-23 15:15:22,49,23,23,0,"fit: 14, efit: 5","fit: 14, efit: 5",,,,0,0,0,0,2,,
2026-04-23 15:18:36,49,23,23,0,"fit: 14, efit: 2","fit: 14, efit: 2",,,,0,0,0,0,2,,
2026-04-23 15:33:39,49,23,23,0,fit: 14,fit: 14,,,,0,0,0,0,2,,
2026-04-23 15:48:41,49,23,23,0,fit: 13,fit: 13,,,,0,0,0,0,2,,
2026-04-23 16:35:38,49,23,23,0,fit: 12,fit: 12,,,,0,0,0,0,2,,
2026-04-23 16:38:49,49,23,23,0,fit: 11,fit: 11,,,,0,0,0,0,2,,
2026-04-23 16:58:53,49,23,23,0,fit: 9,fit: 9,,,,0,0,0,0,2,,
2026-04-23 17:25:30,49,23,23,0,fit: 8,fit: 8,,,,0,0,0,0,2,,
2026-04-23 17:30:31,49,23,23,0,fit: 7,fit: 7,,,,0,0,0,0,2,,
2026-04-23 18:00:38,49,23,23,0,fit: 6,fit: 6,,,,0,0,0,0,2,,
2026-04-23 18:04:05,49,23,23,0,fit: 3,fit: 3,,,,0,0,0,0,2,,
2026-04-23 18:05:39,49,23,23,0,,,,,,0,0,0,0,2,,
2026-04-23 18:29:09,49,23,23,0,fit: 3,fit: 3,,,,0,0,0,0,2,,
2026-04-23 18:54:13,49,23,23,0,fit: 2,fit: 2,,,,0,0,0,0,2,,
2026-04-23 19:00:52,49,23,23,0,fit: 1,fit: 1,,,,0,0,0,0,2,,
2026-04-23 19:01:10,49,23,23,0,,,,,,0,0,0,0,2,,
2026-04-23 20:39:31,49,23,23,0,efit: 1,efit: 1,,,,0,0,0,0,2,,
2026-04-23 22:04:44,49,23,23,0,fit: 1,fit: 1,,,,0,0,0,0,2,,
2026-04-23 22:26:38,49,23,23,0,fit: 2,fit: 2,,,,0,0,0,0,2,,
2026-04-23 22:26:50,49,23,23,0,fit: 3,fit: 3,,,,0,0,0,0,2,,
2026-04-23 23:09:53,49,23,23,0,"fit: 4, efit: 1","fit: 4, efit: 1",,,,0,0,0,0,2,,
2026-04-23 23:14:54,49,23,23,0,fit: 5,fit: 5,,,,0,0,0,0,2,,
2026-04-23 23:29:57,49,23,23,0,"fit: 9, efit: 1","fit: 9, efit: 1",,,,0,0,0,0,2,,
2026-04-23 23:32:03,49,23,23,0,"fit: 10, efit: 1","fit: 10, efit: 1",,,,0,0,0,0,2,,
2026-04-24 00:00:03,49,23,23,0,"fit: 10, efit: 1","fit: 10, efit: 1",,,,0,0,0,0,2,,
2026-04-24 01:12:14,49,23,23,0,"fit: 11, efit: 1","fit: 11, efit: 1",,,,0,0,0,0,2,,
2026-04-24 07:13:24,49,23,23,0,"fit: 11, efit: 2","fit: 11, efit: 2",,,,0,0,0,0,2,,
2026-04-24 07:23:25,49,23,23,0,"fit: 11, efit: 3","fit: 11, efit: 3",,,,0,0,0,0,2,,
2026-04-24 08:36:18,49,23,23,0,"fit: 11, efit: 5","fit: 11, efit: 5",,,,0,0,0,0,2,,
2026-04-24 08:56:21,49,23,23,0,"fit: 11, efit: 6","fit: 11, efit: 6",,,,0,0,0,0,2,,
2026-04-24 09:01:22,49,23,23,0,"fit: 12, efit: 5","fit: 12, efit: 5",,,,0,0,0,0,2,,
2026-04-24 09:13:43,49,23,23,0,"fit: 12, efit: 6","fit: 12, efit: 6",,,,0,0,0,0,2,,
2026-04-24 09:23:45,49,23,23,0,"fit: 12, efit: 7","fit: 12, efit: 6",efit: 1,,,0,0,0,0,2,,
2026-04-24 09:33:47,49,23,23,0,"fit: 12, efit: 8","fit: 12, efit: 6",efit: 1,,,0,0,0,0,2,,
2026-04-24 09:36:27,49,23,23,0,"fit: 12, efit: 7","fit: 12, efit: 5",efit: 1,,,0,0,0,0,2,,
2026-04-24 09:43:49,49,23,23,0,"fit: 13, efit: 7","fit: 13, efit: 5",efit: 1,,,0,0,0,0,2,,
2026-04-24 09:46:29,49,23,23,0,"fit: 13, efit: 6","fit: 13, efit: 4",efit: 1,,,0,0,0,0,2,,
2026-04-24 09:48:50,49,23,23,0,"fit: 14, efit: 6","fit: 14, efit: 4",efit: 1,,,0,0,0,0,2,,
2026-04-24 09:51:30,49,23,23,0,"fit: 14, efit: 5","fit: 14, efit: 3",efit: 1,,,0,0,0,0,2,,
2026-04-24 09:53:51,49,23,23,0,"fit: 14, efit: 6","fit: 14, efit: 4",efit: 1,,,0,0,0,0,2,,
2026-04-24 10:03:53,49,23,23,0,"fit: 14, efit: 7","fit: 14, efit: 5",efit: 1,,,0,0,0,0,2,,
2026-04-24 10:18:56,49,23,23,0,"fit: 14, efit: 8","fit: 14, efit: 6",efit: 1,,,0,0,0,0,2,,
2026-04-24 11:44:13,49,23,23,0,"fit: 12, efit: 8","fit: 12, efit: 6",efit: 1,,,0,0,0,0,2,,
2026-04-24 11:46:48,49,23,23,0,"fit: 13, efit: 7","fit: 13, efit: 5",efit: 1,,,0,0,0,0,2,,
2026-04-24 11:51:48,49,23,23,0,"fit: 13, efit: 8","fit: 13, efit: 6",efit: 1,,,0,0,0,0,2,,
2026-04-24 11:59:16,49,23,23,0,"fit: 12, efit: 8","fit: 12, efit: 6",efit: 1,,,0,0,0,0,2,,
2026-04-24 12:01:50,49,23,23,0,"fit: 11, efit: 8","fit: 11, efit: 6",efit: 1,,,0,0,0,0,2,,
2026-04-24 12:06:51,49,23,23,0,"fit: 11, efit: 9","fit: 11, efit: 7",efit: 1,,,0,0,0,0,2,,
2026-04-24 12:29:22,49,23,23,0,"fit: 11, efit: 8","fit: 11, efit: 6",efit: 1,,,0,0,0,0,2,,
2026-04-24 12:34:22,49,23,23,0,"fit: 11, efit: 7","fit: 11, efit: 5",efit: 1,,,0,0,0,0,2,,
2026-04-24 12:54:26,49,23,23,0,"fit: 12, efit: 7","fit: 12, efit: 5",efit: 1,,,0,0,0,0,2,,
2026-04-24 12:56:59,49,23,23,0,"fit: 14, efit: 7","fit: 14, efit: 5",efit: 1,,,0,0,0,0,2,,
2026-04-24 12:59:27,49,23,23,0,"fit: 14, efit: 6","fit: 14, efit: 4",efit: 1,,,0,0,0,0,2,,
2026-04-24 13:14:30,49,23,23,0,"fit: 14, efit: 5","fit: 14, efit: 3",efit: 1,,,0,0,0,0,2,,
2026-04-24 13:24:32,49,23,23,0,"fit: 15, efit: 5","fit: 15, efit: 3",efit: 1,,,0,0,0,0,2,,
2026-04-24 13:54:38,49,23,23,0,"fit: 15, efit: 6","fit: 15, efit: 4",efit: 1,,,0,0,0,0,2,,
2026-04-24 13:59:39,49,23,23,0,"fit: 16, efit: 5","fit: 16, efit: 3",efit: 1,,,0,0,0,0,2,,
2026-04-24 14:17:11,49,23,23,0,"fit: 15, efit: 5","fit: 15, efit: 4",,,,0,0,0,0,2,,
2026-04-24 14:19:43,49,23,23,0,"fit: 13, efit: 5","fit: 13, efit: 4",,,,0,0,0,0,2,,
2026-04-24 14:22:11,49,23,23,0,"fit: 11, efit: 5","fit: 11, efit: 4",,,,0,0,0,0,2,,
2026-04-24 14:24:44,49,23,23,0,"fit: 11, efit: 6","fit: 11, efit: 6",,,,0,0,0,0,2,,
2026-04-24 14:29:44,49,23,23,0,"fit: 11, efit: 5","fit: 11, efit: 5",,,,0,0,0,0,2,,
2026-04-24 14:34:46,49,23,23,0,"fit: 11, efit: 4","fit: 11, efit: 4",,,,0,0,0,0,2,,
2026-04-24 14:42:14,49,23,23,0,"fit: 11, efit: 3","fit: 11, efit: 3",,,,0,0,0,0,2,,
2026-04-24 15:19:54,49,23,23,0,"fit: 11, efit: 2","fit: 11, efit: 2",,,,0,0,0,0,2,,
2026-04-24 15:27:21,49,23,23,0,"fit: 12, efit: 2","fit: 12, efit: 2",,,,0,0,0,0,2,,
2026-04-24 15:32:22,49,23,23,0,"fit: 12, efit: 1","fit: 12, efit: 1",,,,0,0,0,0,2,,
2026-04-24 15:34:57,49,23,23,0,fit: 12,fit: 12,,,,0,0,0,0,2,,
2026-04-24 16:30:09,49,23,23,0,"fit: 12, efit: 1",fit: 12,efit: 1,,,0,0,0,0,2,,
2026-04-24 16:32:32,49,23,23,0,"fit: 11, efit: 1",fit: 11,efit: 1,,,0,0,0,0,2,,
2026-04-24 16:35:10,49,23,23,0,"fit: 9, efit: 1",fit: 9,efit: 1,,,0,0,0,0,2,,
2026-04-24 16:37:32,49,23,23,0,"fit: 11, efit: 1",fit: 11,efit: 1,,,0,0,0,0,2,,
2026-04-24 16:40:11,49,23,23,0,"fit: 11, efit: 2","fit: 11, efit: 1",efit: 1,,,0,0,0,0,2,,
2026-04-24 17:02:36,49,23,23,0,"fit: 12, efit: 1",fit: 12,efit: 1,,,0,0,0,0,2,,
2026-04-24 18:22:49,49,23,23,0,"fit: 13, efit: 1",fit: 13,efit: 1,,,0,0,0,0,2,,
2026-04-24 18:27:49,49,23,23,0,"fit: 13, efit: 2","fit: 13, efit: 1",efit: 1,,,0,0,0,0,2,,
2026-04-24 18:55:37,49,23,23,0,"fit: 13, efit: 1",fit: 13,efit: 1,,,0,0,0,0,2,,
2026-04-24 18:55:50,49,23,23,0,"fit: 12, efit: 1",fit: 12,efit: 1,,,0,0,0,0,2,,
2026-04-24 19:00:38,49,23,23,0,"fit: 12, efit: 2","fit: 12, efit: 1",efit: 1,,,0,0,0,0,2,,
2026-04-24 19:10:40,49,23,23,0,"fit: 12, efit: 1",fit: 12,efit: 1,,,0,0,0,0,2,,
2026-04-24 19:12:56,49,23,23,0,"fit: 12, efit: 2","fit: 12, efit: 1",efit: 1,,,0,0,0,0,2,,
2026-04-24 19:43:01,49,23,23,0,"fit: 10, efit: 2","fit: 10, efit: 1",efit: 1,,,0,0,0,0,2,,
2026-04-24 20:13:05,49,23,23,0,"fit: 11, efit: 2","fit: 11, efit: 1",efit: 1,,,0,0,0,0,2,,
2026-04-24 20:15:53,49,23,23,0,"fit: 11, efit: 1",fit: 11,efit: 1,,,0,0,0,0,2,,
2026-04-24 21:03:13,49,23,23,0,"fit: 9, efit: 1",fit: 9,efit: 1,,,0,0,0,0,2,,
2026-04-24 21:06:18,49,23,23,0,"fit: 9, efit: 2","fit: 9, efit: 1",efit: 1,,,0,0,0,0,2,,
2026-04-24 21:31:08,49,23,23,0,"fit: 9, efit: 2",fit: 9,efit: 1,,,0,0,0,0,2,,
2026-04-24 22:36:20,49,23,23,0,"fit: 9, efit: 3","fit: 9, efit: 1",efit: 1,,,0,0,0,0,2,,
2026-04-24 22:51:22,49,23,23,0,"fit: 9, efit: 5","fit: 9, efit: 3",efit: 1,,,0,0,0,0,2,,
2026-04-24 23:13:32,49,23,23,0,"fit: 10, efit: 4","fit: 10, efit: 2",efit: 1,,,0,0,0,0,2,,
2026-04-24 23:18:33,49,23,23,0,"fit: 12, efit: 4","fit: 12, efit: 2",efit: 1,,,0,0,0,0,2,,
2026-04-25 00:01:35,49,23,23,0,"fit: 12, efit: 4","fit: 12, efit: 2",efit: 1,,,0,0,0,0,2,,
2026-04-25 11:28:39,49,23,23,0,"fit: 13, efit: 3","fit: 13, efit: 1",efit: 1,,,0,0,0,0,2,,
2026-04-25 12:13:47,49,23,23,0,"fit: 14, efit: 2",fit: 14,efit: 1,,,0,0,0,0,2,,
2026-04-25 12:35:25,49,23,23,0,"fit: 14, efit: 3","fit: 14, efit: 1",efit: 1,,,0,0,0,0,2,,
2026-04-25 12:55:28,49,23,23,0,"fit: 15, efit: 4","fit: 15, efit: 2",efit: 1,,,0,0,0,0,2,,
2026-04-25 12:58:55,49,23,23,0,"fit: 15, efit: 2",fit: 15,efit: 1,,,0,0,0,0,2,,
2026-04-25 14:04:45,49,23,23,0,"fit: 16, efit: 2",fit: 16,efit: 1,,,0,0,0,0,2,,
2026-04-25 14:05:38,49,23,23,0,"fit: 15, efit: 2",fit: 15,efit: 1,,,0,0,0,0,2,,
2026-04-25 14:14:09,49,23,23,0,"fit: 15, efit: 3","fit: 15, efit: 1",efit: 1,,,0,0,0,0,2,,
2026-04-25 14:30:41,49,23,23,0,"fit: 15, efit: 4","fit: 15, efit: 2",efit: 1,,,0,0,0,0,2,,
2026-04-25 14:54:17,49,23,23,0,"fit: 15, efit: 5","fit: 15, efit: 3",efit: 1,,,0,0,0,0,2,,
2026-04-25 15:25:02,49,23,23,0,"fit: 15, efit: 3","fit: 15, efit: 1",efit: 1,,,0,0,0,0,2,,
2026-04-25 15:44:26,49,23,23,0,"fit: 14, efit: 2",fit: 14,efit: 1,,,0,0,0,0,2,,
2026-04-25 16:14:32,49,23,23,0,"fit: 16, efit: 2",fit: 16,efit: 1,,,0,0,0,0,2,,
2026-04-25 16:25:15,49,23,23,0,"fit: 15, efit: 2",fit: 15,efit: 1,,,0,0,0,0,2,,
2026-04-25 16:49:39,49,23,23,0,"fit: 16, efit: 2",fit: 16,efit: 1,,,0,0,0,0,2,,
2026-04-25 17:04:42,49,23,23,0,"fit: 16, efit: 3","fit: 16, efit: 1",efit: 1,,,0,0,0,0,2,,
2026-04-25 17:34:48,49,23,23,0,"fit: 16, efit: 5","fit: 16, efit: 3",efit: 1,,,0,0,0,0,2,,
2026-04-25 17:49:51,49,23,23,0,"fit: 16, efit: 4","fit: 16, efit: 2",efit: 1,,,0,0,0,0,2,,
2026-04-25 18:04:54,49,23,23,0,"fit: 16, efit: 3","fit: 16, efit: 1",efit: 1,,,0,0,0,0,2,,
2026-04-25 18:09:54,49,23,23,0,"fit: 16, efit: 2",fit: 16,efit: 1,,,0,0,0,0,2,,
2026-04-25 19:05:05,49,23,23,0,"fit: 17, efit: 2",fit: 17,efit: 1,,,0,0,0,0,2,,
2026-04-25 19:30:10,49,23,23,0,"fit: 17, efit: 5","fit: 17, efit: 3",efit: 1,,,0,0,0,0,2,,
2026-04-25 20:05:17,49,23,23,0,"fit: 15, efit: 5","fit: 15, efit: 3",efit: 1,,,0,0,0,0,2,,
2026-04-25 20:10:18,49,23,23,0,"fit: 13, efit: 6","fit: 13, efit: 4",efit: 1,,,0,0,0,0,2,,
2026-04-25 20:11:33,49,23,23,0,"fit: 12, efit: 7","fit: 12, efit: 5",efit: 1,,,0,0,0,0,2,,
2026-04-25 21:55:37,49,23,23,0,"fit: 12, efit: 6","fit: 12, efit: 4",efit: 1,,,0,0,0,0,2,,
2026-04-25 23:35:56,49,23,23,0,"fit: 12, efit: 5","fit: 12, efit: 3",efit: 1,,,0,0,0,0,2,,
2026-04-26 00:01:01,49,23,23,0,"fit: 12, efit: 5","fit: 12, efit: 3",efit: 1,,,0,0,0,0,2,,
2026-04-26 01:16:15,49,23,23,0,"fit: 12, efit: 3","fit: 12, efit: 1",efit: 1,,,0,0,0,0,2,,
2026-04-26 02:26:27,49,23,23,0,"fit: 12, efit: 5","fit: 12, efit: 1",efit: 1,,,0,0,0,0,2,,
2026-04-26 08:18:13,49,23,23,0,"fit: 13, efit: 5","fit: 13, efit: 1",efit: 1,,,0,0,0,0,2,,
2026-04-26 08:22:31,49,23,23,0,"fit: 13, efit: 4",fit: 13,efit: 1,,,0,0,0,0,2,,
2026-04-26 09:22:42,49,23,23,0,"fit: 13, efit: 4",fit: 13,efit: 2,,,0,0,0,0,2,,
2026-04-26 10:49:00,49,23,23,0,"fit: 13, efit: 5","fit: 13, efit: 1",efit: 2,,,0,0,0,0,2,,
2026-04-26 12:13:47,49,23,23,0,"fit: 13, efit: 6","fit: 13, efit: 2",efit: 2,,,0,0,0,0,2,,
2026-04-26 14:53:46,49,23,23,0,"fit: 13, efit: 7","fit: 13, efit: 3",efit: 2,,,0,0,0,0,2,,
2026-04-26 15:28:54,49,23,23,0,"fit: 13, efit: 6","fit: 13, efit: 2",efit: 2,,,0,0,0,0,2,,
2026-04-26 15:59:00,49,23,23,0,"fit: 13, efit: 7","fit: 13, efit: 3",efit: 2,,,0,0,0,0,2,,
2026-04-26 16:09:02,49,23,23,0,"fit: 13, efit: 8","fit: 13, efit: 4",efit: 2,,,0,0,0,0,2,,
2026-04-26 17:29:17,49,23,23,0,"fit: 13, efit: 9","fit: 13, efit: 5",efit: 2,,,0,0,0,0,2,,
2026-04-26 17:45:31,49,23,23,0,"fit: 13, efit: 8","fit: 13, efit: 4",efit: 2,,,0,0,0,0,2,,
2026-04-26 18:14:26,49,23,23,0,"fit: 13, efit: 9","fit: 13, efit: 5",efit: 2,,,0,0,0,0,2,,
2026-04-27 00:00:32,49,23,23,0,"fit: 13, efit: 9","fit: 13, efit: 5",efit: 2,,,0,0,0,0,2,,
2026-04-27 00:15:33,49,23,23,0,"fit: 13, efit: 8","fit: 13, efit: 4",efit: 2,,,0,0,0,0,2,,
2026-04-27 03:41:04,49,23,23,0,"fit: 10, efit: 8","fit: 10, efit: 4",efit: 1,,,0,0,0,0,2,,
2026-04-27 03:42:36,49,23,23,0,"fit: 14, efit: 8","fit: 14, efit: 4",efit: 1,,,0,0,0,0,2,,
2026-04-27 04:21:09,49,23,23,0,"fit: 14, efit: 8","fit: 14, efit: 4",efit: 2,,,0,0,0,0,2,,
2026-04-27 06:41:29,49,23,23,0,"fit: 14, efit: 8","fit: 14, efit: 4",efit: 3,,,0,0,0,0,2,,
2026-04-27 06:46:30,49,23,23,0,"fit: 14, efit: 9","fit: 14, efit: 5",efit: 3,,,0,0,0,0,2,,
2026-04-27 09:21:53,49,23,23,0,"fit: 14, efit: 8","fit: 14, efit: 4",efit: 3,,,0,0,0,0,2,,
2026-04-27 09:33:49,49,23,23,0,"fit: 14, efit: 8","fit: 14, efit: 4",efit: 4,,,0,0,0,0,2,,
2026-04-27 09:36:55,49,23,23,0,"fit: 14, efit: 9","fit: 14, efit: 5",efit: 4,,,0,0,0,0,2,,
2026-04-27 10:49:05,49,23,23,0,"fit: 14, efit: 8","fit: 14, efit: 4",efit: 4,,,0,0,0,0,2,,
2026-04-27 11:02:12,49,23,23,0,"fit: 14, efit: 7","fit: 14, efit: 6",efit: 1,,,0,0,0,0,2,,
2026-04-27 11:04:08,49,23,23,0,"fit: 13, efit: 6","fit: 13, efit: 6",,,,0,0,0,0,2,,
2026-04-27 11:07:12,49,23,23,0,"fit: 12, efit: 6","fit: 12, efit: 6",,,,0,0,0,0,2,,
2026-04-27 11:07:33,49,23,23,0,"fit: 11, efit: 6","fit: 11, efit: 6",,,,0,0,0,0,2,,
2026-04-27 11:09:09,49,23,23,0,"fit: 9, efit: 6","fit: 9, efit: 6",,,,0,0,0,0,2,,
2026-04-27 11:12:13,49,23,23,0,"fit: 6, efit: 5","fit: 6, efit: 5",,,,0,0,0,0,2,,
2026-04-27 11:54:18,49,23,23,0,"fit: 6, efit: 4","fit: 6, efit: 4",,,,0,0,0,0,2,,
2026-04-27 12:07:22,49,23,23,0,"fit: 6, efit: 3","fit: 6, efit: 3",,,,0,0,0,0,2,,
2026-04-27 12:22:24,49,23,23,0,"fit: 6, efit: 4","fit: 6, efit: 4",,,,0,0,0,0,2,,
2026-04-27 12:42:52,49,23,23,0,"fit: 6, efit: 5","fit: 6, efit: 5",,,,0,0,0,0,2,,
2026-04-27 12:47:28,49,23,23,0,"fit: 6, efit: 4","fit: 6, efit: 4",,,,0,0,0,0,2,,
2026-04-27 12:49:30,49,23,23,0,"fit: 6, efit: 3","fit: 6, efit: 3",,,,0,0,0,0,2,,
2026-04-27 13:04:33,49,23,23,0,"fit: 6, efit: 4","fit: 6, efit: 4",,,,0,0,0,0,2,,
2026-04-27 13:37:35,49,23,23,0,"fit: 6, efit: 3","fit: 6, efit: 3",,,,0,0,0,0,2,,
2026-04-27 13:54:44,49,23,23,0,"fit: 6, efit: 2","fit: 6, efit: 2",,,,0,0,0,0,2,,
2026-04-27 13:59:45,49,23,23,0,"fit: 6, efit: 3","fit: 6, efit: 3",,,,0,0,0,0,2,,
2026-04-27 15:02:49,49,23,23,0,"fit: 6, efit: 2","fit: 6, efit: 2",,,,0,0,0,0,2,,
2026-04-27 15:20:03,49,23,23,0,"fit: 7, efit: 2","fit: 7, efit: 2",,,,0,0,0,0,2,,
2026-04-27 15:22:52,49,23,23,0,"fit: 6, efit: 2","fit: 6, efit: 2",,,,0,0,0,0,2,,
2026-04-27 15:35:06,49,23,23,0,"fit: 6, efit: 3","fit: 6, efit: 3",,,,0,0,0,0,2,,
2026-04-27 15:57:59,49,23,23,0,"fit: 6, efit: 4","fit: 6, efit: 4",,,,0,0,0,0,2,,
2026-04-27 16:08:02,49,23,23,0,"fit: 6, efit: 3","fit: 6, efit: 3",,,,0,0,0,0,2,,
2026-04-27 16:55:26,49,23,23,0,"fit: 6, efit: 2","fit: 6, efit: 2",,,,0,0,0,0,2,,
2026-04-27 17:08:12,49,23,23,0,"fit: 7, efit: 2","fit: 7, efit: 2",,,,0,0,0,0,2,,
2026-04-27 17:35:35,49,23,23,0,"fit: 7, efit: 1","fit: 7, efit: 1",,,,0,0,0,0,2,,
2026-04-27 17:38:17,49,23,23,0,"fit: 5, efit: 1","fit: 5, efit: 1",,,,0,0,0,0,2,,
2026-04-27 17:40:36,49,23,23,0,fit: 5,fit: 5,,,,0,0,0,0,2,,
2026-04-27 17:48:18,49,23,23,0,fit: 3,fit: 3,,,,0,0,0,0,2,,
2026-04-27 18:05:42,49,23,23,0,fit: 4,fit: 4,,,,0,0,0,0,2,,
2026-04-27 18:53:29,49,23,23,0,fit: 6,fit: 6,,,,0,0,0,0,2,,
2026-04-27 18:54:11,49,23,23,0,fit: 5,fit: 5,,,,0,0,0,0,2,,
2026-04-27 18:55:52,49,23,23,0,fit: 4,fit: 4,,,,0,0,0,0,2,,
2026-04-27 19:09:14,49,23,23,0,"fit: 4, efit: 1","fit: 4, efit: 1",,,,0,0,0,0,2,,
2026-04-27 19:36:01,49,23,23,0,fit: 4,fit: 4,,,,0,0,0,0,2,,
2026-04-27 19:44:21,49,23,23,0,fit: 5,fit: 5,,,,0,0,0,0,2,,
2026-04-27 20:11:09,49,23,23,0,fit: 4,fit: 4,,,,0,0,0,0,2,,
2026-04-27 20:21:11,49,23,23,0,fit: 6,fit: 6,,,,0,0,0,0,2,,
2026-04-27 20:26:12,49,23,23,0,fit: 5,fit: 5,,,,0,0,0,0,2,,
2026-04-27 21:43:55,49,23,23,0,"fit: 7, efit: 1","fit: 7, efit: 1",,,,0,0,0,0,2,,
2026-04-27 21:53:56,49,23,23,0,"fit: 7, efit: 3","fit: 7, efit: 3",,,,0,0,0,0,2,,
2026-04-27 21:54:47,49,23,23,0,"fit: 7, efit: 1","fit: 7, efit: 1",,,,0,0,0,0,2,,
2026-04-27 23:04:06,49,23,23,0,"fit: 7, efit: 2","fit: 7, efit: 2",,,,0,0,0,0,2,,
2026-04-27 23:44:12,49,23,23,0,"fit: 7, efit: 1","fit: 7, efit: 1",,,,0,0,0,0,2,,
2026-04-28 00:00:13,49,23,23,0,"fit: 7, efit: 1","fit: 7, efit: 1",,,,0,0,0,0,2,,
2026-04-28 07:30:19,49,23,23,0,fit: 8,fit: 8,,,,0,0,0,0,2,,
2026-04-28 08:38:42,49,23,23,0,fit: 9,fit: 9,,,,0,0,0,0,2,,
2026-04-28 08:55:32,49,23,23,0,"fit: 9, efit: 1","fit: 9, efit: 1",,,,0,0,0,0,2,,
2026-04-28 09:15:35,49,23,23,0,"fit: 9, efit: 2","fit: 9, efit: 2",,,,0,0,0,0,2,,
2026-04-28 09:21:57,49,23,23,0,"fit: 9, efit: 3","fit: 9, efit: 3",,,,0,0,0,0,2,,
2026-04-28 09:25:37,49,23,23,0,"fit: 9, efit: 4","fit: 9, efit: 4",,,,0,0,0,0,2,,
2026-04-28 10:39:08,49,23,23,0,"fit: 9, efit: 3","fit: 9, efit: 3",,,,0,0,0,0,2,,
2026-04-28 10:47:13,49,23,23,0,"fit: 9, efit: 2","fit: 9, efit: 2",,,,0,0,0,0,2,,
2026-04-28 10:50:50,49,23,23,0,"fit: 9, efit: 1","fit: 9, efit: 1",,,,0,0,0,0,2,,
2026-04-28 11:05:52,49,23,23,0,"fit: 9, efit: 2","fit: 9, efit: 2",,,,0,0,0,0,2,,
2026-04-28 11:17:19,49,23,23,0,"fit: 9, efit: 1","fit: 9, efit: 1",,,,0,0,0,0,2,,
2026-04-28 11:29:18,49,23,23,0,fit: 9,fit: 9,,,,0,0,0,0,2,,
2026-04-28 11:44:21,49,23,23,0,"fit: 8, efit: 1","fit: 8, efit: 1",,,,0,0,0,0,2,,
2026-04-28 11:45:59,49,23,23,0,"fit: 8, efit: 2","fit: 8, efit: 2",,,,0,0,0,0,2,,
2026-04-28 12:09:26,49,23,23,0,"fit: 8, efit: 3","fit: 8, efit: 3",,,,0,0,0,0,2,,
2026-04-28 12:44:34,49,23,23,0,"fit: 8, efit: 1","fit: 8, efit: 1",,,,0,0,0,0,2,,
2026-04-28 13:24:42,49,23,23,0,"fit: 8, efit: 3","fit: 8, efit: 3",,,,0,0,0,0,2,,
2026-04-28 14:16:22,49,23,23,0,"fit: 7, efit: 3","fit: 7, efit: 3",,,,0,0,0,0,2,,
2026-04-28 14:32:58,49,23,23,0,"fit: 7, efit: 2","fit: 7, efit: 2",,,,0,0,0,0,2,,
2026-04-28 14:43:00,49,23,23,0,"fit: 8, efit: 2","fit: 8, efit: 2",,,,0,0,0,0,2,,
2026-04-28 15:35:10,49,23,23,0,"fit: 8, efit: 3","fit: 8, efit: 3",,,,0,0,0,0,2,,
2026-04-28 15:55:14,49,23,23,0,"fit: 8, efit: 2","fit: 8, efit: 2",,,,0,0,0,0,2,,
2026-04-28 16:10:18,49,23,23,0,"fit: 8, efit: 1","fit: 8, efit: 1",,,,0,0,0,0,2,,
2026-04-28 16:33:22,49,23,23,0,fit: 8,fit: 8,,,,0,0,0,0,2,,
2026-04-28 16:35:23,49,23,23,0,"fit: 8, efit: 1","fit: 8, efit: 1",,,,0,0,0,0,2,,
2026-04-28 16:40:24,49,23,23,0,fit: 8,fit: 8,,,,0,0,0,0,2,,
2026-04-28 17:30:35,49,23,23,0,"fit: 8, efit: 1","fit: 8, efit: 1",,,,0,0,0,0,2,,
2026-04-28 17:36:54,49,23,23,0,fit: 8,fit: 8,,,,0,0,0,0,2,,
2026-04-28 18:57:07,49,23,23,0,"fit: 8, efit: 1","fit: 8, efit: 1",,,,0,0,0,0,2,,
2026-04-28 18:58:51,49,23,23,0,fit: 8,fit: 8,,,,0,0,0,0,2,,
2026-04-28 19:37:13,49,23,23,0,"fit: 8, efit: 1","fit: 8, efit: 1",,,,0,0,0,0,2,,
2026-04-28 19:46:05,49,23,23,0,fit: 8,fit: 8,,,,0,0,0,0,2,,
2026-04-28 19:49:01,49,23,23,0,fit: 7,fit: 7,,,,0,0,0,0,2,,
2026-04-28 20:06:09,49,23,23,0,fit: 6,fit: 6,,,,0,0,0,0,2,,
2026-04-28 20:07:18,49,23,23,0,fit: 5,fit: 5,,,,0,0,0,0,2,,
2026-04-28 21:06:21,49,23,23,0,fit: 7,fit: 7,,,,0,0,0,0,2,,
2026-04-28 21:11:22,49,23,23,0,"fit: 7, efit: 1","fit: 7, efit: 1",,,,0,0,0,0,2,,
2026-04-28 21:21:24,49,23,23,0,"fit: 8, efit: 1","fit: 8, efit: 1",,,,0,0,0,0,2,,
2026-04-28 21:56:32,49,23,23,0,"fit: 8, efit: 3","fit: 8, efit: 3",,,,0,0,0,0,2,,
2026-04-28 23:44:47,49,23,23,0,"fit: 9, efit: 4","fit: 9, efit: 4",,,,0,0,0,0,2,,
2026-04-28 23:46:54,49,23,23,0,"fit: 9, efit: 2","fit: 9, efit: 2",,,,0,0,0,0,2,,
2026-04-28 23:59:50,49,23,23,0,"fit: 9, efit: 1","fit: 9, efit: 1",,,,0,0,0,0,2,,
2026-04-29 00:01:57,49,23,23,0,"fit: 9, efit: 1","fit: 9, efit: 1",,,,0,0,0,0,2,,
2026-04-29 00:42:05,49,23,23,0,"fit: 9, efit: 2","fit: 9, efit: 2",,,,0,0,0,0,2,,
2026-04-29 00:42:58,49,23,23,0,"fit: 9, efit: 1","fit: 9, efit: 1",,,,0,0,0,0,2,,
2026-04-29 05:40:53,49,23,23,0,"fit: 9, efit: 2","fit: 9, efit: 2",,,,0,0,0,0,2,,
2026-04-29 07:33:27,49,23,23,0,"fit: 9, efit: 1","fit: 9, efit: 1",,,,0,0,0,0,2,,
2026-04-29 08:18:36,49,23,23,0,"fit: 10, efit: 1","fit: 10, efit: 1",,,,0,0,0,0,2,,
2026-04-29 11:09:12,49,23,23,0,"fit: 10, efit: 2","fit: 10, efit: 2",,,,0,0,0,0,2,,
2026-04-29 11:29:16,49,23,23,0,"fit: 10, efit: 3","fit: 10, efit: 3",,,,0,0,0,0,2,,
2026-04-29 11:59:22,49,23,23,0,"fit: 10, efit: 2","fit: 10, efit: 2",,,,0,0,0,0,2,,
2026-04-29 13:39:42,49,23,23,0,"fit: 10, efit: 3","fit: 10, efit: 3",,,,0,0,0,0,2,,
2026-04-29 14:22:33,49,23,23,0,"fit: 10, efit: 2","fit: 10, efit: 2",,,,0,0,0,0,2,,
2026-04-29 16:55:18,49,23,23,0,fit: 10,fit: 10,,,,0,0,0,0,2,,
2026-04-29 17:53:13,49,23,23,0,"fit: 10, efit: 1","fit: 10, efit: 1",,,,0,0,0,0,2,,
2026-04-29 18:15:30,49,23,23,0,fit: 10,fit: 10,,,,0,0,0,0,2,,
2026-04-29 18:48:23,49,23,23,0,"fit: 10, efit: 1","fit: 10, efit: 1",,,,0,0,0,0,2,,
2026-04-30 00:01:21,49,23,23,0,"fit: 10, efit: 1","fit: 10, efit: 1",,,,0,0,0,0,2,,
2026-04-30 00:09:22,49,23,23,0,fit: 10,fit: 10,,,,0,0,0,0,2,,
2026-04-30 08:18:25,49,23,23,0,"fit: 10, efit: 1","fit: 10, efit: 1",,,,0,0,0,0,2,,
2026-04-30 08:55:59,49,23,23,0,"fit: 10, efit: 2","fit: 10, efit: 2",,,,0,0,0,0,2,,
2026-04-30 09:13:36,49,23,23,0,"fit: 11, efit: 2","fit: 11, efit: 2",,,,0,0,0,0,2,,
2026-04-30 09:21:04,49,23,23,0,"fit: 11, efit: 3","fit: 11, efit: 3",,,,0,0,0,0,2,,
2026-04-30 09:31:06,49,23,23,0,"fit: 11, efit: 4","fit: 11, efit: 4",,,,0,0,0,0,2,,
2026-04-30 09:36:07,49,23,23,0,"fit: 11, efit: 5","fit: 11, efit: 5",,,,0,0,0,0,2,,
2026-04-30 10:12:47,49,23,23,0,"fit: 11, efit: 4","fit: 11, efit: 4",,,,0,0,0,0,2,,
2026-04-30 10:37:51,49,23,23,0,"fit: 11, efit: 5","fit: 11, efit: 5",,,,0,0,0,0,2,,
2026-04-30 10:52:53,49,23,23,0,"fit: 11, efit: 6","fit: 11, efit: 6",,,,0,0,0,0,2,,
2026-04-30 11:07:55,49,23,23,0,"fit: 11, efit: 7","fit: 11, efit: 7",,,,0,0,0,0,2,,
2026-04-30 11:26:28,49,23,23,0,"fit: 11, efit: 8","fit: 11, efit: 8",,,,0,0,0,0,2,,
2026-04-30 11:27:58,49,23,23,0,"fit: 10, efit: 9","fit: 10, efit: 9",,,,0,0,0,0,2,,
2026-04-30 11:29:04,49,23,23,0,"fit: 7, efit: 9","fit: 7, efit: 9",,,,0,0,0,0,2,,
2026-04-30 11:31:29,49,23,23,0,"fit: 3, efit: 9","fit: 3, efit: 9",,,,0,0,0,0,2,,
2026-04-30 12:13:05,49,23,23,0,"fit: 2, efit: 9","fit: 2, efit: 9",,,,0,0,0,0,2,,
2026-04-30 12:28:07,49,23,23,0,"fit: 2, efit: 8","fit: 2, efit: 8",,,,0,0,0,0,2,,
2026-04-30 12:46:43,49,23,23,0,"fit: 2, efit: 6","fit: 2, efit: 6",,,,0,0,0,0,2,,
2026-04-30 12:51:44,49,23,23,0,"fit: 2, efit: 8","fit: 2, efit: 8",,,,0,0,0,0,2,,
2026-04-30 13:51:56,49,23,23,0,"fit: 2, efit: 9","fit: 2, efit: 9",,,,0,0,0,0,2,,
2026-04-30 14:38:25,49,23,23,0,"fit: 2, efit: 9","fit: 2, efit: 8",efit: 1,,,0,0,0,0,2,,
2026-04-30 15:02:10,49,23,23,0,"fit: 2, efit: 8","fit: 2, efit: 7",efit: 1,,,0,0,0,0,2,,
2026-04-30 15:28:33,49,23,23,0,"fit: 2, efit: 9","fit: 2, efit: 8",efit: 1,,,0,0,0,0,2,,
2026-04-30 15:58:37,49,23,23,0,"fit: 2, efit: 9","fit: 2, efit: 7",efit: 1,,,0,0,0,0,2,,
2026-04-30 16:33:42,49,23,23,0,"fit: 2, efit: 8","fit: 2, efit: 6",efit: 1,,,0,0,0,0,2,,
2026-04-30 16:47:32,49,23,23,0,"fit: 2, efit: 7","fit: 2, efit: 5",efit: 1,,,0,0,0,0,2,,
2026-04-30 17:10:15,49,23,23,0,"fit: 2, efit: 6","fit: 2, efit: 4",efit: 1,,,0,0,0,0,2,,
2026-04-30 17:18:49,49,23,23,0,"fit: 2, efit: 5","fit: 2, efit: 3",efit: 1,,,0,0,0,0,2,,
2026-04-30 17:53:54,49,23,23,0,"fit: 3, efit: 8","fit: 3, efit: 6",efit: 1,,,0,0,0,0,2,,
2026-04-30 18:12:50,49,23,23,0,"fit: 4, efit: 8","fit: 4, efit: 6",efit: 1,,,0,0,0,0,2,,
2026-04-30 19:24:07,49,23,23,0,"fit: 4, efit: 8","fit: 4, efit: 5",efit: 1,,,0,0,0,0,2,,
2026-04-30 19:53:12,49,23,23,0,"fit: 4, efit: 9","fit: 4, efit: 6",efit: 1,,,0,0,0,0,2,,
2026-04-30 19:54:11,49,23,23,0,"fit: 4, efit: 9","fit: 4, efit: 5",efit: 1,,,0,0,0,0,2,,
2026-04-30 19:55:51,49,23,23,0,"fit: 5, efit: 8","fit: 5, efit: 4",efit: 1,,,0,0,0,0,2,,
2026-04-30 21:38:33,49,23,23,0,"fit: 5, efit: 11","fit: 5, efit: 7",efit: 1,,,0,0,0,0,2,,
2026-04-30 21:39:26,49,23,23,0,"fit: 5, efit: 8","fit: 5, efit: 4",efit: 1,,,0,0,0,0,2,,
2026-04-30 23:56:40,49,23,23,0,"fit: 5, efit: 7","fit: 5, efit: 3",efit: 1,,,0,0,0,0,2,,
2026-05-01 00:01:41,49,23,23,0,"fit: 5, efit: 7","fit: 5, efit: 3",efit: 1,,,0,0,0,0,2,,
2026-05-01 00:24:06,49,23,23,0,"fit: 5, efit: 6","fit: 5, efit: 2",efit: 1,,,0,0,0,0,2,,
2026-05-01 07:00:26,49,23,23,0,"fit: 5, efit: 7","fit: 5, efit: 3",efit: 1,,,0,0,0,0,2,,
2026-05-01 08:05:39,49,23,23,0,"fit: 6, efit: 6","fit: 6, efit: 2",efit: 1,,,0,0,0,0,2,,
2026-05-01 08:30:44,49,23,23,0,"fit: 6, efit: 7","fit: 6, efit: 3",efit: 1,,,0,0,0,0,2,,
2026-05-01 09:18:32,49,23,23,0,"fit: 6, efit: 8","fit: 6, efit: 4",efit: 1,,,0,0,0,0,2,,
2026-05-01 09:23:33,49,23,23,0,"fit: 6, efit: 9","fit: 6, efit: 5",efit: 1,,,0,0,0,0,2,,
2026-05-01 09:25:55,49,23,23,0,"fit: 6, efit: 10","fit: 6, efit: 6",efit: 1,,,0,0,0,0,2,,
2026-05-01 09:56:02,49,23,23,0,"fit: 7, efit: 10","fit: 7, efit: 6",efit: 1,,,0,0,0,0,2,,
2026-05-01 10:06:04,49,23,23,0,"fit: 5, efit: 8","fit: 5, efit: 6",efit: 1,,,0,0,0,0,2,,
2026-05-01 10:08:42,49,23,23,0,"fit: 5, efit: 9","fit: 5, efit: 9",,,,0,0,0,0,2,,
2026-05-01 10:11:05,49,23,23,0,"fit: 1, efit: 9","fit: 1, efit: 9",,,,0,0,0,0,2,,
2026-05-01 10:13:43,49,23,23,0,efit: 5,efit: 5,,,,0,0,0,0,2,,
2026-05-01 10:58:52,49,23,23,0,efit: 4,efit: 4,,,,0,0,0,0,2,,
2026-05-01 11:13:56,49,23,23,0,efit: 3,efit: 3,,,,0,0,0,0,2,,
2026-05-01 11:36:23,49,23,23,0,efit: 4,efit: 4,,,,0,0,0,0,2,,
2026-05-01 12:24:10,49,23,23,0,efit: 5,efit: 5,,,,0,0,0,0,2,,
2026-05-01 13:11:36,49,23,23,0,efit: 4,efit: 4,,,,0,0,0,0,2,,
2026-05-01 13:31:39,49,23,23,0,efit: 3,efit: 3,,,,0,0,0,0,2,,
2026-05-01 13:44:26,49,23,23,0,efit: 2,efit: 2,,,,0,0,0,0,2,,
2026-05-01 13:59:30,49,23,23,0,efit: 3,efit: 3,,,,0,0,0,0,2,,
2026-05-01 14:16:46,49,23,23,0,efit: 4,efit: 4,,,,0,0,0,0,2,,
2026-05-01 14:26:48,49,23,23,0,efit: 5,efit: 5,,,,0,0,0,0,2,,
2026-05-01 14:26:55,49,23,23,0,"fit: 1, efit: 5","fit: 1, efit: 5",,,,0,0,0,0,2,,
2026-05-01 14:36:49,49,23,23,0,"fit: 1, efit: 7","fit: 1, efit: 7",,,,0,0,0,0,2,,
2026-05-01 15:36:58,49,23,23,0,"fit: 1, efit: 6","fit: 1, efit: 6",,,,0,0,0,0,2,,
2026-05-01 16:47:42,49,23,23,0,"fit: 3, efit: 5","fit: 3, efit: 5",,,,0,0,0,0,2,,
2026-05-01 16:48:04,49,23,23,0,"fit: 3, efit: 4","fit: 3, efit: 4",,,,0,0,0,0,2,,
2026-05-01 17:27:27,49,23,23,0,"fit: 3, efit: 3","fit: 3, efit: 3",,,,0,0,0,0,2,,
2026-05-01 17:52:31,49,23,23,0,"fit: 3, efit: 2","fit: 3, efit: 2",,,,0,0,0,0,2,,
2026-05-01 18:12:35,49,23,23,0,"fit: 3, efit: 1","fit: 3, efit: 1",,,,0,0,0,0,2,,
2026-05-01 19:22:46,49,23,23,0,fit: 3,fit: 3,,,,0,0,0,0,2,,
2026-05-02 00:03:31,49,23,23,0,fit: 3,fit: 3,,,,0,0,0,0,2,,
2026-05-02 12:30:30,49,23,23,0,fit: 4,fit: 4,,,,0,0,0,0,2,,
2026-05-02 13:17:09,49,23,23,0,"fit: 4, efit: 1","fit: 4, efit: 1",,,,0,0,0,0,2,,
2026-05-02 17:07:51,49,23,23,0,fit: 4,fit: 4,,,,0,0,0,0,2,,
2026-05-02 20:33:33,49,23,23,0,"fit: 4, efit: 1","fit: 4, efit: 1",,,,0,0,0,0,2,,
2026-05-02 20:38:34,49,23,23,0,fit: 4,fit: 4,,,,0,0,0,0,2,,
2026-05-02 22:08:52,49,23,23,0,fit: 3,fit: 3,,,,0,0,0,0,2,,
2026-05-03 00:04:14,49,23,23,0,fit: 3,fit: 3,,,,0,0,0,0,2,,
2026-05-03 07:40:41,49,23,23,0,fit: 2,fit: 2,,,,0,0,0,0,2,,
2026-05-03 07:45:42,49,23,23,0,,,,,,0,0,0,0,2,,
2026-05-03 09:51:09,49,23,23,0,efit: 1,efit: 1,,,,0,0,0,0,2,,
2026-05-03 10:36:18,49,23,23,0,"fit: 1, efit: 1","fit: 1, efit: 1",,,,0,0,0,0,2,,
2026-05-03 12:06:38,49,23,23,0,fit: 2,fit: 2,,,,0,0,0,0,2,,
2026-05-03 15:17:01,49,23,23,0,"fit: 2, efit: 1","fit: 2, efit: 1",,,,0,0,0,0,2,,
2026-05-03 15:32:14,49,23,23,0,fit: 2,fit: 2,,,,0,0,0,0,2,,
2026-05-03 18:12:33,49,23,23,0,"fit: 2, efit: 1","fit: 2, efit: 1",,,,0,0,0,0,2,,
2026-05-03 18:17:34,49,23,23,0,fit: 2,fit: 2,,,,0,0,0,0,2,,
2026-05-03 19:32:49,49,23,23,0,"fit: 2, efit: 1","fit: 2, efit: 1",,,,0,0,0,0,2,,
2026-05-03 20:28:00,49,23,23,0,"fit: 2, efit: 2","fit: 2, efit: 2",,,,0,0,0,0,2,,
2026-05-03 20:33:01,49,23,23,0,fit: 2,fit: 2,,,,0,0,0,0,2,,
2026-05-03 21:23:11,49,23,23,0,"fit: 2, efit: 1","fit: 2, efit: 1",,,,0,0,0,0,2,,
2026-05-04 00:03:43,49,23,23,0,"fit: 2, efit: 1","fit: 2, efit: 1",,,,0,0,0,0,2,,
2026-05-04 01:44:02,49,23,23,0,fit: 2,fit: 2,,,,0,0,0,0,2,,
2026-05-04 07:14:58,49,23,23,0,fit: 1,fit: 1,,,,0,0,0,0,2,,
2026-05-04 08:35:12,49,23,23,0,"fit: 1, efit: 1","fit: 1, efit: 1",,,,0,0,0,0,2,,
2026-05-04 08:40:13,49,23,23,0,"fit: 1, efit: 2","fit: 1, efit: 2",,,,0,0,0,0,2,,
2026-05-04 08:45:14,49,23,23,0,"fit: 1, efit: 3","fit: 1, efit: 3",,,,0,0,0,0,2,,
2026-05-04 09:20:32,49,23,23,0,"fit: 1, efit: 2","fit: 1, efit: 2",,,,0,0,0,0,2,,
2026-05-04 09:25:23,49,23,23,0,"fit: 1, efit: 4","fit: 1, efit: 4",,,,0,0,0,0,2,,
2026-05-04 09:30:24,49,23,23,0,"fit: 1, efit: 6","fit: 1, efit: 5",,,,0,0,0,0,2,,
2026-05-04 10:00:30,49,23,23,0,"fit: 1, efit: 7","fit: 1, efit: 6",,,,0,0,0,0,2,,
2026-05-04 10:10:32,49,23,23,0,"fit: 2, efit: 7","fit: 2, efit: 6",,,,0,0,0,0,2,,
2026-05-04 10:55:41,49,23,23,0,"fit: 2, efit: 6","fit: 2, efit: 5",,,,0,0,0,0,2,,
2026-05-04 11:10:45,49,23,23,0,"fit: 2, efit: 5","fit: 2, efit: 4",,,,0,0,0,0,2,,
2026-05-04 11:40:51,49,23,23,0,"fit: 2, efit: 6","fit: 2, efit: 5",,,,0,0,0,0,2,,
2026-05-04 11:45:52,49,23,23,0,"fit: 2, efit: 5","fit: 2, efit: 4",,,,0,0,0,0,2,,
2026-05-04 11:50:53,49,23,23,0,"fit: 2, efit: 6","fit: 2, efit: 5",,,,0,0,0,0,2,,
2026-05-04 11:55:54,49,23,23,0,"fit: 2, efit: 7","fit: 2, efit: 6",,,,0,0,0,0,2,,
2026-05-04 12:00:55,49,23,23,0,"fit: 2, efit: 8","fit: 2, efit: 7",,,,0,0,0,0,2,,
2026-05-04 12:15:58,49,23,23,0,"fit: 2, efit: 7","fit: 2, efit: 6",,,,0,0,0,0,2,,
2026-05-04 12:20:59,49,23,23,0,"fit: 3, efit: 5","fit: 3, efit: 4",,,,0,0,0,0,2,,
2026-05-04 12:41:04,49,23,23,0,"fit: 3, efit: 4","fit: 3, efit: 3",,,,0,0,0,0,2,,
2026-05-04 13:01:08,49,23,23,0,"fit: 3, efit: 5","fit: 3, efit: 4",,,,0,0,0,0,2,,
2026-05-04 13:21:12,49,23,23,0,"fit: 3, efit: 4","fit: 3, efit: 3",,,,0,0,0,0,2,,
2026-05-04 13:26:13,49,23,23,0,"fit: 2, efit: 4","fit: 2, efit: 3",,,,0,0,0,0,2,,
2026-05-04 13:31:14,49,23,23,0,"fit: 2, efit: 3","fit: 2, efit: 2",,,,0,0,0,0,2,,
2026-05-04 13:41:16,49,23,23,0,"fit: 2, efit: 4","fit: 2, efit: 3",,,,0,0,0,0,2,,
2026-05-04 14:26:25,49,23,23,0,"fit: 2, efit: 5","fit: 2, efit: 4",,,,0,0,0,0,2,,
2026-05-04 14:36:27,49,23,23,0,"fit: 2, efit: 4","fit: 2, efit: 3",,,,0,0,0,0,2,,
2026-05-04 14:41:28,49,23,23,0,"fit: 2, efit: 3","fit: 2, efit: 2",,,,0,0,0,0,2,,
2026-05-04 16:16:48,49,23,23,0,"fit: 2, efit: 2","fit: 2, efit: 1",,,,0,0,0,0,2,,
2026-05-04 16:26:50,49,23,23,0,"fit: 2, efit: 1",fit: 2,,,,0,0,0,0,2,,
2026-05-04 16:31:51,49,23,23,0,"fit: 1, efit: 1",fit: 1,,,,0,0,0,0,2,,
2026-05-04 17:01:57,49,23,23,0,efit: 1,,,,,0,0,0,0,2,,
2026-05-04 17:06:58,49,23,23,0,efit: 2,efit: 1,,,,0,0,0,0,2,,
2026-05-04 17:11:58,49,23,23,0,efit: 1,,,,,0,0,0,0,2,,
2026-05-04 17:21:59,49,23,23,0,efit: 2,efit: 1,,,,0,0,0,0,2,,
2026-05-04 17:27:00,49,23,23,0,efit: 1,,,,,0,0,0,0,2,,
2026-05-04 17:42:02,49,23,23,0,efit: 2,efit: 1,,,,0,0,0,0,2,,
2026-05-04 20:47:39,49,23,23,0,efit: 1,,,,,0,0,0,0,2,,
2026-05-05 00:03:18,49,23,23,0,efit: 1,,,,,0,0,0,0,2,,
2026-05-05 07:39:05,49,23,23,0,efit: 2,efit: 1,,,,0,0,0,0,2,,
2026-05-05 07:59:09,49,23,23,0,efit: 3,efit: 2,,,,0,0,0,0,2,,
2026-05-05 08:04:10,49,23,23,0,"fit: 1, efit: 3","fit: 1, efit: 2",,,,0,0,0,0,2,,
2026-05-05 08:29:15,49,23,23,0,"fit: 1, efit: 2","fit: 1, efit: 1",,,,0,0,0,0,2,,
2026-05-05 08:34:16,49,23,23,0,"fit: 1, efit: 3","fit: 1, efit: 2",,,,0,0,0,0,2,,
2026-05-05 08:39:17,49,23,23,0,"fit: 2, efit: 3","fit: 2, efit: 2",,,,0,0,0,0,2,,
2026-05-05 08:44:56,49,23,23,0,"fit: 3, efit: 2","fit: 3, efit: 1",,,,0,0,0,0,2,,
2026-05-05 08:54:20,49,23,23,0,"fit: 3, efit: 3","fit: 3, efit: 2",,,,0,0,0,0,2,,
2026-05-05 08:57:27,49,23,23,0,"fit: 4, efit: 3","fit: 4, efit: 2",,,,0,0,0,0,2,,
2026-05-05 09:17:32,49,23,23,0,"fit: 4, efit: 4","fit: 4, efit: 2",,,,0,0,0,0,2,,
2026-05-05 09:32:35,49,23,23,0,"fit: 4, efit: 5","fit: 4, efit: 3",,,,0,0,0,0,2,,
2026-05-05 09:37:36,49,23,23,0,"fit: 4, efit: 6","fit: 4, efit: 4",,,,0,0,0,0,2,,
2026-05-05 09:57:40,49,23,23,0,"fit: 4, efit: 5","fit: 4, efit: 3",,,,0,0,0,0,2,,
2026-05-05 10:22:45,49,23,23,0,"fit: 4, efit: 6","fit: 4, efit: 4",,,,0,0,0,0,2,,
2026-05-05 10:27:46,49,23,23,0,"fit: 4, efit: 7","fit: 4, efit: 5",,,,0,0,0,0,2,,
2026-05-05 11:12:54,49,23,23,0,"fit: 4, efit: 8","fit: 4, efit: 6",,,,0,0,0,0,2,,
2026-05-05 11:37:59,49,23,23,0,"fit: 5, efit: 8","fit: 5, efit: 6",,,,0,0,0,0,2,,
2026-05-05 11:58:31,49,23,23,0,"fit: 5, efit: 9","fit: 5, efit: 7",,,,0,0,0,0,2,,
2026-05-05 12:18:07,49,23,23,0,"fit: 5, efit: 8","fit: 5, efit: 6",,,,0,0,0,0,2,,
2026-05-05 12:48:13,49,23,23,0,"fit: 5, efit: 9","fit: 5, efit: 7",,,,0,0,0,0,2,,
2026-05-05 13:03:16,49,23,23,0,"fit: 6, efit: 9","fit: 6, efit: 7",,,,0,0,0,0,2,,
2026-05-05 13:58:26,49,23,23,0,"fit: 7, efit: 8","fit: 7, efit: 6",,,,0,0,0,0,2,,
2026-05-05 14:33:33,49,23,23,0,"fit: 8, efit: 7","fit: 8, efit: 5",,,,0,0,0,0,2,,
2026-05-05 14:43:35,49,23,23,0,"fit: 8, efit: 6","fit: 8, efit: 4",,,,0,0,0,0,2,,
2026-05-05 15:14:06,49,23,23,0,"fit: 8, efit: 7","fit: 8, efit: 5",,,,0,0,0,0,2,,
2026-05-05 15:43:46,49,23,23,0,"fit: 8, efit: 6","fit: 8, efit: 4",,,,0,0,0,0,2,,
2026-05-05 15:53:48,49,23,23,0,"fit: 8, efit: 5","fit: 8, efit: 3",,,,0,0,0,0,2,,
2026-05-05 15:58:49,49,23,23,0,"fit: 8, efit: 6","fit: 8, efit: 4",,,,0,0,0,0,2,,
2026-05-05 16:28:55,49,23,23,0,"fit: 8, efit: 5","fit: 8, efit: 3",,,,0,0,0,0,2,,
2026-05-05 16:38:57,49,23,23,0,"fit: 8, efit: 4","fit: 8, efit: 2",,,,0,0,0,0,2,,
2026-05-05 16:48:59,49,23,23,0,"fit: 8, efit: 3","fit: 8, efit: 1",,,,0,0,0,0,2,,
2026-05-05 17:14:28,49,23,23,0,"fit: 8, efit: 2",fit: 8,,,,0,0,0,0,2,,
2026-05-05 17:19:05,49,23,23,0,"fit: 6, efit: 2",fit: 6,,,,0,0,0,0,2,,
2026-05-05 17:24:06,49,23,23,0,"fit: 5, efit: 2",fit: 5,,,,0,0,0,0,2,,
2026-05-05 18:04:14,49,23,23,0,"fit: 4, efit: 2",fit: 4,,,,0,0,0,0,2,,
2026-05-05 21:04:51,49,23,23,0,"fit: 4, efit: 3","fit: 4, efit: 1",,,,0,0,0,0,2,,
2026-05-06 00:00:25,49,23,23,0,"fit: 4, efit: 3","fit: 4, efit: 1",,,,0,0,0,0,2,,
2026-05-06 08:32:00,49,23,23,0,"fit: 4, efit: 3","fit: 4, efit: 2",,,,0,0,0,0,2,,
2026-05-06 08:32:11,49,23,23,0,"fit: 4, efit: 3","fit: 4, efit: 1",,,,0,0,0,0,2,,
2026-05-06 09:02:06,49,23,23,0,"fit: 4, efit: 3","fit: 4, efit: 1",efit: 1,,,0,0,0,0,2,,
2026-05-06 09:36:28,49,23,23,0,"fit: 5, efit: 3","fit: 5, efit: 1",efit: 1,,,0,0,0,0,2,,
2026-05-06 09:56:32,49,23,23,0,"fit: 5, efit: 3","fit: 5, efit: 3",,,,0,0,0,0,2,,
2026-05-06 09:57:16,49,23,23,0,"fit: 5, efit: 4","fit: 5, efit: 4",,,,0,0,0,0,2,,
2026-05-06 10:38:07,49,23,23,0,"fit: 5, efit: 3","fit: 5, efit: 3",,,,0,0,0,0,2,,
2026-05-06 11:18:16,49,23,23,0,"fit: 5, efit: 4","fit: 5, efit: 4",,,,0,0,0,0,2,,
2026-05-06 11:21:47,49,23,23,0,"fit: 5, efit: 5","fit: 5, efit: 5",,,,0,0,0,0,2,,
2026-05-06 11:56:53,49,23,23,0,"fit: 5, efit: 4","fit: 5, efit: 4",,,,0,0,0,0,2,,
2026-05-06 11:58:23,49,23,23,0,"fit: 5, efit: 5","fit: 5, efit: 5",,,,0,0,0,0,2,,
2026-05-06 12:01:54,49,23,23,0,"fit: 5, efit: 4","fit: 5, efit: 4",,,,0,0,0,0,2,,
2026-05-06 12:26:59,49,23,23,0,"fit: 5, efit: 3","fit: 5, efit: 3",,,,0,0,0,0,2,,
2026-05-06 12:57:04,49,23,23,0,"fit: 5, efit: 4","fit: 5, efit: 4",,,,0,0,0,0,2,,
2026-05-06 15:17:29,49,23,23,0,"fit: 5, efit: 3","fit: 5, efit: 3",,,,0,0,0,0,2,,
2026-05-06 15:19:04,49,23,23,0,"fit: 5, efit: 4","fit: 5, efit: 4",,,,0,0,0,0,2,,
2026-05-06 15:23:19,49,23,23,0,"fit: 5, efit: 5","fit: 5, efit: 5",,,,0,0,0,0,2,,
2026-05-06 16:35:27,49,23,23,0,"fit: 5, efit: 6","fit: 5, efit: 6",,,,0,0,0,0,2,,
2026-05-06 16:36:12,49,23,23,0,"fit: 5, efit: 5","fit: 5, efit: 5",,,,0,0,0,0,2,,
2026-05-06 16:50:29,49,23,23,0,"fit: 5, efit: 4","fit: 5, efit: 4",,,,0,0,0,0,2,,
2026-05-06 16:55:30,49,23,23,0,"fit: 5, efit: 5","fit: 5, efit: 5",,,,0,0,0,0,2,,
2026-05-06 17:41:23,49,23,23,0,"fit: 4, efit: 5","fit: 4, efit: 5",,,,0,0,0,0,2,,
2026-05-06 17:50:39,49,23,23,0,"fit: 4, efit: 6","fit: 4, efit: 6",,,,0,0,0,0,2,,
2026-05-07 00:01:37,49,23,23,0,"fit: 4, efit: 6","fit: 4, efit: 6",,,,0,0,0,0,2,,
2026-05-07 06:17:33,49,23,23,0,"fit: 4, efit: 7","fit: 4, efit: 7",,,,0,0,0,0,2,,
2026-05-07 06:52:38,49,23,23,0,"fit: 4, efit: 8","fit: 4, efit: 8",,,,0,0,0,0,2,,
2026-05-07 08:17:51,49,23,23,0,"fit: 4, efit: 9","fit: 4, efit: 9",,,,0,0,0,0,2,,
2026-05-07 08:37:54,49,23,23,0,"fit: 4, efit: 10","fit: 4, efit: 10",,,,0,0,0,0,2,,
2026-05-07 08:42:55,49,23,23,0,"fit: 5, efit: 10","fit: 5, efit: 10",,,,0,0,0,0,2,,
2026-05-07 08:52:56,49,23,23,0,"fit: 5, efit: 11","fit: 5, efit: 11",,,,0,0,0,0,2,,
2026-05-07 08:57:57,49,23,23,0,"fit: 5, efit: 12","fit: 5, efit: 12",,,,0,0,0,0,2,,
2026-05-07 08:58:43,49,23,23,0,"fit: 5, efit: 13","fit: 5, efit: 13",,,,0,0,0,0,2,,
2026-05-07 09:12:59,49,23,23,0,"fit: 5, efit: 14","fit: 5, efit: 14",,,,0,0,0,0,2,,
2026-05-07 09:23:01,49,23,23,0,"fit: 5, efit: 15","fit: 5, efit: 15",,,,0,0,0,0,2,,
2026-05-07 10:18:09,49,23,23,0,"fit: 5, efit: 16","fit: 5, efit: 16",,,,0,0,0,0,2,,
2026-05-07 10:18:59,49,23,23,0,"fit: 5, efit: 17","fit: 5, efit: 17",,,,0,0,0,0,2,,
2026-05-07 10:58:15,49,23,23,0,"fit: 5, efit: 16","fit: 5, efit: 16",,,,0,0,0,0,2,,
2026-05-07 11:13:17,49,23,23,0,"fit: 3, efit: 14","fit: 3, efit: 14",,,,0,0,0,0,2,,
2026-05-07 11:18:18,49,23,23,0,"fit: 3, efit: 12","fit: 3, efit: 12",,,,0,0,0,0,2,,
2026-05-07 11:19:11,49,23,23,0,"fit: 2, efit: 12","fit: 2, efit: 12",,,,0,0,0,0,2,,
2026-05-07 11:23:19,49,23,23,0,efit: 12,efit: 12,,,,0,0,0,0,2,,
2026-05-07 11:24:13,49,23,23,0,efit: 11,efit: 11,,,,0,0,0,0,2,,
2026-05-07 11:28:20,49,23,23,0,efit: 10,efit: 10,,,,0,0,0,0,2,,
2026-05-07 11:33:20,49,23,23,0,efit: 8,efit: 8,,,,0,0,0,0,2,,
2026-05-07 11:34:15,49,23,23,0,efit: 9,efit: 9,,,,0,0,0,0,2,,
2026-05-07 12:08:26,49,23,23,0,efit: 10,efit: 10,,,,0,0,0,0,2,,
2026-05-07 12:13:26,49,23,23,0,efit: 9,efit: 9,,,,0,0,0,0,2,,
2026-05-07 12:59:31,49,23,23,0,efit: 10,efit: 10,,,,0,0,0,0,2,,
2026-05-07 13:28:37,49,23,23,0,efit: 9,efit: 9,,,,0,0,0,0,2,,
2026-05-07 13:43:40,49,23,23,0,efit: 10,efit: 10,,,,0,0,0,0,2,,
2026-05-07 14:48:49,49,23,23,0,efit: 9,efit: 9,,,,0,0,0,0,2,,
2026-05-07 16:14:03,49,23,23,0,efit: 8,efit: 8,,,,0,0,0,0,2,,
2026-05-07 16:34:05,49,23,23,0,efit: 7,efit: 7,,,,0,0,0,0,2,,
2026-05-07 16:44:07,49,23,23,0,efit: 6,efit: 6,,,,0,0,0,0,2,,
2026-05-07 17:04:10,49,23,23,0,efit: 5,efit: 5,,,,0,0,0,0,2,,
2026-05-07 17:19:13,49,23,23,0,efit: 4,efit: 4,,,,0,0,0,0,2,,
2026-05-07 17:59:19,49,23,23,0,"fit: 2, efit: 4","fit: 2, efit: 4",,,,0,0,0,0,2,,
2026-05-07 18:04:20,49,23,23,0,"fit: 4, efit: 4","fit: 4, efit: 4",,,,0,0,0,0,2,,
2026-05-07 18:29:24,49,23,23,0,"fit: 4, efit: 3","fit: 4, efit: 3",,,,0,0,0,0,2,,
2026-05-07 18:34:25,49,23,23,0,"fit: 4, efit: 6","fit: 4, efit: 6",,,,0,0,0,0,2,,
2026-05-07 18:39:25,49,23,23,0,"fit: 5, efit: 2","fit: 5, efit: 2",,,,0,0,0,0,2,,
2026-05-07 19:59:38,49,23,23,0,"fit: 4, efit: 2","fit: 4, efit: 2",,,,0,0,0,0,2,,
2026-05-07 20:04:39,49,23,23,0,"fit: 4, efit: 1","fit: 4, efit: 1",,,,0,0,0,0,2,,
2026-05-07 20:21:01,49,23,23,0,"fit: 4, efit: 2","fit: 4, efit: 2",,,,0,0,0,0,2,,
2026-05-07 21:59:57,49,23,23,0,"fit: 5, efit: 2","fit: 4, efit: 2",fit: 1,,,0,0,0,0,2,,
2026-05-07 22:00:58,49,23,23,0,"fit: 5, efit: 1","fit: 4, efit: 1",fit: 1,,,0,0,0,0,2,,
2026-05-08 00:00:16,49,23,23,0,"fit: 5, efit: 1","fit: 4, efit: 1",fit: 1,,,0,0,0,0,2,,
2026-05-08 06:37:18,49,23,23,0,fit: 6,fit: 5,fit: 1,,,0,0,0,0,2,,
2026-05-08 07:32:26,49,23,23,0,fit: 7,fit: 6,fit: 1,,,0,0,0,0,2,,
2026-05-08 07:36:35,49,23,23,0,fit: 6,fit: 5,fit: 1,,,0,0,0,0,2,,
2026-05-08 08:27:35,49,23,23,0,"fit: 7, efit: 1","fit: 6, efit: 1",fit: 1,,,0,0,0,0,2,,
2026-05-08 08:51:49,49,23,23,0,"fit: 7, efit: 2","fit: 6, efit: 2",fit: 1,,,0,0,0,0,2,,
2026-05-08 09:21:54,49,23,23,0,"fit: 7, efit: 3","fit: 6, efit: 3",fit: 1,,,0,0,0,0,2,,
2026-05-08 09:27:45,49,23,23,0,"fit: 8, efit: 2","fit: 7, efit: 2",fit: 1,,,0,0,0,0,2,,
2026-05-08 09:31:56,49,23,23,0,"fit: 8, efit: 3","fit: 7, efit: 3",fit: 1,,,0,0,0,0,2,,
2026-05-08 09:51:59,49,23,23,0,"fit: 8, efit: 4","fit: 7, efit: 4",fit: 1,,,0,0,0,0,2,,
2026-05-08 10:27:06,49,23,23,0,"fit: 8, efit: 2","fit: 7, efit: 2",fit: 1,,,0,0,0,0,2,,
2026-05-08 11:33:05,49,23,23,0,"fit: 8, efit: 3","fit: 7, efit: 3",fit: 1,,,0,0,0,0,2,,
2026-05-08 11:42:19,49,23,23,0,"fit: 8, efit: 4","fit: 7, efit: 4",fit: 1,,,0,0,0,0,2,,
2026-05-08 12:17:26,49,23,23,0,"fit: 8, efit: 5","fit: 7, efit: 5",fit: 1,,,0,0,0,0,2,,
2026-05-08 12:29:47,49,23,23,0,"fit: 8, efit: 4","fit: 7, efit: 4",fit: 1,,,0,0,0,0,2,,
2026-05-08 12:33:15,49,23,23,0,"fit: 8, efit: 5","fit: 7, efit: 5",fit: 1,,,0,0,0,0,2,,
2026-05-08 12:43:17,49,23,23,0,"fit: 8, efit: 4","fit: 7, efit: 4",fit: 1,,,0,0,0,0,2,,
2026-05-08 12:57:33,49,23,23,0,"fit: 8, efit: 5","fit: 7, efit: 5",fit: 1,,,0,0,0,0,2,,
2026-05-08 13:07:36,49,23,23,0,"fit: 8, efit: 4","fit: 7, efit: 4",fit: 1,,,0,0,0,0,2,,
2026-05-08 13:32:40,49,23,23,0,"fit: 8, efit: 4","fit: 7, efit: 3",fit: 1,,,0,0,0,0,2,,
2026-05-08 14:02:46,49,23,23,0,"fit: 8, efit: 5","fit: 7, efit: 4",fit: 1,,,0,0,0,0,2,,
2026-05-08 14:25:16,49,23,23,0,"fit: 8, efit: 4","fit: 7, efit: 3",fit: 1,,,0,0,0,0,2,,
2026-05-08 15:35:33,49,23,23,0,"fit: 9, efit: 4","fit: 8, efit: 3",fit: 1,,,0,0,0,0,2,,
2026-05-08 15:55:38,49,23,23,0,"fit: 9, efit: 3","fit: 8, efit: 2",fit: 1,,,0,0,0,0,2,,
2026-05-08 17:31:03,49,23,23,0,"fit: 9, efit: 2","fit: 8, efit: 1",fit: 1,,,0,0,0,0,2,,
2026-05-08 17:53:28,49,23,23,0,"fit: 9, efit: 1",fit: 8,fit: 1,,,0,0,0,0,2,,
2026-05-08 19:16:29,49,23,23,0,"fit: 7, efit: 1",fit: 6,fit: 1,,,0,0,0,0,2,,
2026-05-08 19:18:43,49,23,23,0,"fit: 8, efit: 1",fit: 7,fit: 1,,,0,0,0,0,2,,
2026-05-08 20:06:42,49,23,23,0,"fit: 9, efit: 1",fit: 8,fit: 1,,,0,0,0,0,2,,
2026-05-08 20:33:57,49,23,23,0,"fit: 10, efit: 1",fit: 9,fit: 1,,,0,0,0,0,2,,
2026-05-09 00:00:08,49,23,23,0,"fit: 10, efit: 1",fit: 9,fit: 1,,,0,0,0,0,2,,
2026-05-09 11:40:27,49,23,23,0,"fit: 9, efit: 1",fit: 8,fit: 1,,,0,0,0,0,2,,
2026-05-09 14:41:14,49,23,23,0,"fit: 7, efit: 5","fit: 7, efit: 5",,,,0,0,0,0,2,,
2026-05-09 14:42:09,49,23,23,0,"fit: 5, efit: 7","fit: 5, efit: 7",,,,0,0,0,0,2,,
2026-05-09 14:42:25,49,23,23,0,"fit: 3, efit: 7","fit: 3, efit: 7",,,,0,0,0,0,2,,
2026-05-09 14:46:15,49,23,23,0,"fit: 3, efit: 5","fit: 3, efit: 5",,,,0,0,0,0,2,,
2026-05-09 15:16:22,49,23,23,0,"fit: 4, efit: 4","fit: 4, efit: 4",,,,0,0,0,0,2,,
2026-05-09 16:17:26,49,23,23,0,"fit: 4, efit: 5","fit: 4, efit: 5",,,,0,0,0,0,2,,
2026-05-09 18:12:59,49,23,23,0,"fit: 4, efit: 4","fit: 4, efit: 4",,,,0,0,0,0,2,,
2026-05-09 19:07:20,49,23,23,0,"fit: 5, efit: 3","fit: 5, efit: 3",,,,0,0,0,0,2,,
2026-05-09 19:57:32,49,23,23,0,"fit: 5, efit: 2","fit: 5, efit: 2",,,,0,0,0,0,2,,
2026-05-10 00:03:31,49,23,23,0,"fit: 5, efit: 2","fit: 5, efit: 2",,,,0,0,0,0,2,,
2026-05-10 03:34:20,49,23,23,0,"fit: 5, efit: 2","fit: 5, efit: 1",,,,0,0,0,0,2,,
2026-05-10 03:39:21,49,23,23,0,"fit: 5, efit: 2","fit: 5, efit: 2",,,,0,0,0,0,2,,
2026-05-10 08:20:21,49,23,23,0,"fit: 5, efit: 3","fit: 5, efit: 3",,,,0,0,0,0,2,,
2026-05-10 09:55:13,49,23,23,0,"fit: 5, efit: 4","fit: 5, efit: 3",,,,0,0,0,0,2,,
2026-05-10 13:06:32,49,23,23,0,"fit: 5, efit: 3","fit: 5, efit: 2",,,,0,0,0,0,2,,
2026-05-10 14:46:57,49,23,23,0,"fit: 5, efit: 4","fit: 5, efit: 3",,,,0,0,0,0,2,,
2026-05-10 15:36:09,49,23,23,0,"fit: 5, efit: 3","fit: 5, efit: 2",,,,0,0,0,0,2,,
2026-05-10 15:56:12,49,23,23,0,"fit: 4, efit: 3","fit: 4, efit: 2",,,,0,0,0,0,2,,
2026-05-10 17:36:29,49,23,23,0,"fit: 4, efit: 1",fit: 4,,,,0,0,0,0,2,,
2026-05-10 17:46:30,49,23,23,0,"fit: 4, efit: 2","fit: 4, efit: 1",,,,0,0,0,0,2,,
2026-05-10 17:56:32,49,23,23,0,"fit: 4, efit: 3","fit: 4, efit: 2",,,,0,0,0,0,2,,
2026-05-10 23:04:01,49,23,23,0,"fit: 4, efit: 4","fit: 4, efit: 3",,,,0,0,0,0,2,,
2026-05-11 00:02:30,49,23,23,0,"fit: 4, efit: 4","fit: 4, efit: 3",,,,0,0,0,0,2,,
2026-05-11 07:24:04,49,23,23,0,"fit: 5, efit: 4","fit: 5, efit: 3",,,,0,0,0,0,2,,
2026-05-11 07:28:38,49,23,23,0,"fit: 4, efit: 4","fit: 4, efit: 3",,,,0,0,0,0,2,,
2026-05-11 08:13:46,49,23,23,0,"fit: 4, efit: 5","fit: 4, efit: 4",,,,0,0,0,0,2,,
2026-05-11 08:16:13,49,23,23,0,"fit: 4, efit: 6","fit: 4, efit: 5",,,,0,0,0,0,2,,
2026-05-11 08:26:15,49,23,23,0,"fit: 5, efit: 6","fit: 5, efit: 5",,,,0,0,0,0,2,,
2026-05-11 08:28:48,49,23,23,0,"fit: 5, efit: 7","fit: 5, efit: 6",,,,0,0,0,0,2,,
2026-05-11 08:43:51,49,23,23,0,"fit: 5, efit: 9","fit: 5, efit: 8",,,,0,0,0,0,2,,
2026-05-11 08:49:19,49,23,23,0,"fit: 6, efit: 9","fit: 6, efit: 8",,,,0,0,0,0,2,,
2026-05-11 08:56:23,49,23,23,0,"fit: 6, efit: 10","fit: 6, efit: 9",,,,0,0,0,0,2,,
2026-05-11 09:13:56,49,23,23,0,"fit: 6, efit: 9","fit: 6, efit: 8",,,,0,0,0,0,2,,
2026-05-11 09:36:33,49,23,23,0,"fit: 7, efit: 9","fit: 7, efit: 8",,,,0,0,0,0,2,,
2026-05-11 10:01:39,49,23,23,0,"fit: 7, efit: 9","fit: 4, efit: 8",fit: 3,,,0,0,0,0,2,,
2026-05-11 10:14:35,49,23,23,0,"fit: 7, efit: 8","fit: 4, efit: 7",fit: 3,,,0,0,0,0,2,,
2026-05-11 10:49:11,49,23,23,0,"fit: 8, efit: 8","fit: 5, efit: 7",fit: 3,,,0,0,0,0,2,,
2026-05-11 10:49:41,49,23,23,0,"fit: 7, efit: 7","fit: 5, efit: 7",fit: 2,,,0,0,0,0,2,,
2026-05-11 10:51:52,49,23,23,0,"fit: 5, efit: 8","fit: 5, efit: 8",,,,0,0,0,0,2,,
2026-05-11 10:54:12,49,23,23,0,"fit: 5, efit: 7","fit: 5, efit: 7",,,,0,0,0,0,2,,
2026-05-11 10:54:42,49,23,23,0,"fit: 5, efit: 8","fit: 5, efit: 8",,,,0,0,0,0,2,,
2026-05-11 10:56:53,49,23,23,0,"fit: 5, efit: 7","fit: 5, efit: 7",,,,0,0,0,0,2,,
2026-05-11 11:52:09,49,23,23,0,"fit: 5, efit: 8","fit: 5, efit: 8",,,,0,0,0,0,2,,
2026-05-11 12:52:25,49,23,23,0,"fit: 6, efit: 7","fit: 6, efit: 7",,,,0,0,0,0,2,,
2026-05-11 13:02:27,49,23,23,0,"fit: 6, efit: 6","fit: 6, efit: 6",,,,0,0,0,0,2,,
2026-05-11 13:52:40,49,23,23,0,"fit: 6, efit: 7","fit: 6, efit: 7",,,,0,0,0,0,2,,
2026-05-11 13:54:41,49,23,23,0,"fit: 6, efit: 6","fit: 6, efit: 6",,,,0,0,0,0,2,,
2026-05-11 13:55:16,49,23,23,0,"fit: 6, efit: 5","fit: 6, efit: 5",,,,0,0,0,0,2,,
2026-05-11 14:12:45,49,23,23,0,"fit: 6, efit: 4","fit: 6, efit: 4",,,,0,0,0,0,2,,
2026-05-11 14:37:52,49,23,23,0,"fit: 6, efit: 3","fit: 6, efit: 3",,,,0,0,0,0,2,,
2026-05-11 14:50:26,49,23,23,0,"fit: 6, efit: 4","fit: 6, efit: 4",,,,0,0,0,0,2,,
2026-05-11 16:13:15,49,23,23,0,"fit: 6, efit: 5","fit: 6, efit: 5",,,,0,0,0,0,2,,
2026-05-11 16:28:18,49,23,23,0,"fit: 6, efit: 4","fit: 6, efit: 4",,,,0,0,0,0,2,,
2026-05-11 16:33:20,49,23,23,0,"fit: 6, efit: 3","fit: 6, efit: 3",,,,0,0,0,0,2,,
2026-05-11 16:48:23,49,23,23,0,"fit: 5, efit: 3","fit: 5, efit: 3",,,,0,0,0,0,2,,
2026-05-11 17:05:13,49,23,23,0,"fit: 5, efit: 1","fit: 5, efit: 1",,,,0,0,0,0,2,,
2026-05-11 17:05:50,49,23,23,0,"fit: 5, efit: 4","fit: 5, efit: 4",,,,0,0,0,0,2,,
2026-05-11 17:08:28,49,23,23,0,"fit: 5, efit: 3","fit: 5, efit: 3",,,,0,0,0,0,2,,
2026-05-11 17:45:20,49,23,23,0,"fit: 5, efit: 4","fit: 5, efit: 4",,,,0,0,0,0,2,,
2026-05-11 17:50:21,49,23,23,0,"fit: 5, efit: 5","fit: 5, efit: 5",,,,0,0,0,0,2,,
2026-05-11 18:23:46,49,23,23,0,"fit: 5, efit: 4","fit: 5, efit: 4",,,,0,0,0,0,2,,
2026-05-11 18:40:30,49,23,23,0,"fit: 3, efit: 4","fit: 3, efit: 4",,,,0,0,0,0,2,,
2026-05-11 19:08:56,49,23,23,0,"fit: 5, efit: 4","fit: 5, efit: 4",,,,0,0,0,0,2,,
2026-05-11 20:34:14,49,23,23,0,"fit: 5, efit: 3","fit: 5, efit: 3",,,,0,0,0,0,2,,
2026-05-12 00:01:20,49,23,23,0,"fit: 5, efit: 3","fit: 5, efit: 3",,,,0,0,0,0,2,,
2026-05-12 07:36:33,49,23,23,0,fit: 5,fit: 5,,,,0,0,0,0,2,,
2026-05-12 07:41:34,49,23,23,0,fit: 4,fit: 4,,,,0,0,0,0,2,,
2026-05-12 07:56:37,49,23,23,0,"fit: 4, efit: 1","fit: 4, efit: 1",,,,0,0,0,0,2,,
2026-05-12 07:57:33,49,23,23,0,"fit: 4, efit: 3","fit: 4, efit: 3",,,,0,0,0,0,2,,
2026-05-12 08:01:38,49,23,23,0,"fit: 5, efit: 3","fit: 5, efit: 3",,,,0,0,0,0,2,,
2026-05-12 08:37:39,49,23,23,0,"fit: 6, efit: 4","fit: 6, efit: 4",,,,0,0,0,0,2,,
2026-05-12 08:38:30,49,23,23,0,"fit: 6, efit: 3","fit: 6, efit: 3",,,,0,0,0,0,2,,
2026-05-12 08:41:47,49,23,23,0,"fit: 6, efit: 4","fit: 6, efit: 4",,,,0,0,0,0,2,,
2026-05-12 08:46:48,49,23,23,0,"fit: 6, efit: 5","fit: 6, efit: 5",,,,0,0,0,0,2,,
2026-05-12 09:02:43,49,23,23,0,"fit: 7, efit: 5","fit: 7, efit: 5",,,,0,0,0,0,2,,
2026-05-12 09:26:56,49,23,23,0,"fit: 7, efit: 6","fit: 7, efit: 6",,,,0,0,0,0,2,,
2026-05-12 09:31:58,49,23,23,0,"fit: 7, efit: 7","fit: 7, efit: 7",,,,0,0,0,0,2,,
2026-05-12 09:33:39,49,23,23,0,"fit: 7, efit: 8","fit: 7, efit: 8",,,,0,0,0,0,2,,
2026-05-12 09:57:52,49,23,23,0,"fit: 7, efit: 9","fit: 7, efit: 9",,,,0,0,0,0,2,,
2026-05-12 09:58:43,49,23,23,0,"fit: 7, efit: 8","fit: 7, efit: 8",,,,0,0,0,0,2,,
2026-05-12 10:17:07,49,23,23,0,"fit: 7, efit: 9","fit: 7, efit: 9",,,,0,0,0,0,2,,
2026-05-12 10:32:11,49,23,23,0,"fit: 7, efit: 8","fit: 7, efit: 8",,,,0,0,0,0,2,,
2026-05-12 10:37:59,49,23,23,0,"fit: 6, efit: 8","fit: 6, efit: 8",,,,0,0,0,0,2,,
2026-05-12 11:44:00,49,23,23,0,"fit: 6, efit: 9","fit: 6, efit: 9",,,,0,0,0,0,2,,
2026-05-12 12:12:32,49,23,23,0,"fit: 6, efit: 10","fit: 6, efit: 10",,,,0,0,0,0,2,,
2026-05-12 12:22:34,49,23,23,0,"fit: 6, efit: 9","fit: 6, efit: 9",,,,0,0,0,0,2,,
2026-05-12 12:37:37,49,23,23,0,"fit: 6, efit: 10","fit: 6, efit: 10",,,,0,0,0,0,2,,
2026-05-12 12:47:39,49,23,23,0,"fit: 6, efit: 11","fit: 6, efit: 11",,,,0,0,0,0,2,,
2026-05-12 12:52:40,49,23,23,0,"fit: 6, efit: 10","fit: 6, efit: 10",,,,0,0,0,0,2,,
2026-05-12 12:53:20,49,23,23,0,"fit: 6, efit: 11","fit: 6, efit: 11",,,,0,0,0,0,2,,
2026-05-12 12:54:11,49,23,23,0,"fit: 7, efit: 11","fit: 7, efit: 11",,,,0,0,0,0,2,,
2026-05-12 13:24:57,49,23,23,0,"fit: 7, efit: 10","fit: 7, efit: 10",,,,0,0,0,0,2,,
2026-05-12 13:45:01,49,23,23,0,"fit: 7, efit: 11","fit: 7, efit: 11",,,,0,0,0,0,2,,
2026-05-12 14:20:08,49,23,23,0,"fit: 7, efit: 10","fit: 7, efit: 10",,,,0,0,0,0,2,,
2026-05-12 15:18:46,49,23,23,0,"fit: 7, efit: 9","fit: 7, efit: 9",,,,0,0,0,0,2,,
2026-05-12 15:38:50,49,23,23,0,"fit: 7, efit: 8","fit: 7, efit: 8",,,,0,0,0,0,2,,
2026-05-12 15:58:54,49,23,23,0,"fit: 7, efit: 5","fit: 7, efit: 5",,,,0,0,0,0,2,,
2026-05-12 16:08:56,49,23,23,0,"fit: 6, efit: 5","fit: 6, efit: 5",,,,0,0,0,0,2,,
2026-05-12 16:10:30,49,23,23,0,"fit: 4, efit: 5","fit: 4, efit: 5",,,,0,0,0,0,2,,
2026-05-12 16:45:37,49,23,23,0,"fit: 4, efit: 4","fit: 4, efit: 4",,,,0,0,0,0,2,,
2026-05-12 17:04:08,49,23,23,0,"fit: 5, efit: 4","fit: 5, efit: 4",,,,0,0,0,0,2,,
2026-05-12 17:05:41,49,23,23,0,"fit: 8, efit: 4","fit: 8, efit: 4",,,,0,0,0,0,2,,
2026-05-12 17:14:10,49,23,23,0,"fit: 8, efit: 7","fit: 8, efit: 7",,,,0,0,0,0,2,,
2026-05-12 17:24:12,49,23,23,0,"fit: 7, efit: 7","fit: 7, efit: 7",,,,0,0,0,0,2,,
2026-05-12 17:25:45,49,23,23,0,"fit: 8, efit: 7","fit: 8, efit: 7",,,,0,0,0,0,2,,
2026-05-12 17:29:13,49,23,23,0,"fit: 8, efit: 6","fit: 8, efit: 6",,,,0,0,0,0,2,,
2026-05-12 17:54:18,49,23,23,0,"fit: 8, efit: 5","fit: 8, efit: 4",,,,0,0,0,0,2,,
2026-05-12 18:09:21,49,23,23,0,"fit: 9, efit: 5","fit: 9, efit: 4",,,,0,0,0,0,2,,
2026-05-12 19:36:06,49,23,23,0,"fit: 10, efit: 5","fit: 10, efit: 4",,,,0,0,0,0,2,,
2026-05-12 19:39:39,49,23,23,0,"fit: 10, efit: 4","fit: 10, efit: 3",,,,0,0,0,0,2,,
2026-05-12 20:04:43,49,23,23,0,"fit: 11, efit: 5","fit: 11, efit: 4",,,,0,0,0,0,2,,
2026-05-12 20:06:12,49,23,23,0,"fit: 11, efit: 3","fit: 11, efit: 2",,,,0,0,0,0,2,,
2026-05-12 21:09:56,49,23,23,0,"fit: 11, efit: 4","fit: 11, efit: 3",,,,0,0,0,0,2,,
2026-05-12 21:51:30,49,23,23,0,"fit: 11, efit: 5","fit: 11, efit: 4",,,,0,0,0,0,2,,
2026-05-12 22:05:07,49,23,23,0,"fit: 11, efit: 6","fit: 11, efit: 5",,,,0,0,0,0,2,,
2026-05-13 00:00:29,49,23,23,0,"fit: 11, efit: 6","fit: 11, efit: 5",,,,0,0,0,0,2,,
2026-05-13 08:28:15,49,23,23,0,"fit: 11, efit: 7","fit: 11, efit: 6",,,,0,0,0,0,2,,
2026-05-13 08:42:08,49,23,23,0,"fit: 11, efit: 4","fit: 11, efit: 3",,,,0,0,0,0,2,,
2026-05-13 08:47:09,49,23,23,0,"fit: 12, efit: 3","fit: 12, efit: 2",,,,0,0,0,0,2,,
2026-05-13 08:53:37,49,23,23,0,"fit: 12, efit: 4","fit: 12, efit: 3",,,,0,0,0,0,2,,
2026-05-13 08:58:38,49,23,23,0,"fit: 12, efit: 5","fit: 12, efit: 4",,,,0,0,0,0,2,,
2026-05-13 09:07:13,49,23,23,0,"fit: 12, efit: 6","fit: 12, efit: 5",,,,0,0,0,0,2,,
2026-05-13 09:17:15,49,23,23,0,"fit: 12, efit: 7","fit: 12, efit: 6",,,,0,0,0,0,2,,
2026-05-13 09:22:16,49,23,23,0,"fit: 12, efit: 8","fit: 12, efit: 7",,,,0,0,0,0,2,,
2026-05-13 09:32:18,49,23,23,0,"fit: 12, efit: 10","fit: 12, efit: 9",,,,0,0,0,0,2,,
2026-05-13 10:07:24,49,23,23,0,"fit: 8, efit: 11","fit: 8, efit: 10",,,,0,0,0,0,2,,
2026-05-13 10:37:30,49,23,23,0,"fit: 8, efit: 10","fit: 8, efit: 9",,,,0,0,0,0,2,,
2026-05-13 10:38:38,49,23,23,0,"fit: 8, efit: 11","fit: 8, efit: 10",,,,0,0,0,0,2,,
2026-05-13 11:02:35,49,23,23,0,"fit: 9, efit: 11","fit: 9, efit: 10",,,,0,0,0,0,2,,
2026-05-13 11:47:44,49,23,23,0,"fit: 9, efit: 13","fit: 9, efit: 12",,,,0,0,0,0,2,,
2026-05-13 12:59:02,49,23,23,0,"fit: 9, efit: 12","fit: 9, efit: 11",,,,0,0,0,0,2,,
2026-05-13 15:48:32,49,23,23,0,"fit: 9, efit: 11","fit: 9, efit: 10",,,,0,0,0,0,2,,
2026-05-13 15:58:34,49,23,23,0,"fit: 9, efit: 9","fit: 9, efit: 8",,,,0,0,0,0,2,,
2026-05-13 16:23:39,49,23,23,0,"fit: 9, efit: 10","fit: 9, efit: 9",,,,0,0,0,0,2,,
2026-05-13 16:39:38,49,23,23,0,"fit: 8, efit: 10","fit: 8, efit: 9",,,,0,0,0,0,2,,
2026-05-13 16:43:43,49,23,23,0,"fit: 5, efit: 9","fit: 5, efit: 8",,,,0,0,0,0,2,,
2026-05-13 16:44:39,49,23,23,0,"fit: 5, efit: 7","fit: 5, efit: 7",,,,0,0,0,0,2,,
2026-05-13 17:28:52,49,23,23,0,"fit: 5, efit: 6","fit: 5, efit: 6",,,,0,0,0,0,2,,
2026-05-13 17:59:52,49,23,23,0,"fit: 5, efit: 5","fit: 5, efit: 5",,,,0,0,0,0,2,,
2026-05-13 18:03:59,49,23,23,0,"fit: 5, efit: 4","fit: 5, efit: 4",,,,0,0,0,0,2,,
2026-05-13 19:10:04,49,23,23,0,"fit: 5, efit: 3","fit: 5, efit: 3",,,,0,0,0,0,2,,
2026-05-13 19:15:40,49,23,23,0,"fit: 5, efit: 2","fit: 5, efit: 2",,,,0,0,0,0,2,,
2026-05-13 19:59:22,49,23,23,0,"fit: 5, efit: 1","fit: 5, efit: 1",,,,0,0,0,0,2,,
2026-05-13 20:29:27,49,23,23,0,"fit: 5, efit: 2","fit: 5, efit: 2",,,,0,0,0,0,2,,
2026-05-14 00:01:33,49,23,23,0,"fit: 5, efit: 2","fit: 5, efit: 2",,,,0,0,0,0,2,,
2026-05-14 07:13:26,49,23,23,0,"fit: 5, efit: 1","fit: 5, efit: 1",,,,0,0,0,0,2,,
2026-05-14 07:47:55,49,23,23,0,fit: 6,fit: 6,,,,0,0,0,0,2,,
2026-05-14 07:57:57,49,23,23,0,"fit: 6, efit: 2","fit: 6, efit: 2",,,,0,0,0,0,2,,
2026-05-14 08:07:59,49,23,23,0,"fit: 7, efit: 3","fit: 7, efit: 3",,,,0,0,0,0,2,,
2026-05-14 08:28:03,49,23,23,0,"fit: 7, efit: 4","fit: 7, efit: 4",,,,0,0,0,0,2,,
2026-05-14 08:53:07,49,23,23,0,"fit: 7, efit: 6","fit: 7, efit: 6",,,,0,0,0,0,2,,
2026-05-14 09:13:11,49,23,23,0,"fit: 7, efit: 5","fit: 7, efit: 5",,,,0,0,0,0,2,,
2026-05-14 09:23:13,49,23,23,0,"fit: 7, efit: 6","fit: 7, efit: 6",,,,0,0,0,0,2,,
2026-05-14 09:28:14,49,23,23,0,"fit: 7, efit: 7","fit: 7, efit: 7",,,,0,0,0,0,2,,
2026-05-14 09:38:16,49,23,23,0,"fit: 7, efit: 8","fit: 7, efit: 8",,,,0,0,0,0,2,,
2026-05-14 09:58:19,49,23,23,0,"fit: 7, efit: 7","fit: 7, efit: 7",,,,0,0,0,0,2,,
2026-05-14 10:13:22,49,23,23,0,"fit: 7, efit: 8","fit: 7, efit: 8",,,,0,0,0,0,2,,
2026-05-14 10:44:06,49,23,23,0,"fit: 7, efit: 9","fit: 7, efit: 9",,,,0,0,0,0,2,,
2026-05-14 10:58:30,49,23,23,0,"fit: 7, efit: 10","fit: 7, efit: 10",,,,0,0,0,0,2,,
2026-05-14 14:10:36,49,23,23,0,"fit: 7, efit: 9","fit: 7, efit: 9",,,,0,0,0,0,2,,
2026-05-14 14:14:06,49,23,23,0,"fit: 7, efit: 8","fit: 7, efit: 8",,,,0,0,0,0,2,,
2026-05-14 14:45:43,49,23,23,0,"fit: 7, efit: 7","fit: 7, efit: 7",,,,0,0,0,0,2,,
2026-05-14 15:14:17,49,23,23,0,"fit: 7, efit: 8","fit: 7, efit: 8",,,,0,0,0,0,2,,
2026-05-14 15:45:55,49,23,23,0,"fit: 7, efit: 7","fit: 7, efit: 7",,,,0,0,0,0,2,,
2026-05-14 15:55:57,49,23,23,0,"fit: 7, efit: 6","fit: 7, efit: 6",,,,0,0,0,0,2,,
2026-05-14 16:21:02,49,23,23,0,"fit: 7, efit: 5","fit: 7, efit: 5",,,,0,0,0,0,2,,
2026-05-14 17:21:14,49,23,23,0,"fit: 8, efit: 4","fit: 8, efit: 4",,,,0,0,0,0,2,,
2026-05-14 17:24:34,49,23,23,0,"fit: 10, efit: 1","fit: 10, efit: 1",,,,0,0,0,0,2,,
2026-05-14 17:46:20,49,23,23,0,"fit: 10, efit: 2","fit: 10, efit: 2",,,,0,0,0,0,2,,
2026-05-14 18:29:46,49,23,23,0,"fit: 10, efit: 1","fit: 10, efit: 1",,,,0,0,0,0,2,,
2026-05-14 18:34:47,49,23,23,0,fit: 10,fit: 10,,,,0,0,0,0,2,,
2026-05-14 19:51:45,49,23,23,0,fit: 11,fit: 11,,,,0,0,0,0,2,,
2026-05-14 20:05:03,49,23,23,0,"fit: 11, efit: 1","fit: 11, efit: 1",,,,0,0,0,0,2,,
2026-05-14 20:56:59,49,23,23,0,fit: 11,fit: 11,,,,0,0,0,0,2,,
2026-05-15 00:00:42,49,23,23,0,fit: 11,fit: 11,,,,0,0,0,0,2,,
2026-05-15 07:24:01,49,23,23,0,fit: 12,fit: 12,,,,0,0,0,0,2,,
2026-05-15 07:26:52,49,23,23,0,fit: 11,fit: 11,,,,0,0,0,0,2,,
2026-05-15 08:04:09,49,23,23,0,"fit: 11, efit: 1","fit: 11, efit: 1",,,,0,0,0,0,2,,
2026-05-15 08:17:21,49,23,23,0,"fit: 11, efit: 2","fit: 11, efit: 2",,,,0,0,0,0,2,,
2026-05-15 08:29:14,49,23,23,0,"fit: 11, efit: 3","fit: 11, efit: 3",,,,0,0,0,0,2,,
2026-05-15 08:32:03,49,23,23,0,"fit: 11, efit: 4","fit: 11, efit: 4",,,,0,0,0,0,2,,
2026-05-15 08:42:04,49,23,23,0,"fit: 11, efit: 5","fit: 11, efit: 5",,,,0,0,0,0,2,,
2026-05-15 09:02:08,49,23,23,0,"fit: 11, efit: 6","fit: 11, efit: 6",,,,0,0,0,0,2,,
2026-05-15 09:17:10,49,23,23,0,"fit: 11, efit: 7","fit: 11, efit: 7",,,,0,0,0,0,2,,
2026-05-15 09:19:24,49,23,23,0,"fit: 11, efit: 8","fit: 11, efit: 8",,,,0,0,0,0,2,,
2026-05-15 09:22:11,49,23,23,0,"fit: 11, efit: 7","fit: 11, efit: 7",,,,0,0,0,0,2,,
2026-05-15 09:32:13,49,23,23,0,"fit: 11, efit: 8","fit: 11, efit: 8",,,,0,0,0,0,2,,
2026-05-15 09:34:27,49,23,23,0,"fit: 11, efit: 9","fit: 11, efit: 9",,,,0,0,0,0,2,,
2026-05-15 10:09:34,49,23,23,0,"fit: 12, efit: 8","fit: 12, efit: 8",,,,0,0,0,0,2,,
2026-05-15 10:12:19,49,23,23,0,"fit: 12, efit: 9","fit: 12, efit: 9",,,,0,0,0,0,2,,
2026-05-15 10:22:20,49,23,23,0,"fit: 10, efit: 9","fit: 10, efit: 9",,,,0,0,0,0,2,,
2026-05-15 10:22:44,49,23,23,0,"fit: 8, efit: 9","fit: 8, efit: 9",,,,0,0,0,0,2,,
2026-05-15 10:24:37,49,23,23,0,"fit: 7, efit: 10","fit: 7, efit: 10",,,,0,0,0,0,2,,
2026-05-15 10:27:21,49,23,23,0,"fit: 6, efit: 14","fit: 6, efit: 14",,,,0,0,0,0,2,,
2026-05-15 10:34:39,49,23,23,0,"fit: 6, efit: 15","fit: 6, efit: 15",,,,0,0,0,0,2,,
2026-05-15 11:12:28,49,23,23,0,"fit: 7, efit: 14","fit: 7, efit: 14",,,,0,0,0,0,2,,
2026-05-15 11:29:52,49,23,23,0,"fit: 7, efit: 15","fit: 7, efit: 15",,,,0,0,0,0,2,,
2026-05-15 11:42:33,49,23,23,0,"fit: 7, efit: 16","fit: 7, efit: 16",,,,0,0,0,0,2,,
2026-05-15 11:44:55,49,23,23,0,"fit: 7, efit: 15","fit: 7, efit: 15",,,,0,0,0,0,2,,
2026-05-15 11:48:00,49,23,23,0,"fit: 7, efit: 14","fit: 7, efit: 14",,,,0,0,0,0,2,,
2026-05-15 12:12:38,49,23,23,0,"fit: 7, efit: 15","fit: 7, efit: 15",,,,0,0,0,0,2,,
2026-05-15 12:30:04,49,23,23,0,"fit: 7, efit: 16","fit: 7, efit: 16",,,,0,0,0,0,2,,
2026-05-15 12:47:44,49,23,23,0,"fit: 7, efit: 15","fit: 7, efit: 15",,,,0,0,0,0,2,,
2026-05-15 13:07:47,49,23,23,0,"fit: 7, efit: 14","fit: 7, efit: 14",,,,0,0,0,0,2,,
2026-05-15 13:12:48,49,23,23,0,"fit: 7, efit: 13","fit: 7, efit: 13",,,,0,0,0,0,2,,
2026-05-15 13:25:16,49,23,23,0,"fit: 7, efit: 12","fit: 7, efit: 12",,,,0,0,0,0,2,,
2026-05-15 14:07:59,49,23,23,0,"fit: 7, efit: 11","fit: 7, efit: 11",,,,0,0,0,0,2,,
2026-05-15 14:08:26,49,23,23,0,"fit: 8, efit: 11","fit: 8, efit: 11",,,,0,0,0,0,2,,
2026-05-15 14:10:25,49,23,23,0,"fit: 8, efit: 10","fit: 8, efit: 10",,,,0,0,0,0,2,,
2026-05-15 14:18:01,49,23,23,0,"fit: 8, efit: 11","fit: 8, efit: 11",,,,0,0,0,0,2,,
2026-05-15 14:18:28,49,23,23,0,"fit: 8, efit: 10","fit: 8, efit: 10",,,,0,0,0,0,2,,
2026-05-15 14:30:29,49,23,23,0,"fit: 8, efit: 9","fit: 8, efit: 9",,,,0,0,0,0,2,,
2026-05-15 15:15:38,49,23,23,0,"fit: 8, efit: 8","fit: 8, efit: 8",,,,0,0,0,0,2,,
2026-05-15 15:25:40,49,23,23,0,"fit: 8, efit: 7","fit: 8, efit: 7",,,,0,0,0,0,2,,
2026-05-15 16:00:47,49,23,23,0,"fit: 8, efit: 6","fit: 8, efit: 6",,,,0,0,0,0,2,,
2026-05-15 16:35:54,49,23,23,0,"fit: 8, efit: 5","fit: 8, efit: 5",,,,0,0,0,0,2,,
2026-05-15 16:38:25,49,23,23,0,"fit: 8, efit: 4","fit: 8, efit: 4",,,,0,0,0,0,2,,
2026-05-15 16:58:29,49,23,23,0,"fit: 8, efit: 3","fit: 8, efit: 3",,,,0,0,0,0,2,,
2026-05-15 17:06:01,49,23,23,0,"fit: 8, efit: 2","fit: 8, efit: 2",,,,0,0,0,0,2,,
2026-05-15 17:13:31,49,23,23,0,"fit: 9, efit: 2","fit: 9, efit: 2",,,,0,0,0,0,2,,
2026-05-15 18:43:47,49,23,23,0,fit: 9,fit: 9,,,,0,0,0,0,2,,
2026-05-15 19:36:33,49,23,23,0,"fit: 9, efit: 1",fit: 9,,,,0,0,0,0,2,,
2026-05-15 20:34:07,49,23,23,0,"fit: 9, efit: 2","fit: 9, efit: 1",,,,0,0,0,0,2,,
2026-05-15 21:04:12,49,23,23,0,"fit: 9, efit: 1",fit: 9,,,,0,0,0,0,2,,
2026-05-16 00:00:21,49,23,23,0,"fit: 9, efit: 1",fit: 9,,,,0,0,0,0,2,,
2026-05-16 10:59:35,49,23,23,0,"fit: 10, efit: 1",fit: 10,,,,0,0,0,0,2,,
2026-05-16 12:01:38,49,23,23,0,"fit: 8, efit: 1",fit: 8,,,,0,0,0,0,2,,
2026-05-16 12:02:32,49,23,23,0,"fit: 6, efit: 1",fit: 6,,,,0,0,0,0,2,,
2026-05-16 12:04:49,49,23,23,0,"fit: 5, efit: 1",fit: 5,,,,0,0,0,0,2,,
2026-05-16 12:56:51,49,23,23,0,"fit: 4, efit: 1",fit: 4,,,,0,0,0,0,2,,
2026-05-16 15:00:27,49,23,23,0,"fit: 5, efit: 1",fit: 5,,,,0,0,0,0,2,,
2026-05-16 15:08:06,49,23,23,0,"fit: 4, efit: 1",fit: 4,,,,0,0,0,0,2,,
2026-05-16 15:47:19,49,23,23,0,"fit: 3, efit: 1",fit: 3,,,,0,0,0,0,2,,
2026-05-16 16:05:42,49,23,23,0,"fit: 4, efit: 1",fit: 4,,,,0,0,0,0,2,,
2026-05-16 16:22:25,49,23,23,0,"fit: 4, efit: 2","fit: 4, efit: 1",,,,0,0,0,0,2,,
2026-05-16 18:36:13,49,23,23,0,"fit: 4, efit: 3","fit: 4, efit: 2",,,,0,0,0,0,2,,
2026-05-16 20:39:08,49,23,23,0,"fit: 4, efit: 4","fit: 4, efit: 3",,,,0,0,0,0,2,,
2026-05-16 20:41:38,49,23,23,0,"fit: 3, efit: 4","fit: 3, efit: 3",,,,0,0,0,0,2,,
2026-05-16 20:44:09,49,23,23,0,"fit: 4, efit: 4","fit: 4, efit: 3",,,,0,0,0,0,2,,
2026-05-16 22:54:32,49,23,23,0,"fit: 4, efit: 5","fit: 4, efit: 4",,,,0,0,0,0,2,,
2026-05-16 22:57:06,49,23,23,0,"fit: 4, efit: 4","fit: 4, efit: 3",,,,0,0,0,0,2,,
2026-05-16 23:14:36,49,23,23,0,"fit: 4, efit: 5","fit: 4, efit: 4",,,,0,0,0,0,2,,
2026-05-17 00:02:19,49,23,23,0,"fit: 4, efit: 5","fit: 4, efit: 4",,,,0,0,0,0,2,,
2026-05-17 03:40:24,49,23,23,0,"fit: 4, efit: 6","fit: 4, efit: 5",,,,0,0,0,0,2,,
2026-05-17 05:04:26,49,23,23,0,"fit: 4, efit: 6","fit: 4, efit: 5",efit: 1,,,0,0,0,0,2,,
2026-05-17 09:19:05,49,23,23,0,"fit: 3, efit: 6","fit: 3, efit: 5",efit: 1,,,0,0,0,0,2,,
2026-05-17 09:49:11,49,23,23,0,"fit: 4, efit: 6","fit: 4, efit: 5",efit: 1,,,0,0,0,0,2,,
2026-05-17 10:56:44,49,23,23,0,"fit: 4, efit: 7","fit: 4, efit: 6",efit: 1,,,0,0,0,0,2,,
2026-05-17 12:35:40,49,23,23,0,"fit: 6, efit: 7","fit: 6, efit: 6",efit: 1,,,0,0,0,0,2,,
2026-05-17 12:37:03,49,23,23,0,"fit: 6, efit: 5","fit: 6, efit: 4",efit: 1,,,0,0,0,0,2,,
2026-05-17 12:59:50,49,23,23,0,"fit: 6, efit: 4","fit: 6, efit: 3",efit: 1,,,0,0,0,0,2,,
2026-05-17 13:02:08,49,23,23,0,"fit: 6, efit: 3","fit: 6, efit: 2",efit: 1,,,0,0,0,0,2,,
2026-05-17 13:29:56,49,23,23,0,"fit: 6, efit: 3","fit: 6, efit: 2",,,,0,0,0,0,2,,
2026-05-17 14:15:07,49,23,23,0,"fit: 6, efit: 3","fit: 6, efit: 2",efit: 1,,,0,0,0,0,2,,
2026-05-17 14:25:09,49,23,23,0,"fit: 7, efit: 3","fit: 7, efit: 2",efit: 1,,,0,0,0,0,2,,
2026-05-17 16:12:46,49,23,23,0,"fit: 6, efit: 3","fit: 6, efit: 2",efit: 1,,,0,0,0,0,2,,
2026-05-17 16:20:34,49,23,23,0,"fit: 5, efit: 3","fit: 5, efit: 2",efit: 1,,,0,0,0,0,2,,
2026-05-17 16:21:18,49,23,23,0,"fit: 6, efit: 3","fit: 6, efit: 2",efit: 1,,,0,0,0,0,2,,
2026-05-17 16:41:22,49,23,23,0,"fit: 6, efit: 4","fit: 6, efit: 3",efit: 1,,,0,0,0,0,2,,
2026-05-17 17:05:44,49,23,23,0,"fit: 7, efit: 4","fit: 7, efit: 3",efit: 1,,,0,0,0,0,2,,
2026-05-17 17:07:56,49,23,23,0,"fit: 5, efit: 4","fit: 5, efit: 3",efit: 1,,,0,0,0,0,2,,
2026-05-17 17:12:57,49,23,23,0,"fit: 5, efit: 3","fit: 5, efit: 2",efit: 1,,,0,0,0,0,2,,
2026-05-17 17:28:01,49,23,23,0,"fit: 5, efit: 2","fit: 5, efit: 1",efit: 1,,,0,0,0,0,2,,
2026-05-17 17:50:53,49,23,23,0,"fit: 3, efit: 2","fit: 3, efit: 1",efit: 1,,,0,0,0,0,2,,
2026-05-17 18:46:43,49,23,23,0,"fit: 4, efit: 2","fit: 4, efit: 1",efit: 1,,,0,0,0,0,2,,
2026-05-17 18:48:16,49,23,23,0,"fit: 5, efit: 2","fit: 5, efit: 1",efit: 1,,,0,0,0,0,2,,
2026-05-17 20:16:24,49,23,23,0,"fit: 5, efit: 1",fit: 5,efit: 1,,,0,0,0,0,2,,
2026-05-18 00:02:10,49,23,23,0,"fit: 5, efit: 1",fit: 5,efit: 1,,,0,0,0,0,2,,
2026-05-18 07:40:37,49,23,23,0,"fit: 5, efit: 2","fit: 5, efit: 1",efit: 1,,,0,0,0,0,2,,
2026-05-18 07:50:39,49,23,23,0,"fit: 5, efit: 3","fit: 5, efit: 2",efit: 1,,,0,0,0,0,2,,
2026-05-18 08:03:43,49,23,23,0,"fit: 5, efit: 4","fit: 5, efit: 3",efit: 1,,,0,0,0,0,2,,
2026-05-18 08:10:42,49,23,23,0,"fit: 5, efit: 5","fit: 5, efit: 4",efit: 1,,,0,0,0,0,2,,
2026-05-18 08:20:44,49,23,23,0,"fit: 5, efit: 6","fit: 5, efit: 5",efit: 1,,,0,0,0,0,2,,
2026-05-18 08:25:45,49,23,23,0,"fit: 5, efit: 7","fit: 5, efit: 6",efit: 1,,,0,0,0,0,2,,
2026-05-18 08:28:49,49,23,23,0,"fit: 6, efit: 7","fit: 6, efit: 6",efit: 1,,,0,0,0,0,2,,
2026-05-18 08:43:51,49,23,23,0,"fit: 6, efit: 8","fit: 6, efit: 7",efit: 1,,,0,0,0,0,2,,
2026-05-18 08:55:51,49,23,23,0,"fit: 6, efit: 9","fit: 6, efit: 8",efit: 1,,,0,0,0,0,2,,
2026-05-18 09:13:58,49,23,23,0,"fit: 6, efit: 10","fit: 6, efit: 9",efit: 1,,,0,0,0,0,2,,
2026-05-18 09:15:55,49,23,23,0,"fit: 6, efit: 9","fit: 6, efit: 8",efit: 1,,,0,0,0,0,2,,
2026-05-18 09:30:57,49,23,23,0,"fit: 6, efit: 10","fit: 6, efit: 9",efit: 1,,,0,0,0,0,2,,
2026-05-18 09:40:59,49,23,23,0,"fit: 6, efit: 11","fit: 6, efit: 10",efit: 1,,,0,0,0,0,2,,
2026-05-18 09:49:04,49,23,23,0,"fit: 6, efit: 12","fit: 6, efit: 11",efit: 1,,,0,0,0,0,2,,
2026-05-18 09:51:01,49,23,23,0,"fit: 6, efit: 12","fit: 6, efit: 10",efit: 2,,,0,0,0,0,2,,
2026-05-18 09:59:05,49,23,23,0,"fit: 7, efit: 11","fit: 7, efit: 9",efit: 2,,,0,0,0,0,2,,
2026-05-18 10:04:06,49,23,23,0,"fit: 7, efit: 10","fit: 7, efit: 9",efit: 1,,,0,0,0,0,2,,
2026-05-18 10:06:04,49,23,23,0,"fit: 7, efit: 10","fit: 7, efit: 10",,,,0,0,0,0,2,,
2026-05-18 10:29:08,49,23,23,0,"fit: 7, efit: 11","fit: 7, efit: 11",,,,0,0,0,0,2,,
2026-05-18 10:39:10,49,23,23,0,"fit: 7, efit: 12","fit: 7, efit: 12",,,,0,0,0,0,2,,
2026-05-18 11:01:14,49,23,23,0,"fit: 7, efit: 11","fit: 7, efit: 11",,,,0,0,0,0,2,,
2026-05-18 12:04:24,49,23,23,0,"fit: 7, efit: 10","fit: 7, efit: 10",,,,0,0,0,0,2,,
2026-05-18 12:06:29,49,23,23,0,"fit: 7, efit: 11","fit: 7, efit: 11",,,,0,0,0,0,2,,
2026-05-18 12:49:31,49,23,23,0,"fit: 7, efit: 12","fit: 7, efit: 12",,,,0,0,0,0,2,,
2026-05-18 13:01:40,49,23,23,0,"fit: 7, efit: 11","fit: 7, efit: 11",,,,0,0,0,0,2,,
2026-05-18 13:04:34,49,23,23,0,"fit: 7, efit: 10","fit: 7, efit: 10",,,,0,0,0,0,2,,
2026-05-18 13:26:45,49,23,23,0,"fit: 7, efit: 11","fit: 7, efit: 11",,,,0,0,0,0,2,,
2026-05-18 13:29:38,49,23,23,0,"fit: 7, efit: 12","fit: 7, efit: 12",,,,0,0,0,0,2,,
2026-05-18 13:49:42,49,23,23,0,"fit: 7, efit: 11","fit: 7, efit: 11",,,,0,0,0,0,2,,
2026-05-18 14:16:55,49,23,23,0,"fit: 7, efit: 10","fit: 7, efit: 10",,,,0,0,0,0,2,,
2026-05-18 14:19:47,49,23,23,0,"fit: 7, efit: 9","fit: 7, efit: 9",,,,0,0,0,0,2,,
2026-05-18 14:31:58,49,23,23,0,"fit: 7, efit: 8","fit: 7, efit: 8",,,,0,0,0,0,2,,
2026-05-18 14:34:50,49,23,23,0,"fit: 7, efit: 5","fit: 7, efit: 5",,,,0,0,0,0,2,,
2026-05-18 15:35:00,49,23,23,0,"fit: 7, efit: 6","fit: 7, efit: 6",,,,0,0,0,0,2,,
2026-05-18 15:55:04,49,23,23,0,"fit: 7, efit: 5","fit: 7, efit: 5",,,,0,0,0,0,2,,
2026-05-18 15:55:21,49,23,23,0,"fit: 7, efit: 4","fit: 7, efit: 4",,,,0,0,0,0,2,,
2026-05-18 16:15:07,49,23,23,0,"fit: 7, efit: 3","fit: 7, efit: 3",,,,0,0,0,0,2,,
2026-05-18 16:30:10,49,23,23,0,"fit: 6, efit: 3","fit: 6, efit: 3",,,,0,0,0,0,2,,
2026-05-18 16:42:23,49,23,23,0,"fit: 6, efit: 2","fit: 6, efit: 2",,,,0,0,0,0,2,,
2026-05-18 16:45:13,49,23,23,0,"fit: 6, efit: 1","fit: 6, efit: 1",,,,0,0,0,0,2,,
2026-05-18 17:30:21,49,23,23,0,"fit: 6, efit: 2","fit: 6, efit: 2",,,,0,0,0,0,2,,
2026-05-18 17:55:25,49,23,23,0,"fit: 6, efit: 1","fit: 6, efit: 1",,,,0,0,0,0,2,,
2026-05-18 18:07:40,49,23,23,0,fit: 6,fit: 6,,,,0,0,0,0,2,,
2026-05-18 19:10:38,49,23,23,0,fit: 5,fit: 5,,,,0,0,0,0,2,,
2026-05-18 19:15:39,49,23,23,0,"fit: 5, efit: 2","fit: 5, efit: 2",,,,0,0,0,0,2,,
2026-05-18 21:38:21,49,23,23,0,"fit: 5, efit: 2","fit: 5, efit: 1",,,,0,0,0,0,2,,
2026-05-19 00:01:26,49,23,23,0,"fit: 5, efit: 2","fit: 5, efit: 1",,,,0,0,0,0,2,,
2026-05-19 05:38:11,49,23,23,0,"fit: 5, efit: 3","fit: 5, efit: 2",,,,0,0,0,0,2,,
2026-05-19 07:47:38,49,23,23,0,"fit: 5, efit: 4","fit: 5, efit: 3",,,,0,0,0,0,2,,
2026-05-19 07:50:12,49,23,23,0,"fit: 5, efit: 5","fit: 5, efit: 4",,,,0,0,0,0,2,,
2026-05-19 08:00:14,49,23,23,0,"fit: 5, efit: 6","fit: 5, efit: 5",,,,0,0,0,0,2,,
2026-05-19 08:25:18,49,23,23,0,"fit: 5, efit: 7","fit: 5, efit: 6",,,,0,0,0,0,2,,
2026-05-19 08:28:46,49,23,23,0,"fit: 5, efit: 8","fit: 5, efit: 7",,,,0,0,0,0,2,,
2026-05-19 08:37:47,49,23,23,0,"fit: 5, efit: 9","fit: 5, efit: 8",,,,0,0,0,0,2,,
2026-05-19 08:42:48,49,23,23,0,"fit: 6, efit: 9","fit: 6, efit: 8",,,,0,0,0,0,2,,
2026-05-19 08:52:49,49,23,23,0,"fit: 6, efit: 10","fit: 6, efit: 9",,,,0,0,0,0,2,,
2026-05-19 09:07:52,49,23,23,0,"fit: 6, efit: 11","fit: 6, efit: 10",,,,0,0,0,0,2,,
2026-05-19 09:37:57,49,23,23,0,"fit: 6, efit: 12","fit: 6, efit: 11",,,,0,0,0,0,2,,
2026-05-19 09:39:01,49,23,23,0,"fit: 6, efit: 13","fit: 6, efit: 12",,,,0,0,0,0,2,,
2026-05-19 09:45:34,49,23,23,0,"fit: 6, efit: 14","fit: 6, efit: 13",,,,0,0,0,0,2,,
2026-05-19 09:47:58,49,23,23,0,"fit: 6, efit: 15","fit: 6, efit: 14",,,,0,0,0,0,2,,
2026-05-19 09:54:04,49,23,23,0,"fit: 6, efit: 15","fit: 6, efit: 15",,,,0,0,0,0,2,,
2026-05-19 10:13:03,49,23,23,0,"fit: 6, efit: 16","fit: 6, efit: 16",,,,0,0,0,0,2,,
2026-05-19 11:25:53,49,23,23,0,"fit: 6, efit: 17","fit: 6, efit: 17",,,,0,0,0,0,2,,
2026-05-19 11:40:56,49,23,23,0,"fit: 6, efit: 17","fit: 6, efit: 16",efit: 1,,,0,0,0,0,2,,
2026-05-19 12:13:23,49,23,23,0,"fit: 6, efit: 16","fit: 6, efit: 15",efit: 1,,,0,0,0,0,2,,
2026-05-19 12:29:37,49,23,23,0,"fit: 6, efit: 15","fit: 6, efit: 14",efit: 1,,,0,0,0,0,2,,
2026-05-19 12:33:26,49,23,23,0,"fit: 6, efit: 16","fit: 6, efit: 15",efit: 1,,,0,0,0,0,2,,
2026-05-19 12:58:30,49,23,23,0,"fit: 6, efit: 15","fit: 6, efit: 14",efit: 1,,,0,0,0,0,2,,
2026-05-19 13:33:37,49,23,23,0,"fit: 6, efit: 14","fit: 6, efit: 13",efit: 1,,,0,0,0,0,2,,
2026-05-19 13:44:53,49,23,23,0,"fit: 6, efit: 13","fit: 6, efit: 12",efit: 1,,,0,0,0,0,2,,
2026-05-19 13:49:54,49,23,23,0,"fit: 6, efit: 15","fit: 6, efit: 14",efit: 1,,,0,0,0,0,2,,
2026-05-19 13:53:40,49,23,23,0,"fit: 6, efit: 13","fit: 6, efit: 12",efit: 1,,,0,0,0,0,2,,
2026-05-19 13:54:55,49,23,23,0,"fit: 6, efit: 14","fit: 6, efit: 13",efit: 1,,,0,0,0,0,2,,
2026-05-19 14:11:25,49,23,23,0,"fit: 6, efit: 15","fit: 6, efit: 14",efit: 1,,,0,0,0,0,2,,
2026-05-19 14:33:47,49,23,23,0,"fit: 6, efit: 14","fit: 6, efit: 13",efit: 1,,,0,0,0,0,2,,
2026-05-19 14:38:48,49,23,23,0,"fit: 6, efit: 15","fit: 6, efit: 14",efit: 1,,,0,0,0,0,2,,
2026-05-19 14:58:51,49,23,23,0,"fit: 6, efit: 16","fit: 6, efit: 15",efit: 1,,,0,0,0,0,2,,
2026-05-19 15:03:52,49,23,23,0,"fit: 6, efit: 15","fit: 6, efit: 14",efit: 1,,,0,0,0,0,2,,
2026-05-19 15:20:14,49,23,23,0,"fit: 6, efit: 14","fit: 6, efit: 13",efit: 1,,,0,0,0,0,2,,
2026-05-19 15:21:38,49,23,23,0,"fit: 6, efit: 14","fit: 6, efit: 14",,,,0,0,0,0,2,,
2026-05-19 15:23:55,49,23,23,0,"fit: 6, efit: 13","fit: 6, efit: 13",,,,0,0,0,0,2,,
2026-05-19 15:40:19,49,23,23,0,"fit: 6, efit: 12","fit: 6, efit: 12",,,,0,0,0,0,2,,
2026-05-19 15:46:43,49,23,23,0,"fit: 6, efit: 9","fit: 6, efit: 9",,,,0,0,0,0,2,,
2026-05-19 16:10:25,49,23,23,0,"fit: 6, efit: 8","fit: 6, efit: 8",,,,0,0,0,0,2,,
2026-05-19 16:20:28,49,23,23,0,"fit: 6, efit: 7","fit: 6, efit: 7",,,,0,0,0,0,2,,
2026-05-19 16:21:50,49,23,23,0,"fit: 6, efit: 6","fit: 6, efit: 6",,,,0,0,0,0,2,,
2026-05-19 16:31:51,49,23,23,0,"fit: 6, efit: 7","fit: 6, efit: 7",,,,0,0,0,0,2,,
2026-05-19 16:34:07,49,23,23,0,"fit: 6, efit: 6","fit: 6, efit: 6",,,,0,0,0,0,2,,
2026-05-19 16:45:33,49,23,23,0,"fit: 5, efit: 6","fit: 5, efit: 6",,,,0,0,0,0,2,,
2026-05-19 16:46:54,49,23,23,0,"fit: 5, efit: 5","fit: 5, efit: 5",,,,0,0,0,0,2,,
2026-05-19 17:15:40,49,23,23,0,"fit: 5, efit: 6","fit: 5, efit: 6",,,,0,0,0,0,2,,
2026-05-19 17:19:15,49,23,23,0,"fit: 5, efit: 5","fit: 5, efit: 5",,,,0,0,0,0,2,,
2026-05-19 17:55:49,49,23,23,0,"fit: 6, efit: 5","fit: 6, efit: 5",,,,0,0,0,0,2,,
2026-05-19 18:04:22,49,23,23,0,"fit: 6, efit: 6","fit: 6, efit: 6",,,,0,0,0,0,2,,
2026-05-19 18:34:27,49,23,23,0,"fit: 6, efit: 5","fit: 6, efit: 5",,,,0,0,0,0,2,,
2026-05-19 19:04:32,49,23,23,0,"fit: 6, efit: 4","fit: 6, efit: 4",,,,0,0,0,0,2,,
2026-05-19 19:12:23,49,23,23,0,"fit: 6, efit: 3","fit: 6, efit: 3",,,,0,0,0,0,2,,
2026-05-19 19:17:24,49,23,23,0,"fit: 7, efit: 4","fit: 7, efit: 4",,,,0,0,0,0,2,,
2026-05-19 20:06:17,49,23,23,0,"fit: 7, efit: 2","fit: 7, efit: 2",,,,0,0,0,0,2,,
2026-05-19 20:07:34,49,23,23,0,"fit: 7, efit: 3","fit: 7, efit: 3",,,,0,0,0,0,2,,
2026-05-19 20:24:46,49,23,23,0,"fit: 7, efit: 2","fit: 7, efit: 2",,,,0,0,0,0,2,,
2026-05-19 20:36:24,49,23,23,0,"fit: 7, efit: 3","fit: 7, efit: 3",,,,0,0,0,0,2,,
2026-05-19 20:59:51,49,23,23,0,"fit: 7, efit: 5","fit: 7, efit: 5",,,,0,0,0,0,2,,
2026-05-20 00:00:21,49,23,23,0,"fit: 7, efit: 5","fit: 7, efit: 5",,,,0,0,0,0,2,,
2026-05-20 07:38:33,49,23,23,0,"fit: 8, efit: 5","fit: 8, efit: 5",,,,0,0,0,0,2,,
2026-05-20 08:09:44,49,23,23,0,"fit: 9, efit: 5","fit: 9, efit: 5",,,,0,0,0,0,2,,
2026-05-20 08:28:43,49,23,23,0,"fit: 9, efit: 6","fit: 9, efit: 6",,,,0,0,0,0,2,,
2026-05-20 08:36:40,49,23,23,0,"fit: 9, efit: 7","fit: 9, efit: 7",,,,0,0,0,0,2,,
2026-05-20 08:58:49,49,23,23,0,"fit: 10, efit: 7","fit: 10, efit: 7",,,,0,0,0,0,2,,
2026-05-20 09:06:45,49,23,23,0,"fit: 10, efit: 7","fit: 10, efit: 6",,,,0,0,0,0,2,,
2026-05-20 09:09:56,49,23,23,0,"fit: 11, efit: 7","fit: 11, efit: 6",,,,0,0,0,0,2,,
2026-05-20 09:11:46,49,23,23,0,"fit: 11, efit: 6","fit: 11, efit: 5",,,,0,0,0,0,2,,
2026-05-20 09:30:00,49,23,23,0,"fit: 11, efit: 7","fit: 11, efit: 6",,,,0,0,0,0,2,,
2026-05-20 09:38:58,49,23,23,0,"fit: 7, efit: 7","fit: 7, efit: 6",,,,0,0,0,0,2,,
2026-05-20 09:40:02,49,23,23,0,"fit: 3, efit: 7","fit: 3, efit: 6",,,,0,0,0,0,2,,
2026-05-20 09:41:51,49,23,23,0,efit: 7,efit: 6,,,,0,0,0,0,2,,
2026-05-20 09:51:52,49,23,23,1,efit: 8,efit: 7,,,,0,0,0,0,2,,
2026-05-20 09:54:01,49,23,23,0,efit: 8,efit: 8,,,,0,0,0,0,2,,
2026-05-20 09:55:05,49,23,23,0,efit: 7,efit: 7,,,,0,0,0,0,2,,
2026-05-20 09:56:53,49,23,23,0,efit: 8,efit: 8,,,,0,0,0,0,2,,
2026-05-20 10:00:06,49,23,23,0,"fit: 1, efit: 8","fit: 1, efit: 8",,,,0,0,0,0,2,,
2026-05-20 10:21:57,49,23,23,0,"fit: 1, efit: 9","fit: 1, efit: 9",,,,0,0,0,0,2,,
2026-05-20 10:34:09,49,23,23,0,"fit: 1, efit: 10","fit: 1, efit: 10",,,,0,0,0,0,2,,
2026-05-20 11:32:09,49,23,23,0,"fit: 1, efit: 11","fit: 1, efit: 11",,,,0,0,0,0,2,,
2026-05-20 11:34:20,49,23,23,0,"fit: 1, efit: 10","fit: 1, efit: 10",,,,0,0,0,0,2,,
2026-05-20 12:37:19,49,23,23,0,"fit: 1, efit: 9","fit: 1, efit: 9",,,,0,0,0,0,2,,
2026-05-20 12:54:37,49,23,23,0,"fit: 1, efit: 8","fit: 1, efit: 8",,,,0,0,0,0,2,,
2026-05-20 12:55:40,49,23,23,0,"fit: 1, efit: 9","fit: 1, efit: 9",,,,0,0,0,0,2,,
2026-05-20 12:59:38,49,23,23,0,"fit: 1, efit: 8","fit: 1, efit: 8",,,,0,0,0,0,2,,
2026-05-20 13:00:41,49,23,23,0,"fit: 1, efit: 7","fit: 1, efit: 7",,,,0,0,0,0,2,,
2026-05-20 13:22:26,49,23,23,0,"fit: 1, efit: 8","fit: 1, efit: 8",,,,0,0,0,0,2,,
2026-05-20 13:42:30,49,23,23,0,"fit: 1, efit: 9","fit: 1, efit: 9",,,,0,0,0,0,2,,
2026-05-20 14:52:41,49,23,23,0,"fit: 1, efit: 10","fit: 1, efit: 10",,,,0,0,0,0,2,,
2026-05-20 14:55:02,49,23,23,0,"fit: 1, efit: 9","fit: 1, efit: 9",,,,0,0,0,0,2,,
2026-05-20 15:16:06,49,23,23,0,"fit: 1, efit: 8","fit: 1, efit: 8",,,,0,0,0,0,2,,
2026-05-20 15:17:46,49,23,23,0,"fit: 1, efit: 9","fit: 1, efit: 9",,,,0,0,0,0,2,,
2026-05-20 15:47:50,49,23,23,0,"fit: 1, efit: 8","fit: 1, efit: 8",,,,0,0,0,0,2,,
2026-05-20 15:50:14,49,23,23,0,"fit: 1, efit: 7","fit: 1, efit: 7",,,,0,0,0,0,2,,
2026-05-20 16:20:20,49,23,23,0,"fit: 1, efit: 6","fit: 1, efit: 6",,,,0,0,0,0,2,,
2026-05-20 16:36:22,49,23,23,0,"fit: 1, efit: 5","fit: 1, efit: 5",,,,0,0,0,0,2,,
2026-05-20 16:43:39,49,23,23,0,"fit: 1, efit: 4","fit: 1, efit: 4",,,,0,0,0,0,2,,
2026-05-20 16:56:30,49,23,23,0,"fit: 1, efit: 3","fit: 1, efit: 3",,,,0,0,0,0,2,,
2026-05-20 17:08:44,49,23,23,0,fit: 1,fit: 1,,,,0,0,0,0,2,,
2026-05-20 23:09:40,49,23,23,0,"fit: 1, efit: 1","fit: 1, efit: 1",,,,0,0,0,0,2,,
2026-05-21 00:00:34,49,23,23,0,"fit: 1, efit: 2","fit: 1, efit: 2",,,,0,0,0,0,2,,
2026-05-21 00:02:42,49,23,23,0,"fit: 1, efit: 1","fit: 1, efit: 1",,,,0,0,0,0,2,,
2026-05-21 07:40:56,49,23,23,0,"fit: 1, efit: 2","fit: 1, efit: 2",,,,0,0,0,0,2,,
2026-05-21 08:07:10,49,23,23,0,"fit: 1, efit: 3","fit: 1, efit: 3",,,,0,0,0,0,2,,
2026-05-21 08:37:16,49,23,23,0,"fit: 1, efit: 4","fit: 1, efit: 4",,,,0,0,0,0,2,,
2026-05-21 08:41:05,49,23,23,0,"fit: 1, efit: 6","fit: 1, efit: 6",,,,0,0,0,0,2,,
2026-05-21 08:57:21,49,23,23,0,"fit: 1, efit: 7","fit: 1, efit: 7",,,,0,0,0,0,2,,
2026-05-21 09:09:11,49,23,23,0,"fit: 1, efit: 8","fit: 1, efit: 8",,,,0,0,0,0,2,,
2026-05-21 09:24:14,49,23,23,0,"fit: 1, efit: 9","fit: 1, efit: 9",,,,0,0,0,0,2,,
2026-05-21 09:26:12,49,23,23,0,"fit: 1, efit: 10","fit: 1, efit: 10",,,,0,0,0,0,2,,
2026-05-21 09:31:13,49,23,23,0,"fit: 1, efit: 11","fit: 1, efit: 11",,,,0,0,0,0,2,,
2026-05-21 09:36:14,49,23,23,0,"fit: 1, efit: 12","fit: 1, efit: 12",,,,0,0,0,0,2,,
2026-05-21 09:41:14,49,23,23,0,"fit: 2, efit: 11","fit: 2, efit: 11",,,,0,0,0,0,2,,
2026-05-21 09:51:16,49,23,23,0,"fit: 3, efit: 11","fit: 3, efit: 11",,,,0,0,0,0,2,,
2026-05-21 09:57:33,49,23,23,0,"fit: 3, efit: 12","fit: 3, efit: 12",,,,0,0,0,0,2,,
2026-05-21 10:11:19,49,23,23,0,"fit: 3, efit: 13","fit: 3, efit: 13",,,,0,0,0,0,2,,
2026-05-21 10:26:21,49,23,23,0,"fit: 3, efit: 14","fit: 3, efit: 14",,,,0,0,0,0,2,,
2026-05-21 10:36:23,49,23,23,0,"fit: 3, efit: 15","fit: 3, efit: 15",,,,0,0,0,0,2,,
2026-05-21 10:56:26,49,23,23,0,"fit: 3, efit: 16","fit: 3, efit: 16",,,,0,0,0,0,2,,
2026-05-21 12:16:37,49,23,23,0,"fit: 3, efit: 13","fit: 3, efit: 13",,,,0,0,0,0,2,,
2026-05-21 12:46:42,49,23,23,0,"fit: 3, efit: 15","fit: 3, efit: 15",,,,0,0,0,0,2,,
2026-05-21 12:56:44,49,23,23,0,"fit: 3, efit: 14","fit: 3, efit: 14",,,,0,0,0,0,2,,
2026-05-21 13:24:54,49,23,23,0,"fit: 3, efit: 15","fit: 3, efit: 15",,,,0,0,0,0,2,,
2026-05-21 13:48:20,49,23,23,0,"fit: 3, efit: 14","fit: 3, efit: 14",,,,0,0,0,0,2,,
2026-05-21 13:49:58,49,23,23,0,"fit: 3, efit: 13","fit: 3, efit: 13",,,,0,0,0,0,2,,
2026-05-21 14:57:02,49,23,23,0,"fit: 3, efit: 14","fit: 3, efit: 14",,,,0,0,0,0,2,,
2026-05-21 15:15:14,49,23,23,0,"fit: 3, efit: 15","fit: 3, efit: 15",,,,0,0,0,0,2,,
2026-05-21 15:33:42,49,23,23,0,"fit: 3, efit: 14","fit: 3, efit: 14",,,,0,0,0,0,2,,
2026-05-21 15:43:44,49,23,23,0,"fit: 3, efit: 15","fit: 3, efit: 15",,,,0,0,0,0,2,,
2026-05-21 15:44:35,49,23,23,0,"fit: 4, efit: 14","fit: 4, efit: 14",,,,0,0,0,0,2,,
2026-05-21 16:09:38,49,23,23,0,"fit: 4, efit: 15","fit: 4, efit: 15",,,,0,0,0,0,2,,
2026-05-21 16:28:53,49,23,23,0,"fit: 4, efit: 17","fit: 4, efit: 17",,,,0,0,0,0,2,,
2026-05-21 16:35:28,49,23,23,0,"fit: 4, efit: 16","fit: 4, efit: 16",,,,0,0,0,0,2,,
2026-05-21 16:38:55,49,23,23,0,"fit: 4, efit: 15","fit: 4, efit: 15",,,,0,0,0,0,2,,
2026-05-21 16:55:32,49,23,23,0,"fit: 4, efit: 14","fit: 4, efit: 14",,,,0,0,0,0,2,,
2026-05-21 17:00:33,49,23,23,0,"fit: 4, efit: 13","fit: 4, efit: 13",,,,0,0,0,0,2,,
2026-05-21 17:04:00,49,23,23,0,"fit: 4, efit: 10","fit: 4, efit: 10",,,,0,0,0,0,2,,
2026-05-21 17:05:34,49,23,23,0,"fit: 4, efit: 8","fit: 4, efit: 8",,,,0,0,0,0,2,,
2026-05-21 17:09:02,49,23,23,0,"fit: 3, efit: 8","fit: 3, efit: 8",,,,0,0,0,0,2,,
2026-05-21 17:19:48,49,23,23,0,"fit: 5, efit: 8","fit: 5, efit: 8",,,,0,0,0,0,2,,
2026-05-21 17:29:06,49,23,23,0,"fit: 5, efit: 7","fit: 5, efit: 7",,,,0,0,0,0,2,,
2026-05-21 17:50:43,49,23,23,0,"fit: 5, efit: 6","fit: 5, efit: 6",,,,0,0,0,0,2,,
2026-05-21 17:54:11,49,23,23,0,"fit: 7, efit: 3","fit: 7, efit: 3",,,,0,0,0,0,2,,
2026-05-21 17:54:53,49,23,23,0,"fit: 7, efit: 2","fit: 7, efit: 2",,,,0,0,0,0,2,,
2026-05-21 18:19:57,49,23,23,0,"fit: 7, efit: 1","fit: 7, efit: 1",,,,0,0,0,0,2,,
2026-05-21 18:54:24,49,23,23,0,"fit: 7, efit: 2","fit: 7, efit: 2",,,,0,0,0,0,2,,
2026-05-21 19:34:33,49,23,23,0,"fit: 8, efit: 1","fit: 8, efit: 1",,,,0,0,0,0,2,,
2026-05-21 19:39:34,49,23,23,0,fit: 7,fit: 7,,,,0,0,0,0,2,,
2026-05-21 19:51:05,49,23,23,0,"fit: 7, efit: 1","fit: 7, efit: 1",,,,0,0,0,0,2,,
2026-05-21 20:49:49,49,23,23,0,fit: 7,fit: 7,,,,0,0,0,0,2,,
2026-05-22 00:00:29,49,23,23,0,fit: 7,fit: 7,,,,0,0,0,0,2,,
2026-05-22 03:26:09,49,23,23,0,"fit: 7, efit: 1","fit: 7, efit: 1",,,,0,0,0,0,2,,
2026-05-22 07:48:08,49,23,23,0,"fit: 7, efit: 2","fit: 7, efit: 2",,,,0,0,0,0,2,,
2026-05-22 07:51:46,49,23,23,0,"fit: 7, efit: 3","fit: 7, efit: 3",,,,0,0,0,0,2,,
2026-05-22 08:26:51,49,23,23,0,"fit: 7, efit: 4","fit: 7, efit: 4",,,,0,0,0,0,2,,
2026-05-22 08:31:51,49,23,23,0,"fit: 7, efit: 5","fit: 7, efit: 5",,,,0,0,0,0,2,,
2026-05-22 08:36:52,49,23,23,0,"fit: 7, efit: 6","fit: 7, efit: 6",,,,0,0,0,0,2,,
2026-05-22 08:51:58,49,23,23,0,"fit: 7, efit: 7","fit: 7, efit: 7",,,,0,0,0,0,2,,
2026-05-22 08:56:59,49,23,23,0,"fit: 8, efit: 7","fit: 8, efit: 7",,,,0,0,0,0,2,,
2026-05-22 09:32:04,49,23,23,0,"fit: 8, efit: 8","fit: 8, efit: 8",,,,0,0,0,0,2,,
2026-05-22 09:32:23,49,23,23,0,"fit: 8, efit: 9","fit: 8, efit: 9",,,,0,0,0,0,2,,
2026-05-22 09:47:26,49,23,23,0,"fit: 9, efit: 9","fit: 9, efit: 9",,,,0,0,0,0,2,,
2026-05-22 10:27:11,49,23,23,0,"fit: 9, efit: 10","fit: 9, efit: 10",,,,0,0,0,0,2,,
2026-05-22 10:42:13,49,23,23,0,"fit: 8, efit: 10","fit: 8, efit: 10",,,,0,0,0,0,2,,
2026-05-22 10:42:37,49,23,23,0,"fit: 7, efit: 10","fit: 7, efit: 10",,,,0,0,0,0,2,,
2026-05-22 10:43:38,49,23,23,0,"fit: 6, efit: 10","fit: 6, efit: 10",,,,0,0,0,0,2,,
2026-05-22 10:47:14,49,23,23,0,"fit: 3, efit: 10","fit: 3, efit: 10",,,,0,0,0,0,2,,
2026-05-22 10:58:41,49,23,23,0,"fit: 4, efit: 10","fit: 4, efit: 10",,,,0,0,0,0,2,,
2026-05-22 11:28:46,49,23,23,0,"fit: 4, efit: 9","fit: 4, efit: 9",,,,0,0,0,0,2,,
2026-05-22 12:08:53,49,23,23,0,"fit: 5, efit: 9","fit: 5, efit: 9",,,,0,0,0,0,2,,
2026-05-22 12:27:28,49,23,23,0,"fit: 4, efit: 9","fit: 4, efit: 9",,,,0,0,0,0,2,,
2026-05-22 12:27:59,49,23,23,0,"fit: 5, efit: 9","fit: 5, efit: 9",,,,0,0,0,0,2,,
2026-05-22 12:28:56,49,23,23,0,"fit: 5, efit: 8","fit: 5, efit: 8",,,,0,0,0,0,2,,
2026-05-22 12:53:04,49,23,23,0,"fit: 5, efit: 9","fit: 5, efit: 9",,,,0,0,0,0,2,,
2026-05-22 12:57:34,49,23,23,0,"fit: 5, efit: 8","fit: 5, efit: 8",,,,0,0,0,0,2,,
2026-05-22 14:12:45,49,23,23,0,"fit: 5, efit: 6","fit: 5, efit: 6",,,,0,0,0,0,2,,
2026-05-22 14:13:21,49,23,23,0,"fit: 6, efit: 6","fit: 6, efit: 6",,,,0,0,0,0,2,,
2026-05-22 14:14:14,49,23,23,0,"fit: 6, efit: 7","fit: 6, efit: 7",,,,0,0,0,0,2,,
2026-05-22 14:17:46,49,23,23,0,"fit: 6, efit: 5","fit: 6, efit: 5",,,,0,0,0,0,2,,
2026-05-22 14:34:18,49,23,23,0,"fit: 6, efit: 4","fit: 6, efit: 4",,,,0,0,0,0,2,,
2026-05-22 15:32:59,49,23,23,0,"fit: 6, efit: 5","fit: 6, efit: 5",,,,0,0,0,0,2,,
2026-05-22 16:33:07,49,23,23,0,"fit: 6, efit: 6","fit: 6, efit: 6",,,,0,0,0,0,2,,
2026-05-22 16:58:10,49,23,23,0,"fit: 6, efit: 5","fit: 6, efit: 5",,,,0,0,0,0,2,,
2026-05-22 17:03:11,49,23,23,0,"fit: 6, efit: 4","fit: 6, efit: 4",,,,0,0,0,0,2,,
2026-05-23 00:00:21,49,23,23,0,"fit: 6, efit: 4","fit: 6, efit: 4",,,,0,0,0,0,2,,
2026-05-23 00:04:08,49,23,23,0,"fit: 6, efit: 5","fit: 6, efit: 5",,,,0,0,0,0,2,,
2026-05-23 03:34:35,49,23,23,0,"fit: 6, efit: 6","fit: 6, efit: 6",,,,0,0,0,0,2,,
2026-05-23 10:15:29,49,23,23,0,"fit: 6, efit: 7","fit: 6, efit: 7",,,,0,0,0,0,2,,
2026-05-23 12:00:43,49,23,23,0,"fit: 7, efit: 6","fit: 7, efit: 6",,,,0,0,0,0,2,,
2026-05-23 13:13:15,49,23,23,0,"fit: 7, efit: 7","fit: 7, efit: 7",,,,0,0,0,0,2,,
2026-05-23 13:35:56,49,23,23,0,"fit: 7, efit: 6","fit: 7, efit: 6",,,,0,0,0,0,2,,
2026-05-23 15:06:09,49,23,23,0,"fit: 5, efit: 6","fit: 5, efit: 6",,,,0,0,0,0,2,,
2026-05-23 15:08:20,49,23,23,0,"fit: 3, efit: 6","fit: 3, efit: 6",,,,0,0,0,0,2,,
2026-05-23 15:11:09,49,23,23,0,"fit: 1, efit: 6","fit: 1, efit: 6",,,,0,0,0,0,2,,
2026-05-23 15:13:21,49,23,23,0,efit: 6,efit: 6,,,,0,0,0,0,2,,
2026-05-23 15:56:15,49,23,23,0,efit: 5,efit: 5,,,,0,0,0,0,2,,
2026-05-23 16:16:18,49,23,23,0,efit: 6,efit: 6,,,,0,0,0,0,2,,
2026-05-23 16:26:20,49,23,23,0,efit: 7,efit: 7,,,,0,0,0,0,2,,
2026-05-23 16:31:20,49,23,23,0,efit: 6,efit: 6,,,,0,0,0,0,2,,
2026-05-23 17:18:46,49,23,23,0,efit: 5,efit: 5,,,,0,0,0,0,2,,
2026-05-23 17:33:49,49,23,23,0,efit: 4,efit: 4,,,,0,0,0,0,2,,
2026-05-23 18:36:37,49,23,23,0,efit: 3,efit: 3,,,,0,0,0,0,2,,
2026-05-23 20:56:56,49,23,23,0,efit: 2,efit: 2,,,,0,0,0,0,2,,
2026-05-23 23:02:13,49,23,23,0,"fit: 1, efit: 1","fit: 1, efit: 1",,,,0,0,0,0,2,,
