Date Time,Station ID,Expected Station Size,Total Docks Installed,Number of Faulty Docks,Total Bikes At Station Per Model,Number of Available Bikes Per Model,Number of Inoperative Bikes Per Model,Geofence Occupancy Ratio,Geofence Capacity,Geofence Total Bikes,Geofence Available Bikes,Geofence Operative Bikes,Geofence Inoperative Bikes,Station Groups,Station Cluster,Station Crown
2025-11-30 00:01:53,7,15,15,0,"fit: 1, efit: 5","fit: 1, efit: 5",,,,0,0,0,0,1,,
2025-11-30 08:11:13,7,15,15,0,"fit: 1, efit: 4","fit: 1, efit: 4",,,,0,0,0,0,1,,
2025-11-30 10:06:33,7,15,15,0,"fit: 1, efit: 3","fit: 1, efit: 3",,,,0,0,0,0,1,,
2025-11-30 11:04:12,7,15,15,0,"fit: 1, efit: 2","fit: 1, efit: 2",,,,0,0,0,0,1,,
2025-11-30 11:19:15,7,15,15,0,"fit: 1, efit: 3","fit: 1, efit: 3",,,,0,0,0,0,1,,
2025-11-30 13:12:07,7,15,15,0,"fit: 1, efit: 4","fit: 1, efit: 3",efit: 1,,,0,0,0,0,1,,
2025-11-30 13:14:38,7,15,15,0,"fit: 1, efit: 3","fit: 1, efit: 2",efit: 1,,,0,0,0,0,1,,
2025-11-30 13:45:40,7,15,15,0,"fit: 1, efit: 2","fit: 1, efit: 1",efit: 1,,,0,0,0,0,1,,
2025-11-30 13:59:48,7,15,15,0,"fit: 1, efit: 1","fit: 1, efit: 1",,,,0,0,0,0,1,,
2025-11-30 14:25:45,7,15,15,0,"fit: 1, efit: 2","fit: 1, efit: 2",,,,0,0,0,0,1,,
2025-11-30 14:54:59,7,15,15,0,"fit: 2, efit: 1","fit: 2, efit: 1",,,,0,0,0,0,1,,
2025-11-30 16:10:59,7,15,15,0,"fit: 2, efit: 2","fit: 2, efit: 2",,,,0,0,0,0,1,,
2025-11-30 16:32:43,7,15,15,0,"fit: 2, efit: 1","fit: 2, efit: 1",,,,0,0,0,0,1,,
2025-11-30 18:40:48,7,15,15,0,"fit: 2, efit: 2","fit: 2, efit: 2",,,,0,0,0,0,1,,
2025-11-30 18:45:50,7,15,15,0,"fit: 2, efit: 3","fit: 2, efit: 3",,,,0,0,0,0,1,,
2025-11-30 19:41:01,7,15,15,0,"fit: 2, efit: 2","fit: 2, efit: 2",,,,0,0,0,0,1,,
2025-11-30 20:46:36,7,15,15,0,"fit: 2, efit: 3","fit: 2, efit: 3",,,,0,0,0,0,1,,
2025-12-01 00:01:54,7,15,15,0,"fit: 2, efit: 3","fit: 2, efit: 3",,,,0,0,0,0,1,,
2025-12-01 01:12:08,7,15,15,0,"fit: 2, efit: 4","fit: 2, efit: 4",,,,0,0,0,0,1,,
2025-12-01 07:30:24,7,15,15,0,"fit: 2, efit: 3","fit: 2, efit: 3",,,,0,0,0,0,1,,
2025-12-01 08:40:37,7,15,15,0,"fit: 2, efit: 2","fit: 2, efit: 2",,,,0,0,0,0,1,,
2025-12-01 08:48:40,7,15,15,0,"fit: 2, efit: 1","fit: 2, efit: 1",,,,0,0,0,0,1,,
2025-12-01 08:50:39,7,15,15,0,fit: 2,fit: 2,,,,0,0,0,0,1,,
2025-12-01 09:20:44,7,15,15,0,fit: 1,fit: 1,,,,0,0,0,0,1,,
2025-12-01 09:48:18,7,15,15,0,,,,,,0,0,0,0,1,,
2025-12-01 12:23:39,7,15,15,0,efit: 1,efit: 1,,,,0,0,0,0,1,,
2025-12-01 13:29:41,7,15,15,0,efit: 2,efit: 2,,,,0,0,0,0,1,,
2025-12-01 13:41:34,7,15,15,0,efit: 1,efit: 1,,,,0,0,0,0,1,,
2025-12-01 14:04:48,7,15,15,0,efit: 2,efit: 2,,,,0,0,0,0,1,,
2025-12-01 14:16:40,7,15,15,0,efit: 1,efit: 1,,,,0,0,0,0,1,,
2025-12-01 14:19:51,7,15,15,0,,,,,,0,0,0,0,1,,
2025-12-01 15:16:51,7,15,15,0,efit: 4,efit: 4,,,,0,0,0,0,1,,
2025-12-01 15:19:03,7,15,15,0,efit: 8,efit: 6,,,,0,0,0,0,1,,
2025-12-01 15:29:05,7,15,15,0,efit: 9,efit: 7,,,,0,0,0,0,1,,
2025-12-01 15:34:05,7,15,15,0,"fit: 1, efit: 9","fit: 1, efit: 7",,,,0,0,0,0,1,,
2025-12-01 15:51:58,7,15,15,0,"fit: 1, efit: 9","fit: 1, efit: 9",,,,0,0,0,0,1,,
2025-12-01 17:19:20,7,15,15,0,"fit: 1, efit: 10","fit: 1, efit: 10",,,,0,0,0,0,1,,
2025-12-01 17:32:17,7,15,15,0,"fit: 1, efit: 11","fit: 1, efit: 11",,,,0,0,0,0,1,,
2025-12-01 17:54:24,7,15,15,0,"fit: 2, efit: 11","fit: 2, efit: 11",,,,0,0,0,0,1,,
2025-12-01 18:50:51,7,15,15,0,"fit: 2, efit: 12","fit: 2, efit: 12",,,,0,0,0,0,1,,
2025-12-01 18:52:32,7,15,15,0,"fit: 2, efit: 11","fit: 2, efit: 11",,,,0,0,0,0,1,,
2025-12-01 20:12:47,7,15,15,0,"fit: 2, efit: 12","fit: 2, efit: 12",,,,0,0,0,0,1,,
2025-12-01 20:49:48,7,15,15,0,"fit: 2, efit: 13","fit: 2, efit: 13",,,,0,0,0,0,1,,
2025-12-01 22:41:39,7,15,15,0,"fit: 2, efit: 12","fit: 2, efit: 12",,,,0,0,0,0,1,,
2025-12-02 00:00:14,7,15,15,0,"fit: 2, efit: 12","fit: 2, efit: 12",,,,0,0,0,0,1,,
2025-12-02 01:30:26,7,15,15,0,"fit: 2, efit: 11","fit: 2, efit: 11",,,,0,0,0,0,1,,
2025-12-02 04:29:17,7,15,15,0,"fit: 2, efit: 12","fit: 2, efit: 12",,,,0,0,0,0,1,,
2025-12-02 07:48:31,7,15,15,0,"fit: 2, efit: 11","fit: 2, efit: 11",,,,0,0,0,0,1,,
2025-12-02 08:55:06,7,15,15,0,"fit: 2, efit: 10","fit: 2, efit: 10",,,,0,0,0,0,1,,
2025-12-02 09:01:26,7,15,15,0,"fit: 2, efit: 9","fit: 2, efit: 9",,,,0,0,0,0,1,,
2025-12-02 09:03:47,7,15,15,0,"fit: 2, efit: 6","fit: 2, efit: 6",,,,0,0,0,0,1,,
2025-12-02 10:54:10,7,15,15,0,"fit: 2, efit: 5","fit: 2, efit: 5",,,,0,0,0,0,1,,
2025-12-02 13:12:00,7,15,15,0,"fit: 2, efit: 6","fit: 2, efit: 6",,,,0,0,0,0,1,,
2025-12-02 13:34:43,7,15,15,0,"fit: 2, efit: 7","fit: 2, efit: 7",,,,0,0,0,0,1,,
2025-12-02 14:26:07,7,15,15,0,"fit: 2, efit: 8","fit: 2, efit: 8",,,,0,0,0,0,1,,
2025-12-02 16:35:23,7,15,15,0,"fit: 2, efit: 7","fit: 2, efit: 7",,,,0,0,0,0,1,,
2025-12-02 17:10:30,7,15,15,0,"fit: 2, efit: 8","fit: 2, efit: 8",,,,0,0,0,0,1,,
2025-12-02 18:21:50,7,15,15,0,"fit: 3, efit: 8","fit: 3, efit: 8",,,,0,0,0,0,1,,
2025-12-02 20:31:12,7,15,15,0,"fit: 3, efit: 9","fit: 3, efit: 9",,,,0,0,0,0,1,,
2025-12-02 22:18:16,7,15,15,0,"fit: 3, efit: 8","fit: 3, efit: 8",,,,0,0,0,0,1,,
2025-12-03 00:01:57,7,15,15,0,"fit: 3, efit: 8","fit: 3, efit: 8",,,,0,0,0,0,1,,
2025-12-03 07:18:28,7,15,15,0,"fit: 3, efit: 9","fit: 3, efit: 9",,,,0,0,0,0,1,,
2025-12-03 09:02:48,7,15,15,0,"fit: 2, efit: 9","fit: 2, efit: 9",,,,0,0,0,0,1,,
2025-12-03 09:04:41,7,15,15,0,"fit: 3, efit: 8","fit: 3, efit: 8",,,,0,0,0,0,1,,
2025-12-03 09:47:58,7,15,15,0,"fit: 3, efit: 7","fit: 3, efit: 7",,,,0,0,0,0,1,,
2025-12-03 10:53:12,7,15,15,0,"fit: 3, efit: 6","fit: 3, efit: 6",,,,0,0,0,0,1,,
2025-12-03 11:17:39,7,15,15,0,"fit: 3, efit: 5","fit: 3, efit: 5",,,,0,0,0,0,1,,
2025-12-03 12:27:49,7,15,15,0,"fit: 3, efit: 6","fit: 3, efit: 6",,,,0,0,0,0,1,,
2025-12-03 12:50:37,7,15,15,0,"fit: 3, efit: 7","fit: 3, efit: 7",,,,0,0,0,0,1,,
2025-12-03 13:00:39,7,15,15,0,"fit: 3, efit: 6","fit: 3, efit: 6",,,,0,0,0,0,1,,
2025-12-03 14:18:05,7,15,15,0,"fit: 3, efit: 5","fit: 3, efit: 5",,,,0,0,0,0,1,,
2025-12-03 14:25:55,7,15,15,0,"fit: 3, efit: 6","fit: 3, efit: 6",,,,0,0,0,0,1,,
2025-12-03 14:54:03,7,15,15,0,"fit: 3, efit: 5","fit: 3, efit: 5",,,,0,0,0,0,1,,
2025-12-03 15:11:04,7,15,15,0,"fit: 3, efit: 6","fit: 3, efit: 6",,,,0,0,0,0,1,,
2025-12-03 16:11:14,7,15,15,0,"fit: 3, efit: 7","fit: 3, efit: 7",,,,0,0,0,0,1,,
2025-12-03 16:33:24,7,15,15,0,"fit: 2, efit: 7","fit: 2, efit: 7",,,,0,0,0,0,1,,
2025-12-03 16:38:24,7,15,15,0,"fit: 2, efit: 6","fit: 2, efit: 6",,,,0,0,0,0,1,,
2025-12-03 17:18:30,7,15,15,0,"fit: 2, efit: 8","fit: 2, efit: 8",,,,0,0,0,0,1,,
2025-12-03 17:38:32,7,15,15,0,"fit: 2, efit: 7","fit: 2, efit: 7",,,,0,0,0,0,1,,
2025-12-03 17:39:39,7,15,15,0,"fit: 2, efit: 8","fit: 2, efit: 8",,,,0,0,0,0,1,,
2025-12-03 17:46:31,7,15,15,0,"fit: 2, efit: 7","fit: 2, efit: 7",,,,0,0,0,0,1,,
2025-12-03 18:13:37,7,15,15,0,"fit: 2, efit: 8","fit: 2, efit: 8",,,,0,0,0,0,1,,
2025-12-03 18:56:44,7,15,15,0,"fit: 2, efit: 9","fit: 2, efit: 9",,,,0,0,0,0,1,,
2025-12-03 19:28:47,7,15,15,0,"fit: 2, efit: 8","fit: 2, efit: 8",,,,0,0,0,0,1,,
2025-12-03 20:32:00,7,15,15,0,"fit: 2, efit: 9","fit: 2, efit: 9",,,,0,0,0,0,1,,
2025-12-03 20:40:18,7,15,15,0,"fit: 2, efit: 8","fit: 2, efit: 8",,,,0,0,0,0,1,,
2025-12-03 20:58:59,7,15,15,0,"fit: 2, efit: 9","fit: 2, efit: 9",,,,0,0,0,0,1,,
2025-12-03 21:00:22,7,15,15,0,"fit: 2, efit: 8","fit: 2, efit: 8",,,,0,0,0,0,1,,
2025-12-03 22:15:38,7,15,15,0,"fit: 2, efit: 9","fit: 2, efit: 9",,,,0,0,0,0,1,,
2025-12-03 22:40:43,7,15,15,0,"fit: 2, efit: 8","fit: 2, efit: 8",,,,0,0,0,0,1,,
2025-12-04 00:01:00,7,15,15,0,"fit: 2, efit: 8","fit: 2, efit: 8",,,,0,0,0,0,1,,
2025-12-04 00:59:32,7,15,15,0,"fit: 2, efit: 9","fit: 2, efit: 9",,,,0,0,0,0,1,,
2025-12-04 07:07:28,7,15,15,0,"fit: 2, efit: 8","fit: 2, efit: 8",,,,0,0,0,0,1,,
2025-12-04 07:40:27,7,15,15,0,"fit: 2, efit: 7","fit: 2, efit: 7",,,,0,0,0,0,1,,
2025-12-04 07:57:38,7,15,15,0,"fit: 2, efit: 6","fit: 2, efit: 6",,,,0,0,0,0,1,,
2025-12-04 09:29:19,7,15,15,0,"fit: 2, efit: 5","fit: 2, efit: 5",,,,0,0,0,0,1,,
2025-12-04 10:04:25,7,15,15,0,"fit: 2, efit: 4","fit: 2, efit: 4",,,,0,0,0,0,1,,
2025-12-04 10:47:25,7,15,15,0,"fit: 3, efit: 4","fit: 3, efit: 4",,,,0,0,0,0,1,,
2025-12-04 10:57:27,7,15,15,0,"fit: 3, efit: 3","fit: 3, efit: 3",,,,0,0,0,0,1,,
2025-12-04 12:29:51,7,15,15,0,"fit: 3, efit: 4","fit: 3, efit: 4",,,,0,0,0,0,1,,
2025-12-04 15:45:27,7,15,15,0,"fit: 3, efit: 3","fit: 3, efit: 3",,,,0,0,0,0,1,,
2025-12-04 16:13:33,7,15,15,0,"fit: 3, efit: 4","fit: 3, efit: 4",,,,0,0,0,0,1,,
2025-12-04 16:23:35,7,15,15,0,"fit: 3, efit: 5","fit: 3, efit: 5",,,,0,0,0,0,1,,
2025-12-04 17:48:53,7,15,15,0,"fit: 3, efit: 6","fit: 3, efit: 6",,,,0,0,0,0,1,,
2025-12-04 22:51:44,7,15,15,0,"fit: 3, efit: 5","fit: 3, efit: 5",,,,0,0,0,0,1,,
2025-12-04 22:52:33,7,15,15,0,"fit: 3, efit: 6","fit: 3, efit: 6",,,,0,0,0,0,1,,
2025-12-05 00:00:11,7,15,15,0,"fit: 3, efit: 6","fit: 3, efit: 6",,,,0,0,0,0,1,,
2025-12-05 02:15:39,7,15,15,0,"fit: 3, efit: 7","fit: 3, efit: 7",,,,0,0,0,0,1,,
2025-12-05 10:22:21,7,15,15,0,"fit: 3, efit: 8","fit: 3, efit: 8",,,,0,0,0,0,1,,
2025-12-05 10:23:45,7,15,15,0,"fit: 3, efit: 7","fit: 3, efit: 7",,,,0,0,0,0,1,,
2025-12-05 11:24:14,7,15,15,0,"fit: 3, efit: 6","fit: 3, efit: 6",,,,0,0,0,0,1,,
2025-12-05 12:12:44,7,15,15,0,"fit: 3, efit: 5","fit: 3, efit: 5",,,,0,0,0,0,1,,
2025-12-05 14:24:29,7,15,15,0,"fit: 3, efit: 4","fit: 3, efit: 4",,,,0,0,0,0,1,,
2025-12-05 14:39:31,7,15,15,0,"fit: 3, efit: 5","fit: 3, efit: 5",,,,0,0,0,0,1,,
2025-12-05 14:53:19,7,15,15,0,"fit: 3, efit: 4","fit: 3, efit: 4",,,,0,0,0,0,1,,
2025-12-05 15:18:24,7,15,15,0,"fit: 3, efit: 5","fit: 3, efit: 5",,,,0,0,0,0,1,,
2025-12-05 15:59:46,7,15,15,0,"fit: 3, efit: 4","fit: 3, efit: 4",,,,0,0,0,0,1,,
2025-12-05 16:14:49,7,15,15,0,"fit: 3, efit: 3","fit: 3, efit: 3",,,,0,0,0,0,1,,
2025-12-05 16:18:36,7,15,15,0,"fit: 3, efit: 4","fit: 3, efit: 4",,,,0,0,0,0,1,,
2025-12-05 16:19:55,7,15,15,0,"fit: 3, efit: 5","fit: 3, efit: 5",,,,0,0,0,0,1,,
2025-12-05 16:24:55,7,15,15,0,"fit: 3, efit: 4","fit: 3, efit: 4",,,,0,0,0,0,1,,
2025-12-05 16:32:31,7,15,15,0,"fit: 2, efit: 4","fit: 2, efit: 4",,,,0,0,0,0,1,,
2025-12-05 16:37:31,7,15,15,0,"fit: 2, efit: 5","fit: 2, efit: 5",,,,0,0,0,0,1,,
2025-12-05 18:12:49,7,15,15,0,"fit: 2, efit: 6","fit: 2, efit: 6",,,,0,0,0,0,1,,
2025-12-05 18:32:52,7,15,15,0,"fit: 2, efit: 5","fit: 2, efit: 5",,,,0,0,0,0,1,,
2025-12-05 19:45:25,7,15,15,0,"fit: 2, efit: 5","fit: 2, efit: 4",,,,0,0,0,0,1,,
2025-12-05 19:53:08,7,15,15,0,"fit: 2, efit: 4","fit: 2, efit: 3",,,,0,0,0,0,1,,
2025-12-05 19:58:09,7,15,15,0,"fit: 2, efit: 4","fit: 2, efit: 4",,,,0,0,0,0,1,,
2025-12-05 20:39:31,7,15,15,0,"fit: 2, efit: 3","fit: 2, efit: 3",,,,0,0,0,0,1,,
2025-12-05 21:28:26,7,15,15,0,"fit: 2, efit: 2","fit: 2, efit: 2",,,,0,0,0,0,1,,
2025-12-06 00:00:15,7,15,15,0,"fit: 2, efit: 2","fit: 2, efit: 2",,,,0,0,0,0,1,,
2025-12-06 07:30:12,7,15,15,0,"fit: 2, efit: 1","fit: 2, efit: 1",,,,0,0,0,0,1,,
2025-12-06 08:47:05,7,15,15,0,"fit: 2, efit: 2","fit: 2, efit: 2",,,,0,0,0,0,1,,
2025-12-06 08:50:26,7,15,15,0,"fit: 6, efit: 2","fit: 6, efit: 2",,,,0,0,0,0,1,,
2025-12-06 10:22:24,7,15,15,0,"fit: 6, efit: 3","fit: 6, efit: 3",,,,0,0,0,0,1,,
2025-12-06 11:22:31,7,15,15,0,"fit: 6, efit: 4","fit: 6, efit: 4",,,,0,0,0,0,1,,
2025-12-06 11:40:56,7,15,15,0,"fit: 6, efit: 5","fit: 6, efit: 5",,,,0,0,0,0,1,,
2025-12-06 12:11:01,7,15,15,0,"fit: 6, efit: 6","fit: 6, efit: 6",,,,0,0,0,0,1,,
2025-12-06 12:16:02,7,15,15,0,"fit: 6, efit: 5","fit: 6, efit: 5",,,,0,0,0,0,1,,
2025-12-06 12:37:41,7,15,15,0,"fit: 6, efit: 4","fit: 6, efit: 4",,,,0,0,0,0,1,,
2025-12-06 13:23:01,7,15,15,0,"fit: 6, efit: 3","fit: 6, efit: 3",,,,0,0,0,0,1,,
2025-12-06 16:26:47,7,15,15,0,"fit: 6, efit: 2","fit: 6, efit: 2",,,,0,0,0,0,1,,
2025-12-06 16:48:15,7,15,15,0,"fit: 6, efit: 1","fit: 6, efit: 1",,,,0,0,0,0,1,,
2025-12-06 17:36:59,7,15,15,0,"fit: 5, efit: 1","fit: 5, efit: 1",,,,0,0,0,0,1,,
2025-12-06 17:47:01,7,15,15,0,"fit: 6, efit: 1","fit: 6, efit: 1",,,,0,0,0,0,1,,
2025-12-06 18:03:25,7,15,15,0,"fit: 6, efit: 2","fit: 6, efit: 2",,,,0,0,0,0,1,,
2025-12-06 18:23:28,7,15,15,0,"fit: 6, efit: 1","fit: 6, efit: 1",,,,0,0,0,0,1,,
2025-12-06 19:22:18,7,15,15,0,fit: 6,fit: 6,,,,0,0,0,0,1,,
2025-12-06 19:29:17,7,15,15,0,"fit: 6, efit: 1","fit: 6, efit: 1",,,,0,0,0,0,1,,
2025-12-06 20:32:30,7,15,15,0,fit: 6,fit: 6,,,,0,0,0,0,1,,
2025-12-06 22:42:53,7,15,15,0,"fit: 6, efit: 1","fit: 6, efit: 1",,,,0,0,0,0,1,,
2025-12-07 00:00:15,7,15,15,0,"fit: 6, efit: 1","fit: 6, efit: 1",,,,0,0,0,0,1,,
2025-12-07 00:13:09,7,15,15,0,"fit: 6, efit: 2","fit: 6, efit: 2",,,,0,0,0,0,1,,
2025-12-07 02:23:31,7,15,15,0,"fit: 6, efit: 4","fit: 6, efit: 4",,,,0,0,0,0,1,,
2025-12-07 07:49:28,7,15,15,0,"fit: 6, efit: 5","fit: 6, efit: 5",,,,0,0,0,0,1,,
2025-12-07 10:00:35,7,15,15,0,"fit: 6, efit: 6","fit: 6, efit: 6",,,,0,0,0,0,1,,
2025-12-07 10:02:22,7,15,15,0,"fit: 6, efit: 7","fit: 6, efit: 7",,,,0,0,0,0,1,,
2025-12-07 11:52:45,7,15,15,0,"fit: 6, efit: 5","fit: 6, efit: 5",,,,0,0,0,0,1,,
2025-12-07 12:30:19,7,15,15,0,"fit: 6, efit: 3","fit: 6, efit: 3",,,,0,0,0,0,1,,
2025-12-07 13:20:28,7,15,15,0,"fit: 6, efit: 4","fit: 6, efit: 4",,,,0,0,0,0,1,,
2025-12-07 14:35:42,7,15,15,0,"fit: 6, efit: 3","fit: 6, efit: 3",,,,0,0,0,0,1,,
2025-12-07 15:48:36,7,15,15,0,"fit: 6, efit: 4","fit: 6, efit: 4",,,,0,0,0,0,1,,
2025-12-07 16:43:47,7,15,15,0,"fit: 6, efit: 3","fit: 6, efit: 3",,,,0,0,0,0,1,,
2025-12-07 16:51:07,7,15,15,0,"fit: 6, efit: 2","fit: 6, efit: 2",,,,0,0,0,0,1,,
2025-12-07 17:08:53,7,15,15,0,"fit: 6, efit: 3","fit: 6, efit: 3",,,,0,0,0,0,1,,
2025-12-07 18:29:10,7,15,15,0,"fit: 6, efit: 2","fit: 6, efit: 2",,,,0,0,0,0,1,,
2025-12-07 19:59:29,7,15,15,0,"fit: 6, efit: 1","fit: 6, efit: 1",,,,0,0,0,0,1,,
2025-12-07 22:32:07,7,15,15,0,fit: 6,fit: 6,,,,0,0,0,0,1,,
2025-12-07 23:00:07,7,15,15,0,"fit: 6, efit: 1","fit: 6, efit: 1",,,,0,0,0,0,1,,
2025-12-08 00:00:20,7,15,15,0,"fit: 6, efit: 1","fit: 6, efit: 1",,,,0,0,0,0,1,,
2025-12-08 00:47:30,7,15,15,0,fit: 6,fit: 6,,,,0,0,0,0,1,,
2025-12-08 07:56:59,7,15,15,0,fit: 5,fit: 5,,,,0,0,0,0,1,,
2025-12-08 08:02:01,7,15,15,0,"fit: 5, efit: 1","fit: 5, efit: 1",,,,0,0,0,0,1,,
2025-12-08 08:52:12,7,15,15,0,fit: 5,fit: 5,,,,0,0,0,0,1,,
2025-12-08 09:48:45,7,15,15,0,fit: 4,fit: 4,,,,0,0,0,0,1,,
2025-12-08 10:42:35,7,15,15,0,fit: 3,fit: 3,,,,0,0,0,0,1,,
2025-12-08 11:17:42,7,15,15,0,"fit: 3, efit: 1","fit: 3, efit: 1",,,,0,0,0,0,1,,
2025-12-08 12:02:52,7,15,15,0,fit: 3,fit: 3,,,,0,0,0,0,1,,
2025-12-08 14:59:57,7,15,15,0,"fit: 3, efit: 1","fit: 3, efit: 1",,,,0,0,0,0,1,,
2025-12-08 16:40:16,7,15,15,0,"fit: 3, efit: 2","fit: 3, efit: 2",,,,0,0,0,0,1,,
2025-12-08 17:29:03,7,15,15,0,"fit: 3, efit: 4","fit: 3, efit: 4",,,,0,0,0,0,1,,
2025-12-08 18:25:35,7,15,15,0,"fit: 3, efit: 3","fit: 3, efit: 3",,,,0,0,0,0,1,,
2025-12-08 23:15:19,7,15,15,0,"fit: 3, efit: 4","fit: 3, efit: 4",,,,0,0,0,0,1,,
2025-12-09 00:00:29,7,15,15,0,"fit: 3, efit: 4","fit: 3, efit: 4",,,,0,0,0,0,1,,
2025-12-09 06:36:51,7,15,15,0,"fit: 3, efit: 3","fit: 3, efit: 3",,,,0,0,0,0,1,,
2025-12-09 07:16:41,7,15,15,0,"fit: 3, efit: 4","fit: 3, efit: 4",,,,0,0,0,0,1,,
2025-12-09 07:41:44,7,15,15,0,"fit: 3, efit: 5","fit: 3, efit: 5",,,,0,0,0,0,1,,
2025-12-09 07:51:45,7,15,15,0,"fit: 3, efit: 4","fit: 3, efit: 4",,,,0,0,0,0,1,,
2025-12-09 08:11:48,7,15,15,0,"fit: 3, efit: 3","fit: 3, efit: 3",,,,0,0,0,0,1,,
2025-12-09 10:57:11,7,15,15,0,"fit: 3, efit: 2","fit: 3, efit: 2",,,,0,0,0,0,1,,
2025-12-09 12:58:10,7,15,15,0,"fit: 3, efit: 1","fit: 3, efit: 1",,,,0,0,0,0,1,,
2025-12-09 13:32:34,7,15,15,0,fit: 3,fit: 3,,,,0,0,0,0,1,,
2025-12-09 14:17:40,7,15,15,0,"fit: 3, efit: 1","fit: 3, efit: 1",,,,0,0,0,0,1,,
2025-12-09 14:32:41,7,15,15,0,fit: 3,fit: 3,,,,0,0,0,0,1,,
2025-12-09 15:07:46,7,15,15,0,"fit: 3, efit: 1","fit: 3, efit: 1",,,,0,0,0,0,1,,
2025-12-09 15:12:47,7,15,15,0,fit: 3,fit: 3,,,,0,0,0,0,1,,
2025-12-09 15:14:15,7,15,15,0,fit: 2,fit: 2,,,,0,0,0,0,1,,
2025-12-09 15:57:53,7,15,15,0,"fit: 2, efit: 1","fit: 2, efit: 1",,,,0,0,0,0,1,,
2025-12-09 16:22:57,7,15,15,0,"fit: 2, efit: 2","fit: 2, efit: 2",,,,0,0,0,0,1,,
2025-12-09 16:42:59,7,15,15,0,"fit: 2, efit: 1","fit: 2, efit: 1",,,,0,0,0,0,1,,
2025-12-09 17:54:43,7,15,15,0,"fit: 2, efit: 2","fit: 2, efit: 2",,,,0,0,0,0,1,,
2025-12-09 17:59:44,7,15,15,0,"fit: 2, efit: 1","fit: 2, efit: 1",,,,0,0,0,0,1,,
2025-12-09 18:28:14,7,15,15,0,fit: 2,fit: 2,,,,0,0,0,0,1,,
2025-12-09 18:58:19,7,15,15,0,fit: 1,fit: 1,,,,0,0,0,0,1,,
2025-12-09 19:23:22,7,15,15,0,"fit: 1, efit: 1","fit: 1, efit: 1",,,,0,0,0,0,1,,
2025-12-09 20:58:35,7,15,15,0,"fit: 1, efit: 2","fit: 1, efit: 2",,,,0,0,0,0,1,,
2025-12-09 22:38:49,7,15,15,0,"fit: 1, efit: 1","fit: 1, efit: 1",,,,0,0,0,0,1,,
2025-12-10 00:00:30,7,15,15,0,"fit: 1, efit: 1","fit: 1, efit: 1",,,,0,0,0,0,1,,
2025-12-10 06:44:56,7,15,15,0,"fit: 1, efit: 2","fit: 1, efit: 2",,,,0,0,0,0,1,,
2025-12-10 07:20:01,7,15,15,0,"fit: 1, efit: 3","fit: 1, efit: 3",,,,0,0,0,0,1,,
2025-12-10 07:52:10,7,15,15,0,"fit: 1, efit: 4","fit: 1, efit: 4",,,,0,0,0,0,1,,
2025-12-10 08:37:18,7,15,15,0,"fit: 1, efit: 3","fit: 1, efit: 3",,,,0,0,0,0,1,,
2025-12-10 08:40:12,7,15,15,0,"fit: 1, efit: 6","fit: 1, efit: 6",,,,0,0,0,0,1,,
2025-12-10 08:42:18,7,15,15,0,"fit: 1, efit: 7","fit: 1, efit: 7",,,,0,0,0,0,1,,
2025-12-10 09:07:21,7,15,15,0,"fit: 1, efit: 6","fit: 1, efit: 6",,,,0,0,0,0,1,,
2025-12-10 10:45:30,7,15,15,0,"fit: 1, efit: 7","fit: 1, efit: 7",,,,0,0,0,0,1,,
2025-12-10 10:57:40,7,15,15,0,"fit: 1, efit: 8","fit: 1, efit: 8",,,,0,0,0,0,1,,
2025-12-10 11:17:44,7,15,15,0,"fit: 1, efit: 7","fit: 1, efit: 7",,,,0,0,0,0,1,,
2025-12-10 12:05:41,7,15,15,0,"fit: 1, efit: 8","fit: 1, efit: 8",,,,0,0,0,0,1,,
2025-12-10 12:37:58,7,15,15,0,"fit: 1, efit: 7","fit: 1, efit: 7",,,,0,0,0,0,1,,
2025-12-10 15:51:13,7,15,15,0,"fit: 1, efit: 8","fit: 1, efit: 8",,,,0,0,0,0,1,,
2025-12-10 16:23:53,7,15,15,0,"fit: 1, efit: 7","fit: 1, efit: 7",,,,0,0,0,0,1,,
2025-12-10 16:33:41,7,15,15,0,efit: 7,efit: 7,,,,0,0,0,0,1,,
2025-12-10 16:41:20,7,15,15,0,efit: 8,efit: 8,,,,0,0,0,0,1,,
2025-12-10 17:58:56,7,15,15,0,efit: 9,efit: 9,,,,0,0,0,0,1,,
2025-12-10 18:29:01,7,15,15,0,efit: 10,efit: 10,,,,0,0,0,0,1,,
2025-12-10 19:11:41,7,15,15,0,efit: 9,efit: 9,,,,0,0,0,0,1,,
2025-12-10 19:24:11,7,15,15,0,efit: 10,efit: 10,,,,0,0,0,0,1,,
2025-12-10 22:04:39,7,15,15,0,efit: 9,efit: 9,,,,0,0,0,0,1,,
2025-12-10 22:44:46,7,15,15,0,efit: 8,efit: 8,,,,0,0,0,0,1,,
2025-12-10 23:09:50,7,15,15,0,efit: 7,efit: 7,,,,0,0,0,0,1,,
2025-12-10 23:19:52,7,15,15,0,efit: 8,efit: 8,,,,0,0,0,0,1,,
2025-12-11 00:00:27,7,15,15,0,efit: 8,efit: 8,,,,0,0,0,0,1,,
2025-12-11 06:13:10,7,15,15,0,efit: 9,efit: 9,,,,0,0,0,0,1,,
2025-12-11 08:01:24,7,15,15,0,efit: 8,efit: 8,,,,0,0,0,0,1,,
2025-12-11 08:56:33,7,15,15,0,efit: 7,efit: 7,,,,0,0,0,0,1,,
2025-12-11 09:31:40,7,15,15,0,efit: 6,efit: 6,,,,0,0,0,0,1,,
2025-12-11 11:13:51,7,15,15,0,efit: 7,efit: 7,,,,0,0,0,0,1,,
2025-12-11 14:07:30,7,15,15,0,efit: 6,efit: 6,,,,0,0,0,0,1,,
2025-12-11 14:14:16,7,15,15,0,efit: 5,efit: 5,,,,0,0,0,0,1,,
2025-12-11 14:33:31,7,15,15,0,efit: 6,efit: 6,,,,0,0,0,0,1,,
2025-12-11 14:34:18,7,15,15,0,efit: 5,efit: 5,,,,0,0,0,0,1,,
2025-12-11 15:02:39,7,15,15,0,efit: 4,efit: 4,,,,0,0,0,0,1,,
2025-12-11 16:42:57,7,15,15,0,efit: 3,efit: 3,,,,0,0,0,0,1,,
2025-12-11 17:03:01,7,15,15,0,efit: 2,efit: 2,,,,0,0,0,0,1,,
2025-12-11 17:04:03,7,15,15,0,efit: 3,efit: 3,,,,0,0,0,0,1,,
2025-12-11 18:03:11,7,15,15,0,efit: 2,efit: 2,,,,0,0,0,0,1,,
2025-12-11 18:19:19,7,15,15,0,efit: 3,efit: 3,,,,0,0,0,0,1,,
2025-12-11 19:43:09,7,15,15,0,efit: 2,efit: 2,,,,0,0,0,0,1,,
2025-12-12 00:02:32,7,15,15,0,efit: 2,efit: 2,,,,0,0,0,0,1,,
2025-12-12 08:15:37,7,15,15,0,efit: 1,efit: 1,,,,0,0,0,0,1,,
2025-12-12 08:48:49,7,15,15,0,,,,,,0,0,0,0,1,,
2025-12-12 08:58:51,7,15,15,0,efit: 1,efit: 1,,,,0,0,0,0,1,,
2025-12-12 09:18:54,7,15,15,0,,,,,,0,0,0,0,1,,
2025-12-12 10:00:55,7,15,15,0,efit: 1,efit: 1,,,,0,0,0,0,1,,
2025-12-12 10:36:01,7,15,15,0,efit: 2,efit: 2,,,,0,0,0,0,1,,
2025-12-12 10:56:05,7,15,15,0,efit: 1,efit: 1,,,,0,0,0,0,1,,
2025-12-12 11:54:16,7,15,15,0,fit: 1,fit: 1,,,,0,0,0,0,1,,
2025-12-12 12:06:16,7,15,15,0,,,,,,0,0,0,0,1,,
2025-12-12 12:24:21,7,15,15,0,"fit: 1, efit: 1","fit: 1, efit: 1",,,,0,0,0,0,1,,
2025-12-12 12:26:20,7,15,15,0,"fit: 3, efit: 1","fit: 3, efit: 1",,,,0,0,0,0,1,,
2025-12-12 12:27:03,7,15,15,0,"fit: 3, efit: 3","fit: 3, efit: 3",,,,0,0,0,0,1,,
2025-12-12 12:31:21,7,15,15,0,"fit: 6, efit: 3","fit: 6, efit: 3",,,,0,0,0,0,1,,
2025-12-12 14:01:36,7,15,15,0,"fit: 6, efit: 4","fit: 6, efit: 4",,,,0,0,0,0,1,,
2025-12-12 14:12:28,7,15,15,0,"fit: 6, efit: 3","fit: 6, efit: 3",,,,0,0,0,0,1,,
2025-12-12 14:42:35,7,15,15,0,"fit: 6, efit: 4","fit: 6, efit: 4",,,,0,0,0,0,1,,
2025-12-12 14:47:35,7,15,15,0,"fit: 6, efit: 5","fit: 6, efit: 5",,,,0,0,0,0,1,,
2025-12-12 14:57:36,7,15,15,0,"fit: 6, efit: 6","fit: 6, efit: 6",,,,0,0,0,0,1,,
2025-12-12 15:32:41,7,15,15,0,"fit: 6, efit: 7","fit: 6, efit: 6",,,,0,0,0,0,1,,
2025-12-12 15:47:44,7,15,15,0,"fit: 6, efit: 6","fit: 6, efit: 5",,,,0,0,0,0,1,,
2025-12-12 16:22:50,7,15,15,0,"fit: 6, efit: 6","fit: 6, efit: 6",,,,0,0,0,0,1,,
2025-12-12 16:27:50,7,15,15,0,"fit: 6, efit: 5","fit: 6, efit: 5",,,,0,0,0,0,1,,
2025-12-12 16:29:56,7,15,15,0,"fit: 6, efit: 5","fit: 6, efit: 4",efit: 1,,,0,0,0,0,1,,
2025-12-12 16:32:51,7,15,15,0,"fit: 6, efit: 4","fit: 6, efit: 3",efit: 1,,,0,0,0,0,1,,
2025-12-12 18:15:12,7,15,15,0,"fit: 6, efit: 5","fit: 6, efit: 4",efit: 1,,,0,0,0,0,1,,
2025-12-12 18:33:11,7,15,15,0,"fit: 6, efit: 4","fit: 6, efit: 3",efit: 1,,,0,0,0,0,1,,
2025-12-12 23:15:54,7,15,15,0,"fit: 6, efit: 3","fit: 6, efit: 2",efit: 1,,,0,0,0,0,1,,
2025-12-12 23:18:59,7,15,15,0,"fit: 6, efit: 2","fit: 6, efit: 1",efit: 1,,,0,0,0,0,1,,
2025-12-12 23:30:57,7,15,15,0,"fit: 6, efit: 1",fit: 6,efit: 1,,,0,0,0,0,1,,
2025-12-12 23:56:00,7,15,15,0,"fit: 6, efit: 2","fit: 6, efit: 1",efit: 1,,,0,0,0,0,1,,
2025-12-13 00:01:01,7,15,15,0,"fit: 6, efit: 2","fit: 6, efit: 1",efit: 1,,,0,0,0,0,1,,
2025-12-13 07:35:23,7,15,15,0,"fit: 6, efit: 1",fit: 6,efit: 1,,,0,0,0,0,1,,
2025-12-13 08:45:34,7,15,15,0,"fit: 5, efit: 1",fit: 5,efit: 1,,,0,0,0,0,1,,
2025-12-13 09:45:44,7,15,15,0,"fit: 5, efit: 1","fit: 5, efit: 1",,,,0,0,0,0,1,,
2025-12-13 10:30:52,7,15,15,0,"fit: 5, efit: 2","fit: 5, efit: 1",,,,0,0,0,0,1,,
2025-12-13 10:55:56,7,15,15,0,"fit: 4, efit: 2","fit: 4, efit: 1",,,,0,0,0,0,1,,
2025-12-13 11:26:02,7,15,15,0,"fit: 4, efit: 1",fit: 4,,,,0,0,0,0,1,,
2025-12-13 12:12:44,7,15,15,0,"fit: 4, efit: 2","fit: 4, efit: 1",,,,0,0,0,0,1,,
2025-12-13 12:16:10,7,15,15,0,"fit: 4, efit: 1",fit: 4,,,,0,0,0,0,1,,
2025-12-13 12:56:17,7,15,15,0,"fit: 4, efit: 2","fit: 4, efit: 1",,,,0,0,0,0,1,,
2025-12-13 13:27:53,7,15,15,0,"fit: 4, efit: 1",fit: 4,,,,0,0,0,0,1,,
2025-12-13 13:56:27,7,15,15,0,"fit: 5, efit: 1",fit: 5,,,,0,0,0,0,1,,
2025-12-13 14:51:36,7,15,15,0,"fit: 4, efit: 1",fit: 4,,,,0,0,0,0,1,,
2025-12-13 14:58:06,7,15,15,0,"fit: 6, efit: 1",fit: 6,,,,0,0,0,0,1,,
2025-12-13 15:01:38,7,15,15,0,"fit: 6, efit: 4","fit: 6, efit: 3",,,,0,0,0,0,1,,
2025-12-13 15:28:11,7,15,15,0,"fit: 6, efit: 5","fit: 6, efit: 4",,,,0,0,0,0,1,,
2025-12-13 15:46:45,7,15,15,0,"fit: 6, efit: 6","fit: 6, efit: 5",,,,0,0,0,0,1,,
2025-12-13 22:55:17,7,15,15,0,"fit: 6, efit: 7","fit: 6, efit: 6",,,,0,0,0,0,1,,
2025-12-14 00:00:34,7,15,15,0,"fit: 6, efit: 7","fit: 6, efit: 6",,,,0,0,0,0,1,,
2025-12-14 07:24:20,7,15,15,0,"fit: 6, efit: 6","fit: 6, efit: 5",,,,0,0,0,0,1,,
2025-12-14 09:07:44,7,15,15,0,"fit: 6, efit: 6","fit: 6, efit: 5",efit: 1,,,0,0,0,0,1,,
2025-12-14 10:34:51,7,15,15,0,"fit: 6, efit: 7","fit: 6, efit: 6",efit: 1,,,0,0,0,0,1,,
2025-12-14 12:51:11,7,15,15,0,"fit: 6, efit: 6","fit: 6, efit: 5",efit: 1,,,0,0,0,0,1,,
2025-12-14 13:31:17,7,15,15,0,"fit: 6, efit: 5","fit: 6, efit: 4",efit: 1,,,0,0,0,0,1,,
2025-12-14 13:56:20,7,15,15,0,"fit: 6, efit: 6","fit: 6, efit: 5",efit: 1,,,0,0,0,0,1,,
2025-12-14 15:11:30,7,15,15,0,"fit: 6, efit: 5","fit: 6, efit: 4",efit: 1,,,0,0,0,0,1,,
2025-12-14 22:56:03,7,15,15,0,"fit: 6, efit: 4","fit: 6, efit: 3",efit: 1,,,0,0,0,0,1,,
2025-12-15 00:01:19,7,15,15,0,"fit: 6, efit: 4","fit: 6, efit: 3",efit: 1,,,0,0,0,0,1,,
2025-12-15 07:23:05,7,15,15,0,"fit: 6, efit: 5","fit: 6, efit: 4",efit: 1,,,0,0,0,0,1,,
2025-12-15 07:28:06,7,15,15,0,"fit: 6, efit: 4","fit: 6, efit: 3",efit: 1,,,0,0,0,0,1,,
2025-12-15 10:03:43,7,15,15,0,fit: 4,fit: 4,,,,0,0,0,0,1,,
2025-12-15 10:08:44,7,15,15,0,,,,,,0,0,0,0,1,,
2025-12-15 10:13:45,7,15,15,0,"fit: 6, efit: 3","fit: 6, efit: 3",,,,0,0,0,0,1,,
2025-12-15 10:33:50,7,15,15,0,"fit: 6, efit: 4","fit: 6, efit: 4",,,,0,0,0,0,1,,
2025-12-15 18:26:09,7,15,15,0,"fit: 6, efit: 3","fit: 6, efit: 3",,,,0,0,0,0,1,,
2025-12-16 00:02:01,7,15,15,0,"fit: 6, efit: 3","fit: 6, efit: 3",,,,0,0,0,0,1,,
2025-12-16 02:27:24,7,15,15,0,"fit: 6, efit: 4","fit: 6, efit: 4",,,,0,0,0,0,1,,
2025-12-16 05:49:47,7,15,15,0,"fit: 6, efit: 4","fit: 6, efit: 3",,,,0,0,0,0,1,,
2025-12-16 07:58:15,7,15,15,0,"fit: 6, efit: 3","fit: 6, efit: 2",,,,0,0,0,0,1,,
2025-12-16 08:18:18,7,15,15,0,"fit: 6, efit: 2","fit: 6, efit: 1",,,,0,0,0,0,1,,
2025-12-16 08:23:19,7,15,15,0,"fit: 5, efit: 2","fit: 5, efit: 1",,,,0,0,0,0,1,,
2025-12-16 09:05:22,7,15,15,0,"fit: 5, efit: 1",fit: 5,,,,0,0,0,0,1,,
2025-12-16 09:18:27,7,15,15,0,"fit: 4, efit: 1",fit: 4,,,,0,0,0,0,1,,
2025-12-16 10:03:34,7,15,15,0,"fit: 4, efit: 2","fit: 4, efit: 1",,,,0,0,0,0,1,,
2025-12-16 11:13:45,7,15,15,0,"fit: 4, efit: 3","fit: 4, efit: 2",,,,0,0,0,0,1,,
2025-12-16 12:03:53,7,15,15,0,"fit: 4, efit: 3","fit: 4, efit: 3",,,,0,0,0,0,1,,
2025-12-16 13:09:04,7,15,15,0,"fit: 4, efit: 2","fit: 4, efit: 2",,,,0,0,0,0,1,,
2025-12-16 13:14:05,7,15,15,0,"fit: 5, efit: 2","fit: 5, efit: 2",,,,0,0,0,0,1,,
2025-12-16 13:59:12,7,15,15,0,"fit: 5, efit: 3","fit: 5, efit: 3",,,,0,0,0,0,1,,
2025-12-16 16:19:34,7,15,15,0,"fit: 5, efit: 2","fit: 5, efit: 2",,,,0,0,0,0,1,,
2025-12-16 18:59:59,7,15,15,0,"fit: 5, efit: 3","fit: 5, efit: 3",,,,0,0,0,0,1,,
2025-12-16 22:40:34,7,15,15,0,"fit: 5, efit: 2","fit: 5, efit: 2",,,,0,0,0,0,1,,
2025-12-17 00:00:47,7,15,15,0,"fit: 5, efit: 2","fit: 5, efit: 2",,,,0,0,0,0,1,,
2025-12-17 03:57:49,7,15,15,0,"fit: 5, efit: 3","fit: 5, efit: 3",,,,0,0,0,0,1,,
2025-12-17 03:58:34,7,15,15,0,"fit: 5, efit: 2","fit: 5, efit: 2",,,,0,0,0,0,1,,
2025-12-17 04:42:58,7,15,15,0,"fit: 5, efit: 3","fit: 5, efit: 3",,,,0,0,0,0,1,,
2025-12-17 07:18:30,7,15,15,0,"fit: 5, efit: 4","fit: 5, efit: 4",,,,0,0,0,0,1,,
2025-12-17 08:19:17,7,15,15,0,"fit: 5, efit: 3","fit: 5, efit: 3",,,,0,0,0,0,1,,
2025-12-17 08:37:08,7,15,15,0,"fit: 5, efit: 2","fit: 5, efit: 2",,,,0,0,0,0,1,,
2025-12-17 09:32:17,7,15,15,0,"fit: 5, efit: 1","fit: 5, efit: 1",,,,0,0,0,0,1,,
2025-12-17 09:47:19,7,15,15,0,"fit: 5, efit: 2","fit: 5, efit: 2",,,,0,0,0,0,1,,
2025-12-17 10:22:25,7,15,15,0,"fit: 5, efit: 1","fit: 5, efit: 1",,,,0,0,0,0,1,,
2025-12-17 10:37:27,7,15,15,0,"fit: 4, efit: 1","fit: 4, efit: 1",,,,0,0,0,0,1,,
2025-12-17 11:07:32,7,15,15,0,"fit: 4, efit: 3","fit: 4, efit: 2",,,,0,0,0,0,1,,
2025-12-17 11:09:47,7,15,15,0,"fit: 4, efit: 3","fit: 4, efit: 2",efit: 1,,,0,0,0,0,1,,
2025-12-17 11:12:33,7,15,15,0,"fit: 4, efit: 2","fit: 4, efit: 1",,,,0,0,0,0,1,,
2025-12-17 11:14:17,7,15,15,0,"fit: 4, efit: 2","fit: 4, efit: 1",efit: 1,,,0,0,0,0,1,,
2025-12-17 11:17:34,7,15,15,0,"fit: 4, efit: 2","fit: 4, efit: 1",,,,0,0,0,0,1,,
2025-12-17 11:19:18,7,15,15,0,"fit: 4, efit: 2","fit: 4, efit: 1",efit: 1,,,0,0,0,0,1,,
2025-12-17 11:22:35,7,15,15,0,"fit: 4, efit: 2","fit: 4, efit: 1",,,,0,0,0,0,1,,
2025-12-17 11:24:19,7,15,15,0,"fit: 4, efit: 2","fit: 4, efit: 1",efit: 1,,,0,0,0,0,1,,
2025-12-17 11:54:25,7,15,15,0,"fit: 4, efit: 3","fit: 4, efit: 2",efit: 1,,,0,0,0,0,1,,
2025-12-17 12:12:43,7,15,15,0,"fit: 4, efit: 3","fit: 4, efit: 2",,,,0,0,0,0,1,,
2025-12-17 12:14:29,7,15,15,0,"fit: 4, efit: 3","fit: 4, efit: 2",efit: 1,,,0,0,0,0,1,,
2025-12-17 12:17:44,7,15,15,0,"fit: 4, efit: 4","fit: 4, efit: 2",,,,0,0,0,0,1,,
2025-12-17 12:19:30,7,15,15,0,"fit: 4, efit: 4","fit: 4, efit: 2",efit: 1,,,0,0,0,0,1,,
2025-12-17 12:29:32,7,15,15,0,"fit: 5, efit: 4","fit: 5, efit: 2",efit: 1,,,0,0,0,0,1,,
2025-12-17 12:30:01,7,15,15,0,"fit: 5, efit: 5","fit: 5, efit: 3",efit: 1,,,0,0,0,0,1,,
2025-12-17 12:32:46,7,15,15,0,"fit: 5, efit: 6","fit: 5, efit: 4",efit: 1,,,0,0,0,0,1,,
2025-12-17 13:04:40,7,15,15,0,"fit: 5, efit: 6","fit: 5, efit: 5",efit: 1,,,0,0,0,0,1,,
2025-12-17 13:20:10,7,15,15,0,"fit: 5, efit: 6","fit: 5, efit: 5",,,,0,0,0,0,1,,
2025-12-17 13:22:54,7,15,15,0,"fit: 5, efit: 6","fit: 5, efit: 5",efit: 1,,,0,0,0,0,1,,
2025-12-17 13:25:11,7,15,15,0,"fit: 5, efit: 6","fit: 5, efit: 5",,,,0,0,0,0,1,,
2025-12-17 13:27:55,7,15,15,0,"fit: 5, efit: 6","fit: 5, efit: 5",efit: 1,,,0,0,0,0,1,,
2025-12-17 13:29:44,7,15,15,0,"fit: 5, efit: 6","fit: 5, efit: 5",,,,0,0,0,0,1,,
2025-12-17 13:32:56,7,15,15,0,"fit: 5, efit: 6","fit: 5, efit: 5",efit: 1,,,0,0,0,0,1,,
2025-12-17 13:34:45,7,15,15,0,"fit: 5, efit: 6","fit: 5, efit: 5",,,,0,0,0,0,1,,
2025-12-17 13:37:57,7,15,15,0,"fit: 5, efit: 6","fit: 5, efit: 5",efit: 1,,,0,0,0,0,1,,
2025-12-17 14:24:55,7,15,15,0,"fit: 5, efit: 6","fit: 5, efit: 5",,,,0,0,0,0,1,,
2025-12-17 14:28:05,7,15,15,0,"fit: 5, efit: 6","fit: 5, efit: 5",efit: 1,,,0,0,0,0,1,,
2025-12-17 14:29:56,7,15,15,0,"fit: 5, efit: 6","fit: 5, efit: 5",,,,0,0,0,0,1,,
2025-12-17 14:33:06,7,15,15,0,"fit: 5, efit: 6","fit: 5, efit: 5",efit: 1,,,0,0,0,0,1,,
2025-12-17 14:34:57,7,15,15,0,"fit: 5, efit: 6","fit: 5, efit: 5",,,,0,0,0,0,1,,
2025-12-17 14:38:07,7,15,15,0,"fit: 5, efit: 6","fit: 5, efit: 5",efit: 1,,,0,0,0,0,1,,
2025-12-17 14:39:58,7,15,15,0,"fit: 5, efit: 6","fit: 5, efit: 5",,,,0,0,0,0,1,,
2025-12-17 14:43:07,7,15,15,0,"fit: 5, efit: 6","fit: 5, efit: 5",efit: 1,,,0,0,0,0,1,,
2025-12-17 14:44:59,7,15,15,0,"fit: 5, efit: 6","fit: 5, efit: 5",,,,0,0,0,0,1,,
2025-12-17 14:48:08,7,15,15,0,"fit: 5, efit: 6","fit: 5, efit: 5",efit: 1,,,0,0,0,0,1,,
2025-12-17 14:58:10,7,15,15,0,"fit: 5, efit: 5","fit: 5, efit: 4",efit: 1,,,0,0,0,0,1,,
2025-12-17 15:30:09,7,15,15,0,"fit: 4, efit: 5","fit: 4, efit: 4",efit: 1,,,0,0,0,0,1,,
2025-12-17 15:33:15,7,15,15,0,"fit: 4, efit: 5","fit: 4, efit: 4",,,,0,0,0,0,1,,
2025-12-17 15:35:10,7,15,15,0,"fit: 4, efit: 5","fit: 4, efit: 4",efit: 1,,,0,0,0,0,1,,
2025-12-17 15:38:16,7,15,15,0,"fit: 4, efit: 5","fit: 4, efit: 4",,,,0,0,0,0,1,,
2025-12-17 15:40:11,7,15,15,0,"fit: 4, efit: 5","fit: 4, efit: 4",efit: 1,,,0,0,0,0,1,,
2025-12-17 15:43:17,7,15,15,0,"fit: 4, efit: 5","fit: 4, efit: 4",,,,0,0,0,0,1,,
2025-12-17 15:45:12,7,15,15,0,"fit: 4, efit: 5","fit: 4, efit: 4",efit: 1,,,0,0,0,0,1,,
2025-12-17 15:48:17,7,15,15,0,"fit: 4, efit: 5","fit: 4, efit: 4",,,,0,0,0,0,1,,
2025-12-17 15:50:13,7,15,15,0,"fit: 4, efit: 5","fit: 4, efit: 4",efit: 1,,,0,0,0,0,1,,
2025-12-17 15:53:18,7,15,15,0,"fit: 4, efit: 4","fit: 4, efit: 3",efit: 1,,,0,0,0,0,1,,
2025-12-17 16:28:23,7,15,15,0,"fit: 4, efit: 3","fit: 4, efit: 2",efit: 1,,,0,0,0,0,1,,
2025-12-17 16:30:22,7,15,15,0,"fit: 4, efit: 2","fit: 4, efit: 1",efit: 1,,,0,0,0,0,1,,
2025-12-17 16:38:25,7,15,15,0,"fit: 4, efit: 2","fit: 4, efit: 1",,,,0,0,0,0,1,,
2025-12-17 16:40:24,7,15,15,0,"fit: 4, efit: 1",fit: 4,efit: 1,,,0,0,0,0,1,,
2025-12-17 16:43:26,7,15,15,0,"fit: 4, efit: 1",fit: 4,,,,0,0,0,0,1,,
2025-12-17 16:45:25,7,15,15,0,"fit: 4, efit: 1",fit: 4,efit: 1,,,0,0,0,0,1,,
2025-12-17 16:48:26,7,15,15,0,"fit: 4, efit: 2","fit: 4, efit: 1",,,,0,0,0,0,1,,
2025-12-17 16:50:26,7,15,15,0,"fit: 4, efit: 2","fit: 4, efit: 1",efit: 1,,,0,0,0,0,1,,
2025-12-17 17:40:56,7,15,15,0,"fit: 4, efit: 2","fit: 4, efit: 1",,,,0,0,0,0,1,,
2025-12-17 17:43:35,7,15,15,0,"fit: 4, efit: 2","fit: 4, efit: 1",efit: 1,,,0,0,0,0,1,,
2025-12-17 17:45:37,7,15,15,0,"fit: 4, efit: 3","fit: 4, efit: 2",efit: 1,,,0,0,0,0,1,,
2025-12-17 17:45:57,7,15,15,0,"fit: 4, efit: 3","fit: 4, efit: 2",,,,0,0,0,0,1,,
2025-12-17 17:48:36,7,15,15,0,"fit: 4, efit: 3","fit: 4, efit: 2",efit: 1,,,0,0,0,0,1,,
2025-12-17 17:50:58,7,15,15,0,"fit: 4, efit: 3","fit: 4, efit: 2",,,,0,0,0,0,1,,
2025-12-17 17:53:36,7,15,15,0,"fit: 4, efit: 3","fit: 4, efit: 2",efit: 1,,,0,0,0,0,1,,
2025-12-17 17:55:39,7,15,15,0,"fit: 4, efit: 3","fit: 4, efit: 2",,,,0,0,0,0,1,,
2025-12-17 17:58:37,7,15,15,0,"fit: 4, efit: 3","fit: 4, efit: 2",efit: 1,,,0,0,0,0,1,,
2025-12-17 18:00:40,7,15,15,0,"fit: 4, efit: 3","fit: 4, efit: 2",,,,0,0,0,0,1,,
2025-12-17 18:03:38,7,15,15,0,"fit: 4, efit: 2","fit: 4, efit: 1",efit: 1,,,0,0,0,0,1,,
2025-12-17 18:25:46,7,15,15,0,"fit: 4, efit: 3","fit: 4, efit: 2",efit: 1,,,0,0,0,0,1,,
2025-12-17 18:50:51,7,15,15,0,"fit: 4, efit: 3","fit: 4, efit: 2",,,,0,0,0,0,1,,
2025-12-17 18:53:46,7,15,15,0,"fit: 4, efit: 3","fit: 4, efit: 2",efit: 1,,,0,0,0,0,1,,
2025-12-17 18:55:52,7,15,15,0,"fit: 4, efit: 3","fit: 4, efit: 2",,,,0,0,0,0,1,,
2025-12-17 18:56:09,7,15,15,0,"fit: 4, efit: 3","fit: 4, efit: 2",efit: 1,,,0,0,0,0,1,,
2025-12-17 19:00:53,7,15,15,0,"fit: 4, efit: 3","fit: 4, efit: 2",,,,0,0,0,0,1,,
2025-12-17 19:03:47,7,15,15,0,"fit: 4, efit: 3","fit: 4, efit: 2",efit: 1,,,0,0,0,0,1,,
2025-12-17 19:05:54,7,15,15,0,"fit: 4, efit: 3","fit: 4, efit: 2",,,,0,0,0,0,1,,
2025-12-17 19:06:11,7,15,15,0,"fit: 4, efit: 3","fit: 4, efit: 2",efit: 1,,,0,0,0,0,1,,
2025-12-17 19:16:12,7,15,15,0,"fit: 4, efit: 2","fit: 4, efit: 1",efit: 1,,,0,0,0,0,1,,
2025-12-17 19:23:50,7,15,15,0,"fit: 4, efit: 3","fit: 4, efit: 2",efit: 1,,,0,0,0,0,1,,
2025-12-17 19:53:55,7,15,15,0,"fit: 4, efit: 3","fit: 4, efit: 2",,,,0,0,0,0,1,,
2025-12-17 19:56:04,7,15,15,0,"fit: 4, efit: 3","fit: 4, efit: 2",efit: 1,,,0,0,0,0,1,,
2025-12-17 19:58:55,7,15,15,0,"fit: 4, efit: 3","fit: 4, efit: 2",,,,0,0,0,0,1,,
2025-12-17 20:01:05,7,15,15,0,"fit: 4, efit: 3","fit: 4, efit: 2",efit: 1,,,0,0,0,0,1,,
2025-12-17 20:08:57,7,15,15,0,"fit: 4, efit: 3","fit: 4, efit: 2",,,,0,0,0,0,1,,
2025-12-17 20:11:07,7,15,15,0,"fit: 4, efit: 3","fit: 4, efit: 2",efit: 1,,,0,0,0,0,1,,
2025-12-17 20:41:13,7,15,15,0,"fit: 4, efit: 4","fit: 4, efit: 3",efit: 1,,,0,0,0,0,1,,
2025-12-17 20:59:05,7,15,15,0,"fit: 4, efit: 4","fit: 4, efit: 3",,,,0,0,0,0,1,,
2025-12-17 21:01:17,7,15,15,0,"fit: 4, efit: 4","fit: 4, efit: 3",efit: 1,,,0,0,0,0,1,,
2025-12-17 21:04:05,7,15,15,0,"fit: 4, efit: 4","fit: 4, efit: 3",,,,0,0,0,0,1,,
2025-12-17 21:06:18,7,15,15,0,"fit: 4, efit: 4","fit: 4, efit: 3",efit: 1,,,0,0,0,0,1,,
2025-12-17 21:09:06,7,15,15,0,"fit: 4, efit: 4","fit: 4, efit: 3",,,,0,0,0,0,1,,
2025-12-17 21:11:19,7,15,15,0,"fit: 4, efit: 4","fit: 4, efit: 3",efit: 1,,,0,0,0,0,1,,
2025-12-17 21:14:07,7,15,15,0,"fit: 4, efit: 4","fit: 4, efit: 3",,,,0,0,0,0,1,,
2025-12-17 21:16:20,7,15,15,0,"fit: 4, efit: 4","fit: 4, efit: 3",efit: 1,,,0,0,0,0,1,,
2025-12-17 22:06:42,7,15,15,0,"fit: 4, efit: 4","fit: 4, efit: 3",,,,0,0,0,0,1,,
2025-12-17 22:09:16,7,15,15,0,"fit: 4, efit: 4","fit: 4, efit: 3",efit: 1,,,0,0,0,0,1,,
2025-12-17 22:11:31,7,15,15,0,"fit: 4, efit: 4","fit: 4, efit: 3",,,,0,0,0,0,1,,
2025-12-17 22:14:16,7,15,15,0,"fit: 4, efit: 4","fit: 4, efit: 3",efit: 1,,,0,0,0,0,1,,
2025-12-17 22:16:32,7,15,15,0,"fit: 4, efit: 4","fit: 4, efit: 3",,,,0,0,0,0,1,,
2025-12-17 22:19:17,7,15,15,0,"fit: 4, efit: 4","fit: 4, efit: 3",efit: 1,,,0,0,0,0,1,,
2025-12-17 23:06:42,7,15,15,0,"fit: 4, efit: 4","fit: 4, efit: 3",,,,0,0,0,0,1,,
2025-12-17 23:06:52,7,15,15,0,"fit: 4, efit: 4","fit: 4, efit: 3",efit: 1,,,0,0,0,0,1,,
2025-12-17 23:11:43,7,15,15,0,"fit: 4, efit: 4","fit: 4, efit: 3",,,,0,0,0,0,1,,
2025-12-17 23:14:26,7,15,15,0,"fit: 4, efit: 4","fit: 4, efit: 3",efit: 1,,,0,0,0,0,1,,
2025-12-18 00:01:53,7,15,15,0,"fit: 4, efit: 4","fit: 4, efit: 3",efit: 1,,,0,0,0,0,1,,
2025-12-18 00:09:34,7,15,15,0,"fit: 4, efit: 4","fit: 4, efit: 3",,,,0,0,0,0,1,,
2025-12-18 00:11:55,7,15,15,0,"fit: 4, efit: 4","fit: 4, efit: 3",efit: 1,,,0,0,0,0,1,,
2025-12-18 00:14:35,7,15,15,0,"fit: 4, efit: 4","fit: 4, efit: 3",,,,0,0,0,0,1,,
2025-12-18 00:16:56,7,15,15,0,"fit: 4, efit: 4","fit: 4, efit: 3",efit: 1,,,0,0,0,0,1,,
2025-12-18 00:19:35,7,15,15,0,"fit: 4, efit: 4","fit: 4, efit: 3",,,,0,0,0,0,1,,
2025-12-18 00:21:57,7,15,15,0,"fit: 4, efit: 4","fit: 4, efit: 3",efit: 1,,,0,0,0,0,1,,
2025-12-18 00:24:36,7,15,15,0,"fit: 4, efit: 4","fit: 4, efit: 3",,,,0,0,0,0,1,,
2025-12-18 00:26:57,7,15,15,0,"fit: 4, efit: 4","fit: 4, efit: 3",efit: 1,,,0,0,0,0,1,,
2025-12-18 01:14:44,7,15,15,0,"fit: 4, efit: 4","fit: 4, efit: 3",,,,0,0,0,0,1,,
2025-12-18 01:17:08,7,15,15,0,"fit: 4, efit: 4","fit: 4, efit: 3",efit: 1,,,0,0,0,0,1,,
2025-12-18 01:19:44,7,15,15,0,"fit: 4, efit: 4","fit: 4, efit: 3",,,,0,0,0,0,1,,
2025-12-18 01:22:09,7,15,15,0,"fit: 4, efit: 4","fit: 4, efit: 3",efit: 1,,,0,0,0,0,1,,
2025-12-18 01:24:45,7,15,15,0,"fit: 4, efit: 4","fit: 4, efit: 3",,,,0,0,0,0,1,,
2025-12-18 01:27:10,7,15,15,0,"fit: 4, efit: 4","fit: 4, efit: 3",efit: 1,,,0,0,0,0,1,,
2025-12-18 01:29:46,7,15,15,0,"fit: 4, efit: 4","fit: 4, efit: 3",,,,0,0,0,0,1,,
2025-12-18 01:32:11,7,15,15,0,"fit: 4, efit: 4","fit: 4, efit: 3",efit: 1,,,0,0,0,0,1,,
2025-12-18 02:27:22,7,15,15,0,"fit: 4, efit: 4","fit: 4, efit: 3",,,,0,0,0,0,1,,
2025-12-18 02:29:55,7,15,15,0,"fit: 4, efit: 4","fit: 4, efit: 3",efit: 1,,,0,0,0,0,1,,
2025-12-18 02:32:23,7,15,15,0,"fit: 4, efit: 4","fit: 4, efit: 3",,,,0,0,0,0,1,,
2025-12-18 02:34:55,7,15,15,0,"fit: 4, efit: 4","fit: 4, efit: 3",efit: 1,,,0,0,0,0,1,,
2025-12-18 03:22:33,7,15,15,0,"fit: 4, efit: 4","fit: 4, efit: 3",,,,0,0,0,0,1,,
2025-12-18 03:25:04,7,15,15,0,"fit: 4, efit: 4","fit: 4, efit: 3",efit: 1,,,0,0,0,0,1,,
2025-12-18 03:35:06,7,15,15,0,"fit: 4, efit: 4","fit: 4, efit: 3",,,,0,0,0,0,1,,
2025-12-18 03:37:36,7,15,15,0,"fit: 4, efit: 4","fit: 4, efit: 3",efit: 1,,,0,0,0,0,1,,
2025-12-18 04:25:13,7,15,15,0,"fit: 4, efit: 4","fit: 4, efit: 3",,,,0,0,0,0,1,,
2025-12-18 04:27:44,7,15,15,0,"fit: 4, efit: 4","fit: 4, efit: 3",efit: 1,,,0,0,0,0,1,,
2025-12-18 04:30:14,7,15,15,0,"fit: 4, efit: 4","fit: 4, efit: 3",,,,0,0,0,0,1,,
2025-12-18 04:32:45,7,15,15,0,"fit: 4, efit: 4","fit: 4, efit: 3",efit: 1,,,0,0,0,0,1,,
2025-12-18 05:27:51,7,15,15,0,"fit: 4, efit: 4","fit: 4, efit: 3",,,,0,0,0,0,1,,
2025-12-18 05:30:23,7,15,15,0,"fit: 4, efit: 4","fit: 4, efit: 3",efit: 1,,,0,0,0,0,1,,
2025-12-18 05:32:52,7,15,15,0,"fit: 4, efit: 4","fit: 4, efit: 3",,,,0,0,0,0,1,,
2025-12-18 05:35:24,7,15,15,0,"fit: 4, efit: 4","fit: 4, efit: 3",efit: 1,,,0,0,0,0,1,,
2025-12-18 05:37:53,7,15,15,0,"fit: 4, efit: 4","fit: 4, efit: 3",,,,0,0,0,0,1,,
2025-12-18 05:40:25,7,15,15,0,"fit: 4, efit: 4","fit: 4, efit: 3",efit: 1,,,0,0,0,0,1,,
2025-12-18 05:42:54,7,15,15,0,"fit: 4, efit: 4","fit: 4, efit: 3",,,,0,0,0,0,1,,
2025-12-18 05:45:26,7,15,15,0,"fit: 4, efit: 4","fit: 4, efit: 3",efit: 1,,,0,0,0,0,1,,
2025-12-18 06:33:02,7,15,15,0,"fit: 4, efit: 4","fit: 4, efit: 3",,,,0,0,0,0,1,,
2025-12-18 06:35:33,7,15,15,0,"fit: 4, efit: 4","fit: 4, efit: 3",efit: 1,,,0,0,0,0,1,,
2025-12-18 06:38:03,7,15,15,0,"fit: 4, efit: 4","fit: 4, efit: 3",,,,0,0,0,0,1,,
2025-12-18 06:40:34,7,15,15,0,"fit: 4, efit: 4","fit: 4, efit: 3",efit: 1,,,0,0,0,0,1,,
2025-12-18 06:43:04,7,15,15,0,"fit: 4, efit: 4","fit: 4, efit: 3",,,,0,0,0,0,1,,
2025-12-18 06:45:35,7,15,15,0,"fit: 4, efit: 4","fit: 4, efit: 3",efit: 1,,,0,0,0,0,1,,
2025-12-18 07:08:08,7,15,15,0,"fit: 4, efit: 3","fit: 4, efit: 2",efit: 1,,,0,0,0,0,1,,
2025-12-18 07:18:10,7,15,15,0,"fit: 4, efit: 4","fit: 4, efit: 3",efit: 1,,,0,0,0,0,1,,
2025-12-18 07:40:43,7,15,15,0,"fit: 4, efit: 4","fit: 4, efit: 3",,,,0,0,0,0,1,,
2025-12-18 07:43:14,7,15,15,0,"fit: 4, efit: 4","fit: 4, efit: 3",efit: 1,,,0,0,0,0,1,,
2025-12-18 07:45:44,7,15,15,0,"fit: 4, efit: 4","fit: 4, efit: 3",,,,0,0,0,0,1,,
2025-12-18 07:48:15,7,15,15,0,"fit: 4, efit: 4","fit: 4, efit: 3",efit: 1,,,0,0,0,0,1,,
2025-12-18 07:50:44,7,15,15,0,"fit: 4, efit: 4","fit: 4, efit: 3",,,,0,0,0,0,1,,
2025-12-18 07:53:16,7,15,15,0,"fit: 4, efit: 4","fit: 4, efit: 3",efit: 1,,,0,0,0,0,1,,
2025-12-18 07:55:45,7,15,15,0,"fit: 4, efit: 4","fit: 4, efit: 3",,,,0,0,0,0,1,,
2025-12-18 07:58:17,7,15,15,0,"fit: 4, efit: 4","fit: 4, efit: 3",efit: 1,,,0,0,0,0,1,,
2025-12-18 08:25:50,7,15,15,0,"fit: 4, efit: 5","fit: 4, efit: 4",efit: 1,,,0,0,0,0,1,,
2025-12-18 08:30:51,7,15,15,0,"fit: 4, efit: 4","fit: 4, efit: 3",efit: 1,,,0,0,0,0,1,,
2025-12-18 08:43:25,7,15,15,0,"fit: 4, efit: 3","fit: 4, efit: 2",,,,0,0,0,0,1,,
2025-12-18 08:45:53,7,15,15,0,"fit: 4, efit: 3","fit: 4, efit: 2",efit: 1,,,0,0,0,0,1,,
2025-12-18 08:48:26,7,15,15,0,"fit: 4, efit: 3","fit: 4, efit: 2",,,,0,0,0,0,1,,
2025-12-18 08:50:54,7,15,15,0,"fit: 4, efit: 3","fit: 4, efit: 2",efit: 1,,,0,0,0,0,1,,
2025-12-18 08:53:27,7,15,15,0,"fit: 4, efit: 3","fit: 4, efit: 2",,,,0,0,0,0,1,,
2025-12-18 08:55:55,7,15,15,0,"fit: 4, efit: 3","fit: 4, efit: 2",efit: 1,,,0,0,0,0,1,,
2025-12-18 08:58:27,7,15,15,0,"fit: 4, efit: 3","fit: 4, efit: 2",,,,0,0,0,0,1,,
2025-12-18 09:00:55,7,15,15,0,"fit: 4, efit: 3","fit: 4, efit: 2",efit: 1,,,0,0,0,0,1,,
2025-12-18 09:28:33,7,15,15,0,"fit: 4, efit: 2","fit: 4, efit: 2",,,,0,0,0,0,1,,
2025-12-18 10:06:05,7,15,15,0,"fit: 4, efit: 1","fit: 4, efit: 1",,,,0,0,0,0,1,,
2025-12-18 10:28:43,7,15,15,0,"fit: 4, efit: 2","fit: 4, efit: 2",,,,0,0,0,0,1,,
2025-12-18 13:19:13,7,15,15,0,"fit: 4, efit: 1","fit: 4, efit: 1",,,,0,0,0,0,1,,
2025-12-18 14:06:42,7,15,15,0,"fit: 5, efit: 1","fit: 5, efit: 1",,,,0,0,0,0,1,,
2025-12-18 14:29:25,7,15,15,0,fit: 5,fit: 5,,,,0,0,0,0,1,,
2025-12-18 14:44:27,7,15,15,0,"fit: 5, efit: 1","fit: 5, efit: 1",,,,0,0,0,0,1,,
2025-12-18 14:59:30,7,15,15,0,fit: 5,fit: 5,,,,0,0,0,0,1,,
2025-12-18 15:09:31,7,15,15,0,fit: 4,fit: 4,,,,0,0,0,0,1,,
2025-12-18 15:36:55,7,15,15,0,"fit: 4, efit: 1","fit: 4, efit: 1",,,,0,0,0,0,1,,
2025-12-18 15:49:38,7,15,15,0,"fit: 4, efit: 2","fit: 4, efit: 2",,,,0,0,0,0,1,,
2025-12-18 16:04:41,7,15,15,0,"fit: 5, efit: 2","fit: 5, efit: 2",,,,0,0,0,0,1,,
2025-12-18 16:05:02,7,15,15,0,"fit: 5, efit: 1","fit: 5, efit: 1",,,,0,0,0,0,1,,
2025-12-18 16:29:45,7,15,15,0,"fit: 5, efit: 3","fit: 5, efit: 3",,,,0,0,0,0,1,,
2025-12-18 16:32:04,7,15,15,0,"fit: 5, efit: 2","fit: 5, efit: 2",,,,0,0,0,0,1,,
2025-12-18 19:05:12,7,15,15,0,"fit: 5, efit: 1","fit: 5, efit: 1",,,,0,0,0,0,1,,
2025-12-18 20:07:37,7,15,15,0,fit: 5,fit: 5,,,,0,0,0,0,1,,
2025-12-18 20:37:42,7,15,15,0,fit: 4,fit: 4,,,,0,0,0,0,1,,
2025-12-18 21:07:47,7,15,15,0,"fit: 4, efit: 1","fit: 4, efit: 1",,,,0,0,0,0,1,,
2025-12-18 23:35:59,7,15,15,0,fit: 4,fit: 4,,,,0,0,0,0,1,,
2025-12-19 00:01:03,7,15,15,0,fit: 4,fit: 4,,,,0,0,0,0,1,,
2025-12-19 01:56:23,7,15,15,0,"fit: 4, efit: 1","fit: 4, efit: 1",,,,0,0,0,0,1,,
2025-12-19 08:22:28,7,15,15,0,fit: 4,fit: 4,,,,0,0,0,0,1,,
2025-12-19 11:12:55,7,15,15,0,fit: 3,fit: 3,,,,0,0,0,0,1,,
2025-12-19 12:59:16,7,15,15,0,"fit: 3, efit: 1","fit: 3, efit: 1",,,,0,0,0,0,1,,
2025-12-19 15:03:33,7,15,15,0,fit: 3,fit: 3,,,,0,0,0,0,1,,
2025-12-19 15:18:36,7,15,15,0,fit: 2,fit: 2,,,,0,0,0,0,1,,
2025-12-19 15:23:37,7,15,15,0,"fit: 2, efit: 1","fit: 2, efit: 1",,,,0,0,0,0,1,,
2025-12-19 17:10:07,7,15,15,0,"fit: 2, efit: 2","fit: 2, efit: 2",,,,0,0,0,0,1,,
2025-12-19 17:10:50,7,15,15,0,"fit: 2, efit: 1","fit: 2, efit: 1",,,,0,0,0,0,1,,
2025-12-19 22:01:35,7,15,15,0,fit: 2,fit: 2,,,,0,0,0,0,1,,
2025-12-19 22:04:42,7,15,15,0,"fit: 2, efit: 1","fit: 2, efit: 1",,,,0,0,0,0,1,,
2025-12-20 00:00:01,7,15,15,0,"fit: 2, efit: 1","fit: 2, efit: 1",,,,0,0,0,0,1,,
2025-12-20 06:36:05,7,15,15,0,"fit: 1, efit: 1","fit: 1, efit: 1",,,,0,0,0,0,1,,
2025-12-20 07:26:13,7,15,15,0,fit: 1,fit: 1,,,,0,0,0,0,1,,
2025-12-20 07:27:58,7,15,15,0,"fit: 1, efit: 1","fit: 1, efit: 1",,,,0,0,0,0,1,,
2025-12-20 08:23:09,7,15,15,0,"fit: 2, efit: 5","fit: 2, efit: 5",,,,0,0,0,0,1,,
2025-12-20 08:26:23,7,15,15,0,"fit: 4, efit: 6","fit: 4, efit: 6",,,,0,0,0,0,1,,
2025-12-20 08:36:25,7,15,15,0,"fit: 4, efit: 5","fit: 4, efit: 5",,,,0,0,0,0,1,,
2025-12-20 11:21:53,7,15,15,0,"fit: 4, efit: 6","fit: 4, efit: 6",,,,0,0,0,0,1,,
2025-12-20 11:56:58,7,15,15,0,"fit: 4, efit: 5","fit: 4, efit: 5",,,,0,0,0,0,1,,
2025-12-20 12:18:44,7,15,15,0,"fit: 4, efit: 4","fit: 4, efit: 4",,,,0,0,0,0,1,,
2025-12-20 12:43:58,7,15,15,0,"fit: 4, efit: 5","fit: 4, efit: 5",,,,0,0,0,0,1,,
2025-12-20 13:22:12,7,15,15,0,"fit: 4, efit: 4","fit: 4, efit: 4",,,,0,0,0,0,1,,
2025-12-20 13:23:54,7,15,15,0,"fit: 4, efit: 3","fit: 4, efit: 3",,,,0,0,0,0,1,,
2025-12-20 13:33:55,7,15,15,0,"fit: 4, efit: 2","fit: 4, efit: 2",,,,0,0,0,0,1,,
2025-12-20 13:48:58,7,15,15,0,"fit: 5, efit: 2","fit: 5, efit: 2",,,,0,0,0,0,1,,
2025-12-20 14:04:14,7,15,15,0,"fit: 5, efit: 3","fit: 5, efit: 3",,,,0,0,0,0,1,,
2025-12-20 14:07:20,7,15,15,0,"fit: 5, efit: 2","fit: 5, efit: 2",,,,0,0,0,0,1,,
2025-12-20 14:22:22,7,15,15,0,"fit: 5, efit: 1","fit: 5, efit: 1",,,,0,0,0,0,1,,
2025-12-20 16:39:24,7,15,15,0,"fit: 5, efit: 2","fit: 5, efit: 2",,,,0,0,0,0,1,,
2025-12-20 16:44:25,7,15,15,0,"fit: 5, efit: 3","fit: 5, efit: 3",,,,0,0,0,0,1,,
2025-12-20 17:14:29,7,15,15,0,"fit: 5, efit: 2","fit: 5, efit: 2",,,,0,0,0,0,1,,
2025-12-20 17:22:52,7,15,15,0,"fit: 5, efit: 1","fit: 5, efit: 1",,,,0,0,0,0,1,,
2025-12-20 17:32:54,7,15,15,0,"fit: 5, efit: 2","fit: 5, efit: 2",,,,0,0,0,0,1,,
2025-12-20 18:18:01,7,15,15,0,"fit: 6, efit: 1","fit: 6, efit: 1",,,,0,0,0,0,1,,
2025-12-20 19:25:20,7,15,15,0,"fit: 6, efit: 2","fit: 6, efit: 1",,,,0,0,0,0,1,,
2025-12-20 19:39:51,7,15,15,0,"fit: 6, efit: 2","fit: 6, efit: 2",,,,0,0,0,0,1,,
2025-12-20 20:00:27,7,15,15,0,"fit: 6, efit: 3","fit: 6, efit: 3",,,,0,0,0,0,1,,
2025-12-20 21:23:31,7,15,15,0,"fit: 6, efit: 2","fit: 6, efit: 2",,,,0,0,0,0,1,,
2025-12-20 21:35:09,7,15,15,0,"fit: 6, efit: 3","fit: 6, efit: 3",,,,0,0,0,0,1,,
2025-12-21 00:00:31,7,15,15,0,"fit: 6, efit: 3","fit: 6, efit: 3",,,,0,0,0,0,1,,
2025-12-21 01:21:31,7,15,15,0,"fit: 6, efit: 4","fit: 6, efit: 4",,,,0,0,0,0,1,,
2025-12-21 10:00:32,7,15,15,0,"fit: 6, efit: 5","fit: 6, efit: 5",,,,0,0,0,0,1,,
2025-12-21 10:05:33,7,15,15,0,"fit: 6, efit: 4","fit: 6, efit: 4",,,,0,0,0,0,1,,
2025-12-21 12:02:18,7,15,15,0,"fit: 6, efit: 3","fit: 6, efit: 3",,,,0,0,0,0,1,,
2025-12-21 12:30:57,7,15,15,0,"fit: 6, efit: 2","fit: 6, efit: 2",,,,0,0,0,0,1,,
2025-12-21 12:47:25,7,15,15,0,"fit: 6, efit: 3","fit: 6, efit: 3",,,,0,0,0,0,1,,
2025-12-21 13:38:58,7,15,15,0,"fit: 6, efit: 4","fit: 6, efit: 4",,,,0,0,0,0,1,,
2025-12-21 14:14:05,7,15,15,0,"fit: 6, efit: 5","fit: 6, efit: 5",,,,0,0,0,0,1,,
2025-12-21 14:51:21,7,15,15,0,"fit: 6, efit: 4","fit: 6, efit: 4",,,,0,0,0,0,1,,
2025-12-21 16:29:33,7,15,15,0,"fit: 6, efit: 3","fit: 6, efit: 3",,,,0,0,0,0,1,,
2025-12-21 20:47:19,7,15,15,0,"fit: 6, efit: 2","fit: 6, efit: 2",,,,0,0,0,0,1,,
2025-12-21 21:03:41,7,15,15,0,"fit: 6, efit: 3","fit: 6, efit: 3",,,,0,0,0,0,1,,
2025-12-21 22:37:37,7,15,15,0,"fit: 6, efit: 2","fit: 6, efit: 2",,,,0,0,0,0,1,,
2025-12-21 22:40:48,7,15,15,0,"fit: 6, efit: 1","fit: 6, efit: 1",,,,0,0,0,0,1,,
2025-12-22 00:01:04,7,15,15,0,"fit: 6, efit: 1","fit: 6, efit: 1",,,,0,0,0,0,1,,
2025-12-22 06:55:11,7,15,15,0,fit: 6,fit: 6,,,,0,0,0,0,1,,
2025-12-22 07:32:35,7,15,15,0,fit: 5,fit: 5,,,,0,0,0,0,1,,
2025-12-22 08:42:49,7,15,15,0,fit: 4,fit: 4,,,,0,0,0,0,1,,
2025-12-22 10:53:16,7,15,15,0,"fit: 4, efit: 1","fit: 4, efit: 1",,,,0,0,0,0,1,,
2025-12-22 11:08:19,7,15,15,0,"fit: 4, efit: 2","fit: 4, efit: 2",,,,0,0,0,0,1,,
2025-12-22 11:23:22,7,15,15,0,"fit: 4, efit: 1","fit: 4, efit: 1",,,,0,0,0,0,1,,
2025-12-22 11:50:57,7,15,15,0,"fit: 4, efit: 2","fit: 4, efit: 2",,,,0,0,0,0,1,,
2025-12-22 12:34:53,7,15,15,0,"fit: 4, efit: 1","fit: 4, efit: 1",,,,0,0,0,0,1,,
2025-12-22 12:53:40,7,15,15,0,fit: 4,fit: 4,,,,0,0,0,0,1,,
2025-12-22 13:09:59,7,15,15,0,fit: 3,fit: 3,,,,0,0,0,0,1,,
2025-12-22 14:06:17,7,15,15,0,"fit: 3, efit: 1","fit: 3, efit: 1",,,,0,0,0,0,1,,
2025-12-22 15:46:32,7,15,15,0,"fit: 3, efit: 2","fit: 3, efit: 1",,,,0,0,0,0,1,,
2025-12-22 15:51:33,7,15,15,0,"fit: 3, efit: 3","fit: 3, efit: 2",,,,0,0,0,0,1,,
2025-12-22 16:01:34,7,15,15,0,"fit: 3, efit: 4","fit: 3, efit: 3",,,,0,0,0,0,1,,
2025-12-22 16:16:37,7,15,15,0,"fit: 3, efit: 3","fit: 3, efit: 2",,,,0,0,0,0,1,,
2025-12-22 16:30:32,7,15,15,0,"fit: 3, efit: 3","fit: 3, efit: 3",,,,0,0,0,0,1,,
2025-12-22 17:09:32,7,15,15,0,"fit: 4, efit: 3","fit: 4, efit: 3",,,,0,0,0,0,1,,
2025-12-22 17:11:45,7,15,15,0,"fit: 4, efit: 2","fit: 4, efit: 2",,,,0,0,0,0,1,,
2025-12-22 18:26:57,7,15,15,0,"fit: 4, efit: 1","fit: 4, efit: 1",,,,0,0,0,0,1,,
2025-12-22 18:54:54,7,15,15,0,"fit: 4, efit: 2","fit: 4, efit: 2",,,,0,0,0,0,1,,
2025-12-22 19:31:02,7,15,15,0,"fit: 4, efit: 1","fit: 4, efit: 1",,,,0,0,0,0,1,,
2025-12-22 19:46:04,7,15,15,0,"fit: 4, efit: 2","fit: 4, efit: 2",,,,0,0,0,0,1,,
2025-12-22 19:51:05,7,15,15,0,"fit: 4, efit: 1","fit: 4, efit: 1",,,,0,0,0,0,1,,
2025-12-22 20:10:09,7,15,15,0,"fit: 5, efit: 1","fit: 5, efit: 1",,,,0,0,0,0,1,,
2025-12-22 23:00:43,7,15,15,0,"fit: 5, efit: 2","fit: 5, efit: 2",,,,0,0,0,0,1,,
2025-12-22 23:40:51,7,15,15,0,"fit: 5, efit: 1","fit: 5, efit: 1",,,,0,0,0,0,1,,
2025-12-23 00:00:55,7,15,15,0,"fit: 5, efit: 1","fit: 5, efit: 1",,,,0,0,0,0,1,,
2025-12-23 09:08:15,7,15,15,0,"fit: 5, efit: 2","fit: 5, efit: 2",,,,0,0,0,0,1,,
2025-12-23 09:12:46,7,15,15,0,"fit: 7, efit: 4","fit: 7, efit: 4",,,,0,0,0,0,1,,
2025-12-23 11:43:16,7,15,15,0,"fit: 7, efit: 3","fit: 7, efit: 3",,,,0,0,0,0,1,,
2025-12-23 12:43:28,7,15,15,0,"fit: 7, efit: 2","fit: 7, efit: 2",,,,0,0,0,0,1,,
2025-12-23 12:53:30,7,15,15,0,"fit: 7, efit: 3","fit: 7, efit: 3",,,,0,0,0,0,1,,
2025-12-23 14:04:54,7,15,15,0,"fit: 7, efit: 4","fit: 7, efit: 4",,,,0,0,0,0,1,,
2025-12-23 14:18:47,7,15,15,0,"fit: 7, efit: 3","fit: 7, efit: 3",,,,0,0,0,0,1,,
2025-12-23 14:33:50,7,15,15,0,"fit: 7, efit: 2","fit: 7, efit: 2",,,,0,0,0,0,1,,
2025-12-23 15:24:00,7,15,15,0,"fit: 7, efit: 1","fit: 7, efit: 1",,,,0,0,0,0,1,,
2025-12-23 15:44:04,7,15,15,0,"fit: 7, efit: 2","fit: 7, efit: 2",,,,0,0,0,0,1,,
2025-12-23 16:14:10,7,15,15,0,"fit: 7, efit: 4","fit: 7, efit: 4",,,,0,0,0,0,1,,
2025-12-23 16:24:12,7,15,15,0,"fit: 7, efit: 3","fit: 7, efit: 3",,,,0,0,0,0,1,,
2025-12-23 17:04:20,7,15,15,0,"fit: 7, efit: 2","fit: 7, efit: 2",,,,0,0,0,0,1,,
2025-12-23 17:24:24,7,15,15,0,"fit: 7, efit: 1","fit: 7, efit: 1",,,,0,0,0,0,1,,
2025-12-23 19:04:44,7,15,15,0,"fit: 7, efit: 2","fit: 7, efit: 2",,,,0,0,0,0,1,,
2025-12-23 20:25:53,7,15,15,0,"fit: 7, efit: 1","fit: 7, efit: 1",,,,0,0,0,0,1,,
2025-12-24 00:00:36,7,15,15,0,"fit: 7, efit: 1","fit: 7, efit: 1",,,,0,0,0,0,1,,
2025-12-24 01:10:48,7,15,15,0,fit: 7,fit: 7,,,,0,0,0,0,1,,
2025-12-24 01:30:51,7,15,15,0,"fit: 7, efit: 1","fit: 7, efit: 1",,,,0,0,0,0,1,,
2025-12-24 08:06:55,7,15,15,0,"fit: 7, efit: 2","fit: 7, efit: 2",,,,0,0,0,0,1,,
2025-12-24 10:27:17,7,15,15,0,fit: 7,fit: 7,,,,0,0,0,0,1,,
2025-12-24 10:57:22,7,15,15,0,"fit: 7, efit: 1","fit: 7, efit: 1",,,,0,0,0,0,1,,
2025-12-24 13:52:50,7,15,15,0,fit: 7,fit: 7,,,,0,0,0,0,1,,
2025-12-24 14:17:54,7,15,15,0,"fit: 6, efit: 1","fit: 6, efit: 1",,,,0,0,0,0,1,,
2025-12-24 15:33:07,7,15,15,0,fit: 6,fit: 6,,,,0,0,0,0,1,,
2025-12-24 16:23:49,7,15,15,0,fit: 5,fit: 5,,,,0,0,0,0,1,,
2025-12-24 17:58:30,7,15,15,0,"fit: 5, efit: 1","fit: 5, efit: 1",,,,0,0,0,0,1,,
2025-12-24 18:28:35,7,15,15,0,fit: 5,fit: 5,,,,0,0,0,0,1,,
2025-12-24 19:53:49,7,15,15,0,"fit: 5, efit: 1","fit: 5, efit: 1",,,,0,0,0,0,1,,
2025-12-24 22:49:17,7,15,15,0,fit: 5,fit: 5,,,,0,0,0,0,1,,
2025-12-25 00:00:25,7,15,15,0,fit: 5,fit: 5,,,,0,0,0,0,1,,
2025-12-25 10:12:27,7,15,15,0,fit: 4,fit: 4,,,,0,0,0,0,1,,
2025-12-25 11:01:39,7,15,15,0,"fit: 4, efit: 1","fit: 4, efit: 1",,,,0,0,0,0,1,,
2025-12-25 11:57:48,7,15,15,0,fit: 4,fit: 4,,,,0,0,0,0,1,,
2025-12-25 12:06:48,7,15,15,0,fit: 3,fit: 3,,,,0,0,0,0,1,,
2025-12-25 12:11:29,7,15,15,0,fit: 2,fit: 2,,,,0,0,0,0,1,,
2025-12-25 12:32:54,7,15,15,0,"fit: 2, efit: 1","fit: 2, efit: 1",,,,0,0,0,0,1,,
2025-12-25 13:31:41,7,15,15,0,"fit: 2, efit: 2","fit: 2, efit: 2",,,,0,0,0,0,1,,
2025-12-25 13:38:07,7,15,15,0,"fit: 3, efit: 3","fit: 3, efit: 3",,,,0,0,0,0,1,,
2025-12-25 13:41:43,7,15,15,0,"fit: 3, efit: 2","fit: 3, efit: 2",,,,0,0,0,0,1,,
2025-12-25 14:11:48,7,15,15,0,"fit: 3, efit: 4","fit: 3, efit: 4",,,,0,0,0,0,1,,
2025-12-25 15:37:02,7,15,15,0,"fit: 3, efit: 3","fit: 3, efit: 3",,,,0,0,0,0,1,,
2025-12-25 15:37:21,7,15,15,0,"fit: 3, efit: 4","fit: 3, efit: 4",,,,0,0,0,0,1,,
2025-12-25 15:38:32,7,15,15,0,"fit: 3, efit: 3","fit: 3, efit: 3",,,,0,0,0,0,1,,
2025-12-25 16:07:07,7,15,15,0,"fit: 3, efit: 2","fit: 3, efit: 2",,,,0,0,0,0,1,,
2025-12-25 16:27:10,7,15,15,0,"fit: 3, efit: 1","fit: 3, efit: 1",,,,0,0,0,0,1,,
2025-12-25 17:23:53,7,15,15,0,"fit: 3, efit: 2","fit: 3, efit: 2",,,,0,0,0,0,1,,
2025-12-25 23:05:02,7,15,15,0,"fit: 3, efit: 1","fit: 3, efit: 1",,,,0,0,0,0,1,,
2025-12-26 00:00:14,7,15,15,0,"fit: 3, efit: 1","fit: 3, efit: 1",,,,0,0,0,0,1,,
2025-12-26 07:54:41,7,15,15,0,"fit: 3, efit: 2","fit: 3, efit: 2",,,,0,0,0,0,1,,
2025-12-26 08:36:59,7,15,15,0,"fit: 3, efit: 1","fit: 3, efit: 1",,,,0,0,0,0,1,,
2025-12-26 10:20:06,7,15,15,0,"fit: 3, efit: 2","fit: 3, efit: 2",,,,0,0,0,0,1,,
2025-12-26 10:25:07,7,15,15,0,"fit: 3, efit: 1","fit: 3, efit: 1",,,,0,0,0,0,1,,
2025-12-26 10:42:24,7,15,15,0,"fit: 3, efit: 2","fit: 3, efit: 2",,,,0,0,0,0,1,,
2025-12-26 12:12:42,7,15,15,0,"fit: 3, efit: 1","fit: 3, efit: 1",,,,0,0,0,0,1,,
2025-12-26 16:06:03,7,15,15,0,fit: 3,fit: 3,,,,0,0,0,0,1,,
2025-12-26 17:33:47,7,15,15,0,"fit: 3, efit: 1","fit: 3, efit: 1",,,,0,0,0,0,1,,
2025-12-26 18:03:53,7,15,15,0,fit: 3,fit: 3,,,,0,0,0,0,1,,
2025-12-26 19:06:25,7,15,15,0,"fit: 3, efit: 1","fit: 3, efit: 1",,,,0,0,0,0,1,,
2025-12-26 19:39:12,7,15,15,0,fit: 2,fit: 2,,,,0,0,0,0,1,,
2025-12-26 20:16:36,7,15,15,0,fit: 1,fit: 1,,,,0,0,0,0,1,,
2025-12-26 20:19:20,7,15,15,0,"fit: 1, efit: 1","fit: 1, efit: 1",,,,0,0,0,0,1,,
2025-12-26 20:29:22,7,15,15,0,"fit: 2, efit: 1","fit: 2, efit: 1",,,,0,0,0,0,1,,
2025-12-26 21:14:31,7,15,15,0,"fit: 2, efit: 2","fit: 2, efit: 2",,,,0,0,0,0,1,,
2025-12-26 22:09:42,7,15,15,0,fit: 2,fit: 2,,,,0,0,0,0,1,,
2025-12-26 22:57:00,7,15,15,0,fit: 1,fit: 1,,,,0,0,0,0,1,,
2025-12-27 00:00:04,7,15,15,0,fit: 1,fit: 1,,,,0,0,0,0,1,,
2025-12-27 12:27:34,7,15,15,0,,,,,,0,0,0,0,1,,
2025-12-27 13:34:12,7,15,15,0,efit: 1,efit: 1,,,,0,0,0,0,1,,
2025-12-27 16:13:19,7,15,15,0,,,,,,0,0,0,0,1,,
2025-12-27 20:25:16,7,15,15,0,efit: 1,efit: 1,,,,0,0,0,0,1,,
2025-12-27 20:55:41,7,15,15,0,efit: 2,efit: 2,,,,0,0,0,0,1,,
2025-12-27 21:00:21,7,15,15,0,efit: 1,efit: 1,,,,0,0,0,0,1,,
2025-12-27 22:44:39,7,15,15,0,efit: 2,efit: 2,,,,0,0,0,0,1,,
2025-12-27 23:49:52,7,15,15,0,efit: 3,efit: 3,,,,0,0,0,0,1,,
2025-12-28 00:00:49,7,15,15,0,efit: 3,efit: 3,,,,0,0,0,0,1,,
2025-12-28 07:46:28,7,15,15,0,efit: 4,efit: 4,,,,0,0,0,0,1,,
2025-12-28 09:01:43,7,15,15,0,efit: 3,efit: 3,,,,0,0,0,0,1,,
2025-12-28 12:52:30,7,15,15,0,efit: 2,efit: 2,,,,0,0,0,0,1,,
2025-12-28 13:07:33,7,15,15,0,efit: 3,efit: 3,,,,0,0,0,0,1,,
2025-12-28 13:37:39,7,15,15,0,efit: 4,efit: 4,,,,0,0,0,0,1,,
2025-12-28 14:22:48,7,15,15,0,efit: 5,efit: 5,,,,0,0,0,0,1,,
2025-12-28 15:43:04,7,15,15,0,efit: 4,efit: 4,,,,0,0,0,0,1,,
2025-12-28 16:38:53,7,15,15,0,efit: 3,efit: 3,,,,0,0,0,0,1,,
2025-12-28 16:48:17,7,15,15,0,efit: 4,efit: 4,,,,0,0,0,0,1,,
2025-12-28 17:03:20,7,15,15,0,efit: 5,efit: 5,,,,0,0,0,0,1,,
2025-12-28 17:58:30,7,15,15,0,"fit: 1, efit: 4","fit: 1, efit: 4",,,,0,0,0,0,1,,
2025-12-28 18:18:33,7,15,15,0,"fit: 1, efit: 5","fit: 1, efit: 5",,,,0,0,0,0,1,,
2025-12-28 18:28:34,7,15,15,0,"fit: 1, efit: 4","fit: 1, efit: 4",,,,0,0,0,0,1,,
2025-12-28 18:58:38,7,15,15,0,"fit: 1, efit: 3","fit: 1, efit: 3",,,,0,0,0,0,1,,
2025-12-28 19:18:41,7,15,15,0,"fit: 1, efit: 4","fit: 1, efit: 4",,,,0,0,0,0,1,,
2025-12-28 21:18:59,7,15,15,0,"fit: 1, efit: 3","fit: 1, efit: 3",,,,0,0,0,0,1,,
2025-12-28 23:19:17,7,15,15,0,"fit: 1, efit: 4","fit: 1, efit: 4",,,,0,0,0,0,1,,
2025-12-29 00:00:07,7,15,15,0,"fit: 1, efit: 4","fit: 1, efit: 4",,,,0,0,0,0,1,,
2025-12-29 04:25:33,7,15,15,0,"fit: 1, efit: 3","fit: 1, efit: 3",,,,0,0,0,0,1,,
2025-12-29 04:30:03,7,15,15,0,"fit: 1, efit: 2","fit: 1, efit: 2",,,,0,0,0,0,1,,
2025-12-29 05:45:49,7,15,15,0,"fit: 1, efit: 1","fit: 1, efit: 1",,,,0,0,0,0,1,,
2025-12-29 07:15:28,7,15,15,0,"fit: 1, efit: 2","fit: 1, efit: 2",,,,0,0,0,0,1,,
2025-12-29 07:55:34,7,15,15,0,"fit: 1, efit: 3","fit: 1, efit: 3",,,,0,0,0,0,1,,
2025-12-29 09:50:51,7,15,15,0,"fit: 1, efit: 2","fit: 1, efit: 2",,,,0,0,0,0,1,,
2025-12-29 10:05:54,7,15,15,0,"fit: 1, efit: 3","fit: 1, efit: 3",,,,0,0,0,0,1,,
2025-12-29 11:46:09,7,15,15,0,"fit: 1, efit: 7","fit: 1, efit: 3",,,,0,0,0,0,1,,
2025-12-29 12:16:14,7,15,15,0,"fit: 1, efit: 7","fit: 1, efit: 4",,,,0,0,0,0,1,,
2025-12-29 12:36:17,7,15,15,0,"fit: 1, efit: 7","fit: 1, efit: 5",,,,0,0,0,0,1,,
2025-12-29 12:46:18,7,15,15,0,"fit: 1, efit: 7","fit: 1, efit: 6",,,,0,0,0,0,1,,
2025-12-29 13:41:26,7,15,15,0,"fit: 1, efit: 6","fit: 1, efit: 5",,,,0,0,0,0,1,,
2025-12-29 14:21:32,7,15,15,0,"fit: 1, efit: 7","fit: 1, efit: 6",,,,0,0,0,0,1,,
2025-12-29 15:25:05,7,15,15,0,"fit: 1, efit: 5","fit: 1, efit: 4",,,,0,0,0,0,1,,
2025-12-29 16:52:48,7,15,15,0,"fit: 1, efit: 4","fit: 1, efit: 3",,,,0,0,0,0,1,,
2025-12-29 17:07:50,7,15,15,0,"fit: 1, efit: 5","fit: 1, efit: 4",,,,0,0,0,0,1,,
2025-12-29 17:35:25,7,15,15,0,"fit: 1, efit: 4","fit: 1, efit: 3",,,,0,0,0,0,1,,
2025-12-29 17:50:28,7,15,15,0,"fit: 1, efit: 5","fit: 1, efit: 4",,,,0,0,0,0,1,,
2025-12-29 18:30:34,7,15,15,0,"fit: 1, efit: 4","fit: 1, efit: 3",,,,0,0,0,0,1,,
2025-12-29 18:55:38,7,15,15,0,"fit: 1, efit: 5","fit: 1, efit: 4",,,,0,0,0,0,1,,
2025-12-30 00:01:24,7,15,15,0,"fit: 1, efit: 5","fit: 1, efit: 4",,,,0,0,0,0,1,,
2025-12-30 00:41:30,7,15,15,0,"fit: 1, efit: 5","fit: 1, efit: 4",efit: 1,,,0,0,0,0,1,,
2025-12-30 07:17:31,7,15,15,0,"fit: 1, efit: 6","fit: 1, efit: 5",efit: 1,,,0,0,0,0,1,,
2025-12-30 07:45:57,7,15,15,0,"fit: 1, efit: 7","fit: 1, efit: 6",efit: 1,,,0,0,0,0,1,,
2025-12-30 08:27:41,7,15,15,0,"fit: 1, efit: 6","fit: 1, efit: 6",,,,0,0,0,0,1,,
2025-12-30 08:30:22,7,15,15,0,"fit: 1, efit: 7","fit: 1, efit: 7",,,,0,0,0,0,1,,
2025-12-30 11:41:44,7,15,15,0,"fit: 1, efit: 6","fit: 1, efit: 6",,,,0,0,0,0,1,,
2025-12-30 12:41:03,7,15,15,0,"fit: 1, efit: 7","fit: 1, efit: 7",,,,0,0,0,0,1,,
2025-12-30 15:01:26,7,15,15,0,"fit: 1, efit: 6","fit: 1, efit: 6",,,,0,0,0,0,1,,
2025-12-30 18:57:04,7,15,15,0,"fit: 1, efit: 5","fit: 1, efit: 5",,,,0,0,0,0,1,,
2025-12-30 22:08:49,7,15,15,0,"fit: 1, efit: 6","fit: 1, efit: 6",,,,0,0,0,0,1,,
2025-12-31 00:00:05,7,15,15,0,"fit: 1, efit: 6","fit: 1, efit: 6",,,,0,0,0,0,1,,
2025-12-31 07:04:01,7,15,15,0,"fit: 1, efit: 5","fit: 1, efit: 5",,,,0,0,0,0,1,,
2025-12-31 11:24:44,7,15,15,0,"fit: 1, efit: 4","fit: 1, efit: 4",,,,0,0,0,0,1,,
2025-12-31 11:41:32,7,15,15,0,"fit: 1, efit: 5","fit: 1, efit: 5",,,,0,0,0,0,1,,
2025-12-31 12:54:59,7,15,15,0,"fit: 1, efit: 4","fit: 1, efit: 4",,,,0,0,0,0,1,,
2025-12-31 13:10:02,7,15,15,0,"fit: 1, efit: 3","fit: 1, efit: 3",,,,0,0,0,0,1,,
2025-12-31 16:00:31,7,15,15,0,"fit: 1, efit: 2","fit: 1, efit: 2",,,,0,0,0,0,1,,
2025-12-31 17:55:50,7,15,15,0,"fit: 1, efit: 1","fit: 1, efit: 1",,,,0,0,0,0,1,,
2025-12-31 18:05:51,7,15,15,0,"fit: 1, efit: 2","fit: 1, efit: 2",,,,0,0,0,0,1,,
2025-12-31 18:32:52,7,15,15,0,"fit: 1, efit: 1","fit: 1, efit: 1",,,,0,0,0,0,1,,
2025-12-31 19:36:06,7,15,15,0,"fit: 1, efit: 2","fit: 1, efit: 2",,,,0,0,0,0,1,,
2025-12-31 21:06:22,7,15,15,0,"fit: 1, efit: 1","fit: 1, efit: 1",,,,0,0,0,0,1,,
2026-01-01 00:01:50,7,15,15,0,"fit: 1, efit: 1","fit: 1, efit: 1",,,,0,0,0,0,1,,
2026-01-01 22:25:30,7,15,15,0,fit: 1,fit: 1,,,,0,0,0,0,1,,
2026-01-02 00:00:46,7,15,15,0,fit: 1,fit: 1,,,,0,0,0,0,1,,
2026-01-02 09:03:45,7,15,15,0,,,,,,0,0,0,0,1,,
2026-01-02 10:17:27,7,15,15,0,efit: 1,efit: 1,,,,0,0,0,0,1,,
2026-01-02 11:39:09,7,15,15,0,,,,,,0,0,0,0,1,,
2026-01-02 17:07:18,7,15,15,0,efit: 1,efit: 1,,,,0,0,0,0,1,,
2026-01-02 18:07:30,7,15,15,0,efit: 2,efit: 2,,,,0,0,0,0,1,,
2026-01-03 00:01:06,7,15,15,0,efit: 2,efit: 2,,,,0,0,0,0,1,,
2026-01-03 07:57:19,7,15,15,0,efit: 2,efit: 1,,,,0,0,0,0,1,,
2026-01-03 08:46:10,7,15,15,0,efit: 3,efit: 2,,,,0,0,0,0,1,,
2026-01-03 08:47:27,7,15,15,0,efit: 6,efit: 4,efit: 1,,,0,0,0,0,1,,
2026-01-03 08:50:29,7,15,15,0,efit: 8,efit: 7,efit: 1,,,0,0,0,0,1,,
2026-01-03 09:45:40,7,15,15,0,efit: 7,efit: 6,efit: 1,,,0,0,0,0,1,,
2026-01-03 09:57:37,7,15,15,0,efit: 7,efit: 6,,,,0,0,0,0,1,,
2026-01-03 10:50:53,7,15,15,0,efit: 7,efit: 6,efit: 1,,,0,0,0,0,1,,
2026-01-03 11:26:36,7,15,15,0,efit: 7,efit: 6,,,,0,0,0,0,1,,
2026-01-03 11:27:51,7,15,15,0,efit: 7,efit: 6,efit: 1,,,0,0,0,0,1,,
2026-01-03 11:31:02,7,15,15,0,efit: 8,efit: 7,,,,0,0,0,0,1,,
2026-01-03 11:32:52,7,15,15,0,efit: 8,efit: 7,efit: 1,,,0,0,0,0,1,,
2026-01-03 11:36:03,7,15,15,0,efit: 8,efit: 7,,,,0,0,0,0,1,,
2026-01-03 11:37:52,7,15,15,0,efit: 8,efit: 7,efit: 1,,,0,0,0,0,1,,
2026-01-03 11:41:04,7,15,15,0,efit: 8,efit: 7,,,,0,0,0,0,1,,
2026-01-03 11:42:53,7,15,15,0,efit: 8,efit: 7,efit: 1,,,0,0,0,0,1,,
2026-01-03 12:31:14,7,15,15,0,efit: 8,efit: 7,,,,0,0,0,0,1,,
2026-01-03 12:33:01,7,15,15,0,efit: 8,efit: 7,efit: 1,,,0,0,0,0,1,,
2026-01-03 12:36:15,7,15,15,0,efit: 8,efit: 7,,,,0,0,0,0,1,,
2026-01-03 12:36:48,7,15,15,0,efit: 8,efit: 7,efit: 1,,,0,0,0,0,1,,
2026-01-03 14:43:21,7,15,15,0,efit: 8,efit: 7,,,,0,0,0,0,1,,
2026-01-03 14:46:41,7,15,15,0,efit: 8,efit: 7,efit: 1,,,0,0,0,0,1,,
2026-01-03 14:48:22,7,15,15,0,efit: 8,efit: 7,,,,0,0,0,0,1,,
2026-01-03 14:51:42,7,15,15,0,efit: 8,efit: 7,efit: 1,,,0,0,0,0,1,,
2026-01-03 14:53:23,7,15,15,0,efit: 8,efit: 7,,,,0,0,0,0,1,,
2026-01-03 14:56:43,7,15,15,0,efit: 8,efit: 7,efit: 1,,,0,0,0,0,1,,
2026-01-03 14:57:10,7,15,15,0,efit: 8,efit: 7,,,,0,0,0,0,1,,
2026-01-03 15:01:44,7,15,15,0,efit: 7,efit: 6,efit: 1,,,0,0,0,0,1,,
2026-01-03 15:13:26,7,15,15,0,efit: 6,efit: 5,efit: 1,,,0,0,0,0,1,,
2026-01-03 15:46:54,7,15,15,0,efit: 6,efit: 5,,,,0,0,0,0,1,,
2026-01-03 15:58:32,7,15,15,0,efit: 6,efit: 5,efit: 1,,,0,0,0,0,1,,
2026-01-03 16:01:56,7,15,15,0,efit: 7,efit: 6,,,,0,0,0,0,1,,
2026-01-03 16:03:33,7,15,15,0,efit: 7,efit: 6,efit: 1,,,0,0,0,0,1,,
2026-01-03 16:52:07,7,15,15,0,efit: 6,efit: 5,,,,0,0,0,0,1,,
2026-01-03 16:53:41,7,15,15,0,efit: 6,efit: 5,efit: 1,,,0,0,0,0,1,,
2026-01-03 16:57:08,7,15,15,0,efit: 6,efit: 5,,,,0,0,0,0,1,,
2026-01-03 16:57:30,7,15,15,0,efit: 6,efit: 5,efit: 1,,,0,0,0,0,1,,
2026-01-03 17:48:49,7,15,15,0,"fit: 1, efit: 6","fit: 1, efit: 5",efit: 1,,,0,0,0,0,1,,
2026-01-03 17:58:51,7,15,15,0,"fit: 1, efit: 6","fit: 1, efit: 5",,,,0,0,0,0,1,,
2026-01-03 18:02:21,7,15,15,0,"fit: 1, efit: 6","fit: 1, efit: 5",efit: 1,,,0,0,0,0,1,,
2026-01-03 18:03:52,7,15,15,0,"fit: 1, efit: 6","fit: 1, efit: 5",,,,0,0,0,0,1,,
2026-01-03 18:07:22,7,15,15,0,"fit: 1, efit: 6","fit: 1, efit: 5",efit: 1,,,0,0,0,0,1,,
2026-01-03 18:08:52,7,15,15,0,"fit: 1, efit: 6","fit: 1, efit: 5",,,,0,0,0,0,1,,
2026-01-03 18:12:23,7,15,15,0,"fit: 1, efit: 6","fit: 1, efit: 5",efit: 1,,,0,0,0,0,1,,
2026-01-03 18:57:32,7,15,15,0,"fit: 1, efit: 6","fit: 1, efit: 5",,,,0,0,0,0,1,,
2026-01-03 19:09:01,7,15,15,0,"fit: 1, efit: 7","fit: 1, efit: 6",efit: 1,,,0,0,0,0,1,,
2026-01-03 19:12:35,7,15,15,0,"fit: 1, efit: 7","fit: 1, efit: 6",,,,0,0,0,0,1,,
2026-01-03 19:14:02,7,15,15,0,"fit: 1, efit: 7","fit: 1, efit: 6",efit: 1,,,0,0,0,0,1,,
2026-01-03 19:59:09,7,15,15,0,"fit: 1, efit: 6","fit: 1, efit: 5",efit: 1,,,0,0,0,0,1,,
2026-01-03 20:02:45,7,15,15,0,"fit: 1, efit: 6","fit: 1, efit: 5",,,,0,0,0,0,1,,
2026-01-03 20:03:01,7,15,15,0,"fit: 1, efit: 6","fit: 1, efit: 5",efit: 1,,,0,0,0,0,1,,
2026-01-03 21:14:21,7,15,15,0,"fit: 1, efit: 6","fit: 1, efit: 5",,,,0,0,0,0,1,,
2026-01-03 21:18:01,7,15,15,0,"fit: 1, efit: 6","fit: 1, efit: 5",efit: 1,,,0,0,0,0,1,,
2026-01-03 21:19:21,7,15,15,0,"fit: 1, efit: 6","fit: 1, efit: 5",,,,0,0,0,0,1,,
2026-01-03 21:23:02,7,15,15,0,"fit: 1, efit: 6","fit: 1, efit: 5",efit: 1,,,0,0,0,0,1,,
2026-01-03 22:09:29,7,15,15,0,"fit: 1, efit: 6","fit: 1, efit: 5",,,,0,0,0,0,1,,
2026-01-03 22:13:12,7,15,15,0,"fit: 1, efit: 6","fit: 1, efit: 5",efit: 1,,,0,0,0,0,1,,
2026-01-03 22:14:30,7,15,15,0,"fit: 1, efit: 6","fit: 1, efit: 5",,,,0,0,0,0,1,,
2026-01-03 22:18:13,7,15,15,0,"fit: 1, efit: 6","fit: 1, efit: 5",efit: 1,,,0,0,0,0,1,,
2026-01-03 22:18:24,7,15,15,0,"fit: 1, efit: 6","fit: 1, efit: 5",,,,0,0,0,0,1,,
2026-01-03 22:23:14,7,15,15,0,"fit: 1, efit: 6","fit: 1, efit: 5",efit: 1,,,0,0,0,0,1,,
2026-01-03 22:23:24,7,15,15,0,"fit: 1, efit: 6","fit: 1, efit: 5",,,,0,0,0,0,1,,
2026-01-03 22:33:16,7,15,15,0,"fit: 1, efit: 6","fit: 1, efit: 5",efit: 1,,,0,0,0,0,1,,
2026-01-03 23:18:25,7,15,15,0,"fit: 1, efit: 6","fit: 1, efit: 5",,,,0,0,0,0,1,,
2026-01-03 23:19:39,7,15,15,0,"fit: 1, efit: 6","fit: 1, efit: 5",efit: 1,,,0,0,0,0,1,,
2026-01-03 23:23:26,7,15,15,0,"fit: 1, efit: 6","fit: 1, efit: 5",,,,0,0,0,0,1,,
2026-01-03 23:24:40,7,15,15,0,"fit: 1, efit: 6","fit: 1, efit: 5",efit: 1,,,0,0,0,0,1,,
2026-01-04 00:03:35,7,15,15,0,"fit: 1, efit: 6","fit: 1, efit: 5",efit: 1,,,0,0,0,0,1,,
2026-01-04 01:40:01,7,15,15,0,"fit: 1, efit: 6","fit: 1, efit: 5",,,,0,0,0,0,1,,
2026-01-04 01:43:55,7,15,15,0,"fit: 1, efit: 6","fit: 1, efit: 5",efit: 1,,,0,0,0,0,1,,
2026-01-04 01:45:01,7,15,15,0,"fit: 1, efit: 6","fit: 1, efit: 5",,,,0,0,0,0,1,,
2026-01-04 01:48:56,7,15,15,0,"fit: 1, efit: 6","fit: 1, efit: 5",efit: 1,,,0,0,0,0,1,,
2026-01-04 02:35:09,7,15,15,0,"fit: 1, efit: 6","fit: 1, efit: 5",,,,0,0,0,0,1,,
2026-01-04 02:39:02,7,15,15,0,"fit: 1, efit: 6","fit: 1, efit: 5",efit: 1,,,0,0,0,0,1,,
2026-01-04 02:40:10,7,15,15,0,"fit: 1, efit: 6","fit: 1, efit: 5",,,,0,0,0,0,1,,
2026-01-04 02:44:02,7,15,15,0,"fit: 1, efit: 6","fit: 1, efit: 5",efit: 1,,,0,0,0,0,1,,
2026-01-04 02:45:11,7,15,15,0,"fit: 1, efit: 6","fit: 1, efit: 5",,,,0,0,0,0,1,,
2026-01-04 02:54:04,7,15,15,0,"fit: 1, efit: 6","fit: 1, efit: 5",efit: 1,,,0,0,0,0,1,,
2026-01-04 03:39:11,7,15,15,0,"fit: 1, efit: 6","fit: 1, efit: 5",,,,0,0,0,0,1,,
2026-01-04 03:40:19,7,15,15,0,"fit: 1, efit: 6","fit: 1, efit: 5",efit: 1,,,0,0,0,0,1,,
2026-01-04 03:44:12,7,15,15,0,"fit: 1, efit: 6","fit: 1, efit: 5",,,,0,0,0,0,1,,
2026-01-04 03:45:20,7,15,15,0,"fit: 1, efit: 6","fit: 1, efit: 5",efit: 1,,,0,0,0,0,1,,
2026-01-04 03:49:13,7,15,15,0,"fit: 1, efit: 6","fit: 1, efit: 5",,,,0,0,0,0,1,,
2026-01-04 03:50:21,7,15,15,0,"fit: 1, efit: 6","fit: 1, efit: 5",efit: 1,,,0,0,0,0,1,,
2026-01-04 03:54:14,7,15,15,0,"fit: 1, efit: 6","fit: 1, efit: 5",,,,0,0,0,0,1,,
2026-01-04 03:55:22,7,15,15,0,"fit: 1, efit: 6","fit: 1, efit: 5",efit: 1,,,0,0,0,0,1,,
2026-01-04 04:44:22,7,15,15,0,"fit: 1, efit: 6","fit: 1, efit: 5",,,,0,0,0,0,1,,
2026-01-04 04:45:29,7,15,15,0,"fit: 1, efit: 6","fit: 1, efit: 5",efit: 1,,,0,0,0,0,1,,
2026-01-04 05:54:33,7,15,15,0,"fit: 1, efit: 6","fit: 1, efit: 4",efit: 1,,,0,0,0,0,1,,
2026-01-04 06:50:48,7,15,15,0,"fit: 1, efit: 6","fit: 1, efit: 4",,,,0,0,0,0,1,,
2026-01-04 06:54:43,7,15,15,0,"fit: 1, efit: 6","fit: 1, efit: 4",efit: 1,,,0,0,0,0,1,,
2026-01-04 06:55:49,7,15,15,0,"fit: 1, efit: 6","fit: 1, efit: 4",,,,0,0,0,0,1,,
2026-01-04 06:59:44,7,15,15,0,"fit: 1, efit: 6","fit: 1, efit: 4",efit: 1,,,0,0,0,0,1,,
2026-01-04 06:59:54,7,15,15,0,"fit: 1, efit: 6","fit: 1, efit: 4",,,,0,0,0,0,1,,
2026-01-04 07:04:45,7,15,15,0,"fit: 1, efit: 6","fit: 1, efit: 4",efit: 1,,,0,0,0,0,1,,
2026-01-04 07:04:55,7,15,15,0,"fit: 1, efit: 6","fit: 1, efit: 4",,,,0,0,0,0,1,,
2026-01-04 07:09:46,7,15,15,0,"fit: 1, efit: 6","fit: 1, efit: 4",efit: 1,,,0,0,0,0,1,,
2026-01-04 07:54:53,7,15,15,0,"fit: 1, efit: 6","fit: 1, efit: 4",,,,0,0,0,0,1,,
2026-01-04 08:06:00,7,15,15,0,"fit: 1, efit: 6","fit: 1, efit: 4",efit: 1,,,0,0,0,0,1,,
2026-01-04 08:09:55,7,15,15,0,"fit: 1, efit: 6","fit: 1, efit: 4",,,,0,0,0,0,1,,
2026-01-04 08:11:01,7,15,15,0,"fit: 1, efit: 6","fit: 1, efit: 4",efit: 1,,,0,0,0,0,1,,
2026-01-04 10:16:20,7,15,15,0,"fit: 1, efit: 6","fit: 1, efit: 4",,,,0,0,0,0,1,,
2026-01-04 10:20:18,7,15,15,0,"fit: 1, efit: 6","fit: 1, efit: 4",efit: 1,,,0,0,0,0,1,,
2026-01-04 11:05:44,7,15,15,0,"fit: 1, efit: 6","fit: 1, efit: 4",,,,0,0,0,0,1,,
2026-01-04 11:25:29,7,15,15,0,"fit: 1, efit: 6","fit: 1, efit: 4",efit: 1,,,0,0,0,0,1,,
2026-01-04 12:10:36,7,15,15,0,"fit: 1, efit: 6","fit: 1, efit: 4",,,,0,0,0,0,1,,
2026-01-04 12:11:38,7,15,15,0,"fit: 1, efit: 6","fit: 1, efit: 4",efit: 1,,,0,0,0,0,1,,
2026-01-04 12:15:37,7,15,15,0,"fit: 1, efit: 6","fit: 1, efit: 4",,,,0,0,0,0,1,,
2026-01-04 12:15:59,7,15,15,0,"fit: 1, efit: 6","fit: 1, efit: 4",efit: 1,,,0,0,0,0,1,,
2026-01-04 12:20:38,7,15,15,0,"fit: 1, efit: 6","fit: 1, efit: 4",,,,0,0,0,0,1,,
2026-01-04 12:21:00,7,15,15,0,"fit: 1, efit: 6","fit: 1, efit: 4",efit: 1,,,0,0,0,0,1,,
2026-01-04 14:25:59,7,15,15,0,"fit: 1, efit: 5","fit: 1, efit: 3",efit: 1,,,0,0,0,0,1,,
2026-01-04 16:26:50,7,15,15,0,"fit: 1, efit: 4","fit: 1, efit: 2",,,,0,0,0,0,1,,
2026-01-04 16:31:20,7,15,15,0,"fit: 1, efit: 4","fit: 1, efit: 2",efit: 1,,,0,0,0,0,1,,
2026-01-04 17:02:23,7,15,15,0,"fit: 1, efit: 4","fit: 1, efit: 2",,,,0,0,0,0,1,,
2026-01-04 17:06:25,7,15,15,0,"fit: 1, efit: 4","fit: 1, efit: 2",efit: 1,,,0,0,0,0,1,,
2026-01-04 17:07:23,7,15,15,0,"fit: 1, efit: 4","fit: 1, efit: 2",,,,0,0,0,0,1,,
2026-01-04 17:11:26,7,15,15,0,"fit: 1, efit: 4","fit: 1, efit: 2",efit: 1,,,0,0,0,0,1,,
2026-01-04 17:57:09,7,15,15,0,"fit: 1, efit: 4","fit: 1, efit: 2",,,,0,0,0,0,1,,
2026-01-04 18:12:34,7,15,15,0,"fit: 1, efit: 4","fit: 1, efit: 2",efit: 1,,,0,0,0,0,1,,
2026-01-04 19:01:44,7,15,15,0,"fit: 1, efit: 4","fit: 1, efit: 2",,,,0,0,0,0,1,,
2026-01-04 19:02:41,7,15,15,0,"fit: 1, efit: 4","fit: 1, efit: 2",efit: 1,,,0,0,0,0,1,,
2026-01-04 19:06:45,7,15,15,0,"fit: 1, efit: 4","fit: 1, efit: 2",,,,0,0,0,0,1,,
2026-01-04 19:07:23,7,15,15,0,"fit: 1, efit: 4","fit: 1, efit: 2",efit: 1,,,0,0,0,0,1,,
2026-01-04 19:11:46,7,15,15,0,"fit: 1, efit: 4","fit: 1, efit: 2",,,,0,0,0,0,1,,
2026-01-04 19:12:24,7,15,15,0,"fit: 1, efit: 4","fit: 1, efit: 2",efit: 1,,,0,0,0,0,1,,
2026-01-04 21:07:05,7,15,15,0,"fit: 1, efit: 3","fit: 1, efit: 1",efit: 1,,,0,0,0,0,1,,
2026-01-04 21:18:01,7,15,15,0,"fit: 1, efit: 3","fit: 1, efit: 1",,,,0,0,0,0,1,,
2026-01-04 21:22:08,7,15,15,0,"fit: 1, efit: 3","fit: 1, efit: 1",efit: 1,,,0,0,0,0,1,,
2026-01-04 21:22:50,7,15,15,0,"fit: 1, efit: 3","fit: 1, efit: 1",,,,0,0,0,0,1,,
2026-01-04 21:27:08,7,15,15,0,"fit: 1, efit: 3","fit: 1, efit: 1",efit: 1,,,0,0,0,0,1,,
2026-01-04 22:12:16,7,15,15,0,"fit: 1, efit: 3","fit: 1, efit: 1",,,,0,0,0,0,1,,
2026-01-04 22:22:17,7,15,15,0,"fit: 1, efit: 3","fit: 1, efit: 1",efit: 1,,,0,0,0,0,1,,
2026-01-04 22:23:02,7,15,15,0,"fit: 1, efit: 3","fit: 1, efit: 1",,,,0,0,0,0,1,,
2026-01-04 22:27:18,7,15,15,0,"fit: 1, efit: 4","fit: 1, efit: 2",efit: 1,,,0,0,0,0,1,,
2026-01-04 22:28:03,7,15,15,0,"fit: 1, efit: 4","fit: 1, efit: 2",,,,0,0,0,0,1,,
2026-01-04 22:32:19,7,15,15,0,"fit: 1, efit: 4","fit: 1, efit: 2",efit: 1,,,0,0,0,0,1,,
2026-01-04 23:17:27,7,15,15,0,"fit: 1, efit: 4","fit: 1, efit: 2",,,,0,0,0,0,1,,
2026-01-04 23:37:30,7,15,15,0,"fit: 1, efit: 4","fit: 1, efit: 2",efit: 1,,,0,0,0,0,1,,
2026-01-04 23:58:22,7,15,15,0,"fit: 1, efit: 4","fit: 1, efit: 2",,,,0,0,0,0,1,,
2026-01-05 00:02:34,7,15,15,0,"fit: 1, efit: 4","fit: 1, efit: 2",efit: 1,,,0,0,0,0,1,,
2026-01-05 00:47:41,7,15,15,0,"fit: 1, efit: 4","fit: 1, efit: 2",,,,0,0,0,0,1,,
2026-01-05 01:07:45,7,15,15,0,"fit: 1, efit: 4","fit: 1, efit: 2",efit: 1,,,0,0,0,0,1,,
2026-01-05 01:52:52,7,15,15,0,"fit: 1, efit: 4","fit: 1, efit: 2",,,,0,0,0,0,1,,
2026-01-05 01:53:41,7,15,15,0,"fit: 1, efit: 4","fit: 1, efit: 2",efit: 1,,,0,0,0,0,1,,
2026-01-05 01:57:53,7,15,15,0,"fit: 1, efit: 4","fit: 1, efit: 2",,,,0,0,0,0,1,,
2026-01-05 01:58:42,7,15,15,0,"fit: 1, efit: 4","fit: 1, efit: 2",efit: 1,,,0,0,0,0,1,,
2026-01-05 02:02:54,7,15,15,0,"fit: 1, efit: 4","fit: 1, efit: 2",,,,0,0,0,0,1,,
2026-01-05 02:03:43,7,15,15,0,"fit: 1, efit: 4","fit: 1, efit: 2",efit: 1,,,0,0,0,0,1,,
2026-01-05 02:32:58,7,15,15,0,"fit: 1, efit: 4","fit: 1, efit: 2",,,,0,0,0,0,1,,
2026-01-05 02:37:59,7,15,15,0,"fit: 1, efit: 4","fit: 1, efit: 2",efit: 1,,,0,0,0,0,1,,
2026-01-05 03:23:07,7,15,15,0,"fit: 1, efit: 4","fit: 1, efit: 2",,,,0,0,0,0,1,,
2026-01-05 03:23:55,7,15,15,0,"fit: 1, efit: 4","fit: 1, efit: 2",efit: 1,,,0,0,0,0,1,,
2026-01-05 05:29:26,7,15,15,0,"fit: 1, efit: 4","fit: 1, efit: 2",,,,0,0,0,0,1,,
2026-01-05 05:33:28,7,15,15,0,"fit: 1, efit: 4","fit: 1, efit: 2",efit: 1,,,0,0,0,0,1,,
2026-01-05 05:39:28,7,15,15,0,"fit: 1, efit: 4","fit: 1, efit: 2",,,,0,0,0,0,1,,
2026-01-05 05:43:29,7,15,15,0,"fit: 1, efit: 4","fit: 1, efit: 2",efit: 1,,,0,0,0,0,1,,
2026-01-05 05:44:29,7,15,15,0,"fit: 1, efit: 4","fit: 1, efit: 2",,,,0,0,0,0,1,,
2026-01-05 05:48:30,7,15,15,0,"fit: 1, efit: 4","fit: 1, efit: 2",efit: 1,,,0,0,0,0,1,,
2026-01-05 06:03:33,7,15,15,0,"fit: 1, efit: 4","fit: 1, efit: 2",efit: 2,,,0,0,0,0,1,,
2026-01-05 06:18:35,7,15,15,0,"fit: 1, efit: 4","fit: 1, efit: 2",efit: 1,,,0,0,0,0,1,,
2026-01-05 06:23:36,7,15,15,0,"fit: 1, efit: 4","fit: 1, efit: 2",efit: 2,,,0,0,0,0,1,,
2026-01-05 06:34:24,7,15,15,0,"fit: 1, efit: 4","fit: 1, efit: 2",efit: 1,,,0,0,0,0,1,,
2026-01-05 06:38:39,7,15,15,0,"fit: 1, efit: 4","fit: 1, efit: 2",efit: 2,,,0,0,0,0,1,,
2026-01-05 06:39:25,7,15,15,0,"fit: 1, efit: 4","fit: 1, efit: 2",efit: 1,,,0,0,0,0,1,,
2026-01-05 06:43:39,7,15,15,0,"fit: 1, efit: 4","fit: 1, efit: 2",efit: 2,,,0,0,0,0,1,,
2026-01-05 06:44:25,7,15,15,0,"fit: 1, efit: 4","fit: 1, efit: 2",efit: 1,,,0,0,0,0,1,,
2026-01-05 06:48:40,7,15,15,0,"fit: 1, efit: 4","fit: 1, efit: 2",efit: 2,,,0,0,0,0,1,,
2026-01-05 06:49:26,7,15,15,0,"fit: 1, efit: 4","fit: 1, efit: 2",efit: 1,,,0,0,0,0,1,,
2026-01-05 06:53:41,7,15,15,0,"fit: 1, efit: 4","fit: 1, efit: 2",efit: 2,,,0,0,0,0,1,,
2026-01-05 07:23:46,7,15,15,0,"fit: 1, efit: 4","fit: 1, efit: 2",efit: 1,,,0,0,0,0,1,,
2026-01-05 07:24:49,7,15,15,0,"fit: 1, efit: 4","fit: 1, efit: 2",efit: 2,,,0,0,0,0,1,,
2026-01-05 07:29:50,7,15,15,0,"fit: 1, efit: 3","fit: 1, efit: 1",efit: 2,,,0,0,0,0,1,,
2026-01-05 07:38:48,7,15,15,0,"fit: 1, efit: 3","fit: 1, efit: 1",efit: 1,,,0,0,0,0,1,,
2026-01-05 07:39:52,7,15,15,0,"fit: 1, efit: 3","fit: 1, efit: 1",efit: 2,,,0,0,0,0,1,,
2026-01-05 07:43:49,7,15,15,0,"fit: 1, efit: 3","fit: 1, efit: 1",efit: 1,,,0,0,0,0,1,,
2026-01-05 07:44:35,7,15,15,0,"fit: 1, efit: 3","fit: 1, efit: 1",efit: 2,,,0,0,0,0,1,,
2026-01-05 07:48:50,7,15,15,0,"fit: 1, efit: 3","fit: 1, efit: 1",efit: 1,,,0,0,0,0,1,,
2026-01-05 07:49:35,7,15,15,0,"fit: 1, efit: 3","fit: 1, efit: 1",efit: 2,,,0,0,0,0,1,,
2026-01-05 07:53:51,7,15,15,0,"fit: 1, efit: 3","fit: 1, efit: 1",efit: 1,,,0,0,0,0,1,,
2026-01-05 07:54:36,7,15,15,0,"fit: 1, efit: 3","fit: 1, efit: 1",efit: 2,,,0,0,0,0,1,,
2026-01-05 08:20:01,7,15,15,0,"fit: 1, efit: 3","fit: 1, efit: 1",efit: 1,,,0,0,0,0,1,,
2026-01-05 08:23:56,7,15,15,0,"fit: 1, efit: 3","fit: 1, efit: 1",efit: 2,,,0,0,0,0,1,,
2026-01-05 08:29:42,7,15,15,0,"fit: 1, efit: 3","fit: 1, efit: 1",efit: 1,,,0,0,0,0,1,,
2026-01-05 08:33:57,7,15,15,0,"fit: 1, efit: 3","fit: 1, efit: 1",efit: 2,,,0,0,0,0,1,,
2026-01-05 08:34:42,7,15,15,0,"fit: 1, efit: 3","fit: 1, efit: 1",efit: 1,,,0,0,0,0,1,,
2026-01-05 08:49:00,7,15,15,0,"fit: 1, efit: 3","fit: 1, efit: 1",efit: 2,,,0,0,0,0,1,,
2026-01-05 08:54:01,7,15,15,0,"fit: 1, efit: 2",fit: 1,efit: 2,,,0,0,0,0,1,,
2026-01-05 09:09:04,7,15,15,0,"fit: 1, efit: 2",fit: 1,efit: 1,,,0,0,0,0,1,,
2026-01-05 09:10:12,7,15,15,0,"fit: 1, efit: 2",fit: 1,efit: 2,,,0,0,0,0,1,,
2026-01-05 09:14:04,7,15,15,0,"fit: 1, efit: 2",fit: 1,efit: 1,,,0,0,0,0,1,,
2026-01-05 09:15:12,7,15,15,0,"fit: 1, efit: 2",fit: 1,efit: 2,,,0,0,0,0,1,,
2026-01-05 09:19:05,7,15,15,0,"fit: 1, efit: 2",fit: 1,efit: 1,,,0,0,0,0,1,,
2026-01-05 09:25:14,7,15,15,0,"fit: 1, efit: 2",fit: 1,efit: 2,,,0,0,0,0,1,,
2026-01-05 09:34:08,7,15,15,0,"fit: 1, efit: 2",fit: 1,efit: 1,,,0,0,0,0,1,,
2026-01-05 10:14:14,7,15,15,0,"fit: 1, efit: 2",fit: 1,,,,0,0,0,0,1,,
2026-01-05 10:14:58,7,15,15,0,"fit: 1, efit: 2",fit: 1,efit: 1,,,0,0,0,0,1,,
2026-01-05 10:39:19,7,15,15,0,"fit: 1, efit: 2",fit: 1,,,,0,0,0,0,1,,
2026-01-05 10:44:20,7,15,15,0,"fit: 1, efit: 2",fit: 1,efit: 1,,,0,0,0,0,1,,
2026-01-05 11:00:06,7,15,15,0,"fit: 1, efit: 2","fit: 1, efit: 1",efit: 1,,,0,0,0,0,1,,
2026-01-05 11:05:35,7,15,15,0,"fit: 1, efit: 2","fit: 1, efit: 1",,,,0,0,0,0,1,,
2026-01-05 11:09:24,7,15,15,0,"fit: 1, efit: 2","fit: 1, efit: 1",efit: 1,,,0,0,0,0,1,,
2026-01-05 11:34:28,7,15,15,0,"fit: 1, efit: 2","fit: 1, efit: 1",,,,0,0,0,0,1,,
2026-01-05 11:54:31,7,15,15,0,"fit: 1, efit: 3","fit: 1, efit: 1",,,,0,0,0,0,1,,
2026-01-05 12:25:52,7,15,15,0,"fit: 1, efit: 2",fit: 1,,,,0,0,0,0,1,,
2026-01-05 12:29:37,7,15,15,0,"fit: 1, efit: 3","fit: 1, efit: 1",,,,0,0,0,0,1,,
2026-01-05 12:30:53,7,15,15,0,"fit: 1, efit: 2","fit: 1, efit: 1",,,,0,0,0,0,1,,
2026-01-05 12:35:21,7,15,15,0,"fit: 1, efit: 2","fit: 1, efit: 2",,,,0,0,0,0,1,,
2026-01-05 13:49:51,7,15,15,0,"fit: 1, efit: 1","fit: 1, efit: 1",,,,0,0,0,0,1,,
2026-01-05 14:24:57,7,15,15,0,"fit: 1, efit: 2","fit: 1, efit: 2",,,,0,0,0,0,1,,
2026-01-05 16:20:57,7,15,15,0,"fit: 1, efit: 1","fit: 1, efit: 1",,,,0,0,0,0,1,,
2026-01-05 16:46:45,7,15,15,0,"fit: 1, efit: 2","fit: 1, efit: 2",,,,0,0,0,0,1,,
2026-01-05 17:30:29,7,15,15,0,"fit: 1, efit: 1","fit: 1, efit: 1",,,,0,0,0,0,1,,
2026-01-05 17:51:59,7,15,15,0,"fit: 1, efit: 2","fit: 1, efit: 2",,,,0,0,0,0,1,,
2026-01-05 18:00:33,7,15,15,0,"fit: 1, efit: 1","fit: 1, efit: 1",,,,0,0,0,0,1,,
2026-01-05 19:07:15,7,15,15,0,fit: 1,fit: 1,,,,0,0,0,0,1,,
2026-01-05 19:25:48,7,15,15,0,"fit: 1, efit: 1","fit: 1, efit: 1",,,,0,0,0,0,1,,
2026-01-05 19:37:21,7,15,15,0,"fit: 1, efit: 2","fit: 1, efit: 2",,,,0,0,0,0,1,,
2026-01-05 21:06:41,7,15,15,0,"fit: 1, efit: 1","fit: 1, efit: 1",,,,0,0,0,0,1,,
2026-01-05 22:41:20,7,15,15,0,fit: 1,fit: 1,,,,0,0,0,0,1,,
2026-01-06 00:01:33,7,15,15,0,fit: 1,fit: 1,,,,0,0,0,0,1,,
2026-01-06 08:29:58,7,15,15,0,,,,,,0,0,0,0,1,,
2026-01-06 08:32:57,7,15,15,0,efit: 4,efit: 4,,,,0,0,0,0,1,,
2026-01-06 08:34:59,7,15,15,0,efit: 6,efit: 6,,,,0,0,0,0,1,,
2026-01-06 08:45:01,7,15,15,0,efit: 5,efit: 5,,,,0,0,0,0,1,,
2026-01-06 08:48:00,7,15,15,0,efit: 4,efit: 4,,,,0,0,0,0,1,,
2026-01-06 09:15:08,7,15,15,0,efit: 5,efit: 5,,,,0,0,0,0,1,,
2026-01-06 09:23:06,7,15,15,0,efit: 4,efit: 4,,,,0,0,0,0,1,,
2026-01-06 09:40:13,7,15,15,0,efit: 5,efit: 5,,,,0,0,0,0,1,,
2026-01-06 11:35:36,7,15,15,0,efit: 4,efit: 4,,,,0,0,0,0,1,,
2026-01-06 12:13:34,7,15,15,0,efit: 3,efit: 3,,,,0,0,0,0,1,,
2026-01-06 12:53:41,7,15,15,0,efit: 2,efit: 2,,,,0,0,0,0,1,,
2026-01-06 13:15:57,7,15,15,0,efit: 3,efit: 3,,,,0,0,0,0,1,,
2026-01-06 13:38:48,7,15,15,0,efit: 4,efit: 4,,,,0,0,0,0,1,,
2026-01-06 15:09:03,7,15,15,0,efit: 3,efit: 3,,,,0,0,0,0,1,,
2026-01-06 15:26:23,7,15,15,0,"fit: 1, efit: 5","fit: 1, efit: 4",,,,0,0,0,0,1,,
2026-01-06 16:14:14,7,15,15,0,"fit: 1, efit: 5","fit: 1, efit: 5",,,,0,0,0,0,1,,
2026-01-06 16:19:15,7,15,15,0,"fit: 1, efit: 6","fit: 1, efit: 6",,,,0,0,0,0,1,,
2026-01-06 16:36:38,7,15,15,0,"fit: 1, efit: 7","fit: 1, efit: 7",,,,0,0,0,0,1,,
2026-01-06 16:39:18,7,15,15,0,"fit: 1, efit: 6","fit: 1, efit: 6",,,,0,0,0,0,1,,
2026-01-06 16:54:21,7,15,15,0,"fit: 1, efit: 7","fit: 1, efit: 7",,,,0,0,0,0,1,,
2026-01-06 17:14:24,7,15,15,0,"fit: 1, efit: 8","fit: 1, efit: 8",,,,0,0,0,0,1,,
2026-01-06 18:29:37,7,15,15,0,"fit: 1, efit: 9","fit: 1, efit: 9",,,,0,0,0,0,1,,
2026-01-06 18:47:04,7,15,15,0,"fit: 2, efit: 9","fit: 2, efit: 9",,,,0,0,0,0,1,,
2026-01-06 18:55:05,7,15,15,0,"fit: 3, efit: 9","fit: 3, efit: 9",,,,0,0,0,0,1,,
2026-01-06 20:07:20,7,15,15,0,"fit: 4, efit: 9","fit: 4, efit: 9",,,,0,0,0,0,1,,
2026-01-06 20:09:53,7,15,15,0,"fit: 4, efit: 8","fit: 4, efit: 8",,,,0,0,0,0,1,,
2026-01-06 21:15:27,7,15,15,0,"fit: 4, efit: 9","fit: 4, efit: 9",,,,0,0,0,0,1,,
2026-01-06 21:17:34,7,15,15,0,"fit: 4, efit: 8","fit: 4, efit: 8",,,,0,0,0,0,1,,
2026-01-06 22:47:52,7,15,15,0,"fit: 4, efit: 7","fit: 4, efit: 7",,,,0,0,0,0,1,,
2026-01-06 23:58:07,7,15,15,0,"fit: 4, efit: 6","fit: 4, efit: 6",,,,0,0,0,0,1,,
2026-01-07 00:00:32,7,15,15,0,"fit: 4, efit: 6","fit: 4, efit: 6",,,,0,0,0,0,1,,
2026-01-07 07:14:35,7,15,15,0,"fit: 4, efit: 7","fit: 4, efit: 7",,,,0,0,0,0,1,,
2026-01-07 08:59:55,7,15,15,0,"fit: 4, efit: 6","fit: 4, efit: 6",,,,0,0,0,0,1,,
2026-01-07 09:09:57,7,15,15,0,"fit: 4, efit: 5","fit: 4, efit: 5",,,,0,0,0,0,1,,
2026-01-07 10:25:12,7,15,15,0,"fit: 4, efit: 4","fit: 4, efit: 4",,,,0,0,0,0,1,,
2026-01-07 11:27:25,7,15,15,0,"fit: 4, efit: 3","fit: 4, efit: 3",,,,0,0,0,0,1,,
2026-01-07 14:15:59,7,15,15,0,"fit: 4, efit: 2","fit: 4, efit: 2",,,,0,0,0,0,1,,
2026-01-07 14:17:53,7,15,15,0,"fit: 4, efit: 1","fit: 4, efit: 1",,,,0,0,0,0,1,,
2026-01-07 14:26:01,7,15,15,0,fit: 4,fit: 4,,,,0,0,0,0,1,,
2026-01-07 15:16:12,7,15,15,0,fit: 3,fit: 3,,,,0,0,0,0,1,,
2026-01-07 15:26:14,7,15,15,0,fit: 2,fit: 2,,,,0,0,0,0,1,,
2026-01-07 16:11:24,7,15,15,0,"fit: 2, efit: 1","fit: 2, efit: 1",,,,0,0,0,0,1,,
2026-01-07 16:23:25,7,15,15,0,fit: 2,fit: 2,,,,0,0,0,0,1,,
2026-01-07 17:33:25,7,15,15,0,fit: 1,fit: 1,,,,0,0,0,0,1,,
2026-01-07 17:53:29,7,15,15,0,"fit: 1, efit: 1","fit: 1, efit: 1",,,,0,0,0,0,1,,
2026-01-07 17:56:45,7,15,15,0,"fit: 1, efit: 2","fit: 1, efit: 2",,,,0,0,0,0,1,,
2026-01-07 17:58:30,7,15,15,0,"fit: 1, efit: 3","fit: 1, efit: 3",,,,0,0,0,0,1,,
2026-01-07 18:21:50,7,15,15,0,"fit: 1, efit: 4","fit: 1, efit: 4",,,,0,0,0,0,1,,
2026-01-07 18:46:55,7,15,15,0,"fit: 1, efit: 2","fit: 1, efit: 2",,,,0,0,0,0,1,,
2026-01-07 18:48:38,7,15,15,0,"fit: 1, efit: 3","fit: 1, efit: 3",,,,0,0,0,0,1,,
2026-01-07 19:12:00,7,15,15,0,"fit: 1, efit: 4","fit: 1, efit: 4",,,,0,0,0,0,1,,
2026-01-07 20:12:12,7,15,15,0,"fit: 1, efit: 5","fit: 1, efit: 5",,,,0,0,0,0,1,,
2026-01-07 20:52:20,7,15,15,0,"fit: 1, efit: 4","fit: 1, efit: 4",,,,0,0,0,0,1,,
2026-01-07 22:44:16,7,15,15,0,"fit: 1, efit: 3","fit: 1, efit: 3",,,,0,0,0,0,1,,
2026-01-07 23:52:57,7,15,15,0,"fit: 2, efit: 3","fit: 2, efit: 3",,,,0,0,0,0,1,,
2026-01-08 00:02:59,7,15,15,0,"fit: 2, efit: 3","fit: 2, efit: 3",,,,0,0,0,0,1,,
2026-01-08 00:23:03,7,15,15,0,"fit: 2, efit: 2","fit: 2, efit: 2",,,,0,0,0,0,1,,
2026-01-08 02:23:27,7,15,15,0,"fit: 2, efit: 3","fit: 2, efit: 3",,,,0,0,0,0,1,,
2026-01-08 07:59:36,7,15,15,0,"fit: 2, efit: 4","fit: 2, efit: 4",,,,0,0,0,0,1,,
2026-01-08 08:24:41,7,15,15,0,"fit: 2, efit: 3","fit: 2, efit: 3",,,,0,0,0,0,1,,
2026-01-08 08:59:48,7,15,15,0,"fit: 2, efit: 2","fit: 2, efit: 2",,,,0,0,0,0,1,,
2026-01-08 09:24:53,7,15,15,0,"fit: 2, efit: 1","fit: 2, efit: 1",,,,0,0,0,0,1,,
2026-01-08 09:34:55,7,15,15,0,fit: 2,fit: 2,,,,0,0,0,0,1,,
2026-01-08 12:05:27,7,15,15,0,fit: 1,fit: 1,,,,0,0,0,0,1,,
2026-01-08 12:16:20,7,15,15,0,fit: 2,fit: 2,,,,0,0,0,0,1,,
2026-01-08 12:50:36,7,15,15,0,"fit: 2, efit: 1","fit: 2, efit: 1",,,,0,0,0,0,1,,
2026-01-08 13:35:45,7,15,15,0,fit: 2,fit: 2,,,,0,0,0,0,1,,
2026-01-08 13:45:47,7,15,15,0,"fit: 2, efit: 1","fit: 2, efit: 1",,,,0,0,0,0,1,,
2026-01-08 13:55:49,7,15,15,0,fit: 2,fit: 2,,,,0,0,0,0,1,,
2026-01-08 14:20:55,7,15,15,0,"fit: 2, efit: 1","fit: 2, efit: 1",,,,0,0,0,0,1,,
2026-01-08 14:35:58,7,15,15,0,fit: 1,fit: 1,,,,0,0,0,0,1,,
2026-01-08 14:46:43,7,15,15,0,"fit: 1, efit: 1","fit: 1, efit: 1",,,,0,0,0,0,1,,
2026-01-08 15:51:13,7,15,15,0,"fit: 1, efit: 2","fit: 1, efit: 2",,,,0,0,0,0,1,,
2026-01-08 16:01:15,7,15,15,0,"fit: 1, efit: 3","fit: 1, efit: 3",,,,0,0,0,0,1,,
2026-01-08 16:21:19,7,15,15,0,"fit: 1, efit: 2","fit: 1, efit: 2",,,,0,0,0,0,1,,
2026-01-08 16:46:25,7,15,15,0,efit: 1,efit: 1,,,,0,0,0,0,1,,
2026-01-08 16:47:02,7,15,15,0,,,,,,0,0,0,0,1,,
2026-01-08 16:52:03,7,15,15,0,efit: 1,efit: 1,,,,0,0,0,0,1,,
2026-01-08 17:06:29,7,15,15,0,,,,,,0,0,0,0,1,,
2026-01-08 17:11:30,7,15,15,0,efit: 1,efit: 1,,,,0,0,0,0,1,,
2026-01-08 17:46:37,7,15,15,0,efit: 2,efit: 2,,,,0,0,0,0,1,,
2026-01-08 20:17:08,7,15,15,0,efit: 1,efit: 1,,,,0,0,0,0,1,,
2026-01-08 20:32:11,7,15,15,0,efit: 2,efit: 2,,,,0,0,0,0,1,,
2026-01-08 21:12:19,7,15,15,0,efit: 4,efit: 4,,,,0,0,0,0,1,,
2026-01-08 21:37:24,7,15,15,0,efit: 3,efit: 3,,,,0,0,0,0,1,,
2026-01-08 22:12:31,7,15,15,0,efit: 4,efit: 4,,,,0,0,0,0,1,,
2026-01-08 22:47:58,7,15,15,0,efit: 3,efit: 3,,,,0,0,0,0,1,,
2026-01-08 22:52:39,7,15,15,0,efit: 2,efit: 2,,,,0,0,0,0,1,,
2026-01-08 23:07:42,7,15,15,0,efit: 3,efit: 3,,,,0,0,0,0,1,,
2026-01-08 23:37:49,7,15,15,0,efit: 2,efit: 2,,,,0,0,0,0,1,,
2026-01-09 00:02:54,7,15,15,0,efit: 2,efit: 2,,,,0,0,0,0,1,,
2026-01-09 07:14:12,7,15,15,0,efit: 3,efit: 3,,,,0,0,0,0,1,,
2026-01-09 07:39:16,7,15,15,0,efit: 2,efit: 2,,,,0,0,0,0,1,,
2026-01-09 09:09:30,7,15,15,0,efit: 1,efit: 1,,,,0,0,0,0,1,,
2026-01-09 09:24:32,7,15,15,0,efit: 2,efit: 2,,,,0,0,0,0,1,,
2026-01-09 10:19:40,7,15,15,0,efit: 1,efit: 1,,,,0,0,0,0,1,,
2026-01-09 10:49:46,7,15,15,0,"fit: 3, efit: 2","fit: 3, efit: 2",,,,0,0,0,0,1,,
2026-01-09 10:54:47,7,15,15,0,"fit: 3, efit: 3","fit: 3, efit: 3",,,,0,0,0,0,1,,
2026-01-09 11:14:50,7,15,15,0,"fit: 3, efit: 4","fit: 3, efit: 4",,,,0,0,0,0,1,,
2026-01-09 11:39:54,7,15,15,0,"fit: 3, efit: 5","fit: 3, efit: 5",,,,0,0,0,0,1,,
2026-01-09 14:05:17,7,15,15,0,"fit: 3, efit: 6","fit: 3, efit: 6",,,,0,0,0,0,1,,
2026-01-09 14:30:21,7,15,15,0,"fit: 3, efit: 7","fit: 3, efit: 7",,,,0,0,0,0,1,,
2026-01-09 15:00:26,7,15,15,0,"fit: 3, efit: 5","fit: 3, efit: 5",,,,0,0,0,0,1,,
2026-01-09 15:05:45,7,15,15,0,"fit: 3, efit: 4","fit: 3, efit: 4",,,,0,0,0,0,1,,
2026-01-09 15:20:29,7,15,15,0,"fit: 3, efit: 5","fit: 3, efit: 5",,,,0,0,0,0,1,,
2026-01-09 16:20:38,7,15,15,0,"fit: 3, efit: 3","fit: 3, efit: 3",,,,0,0,0,0,1,,
2026-01-09 16:25:39,7,15,15,0,"fit: 3, efit: 4","fit: 3, efit: 4",,,,0,0,0,0,1,,
2026-01-09 16:50:43,7,15,15,0,"fit: 3, efit: 3","fit: 3, efit: 3",,,,0,0,0,0,1,,
2026-01-09 17:00:45,7,15,15,0,"fit: 3, efit: 1","fit: 3, efit: 1",,,,0,0,0,0,1,,
2026-01-09 17:10:46,7,15,15,0,fit: 3,fit: 3,,,,0,0,0,0,1,,
2026-01-09 17:31:10,7,15,15,0,"fit: 3, efit: 1","fit: 3, efit: 1",,,,0,0,0,0,1,,
2026-01-09 17:35:50,7,15,15,0,"fit: 4, efit: 1","fit: 4, efit: 1",,,,0,0,0,0,1,,
2026-01-09 17:50:52,7,15,15,0,"fit: 4, efit: 2","fit: 4, efit: 2",,,,0,0,0,0,1,,
2026-01-09 17:55:53,7,15,15,0,"fit: 4, efit: 1","fit: 4, efit: 1",,,,0,0,0,0,1,,
2026-01-09 18:20:57,7,15,15,0,"fit: 4, efit: 2","fit: 4, efit: 2",,,,0,0,0,0,1,,
2026-01-09 18:35:59,7,15,15,0,"fit: 4, efit: 3","fit: 4, efit: 3",,,,0,0,0,0,1,,
2026-01-09 18:41:00,7,15,15,0,"fit: 4, efit: 4","fit: 4, efit: 4",,,,0,0,0,0,1,,
2026-01-09 19:11:05,7,15,15,0,"fit: 4, efit: 5","fit: 4, efit: 5",,,,0,0,0,0,1,,
2026-01-09 19:36:09,7,15,15,0,"fit: 4, efit: 6","fit: 4, efit: 6",,,,0,0,0,0,1,,
2026-01-09 20:16:16,7,15,15,0,"fit: 4, efit: 8","fit: 4, efit: 8",,,,0,0,0,0,1,,
2026-01-09 20:31:18,7,15,15,0,"fit: 4, efit: 9","fit: 4, efit: 9",,,,0,0,0,0,1,,
2026-01-09 20:41:43,7,15,15,0,"fit: 4, efit: 10","fit: 4, efit: 10",,,,0,0,0,0,1,,
2026-01-09 21:06:47,7,15,15,0,"fit: 4, efit: 11","fit: 4, efit: 11",,,,0,0,0,0,1,,
2026-01-10 00:01:50,7,15,15,0,"fit: 4, efit: 11","fit: 4, efit: 11",,,,0,0,0,0,1,,
2026-01-10 08:43:10,7,15,15,0,"fit: 4, efit: 5","fit: 4, efit: 5",,,,0,0,0,0,1,,
2026-01-10 10:13:24,7,15,15,0,"fit: 4, efit: 6","fit: 4, efit: 6",,,,0,0,0,0,1,,
2026-01-10 12:35:12,7,15,15,0,"fit: 4, efit: 5","fit: 4, efit: 5",,,,0,0,0,0,1,,
2026-01-10 13:43:56,7,15,15,0,"fit: 4, efit: 5","fit: 4, efit: 4",efit: 1,,,0,0,0,0,1,,
2026-01-10 14:03:59,7,15,15,0,"fit: 3, efit: 5","fit: 3, efit: 4",efit: 1,,,0,0,0,0,1,,
2026-01-10 14:04:32,7,15,15,0,"fit: 3, efit: 4","fit: 3, efit: 3",efit: 1,,,0,0,0,0,1,,
2026-01-10 14:29:03,7,15,15,0,"fit: 3, efit: 4","fit: 3, efit: 4",,,,0,0,0,0,1,,
2026-01-10 14:30:35,7,15,15,0,"fit: 3, efit: 3","fit: 3, efit: 3",,,,0,0,0,0,1,,
2026-01-10 17:19:29,7,15,15,0,"fit: 3, efit: 2","fit: 3, efit: 2",,,,0,0,0,0,1,,
2026-01-10 17:44:33,7,15,15,0,"fit: 4, efit: 3","fit: 4, efit: 3",,,,0,0,0,0,1,,
2026-01-10 19:50:30,7,15,15,0,"fit: 4, efit: 4","fit: 4, efit: 4",,,,0,0,0,0,1,,
2026-01-10 20:04:54,7,15,15,0,"fit: 4, efit: 3","fit: 4, efit: 3",,,,0,0,0,0,1,,
2026-01-10 20:15:34,7,15,15,0,"fit: 4, efit: 2","fit: 4, efit: 2",,,,0,0,0,0,1,,
2026-01-11 00:00:31,7,15,15,0,"fit: 4, efit: 2","fit: 4, efit: 2",,,,0,0,0,0,1,,
2026-01-11 00:15:33,7,15,15,0,"fit: 4, efit: 3","fit: 4, efit: 3",,,,0,0,0,0,1,,
2026-01-11 03:51:07,7,15,15,0,"fit: 4, efit: 4","fit: 4, efit: 4",,,,0,0,0,0,1,,
2026-01-11 06:47:17,7,15,15,0,"fit: 4, efit: 5","fit: 4, efit: 5",,,,0,0,0,0,1,,
2026-01-11 07:16:37,7,15,15,0,"fit: 4, efit: 4","fit: 4, efit: 4",,,,0,0,0,0,1,,
2026-01-11 11:49:51,7,15,15,0,"fit: 4, efit: 3","fit: 4, efit: 3",,,,0,0,0,0,1,,
2026-01-11 12:17:24,7,15,15,0,"fit: 4, efit: 2","fit: 4, efit: 2",,,,0,0,0,0,1,,
2026-01-11 12:32:26,7,15,15,0,"fit: 4, efit: 1","fit: 4, efit: 1",,,,0,0,0,0,1,,
2026-01-11 13:50:16,7,15,15,0,"fit: 4, efit: 2","fit: 4, efit: 2",,,,0,0,0,0,1,,
2026-01-11 14:02:40,7,15,15,0,"fit: 4, efit: 3","fit: 4, efit: 3",,,,0,0,0,0,1,,
2026-01-11 14:22:43,7,15,15,0,"fit: 4, efit: 4","fit: 4, efit: 4",,,,0,0,0,0,1,,
2026-01-11 14:52:47,7,15,15,0,"fit: 4, efit: 3","fit: 4, efit: 3",,,,0,0,0,0,1,,
2026-01-11 14:55:29,7,15,15,0,"fit: 4, efit: 2","fit: 4, efit: 2",,,,0,0,0,0,1,,
2026-01-11 15:13:40,7,15,15,0,"fit: 4, efit: 3","fit: 4, efit: 3",,,,0,0,0,0,1,,
2026-01-11 15:37:54,7,15,15,0,"fit: 4, efit: 2","fit: 4, efit: 2",,,,0,0,0,0,1,,
2026-01-11 20:09:28,7,15,15,0,"fit: 4, efit: 1","fit: 4, efit: 1",,,,0,0,0,0,1,,
2026-01-11 22:09:48,7,15,15,0,"fit: 4, efit: 2","fit: 4, efit: 2",,,,0,0,0,0,1,,
2026-01-11 22:38:59,7,15,15,0,"fit: 4, efit: 3","fit: 4, efit: 2",,,,0,0,0,0,1,,
2026-01-11 23:12:09,7,15,15,0,"fit: 4, efit: 3","fit: 4, efit: 3",,,,0,0,0,0,1,,
2026-01-12 00:00:07,7,15,15,0,"fit: 4, efit: 3","fit: 4, efit: 3",,,,0,0,0,0,1,,
2026-01-12 07:10:18,7,15,15,0,"fit: 4, efit: 2","fit: 4, efit: 2",,,,0,0,0,0,1,,
2026-01-12 07:13:47,7,15,15,0,"fit: 4, efit: 1","fit: 4, efit: 1",,,,0,0,0,0,1,,
2026-01-12 07:18:48,7,15,15,0,"fit: 4, efit: 2","fit: 4, efit: 2",,,,0,0,0,0,1,,
2026-01-12 08:03:58,7,15,15,0,"fit: 4, efit: 1","fit: 4, efit: 1",,,,0,0,0,0,1,,
2026-01-12 08:16:28,7,15,15,0,fit: 4,fit: 4,,,,0,0,0,0,1,,
2026-01-12 08:34:04,7,15,15,0,"fit: 4, efit: 1","fit: 4, efit: 1",,,,0,0,0,0,1,,
2026-01-12 09:45:43,7,15,15,0,fit: 4,fit: 4,,,,0,0,0,0,1,,
2026-01-12 10:20:48,7,15,15,0,fit: 3,fit: 3,,,,0,0,0,0,1,,
2026-01-12 10:45:52,7,15,15,0,"fit: 3, efit: 1","fit: 3, efit: 1",,,,0,0,0,0,1,,
2026-01-12 11:49:44,7,15,15,0,fit: 3,fit: 3,,,,0,0,0,0,1,,
2026-01-12 15:57:45,7,15,15,0,"fit: 3, efit: 1","fit: 3, efit: 1",,,,0,0,0,0,1,,
2026-01-12 16:01:42,7,15,15,0,"fit: 3, efit: 3","fit: 3, efit: 2",,,,0,0,0,0,1,,
2026-01-12 16:20:40,7,15,15,0,"fit: 3, efit: 3","fit: 3, efit: 3",,,,0,0,0,0,1,,
2026-01-12 16:45:45,7,15,15,0,"fit: 3, efit: 2","fit: 3, efit: 2",,,,0,0,0,0,1,,
2026-01-12 17:00:48,7,15,15,0,"fit: 3, efit: 3","fit: 3, efit: 3",,,,0,0,0,0,1,,
2026-01-12 17:10:50,7,15,15,0,"fit: 3, efit: 4","fit: 3, efit: 4",,,,0,0,0,0,1,,
2026-01-12 18:03:07,7,15,15,0,"fit: 4, efit: 4","fit: 4, efit: 4",,,,0,0,0,0,1,,
2026-01-12 18:16:05,7,15,15,0,"fit: 4, efit: 5","fit: 4, efit: 5",,,,0,0,0,0,1,,
2026-01-12 18:57:10,7,15,15,0,"fit: 4, efit: 4","fit: 4, efit: 4",,,,0,0,0,0,1,,
2026-01-12 19:36:21,7,15,15,0,"fit: 4, efit: 5","fit: 4, efit: 5",,,,0,0,0,0,1,,
2026-01-12 20:51:37,7,15,15,0,"fit: 4, efit: 3","fit: 4, efit: 3",,,,0,0,0,0,1,,
2026-01-12 20:52:28,7,15,15,0,"fit: 4, efit: 1","fit: 4, efit: 1",,,,0,0,0,0,1,,
2026-01-12 23:22:09,7,15,15,0,"fit: 4, efit: 2","fit: 4, efit: 2",,,,0,0,0,0,1,,
2026-01-13 00:02:17,7,15,15,0,"fit: 4, efit: 2","fit: 4, efit: 2",,,,0,0,0,0,1,,
2026-01-13 01:14:18,7,15,15,0,"fit: 4, efit: 1","fit: 4, efit: 1",,,,0,0,0,0,1,,
2026-01-13 02:22:47,7,15,15,0,"fit: 4, efit: 2","fit: 4, efit: 2",,,,0,0,0,0,1,,
2026-01-13 06:18:56,7,15,15,0,"fit: 4, efit: 3","fit: 4, efit: 3",,,,0,0,0,0,1,,
2026-01-13 07:10:19,7,15,15,0,"fit: 4, efit: 2","fit: 4, efit: 2",,,,0,0,0,0,1,,
2026-01-13 07:48:55,7,15,15,0,"fit: 4, efit: 1","fit: 4, efit: 1",,,,0,0,0,0,1,,
2026-01-13 07:53:56,7,15,15,0,fit: 4,fit: 4,,,,0,0,0,0,1,,
2026-01-13 08:15:30,7,15,15,0,fit: 3,fit: 3,,,,0,0,0,0,1,,
2026-01-13 08:24:02,7,15,15,0,"fit: 3, efit: 2","fit: 3, efit: 2",,,,0,0,0,0,1,,
2026-01-13 08:30:32,7,15,15,0,"fit: 3, efit: 1","fit: 3, efit: 1",,,,0,0,0,0,1,,
2026-01-13 08:35:33,7,15,15,0,fit: 3,fit: 3,,,,0,0,0,0,1,,
2026-01-13 09:14:13,7,15,15,0,fit: 2,fit: 2,,,,0,0,0,0,1,,
2026-01-13 10:50:57,7,15,15,0,fit: 1,fit: 1,,,,0,0,0,0,1,,
2026-01-13 11:29:42,7,15,15,0,"fit: 1, efit: 7","fit: 1, efit: 6",,,,0,0,0,0,1,,
2026-01-13 11:44:45,7,15,15,0,"fit: 1, efit: 8","fit: 1, efit: 7",,,,0,0,0,0,1,,
2026-01-13 12:01:08,7,15,15,0,"fit: 1, efit: 7","fit: 1, efit: 6",,,,0,0,0,0,1,,
2026-01-13 12:29:50,7,15,15,0,"fit: 1, efit: 7","fit: 1, efit: 7",,,,0,0,0,0,1,,
2026-01-13 13:35:01,7,15,15,0,"fit: 1, efit: 8","fit: 1, efit: 8",,,,0,0,0,0,1,,
2026-01-13 14:05:06,7,15,15,0,"fit: 1, efit: 7","fit: 1, efit: 7",,,,0,0,0,0,1,,
2026-01-13 14:06:29,7,15,15,0,"fit: 1, efit: 8","fit: 1, efit: 8",,,,0,0,0,0,1,,
2026-01-13 14:55:15,7,15,15,0,"fit: 2, efit: 8","fit: 2, efit: 8",,,,0,0,0,0,1,,
2026-01-13 15:05:16,7,15,15,0,"fit: 2, efit: 9","fit: 2, efit: 9",,,,0,0,0,0,1,,
2026-01-13 15:30:20,7,15,15,0,"fit: 2, efit: 9","fit: 2, efit: 8",,,,0,0,0,0,1,,
2026-01-13 15:50:24,7,15,15,0,"fit: 2, efit: 10","fit: 2, efit: 9",,,,0,0,0,0,1,,
2026-01-13 16:10:27,7,15,15,0,"fit: 2, efit: 9","fit: 2, efit: 8",,,,0,0,0,0,1,,
2026-01-13 16:26:53,7,15,15,0,"fit: 2, efit: 10","fit: 2, efit: 9",,,,0,0,0,0,1,,
2026-01-13 16:50:34,7,15,15,0,"fit: 2, efit: 11","fit: 2, efit: 10",,,,0,0,0,0,1,,
2026-01-13 16:55:34,7,15,15,0,"fit: 2, efit: 12","fit: 2, efit: 11",,,,0,0,0,0,1,,
2026-01-13 17:05:36,7,15,15,0,"fit: 2, efit: 11","fit: 2, efit: 10",,,,0,0,0,0,1,,
2026-01-13 17:22:02,7,15,15,0,"fit: 2, efit: 12","fit: 2, efit: 11",,,,0,0,0,0,1,,
2026-01-13 17:30:40,7,15,15,0,"fit: 2, efit: 11","fit: 2, efit: 10",,,,0,0,0,0,1,,
2026-01-13 18:30:50,7,15,15,0,"fit: 2, efit: 12","fit: 2, efit: 11",,,,0,0,0,0,1,,
2026-01-13 18:45:52,7,15,15,0,"fit: 2, efit: 13","fit: 2, efit: 12",,,,0,0,0,0,1,,
2026-01-14 00:00:09,7,15,15,0,"fit: 2, efit: 13","fit: 2, efit: 12",,,,0,0,0,0,1,,
2026-01-14 06:40:32,7,15,15,0,"fit: 2, efit: 12","fit: 2, efit: 11",,,,0,0,0,0,1,,
2026-01-14 07:05:36,7,15,15,0,"fit: 3, efit: 12","fit: 3, efit: 11",,,,0,0,0,0,1,,
2026-01-14 07:35:40,7,15,15,0,"fit: 3, efit: 11","fit: 3, efit: 10",,,,0,0,0,0,1,,
2026-01-14 07:55:44,7,15,15,0,"fit: 3, efit: 10","fit: 3, efit: 9",,,,0,0,0,0,1,,
2026-01-14 08:45:51,7,15,15,0,"fit: 3, efit: 6","fit: 3, efit: 5",,,,0,0,0,0,1,,
2026-01-14 09:46:01,7,15,15,0,"fit: 3, efit: 5","fit: 3, efit: 4",,,,0,0,0,0,1,,
2026-01-14 11:56:20,7,15,15,0,"fit: 3, efit: 4","fit: 3, efit: 3",,,,0,0,0,0,1,,
2026-01-14 12:36:26,7,15,15,0,"fit: 3, efit: 3","fit: 3, efit: 2",,,,0,0,0,0,1,,
2026-01-14 12:41:27,7,15,15,0,"fit: 3, efit: 2","fit: 3, efit: 1",,,,0,0,0,0,1,,
2026-01-14 13:21:33,7,15,15,0,"fit: 1, efit: 2","fit: 1, efit: 1",,,,0,0,0,0,1,,
2026-01-14 14:21:43,7,15,15,0,"fit: 1, efit: 2","fit: 1, efit: 1",efit: 1,,,0,0,0,0,1,,
2026-01-14 15:36:55,7,15,15,0,"fit: 1, efit: 1",fit: 1,efit: 1,,,0,0,0,0,1,,
2026-01-14 16:01:59,7,15,15,0,"fit: 1, efit: 2","fit: 1, efit: 1",efit: 1,,,0,0,0,0,1,,
2026-01-14 17:42:16,7,15,15,0,"fit: 1, efit: 3","fit: 1, efit: 2",efit: 1,,,0,0,0,0,1,,
2026-01-14 17:43:09,7,15,15,0,"fit: 1, efit: 4","fit: 1, efit: 3",efit: 1,,,0,0,0,0,1,,
2026-01-14 18:22:22,7,15,15,0,"fit: 1, efit: 5","fit: 1, efit: 4",efit: 1,,,0,0,0,0,1,,
2026-01-14 18:43:20,7,15,15,0,"fit: 1, efit: 6","fit: 1, efit: 5",efit: 1,,,0,0,0,0,1,,
2026-01-14 18:59:17,7,15,15,0,"fit: 1, efit: 5","fit: 1, efit: 4",efit: 1,,,0,0,0,0,1,,
2026-01-14 19:42:35,7,15,15,0,"fit: 1, efit: 6","fit: 1, efit: 5",efit: 1,,,0,0,0,0,1,,
2026-01-14 21:12:49,7,15,15,0,"fit: 1, efit: 5","fit: 1, efit: 4",efit: 1,,,0,0,0,0,1,,
2026-01-14 21:52:55,7,15,15,0,"fit: 1, efit: 6","fit: 1, efit: 5",efit: 1,,,0,0,0,0,1,,
2026-01-14 22:23:00,7,15,15,0,"fit: 1, efit: 7","fit: 1, efit: 6",efit: 1,,,0,0,0,0,1,,
2026-01-15 00:00:32,7,15,15,0,"fit: 1, efit: 7","fit: 1, efit: 6",efit: 1,,,0,0,0,0,1,,
2026-01-15 07:12:18,7,15,15,0,"fit: 1, efit: 8","fit: 1, efit: 7",efit: 1,,,0,0,0,0,1,,
2026-01-15 07:47:26,7,15,15,0,"fit: 1, efit: 7","fit: 1, efit: 6",efit: 1,,,0,0,0,0,1,,
2026-01-15 07:49:30,7,15,15,0,"fit: 1, efit: 6","fit: 1, efit: 5",efit: 1,,,0,0,0,0,1,,
2026-01-15 09:52:57,7,15,15,0,"fit: 1, efit: 5","fit: 1, efit: 4",efit: 1,,,0,0,0,0,1,,
2026-01-15 11:10:04,7,15,15,0,"fit: 1, efit: 4","fit: 1, efit: 4",,,,0,0,0,0,1,,
2026-01-15 12:36:25,7,15,15,0,"fit: 1, efit: 5","fit: 1, efit: 5",,,,0,0,0,0,1,,
2026-01-15 13:16:32,7,15,15,0,"fit: 1, efit: 6","fit: 1, efit: 6",,,,0,0,0,0,1,,
2026-01-15 15:30:47,7,15,15,0,"fit: 1, efit: 5","fit: 1, efit: 5",,,,0,0,0,0,1,,
2026-01-15 16:14:29,7,15,15,0,"fit: 1, efit: 6","fit: 1, efit: 6",,,,0,0,0,0,1,,
2026-01-15 16:19:30,7,15,15,0,"fit: 1, efit: 7","fit: 1, efit: 7",,,,0,0,0,0,1,,
2026-01-15 16:29:33,7,15,15,0,"fit: 2, efit: 7","fit: 2, efit: 7",,,,0,0,0,0,1,,
2026-01-15 16:30:57,7,15,15,0,"fit: 2, efit: 6","fit: 2, efit: 6",,,,0,0,0,0,1,,
2026-01-15 17:51:09,7,15,15,0,"fit: 2, efit: 7","fit: 2, efit: 7",,,,0,0,0,0,1,,
2026-01-15 18:04:56,7,15,15,0,"fit: 2, efit: 8","fit: 2, efit: 7",,,,0,0,0,0,1,,
2026-01-15 18:55:09,7,15,15,0,"fit: 2, efit: 8","fit: 2, efit: 8",,,,0,0,0,0,1,,
2026-01-15 19:40:20,7,15,15,0,"fit: 2, efit: 9","fit: 2, efit: 9",,,,0,0,0,0,1,,
2026-01-15 22:20:59,7,15,15,0,"fit: 2, efit: 10","fit: 2, efit: 10",,,,0,0,0,0,1,,
2026-01-15 23:01:09,7,15,15,0,"fit: 2, efit: 11","fit: 2, efit: 11",,,,0,0,0,0,1,,
2026-01-16 00:01:24,7,15,15,0,"fit: 2, efit: 11","fit: 2, efit: 11",,,,0,0,0,0,1,,
2026-01-16 10:23:44,7,15,15,0,"fit: 2, efit: 10","fit: 2, efit: 10",,,,0,0,0,0,1,,
2026-01-16 10:43:47,7,15,15,0,"fit: 2, efit: 11","fit: 2, efit: 11",,,,0,0,0,0,1,,
2026-01-16 11:00:14,7,15,15,0,"fit: 2, efit: 12","fit: 2, efit: 12",,,,0,0,0,0,1,,
2026-01-16 11:18:53,7,15,15,0,"fit: 2, efit: 8","fit: 2, efit: 8",,,,0,0,0,0,1,,
2026-01-16 11:23:53,7,15,15,0,"fit: 1, efit: 7","fit: 1, efit: 7",,,,0,0,0,0,1,,
2026-01-16 11:53:58,7,15,15,0,"fit: 1, efit: 6","fit: 1, efit: 6",,,,0,0,0,0,1,,
2026-01-16 12:55:35,7,15,15,0,"fit: 1, efit: 5","fit: 1, efit: 5",,,,0,0,0,0,1,,
2026-01-16 13:39:16,7,15,15,0,"fit: 1, efit: 4","fit: 1, efit: 4",,,,0,0,0,0,1,,
2026-01-16 14:04:20,7,15,15,0,"fit: 1, efit: 3","fit: 1, efit: 3",,,,0,0,0,0,1,,
2026-01-16 14:14:21,7,15,15,0,"fit: 1, efit: 4","fit: 1, efit: 4",,,,0,0,0,0,1,,
2026-01-16 15:29:34,7,15,15,0,"fit: 1, efit: 5","fit: 1, efit: 5",,,,0,0,0,0,1,,
2026-01-16 15:49:37,7,15,15,0,"fit: 1, efit: 4","fit: 1, efit: 4",,,,0,0,0,0,1,,
2026-01-16 15:54:38,7,15,15,0,"fit: 1, efit: 3","fit: 1, efit: 3",,,,0,0,0,0,1,,
2026-01-16 18:15:01,7,15,15,0,"fit: 1, efit: 4","fit: 1, efit: 4",,,,0,0,0,0,1,,
2026-01-16 18:25:03,7,15,15,0,"fit: 1, efit: 5","fit: 1, efit: 5",,,,0,0,0,0,1,,
2026-01-16 19:56:13,7,15,15,0,"fit: 1, efit: 6","fit: 1, efit: 6",,,,0,0,0,0,1,,
2026-01-16 22:06:44,7,15,15,0,"fit: 1, efit: 7","fit: 1, efit: 7",,,,0,0,0,0,1,,
2026-01-17 00:00:57,7,15,15,0,"fit: 1, efit: 7","fit: 1, efit: 7",,,,0,0,0,0,1,,
2026-01-17 06:37:00,7,15,15,0,"fit: 1, efit: 6","fit: 1, efit: 6",,,,0,0,0,0,1,,
2026-01-17 07:27:08,7,15,15,0,"fit: 1, efit: 6","fit: 1, efit: 5",efit: 1,,,0,0,0,0,1,,
2026-01-17 09:07:24,7,15,15,0,"fit: 1, efit: 5","fit: 1, efit: 4",efit: 1,,,0,0,0,0,1,,
2026-01-17 10:34:13,7,15,15,0,"fit: 1, efit: 6","fit: 1, efit: 5",efit: 1,,,0,0,0,0,1,,
2026-01-17 10:37:38,7,15,15,0,"fit: 3, efit: 6","fit: 3, efit: 5",efit: 1,,,0,0,0,0,1,,
2026-01-17 10:39:38,7,15,15,0,"fit: 4, efit: 6","fit: 4, efit: 5",efit: 1,,,0,0,0,0,1,,
2026-01-17 10:42:39,7,15,15,0,"fit: 7, efit: 5","fit: 7, efit: 5",,,,0,0,0,0,1,,
2026-01-17 11:22:45,7,15,15,0,"fit: 7, efit: 5","fit: 7, efit: 4",,,,0,0,0,0,1,,
2026-01-17 12:39:35,7,15,15,0,"fit: 8, efit: 4","fit: 8, efit: 3",,,,0,0,0,0,1,,
2026-01-17 12:44:35,7,15,15,0,"fit: 8, efit: 4","fit: 8, efit: 4",,,,0,0,0,0,1,,
2026-01-17 12:58:00,7,15,15,0,"fit: 8, efit: 5","fit: 8, efit: 5",,,,0,0,0,0,1,,
2026-01-17 12:59:38,7,15,15,0,"fit: 8, efit: 4","fit: 8, efit: 4",,,,0,0,0,0,1,,
2026-01-17 13:13:02,7,15,15,0,"fit: 8, efit: 3","fit: 8, efit: 3",,,,0,0,0,0,1,,
2026-01-17 13:20:17,7,15,15,0,"fit: 8, efit: 2","fit: 8, efit: 2",,,,0,0,0,0,1,,
2026-01-17 13:40:22,7,15,15,0,"fit: 9, efit: 1","fit: 9, efit: 1",,,,0,0,0,0,1,,
2026-01-17 13:43:07,7,15,15,0,fit: 9,fit: 9,,,,0,0,0,0,1,,
2026-01-17 13:53:09,7,15,15,0,fit: 8,fit: 8,,,,0,0,0,0,1,,
2026-01-17 15:43:26,7,15,15,0,"fit: 8, efit: 1","fit: 8, efit: 1",,,,0,0,0,0,1,,
2026-01-17 17:28:42,7,15,15,0,fit: 8,fit: 8,,,,0,0,0,0,1,,
2026-01-17 18:35:37,7,15,15,0,fit: 7,fit: 7,,,,0,0,0,0,1,,
2026-01-17 18:58:57,7,15,15,0,"fit: 7, efit: 1","fit: 7, efit: 1",,,,0,0,0,0,1,,
2026-01-17 19:44:04,7,15,15,0,fit: 7,fit: 7,,,,0,0,0,0,1,,
2026-01-17 20:42:05,7,15,15,0,"fit: 7, efit: 1","fit: 7, efit: 1",,,,0,0,0,0,1,,
2026-01-17 20:57:08,7,15,15,0,"fit: 7, efit: 2","fit: 7, efit: 2",,,,0,0,0,0,1,,
2026-01-18 00:01:32,7,15,15,0,"fit: 7, efit: 2","fit: 7, efit: 2",,,,0,0,0,0,1,,
2026-01-18 07:32:48,7,15,15,0,"fit: 7, efit: 3","fit: 7, efit: 3",,,,0,0,0,0,1,,
2026-01-18 08:07:54,7,15,15,0,"fit: 7, efit: 2","fit: 7, efit: 2",,,,0,0,0,0,1,,
2026-01-18 09:45:12,7,15,15,0,"fit: 7, efit: 3","fit: 7, efit: 3",,,,0,0,0,0,1,,
2026-01-18 10:43:20,7,15,15,0,"fit: 7, efit: 2","fit: 7, efit: 2",,,,0,0,0,0,1,,
2026-01-18 11:45:42,7,15,15,0,"fit: 7, efit: 3","fit: 7, efit: 3",,,,0,0,0,0,1,,
2026-01-18 12:48:41,7,15,15,0,"fit: 7, efit: 4","fit: 7, efit: 3",,,,0,0,0,0,1,,
2026-01-18 13:03:44,7,15,15,0,"fit: 7, efit: 3","fit: 7, efit: 2",,,,0,0,0,0,1,,
2026-01-18 13:46:54,7,15,15,0,"fit: 7, efit: 4","fit: 7, efit: 3",,,,0,0,0,0,1,,
2026-01-18 14:56:29,7,15,15,0,"fit: 7, efit: 3","fit: 7, efit: 2",,,,0,0,0,0,1,,
2026-01-18 18:02:14,7,15,15,0,"fit: 7, efit: 4","fit: 7, efit: 3",,,,0,0,0,0,1,,
2026-01-18 19:22:33,7,15,15,0,"fit: 7, efit: 3","fit: 7, efit: 2",,,,0,0,0,0,1,,
2026-01-18 20:02:43,7,15,15,0,"fit: 7, efit: 4","fit: 7, efit: 3",,,,0,0,0,0,1,,
2026-01-18 20:04:56,7,15,15,0,"fit: 7, efit: 3","fit: 7, efit: 2",,,,0,0,0,0,1,,
2026-01-18 21:10:07,7,15,15,0,"fit: 7, efit: 6","fit: 7, efit: 5",,,,0,0,0,0,1,,
2026-01-18 23:05:27,7,15,15,0,"fit: 7, efit: 5","fit: 7, efit: 4",,,,0,0,0,0,1,,
2026-01-19 00:00:37,7,15,15,0,"fit: 7, efit: 5","fit: 7, efit: 4",,,,0,0,0,0,1,,
2026-01-19 06:54:41,7,15,15,0,"fit: 7, efit: 4","fit: 7, efit: 3",,,,0,0,0,0,1,,
2026-01-19 07:39:48,7,15,15,0,"fit: 7, efit: 5","fit: 7, efit: 4",,,,0,0,0,0,1,,
2026-01-19 07:59:51,7,15,15,0,"fit: 7, efit: 4","fit: 7, efit: 3",,,,0,0,0,0,1,,
2026-01-19 08:29:55,7,15,15,0,"fit: 7, efit: 4","fit: 7, efit: 4",,,,0,0,0,0,1,,
2026-01-19 14:05:52,7,15,15,0,"fit: 7, efit: 3","fit: 7, efit: 3",,,,0,0,0,0,1,,
2026-01-19 15:41:08,7,15,15,0,"fit: 7, efit: 2","fit: 7, efit: 2",,,,0,0,0,0,1,,
2026-01-19 17:22:54,7,15,15,0,"fit: 7, efit: 3","fit: 7, efit: 3",,,,0,0,0,0,1,,
2026-01-19 17:39:26,7,15,15,0,"fit: 7, efit: 4","fit: 7, efit: 4",,,,0,0,0,0,1,,
2026-01-19 19:09:42,7,15,15,0,"fit: 7, efit: 5","fit: 7, efit: 5",,,,0,0,0,0,1,,
2026-01-19 19:19:43,7,15,15,0,"fit: 7, efit: 6","fit: 7, efit: 6",,,,0,0,0,0,1,,
2026-01-19 22:12:11,7,15,15,0,"fit: 7, efit: 7","fit: 7, efit: 7",,,,0,0,0,0,1,,
2026-01-20 00:00:32,7,15,15,0,"fit: 7, efit: 7","fit: 7, efit: 7",,,,0,0,0,0,1,,
2026-01-20 06:28:29,7,15,15,0,"fit: 7, efit: 8","fit: 7, efit: 8",,,,0,0,0,0,1,,
2026-01-20 07:51:24,7,15,15,0,"fit: 7, efit: 7","fit: 7, efit: 7",,,,0,0,0,0,1,,
2026-01-20 08:43:50,7,15,15,0,"fit: 3, efit: 7","fit: 3, efit: 7",,,,0,0,0,0,1,,
2026-01-20 09:51:53,7,15,15,0,"fit: 3, efit: 6","fit: 3, efit: 6",,,,0,0,0,0,1,,
2026-01-20 12:49:30,7,15,15,0,"fit: 4, efit: 6","fit: 4, efit: 6",,,,0,0,0,0,1,,
2026-01-20 13:32:47,7,15,15,0,"fit: 4, efit: 7","fit: 4, efit: 7",,,,0,0,0,0,1,,
2026-01-20 13:39:38,7,15,15,0,"fit: 4, efit: 6","fit: 4, efit: 6",,,,0,0,0,0,1,,
2026-01-20 14:32:58,7,15,15,0,"fit: 4, efit: 5","fit: 4, efit: 5",,,,0,0,0,0,1,,
2026-01-20 14:42:59,7,15,15,0,"fit: 4, efit: 4","fit: 4, efit: 4",,,,0,0,0,0,1,,
2026-01-20 14:58:02,7,15,15,0,"fit: 4, efit: 5","fit: 4, efit: 5",,,,0,0,0,0,1,,
2026-01-20 15:54:59,7,15,15,0,"fit: 4, efit: 5","fit: 4, efit: 4",,,,0,0,0,0,1,,
2026-01-20 16:13:15,7,15,15,0,"fit: 4, efit: 6","fit: 4, efit: 5",,,,0,0,0,0,1,,
2026-01-20 16:58:23,7,15,15,0,"fit: 4, efit: 5","fit: 4, efit: 4",,,,0,0,0,0,1,,
2026-01-20 17:35:17,7,15,15,0,"fit: 4, efit: 6","fit: 4, efit: 5",,,,0,0,0,0,1,,
2026-01-20 18:13:35,7,15,15,0,"fit: 4, efit: 7","fit: 4, efit: 6",,,,0,0,0,0,1,,
2026-01-21 00:00:16,7,15,15,0,"fit: 4, efit: 7","fit: 4, efit: 6",,,,0,0,0,0,1,,
2026-01-21 00:09:37,7,15,15,0,"fit: 4, efit: 8","fit: 4, efit: 6",,,,0,0,0,0,1,,
2026-01-21 06:26:26,7,15,15,0,"fit: 4, efit: 9","fit: 4, efit: 7",,,,0,0,0,0,1,,
2026-01-21 08:06:44,7,15,15,0,"fit: 4, efit: 8","fit: 4, efit: 6",,,,0,0,0,0,1,,
2026-01-21 09:31:59,7,15,15,0,"fit: 4, efit: 7","fit: 4, efit: 5",,,,0,0,0,0,1,,
2026-01-21 09:42:00,7,15,15,0,"fit: 4, efit: 6","fit: 4, efit: 4",,,,0,0,0,0,1,,
2026-01-21 10:47:12,7,15,15,0,"fit: 4, efit: 5","fit: 4, efit: 3",,,,0,0,0,0,1,,
2026-01-21 11:08:02,7,15,15,0,"fit: 4, efit: 6","fit: 4, efit: 4",,,,0,0,0,0,1,,
2026-01-21 11:42:22,7,15,15,0,"fit: 4, efit: 5","fit: 4, efit: 3",,,,0,0,0,0,1,,
2026-01-21 12:12:27,7,15,15,0,"fit: 4, efit: 4","fit: 4, efit: 2",,,,0,0,0,0,1,,
2026-01-21 14:02:46,7,15,15,0,"fit: 4, efit: 3","fit: 4, efit: 1",,,,0,0,0,0,1,,
2026-01-21 14:07:46,7,15,15,0,"fit: 4, efit: 2",fit: 4,,,,0,0,0,0,1,,
2026-01-21 14:28:49,7,15,15,0,"fit: 4, efit: 2","fit: 4, efit: 1",,,,0,0,0,0,1,,
2026-01-21 15:43:49,7,15,15,0,"fit: 4, efit: 2","fit: 4, efit: 1",efit: 1,,,0,0,0,0,1,,
2026-01-21 15:53:04,7,15,15,0,"fit: 4, efit: 2","fit: 4, efit: 1",,,,0,0,0,0,1,,
2026-01-21 15:58:05,7,15,15,0,"fit: 4, efit: 2","fit: 4, efit: 1",efit: 1,,,0,0,0,0,1,,
2026-01-21 16:24:19,7,15,15,0,"fit: 4, efit: 1",fit: 4,efit: 1,,,0,0,0,0,1,,
2026-01-21 16:28:11,7,15,15,0,"fit: 4, efit: 2","fit: 4, efit: 1",efit: 1,,,0,0,0,0,1,,
2026-01-21 17:03:17,7,15,15,0,"fit: 4, efit: 3","fit: 4, efit: 2",efit: 1,,,0,0,0,0,1,,
2026-01-21 17:28:21,7,15,15,0,"fit: 4, efit: 2","fit: 4, efit: 1",efit: 1,,,0,0,0,0,1,,
2026-01-21 17:39:08,7,15,15,0,"fit: 4, efit: 3","fit: 4, efit: 2",efit: 1,,,0,0,0,0,1,,
2026-01-21 17:39:38,7,15,15,0,"fit: 4, efit: 2","fit: 4, efit: 1",efit: 1,,,0,0,0,0,1,,
2026-01-21 17:43:24,7,15,15,0,"fit: 4, efit: 3","fit: 4, efit: 2",efit: 1,,,0,0,0,0,1,,
2026-01-21 17:49:10,7,15,15,0,"fit: 4, efit: 4","fit: 4, efit: 3",efit: 1,,,0,0,0,0,1,,
2026-01-21 18:23:31,7,15,15,0,"fit: 4, efit: 5","fit: 4, efit: 4",efit: 1,,,0,0,0,0,1,,
2026-01-21 19:28:43,7,15,15,0,"fit: 4, efit: 6","fit: 4, efit: 5",efit: 1,,,0,0,0,0,1,,
2026-01-21 19:48:46,7,15,15,0,"fit: 4, efit: 7","fit: 4, efit: 5",efit: 1,,,0,0,0,0,1,,
2026-01-21 20:30:20,7,15,15,0,"fit: 4, efit: 6","fit: 4, efit: 4",efit: 1,,,0,0,0,0,1,,
2026-01-21 20:33:54,7,15,15,0,"fit: 4, efit: 6","fit: 4, efit: 5",efit: 1,,,0,0,0,0,1,,
2026-01-21 21:24:03,7,15,15,0,"fit: 4, efit: 5","fit: 4, efit: 4",efit: 1,,,0,0,0,0,1,,
2026-01-22 00:00:12,7,15,15,0,"fit: 4, efit: 5","fit: 4, efit: 4",efit: 1,,,0,0,0,0,1,,
2026-01-22 06:47:56,7,15,15,0,"fit: 4, efit: 4","fit: 4, efit: 3",efit: 1,,,0,0,0,0,1,,
2026-01-22 07:18:03,7,15,15,0,"fit: 4, efit: 3","fit: 4, efit: 2",efit: 1,,,0,0,0,0,1,,
2026-01-22 08:15:58,7,15,15,0,"fit: 4, efit: 2","fit: 4, efit: 1",efit: 1,,,0,0,0,0,1,,
2026-01-22 08:18:18,7,15,15,0,"fit: 3, efit: 1",fit: 3,efit: 1,,,0,0,0,0,1,,
2026-01-22 11:57:07,7,15,15,0,"fit: 3, efit: 2","fit: 3, efit: 1",efit: 1,,,0,0,0,0,1,,
2026-01-22 12:01:38,7,15,15,0,"fit: 3, efit: 1",fit: 3,efit: 1,,,0,0,0,0,1,,
2026-01-22 12:02:08,7,15,15,0,"fit: 2, efit: 1",fit: 2,efit: 1,,,0,0,0,0,1,,
2026-01-22 12:34:22,7,15,15,0,"fit: 2, efit: 2","fit: 2, efit: 1",efit: 1,,,0,0,0,0,1,,
2026-01-22 13:04:29,7,15,15,0,"fit: 2, efit: 3","fit: 2, efit: 2",efit: 1,,,0,0,0,0,1,,
2026-01-22 13:32:23,7,15,15,0,"fit: 2, efit: 4","fit: 2, efit: 3",efit: 1,,,0,0,0,0,1,,
2026-01-22 13:34:36,7,15,15,0,"fit: 2, efit: 3","fit: 2, efit: 2",efit: 1,,,0,0,0,0,1,,
2026-01-22 14:14:46,7,15,15,0,"fit: 2, efit: 4","fit: 2, efit: 3",efit: 1,,,0,0,0,0,1,,
2026-01-22 14:19:48,7,15,15,0,"fit: 2, efit: 3","fit: 2, efit: 2",efit: 1,,,0,0,0,0,1,,
2026-01-22 14:24:49,7,15,15,0,"fit: 2, efit: 4","fit: 2, efit: 3",efit: 1,,,0,0,0,0,1,,
2026-01-22 14:39:53,7,15,15,0,"fit: 2, efit: 5","fit: 2, efit: 4",efit: 1,,,0,0,0,0,1,,
2026-01-22 14:54:56,7,15,15,0,"fit: 2, efit: 9","fit: 2, efit: 8",,,,0,0,0,0,1,,
2026-01-22 14:57:08,7,15,15,0,"fit: 2, efit: 10","fit: 2, efit: 9",,,,0,0,0,0,1,,
2026-01-22 15:15:01,7,15,15,0,"fit: 2, efit: 11","fit: 2, efit: 10",,,,0,0,0,0,1,,
2026-01-22 15:32:14,7,15,15,0,"fit: 2, efit: 11","fit: 2, efit: 11",,,,0,0,0,0,1,,
2026-01-22 16:25:19,7,15,15,0,"fit: 2, efit: 12","fit: 2, efit: 12",,,,0,0,0,0,1,,
2026-01-22 16:37:25,7,15,15,0,"fit: 2, efit: 13","fit: 2, efit: 13",,,,0,0,0,0,1,,
2026-01-22 20:43:09,7,15,15,0,"fit: 2, efit: 12","fit: 2, efit: 12",,,,0,0,0,0,1,,
2026-01-22 21:18:15,7,15,15,0,"fit: 2, efit: 13","fit: 2, efit: 13",,,,0,0,0,0,1,,
2026-01-22 21:36:38,7,15,15,0,"fit: 2, efit: 12","fit: 2, efit: 12",,,,0,0,0,0,1,,
2026-01-22 22:11:47,7,15,15,0,"fit: 2, efit: 13","fit: 2, efit: 13",,,,0,0,0,0,1,,
2026-01-22 23:22:05,7,15,15,0,"fit: 2, efit: 12","fit: 2, efit: 12",,,,0,0,0,0,1,,
2026-01-23 00:02:16,7,15,15,0,"fit: 2, efit: 12","fit: 2, efit: 12",,,,0,0,0,0,1,,
2026-01-23 08:44:29,7,15,15,0,"fit: 2, efit: 10","fit: 2, efit: 10",,,,0,0,0,0,1,,
2026-01-23 10:14:52,7,15,15,0,"fit: 2, efit: 9","fit: 2, efit: 9",,,,0,0,0,0,1,,
2026-01-23 11:35:13,7,15,15,0,"fit: 2, efit: 8","fit: 2, efit: 8",,,,0,0,0,0,1,,
2026-01-23 13:15:39,7,15,15,0,"fit: 2, efit: 7","fit: 2, efit: 7",,,,0,0,0,0,1,,
2026-01-23 13:45:47,7,15,15,0,"fit: 2, efit: 6","fit: 2, efit: 6",,,,0,0,0,0,1,,
2026-01-23 14:41:00,7,15,15,0,"fit: 2, efit: 5","fit: 2, efit: 5",,,,0,0,0,0,1,,
2026-01-23 15:06:07,7,15,15,0,"fit: 2, efit: 4","fit: 2, efit: 4",,,,0,0,0,0,1,,
2026-01-23 15:21:11,7,15,15,0,"fit: 2, efit: 6","fit: 2, efit: 6",,,,0,0,0,0,1,,
2026-01-23 16:21:21,7,15,15,0,"fit: 2, efit: 7","fit: 2, efit: 7",,,,0,0,0,0,1,,
2026-01-23 17:01:27,7,15,15,0,"fit: 2, efit: 8","fit: 2, efit: 8",,,,0,0,0,0,1,,
2026-01-23 17:11:29,7,15,15,0,"fit: 2, efit: 7","fit: 2, efit: 7",,,,0,0,0,0,1,,
2026-01-23 18:16:39,7,15,15,0,"fit: 2, efit: 5","fit: 2, efit: 5",,,,0,0,0,0,1,,
2026-01-23 18:21:39,7,15,15,0,"fit: 2, efit: 4","fit: 2, efit: 4",,,,0,0,0,0,1,,
2026-01-23 21:47:11,7,15,15,0,"fit: 2, efit: 5","fit: 2, efit: 5",,,,0,0,0,0,1,,
2026-01-23 22:17:16,7,15,15,0,"fit: 2, efit: 7","fit: 2, efit: 7",,,,0,0,0,0,1,,
2026-01-23 23:38:10,7,15,15,0,"fit: 2, efit: 7","fit: 2, efit: 6",,,,0,0,0,0,1,,
2026-01-23 23:47:38,7,15,15,0,"fit: 2, efit: 7","fit: 2, efit: 7",,,,0,0,0,0,1,,
2026-01-24 00:02:32,7,15,15,0,"fit: 2, efit: 7","fit: 2, efit: 7",,,,0,0,0,0,1,,
2026-01-24 02:48:57,7,15,15,0,"fit: 2, efit: 7","fit: 2, efit: 6",,,,0,0,0,0,1,,
2026-01-24 02:52:58,7,15,15,0,"fit: 2, efit: 7","fit: 2, efit: 7",,,,0,0,0,0,1,,
2026-01-24 05:53:25,7,15,15,0,"fit: 2, efit: 7","fit: 2, efit: 6",,,,0,0,0,0,1,,
2026-01-24 06:23:30,7,15,15,0,"fit: 2, efit: 7","fit: 2, efit: 7",,,,0,0,0,0,1,,
2026-01-24 07:23:39,7,15,15,0,"fit: 2, efit: 7","fit: 2, efit: 6",,,,0,0,0,0,1,,
2026-01-24 07:43:42,7,15,15,0,"fit: 2, efit: 6","fit: 2, efit: 5",,,,0,0,0,0,1,,
2026-01-24 08:58:53,7,15,15,0,"fit: 2, efit: 5","fit: 2, efit: 4",,,,0,0,0,0,1,,
2026-01-24 09:18:56,7,15,15,0,"fit: 2, efit: 6","fit: 2, efit: 4",,,,0,0,0,0,1,,
2026-01-24 10:09:04,7,15,15,0,"fit: 2, efit: 4","fit: 2, efit: 2",,,,0,0,0,0,1,,
2026-01-24 10:19:06,7,15,15,0,"fit: 2, efit: 4","fit: 2, efit: 3",,,,0,0,0,0,1,,
2026-01-24 13:51:41,7,15,15,0,"fit: 2, efit: 5","fit: 2, efit: 4",,,,0,0,0,0,1,,
2026-01-24 15:39:55,7,15,15,0,"fit: 2, efit: 7","fit: 2, efit: 6",,,,0,0,0,0,1,,
2026-01-24 23:29:04,7,15,15,0,"fit: 2, efit: 7","fit: 2, efit: 5",,,,0,0,0,0,1,,
2026-01-25 00:01:13,7,15,15,0,"fit: 2, efit: 7","fit: 2, efit: 5",,,,0,0,0,0,1,,
2026-01-25 11:52:10,7,15,15,0,"fit: 2, efit: 7","fit: 2, efit: 5",efit: 1,,,0,0,0,0,1,,
2026-01-25 17:43:38,7,15,15,0,"fit: 2, efit: 7","fit: 2, efit: 4",efit: 1,,,0,0,0,0,1,,
2026-01-25 21:24:25,7,15,15,0,"fit: 2, efit: 7","fit: 2, efit: 3",efit: 1,,,0,0,0,0,1,,
2026-01-26 00:00:10,7,15,15,0,"fit: 2, efit: 7","fit: 2, efit: 3",efit: 1,,,0,0,0,0,1,,
2026-01-26 00:34:54,7,15,15,0,"fit: 2, efit: 7","fit: 2, efit: 3",efit: 2,,,0,0,0,0,1,,
2026-01-26 01:41:10,7,15,15,0,"fit: 2, efit: 7","fit: 2, efit: 3",efit: 1,,,0,0,0,0,1,,
2026-01-26 01:45:08,7,15,15,0,"fit: 2, efit: 7","fit: 2, efit: 3",efit: 2,,,0,0,0,0,1,,
2026-01-26 01:46:11,7,15,15,0,"fit: 2, efit: 7","fit: 2, efit: 3",efit: 1,,,0,0,0,0,1,,
2026-01-26 01:50:09,7,15,15,0,"fit: 2, efit: 7","fit: 2, efit: 3",efit: 2,,,0,0,0,0,1,,
2026-01-26 02:35:48,7,15,15,0,"fit: 2, efit: 7","fit: 2, efit: 3",efit: 1,,,0,0,0,0,1,,
2026-01-26 02:55:19,7,15,15,0,"fit: 2, efit: 7","fit: 2, efit: 3",efit: 2,,,0,0,0,0,1,,
2026-01-26 03:40:25,7,15,15,0,"fit: 2, efit: 7","fit: 2, efit: 3",efit: 1,,,0,0,0,0,1,,
2026-01-26 03:41:31,7,15,15,0,"fit: 2, efit: 7","fit: 2, efit: 3",efit: 2,,,0,0,0,0,1,,
2026-01-26 03:45:26,7,15,15,0,"fit: 2, efit: 7","fit: 2, efit: 3",efit: 1,,,0,0,0,0,1,,
2026-01-26 03:46:06,7,15,15,0,"fit: 2, efit: 7","fit: 2, efit: 3",efit: 2,,,0,0,0,0,1,,
2026-01-26 03:50:27,7,15,15,0,"fit: 2, efit: 7","fit: 2, efit: 3",efit: 1,,,0,0,0,0,1,,
2026-01-26 03:51:07,7,15,15,0,"fit: 2, efit: 7","fit: 2, efit: 3",efit: 2,,,0,0,0,0,1,,
2026-01-26 05:01:44,7,15,15,0,"fit: 2, efit: 7","fit: 2, efit: 3",efit: 1,,,0,0,0,0,1,,
2026-01-26 05:05:38,7,15,15,0,"fit: 2, efit: 7","fit: 2, efit: 3",efit: 2,,,0,0,0,0,1,,
2026-01-26 05:51:38,7,15,15,0,"fit: 2, efit: 7","fit: 2, efit: 3",efit: 1,,,0,0,0,0,1,,
2026-01-26 05:55:47,7,15,15,0,"fit: 2, efit: 7","fit: 2, efit: 3",efit: 2,,,0,0,0,0,1,,
2026-01-26 05:56:39,7,15,15,0,"fit: 2, efit: 7","fit: 2, efit: 3",efit: 1,,,0,0,0,0,1,,
2026-01-26 06:00:47,7,15,15,0,"fit: 2, efit: 7","fit: 2, efit: 3",efit: 2,,,0,0,0,0,1,,
2026-01-26 06:01:40,7,15,15,0,"fit: 2, efit: 7","fit: 2, efit: 3",efit: 1,,,0,0,0,0,1,,
2026-01-26 06:10:49,7,15,15,0,"fit: 2, efit: 7","fit: 2, efit: 3",efit: 2,,,0,0,0,0,1,,
2026-01-26 06:55:56,7,15,15,0,"fit: 2, efit: 7","fit: 2, efit: 3",efit: 1,,,0,0,0,0,1,,
2026-01-26 07:02:04,7,15,15,0,"fit: 2, efit: 7","fit: 2, efit: 3",efit: 2,,,0,0,0,0,1,,
2026-01-26 07:05:58,7,15,15,0,"fit: 2, efit: 7","fit: 2, efit: 3",efit: 1,,,0,0,0,0,1,,
2026-01-26 07:12:06,7,15,15,0,"fit: 2, efit: 7","fit: 2, efit: 3",efit: 2,,,0,0,0,0,1,,
2026-01-26 08:01:07,7,15,15,0,"fit: 2, efit: 7","fit: 2, efit: 3",efit: 1,,,0,0,0,0,1,,
2026-01-26 08:02:10,7,15,15,0,"fit: 2, efit: 7","fit: 2, efit: 3",efit: 2,,,0,0,0,0,1,,
2026-01-26 08:11:09,7,15,15,0,"fit: 2, efit: 7","fit: 2, efit: 3",efit: 1,,,0,0,0,0,1,,
2026-01-26 08:12:12,7,15,15,0,"fit: 2, efit: 7","fit: 2, efit: 3",efit: 2,,,0,0,0,0,1,,
2026-01-26 09:22:26,7,15,15,0,"fit: 2, efit: 7","fit: 2, efit: 3",efit: 1,,,0,0,0,0,1,,
2026-01-26 09:26:21,7,15,15,0,"fit: 2, efit: 7","fit: 2, efit: 3",efit: 2,,,0,0,0,0,1,,
2026-01-26 10:12:34,7,15,15,0,"fit: 2, efit: 7","fit: 2, efit: 3",efit: 1,,,0,0,0,0,1,,
2026-01-26 10:27:37,7,15,15,0,"fit: 2, efit: 7","fit: 2, efit: 3",efit: 2,,,0,0,0,0,1,,
2026-01-26 10:31:31,7,15,15,0,"fit: 2, efit: 7","fit: 2, efit: 3",efit: 1,,,0,0,0,0,1,,
2026-01-26 10:32:38,7,15,15,0,"fit: 2, efit: 7","fit: 2, efit: 3",efit: 2,,,0,0,0,0,1,,
2026-01-26 12:06:45,7,15,15,0,"fit: 2, efit: 7","fit: 2, efit: 2",efit: 2,,,0,0,0,0,1,,
2026-01-26 12:28:12,7,15,15,0,"fit: 2, efit: 7","fit: 2, efit: 2",efit: 1,,,0,0,0,0,1,,
2026-01-26 12:31:49,7,15,15,0,"fit: 2, efit: 7","fit: 2, efit: 2",efit: 2,,,0,0,0,0,1,,
2026-01-26 12:32:58,7,15,15,0,"fit: 2, efit: 7","fit: 2, efit: 2",efit: 1,,,0,0,0,0,1,,
2026-01-26 12:36:50,7,15,15,0,"fit: 2, efit: 7","fit: 2, efit: 2",efit: 2,,,0,0,0,0,1,,
2026-01-26 12:37:59,7,15,15,0,"fit: 2, efit: 7","fit: 2, efit: 2",efit: 1,,,0,0,0,0,1,,
2026-01-26 12:41:50,7,15,15,0,"fit: 2, efit: 7","fit: 2, efit: 2",efit: 2,,,0,0,0,0,1,,
2026-01-26 12:43:00,7,15,15,0,"fit: 2, efit: 7","fit: 2, efit: 2",efit: 1,,,0,0,0,0,1,,
2026-01-26 12:46:51,7,15,15,0,"fit: 2, efit: 7","fit: 2, efit: 2",efit: 2,,,0,0,0,0,1,,
2026-01-26 12:48:01,7,15,15,0,"fit: 2, efit: 7","fit: 2, efit: 2",efit: 1,,,0,0,0,0,1,,
2026-01-26 12:51:52,7,15,15,0,"fit: 2, efit: 7","fit: 2, efit: 2",efit: 2,,,0,0,0,0,1,,
2026-01-26 13:36:59,7,15,15,0,"fit: 2, efit: 7","fit: 2, efit: 2",efit: 1,,,0,0,0,0,1,,
2026-01-26 13:57:02,7,15,15,0,"fit: 2, efit: 7","fit: 2, efit: 2",efit: 2,,,0,0,0,0,1,,
2026-01-26 14:43:21,7,15,15,0,"fit: 2, efit: 7","fit: 2, efit: 2",efit: 3,,,0,0,0,0,1,,
2026-01-26 14:47:10,7,15,15,0,"fit: 2, efit: 7","fit: 2, efit: 2",efit: 2,,,0,0,0,0,1,,
2026-01-26 14:48:22,7,15,15,0,"fit: 2, efit: 7","fit: 2, efit: 2",efit: 3,,,0,0,0,0,1,,
2026-01-26 15:27:17,7,15,15,0,"fit: 2, efit: 7","fit: 2, efit: 2",efit: 2,,,0,0,0,0,1,,
2026-01-26 15:33:29,7,15,15,0,"fit: 2, efit: 7","fit: 2, efit: 2",efit: 3,,,0,0,0,0,1,,
2026-01-26 15:37:18,7,15,15,0,"fit: 2, efit: 7","fit: 2, efit: 2",efit: 2,,,0,0,0,0,1,,
2026-01-26 15:38:30,7,15,15,0,"fit: 2, efit: 7","fit: 2, efit: 2",efit: 3,,,0,0,0,0,1,,
2026-01-26 15:42:19,7,15,15,0,"fit: 2, efit: 7","fit: 2, efit: 2",efit: 2,,,0,0,0,0,1,,
2026-01-26 15:43:31,7,15,15,0,"fit: 2, efit: 7","fit: 2, efit: 2",efit: 3,,,0,0,0,0,1,,
2026-01-26 15:54:03,7,15,15,0,"fit: 2, efit: 7","fit: 2, efit: 2",efit: 2,,,0,0,0,0,1,,
2026-01-26 15:57:22,7,15,15,0,"fit: 2, efit: 7","fit: 2, efit: 2",efit: 3,,,0,0,0,0,1,,
2026-01-26 15:59:04,7,15,15,0,"fit: 2, efit: 7","fit: 2, efit: 2",efit: 2,,,0,0,0,0,1,,
2026-01-26 16:02:22,7,15,15,0,"fit: 2, efit: 7","fit: 2, efit: 2",efit: 3,,,0,0,0,0,1,,
2026-01-26 16:03:34,7,15,15,0,"fit: 2, efit: 7","fit: 2, efit: 2",efit: 2,,,0,0,0,0,1,,
2026-01-26 16:07:24,7,15,15,0,"fit: 2, efit: 7","fit: 2, efit: 2",efit: 3,,,0,0,0,0,1,,
2026-01-26 16:53:43,7,15,15,0,"fit: 2, efit: 7","fit: 2, efit: 2",efit: 2,,,0,0,0,0,1,,
2026-01-26 16:57:32,7,15,15,0,"fit: 2, efit: 7","fit: 2, efit: 2",efit: 3,,,0,0,0,0,1,,
2026-01-26 16:58:44,7,15,15,0,"fit: 2, efit: 7","fit: 2, efit: 2",efit: 2,,,0,0,0,0,1,,
2026-01-26 16:59:19,7,15,15,0,"fit: 2, efit: 7","fit: 2, efit: 2",efit: 3,,,0,0,0,0,1,,
2026-01-26 17:02:32,7,15,15,0,"fit: 2, efit: 7","fit: 2, efit: 2",efit: 2,,,0,0,0,0,1,,
2026-01-26 17:04:20,7,15,15,0,"fit: 2, efit: 7","fit: 2, efit: 2",efit: 3,,,0,0,0,0,1,,
2026-01-26 17:07:33,7,15,15,0,"fit: 2, efit: 7","fit: 2, efit: 2",efit: 2,,,0,0,0,0,1,,
2026-01-26 17:09:21,7,15,15,0,"fit: 2, efit: 7","fit: 2, efit: 2",efit: 3,,,0,0,0,0,1,,
2026-01-26 17:34:27,7,15,15,0,"fit: 2, efit: 7","fit: 2, efit: 2",efit: 2,,,0,0,0,0,1,,
2026-01-26 17:37:38,7,15,15,0,"fit: 2, efit: 7","fit: 2, efit: 2",efit: 3,,,0,0,0,0,1,,
2026-01-26 17:39:29,7,15,15,0,"fit: 2, efit: 7","fit: 2, efit: 2",efit: 2,,,0,0,0,0,1,,
2026-01-26 17:42:39,7,15,15,0,"fit: 2, efit: 7","fit: 2, efit: 2",efit: 3,,,0,0,0,0,1,,
2026-01-26 17:43:51,7,15,15,0,"fit: 2, efit: 7","fit: 2, efit: 2",efit: 2,,,0,0,0,0,1,,
2026-01-26 17:47:39,7,15,15,0,"fit: 2, efit: 7","fit: 2, efit: 2",efit: 3,,,0,0,0,0,1,,
2026-01-26 17:48:52,7,15,15,0,"fit: 2, efit: 7","fit: 2, efit: 2",efit: 2,,,0,0,0,0,1,,
2026-01-26 17:52:40,7,15,15,0,"fit: 2, efit: 7","fit: 2, efit: 2",efit: 3,,,0,0,0,0,1,,
2026-01-26 17:57:41,7,15,15,0,"fit: 2, efit: 7","fit: 2, efit: 2",efit: 2,,,0,0,0,0,1,,
2026-01-26 17:58:54,7,15,15,0,"fit: 2, efit: 7","fit: 2, efit: 2",efit: 3,,,0,0,0,0,1,,
2026-01-26 18:02:42,7,15,15,0,"fit: 2, efit: 7","fit: 2, efit: 2",efit: 2,,,0,0,0,0,1,,
2026-01-26 18:03:55,7,15,15,0,"fit: 2, efit: 7","fit: 2, efit: 2",efit: 3,,,0,0,0,0,1,,
2026-01-26 18:37:47,7,15,15,0,"fit: 2, efit: 7","fit: 2, efit: 2",efit: 2,,,0,0,0,0,1,,
2026-01-26 18:39:43,7,15,15,0,"fit: 2, efit: 7","fit: 2, efit: 2",efit: 3,,,0,0,0,0,1,,
2026-01-26 18:42:48,7,15,15,0,"fit: 2, efit: 7","fit: 2, efit: 2",efit: 2,,,0,0,0,0,1,,
2026-01-26 18:44:45,7,15,15,0,"fit: 2, efit: 7","fit: 2, efit: 2",efit: 3,,,0,0,0,0,1,,
2026-01-26 18:47:49,7,15,15,0,"fit: 2, efit: 7","fit: 2, efit: 2",efit: 2,,,0,0,0,0,1,,
2026-01-26 18:49:03,7,15,15,0,"fit: 2, efit: 7","fit: 2, efit: 2",efit: 3,,,0,0,0,0,1,,
2026-01-26 18:52:50,7,15,15,0,"fit: 2, efit: 7","fit: 2, efit: 2",efit: 2,,,0,0,0,0,1,,
2026-01-26 18:54:03,7,15,15,0,"fit: 2, efit: 7","fit: 2, efit: 2",efit: 3,,,0,0,0,0,1,,
2026-01-26 18:59:48,7,15,15,0,"fit: 2, efit: 7","fit: 2, efit: 2",efit: 2,,,0,0,0,0,1,,
2026-01-26 19:02:51,7,15,15,0,"fit: 2, efit: 7","fit: 2, efit: 2",efit: 3,,,0,0,0,0,1,,
2026-01-26 19:04:50,7,15,15,0,"fit: 2, efit: 7","fit: 2, efit: 2",efit: 2,,,0,0,0,0,1,,
2026-01-26 19:07:52,7,15,15,0,"fit: 2, efit: 7","fit: 2, efit: 2",efit: 3,,,0,0,0,0,1,,
2026-01-26 19:09:51,7,15,15,0,"fit: 2, efit: 7","fit: 2, efit: 2",efit: 2,,,0,0,0,0,1,,
2026-01-26 19:12:53,7,15,15,0,"fit: 2, efit: 7","fit: 2, efit: 2",efit: 3,,,0,0,0,0,1,,
2026-01-26 19:14:52,7,15,15,0,"fit: 2, efit: 7","fit: 2, efit: 2",efit: 2,,,0,0,0,0,1,,
2026-01-26 19:17:54,7,15,15,0,"fit: 2, efit: 7","fit: 2, efit: 2",efit: 3,,,0,0,0,0,1,,
2026-01-26 19:19:08,7,15,15,0,"fit: 2, efit: 7","fit: 2, efit: 2",efit: 2,,,0,0,0,0,1,,
2026-01-26 19:22:55,7,15,15,0,"fit: 2, efit: 7","fit: 2, efit: 2",efit: 3,,,0,0,0,0,1,,
2026-01-26 19:42:58,7,15,15,0,"fit: 2, efit: 7","fit: 2, efit: 2",efit: 2,,,0,0,0,0,1,,
2026-01-26 19:44:12,7,15,15,0,"fit: 2, efit: 7","fit: 2, efit: 2",efit: 3,,,0,0,0,0,1,,
2026-01-26 19:58:01,7,15,15,0,"fit: 2, efit: 7","fit: 2, efit: 2",efit: 2,,,0,0,0,0,1,,
2026-01-26 19:59:14,7,15,15,0,"fit: 2, efit: 7","fit: 2, efit: 2",efit: 3,,,0,0,0,0,1,,
2026-01-26 20:09:16,7,15,15,0,"fit: 2, efit: 7","fit: 2, efit: 2",efit: 2,,,0,0,0,0,1,,
2026-01-26 20:13:03,7,15,15,0,"fit: 2, efit: 7","fit: 2, efit: 2",efit: 3,,,0,0,0,0,1,,
2026-01-26 20:14:17,7,15,15,0,"fit: 2, efit: 7","fit: 2, efit: 2",efit: 2,,,0,0,0,0,1,,
2026-01-26 20:18:04,7,15,15,0,"fit: 2, efit: 7","fit: 2, efit: 2",efit: 3,,,0,0,0,0,1,,
2026-01-26 20:19:18,7,15,15,0,"fit: 2, efit: 7","fit: 2, efit: 2",efit: 2,,,0,0,0,0,1,,
2026-01-26 20:23:05,7,15,15,0,"fit: 2, efit: 7","fit: 2, efit: 2",efit: 3,,,0,0,0,0,1,,
2026-01-26 20:24:19,7,15,15,0,"fit: 2, efit: 7","fit: 2, efit: 2",efit: 2,,,0,0,0,0,1,,
2026-01-26 20:28:06,7,15,15,0,"fit: 2, efit: 7","fit: 2, efit: 2",efit: 3,,,0,0,0,0,1,,
2026-01-26 20:38:07,7,15,15,0,"fit: 2, efit: 7","fit: 2, efit: 2",efit: 4,,,0,0,0,0,1,,
2026-01-26 20:39:21,7,15,15,0,"fit: 2, efit: 7","fit: 2, efit: 2",efit: 3,,,0,0,0,0,1,,
2026-01-26 20:49:23,7,15,15,0,"fit: 2, efit: 7","fit: 2, efit: 2",efit: 4,,,0,0,0,0,1,,
2026-01-26 20:50:16,7,15,15,0,"fit: 2, efit: 7","fit: 2, efit: 2",efit: 3,,,0,0,0,0,1,,
2026-01-26 20:53:10,7,15,15,0,"fit: 2, efit: 7","fit: 2, efit: 2",efit: 4,,,0,0,0,0,1,,
2026-01-26 20:55:18,7,15,15,0,"fit: 2, efit: 7","fit: 2, efit: 2",efit: 3,,,0,0,0,0,1,,
2026-01-26 20:58:11,7,15,15,0,"fit: 2, efit: 7","fit: 2, efit: 2",efit: 4,,,0,0,0,0,1,,
2026-01-26 21:00:19,7,15,15,0,"fit: 2, efit: 7","fit: 2, efit: 2",efit: 3,,,0,0,0,0,1,,
2026-01-26 21:03:11,7,15,15,0,"fit: 2, efit: 7","fit: 2, efit: 2",efit: 4,,,0,0,0,0,1,,
2026-01-26 21:05:20,7,15,15,0,"fit: 2, efit: 7","fit: 2, efit: 2",efit: 3,,,0,0,0,0,1,,
2026-01-26 21:08:12,7,15,15,0,"fit: 2, efit: 7","fit: 2, efit: 2",efit: 4,,,0,0,0,0,1,,
2026-01-26 21:09:27,7,15,15,0,"fit: 2, efit: 7","fit: 2, efit: 2",efit: 3,,,0,0,0,0,1,,
2026-01-26 21:10:22,7,15,15,0,"fit: 2, efit: 7","fit: 2, efit: 2",efit: 2,,,0,0,0,0,1,,
2026-01-26 21:13:13,7,15,15,0,"fit: 2, efit: 7","fit: 2, efit: 2",efit: 4,,,0,0,0,0,1,,
2026-01-26 21:14:28,7,15,15,0,"fit: 2, efit: 7","fit: 2, efit: 2",efit: 3,,,0,0,0,0,1,,
2026-01-26 21:15:23,7,15,15,0,"fit: 2, efit: 7","fit: 2, efit: 2",efit: 4,,,0,0,0,0,1,,
2026-01-26 21:18:14,7,15,15,0,"fit: 2, efit: 7","fit: 2, efit: 2",efit: 3,,,0,0,0,0,1,,
2026-01-26 21:20:24,7,15,15,0,"fit: 2, efit: 7","fit: 2, efit: 2",efit: 4,,,0,0,0,0,1,,
2026-01-26 21:23:15,7,15,15,0,"fit: 2, efit: 7","fit: 2, efit: 2",efit: 3,,,0,0,0,0,1,,
2026-01-26 21:25:25,7,15,15,0,"fit: 2, efit: 7","fit: 2, efit: 2",efit: 4,,,0,0,0,0,1,,
2026-01-26 21:28:15,7,15,15,0,"fit: 2, efit: 7","fit: 2, efit: 2",efit: 3,,,0,0,0,0,1,,
2026-01-26 21:30:26,7,15,15,0,"fit: 2, efit: 7","fit: 2, efit: 2",efit: 4,,,0,0,0,0,1,,
2026-01-26 21:33:16,7,15,15,0,"fit: 2, efit: 7","fit: 2, efit: 2",efit: 2,,,0,0,0,0,1,,
2026-01-26 21:35:27,7,15,15,0,"fit: 2, efit: 7","fit: 2, efit: 2",efit: 3,,,0,0,0,0,1,,
2026-01-26 21:39:32,7,15,15,0,"fit: 2, efit: 7","fit: 2, efit: 2",efit: 4,,,0,0,0,0,1,,
2026-01-26 21:43:18,7,15,15,0,"fit: 2, efit: 7","fit: 2, efit: 2",efit: 3,,,0,0,0,0,1,,
2026-01-26 21:44:33,7,15,15,0,"fit: 2, efit: 7","fit: 2, efit: 2",efit: 4,,,0,0,0,0,1,,
2026-01-26 21:48:18,7,15,15,0,"fit: 2, efit: 7","fit: 2, efit: 2",efit: 3,,,0,0,0,0,1,,
2026-01-26 21:50:31,7,15,15,0,"fit: 2, efit: 7","fit: 2, efit: 2",efit: 4,,,0,0,0,0,1,,
2026-01-26 21:59:35,7,15,15,0,"fit: 2, efit: 7","fit: 2, efit: 2",efit: 3,,,0,0,0,0,1,,
2026-01-26 22:03:21,7,15,15,0,"fit: 2, efit: 7","fit: 2, efit: 2",efit: 4,,,0,0,0,0,1,,
2026-01-26 22:04:36,7,15,15,0,"fit: 2, efit: 7","fit: 2, efit: 2",efit: 3,,,0,0,0,0,1,,
2026-01-26 22:08:21,7,15,15,0,"fit: 2, efit: 7","fit: 2, efit: 2",efit: 4,,,0,0,0,0,1,,
2026-01-26 22:09:37,7,15,15,0,"fit: 2, efit: 7","fit: 2, efit: 2",efit: 3,,,0,0,0,0,1,,
2026-01-26 22:13:22,7,15,15,0,"fit: 2, efit: 7","fit: 2, efit: 2",efit: 4,,,0,0,0,0,1,,
2026-01-26 22:14:38,7,15,15,0,"fit: 2, efit: 7","fit: 2, efit: 2",efit: 3,,,0,0,0,0,1,,
2026-01-26 22:18:23,7,15,15,0,"fit: 2, efit: 7","fit: 2, efit: 2",efit: 4,,,0,0,0,0,1,,
2026-01-26 22:23:24,7,15,15,0,"fit: 2, efit: 7","fit: 2, efit: 2",efit: 3,,,0,0,0,0,1,,
2026-01-26 22:24:39,7,15,15,0,"fit: 2, efit: 7","fit: 2, efit: 2",efit: 4,,,0,0,0,0,1,,
2026-01-26 22:28:24,7,15,15,0,"fit: 2, efit: 7","fit: 2, efit: 2",efit: 3,,,0,0,0,0,1,,
2026-01-26 22:29:40,7,15,15,0,"fit: 2, efit: 7","fit: 2, efit: 2",efit: 4,,,0,0,0,0,1,,
2026-01-26 22:33:25,7,15,15,0,"fit: 2, efit: 7","fit: 2, efit: 2",efit: 3,,,0,0,0,0,1,,
2026-01-26 22:34:41,7,15,15,0,"fit: 2, efit: 7","fit: 2, efit: 2",efit: 4,,,0,0,0,0,1,,
2026-01-26 22:38:26,7,15,15,0,"fit: 2, efit: 7","fit: 2, efit: 2",efit: 2,,,0,0,0,0,1,,
2026-01-26 22:39:42,7,15,15,0,"fit: 2, efit: 7","fit: 2, efit: 2",efit: 4,,,0,0,0,0,1,,
2026-01-26 22:43:27,7,15,15,0,"fit: 2, efit: 7","fit: 2, efit: 2",efit: 3,,,0,0,0,0,1,,
2026-01-26 22:44:43,7,15,15,0,"fit: 2, efit: 7","fit: 2, efit: 2",efit: 4,,,0,0,0,0,1,,
2026-01-26 22:53:29,7,15,15,0,"fit: 2, efit: 7","fit: 2, efit: 2",efit: 3,,,0,0,0,0,1,,
2026-01-26 22:54:45,7,15,15,0,"fit: 2, efit: 7","fit: 2, efit: 2",efit: 4,,,0,0,0,0,1,,
2026-01-26 23:04:46,7,15,15,0,"fit: 2, efit: 7","fit: 2, efit: 2",efit: 3,,,0,0,0,0,1,,
2026-01-26 23:05:50,7,15,15,0,"fit: 2, efit: 7","fit: 2, efit: 2",efit: 4,,,0,0,0,0,1,,
2026-01-26 23:09:47,7,15,15,0,"fit: 2, efit: 7","fit: 2, efit: 2",efit: 3,,,0,0,0,0,1,,
2026-01-26 23:10:52,7,15,15,0,"fit: 2, efit: 7","fit: 2, efit: 2",efit: 4,,,0,0,0,0,1,,
2026-01-26 23:13:32,7,15,15,0,"fit: 2, efit: 7","fit: 2, efit: 2",efit: 3,,,0,0,0,0,1,,
2026-01-26 23:15:53,7,15,15,0,"fit: 2, efit: 7","fit: 2, efit: 2",efit: 4,,,0,0,0,0,1,,
2026-01-26 23:18:32,7,15,15,0,"fit: 2, efit: 7","fit: 2, efit: 2",efit: 3,,,0,0,0,0,1,,
2026-01-26 23:20:54,7,15,15,0,"fit: 2, efit: 7","fit: 2, efit: 2",efit: 4,,,0,0,0,0,1,,
2026-01-26 23:28:34,7,15,15,0,"fit: 2, efit: 7","fit: 2, efit: 2",efit: 3,,,0,0,0,0,1,,
2026-01-26 23:29:50,7,15,15,0,"fit: 2, efit: 7","fit: 2, efit: 2",efit: 4,,,0,0,0,0,1,,
2026-01-26 23:33:35,7,15,15,0,"fit: 2, efit: 7","fit: 2, efit: 2",efit: 3,,,0,0,0,0,1,,
2026-01-26 23:34:51,7,15,15,0,"fit: 2, efit: 7","fit: 2, efit: 2",efit: 4,,,0,0,0,0,1,,
2026-01-26 23:43:36,7,15,15,0,"fit: 2, efit: 7","fit: 2, efit: 2",efit: 3,,,0,0,0,0,1,,
2026-01-26 23:44:53,7,15,15,0,"fit: 2, efit: 7","fit: 2, efit: 2",efit: 4,,,0,0,0,0,1,,
2026-01-26 23:56:03,7,15,15,0,"fit: 2, efit: 7","fit: 2, efit: 2",efit: 3,,,0,0,0,0,1,,
2026-01-26 23:58:39,7,15,15,0,"fit: 2, efit: 7","fit: 2, efit: 2",efit: 4,,,0,0,0,0,1,,
2026-01-27 00:01:04,7,15,15,0,"fit: 2, efit: 7","fit: 2, efit: 2",efit: 4,,,0,0,0,0,1,,
2026-01-27 00:08:40,7,15,15,0,"fit: 2, efit: 7","fit: 2, efit: 2",efit: 3,,,0,0,0,0,1,,
2026-01-27 00:09:57,7,15,15,0,"fit: 2, efit: 7","fit: 2, efit: 2",efit: 4,,,0,0,0,0,1,,
2026-01-27 00:13:41,7,15,15,0,"fit: 2, efit: 7","fit: 2, efit: 2",efit: 3,,,0,0,0,0,1,,
2026-01-27 00:16:08,7,15,15,0,"fit: 2, efit: 7","fit: 2, efit: 2",efit: 4,,,0,0,0,0,1,,
2026-01-27 00:18:42,7,15,15,0,"fit: 2, efit: 7","fit: 2, efit: 2",efit: 3,,,0,0,0,0,1,,
2026-01-27 00:19:59,7,15,15,0,"fit: 2, efit: 7","fit: 2, efit: 2",efit: 4,,,0,0,0,0,1,,
2026-01-27 00:23:42,7,15,15,0,"fit: 2, efit: 7","fit: 2, efit: 2",efit: 3,,,0,0,0,0,1,,
2026-01-27 00:25:01,7,15,15,0,"fit: 2, efit: 7","fit: 2, efit: 2",efit: 4,,,0,0,0,0,1,,
2026-01-27 00:31:12,7,15,15,0,"fit: 2, efit: 7","fit: 2, efit: 2",efit: 3,,,0,0,0,0,1,,
2026-01-27 00:33:44,7,15,15,0,"fit: 2, efit: 7","fit: 2, efit: 2",efit: 4,,,0,0,0,0,1,,
2026-01-27 00:36:14,7,15,15,0,"fit: 2, efit: 7","fit: 2, efit: 2",efit: 3,,,0,0,0,0,1,,
2026-01-27 00:38:45,7,15,15,0,"fit: 2, efit: 7","fit: 2, efit: 2",efit: 4,,,0,0,0,0,1,,
2026-01-27 00:41:15,7,15,15,0,"fit: 2, efit: 7","fit: 2, efit: 2",efit: 3,,,0,0,0,0,1,,
2026-01-27 00:43:46,7,15,15,0,"fit: 2, efit: 7","fit: 2, efit: 2",efit: 4,,,0,0,0,0,1,,
2026-01-27 00:46:16,7,15,15,0,"fit: 2, efit: 7","fit: 2, efit: 2",efit: 2,,,0,0,0,0,1,,
2026-01-27 00:48:46,7,15,15,0,"fit: 2, efit: 7","fit: 2, efit: 2",efit: 4,,,0,0,0,0,1,,
2026-01-27 00:50:05,7,15,15,0,"fit: 2, efit: 7","fit: 2, efit: 2",efit: 3,,,0,0,0,0,1,,
2026-01-27 00:53:47,7,15,15,0,"fit: 2, efit: 7","fit: 2, efit: 2",efit: 4,,,0,0,0,0,1,,
2026-01-27 00:55:06,7,15,15,0,"fit: 2, efit: 7","fit: 2, efit: 2",efit: 3,,,0,0,0,0,1,,
2026-01-27 00:58:48,7,15,15,0,"fit: 2, efit: 7","fit: 2, efit: 2",efit: 4,,,0,0,0,0,1,,
2026-01-27 01:00:07,7,15,15,0,"fit: 2, efit: 7","fit: 2, efit: 2",efit: 3,,,0,0,0,0,1,,
2026-01-27 01:01:20,7,15,15,0,"fit: 2, efit: 7","fit: 2, efit: 2",efit: 4,,,0,0,0,0,1,,
2026-01-27 01:13:50,7,15,15,0,"fit: 2, efit: 7","fit: 2, efit: 2",efit: 3,,,0,0,0,0,1,,
2026-01-27 01:15:09,7,15,15,0,"fit: 2, efit: 7","fit: 2, efit: 2",efit: 4,,,0,0,0,0,1,,
2026-01-27 01:36:29,7,15,15,0,"fit: 2, efit: 7","fit: 2, efit: 2",efit: 3,,,0,0,0,0,1,,
2026-01-27 01:38:55,7,15,15,0,"fit: 2, efit: 7","fit: 2, efit: 2",efit: 4,,,0,0,0,0,1,,
2026-01-27 01:40:13,7,15,15,0,"fit: 2, efit: 7","fit: 2, efit: 2",efit: 3,,,0,0,0,0,1,,
2026-01-27 01:43:55,7,15,15,0,"fit: 2, efit: 7","fit: 2, efit: 2",efit: 4,,,0,0,0,0,1,,
2026-01-27 01:46:31,7,15,15,0,"fit: 2, efit: 7","fit: 2, efit: 2",efit: 3,,,0,0,0,0,1,,
2026-01-27 01:50:15,7,15,15,0,"fit: 2, efit: 7","fit: 2, efit: 2",efit: 2,,,0,0,0,0,1,,
2026-01-27 01:51:32,7,15,15,0,"fit: 2, efit: 7","fit: 2, efit: 2",efit: 3,,,0,0,0,0,1,,
2026-01-27 01:55:16,7,15,15,0,"fit: 2, efit: 7","fit: 2, efit: 2",efit: 4,,,0,0,0,0,1,,
2026-01-27 01:58:58,7,15,15,0,"fit: 2, efit: 7","fit: 2, efit: 2",efit: 3,,,0,0,0,0,1,,
2026-01-27 02:01:35,7,15,15,0,"fit: 2, efit: 7","fit: 2, efit: 2",efit: 4,,,0,0,0,0,1,,
2026-01-27 02:03:58,7,15,15,0,"fit: 2, efit: 7","fit: 2, efit: 2",efit: 3,,,0,0,0,0,1,,
2026-01-27 02:05:18,7,15,15,0,"fit: 2, efit: 7","fit: 2, efit: 2",efit: 4,,,0,0,0,0,1,,
2026-01-27 02:16:39,7,15,15,0,"fit: 2, efit: 7","fit: 2, efit: 2",efit: 3,,,0,0,0,0,1,,
2026-01-27 02:19:01,7,15,15,0,"fit: 2, efit: 7","fit: 2, efit: 2",efit: 4,,,0,0,0,0,1,,
2026-01-27 02:21:40,7,15,15,0,"fit: 2, efit: 7","fit: 2, efit: 2",efit: 3,,,0,0,0,0,1,,
2026-01-27 02:24:02,7,15,15,0,"fit: 2, efit: 7","fit: 2, efit: 2",efit: 4,,,0,0,0,0,1,,
2026-01-27 02:26:41,7,15,15,0,"fit: 2, efit: 7","fit: 2, efit: 2",efit: 3,,,0,0,0,0,1,,
2026-01-27 02:29:03,7,15,15,0,"fit: 2, efit: 7","fit: 2, efit: 2",efit: 4,,,0,0,0,0,1,,
2026-01-27 02:31:42,7,15,15,0,"fit: 2, efit: 7","fit: 2, efit: 2",efit: 3,,,0,0,0,0,1,,
2026-01-27 02:34:03,7,15,15,0,"fit: 2, efit: 7","fit: 2, efit: 2",efit: 4,,,0,0,0,0,1,,
2026-01-27 02:40:23,7,15,15,0,"fit: 2, efit: 7","fit: 2, efit: 2",efit: 3,,,0,0,0,0,1,,
2026-01-27 02:41:45,7,15,15,0,"fit: 2, efit: 7","fit: 2, efit: 2",efit: 4,,,0,0,0,0,1,,
2026-01-27 02:44:05,7,15,15,0,"fit: 2, efit: 7","fit: 2, efit: 2",efit: 3,,,0,0,0,0,1,,
2026-01-27 02:46:46,7,15,15,0,"fit: 2, efit: 7","fit: 2, efit: 2",efit: 4,,,0,0,0,0,1,,
2026-01-27 02:49:06,7,15,15,0,"fit: 2, efit: 7","fit: 2, efit: 2",efit: 3,,,0,0,0,0,1,,
2026-01-27 02:50:25,7,15,15,0,"fit: 2, efit: 7","fit: 2, efit: 2",efit: 4,,,0,0,0,0,1,,
2026-01-27 02:54:07,7,15,15,0,"fit: 2, efit: 7","fit: 2, efit: 2",efit: 2,,,0,0,0,0,1,,
2026-01-27 02:55:26,7,15,15,0,"fit: 2, efit: 7","fit: 2, efit: 2",efit: 4,,,0,0,0,0,1,,
2026-01-27 02:56:49,7,15,15,0,"fit: 2, efit: 7","fit: 2, efit: 1",efit: 4,,,0,0,0,0,1,,
2026-01-27 03:06:51,7,15,15,0,"fit: 2, efit: 7","fit: 2, efit: 1",efit: 3,,,0,0,0,0,1,,
2026-01-27 03:09:09,7,15,15,0,"fit: 2, efit: 7","fit: 2, efit: 1",efit: 4,,,0,0,0,0,1,,
2026-01-27 03:20:30,7,15,15,0,"fit: 2, efit: 7","fit: 2, efit: 1",efit: 3,,,0,0,0,0,1,,
2026-01-27 03:24:11,7,15,15,0,"fit: 2, efit: 7","fit: 2, efit: 1",efit: 4,,,0,0,0,0,1,,
2026-01-27 03:25:31,7,15,15,0,"fit: 2, efit: 7","fit: 2, efit: 1",efit: 3,,,0,0,0,0,1,,
2026-01-27 03:29:12,7,15,15,0,"fit: 2, efit: 7","fit: 2, efit: 1",efit: 4,,,0,0,0,0,1,,
2026-01-27 03:30:32,7,15,15,0,"fit: 2, efit: 7","fit: 2, efit: 1",efit: 3,,,0,0,0,0,1,,
2026-01-27 03:31:57,7,15,15,0,"fit: 2, efit: 7","fit: 2, efit: 1",efit: 4,,,0,0,0,0,1,,
2026-01-27 03:35:33,7,15,15,0,"fit: 2, efit: 7","fit: 2, efit: 1",efit: 3,,,0,0,0,0,1,,
2026-01-27 03:36:59,7,15,15,0,"fit: 2, efit: 7","fit: 2, efit: 1",efit: 4,,,0,0,0,0,1,,
2026-01-27 03:40:34,7,15,15,0,"fit: 2, efit: 7","fit: 2, efit: 1",efit: 3,,,0,0,0,0,1,,
2026-01-27 03:42:00,7,15,15,0,"fit: 2, efit: 7","fit: 2, efit: 1",efit: 4,,,0,0,0,0,1,,
2026-01-27 03:44:14,7,15,15,0,"fit: 2, efit: 7","fit: 2, efit: 1",efit: 3,,,0,0,0,0,1,,
2026-01-27 03:45:34,7,15,15,0,"fit: 2, efit: 7","fit: 2, efit: 1",efit: 4,,,0,0,0,0,1,,
2026-01-27 03:49:15,7,15,15,0,"fit: 2, efit: 7","fit: 2, efit: 1",efit: 3,,,0,0,0,0,1,,
2026-01-27 03:50:35,7,15,15,0,"fit: 2, efit: 7","fit: 2, efit: 1",efit: 4,,,0,0,0,0,1,,
2026-01-27 03:57:04,7,15,15,0,"fit: 2, efit: 7","fit: 2, efit: 1",efit: 2,,,0,0,0,0,1,,
2026-01-27 03:59:16,7,15,15,0,"fit: 2, efit: 7","fit: 2, efit: 1",efit: 4,,,0,0,0,0,1,,
2026-01-27 04:02:05,7,15,15,0,"fit: 2, efit: 7","fit: 2, efit: 1",efit: 3,,,0,0,0,0,1,,
2026-01-27 04:04:17,7,15,15,0,"fit: 2, efit: 7","fit: 2, efit: 1",efit: 4,,,0,0,0,0,1,,
2026-01-27 04:05:38,7,15,15,0,"fit: 2, efit: 7","fit: 2, efit: 1",efit: 3,,,0,0,0,0,1,,
2026-01-27 04:07:06,7,15,15,0,"fit: 2, efit: 7","fit: 2, efit: 1",efit: 4,,,0,0,0,0,1,,
2026-01-27 04:10:39,7,15,15,0,"fit: 2, efit: 7","fit: 2, efit: 1",efit: 3,,,0,0,0,0,1,,
2026-01-27 04:12:08,7,15,15,0,"fit: 2, efit: 7","fit: 2, efit: 1",efit: 4,,,0,0,0,0,1,,
2026-01-27 04:29:21,7,15,15,0,"fit: 2, efit: 7","fit: 2, efit: 1",efit: 3,,,0,0,0,0,1,,
2026-01-27 04:30:42,7,15,15,0,"fit: 2, efit: 7","fit: 2, efit: 1",efit: 4,,,0,0,0,0,1,,
2026-01-27 04:34:22,7,15,15,0,"fit: 2, efit: 7","fit: 2, efit: 1",efit: 3,,,0,0,0,0,1,,
2026-01-27 04:35:43,7,15,15,0,"fit: 2, efit: 7","fit: 2, efit: 1",efit: 4,,,0,0,0,0,1,,
2026-01-27 04:39:23,7,15,15,0,"fit: 2, efit: 7","fit: 2, efit: 1",efit: 3,,,0,0,0,0,1,,
2026-01-27 04:40:44,7,15,15,0,"fit: 2, efit: 7","fit: 2, efit: 1",efit: 4,,,0,0,0,0,1,,
2026-01-27 04:44:24,7,15,15,0,"fit: 2, efit: 7","fit: 2, efit: 1",efit: 3,,,0,0,0,0,1,,
2026-01-27 04:45:45,7,15,15,0,"fit: 2, efit: 7","fit: 2, efit: 1",efit: 4,,,0,0,0,0,1,,
2026-01-27 04:47:17,7,15,15,0,"fit: 2, efit: 7","fit: 2, efit: 1",efit: 3,,,0,0,0,0,1,,
2026-01-27 04:49:24,7,15,15,0,"fit: 2, efit: 7","fit: 2, efit: 1",efit: 4,,,0,0,0,0,1,,
2026-01-27 04:52:18,7,15,15,0,"fit: 2, efit: 7","fit: 2, efit: 1",efit: 3,,,0,0,0,0,1,,
2026-01-27 04:54:25,7,15,15,0,"fit: 2, efit: 7","fit: 2, efit: 1",efit: 4,,,0,0,0,0,1,,
2026-01-27 04:55:46,7,15,15,0,"fit: 2, efit: 7","fit: 2, efit: 1",efit: 3,,,0,0,0,0,1,,
2026-01-27 04:59:26,7,15,15,0,"fit: 2, efit: 7","fit: 2, efit: 1",efit: 4,,,0,0,0,0,1,,
2026-01-27 05:00:47,7,15,15,0,"fit: 2, efit: 7","fit: 2, efit: 1",efit: 2,,,0,0,0,0,1,,
2026-01-27 05:02:20,7,15,15,0,"fit: 2, efit: 7","fit: 2, efit: 1",efit: 4,,,0,0,0,0,1,,
2026-01-27 05:05:48,7,15,15,0,"fit: 2, efit: 7","fit: 2, efit: 1",efit: 3,,,0,0,0,0,1,,
2026-01-27 05:07:21,7,15,15,0,"fit: 2, efit: 7","fit: 2, efit: 1",efit: 4,,,0,0,0,0,1,,
2026-01-27 05:09:28,7,15,15,0,"fit: 2, efit: 7","fit: 2, efit: 1",efit: 3,,,0,0,0,0,1,,
2026-01-27 05:12:23,7,15,15,0,"fit: 2, efit: 7","fit: 2, efit: 1",efit: 4,,,0,0,0,0,1,,
2026-01-27 05:14:28,7,15,15,0,"fit: 2, efit: 7","fit: 2, efit: 1",efit: 3,,,0,0,0,0,1,,
2026-01-27 05:17:24,7,15,15,0,"fit: 2, efit: 7","fit: 2, efit: 1",efit: 4,,,0,0,0,0,1,,
2026-01-27 05:34:31,7,15,15,0,"fit: 2, efit: 7","fit: 2, efit: 1",efit: 3,,,0,0,0,0,1,,
2026-01-27 05:35:53,7,15,15,0,"fit: 2, efit: 7","fit: 2, efit: 1",efit: 4,,,0,0,0,0,1,,
2026-01-27 05:42:30,7,15,15,0,"fit: 2, efit: 7","fit: 2, efit: 1",efit: 3,,,0,0,0,0,1,,
2026-01-27 05:44:33,7,15,15,0,"fit: 2, efit: 7","fit: 2, efit: 1",efit: 4,,,0,0,0,0,1,,
2026-01-27 05:47:32,7,15,15,0,"fit: 2, efit: 7","fit: 2, efit: 1",efit: 3,,,0,0,0,0,1,,
2026-01-27 05:49:34,7,15,15,0,"fit: 2, efit: 7","fit: 2, efit: 1",efit: 4,,,0,0,0,0,1,,
2026-01-27 05:50:56,7,15,15,0,"fit: 2, efit: 7","fit: 2, efit: 1",efit: 3,,,0,0,0,0,1,,
2026-01-27 05:52:33,7,15,15,0,"fit: 2, efit: 7","fit: 2, efit: 1",efit: 4,,,0,0,0,0,1,,
2026-01-27 05:55:56,7,15,15,0,"fit: 2, efit: 7","fit: 2, efit: 1",efit: 3,,,0,0,0,0,1,,
2026-01-27 05:57:34,7,15,15,0,"fit: 2, efit: 7","fit: 2, efit: 1",efit: 4,,,0,0,0,0,1,,
2026-01-27 06:00:57,7,15,15,0,"fit: 2, efit: 7","fit: 2, efit: 1",efit: 3,,,0,0,0,0,1,,
2026-01-27 06:02:35,7,15,15,0,"fit: 2, efit: 7","fit: 2, efit: 1",efit: 4,,,0,0,0,0,1,,
2026-01-27 06:04:37,7,15,15,0,"fit: 2, efit: 7","fit: 2, efit: 1",efit: 3,,,0,0,0,0,1,,
2026-01-27 06:07:37,7,15,15,0,"fit: 2, efit: 7","fit: 2, efit: 1",efit: 4,,,0,0,0,0,1,,
2026-01-27 06:09:37,7,15,15,0,"fit: 2, efit: 7","fit: 2, efit: 1",efit: 3,,,0,0,0,0,1,,
2026-01-27 06:10:59,7,15,15,0,"fit: 2, efit: 7","fit: 2, efit: 1",efit: 4,,,0,0,0,0,1,,
2026-01-27 06:14:38,7,15,15,0,"fit: 2, efit: 7","fit: 2, efit: 1",efit: 3,,,0,0,0,0,1,,
2026-01-27 06:16:00,7,15,15,0,"fit: 2, efit: 7","fit: 2, efit: 1",efit: 4,,,0,0,0,0,1,,
2026-01-27 06:19:39,7,15,15,0,"fit: 2, efit: 7","fit: 2, efit: 1",efit: 3,,,0,0,0,0,1,,
2026-01-27 06:21:01,7,15,15,0,"fit: 2, efit: 7","fit: 2, efit: 1",efit: 4,,,0,0,0,0,1,,
2026-01-27 06:24:40,7,15,15,0,"fit: 2, efit: 7","fit: 2, efit: 1",efit: 3,,,0,0,0,0,1,,
2026-01-27 06:26:02,7,15,15,0,"fit: 2, efit: 7","fit: 2, efit: 1",efit: 4,,,0,0,0,0,1,,
2026-01-27 06:37:44,7,15,15,0,"fit: 2, efit: 7","fit: 2, efit: 1",efit: 3,,,0,0,0,0,1,,
2026-01-27 06:39:42,7,15,15,0,"fit: 2, efit: 7","fit: 2, efit: 1",efit: 4,,,0,0,0,0,1,,
2026-01-27 06:42:45,7,15,15,0,"fit: 2, efit: 7","fit: 2, efit: 1",efit: 3,,,0,0,0,0,1,,
2026-01-27 06:44:43,7,15,15,0,"fit: 2, efit: 7","fit: 2, efit: 1",efit: 4,,,0,0,0,0,1,,
2026-01-27 06:47:47,7,15,15,0,"fit: 2, efit: 7","fit: 2, efit: 1",efit: 3,,,0,0,0,0,1,,
2026-01-27 06:49:43,7,15,15,0,"fit: 2, efit: 7","fit: 2, efit: 1",efit: 4,,,0,0,0,0,1,,
2026-01-27 06:52:48,7,15,15,0,"fit: 2, efit: 7","fit: 2, efit: 1",efit: 3,,,0,0,0,0,1,,
2026-01-27 06:54:44,7,15,15,0,"fit: 2, efit: 6",fit: 2,efit: 3,,,0,0,0,0,1,,
2026-01-27 06:57:49,7,15,15,0,"fit: 2, efit: 6",fit: 2,efit: 4,,,0,0,0,0,1,,
2026-01-27 06:59:45,7,15,15,0,"fit: 2, efit: 6",fit: 2,efit: 3,,,0,0,0,0,1,,
2026-01-27 07:02:50,7,15,15,0,"fit: 2, efit: 6",fit: 2,efit: 4,,,0,0,0,0,1,,
2026-01-27 07:04:46,7,15,15,0,"fit: 2, efit: 6",fit: 2,efit: 3,,,0,0,0,0,1,,
2026-01-27 07:06:09,7,15,15,0,"fit: 2, efit: 6",fit: 2,efit: 4,,,0,0,0,0,1,,
2026-01-27 07:09:47,7,15,15,0,"fit: 2, efit: 6",fit: 2,efit: 3,,,0,0,0,0,1,,
2026-01-27 07:11:10,7,15,15,0,"fit: 2, efit: 6",fit: 2,efit: 4,,,0,0,0,0,1,,
2026-01-27 07:12:53,7,15,15,0,"fit: 2, efit: 6",fit: 2,efit: 3,,,0,0,0,0,1,,
2026-01-27 07:14:47,7,15,15,0,"fit: 2, efit: 6",fit: 2,efit: 4,,,0,0,0,0,1,,
2026-01-27 07:17:54,7,15,15,0,"fit: 2, efit: 6",fit: 2,efit: 3,,,0,0,0,0,1,,
2026-01-27 07:19:48,7,15,15,0,"fit: 2, efit: 6",fit: 2,efit: 4,,,0,0,0,0,1,,
2026-01-27 07:22:55,7,15,15,0,"fit: 2, efit: 6",fit: 2,efit: 3,,,0,0,0,0,1,,
2026-01-27 07:24:49,7,15,15,0,"fit: 2, efit: 6",fit: 2,efit: 4,,,0,0,0,0,1,,
2026-01-27 07:27:56,7,15,15,0,"fit: 2, efit: 6",fit: 2,efit: 3,,,0,0,0,0,1,,
2026-01-27 07:29:50,7,15,15,0,"fit: 2, efit: 6",fit: 2,efit: 4,,,0,0,0,0,1,,
2026-01-27 07:32:57,7,15,15,0,"fit: 2, efit: 6",fit: 2,efit: 3,,,0,0,0,0,1,,
2026-01-27 07:34:50,7,15,15,0,"fit: 2, efit: 6",fit: 2,efit: 4,,,0,0,0,0,1,,
2026-01-27 07:41:15,7,15,15,0,"fit: 2, efit: 6",fit: 2,efit: 3,,,0,0,0,0,1,,
2026-01-27 07:43:01,7,15,15,0,"fit: 2, efit: 6",fit: 2,efit: 4,,,0,0,0,0,1,,
2026-01-27 07:46:16,7,15,15,0,"fit: 2, efit: 6",fit: 2,efit: 3,,,0,0,0,0,1,,
2026-01-27 07:48:02,7,15,15,0,"fit: 2, efit: 6",fit: 2,efit: 4,,,0,0,0,0,1,,
2026-01-27 07:51:17,7,15,15,0,"fit: 2, efit: 6",fit: 2,efit: 3,,,0,0,0,0,1,,
2026-01-27 07:53:03,7,15,15,0,"fit: 2, efit: 6",fit: 2,efit: 4,,,0,0,0,0,1,,
2026-01-27 07:56:18,7,15,15,0,"fit: 2, efit: 6",fit: 2,efit: 3,,,0,0,0,0,1,,
2026-01-27 07:58:04,7,15,15,0,"fit: 2, efit: 6",fit: 2,efit: 4,,,0,0,0,0,1,,
2026-01-27 07:59:55,7,15,15,0,"fit: 2, efit: 6",fit: 2,efit: 3,,,0,0,0,0,1,,
2026-01-27 08:01:19,7,15,15,0,"fit: 2, efit: 6",fit: 2,efit: 4,,,0,0,0,0,1,,
2026-01-27 08:03:06,7,15,15,0,"fit: 2, efit: 6",fit: 2,efit: 3,,,0,0,0,0,1,,
2026-01-27 08:06:20,7,15,15,0,"fit: 2, efit: 6",fit: 2,efit: 4,,,0,0,0,0,1,,
2026-01-27 08:08:07,7,15,15,0,"fit: 2, efit: 6",fit: 2,efit: 3,,,0,0,0,0,1,,
2026-01-27 08:11:20,7,15,15,0,"fit: 2, efit: 6",fit: 2,efit: 4,,,0,0,0,0,1,,
2026-01-27 08:13:08,7,15,15,0,"fit: 2, efit: 6",fit: 2,efit: 3,,,0,0,0,0,1,,
2026-01-27 08:14:57,7,15,15,0,"fit: 2, efit: 6",fit: 2,efit: 4,,,0,0,0,0,1,,
2026-01-27 08:21:22,7,15,15,0,"fit: 2, efit: 6",fit: 2,efit: 3,,,0,0,0,0,1,,
2026-01-27 08:23:10,7,15,15,0,"fit: 2, efit: 6",fit: 2,efit: 4,,,0,0,0,0,1,,
2026-01-27 08:26:23,7,15,15,0,"fit: 2, efit: 6",fit: 2,efit: 3,,,0,0,0,0,1,,
2026-01-27 08:28:12,7,15,15,0,"fit: 2, efit: 6",fit: 2,efit: 4,,,0,0,0,0,1,,
2026-01-27 08:31:24,7,15,15,0,"fit: 2, efit: 6",fit: 2,efit: 3,,,0,0,0,0,1,,
2026-01-27 08:33:13,7,15,15,0,"fit: 2, efit: 6",fit: 2,efit: 4,,,0,0,0,0,1,,
2026-01-27 08:35:01,7,15,15,0,"fit: 2, efit: 6",fit: 2,efit: 3,,,0,0,0,0,1,,
2026-01-27 08:38:14,7,15,15,0,"fit: 2, efit: 6",fit: 2,efit: 4,,,0,0,0,0,1,,
2026-01-27 08:40:02,7,15,15,0,"fit: 2, efit: 6",fit: 2,efit: 3,,,0,0,0,0,1,,
2026-01-27 08:41:26,7,15,15,0,"fit: 2, efit: 6",fit: 2,efit: 4,,,0,0,0,0,1,,
2026-01-27 08:45:03,7,15,15,0,"fit: 2, efit: 6",fit: 2,efit: 3,,,0,0,0,0,1,,
2026-01-27 08:46:27,7,15,15,0,"fit: 2, efit: 6",fit: 2,efit: 4,,,0,0,0,0,1,,
2026-01-27 08:50:04,7,15,15,0,"fit: 2, efit: 6",fit: 2,efit: 3,,,0,0,0,0,1,,
2026-01-27 08:51:27,7,15,15,0,"fit: 2, efit: 6",fit: 2,efit: 4,,,0,0,0,0,1,,
2026-01-27 08:55:04,7,15,15,0,"fit: 2, efit: 6",fit: 2,efit: 3,,,0,0,0,0,1,,
2026-01-27 08:56:28,7,15,15,0,"fit: 2, efit: 6",fit: 2,efit: 4,,,0,0,0,0,1,,
2026-01-27 09:00:05,7,15,15,0,"fit: 2, efit: 6",fit: 2,efit: 3,,,0,0,0,0,1,,
2026-01-27 09:01:29,7,15,15,0,"fit: 2, efit: 6",fit: 2,efit: 4,,,0,0,0,0,1,,
2026-01-27 09:03:20,7,15,15,0,"fit: 2, efit: 6",fit: 2,efit: 3,,,0,0,0,0,1,,
2026-01-27 09:06:30,7,15,15,0,"fit: 2, efit: 6",fit: 2,efit: 4,,,0,0,0,0,1,,
2026-01-27 09:08:21,7,15,15,0,"fit: 2, efit: 6",fit: 2,efit: 3,,,0,0,0,0,1,,
2026-01-27 09:10:07,7,15,15,0,"fit: 2, efit: 6",fit: 2,efit: 4,,,0,0,0,0,1,,
2026-01-27 09:13:22,7,15,15,0,"fit: 2, efit: 6",fit: 2,efit: 3,,,0,0,0,0,1,,
2026-01-27 09:15:08,7,15,15,0,"fit: 2, efit: 6",fit: 2,efit: 4,,,0,0,0,0,1,,
2026-01-27 09:18:24,7,15,15,0,"fit: 2, efit: 6",fit: 2,efit: 3,,,0,0,0,0,1,,
2026-01-27 09:20:09,7,15,15,0,"fit: 2, efit: 6",fit: 2,efit: 4,,,0,0,0,0,1,,
2026-01-27 09:30:10,7,15,15,0,"fit: 2, efit: 6",fit: 2,efit: 3,,,0,0,0,0,1,,
2026-01-27 09:31:34,7,15,15,0,"fit: 2, efit: 6",fit: 2,efit: 4,,,0,0,0,0,1,,
2026-01-27 09:35:11,7,15,15,0,"fit: 2, efit: 6",fit: 2,efit: 3,,,0,0,0,0,1,,
2026-01-27 09:36:35,7,15,15,0,"fit: 2, efit: 6",fit: 2,efit: 4,,,0,0,0,0,1,,
2026-01-27 09:40:12,7,15,15,0,"fit: 2, efit: 6",fit: 2,efit: 3,,,0,0,0,0,1,,
2026-01-27 09:41:36,7,15,15,0,"fit: 2, efit: 6",fit: 2,efit: 4,,,0,0,0,0,1,,
2026-01-27 09:43:30,7,15,15,0,"fit: 2, efit: 6",fit: 2,efit: 3,,,0,0,0,0,1,,
2026-01-27 09:46:37,7,15,15,0,"fit: 2, efit: 6",fit: 2,efit: 4,,,0,0,0,0,1,,
2026-01-27 09:53:32,7,15,15,0,"fit: 2, efit: 6",fit: 2,efit: 3,,,0,0,0,0,1,,
2026-01-27 09:55:14,7,15,15,0,"fit: 2, efit: 6",fit: 2,efit: 4,,,0,0,0,0,1,,
2026-01-27 09:58:33,7,15,15,0,"fit: 2, efit: 6",fit: 2,efit: 3,,,0,0,0,0,1,,
2026-01-27 10:00:15,7,15,15,0,"fit: 2, efit: 6",fit: 2,efit: 4,,,0,0,0,0,1,,
2026-01-27 10:03:35,7,15,15,0,"fit: 2, efit: 6",fit: 2,efit: 3,,,0,0,0,0,1,,
2026-01-27 10:05:16,7,15,15,0,"fit: 2, efit: 6",fit: 2,efit: 4,,,0,0,0,0,1,,
2026-01-27 10:06:40,7,15,15,0,"fit: 2, efit: 6",fit: 2,efit: 3,,,0,0,0,0,1,,
2026-01-27 10:10:17,7,15,15,0,"fit: 2, efit: 6",fit: 2,efit: 4,,,0,0,0,0,1,,
2026-01-27 10:11:41,7,15,15,0,"fit: 2, efit: 6",fit: 2,efit: 3,,,0,0,0,0,1,,
2026-01-27 10:13:37,7,15,15,0,"fit: 2, efit: 6",fit: 2,efit: 4,,,0,0,0,0,1,,
2026-01-27 10:16:42,7,15,15,0,"fit: 2, efit: 6",fit: 2,efit: 3,,,0,0,0,0,1,,
2026-01-27 10:18:39,7,15,15,0,"fit: 2, efit: 6",fit: 2,efit: 4,,,0,0,0,0,1,,
2026-01-27 10:21:42,7,15,15,0,"fit: 2, efit: 6",fit: 2,efit: 3,,,0,0,0,0,1,,
2026-01-27 10:23:40,7,15,15,0,"fit: 2, efit: 6",fit: 2,efit: 4,,,0,0,0,0,1,,
2026-01-27 10:33:42,7,15,15,0,"fit: 2, efit: 6",fit: 2,efit: 3,,,0,0,0,0,1,,
2026-01-27 10:36:45,7,15,15,0,"fit: 2, efit: 6",fit: 2,efit: 4,,,0,0,0,0,1,,
2026-01-27 10:38:43,7,15,15,0,"fit: 2, efit: 6",fit: 2,efit: 3,,,0,0,0,0,1,,
2026-01-27 10:40:22,7,15,15,0,"fit: 2, efit: 6",fit: 2,efit: 4,,,0,0,0,0,1,,
2026-01-27 10:43:45,7,15,15,0,"fit: 2, efit: 6",fit: 2,efit: 3,,,0,0,0,0,1,,
2026-01-27 10:45:22,7,15,15,0,"fit: 2, efit: 6",fit: 2,efit: 4,,,0,0,0,0,1,,
2026-01-27 10:48:46,7,15,15,0,"fit: 2, efit: 6",fit: 2,efit: 3,,,0,0,0,0,1,,
2026-01-27 10:50:23,7,15,15,0,"fit: 2, efit: 6",fit: 2,efit: 4,,,0,0,0,0,1,,
2026-01-27 10:53:47,7,15,15,0,"fit: 2, efit: 6",fit: 2,efit: 3,,,0,0,0,0,1,,
2026-01-27 10:55:24,7,15,15,0,"fit: 2, efit: 6",fit: 2,efit: 4,,,0,0,0,0,1,,
2026-01-27 10:58:48,7,15,15,0,"fit: 2, efit: 6",fit: 2,efit: 3,,,0,0,0,0,1,,
2026-01-27 11:00:25,7,15,15,0,"fit: 2, efit: 6",fit: 2,efit: 4,,,0,0,0,0,1,,
2026-01-27 11:03:49,7,15,15,0,"fit: 2, efit: 6",fit: 2,efit: 3,,,0,0,0,0,1,,
2026-01-27 11:05:26,7,15,15,0,"fit: 2, efit: 6",fit: 2,efit: 4,,,0,0,0,0,1,,
2026-01-27 11:08:50,7,15,15,0,"fit: 2, efit: 6",fit: 2,efit: 3,,,0,0,0,0,1,,
2026-01-27 11:13:52,7,15,15,0,"fit: 2, efit: 6",fit: 2,efit: 4,,,0,0,0,0,1,,
2026-01-27 11:15:27,7,15,15,0,"fit: 2, efit: 6",fit: 2,efit: 3,,,0,0,0,0,1,,
2026-01-27 11:18:53,7,15,15,0,"fit: 2, efit: 6",fit: 2,efit: 4,,,0,0,0,0,1,,
2026-01-27 11:20:28,7,15,15,0,"fit: 2, efit: 6",fit: 2,efit: 3,,,0,0,0,0,1,,
2026-01-27 11:21:53,7,15,15,0,"fit: 2, efit: 6",fit: 2,efit: 4,,,0,0,0,0,1,,
2026-01-27 11:25:29,7,15,15,0,"fit: 2, efit: 6",fit: 2,efit: 3,,,0,0,0,0,1,,
2026-01-27 11:26:54,7,15,15,0,"fit: 2, efit: 6",fit: 2,efit: 4,,,0,0,0,0,1,,
2026-01-27 11:46:57,7,15,15,0,"fit: 2, efit: 6",fit: 2,efit: 3,,,0,0,0,0,1,,
2026-01-27 11:49:01,7,15,15,0,"fit: 2, efit: 6",fit: 2,efit: 4,,,0,0,0,0,1,,
2026-01-27 11:51:58,7,15,15,0,"fit: 2, efit: 6",fit: 2,efit: 3,,,0,0,0,0,1,,
2026-01-27 11:54:02,7,15,15,0,"fit: 2, efit: 6",fit: 2,efit: 4,,,0,0,0,0,1,,
2026-01-27 11:56:59,7,15,15,0,"fit: 2, efit: 6",fit: 2,efit: 3,,,0,0,0,0,1,,
2026-01-27 11:59:03,7,15,15,0,"fit: 2, efit: 6",fit: 2,efit: 4,,,0,0,0,0,1,,
2026-01-27 12:02:00,7,15,15,0,"fit: 2, efit: 6",fit: 2,efit: 3,,,0,0,0,0,1,,
2026-01-27 12:04:04,7,15,15,0,"fit: 2, efit: 6",fit: 2,efit: 4,,,0,0,0,0,1,,
2026-01-27 12:07:01,7,15,15,0,"fit: 2, efit: 6",fit: 2,efit: 3,,,0,0,0,0,1,,
2026-01-27 12:09:05,7,15,15,0,"fit: 2, efit: 6",fit: 2,efit: 4,,,0,0,0,0,1,,
2026-01-27 12:12:02,7,15,15,0,efit: 5,,efit: 2,,,0,0,0,0,1,,
2026-01-27 12:14:07,7,15,15,0,efit: 3,,efit: 2,,,0,0,0,0,1,,
2026-01-27 12:15:38,7,15,15,0,efit: 1,,,,,0,0,0,0,1,,
2026-01-27 12:17:03,7,15,15,0,,,,,,0,0,0,0,1,,
2026-01-27 12:34:12,7,15,15,0,efit: 3,efit: 1,efit: 1,,,0,0,0,0,1,,
2026-01-27 12:35:41,7,15,15,0,"fit: 2, efit: 4",fit: 2,,,,0,0,0,0,1,,
2026-01-27 12:37:06,7,15,15,0,"fit: 2, efit: 4",fit: 2,efit: 2,,,0,0,0,0,1,,
2026-01-27 12:39:13,7,15,15,0,"fit: 2, efit: 4",fit: 2,efit: 3,,,0,0,0,0,1,,
2026-01-27 12:40:42,7,15,15,0,"fit: 2, efit: 5","fit: 2, efit: 1",,,,0,0,0,0,1,,
2026-01-27 12:42:07,7,15,15,0,"fit: 2, efit: 6",fit: 2,efit: 4,,,0,0,0,0,1,,
2026-01-27 12:45:42,7,15,15,0,"fit: 2, efit: 6",fit: 2,efit: 1,,,0,0,0,0,1,,
2026-01-27 12:47:08,7,15,15,0,"fit: 2, efit: 6",fit: 2,efit: 3,,,0,0,0,0,1,,
2026-01-27 12:49:15,7,15,15,0,"fit: 2, efit: 6",fit: 2,efit: 4,,,0,0,0,0,1,,
2026-01-27 12:50:43,7,15,15,0,"fit: 2, efit: 6",fit: 2,efit: 1,,,0,0,0,0,1,,
2026-01-27 12:52:09,7,15,15,0,"fit: 2, efit: 6",fit: 2,efit: 2,,,0,0,0,0,1,,
2026-01-27 12:54:16,7,15,15,0,"fit: 2, efit: 6",fit: 2,efit: 4,,,0,0,0,0,1,,
2026-01-27 12:55:44,7,15,15,0,"fit: 2, efit: 6",fit: 2,efit: 5,,,0,0,0,0,1,,
2026-01-27 12:57:09,7,15,15,0,"fit: 2, efit: 6",fit: 2,efit: 4,,,0,0,0,0,1,,
2026-01-27 12:59:18,7,15,15,0,"fit: 2, efit: 6",fit: 2,efit: 5,,,0,0,0,0,1,,
2026-01-27 13:39:28,7,15,15,0,"fit: 2, efit: 6",fit: 2,efit: 4,,,0,0,0,0,1,,
2026-01-27 13:40:51,7,15,15,0,"fit: 2, efit: 6",fit: 2,efit: 2,,,0,0,0,0,1,,
2026-01-27 13:42:17,7,15,15,0,"fit: 2, efit: 6",fit: 2,efit: 5,,,0,0,0,0,1,,
2026-01-27 13:44:29,7,15,15,0,"fit: 2, efit: 6",fit: 2,efit: 3,,,0,0,0,0,1,,
2026-01-27 13:47:18,7,15,15,0,"fit: 2, efit: 6",fit: 2,efit: 4,,,0,0,0,0,1,,
2026-01-27 13:49:31,7,15,15,0,"fit: 2, efit: 6",fit: 2,efit: 2,,,0,0,0,0,1,,
2026-01-27 13:50:53,7,15,15,0,"fit: 2, efit: 6",fit: 2,efit: 3,,,0,0,0,0,1,,
2026-01-27 13:52:19,7,15,15,0,"fit: 2, efit: 6",fit: 2,efit: 4,,,0,0,0,0,1,,
2026-01-27 13:54:32,7,15,15,0,"fit: 2, efit: 6",fit: 2,efit: 2,,,0,0,0,0,1,,
2026-01-27 13:55:54,7,15,15,0,"fit: 2, efit: 6",fit: 2,efit: 4,,,0,0,0,0,1,,
2026-01-27 14:04:34,7,15,15,0,"fit: 2, efit: 6",fit: 2,efit: 5,,,0,0,0,0,1,,
2026-01-27 14:07:22,7,15,15,0,"fit: 2, efit: 6",fit: 2,efit: 4,,,0,0,0,0,1,,
2026-01-27 14:09:36,7,15,15,0,"fit: 2, efit: 6",fit: 2,efit: 5,,,0,0,0,0,1,,
2026-01-27 14:44:45,7,15,15,0,"fit: 2, efit: 6",fit: 2,efit: 4,,,0,0,0,0,1,,
2026-01-27 14:46:02,7,15,15,0,"fit: 2, efit: 6",fit: 2,efit: 5,,,0,0,0,0,1,,
2026-01-27 14:49:46,7,15,15,0,"fit: 2, efit: 6",fit: 2,efit: 4,,,0,0,0,0,1,,
2026-01-27 14:51:03,7,15,15,0,"fit: 2, efit: 6",fit: 2,efit: 5,,,0,0,0,0,1,,
2026-01-27 14:52:30,7,15,15,0,"fit: 2, efit: 6",fit: 2,efit: 4,,,0,0,0,0,1,,
2026-01-27 14:54:47,7,15,15,0,"fit: 2, efit: 6",fit: 2,efit: 5,,,0,0,0,0,1,,
2026-01-27 14:56:04,7,15,15,0,"fit: 2, efit: 6",fit: 2,efit: 4,,,0,0,0,0,1,,
2026-01-27 14:57:30,7,15,15,0,"fit: 2, efit: 6",fit: 2,efit: 3,,,0,0,0,0,1,,
2026-01-27 14:59:49,7,15,15,0,"fit: 2, efit: 6",fit: 2,efit: 5,,,0,0,0,0,1,,
2026-01-27 15:01:05,7,15,15,0,"fit: 2, efit: 6",fit: 2,efit: 4,,,0,0,0,0,1,,
2026-01-27 15:04:50,7,15,15,0,"fit: 2, efit: 6",fit: 2,efit: 5,,,0,0,0,0,1,,
2026-01-27 15:06:05,7,15,15,0,"fit: 2, efit: 6",fit: 2,efit: 4,,,0,0,0,0,1,,
2026-01-27 15:07:32,7,15,15,0,"fit: 2, efit: 6",fit: 2,efit: 5,,,0,0,0,0,1,,
2026-01-27 15:11:06,7,15,15,0,"fit: 2, efit: 6",fit: 2,efit: 4,,,0,0,0,0,1,,
2026-01-27 15:12:33,7,15,15,0,"fit: 2, efit: 6",fit: 2,efit: 5,,,0,0,0,0,1,,
2026-01-27 15:47:39,7,15,15,0,"fit: 2, efit: 6",fit: 2,efit: 3,,,0,0,0,0,1,,
2026-01-27 15:50:01,7,15,15,0,"fit: 2, efit: 6",fit: 2,efit: 5,,,0,0,0,0,1,,
2026-01-27 15:52:40,7,15,15,0,"fit: 2, efit: 6",fit: 2,efit: 2,,,0,0,0,0,1,,
2026-01-27 15:55:03,7,15,15,0,"fit: 2, efit: 6",fit: 2,efit: 5,,,0,0,0,0,1,,
2026-01-27 15:56:14,7,15,15,0,"fit: 2, efit: 6",fit: 2,efit: 4,,,0,0,0,0,1,,
2026-01-27 15:57:41,7,15,15,0,"fit: 2, efit: 6",fit: 2,efit: 3,,,0,0,0,0,1,,
2026-01-27 16:00:04,7,15,15,0,"fit: 2, efit: 6",fit: 2,efit: 4,,,0,0,0,0,1,,
2026-01-27 16:01:14,7,15,15,0,"fit: 2, efit: 6",fit: 2,efit: 1,,,0,0,0,0,1,,
2026-01-27 16:02:41,7,15,15,0,"fit: 2, efit: 6",fit: 2,efit: 3,,,0,0,0,0,1,,
2026-01-27 16:05:05,7,15,15,0,"fit: 2, efit: 6",fit: 2,efit: 4,,,0,0,0,0,1,,
2026-01-27 16:06:15,7,15,15,0,"fit: 2, efit: 6",fit: 2,efit: 3,,,0,0,0,0,1,,
2026-01-27 16:07:42,7,15,15,0,"fit: 2, efit: 6",fit: 2,efit: 5,,,0,0,0,0,1,,
2026-01-27 16:10:06,7,15,15,0,"fit: 2, efit: 6",fit: 2,efit: 4,,,0,0,0,0,1,,
2026-01-27 16:11:16,7,15,15,0,"fit: 2, efit: 6",fit: 2,efit: 5,,,0,0,0,0,1,,
2026-01-27 16:15:08,7,15,15,0,"fit: 2, efit: 6",fit: 2,efit: 4,,,0,0,0,0,1,,
2026-01-27 16:17:44,7,15,15,0,"fit: 2, efit: 6",fit: 2,efit: 5,,,0,0,0,0,1,,
2026-01-27 16:50:16,7,15,15,0,"fit: 2, efit: 6",fit: 2,efit: 4,,,0,0,0,0,1,,
2026-01-27 16:51:23,7,15,15,0,"fit: 2, efit: 6",fit: 2,efit: 3,,,0,0,0,0,1,,
2026-01-27 16:52:50,7,15,15,0,"fit: 2, efit: 6",fit: 2,efit: 4,,,0,0,0,0,1,,
2026-01-27 16:55:18,7,15,15,0,"fit: 2, efit: 6",fit: 2,efit: 3,,,0,0,0,0,1,,
2026-01-27 16:56:23,7,15,15,0,"fit: 2, efit: 6",fit: 2,efit: 2,,,0,0,0,0,1,,
2026-01-27 16:57:51,7,15,15,0,"fit: 2, efit: 6",fit: 2,efit: 5,,,0,0,0,0,1,,
2026-01-27 17:00:19,7,15,15,0,"fit: 2, efit: 6",fit: 2,efit: 3,,,0,0,0,0,1,,
2026-01-27 17:01:24,7,15,15,0,"fit: 2, efit: 6",fit: 2,efit: 2,,,0,0,0,0,1,,
2026-01-27 17:02:52,7,15,15,0,"fit: 2, efit: 6",fit: 2,efit: 5,,,0,0,0,0,1,,
2026-01-27 17:05:20,7,15,15,0,"fit: 2, efit: 6",fit: 2,efit: 2,,,0,0,0,0,1,,
2026-01-27 17:06:25,7,15,15,0,"fit: 2, efit: 6",fit: 2,efit: 3,,,0,0,0,0,1,,
2026-01-27 17:07:53,7,15,15,0,"fit: 2, efit: 6",fit: 2,efit: 5,,,0,0,0,0,1,,
2026-01-27 17:10:21,7,15,15,0,"fit: 2, efit: 6",fit: 2,efit: 3,,,0,0,0,0,1,,
2026-01-27 17:11:26,7,15,15,0,"fit: 2, efit: 6",fit: 2,efit: 5,,,0,0,0,0,1,,
2026-01-27 17:55:33,7,15,15,0,"fit: 2, efit: 6",fit: 2,efit: 3,,,0,0,0,0,1,,
2026-01-27 17:56:33,7,15,15,0,"fit: 2, efit: 6",fit: 2,efit: 5,,,0,0,0,0,1,,
2026-01-27 18:00:34,7,15,15,0,"fit: 2, efit: 6",fit: 2,efit: 3,,,0,0,0,0,1,,
2026-01-27 18:01:34,7,15,15,0,"fit: 2, efit: 6",fit: 2,efit: 5,,,0,0,0,0,1,,
2026-01-27 18:05:35,7,15,15,0,"fit: 2, efit: 6",fit: 2,efit: 3,,,0,0,0,0,1,,
2026-01-27 18:06:35,7,15,15,0,"fit: 2, efit: 6",fit: 2,efit: 5,,,0,0,0,0,1,,
2026-01-27 18:08:03,7,15,15,0,"fit: 2, efit: 6",fit: 2,efit: 4,,,0,0,0,0,1,,
2026-01-27 18:10:37,7,15,15,0,"fit: 2, efit: 6",fit: 2,efit: 3,,,0,0,0,0,1,,
2026-01-27 18:11:35,7,15,15,0,"fit: 2, efit: 6",fit: 2,efit: 5,,,0,0,0,0,1,,
2026-01-27 18:13:04,7,15,15,0,"fit: 2, efit: 6",fit: 2,efit: 3,,,0,0,0,0,1,,
2026-01-27 18:15:38,7,15,15,0,"fit: 2, efit: 6",fit: 2,efit: 5,,,0,0,0,0,1,,
2026-01-27 18:18:05,7,15,15,0,"fit: 2, efit: 6",fit: 2,efit: 4,,,0,0,0,0,1,,
2026-01-27 18:20:39,7,15,15,0,"fit: 2, efit: 6",fit: 2,efit: 5,,,0,0,0,0,1,,
2026-01-27 18:23:06,7,15,15,0,"fit: 2, efit: 6",fit: 2,efit: 4,,,0,0,0,0,1,,
2026-01-27 18:25:40,7,15,15,0,"fit: 2, efit: 6",fit: 2,efit: 5,,,0,0,0,0,1,,
2026-01-27 19:03:13,7,15,15,0,"fit: 2, efit: 6",fit: 2,efit: 4,,,0,0,0,0,1,,
2026-01-27 19:05:50,7,15,15,0,"fit: 2, efit: 6",fit: 2,efit: 5,,,0,0,0,0,1,,
2026-01-27 19:08:14,7,15,15,0,"fit: 2, efit: 6",fit: 2,efit: 3,,,0,0,0,0,1,,
2026-01-27 19:10:52,7,15,15,0,"fit: 2, efit: 6",fit: 2,efit: 5,,,0,0,0,0,1,,
2026-01-27 19:11:45,7,15,15,0,"fit: 2, efit: 6",fit: 2,efit: 4,,,0,0,0,0,1,,
2026-01-27 19:13:15,7,15,15,0,"fit: 2, efit: 6",fit: 2,efit: 2,,,0,0,0,0,1,,
2026-01-27 19:15:53,7,15,15,0,"fit: 2, efit: 6",fit: 2,efit: 5,,,0,0,0,0,1,,
2026-01-27 19:16:46,7,15,15,0,"fit: 2, efit: 6",fit: 2,efit: 4,,,0,0,0,0,1,,
2026-01-27 19:18:16,7,15,15,0,"fit: 2, efit: 6",fit: 2,efit: 3,,,0,0,0,0,1,,
2026-01-27 19:20:54,7,15,15,0,"fit: 2, efit: 6",fit: 2,efit: 5,,,0,0,0,0,1,,
2026-01-27 19:23:17,7,15,15,0,"fit: 2, efit: 6",fit: 2,efit: 4,,,0,0,0,0,1,,
2026-01-27 19:25:56,7,15,15,0,"fit: 2, efit: 6",fit: 2,efit: 5,,,0,0,0,0,1,,
2026-01-27 19:26:47,7,15,15,0,"fit: 2, efit: 6",fit: 2,efit: 4,,,0,0,0,0,1,,
2026-01-27 19:28:18,7,15,15,0,"fit: 2, efit: 6",fit: 2,efit: 5,,,0,0,0,0,1,,
2026-01-27 20:03:24,7,15,15,0,"fit: 2, efit: 6",fit: 2,efit: 3,,,0,0,0,0,1,,
2026-01-27 20:06:06,7,15,15,0,"fit: 2, efit: 6",fit: 2,efit: 4,,,0,0,0,0,1,,
2026-01-27 20:06:54,7,15,15,0,"fit: 2, efit: 6",fit: 2,efit: 3,,,0,0,0,0,1,,
2026-01-27 20:08:25,7,15,15,0,"fit: 2, efit: 6",fit: 2,efit: 4,,,0,0,0,0,1,,
2026-01-27 20:11:54,7,15,15,0,"fit: 2, efit: 6",fit: 2,efit: 3,,,0,0,0,0,1,,
2026-01-27 20:16:55,7,15,15,0,"fit: 2, efit: 6",fit: 2,efit: 2,,,0,0,0,0,1,,
2026-01-27 20:18:26,7,15,15,0,"fit: 2, efit: 6",fit: 2,efit: 4,,,0,0,0,0,1,,
2026-01-27 20:21:10,7,15,15,0,"fit: 2, efit: 6",fit: 2,efit: 3,,,0,0,0,0,1,,
2026-01-27 20:23:27,7,15,15,0,"fit: 2, efit: 6",fit: 2,efit: 5,,,0,0,0,0,1,,
2026-01-27 20:26:11,7,15,15,0,"fit: 2, efit: 6",fit: 2,efit: 4,,,0,0,0,0,1,,
2026-01-27 20:28:28,7,15,15,0,"fit: 2, efit: 6",fit: 2,efit: 5,,,0,0,0,0,1,,
2026-01-27 20:31:12,7,15,15,0,"fit: 2, efit: 6",fit: 2,efit: 4,,,0,0,0,0,1,,
2026-01-27 20:33:29,7,15,15,0,"fit: 2, efit: 6",fit: 2,efit: 5,,,0,0,0,0,1,,
2026-01-27 21:06:21,7,15,15,0,"fit: 2, efit: 6",fit: 2,efit: 4,,,0,0,0,0,1,,
2026-01-27 21:11:23,7,15,15,0,"fit: 2, efit: 6",fit: 2,efit: 3,,,0,0,0,0,1,,
2026-01-27 21:12:04,7,15,15,0,"fit: 2, efit: 6",fit: 2,efit: 4,,,0,0,0,0,1,,
2026-01-27 21:16:24,7,15,15,0,"fit: 2, efit: 6",fit: 2,efit: 3,,,0,0,0,0,1,,
2026-01-27 21:18:37,7,15,15,0,"fit: 2, efit: 6",fit: 2,efit: 4,,,0,0,0,0,1,,
2026-01-27 21:21:25,7,15,15,0,"fit: 2, efit: 6",fit: 2,efit: 2,,,0,0,0,0,1,,
2026-01-27 21:23:37,7,15,15,0,"fit: 2, efit: 6",fit: 2,efit: 5,,,0,0,0,0,1,,
2026-01-27 21:26:26,7,15,15,0,"fit: 2, efit: 6",fit: 2,efit: 3,,,0,0,0,0,1,,
2026-01-27 21:27:07,7,15,15,0,"fit: 2, efit: 6",fit: 2,efit: 5,,,0,0,0,0,1,,
2026-01-27 22:11:37,7,15,15,0,"fit: 2, efit: 6",fit: 2,efit: 4,,,0,0,0,0,1,,
2026-01-27 22:13:46,7,15,15,0,"fit: 2, efit: 6",fit: 2,efit: 5,,,0,0,0,0,1,,
2026-01-27 22:16:39,7,15,15,0,"fit: 2, efit: 6",fit: 2,efit: 4,,,0,0,0,0,1,,
2026-01-27 22:18:47,7,15,15,0,"fit: 2, efit: 6",fit: 2,efit: 5,,,0,0,0,0,1,,
2026-01-27 22:21:40,7,15,15,0,"fit: 2, efit: 6",fit: 2,efit: 4,,,0,0,0,0,1,,
2026-01-27 22:23:48,7,15,15,0,"fit: 2, efit: 6",fit: 2,efit: 5,,,0,0,0,0,1,,
2026-01-27 22:26:41,7,15,15,0,"fit: 2, efit: 6",fit: 2,efit: 3,,,0,0,0,0,1,,
2026-01-27 22:27:16,7,15,15,0,"fit: 2, efit: 6",fit: 2,efit: 4,,,0,0,0,0,1,,
2026-01-27 22:31:42,7,15,15,0,"fit: 2, efit: 6",fit: 2,efit: 5,,,0,0,0,0,1,,
2026-01-27 22:33:49,7,15,15,0,"fit: 2, efit: 6",fit: 2,efit: 4,,,0,0,0,0,1,,
2026-01-27 22:36:44,7,15,15,0,"fit: 2, efit: 6",fit: 2,efit: 5,,,0,0,0,0,1,,
2026-01-27 22:38:50,7,15,15,0,"fit: 2, efit: 6",fit: 2,efit: 4,,,0,0,0,0,1,,
2026-01-27 22:41:45,7,15,15,0,"fit: 2, efit: 6",fit: 2,efit: 5,,,0,0,0,0,1,,
2026-01-27 23:16:54,7,15,15,0,"fit: 2, efit: 6",fit: 2,efit: 4,,,0,0,0,0,1,,
2026-01-27 23:18:57,7,15,15,0,"fit: 2, efit: 6",fit: 2,efit: 5,,,0,0,0,0,1,,
2026-01-27 23:21:55,7,15,15,0,"fit: 2, efit: 6",fit: 2,efit: 4,,,0,0,0,0,1,,
2026-01-27 23:22:25,7,15,15,0,"fit: 2, efit: 6",fit: 2,efit: 5,,,0,0,0,0,1,,
2026-01-27 23:23:58,7,15,15,0,"fit: 2, efit: 6",fit: 2,efit: 4,,,0,0,0,0,1,,
2026-01-27 23:27:26,7,15,15,0,"fit: 2, efit: 6",fit: 2,efit: 5,,,0,0,0,0,1,,
2026-01-27 23:28:59,7,15,15,0,"fit: 2, efit: 6",fit: 2,efit: 3,,,0,0,0,0,1,,
2026-01-27 23:31:57,7,15,15,0,"fit: 2, efit: 6",fit: 2,efit: 5,,,0,0,0,0,1,,
2026-01-27 23:34:00,7,15,15,0,"fit: 2, efit: 6",fit: 2,efit: 3,,,0,0,0,0,1,,
2026-01-27 23:36:58,7,15,15,0,"fit: 2, efit: 6",fit: 2,efit: 5,,,0,0,0,0,1,,
2026-01-27 23:39:01,7,15,15,0,"fit: 2, efit: 6",fit: 2,efit: 3,,,0,0,0,0,1,,
2026-01-27 23:41:59,7,15,15,0,"fit: 2, efit: 6",fit: 2,efit: 5,,,0,0,0,0,1,,
2026-01-27 23:44:01,7,15,15,0,"fit: 2, efit: 6",fit: 2,efit: 4,,,0,0,0,0,1,,
2026-01-27 23:47:01,7,15,15,0,"fit: 2, efit: 6",fit: 2,efit: 5,,,0,0,0,0,1,,
2026-01-28 00:02:05,7,15,15,0,"fit: 2, efit: 6",fit: 2,efit: 5,,,0,0,0,0,1,,
2026-01-28 00:19:07,7,15,15,0,"fit: 2, efit: 6",fit: 2,efit: 4,,,0,0,0,0,1,,
2026-01-28 00:22:10,7,15,15,0,"fit: 2, efit: 6",fit: 2,efit: 5,,,0,0,0,0,1,,
2026-01-28 00:24:08,7,15,15,0,"fit: 2, efit: 6",fit: 2,efit: 4,,,0,0,0,0,1,,
2026-01-28 00:27:11,7,15,15,0,"fit: 2, efit: 6",fit: 2,efit: 5,,,0,0,0,0,1,,
2026-01-28 00:27:35,7,15,15,0,"fit: 2, efit: 6",fit: 2,efit: 4,,,0,0,0,0,1,,
2026-01-28 00:29:09,7,15,15,0,"fit: 2, efit: 6",fit: 2,efit: 2,,,0,0,0,0,1,,
2026-01-28 00:32:13,7,15,15,0,"fit: 2, efit: 6",fit: 2,efit: 4,,,0,0,0,0,1,,
2026-01-28 00:32:36,7,15,15,0,"fit: 2, efit: 6",fit: 2,efit: 3,,,0,0,0,0,1,,
2026-01-28 00:39:11,7,15,15,0,"fit: 2, efit: 6",fit: 2,efit: 5,,,0,0,0,0,1,,
2026-01-28 00:42:15,7,15,15,0,"fit: 2, efit: 6",fit: 2,efit: 3,,,0,0,0,0,1,,
2026-01-28 00:44:12,7,15,15,0,"fit: 2, efit: 6",fit: 2,efit: 5,,,0,0,0,0,1,,
2026-01-28 00:47:16,7,15,15,0,"fit: 2, efit: 6",fit: 2,efit: 4,,,0,0,0,0,1,,
2026-01-28 00:49:12,7,15,15,0,"fit: 2, efit: 6",fit: 2,efit: 5,,,0,0,0,0,1,,
2026-01-28 01:22:44,7,15,15,0,"fit: 2, efit: 6",fit: 2,efit: 4,,,0,0,0,0,1,,
2026-01-28 01:27:45,7,15,15,0,"fit: 2, efit: 6",fit: 2,efit: 3,,,0,0,0,0,1,,
2026-01-28 01:29:19,7,15,15,0,"fit: 2, efit: 6",fit: 2,efit: 5,,,0,0,0,0,1,,
2026-01-28 01:32:28,7,15,15,0,"fit: 2, efit: 6",fit: 2,efit: 2,,,0,0,0,0,1,,
2026-01-28 01:34:20,7,15,15,0,"fit: 2, efit: 6",fit: 2,efit: 5,,,0,0,0,0,1,,
2026-01-28 01:37:29,7,15,15,0,"fit: 2, efit: 6",fit: 2,efit: 2,,,0,0,0,0,1,,
2026-01-28 01:39:21,7,15,15,0,"fit: 2, efit: 6",fit: 2,efit: 5,,,0,0,0,0,1,,
2026-01-28 01:42:30,7,15,15,0,"fit: 2, efit: 6",fit: 2,efit: 4,,,0,0,0,0,1,,
2026-01-28 01:44:22,7,15,15,0,"fit: 2, efit: 6",fit: 2,efit: 5,,,0,0,0,0,1,,
2026-01-28 01:47:31,7,15,15,0,"fit: 2, efit: 6",fit: 2,efit: 4,,,0,0,0,0,1,,
2026-01-28 01:49:23,7,15,15,0,"fit: 2, efit: 6",fit: 2,efit: 5,,,0,0,0,0,1,,
2026-01-28 01:52:33,7,15,15,0,"fit: 2, efit: 6",fit: 2,efit: 4,,,0,0,0,0,1,,
2026-01-28 01:54:24,7,15,15,0,"fit: 2, efit: 6",fit: 2,efit: 5,,,0,0,0,0,1,,
2026-01-28 02:27:41,7,15,15,0,"fit: 2, efit: 6",fit: 2,efit: 3,,,0,0,0,0,1,,
2026-01-28 02:29:30,7,15,15,0,"fit: 2, efit: 6",fit: 2,efit: 5,,,0,0,0,0,1,,
2026-01-28 02:32:42,7,15,15,0,"fit: 2, efit: 6",fit: 2,efit: 3,,,0,0,0,0,1,,
2026-01-28 02:34:31,7,15,15,0,"fit: 2, efit: 6",fit: 2,efit: 5,,,0,0,0,0,1,,
2026-01-28 02:37:44,7,15,15,0,"fit: 2, efit: 6",fit: 2,efit: 3,,,0,0,0,0,1,,
2026-01-28 02:39:31,7,15,15,0,"fit: 2, efit: 6",fit: 2,efit: 4,,,0,0,0,0,1,,
2026-01-28 02:42:45,7,15,15,0,"fit: 2, efit: 6",fit: 2,efit: 3,,,0,0,0,0,1,,
2026-01-28 02:42:57,7,15,15,0,"fit: 2, efit: 6",fit: 2,efit: 5,,,0,0,0,0,1,,
2026-01-28 02:44:32,7,15,15,0,"fit: 2, efit: 6",fit: 2,efit: 4,,,0,0,0,0,1,,
2026-01-28 02:47:46,7,15,15,0,"fit: 2, efit: 6",fit: 2,efit: 5,,,0,0,0,0,1,,
2026-01-28 02:49:33,7,15,15,0,"fit: 2, efit: 6",fit: 2,efit: 4,,,0,0,0,0,1,,
2026-01-28 02:52:47,7,15,15,0,"fit: 2, efit: 6",fit: 2,efit: 5,,,0,0,0,0,1,,
2026-01-28 02:54:34,7,15,15,0,"fit: 2, efit: 6",fit: 2,efit: 4,,,0,0,0,0,1,,
2026-01-28 02:57:49,7,15,15,0,"fit: 2, efit: 6",fit: 2,efit: 5,,,0,0,0,0,1,,
2026-01-28 03:42:59,7,15,15,0,"fit: 2, efit: 6",fit: 2,efit: 4,,,0,0,0,0,1,,
2026-01-28 03:44:43,7,15,15,0,"fit: 2, efit: 6",fit: 2,efit: 3,,,0,0,0,0,1,,
2026-01-28 03:48:01,7,15,15,0,"fit: 2, efit: 6",fit: 2,efit: 4,,,0,0,0,0,1,,
2026-01-28 04:03:05,7,15,15,0,"fit: 2, efit: 6",fit: 2,efit: 5,,,0,0,0,0,1,,
2026-01-28 04:24:50,7,15,15,0,"fit: 2, efit: 6",fit: 2,efit: 6,,,0,0,0,0,1,,
2026-01-28 04:34:51,7,15,15,0,"fit: 2, efit: 6",fit: 2,efit: 5,,,0,0,0,0,1,,
2026-01-28 04:39:52,7,15,15,0,"fit: 2, efit: 6",fit: 2,efit: 3,,,0,0,0,0,1,,
2026-01-28 04:43:15,7,15,15,0,"fit: 2, efit: 6",fit: 2,efit: 5,,,0,0,0,0,1,,
2026-01-28 04:44:53,7,15,15,0,"fit: 2, efit: 6",fit: 2,efit: 3,,,0,0,0,0,1,,
2026-01-28 04:48:16,7,15,15,0,"fit: 2, efit: 6",fit: 2,efit: 2,,,0,0,0,0,1,,
2026-01-28 04:49:54,7,15,15,0,"fit: 2, efit: 6",fit: 2,efit: 5,,,0,0,0,0,1,,
2026-01-28 04:53:17,7,15,15,0,"fit: 2, efit: 6",fit: 2,efit: 4,,,0,0,0,0,1,,
2026-01-28 04:54:55,7,15,15,0,"fit: 2, efit: 6",fit: 2,efit: 5,,,0,0,0,0,1,,
2026-01-28 04:58:18,7,15,15,0,"fit: 2, efit: 6",fit: 2,efit: 4,,,0,0,0,0,1,,
2026-01-28 04:59:56,7,15,15,0,"fit: 2, efit: 6",fit: 2,efit: 6,,,0,0,0,0,1,,
2026-01-28 05:03:18,7,15,15,0,"fit: 2, efit: 6",fit: 2,efit: 5,,,0,0,0,0,1,,
2026-01-28 05:04:57,7,15,15,0,"fit: 2, efit: 6",fit: 2,efit: 6,,,0,0,0,0,1,,
2026-01-28 05:35:02,7,15,15,0,"fit: 2, efit: 6",fit: 2,efit: 5,,,0,0,0,0,1,,
2026-01-28 05:43:24,7,15,15,0,"fit: 2, efit: 6",fit: 2,efit: 4,,,0,0,0,0,1,,
2026-01-28 05:45:04,7,15,15,0,"fit: 2, efit: 6",fit: 2,efit: 5,,,0,0,0,0,1,,
2026-01-28 05:48:24,7,15,15,0,"fit: 2, efit: 6",fit: 2,efit: 3,,,0,0,0,0,1,,
2026-01-28 05:48:28,7,15,15,0,"fit: 2, efit: 6",fit: 2,efit: 4,,,0,0,0,0,1,,
2026-01-28 05:53:25,7,15,15,0,"fit: 2, efit: 6",fit: 2,efit: 5,,,0,0,0,0,1,,
2026-01-28 05:55:05,7,15,15,0,"fit: 2, efit: 6",fit: 2,efit: 6,,,0,0,0,0,1,,
2026-01-28 05:58:26,7,15,15,0,"fit: 2, efit: 6",fit: 2,efit: 5,,,0,0,0,0,1,,
2026-01-28 06:00:06,7,15,15,0,"fit: 2, efit: 6",fit: 2,efit: 6,,,0,0,0,0,1,,
2026-01-28 06:18:29,7,15,15,0,"fit: 2, efit: 6",fit: 2,efit: 5,,,0,0,0,0,1,,
2026-01-28 06:20:10,7,15,15,0,"fit: 2, efit: 6",fit: 2,efit: 6,,,0,0,0,0,1,,
2026-01-28 06:38:32,7,15,15,0,"fit: 2, efit: 6",fit: 2,efit: 5,,,0,0,0,0,1,,
2026-01-28 06:48:34,7,15,15,0,"fit: 2, efit: 6",fit: 2,efit: 4,,,0,0,0,0,1,,
2026-01-28 06:50:15,7,15,15,0,"fit: 2, efit: 6",fit: 2,efit: 6,,,0,0,0,0,1,,
2026-01-28 06:53:35,7,15,15,0,"fit: 2, efit: 6",fit: 2,efit: 5,,,0,0,0,0,1,,
2026-01-28 06:53:44,7,15,15,0,"fit: 2, efit: 6",fit: 2,efit: 6,,,0,0,0,0,1,,
2026-01-28 06:55:16,7,15,15,0,"fit: 2, efit: 6",fit: 2,efit: 4,,,0,0,0,0,1,,
2026-01-28 06:58:36,7,15,15,0,"fit: 2, efit: 6",fit: 2,efit: 6,,,0,0,0,0,1,,
2026-01-28 07:00:17,7,15,15,0,"fit: 2, efit: 6",fit: 2,efit: 4,,,0,0,0,0,1,,
2026-01-28 07:03:36,7,15,15,0,"fit: 2, efit: 6",fit: 2,efit: 6,,,0,0,0,0,1,,
2026-01-28 07:05:18,7,15,15,0,"fit: 2, efit: 6","fit: 2, efit: 1",efit: 4,,,0,0,0,0,1,,
2026-01-28 07:08:37,7,15,15,0,"fit: 2, efit: 6",fit: 2,efit: 5,,,0,0,0,0,1,,
2026-01-28 07:08:48,7,15,15,0,"fit: 2, efit: 6","fit: 2, efit: 1",efit: 5,,,0,0,0,0,1,,
2026-01-28 07:10:18,7,15,15,0,"fit: 2, efit: 6",fit: 2,efit: 4,,,0,0,0,0,1,,
2026-01-28 07:13:38,7,15,15,0,"fit: 2, efit: 6",fit: 2,efit: 6,,,0,0,0,0,1,,
2026-01-28 07:50:25,7,15,15,0,"fit: 2, efit: 6",fit: 2,efit: 5,,,0,0,0,0,1,,
2026-01-28 07:53:44,7,15,15,0,"fit: 2, efit: 6",fit: 2,efit: 6,,,0,0,0,0,1,,
2026-01-28 07:55:26,7,15,15,0,"fit: 2, efit: 6",fit: 2,efit: 5,,,0,0,0,0,1,,
2026-01-28 07:59:01,7,15,15,0,"fit: 2, efit: 6",fit: 2,efit: 4,,,0,0,0,0,1,,
2026-01-28 08:00:27,7,15,15,0,"fit: 2, efit: 6",fit: 2,efit: 3,,,0,0,0,0,1,,
2026-01-28 08:03:46,7,15,15,0,"fit: 2, efit: 6",fit: 2,efit: 5,,,0,0,0,0,1,,
2026-01-28 08:05:28,7,15,15,0,"fit: 2, efit: 6",fit: 2,efit: 4,,,0,0,0,0,1,,
2026-01-28 08:08:47,7,15,15,0,"fit: 2, efit: 6",fit: 2,efit: 5,,,0,0,0,0,1,,
2026-01-28 08:10:29,7,15,15,0,"fit: 2, efit: 6",fit: 2,efit: 4,,,0,0,0,0,1,,
2026-01-28 08:13:47,7,15,15,0,"fit: 2, efit: 6",fit: 2,efit: 5,,,0,0,0,0,1,,
2026-01-28 08:15:29,7,15,15,0,"fit: 2, efit: 6",fit: 2,efit: 4,,,0,0,0,0,1,,
2026-01-28 08:18:48,7,15,15,0,"fit: 2, efit: 6",fit: 2,efit: 6,,,0,0,0,0,1,,
2026-01-28 08:20:30,7,15,15,0,"fit: 2, efit: 6",fit: 2,efit: 5,,,0,0,0,0,1,,
2026-01-28 08:23:49,7,15,15,0,"fit: 2, efit: 6",fit: 2,efit: 6,,,0,0,0,0,1,,
2026-01-28 08:25:31,7,15,15,0,"fit: 2, efit: 6",fit: 2,efit: 5,,,0,0,0,0,1,,
2026-01-28 08:28:50,7,15,15,0,"fit: 2, efit: 6",fit: 2,efit: 6,,,0,0,0,0,1,,
2026-01-28 08:49:13,7,15,15,0,"fit: 2, efit: 6",fit: 2,efit: 5,,,0,0,0,0,1,,
2026-01-28 08:59:16,7,15,15,0,"fit: 2, efit: 6",fit: 2,efit: 4,,,0,0,0,0,1,,
2026-01-28 09:00:37,7,15,15,0,"fit: 2, efit: 6",fit: 2,efit: 5,,,0,0,0,0,1,,
2026-01-28 09:03:55,7,15,15,0,"fit: 2, efit: 6",fit: 2,efit: 4,,,0,0,0,0,1,,
2026-01-28 09:04:17,7,15,15,0,"fit: 2, efit: 6",fit: 2,efit: 3,,,0,0,0,0,1,,
2026-01-28 09:05:38,7,15,15,0,"fit: 2, efit: 6",fit: 2,efit: 4,,,0,0,0,0,1,,
2026-01-28 09:10:39,7,15,15,0,"fit: 2, efit: 6",fit: 2,efit: 6,,,0,0,0,0,1,,
2026-01-28 09:13:57,7,15,15,0,"fit: 2, efit: 6",fit: 2,efit: 5,,,0,0,0,0,1,,
2026-01-28 09:15:40,7,15,15,0,"fit: 2, efit: 6",fit: 2,efit: 6,,,0,0,0,0,1,,
2026-01-28 09:18:58,7,15,15,0,"fit: 2, efit: 6",fit: 2,efit: 5,,,0,0,0,0,1,,
2026-01-28 09:23:59,7,15,15,0,"fit: 2, efit: 6",fit: 2,efit: 6,,,0,0,0,0,1,,
2026-01-28 09:40:45,7,15,15,0,"fit: 2, efit: 6",fit: 2,efit: 5,,,0,0,0,0,1,,
2026-01-28 09:44:02,7,15,15,0,"fit: 2, efit: 6",fit: 2,efit: 6,,,0,0,0,0,1,,
2026-01-28 09:45:46,7,15,15,0,"fit: 2, efit: 6",fit: 2,efit: 5,,,0,0,0,0,1,,
2026-01-28 09:49:03,7,15,15,0,"fit: 2, efit: 6",fit: 2,efit: 6,,,0,0,0,0,1,,
2026-01-28 09:50:46,7,15,15,0,"fit: 2, efit: 6",fit: 2,efit: 5,,,0,0,0,0,1,,
2026-01-28 09:59:04,7,15,15,0,"fit: 2, efit: 6",fit: 2,efit: 4,,,0,0,0,0,1,,
2026-01-28 09:59:30,7,15,15,0,"fit: 2, efit: 6",fit: 2,efit: 5,,,0,0,0,0,1,,
2026-01-28 10:00:48,7,15,15,0,"fit: 2, efit: 6",fit: 2,efit: 6,,,0,0,0,0,1,,
2026-01-28 10:04:05,7,15,15,0,"fit: 2, efit: 6",fit: 2,efit: 5,,,0,0,0,0,1,,
2026-01-28 10:04:31,7,15,15,0,"fit: 2, efit: 6",fit: 2,efit: 6,,,0,0,0,0,1,,
2026-01-28 10:09:06,7,15,15,0,"fit: 2, efit: 6",fit: 2,efit: 3,,,0,0,0,0,1,,
2026-01-28 10:09:33,7,15,15,0,"fit: 2, efit: 6",fit: 2,efit: 5,,,0,0,0,0,1,,
2026-01-28 10:10:50,7,15,15,0,"fit: 2, efit: 6",fit: 2,efit: 6,,,0,0,0,0,1,,
2026-01-28 10:14:07,7,15,15,0,"fit: 2, efit: 6",fit: 2,efit: 4,,,0,0,0,0,1,,
2026-01-28 10:14:34,7,15,15,0,"fit: 2, efit: 6",fit: 2,efit: 5,,,0,0,0,0,1,,
2026-01-28 10:15:51,7,15,15,0,"fit: 2, efit: 6",fit: 2,efit: 6,,,0,0,0,0,1,,
2026-01-28 10:19:08,7,15,15,0,"fit: 2, efit: 6",fit: 2,efit: 5,,,0,0,0,0,1,,
2026-01-28 10:29:10,7,15,15,0,"fit: 2, efit: 6",fit: 2,efit: 6,,,0,0,0,0,1,,
2026-01-28 10:44:12,7,15,15,0,"fit: 2, efit: 6",fit: 2,efit: 5,,,0,0,0,0,1,,
2026-01-28 10:45:56,7,15,15,0,"fit: 2, efit: 6",fit: 2,efit: 6,,,0,0,0,0,1,,
2026-01-28 10:49:13,7,15,15,0,"fit: 2, efit: 6",fit: 2,efit: 5,,,0,0,0,0,1,,
2026-01-28 10:59:15,7,15,15,0,"fit: 2, efit: 6",fit: 2,efit: 6,,,0,0,0,0,1,,
2026-01-28 10:59:45,7,15,15,0,"fit: 2, efit: 6",fit: 2,efit: 5,,,0,0,0,0,1,,
2026-01-28 11:04:16,7,15,15,0,"fit: 2, efit: 6",fit: 2,efit: 6,,,0,0,0,0,1,,
2026-01-28 11:06:00,7,15,15,0,"fit: 2, efit: 6",fit: 2,efit: 5,,,0,0,0,0,1,,
2026-01-28 11:09:16,7,15,15,0,"fit: 2, efit: 6",fit: 2,efit: 6,,,0,0,0,0,1,,
2026-01-28 11:11:01,7,15,15,0,"fit: 2, efit: 6",fit: 2,efit: 5,,,0,0,0,0,1,,
2026-01-28 11:14:17,7,15,15,0,"fit: 2, efit: 6",fit: 2,efit: 6,,,0,0,0,0,1,,
2026-01-28 11:16:02,7,15,15,0,"fit: 2, efit: 6",fit: 2,efit: 5,,,0,0,0,0,1,,
2026-01-28 11:19:18,7,15,15,0,"fit: 2, efit: 6",fit: 2,efit: 6,,,0,0,0,0,1,,
2026-01-28 11:19:50,7,15,15,0,"fit: 2, efit: 6",fit: 2,efit: 5,,,0,0,0,0,1,,
2026-01-28 11:26:04,7,15,15,0,"fit: 2, efit: 6",fit: 2,efit: 6,,,0,0,0,0,1,,
2026-01-28 11:29:20,7,15,15,0,"fit: 2, efit: 6",fit: 2,efit: 5,,,0,0,0,0,1,,
2026-01-28 11:31:05,7,15,15,0,"fit: 2, efit: 6",fit: 2,efit: 6,,,0,0,0,0,1,,
2026-01-28 11:49:23,7,15,15,0,"fit: 2, efit: 6",fit: 2,efit: 5,,,0,0,0,0,1,,
2026-01-28 11:56:09,7,15,15,0,"fit: 2, efit: 6",fit: 2,efit: 6,,,0,0,0,0,1,,
2026-01-28 11:59:25,7,15,15,0,"fit: 2, efit: 6",fit: 2,efit: 5,,,0,0,0,0,1,,
2026-01-28 12:06:11,7,15,15,0,"fit: 2, efit: 6",fit: 2,efit: 4,,,0,0,0,0,1,,
2026-01-28 12:09:26,7,15,15,0,"fit: 2, efit: 6",fit: 2,efit: 6,,,0,0,0,0,1,,
2026-01-28 12:10:04,7,15,15,0,"fit: 2, efit: 6",fit: 2,efit: 5,,,0,0,0,0,1,,
2026-01-28 12:11:12,7,15,15,0,"fit: 2, efit: 6",fit: 2,efit: 4,,,0,0,0,0,1,,
2026-01-28 12:14:27,7,15,15,0,"fit: 2, efit: 6",fit: 2,efit: 6,,,0,0,0,0,1,,
2026-01-28 12:15:05,7,15,15,0,"fit: 2, efit: 6",fit: 2,efit: 5,,,0,0,0,0,1,,
2026-01-28 12:16:13,7,15,15,0,"fit: 2, efit: 6",fit: 2,efit: 3,,,0,0,0,0,1,,
2026-01-28 12:19:28,7,15,15,0,"fit: 2, efit: 6",fit: 2,efit: 5,,,0,0,0,0,1,,
2026-01-28 12:20:06,7,15,15,0,"fit: 2, efit: 6",fit: 2,efit: 4,,,0,0,0,0,1,,
2026-01-28 12:24:28,7,15,15,0,"fit: 2, efit: 6",fit: 2,efit: 5,,,0,0,0,0,1,,
2026-01-28 12:30:09,7,15,15,0,"fit: 2, efit: 6",fit: 2,efit: 6,,,0,0,0,0,1,,
2026-01-28 12:31:15,7,15,15,0,"fit: 2, efit: 6",fit: 2,efit: 5,,,0,0,0,0,1,,
2026-01-28 12:35:10,7,15,15,0,"fit: 2, efit: 6",fit: 2,efit: 6,,,0,0,0,0,1,,
2026-01-28 12:46:18,7,15,15,0,"fit: 2, efit: 6",fit: 2,efit: 5,,,0,0,0,0,1,,
2026-01-28 12:49:32,7,15,15,0,"fit: 2, efit: 6",fit: 2,efit: 6,,,0,0,0,0,1,,
2026-01-28 13:04:35,7,15,15,0,"fit: 2, efit: 6",fit: 2,efit: 5,,,0,0,0,0,1,,
2026-01-28 13:06:21,7,15,15,0,"fit: 2, efit: 6",fit: 2,efit: 6,,,0,0,0,0,1,,
2026-01-28 13:09:36,7,15,15,0,"fit: 2, efit: 6",fit: 2,efit: 5,,,0,0,0,0,1,,
2026-01-28 13:11:22,7,15,15,0,"fit: 2, efit: 6",fit: 2,efit: 6,,,0,0,0,0,1,,
2026-01-28 13:14:36,7,15,15,0,"fit: 2, efit: 6",fit: 2,efit: 5,,,0,0,0,0,1,,
2026-01-28 13:15:20,7,15,15,0,"fit: 2, efit: 6",fit: 2,efit: 6,,,0,0,0,0,1,,
2026-01-28 13:19:37,7,15,15,0,"fit: 2, efit: 6",fit: 2,efit: 5,,,0,0,0,0,1,,
2026-01-28 13:26:25,7,15,15,0,"fit: 2, efit: 6",fit: 2,efit: 6,,,0,0,0,0,1,,
2026-01-28 13:29:39,7,15,15,0,"fit: 2, efit: 6",fit: 2,efit: 5,,,0,0,0,0,1,,
2026-01-28 13:31:26,7,15,15,0,"fit: 2, efit: 6",fit: 2,efit: 6,,,0,0,0,0,1,,
2026-01-28 13:34:40,7,15,15,0,"fit: 2, efit: 6",fit: 2,efit: 5,,,0,0,0,0,1,,
2026-01-28 13:35:25,7,15,15,0,"fit: 2, efit: 6",fit: 2,efit: 4,,,0,0,0,0,1,,
2026-01-28 13:36:27,7,15,15,0,"fit: 2, efit: 6",fit: 2,efit: 5,,,0,0,0,0,1,,
2026-01-28 13:44:41,7,15,15,0,"fit: 2, efit: 6",fit: 2,efit: 6,,,0,0,0,0,1,,
2026-01-28 13:45:28,7,15,15,0,"fit: 2, efit: 6",fit: 2,efit: 5,,,0,0,0,0,1,,
2026-01-28 13:49:42,7,15,15,0,"fit: 2, efit: 6",fit: 2,efit: 6,,,0,0,0,0,1,,
2026-01-28 13:50:29,7,15,15,0,"fit: 2, efit: 6",fit: 2,efit: 5,,,0,0,0,0,1,,
2026-01-28 13:54:43,7,15,15,0,"fit: 2, efit: 6",fit: 2,efit: 6,,,0,0,0,0,1,,
2026-01-28 14:09:45,7,15,15,0,"fit: 2, efit: 6",fit: 2,efit: 5,,,0,0,0,0,1,,
2026-01-28 14:14:46,7,15,15,0,"fit: 2, efit: 6",fit: 2,efit: 6,,,0,0,0,0,1,,
2026-01-28 14:21:34,7,15,15,0,"fit: 2, efit: 6",fit: 2,efit: 5,,,0,0,0,0,1,,
2026-01-28 14:25:38,7,15,15,0,"fit: 2, efit: 6",fit: 2,efit: 6,,,0,0,0,0,1,,
2026-01-28 14:26:35,7,15,15,0,"fit: 2, efit: 6",fit: 2,efit: 5,,,0,0,0,0,1,,
2026-01-28 14:29:48,7,15,15,0,"fit: 2, efit: 6",fit: 2,efit: 4,,,0,0,0,0,1,,
2026-01-28 14:30:40,7,15,15,0,"fit: 2, efit: 6",fit: 2,efit: 6,,,0,0,0,0,1,,
2026-01-28 14:34:49,7,15,15,0,"fit: 2, efit: 6",fit: 2,efit: 4,,,0,0,0,0,1,,
2026-01-28 14:35:41,7,15,15,0,"fit: 2, efit: 6",fit: 2,efit: 6,,,0,0,0,0,1,,
2026-01-28 14:39:50,7,15,15,0,"fit: 2, efit: 6",fit: 2,efit: 3,,,0,0,0,0,1,,
2026-01-28 14:40:42,7,15,15,0,"fit: 2, efit: 6",fit: 2,efit: 4,,,0,0,0,0,1,,
2026-01-28 14:41:38,7,15,15,0,"fit: 2, efit: 6",fit: 2,efit: 6,,,0,0,0,0,1,,
2026-01-28 14:44:51,7,15,15,0,"fit: 2, efit: 6",fit: 2,efit: 4,,,0,0,0,0,1,,
2026-01-28 14:45:43,7,15,15,0,"fit: 2, efit: 6",fit: 2,efit: 5,,,0,0,0,0,1,,
2026-01-28 14:46:39,7,15,15,0,"fit: 2, efit: 6",fit: 2,efit: 6,,,0,0,0,0,1,,
2026-01-28 14:49:52,7,15,15,0,"fit: 2, efit: 6",fit: 2,efit: 5,,,0,0,0,0,1,,
2026-01-28 14:50:45,7,15,15,0,"fit: 2, efit: 6",fit: 2,efit: 6,,,0,0,0,0,1,,
2026-01-28 14:54:52,7,15,15,0,"fit: 2, efit: 6",fit: 2,efit: 5,,,0,0,0,0,1,,
2026-01-28 14:55:46,7,15,15,0,"fit: 2, efit: 6",fit: 2,efit: 6,,,0,0,0,0,1,,
2026-01-28 15:15:51,7,15,15,0,"fit: 2, efit: 6",fit: 2,efit: 5,,,0,0,0,0,1,,
2026-01-28 15:19:56,7,15,15,0,"fit: 2, efit: 6",fit: 2,efit: 6,,,0,0,0,0,1,,
2026-01-28 15:20:52,7,15,15,0,"fit: 2, efit: 6",fit: 2,efit: 5,,,0,0,0,0,1,,
2026-01-28 15:24:57,7,15,15,0,"fit: 2, efit: 6",fit: 2,efit: 6,,,0,0,0,0,1,,
2026-01-28 15:25:53,7,15,15,0,"fit: 2, efit: 6",fit: 2,efit: 5,,,0,0,0,0,1,,
2026-01-28 15:35:56,7,15,15,0,"fit: 2, efit: 6",fit: 2,efit: 6,,,0,0,0,0,1,,
2026-01-28 15:39:59,7,15,15,0,"fit: 2, efit: 6",fit: 2,efit: 4,,,0,0,0,0,1,,
2026-01-28 15:40:57,7,15,15,0,"fit: 2, efit: 6",fit: 2,efit: 6,,,0,0,0,0,1,,
2026-01-28 16:20:06,7,15,15,0,"fit: 2, efit: 6",fit: 2,efit: 5,,,0,0,0,0,1,,
2026-01-28 16:21:55,7,15,15,0,"fit: 2, efit: 6",fit: 2,efit: 6,,,0,0,0,0,1,,
2026-01-28 16:25:07,7,15,15,0,"fit: 2, efit: 6",fit: 2,efit: 5,,,0,0,0,0,1,,
2026-01-28 16:26:08,7,15,15,0,"fit: 2, efit: 6",fit: 2,efit: 6,,,0,0,0,0,1,,
2026-01-28 16:30:08,7,15,15,0,"fit: 2, efit: 6",fit: 2,efit: 5,,,0,0,0,0,1,,
2026-01-28 16:31:10,7,15,15,0,"fit: 2, efit: 6",fit: 2,efit: 6,,,0,0,0,0,1,,
2026-01-28 16:35:09,7,15,15,0,"fit: 2, efit: 6",fit: 2,efit: 5,,,0,0,0,0,1,,
2026-01-28 16:36:11,7,15,15,0,"fit: 3, efit: 6",fit: 3,efit: 6,,,0,0,0,0,1,,
2026-01-28 16:41:58,7,15,15,0,"fit: 3, efit: 6",fit: 3,efit: 5,,,0,0,0,0,1,,
2026-01-28 16:45:10,7,15,15,0,"fit: 3, efit: 6",fit: 3,efit: 6,,,0,0,0,0,1,,
2026-01-28 16:46:59,7,15,15,0,"fit: 3, efit: 6",fit: 3,efit: 4,,,0,0,0,0,1,,
2026-01-28 16:50:11,7,15,15,0,"fit: 3, efit: 6",fit: 3,efit: 6,,,0,0,0,0,1,,
2026-01-28 16:52:00,7,15,15,0,"fit: 3, efit: 6",fit: 3,efit: 5,,,0,0,0,0,1,,
2026-01-28 16:55:12,7,15,15,0,"fit: 3, efit: 6",fit: 3,efit: 6,,,0,0,0,0,1,,
2026-01-28 16:56:16,7,15,15,0,"fit: 3, efit: 6",fit: 3,efit: 5,,,0,0,0,0,1,,
2026-01-28 17:00:13,7,15,15,0,"fit: 3, efit: 6",fit: 3,efit: 6,,,0,0,0,0,1,,
2026-01-28 17:01:17,7,15,15,0,"fit: 3, efit: 6",fit: 3,efit: 5,,,0,0,0,0,1,,
2026-01-28 17:05:14,7,15,15,0,"fit: 3, efit: 6",fit: 3,efit: 6,,,0,0,0,0,1,,
2026-01-28 17:32:07,7,15,15,0,"fit: 3, efit: 6",fit: 3,efit: 5,,,0,0,0,0,1,,
2026-01-28 17:35:19,7,15,15,0,"fit: 3, efit: 6",fit: 3,efit: 6,,,0,0,0,0,1,,
2026-01-28 17:36:26,7,15,15,0,"fit: 3, efit: 6",fit: 3,efit: 5,,,0,0,0,0,1,,
2026-01-28 17:37:08,7,15,15,0,"fit: 3, efit: 6",fit: 3,efit: 4,,,0,0,0,0,1,,
2026-01-28 17:40:20,7,15,15,0,"fit: 3, efit: 6",fit: 3,efit: 6,,,0,0,0,0,1,,
2026-01-28 17:42:10,7,15,15,0,"fit: 3, efit: 6",fit: 3,efit: 5,,,0,0,0,0,1,,
2026-01-28 17:45:21,7,15,15,0,"fit: 3, efit: 6",fit: 3,efit: 6,,,0,0,0,0,1,,
2026-01-28 17:46:28,7,15,15,0,"fit: 3, efit: 6",fit: 3,efit: 5,,,0,0,0,0,1,,
2026-01-28 17:50:21,7,15,15,0,"fit: 3, efit: 6",fit: 3,efit: 6,,,0,0,0,0,1,,
2026-01-28 17:51:29,7,15,15,0,"fit: 3, efit: 6",fit: 3,efit: 4,,,0,0,0,0,1,,
2026-01-28 17:52:11,7,15,15,0,"fit: 3, efit: 6",fit: 3,efit: 5,,,0,0,0,0,1,,
2026-01-28 17:56:31,7,15,15,0,"fit: 3, efit: 6",fit: 3,efit: 4,,,0,0,0,0,1,,
2026-01-28 17:57:12,7,15,15,0,"fit: 3, efit: 6",fit: 3,efit: 5,,,0,0,0,0,1,,
2026-01-28 18:06:33,7,15,15,0,"fit: 3, efit: 6",fit: 3,efit: 6,,,0,0,0,0,1,,
2026-01-28 18:07:14,7,15,15,0,"fit: 3, efit: 6",fit: 3,efit: 5,,,0,0,0,0,1,,
2026-01-28 18:10:24,7,15,15,0,"fit: 3, efit: 6",fit: 3,efit: 6,,,0,0,0,0,1,,
2026-01-28 18:11:34,7,15,15,0,"fit: 3, efit: 6",fit: 3,efit: 5,,,0,0,0,0,1,,
2026-01-28 18:15:25,7,15,15,0,"fit: 3, efit: 6",fit: 3,efit: 6,,,0,0,0,0,1,,
2026-01-28 18:16:36,7,15,15,0,"fit: 3, efit: 6",fit: 3,efit: 5,,,0,0,0,0,1,,
2026-01-28 18:20:26,7,15,15,0,"fit: 3, efit: 6",fit: 3,efit: 6,,,0,0,0,0,1,,
2026-01-28 18:26:38,7,15,15,0,"fit: 3, efit: 6",fit: 3,efit: 5,,,0,0,0,0,1,,
2026-01-28 18:30:28,7,15,15,0,"fit: 3, efit: 6",fit: 3,efit: 6,,,0,0,0,0,1,,
2026-01-28 18:31:39,7,15,15,0,"fit: 3, efit: 6",fit: 3,efit: 5,,,0,0,0,0,1,,
2026-01-28 18:37:19,7,15,15,0,"fit: 3, efit: 6",fit: 3,efit: 6,,,0,0,0,0,1,,
2026-01-28 18:40:30,7,15,15,0,"fit: 3, efit: 6",fit: 3,efit: 5,,,0,0,0,0,1,,
2026-01-28 18:42:20,7,15,15,0,"fit: 3, efit: 6",fit: 3,efit: 6,,,0,0,0,0,1,,
2026-01-28 18:45:30,7,15,15,0,"fit: 3, efit: 6",fit: 3,efit: 5,,,0,0,0,0,1,,
2026-01-28 18:47:21,7,15,15,0,"fit: 3, efit: 6",fit: 3,efit: 6,,,0,0,0,0,1,,
2026-01-28 18:50:31,7,15,15,0,"fit: 3, efit: 6",fit: 3,efit: 5,,,0,0,0,0,1,,
2026-01-28 18:51:44,7,15,15,0,"fit: 3, efit: 6",fit: 3,efit: 6,,,0,0,0,0,1,,
2026-01-28 18:55:32,7,15,15,0,"fit: 3, efit: 6",fit: 3,efit: 4,,,0,0,0,0,1,,
2026-01-28 18:56:45,7,15,15,0,"fit: 3, efit: 6",fit: 3,efit: 6,,,0,0,0,0,1,,
2026-01-28 19:00:33,7,15,15,0,"fit: 3, efit: 6",fit: 3,efit: 5,,,0,0,0,0,1,,
2026-01-28 19:01:47,7,15,15,0,"fit: 3, efit: 6",fit: 3,efit: 6,,,0,0,0,0,1,,
2026-01-28 19:05:33,7,15,15,0,"fit: 3, efit: 6",fit: 3,efit: 5,,,0,0,0,0,1,,
2026-01-28 19:07:25,7,15,15,0,"fit: 3, efit: 6",fit: 3,efit: 6,,,0,0,0,0,1,,
2026-01-28 19:10:34,7,15,15,0,"fit: 3, efit: 6",fit: 3,efit: 5,,,0,0,0,0,1,,
2026-01-28 19:12:26,7,15,15,0,"fit: 3, efit: 6",fit: 3,efit: 6,,,0,0,0,0,1,,
2026-01-28 19:15:35,7,15,15,0,"fit: 3, efit: 6",fit: 3,efit: 5,,,0,0,0,0,1,,
2026-01-28 19:16:51,7,15,15,0,"fit: 3, efit: 6",fit: 3,efit: 6,,,0,0,0,0,1,,
2026-01-28 19:20:36,7,15,15,0,"fit: 3, efit: 6",fit: 3,efit: 5,,,0,0,0,0,1,,
2026-01-28 19:21:52,7,15,15,0,"fit: 3, efit: 6",fit: 3,efit: 6,,,0,0,0,0,1,,
2026-01-28 19:30:38,7,15,15,0,"fit: 3, efit: 6",fit: 3,efit: 5,,,0,0,0,0,1,,
2026-01-28 19:31:54,7,15,15,0,"fit: 3, efit: 6",fit: 3,efit: 6,,,0,0,0,0,1,,
2026-01-28 19:35:38,7,15,15,0,"fit: 3, efit: 6",fit: 3,efit: 4,,,0,0,0,0,1,,
2026-01-28 19:36:56,7,15,15,0,"fit: 3, efit: 6",fit: 3,efit: 6,,,0,0,0,0,1,,
2026-01-28 19:55:42,7,15,15,0,"fit: 4, efit: 6",fit: 4,efit: 6,,,0,0,0,0,1,,
2026-01-28 20:25:46,7,15,15,0,"fit: 4, efit: 6",fit: 4,efit: 5,,,0,0,0,0,1,,
2026-01-28 20:27:08,7,15,15,0,"fit: 4, efit: 6",fit: 4,efit: 6,,,0,0,0,0,1,,
2026-01-28 20:30:47,7,15,15,0,"fit: 4, efit: 6",fit: 4,efit: 5,,,0,0,0,0,1,,
2026-01-28 20:32:10,7,15,15,0,"fit: 4, efit: 6",fit: 4,efit: 6,,,0,0,0,0,1,,
2026-01-28 20:35:48,7,15,15,0,"fit: 4, efit: 6",fit: 4,efit: 5,,,0,0,0,0,1,,
2026-01-28 20:37:11,7,15,15,0,"fit: 4, efit: 6",fit: 4,efit: 6,,,0,0,0,0,1,,
2026-01-28 20:37:40,7,15,15,0,"fit: 4, efit: 6",fit: 4,efit: 5,,,0,0,0,0,1,,
2026-01-28 20:40:49,7,15,15,0,"fit: 4, efit: 6",fit: 4,efit: 6,,,0,0,0,0,1,,
2026-01-28 20:42:12,7,15,15,0,"fit: 4, efit: 6",fit: 4,efit: 5,,,0,0,0,0,1,,
2026-01-28 20:45:50,7,15,15,0,"fit: 4, efit: 6",fit: 4,efit: 6,,,0,0,0,0,1,,
2026-01-28 20:47:13,7,15,15,0,"fit: 4, efit: 6",fit: 4,efit: 5,,,0,0,0,0,1,,
2026-01-28 20:50:50,7,15,15,0,"fit: 4, efit: 6",fit: 4,efit: 6,,,0,0,0,0,1,,
2026-01-28 20:52:14,7,15,15,0,"fit: 4, efit: 6",fit: 4,efit: 5,,,0,0,0,0,1,,
2026-01-28 20:52:43,7,15,15,0,"fit: 4, efit: 6",fit: 4,efit: 4,,,0,0,0,0,1,,
2026-01-28 20:55:51,7,15,15,0,"fit: 4, efit: 6",fit: 4,efit: 6,,,0,0,0,0,1,,
2026-01-28 20:57:15,7,15,15,0,"fit: 4, efit: 6",fit: 4,efit: 5,,,0,0,0,0,1,,
2026-01-28 21:00:52,7,15,15,0,"fit: 4, efit: 6",fit: 4,efit: 6,,,0,0,0,0,1,,
2026-01-28 21:02:17,7,15,15,0,"fit: 4, efit: 6",fit: 4,efit: 5,,,0,0,0,0,1,,
2026-01-28 21:05:53,7,15,15,0,"fit: 4, efit: 6",fit: 4,efit: 6,,,0,0,0,0,1,,
2026-01-28 21:07:18,7,15,15,0,"fit: 4, efit: 6",fit: 4,efit: 5,,,0,0,0,0,1,,
2026-01-28 21:10:54,7,15,15,0,"fit: 4, efit: 6",fit: 4,efit: 6,,,0,0,0,0,1,,
2026-01-28 21:12:46,7,15,15,0,"fit: 4, efit: 6",fit: 4,efit: 5,,,0,0,0,0,1,,
2026-01-28 21:15:54,7,15,15,0,"fit: 4, efit: 6",fit: 4,efit: 6,,,0,0,0,0,1,,
2026-01-28 21:17:20,7,15,15,0,"fit: 4, efit: 6",fit: 4,efit: 5,,,0,0,0,0,1,,
2026-01-28 21:20:55,7,15,15,0,"fit: 4, efit: 6",fit: 4,efit: 6,,,0,0,0,0,1,,
2026-01-28 21:22:22,7,15,15,0,"fit: 4, efit: 6",fit: 4,efit: 5,,,0,0,0,0,1,,
2026-01-28 21:25:56,7,15,15,0,"fit: 4, efit: 6",fit: 4,efit: 6,,,0,0,0,0,1,,
2026-01-28 21:27:23,7,15,15,0,"fit: 4, efit: 6",fit: 4,efit: 5,,,0,0,0,0,1,,
2026-01-28 21:30:57,7,15,15,0,"fit: 4, efit: 6",fit: 4,efit: 6,,,0,0,0,0,1,,
2026-01-28 21:37:51,7,15,15,0,"fit: 4, efit: 6",fit: 4,efit: 5,,,0,0,0,0,1,,
2026-01-28 21:42:27,7,15,15,0,"fit: 4, efit: 6",fit: 4,efit: 4,,,0,0,0,0,1,,
2026-01-28 21:42:51,7,15,15,0,"fit: 4, efit: 6",fit: 4,efit: 5,,,0,0,0,0,1,,
2026-01-28 21:52:53,7,15,15,0,"fit: 4, efit: 6",fit: 4,efit: 6,,,0,0,0,0,1,,
2026-01-28 21:56:01,7,15,15,0,"fit: 4, efit: 6",fit: 4,efit: 5,,,0,0,0,0,1,,
2026-01-28 22:01:01,7,15,15,0,"fit: 4, efit: 6",fit: 4,efit: 6,,,0,0,0,0,1,,
2026-01-28 22:02:32,7,15,15,0,"fit: 4, efit: 6",fit: 4,efit: 5,,,0,0,0,0,1,,
2026-01-28 22:06:03,7,15,15,0,"fit: 4, efit: 6",fit: 4,efit: 6,,,0,0,0,0,1,,
2026-01-28 22:07:33,7,15,15,0,"fit: 4, efit: 6",fit: 4,efit: 5,,,0,0,0,0,1,,
2026-01-28 22:11:04,7,15,15,0,"fit: 4, efit: 6",fit: 4,efit: 6,,,0,0,0,0,1,,
2026-01-28 22:12:34,7,15,15,0,"fit: 4, efit: 6",fit: 4,efit: 5,,,0,0,0,0,1,,
2026-01-28 22:12:57,7,15,15,0,"fit: 4, efit: 6",fit: 4,efit: 6,,,0,0,0,0,1,,
2026-01-28 22:16:04,7,15,15,0,"fit: 4, efit: 6",fit: 4,efit: 5,,,0,0,0,0,1,,
2026-01-28 22:17:35,7,15,15,0,"fit: 4, efit: 6",fit: 4,efit: 6,,,0,0,0,0,1,,
2026-01-28 22:32:39,7,15,15,0,"fit: 4, efit: 6",fit: 4,efit: 5,,,0,0,0,0,1,,
2026-01-28 22:36:08,7,15,15,0,"fit: 4, efit: 6",fit: 4,efit: 6,,,0,0,0,0,1,,
2026-01-28 22:37:41,7,15,15,0,"fit: 4, efit: 6",fit: 4,efit: 5,,,0,0,0,0,1,,
2026-01-28 22:41:08,7,15,15,0,"fit: 4, efit: 6",fit: 4,efit: 6,,,0,0,0,0,1,,
2026-01-28 22:42:42,7,15,15,0,"fit: 4, efit: 6",fit: 4,efit: 4,,,0,0,0,0,1,,
2026-01-28 22:43:02,7,15,15,0,"fit: 4, efit: 6",fit: 4,efit: 5,,,0,0,0,0,1,,
2026-01-28 22:46:09,7,15,15,0,"fit: 4, efit: 6",fit: 4,efit: 4,,,0,0,0,0,1,,
2026-01-28 22:47:43,7,15,15,0,"fit: 4, efit: 6",fit: 4,efit: 6,,,0,0,0,0,1,,
2026-01-28 22:51:10,7,15,15,0,"fit: 4, efit: 6",fit: 4,efit: 5,,,0,0,0,0,1,,
2026-01-28 22:52:44,7,15,15,0,"fit: 4, efit: 6",fit: 4,efit: 6,,,0,0,0,0,1,,
2026-01-28 22:56:11,7,15,15,0,"fit: 4, efit: 6",fit: 4,efit: 5,,,0,0,0,0,1,,
2026-01-28 22:57:46,7,15,15,0,"fit: 4, efit: 6",fit: 4,efit: 6,,,0,0,0,0,1,,
2026-01-28 23:01:12,7,15,15,0,"fit: 4, efit: 6",fit: 4,efit: 4,,,0,0,0,0,1,,
2026-01-28 23:02:47,7,15,15,0,"fit: 4, efit: 6",fit: 4,efit: 5,,,0,0,0,0,1,,
2026-01-28 23:03:05,7,15,15,0,"fit: 4, efit: 6",fit: 4,efit: 6,,,0,0,0,0,1,,
2026-01-28 23:06:12,7,15,15,0,"fit: 4, efit: 6",fit: 4,efit: 5,,,0,0,0,0,1,,
2026-01-28 23:07:48,7,15,15,0,"fit: 4, efit: 6",fit: 4,efit: 6,,,0,0,0,0,1,,
2026-01-28 23:08:06,7,15,15,0,"fit: 4, efit: 6",fit: 4,efit: 5,,,0,0,0,0,1,,
2026-01-28 23:21:15,7,15,15,0,"fit: 4, efit: 6",fit: 4,efit: 6,,,0,0,0,0,1,,
2026-01-28 23:22:52,7,15,15,0,"fit: 4, efit: 6",fit: 4,efit: 5,,,0,0,0,0,1,,
2026-01-28 23:26:16,7,15,15,0,"fit: 4, efit: 6",fit: 4,efit: 6,,,0,0,0,0,1,,
2026-01-28 23:36:17,7,15,15,0,"fit: 4, efit: 6",fit: 4,efit: 5,,,0,0,0,0,1,,
2026-01-28 23:37:56,7,15,15,0,"fit: 4, efit: 6",fit: 4,efit: 6,,,0,0,0,0,1,,
2026-01-28 23:41:18,7,15,15,0,"fit: 4, efit: 6",fit: 4,efit: 5,,,0,0,0,0,1,,
2026-01-28 23:42:57,7,15,15,0,"fit: 4, efit: 6",fit: 4,efit: 6,,,0,0,0,0,1,,
2026-01-28 23:51:20,7,15,15,0,"fit: 4, efit: 6",fit: 4,efit: 5,,,0,0,0,0,1,,
2026-01-28 23:52:59,7,15,15,0,"fit: 4, efit: 6",fit: 4,efit: 6,,,0,0,0,0,1,,
2026-01-29 00:01:21,7,15,15,0,"fit: 4, efit: 6",fit: 4,efit: 6,,,0,0,0,0,1,,
2026-01-29 00:03:15,7,15,15,0,"fit: 4, efit: 6",fit: 4,efit: 5,,,0,0,0,0,1,,
2026-01-29 00:08:04,7,15,15,0,"fit: 4, efit: 6",fit: 4,efit: 6,,,0,0,0,0,1,,
2026-01-29 00:11:23,7,15,15,0,"fit: 4, efit: 6",fit: 4,efit: 5,,,0,0,0,0,1,,
2026-01-29 00:16:24,7,15,15,0,"fit: 4, efit: 6",fit: 4,efit: 6,,,0,0,0,0,1,,
2026-01-29 00:18:06,7,15,15,0,"fit: 4, efit: 6",fit: 4,efit: 5,,,0,0,0,0,1,,
2026-01-29 00:23:07,7,15,15,0,"fit: 4, efit: 6",fit: 4,efit: 6,,,0,0,0,0,1,,
2026-01-29 00:26:25,7,15,15,0,"fit: 4, efit: 6",fit: 4,efit: 5,,,0,0,0,0,1,,
2026-01-29 00:28:20,7,15,15,0,"fit: 4, efit: 6",fit: 4,efit: 6,,,0,0,0,0,1,,
2026-01-29 00:53:15,7,15,15,0,"fit: 4, efit: 6",fit: 4,efit: 5,,,0,0,0,0,1,,
2026-01-29 00:56:30,7,15,15,0,"fit: 4, efit: 6",fit: 4,efit: 6,,,0,0,0,0,1,,
2026-01-29 00:58:16,7,15,15,0,"fit: 4, efit: 6",fit: 4,efit: 5,,,0,0,0,0,1,,
2026-01-29 01:01:31,7,15,15,0,"fit: 4, efit: 6",fit: 4,efit: 6,,,0,0,0,0,1,,
2026-01-29 01:03:17,7,15,15,0,"fit: 4, efit: 6",fit: 4,efit: 5,,,0,0,0,0,1,,
2026-01-29 01:06:32,7,15,15,0,"fit: 4, efit: 6",fit: 4,efit: 6,,,0,0,0,0,1,,
2026-01-29 01:08:18,7,15,15,0,"fit: 4, efit: 6",fit: 4,efit: 5,,,0,0,0,0,1,,
2026-01-29 01:11:32,7,15,15,0,"fit: 4, efit: 6",fit: 4,efit: 6,,,0,0,0,0,1,,
2026-01-29 01:16:33,7,15,15,0,"fit: 4, efit: 6",fit: 4,efit: 5,,,0,0,0,0,1,,
2026-01-29 01:28:23,7,15,15,0,"fit: 4, efit: 6",fit: 4,efit: 6,,,0,0,0,0,1,,
2026-01-29 01:31:35,7,15,15,0,"fit: 4, efit: 6",fit: 4,efit: 5,,,0,0,0,0,1,,
2026-01-29 01:33:24,7,15,15,0,"fit: 4, efit: 6",fit: 4,efit: 6,,,0,0,0,0,1,,
2026-01-29 01:43:27,7,15,15,0,"fit: 4, efit: 6",fit: 4,efit: 5,,,0,0,0,0,1,,
2026-01-29 01:46:38,7,15,15,0,"fit: 4, efit: 6",fit: 4,efit: 6,,,0,0,0,0,1,,
2026-01-29 01:48:28,7,15,15,0,"fit: 4, efit: 6",fit: 4,efit: 5,,,0,0,0,0,1,,
2026-01-29 01:51:39,7,15,15,0,"fit: 4, efit: 6",fit: 4,efit: 6,,,0,0,0,0,1,,
2026-01-29 01:53:29,7,15,15,0,"fit: 4, efit: 6",fit: 4,efit: 5,,,0,0,0,0,1,,
2026-01-29 02:03:31,7,15,15,0,"fit: 4, efit: 6",fit: 4,efit: 6,,,0,0,0,0,1,,
2026-01-29 02:06:41,7,15,15,0,"fit: 4, efit: 6",fit: 4,efit: 5,,,0,0,0,0,1,,
2026-01-29 02:08:32,7,15,15,0,"fit: 4, efit: 6",fit: 4,efit: 6,,,0,0,0,0,1,,
2026-01-29 02:11:42,7,15,15,0,"fit: 4, efit: 6",fit: 4,efit: 5,,,0,0,0,0,1,,
2026-01-29 02:16:43,7,15,15,0,"fit: 4, efit: 6",fit: 4,efit: 6,,,0,0,0,0,1,,
2026-01-29 02:18:35,7,15,15,0,"fit: 4, efit: 6",fit: 4,efit: 5,,,0,0,0,0,1,,
2026-01-29 02:21:44,7,15,15,0,"fit: 4, efit: 6",fit: 4,efit: 6,,,0,0,0,0,1,,
2026-01-29 02:23:36,7,15,15,0,"fit: 4, efit: 6",fit: 4,efit: 5,,,0,0,0,0,1,,
2026-01-29 02:26:44,7,15,15,0,"fit: 4, efit: 6",fit: 4,efit: 6,,,0,0,0,0,1,,
2026-01-29 02:28:38,7,15,15,0,"fit: 4, efit: 6",fit: 4,efit: 5,,,0,0,0,0,1,,
2026-01-29 02:31:45,7,15,15,0,"fit: 4, efit: 6",fit: 4,efit: 6,,,0,0,0,0,1,,
2026-01-29 02:46:47,7,15,15,0,"fit: 4, efit: 6",fit: 4,efit: 5,,,0,0,0,0,1,,
2026-01-29 02:51:48,7,15,15,0,"fit: 4, efit: 6",fit: 4,efit: 6,,,0,0,0,0,1,,
2026-01-29 02:56:49,7,15,15,0,"fit: 4, efit: 6",fit: 4,efit: 5,,,0,0,0,0,1,,
2026-01-29 02:58:44,7,15,15,0,"fit: 4, efit: 6",fit: 4,efit: 6,,,0,0,0,0,1,,
2026-01-29 03:01:50,7,15,15,0,"fit: 4, efit: 6",fit: 4,efit: 4,,,0,0,0,0,1,,
2026-01-29 03:03:45,7,15,15,0,"fit: 4, efit: 6",fit: 4,efit: 6,,,0,0,0,0,1,,
2026-01-29 03:06:50,7,15,15,0,"fit: 4, efit: 6",fit: 4,efit: 5,,,0,0,0,0,1,,
2026-01-29 03:08:45,7,15,15,0,"fit: 4, efit: 6",fit: 4,efit: 6,,,0,0,0,0,1,,
2026-01-29 03:11:51,7,15,15,0,"fit: 4, efit: 6",fit: 4,efit: 5,,,0,0,0,0,1,,
2026-01-29 03:13:46,7,15,15,0,"fit: 4, efit: 6",fit: 4,efit: 6,,,0,0,0,0,1,,
2026-01-29 03:16:52,7,15,15,0,"fit: 4, efit: 6",fit: 4,efit: 5,,,0,0,0,0,1,,
2026-01-29 03:18:46,7,15,15,0,"fit: 4, efit: 6",fit: 4,efit: 6,,,0,0,0,0,1,,
2026-01-29 03:23:47,7,15,15,0,"fit: 4, efit: 6",fit: 4,efit: 5,,,0,0,0,0,1,,
2026-01-29 03:26:54,7,15,15,0,"fit: 4, efit: 6",fit: 4,efit: 6,,,0,0,0,0,1,,
2026-01-29 03:28:48,7,15,15,0,"fit: 4, efit: 6",fit: 4,efit: 5,,,0,0,0,0,1,,
2026-01-29 03:31:54,7,15,15,0,"fit: 4, efit: 6",fit: 4,efit: 6,,,0,0,0,0,1,,
2026-01-29 03:33:49,7,15,15,0,"fit: 4, efit: 6",fit: 4,efit: 5,,,0,0,0,0,1,,
2026-01-29 03:36:55,7,15,15,0,"fit: 4, efit: 6",fit: 4,efit: 6,,,0,0,0,0,1,,
2026-01-29 03:38:50,7,15,15,0,"fit: 4, efit: 6",fit: 4,efit: 5,,,0,0,0,0,1,,
2026-01-29 03:41:56,7,15,15,0,"fit: 4, efit: 6",fit: 4,efit: 6,,,0,0,0,0,1,,
2026-01-29 03:43:50,7,15,15,0,"fit: 4, efit: 6",fit: 4,efit: 5,,,0,0,0,0,1,,
2026-01-29 03:46:57,7,15,15,0,"fit: 4, efit: 6",fit: 4,efit: 6,,,0,0,0,0,1,,
2026-01-29 03:48:51,7,15,15,0,"fit: 4, efit: 6",fit: 4,efit: 5,,,0,0,0,0,1,,
2026-01-29 04:03:54,7,15,15,0,"fit: 4, efit: 6",fit: 4,efit: 6,,,0,0,0,0,1,,
2026-01-29 04:12:01,7,15,15,0,"fit: 4, efit: 6",fit: 4,efit: 5,,,0,0,0,0,1,,
2026-01-29 04:13:55,7,15,15,0,"fit: 4, efit: 6",fit: 4,efit: 6,,,0,0,0,0,1,,
2026-01-29 04:17:02,7,15,15,0,"fit: 4, efit: 6",fit: 4,efit: 5,,,0,0,0,0,1,,
2026-01-29 04:18:56,7,15,15,0,"fit: 4, efit: 6",fit: 4,efit: 6,,,0,0,0,0,1,,
2026-01-29 04:22:03,7,15,15,0,"fit: 4, efit: 6",fit: 4,efit: 5,,,0,0,0,0,1,,
2026-01-29 04:23:57,7,15,15,0,"fit: 4, efit: 6",fit: 4,efit: 6,,,0,0,0,0,1,,
2026-01-29 04:27:04,7,15,15,0,"fit: 4, efit: 6",fit: 4,efit: 5,,,0,0,0,0,1,,
2026-01-29 04:28:58,7,15,15,0,"fit: 4, efit: 6",fit: 4,efit: 6,,,0,0,0,0,1,,
2026-01-29 04:32:04,7,15,15,0,"fit: 4, efit: 6",fit: 4,efit: 5,,,0,0,0,0,1,,
2026-01-29 04:33:59,7,15,15,0,"fit: 4, efit: 6",fit: 4,efit: 6,,,0,0,0,0,1,,
2026-01-29 04:37:05,7,15,15,0,"fit: 4, efit: 6",fit: 4,efit: 5,,,0,0,0,0,1,,
2026-01-29 04:38:59,7,15,15,0,"fit: 4, efit: 6",fit: 4,efit: 6,,,0,0,0,0,1,,
2026-01-29 04:42:06,7,15,15,0,"fit: 4, efit: 6",fit: 4,efit: 5,,,0,0,0,0,1,,
2026-01-29 04:44:01,7,15,15,0,"fit: 4, efit: 6",fit: 4,efit: 6,,,0,0,0,0,1,,
2026-01-29 04:49:01,7,15,15,0,"fit: 4, efit: 6",fit: 4,efit: 5,,,0,0,0,0,1,,
2026-01-29 04:52:08,7,15,15,0,"fit: 4, efit: 6",fit: 4,efit: 6,,,0,0,0,0,1,,
2026-01-29 04:57:08,7,15,15,0,"fit: 4, efit: 6",fit: 4,efit: 5,,,0,0,0,0,1,,
2026-01-29 04:59:03,7,15,15,0,"fit: 4, efit: 6",fit: 4,efit: 6,,,0,0,0,0,1,,
2026-01-29 05:02:09,7,15,15,0,"fit: 4, efit: 6",fit: 4,efit: 5,,,0,0,0,0,1,,
2026-01-29 05:07:10,7,15,15,0,"fit: 4, efit: 6",fit: 4,efit: 6,,,0,0,0,0,1,,
2026-01-29 05:09:05,7,15,15,0,"fit: 4, efit: 6",fit: 4,efit: 5,,,0,0,0,0,1,,
2026-01-29 05:12:11,7,15,15,0,"fit: 4, efit: 6",fit: 4,efit: 6,,,0,0,0,0,1,,
2026-01-29 05:32:14,7,15,15,0,"fit: 4, efit: 6",fit: 4,efit: 5,,,0,0,0,0,1,,
2026-01-29 05:34:09,7,15,15,0,"fit: 4, efit: 6",fit: 4,efit: 6,,,0,0,0,0,1,,
2026-01-29 05:52:17,7,15,15,0,"fit: 4, efit: 6",fit: 4,efit: 5,,,0,0,0,0,1,,
2026-01-29 05:54:14,7,15,15,0,"fit: 4, efit: 6",fit: 4,efit: 6,,,0,0,0,0,1,,
2026-01-29 05:57:18,7,15,15,0,"fit: 4, efit: 6",fit: 4,efit: 4,,,0,0,0,0,1,,
2026-01-29 05:59:15,7,15,15,0,"fit: 4, efit: 6",fit: 4,efit: 5,,,0,0,0,0,1,,
2026-01-29 06:02:19,7,15,15,0,"fit: 4, efit: 6",fit: 4,efit: 4,,,0,0,0,0,1,,
2026-01-29 06:04:16,7,15,15,0,"fit: 4, efit: 6",fit: 4,efit: 5,,,0,0,0,0,1,,
2026-01-29 06:04:27,7,15,15,0,"fit: 4, efit: 6",fit: 4,efit: 6,,,0,0,0,0,1,,
2026-01-29 06:07:20,7,15,15,0,"fit: 4, efit: 6",fit: 4,efit: 3,,,0,0,0,0,1,,
2026-01-29 06:09:17,7,15,15,0,"fit: 4, efit: 6",fit: 4,efit: 6,,,0,0,0,0,1,,
2026-01-29 06:12:21,7,15,15,0,"fit: 4, efit: 6",fit: 4,efit: 4,,,0,0,0,0,1,,
2026-01-29 06:14:17,7,15,15,0,"fit: 4, efit: 6",fit: 4,efit: 5,,,0,0,0,0,1,,
2026-01-29 06:17:22,7,15,15,0,"fit: 4, efit: 6",fit: 4,efit: 6,,,0,0,0,0,1,,
2026-01-29 06:19:18,7,15,15,0,"fit: 4, efit: 6",fit: 4,efit: 5,,,0,0,0,0,1,,
2026-01-29 06:22:22,7,15,15,0,"fit: 4, efit: 6",fit: 4,efit: 6,,,0,0,0,0,1,,
2026-01-29 06:24:19,7,15,15,0,"fit: 4, efit: 6",fit: 4,efit: 5,,,0,0,0,0,1,,
2026-01-29 06:27:23,7,15,15,0,"fit: 4, efit: 6",fit: 4,efit: 6,,,0,0,0,0,1,,
2026-01-29 06:29:20,7,15,15,0,"fit: 4, efit: 6",fit: 4,efit: 5,,,0,0,0,0,1,,
2026-01-29 06:32:24,7,15,15,0,"fit: 4, efit: 6",fit: 4,efit: 6,,,0,0,0,0,1,,
2026-01-29 06:37:25,7,15,15,0,"fit: 4, efit: 6",fit: 4,efit: 5,,,0,0,0,0,1,,
2026-01-29 06:39:22,7,15,15,0,"fit: 4, efit: 6",fit: 4,efit: 6,,,0,0,0,0,1,,
2026-01-29 07:02:29,7,15,15,0,"fit: 4, efit: 6",fit: 4,efit: 5,,,0,0,0,0,1,,
2026-01-29 07:09:27,7,15,15,0,"fit: 4, efit: 6",fit: 4,efit: 6,,,0,0,0,0,1,,
2026-01-29 07:12:31,7,15,15,0,"fit: 4, efit: 6",fit: 4,efit: 5,,,0,0,0,0,1,,
2026-01-29 07:14:27,7,15,15,0,"fit: 4, efit: 6",fit: 4,efit: 6,,,0,0,0,0,1,,
2026-01-29 07:17:32,7,15,15,0,"fit: 4, efit: 6",fit: 4,efit: 5,,,0,0,0,0,1,,
2026-01-29 07:19:28,7,15,15,0,"fit: 4, efit: 6",fit: 4,efit: 6,,,0,0,0,0,1,,
2026-01-29 07:22:32,7,15,15,0,"fit: 4, efit: 6",fit: 4,efit: 4,,,0,0,0,0,1,,
2026-01-29 07:24:29,7,15,15,0,"fit: 4, efit: 6",fit: 4,efit: 6,,,0,0,0,0,1,,
2026-01-29 07:27:33,7,15,15,0,"fit: 4, efit: 6",fit: 4,efit: 4,,,0,0,0,0,1,,
2026-01-29 07:29:30,7,15,15,0,"fit: 4, efit: 6",fit: 4,efit: 6,,,0,0,0,0,1,,
2026-01-29 07:32:34,7,15,15,0,"fit: 4, efit: 6",fit: 4,efit: 4,,,0,0,0,0,1,,
2026-01-29 07:34:31,7,15,15,0,"fit: 4, efit: 6",fit: 4,efit: 6,,,0,0,0,0,1,,
2026-01-29 07:57:38,7,15,15,0,"fit: 4, efit: 6",fit: 4,efit: 5,,,0,0,0,0,1,,
2026-01-29 07:59:35,7,15,15,0,"fit: 4, efit: 6",fit: 4,efit: 6,,,0,0,0,0,1,,
2026-01-29 08:02:39,7,15,15,0,"fit: 4, efit: 6",fit: 4,efit: 5,,,0,0,0,0,1,,
2026-01-29 08:04:36,7,15,15,0,"fit: 4, efit: 6",fit: 4,efit: 6,,,0,0,0,0,1,,
2026-01-29 08:04:58,7,15,15,0,"fit: 4, efit: 6",fit: 4,efit: 5,,,0,0,0,0,1,,
2026-01-29 08:09:37,7,15,15,0,"fit: 4, efit: 6",fit: 4,efit: 6,,,0,0,0,0,1,,
2026-01-29 08:09:59,7,15,15,0,"fit: 4, efit: 6",fit: 4,efit: 5,,,0,0,0,0,1,,
2026-01-29 08:12:40,7,15,15,0,"fit: 4, efit: 6",fit: 4,efit: 6,,,0,0,0,0,1,,
2026-01-29 08:15:00,7,15,15,0,"fit: 4, efit: 6",fit: 4,efit: 5,,,0,0,0,0,1,,
2026-01-29 08:17:41,7,15,15,0,"fit: 4, efit: 6",fit: 4,efit: 6,,,0,0,0,0,1,,
2026-01-29 08:20:02,7,15,15,0,"fit: 4, efit: 6",fit: 4,efit: 5,,,0,0,0,0,1,,
2026-01-29 08:24:39,7,15,15,0,"fit: 4, efit: 6",fit: 4,efit: 6,,,0,0,0,0,1,,
2026-01-29 08:25:03,7,15,15,0,"fit: 4, efit: 6",fit: 4,efit: 5,,,0,0,0,0,1,,
2026-01-29 08:29:40,7,15,15,0,"fit: 4, efit: 6",fit: 4,efit: 6,,,0,0,0,0,1,,
2026-01-29 08:30:04,7,15,15,0,"fit: 4, efit: 6",fit: 4,efit: 5,,,0,0,0,0,1,,
2026-01-29 08:34:41,7,15,15,0,"fit: 4, efit: 6",fit: 4,efit: 6,,,0,0,0,0,1,,
2026-01-29 08:35:06,7,15,15,0,"fit: 4, efit: 6",fit: 4,efit: 5,,,0,0,0,0,1,,
2026-01-29 08:39:42,7,15,15,0,"fit: 4, efit: 6",fit: 4,efit: 6,,,0,0,0,0,1,,
2026-01-29 08:40:07,7,15,15,0,"fit: 4, efit: 6",fit: 4,efit: 5,,,0,0,0,0,1,,
2026-01-29 08:42:45,7,15,15,0,"fit: 4, efit: 6",fit: 4,efit: 6,,,0,0,0,0,1,,
2026-01-29 09:09:47,7,15,15,0,"fit: 4, efit: 6",fit: 4,efit: 5,,,0,0,0,0,1,,
2026-01-29 09:12:50,7,15,15,0,"fit: 4, efit: 6",fit: 4,efit: 6,,,0,0,0,0,1,,
2026-01-29 09:14:48,7,15,15,0,"fit: 4, efit: 6",fit: 4,efit: 5,,,0,0,0,0,1,,
2026-01-29 09:17:50,7,15,15,0,"fit: 3, efit: 6",fit: 3,efit: 6,,,0,0,0,0,1,,
2026-01-29 09:19:49,7,15,15,0,"fit: 3, efit: 6",fit: 3,efit: 5,,,0,0,0,0,1,,
2026-01-29 09:25:19,7,15,15,0,"fit: 3, efit: 6",fit: 3,efit: 6,,,0,0,0,0,1,,
2026-01-29 09:27:52,7,15,15,0,"fit: 3, efit: 6",fit: 3,efit: 5,,,0,0,0,0,1,,
2026-01-29 09:29:50,7,15,15,0,"fit: 2, efit: 6",fit: 2,efit: 5,,,0,0,0,0,1,,
2026-01-29 09:32:53,7,15,15,0,"fit: 2, efit: 6",fit: 2,efit: 4,,,0,0,0,0,1,,
2026-01-29 09:34:51,7,15,15,0,"fit: 2, efit: 6",fit: 2,efit: 5,,,0,0,0,0,1,,
2026-01-29 09:42:55,7,15,15,0,"fit: 2, efit: 6",fit: 2,efit: 6,,,0,0,0,0,1,,
2026-01-29 09:44:53,7,15,15,0,"fit: 2, efit: 6",fit: 2,efit: 5,,,0,0,0,0,1,,
2026-01-29 09:47:55,7,15,15,0,"fit: 2, efit: 6",fit: 2,efit: 6,,,0,0,0,0,1,,
2026-01-29 10:13:00,7,15,15,0,"fit: 2, efit: 6",fit: 2,efit: 5,,,0,0,0,0,1,,
2026-01-29 10:14:58,7,15,15,0,"fit: 2, efit: 6",fit: 2,efit: 6,,,0,0,0,0,1,,
2026-01-29 10:18:00,7,15,15,0,"fit: 2, efit: 6",fit: 2,efit: 5,,,0,0,0,0,1,,
2026-01-29 10:19:59,7,15,15,0,"fit: 2, efit: 6",fit: 2,efit: 6,,,0,0,0,0,1,,
2026-01-29 10:23:01,7,15,15,0,"fit: 2, efit: 6",fit: 2,efit: 5,,,0,0,0,0,1,,
2026-01-29 10:24:59,7,15,15,0,"fit: 2, efit: 6",fit: 2,efit: 6,,,0,0,0,0,1,,
2026-01-29 10:28:02,7,15,15,0,"fit: 2, efit: 6",fit: 2,efit: 5,,,0,0,0,0,1,,
2026-01-29 10:30:01,7,15,15,0,"fit: 2, efit: 6",fit: 2,efit: 6,,,0,0,0,0,1,,
2026-01-29 10:30:35,7,15,15,0,"fit: 2, efit: 6",fit: 2,efit: 5,,,0,0,0,0,1,,
2026-01-29 10:33:03,7,15,15,0,"fit: 2, efit: 6",fit: 2,efit: 6,,,0,0,0,0,1,,
2026-01-29 10:35:02,7,15,15,0,"fit: 2, efit: 6",fit: 2,efit: 5,,,0,0,0,0,1,,
2026-01-29 10:38:04,7,15,15,0,"fit: 2, efit: 6",fit: 2,efit: 6,,,0,0,0,0,1,,
2026-01-29 10:40:03,7,15,15,0,"fit: 2, efit: 6",fit: 2,efit: 5,,,0,0,0,0,1,,
2026-01-29 10:50:04,7,15,15,0,"fit: 2, efit: 6",fit: 2,efit: 6,,,0,0,0,0,1,,
2026-01-29 11:18:10,7,15,15,0,"fit: 2, efit: 6",fit: 2,efit: 5,,,0,0,0,0,1,,
2026-01-29 11:20:10,7,15,15,0,"fit: 2, efit: 6",fit: 2,efit: 6,,,0,0,0,0,1,,
2026-01-29 11:23:11,7,15,15,0,"fit: 2, efit: 6",fit: 2,efit: 5,,,0,0,0,0,1,,
2026-01-29 11:25:10,7,15,15,0,"fit: 2, efit: 6",fit: 2,efit: 6,,,0,0,0,0,1,,
2026-01-29 11:28:12,7,15,15,0,"fit: 2, efit: 6",fit: 2,efit: 5,,,0,0,0,0,1,,
2026-01-29 11:30:11,7,15,15,0,"fit: 2, efit: 6",fit: 2,efit: 6,,,0,0,0,0,1,,
2026-01-29 11:30:49,7,15,15,0,"fit: 2, efit: 6",fit: 2,efit: 5,,,0,0,0,0,1,,
2026-01-29 11:33:13,7,15,15,0,"fit: 2, efit: 6",fit: 2,efit: 6,,,0,0,0,0,1,,
2026-01-29 11:35:12,7,15,15,0,"fit: 2, efit: 6",fit: 2,efit: 5,,,0,0,0,0,1,,
2026-01-29 11:53:16,7,15,15,0,"fit: 2, efit: 6",fit: 2,efit: 6,,,0,0,0,0,1,,
2026-01-29 11:58:17,7,15,15,0,"fit: 2, efit: 6",fit: 2,efit: 5,,,0,0,0,0,1,,
2026-01-29 12:00:17,7,15,15,0,"fit: 2, efit: 6",fit: 2,efit: 6,,,0,0,0,0,1,,
2026-01-29 12:08:19,7,15,15,0,"fit: 3, efit: 6",fit: 3,efit: 6,,,0,0,0,0,1,,
2026-01-29 12:21:02,7,15,15,0,"fit: 3, efit: 6",fit: 3,efit: 5,,,0,0,0,0,1,,
2026-01-29 12:25:21,7,15,15,0,"fit: 3, efit: 6",fit: 3,efit: 6,,,0,0,0,0,1,,
2026-01-29 12:26:03,7,15,15,0,"fit: 3, efit: 6",fit: 3,efit: 5,,,0,0,0,0,1,,
2026-01-29 12:43:25,7,15,15,0,"fit: 3, efit: 6",fit: 3,efit: 6,,,0,0,0,0,1,,
2026-01-29 12:45:24,7,15,15,0,"fit: 3, efit: 6",fit: 3,efit: 5,,,0,0,0,0,1,,
2026-01-29 12:46:09,7,15,15,0,"fit: 3, efit: 6",fit: 3,efit: 4,,,0,0,0,0,1,,
2026-01-29 12:48:25,7,15,15,0,"fit: 3, efit: 6",fit: 3,efit: 6,,,0,0,0,0,1,,
2026-01-29 12:50:25,7,15,15,0,"fit: 3, efit: 6",fit: 3,efit: 4,,,0,0,0,0,1,,
2026-01-29 12:53:26,7,15,15,0,"fit: 3, efit: 6",fit: 3,efit: 6,,,0,0,0,0,1,,
2026-01-29 12:55:26,7,15,15,0,"fit: 3, efit: 6",fit: 3,efit: 4,,,0,0,0,0,1,,
2026-01-29 12:56:11,7,15,15,0,"fit: 3, efit: 6",fit: 3,efit: 5,,,0,0,0,0,1,,
2026-01-29 12:58:27,7,15,15,0,"fit: 3, efit: 6",fit: 3,efit: 6,,,0,0,0,0,1,,
2026-01-29 13:25:31,7,15,15,0,"fit: 3, efit: 6",fit: 3,efit: 5,,,0,0,0,0,1,,
2026-01-29 13:26:19,7,15,15,0,"fit: 3, efit: 6",fit: 3,efit: 4,,,0,0,0,0,1,,
2026-01-29 13:28:32,7,15,15,0,"fit: 3, efit: 6",fit: 3,efit: 6,,,0,0,0,0,1,,
2026-01-29 13:30:32,7,15,15,0,"fit: 3, efit: 6",fit: 3,efit: 5,,,0,0,0,0,1,,
2026-01-29 13:33:33,7,15,15,0,"fit: 3, efit: 6",fit: 3,efit: 6,,,0,0,0,0,1,,
2026-01-29 13:35:33,7,15,15,0,"fit: 3, efit: 6",fit: 3,efit: 5,,,0,0,0,0,1,,
2026-01-29 13:38:34,7,15,15,0,"fit: 3, efit: 6",fit: 3,efit: 6,,,0,0,0,0,1,,
2026-01-29 13:40:34,7,15,15,0,"fit: 3, efit: 6",fit: 3,efit: 5,,,0,0,0,0,1,,
2026-01-29 13:46:24,7,15,15,0,"fit: 3, efit: 6",fit: 3,efit: 6,,,0,0,0,0,1,,
2026-01-29 13:48:35,7,15,15,0,"fit: 3, efit: 6",fit: 3,efit: 5,,,0,0,0,0,1,,
2026-01-29 13:56:26,7,15,15,0,"fit: 3, efit: 6",fit: 3,efit: 6,,,0,0,0,0,1,,
2026-01-29 13:58:37,7,15,15,0,"fit: 3, efit: 6",fit: 3,efit: 5,,,0,0,0,0,1,,
2026-01-29 14:01:27,7,15,15,0,"fit: 3, efit: 6",fit: 3,efit: 6,,,0,0,0,0,1,,
2026-01-29 14:28:41,7,15,15,0,"fit: 3, efit: 6",fit: 3,efit: 5,,,0,0,0,0,1,,
2026-01-29 14:30:43,7,15,15,0,"fit: 3, efit: 6",fit: 3,efit: 6,,,0,0,0,0,1,,
2026-01-29 14:31:35,7,15,15,0,"fit: 3, efit: 6",fit: 3,efit: 5,,,0,0,0,0,1,,
2026-01-29 14:50:46,7,15,15,0,"fit: 3, efit: 6",fit: 3,efit: 6,,,0,0,0,0,1,,
2026-01-29 14:53:46,7,15,15,0,"fit: 3, efit: 6",fit: 3,efit: 5,,,0,0,0,0,1,,
2026-01-29 14:55:47,7,15,15,0,"fit: 3, efit: 6",fit: 3,efit: 6,,,0,0,0,0,1,,
2026-01-29 14:56:41,7,15,15,0,"fit: 3, efit: 6",fit: 3,efit: 5,,,0,0,0,0,1,,
2026-01-29 15:00:48,7,15,15,0,"fit: 3, efit: 6",fit: 3,efit: 6,,,0,0,0,0,1,,
2026-01-29 15:01:42,7,15,15,0,"fit: 3, efit: 6",fit: 3,efit: 5,,,0,0,0,0,1,,
2026-01-29 15:05:49,7,15,15,0,"fit: 3, efit: 6",fit: 3,efit: 6,,,0,0,0,0,1,,
2026-01-29 15:33:52,7,15,15,0,"fit: 3, efit: 6",fit: 3,efit: 5,,,0,0,0,0,1,,
2026-01-29 15:36:51,7,15,15,0,"fit: 3, efit: 6",fit: 3,efit: 6,,,0,0,0,0,1,,
2026-01-29 15:40:55,7,15,15,0,"fit: 3, efit: 6",fit: 3,efit: 5,,,0,0,0,0,1,,
2026-01-29 15:43:54,7,15,15,0,"fit: 3, efit: 6",fit: 3,efit: 6,,,0,0,0,0,1,,
2026-01-29 15:46:54,7,15,15,0,"fit: 3, efit: 6",fit: 3,efit: 5,,,0,0,0,0,1,,
2026-01-29 15:48:55,7,15,15,0,"fit: 3, efit: 6",fit: 3,efit: 6,,,0,0,0,0,1,,
2026-01-29 15:50:56,7,15,15,0,"fit: 3, efit: 6",fit: 3,efit: 4,,,0,0,0,0,1,,
2026-01-29 15:51:55,7,15,15,0,"fit: 3, efit: 6",fit: 3,efit: 5,,,0,0,0,0,1,,
2026-01-29 16:08:58,7,15,15,0,"fit: 3, efit: 6",fit: 3,efit: 6,,,0,0,0,0,1,,
2026-01-29 16:36:04,7,15,15,0,"fit: 3, efit: 6",fit: 3,efit: 5,,,0,0,0,0,1,,
2026-01-29 16:52:10,7,15,15,0,"fit: 3, efit: 6",fit: 3,efit: 6,,,0,0,0,0,1,,
2026-01-29 16:54:05,7,15,15,0,"fit: 3, efit: 6",fit: 3,efit: 5,,,0,0,0,0,1,,
2026-01-29 16:59:06,7,15,15,0,"fit: 3, efit: 6",fit: 3,efit: 6,,,0,0,0,0,1,,
2026-01-29 17:01:09,7,15,15,0,"fit: 3, efit: 6",fit: 3,efit: 5,,,0,0,0,0,1,,
2026-01-29 17:04:07,7,15,15,0,"fit: 3, efit: 6",fit: 3,efit: 6,,,0,0,0,0,1,,
2026-01-29 17:06:10,7,15,15,0,"fit: 3, efit: 6",fit: 3,efit: 5,,,0,0,0,0,1,,
2026-01-29 17:09:08,7,15,15,0,"fit: 3, efit: 6",fit: 3,efit: 6,,,0,0,0,0,1,,
2026-01-29 17:11:11,7,15,15,0,"fit: 3, efit: 6",fit: 3,efit: 5,,,0,0,0,0,1,,
2026-01-29 17:14:09,7,15,15,0,"fit: 3, efit: 6",fit: 3,efit: 6,,,0,0,0,0,1,,
2026-01-29 17:26:13,7,15,15,0,"fit: 2, efit: 6",fit: 2,efit: 6,,,0,0,0,0,1,,
2026-01-29 17:39:13,7,15,15,0,"fit: 2, efit: 6",fit: 2,efit: 5,,,0,0,0,0,1,,
2026-01-29 17:44:14,7,15,15,0,"fit: 2, efit: 6",fit: 2,efit: 6,,,0,0,0,0,1,,
2026-01-29 17:47:24,7,15,15,0,"fit: 2, efit: 6",fit: 2,efit: 5,,,0,0,0,0,1,,
2026-01-29 17:49:15,7,15,15,0,"fit: 2, efit: 6",fit: 2,efit: 6,,,0,0,0,0,1,,
2026-01-29 17:52:25,7,15,15,0,"fit: 2, efit: 6",fit: 2,efit: 5,,,0,0,0,0,1,,
2026-01-29 17:59:16,7,15,15,0,"fit: 2, efit: 6",fit: 2,efit: 6,,,0,0,0,0,1,,
2026-01-29 18:01:20,7,15,15,0,"fit: 2, efit: 6",fit: 2,efit: 5,,,0,0,0,0,1,,
2026-01-29 18:02:27,7,15,15,0,"fit: 2, efit: 6",fit: 2,efit: 6,,,0,0,0,0,1,,
2026-01-29 18:11:22,7,15,15,0,"fit: 2, efit: 6",fit: 2,efit: 5,,,0,0,0,0,1,,
2026-01-29 18:12:30,7,15,15,0,"fit: 2, efit: 6",fit: 2,efit: 6,,,0,0,0,0,1,,
2026-01-29 18:27:34,7,15,15,0,"fit: 2, efit: 6",fit: 2,efit: 5,,,0,0,0,0,1,,
2026-01-29 18:29:21,7,15,15,0,"fit: 2, efit: 6",fit: 2,efit: 6,,,0,0,0,0,1,,
2026-01-29 18:32:35,7,15,15,0,"fit: 2, efit: 6",fit: 2,efit: 5,,,0,0,0,0,1,,
2026-01-29 18:34:22,7,15,15,0,"fit: 2, efit: 6",fit: 2,efit: 6,,,0,0,0,0,1,,
2026-01-29 18:37:36,7,15,15,0,"fit: 2, efit: 6",fit: 2,efit: 5,,,0,0,0,0,1,,
2026-01-29 18:39:23,7,15,15,0,"fit: 2, efit: 6",fit: 2,efit: 6,,,0,0,0,0,1,,
2026-01-29 18:42:37,7,15,15,0,"fit: 2, efit: 6",fit: 2,efit: 5,,,0,0,0,0,1,,
2026-01-29 18:47:39,7,15,15,0,"fit: 2, efit: 6",fit: 2,efit: 6,,,0,0,0,0,1,,
2026-01-29 18:49:24,7,15,15,0,"fit: 2, efit: 6",fit: 2,efit: 5,,,0,0,0,0,1,,
2026-01-29 18:52:40,7,15,15,0,"fit: 2, efit: 6",fit: 2,efit: 6,,,0,0,0,0,1,,
2026-01-29 18:54:25,7,15,15,0,"fit: 2, efit: 6",fit: 2,efit: 5,,,0,0,0,0,1,,
2026-01-29 18:57:41,7,15,15,0,"fit: 2, efit: 6",fit: 2,efit: 6,,,0,0,0,0,1,,
2026-01-29 18:59:26,7,15,15,0,"fit: 2, efit: 6",fit: 2,efit: 5,,,0,0,0,0,1,,
2026-01-29 19:01:30,7,15,15,0,"fit: 2, efit: 6",fit: 2,efit: 6,,,0,0,0,0,1,,
2026-01-29 19:04:27,7,15,15,0,"fit: 2, efit: 6",fit: 2,efit: 5,,,0,0,0,0,1,,
2026-01-29 19:06:31,7,15,15,0,"fit: 2, efit: 6",fit: 2,efit: 6,,,0,0,0,0,1,,
2026-01-29 19:09:27,7,15,15,0,"fit: 2, efit: 6",fit: 2,efit: 5,,,0,0,0,0,1,,
2026-01-29 19:11:32,7,15,15,0,"fit: 2, efit: 6",fit: 2,efit: 6,,,0,0,0,0,1,,
2026-01-29 19:14:28,7,15,15,0,"fit: 2, efit: 6",fit: 2,efit: 5,,,0,0,0,0,1,,
2026-01-29 19:16:33,7,15,15,0,"fit: 2, efit: 6",fit: 2,efit: 6,,,0,0,0,0,1,,
2026-01-29 19:19:29,7,15,15,0,"fit: 2, efit: 6",fit: 2,efit: 5,,,0,0,0,0,1,,
2026-01-29 19:21:34,7,15,15,0,"fit: 2, efit: 6",fit: 2,efit: 6,,,0,0,0,0,1,,
2026-01-29 19:31:35,7,15,15,0,"fit: 2, efit: 6",fit: 2,efit: 5,,,0,0,0,0,1,,
2026-01-29 19:34:32,7,15,15,0,"fit: 2, efit: 6",fit: 2,efit: 6,,,0,0,0,0,1,,
2026-01-29 19:36:36,7,15,15,0,"fit: 2, efit: 6",fit: 2,efit: 5,,,0,0,0,0,1,,
2026-01-29 19:39:32,7,15,15,0,"fit: 2, efit: 6",fit: 2,efit: 6,,,0,0,0,0,1,,
2026-01-29 19:41:37,7,15,15,0,"fit: 2, efit: 6",fit: 2,efit: 5,,,0,0,0,0,1,,
2026-01-29 19:42:52,7,15,15,0,"fit: 2, efit: 6",fit: 2,efit: 6,,,0,0,0,0,1,,
2026-01-29 19:46:38,7,15,15,0,"fit: 2, efit: 6",fit: 2,efit: 5,,,0,0,0,0,1,,
2026-01-29 19:51:39,7,15,15,0,"fit: 2, efit: 6",fit: 2,efit: 6,,,0,0,0,0,1,,
2026-01-29 19:52:54,7,15,15,0,"fit: 2, efit: 6",fit: 2,efit: 5,,,0,0,0,0,1,,
2026-01-29 19:56:40,7,15,15,0,"fit: 2, efit: 6",fit: 2,efit: 6,,,0,0,0,0,1,,
2026-01-29 19:57:56,7,15,15,0,"fit: 2, efit: 6",fit: 2,efit: 5,,,0,0,0,0,1,,
2026-01-29 20:06:41,7,15,15,0,"fit: 2, efit: 6",fit: 2,efit: 6,,,0,0,0,0,1,,
2026-01-29 20:09:38,7,15,15,0,"fit: 2, efit: 6",fit: 2,efit: 5,,,0,0,0,0,1,,
2026-01-29 20:11:43,7,15,15,0,"fit: 2, efit: 6",fit: 2,efit: 6,,,0,0,0,0,1,,
2026-01-29 20:14:39,7,15,15,0,"fit: 2, efit: 6",fit: 2,efit: 5,,,0,0,0,0,1,,
2026-01-29 20:16:43,7,15,15,0,"fit: 2, efit: 6",fit: 2,efit: 6,,,0,0,0,0,1,,
2026-01-29 20:19:39,7,15,15,0,"fit: 2, efit: 6",fit: 2,efit: 5,,,0,0,0,0,1,,
2026-01-29 20:21:44,7,15,15,0,"fit: 2, efit: 6",fit: 2,efit: 6,,,0,0,0,0,1,,
2026-01-29 20:24:40,7,15,15,0,"fit: 2, efit: 6",fit: 2,efit: 5,,,0,0,0,0,1,,
2026-01-29 20:26:45,7,15,15,0,"fit: 2, efit: 6",fit: 2,efit: 6,,,0,0,0,0,1,,
2026-01-29 20:41:48,7,15,15,0,"fit: 2, efit: 6",fit: 2,efit: 5,,,0,0,0,0,1,,
2026-01-29 20:43:07,7,15,15,0,"fit: 2, efit: 6",fit: 2,efit: 6,,,0,0,0,0,1,,
2026-01-29 20:49:44,7,15,15,0,"fit: 2, efit: 6",fit: 2,efit: 5,,,0,0,0,0,1,,
2026-01-29 20:54:45,7,15,15,0,"fit: 2, efit: 6",fit: 2,efit: 6,,,0,0,0,0,1,,
2026-01-29 20:56:50,7,15,15,0,"fit: 2, efit: 6",fit: 2,efit: 5,,,0,0,0,0,1,,
2026-01-29 20:59:46,7,15,15,0,"fit: 2, efit: 6",fit: 2,efit: 6,,,0,0,0,0,1,,
2026-01-29 21:01:51,7,15,15,0,"fit: 2, efit: 6",fit: 2,efit: 5,,,0,0,0,0,1,,
2026-01-29 21:04:46,7,15,15,0,"fit: 2, efit: 6",fit: 2,efit: 6,,,0,0,0,0,1,,
2026-01-29 21:06:52,7,15,15,0,"fit: 2, efit: 6",fit: 2,efit: 5,,,0,0,0,0,1,,
2026-01-29 21:09:47,7,15,15,0,"fit: 2, efit: 6",fit: 2,efit: 6,,,0,0,0,0,1,,
2026-01-29 21:13:14,7,15,15,0,"fit: 2, efit: 6",fit: 2,efit: 5,,,0,0,0,0,1,,
2026-01-29 21:16:53,7,15,15,0,"fit: 2, efit: 6",fit: 2,efit: 6,,,0,0,0,0,1,,
2026-01-29 21:18:15,7,15,15,0,"fit: 2, efit: 6",fit: 2,efit: 5,,,0,0,0,0,1,,
2026-01-29 21:19:49,7,15,15,0,"fit: 2, efit: 6",fit: 2,efit: 6,,,0,0,0,0,1,,
2026-01-29 21:23:17,7,15,15,0,"fit: 2, efit: 6",fit: 2,efit: 5,,,0,0,0,0,1,,
2026-01-29 21:24:50,7,15,15,0,"fit: 2, efit: 6",fit: 2,efit: 6,,,0,0,0,0,1,,
2026-01-29 21:28:18,7,15,15,0,"fit: 2, efit: 6",fit: 2,efit: 5,,,0,0,0,0,1,,
2026-01-29 21:29:50,7,15,15,0,"fit: 2, efit: 6",fit: 2,efit: 6,,,0,0,0,0,1,,
2026-01-29 21:34:51,7,15,15,0,"fit: 2, efit: 6",fit: 2,efit: 5,,,0,0,0,0,1,,
2026-01-29 21:36:57,7,15,15,0,"fit: 2, efit: 6",fit: 2,efit: 6,,,0,0,0,0,1,,
2026-01-29 21:39:52,7,15,15,0,"fit: 2, efit: 6",fit: 2,efit: 5,,,0,0,0,0,1,,
2026-01-29 21:41:58,7,15,15,0,"fit: 2, efit: 6",fit: 2,efit: 6,,,0,0,0,0,1,,
2026-01-29 21:44:53,7,15,15,0,"fit: 2, efit: 6",fit: 2,efit: 5,,,0,0,0,0,1,,
2026-01-29 21:46:59,7,15,15,0,"fit: 2, efit: 6",fit: 2,efit: 6,,,0,0,0,0,1,,
2026-01-29 21:49:54,7,15,15,0,"fit: 2, efit: 6",fit: 2,efit: 5,,,0,0,0,0,1,,
2026-01-29 21:51:59,7,15,15,0,"fit: 2, efit: 6",fit: 2,efit: 6,,,0,0,0,0,1,,
2026-01-29 21:54:54,7,15,15,0,"fit: 2, efit: 6",fit: 2,efit: 5,,,0,0,0,0,1,,
2026-01-29 21:57:00,7,15,15,0,"fit: 2, efit: 6",fit: 2,efit: 6,,,0,0,0,0,1,,
2026-01-29 21:59:55,7,15,15,0,"fit: 2, efit: 6",fit: 2,efit: 4,,,0,0,0,0,1,,
2026-01-29 22:02:01,7,15,15,0,"fit: 2, efit: 6",fit: 2,efit: 6,,,0,0,0,0,1,,
2026-01-29 22:04:56,7,15,15,0,"fit: 2, efit: 6",fit: 2,efit: 5,,,0,0,0,0,1,,
2026-01-29 22:07:02,7,15,15,0,"fit: 2, efit: 6",fit: 2,efit: 6,,,0,0,0,0,1,,
2026-01-29 22:09:57,7,15,15,0,"fit: 2, efit: 6",fit: 2,efit: 5,,,0,0,0,0,1,,
2026-01-29 22:12:03,7,15,15,0,"fit: 2, efit: 6",fit: 2,efit: 6,,,0,0,0,0,1,,
2026-01-29 22:17:04,7,15,15,0,"fit: 3, efit: 6",fit: 3,efit: 5,,,0,0,0,0,1,,
2026-01-29 22:19:58,7,15,15,0,"fit: 3, efit: 6",fit: 3,efit: 6,,,0,0,0,0,1,,
2026-01-29 22:22:05,7,15,15,0,"fit: 3, efit: 6",fit: 3,efit: 5,,,0,0,0,0,1,,
2026-01-29 22:23:31,7,15,15,0,"fit: 3, efit: 6",fit: 3,efit: 6,,,0,0,0,0,1,,
2026-01-29 22:27:05,7,15,15,0,"fit: 3, efit: 6",fit: 3,efit: 5,,,0,0,0,0,1,,
2026-01-29 22:28:32,7,15,15,0,"fit: 3, efit: 6",fit: 3,efit: 6,,,0,0,0,0,1,,
2026-01-29 22:32:06,7,15,15,0,"fit: 3, efit: 6",fit: 3,efit: 5,,,0,0,0,0,1,,
2026-01-29 22:33:34,7,15,15,0,"fit: 3, efit: 6",fit: 3,efit: 6,,,0,0,0,0,1,,
2026-01-29 22:43:36,7,15,15,0,"fit: 3, efit: 6",fit: 3,efit: 5,,,0,0,0,0,1,,
2026-01-29 22:45:03,7,15,15,0,"fit: 3, efit: 6",fit: 3,efit: 6,,,0,0,0,0,1,,
2026-01-29 22:48:37,7,15,15,0,"fit: 3, efit: 6",fit: 3,efit: 5,,,0,0,0,0,1,,
2026-01-29 22:52:10,7,15,15,0,"fit: 3, efit: 6",fit: 3,efit: 6,,,0,0,0,0,1,,
2026-01-29 22:53:39,7,15,15,0,"fit: 3, efit: 6",fit: 3,efit: 5,,,0,0,0,0,1,,
2026-01-29 22:57:11,7,15,15,0,"fit: 3, efit: 6",fit: 3,efit: 6,,,0,0,0,0,1,,
2026-01-29 22:58:40,7,15,15,0,"fit: 3, efit: 6",fit: 3,efit: 5,,,0,0,0,0,1,,
2026-01-29 23:00:05,7,15,15,0,"fit: 3, efit: 6",fit: 3,efit: 4,,,0,0,0,0,1,,
2026-01-29 23:02:12,7,15,15,0,"fit: 3, efit: 6",fit: 3,efit: 6,,,0,0,0,0,1,,
2026-01-29 23:03:41,7,15,15,0,"fit: 3, efit: 6",fit: 3,efit: 5,,,0,0,0,0,1,,
2026-01-29 23:05:06,7,15,15,0,"fit: 3, efit: 6",fit: 3,efit: 4,,,0,0,0,0,1,,
2026-01-29 23:07:12,7,15,15,0,"fit: 3, efit: 6",fit: 3,efit: 6,,,0,0,0,0,1,,
2026-01-29 23:10:07,7,15,15,0,"fit: 3, efit: 6",fit: 3,efit: 5,,,0,0,0,0,1,,
2026-01-29 23:12:13,7,15,15,0,"fit: 3, efit: 6",fit: 3,efit: 6,,,0,0,0,0,1,,
2026-01-29 23:13:44,7,15,15,0,"fit: 3, efit: 6",fit: 3,efit: 5,,,0,0,0,0,1,,
2026-01-29 23:23:46,7,15,15,0,"fit: 3, efit: 6",fit: 3,efit: 6,,,0,0,0,0,1,,
2026-01-29 23:27:16,7,15,15,0,"fit: 3, efit: 6",fit: 3,efit: 5,,,0,0,0,0,1,,
2026-01-29 23:28:47,7,15,15,0,"fit: 3, efit: 6",fit: 3,efit: 6,,,0,0,0,0,1,,
2026-01-29 23:32:17,7,15,15,0,"fit: 3, efit: 6",fit: 3,efit: 5,,,0,0,0,0,1,,
2026-01-29 23:33:49,7,15,15,0,"fit: 3, efit: 6",fit: 3,efit: 6,,,0,0,0,0,1,,
2026-01-29 23:37:18,7,15,15,0,"fit: 3, efit: 6",fit: 3,efit: 5,,,0,0,0,0,1,,
2026-01-29 23:38:50,7,15,15,0,"fit: 3, efit: 6",fit: 3,efit: 6,,,0,0,0,0,1,,
2026-01-29 23:47:19,7,15,15,0,"fit: 3, efit: 6",fit: 3,efit: 5,,,0,0,0,0,1,,
2026-01-29 23:50:13,7,15,15,0,"fit: 3, efit: 6",fit: 3,efit: 6,,,0,0,0,0,1,,
2026-01-29 23:52:20,7,15,15,0,"fit: 3, efit: 6",fit: 3,efit: 5,,,0,0,0,0,1,,
2026-01-30 00:00:15,7,15,15,0,"fit: 3, efit: 6",fit: 3,efit: 5,,,0,0,0,0,1,,
2026-01-30 00:03:56,7,15,15,0,"fit: 3, efit: 6",fit: 3,efit: 4,,,0,0,0,0,1,,
2026-01-30 00:05:16,7,15,15,0,"fit: 3, efit: 6",fit: 3,efit: 6,,,0,0,0,0,1,,
2026-01-30 00:08:57,7,15,15,0,"fit: 3, efit: 6",fit: 3,efit: 4,,,0,0,0,0,1,,
2026-01-30 00:10:17,7,15,15,0,"fit: 3, efit: 6",fit: 3,efit: 6,,,0,0,0,0,1,,
2026-01-30 00:12:23,7,15,15,0,"fit: 3, efit: 6",fit: 3,efit: 5,,,0,0,0,0,1,,
2026-01-30 00:13:58,7,15,15,0,"fit: 3, efit: 6",fit: 3,efit: 6,,,0,0,0,0,1,,
2026-01-30 00:17:24,7,15,15,0,"fit: 3, efit: 6",fit: 3,efit: 5,,,0,0,0,0,1,,
2026-01-30 00:18:59,7,15,15,0,"fit: 3, efit: 6",fit: 3,efit: 6,,,0,0,0,0,1,,
2026-01-30 00:27:26,7,15,15,0,"fit: 3, efit: 6",fit: 3,efit: 5,,,0,0,0,0,1,,
2026-01-30 00:29:02,7,15,15,0,"fit: 3, efit: 6",fit: 3,efit: 6,,,0,0,0,0,1,,
2026-01-30 00:35:21,7,15,15,0,"fit: 3, efit: 6",fit: 3,efit: 5,,,0,0,0,0,1,,
2026-01-30 00:37:27,7,15,15,0,"fit: 3, efit: 6",fit: 3,efit: 6,,,0,0,0,0,1,,
2026-01-30 00:40:21,7,15,15,0,"fit: 3, efit: 6",fit: 3,efit: 5,,,0,0,0,0,1,,
2026-01-30 00:42:28,7,15,15,0,"fit: 3, efit: 6",fit: 3,efit: 6,,,0,0,0,0,1,,
2026-01-30 00:52:30,7,15,15,0,"fit: 3, efit: 6",fit: 3,efit: 5,,,0,0,0,0,1,,
2026-01-30 00:54:09,7,15,15,0,"fit: 3, efit: 6",fit: 3,efit: 6,,,0,0,0,0,1,,
2026-01-30 00:57:31,7,15,15,0,"fit: 3, efit: 6",fit: 3,efit: 4,,,0,0,0,0,1,,
2026-01-30 00:59:10,7,15,15,0,"fit: 3, efit: 6",fit: 3,efit: 5,,,0,0,0,0,1,,
2026-01-30 01:00:25,7,15,15,0,"fit: 3, efit: 6",fit: 3,efit: 6,,,0,0,0,0,1,,
2026-01-30 01:02:32,7,15,15,0,"fit: 3, efit: 6",fit: 3,efit: 4,,,0,0,0,0,1,,
2026-01-30 01:04:12,7,15,15,0,"fit: 3, efit: 6",fit: 3,efit: 5,,,0,0,0,0,1,,
2026-01-30 01:05:26,7,15,15,0,"fit: 3, efit: 6",fit: 3,efit: 6,,,0,0,0,0,1,,
2026-01-30 01:07:32,7,15,15,0,"fit: 3, efit: 6",fit: 3,efit: 4,,,0,0,0,0,1,,
2026-01-30 01:09:13,7,15,15,0,"fit: 3, efit: 6",fit: 3,efit: 5,,,0,0,0,0,1,,
2026-01-30 01:10:26,7,15,15,0,"fit: 3, efit: 6",fit: 3,efit: 6,,,0,0,0,0,1,,
2026-01-30 01:12:33,7,15,15,0,"fit: 3, efit: 6",fit: 3,efit: 4,,,0,0,0,0,1,,
2026-01-30 01:14:14,7,15,15,0,"fit: 3, efit: 6",fit: 3,efit: 6,,,0,0,0,0,1,,
2026-01-30 01:17:34,7,15,15,0,"fit: 3, efit: 6",fit: 3,efit: 5,,,0,0,0,0,1,,
2026-01-30 01:19:15,7,15,15,0,"fit: 3, efit: 6",fit: 3,efit: 6,,,0,0,0,0,1,,
2026-01-30 01:22:35,7,15,15,0,"fit: 3, efit: 6",fit: 3,efit: 5,,,0,0,0,0,1,,
2026-01-30 01:24:16,7,15,15,0,"fit: 3, efit: 6",fit: 3,efit: 6,,,0,0,0,0,1,,
2026-01-30 01:30:30,7,15,15,0,"fit: 3, efit: 6",fit: 3,efit: 5,,,0,0,0,0,1,,
2026-01-30 01:32:37,7,15,15,0,"fit: 3, efit: 6",fit: 3,efit: 6,,,0,0,0,0,1,,
2026-01-30 01:34:19,7,15,15,0,"fit: 3, efit: 6",fit: 3,efit: 5,,,0,0,0,0,1,,
2026-01-30 01:37:37,7,15,15,0,"fit: 3, efit: 6",fit: 3,efit: 6,,,0,0,0,0,1,,
2026-01-30 01:39:20,7,15,15,0,"fit: 3, efit: 6",fit: 3,efit: 5,,,0,0,0,0,1,,
2026-01-30 01:42:38,7,15,15,0,"fit: 3, efit: 6",fit: 3,efit: 6,,,0,0,0,0,1,,
2026-01-30 01:44:21,7,15,15,0,"fit: 3, efit: 6",fit: 3,efit: 5,,,0,0,0,0,1,,
2026-01-30 01:45:32,7,15,15,0,"fit: 3, efit: 6",fit: 3,efit: 6,,,0,0,0,0,1,,
2026-01-30 01:57:41,7,15,15,0,"fit: 3, efit: 6",fit: 3,efit: 5,,,0,0,0,0,1,,
2026-01-30 01:59:25,7,15,15,0,"fit: 3, efit: 6",fit: 3,efit: 6,,,0,0,0,0,1,,
2026-01-30 02:02:42,7,15,15,0,"fit: 3, efit: 6",fit: 3,efit: 4,,,0,0,0,0,1,,
2026-01-30 02:04:26,7,15,15,0,"fit: 3, efit: 6",fit: 3,efit: 6,,,0,0,0,0,1,,
2026-01-30 02:07:43,7,15,15,0,"fit: 3, efit: 6",fit: 3,efit: 5,,,0,0,0,0,1,,
2026-01-30 02:09:27,7,15,15,0,"fit: 3, efit: 6",fit: 3,efit: 6,,,0,0,0,0,1,,
2026-01-30 02:10:36,7,15,15,0,"fit: 3, efit: 6",fit: 3,efit: 5,,,0,0,0,0,1,,
2026-01-30 02:14:29,7,15,15,0,"fit: 3, efit: 6",fit: 3,efit: 6,,,0,0,0,0,1,,
2026-01-30 02:15:37,7,15,15,0,"fit: 3, efit: 6",fit: 3,efit: 5,,,0,0,0,0,1,,
2026-01-30 02:19:30,7,15,15,0,"fit: 3, efit: 6",fit: 3,efit: 6,,,0,0,0,0,1,,
2026-01-30 02:20:37,7,15,15,0,"fit: 3, efit: 6",fit: 3,efit: 5,,,0,0,0,0,1,,
2026-01-30 02:22:45,7,15,15,0,"fit: 3, efit: 6",fit: 3,efit: 6,,,0,0,0,0,1,,
2026-01-30 02:25:38,7,15,15,0,"fit: 3, efit: 6",fit: 3,efit: 5,,,0,0,0,0,1,,
2026-01-30 02:27:46,7,15,15,0,"fit: 3, efit: 6",fit: 3,efit: 6,,,0,0,0,0,1,,
2026-01-30 02:34:34,7,15,15,0,"fit: 3, efit: 6",fit: 3,efit: 5,,,0,0,0,0,1,,
2026-01-30 02:35:40,7,15,15,0,"fit: 3, efit: 6",fit: 3,efit: 6,,,0,0,0,0,1,,
2026-01-30 02:39:35,7,15,15,0,"fit: 3, efit: 6",fit: 3,efit: 5,,,0,0,0,0,1,,
2026-01-30 02:40:41,7,15,15,0,"fit: 3, efit: 6",fit: 3,efit: 6,,,0,0,0,0,1,,
2026-01-30 02:44:36,7,15,15,0,"fit: 3, efit: 6",fit: 3,efit: 5,,,0,0,0,0,1,,
2026-01-30 02:45:41,7,15,15,0,"fit: 3, efit: 6",fit: 3,efit: 6,,,0,0,0,0,1,,
2026-01-30 02:47:49,7,15,15,0,"fit: 3, efit: 6",fit: 3,efit: 5,,,0,0,0,0,1,,
2026-01-30 02:49:37,7,15,15,0,"fit: 3, efit: 6",fit: 3,efit: 6,,,0,0,0,0,1,,
2026-01-30 03:00:44,7,15,15,0,"fit: 3, efit: 6",fit: 3,efit: 5,,,0,0,0,0,1,,
2026-01-30 03:02:52,7,15,15,0,"fit: 3, efit: 6",fit: 3,efit: 6,,,0,0,0,0,1,,
2026-01-30 03:05:45,7,15,15,0,"fit: 3, efit: 6",fit: 3,efit: 4,,,0,0,0,0,1,,
2026-01-30 03:07:53,7,15,15,0,"fit: 3, efit: 6",fit: 3,efit: 6,,,0,0,0,0,1,,
2026-01-30 03:09:42,7,15,15,0,"fit: 3, efit: 6",fit: 3,efit: 5,,,0,0,0,0,1,,
2026-01-30 03:12:53,7,15,15,0,"fit: 3, efit: 6",fit: 3,efit: 6,,,0,0,0,0,1,,
2026-01-30 03:14:43,7,15,15,0,"fit: 3, efit: 6",fit: 3,efit: 4,,,0,0,0,0,1,,
2026-01-30 03:17:54,7,15,15,0,"fit: 3, efit: 6",fit: 3,efit: 6,,,0,0,0,0,1,,
2026-01-30 03:19:45,7,15,15,0,"fit: 3, efit: 6",fit: 3,efit: 5,,,0,0,0,0,1,,
2026-01-30 03:20:47,7,15,15,0,"fit: 3, efit: 6",fit: 3,efit: 6,,,0,0,0,0,1,,
2026-01-30 03:24:46,7,15,15,0,"fit: 3, efit: 6",fit: 3,efit: 5,,,0,0,0,0,1,,
2026-01-30 03:25:48,7,15,15,0,"fit: 3, efit: 6",fit: 3,efit: 6,,,0,0,0,0,1,,
2026-01-30 03:29:47,7,15,15,0,"fit: 3, efit: 6",fit: 3,efit: 5,,,0,0,0,0,1,,
2026-01-30 03:30:49,7,15,15,0,"fit: 3, efit: 6",fit: 3,efit: 6,,,0,0,0,0,1,,
2026-01-30 03:32:57,7,15,15,0,"fit: 3, efit: 6",fit: 3,efit: 5,,,0,0,0,0,1,,
2026-01-30 03:34:48,7,15,15,0,"fit: 3, efit: 6",fit: 3,efit: 6,,,0,0,0,0,1,,
2026-01-30 03:37:58,7,15,15,0,"fit: 3, efit: 6",fit: 3,efit: 4,,,0,0,0,0,1,,
2026-01-30 03:39:50,7,15,15,0,"fit: 3, efit: 6",fit: 3,efit: 6,,,0,0,0,0,1,,
2026-01-30 03:42:59,7,15,15,0,"fit: 3, efit: 6",fit: 3,efit: 4,,,0,0,0,0,1,,
2026-01-30 03:44:51,7,15,15,0,"fit: 3, efit: 6",fit: 3,efit: 6,,,0,0,0,0,1,,
2026-01-30 03:47:59,7,15,15,0,"fit: 3, efit: 6",fit: 3,efit: 4,,,0,0,0,0,1,,
2026-01-30 03:49:52,7,15,15,0,"fit: 3, efit: 6",fit: 3,efit: 6,,,0,0,0,0,1,,
2026-01-30 03:53:00,7,15,15,0,"fit: 3, efit: 6",fit: 3,efit: 5,,,0,0,0,0,1,,
2026-01-30 03:54:53,7,15,15,0,"fit: 3, efit: 6",fit: 3,efit: 6,,,0,0,0,0,1,,
2026-01-30 04:04:56,7,15,15,0,"fit: 3, efit: 6",fit: 3,efit: 5,,,0,0,0,0,1,,
2026-01-30 04:05:54,7,15,15,0,"fit: 3, efit: 6",fit: 3,efit: 6,,,0,0,0,0,1,,
2026-01-30 04:09:57,7,15,15,0,"fit: 3, efit: 6",fit: 3,efit: 5,,,0,0,0,0,1,,
2026-01-30 04:10:55,7,15,15,0,"fit: 3, efit: 6",fit: 3,efit: 6,,,0,0,0,0,1,,
2026-01-30 04:14:58,7,15,15,0,"fit: 3, efit: 6",fit: 3,efit: 5,,,0,0,0,0,1,,
2026-01-30 04:15:56,7,15,15,0,"fit: 3, efit: 6",fit: 3,efit: 6,,,0,0,0,0,1,,
2026-01-30 04:18:05,7,15,15,0,"fit: 3, efit: 6",fit: 3,efit: 5,,,0,0,0,0,1,,
2026-01-30 04:20:57,7,15,15,0,"fit: 3, efit: 6",fit: 3,efit: 6,,,0,0,0,0,1,,
2026-01-30 04:23:06,7,15,15,0,"fit: 3, efit: 6",fit: 3,efit: 5,,,0,0,0,0,1,,
2026-01-30 04:25:01,7,15,15,0,"fit: 3, efit: 6",fit: 3,efit: 6,,,0,0,0,0,1,,
2026-01-30 04:28:06,7,15,15,0,"fit: 3, efit: 6",fit: 3,efit: 5,,,0,0,0,0,1,,
2026-01-30 04:30:02,7,15,15,0,"fit: 3, efit: 6",fit: 3,efit: 6,,,0,0,0,0,1,,
2026-01-30 04:33:07,7,15,15,0,"fit: 3, efit: 6",fit: 3,efit: 5,,,0,0,0,0,1,,
2026-01-30 04:35:03,7,15,15,0,"fit: 3, efit: 6",fit: 3,efit: 6,,,0,0,0,0,1,,
2026-01-30 04:38:08,7,15,15,0,"fit: 3, efit: 6",fit: 3,efit: 5,,,0,0,0,0,1,,
2026-01-30 04:40:05,7,15,15,0,"fit: 3, efit: 6",fit: 3,efit: 6,,,0,0,0,0,1,,
2026-01-30 04:41:00,7,15,15,0,"fit: 3, efit: 6",fit: 3,efit: 5,,,0,0,0,0,1,,
2026-01-30 04:45:06,7,15,15,0,"fit: 3, efit: 6",fit: 3,efit: 6,,,0,0,0,0,1,,
2026-01-30 04:46:01,7,15,15,0,"fit: 3, efit: 6",fit: 3,efit: 5,,,0,0,0,0,1,,
2026-01-30 04:50:07,7,15,15,0,"fit: 3, efit: 6",fit: 3,efit: 6,,,0,0,0,0,1,,
2026-01-30 04:51:02,7,15,15,0,"fit: 3, efit: 6",fit: 3,efit: 5,,,0,0,0,0,1,,
2026-01-30 04:53:11,7,15,15,0,"fit: 3, efit: 6",fit: 3,efit: 6,,,0,0,0,0,1,,
2026-01-30 04:56:03,7,15,15,0,"fit: 3, efit: 6",fit: 3,efit: 5,,,0,0,0,0,1,,
2026-01-30 04:58:12,7,15,15,0,"fit: 3, efit: 6",fit: 3,efit: 6,,,0,0,0,0,1,,
2026-01-30 05:08:13,7,15,15,0,"fit: 3, efit: 6",fit: 3,efit: 5,,,0,0,0,0,1,,
2026-01-30 05:10:12,7,15,15,0,"fit: 3, efit: 6",fit: 3,efit: 6,,,0,0,0,0,1,,
2026-01-30 05:13:14,7,15,15,0,"fit: 3, efit: 6",fit: 3,efit: 5,,,0,0,0,0,1,,
2026-01-30 05:15:13,7,15,15,0,"fit: 3, efit: 6",fit: 3,efit: 6,,,0,0,0,0,1,,
2026-01-30 05:18:15,7,15,15,0,"fit: 3, efit: 6",fit: 3,efit: 5,,,0,0,0,0,1,,
2026-01-30 05:20:14,7,15,15,0,"fit: 3, efit: 6",fit: 3,efit: 6,,,0,0,0,0,1,,
2026-01-30 05:23:16,7,15,15,0,"fit: 3, efit: 6",fit: 3,efit: 4,,,0,0,0,0,1,,
2026-01-30 05:25:15,7,15,15,0,"fit: 3, efit: 6",fit: 3,efit: 6,,,0,0,0,0,1,,
2026-01-30 05:36:09,7,15,15,0,"fit: 3, efit: 6",fit: 3,efit: 5,,,0,0,0,0,1,,
2026-01-30 05:38:18,7,15,15,0,"fit: 3, efit: 6",fit: 3,efit: 6,,,0,0,0,0,1,,
2026-01-30 05:41:10,7,15,15,0,"fit: 3, efit: 6",fit: 3,efit: 5,,,0,0,0,0,1,,
2026-01-30 05:43:19,7,15,15,0,"fit: 3, efit: 6",fit: 3,efit: 6,,,0,0,0,0,1,,
2026-01-30 05:45:20,7,15,15,0,"fit: 3, efit: 6",fit: 3,efit: 5,,,0,0,0,0,1,,
2026-01-30 05:46:11,7,15,15,0,"fit: 3, efit: 6",fit: 3,efit: 4,,,0,0,0,0,1,,
2026-01-30 05:48:20,7,15,15,0,"fit: 3, efit: 6",fit: 3,efit: 6,,,0,0,0,0,1,,
2026-01-30 05:50:22,7,15,15,0,"fit: 3, efit: 6",fit: 3,efit: 4,,,0,0,0,0,1,,
2026-01-30 05:53:21,7,15,15,0,"fit: 3, efit: 6",fit: 3,efit: 6,,,0,0,0,0,1,,
2026-01-30 05:55:23,7,15,15,0,"fit: 3, efit: 6",fit: 3,efit: 5,,,0,0,0,0,1,,
2026-01-30 05:56:12,7,15,15,0,"fit: 3, efit: 6",fit: 3,efit: 4,,,0,0,0,0,1,,
2026-01-30 05:58:22,7,15,15,0,"fit: 3, efit: 6",fit: 3,efit: 6,,,0,0,0,0,1,,
2026-01-30 06:00:24,7,15,15,0,"fit: 3, efit: 6",fit: 3,efit: 5,,,0,0,0,0,1,,
2026-01-30 06:03:22,7,15,15,0,"fit: 3, efit: 6",fit: 3,efit: 6,,,0,0,0,0,1,,
2026-01-30 06:05:25,7,15,15,0,"fit: 2, efit: 6",fit: 2,efit: 6,,,0,0,0,0,1,,
2026-01-30 06:06:14,7,15,15,0,"fit: 2, efit: 6",fit: 2,efit: 5,,,0,0,0,0,1,,
2026-01-30 06:08:23,7,15,15,0,"fit: 2, efit: 6",fit: 2,efit: 6,,,0,0,0,0,1,,
2026-01-30 06:16:16,7,15,15,0,"fit: 2, efit: 6",fit: 2,efit: 5,,,0,0,0,0,1,,
2026-01-30 06:18:25,7,15,15,0,"fit: 2, efit: 6",fit: 2,efit: 6,,,0,0,0,0,1,,
2026-01-30 06:21:16,7,15,15,0,"fit: 2, efit: 6",fit: 2,efit: 5,,,0,0,0,0,1,,
2026-01-30 06:23:26,7,15,15,0,"fit: 2, efit: 6",fit: 2,efit: 6,,,0,0,0,0,1,,
2026-01-30 06:25:30,7,15,15,0,"fit: 2, efit: 6",fit: 2,efit: 4,,,0,0,0,0,1,,
2026-01-30 06:28:27,7,15,15,0,"fit: 2, efit: 6",fit: 2,efit: 6,,,0,0,0,0,1,,
2026-01-30 06:30:31,7,15,15,0,"fit: 2, efit: 6",fit: 2,efit: 5,,,0,0,0,0,1,,
2026-01-30 06:33:27,7,15,15,0,"fit: 2, efit: 6",fit: 2,efit: 6,,,0,0,0,0,1,,
2026-01-30 06:35:33,7,15,15,0,"fit: 2, efit: 6",fit: 2,efit: 5,,,0,0,0,0,1,,
2026-01-30 06:38:28,7,15,15,0,"fit: 2, efit: 6",fit: 2,efit: 6,,,0,0,0,0,1,,
2026-01-30 06:40:34,7,15,15,0,"fit: 2, efit: 6",fit: 2,efit: 5,,,0,0,0,0,1,,
2026-01-30 06:43:29,7,15,15,0,"fit: 2, efit: 6",fit: 2,efit: 6,,,0,0,0,0,1,,
2026-01-30 06:45:35,7,15,15,0,"fit: 2, efit: 6",fit: 2,efit: 5,,,0,0,0,0,1,,
2026-01-30 06:46:20,7,15,15,0,"fit: 2, efit: 6",fit: 2,efit: 6,,,0,0,0,0,1,,
2026-01-30 06:55:38,7,15,15,0,"fit: 2, efit: 6",fit: 2,efit: 5,,,0,0,0,0,1,,
2026-01-30 06:58:32,7,15,15,0,"fit: 2, efit: 6",fit: 2,efit: 6,,,0,0,0,0,1,,
2026-01-30 07:00:39,7,15,15,0,"fit: 2, efit: 6",fit: 2,efit: 5,,,0,0,0,0,1,,
2026-01-30 07:03:32,7,15,15,0,"fit: 2, efit: 6",fit: 2,efit: 6,,,0,0,0,0,1,,
2026-01-30 07:05:40,7,15,15,0,"fit: 2, efit: 6",fit: 2,efit: 5,,,0,0,0,0,1,,
2026-01-30 07:08:33,7,15,15,0,"fit: 2, efit: 6",fit: 2,efit: 6,,,0,0,0,0,1,,
2026-01-30 07:10:41,7,15,15,0,"fit: 2, efit: 6",fit: 2,efit: 4,,,0,0,0,0,1,,
2026-01-30 07:13:34,7,15,15,0,"fit: 2, efit: 6",fit: 2,efit: 6,,,0,0,0,0,1,,
2026-01-30 07:15:42,7,15,15,0,"fit: 2, efit: 6",fit: 2,efit: 4,,,0,0,0,0,1,,
2026-01-30 07:16:25,7,15,15,0,"fit: 2, efit: 6",fit: 2,efit: 5,,,0,0,0,0,1,,
2026-01-30 07:18:35,7,15,15,0,"fit: 2, efit: 6",fit: 2,efit: 6,,,0,0,0,0,1,,
2026-01-30 07:20:44,7,15,15,0,"fit: 2, efit: 6",fit: 2,efit: 4,,,0,0,0,0,1,,
2026-01-30 07:21:26,7,15,15,0,"fit: 2, efit: 6",fit: 2,efit: 5,,,0,0,0,0,1,,
2026-01-30 07:23:36,7,15,15,0,"fit: 2, efit: 6",fit: 2,efit: 6,,,0,0,0,0,1,,
2026-01-30 07:25:45,7,15,15,0,"fit: 2, efit: 6",fit: 2,efit: 5,,,0,0,0,0,1,,
2026-01-30 07:26:27,7,15,15,0,"fit: 2, efit: 6",fit: 2,efit: 6,,,0,0,0,0,1,,
2026-01-30 07:38:38,7,15,15,0,"fit: 2, efit: 6",fit: 2,efit: 5,,,0,0,0,0,1,,
2026-01-30 07:40:49,7,15,15,0,"fit: 2, efit: 6",fit: 2,efit: 6,,,0,0,0,0,1,,
2026-01-30 07:43:39,7,15,15,0,"fit: 2, efit: 6",fit: 2,efit: 5,,,0,0,0,0,1,,
2026-01-30 07:45:50,7,15,15,0,"fit: 2, efit: 6",fit: 2,efit: 6,,,0,0,0,0,1,,
2026-01-30 08:00:54,7,15,15,0,"fit: 2, efit: 6",fit: 2,efit: 5,,,0,0,0,0,1,,
2026-01-30 08:01:32,7,15,15,0,"fit: 2, efit: 6",fit: 2,efit: 6,,,0,0,0,0,1,,
2026-01-30 08:13:44,7,15,15,0,"fit: 2, efit: 6",fit: 2,efit: 5,,,0,0,0,0,1,,
2026-01-30 08:16:35,7,15,15,0,"fit: 2, efit: 6",fit: 2,efit: 6,,,0,0,0,0,1,,
2026-01-30 08:18:45,7,15,15,0,"fit: 2, efit: 6",fit: 2,efit: 5,,,0,0,0,0,1,,
2026-01-30 08:20:59,7,15,15,0,"fit: 2, efit: 6",fit: 2,efit: 6,,,0,0,0,0,1,,
2026-01-30 08:23:46,7,15,15,0,"fit: 2, efit: 6",fit: 2,efit: 4,,,0,0,0,0,1,,
2026-01-30 08:26:00,7,15,15,0,"fit: 2, efit: 6",fit: 2,efit: 6,,,0,0,0,0,1,,
2026-01-30 08:28:47,7,15,15,0,"fit: 2, efit: 6",fit: 2,efit: 4,,,0,0,0,0,1,,
2026-01-30 08:31:01,7,15,15,0,"fit: 2, efit: 6",fit: 2,efit: 6,,,0,0,0,0,1,,
2026-01-30 08:33:48,7,15,15,0,"fit: 2, efit: 6",fit: 2,efit: 4,,,0,0,0,0,1,,
2026-01-30 08:36:03,7,15,15,0,"fit: 2, efit: 6",fit: 2,efit: 6,,,0,0,0,0,1,,
2026-01-30 08:38:48,7,15,15,0,"fit: 2, efit: 6",fit: 2,efit: 5,,,0,0,0,0,1,,
2026-01-30 08:41:04,7,15,15,0,"fit: 2, efit: 6",fit: 2,efit: 6,,,0,0,0,0,1,,
2026-01-30 08:43:49,7,15,15,0,"fit: 2, efit: 6",fit: 2,efit: 5,,,0,0,0,0,1,,
2026-01-30 08:46:05,7,15,15,0,"fit: 2, efit: 6",fit: 2,efit: 6,,,0,0,0,0,1,,
2026-01-30 08:48:50,7,15,15,0,"fit: 2, efit: 6",fit: 2,efit: 5,,,0,0,0,0,1,,
2026-01-30 08:51:06,7,15,15,0,"fit: 2, efit: 6",fit: 2,efit: 6,,,0,0,0,0,1,,
2026-01-30 08:53:51,7,15,15,0,"fit: 2, efit: 6",fit: 2,efit: 5,,,0,0,0,0,1,,
2026-01-30 08:56:08,7,15,15,0,"fit: 2, efit: 6",fit: 2,efit: 6,,,0,0,0,0,1,,
2026-01-30 09:03:53,7,15,15,0,"fit: 2, efit: 6",fit: 2,efit: 5,,,0,0,0,0,1,,
2026-01-30 09:06:10,7,15,15,0,"fit: 2, efit: 6",fit: 2,efit: 6,,,0,0,0,0,1,,
2026-01-30 09:08:54,7,15,15,0,"fit: 2, efit: 6",fit: 2,efit: 5,,,0,0,0,0,1,,
2026-01-30 09:11:11,7,15,15,0,"fit: 2, efit: 6",fit: 2,efit: 6,,,0,0,0,0,1,,
2026-01-30 09:13:54,7,15,15,0,"fit: 2, efit: 6",fit: 2,efit: 5,,,0,0,0,0,1,,
2026-01-30 09:16:13,7,15,15,0,"fit: 2, efit: 6",fit: 2,efit: 6,,,0,0,0,0,1,,
2026-01-30 09:18:55,7,15,15,0,"fit: 2, efit: 6",fit: 2,efit: 4,,,0,0,0,0,1,,
2026-01-30 09:21:14,7,15,15,0,"fit: 2, efit: 6",fit: 2,efit: 6,,,0,0,0,0,1,,
2026-01-30 09:23:56,7,15,15,0,"fit: 2, efit: 6",fit: 2,efit: 5,,,0,0,0,0,1,,
2026-01-30 09:26:16,7,15,15,0,"fit: 2, efit: 6",fit: 2,efit: 6,,,0,0,0,0,1,,
2026-01-30 09:26:46,7,15,15,0,"fit: 2, efit: 6",fit: 2,efit: 5,,,0,0,0,0,1,,
2026-01-30 09:38:59,7,15,15,0,"fit: 2, efit: 6",fit: 2,efit: 6,,,0,0,0,0,1,,
2026-01-30 09:41:48,7,15,15,0,"fit: 2, efit: 6",fit: 2,efit: 5,,,0,0,0,0,1,,
2026-01-30 09:43:59,7,15,15,0,"fit: 2, efit: 6",fit: 2,efit: 6,,,0,0,0,0,1,,
2026-01-30 09:46:49,7,15,15,0,"fit: 2, efit: 6",fit: 2,efit: 5,,,0,0,0,0,1,,
2026-01-30 09:49:00,7,15,15,0,"fit: 2, efit: 6",fit: 2,efit: 6,,,0,0,0,0,1,,
2026-01-30 09:51:22,7,15,15,0,"fit: 2, efit: 6",fit: 2,efit: 5,,,0,0,0,0,1,,
2026-01-30 09:54:01,7,15,15,0,"fit: 2, efit: 6",fit: 2,efit: 6,,,0,0,0,0,1,,
2026-01-30 09:56:23,7,15,15,0,"fit: 2, efit: 6",fit: 2,efit: 5,,,0,0,0,0,1,,
2026-01-30 09:59:02,7,15,15,0,"fit: 2, efit: 6",fit: 2,efit: 6,,,0,0,0,0,1,,
2026-01-30 10:11:53,7,15,15,0,"fit: 2, efit: 6",fit: 2,efit: 5,,,0,0,0,0,1,,
2026-01-30 10:14:05,7,15,15,0,"fit: 2, efit: 6",fit: 2,efit: 6,,,0,0,0,0,1,,
2026-01-30 10:21:55,7,15,15,0,"fit: 2, efit: 6",fit: 2,efit: 5,,,0,0,0,0,1,,
2026-01-30 10:24:06,7,15,15,0,"fit: 2, efit: 6",fit: 2,efit: 6,,,0,0,0,0,1,,
2026-01-30 10:26:31,7,15,15,0,"fit: 2, efit: 6",fit: 2,efit: 5,,,0,0,0,0,1,,
2026-01-30 10:26:56,7,15,15,0,"fit: 2, efit: 6",fit: 2,efit: 4,,,0,0,0,0,1,,
2026-01-30 10:29:07,7,15,15,0,"fit: 2, efit: 6",fit: 2,efit: 6,,,0,0,0,0,1,,
2026-01-30 10:31:32,7,15,15,0,"fit: 2, efit: 6",fit: 2,efit: 5,,,0,0,0,0,1,,
2026-01-30 10:31:56,7,15,15,0,"fit: 2, efit: 6",fit: 2,efit: 4,,,0,0,0,0,1,,
2026-01-30 10:34:08,7,15,15,0,"fit: 2, efit: 6",fit: 2,efit: 6,,,0,0,0,0,1,,
2026-01-30 10:36:33,7,15,15,0,"fit: 2, efit: 6",fit: 2,efit: 5,,,0,0,0,0,1,,
2026-01-30 10:36:57,7,15,15,0,"fit: 2, efit: 6",fit: 2,efit: 4,,,0,0,0,0,1,,
2026-01-30 10:39:09,7,15,15,0,"fit: 2, efit: 6",fit: 2,efit: 6,,,0,0,0,0,1,,
2026-01-30 10:41:35,7,15,15,0,"fit: 2, efit: 6",fit: 2,efit: 5,,,0,0,0,0,1,,
2026-01-30 10:41:58,7,15,15,0,"fit: 2, efit: 6",fit: 2,efit: 6,,,0,0,0,0,1,,
2026-01-30 10:46:36,7,15,15,0,"fit: 2, efit: 6",fit: 2,efit: 5,,,0,0,0,0,1,,
2026-01-30 10:46:59,7,15,15,0,"fit: 2, efit: 6",fit: 2,efit: 6,,,0,0,0,0,1,,
2026-01-30 11:11:42,7,15,15,0,"fit: 2, efit: 6",fit: 2,efit: 5,,,0,0,0,0,1,,
2026-01-30 11:14:15,7,15,15,0,"fit: 2, efit: 6",fit: 2,efit: 6,,,0,0,0,0,1,,
2026-01-30 11:16:43,7,15,15,0,"fit: 2, efit: 6",fit: 2,efit: 5,,,0,0,0,0,1,,
2026-01-30 11:19:16,7,15,15,0,"fit: 2, efit: 6",fit: 2,efit: 6,,,0,0,0,0,1,,
2026-01-30 11:21:44,7,15,15,0,"fit: 2, efit: 6",fit: 2,efit: 5,,,0,0,0,0,1,,
2026-01-30 11:24:16,7,15,15,0,"fit: 2, efit: 6",fit: 2,efit: 6,,,0,0,0,0,1,,
2026-01-30 11:26:45,7,15,15,0,"fit: 2, efit: 6",fit: 2,efit: 4,,,0,0,0,0,1,,
2026-01-30 11:27:06,7,15,15,0,"fit: 2, efit: 6",fit: 2,efit: 5,,,0,0,0,0,1,,
2026-01-30 11:29:17,7,15,15,0,"fit: 2, efit: 6",fit: 2,efit: 6,,,0,0,0,0,1,,
2026-01-30 11:31:47,7,15,15,0,"fit: 2, efit: 6",fit: 2,efit: 5,,,0,0,0,0,1,,
2026-01-30 11:34:18,7,15,15,0,"fit: 2, efit: 6",fit: 2,efit: 6,,,0,0,0,0,1,,
2026-01-30 11:36:48,7,15,15,0,"fit: 2, efit: 6",fit: 2,efit: 5,,,0,0,0,0,1,,
2026-01-30 11:39:19,7,15,15,0,"fit: 2, efit: 6",fit: 2,efit: 6,,,0,0,0,0,1,,
2026-01-30 11:41:49,7,15,15,0,"fit: 2, efit: 6",fit: 2,efit: 5,,,0,0,0,0,1,,
2026-01-30 11:44:20,7,15,15,0,"fit: 2, efit: 6",fit: 2,efit: 6,,,0,0,0,0,1,,
2026-01-30 11:49:21,7,15,15,0,"fit: 2, efit: 6",fit: 2,efit: 5,,,0,0,0,0,1,,
2026-01-30 11:51:52,7,15,15,0,"fit: 2, efit: 6",fit: 2,efit: 6,,,0,0,0,0,1,,
2026-01-30 11:54:21,7,15,15,0,"fit: 2, efit: 6",fit: 2,efit: 5,,,0,0,0,0,1,,
2026-01-30 11:56:53,7,15,15,0,"fit: 2, efit: 6",fit: 2,efit: 6,,,0,0,0,0,1,,
2026-01-30 11:59:22,7,15,15,0,"fit: 2, efit: 6",fit: 2,efit: 5,,,0,0,0,0,1,,
2026-01-30 12:01:54,7,15,15,0,"fit: 2, efit: 6",fit: 2,efit: 6,,,0,0,0,0,1,,
2026-01-30 12:04:23,7,15,15,0,"fit: 2, efit: 6",fit: 2,efit: 5,,,0,0,0,0,1,,
2026-01-30 12:06:56,7,15,15,0,"fit: 2, efit: 6",fit: 2,efit: 6,,,0,0,0,0,1,,
2026-01-30 12:16:58,7,15,15,0,"fit: 2, efit: 6",fit: 2,efit: 5,,,0,0,0,0,1,,
2026-01-30 12:17:14,7,15,15,0,"fit: 2, efit: 6",fit: 2,efit: 6,,,0,0,0,0,1,,
2026-01-30 12:21:59,7,15,15,0,"fit: 2, efit: 6",fit: 2,efit: 5,,,0,0,0,0,1,,
2026-01-30 12:32:02,7,15,15,0,"fit: 2, efit: 6",fit: 2,efit: 4,,,0,0,0,0,1,,
2026-01-30 12:37:03,7,15,15,0,"fit: 2, efit: 6",fit: 2,efit: 5,,,0,0,0,0,1,,
2026-01-30 12:52:19,7,15,15,0,"fit: 2, efit: 6",fit: 2,efit: 4,,,0,0,0,0,1,,
2026-01-30 12:54:32,7,15,15,0,"fit: 2, efit: 6",fit: 2,efit: 5,,,0,0,0,0,1,,
2026-01-30 12:57:20,7,15,15,0,"fit: 2, efit: 6",fit: 2,efit: 4,,,0,0,0,0,1,,
2026-01-30 12:59:32,7,15,15,0,"fit: 2, efit: 6",fit: 2,efit: 5,,,0,0,0,0,1,,
2026-01-30 13:19:36,7,15,15,0,"fit: 2, efit: 6",fit: 2,efit: 4,,,0,0,0,0,1,,
2026-01-30 13:22:14,7,15,15,0,"fit: 2, efit: 6",fit: 2,efit: 5,,,0,0,0,0,1,,
2026-01-30 13:24:37,7,15,15,0,"fit: 2, efit: 6",fit: 2,efit: 4,,,0,0,0,0,1,,
2026-01-30 13:32:26,7,15,15,0,"fit: 2, efit: 6","fit: 2, efit: 1",efit: 4,,,0,0,0,0,1,,
2026-01-30 13:44:40,7,15,15,0,"fit: 2, efit: 6","fit: 2, efit: 1",efit: 3,,,0,0,0,0,1,,
2026-01-30 13:47:20,7,15,15,0,"fit: 2, efit: 6","fit: 2, efit: 1",efit: 4,,,0,0,0,0,1,,
2026-01-30 13:49:41,7,15,15,0,"fit: 2, efit: 6","fit: 2, efit: 1",efit: 3,,,0,0,0,0,1,,
2026-01-30 13:52:22,7,15,15,0,"fit: 2, efit: 6","fit: 2, efit: 1",efit: 4,,,0,0,0,0,1,,
2026-01-30 14:07:25,7,15,15,0,"fit: 2, efit: 5",fit: 2,efit: 4,,,0,0,0,0,1,,
2026-01-30 14:12:26,7,15,15,0,"fit: 2, efit: 5",fit: 2,efit: 3,,,0,0,0,0,1,,
2026-01-30 14:42:34,7,15,15,0,"fit: 2, efit: 5",fit: 2,efit: 2,,,0,0,0,0,1,,
2026-01-30 14:44:50,7,15,15,0,"fit: 2, efit: 5",fit: 2,efit: 3,,,0,0,0,0,1,,
2026-01-30 15:19:56,7,15,15,0,"fit: 2, efit: 5","fit: 2, efit: 1",efit: 3,,,0,0,0,0,1,,
2026-01-30 15:34:59,7,15,15,0,"fit: 2, efit: 5","fit: 2, efit: 1",efit: 2,,,0,0,0,0,1,,
2026-01-30 15:37:44,7,15,15,0,"fit: 2, efit: 5","fit: 2, efit: 1",efit: 3,,,0,0,0,0,1,,
2026-01-30 15:39:59,7,15,15,0,"fit: 2, efit: 5","fit: 2, efit: 1",efit: 2,,,0,0,0,0,1,,
2026-01-30 15:42:45,7,15,15,0,"fit: 2, efit: 5","fit: 2, efit: 1",efit: 3,,,0,0,0,0,1,,
2026-01-30 15:45:01,7,15,15,0,"fit: 2, efit: 5","fit: 2, efit: 1",efit: 2,,,0,0,0,0,1,,
2026-01-30 15:47:46,7,15,15,0,"fit: 2, efit: 5","fit: 2, efit: 1",efit: 3,,,0,0,0,0,1,,
2026-01-30 15:50:02,7,15,15,0,"fit: 2, efit: 5","fit: 2, efit: 1",efit: 2,,,0,0,0,0,1,,
2026-01-30 15:52:47,7,15,15,0,"fit: 2, efit: 5","fit: 2, efit: 1",efit: 3,,,0,0,0,0,1,,
2026-01-30 15:55:03,7,15,15,0,"fit: 2, efit: 5","fit: 2, efit: 1",efit: 2,,,0,0,0,0,1,,
2026-01-30 15:57:47,7,15,15,0,"fit: 2, efit: 5","fit: 2, efit: 1",efit: 3,,,0,0,0,0,1,,
2026-01-30 16:00:03,7,15,15,0,"fit: 2, efit: 5","fit: 2, efit: 1",efit: 2,,,0,0,0,0,1,,
2026-01-30 16:02:48,7,15,15,0,"fit: 2, efit: 5","fit: 2, efit: 1",efit: 3,,,0,0,0,0,1,,
2026-01-30 16:05:04,7,15,15,0,"fit: 2, efit: 5","fit: 2, efit: 2",efit: 2,,,0,0,0,0,1,,
2026-01-30 16:07:49,7,15,15,0,"fit: 2, efit: 5","fit: 2, efit: 2",efit: 3,,,0,0,0,0,1,,
2026-01-30 16:55:14,7,15,15,0,"fit: 3, efit: 4","fit: 3, efit: 1",efit: 2,,,0,0,0,0,1,,
2026-01-30 16:57:57,7,15,15,0,"fit: 3, efit: 4","fit: 3, efit: 1",efit: 3,,,0,0,0,0,1,,
2026-01-30 17:00:14,7,15,15,0,"fit: 3, efit: 4","fit: 3, efit: 1",efit: 2,,,0,0,0,0,1,,
2026-01-30 17:02:58,7,15,15,0,"fit: 3, efit: 4","fit: 3, efit: 1",efit: 3,,,0,0,0,0,1,,
2026-01-30 17:05:15,7,15,15,0,"fit: 3, efit: 4","fit: 3, efit: 1",efit: 2,,,0,0,0,0,1,,
2026-01-30 17:07:59,7,15,15,0,"fit: 3, efit: 4","fit: 3, efit: 1",efit: 3,,,0,0,0,0,1,,
2026-01-30 17:58:07,7,15,15,0,"fit: 3, efit: 4","fit: 3, efit: 1",efit: 2,,,0,0,0,0,1,,
2026-01-30 18:00:25,7,15,15,0,"fit: 3, efit: 4","fit: 3, efit: 1",efit: 3,,,0,0,0,0,1,,
2026-01-30 18:03:08,7,15,15,0,"fit: 3, efit: 4","fit: 3, efit: 1",efit: 2,,,0,0,0,0,1,,
2026-01-30 18:05:26,7,15,15,0,"fit: 3, efit: 4","fit: 3, efit: 1",efit: 3,,,0,0,0,0,1,,
2026-01-30 18:08:09,7,15,15,0,"fit: 3, efit: 4","fit: 3, efit: 1",efit: 2,,,0,0,0,0,1,,
2026-01-30 18:10:27,7,15,15,0,"fit: 3, efit: 4","fit: 3, efit: 1",efit: 3,,,0,0,0,0,1,,
2026-01-30 18:13:09,7,15,15,0,"fit: 3, efit: 4","fit: 3, efit: 1",efit: 2,,,0,0,0,0,1,,
2026-01-30 18:15:27,7,15,15,0,"fit: 3, efit: 4","fit: 3, efit: 1",efit: 3,,,0,0,0,0,1,,
2026-01-30 19:10:37,7,15,15,0,"fit: 3, efit: 4","fit: 3, efit: 1",efit: 2,,,0,0,0,0,1,,
2026-01-30 19:13:19,7,15,15,0,"fit: 3, efit: 4","fit: 3, efit: 1",efit: 3,,,0,0,0,0,1,,
2026-01-30 19:15:38,7,15,15,0,"fit: 3, efit: 4","fit: 3, efit: 1",efit: 2,,,0,0,0,0,1,,
2026-01-30 19:18:20,7,15,15,0,"fit: 3, efit: 4","fit: 3, efit: 1",efit: 3,,,0,0,0,0,1,,
2026-01-30 20:05:47,7,15,15,0,"fit: 3, efit: 4",fit: 3,efit: 2,,,0,0,0,0,1,,
2026-01-30 20:08:28,7,15,15,0,"fit: 3, efit: 4",fit: 3,efit: 3,,,0,0,0,0,1,,
2026-01-30 20:20:49,7,15,15,0,"fit: 3, efit: 4",fit: 3,efit: 2,,,0,0,0,0,1,,
2026-01-30 20:23:30,7,15,15,0,"fit: 3, efit: 4",fit: 3,efit: 3,,,0,0,0,0,1,,
2026-01-30 21:10:58,7,15,15,0,"fit: 3, efit: 4",fit: 3,efit: 2,,,0,0,0,0,1,,
2026-01-30 21:13:39,7,15,15,0,"fit: 3, efit: 4",fit: 3,efit: 3,,,0,0,0,0,1,,
2026-01-30 21:15:59,7,15,15,0,"fit: 3, efit: 4",fit: 3,efit: 2,,,0,0,0,0,1,,
2026-01-30 21:18:39,7,15,15,0,"fit: 3, efit: 4",fit: 3,efit: 3,,,0,0,0,0,1,,
2026-01-30 21:21:00,7,15,15,0,"fit: 3, efit: 4",fit: 3,efit: 2,,,0,0,0,0,1,,
2026-01-30 21:23:40,7,15,15,0,"fit: 3, efit: 4",fit: 3,efit: 3,,,0,0,0,0,1,,
2026-01-30 21:24:13,7,15,15,0,"fit: 3, efit: 4",fit: 3,efit: 2,,,0,0,0,0,1,,
2026-01-30 21:28:41,7,15,15,0,"fit: 3, efit: 4",fit: 3,efit: 3,,,0,0,0,0,1,,
2026-01-30 22:14:25,7,15,15,0,"fit: 3, efit: 4",fit: 3,efit: 2,,,0,0,0,0,1,,
2026-01-30 22:16:09,7,15,15,0,"fit: 3, efit: 4",fit: 3,efit: 3,,,0,0,0,0,1,,
2026-01-30 22:18:49,7,15,15,0,"fit: 3, efit: 4",fit: 3,efit: 2,,,0,0,0,0,1,,
2026-01-30 22:21:10,7,15,15,0,"fit: 3, efit: 4",fit: 3,efit: 3,,,0,0,0,0,1,,
2026-01-30 22:23:49,7,15,15,0,"fit: 3, efit: 4",fit: 3,efit: 2,,,0,0,0,0,1,,
2026-01-30 22:26:11,7,15,15,0,"fit: 3, efit: 4",fit: 3,efit: 3,,,0,0,0,0,1,,
2026-01-30 22:28:50,7,15,15,0,"fit: 3, efit: 4",fit: 3,efit: 2,,,0,0,0,0,1,,
2026-01-30 22:31:12,7,15,15,0,"fit: 3, efit: 4",fit: 3,efit: 3,,,0,0,0,0,1,,
2026-01-30 23:18:58,7,15,15,0,"fit: 3, efit: 4",fit: 3,efit: 2,,,0,0,0,0,1,,
2026-01-30 23:19:42,7,15,15,0,"fit: 3, efit: 4",fit: 3,efit: 3,,,0,0,0,0,1,,
2026-01-30 23:23:59,7,15,15,0,"fit: 3, efit: 4",fit: 3,efit: 2,,,0,0,0,0,1,,
2026-01-30 23:26:22,7,15,15,0,"fit: 3, efit: 4",fit: 3,efit: 3,,,0,0,0,0,1,,
2026-01-30 23:29:00,7,15,15,0,"fit: 3, efit: 4",fit: 3,efit: 2,,,0,0,0,0,1,,
2026-01-30 23:29:44,7,15,15,0,"fit: 3, efit: 4",fit: 3,efit: 3,,,0,0,0,0,1,,
2026-01-30 23:34:01,7,15,15,0,"fit: 3, efit: 4",fit: 3,efit: 2,,,0,0,0,0,1,,
2026-01-30 23:34:46,7,15,15,0,"fit: 3, efit: 4",fit: 3,efit: 3,,,0,0,0,0,1,,
2026-01-31 00:01:27,7,15,15,0,"fit: 3, efit: 4",fit: 3,efit: 3,,,0,0,0,0,1,,
2026-01-31 00:31:32,7,15,15,0,"fit: 3, efit: 4",fit: 3,efit: 2,,,0,0,0,0,1,,
2026-01-31 00:34:10,7,15,15,0,"fit: 3, efit: 4",fit: 3,efit: 3,,,0,0,0,0,1,,
2026-01-31 00:36:33,7,15,15,0,"fit: 3, efit: 4",fit: 3,efit: 2,,,0,0,0,0,1,,
2026-01-31 00:39:11,7,15,15,0,"fit: 3, efit: 4",fit: 3,efit: 3,,,0,0,0,0,1,,
2026-01-31 01:26:41,7,15,15,0,"fit: 3, efit: 4",fit: 3,efit: 2,,,0,0,0,0,1,,
2026-01-31 01:29:19,7,15,15,0,"fit: 3, efit: 4",fit: 3,efit: 3,,,0,0,0,0,1,,
2026-01-31 01:31:42,7,15,15,0,"fit: 3, efit: 4",fit: 3,efit: 2,,,0,0,0,0,1,,
2026-01-31 01:34:19,7,15,15,0,"fit: 3, efit: 4",fit: 3,efit: 3,,,0,0,0,0,1,,
2026-01-31 01:36:43,7,15,15,0,"fit: 3, efit: 4",fit: 3,efit: 2,,,0,0,0,0,1,,
2026-01-31 01:39:20,7,15,15,0,"fit: 3, efit: 4",fit: 3,efit: 3,,,0,0,0,0,1,,
2026-01-31 01:40:18,7,15,15,0,"fit: 3, efit: 4",fit: 3,efit: 2,,,0,0,0,0,1,,
2026-01-31 01:44:21,7,15,15,0,"fit: 3, efit: 4",fit: 3,efit: 3,,,0,0,0,0,1,,
2026-01-31 02:29:28,7,15,15,0,"fit: 3, efit: 4",fit: 3,efit: 2,,,0,0,0,0,1,,
2026-01-31 02:31:52,7,15,15,0,"fit: 3, efit: 4",fit: 3,efit: 3,,,0,0,0,0,1,,
2026-01-31 02:55:37,7,15,15,0,"fit: 3, efit: 4",fit: 3,efit: 2,,,0,0,0,0,1,,
2026-01-31 02:59:33,7,15,15,0,"fit: 3, efit: 4",fit: 3,efit: 3,,,0,0,0,0,1,,
2026-01-31 03:00:38,7,15,15,0,"fit: 3, efit: 4",fit: 3,efit: 2,,,0,0,0,0,1,,
2026-01-31 03:01:57,7,15,15,0,"fit: 3, efit: 4",fit: 3,efit: 3,,,0,0,0,0,1,,
2026-01-31 03:05:39,7,15,15,0,"fit: 3, efit: 4",fit: 3,efit: 2,,,0,0,0,0,1,,
2026-01-31 03:06:58,7,15,15,0,"fit: 3, efit: 4",fit: 3,efit: 3,,,0,0,0,0,1,,
2026-01-31 03:10:40,7,15,15,0,"fit: 3, efit: 4",fit: 3,efit: 2,,,0,0,0,0,1,,
2026-01-31 03:11:59,7,15,15,0,"fit: 3, efit: 4",fit: 3,efit: 3,,,0,0,0,0,1,,
2026-01-31 03:59:42,7,15,15,0,"fit: 3, efit: 4",fit: 3,efit: 2,,,0,0,0,0,1,,
2026-01-31 04:02:08,7,15,15,0,"fit: 3, efit: 4",fit: 3,efit: 3,,,0,0,0,0,1,,
2026-01-31 04:25:59,7,15,15,0,"fit: 3, efit: 4",fit: 3,efit: 2,,,0,0,0,0,1,,
2026-01-31 04:27:12,7,15,15,0,"fit: 3, efit: 4",fit: 3,efit: 3,,,0,0,0,0,1,,
2026-01-31 04:31:00,7,15,15,0,"fit: 3, efit: 4",fit: 3,efit: 2,,,0,0,0,0,1,,
2026-01-31 04:32:13,7,15,15,0,"fit: 3, efit: 4",fit: 3,efit: 3,,,0,0,0,0,1,,
2026-01-31 04:34:48,7,15,15,0,"fit: 3, efit: 4",fit: 3,efit: 2,,,0,0,0,0,1,,
2026-01-31 04:37:14,7,15,15,0,"fit: 3, efit: 4",fit: 3,efit: 3,,,0,0,0,0,1,,
2026-01-31 04:39:49,7,15,15,0,"fit: 3, efit: 4",fit: 3,efit: 2,,,0,0,0,0,1,,
2026-01-31 04:42:15,7,15,15,0,"fit: 3, efit: 4",fit: 3,efit: 3,,,0,0,0,0,1,,
2026-01-31 05:29:56,7,15,15,0,"fit: 3, efit: 4",fit: 3,efit: 2,,,0,0,0,0,1,,
2026-01-31 05:31:15,7,15,15,0,"fit: 3, efit: 4",fit: 3,efit: 3,,,0,0,0,0,1,,
2026-01-31 05:34:57,7,15,15,0,"fit: 3, efit: 4",fit: 3,efit: 2,,,0,0,0,0,1,,
2026-01-31 05:36:16,7,15,15,0,"fit: 3, efit: 4",fit: 3,efit: 3,,,0,0,0,0,1,,
2026-01-31 05:39:58,7,15,15,0,"fit: 3, efit: 4",fit: 3,efit: 2,,,0,0,0,0,1,,
2026-01-31 05:41:17,7,15,15,0,"fit: 3, efit: 4",fit: 3,efit: 3,,,0,0,0,0,1,,
2026-01-31 05:44:59,7,15,15,0,"fit: 3, efit: 4",fit: 3,efit: 2,,,0,0,0,0,1,,
2026-01-31 05:46:19,7,15,15,0,"fit: 3, efit: 4",fit: 3,efit: 3,,,0,0,0,0,1,,
2026-01-31 06:37:34,7,15,15,0,"fit: 3, efit: 4",fit: 3,efit: 2,,,0,0,0,0,1,,
2026-01-31 06:40:08,7,15,15,0,"fit: 3, efit: 4",fit: 3,efit: 3,,,0,0,0,0,1,,
2026-01-31 06:42:35,7,15,15,0,"fit: 3, efit: 4",fit: 3,efit: 2,,,0,0,0,0,1,,
2026-01-31 06:45:09,7,15,15,0,"fit: 3, efit: 4",fit: 3,efit: 3,,,0,0,0,0,1,,
2026-01-31 06:47:36,7,15,15,0,"fit: 3, efit: 4",fit: 3,efit: 2,,,0,0,0,0,1,,
2026-01-31 06:50:10,7,15,15,0,"fit: 3, efit: 4",fit: 3,efit: 3,,,0,0,0,0,1,,
2026-01-31 07:36:46,7,15,15,0,"fit: 3, efit: 4",fit: 3,efit: 2,,,0,0,0,0,1,,
2026-01-31 07:40:18,7,15,15,0,"fit: 3, efit: 4",fit: 3,efit: 3,,,0,0,0,0,1,,
2026-01-31 07:41:47,7,15,15,0,"fit: 3, efit: 4",fit: 3,efit: 2,,,0,0,0,0,1,,
2026-01-31 07:45:19,7,15,15,0,"fit: 3, efit: 4",fit: 3,efit: 3,,,0,0,0,0,1,,
2026-01-31 07:46:49,7,15,15,0,"fit: 3, efit: 4",fit: 3,efit: 2,,,0,0,0,0,1,,
2026-01-31 07:50:19,7,15,15,0,"fit: 3, efit: 4",fit: 3,efit: 3,,,0,0,0,0,1,,
2026-01-31 07:51:50,7,15,15,0,"fit: 3, efit: 4",fit: 3,efit: 2,,,0,0,0,0,1,,
2026-01-31 07:52:47,7,15,15,0,"fit: 3, efit: 4",fit: 3,efit: 3,,,0,0,0,0,1,,
2026-01-31 08:40:27,7,15,15,0,"fit: 3, efit: 4",fit: 3,efit: 2,,,0,0,0,0,1,,
2026-01-31 08:42:02,7,15,15,0,"fit: 3, efit: 4",fit: 3,efit: 3,,,0,0,0,0,1,,
2026-01-31 08:45:28,7,15,15,0,"fit: 3, efit: 4",fit: 3,efit: 2,,,0,0,0,0,1,,
2026-01-31 08:47:03,7,15,15,0,"fit: 3, efit: 4",fit: 3,efit: 3,,,0,0,0,0,1,,
2026-01-31 08:50:29,7,15,15,0,"fit: 3, efit: 4",fit: 3,efit: 2,,,0,0,0,0,1,,
2026-01-31 08:52:57,7,15,15,0,"fit: 3, efit: 4",fit: 3,efit: 3,,,0,0,0,0,1,,
2026-01-31 08:55:30,7,15,15,0,"fit: 3, efit: 4",fit: 3,efit: 2,,,0,0,0,0,1,,
2026-01-31 08:57:06,7,15,15,0,"fit: 3, efit: 4",fit: 3,efit: 3,,,0,0,0,0,1,,
2026-01-31 09:45:38,7,15,15,0,"fit: 3, efit: 4",fit: 3,efit: 2,,,0,0,0,0,1,,
2026-01-31 09:47:18,7,15,15,0,"fit: 3, efit: 4",fit: 3,efit: 3,,,0,0,0,0,1,,
2026-01-31 09:50:39,7,15,15,0,"fit: 3, efit: 4",fit: 3,efit: 2,,,0,0,0,0,1,,
2026-01-31 09:52:20,7,15,15,0,"fit: 3, efit: 4",fit: 3,efit: 3,,,0,0,0,0,1,,
2026-01-31 09:55:40,7,15,15,0,"fit: 3, efit: 4",fit: 3,efit: 2,,,0,0,0,0,1,,
2026-01-31 09:57:21,7,15,15,0,"fit: 3, efit: 4",fit: 3,efit: 3,,,0,0,0,0,1,,
2026-01-31 10:25:45,7,15,15,0,"fit: 3, efit: 4",fit: 3,efit: 2,,,0,0,0,0,1,,
2026-01-31 10:27:28,7,15,15,0,"fit: 3, efit: 4",fit: 3,efit: 3,,,0,0,0,0,1,,
2026-01-31 11:15:53,7,15,15,0,"fit: 3, efit: 4",fit: 3,efit: 2,,,0,0,0,0,1,,
2026-01-31 11:17:42,7,15,15,0,"fit: 3, efit: 4",fit: 3,efit: 3,,,0,0,0,0,1,,
2026-01-31 11:28:24,7,15,15,0,"fit: 3, efit: 4",fit: 3,efit: 2,,,0,0,0,0,1,,
2026-01-31 11:30:55,7,15,15,0,"fit: 3, efit: 4",fit: 3,efit: 3,,,0,0,0,0,1,,
2026-01-31 12:17:57,7,15,15,0,"fit: 3, efit: 4",fit: 3,efit: 2,,,0,0,0,0,1,,
2026-01-31 12:21:04,7,15,15,0,"fit: 3, efit: 4",fit: 3,efit: 3,,,0,0,0,0,1,,
2026-01-31 12:22:58,7,15,15,0,"fit: 3, efit: 4",fit: 3,efit: 2,,,0,0,0,0,1,,
2026-01-31 12:26:04,7,15,15,0,"fit: 3, efit: 4",fit: 3,efit: 3,,,0,0,0,0,1,,
2026-01-31 12:27:59,7,15,15,0,"fit: 3, efit: 4",fit: 3,efit: 2,,,0,0,0,0,1,,
2026-01-31 12:31:05,7,15,15,0,"fit: 3, efit: 4",fit: 3,efit: 3,,,0,0,0,0,1,,
2026-01-31 12:33:01,7,15,15,0,"fit: 3, efit: 4",fit: 3,efit: 2,,,0,0,0,0,1,,
2026-01-31 12:36:06,7,15,15,0,"fit: 3, efit: 4",fit: 3,efit: 3,,,0,0,0,0,1,,
2026-01-31 13:01:10,7,15,15,0,"fit: 2, efit: 4",fit: 2,efit: 3,,,0,0,0,0,1,,
2026-01-31 13:23:13,7,15,15,0,"fit: 2, efit: 4",fit: 2,efit: 2,,,0,0,0,0,1,,
2026-01-31 13:23:44,7,15,15,0,"fit: 2, efit: 4",fit: 2,efit: 3,,,0,0,0,0,1,,
2026-01-31 13:33:16,7,15,15,0,"fit: 2, efit: 4",fit: 2,efit: 2,,,0,0,0,0,1,,
2026-01-31 13:33:45,7,15,15,0,"fit: 2, efit: 4",fit: 2,efit: 3,,,0,0,0,0,1,,
2026-01-31 14:03:23,7,15,15,0,"fit: 2, efit: 4",fit: 2,efit: 2,,,0,0,0,0,1,,
2026-01-31 14:06:21,7,15,15,0,"fit: 2, efit: 4",fit: 2,efit: 3,,,0,0,0,0,1,,
2026-01-31 14:28:55,7,15,15,0,"fit: 2, efit: 4",fit: 2,efit: 2,,,0,0,0,0,1,,
2026-01-31 14:31:25,7,15,15,0,"fit: 1, efit: 4",fit: 1,efit: 3,,,0,0,0,0,1,,
2026-01-31 15:44:08,7,15,15,0,"fit: 1, efit: 4",fit: 1,efit: 2,,,0,0,0,0,1,,
2026-01-31 15:46:37,7,15,15,0,"fit: 1, efit: 4",fit: 1,efit: 3,,,0,0,0,0,1,,
2026-01-31 16:28:59,7,15,15,0,"fit: 2, efit: 4",fit: 2,efit: 3,,,0,0,0,0,1,,
2026-01-31 16:49:05,7,15,15,0,"fit: 2, efit: 4",fit: 2,efit: 2,,,0,0,0,0,1,,
2026-01-31 16:51:48,7,15,15,0,"fit: 2, efit: 4",fit: 2,efit: 4,,,0,0,0,0,1,,
2026-01-31 16:54:06,7,15,15,0,"fit: 2, efit: 4",fit: 2,efit: 3,,,0,0,0,0,1,,
2026-01-31 16:56:48,7,15,15,0,"fit: 2, efit: 4",fit: 2,efit: 4,,,0,0,0,0,1,,
2026-01-31 16:59:07,7,15,15,0,"fit: 2, efit: 4",fit: 2,efit: 3,,,0,0,0,0,1,,
2026-01-31 17:01:49,7,15,15,0,"fit: 2, efit: 4",fit: 2,efit: 4,,,0,0,0,0,1,,
2026-01-31 17:04:09,7,15,15,0,"fit: 2, efit: 4",fit: 2,efit: 3,,,0,0,0,0,1,,
2026-01-31 17:11:51,7,15,15,0,"fit: 2, efit: 4",fit: 2,efit: 4,,,0,0,0,0,1,,
2026-01-31 17:14:11,7,15,15,0,"fit: 2, efit: 4",fit: 2,efit: 3,,,0,0,0,0,1,,
2026-01-31 17:16:52,7,15,15,0,"fit: 2, efit: 4",fit: 2,efit: 4,,,0,0,0,0,1,,
2026-01-31 17:54:30,7,15,15,0,"fit: 2, efit: 4",fit: 2,efit: 3,,,0,0,0,0,1,,
2026-01-31 17:56:58,7,15,15,0,"fit: 2, efit: 4",fit: 2,efit: 4,,,0,0,0,0,1,,
2026-01-31 17:59:22,7,15,15,0,"fit: 2, efit: 4",fit: 2,efit: 3,,,0,0,0,0,1,,
2026-01-31 18:01:59,7,15,15,0,"fit: 2, efit: 4",fit: 2,efit: 4,,,0,0,0,0,1,,
2026-01-31 18:04:32,7,15,15,0,"fit: 2, efit: 4",fit: 2,efit: 3,,,0,0,0,0,1,,
2026-01-31 18:09:25,7,15,15,0,"fit: 2, efit: 4",fit: 2,efit: 4,,,0,0,0,0,1,,
2026-01-31 18:12:01,7,15,15,0,"fit: 2, efit: 4",fit: 2,efit: 3,,,0,0,0,0,1,,
2026-01-31 18:14:26,7,15,15,0,"fit: 2, efit: 4",fit: 2,efit: 4,,,0,0,0,0,1,,
2026-01-31 18:17:01,7,15,15,0,"fit: 2, efit: 4",fit: 2,efit: 3,,,0,0,0,0,1,,
2026-01-31 18:24:29,7,15,15,0,"fit: 2, efit: 4",fit: 2,efit: 4,,,0,0,0,0,1,,
2026-01-31 18:59:37,7,15,15,0,"fit: 2, efit: 4",fit: 2,efit: 3,,,0,0,0,0,1,,
2026-01-31 19:02:09,7,15,15,0,"fit: 2, efit: 4",fit: 2,efit: 4,,,0,0,0,0,1,,
2026-01-31 19:04:39,7,15,15,0,"fit: 2, efit: 4",fit: 2,efit: 3,,,0,0,0,0,1,,
2026-01-31 19:07:10,7,15,15,0,"fit: 2, efit: 4",fit: 2,efit: 4,,,0,0,0,0,1,,
2026-01-31 19:09:40,7,15,15,0,"fit: 2, efit: 4",fit: 2,efit: 3,,,0,0,0,0,1,,
2026-01-31 19:17:11,7,15,15,0,"fit: 2, efit: 4",fit: 2,efit: 4,,,0,0,0,0,1,,
2026-01-31 19:24:44,7,15,15,0,"fit: 2, efit: 4",fit: 2,efit: 3,,,0,0,0,0,1,,
2026-01-31 19:27:13,7,15,15,0,"fit: 2, efit: 4",fit: 2,efit: 4,,,0,0,0,0,1,,
2026-01-31 20:04:50,7,15,15,0,"fit: 2, efit: 4",fit: 2,efit: 3,,,0,0,0,0,1,,
2026-01-31 20:07:19,7,15,15,0,"fit: 2, efit: 4",fit: 2,efit: 4,,,0,0,0,0,1,,
2026-01-31 20:09:51,7,15,15,0,"fit: 2, efit: 4",fit: 2,efit: 3,,,0,0,0,0,1,,
2026-01-31 20:12:20,7,15,15,0,"fit: 2, efit: 4",fit: 2,efit: 4,,,0,0,0,0,1,,
2026-01-31 20:14:51,7,15,15,0,"fit: 2, efit: 4",fit: 2,efit: 3,,,0,0,0,0,1,,
2026-01-31 20:17:21,7,15,15,0,"fit: 2, efit: 4",fit: 2,efit: 4,,,0,0,0,0,1,,
2026-01-31 20:19:52,7,15,15,0,"fit: 2, efit: 4",fit: 2,efit: 3,,,0,0,0,0,1,,
2026-01-31 20:22:22,7,15,15,0,"fit: 2, efit: 4",fit: 2,efit: 4,,,0,0,0,0,1,,
2026-01-31 20:24:53,7,15,15,0,"fit: 2, efit: 4",fit: 2,efit: 3,,,0,0,0,0,1,,
2026-01-31 20:27:23,7,15,15,0,"fit: 2, efit: 4",fit: 2,efit: 4,,,0,0,0,0,1,,
2026-01-31 20:34:55,7,15,15,0,"fit: 2, efit: 4",fit: 2,efit: 3,,,0,0,0,0,1,,
2026-01-31 20:37:24,7,15,15,0,"fit: 2, efit: 4",fit: 2,efit: 4,,,0,0,0,0,1,,
2026-01-31 21:07:29,7,15,15,0,"fit: 2, efit: 4",fit: 2,efit: 3,,,0,0,0,0,1,,
2026-01-31 21:10:02,7,15,15,0,"fit: 2, efit: 4",fit: 2,efit: 4,,,0,0,0,0,1,,
2026-01-31 21:12:30,7,15,15,0,"fit: 2, efit: 4",fit: 2,efit: 3,,,0,0,0,0,1,,
2026-01-31 21:15:03,7,15,15,0,"fit: 2, efit: 4",fit: 2,efit: 4,,,0,0,0,0,1,,
2026-01-31 21:17:30,7,15,15,0,"fit: 2, efit: 4",fit: 2,efit: 3,,,0,0,0,0,1,,
2026-01-31 21:20:04,7,15,15,0,"fit: 2, efit: 4",fit: 2,efit: 4,,,0,0,0,0,1,,
2026-01-31 21:22:31,7,15,15,0,"fit: 2, efit: 4",fit: 2,efit: 3,,,0,0,0,0,1,,
2026-01-31 21:25:05,7,15,15,0,"fit: 2, efit: 4",fit: 2,efit: 4,,,0,0,0,0,1,,
2026-01-31 21:27:32,7,15,15,0,"fit: 2, efit: 4",fit: 2,efit: 3,,,0,0,0,0,1,,
2026-01-31 21:30:06,7,15,15,0,"fit: 2, efit: 4",fit: 2,efit: 4,,,0,0,0,0,1,,
2026-01-31 21:32:33,7,15,15,0,"fit: 2, efit: 4",fit: 2,efit: 3,,,0,0,0,0,1,,
2026-01-31 21:35:06,7,15,15,0,"fit: 2, efit: 4",fit: 2,efit: 4,,,0,0,0,0,1,,
2026-01-31 21:37:34,7,15,15,0,"fit: 2, efit: 4",fit: 2,efit: 3,,,0,0,0,0,1,,
2026-01-31 21:40:07,7,15,15,0,"fit: 2, efit: 4",fit: 2,efit: 4,,,0,0,0,0,1,,
2026-01-31 22:12:39,7,15,15,0,"fit: 2, efit: 4",fit: 2,efit: 3,,,0,0,0,0,1,,
2026-01-31 22:15:13,7,15,15,0,"fit: 2, efit: 4",fit: 2,efit: 4,,,0,0,0,0,1,,
2026-01-31 22:17:40,7,15,15,0,"fit: 2, efit: 4",fit: 2,efit: 3,,,0,0,0,0,1,,
2026-01-31 22:20:14,7,15,15,0,"fit: 2, efit: 4",fit: 2,efit: 4,,,0,0,0,0,1,,
2026-01-31 22:27:42,7,15,15,0,"fit: 2, efit: 4",fit: 2,efit: 3,,,0,0,0,0,1,,
2026-01-31 22:30:17,7,15,15,0,"fit: 2, efit: 4",fit: 2,efit: 4,,,0,0,0,0,1,,
2026-01-31 22:32:43,7,15,15,0,"fit: 2, efit: 4",fit: 2,efit: 3,,,0,0,0,0,1,,
2026-01-31 22:35:18,7,15,15,0,"fit: 2, efit: 4",fit: 2,efit: 4,,,0,0,0,0,1,,
2026-01-31 22:37:43,7,15,15,0,"fit: 2, efit: 4",fit: 2,efit: 3,,,0,0,0,0,1,,
2026-01-31 22:40:18,7,15,15,0,"fit: 2, efit: 4",fit: 2,efit: 4,,,0,0,0,0,1,,
2026-01-31 22:42:44,7,15,15,0,"fit: 2, efit: 4",fit: 2,efit: 3,,,0,0,0,0,1,,
2026-01-31 22:45:19,7,15,15,0,"fit: 2, efit: 4",fit: 2,efit: 4,,,0,0,0,0,1,,
2026-01-31 23:15:24,7,15,15,0,"fit: 2, efit: 4",fit: 2,efit: 3,,,0,0,0,0,1,,
2026-01-31 23:17:50,7,15,15,0,"fit: 2, efit: 4",fit: 2,efit: 4,,,0,0,0,0,1,,
2026-01-31 23:20:25,7,15,15,0,"fit: 2, efit: 4",fit: 2,efit: 3,,,0,0,0,0,1,,
2026-01-31 23:22:51,7,15,15,0,"fit: 2, efit: 4",fit: 2,efit: 4,,,0,0,0,0,1,,
2026-01-31 23:25:26,7,15,15,0,"fit: 2, efit: 4",fit: 2,efit: 3,,,0,0,0,0,1,,
2026-01-31 23:27:52,7,15,15,0,"fit: 2, efit: 4",fit: 2,efit: 4,,,0,0,0,0,1,,
2026-01-31 23:30:27,7,15,15,0,"fit: 2, efit: 4",fit: 2,efit: 3,,,0,0,0,0,1,,
2026-01-31 23:32:52,7,15,15,0,"fit: 2, efit: 4",fit: 2,efit: 4,,,0,0,0,0,1,,
2026-01-31 23:35:28,7,15,15,0,"fit: 2, efit: 4",fit: 2,efit: 3,,,0,0,0,0,1,,
2026-01-31 23:37:53,7,15,15,0,"fit: 2, efit: 4",fit: 2,efit: 4,,,0,0,0,0,1,,
2026-01-31 23:40:29,7,15,15,0,"fit: 2, efit: 4",fit: 2,efit: 3,,,0,0,0,0,1,,
2026-01-31 23:42:54,7,15,15,0,"fit: 2, efit: 4",fit: 2,efit: 4,,,0,0,0,0,1,,
2026-01-31 23:45:30,7,15,15,0,"fit: 2, efit: 4",fit: 2,efit: 3,,,0,0,0,0,1,,
2026-01-31 23:47:55,7,15,15,0,"fit: 2, efit: 4",fit: 2,efit: 4,,,0,0,0,0,1,,
2026-02-01 00:00:32,7,15,15,0,"fit: 2, efit: 4",fit: 2,efit: 4,,,0,0,0,0,1,,
2026-02-01 00:23:00,7,15,15,0,"fit: 2, efit: 4",fit: 2,efit: 3,,,0,0,0,0,1,,
2026-02-01 00:25:37,7,15,15,0,"fit: 2, efit: 4",fit: 2,efit: 4,,,0,0,0,0,1,,
2026-02-01 00:28:01,7,15,15,0,"fit: 2, efit: 4",fit: 2,efit: 3,,,0,0,0,0,1,,
2026-02-01 00:30:38,7,15,15,0,"fit: 2, efit: 4",fit: 2,efit: 4,,,0,0,0,0,1,,
2026-02-01 00:33:02,7,15,15,0,"fit: 2, efit: 4",fit: 2,efit: 3,,,0,0,0,0,1,,
2026-02-01 00:38:03,7,15,15,0,"fit: 2, efit: 4",fit: 2,efit: 4,,,0,0,0,0,1,,
2026-02-01 00:40:39,7,15,15,0,"fit: 2, efit: 4",fit: 2,efit: 3,,,0,0,0,0,1,,
2026-02-01 00:40:59,7,15,15,0,"fit: 2, efit: 4",fit: 2,efit: 4,,,0,0,0,0,1,,
2026-02-01 01:45:50,7,15,15,0,"fit: 2, efit: 4",fit: 2,efit: 3,,,0,0,0,0,1,,
2026-02-01 01:46:16,7,15,15,0,"fit: 2, efit: 4",fit: 2,efit: 4,,,0,0,0,0,1,,
2026-02-01 01:48:14,7,15,15,0,"fit: 2, efit: 4",fit: 2,efit: 3,,,0,0,0,0,1,,
2026-02-01 01:50:51,7,15,15,0,"fit: 2, efit: 4",fit: 2,efit: 4,,,0,0,0,0,1,,
2026-02-01 01:53:15,7,15,15,0,"fit: 2, efit: 4",fit: 2,efit: 2,,,0,0,0,0,1,,
2026-02-01 01:55:52,7,15,15,0,"fit: 2, efit: 4",fit: 2,efit: 4,,,0,0,0,0,1,,
2026-02-01 01:58:16,7,15,15,0,"fit: 2, efit: 4",fit: 2,efit: 2,,,0,0,0,0,1,,
2026-02-01 02:00:53,7,15,15,0,"fit: 2, efit: 4",fit: 2,efit: 4,,,0,0,0,0,1,,
2026-02-01 02:03:16,7,15,15,0,"fit: 2, efit: 4",fit: 2,efit: 3,,,0,0,0,0,1,,
2026-02-01 02:05:54,7,15,15,0,"fit: 2, efit: 4",fit: 2,efit: 4,,,0,0,0,0,1,,
2026-02-01 02:48:24,7,15,15,0,"fit: 2, efit: 4",fit: 2,efit: 3,,,0,0,0,0,1,,
2026-02-01 02:51:02,7,15,15,0,"fit: 2, efit: 4",fit: 2,efit: 4,,,0,0,0,0,1,,
2026-02-01 02:53:24,7,15,15,0,"fit: 2, efit: 4",fit: 2,efit: 2,,,0,0,0,0,1,,
2026-02-01 02:56:03,7,15,15,0,"fit: 2, efit: 4",fit: 2,efit: 4,,,0,0,0,0,1,,
2026-02-01 02:58:25,7,15,15,0,"fit: 2, efit: 4",fit: 2,efit: 2,,,0,0,0,0,1,,
2026-02-01 03:01:04,7,15,15,0,"fit: 2, efit: 4",fit: 2,efit: 4,,,0,0,0,0,1,,
2026-02-01 03:03:26,7,15,15,0,"fit: 2, efit: 4",fit: 2,efit: 2,,,0,0,0,0,1,,
2026-02-01 03:06:05,7,15,15,0,"fit: 2, efit: 4",fit: 2,efit: 4,,,0,0,0,0,1,,
2026-02-01 03:08:27,7,15,15,0,"fit: 2, efit: 4",fit: 2,efit: 3,,,0,0,0,0,1,,
2026-02-01 03:11:06,7,15,15,0,"fit: 2, efit: 4",fit: 2,efit: 4,,,0,0,0,0,1,,
2026-02-01 03:53:34,7,15,15,0,"fit: 2, efit: 4",fit: 2,efit: 3,,,0,0,0,0,1,,
2026-02-01 03:56:13,7,15,15,0,"fit: 2, efit: 4",fit: 2,efit: 4,,,0,0,0,0,1,,
2026-02-01 03:56:48,7,15,15,0,"fit: 2, efit: 4",fit: 2,efit: 3,,,0,0,0,0,1,,
2026-02-01 03:58:35,7,15,15,0,"fit: 2, efit: 4",fit: 2,efit: 4,,,0,0,0,0,1,,
2026-02-01 04:01:14,7,15,15,0,"fit: 2, efit: 4",fit: 2,efit: 3,,,0,0,0,0,1,,
2026-02-01 04:01:49,7,15,15,0,"fit: 2, efit: 4",fit: 2,efit: 2,,,0,0,0,0,1,,
2026-02-01 04:03:36,7,15,15,0,"fit: 2, efit: 4",fit: 2,efit: 4,,,0,0,0,0,1,,
2026-02-01 04:06:15,7,15,15,0,"fit: 2, efit: 4",fit: 2,efit: 3,,,0,0,0,0,1,,
2026-02-01 04:06:50,7,15,15,0,"fit: 2, efit: 4",fit: 2,efit: 2,,,0,0,0,0,1,,
2026-02-01 04:08:36,7,15,15,0,"fit: 2, efit: 4",fit: 2,efit: 4,,,0,0,0,0,1,,
2026-02-01 04:11:16,7,15,15,0,"fit: 2, efit: 4",fit: 2,efit: 3,,,0,0,0,0,1,,
2026-02-01 04:13:37,7,15,15,0,"fit: 2, efit: 4",fit: 2,efit: 4,,,0,0,0,0,1,,
2026-02-01 04:56:23,7,15,15,0,"fit: 2, efit: 4",fit: 2,efit: 3,,,0,0,0,0,1,,
2026-02-01 04:58:44,7,15,15,0,"fit: 2, efit: 4",fit: 2,efit: 4,,,0,0,0,0,1,,
2026-02-01 05:01:24,7,15,15,0,"fit: 2, efit: 4",fit: 2,efit: 3,,,0,0,0,0,1,,
2026-02-01 05:02:04,7,15,15,0,"fit: 2, efit: 4",fit: 2,efit: 4,,,0,0,0,0,1,,
2026-02-01 05:06:25,7,15,15,0,"fit: 2, efit: 4",fit: 2,efit: 3,,,0,0,0,0,1,,
2026-02-01 05:07:05,7,15,15,0,"fit: 2, efit: 4",fit: 2,efit: 4,,,0,0,0,0,1,,
2026-02-01 05:11:26,7,15,15,0,"fit: 2, efit: 4",fit: 2,efit: 3,,,0,0,0,0,1,,
2026-02-01 05:12:07,7,15,15,0,"fit: 2, efit: 4",fit: 2,efit: 4,,,0,0,0,0,1,,
2026-02-01 06:03:54,7,15,15,0,"fit: 2, efit: 4",fit: 2,efit: 3,,,0,0,0,0,1,,
2026-02-01 06:06:35,7,15,15,0,"fit: 2, efit: 4",fit: 2,efit: 4,,,0,0,0,0,1,,
2026-02-01 06:08:55,7,15,15,0,"fit: 2, efit: 4",fit: 2,efit: 3,,,0,0,0,0,1,,
2026-02-01 06:11:36,7,15,15,0,"fit: 2, efit: 4",fit: 2,efit: 4,,,0,0,0,0,1,,
2026-02-01 06:13:56,7,15,15,0,"fit: 2, efit: 4",fit: 2,efit: 3,,,0,0,0,0,1,,
2026-02-01 06:16:37,7,15,15,0,"fit: 2, efit: 4",fit: 2,efit: 4,,,0,0,0,0,1,,
2026-02-01 06:18:57,7,15,15,0,"fit: 2, efit: 4",fit: 2,efit: 3,,,0,0,0,0,1,,
2026-02-01 06:21:38,7,15,15,0,"fit: 2, efit: 4",fit: 2,efit: 4,,,0,0,0,0,1,,
2026-02-01 07:04:04,7,15,15,0,"fit: 2, efit: 4",fit: 2,efit: 3,,,0,0,0,0,1,,
2026-02-01 07:06:46,7,15,15,0,"fit: 2, efit: 4",fit: 2,efit: 4,,,0,0,0,0,1,,
2026-02-01 07:07:35,7,15,15,0,"fit: 2, efit: 4",fit: 2,efit: 3,,,0,0,0,0,1,,
2026-02-01 07:11:47,7,15,15,0,"fit: 2, efit: 4",fit: 2,efit: 4,,,0,0,0,0,1,,
2026-02-01 07:12:36,7,15,15,0,"fit: 2, efit: 4",fit: 2,efit: 3,,,0,0,0,0,1,,
2026-02-01 07:24:07,7,15,15,0,"fit: 2, efit: 4",fit: 2,efit: 4,,,0,0,0,0,1,,
2026-02-01 08:07:50,7,15,15,0,"fit: 2, efit: 4",fit: 2,efit: 3,,,0,0,0,0,1,,
2026-02-01 08:21:59,7,15,15,0,"fit: 2, efit: 4",fit: 2,efit: 4,,,0,0,0,0,1,,
2026-02-01 08:22:53,7,15,15,0,"fit: 2, efit: 4",fit: 2,efit: 3,,,0,0,0,0,1,,
2026-02-01 08:27:55,7,15,15,0,"fit: 2, efit: 4",fit: 2,efit: 4,,,0,0,0,0,1,,
2026-02-01 09:13:06,7,15,15,0,"fit: 2, efit: 4",fit: 2,efit: 3,,,0,0,0,0,1,,
2026-02-01 09:14:25,7,15,15,0,"fit: 2, efit: 4",fit: 2,efit: 4,,,0,0,0,0,1,,
2026-02-01 09:18:07,7,15,15,0,"fit: 2, efit: 4",fit: 2,efit: 3,,,0,0,0,0,1,,
2026-02-01 09:32:11,7,15,15,0,"fit: 2, efit: 4",fit: 2,efit: 4,,,0,0,0,0,1,,
2026-02-01 10:17:19,7,15,15,0,"fit: 2, efit: 4",fit: 2,efit: 3,,,0,0,0,0,1,,
2026-02-01 10:32:21,7,15,15,0,"fit: 2, efit: 4",fit: 2,efit: 4,,,0,0,0,0,1,,
2026-02-01 10:33:26,7,15,15,0,"fit: 2, efit: 4",fit: 2,efit: 3,,,0,0,0,0,1,,
2026-02-01 10:34:38,7,15,15,0,"fit: 2, efit: 4",fit: 2,efit: 4,,,0,0,0,0,1,,
2026-02-01 11:22:30,7,15,15,0,"fit: 2, efit: 4",fit: 2,efit: 3,,,0,0,0,0,1,,
2026-02-01 11:24:46,7,15,15,0,"fit: 2, efit: 4",fit: 2,efit: 4,,,0,0,0,0,1,,
2026-02-01 11:27:31,7,15,15,0,"fit: 2, efit: 4",fit: 2,efit: 3,,,0,0,0,0,1,,
2026-02-01 11:28:40,7,15,15,0,"fit: 2, efit: 4",fit: 2,efit: 4,,,0,0,0,0,1,,
2026-02-01 11:29:47,7,15,15,0,"fit: 2, efit: 4",fit: 2,efit: 3,,,0,0,0,0,1,,
2026-02-01 11:33:41,7,15,15,0,"fit: 2, efit: 4",fit: 2,efit: 4,,,0,0,0,0,1,,
2026-02-01 11:34:48,7,15,15,0,"fit: 2, efit: 4",fit: 2,efit: 3,,,0,0,0,0,1,,
2026-02-01 11:38:42,7,15,15,0,"fit: 2, efit: 4",fit: 2,efit: 4,,,0,0,0,0,1,,
2026-02-01 12:24:56,7,15,15,0,"fit: 2, efit: 4",fit: 2,efit: 3,,,0,0,0,0,1,,
2026-02-01 12:27:41,7,15,15,0,"fit: 2, efit: 4",fit: 2,efit: 4,,,0,0,0,0,1,,
2026-02-01 12:28:55,7,15,15,0,"fit: 2, efit: 4",fit: 2,efit: 3,,,0,0,0,0,1,,
2026-02-01 12:32:42,7,15,15,0,"fit: 2, efit: 4",fit: 2,efit: 4,,,0,0,0,0,1,,
2026-02-01 12:33:57,7,15,15,0,"fit: 2, efit: 4",fit: 2,efit: 3,,,0,0,0,0,1,,
2026-02-01 12:37:43,7,15,15,0,"fit: 2, efit: 4",fit: 2,efit: 4,,,0,0,0,0,1,,
2026-02-01 12:38:58,7,15,15,0,"fit: 2, efit: 4",fit: 2,efit: 3,,,0,0,0,0,1,,
2026-02-01 12:42:44,7,15,15,0,"fit: 2, efit: 4",fit: 2,efit: 4,,,0,0,0,0,1,,
2026-02-01 12:57:46,7,15,15,0,"fit: 1, efit: 4",fit: 1,efit: 4,,,0,0,0,0,1,,
2026-02-01 13:27:51,7,15,15,0,"fit: 1, efit: 4",fit: 1,efit: 3,,,0,0,0,0,1,,
2026-02-01 13:35:08,7,15,15,0,"fit: 1, efit: 4",fit: 1,efit: 4,,,0,0,0,0,1,,
2026-02-01 13:37:53,7,15,15,0,"fit: 1, efit: 4",fit: 1,efit: 3,,,0,0,0,0,1,,
2026-02-01 13:40:09,7,15,15,0,"fit: 1, efit: 4",fit: 1,efit: 4,,,0,0,0,0,1,,
2026-02-01 13:42:54,7,15,15,0,"fit: 1, efit: 4",fit: 1,efit: 3,,,0,0,0,0,1,,
2026-02-01 13:45:10,7,15,15,0,"fit: 1, efit: 4",fit: 1,efit: 4,,,0,0,0,0,1,,
2026-02-01 13:47:55,7,15,15,0,"fit: 1, efit: 4",fit: 1,efit: 3,,,0,0,0,0,1,,
2026-02-01 13:50:11,7,15,15,0,"fit: 1, efit: 4",fit: 1,efit: 4,,,0,0,0,0,1,,
2026-02-01 13:52:56,7,15,15,0,"fit: 1, efit: 4",fit: 1,efit: 3,,,0,0,0,0,1,,
2026-02-01 13:55:11,7,15,15,0,"fit: 1, efit: 4",fit: 1,efit: 4,,,0,0,0,0,1,,
2026-02-01 13:57:57,7,15,15,0,"fit: 1, efit: 4",fit: 1,efit: 3,,,0,0,0,0,1,,
2026-02-01 14:00:12,7,15,15,0,"fit: 1, efit: 4",fit: 1,efit: 4,,,0,0,0,0,1,,
2026-02-01 14:04:19,7,15,15,0,"fit: 1, efit: 4",fit: 1,efit: 3,,,0,0,0,0,1,,
2026-02-01 14:05:13,7,15,15,0,"fit: 1, efit: 4",fit: 1,efit: 4,,,0,0,0,0,1,,
2026-02-01 14:09:20,7,15,15,0,"fit: 1, efit: 4",fit: 1,efit: 3,,,0,0,0,0,1,,
2026-02-01 14:10:14,7,15,15,0,"fit: 1, efit: 4",fit: 1,efit: 4,,,0,0,0,0,1,,
2026-02-01 14:14:22,7,15,15,0,"fit: 1, efit: 4",fit: 1,efit: 3,,,0,0,0,0,1,,
2026-02-01 14:18:00,7,15,15,0,"fit: 1, efit: 4",fit: 1,efit: 4,,,0,0,0,0,1,,
2026-02-01 14:19:23,7,15,15,0,"fit: 1, efit: 4",fit: 1,efit: 3,,,0,0,0,0,1,,
2026-02-01 14:29:26,7,15,15,0,"fit: 1, efit: 4",fit: 1,efit: 4,,,0,0,0,0,1,,
2026-02-01 14:30:17,7,15,15,0,"fit: 1, efit: 4",fit: 1,efit: 3,,,0,0,0,0,1,,
2026-02-01 14:34:27,7,15,15,0,"fit: 1, efit: 4",fit: 1,efit: 4,,,0,0,0,0,1,,
2026-02-01 14:35:18,7,15,15,0,"fit: 1, efit: 4",fit: 1,efit: 3,,,0,0,0,0,1,,
2026-02-01 14:38:04,7,15,15,0,"fit: 1, efit: 4",fit: 1,efit: 2,,,0,0,0,0,1,,
2026-02-01 14:39:28,7,15,15,0,"fit: 1, efit: 4",fit: 1,efit: 3,,,0,0,0,0,1,,
2026-02-01 14:43:05,7,15,15,0,"fit: 1, efit: 4",fit: 1,efit: 2,,,0,0,0,0,1,,
2026-02-01 14:44:29,7,15,15,0,"fit: 1, efit: 4",fit: 1,efit: 3,,,0,0,0,0,1,,
2026-02-01 14:48:05,7,15,15,0,"fit: 1, efit: 4",fit: 1,efit: 2,,,0,0,0,0,1,,
2026-02-01 14:49:30,7,15,15,0,"fit: 1, efit: 4",fit: 1,efit: 3,,,0,0,0,0,1,,
2026-02-01 14:53:06,7,15,15,0,"fit: 1, efit: 4",fit: 1,efit: 2,,,0,0,0,0,1,,
2026-02-01 14:54:32,7,15,15,0,"fit: 1, efit: 4",fit: 1,efit: 4,,,0,0,0,0,1,,
2026-02-01 14:58:07,7,15,15,0,"fit: 1, efit: 4",fit: 1,efit: 2,,,0,0,0,0,1,,
2026-02-01 14:59:33,7,15,15,0,"fit: 1, efit: 4",fit: 1,efit: 3,,,0,0,0,0,1,,
2026-02-01 15:00:22,7,15,15,0,"fit: 1, efit: 4",fit: 1,efit: 4,,,0,0,0,0,1,,
2026-02-01 15:03:08,7,15,15,0,"fit: 1, efit: 4",fit: 1,efit: 2,,,0,0,0,0,1,,
2026-02-01 15:04:34,7,15,15,0,"fit: 1, efit: 4",fit: 1,efit: 3,,,0,0,0,0,1,,
2026-02-01 15:08:09,7,15,15,0,"fit: 1, efit: 4",fit: 1,efit: 2,,,0,0,0,0,1,,
2026-02-01 15:10:24,7,15,15,0,"fit: 1, efit: 4",fit: 1,efit: 3,,,0,0,0,0,1,,
2026-02-01 15:13:10,7,15,15,0,"fit: 1, efit: 4",fit: 1,efit: 2,,,0,0,0,0,1,,
2026-02-01 15:15:25,7,15,15,0,"fit: 1, efit: 4",fit: 1,efit: 4,,,0,0,0,0,1,,
2026-02-01 15:18:11,7,15,15,0,"fit: 1, efit: 4",fit: 1,efit: 2,,,0,0,0,0,1,,
2026-02-01 15:19:38,7,15,15,0,"fit: 1, efit: 4",fit: 1,efit: 3,,,0,0,0,0,1,,
2026-02-01 15:20:25,7,15,15,0,"fit: 1, efit: 4",fit: 1,efit: 4,,,0,0,0,0,1,,
2026-02-01 15:23:11,7,15,15,0,"fit: 1, efit: 4",fit: 1,efit: 2,,,0,0,0,0,1,,
2026-02-01 15:25:26,7,15,15,0,"fit: 1, efit: 4",fit: 1,efit: 3,,,0,0,0,0,1,,
2026-02-01 15:34:41,7,15,15,0,"fit: 1, efit: 4",fit: 1,efit: 2,,,0,0,0,0,1,,
2026-02-01 15:35:28,7,15,15,0,"fit: 1, efit: 4",fit: 1,efit: 3,,,0,0,0,0,1,,
2026-02-01 15:48:16,7,15,15,0,"fit: 1, efit: 4",fit: 1,efit: 4,,,0,0,0,0,1,,
2026-02-01 15:55:31,7,15,15,0,"fit: 1, efit: 4",fit: 1,efit: 3,,,0,0,0,0,1,,
2026-02-01 15:58:18,7,15,15,0,"fit: 1, efit: 4",fit: 1,efit: 4,,,0,0,0,0,1,,
2026-02-01 16:00:32,7,15,15,0,"fit: 1, efit: 4",fit: 1,efit: 3,,,0,0,0,0,1,,
2026-02-01 16:03:18,7,15,15,0,"fit: 1, efit: 4",fit: 1,efit: 4,,,0,0,0,0,1,,
2026-02-01 16:05:33,7,15,15,0,"fit: 1, efit: 4",fit: 1,efit: 3,,,0,0,0,0,1,,
2026-02-01 16:08:19,7,15,15,0,"fit: 1, efit: 4",fit: 1,efit: 4,,,0,0,0,0,1,,
2026-02-01 16:23:22,7,15,15,0,"fit: 1, efit: 4",fit: 1,efit: 3,,,0,0,0,0,1,,
2026-02-01 16:24:54,7,15,15,0,"fit: 1, efit: 4",fit: 1,efit: 4,,,0,0,0,0,1,,
2026-02-01 16:28:23,7,15,15,0,"fit: 1, efit: 4",fit: 1,efit: 3,,,0,0,0,0,1,,
2026-02-01 16:29:55,7,15,15,0,"fit: 1, efit: 4",fit: 1,efit: 4,,,0,0,0,0,1,,
2026-02-01 16:33:24,7,15,15,0,"fit: 1, efit: 4",fit: 1,efit: 3,,,0,0,0,0,1,,
2026-02-01 16:34:56,7,15,15,0,"fit: 1, efit: 4",fit: 1,efit: 4,,,0,0,0,0,1,,
2026-02-01 16:38:24,7,15,15,0,"fit: 1, efit: 4",fit: 1,efit: 3,,,0,0,0,0,1,,
2026-02-01 16:39:58,7,15,15,0,"fit: 1, efit: 4",fit: 1,efit: 4,,,0,0,0,0,1,,
2026-02-01 16:43:25,7,15,15,0,"fit: 1, efit: 4",fit: 1,efit: 3,,,0,0,0,0,1,,
2026-02-01 16:44:59,7,15,15,0,"fit: 1, efit: 4",fit: 1,efit: 4,,,0,0,0,0,1,,
2026-02-01 16:55:02,7,15,15,0,"fit: 1, efit: 4",fit: 1,efit: 3,,,0,0,0,0,1,,
2026-02-01 16:58:28,7,15,15,0,"fit: 1, efit: 4",fit: 1,efit: 4,,,0,0,0,0,1,,
2026-02-01 17:00:03,7,15,15,0,"fit: 1, efit: 4",fit: 1,efit: 3,,,0,0,0,0,1,,
2026-02-01 17:03:29,7,15,15,0,"fit: 1, efit: 4",fit: 1,efit: 4,,,0,0,0,0,1,,
2026-02-01 17:05:05,7,15,15,0,"fit: 1, efit: 4",fit: 1,efit: 3,,,0,0,0,0,1,,
2026-02-01 17:08:29,7,15,15,0,"fit: 1, efit: 4",fit: 1,efit: 4,,,0,0,0,0,1,,
2026-02-01 17:10:06,7,15,15,0,"fit: 1, efit: 4",fit: 1,efit: 3,,,0,0,0,0,1,,
2026-02-01 17:10:43,7,15,15,0,"fit: 1, efit: 4",fit: 1,efit: 4,,,0,0,0,0,1,,
2026-02-01 17:58:38,7,15,15,0,"fit: 1, efit: 4",fit: 1,efit: 3,,,0,0,0,0,1,,
2026-02-01 18:00:19,7,15,15,0,"fit: 1, efit: 4",fit: 1,efit: 4,,,0,0,0,0,1,,
2026-02-01 18:03:39,7,15,15,0,"fit: 1, efit: 4",fit: 1,efit: 3,,,0,0,0,0,1,,
2026-02-01 18:05:20,7,15,15,0,"fit: 1, efit: 4",fit: 1,efit: 4,,,0,0,0,0,1,,
2026-02-01 18:08:40,7,15,15,0,"fit: 1, efit: 4",fit: 1,efit: 3,,,0,0,0,0,1,,
2026-02-01 18:10:21,7,15,15,0,"fit: 1, efit: 4",fit: 1,efit: 4,,,0,0,0,0,1,,
2026-02-01 18:13:41,7,15,15,0,"fit: 1, efit: 4",fit: 1,efit: 3,,,0,0,0,0,1,,
2026-02-01 18:15:23,7,15,15,0,"fit: 1, efit: 4",fit: 1,efit: 4,,,0,0,0,0,1,,
2026-02-01 18:35:57,7,15,15,0,"fit: 1, efit: 4",fit: 1,efit: 3,,,0,0,0,0,1,,
2026-02-01 18:38:45,7,15,15,0,"fit: 1, efit: 4",fit: 1,efit: 4,,,0,0,0,0,1,,
2026-02-01 18:40:58,7,15,15,0,"fit: 1, efit: 4",fit: 1,efit: 3,,,0,0,0,0,1,,
2026-02-01 18:43:46,7,15,15,0,"fit: 1, efit: 4",fit: 1,efit: 4,,,0,0,0,0,1,,
2026-02-01 18:45:31,7,15,15,0,"fit: 1, efit: 4",fit: 1,efit: 3,,,0,0,0,0,1,,
2026-02-01 18:48:47,7,15,15,0,"fit: 1, efit: 4",fit: 1,efit: 4,,,0,0,0,0,1,,
2026-02-01 18:50:32,7,15,15,0,"fit: 1, efit: 4",fit: 1,efit: 3,,,0,0,0,0,1,,
2026-02-01 18:53:47,7,15,15,0,"fit: 1, efit: 4",fit: 1,efit: 4,,,0,0,0,0,1,,
2026-02-01 19:16:05,7,15,15,0,"fit: 1, efit: 4",fit: 1,efit: 3,,,0,0,0,0,1,,
2026-02-01 19:18:52,7,15,15,0,"fit: 1, efit: 4",fit: 1,efit: 4,,,0,0,0,0,1,,
2026-02-01 19:40:45,7,15,15,0,"fit: 1, efit: 4",fit: 1,efit: 3,,,0,0,0,0,1,,
2026-02-01 19:41:09,7,15,15,0,"fit: 1, efit: 4",fit: 1,efit: 4,,,0,0,0,0,1,,
2026-02-01 19:48:57,7,15,15,0,"fit: 1, efit: 4",fit: 1,efit: 3,,,0,0,0,0,1,,
2026-02-01 19:50:47,7,15,15,0,"fit: 1, efit: 4",fit: 1,efit: 4,,,0,0,0,0,1,,
2026-02-01 19:53:57,7,15,15,0,"fit: 1, efit: 4",fit: 1,efit: 3,,,0,0,0,0,1,,
2026-02-01 19:55:48,7,15,15,0,"fit: 1, efit: 4",fit: 1,efit: 4,,,0,0,0,0,1,,
2026-02-01 20:05:51,7,15,15,0,"fit: 1, efit: 4",fit: 1,efit: 3,,,0,0,0,0,1,,
2026-02-01 20:09:00,7,15,15,0,"fit: 1, efit: 4",fit: 1,efit: 4,,,0,0,0,0,1,,
2026-02-01 20:10:52,7,15,15,0,"fit: 1, efit: 4",fit: 1,efit: 3,,,0,0,0,0,1,,
2026-02-01 20:14:01,7,15,15,0,"fit: 1, efit: 4",fit: 1,efit: 4,,,0,0,0,0,1,,
2026-02-01 20:15:54,7,15,15,0,"fit: 1, efit: 4",fit: 1,efit: 3,,,0,0,0,0,1,,
2026-02-01 20:19:02,7,15,15,0,"fit: 1, efit: 4",fit: 1,efit: 4,,,0,0,0,0,1,,
2026-02-01 20:20:55,7,15,15,0,"fit: 1, efit: 4",fit: 1,efit: 3,,,0,0,0,0,1,,
2026-02-01 20:24:03,7,15,15,0,"fit: 1, efit: 4",fit: 1,efit: 4,,,0,0,0,0,1,,
2026-02-01 20:44:07,7,15,15,0,"fit: 1, efit: 4",fit: 1,efit: 3,,,0,0,0,0,1,,
2026-02-01 20:46:01,7,15,15,0,"fit: 1, efit: 4",fit: 1,efit: 4,,,0,0,0,0,1,,
2026-02-01 20:49:07,7,15,15,0,"fit: 1, efit: 4",fit: 1,efit: 3,,,0,0,0,0,1,,
2026-02-01 20:51:03,7,15,15,0,"fit: 1, efit: 4",fit: 1,efit: 4,,,0,0,0,0,1,,
2026-02-01 20:54:08,7,15,15,0,"fit: 1, efit: 4",fit: 1,efit: 3,,,0,0,0,0,1,,
2026-02-01 20:56:04,7,15,15,0,"fit: 1, efit: 4",fit: 1,efit: 4,,,0,0,0,0,1,,
2026-02-01 21:14:12,7,15,15,0,"fit: 1, efit: 4",fit: 1,efit: 3,,,0,0,0,0,1,,
2026-02-01 21:16:09,7,15,15,0,"fit: 1, efit: 4",fit: 1,efit: 4,,,0,0,0,0,1,,
2026-02-01 21:19:12,7,15,15,0,"fit: 1, efit: 4",fit: 1,efit: 3,,,0,0,0,0,1,,
2026-02-01 21:21:10,7,15,15,0,"fit: 1, efit: 4",fit: 1,efit: 4,,,0,0,0,0,1,,
2026-02-01 21:24:13,7,15,15,0,"fit: 1, efit: 4",fit: 1,efit: 3,,,0,0,0,0,1,,
2026-02-01 21:26:11,7,15,15,0,"fit: 1, efit: 4",fit: 1,efit: 4,,,0,0,0,0,1,,
2026-02-01 21:51:30,7,15,15,0,"fit: 1, efit: 4",fit: 1,efit: 3,,,0,0,0,0,1,,
2026-02-01 21:54:18,7,15,15,0,"fit: 1, efit: 4",fit: 1,efit: 4,,,0,0,0,0,1,,
2026-02-01 22:01:31,7,15,15,0,"fit: 1, efit: 4",fit: 1,efit: 3,,,0,0,0,0,1,,
2026-02-01 22:04:20,7,15,15,0,"fit: 1, efit: 4",fit: 1,efit: 4,,,0,0,0,0,1,,
2026-02-01 22:14:22,7,15,15,0,"fit: 1, efit: 4",fit: 1,efit: 3,,,0,0,0,0,1,,
2026-02-01 22:16:24,7,15,15,0,"fit: 1, efit: 4",fit: 1,efit: 4,,,0,0,0,0,1,,
2026-02-01 22:19:22,7,15,15,0,"fit: 1, efit: 4",fit: 1,efit: 3,,,0,0,0,0,1,,
2026-02-01 22:21:25,7,15,15,0,"fit: 1, efit: 4",fit: 1,efit: 4,,,0,0,0,0,1,,
2026-02-01 22:24:23,7,15,15,0,"fit: 1, efit: 4",fit: 1,efit: 3,,,0,0,0,0,1,,
2026-02-01 22:26:26,7,15,15,0,"fit: 1, efit: 4",fit: 1,efit: 4,,,0,0,0,0,1,,
2026-02-01 22:51:32,7,15,15,0,"fit: 1, efit: 4",fit: 1,efit: 3,,,0,0,0,0,1,,
2026-02-01 22:54:29,7,15,15,0,"fit: 1, efit: 4",fit: 1,efit: 4,,,0,0,0,0,1,,
2026-02-01 22:56:33,7,15,15,0,"fit: 1, efit: 4",fit: 1,efit: 3,,,0,0,0,0,1,,
2026-02-01 22:59:29,7,15,15,0,"fit: 1, efit: 4",fit: 1,efit: 4,,,0,0,0,0,1,,
2026-02-01 23:01:34,7,15,15,0,"fit: 1, efit: 4",fit: 1,efit: 3,,,0,0,0,0,1,,
2026-02-01 23:04:30,7,15,15,0,"fit: 1, efit: 4",fit: 1,efit: 4,,,0,0,0,0,1,,
2026-02-01 23:06:36,7,15,15,0,"fit: 1, efit: 4",fit: 1,efit: 3,,,0,0,0,0,1,,
2026-02-01 23:06:42,7,15,15,0,"fit: 1, efit: 4",fit: 1,efit: 4,,,0,0,0,0,1,,
2026-02-01 23:21:39,7,15,15,0,"fit: 1, efit: 4",fit: 1,efit: 3,,,0,0,0,0,1,,
2026-02-01 23:24:34,7,15,15,0,"fit: 1, efit: 4",fit: 1,efit: 4,,,0,0,0,0,1,,
2026-02-01 23:26:40,7,15,15,0,"fit: 1, efit: 4",fit: 1,efit: 3,,,0,0,0,0,1,,
2026-02-01 23:29:34,7,15,15,0,"fit: 1, efit: 4",fit: 1,efit: 4,,,0,0,0,0,1,,
2026-02-01 23:31:42,7,15,15,0,"fit: 1, efit: 4",fit: 1,efit: 3,,,0,0,0,0,1,,
2026-02-01 23:34:35,7,15,15,0,"fit: 1, efit: 4",fit: 1,efit: 4,,,0,0,0,0,1,,
2026-02-01 23:54:39,7,15,15,0,"fit: 1, efit: 4",fit: 1,efit: 3,,,0,0,0,0,1,,
2026-02-01 23:56:48,7,15,15,0,"fit: 1, efit: 4",fit: 1,efit: 4,,,0,0,0,0,1,,
2026-02-01 23:59:40,7,15,15,0,"fit: 1, efit: 4",fit: 1,efit: 3,,,0,0,0,0,1,,
2026-02-02 00:01:49,7,15,15,0,"fit: 1, efit: 4",fit: 1,efit: 4,,,0,0,0,0,1,,
2026-02-02 00:04:41,7,15,15,0,"fit: 1, efit: 4",fit: 1,efit: 3,,,0,0,0,0,1,,
2026-02-02 00:06:50,7,15,15,0,"fit: 1, efit: 4",fit: 1,efit: 4,,,0,0,0,0,1,,
2026-02-02 00:09:41,7,15,15,0,"fit: 1, efit: 4",fit: 1,efit: 3,,,0,0,0,0,1,,
2026-02-02 00:11:52,7,15,15,0,"fit: 1, efit: 4",fit: 1,efit: 4,,,0,0,0,0,1,,
2026-02-02 00:14:42,7,15,15,0,"fit: 1, efit: 4",fit: 1,efit: 3,,,0,0,0,0,1,,
2026-02-02 00:16:53,7,15,15,0,"fit: 1, efit: 4",fit: 1,efit: 4,,,0,0,0,0,1,,
2026-02-02 00:21:54,7,15,15,0,"fit: 1, efit: 4",fit: 1,efit: 3,,,0,0,0,0,1,,
2026-02-02 00:24:44,7,15,15,0,"fit: 1, efit: 4",fit: 1,efit: 4,,,0,0,0,0,1,,
2026-02-02 00:26:54,7,15,15,0,"fit: 1, efit: 4",fit: 1,efit: 3,,,0,0,0,0,1,,
2026-02-02 00:29:45,7,15,15,0,"fit: 1, efit: 4",fit: 1,efit: 4,,,0,0,0,0,1,,
2026-02-02 01:24:54,7,15,15,0,"fit: 1, efit: 4",fit: 1,efit: 3,,,0,0,0,0,1,,
2026-02-02 01:27:04,7,15,15,0,"fit: 1, efit: 4",fit: 1,efit: 4,,,0,0,0,0,1,,
2026-02-02 02:07:10,7,15,15,0,"fit: 1, efit: 4",fit: 1,efit: 3,,,0,0,0,0,1,,
2026-02-02 02:10:03,7,15,15,0,"fit: 1, efit: 4",fit: 1,efit: 4,,,0,0,0,0,1,,
2026-02-02 02:12:11,7,15,15,0,"fit: 1, efit: 4",fit: 1,efit: 3,,,0,0,0,0,1,,
2026-02-02 02:15:04,7,15,15,0,"fit: 1, efit: 4",fit: 1,efit: 4,,,0,0,0,0,1,,
2026-02-02 02:17:12,7,15,15,0,"fit: 1, efit: 4",fit: 1,efit: 2,,,0,0,0,0,1,,
2026-02-02 02:20:05,7,15,15,0,"fit: 1, efit: 4",fit: 1,efit: 4,,,0,0,0,0,1,,
2026-02-02 02:22:13,7,15,15,0,"fit: 1, efit: 4",fit: 1,efit: 2,,,0,0,0,0,1,,
2026-02-02 02:25:06,7,15,15,0,"fit: 1, efit: 4",fit: 1,efit: 4,,,0,0,0,0,1,,
2026-02-02 02:27:14,7,15,15,0,"fit: 1, efit: 4",fit: 1,efit: 3,,,0,0,0,0,1,,
2026-02-02 02:30:06,7,15,15,0,"fit: 1, efit: 4",fit: 1,efit: 4,,,0,0,0,0,1,,
2026-02-02 02:32:15,7,15,15,0,"fit: 1, efit: 4",fit: 1,efit: 3,,,0,0,0,0,1,,
2026-02-02 02:35:07,7,15,15,0,"fit: 1, efit: 4",fit: 1,efit: 4,,,0,0,0,0,1,,
2026-02-02 02:57:19,7,15,15,0,"fit: 1, efit: 4",fit: 1,efit: 3,,,0,0,0,0,1,,
2026-02-02 03:00:11,7,15,15,0,"fit: 1, efit: 4",fit: 1,efit: 4,,,0,0,0,0,1,,
2026-02-02 03:15:14,7,15,15,0,"fit: 1, efit: 4",fit: 1,efit: 3,,,0,0,0,0,1,,
2026-02-02 03:17:22,7,15,15,0,"fit: 1, efit: 4",fit: 1,efit: 4,,,0,0,0,0,1,,
2026-02-02 03:20:15,7,15,15,0,"fit: 1, efit: 4",fit: 1,efit: 3,,,0,0,0,0,1,,
2026-02-02 03:22:23,7,15,15,0,"fit: 1, efit: 4",fit: 1,efit: 4,,,0,0,0,0,1,,
2026-02-02 03:25:16,7,15,15,0,"fit: 1, efit: 4",fit: 1,efit: 3,,,0,0,0,0,1,,
2026-02-02 03:27:23,7,15,15,0,"fit: 1, efit: 4",fit: 1,efit: 4,,,0,0,0,0,1,,
2026-02-02 03:47:26,7,15,15,0,"fit: 1, efit: 4",fit: 1,efit: 3,,,0,0,0,0,1,,
2026-02-02 03:50:20,7,15,15,0,"fit: 1, efit: 4",fit: 1,efit: 4,,,0,0,0,0,1,,
2026-02-02 03:52:27,7,15,15,0,"fit: 1, efit: 4",fit: 1,efit: 3,,,0,0,0,0,1,,
2026-02-02 03:55:21,7,15,15,0,"fit: 1, efit: 4",fit: 1,efit: 4,,,0,0,0,0,1,,
2026-02-02 03:57:28,7,15,15,0,"fit: 1, efit: 4",fit: 1,efit: 3,,,0,0,0,0,1,,
2026-02-02 03:57:47,7,15,15,0,"fit: 1, efit: 4",fit: 1,efit: 4,,,0,0,0,0,1,,
2026-02-02 04:02:29,7,15,15,0,"fit: 1, efit: 4",fit: 1,efit: 3,,,0,0,0,0,1,,
2026-02-02 04:02:48,7,15,15,0,"fit: 1, efit: 4",fit: 1,efit: 4,,,0,0,0,0,1,,
2026-02-02 04:15:24,7,15,15,0,"fit: 1, efit: 4",fit: 1,efit: 3,,,0,0,0,0,1,,
2026-02-02 04:17:31,7,15,15,0,"fit: 1, efit: 4",fit: 1,efit: 4,,,0,0,0,0,1,,
2026-02-02 04:27:54,7,15,15,0,"fit: 1, efit: 4",fit: 1,efit: 3,,,0,0,0,0,1,,
2026-02-02 04:30:27,7,15,15,0,"fit: 1, efit: 4",fit: 1,efit: 4,,,0,0,0,0,1,,
2026-02-02 04:50:30,7,15,15,0,"fit: 1, efit: 4",fit: 1,efit: 3,,,0,0,0,0,1,,
2026-02-02 04:52:37,7,15,15,0,"fit: 1, efit: 4",fit: 1,efit: 4,,,0,0,0,0,1,,
2026-02-02 04:55:31,7,15,15,0,"fit: 1, efit: 4",fit: 1,efit: 3,,,0,0,0,0,1,,
2026-02-02 04:57:37,7,15,15,0,"fit: 1, efit: 4",fit: 1,efit: 4,,,0,0,0,0,1,,
2026-02-02 05:00:32,7,15,15,0,"fit: 1, efit: 4",fit: 1,efit: 3,,,0,0,0,0,1,,
2026-02-02 05:02:38,7,15,15,0,"fit: 1, efit: 4",fit: 1,efit: 4,,,0,0,0,0,1,,
2026-02-02 05:05:33,7,15,15,0,"fit: 1, efit: 4",fit: 1,efit: 3,,,0,0,0,0,1,,
2026-02-02 05:07:39,7,15,15,0,"fit: 1, efit: 4",fit: 1,efit: 4,,,0,0,0,0,1,,
2026-02-02 05:17:41,7,15,15,0,"fit: 1, efit: 4",fit: 1,efit: 3,,,0,0,0,0,1,,
2026-02-02 05:20:35,7,15,15,0,"fit: 1, efit: 4",fit: 1,efit: 4,,,0,0,0,0,1,,
2026-02-02 05:22:41,7,15,15,0,"fit: 1, efit: 4",fit: 1,efit: 3,,,0,0,0,0,1,,
2026-02-02 05:25:36,7,15,15,0,"fit: 1, efit: 4",fit: 1,efit: 4,,,0,0,0,0,1,,
2026-02-02 05:27:42,7,15,15,0,"fit: 1, efit: 4",fit: 1,efit: 3,,,0,0,0,0,1,,
2026-02-02 05:30:37,7,15,15,0,"fit: 1, efit: 4",fit: 1,efit: 4,,,0,0,0,0,1,,
2026-02-02 05:32:43,7,15,15,0,"fit: 1, efit: 4",fit: 1,efit: 3,,,0,0,0,0,1,,
2026-02-02 05:35:38,7,15,15,0,"fit: 1, efit: 4",fit: 1,efit: 4,,,0,0,0,0,1,,
2026-02-02 06:08:19,7,15,15,0,"fit: 1, efit: 4",fit: 1,efit: 3,,,0,0,0,0,1,,
2026-02-02 06:10:44,7,15,15,0,"fit: 1, efit: 4",fit: 1,efit: 4,,,0,0,0,0,1,,
2026-02-02 06:25:46,7,15,15,0,"fit: 1, efit: 4",fit: 1,efit: 3,,,0,0,0,0,1,,
2026-02-02 06:27:52,7,15,15,0,"fit: 1, efit: 4",fit: 1,efit: 4,,,0,0,0,0,1,,
2026-02-02 06:57:56,7,15,15,0,"fit: 1, efit: 4",fit: 1,efit: 3,,,0,0,0,0,1,,
2026-02-02 07:00:52,7,15,15,0,"fit: 1, efit: 4",fit: 1,efit: 4,,,0,0,0,0,1,,
2026-02-02 07:02:57,7,15,15,0,"fit: 1, efit: 4",fit: 1,efit: 3,,,0,0,0,0,1,,
2026-02-02 07:05:53,7,15,15,0,"fit: 1, efit: 4",fit: 1,efit: 4,,,0,0,0,0,1,,
2026-02-02 07:07:58,7,15,15,0,"fit: 1, efit: 4",fit: 1,efit: 3,,,0,0,0,0,1,,
2026-02-02 07:10:54,7,15,15,0,"fit: 1, efit: 4",fit: 1,efit: 4,,,0,0,0,0,1,,
2026-02-02 07:12:59,7,15,15,0,"fit: 1, efit: 4",fit: 1,efit: 3,,,0,0,0,0,1,,
2026-02-02 07:15:55,7,15,15,0,"fit: 1, efit: 4",fit: 1,efit: 4,,,0,0,0,0,1,,
2026-02-02 07:25:57,7,15,15,0,"fit: 1, efit: 4",fit: 1,efit: 3,,,0,0,0,0,1,,
2026-02-02 07:28:02,7,15,15,0,"fit: 1, efit: 4",fit: 1,efit: 4,,,0,0,0,0,1,,
2026-02-02 07:30:58,7,15,15,0,"fit: 1, efit: 4",fit: 1,efit: 3,,,0,0,0,0,1,,
2026-02-02 07:33:02,7,15,15,0,"fit: 1, efit: 4",fit: 1,efit: 4,,,0,0,0,0,1,,
2026-02-02 08:03:07,7,15,15,0,"fit: 1, efit: 4",fit: 1,efit: 3,,,0,0,0,0,1,,
2026-02-02 08:03:47,7,15,15,0,"fit: 1, efit: 4",fit: 1,efit: 4,,,0,0,0,0,1,,
2026-02-02 08:08:08,7,15,15,0,"fit: 1, efit: 4",fit: 1,efit: 3,,,0,0,0,0,1,,
2026-02-02 08:08:49,7,15,15,0,"fit: 1, efit: 4",fit: 1,efit: 4,,,0,0,0,0,1,,
2026-02-02 08:13:09,7,15,15,0,"fit: 1, efit: 4",fit: 1,efit: 3,,,0,0,0,0,1,,
2026-02-02 08:13:50,7,15,15,0,"fit: 1, efit: 4",fit: 1,efit: 4,,,0,0,0,0,1,,
2026-02-02 08:28:53,7,15,15,0,"fit: 1, efit: 4",fit: 1,efit: 3,,,0,0,0,0,1,,
2026-02-02 08:31:08,7,15,15,0,"fit: 1, efit: 4",fit: 1,efit: 4,,,0,0,0,0,1,,
2026-02-02 08:33:12,7,15,15,0,"fit: 1, efit: 4",fit: 1,efit: 3,,,0,0,0,0,1,,
2026-02-02 08:36:09,7,15,15,0,"fit: 1, efit: 4",fit: 1,efit: 4,,,0,0,0,0,1,,
2026-02-02 08:38:13,7,15,15,0,"fit: 1, efit: 4",fit: 1,efit: 3,,,0,0,0,0,1,,
2026-02-02 08:41:10,7,15,15,0,"fit: 1, efit: 4",fit: 1,efit: 4,,,0,0,0,0,1,,
2026-02-02 08:43:14,7,15,15,0,"fit: 1, efit: 4",fit: 1,efit: 3,,,0,0,0,0,1,,
2026-02-02 08:46:11,7,15,15,0,"fit: 1, efit: 4",fit: 1,efit: 4,,,0,0,0,0,1,,
2026-02-02 09:06:14,7,15,15,0,"fit: 1, efit: 4",fit: 1,efit: 3,,,0,0,0,0,1,,
2026-02-02 09:08:18,7,15,15,0,"fit: 1, efit: 4",fit: 1,efit: 4,,,0,0,0,0,1,,
2026-02-02 09:11:15,7,15,15,0,"fit: 1, efit: 4",fit: 1,efit: 3,,,0,0,0,0,1,,
2026-02-02 09:13:19,7,15,15,0,"fit: 1, efit: 4",fit: 1,efit: 4,,,0,0,0,0,1,,
2026-02-02 09:16:16,7,15,15,0,"fit: 1, efit: 4",fit: 1,efit: 3,,,0,0,0,0,1,,
2026-02-02 09:18:20,7,15,15,0,"fit: 1, efit: 4",fit: 1,efit: 4,,,0,0,0,0,1,,
2026-02-02 09:21:17,7,15,15,0,"fit: 1, efit: 4",fit: 1,efit: 3,,,0,0,0,0,1,,
2026-02-02 09:23:20,7,15,15,0,"fit: 1, efit: 4",fit: 1,efit: 4,,,0,0,0,0,1,,
2026-02-02 09:33:22,7,15,15,0,"fit: 1, efit: 4",fit: 1,efit: 3,,,0,0,0,0,1,,
2026-02-02 09:34:10,7,15,15,0,"fit: 1, efit: 4",fit: 1,efit: 4,,,0,0,0,0,1,,
2026-02-02 09:38:23,7,15,15,0,"fit: 1, efit: 4",fit: 1,efit: 3,,,0,0,0,0,1,,
2026-02-02 09:39:11,7,15,15,0,"fit: 1, efit: 4",fit: 1,efit: 4,,,0,0,0,0,1,,
2026-02-02 09:46:21,7,15,15,0,"fit: 1, efit: 4",fit: 1,efit: 3,,,0,0,0,0,1,,
2026-02-02 09:48:24,7,15,15,0,"fit: 1, efit: 4",fit: 1,efit: 4,,,0,0,0,0,1,,
2026-02-02 10:11:25,7,15,15,0,"fit: 1, efit: 4",fit: 1,efit: 3,,,0,0,0,0,1,,
2026-02-02 10:13:29,7,15,15,0,"fit: 1, efit: 4",fit: 1,efit: 4,,,0,0,0,0,1,,
2026-02-02 10:16:26,7,15,15,0,"fit: 1, efit: 4",fit: 1,efit: 3,,,0,0,0,0,1,,
2026-02-02 10:18:29,7,15,15,0,"fit: 1, efit: 4",fit: 1,efit: 4,,,0,0,0,0,1,,
2026-02-02 10:21:27,7,15,15,0,"fit: 1, efit: 4",fit: 1,efit: 3,,,0,0,0,0,1,,
2026-02-02 10:23:30,7,15,15,0,"fit: 1, efit: 4",fit: 1,efit: 4,,,0,0,0,0,1,,
2026-02-02 10:26:28,7,15,15,0,"fit: 1, efit: 4",fit: 1,efit: 3,,,0,0,0,0,1,,
2026-02-02 10:28:31,7,15,15,0,"fit: 1, efit: 4",fit: 1,efit: 4,,,0,0,0,0,1,,
2026-02-02 10:36:30,7,15,15,0,"fit: 1, efit: 4",fit: 1,efit: 3,,,0,0,0,0,1,,
2026-02-02 10:38:33,7,15,15,0,"fit: 1, efit: 4",fit: 1,efit: 4,,,0,0,0,0,1,,
2026-02-02 10:41:31,7,15,15,0,"fit: 1, efit: 4",fit: 1,efit: 3,,,0,0,0,0,1,,
2026-02-02 10:43:34,7,15,15,0,"fit: 1, efit: 4",fit: 1,efit: 4,,,0,0,0,0,1,,
2026-02-02 10:46:32,7,15,15,0,"fit: 1, efit: 4",fit: 1,efit: 3,,,0,0,0,0,1,,
2026-02-02 10:48:34,7,15,15,0,"fit: 1, efit: 4",fit: 1,efit: 4,,,0,0,0,0,1,,
2026-02-02 11:14:35,7,15,15,0,"fit: 1, efit: 4",fit: 1,efit: 3,,,0,0,0,0,1,,
2026-02-02 11:39:41,7,15,15,0,"fit: 1, efit: 4",fit: 1,efit: 2,,,0,0,0,0,1,,
2026-02-02 11:41:41,7,15,15,0,"fit: 1, efit: 4",fit: 1,efit: 3,,,0,0,0,0,1,,
2026-02-02 11:44:43,7,15,15,0,"fit: 1, efit: 4",fit: 1,efit: 2,,,0,0,0,0,1,,
2026-02-02 11:46:42,7,15,15,0,"fit: 1, efit: 4",fit: 1,efit: 3,,,0,0,0,0,1,,
2026-02-02 11:49:44,7,15,15,0,"fit: 1, efit: 4",fit: 1,efit: 2,,,0,0,0,0,1,,
2026-02-02 11:51:43,7,15,15,0,"fit: 1, efit: 4",fit: 1,efit: 3,,,0,0,0,0,1,,
2026-02-02 11:54:45,7,15,15,0,"fit: 1, efit: 4",fit: 1,efit: 2,,,0,0,0,0,1,,
2026-02-02 11:56:44,7,15,15,0,"fit: 1, efit: 4",fit: 1,efit: 3,,,0,0,0,0,1,,
2026-02-02 11:59:46,7,15,15,0,"fit: 1, efit: 4",fit: 1,efit: 2,,,0,0,0,0,1,,
2026-02-02 12:36:51,7,15,15,0,"fit: 1, efit: 4","fit: 1, efit: 1",efit: 2,,,0,0,0,0,1,,
2026-02-02 13:06:57,7,15,15,0,"fit: 1, efit: 4","fit: 1, efit: 2",efit: 2,,,0,0,0,0,1,,
2026-02-02 13:47:04,7,15,15,0,"fit: 2, efit: 4","fit: 2, efit: 2",efit: 2,,,0,0,0,0,1,,
2026-02-02 14:04:07,7,15,15,0,"fit: 3, efit: 4","fit: 3, efit: 2",efit: 2,,,0,0,0,0,1,,
2026-02-02 14:40:28,7,15,15,0,"fit: 3, efit: 3","fit: 3, efit: 1",efit: 2,,,0,0,0,0,1,,
2026-02-02 14:42:13,7,15,15,0,"fit: 3, efit: 2",fit: 3,efit: 2,,,0,0,0,0,1,,
2026-02-02 14:45:30,7,15,15,0,"fit: 3, efit: 3",fit: 3,efit: 3,,,0,0,0,0,1,,
2026-02-02 14:47:14,7,15,15,0,"fit: 2, efit: 3",fit: 2,efit: 3,,,0,0,0,0,1,,
2026-02-02 14:57:16,7,15,15,0,"fit: 2, efit: 4","fit: 2, efit: 1",efit: 3,,,0,0,0,0,1,,
2026-02-02 16:12:29,7,15,15,0,"fit: 2, efit: 5","fit: 2, efit: 2",efit: 3,,,0,0,0,0,1,,
2026-02-02 17:54:45,7,15,15,0,"fit: 2, efit: 4","fit: 2, efit: 1",efit: 3,,,0,0,0,0,1,,
2026-02-02 18:01:20,7,15,15,0,"fit: 2, efit: 5","fit: 2, efit: 2",efit: 3,,,0,0,0,0,1,,
2026-02-03 00:00:45,7,15,15,0,"fit: 2, efit: 5","fit: 2, efit: 2",efit: 3,,,0,0,0,0,1,,
2026-02-03 02:43:32,7,15,15,1,"fit: 2, efit: 5","fit: 2, efit: 2",efit: 3,,,0,0,0,0,1,,
2026-02-03 03:13:39,7,15,15,0,"fit: 2, efit: 5","fit: 2, efit: 2",efit: 3,,,0,0,0,0,1,,
2026-02-03 07:50:11,7,15,15,0,"fit: 2, efit: 4","fit: 2, efit: 1",efit: 3,,,0,0,0,0,1,,
2026-02-03 08:02:02,7,15,15,0,"fit: 2, efit: 3",fit: 2,efit: 3,,,0,0,0,0,1,,
2026-02-03 10:50:34,7,15,15,0,"fit: 1, efit: 3",fit: 1,efit: 3,,,0,0,0,0,1,,
2026-02-04 00:02:55,7,15,15,0,"fit: 1, efit: 3",fit: 1,efit: 3,,,0,0,0,0,1,,
2026-02-04 09:14:29,7,15,15,0,"fit: 1, efit: 1",fit: 1,efit: 1,,,0,0,0,0,1,,
2026-02-04 09:16:06,7,15,15,0,"fit: 1, efit: 2","fit: 1, efit: 2",,,,0,0,0,0,1,,
2026-02-04 09:56:15,7,15,15,0,"fit: 1, efit: 1","fit: 1, efit: 1",,,,0,0,0,0,1,,
2026-02-04 11:54:56,7,15,15,0,fit: 1,fit: 1,,,,0,0,0,0,1,,
2026-02-04 14:47:01,7,15,15,0,"fit: 1, efit: 2","fit: 1, efit: 2",,,,0,0,0,0,1,,
2026-02-04 14:50:27,7,15,15,0,"fit: 1, efit: 5","fit: 1, efit: 5",,,,0,0,0,0,1,,
2026-02-04 15:15:31,7,15,15,0,"fit: 1, efit: 6","fit: 1, efit: 6",,,,0,0,0,0,1,,
2026-02-04 16:12:15,7,15,15,0,"fit: 1, efit: 5","fit: 1, efit: 5",,,,0,0,0,0,1,,
2026-02-04 16:42:20,7,15,15,0,"fit: 1, efit: 6","fit: 1, efit: 6",,,,0,0,0,0,1,,
2026-02-04 17:05:50,7,15,15,0,"fit: 1, efit: 7","fit: 1, efit: 7",,,,0,0,0,0,1,,
2026-02-04 18:02:33,7,15,15,0,"fit: 1, efit: 5","fit: 1, efit: 5",,,,0,0,0,0,1,,
2026-02-04 18:26:05,7,15,15,0,"fit: 1, efit: 7","fit: 1, efit: 7",,,,0,0,0,0,1,,
2026-02-04 18:56:10,7,15,15,0,"fit: 1, efit: 6","fit: 1, efit: 6",,,,0,0,0,0,1,,
2026-02-04 21:16:34,7,15,15,0,"fit: 1, efit: 7","fit: 1, efit: 7",,,,0,0,0,0,1,,
2026-02-05 00:02:02,7,15,15,0,"fit: 1, efit: 7","fit: 1, efit: 7",,,,0,0,0,0,1,,
2026-02-05 08:14:51,7,15,15,0,"fit: 1, efit: 6","fit: 1, efit: 6",,,,0,0,0,0,1,,
2026-02-05 09:28:40,7,15,15,0,"fit: 1, efit: 5","fit: 1, efit: 5",,,,0,0,0,0,1,,
2026-02-05 12:32:48,7,15,15,0,"fit: 1, efit: 7","fit: 1, efit: 6",,,,0,0,0,0,1,,
2026-02-05 13:25:43,7,15,15,0,"fit: 1, efit: 6","fit: 1, efit: 5",,,,0,0,0,0,1,,
2026-02-05 13:30:44,7,15,15,0,"fit: 1, efit: 5","fit: 1, efit: 4",,,,0,0,0,0,1,,
2026-02-05 13:43:06,7,15,15,0,"fit: 1, efit: 6","fit: 1, efit: 5",,,,0,0,0,0,1,,
2026-02-05 15:21:02,7,15,15,0,"fit: 1, efit: 7","fit: 1, efit: 6",,,,0,0,0,0,1,,
2026-02-05 15:43:36,7,15,15,0,"fit: 1, efit: 8","fit: 1, efit: 7",,,,0,0,0,0,1,,
2026-02-05 16:33:48,7,15,15,0,"fit: 1, efit: 9","fit: 1, efit: 8",,,,0,0,0,0,1,,
2026-02-05 16:48:52,7,15,15,0,"fit: 1, efit: 8","fit: 1, efit: 7",,,,0,0,0,0,1,,
2026-02-05 17:01:19,7,15,15,0,"fit: 1, efit: 9","fit: 1, efit: 8",,,,0,0,0,0,1,,
2026-02-05 20:06:50,7,15,15,0,"fit: 1, efit: 10","fit: 1, efit: 9",,,,0,0,0,0,1,,
2026-02-05 20:59:54,7,15,15,0,"fit: 1, efit: 9","fit: 1, efit: 8",,,,0,0,0,0,1,,
2026-02-05 22:05:11,7,15,15,0,"fit: 1, efit: 10","fit: 1, efit: 9",,,,0,0,0,0,1,,
2026-02-05 22:42:17,7,15,15,0,"fit: 1, efit: 10","fit: 1, efit: 10",,,,0,0,0,0,1,,
2026-02-05 22:45:21,7,15,15,0,"fit: 1, efit: 10","fit: 1, efit: 9",,,,0,0,0,0,1,,
2026-02-06 00:00:40,7,15,15,0,"fit: 1, efit: 10","fit: 1, efit: 9",,,,0,0,0,0,1,,
2026-02-06 06:43:37,7,15,15,0,"fit: 1, efit: 9","fit: 1, efit: 8",,,,0,0,0,0,1,,
2026-02-06 07:42:30,7,15,15,0,"fit: 1, efit: 8","fit: 1, efit: 7",,,,0,0,0,0,1,,
2026-02-06 09:14:02,7,15,15,0,"fit: 1, efit: 7","fit: 1, efit: 6",,,,0,0,0,0,1,,
2026-02-06 09:52:52,7,15,15,0,"fit: 1, efit: 6","fit: 1, efit: 5",,,,0,0,0,0,1,,
2026-02-06 10:27:59,7,15,15,0,"fit: 1, efit: 5","fit: 1, efit: 4",,,,0,0,0,0,1,,
2026-02-06 10:54:19,7,15,15,0,"fit: 1, efit: 6","fit: 1, efit: 5",,,,0,0,0,0,1,,
2026-02-06 11:24:24,7,15,15,0,"fit: 1, efit: 6","fit: 1, efit: 5",efit: 1,,,0,0,0,0,1,,
2026-02-06 13:28:58,7,15,15,0,"fit: 1, efit: 5","fit: 1, efit: 4",efit: 1,,,0,0,0,0,1,,
2026-02-06 13:53:34,7,15,15,0,"fit: 1, efit: 6","fit: 1, efit: 5",efit: 1,,,0,0,0,0,1,,
2026-02-06 14:43:43,7,15,15,0,"fit: 1, efit: 6","fit: 1, efit: 6",,,,0,0,0,0,1,,
2026-02-06 15:15:04,7,15,15,0,"fit: 1, efit: 7","fit: 1, efit: 7",,,,0,0,0,0,1,,
2026-02-06 17:55:05,7,15,15,0,"fit: 1, efit: 6","fit: 1, efit: 6",,,,0,0,0,0,1,,
2026-02-07 00:00:17,7,15,15,0,"fit: 1, efit: 6","fit: 1, efit: 6",,,,0,0,0,0,1,,
2026-02-07 16:30:35,7,15,15,0,"fit: 1, efit: 5","fit: 1, efit: 5",,,,0,0,0,0,1,,
2026-02-07 17:43:17,7,15,15,0,"fit: 1, efit: 6","fit: 1, efit: 6",,,,0,0,0,0,1,,
2026-02-07 18:08:21,7,15,15,0,"fit: 1, efit: 5","fit: 1, efit: 5",,,,0,0,0,0,1,,
2026-02-07 18:36:06,7,15,15,0,"fit: 1, efit: 6","fit: 1, efit: 6",,,,0,0,0,0,1,,
2026-02-07 18:58:30,7,15,15,0,"fit: 1, efit: 7","fit: 1, efit: 7",,,,0,0,0,0,1,,
2026-02-07 22:35:14,7,15,15,0,"fit: 1, efit: 6","fit: 1, efit: 6",,,,0,0,0,0,1,,
2026-02-07 23:29:15,7,15,15,0,"fit: 1, efit: 7","fit: 1, efit: 6",,,,0,0,0,0,1,,
2026-02-08 00:00:28,7,15,15,0,"fit: 1, efit: 7","fit: 1, efit: 6",,,,0,0,0,0,1,,
2026-02-08 00:37:34,7,15,15,0,"fit: 1, efit: 8","fit: 1, efit: 7",,,,0,0,0,0,1,,
2026-02-08 01:37:49,7,15,15,0,"fit: 1, efit: 8","fit: 1, efit: 8",,,,0,0,0,0,1,,
2026-02-08 07:29:14,7,15,15,0,"fit: 1, efit: 8","fit: 1, efit: 7",,,,0,0,0,0,1,,
2026-02-08 10:11:04,7,15,15,0,"fit: 1, efit: 8","fit: 1, efit: 6",,,,0,0,0,0,1,,
2026-02-08 10:42:15,7,15,15,0,"fit: 1, efit: 8","fit: 1, efit: 7",,,,0,0,0,0,1,,
2026-02-08 10:55:06,7,15,15,0,"fit: 1, efit: 6","fit: 1, efit: 6",,,,0,0,0,0,1,,
2026-02-08 10:57:18,7,15,15,0,"fit: 1, efit: 7","fit: 1, efit: 7",,,,0,0,0,0,1,,
2026-02-08 11:00:07,7,15,15,0,"fit: 1, efit: 8","fit: 1, efit: 8",,,,0,0,0,0,1,,
2026-02-08 11:30:14,7,15,15,0,"fit: 1, efit: 7","fit: 1, efit: 7",,,,0,0,0,0,1,,
2026-02-08 12:55:36,7,15,15,0,"fit: 1, efit: 6","fit: 1, efit: 6",,,,0,0,0,0,1,,
2026-02-08 18:06:54,7,15,15,0,"fit: 1, efit: 5","fit: 1, efit: 5",,,,0,0,0,0,1,,
2026-02-08 19:17:12,7,15,15,0,"fit: 1, efit: 6","fit: 1, efit: 6",,,,0,0,0,0,1,,
2026-02-08 21:32:46,7,15,15,0,"fit: 1, efit: 7","fit: 1, efit: 7",,,,0,0,0,0,1,,
2026-02-08 22:58:07,7,15,15,0,"fit: 1, efit: 6","fit: 1, efit: 6",,,,0,0,0,0,1,,
2026-02-09 00:03:23,7,15,15,0,"fit: 1, efit: 6","fit: 1, efit: 6",,,,0,0,0,0,1,,
2026-02-09 04:49:10,7,15,15,0,"fit: 1, efit: 5","fit: 1, efit: 5",,,,0,0,0,0,1,,
2026-02-09 04:54:11,7,15,15,0,"fit: 1, efit: 6","fit: 1, efit: 6",,,,0,0,0,0,1,,
2026-02-09 06:34:57,7,15,15,0,"fit: 1, efit: 5","fit: 1, efit: 5",,,,0,0,0,0,1,,
2026-02-09 07:09:33,7,15,15,0,"fit: 1, efit: 4","fit: 1, efit: 4",,,,0,0,0,0,1,,
2026-02-09 07:49:40,7,15,15,0,"fit: 1, efit: 5","fit: 1, efit: 5",,,,0,0,0,0,1,,
2026-02-09 12:20:27,7,15,15,0,"fit: 1, efit: 6","fit: 1, efit: 6",,,,0,0,0,0,1,,
2026-02-09 13:01:41,7,15,15,0,"fit: 1, efit: 5","fit: 1, efit: 5",,,,0,0,0,0,1,,
2026-02-09 13:45:42,7,15,15,0,"fit: 1, efit: 4","fit: 1, efit: 4",,,,0,0,0,0,1,,
2026-02-09 15:15:58,7,15,15,0,"fit: 1, efit: 5","fit: 1, efit: 5",,,,0,0,0,0,1,,
2026-02-09 19:56:46,7,15,15,0,"fit: 1, efit: 6","fit: 1, efit: 6",,,,0,0,0,0,1,,
2026-02-09 21:06:59,7,15,15,0,"fit: 1, efit: 7","fit: 1, efit: 7",,,,0,0,0,0,1,,
2026-02-09 23:09:04,7,15,15,0,"fit: 1, efit: 8","fit: 1, efit: 8",,,,0,0,0,0,1,,
2026-02-10 00:02:30,7,15,15,0,"fit: 1, efit: 8","fit: 1, efit: 8",,,,0,0,0,0,1,,
2026-02-10 07:13:44,7,15,15,0,"fit: 1, efit: 7","fit: 1, efit: 7",,,,0,0,0,0,1,,
2026-02-10 07:28:47,7,15,15,0,"fit: 1, efit: 6","fit: 1, efit: 6",,,,0,0,0,0,1,,
2026-02-10 07:38:49,7,15,15,0,"fit: 1, efit: 5","fit: 1, efit: 5",,,,0,0,0,0,1,,
2026-02-10 09:24:07,7,15,15,0,"fit: 1, efit: 4","fit: 1, efit: 4",,,,0,0,0,0,1,,
2026-02-10 10:49:22,7,15,15,0,"fit: 1, efit: 3","fit: 1, efit: 3",,,,0,0,0,0,1,,
2026-02-10 10:54:23,7,15,15,0,"fit: 1, efit: 2","fit: 1, efit: 2",,,,0,0,0,0,1,,
2026-02-10 14:00:54,7,15,15,0,"fit: 1, efit: 3","fit: 1, efit: 3",,,,0,0,0,0,1,,
2026-02-10 14:50:05,7,15,15,0,"fit: 1, efit: 2","fit: 1, efit: 2",,,,0,0,0,0,1,,
2026-02-10 15:18:09,7,15,15,0,"fit: 1, efit: 3","fit: 1, efit: 3",,,,0,0,0,0,1,,
2026-02-10 15:23:10,7,15,15,0,"fit: 1, efit: 4","fit: 1, efit: 4",,,,0,0,0,0,1,,
2026-02-10 16:28:27,7,15,15,0,"fit: 1, efit: 5","fit: 1, efit: 5",,,,0,0,0,0,1,,
2026-02-10 16:36:22,7,15,15,0,"fit: 1, efit: 3","fit: 1, efit: 3",,,,0,0,0,0,1,,
2026-02-10 17:13:39,7,15,15,0,"fit: 1, efit: 4","fit: 1, efit: 4",,,,0,0,0,0,1,,
2026-02-10 17:50:37,7,15,15,0,"fit: 1, efit: 3","fit: 1, efit: 3",,,,0,0,0,0,1,,
2026-02-10 18:10:40,7,15,15,0,"fit: 1, efit: 4","fit: 1, efit: 4",,,,0,0,0,0,1,,
2026-02-10 18:11:38,7,15,15,0,"fit: 1, efit: 3","fit: 1, efit: 3",,,,0,0,0,0,1,,
2026-02-10 18:21:39,7,15,15,0,"fit: 1, efit: 4","fit: 1, efit: 4",,,,0,0,0,0,1,,
2026-02-10 18:30:44,7,15,15,0,"fit: 1, efit: 5","fit: 1, efit: 5",,,,0,0,0,0,1,,
2026-02-10 19:20:53,7,15,15,0,"fit: 1, efit: 6","fit: 1, efit: 6",,,,0,0,0,0,1,,
2026-02-10 19:29:14,7,15,15,0,"fit: 1, efit: 5","fit: 1, efit: 5",,,,0,0,0,0,1,,
2026-02-10 19:46:54,7,15,15,0,"fit: 1, efit: 6","fit: 1, efit: 6",,,,0,0,0,0,1,,
2026-02-10 20:26:04,7,15,15,0,"fit: 1, efit: 5","fit: 1, efit: 5",,,,0,0,0,0,1,,
2026-02-10 20:36:06,7,15,15,0,"fit: 1, efit: 6","fit: 1, efit: 6",,,,0,0,0,0,1,,
2026-02-11 00:00:22,7,15,15,0,"fit: 1, efit: 6","fit: 1, efit: 6",,,,0,0,0,0,1,,
2026-02-11 05:26:44,7,15,15,0,"fit: 1, efit: 5","fit: 1, efit: 5",,,,0,0,0,0,1,,
2026-02-11 05:36:46,7,15,15,0,"fit: 1, efit: 6","fit: 1, efit: 6",,,,0,0,0,0,1,,
2026-02-11 06:43:43,7,15,15,0,"fit: 1, efit: 5","fit: 1, efit: 5",,,,0,0,0,0,1,,
2026-02-11 08:03:05,7,15,15,0,"fit: 1, efit: 4","fit: 1, efit: 4",,,,0,0,0,0,1,,
2026-02-11 09:12:40,7,15,15,0,"fit: 1, efit: 3","fit: 1, efit: 3",,,,0,0,0,0,1,,
2026-02-11 09:34:12,7,15,15,0,"fit: 1, efit: 2","fit: 1, efit: 2",,,,0,0,0,0,1,,
2026-02-11 11:48:18,7,15,15,0,"fit: 1, efit: 1","fit: 1, efit: 1",,,,0,0,0,0,1,,
2026-02-11 11:58:21,7,15,15,0,,,,,,0,0,0,0,1,,
2026-02-11 12:13:25,7,15,15,0,efit: 1,efit: 1,,,,0,0,0,0,1,,
2026-02-11 12:48:33,7,15,15,0,,,,,,0,0,0,0,1,,
2026-02-11 13:53:50,7,15,15,0,efit: 4,efit: 4,,,,0,0,0,0,1,,
2026-02-11 13:58:51,7,15,15,0,efit: 3,efit: 3,,,,0,0,0,0,1,,
2026-02-11 14:13:55,7,15,15,0,efit: 4,efit: 4,,,,0,0,0,0,1,,
2026-02-11 14:44:03,7,15,15,0,efit: 6,efit: 6,,,,0,0,0,0,1,,
2026-02-11 15:14:11,7,15,15,0,efit: 7,efit: 7,,,,0,0,0,0,1,,
2026-02-11 16:34:31,7,15,15,0,efit: 9,efit: 9,,,,0,0,0,0,1,,
2026-02-11 16:39:33,7,15,15,0,efit: 10,efit: 10,,,,0,0,0,0,1,,
2026-02-11 18:15:40,7,15,15,0,efit: 11,efit: 11,,,,0,0,0,0,1,,
2026-02-11 18:34:53,7,15,15,0,efit: 12,efit: 12,,,,0,0,0,0,1,,
2026-02-11 18:54:57,7,15,15,0,efit: 10,efit: 10,,,,0,0,0,0,1,,
2026-02-11 19:04:59,7,15,15,0,efit: 11,efit: 11,,,,0,0,0,0,1,,
2026-02-11 19:50:08,7,15,15,0,efit: 12,efit: 12,,,,0,0,0,0,1,,
2026-02-11 20:40:17,7,15,15,0,efit: 13,efit: 13,,,,0,0,0,0,1,,
2026-02-11 22:16:21,7,15,15,0,efit: 14,efit: 14,,,,0,0,0,0,1,,
2026-02-12 00:00:52,7,15,15,0,efit: 14,efit: 14,,,,0,0,0,0,1,,
2026-02-12 07:12:47,7,15,15,0,efit: 13,efit: 13,,,,0,0,0,0,1,,
2026-02-12 07:42:11,7,15,15,0,efit: 12,efit: 12,,,,0,0,0,0,1,,
2026-02-12 09:07:26,7,15,15,0,"fit: 1, efit: 11","fit: 1, efit: 11",,,,0,0,0,0,1,,
2026-02-12 09:47:33,7,15,15,0,"fit: 1, efit: 10","fit: 1, efit: 10",,,,0,0,0,0,1,,
2026-02-12 10:52:44,7,15,15,0,"fit: 1, efit: 9","fit: 1, efit: 9",,,,0,0,0,0,1,,
2026-02-12 13:43:14,7,15,15,0,"fit: 1, efit: 8","fit: 1, efit: 8",,,,0,0,0,0,1,,
2026-02-12 14:04:51,7,15,15,0,"fit: 1, efit: 9","fit: 1, efit: 9",,,,0,0,0,0,1,,
2026-02-12 14:09:52,7,15,15,0,"fit: 1, efit: 8","fit: 1, efit: 8",,,,0,0,0,0,1,,
2026-02-12 14:33:22,7,15,15,0,"fit: 1, efit: 9","fit: 1, efit: 9",,,,0,0,0,0,1,,
2026-02-12 14:43:24,7,15,15,0,"fit: 1, efit: 8","fit: 1, efit: 8",,,,0,0,0,0,1,,
2026-02-12 15:20:10,7,15,15,0,"fit: 1, efit: 9","fit: 1, efit: 9",,,,0,0,0,0,1,,
2026-02-12 16:15:24,7,15,15,0,"fit: 1, efit: 10","fit: 1, efit: 10",,,,0,0,0,0,1,,
2026-02-12 16:25:26,7,15,15,0,"fit: 1, efit: 11","fit: 1, efit: 11",,,,0,0,0,0,1,,
2026-02-12 17:48:55,7,15,15,0,"fit: 1, efit: 12","fit: 1, efit: 12",,,,0,0,0,0,1,,
2026-02-12 17:53:56,7,15,15,0,"fit: 1, efit: 13","fit: 1, efit: 13",,,,0,0,0,0,1,,
2026-02-12 17:59:36,7,15,15,0,"fit: 1, efit: 14","fit: 1, efit: 14",,,,0,0,0,0,1,,
2026-02-12 18:15:54,7,15,15,0,"fit: 1, efit: 13","fit: 1, efit: 13",,,,0,0,0,0,1,,
2026-02-12 18:59:09,7,15,15,0,"fit: 1, efit: 13","fit: 1, efit: 12",,,,0,0,0,0,1,,
2026-02-12 19:59:19,7,15,15,0,"fit: 1, efit: 14","fit: 1, efit: 13",,,,0,0,0,0,1,,
2026-02-12 22:01:51,7,15,15,0,"fit: 1, efit: 13","fit: 1, efit: 12",,,,0,0,0,0,1,,
2026-02-12 22:29:46,7,15,15,0,"fit: 1, efit: 14","fit: 1, efit: 13",,,,0,0,0,0,1,,
2026-02-13 00:00:01,7,15,15,0,"fit: 1, efit: 14","fit: 1, efit: 13",,,,0,0,0,0,1,,
2026-02-13 00:07:22,7,15,15,0,"fit: 1, efit: 13","fit: 1, efit: 12",,,,0,0,0,0,1,,
2026-02-13 01:55:22,7,15,15,0,"fit: 1, efit: 12","fit: 1, efit: 11",,,,0,0,0,0,1,,
2026-02-13 04:08:22,7,15,15,0,"fit: 1, efit: 12","fit: 1, efit: 10",,,,0,0,0,0,1,,
2026-02-13 04:10:46,7,15,15,0,"fit: 1, efit: 12","fit: 1, efit: 11",,,,0,0,0,0,1,,
2026-02-13 07:06:17,7,15,15,0,"fit: 1, efit: 13","fit: 1, efit: 12",,,,0,0,0,0,1,,
2026-02-13 07:54:18,7,15,15,0,"fit: 1, efit: 12","fit: 1, efit: 11",,,,0,0,0,0,1,,
2026-02-13 08:06:27,7,15,15,0,"fit: 1, efit: 11","fit: 1, efit: 10",,,,0,0,0,0,1,,
2026-02-13 08:09:22,7,15,15,0,"fit: 1, efit: 12","fit: 1, efit: 11",,,,0,0,0,0,1,,
2026-02-13 10:24:55,7,15,15,0,"fit: 1, efit: 11","fit: 1, efit: 10",,,,0,0,0,0,1,,
2026-02-13 11:01:58,7,15,15,0,"fit: 1, efit: 10","fit: 1, efit: 9",,,,0,0,0,0,1,,
2026-02-13 12:27:13,7,15,15,0,"fit: 1, efit: 9","fit: 1, efit: 8",,,,0,0,0,0,1,,
2026-02-13 12:30:28,7,15,15,0,"fit: 1, efit: 7","fit: 1, efit: 6",,,,0,0,0,0,1,,
2026-02-13 13:15:39,7,15,15,0,"fit: 1, efit: 6","fit: 1, efit: 5",,,,0,0,0,0,1,,
2026-02-13 13:37:25,7,15,15,0,"fit: 1, efit: 7","fit: 1, efit: 6",,,,0,0,0,0,1,,
2026-02-13 13:42:26,7,15,15,0,"fit: 1, efit: 8","fit: 1, efit: 7",,,,0,0,0,0,1,,
2026-02-13 13:47:27,7,15,15,0,"fit: 1, efit: 7","fit: 1, efit: 6",,,,0,0,0,0,1,,
2026-02-13 14:10:53,7,15,15,0,"fit: 1, efit: 8","fit: 1, efit: 7",,,,0,0,0,0,1,,
2026-02-13 14:46:02,7,15,15,0,"fit: 1, efit: 7","fit: 1, efit: 6",,,,0,0,0,0,1,,
2026-02-13 15:13:11,7,15,15,0,"fit: 1, efit: 8","fit: 1, efit: 7",,,,0,0,0,0,1,,
2026-02-13 15:21:11,7,15,15,0,"fit: 1, efit: 6","fit: 1, efit: 5",,,,0,0,0,0,1,,
2026-02-13 15:31:13,7,15,15,0,"fit: 1, efit: 7","fit: 1, efit: 6",,,,0,0,0,0,1,,
2026-02-13 15:37:46,7,15,15,0,"fit: 1, efit: 6","fit: 1, efit: 5",,,,0,0,0,0,1,,
2026-02-13 15:41:16,7,15,15,0,"fit: 1, efit: 7","fit: 1, efit: 6",,,,0,0,0,0,1,,
2026-02-13 16:13:21,7,15,15,0,"fit: 1, efit: 8","fit: 1, efit: 7",,,,0,0,0,0,1,,
2026-02-13 17:36:45,7,15,15,0,"fit: 2, efit: 9","fit: 2, efit: 8",,,,0,0,0,0,1,,
2026-02-13 18:03:12,7,15,15,0,"fit: 3, efit: 8","fit: 3, efit: 7",,,,0,0,0,0,1,,
2026-02-13 19:13:24,7,15,15,0,"fit: 3, efit: 8","fit: 3, efit: 8",,,,0,0,0,0,1,,
2026-02-13 19:43:30,7,15,15,0,"fit: 3, efit: 8","fit: 3, efit: 7",,,,0,0,0,0,1,,
2026-02-13 19:43:56,7,15,15,0,"fit: 3, efit: 8","fit: 3, efit: 8",,,,0,0,0,0,1,,
2026-02-13 20:14:01,7,15,15,0,"fit: 3, efit: 8","fit: 3, efit: 7",,,,0,0,0,0,1,,
2026-02-13 20:22:28,7,15,15,0,"fit: 3, efit: 8","fit: 3, efit: 8",,,,0,0,0,0,1,,
2026-02-13 21:57:51,7,15,15,0,"fit: 3, efit: 9","fit: 3, efit: 9",,,,0,0,0,0,1,,
2026-02-13 23:13:11,7,15,15,0,"fit: 3, efit: 8","fit: 3, efit: 8",,,,0,0,0,0,1,,
2026-02-13 23:38:18,7,15,15,0,"fit: 3, efit: 9","fit: 3, efit: 9",,,,0,0,0,0,1,,
2026-02-13 23:43:19,7,15,15,0,"fit: 3, efit: 10","fit: 3, efit: 10",,,,0,0,0,0,1,,
2026-02-14 00:03:24,7,15,15,0,"fit: 3, efit: 10","fit: 3, efit: 10",,,,0,0,0,0,1,,
2026-02-14 00:18:28,7,15,15,0,"fit: 3, efit: 9","fit: 3, efit: 9",,,,0,0,0,0,1,,
2026-02-14 02:44:43,7,15,15,0,"fit: 3, efit: 10","fit: 3, efit: 10",,,,0,0,0,0,1,,
2026-02-14 08:40:34,7,15,15,0,"fit: 3, efit: 5","fit: 3, efit: 5",,,,0,0,0,0,1,,
2026-02-14 12:36:25,7,15,15,0,"fit: 3, efit: 4","fit: 3, efit: 4",,,,0,0,0,0,1,,
2026-02-14 12:51:28,7,15,15,0,"fit: 3, efit: 3","fit: 3, efit: 3",,,,0,0,0,0,1,,
2026-02-14 13:01:29,7,15,15,0,"fit: 3, efit: 2","fit: 3, efit: 2",,,,0,0,0,0,1,,
2026-02-14 14:16:43,7,15,15,0,"fit: 3, efit: 1","fit: 3, efit: 1",,,,0,0,0,0,1,,
2026-02-14 14:41:48,7,15,15,0,fit: 3,fit: 3,,,,0,0,0,0,1,,
2026-02-14 15:06:52,7,15,15,0,"fit: 3, efit: 1","fit: 3, efit: 1",,,,0,0,0,0,1,,
2026-02-14 15:31:56,7,15,15,0,fit: 3,fit: 3,,,,0,0,0,0,1,,
2026-02-14 16:17:04,7,15,15,0,"fit: 3, efit: 1","fit: 3, efit: 1",,,,0,0,0,0,1,,
2026-02-14 17:17:15,7,15,15,0,"fit: 3, efit: 2","fit: 3, efit: 1",,,,0,0,0,0,1,,
2026-02-14 17:42:20,7,15,15,0,"fit: 3, efit: 1",fit: 3,,,,0,0,0,0,1,,
2026-02-14 17:57:22,7,15,15,0,"fit: 3, efit: 1","fit: 3, efit: 1",,,,0,0,0,0,1,,
2026-02-14 20:47:52,7,15,15,0,"fit: 3, efit: 2","fit: 3, efit: 2",,,,0,0,0,0,1,,
2026-02-14 22:08:53,7,15,15,0,"fit: 3, efit: 3","fit: 3, efit: 3",,,,0,0,0,0,1,,
2026-02-14 22:13:07,7,15,15,0,"fit: 3, efit: 2","fit: 3, efit: 2",,,,0,0,0,0,1,,
2026-02-14 22:18:08,7,15,15,0,"fit: 3, efit: 1","fit: 3, efit: 1",,,,0,0,0,0,1,,
2026-02-14 22:43:12,7,15,15,0,"fit: 3, efit: 2","fit: 3, efit: 2",,,,0,0,0,0,1,,
2026-02-15 00:03:26,7,15,15,0,"fit: 3, efit: 2","fit: 3, efit: 2",,,,0,0,0,0,1,,
2026-02-15 08:46:29,7,15,15,0,"fit: 4, efit: 1","fit: 4, efit: 1",,,,0,0,0,0,1,,
2026-02-15 09:55:10,7,15,15,0,fit: 4,fit: 4,,,,0,0,0,0,1,,
2026-02-15 11:10:16,7,15,15,0,"fit: 4, efit: 1","fit: 4, efit: 1",,,,0,0,0,0,1,,
2026-02-15 12:10:21,7,15,15,0,"fit: 4, efit: 2","fit: 4, efit: 2",,,,0,0,0,0,1,,
2026-02-15 12:30:23,7,15,15,0,"fit: 4, efit: 3","fit: 4, efit: 3",,,,0,0,0,0,1,,
2026-02-15 12:45:24,7,15,15,0,"fit: 4, efit: 2","fit: 4, efit: 2",,,,0,0,0,0,1,,
2026-02-15 13:35:30,7,15,15,0,"fit: 4, efit: 1","fit: 4, efit: 1",,,,0,0,0,0,1,,
2026-02-15 13:42:42,7,15,15,0,fit: 4,fit: 4,,,,0,0,0,0,1,,
2026-02-15 13:45:32,7,15,15,0,fit: 3,fit: 3,,,,0,0,0,0,1,,
2026-02-15 14:05:35,7,15,15,0,fit: 2,fit: 2,,,,0,0,0,0,1,,
2026-02-15 16:46:02,7,15,15,0,"fit: 2, efit: 1","fit: 2, efit: 1",,,,0,0,0,0,1,,
2026-02-15 17:21:07,7,15,15,0,fit: 2,fit: 2,,,,0,0,0,0,1,,
2026-02-15 18:16:16,7,15,15,0,fit: 1,fit: 1,,,,0,0,0,0,1,,
2026-02-15 18:53:59,7,15,15,0,"fit: 1, efit: 1","fit: 1, efit: 1",,,,0,0,0,0,1,,
2026-02-15 19:49:13,7,15,15,0,"fit: 1, efit: 2","fit: 1, efit: 2",,,,0,0,0,0,1,,
2026-02-15 22:19:49,7,15,15,0,"fit: 1, efit: 3","fit: 1, efit: 3",,,,0,0,0,0,1,,
2026-02-15 23:02:03,7,15,15,0,"fit: 1, efit: 4","fit: 1, efit: 4",,,,0,0,0,0,1,,
2026-02-15 23:05:02,7,15,15,0,"fit: 1, efit: 3","fit: 1, efit: 3",,,,0,0,0,0,1,,
2026-02-15 23:15:05,7,15,15,0,"fit: 1, efit: 4","fit: 1, efit: 4",,,,0,0,0,0,1,,
2026-02-16 00:00:16,7,15,15,0,"fit: 1, efit: 4","fit: 1, efit: 4",,,,0,0,0,0,1,,
2026-02-16 07:17:03,7,15,15,0,"fit: 1, efit: 3","fit: 1, efit: 3",,,,0,0,0,0,1,,
2026-02-16 08:43:38,7,15,15,0,"fit: 1, efit: 4","fit: 1, efit: 4",,,,0,0,0,0,1,,
2026-02-16 09:17:31,7,15,15,0,"fit: 2, efit: 3","fit: 2, efit: 3",,,,0,0,0,0,1,,
2026-02-16 09:23:45,7,15,15,0,"fit: 3, efit: 3","fit: 3, efit: 3",,,,0,0,0,0,1,,
2026-02-16 09:42:38,7,15,15,0,"fit: 4, efit: 3","fit: 4, efit: 3",,,,0,0,0,0,1,,
2026-02-16 09:47:39,7,15,15,0,"fit: 4, efit: 2","fit: 4, efit: 2",,,,0,0,0,0,1,,
2026-02-16 10:03:51,7,15,15,0,"fit: 4, efit: 1","fit: 4, efit: 1",,,,0,0,0,0,1,,
2026-02-16 10:18:54,7,15,15,0,"fit: 4, efit: 2","fit: 4, efit: 2",,,,0,0,0,0,1,,
2026-02-16 10:27:50,7,15,15,0,"fit: 4, efit: 1","fit: 4, efit: 1",,,,0,0,0,0,1,,
2026-02-16 10:32:52,7,15,15,0,fit: 4,fit: 4,,,,0,0,0,0,1,,
2026-02-16 11:58:13,7,15,15,0,"fit: 4, efit: 1","fit: 4, efit: 1",,,,0,0,0,0,1,,
2026-02-16 12:43:24,7,15,15,0,fit: 4,fit: 4,,,,0,0,0,0,1,,
2026-02-16 15:09:01,7,15,15,0,"fit: 4, efit: 1","fit: 4, efit: 1",,,,0,0,0,0,1,,
2026-02-16 15:14:02,7,15,15,0,"fit: 4, efit: 2","fit: 4, efit: 2",,,,0,0,0,0,1,,
2026-02-16 15:49:49,7,15,15,0,"fit: 4, efit: 3","fit: 4, efit: 3",,,,0,0,0,0,1,,
2026-02-16 16:14:17,7,15,15,0,"fit: 4, efit: 4","fit: 4, efit: 3",efit: 1,,,0,0,0,0,1,,
2026-02-16 16:20:18,7,15,15,0,"fit: 4, efit: 3","fit: 4, efit: 2",efit: 1,,,0,0,0,0,1,,
2026-02-16 17:39:38,7,15,15,0,"fit: 4, efit: 4","fit: 4, efit: 3",efit: 1,,,0,0,0,0,1,,
2026-02-16 17:49:41,7,15,15,0,"fit: 4, efit: 5","fit: 4, efit: 4",efit: 1,,,0,0,0,0,1,,
2026-02-16 17:55:10,7,15,15,0,"fit: 4, efit: 4","fit: 4, efit: 3",efit: 1,,,0,0,0,0,1,,
2026-02-16 18:24:49,7,15,15,0,"fit: 4, efit: 5","fit: 4, efit: 4",efit: 1,,,0,0,0,0,1,,
2026-02-16 18:25:15,7,15,15,0,"fit: 4, efit: 6","fit: 4, efit: 5",efit: 1,,,0,0,0,0,1,,
2026-02-16 18:35:17,7,15,15,0,"fit: 4, efit: 7","fit: 4, efit: 6",efit: 1,,,0,0,0,0,1,,
2026-02-16 19:30:06,7,15,15,0,"fit: 4, efit: 8","fit: 4, efit: 7",efit: 1,,,0,0,0,0,1,,
2026-02-16 20:55:30,7,15,15,0,"fit: 4, efit: 7","fit: 4, efit: 6",efit: 1,,,0,0,0,0,1,,
2026-02-16 21:20:36,7,15,15,0,"fit: 4, efit: 8","fit: 4, efit: 7",efit: 1,,,0,0,0,0,1,,
2026-02-17 00:00:54,7,15,15,0,"fit: 4, efit: 8","fit: 4, efit: 7",efit: 1,,,0,0,0,0,1,,
2026-02-17 07:07:04,7,15,15,0,"fit: 4, efit: 7","fit: 4, efit: 6",efit: 1,,,0,0,0,0,1,,
2026-02-17 07:57:12,7,15,15,0,"fit: 4, efit: 6","fit: 4, efit: 5",efit: 1,,,0,0,0,0,1,,
2026-02-17 09:14:16,7,15,15,0,"fit: 4, efit: 5","fit: 4, efit: 4",efit: 1,,,0,0,0,0,1,,
2026-02-17 09:27:28,7,15,15,0,"fit: 4, efit: 4","fit: 4, efit: 3",efit: 1,,,0,0,0,0,1,,
2026-02-17 09:37:29,7,15,15,0,"fit: 4, efit: 3","fit: 4, efit: 3",,,,0,0,0,0,1,,
2026-02-17 10:02:34,7,15,15,0,"fit: 5, efit: 2","fit: 5, efit: 2",,,,0,0,0,0,1,,
2026-02-17 10:57:43,7,15,15,0,"fit: 5, efit: 1","fit: 5, efit: 1",,,,0,0,0,0,1,,
2026-02-17 12:02:53,7,15,15,0,"fit: 5, efit: 2","fit: 5, efit: 2",,,,0,0,0,0,1,,
2026-02-17 15:00:18,7,15,15,0,"fit: 5, efit: 1","fit: 5, efit: 1",,,,0,0,0,0,1,,
2026-02-17 15:14:50,7,15,15,0,"fit: 5, efit: 2","fit: 5, efit: 2",,,,0,0,0,0,1,,
2026-02-17 15:18:26,7,15,15,0,"fit: 5, efit: 3","fit: 5, efit: 3",,,,0,0,0,0,1,,
2026-02-17 15:28:28,7,15,15,0,"fit: 5, efit: 4","fit: 5, efit: 4",,,,0,0,0,0,1,,
2026-02-17 15:43:30,7,15,15,0,"fit: 5, efit: 5","fit: 5, efit: 5",,,,0,0,0,0,1,,
2026-02-17 16:05:01,7,15,15,0,"fit: 5, efit: 6","fit: 5, efit: 6",,,,0,0,0,0,1,,
2026-02-17 16:28:38,7,15,15,0,"fit: 5, efit: 7","fit: 5, efit: 7",,,,0,0,0,0,1,,
2026-02-17 16:30:07,7,15,15,0,"fit: 5, efit: 8","fit: 5, efit: 8",,,,0,0,0,0,1,,
2026-02-17 17:08:44,7,15,15,0,"fit: 5, efit: 9","fit: 5, efit: 9",,,,0,0,0,0,1,,
2026-02-17 18:39:00,7,15,15,0,"fit: 5, efit: 10","fit: 5, efit: 10",,,,0,0,0,0,1,,
2026-02-18 00:01:40,7,15,15,0,"fit: 5, efit: 10","fit: 5, efit: 10",,,,0,0,0,0,1,,
2026-02-18 07:16:04,7,15,15,0,"fit: 5, efit: 9","fit: 5, efit: 9",,,,0,0,0,0,1,,
2026-02-18 08:06:13,7,15,15,0,"fit: 6, efit: 8","fit: 6, efit: 8",,,,0,0,0,0,1,,
2026-02-18 08:38:26,7,15,15,0,"fit: 6, efit: 7","fit: 6, efit: 7",,,,0,0,0,0,1,,
2026-02-18 09:08:32,7,15,15,0,"fit: 6, efit: 6","fit: 6, efit: 6",,,,0,0,0,0,1,,
2026-02-18 09:11:23,7,15,15,0,"fit: 6, efit: 5","fit: 6, efit: 5",,,,0,0,0,0,1,,
2026-02-18 09:21:25,7,15,15,0,"fit: 6, efit: 6","fit: 6, efit: 6",,,,0,0,0,0,1,,
2026-02-18 09:26:26,7,15,15,0,"fit: 6, efit: 5","fit: 6, efit: 5",,,,0,0,0,0,1,,
2026-02-18 11:16:43,7,15,15,0,"fit: 6, efit: 4","fit: 6, efit: 4",,,,0,0,0,0,1,,
2026-02-18 11:56:50,7,15,15,0,"fit: 6, efit: 3","fit: 6, efit: 3",,,,0,0,0,0,1,,
2026-02-18 12:26:54,7,15,15,0,"fit: 6, efit: 4","fit: 6, efit: 4",,,,0,0,0,0,1,,
2026-02-18 12:29:04,7,15,15,0,"fit: 6, efit: 3","fit: 6, efit: 3",,,,0,0,0,0,1,,
2026-02-18 12:39:05,7,15,15,0,"fit: 6, efit: 2","fit: 6, efit: 2",,,,0,0,0,0,1,,
2026-02-18 12:56:59,7,15,15,0,"fit: 6, efit: 3","fit: 6, efit: 3",,,,0,0,0,0,1,,
2026-02-18 13:39:16,7,15,15,0,"fit: 6, efit: 4","fit: 6, efit: 4",,,,0,0,0,0,1,,
2026-02-18 14:37:16,7,15,15,0,"fit: 6, efit: 5","fit: 6, efit: 5",,,,0,0,0,0,1,,
2026-02-18 14:52:18,7,15,15,0,"fit: 6, efit: 4","fit: 6, efit: 4",,,,0,0,0,0,1,,
2026-02-18 15:02:20,7,15,15,0,"fit: 6, efit: 3","fit: 6, efit: 3",,,,0,0,0,0,1,,
2026-02-18 15:32:25,7,15,15,0,"fit: 6, efit: 4","fit: 6, efit: 4",,,,0,0,0,0,1,,
2026-02-18 16:24:44,7,15,15,0,"fit: 6, efit: 5","fit: 6, efit: 5",,,,0,0,0,0,1,,
2026-02-18 16:34:46,7,15,15,0,"fit: 5, efit: 5","fit: 5, efit: 5",,,,0,0,0,0,1,,
2026-02-18 17:39:57,7,15,15,0,"fit: 5, efit: 6","fit: 5, efit: 6",,,,0,0,0,0,1,,
2026-02-18 18:42:55,7,15,15,0,"fit: 5, efit: 7","fit: 5, efit: 7",,,,0,0,0,0,1,,
2026-02-18 18:45:10,7,15,15,0,"fit: 5, efit: 8","fit: 5, efit: 8",,,,0,0,0,0,1,,
2026-02-18 18:55:11,7,15,15,0,"fit: 5, efit: 9","fit: 5, efit: 9",,,,0,0,0,0,1,,
2026-02-18 20:13:09,7,15,15,0,"fit: 5, efit: 10","fit: 5, efit: 10",,,,0,0,0,0,1,,
2026-02-18 20:40:49,7,15,15,0,"fit: 5, efit: 9","fit: 5, efit: 9",,,,0,0,0,0,1,,
2026-02-18 20:45:30,7,15,15,0,"fit: 5, efit: 8","fit: 5, efit: 8",,,,0,0,0,0,1,,
2026-02-18 22:45:51,7,15,15,0,"fit: 5, efit: 9","fit: 5, efit: 9",,,,0,0,0,0,1,,
2026-02-19 00:01:05,7,15,15,0,"fit: 5, efit: 9","fit: 5, efit: 9",,,,0,0,0,0,1,,
2026-02-19 02:51:34,7,15,15,0,"fit: 5, efit: 8","fit: 5, efit: 8",,,,0,0,0,0,1,,
2026-02-19 07:12:57,7,15,15,0,"fit: 5, efit: 7","fit: 5, efit: 7",,,,0,0,0,0,1,,
2026-02-19 07:24:50,7,15,15,0,"fit: 5, efit: 6","fit: 5, efit: 6",,,,0,0,0,0,1,,
2026-02-19 07:42:22,7,15,15,0,"fit: 5, efit: 5","fit: 5, efit: 5",,,,0,0,0,0,1,,
2026-02-19 07:49:54,7,15,15,0,"fit: 5, efit: 4","fit: 5, efit: 4",,,,0,0,0,0,1,,
2026-02-19 10:45:22,7,15,15,0,"fit: 5, efit: 3","fit: 5, efit: 3",,,,0,0,0,0,1,,
2026-02-19 11:15:27,7,15,15,0,"fit: 5, efit: 4","fit: 5, efit: 4",,,,0,0,0,0,1,,
2026-02-19 11:25:29,7,15,15,0,"fit: 5, efit: 3","fit: 5, efit: 3",,,,0,0,0,0,1,,
2026-02-19 12:54:06,7,15,15,0,"fit: 5, efit: 2","fit: 5, efit: 2",,,,0,0,0,0,1,,
2026-02-19 13:18:20,7,15,15,0,"fit: 5, efit: 3","fit: 5, efit: 3",,,,0,0,0,0,1,,
2026-02-19 14:34:26,7,15,15,0,"fit: 5, efit: 2","fit: 5, efit: 2",,,,0,0,0,0,1,,
2026-02-19 15:01:02,7,15,15,0,"fit: 5, efit: 3","fit: 5, efit: 3",,,,0,0,0,0,1,,
2026-02-19 15:13:39,7,15,15,0,"fit: 5, efit: 4","fit: 5, efit: 4",,,,0,0,0,0,1,,
2026-02-19 15:16:04,7,15,15,0,"fit: 5, efit: 5","fit: 5, efit: 5",,,,0,0,0,0,1,,
2026-02-19 15:18:40,7,15,15,0,"fit: 5, efit: 6","fit: 5, efit: 6",,,,0,0,0,0,1,,
2026-02-19 16:29:50,7,15,15,0,"fit: 5, efit: 7","fit: 5, efit: 7",,,,0,0,0,0,1,,
2026-02-19 17:55:08,7,15,15,0,"fit: 5, efit: 8","fit: 5, efit: 8",,,,0,0,0,0,1,,
2026-02-19 18:06:29,7,15,15,0,"fit: 5, efit: 9","fit: 5, efit: 9",,,,0,0,0,0,1,,
2026-02-19 18:20:13,7,15,15,0,"fit: 5, efit: 8","fit: 5, efit: 8",,,,0,0,0,0,1,,
2026-02-19 19:05:22,7,15,15,0,"fit: 4, efit: 8","fit: 4, efit: 8",,,,0,0,0,0,1,,
2026-02-19 19:07:21,7,15,15,0,"fit: 6, efit: 8","fit: 6, efit: 8",,,,0,0,0,0,1,,
2026-02-19 19:10:24,7,15,15,0,"fit: 6, efit: 6","fit: 6, efit: 6",,,,0,0,0,0,1,,
2026-02-19 21:22:44,7,15,15,0,"fit: 6, efit: 5","fit: 6, efit: 5",,,,0,0,0,0,1,,
2026-02-19 21:55:57,7,15,15,0,"fit: 6, efit: 6","fit: 6, efit: 6",,,,0,0,0,0,1,,
2026-02-19 23:12:19,7,15,15,0,"fit: 6, efit: 7","fit: 6, efit: 7",,,,0,0,0,0,1,,
2026-02-19 23:16:14,7,15,15,0,"fit: 6, efit: 8","fit: 6, efit: 8",,,,0,0,0,0,1,,
2026-02-20 00:01:25,7,15,15,0,"fit: 6, efit: 8","fit: 6, efit: 8",,,,0,0,0,0,1,,
2026-02-20 07:32:54,7,15,15,0,"fit: 6, efit: 7","fit: 6, efit: 7",,,,0,0,0,0,1,,
2026-02-20 08:08:01,7,15,15,0,"fit: 6, efit: 8","fit: 6, efit: 8",,,,0,0,0,0,1,,
2026-02-20 08:58:53,7,15,15,0,"fit: 7, efit: 8","fit: 7, efit: 8",,,,0,0,0,0,1,,
2026-02-20 09:18:16,7,15,15,0,"fit: 7, efit: 7","fit: 7, efit: 7",,,,0,0,0,0,1,,
2026-02-20 09:28:18,7,15,15,0,"fit: 7, efit: 6","fit: 7, efit: 6",,,,0,0,0,0,1,,
2026-02-20 10:09:05,7,15,15,0,"fit: 7, efit: 5","fit: 7, efit: 5",,,,0,0,0,0,1,,
2026-02-20 10:18:27,7,15,15,0,"fit: 7, efit: 4","fit: 7, efit: 4",,,,0,0,0,0,1,,
2026-02-20 10:55:03,7,15,15,0,"fit: 7, efit: 3","fit: 7, efit: 3",,,,0,0,0,0,1,,
2026-02-20 11:08:38,7,15,15,0,"fit: 7, efit: 4","fit: 7, efit: 4",,,,0,0,0,0,1,,
2026-02-20 11:33:43,7,15,15,0,"fit: 7, efit: 3","fit: 7, efit: 3",,,,0,0,0,0,1,,
2026-02-20 11:55:14,7,15,15,0,"fit: 7, efit: 4","fit: 7, efit: 4",,,,0,0,0,0,1,,
2026-02-20 12:43:57,7,15,15,0,"fit: 7, efit: 3","fit: 7, efit: 3",,,,0,0,0,0,1,,
2026-02-20 14:14:16,7,15,15,0,"fit: 7, efit: 4","fit: 7, efit: 4",,,,0,0,0,0,1,,
2026-02-20 14:44:22,7,15,15,0,"fit: 7, efit: 5","fit: 7, efit: 5",,,,0,0,0,0,1,,
2026-02-20 14:45:45,7,15,15,0,"fit: 7, efit: 4","fit: 7, efit: 4",,,,0,0,0,0,1,,
2026-02-20 16:15:06,7,15,15,0,"fit: 7, efit: 5","fit: 7, efit: 5",,,,0,0,0,0,1,,
2026-02-20 16:16:01,7,15,15,0,"fit: 7, efit: 4","fit: 7, efit: 4",,,,0,0,0,0,1,,
2026-02-20 16:39:45,7,15,15,0,"fit: 7, efit: 3","fit: 7, efit: 3",,,,0,0,0,0,1,,
2026-02-20 16:49:47,7,15,15,0,"fit: 7, efit: 4","fit: 7, efit: 4",,,,0,0,0,0,1,,
2026-02-20 16:54:48,7,15,15,0,"fit: 7, efit: 5","fit: 7, efit: 5",,,,0,0,0,0,1,,
2026-02-20 17:39:57,7,15,15,0,"fit: 7, efit: 6","fit: 7, efit: 6",,,,0,0,0,0,1,,
2026-02-20 17:49:59,7,15,15,0,"fit: 7, efit: 7","fit: 7, efit: 7",,,,0,0,0,0,1,,
2026-02-20 18:05:03,7,15,15,0,"fit: 7, efit: 8","fit: 7, efit: 8",,,,0,0,0,0,1,,
2026-02-20 22:15:54,7,15,15,0,"fit: 7, efit: 7","fit: 7, efit: 7",,,,0,0,0,0,1,,
2026-02-20 22:20:55,7,15,15,0,"fit: 7, efit: 8","fit: 7, efit: 8",,,,0,0,0,0,1,,
2026-02-21 00:01:16,7,15,15,0,"fit: 7, efit: 8","fit: 7, efit: 8",,,,0,0,0,0,1,,
2026-02-21 07:58:44,7,15,15,0,"fit: 7, efit: 7","fit: 7, efit: 7",,,,0,0,0,0,1,,
2026-02-21 08:57:45,7,15,15,0,"fit: 7, efit: 6","fit: 7, efit: 6",,,,0,0,0,0,1,,
2026-02-21 12:18:17,7,15,15,0,"fit: 6, efit: 6","fit: 6, efit: 6",,,,0,0,0,0,1,,
2026-02-21 12:18:38,7,15,15,0,"fit: 5, efit: 6","fit: 5, efit: 6",,,,0,0,0,0,1,,
2026-02-21 12:24:30,7,15,15,0,"fit: 5, efit: 5","fit: 5, efit: 5",,,,0,0,0,0,1,,
2026-02-21 12:38:42,7,15,15,0,"fit: 5, efit: 4","fit: 5, efit: 4",,,,0,0,0,0,1,,
2026-02-21 12:53:23,7,15,15,0,"fit: 5, efit: 3","fit: 5, efit: 3",,,,0,0,0,0,1,,
2026-02-21 13:08:26,7,15,15,0,"fit: 5, efit: 2","fit: 5, efit: 2",,,,0,0,0,0,1,,
2026-02-21 14:03:34,7,15,15,0,"fit: 3, efit: 2","fit: 3, efit: 2",,,,0,0,0,0,1,,
2026-02-21 15:45:05,7,15,15,0,"fit: 3, efit: 1","fit: 3, efit: 1",,,,0,0,0,0,1,,
2026-02-21 16:18:56,7,15,15,0,"fit: 3, efit: 2","fit: 3, efit: 2",,,,0,0,0,0,1,,
2026-02-21 16:35:15,7,15,15,0,"fit: 3, efit: 1","fit: 3, efit: 1",,,,0,0,0,0,1,,
2026-02-21 17:55:30,7,15,15,0,"fit: 3, efit: 2","fit: 3, efit: 2",,,,0,0,0,0,1,,
2026-02-21 18:39:54,7,15,15,0,"fit: 3, efit: 3","fit: 3, efit: 3",,,,0,0,0,0,1,,
2026-02-21 19:25:04,7,15,15,0,"fit: 3, efit: 4","fit: 3, efit: 4",,,,0,0,0,0,1,,
2026-02-21 19:59:32,7,15,15,0,"fit: 3, efit: 3","fit: 3, efit: 3",,,,0,0,0,0,1,,
2026-02-21 21:24:46,7,15,15,0,"fit: 3, efit: 4","fit: 3, efit: 4",,,,0,0,0,0,1,,
2026-02-21 21:44:50,7,15,15,0,"fit: 3, efit: 5","fit: 3, efit: 5",,,,0,0,0,0,1,,
2026-02-21 22:01:14,7,15,15,0,"fit: 3, efit: 4","fit: 3, efit: 4",,,,0,0,0,0,1,,
2026-02-21 22:39:58,7,15,15,0,"fit: 3, efit: 3","fit: 3, efit: 3",,,,0,0,0,0,1,,
2026-02-21 23:00:02,7,15,15,0,"fit: 3, efit: 4","fit: 3, efit: 4",,,,0,0,0,0,1,,
2026-02-22 00:00:13,7,15,15,0,"fit: 3, efit: 4","fit: 3, efit: 4",,,,0,0,0,0,1,,
2026-02-22 01:15:25,7,15,15,0,"fit: 3, efit: 1","fit: 3, efit: 1",,,,0,0,0,0,1,,
2026-02-22 01:30:28,7,15,15,0,fit: 3,fit: 3,,,,0,0,0,0,1,,
2026-02-22 12:37:15,7,15,15,0,"fit: 3, efit: 1","fit: 3, efit: 1",,,,0,0,0,0,1,,
2026-02-22 12:58:48,7,15,15,0,"fit: 3, efit: 2","fit: 3, efit: 2",,,,0,0,0,0,1,,
2026-02-22 13:02:19,7,15,15,0,"fit: 3, efit: 1","fit: 3, efit: 1",,,,0,0,0,0,1,,
2026-02-22 14:38:56,7,15,15,0,fit: 3,fit: 3,,,,0,0,0,0,1,,
2026-02-22 14:43:57,7,15,15,0,fit: 2,fit: 2,,,,0,0,0,0,1,,
2026-02-22 14:53:59,7,15,15,0,"fit: 2, efit: 1","fit: 2, efit: 1",,,,0,0,0,0,1,,
2026-02-22 15:12:40,7,15,15,0,fit: 2,fit: 2,,,,0,0,0,0,1,,
2026-02-22 15:19:04,7,15,15,0,"fit: 2, efit: 1","fit: 2, efit: 1",,,,0,0,0,0,1,,
2026-02-22 16:14:22,7,15,15,0,"fit: 2, efit: 2","fit: 2, efit: 2",,,,0,0,0,0,1,,
2026-02-22 17:28:02,7,15,15,0,"fit: 2, efit: 3","fit: 2, efit: 3",,,,0,0,0,0,1,,
2026-02-22 17:58:07,7,15,15,0,"fit: 2, efit: 2","fit: 2, efit: 2",,,,0,0,0,0,1,,
2026-02-22 18:09:38,7,15,15,0,"fit: 2, efit: 3","fit: 2, efit: 3",,,,0,0,0,0,1,,
2026-02-22 18:18:10,7,15,15,0,"fit: 2, efit: 2","fit: 2, efit: 2",,,,0,0,0,0,1,,
2026-02-22 23:18:58,7,15,15,0,"fit: 2, efit: 3","fit: 2, efit: 3",,,,0,0,0,0,1,,
2026-02-23 00:00:41,7,15,15,0,"fit: 2, efit: 3","fit: 2, efit: 3",,,,0,0,0,0,1,,
2026-02-23 07:30:18,7,15,15,0,"fit: 2, efit: 2","fit: 2, efit: 2",,,,0,0,0,0,1,,
2026-02-23 09:00:32,7,15,15,0,"fit: 2, efit: 1","fit: 2, efit: 1",,,,0,0,0,0,1,,
2026-02-23 09:42:24,7,15,15,0,fit: 2,fit: 2,,,,0,0,0,0,1,,
2026-02-23 15:21:35,7,15,15,0,"fit: 3, efit: 3","fit: 3, efit: 3",,,,0,0,0,0,1,,
2026-02-23 15:51:40,7,15,15,0,"fit: 3, efit: 4","fit: 3, efit: 4",,,,0,0,0,0,1,,
2026-02-23 16:16:44,7,15,15,0,"fit: 3, efit: 3","fit: 3, efit: 3",,,,0,0,0,0,1,,
2026-02-23 17:36:57,7,15,15,0,"fit: 3, efit: 2","fit: 3, efit: 2",,,,0,0,0,0,1,,
2026-02-23 19:12:13,7,15,15,0,"fit: 3, efit: 1","fit: 3, efit: 1",,,,0,0,0,0,1,,
2026-02-23 19:54:09,7,15,15,0,"fit: 3, efit: 2","fit: 3, efit: 2",,,,0,0,0,0,1,,
2026-02-23 20:17:23,7,15,15,0,"fit: 3, efit: 3","fit: 3, efit: 3",,,,0,0,0,0,1,,
2026-02-23 20:19:13,7,15,15,0,"fit: 3, efit: 2","fit: 3, efit: 2",,,,0,0,0,0,1,,
2026-02-23 20:22:24,7,15,15,0,"fit: 3, efit: 1","fit: 3, efit: 1",,,,0,0,0,0,1,,
2026-02-23 21:02:31,7,15,15,0,"fit: 3, efit: 3","fit: 3, efit: 3",,,,0,0,0,0,1,,
2026-02-23 23:04:42,7,15,15,0,"fit: 3, efit: 4","fit: 3, efit: 4",,,,0,0,0,0,1,,
2026-02-24 00:00:16,7,15,15,0,"fit: 3, efit: 4","fit: 3, efit: 4",,,,0,0,0,0,1,,
2026-02-24 06:41:06,7,15,15,0,"fit: 3, efit: 3","fit: 3, efit: 3",,,,0,0,0,0,1,,
2026-02-24 07:16:13,7,15,15,0,"fit: 3, efit: 2","fit: 3, efit: 2",,,,0,0,0,0,1,,
2026-02-24 08:27:21,7,15,15,0,"fit: 3, efit: 1","fit: 3, efit: 1",,,,0,0,0,0,1,,
2026-02-24 09:16:35,7,15,15,0,fit: 3,fit: 3,,,,0,0,0,0,1,,
2026-02-24 11:11:56,7,15,15,0,"fit: 3, efit: 1","fit: 3, efit: 1",,,,0,0,0,0,1,,
2026-02-24 13:52:50,7,15,15,0,"fit: 3, efit: 2","fit: 3, efit: 2",,,,0,0,0,0,1,,
2026-02-24 13:53:42,7,15,15,0,"fit: 3, efit: 1","fit: 3, efit: 1",,,,0,0,0,0,1,,
2026-02-24 14:28:50,7,15,15,0,fit: 3,fit: 3,,,,0,0,0,0,1,,
2026-02-24 14:37:34,7,15,15,0,fit: 2,fit: 2,,,,0,0,0,0,1,,
2026-02-24 15:02:38,7,15,15,0,"fit: 2, efit: 1","fit: 2, efit: 1",,,,0,0,0,0,1,,
2026-02-24 15:17:41,7,15,15,0,"fit: 2, efit: 2","fit: 2, efit: 2",,,,0,0,0,0,1,,
2026-02-24 16:22:53,7,15,15,0,"fit: 2, efit: 3","fit: 2, efit: 3",,,,0,0,0,0,1,,
2026-02-24 16:51:41,7,15,15,0,"fit: 2, efit: 4","fit: 2, efit: 4",,,,0,0,0,0,1,,
2026-02-24 17:15:01,7,15,15,0,"fit: 2, efit: 3","fit: 2, efit: 3",,,,0,0,0,0,1,,
2026-02-24 17:30:04,7,15,15,0,"fit: 2, efit: 4","fit: 2, efit: 4",,,,0,0,0,0,1,,
2026-02-24 17:35:04,7,15,15,0,"fit: 2, efit: 5","fit: 2, efit: 5",,,,0,0,0,0,1,,
2026-02-25 00:01:15,7,15,15,0,"fit: 2, efit: 5","fit: 2, efit: 5",,,,0,0,0,0,1,,
2026-02-25 00:38:19,7,15,15,0,"fit: 2, efit: 4","fit: 2, efit: 4",,,,0,0,0,0,1,,
2026-02-25 06:39:48,7,15,15,0,"fit: 2, efit: 3","fit: 2, efit: 3",,,,0,0,0,0,1,,
2026-02-25 07:17:28,7,15,15,0,"fit: 2, efit: 2","fit: 2, efit: 2",,,,0,0,0,0,1,,
2026-02-25 11:13:09,7,15,15,0,"fit: 2, efit: 3","fit: 2, efit: 3",,,,0,0,0,0,1,,
2026-02-25 11:53:17,7,15,15,0,"fit: 2, efit: 2","fit: 2, efit: 2",,,,0,0,0,0,1,,
2026-02-25 12:13:20,7,15,15,0,"fit: 2, efit: 1","fit: 2, efit: 1",,,,0,0,0,0,1,,
2026-02-25 12:46:23,7,15,15,0,fit: 2,fit: 2,,,,0,0,0,0,1,,
2026-02-25 13:51:39,7,15,15,0,fit: 1,fit: 1,,,,0,0,0,0,1,,
2026-02-25 14:28:42,7,15,15,0,"fit: 1, efit: 1","fit: 1, efit: 1",,,,0,0,0,0,1,,
2026-02-25 14:41:51,7,15,15,0,"fit: 1, efit: 2","fit: 1, efit: 2",,,,0,0,0,0,1,,
2026-02-25 14:53:45,7,15,15,0,"fit: 1, efit: 3","fit: 1, efit: 3",,,,0,0,0,0,1,,
2026-02-25 15:06:58,7,15,15,0,"fit: 1, efit: 2","fit: 1, efit: 2",,,,0,0,0,0,1,,
2026-02-25 15:37:06,7,15,15,0,"fit: 1, efit: 4","fit: 1, efit: 4",,,,0,0,0,0,1,,
2026-02-25 16:18:56,7,15,15,0,"fit: 1, efit: 5","fit: 1, efit: 5",,,,0,0,0,0,1,,
2026-02-25 16:23:57,7,15,15,0,"fit: 1, efit: 6","fit: 1, efit: 6",,,,0,0,0,0,1,,
2026-02-25 16:27:19,7,15,15,0,"fit: 1, efit: 8","fit: 1, efit: 8",,,,0,0,0,0,1,,
2026-02-25 16:32:20,7,15,15,0,efit: 8,efit: 8,,,,0,0,0,0,1,,
2026-02-25 17:12:30,7,15,15,0,efit: 7,efit: 7,,,,0,0,0,0,1,,
2026-02-25 17:52:40,7,15,15,0,efit: 6,efit: 6,,,,0,0,0,0,1,,
2026-02-25 18:04:13,7,15,15,0,efit: 7,efit: 7,,,,0,0,0,0,1,,
2026-02-25 18:12:44,7,15,15,0,efit: 8,efit: 8,,,,0,0,0,0,1,,
2026-02-25 19:33:04,7,15,15,0,efit: 7,efit: 7,,,,0,0,0,0,1,,
2026-02-25 20:03:11,7,15,15,0,efit: 8,efit: 8,,,,0,0,0,0,1,,
2026-02-25 20:59:39,7,15,15,0,efit: 9,efit: 9,,,,0,0,0,0,1,,
2026-02-25 21:38:34,7,15,15,0,efit: 8,efit: 8,,,,0,0,0,0,1,,
2026-02-25 23:03:55,7,15,15,0,efit: 9,efit: 9,,,,0,0,0,0,1,,
2026-02-26 00:00:07,7,15,15,0,efit: 9,efit: 9,,,,0,0,0,0,1,,
2026-02-26 07:15:57,7,15,15,0,efit: 8,efit: 8,,,,0,0,0,0,1,,
2026-02-26 07:41:04,7,15,15,0,efit: 7,efit: 7,,,,0,0,0,0,1,,
2026-02-26 08:16:44,7,15,15,0,efit: 6,efit: 6,,,,0,0,0,0,1,,
2026-02-26 08:46:20,7,15,15,0,efit: 5,efit: 5,,,,0,0,0,0,1,,
2026-02-26 09:26:30,7,15,15,0,efit: 4,efit: 4,,,,0,0,0,0,1,,
2026-02-26 09:46:32,7,15,15,0,efit: 3,efit: 3,,,,0,0,0,0,1,,
2026-02-26 11:06:45,7,15,15,0,efit: 2,efit: 2,,,,0,0,0,0,1,,
2026-02-26 11:16:46,7,15,15,0,efit: 1,efit: 1,,,,0,0,0,0,1,,
2026-02-26 11:26:48,7,15,15,0,"fit: 3, efit: 2","fit: 3, efit: 1",,,,0,0,0,0,1,,
2026-02-26 11:46:51,7,15,15,0,"fit: 2, efit: 2","fit: 2, efit: 1",,,,0,0,0,0,1,,
2026-02-26 12:06:56,7,15,15,0,"fit: 2, efit: 2","fit: 2, efit: 2",,,,0,0,0,0,1,,
2026-02-26 13:42:11,7,15,15,0,"fit: 2, efit: 3","fit: 2, efit: 3",,,,0,0,0,0,1,,
2026-02-26 14:02:14,7,15,15,0,"fit: 2, efit: 4","fit: 2, efit: 4",,,,0,0,0,0,1,,
2026-02-26 15:07:55,7,15,15,0,"fit: 2, efit: 3","fit: 2, efit: 3",,,,0,0,0,0,1,,
2026-02-26 16:32:37,7,15,15,0,"fit: 2, efit: 4","fit: 2, efit: 4",,,,0,0,0,0,1,,
2026-02-26 17:18:17,7,15,15,0,"fit: 2, efit: 5","fit: 2, efit: 5",,,,0,0,0,0,1,,
2026-02-26 17:32:46,7,15,15,0,"fit: 2, efit: 4","fit: 2, efit: 4",,,,0,0,0,0,1,,
2026-02-26 18:23:28,7,15,15,0,"fit: 2, efit: 5","fit: 2, efit: 5",,,,0,0,0,0,1,,
2026-02-26 23:18:37,7,15,15,0,"fit: 2, efit: 4","fit: 2, efit: 4",,,,0,0,0,0,1,,
2026-02-27 00:00:09,7,15,15,0,"fit: 2, efit: 4","fit: 2, efit: 4",,,,0,0,0,0,1,,
2026-02-27 07:59:52,7,15,15,0,"fit: 2, efit: 5","fit: 2, efit: 5",,,,0,0,0,0,1,,
2026-02-27 08:22:12,7,15,15,0,"fit: 2, efit: 4","fit: 2, efit: 4",,,,0,0,0,0,1,,
2026-02-27 08:52:20,7,15,15,0,"fit: 2, efit: 3","fit: 2, efit: 3",,,,0,0,0,0,1,,
2026-02-27 09:10:02,7,15,15,0,"fit: 2, efit: 2","fit: 2, efit: 2",,,,0,0,0,0,1,,
2026-02-27 09:36:02,7,15,15,0,"fit: 2, efit: 1","fit: 2, efit: 1",,,,0,0,0,0,1,,
2026-02-27 10:05:11,7,15,15,0,"fit: 1, efit: 1","fit: 1, efit: 1",,,,0,0,0,0,1,,
2026-02-27 10:16:09,7,15,15,0,efit: 1,efit: 1,,,,0,0,0,0,1,,
2026-02-27 10:17:41,7,15,15,0,,,,,,0,0,0,0,1,,
2026-02-27 10:40:16,7,15,15,0,efit: 1,efit: 1,,,,0,0,0,0,1,,
2026-02-27 10:42:47,7,15,15,0,efit: 2,efit: 2,,,,0,0,0,0,1,,
2026-02-27 11:35:24,7,15,15,0,"fit: 1, efit: 2","fit: 1, efit: 2",,,,0,0,0,0,1,,
2026-02-27 12:30:32,7,15,15,0,"fit: 1, efit: 3","fit: 1, efit: 3",,,,0,0,0,0,1,,
2026-02-27 13:28:30,7,15,15,0,"fit: 1, efit: 4","fit: 1, efit: 4",,,,0,0,0,0,1,,
2026-02-27 14:10:47,7,15,15,0,"fit: 1, efit: 3","fit: 1, efit: 3",,,,0,0,0,0,1,,
2026-02-27 16:29:15,7,15,15,0,"fit: 1, efit: 2","fit: 1, efit: 2",,,,0,0,0,0,1,,
2026-02-27 16:44:19,7,15,15,0,efit: 2,efit: 2,,,,0,0,0,0,1,,
2026-02-27 16:52:16,7,15,15,0,efit: 3,efit: 3,,,,0,0,0,0,1,,
2026-02-27 17:01:13,7,15,15,0,efit: 4,efit: 4,,,,0,0,0,0,1,,
2026-02-27 17:37:25,7,15,15,0,efit: 5,efit: 5,,,,0,0,0,0,1,,
2026-02-27 18:09:41,7,15,15,0,efit: 6,efit: 6,,,,0,0,0,0,1,,
2026-02-27 18:31:27,7,15,15,0,efit: 5,efit: 5,,,,0,0,0,0,1,,
2026-02-27 19:41:38,7,15,15,0,efit: 6,efit: 6,,,,0,0,0,0,1,,
2026-02-27 22:27:03,7,15,15,0,efit: 7,efit: 7,,,,0,0,0,0,1,,
2026-02-27 22:57:07,7,15,15,0,efit: 6,efit: 6,,,,0,0,0,0,1,,
2026-02-28 00:01:06,7,15,15,0,efit: 6,efit: 6,,,,0,0,0,0,1,,
2026-02-28 01:01:21,7,15,15,0,efit: 7,efit: 7,,,,0,0,0,0,1,,
2026-02-28 02:22:37,7,15,15,0,efit: 8,efit: 8,,,,0,0,0,0,1,,
2026-02-28 03:11:52,7,15,15,0,efit: 9,efit: 9,,,,0,0,0,0,1,,
2026-02-28 06:54:40,7,15,15,0,efit: 10,efit: 10,,,,0,0,0,0,1,,
2026-02-28 06:57:45,7,15,15,0,efit: 9,efit: 9,,,,0,0,0,0,1,,
2026-02-28 07:13:20,7,15,15,0,efit: 8,efit: 8,,,,0,0,0,0,1,,
2026-02-28 07:48:25,7,15,15,0,efit: 9,efit: 9,,,,0,0,0,0,1,,
2026-02-28 09:15:04,7,15,15,0,efit: 8,efit: 8,,,,0,0,0,0,1,,
2026-02-28 09:43:25,7,15,15,0,efit: 9,efit: 9,,,,0,0,0,0,1,,
2026-02-28 09:45:10,7,15,15,0,efit: 8,efit: 8,,,,0,0,0,0,1,,
2026-02-28 10:43:39,7,15,15,0,efit: 9,efit: 9,,,,0,0,0,0,1,,
2026-02-28 10:45:20,7,15,15,0,efit: 8,efit: 8,,,,0,0,0,0,1,,
2026-02-28 10:55:22,7,15,15,0,efit: 7,efit: 7,,,,0,0,0,0,1,,
2026-02-28 11:28:50,7,15,15,0,efit: 6,efit: 6,,,,0,0,0,0,1,,
2026-02-28 11:58:57,7,15,15,0,efit: 5,efit: 5,,,,0,0,0,0,1,,
2026-02-28 12:03:58,7,15,15,0,efit: 4,efit: 4,,,,0,0,0,0,1,,
2026-02-28 12:20:36,7,15,15,0,efit: 3,efit: 3,,,,0,0,0,0,1,,
2026-02-28 12:49:09,7,15,15,0,efit: 4,efit: 4,,,,0,0,0,0,1,,
2026-02-28 13:05:44,7,15,15,0,efit: 3,efit: 3,,,,0,0,0,0,1,,
2026-02-28 13:29:14,7,15,15,0,efit: 2,efit: 2,,,,0,0,0,0,1,,
2026-02-28 13:59:19,7,15,15,0,efit: 3,efit: 3,,,,0,0,0,0,1,,
2026-02-28 14:00:54,7,15,15,0,efit: 2,efit: 2,,,,0,0,0,0,1,,
2026-02-28 14:04:19,7,15,15,0,efit: 3,efit: 3,,,,0,0,0,0,1,,
2026-02-28 14:44:26,7,15,15,0,efit: 2,efit: 2,,,,0,0,0,0,1,,
2026-02-28 15:04:29,7,15,15,0,efit: 3,efit: 3,,,,0,0,0,0,1,,
2026-02-28 15:06:05,7,15,15,0,efit: 2,efit: 2,,,,0,0,0,0,1,,
2026-02-28 15:29:33,7,15,15,0,efit: 1,efit: 1,,,,0,0,0,0,1,,
2026-02-28 15:41:12,7,15,15,0,"fit: 1, efit: 1","fit: 1, efit: 1",,,,0,0,0,0,1,,
2026-02-28 15:49:36,7,15,15,0,fit: 1,fit: 1,,,,0,0,0,0,1,,
2026-02-28 16:19:40,7,15,15,0,"fit: 1, efit: 1","fit: 1, efit: 1",,,,0,0,0,0,1,,
2026-02-28 16:24:41,7,15,15,0,"fit: 1, efit: 2","fit: 1, efit: 2",,,,0,0,0,0,1,,
2026-02-28 16:31:21,7,15,15,0,"fit: 1, efit: 3","fit: 1, efit: 3",,,,0,0,0,0,1,,
2026-02-28 18:19:59,7,15,15,0,"fit: 1, efit: 4","fit: 1, efit: 4",,,,0,0,0,0,1,,
2026-02-28 18:25:00,7,15,15,0,"fit: 1, efit: 5","fit: 1, efit: 5",,,,0,0,0,0,1,,
2026-02-28 18:26:40,7,15,15,0,"fit: 1, efit: 3","fit: 1, efit: 3",,,,0,0,0,0,1,,
2026-02-28 19:30:10,7,15,15,0,"fit: 1, efit: 2","fit: 1, efit: 2",,,,0,0,0,0,1,,
2026-02-28 20:42:04,7,15,15,0,"fit: 1, efit: 3","fit: 1, efit: 3",,,,0,0,0,0,1,,
2026-02-28 21:40:30,7,15,15,0,"fit: 1, efit: 4","fit: 1, efit: 4",,,,0,0,0,0,1,,
2026-02-28 22:05:34,7,15,15,0,"fit: 1, efit: 5","fit: 1, efit: 5",,,,0,0,0,0,1,,
2026-02-28 22:35:38,7,15,15,0,"fit: 1, efit: 2","fit: 1, efit: 2",,,,0,0,0,0,1,,
2026-02-28 22:37:23,7,15,15,0,"fit: 1, efit: 1","fit: 1, efit: 1",,,,0,0,0,0,1,,
2026-02-28 22:40:39,7,15,15,0,,,,,,0,0,0,0,1,,
2026-03-01 00:00:51,7,15,15,0,,,,,,0,0,0,0,1,,
2026-03-01 01:07:48,7,15,15,0,efit: 1,efit: 1,,,,0,0,0,0,1,,
2026-03-01 02:11:11,7,15,15,0,efit: 4,efit: 4,,,,0,0,0,0,1,,
2026-03-01 07:21:57,7,15,15,0,efit: 3,efit: 3,,,,0,0,0,0,1,,
2026-03-01 09:17:15,7,15,15,0,efit: 4,efit: 4,,,,0,0,0,0,1,,
2026-03-01 09:54:10,7,15,15,0,efit: 3,efit: 3,,,,0,0,0,0,1,,
2026-03-01 10:19:16,7,15,15,0,efit: 2,efit: 2,,,,0,0,0,0,1,,
2026-03-01 10:42:27,7,15,15,0,efit: 3,efit: 3,,,,0,0,0,0,1,,
2026-03-01 11:07:31,7,15,15,0,efit: 4,efit: 4,,,,0,0,0,0,1,,
2026-03-01 11:42:37,7,15,15,0,efit: 3,efit: 3,,,,0,0,0,0,1,,
2026-03-01 12:34:40,7,15,15,0,efit: 2,efit: 2,,,,0,0,0,0,1,,
2026-03-01 12:57:49,7,15,15,0,efit: 1,efit: 1,,,,0,0,0,0,1,,
2026-03-01 13:07:50,7,15,15,0,efit: 2,efit: 2,,,,0,0,0,0,1,,
2026-03-01 13:32:54,7,15,15,0,efit: 3,efit: 2,efit: 1,,,0,0,0,0,1,,
2026-03-01 14:50:19,7,15,15,0,"fit: 1, efit: 2","fit: 1, efit: 1",efit: 1,,,0,0,0,0,1,,
2026-03-01 14:53:07,7,15,15,0,"fit: 1, efit: 1",fit: 1,efit: 1,,,0,0,0,0,1,,
2026-03-01 15:08:09,7,15,15,0,"fit: 1, efit: 2","fit: 1, efit: 1",efit: 1,,,0,0,0,0,1,,
2026-03-01 15:18:10,7,15,15,0,"fit: 1, efit: 3","fit: 1, efit: 2",efit: 1,,,0,0,0,0,1,,
2026-03-01 15:58:16,7,15,15,0,"fit: 1, efit: 2","fit: 1, efit: 1",efit: 1,,,0,0,0,0,1,,
2026-03-01 16:28:21,7,15,15,0,"fit: 1, efit: 4","fit: 1, efit: 3",efit: 1,,,0,0,0,0,1,,
2026-03-01 17:25:30,7,15,15,0,"fit: 1, efit: 3","fit: 1, efit: 2",efit: 1,,,0,0,0,0,1,,
2026-03-01 19:35:52,7,15,15,0,"fit: 1, efit: 2","fit: 1, efit: 1",efit: 1,,,0,0,0,0,1,,
2026-03-01 23:19:22,7,15,15,0,"fit: 1, efit: 3","fit: 1, efit: 2",efit: 1,,,0,0,0,0,1,,
2026-03-02 00:01:37,7,15,15,0,"fit: 1, efit: 3","fit: 1, efit: 2",efit: 1,,,0,0,0,0,1,,
2026-03-02 06:37:43,7,15,15,0,"fit: 1, efit: 2","fit: 1, efit: 1",efit: 1,,,0,0,0,0,1,,
2026-03-02 07:54:20,7,15,15,0,"fit: 1, efit: 1",fit: 1,efit: 1,,,0,0,0,0,1,,
2026-03-02 08:34:30,7,15,15,0,"fit: 1, efit: 1","fit: 1, efit: 1",,,,0,0,0,0,1,,
2026-03-02 09:53:15,7,15,15,0,fit: 2,fit: 2,,,,0,0,0,0,1,,
2026-03-02 10:23:20,7,15,15,0,"fit: 2, efit: 1","fit: 2, efit: 1",,,,0,0,0,0,1,,
2026-03-02 10:24:57,7,15,15,0,fit: 2,fit: 2,,,,0,0,0,0,1,,
2026-03-02 11:01:07,7,15,15,0,fit: 1,fit: 1,,,,0,0,0,0,1,,
2026-03-02 11:51:15,7,15,15,0,,,,,,0,0,0,0,1,,
2026-03-02 15:31:48,7,15,15,0,efit: 1,efit: 1,,,,0,0,0,0,1,,
2026-03-02 16:06:20,7,15,15,0,efit: 2,efit: 2,,,,0,0,0,0,1,,
2026-03-02 16:36:27,7,15,15,0,efit: 1,efit: 1,,,,0,0,0,0,1,,
2026-03-02 17:09:29,7,15,15,0,efit: 2,efit: 2,,,,0,0,0,0,1,,
2026-03-02 17:19:30,7,15,15,0,efit: 3,efit: 3,,,,0,0,0,0,1,,
2026-03-02 17:44:34,7,15,15,0,efit: 2,efit: 2,,,,0,0,0,0,1,,
2026-03-02 18:19:40,7,15,15,0,efit: 1,efit: 1,,,,0,0,0,0,1,,
2026-03-02 18:46:58,7,15,15,0,efit: 2,efit: 2,,,,0,0,0,0,1,,
2026-03-02 19:09:49,7,15,15,0,efit: 3,efit: 3,,,,0,0,0,0,1,,
2026-03-02 19:54:56,7,15,15,0,efit: 4,efit: 4,,,,0,0,0,0,1,,
2026-03-02 20:09:59,7,15,15,0,efit: 5,efit: 5,,,,0,0,0,0,1,,
2026-03-02 20:40:04,7,15,15,0,efit: 6,efit: 6,,,,0,0,0,0,1,,
2026-03-03 00:00:38,7,15,15,0,efit: 6,efit: 6,,,,0,0,0,0,1,,
2026-03-03 04:11:19,7,15,15,0,efit: 7,efit: 7,,,,0,0,0,0,1,,
2026-03-03 06:36:43,7,15,15,0,efit: 6,efit: 6,,,,0,0,0,0,1,,
2026-03-03 07:46:55,7,15,15,0,efit: 5,efit: 5,,,,0,0,0,0,1,,
2026-03-03 07:54:13,7,15,15,0,efit: 4,efit: 4,,,,0,0,0,0,1,,
2026-03-03 09:07:08,7,15,15,0,efit: 3,efit: 3,,,,0,0,0,0,1,,
2026-03-03 10:49:39,7,15,15,0,efit: 2,efit: 2,,,,0,0,0,0,1,,
2026-03-03 11:04:41,7,15,15,0,efit: 3,efit: 3,,,,0,0,0,0,1,,
2026-03-03 12:16:06,7,15,15,0,efit: 2,efit: 2,,,,0,0,0,0,1,,
2026-03-03 15:17:52,7,15,15,0,efit: 3,efit: 3,,,,0,0,0,0,1,,
2026-03-03 15:58:00,7,15,15,0,efit: 4,efit: 3,,,,0,0,0,0,1,,
2026-03-03 16:33:07,7,15,15,0,efit: 4,efit: 4,,,,0,0,0,0,1,,
2026-03-03 23:31:34,7,15,15,0,efit: 6,efit: 6,,,,0,0,0,0,1,,
2026-03-04 00:01:38,7,15,15,0,efit: 6,efit: 6,,,,0,0,0,0,1,,
2026-03-04 06:40:41,7,15,15,0,efit: 5,efit: 5,,,,0,0,0,0,1,,
2026-03-04 08:01:06,7,15,15,0,efit: 4,efit: 4,,,,0,0,0,0,1,,
2026-03-04 12:08:26,7,15,15,0,efit: 7,efit: 7,,,,0,0,0,0,1,,
2026-03-04 12:33:30,7,15,15,0,efit: 6,efit: 6,,,,0,0,0,0,1,,
2026-03-04 12:53:33,7,15,15,0,efit: 5,efit: 5,,,,0,0,0,0,1,,
2026-03-04 15:02:29,7,15,15,0,efit: 4,efit: 4,,,,0,0,0,0,1,,
2026-03-04 16:21:40,7,15,15,0,efit: 5,efit: 5,,,,0,0,0,0,1,,
2026-03-04 16:25:06,7,15,15,0,efit: 6,efit: 6,,,,0,0,0,0,1,,
2026-03-04 16:35:07,7,15,15,0,efit: 5,efit: 5,,,,0,0,0,0,1,,
2026-03-04 16:36:42,7,15,15,0,efit: 4,efit: 4,,,,0,0,0,0,1,,
2026-03-04 17:11:16,7,15,15,0,efit: 3,efit: 3,,,,0,0,0,0,1,,
2026-03-04 17:11:49,7,15,15,0,efit: 4,efit: 4,,,,0,0,0,0,1,,
2026-03-04 17:15:14,7,15,15,0,efit: 3,efit: 3,,,,0,0,0,0,1,,
2026-03-04 18:15:24,7,15,15,0,"fit: 1, efit: 3","fit: 1, efit: 3",,,,0,0,0,0,1,,
2026-03-04 19:15:33,7,15,15,0,"fit: 1, efit: 2","fit: 1, efit: 2",,,,0,0,0,0,1,,
2026-03-04 20:30:45,7,15,15,0,"fit: 1, efit: 3","fit: 1, efit: 3",,,,0,0,0,0,1,,
2026-03-04 20:31:54,7,15,15,0,"fit: 1, efit: 2","fit: 1, efit: 2",,,,0,0,0,0,1,,
2026-03-04 21:25:53,7,15,15,0,"fit: 1, efit: 3","fit: 1, efit: 3",,,,0,0,0,0,1,,
2026-03-04 21:35:55,7,15,15,0,"fit: 1, efit: 4","fit: 1, efit: 4",,,,0,0,0,0,1,,
2026-03-05 00:02:33,7,15,15,0,"fit: 1, efit: 4","fit: 1, efit: 4",,,,0,0,0,0,1,,
2026-03-05 07:08:52,7,15,15,0,"fit: 1, efit: 3","fit: 1, efit: 3",,,,0,0,0,0,1,,
2026-03-05 07:30:22,7,15,15,0,"fit: 1, efit: 2","fit: 1, efit: 2",,,,0,0,0,0,1,,
2026-03-05 08:04:02,7,15,15,0,"fit: 1, efit: 1","fit: 1, efit: 1",,,,0,0,0,0,1,,
2026-03-05 10:04:25,7,15,15,0,fit: 1,fit: 1,,,,0,0,0,0,1,,
2026-03-05 10:19:28,7,15,15,0,"fit: 2, efit: 3","fit: 2, efit: 3",,,,0,0,0,0,1,,
2026-03-05 10:20:47,7,15,15,0,"fit: 2, efit: 4","fit: 2, efit: 4",,,,0,0,0,0,1,,
2026-03-05 10:59:35,7,15,15,0,"fit: 2, efit: 3","fit: 2, efit: 3",,,,0,0,0,0,1,,
2026-03-05 11:05:53,7,15,15,0,"fit: 2, efit: 2","fit: 2, efit: 2",,,,0,0,0,0,1,,
2026-03-05 12:25:09,7,15,15,0,"fit: 3, efit: 2","fit: 3, efit: 2",,,,0,0,0,0,1,,
2026-03-05 13:40:07,7,15,15,0,"fit: 3, efit: 3","fit: 3, efit: 3",,,,0,0,0,0,1,,
2026-03-05 13:51:17,7,15,15,0,"fit: 3, efit: 2","fit: 3, efit: 2",,,,0,0,0,0,1,,
2026-03-05 13:56:18,7,15,15,0,"fit: 3, efit: 1","fit: 3, efit: 1",,,,0,0,0,0,1,,
2026-03-05 15:20:27,7,15,15,0,"fit: 3, efit: 2","fit: 3, efit: 2",,,,0,0,0,0,1,,
2026-03-05 16:30:40,7,15,15,0,"fit: 3, efit: 3","fit: 3, efit: 3",,,,0,0,0,0,1,,
2026-03-05 16:45:43,7,15,15,0,"fit: 3, efit: 4","fit: 3, efit: 4",,,,0,0,0,0,1,,
2026-03-05 17:38:13,7,15,15,0,"fit: 3, efit: 5","fit: 3, efit: 5",,,,0,0,0,0,1,,
2026-03-05 17:58:16,7,15,15,0,"fit: 3, efit: 4","fit: 3, efit: 4",,,,0,0,0,0,1,,
2026-03-05 18:03:17,7,15,15,0,"fit: 3, efit: 3","fit: 3, efit: 3",,,,0,0,0,0,1,,
2026-03-05 18:18:19,7,15,15,0,"fit: 3, efit: 4","fit: 3, efit: 4",,,,0,0,0,0,1,,
2026-03-05 18:25:25,7,15,15,0,"fit: 3, efit: 5","fit: 3, efit: 5",,,,0,0,0,0,1,,
2026-03-05 18:25:38,7,15,15,0,"fit: 3, efit: 4","fit: 3, efit: 4",,,,0,0,0,0,1,,
2026-03-05 19:38:31,7,15,15,0,"fit: 3, efit: 5","fit: 3, efit: 5",,,,0,0,0,0,1,,
2026-03-05 19:43:32,7,15,15,0,"fit: 3, efit: 6","fit: 3, efit: 6",,,,0,0,0,0,1,,
2026-03-05 20:03:35,7,15,15,0,"fit: 3, efit: 8","fit: 3, efit: 8",,,,0,0,0,0,1,,
2026-03-05 20:25:55,7,15,15,0,"fit: 3, efit: 9","fit: 3, efit: 8",efit: 1,,,0,0,0,0,1,,
2026-03-05 21:03:44,7,15,15,0,"fit: 4, efit: 9","fit: 4, efit: 8",efit: 1,,,0,0,0,0,1,,
2026-03-06 00:01:33,7,15,15,0,"fit: 4, efit: 9","fit: 4, efit: 8",efit: 1,,,0,0,0,0,1,,
2026-03-06 03:52:11,7,15,15,0,"fit: 4, efit: 8","fit: 4, efit: 7",efit: 1,,,0,0,0,0,1,,
2026-03-06 06:27:36,7,15,15,0,"fit: 4, efit: 9","fit: 4, efit: 8",efit: 1,,,0,0,0,0,1,,
2026-03-06 06:42:38,7,15,15,0,"fit: 4, efit: 8","fit: 4, efit: 7",efit: 1,,,0,0,0,0,1,,
2026-03-06 08:02:51,7,15,15,0,"fit: 4, efit: 7","fit: 4, efit: 6",efit: 1,,,0,0,0,0,1,,
2026-03-06 08:50:28,7,15,15,0,"fit: 4, efit: 6","fit: 4, efit: 5",efit: 1,,,0,0,0,0,1,,
2026-03-06 08:55:28,7,15,15,0,"fit: 4, efit: 7","fit: 4, efit: 6",efit: 1,,,0,0,0,0,1,,
2026-03-06 10:08:12,7,15,15,0,"fit: 4, efit: 6","fit: 4, efit: 6",,,,0,0,0,0,1,,
2026-03-06 10:10:39,7,15,15,0,"fit: 4, efit: 4","fit: 4, efit: 4",,,,0,0,0,0,1,,
2026-03-06 10:48:18,7,15,15,0,"fit: 4, efit: 3","fit: 4, efit: 3",,,,0,0,0,0,1,,
2026-03-06 11:03:21,7,15,15,0,"fit: 4, efit: 2","fit: 4, efit: 2",,,,0,0,0,0,1,,
2026-03-06 13:13:42,7,15,15,0,"fit: 4, efit: 3","fit: 4, efit: 3",,,,0,0,0,0,1,,
2026-03-06 16:19:13,7,15,15,0,"fit: 4, efit: 4","fit: 4, efit: 4",,,,0,0,0,0,1,,
2026-03-06 16:29:15,7,15,15,0,"fit: 4, efit: 2","fit: 4, efit: 2",,,,0,0,0,0,1,,
2026-03-06 16:34:16,7,15,15,0,"fit: 4, efit: 1","fit: 4, efit: 1",,,,0,0,0,0,1,,
2026-03-06 16:39:17,7,15,15,0,fit: 3,fit: 3,,,,0,0,0,0,1,,
2026-03-06 17:20:50,7,15,15,0,"fit: 3, efit: 1","fit: 3, efit: 1",,,,0,0,0,0,1,,
2026-03-06 17:40:55,7,15,15,0,"fit: 3, efit: 2","fit: 3, efit: 2",,,,0,0,0,0,1,,
2026-03-06 17:41:47,7,15,15,0,"fit: 3, efit: 1","fit: 3, efit: 1",,,,0,0,0,0,1,,
2026-03-06 17:44:27,7,15,15,0,fit: 4,fit: 4,,,,0,0,0,0,1,,
2026-03-06 17:54:29,7,15,15,0,fit: 3,fit: 3,,,,0,0,0,0,1,,
2026-03-06 18:06:51,7,15,15,0,fit: 4,fit: 4,,,,0,0,0,0,1,,
2026-03-06 18:31:08,7,15,15,0,"fit: 4, efit: 2","fit: 4, efit: 2",,,,0,0,0,0,1,,
2026-03-06 19:14:43,7,15,15,0,"fit: 4, efit: 3","fit: 4, efit: 3",,,,0,0,0,0,1,,
2026-03-06 19:39:47,7,15,15,0,"fit: 3, efit: 3","fit: 3, efit: 3",,,,0,0,0,0,1,,
2026-03-06 19:49:49,7,15,15,0,"fit: 3, efit: 4","fit: 3, efit: 4",,,,0,0,0,0,1,,
2026-03-06 19:52:06,7,15,15,0,"fit: 3, efit: 3","fit: 3, efit: 3",,,,0,0,0,0,1,,
2026-03-06 20:09:52,7,15,15,0,"fit: 3, efit: 4","fit: 3, efit: 4",,,,0,0,0,0,1,,
2026-03-06 20:31:36,7,15,15,0,"fit: 4, efit: 4","fit: 4, efit: 4",,,,0,0,0,0,1,,
2026-03-06 20:46:40,7,15,15,0,"fit: 4, efit: 5","fit: 4, efit: 5",,,,0,0,0,0,1,,
2026-03-06 20:56:42,7,15,15,0,"fit: 4, efit: 4","fit: 4, efit: 4",,,,0,0,0,0,1,,
2026-03-06 21:57:25,7,15,15,0,"fit: 4, efit: 5","fit: 4, efit: 5",,,,0,0,0,0,1,,
2026-03-06 22:00:11,7,15,15,0,"fit: 4, efit: 4","fit: 4, efit: 4",,,,0,0,0,0,1,,
2026-03-06 23:47:23,7,15,15,0,"fit: 4, efit: 5","fit: 4, efit: 5",,,,0,0,0,0,1,,
2026-03-07 00:00:32,7,15,15,0,"fit: 4, efit: 5","fit: 4, efit: 5",,,,0,0,0,0,1,,
2026-03-07 00:02:27,7,15,15,0,"fit: 4, efit: 6","fit: 4, efit: 6",,,,0,0,0,0,1,,
2026-03-07 01:17:44,7,15,15,0,"fit: 4, efit: 7","fit: 4, efit: 7",,,,0,0,0,0,1,,
2026-03-07 01:35:47,7,15,15,0,"fit: 4, efit: 8","fit: 4, efit: 8",,,,0,0,0,0,1,,
2026-03-07 02:07:56,7,15,15,0,"fit: 4, efit: 9","fit: 4, efit: 9",,,,0,0,0,0,1,,
2026-03-07 06:31:36,7,15,15,0,"fit: 4, efit: 10","fit: 4, efit: 10",,,,0,0,0,0,1,,
2026-03-07 07:43:48,7,15,15,0,"fit: 4, efit: 11","fit: 4, efit: 11",,,,0,0,0,0,1,,
2026-03-07 08:28:55,7,15,15,0,"fit: 4, efit: 9","fit: 4, efit: 9",,,,0,0,0,0,1,,
2026-03-07 08:29:23,7,15,15,0,"fit: 4, efit: 8","fit: 4, efit: 8",,,,0,0,0,0,1,,
2026-03-07 08:31:55,7,15,15,0,"fit: 4, efit: 5","fit: 4, efit: 5",,,,0,0,0,0,1,,
2026-03-07 08:36:56,7,15,15,0,"fit: 4, efit: 3","fit: 4, efit: 3",,,,0,0,0,0,1,,
2026-03-07 08:38:56,7,15,15,0,"fit: 4, efit: 2","fit: 4, efit: 2",,,,0,0,0,0,1,,
2026-03-07 10:24:12,7,15,15,0,"fit: 4, efit: 3","fit: 4, efit: 3",,,,0,0,0,0,1,,
2026-03-07 11:29:21,7,15,15,0,"fit: 4, efit: 2","fit: 4, efit: 2",,,,0,0,0,0,1,,
2026-03-07 11:57:29,7,15,15,0,"fit: 4, efit: 1","fit: 4, efit: 1",,,,0,0,0,0,1,,
2026-03-07 12:02:30,7,15,15,0,"fit: 4, efit: 2","fit: 4, efit: 2",,,,0,0,0,0,1,,
2026-03-07 12:04:27,7,15,15,0,"fit: 4, efit: 1","fit: 4, efit: 1",,,,0,0,0,0,1,,
2026-03-07 12:07:31,7,15,15,0,"fit: 4, efit: 2","fit: 4, efit: 2",,,,0,0,0,0,1,,
2026-03-07 12:12:32,7,15,15,0,"fit: 4, efit: 1","fit: 4, efit: 1",,,,0,0,0,0,1,,
2026-03-07 12:47:38,7,15,15,0,"fit: 4, efit: 2","fit: 4, efit: 2",,,,0,0,0,0,1,,
2026-03-07 12:49:33,7,15,15,0,"fit: 4, efit: 1","fit: 4, efit: 1",,,,0,0,0,0,1,,
2026-03-07 12:57:39,7,15,15,0,"fit: 3, efit: 1","fit: 3, efit: 1",,,,0,0,0,0,1,,
2026-03-07 13:09:36,7,15,15,0,"fit: 3, efit: 2","fit: 3, efit: 2",,,,0,0,0,0,1,,
2026-03-07 13:15:31,7,15,15,0,"fit: 3, efit: 3","fit: 3, efit: 3",,,,0,0,0,0,1,,
2026-03-07 13:17:43,7,15,15,0,"fit: 3, efit: 2","fit: 3, efit: 2",,,,0,0,0,0,1,,
2026-03-07 13:39:41,7,15,15,0,"fit: 3, efit: 1","fit: 3, efit: 1",,,,0,0,0,0,1,,
2026-03-07 13:47:48,7,15,15,0,fit: 3,fit: 3,,,,0,0,0,0,1,,
2026-03-07 13:59:44,7,15,15,0,fit: 2,fit: 2,,,,0,0,0,0,1,,
2026-03-07 14:04:44,7,15,15,0,"fit: 2, efit: 1","fit: 2, efit: 1",,,,0,0,0,0,1,,
2026-03-07 14:14:46,7,15,15,0,"fit: 2, efit: 2","fit: 2, efit: 2",,,,0,0,0,0,1,,
2026-03-07 14:22:54,7,15,15,0,"fit: 2, efit: 1","fit: 2, efit: 1",,,,0,0,0,0,1,,
2026-03-07 14:27:54,7,15,15,0,"fit: 2, efit: 2","fit: 2, efit: 2",,,,0,0,0,0,1,,
2026-03-07 14:52:59,7,15,15,0,"fit: 2, efit: 3","fit: 2, efit: 3",,,,0,0,0,0,1,,
2026-03-07 16:41:21,7,15,15,0,"fit: 2, efit: 4","fit: 2, efit: 4",,,,0,0,0,0,1,,
2026-03-07 18:45:27,7,15,15,0,"fit: 2, efit: 3","fit: 2, efit: 3",,,,0,0,0,0,1,,
2026-03-07 18:56:54,7,15,15,0,"fit: 2, efit: 2","fit: 2, efit: 2",,,,0,0,0,0,1,,
2026-03-07 19:30:34,7,15,15,0,"fit: 2, efit: 3","fit: 2, efit: 3",,,,0,0,0,0,1,,
2026-03-07 20:20:41,7,15,15,0,"fit: 2, efit: 2","fit: 2, efit: 2",,,,0,0,0,0,1,,
2026-03-07 20:40:44,7,15,15,0,"fit: 2, efit: 3","fit: 2, efit: 3",,,,0,0,0,0,1,,
2026-03-07 22:04:10,7,15,15,0,"fit: 2, efit: 4","fit: 2, efit: 4",,,,0,0,0,0,1,,
2026-03-07 23:19:22,7,15,15,0,"fit: 2, efit: 5","fit: 2, efit: 5",,,,0,0,0,0,1,,
2026-03-07 23:56:14,7,15,15,0,"fit: 2, efit: 4","fit: 2, efit: 4",,,,0,0,0,0,1,,
2026-03-08 00:01:14,7,15,15,0,"fit: 2, efit: 4","fit: 2, efit: 4",,,,0,0,0,0,1,,
2026-03-08 03:18:38,7,15,15,0,"fit: 2, efit: 3","fit: 2, efit: 3",,,,0,0,0,0,1,,
2026-03-08 06:11:59,7,15,15,0,"fit: 2, efit: 4","fit: 2, efit: 4",,,,0,0,0,0,1,,
2026-03-08 08:37:21,7,15,15,0,"fit: 2, efit: 3","fit: 2, efit: 3",,,,0,0,0,0,1,,
2026-03-08 09:42:30,7,15,15,0,"fit: 2, efit: 4","fit: 2, efit: 4",,,,0,0,0,0,1,,
2026-03-08 09:45:11,7,15,15,0,"fit: 2, efit: 3","fit: 2, efit: 3",,,,0,0,0,0,1,,
2026-03-08 10:45:25,7,15,15,0,"fit: 2, efit: 2","fit: 2, efit: 2",,,,0,0,0,0,1,,
2026-03-08 10:50:26,7,15,15,0,"fit: 2, efit: 3","fit: 2, efit: 3",,,,0,0,0,0,1,,
2026-03-08 11:30:36,7,15,15,0,"fit: 2, efit: 2","fit: 2, efit: 2",,,,0,0,0,0,1,,
2026-03-08 11:31:14,7,15,15,0,"fit: 2, efit: 3","fit: 2, efit: 3",,,,0,0,0,0,1,,
2026-03-08 11:32:47,7,15,15,0,"fit: 2, efit: 2","fit: 2, efit: 2",,,,0,0,0,0,1,,
2026-03-08 11:37:47,7,15,15,0,"fit: 2, efit: 1","fit: 2, efit: 1",,,,0,0,0,0,1,,
2026-03-08 11:40:38,7,15,15,0,"fit: 2, efit: 2","fit: 2, efit: 2",,,,0,0,0,0,1,,
2026-03-08 11:42:48,7,15,15,0,"fit: 1, efit: 1","fit: 1, efit: 1",,,,0,0,0,0,1,,
2026-03-08 12:12:52,7,15,15,0,"fit: 1, efit: 2","fit: 1, efit: 2",,,,0,0,0,0,1,,
2026-03-08 12:25:49,7,15,15,0,efit: 1,efit: 1,,,,0,0,0,0,1,,
2026-03-08 12:30:50,7,15,15,0,efit: 2,efit: 2,,,,0,0,0,0,1,,
2026-03-08 12:50:55,7,15,15,0,efit: 1,efit: 1,,,,0,0,0,0,1,,
2026-03-08 13:08:01,7,15,15,0,efit: 2,efit: 2,,,,0,0,0,0,1,,
2026-03-08 13:16:01,7,15,15,0,efit: 3,efit: 3,,,,0,0,0,0,1,,
2026-03-08 13:16:32,7,15,15,0,efit: 2,efit: 2,,,,0,0,0,0,1,,
2026-03-08 13:51:10,7,15,15,0,efit: 1,efit: 1,,,,0,0,0,0,1,,
2026-03-08 13:56:38,7,15,15,0,,,,,,0,0,0,0,1,,
2026-03-08 15:08:19,7,15,15,0,efit: 1,efit: 1,,,,0,0,0,0,1,,
2026-03-08 15:53:26,7,15,15,0,,,,,,0,0,0,0,1,,
2026-03-08 15:58:26,7,15,15,0,efit: 1,efit: 1,,,,0,0,0,0,1,,
2026-03-08 16:03:27,7,15,15,0,efit: 2,efit: 2,,,,0,0,0,0,1,,
2026-03-08 16:26:47,7,15,15,0,,,,,,0,0,0,0,1,,
2026-03-08 18:12:12,7,15,15,0,efit: 1,efit: 1,,,,0,0,0,0,1,,
2026-03-08 18:28:49,7,15,15,0,efit: 2,efit: 2,,,,0,0,0,0,1,,
2026-03-08 18:52:22,7,15,15,0,efit: 3,efit: 2,,,,0,0,0,0,1,,
2026-03-08 19:23:57,7,15,15,0,"fit: 1, efit: 3","fit: 1, efit: 2",,,,0,0,0,0,1,,
2026-03-08 19:27:30,7,15,15,0,"fit: 1, efit: 2","fit: 1, efit: 1",,,,0,0,0,0,1,,
2026-03-08 19:28:58,7,15,15,0,"fit: 1, efit: 2","fit: 1, efit: 2",,,,0,0,0,0,1,,
2026-03-08 19:38:59,7,15,15,0,"fit: 1, efit: 1","fit: 1, efit: 1",,,,0,0,0,0,1,,
2026-03-08 20:12:40,7,15,15,0,fit: 1,fit: 1,,,,0,0,0,0,1,,
2026-03-08 20:24:06,7,15,15,0,,,,,,0,0,0,0,1,,
2026-03-08 20:27:42,7,15,15,0,efit: 1,efit: 1,,,,0,0,0,0,1,,
2026-03-08 21:29:16,7,15,15,0,,,,,,0,0,0,0,1,,
2026-03-08 21:37:53,7,15,15,0,efit: 1,efit: 1,,,,0,0,0,0,1,,
2026-03-08 22:02:57,7,15,15,0,,,,,,0,0,0,0,1,,
2026-03-08 23:49:36,7,15,15,0,efit: 1,efit: 1,,,,0,0,0,0,1,,
2026-03-09 00:03:16,7,15,15,0,efit: 2,efit: 2,,,,0,0,0,0,1,,
2026-03-09 00:08:17,7,15,15,0,efit: 1,efit: 1,,,,0,0,0,0,1,,
2026-03-09 06:39:20,7,15,15,0,,,,,,0,0,0,0,1,,
2026-03-09 08:10:49,7,15,15,0,efit: 1,efit: 1,,,,0,0,0,0,1,,
2026-03-09 08:59:43,7,15,15,0,,,,,,0,0,0,0,1,,
2026-03-09 10:24:57,7,15,15,0,efit: 2,efit: 2,,,,0,0,0,0,1,,
2026-03-09 10:45:04,7,15,15,0,efit: 3,efit: 3,,,,0,0,0,0,1,,
2026-03-09 11:55:16,7,15,15,0,efit: 2,efit: 2,,,,0,0,0,0,1,,
2026-03-09 12:15:19,7,15,15,0,efit: 1,efit: 1,,,,0,0,0,0,1,,
2026-03-09 12:31:27,7,15,15,0,,,,,,0,0,0,0,1,,
2026-03-09 13:40:34,7,15,15,0,"fit: 1, efit: 3","fit: 1, efit: 3",,,,0,0,0,0,1,,
2026-03-09 15:10:49,7,15,15,0,"fit: 1, efit: 4","fit: 1, efit: 4",,,,0,0,0,0,1,,
2026-03-09 15:40:54,7,15,15,0,"fit: 1, efit: 5","fit: 1, efit: 5",,,,0,0,0,0,1,,
2026-03-09 16:41:05,7,15,15,0,"fit: 1, efit: 8","fit: 1, efit: 8",,,,0,0,0,0,1,,
2026-03-09 16:42:04,7,15,15,0,"fit: 1, efit: 6","fit: 1, efit: 6",,,,0,0,0,0,1,,
2026-03-09 16:56:07,7,15,15,0,"fit: 1, efit: 7","fit: 1, efit: 7",,,,0,0,0,0,1,,
2026-03-09 18:23:58,7,15,15,0,"fit: 1, efit: 8","fit: 1, efit: 8",,,,0,0,0,0,1,,
2026-03-09 18:26:22,7,15,15,0,"fit: 1, efit: 7","fit: 1, efit: 7",,,,0,0,0,0,1,,
2026-03-09 18:56:27,7,15,15,0,"fit: 1, efit: 8","fit: 1, efit: 8",,,,0,0,0,0,1,,
2026-03-09 19:26:32,7,15,15,0,"fit: 1, efit: 9","fit: 1, efit: 9",,,,0,0,0,0,1,,
2026-03-09 20:36:44,7,15,15,0,"fit: 1, efit: 8","fit: 1, efit: 8",,,,0,0,0,0,1,,
2026-03-09 20:37:39,7,15,15,0,"fit: 1, efit: 9","fit: 1, efit: 9",,,,0,0,0,0,1,,
2026-03-09 20:54:19,7,15,15,0,"fit: 1, efit: 8","fit: 1, efit: 8",,,,0,0,0,0,1,,
2026-03-09 22:22:01,7,15,15,0,"fit: 1, efit: 9","fit: 1, efit: 9",,,,0,0,0,0,1,,
2026-03-10 00:02:17,7,15,15,0,"fit: 1, efit: 9","fit: 1, efit: 9",,,,0,0,0,0,1,,
2026-03-10 06:19:02,7,15,15,0,"fit: 1, efit: 8","fit: 1, efit: 8",,,,0,0,0,0,1,,
2026-03-10 07:15:41,7,15,15,1,"fit: 1, efit: 7","fit: 1, efit: 7",,,,0,0,0,0,1,,
2026-03-10 07:18:28,7,15,15,0,"fit: 1, efit: 7","fit: 1, efit: 7",,,,0,0,0,0,1,,
2026-03-10 07:44:14,7,15,15,0,"fit: 1, efit: 8","fit: 1, efit: 8",,,,0,0,0,0,1,,
2026-03-10 07:55:46,7,15,15,0,"fit: 1, efit: 7","fit: 1, efit: 7",,,,0,0,0,0,1,,
2026-03-10 08:08:36,7,15,15,0,"fit: 1, efit: 6","fit: 1, efit: 6",,,,0,0,0,0,1,,
2026-03-10 08:10:48,7,15,15,0,"fit: 1, efit: 7","fit: 1, efit: 7",,,,0,0,0,0,1,,
2026-03-10 08:20:49,7,15,15,0,"fit: 1, efit: 6","fit: 1, efit: 6",,,,0,0,0,0,1,,
2026-03-10 08:38:42,7,15,15,0,"fit: 1, efit: 5","fit: 1, efit: 5",,,,0,0,0,0,1,,
2026-03-10 08:44:22,7,15,15,0,"fit: 1, efit: 4","fit: 1, efit: 4",,,,0,0,0,0,1,,
2026-03-10 09:43:53,7,15,15,0,"fit: 1, efit: 3","fit: 1, efit: 3",,,,0,0,0,0,1,,
2026-03-10 10:03:56,7,15,15,0,"fit: 1, efit: 2","fit: 1, efit: 2",,,,0,0,0,0,1,,
2026-03-10 10:04:34,7,15,15,0,"fit: 1, efit: 1","fit: 1, efit: 1",,,,0,0,0,0,1,,
2026-03-10 10:08:57,7,15,15,0,"fit: 2, efit: 1","fit: 2, efit: 1",,,,0,0,0,0,1,,
2026-03-10 10:29:00,7,15,15,0,"fit: 2, efit: 3","fit: 2, efit: 3",,,,0,0,0,0,1,,
2026-03-10 12:01:19,7,15,15,0,"fit: 2, efit: 4","fit: 2, efit: 4",,,,0,0,0,0,1,,
2026-03-10 12:21:22,7,15,15,0,"fit: 2, efit: 4","fit: 2, efit: 3",efit: 1,,,0,0,0,0,1,,
2026-03-10 12:24:19,7,15,15,0,"fit: 2, efit: 3","fit: 2, efit: 2",efit: 1,,,0,0,0,0,1,,
2026-03-10 14:26:39,7,15,15,0,"fit: 2, efit: 2","fit: 2, efit: 1",efit: 1,,,0,0,0,0,1,,
2026-03-10 14:44:42,7,15,15,0,"fit: 2, efit: 1",fit: 2,efit: 1,,,0,0,0,0,1,,
2026-03-10 15:29:50,7,15,15,0,"fit: 1, efit: 1",fit: 1,efit: 1,,,0,0,0,0,1,,
2026-03-10 15:41:49,7,15,15,0,"fit: 1, efit: 2","fit: 1, efit: 1",efit: 1,,,0,0,0,0,1,,
2026-03-10 15:46:50,7,15,15,0,"fit: 1, efit: 1",fit: 1,efit: 1,,,0,0,0,0,1,,
2026-03-10 16:09:56,7,15,15,0,"fit: 1, efit: 2","fit: 1, efit: 1",efit: 1,,,0,0,0,0,1,,
2026-03-10 16:21:55,7,15,15,0,"fit: 1, efit: 4","fit: 1, efit: 3",efit: 1,,,0,0,0,0,1,,
2026-03-10 16:24:59,7,15,15,0,"fit: 1, efit: 6","fit: 1, efit: 5",efit: 1,,,0,0,0,0,1,,
2026-03-10 16:26:55,7,15,15,0,"fit: 1, efit: 7","fit: 1, efit: 6",efit: 1,,,0,0,0,0,1,,
2026-03-10 16:50:35,7,15,15,0,"fit: 1, efit: 6","fit: 1, efit: 5",efit: 1,,,0,0,0,0,1,,
2026-03-10 17:05:06,7,15,15,0,"fit: 1, efit: 5","fit: 1, efit: 4",efit: 1,,,0,0,0,0,1,,
2026-03-10 17:07:01,7,15,15,0,"fit: 1, efit: 6","fit: 1, efit: 5",efit: 1,,,0,0,0,0,1,,
2026-03-10 17:25:10,7,15,15,0,"fit: 1, efit: 7","fit: 1, efit: 6",efit: 1,,,0,0,0,0,1,,
2026-03-10 17:32:04,7,15,15,0,"fit: 1, efit: 8","fit: 1, efit: 7",efit: 1,,,0,0,0,0,1,,
2026-03-10 17:40:13,7,15,15,0,"fit: 1, efit: 9","fit: 1, efit: 8",efit: 1,,,0,0,0,0,1,,
2026-03-10 18:15:19,7,15,15,0,"fit: 1, efit: 8","fit: 1, efit: 7",efit: 1,,,0,0,0,0,1,,
2026-03-10 18:30:21,7,15,15,0,"fit: 1, efit: 7","fit: 1, efit: 6",efit: 1,,,0,0,0,0,1,,
2026-03-10 18:52:16,7,15,15,0,"fit: 1, efit: 8","fit: 1, efit: 7",efit: 1,,,0,0,0,0,1,,
2026-03-10 18:55:25,7,15,15,0,"fit: 2, efit: 7","fit: 2, efit: 6",efit: 1,,,0,0,0,0,1,,
2026-03-10 19:00:26,7,15,15,0,"fit: 3, efit: 7","fit: 3, efit: 6",efit: 1,,,0,0,0,0,1,,
2026-03-10 20:30:41,7,15,15,0,"fit: 3, efit: 6","fit: 3, efit: 5",efit: 1,,,0,0,0,0,1,,
2026-03-10 20:31:08,7,15,15,0,"fit: 3, efit: 7","fit: 3, efit: 6",efit: 1,,,0,0,0,0,1,,
2026-03-10 22:15:59,7,15,15,0,"fit: 3, efit: 6","fit: 3, efit: 5",efit: 1,,,0,0,0,0,1,,
2026-03-10 22:36:02,7,15,15,0,"fit: 3, efit: 5","fit: 3, efit: 4",efit: 1,,,0,0,0,0,1,,
2026-03-10 22:56:06,7,15,15,0,"fit: 3, efit: 6","fit: 3, efit: 5",efit: 1,,,0,0,0,0,1,,
2026-03-11 00:01:16,7,15,15,0,"fit: 3, efit: 6","fit: 3, efit: 5",efit: 1,,,0,0,0,0,1,,
2026-03-11 03:23:24,7,15,15,1,"fit: 3, efit: 6","fit: 3, efit: 5",efit: 1,,,0,0,0,0,1,,
2026-03-11 03:26:50,7,15,15,0,"fit: 3, efit: 6","fit: 3, efit: 5",efit: 1,,,0,0,0,0,1,,
2026-03-11 06:37:22,7,15,15,0,"fit: 3, efit: 7","fit: 3, efit: 6",efit: 1,,,0,0,0,0,1,,
2026-03-11 07:42:32,7,15,15,0,"fit: 3, efit: 6","fit: 3, efit: 5",efit: 1,,,0,0,0,0,1,,
2026-03-11 08:09:01,7,15,15,0,"fit: 3, efit: 7","fit: 3, efit: 6",efit: 1,,,0,0,0,0,1,,
2026-03-11 08:27:39,7,15,15,0,"fit: 3, efit: 6","fit: 3, efit: 5",efit: 1,,,0,0,0,0,1,,
2026-03-11 08:32:40,7,15,15,0,"fit: 3, efit: 5","fit: 3, efit: 4",efit: 1,,,0,0,0,0,1,,
2026-03-11 08:47:43,7,15,15,0,"fit: 3, efit: 4","fit: 3, efit: 3",efit: 1,,,0,0,0,0,1,,
2026-03-11 09:52:53,7,15,15,0,"fit: 3, efit: 3","fit: 3, efit: 2",efit: 1,,,0,0,0,0,1,,
2026-03-11 10:58:04,7,15,15,0,"fit: 3, efit: 2","fit: 3, efit: 1",efit: 1,,,0,0,0,0,1,,
2026-03-11 11:08:06,7,15,15,0,"fit: 3, efit: 1","fit: 3, efit: 1",,,,0,0,0,0,1,,
2026-03-11 11:13:07,7,15,15,0,"fit: 6, efit: 1","fit: 6, efit: 1",,,,0,0,0,0,1,,
2026-03-11 13:43:31,7,15,15,0,fit: 6,fit: 6,,,,0,0,0,0,1,,
2026-03-11 14:04:49,7,15,15,0,"fit: 6, efit: 1","fit: 6, efit: 1",,,,0,0,0,0,1,,
2026-03-11 15:50:03,7,15,15,0,"fit: 6, efit: 2","fit: 6, efit: 2",,,,0,0,0,0,1,,
2026-03-11 15:53:52,7,15,15,0,"fit: 6, efit: 1","fit: 6, efit: 1",,,,0,0,0,0,1,,
2026-03-11 16:15:07,7,15,15,0,"fit: 6, efit: 2","fit: 6, efit: 2",,,,0,0,0,0,1,,
2026-03-11 16:33:59,7,15,15,0,"fit: 6, efit: 3","fit: 6, efit: 3",,,,0,0,0,0,1,,
2026-03-11 16:54:00,7,15,15,0,"fit: 6, efit: 2","fit: 6, efit: 2",,,,0,0,0,0,1,,
2026-03-11 17:19:02,7,15,15,0,"fit: 6, efit: 3","fit: 6, efit: 3",,,,0,0,0,0,1,,
2026-03-11 17:24:02,7,15,15,0,"fit: 6, efit: 2","fit: 6, efit: 2",,,,0,0,0,0,1,,
2026-03-11 17:29:03,7,15,15,0,"fit: 6, efit: 3","fit: 6, efit: 3",,,,0,0,0,0,1,,
2026-03-11 17:34:03,7,15,15,0,"fit: 6, efit: 5","fit: 6, efit: 5",,,,0,0,0,0,1,,
2026-03-11 17:39:04,7,15,15,0,"fit: 6, efit: 6","fit: 6, efit: 6",,,,0,0,0,0,1,,
2026-03-11 17:59:05,7,15,15,0,"fit: 6, efit: 7","fit: 6, efit: 6",,,,0,0,0,0,1,,
2026-03-11 18:09:06,7,15,15,0,"fit: 6, efit: 7","fit: 6, efit: 7",,,,0,0,0,0,1,,
2026-03-11 19:10:31,7,15,15,0,"fit: 6, efit: 6","fit: 6, efit: 6",,,,0,0,0,0,1,,
2026-03-11 20:39:28,7,15,15,0,"fit: 6, efit: 5","fit: 6, efit: 5",,,,0,0,0,0,1,,
2026-03-12 00:00:05,7,15,15,0,"fit: 6, efit: 5","fit: 6, efit: 5",,,,0,0,0,0,1,,
2026-03-12 06:25:54,7,15,15,0,"fit: 6, efit: 4","fit: 6, efit: 4",,,,0,0,0,0,1,,
2026-03-12 07:21:02,7,15,15,0,"fit: 6, efit: 3","fit: 6, efit: 3",,,,0,0,0,0,1,,
2026-03-12 07:32:10,7,15,15,0,"fit: 6, efit: 2","fit: 6, efit: 2",,,,0,0,0,0,1,,
2026-03-12 07:46:05,7,15,15,0,"fit: 6, efit: 3","fit: 6, efit: 3",,,,0,0,0,0,1,,
2026-03-12 08:06:08,7,15,15,0,"fit: 6, efit: 2","fit: 6, efit: 2",,,,0,0,0,0,1,,
2026-03-12 08:21:10,7,15,15,0,"fit: 6, efit: 1","fit: 6, efit: 1",,,,0,0,0,0,1,,
2026-03-12 08:46:14,7,15,15,0,fit: 6,fit: 6,,,,0,0,0,0,1,,
2026-03-12 09:17:24,7,15,15,0,fit: 5,fit: 5,,,,0,0,0,0,1,,
2026-03-12 09:41:22,7,15,15,0,fit: 4,fit: 4,,,,0,0,0,0,1,,
2026-03-12 09:46:23,7,15,15,0,fit: 3,fit: 3,,,,0,0,0,0,1,,
2026-03-12 09:56:24,7,15,15,0,"fit: 3, efit: 1","fit: 3, efit: 1",,,,0,0,0,0,1,,
2026-03-12 10:01:25,7,15,15,0,"fit: 3, efit: 2","fit: 3, efit: 2",,,,0,0,0,0,1,,
2026-03-12 10:56:33,7,15,15,0,"fit: 3, efit: 1","fit: 3, efit: 1",,,,0,0,0,0,1,,
2026-03-12 12:16:44,7,15,15,0,"fit: 3, efit: 2","fit: 3, efit: 2",,,,0,0,0,0,1,,
2026-03-12 12:21:45,7,15,15,0,"fit: 4, efit: 1","fit: 4, efit: 1",,,,0,0,0,0,1,,
2026-03-12 12:36:47,7,15,15,0,fit: 4,fit: 4,,,,0,0,0,0,1,,
2026-03-12 14:07:00,7,15,15,0,fit: 3,fit: 3,,,,0,0,0,0,1,,
2026-03-12 14:52:07,7,15,15,0,"fit: 3, efit: 1","fit: 3, efit: 1",,,,0,0,0,0,1,,
2026-03-12 15:57:42,7,15,15,0,"fit: 3, efit: 2","fit: 3, efit: 2",,,,0,0,0,0,1,,
2026-03-12 16:02:17,7,15,15,0,"fit: 3, efit: 3","fit: 3, efit: 3",,,,0,0,0,0,1,,
2026-03-12 16:17:19,7,15,15,0,"fit: 3, efit: 4","fit: 3, efit: 4",,,,0,0,0,0,1,,
2026-03-12 16:27:20,7,15,15,0,"fit: 3, efit: 5","fit: 3, efit: 5",,,,0,0,0,0,1,,
2026-03-12 16:32:21,7,15,15,0,"fit: 4, efit: 4","fit: 4, efit: 4",,,,0,0,0,0,1,,
2026-03-12 16:42:23,7,15,15,0,"fit: 4, efit: 5","fit: 4, efit: 5",,,,0,0,0,0,1,,
2026-03-12 16:42:49,7,15,15,0,"fit: 3, efit: 5","fit: 3, efit: 5",,,,0,0,0,0,1,,
2026-03-12 16:57:25,7,15,15,0,"fit: 3, efit: 6","fit: 3, efit: 6",,,,0,0,0,0,1,,
2026-03-12 17:27:29,7,15,15,0,"fit: 4, efit: 5","fit: 4, efit: 5",,,,0,0,0,0,1,,
2026-03-12 20:27:56,7,15,15,0,"fit: 4, efit: 6","fit: 4, efit: 6",,,,0,0,0,0,1,,
2026-03-12 20:38:56,7,15,15,0,"fit: 4, efit: 5","fit: 4, efit: 5",,,,0,0,0,0,1,,
2026-03-12 20:52:59,7,15,15,0,"fit: 4, efit: 6","fit: 4, efit: 6",,,,0,0,0,0,1,,
2026-03-12 22:18:12,7,15,15,0,"fit: 4, efit: 7","fit: 4, efit: 7",,,,0,0,0,0,1,,
2026-03-12 23:08:19,7,15,15,0,"fit: 4, efit: 8","fit: 4, efit: 8",,,,0,0,0,0,1,,
2026-03-12 23:19:18,7,15,15,0,"fit: 4, efit: 7","fit: 4, efit: 7",,,,0,0,0,0,1,,
2026-03-13 00:03:27,7,15,15,0,"fit: 4, efit: 7","fit: 4, efit: 7",,,,0,0,0,0,1,,
2026-03-13 06:40:17,7,15,15,0,"fit: 4, efit: 6","fit: 4, efit: 6",,,,0,0,0,0,1,,
2026-03-13 08:29:39,7,15,15,0,"fit: 4, efit: 5","fit: 4, efit: 5",,,,0,0,0,0,1,,
2026-03-13 09:45:38,7,15,15,0,"fit: 4, efit: 4","fit: 4, efit: 4",,,,0,0,0,0,1,,
2026-03-13 12:51:05,7,15,15,0,"fit: 4, efit: 3","fit: 4, efit: 3",,,,0,0,0,0,1,,
2026-03-13 13:40:25,7,15,15,0,"fit: 4, efit: 1","fit: 4, efit: 1",,,,0,0,0,0,1,,
2026-03-13 13:55:27,7,15,15,0,"fit: 4, efit: 2","fit: 4, efit: 2",,,,0,0,0,0,1,,
2026-03-13 15:00:36,7,15,15,0,"fit: 4, efit: 3","fit: 4, efit: 3",,,,0,0,0,0,1,,
2026-03-13 15:45:43,7,15,15,0,"fit: 4, efit: 5","fit: 4, efit: 5",,,,0,0,0,0,1,,
2026-03-13 16:45:52,7,15,15,0,"fit: 3, efit: 5","fit: 3, efit: 5",,,,0,0,0,0,1,,
2026-03-13 18:01:03,7,15,15,0,"fit: 3, efit: 6","fit: 3, efit: 6",,,,0,0,0,0,1,,
2026-03-13 18:21:06,7,15,15,0,"fit: 3, efit: 7","fit: 3, efit: 7",,,,0,0,0,0,1,,
2026-03-13 18:31:49,7,15,15,0,"fit: 3, efit: 8","fit: 3, efit: 8",,,,0,0,0,0,1,,
2026-03-13 18:51:10,7,15,15,0,"fit: 3, efit: 7","fit: 3, efit: 7",,,,0,0,0,0,1,,
2026-03-13 19:26:15,7,15,15,0,"fit: 3, efit: 8","fit: 3, efit: 8",,,,0,0,0,0,1,,
2026-03-13 20:01:20,7,15,15,0,"fit: 3, efit: 7","fit: 3, efit: 7",,,,0,0,0,0,1,,
2026-03-14 00:01:55,7,15,15,0,"fit: 3, efit: 7","fit: 3, efit: 7",,,,0,0,0,0,1,,
2026-03-14 09:38:17,7,15,15,0,"fit: 3, efit: 6","fit: 3, efit: 6",,,,0,0,0,0,1,,
2026-03-14 11:29:46,7,15,15,0,"fit: 3, efit: 5","fit: 3, efit: 5",,,,0,0,0,0,1,,
2026-03-14 11:43:35,7,15,15,0,"fit: 3, efit: 4","fit: 3, efit: 4",,,,0,0,0,0,1,,
2026-03-14 13:23:49,7,15,15,0,"fit: 3, efit: 3","fit: 3, efit: 3",,,,0,0,0,0,1,,
2026-03-14 13:55:11,7,15,15,0,"fit: 3, efit: 4","fit: 3, efit: 4",,,,0,0,0,0,1,,
2026-03-14 14:44:01,7,15,15,0,"fit: 3, efit: 3","fit: 3, efit: 3",,,,0,0,0,0,1,,
2026-03-14 14:59:04,7,15,15,0,"fit: 3, efit: 2","fit: 3, efit: 2",,,,0,0,0,0,1,,
2026-03-14 15:15:24,7,15,15,0,"fit: 3, efit: 3","fit: 3, efit: 3",,,,0,0,0,0,1,,
2026-03-14 15:49:44,7,15,15,0,"fit: 3, efit: 4","fit: 3, efit: 4",,,,0,0,0,0,1,,
2026-03-14 16:09:14,7,15,15,0,"fit: 3, efit: 5","fit: 3, efit: 5",,,,0,0,0,0,1,,
2026-03-14 16:24:16,7,15,15,0,"fit: 3, efit: 4","fit: 3, efit: 4",,,,0,0,0,0,1,,
2026-03-14 17:14:23,7,15,15,0,"fit: 3, efit: 2","fit: 3, efit: 2",,,,0,0,0,0,1,,
2026-03-14 17:14:56,7,15,15,0,"fit: 3, efit: 1","fit: 3, efit: 1",,,,0,0,0,0,1,,
2026-03-14 17:25:46,7,15,15,0,"fit: 3, efit: 2","fit: 3, efit: 2",,,,0,0,0,0,1,,
2026-03-14 17:49:29,7,15,15,0,"fit: 2, efit: 1","fit: 2, efit: 1",,,,0,0,0,0,1,,
2026-03-14 18:19:33,7,15,15,0,"fit: 1, efit: 1","fit: 1, efit: 1",,,,0,0,0,0,1,,
2026-03-14 18:24:34,7,15,15,0,fit: 1,fit: 1,,,,0,0,0,0,1,,
2026-03-14 18:25:06,7,15,15,0,,,,,,0,0,0,0,1,,
2026-03-14 20:15:22,7,15,15,0,efit: 1,efit: 1,,,,0,0,0,0,1,,
2026-03-14 20:34:53,7,15,15,0,efit: 2,efit: 2,,,,0,0,0,0,1,,
2026-03-14 20:49:55,7,15,15,0,efit: 3,efit: 3,,,,0,0,0,0,1,,
2026-03-14 22:50:13,7,15,15,0,efit: 6,efit: 6,,,,0,0,0,0,1,,
2026-03-14 23:11:43,7,15,15,0,efit: 4,efit: 4,,,,0,0,0,0,1,,
2026-03-15 00:00:23,7,15,15,0,efit: 4,efit: 4,,,,0,0,0,0,1,,
2026-03-15 07:46:30,7,15,15,0,efit: 3,efit: 3,,,,0,0,0,0,1,,
2026-03-15 10:08:29,7,15,15,0,efit: 2,efit: 2,,,,0,0,0,0,1,,
2026-03-15 10:17:20,7,15,15,0,efit: 1,efit: 1,,,,0,0,0,0,1,,
2026-03-15 10:23:32,7,15,15,0,,,,,,0,0,0,0,1,,
2026-03-15 12:17:10,7,15,15,0,efit: 1,efit: 1,,,,0,0,0,0,1,,
2026-03-15 12:43:55,7,15,15,0,,,,,,0,0,0,0,1,,
2026-03-15 12:52:15,7,15,15,0,efit: 1,efit: 1,,,,0,0,0,0,1,,
2026-03-15 13:17:18,7,15,15,0,,,,,,0,0,0,0,1,,
2026-03-15 13:47:23,7,15,15,0,fit: 1,fit: 1,,,,0,0,0,0,1,,
2026-03-15 14:07:26,7,15,15,0,"fit: 1, efit: 1","fit: 1, efit: 1",,,,0,0,0,0,1,,
2026-03-15 15:07:35,7,15,15,0,fit: 1,fit: 1,,,,0,0,0,0,1,,
2026-03-15 15:22:37,7,15,15,0,"fit: 4, efit: 2","fit: 4, efit: 1",,,,0,0,0,0,1,,
2026-03-15 15:23:03,7,15,15,0,"fit: 5, efit: 3","fit: 5, efit: 1",,,,0,0,0,0,1,,
2026-03-15 15:24:22,7,15,15,0,"fit: 6, efit: 3","fit: 6, efit: 1",,,,0,0,0,0,1,,
2026-03-15 15:29:22,7,15,15,0,"fit: 6, efit: 4","fit: 6, efit: 2",,,,0,0,0,0,1,,
2026-03-15 15:57:42,7,15,15,0,"fit: 6, efit: 3","fit: 6, efit: 1",,,,0,0,0,0,1,,
2026-03-15 15:59:27,7,15,15,0,"fit: 6, efit: 4","fit: 6, efit: 2",,,,0,0,0,0,1,,
2026-03-15 16:12:44,7,15,15,0,"fit: 7, efit: 3","fit: 7, efit: 1",,,,0,0,0,0,1,,
2026-03-15 16:27:46,7,15,15,0,"fit: 7, efit: 4","fit: 7, efit: 2",,,,0,0,0,0,1,,
2026-03-15 17:12:53,7,15,15,0,"fit: 7, efit: 3","fit: 7, efit: 1",,,,0,0,0,0,1,,
2026-03-15 17:23:20,7,15,15,0,"fit: 7, efit: 4","fit: 7, efit: 2",,,,0,0,0,0,1,,
2026-03-15 17:42:57,7,15,15,0,"fit: 6, efit: 4","fit: 6, efit: 2",,,,0,0,0,0,1,,
2026-03-15 20:30:13,7,15,15,0,"fit: 6, efit: 3","fit: 6, efit: 1",,,,0,0,0,0,1,,
2026-03-15 20:33:23,7,15,15,0,"fit: 6, efit: 2",fit: 6,,,,0,0,0,0,1,,
2026-03-15 21:00:18,7,15,15,0,"fit: 6, efit: 3","fit: 6, efit: 1",,,,0,0,0,0,1,,
2026-03-15 21:03:27,7,15,15,0,"fit: 6, efit: 4","fit: 6, efit: 2",,,,0,0,0,0,1,,
2026-03-15 21:30:23,7,15,15,0,"fit: 6, efit: 5","fit: 6, efit: 3",,,,0,0,0,0,1,,
2026-03-15 21:38:32,7,15,15,0,"fit: 6, efit: 4","fit: 6, efit: 2",,,,0,0,0,0,1,,
2026-03-15 21:43:33,7,15,15,0,"fit: 6, efit: 5","fit: 6, efit: 3",,,,0,0,0,0,1,,
2026-03-15 23:28:48,7,15,15,0,"fit: 6, efit: 6","fit: 6, efit: 4",,,,0,0,0,0,1,,
2026-03-16 00:00:47,7,15,15,0,"fit: 6, efit: 6","fit: 6, efit: 4",,,,0,0,0,0,1,,
2026-03-16 00:05:48,7,15,15,0,"fit: 6, efit: 8","fit: 6, efit: 6",,,,0,0,0,0,1,,
2026-03-16 01:05:58,7,15,15,0,"fit: 6, efit: 9","fit: 6, efit: 7",,,,0,0,0,0,1,,
2026-03-16 01:14:03,7,15,15,0,"fit: 6, efit: 8","fit: 6, efit: 6",,,,0,0,0,0,1,,
2026-03-16 03:04:19,7,15,15,0,"fit: 6, efit: 7","fit: 6, efit: 5",,,,0,0,0,0,1,,
2026-03-16 04:54:35,7,15,15,0,"fit: 6, efit: 8","fit: 6, efit: 6",,,,0,0,0,0,1,,
2026-03-16 05:49:43,7,15,15,0,"fit: 6, efit: 8","fit: 6, efit: 6",efit: 1,,,0,0,0,0,1,,
2026-03-16 06:39:50,7,15,15,0,"fit: 6, efit: 7","fit: 6, efit: 5",efit: 1,,,0,0,0,0,1,,
2026-03-16 07:19:56,7,15,15,0,"fit: 6, efit: 6","fit: 6, efit: 4",efit: 1,,,0,0,0,0,1,,
2026-03-16 07:42:04,7,15,15,0,"fit: 6, efit: 5","fit: 6, efit: 3",efit: 1,,,0,0,0,0,1,,
2026-03-16 08:05:03,7,15,15,0,"fit: 6, efit: 6","fit: 6, efit: 4",efit: 1,,,0,0,0,0,1,,
2026-03-16 08:10:04,7,15,15,0,"fit: 6, efit: 6","fit: 6, efit: 4",,,,0,0,0,0,1,,
2026-03-16 08:17:09,7,15,15,0,"fit: 6, efit: 5","fit: 6, efit: 3",,,,0,0,0,0,1,,
2026-03-16 08:40:30,7,15,15,0,"fit: 6, efit: 5","fit: 6, efit: 3",efit: 1,,,0,0,0,0,1,,
2026-03-16 09:25:15,7,15,15,0,"fit: 6, efit: 4","fit: 6, efit: 2",efit: 1,,,0,0,0,0,1,,
2026-03-16 11:20:32,7,15,15,0,"fit: 6, efit: 4","fit: 6, efit: 1",efit: 1,,,0,0,0,0,1,,
2026-03-16 11:32:45,7,15,15,0,"fit: 6, efit: 5","fit: 6, efit: 2",efit: 1,,,0,0,0,0,1,,
2026-03-16 11:49:46,7,15,15,0,"fit: 6, efit: 4","fit: 6, efit: 1",efit: 1,,,0,0,0,0,1,,
2026-03-16 11:51:35,7,15,15,0,"fit: 6, efit: 3",fit: 6,efit: 1,,,0,0,0,0,1,,
2026-03-16 12:29:56,7,15,15,0,"fit: 5, efit: 3",fit: 5,efit: 1,,,0,0,0,0,1,,
2026-03-16 12:50:01,7,15,15,0,"fit: 5, efit: 3",fit: 5,,,,0,0,0,0,1,,
2026-03-16 12:55:02,7,15,15,0,"fit: 4, efit: 3",fit: 4,,,,0,0,0,0,1,,
2026-03-16 13:35:13,7,15,15,0,"fit: 3, efit: 3",fit: 3,,,,0,0,0,0,1,,
2026-03-16 13:40:14,7,15,15,0,"fit: 3, efit: 3",fit: 3,efit: 1,,,0,0,0,0,1,,
2026-03-16 14:27:49,7,15,15,0,"fit: 2, efit: 3",fit: 2,efit: 1,,,0,0,0,0,1,,
2026-03-16 14:50:32,7,15,15,0,"fit: 2, efit: 4","fit: 2, efit: 1",efit: 1,,,0,0,0,0,1,,
2026-03-16 15:10:37,7,15,15,0,"fit: 2, efit: 3",fit: 2,efit: 1,,,0,0,0,0,1,,
2026-03-16 15:20:40,7,15,15,0,"fit: 2, efit: 4",fit: 2,efit: 1,,,0,0,0,0,1,,
2026-03-16 15:45:46,7,15,15,0,"fit: 2, efit: 5","fit: 2, efit: 1",efit: 1,,,0,0,0,0,1,,
2026-03-16 16:08:05,7,15,15,0,"fit: 2, efit: 6","fit: 2, efit: 2",efit: 1,,,0,0,0,0,1,,
2026-03-16 16:31:02,7,15,15,0,"fit: 2, efit: 7","fit: 2, efit: 3",efit: 1,,,0,0,0,0,1,,
2026-03-16 16:33:09,7,15,15,0,"fit: 2, efit: 8","fit: 2, efit: 4",efit: 1,,,0,0,0,0,1,,
2026-03-16 16:46:06,7,15,15,0,"fit: 2, efit: 8","fit: 2, efit: 4",,,,0,0,0,0,1,,
2026-03-16 17:11:12,7,15,15,0,"fit: 2, efit: 8","fit: 2, efit: 4",efit: 1,,,0,0,0,0,1,,
2026-03-16 17:16:13,7,15,15,0,"fit: 2, efit: 7","fit: 2, efit: 3",efit: 1,,,0,0,0,0,1,,
2026-03-16 17:23:17,7,15,15,0,"fit: 2, efit: 8","fit: 2, efit: 4",efit: 1,,,0,0,0,0,1,,
2026-03-16 17:56:23,7,15,15,0,"fit: 2, efit: 9","fit: 2, efit: 5",efit: 1,,,0,0,0,0,1,,
2026-03-16 18:58:32,7,15,15,0,"fit: 2, efit: 9","fit: 2, efit: 5",,,,0,0,0,0,1,,
2026-03-16 19:41:40,7,15,15,0,"fit: 2, efit: 9","fit: 2, efit: 5",efit: 1,,,0,0,0,0,1,,
2026-03-16 20:46:49,7,15,15,0,"fit: 2, efit: 10","fit: 2, efit: 6",efit: 1,,,0,0,0,0,1,,
2026-03-16 20:53:50,7,15,15,0,"fit: 2, efit: 10","fit: 2, efit: 6",,,,0,0,0,0,1,,
2026-03-16 21:18:54,7,15,15,0,"fit: 2, efit: 10","fit: 2, efit: 6",efit: 1,,,0,0,0,0,1,,
2026-03-17 00:02:17,7,15,15,0,"fit: 2, efit: 10","fit: 2, efit: 6",efit: 1,,,0,0,0,0,1,,
2026-03-17 00:17:19,7,15,15,0,"fit: 2, efit: 10","fit: 2, efit: 6",,,,0,0,0,0,1,,
2026-03-17 00:37:22,7,15,15,0,"fit: 2, efit: 10","fit: 2, efit: 6",efit: 1,,,0,0,0,0,1,,
2026-03-17 00:42:22,7,15,15,0,"fit: 2, efit: 10","fit: 2, efit: 6",efit: 2,,,0,0,0,0,1,,
2026-03-17 03:57:50,7,15,15,0,"fit: 2, efit: 9","fit: 2, efit: 5",efit: 2,,,0,0,0,0,1,,
2026-03-17 03:58:45,7,15,15,0,"fit: 2, efit: 9","fit: 2, efit: 5",efit: 1,,,0,0,0,0,1,,
2026-03-17 04:02:51,7,15,15,0,"fit: 2, efit: 10","fit: 2, efit: 6",efit: 1,,,0,0,0,0,1,,
2026-03-17 04:23:51,7,15,15,0,"fit: 2, efit: 10","fit: 2, efit: 6",efit: 2,,,0,0,0,0,1,,
2026-03-17 05:02:59,7,15,15,0,"fit: 2, efit: 10","fit: 2, efit: 6",efit: 1,,,0,0,0,0,1,,
2026-03-17 05:25:10,7,15,15,0,"fit: 2, efit: 10","fit: 2, efit: 6",efit: 2,,,0,0,0,0,1,,
2026-03-17 05:38:04,7,15,15,0,"fit: 2, efit: 10","fit: 2, efit: 5",efit: 2,,,0,0,0,0,1,,
2026-03-17 05:48:05,7,15,15,0,"fit: 2, efit: 10","fit: 2, efit: 5",efit: 1,,,0,0,0,0,1,,
2026-03-17 06:13:09,7,15,15,0,"fit: 2, efit: 10","fit: 2, efit: 5",efit: 2,,,0,0,0,0,1,,
2026-03-17 06:29:21,7,15,15,0,"fit: 2, efit: 10","fit: 2, efit: 5",efit: 1,,,0,0,0,0,1,,
2026-03-17 06:50:23,7,15,15,0,"fit: 2, efit: 9","fit: 2, efit: 4",efit: 1,,,0,0,0,0,1,,
2026-03-17 06:54:26,7,15,15,0,"fit: 2, efit: 9","fit: 2, efit: 4",efit: 2,,,0,0,0,0,1,,
2026-03-17 07:14:31,7,15,15,0,"fit: 2, efit: 8","fit: 2, efit: 3",efit: 2,,,0,0,0,0,1,,
2026-03-17 07:25:29,7,15,15,0,"fit: 2, efit: 8","fit: 2, efit: 3",efit: 1,,,0,0,0,0,1,,
2026-03-17 07:49:40,7,15,15,0,"fit: 2, efit: 8","fit: 2, efit: 3",efit: 2,,,0,0,0,0,1,,
2026-03-17 08:08:24,7,15,15,0,"fit: 2, efit: 7","fit: 2, efit: 2",efit: 2,,,0,0,0,0,1,,
2026-03-17 09:04:58,7,15,15,0,"fit: 2, efit: 6","fit: 2, efit: 1",efit: 2,,,0,0,0,0,1,,
2026-03-17 09:05:44,7,15,15,0,"fit: 2, efit: 5",fit: 2,efit: 2,,,0,0,0,0,1,,
2026-03-17 09:18:35,7,15,15,0,"fit: 2, efit: 6","fit: 2, efit: 1",efit: 2,,,0,0,0,0,1,,
2026-03-17 11:35:52,7,15,15,0,"fit: 2, efit: 6","fit: 2, efit: 1",efit: 3,,,0,0,0,0,1,,
2026-03-17 12:08:58,7,15,15,0,"fit: 2, efit: 5",fit: 2,efit: 3,,,0,0,0,0,1,,
2026-03-17 12:56:07,7,15,15,0,"fit: 2, efit: 5",fit: 2,efit: 2,,,0,0,0,0,1,,
2026-03-17 13:21:12,7,15,15,0,"fit: 2, efit: 5",fit: 2,efit: 3,,,0,0,0,0,1,,
2026-03-17 13:54:13,7,15,15,0,"fit: 2, efit: 5",fit: 1,"fit: 1, efit: 3",,,0,0,0,0,1,,
2026-03-17 14:36:26,7,15,15,0,"fit: 2, efit: 4",fit: 1,"fit: 1, efit: 2",,,0,0,0,0,1,,
2026-03-17 14:39:20,7,15,15,0,"fit: 2, efit: 3",fit: 1,"fit: 1, efit: 2",,,0,0,0,0,1,,
2026-03-17 14:41:27,7,15,15,0,"fit: 2, efit: 4","fit: 1, efit: 2","fit: 1, efit: 1",,,0,0,0,0,1,,
2026-03-17 14:41:39,7,15,15,0,"fit: 2, efit: 3","fit: 1, efit: 2",fit: 1,,,0,0,0,0,1,,
2026-03-17 14:44:20,7,15,15,0,"fit: 2, efit: 2","fit: 1, efit: 2",fit: 1,,,0,0,0,0,1,,
2026-03-17 14:46:28,7,15,15,0,"fit: 1, efit: 4","fit: 1, efit: 4",,,,0,0,0,0,1,,
2026-03-17 15:16:34,7,15,15,0,"fit: 1, efit: 5","fit: 1, efit: 5",,,,0,0,0,0,1,,
2026-03-17 16:24:34,7,15,15,0,"fit: 1, efit: 6","fit: 1, efit: 6",,,,0,0,0,0,1,,
2026-03-17 16:31:48,7,15,15,0,"fit: 1, efit: 7","fit: 1, efit: 7",,,,0,0,0,0,1,,
2026-03-17 16:39:37,7,15,15,0,"fit: 1, efit: 5","fit: 1, efit: 5",,,,0,0,0,0,1,,
2026-03-17 17:09:41,7,15,15,0,"fit: 1, efit: 6","fit: 1, efit: 6",,,,0,0,0,0,1,,
2026-03-17 18:17:08,7,15,15,0,"fit: 1, efit: 7","fit: 1, efit: 7",,,,0,0,0,0,1,,
2026-03-17 19:42:24,7,15,15,0,"fit: 1, efit: 6","fit: 1, efit: 6",,,,0,0,0,0,1,,
2026-03-17 20:35:11,7,15,15,0,"fit: 1, efit: 7","fit: 1, efit: 7",,,,0,0,0,0,1,,
2026-03-18 00:00:40,7,15,15,0,"fit: 1, efit: 7","fit: 1, efit: 7",,,,0,0,0,0,1,,
2026-03-18 02:18:25,7,15,15,0,"fit: 1, efit: 7","fit: 1, efit: 6",,,,0,0,0,0,1,,
2026-03-18 06:14:03,7,15,15,0,"fit: 1, efit: 6","fit: 1, efit: 6",,,,0,0,0,0,1,,
2026-03-18 06:39:07,7,15,15,0,"fit: 1, efit: 5","fit: 1, efit: 5",,,,0,0,0,0,1,,
2026-03-18 06:46:37,7,15,15,0,"fit: 1, efit: 4","fit: 1, efit: 4",,,,0,0,0,0,1,,
2026-03-18 09:01:56,7,15,15,0,"fit: 1, efit: 5","fit: 1, efit: 5",,,,0,0,0,0,1,,
2026-03-18 12:40:32,7,15,15,0,"fit: 1, efit: 4","fit: 1, efit: 4",,,,0,0,0,0,1,,
2026-03-18 13:10:10,7,15,15,0,"fit: 1, efit: 3","fit: 1, efit: 3",,,,0,0,0,0,1,,
2026-03-18 13:30:14,7,15,15,0,"fit: 1, efit: 2","fit: 1, efit: 2",,,,0,0,0,0,1,,
2026-03-18 14:40:26,7,15,15,0,"fit: 1, efit: 1","fit: 1, efit: 1",,,,0,0,0,0,1,,
2026-03-18 15:15:31,7,15,15,0,"fit: 4, efit: 2","fit: 4, efit: 2",,,,0,0,0,0,1,,
2026-03-18 15:31:05,7,15,15,0,"fit: 4, efit: 1","fit: 4, efit: 1",,,,0,0,0,0,1,,
2026-03-18 17:15:51,7,15,15,0,"fit: 4, efit: 2","fit: 4, efit: 2",,,,0,0,0,0,1,,
2026-03-18 17:33:09,7,15,15,0,"fit: 4, efit: 3","fit: 4, efit: 3",,,,0,0,0,0,1,,
2026-03-18 17:41:30,7,15,15,0,"fit: 4, efit: 4","fit: 4, efit: 4",,,,0,0,0,0,1,,
2026-03-18 17:43:10,7,15,15,0,"fit: 4, efit: 3","fit: 4, efit: 3",,,,0,0,0,0,1,,
2026-03-18 18:48:19,7,15,15,0,"fit: 4, efit: 2","fit: 4, efit: 2",,,,0,0,0,0,1,,
2026-03-18 19:16:10,7,15,15,0,fit: 4,fit: 4,,,,0,0,0,0,1,,
2026-03-18 20:22:01,7,15,15,0,fit: 3,fit: 3,,,,0,0,0,0,1,,
2026-03-18 20:28:33,7,15,15,0,"fit: 3, efit: 1","fit: 3, efit: 1",,,,0,0,0,0,1,,
2026-03-18 20:52:07,7,15,15,0,"fit: 3, efit: 3","fit: 3, efit: 3",,,,0,0,0,0,1,,
2026-03-18 21:01:27,7,15,15,0,"fit: 3, efit: 4","fit: 3, efit: 4",,,,0,0,0,0,1,,
2026-03-18 21:32:15,7,15,15,0,"fit: 3, efit: 3","fit: 3, efit: 3",,,,0,0,0,0,1,,
2026-03-18 22:41:44,7,15,15,0,"fit: 3, efit: 2","fit: 3, efit: 2",,,,0,0,0,0,1,,
2026-03-18 23:31:53,7,15,15,0,"fit: 3, efit: 3","fit: 3, efit: 3",,,,0,0,0,0,1,,
2026-03-18 23:36:53,7,15,15,0,"fit: 3, efit: 4","fit: 3, efit: 4",,,,0,0,0,0,1,,
2026-03-19 00:01:57,7,15,15,0,"fit: 3, efit: 5","fit: 3, efit: 5",,,,0,0,0,0,1,,
2026-03-19 00:02:43,7,15,15,0,"fit: 3, efit: 3","fit: 3, efit: 3",,,,0,0,0,0,1,,
2026-03-19 00:44:09,7,15,15,0,"fit: 3, efit: 2","fit: 3, efit: 2",,,,0,0,0,0,1,,
2026-03-19 00:57:54,7,15,15,0,"fit: 3, efit: 3","fit: 3, efit: 3",,,,0,0,0,0,1,,
2026-03-19 06:39:57,7,15,15,0,"fit: 3, efit: 2","fit: 3, efit: 2",,,,0,0,0,0,1,,
2026-03-19 06:43:59,7,15,15,0,"fit: 3, efit: 3","fit: 3, efit: 3",,,,0,0,0,0,1,,
2026-03-19 08:53:23,7,15,15,0,"fit: 3, efit: 2","fit: 3, efit: 2",,,,0,0,0,0,1,,
2026-03-19 09:00:17,7,15,15,0,"fit: 3, efit: 3","fit: 3, efit: 3",,,,0,0,0,0,1,,
2026-03-19 09:13:26,7,15,15,0,"fit: 3, efit: 2","fit: 3, efit: 2",,,,0,0,0,0,1,,
2026-03-19 09:50:24,7,15,15,0,"fit: 3, efit: 1","fit: 3, efit: 1",,,,0,0,0,0,1,,
2026-03-19 09:53:33,7,15,15,0,fit: 3,fit: 3,,,,0,0,0,0,1,,
2026-03-19 09:54:35,7,15,15,0,"fit: 3, efit: 1","fit: 3, efit: 1",,,,0,0,0,0,1,,
2026-03-19 10:28:38,7,15,15,0,"fit: 3, efit: 2","fit: 3, efit: 2",,,,0,0,0,0,1,,
2026-03-19 10:43:41,7,15,15,0,"fit: 3, efit: 1","fit: 3, efit: 1",,,,0,0,0,0,1,,
2026-03-19 11:04:49,7,15,15,0,"fit: 2, efit: 1","fit: 2, efit: 1",,,,0,0,0,0,1,,
2026-03-19 11:20:37,7,15,15,0,fit: 2,fit: 2,,,,0,0,0,0,1,,
2026-03-19 11:33:49,7,15,15,0,"fit: 2, efit: 1","fit: 2, efit: 1",,,,0,0,0,0,1,,
2026-03-19 11:34:55,7,15,15,0,"fit: 2, efit: 2","fit: 2, efit: 2",,,,0,0,0,0,1,,
2026-03-19 11:35:39,7,15,15,0,"fit: 2, efit: 3","fit: 2, efit: 3",,,,0,0,0,0,1,,
2026-03-19 11:38:50,7,15,15,0,"fit: 2, efit: 4","fit: 2, efit: 4",,,,0,0,0,0,1,,
2026-03-19 11:54:59,7,15,15,0,"fit: 2, efit: 3","fit: 2, efit: 3",,,,0,0,0,0,1,,
2026-03-19 13:55:59,7,15,15,0,"fit: 2, efit: 2","fit: 2, efit: 2",,,,0,0,0,0,1,,
2026-03-19 14:36:05,7,15,15,0,"fit: 2, efit: 1","fit: 2, efit: 1",,,,0,0,0,0,1,,
2026-03-19 14:44:21,7,15,15,0,"fit: 2, efit: 2","fit: 2, efit: 2",,,,0,0,0,0,1,,
2026-03-19 15:00:36,7,15,15,0,"fit: 2, efit: 3","fit: 2, efit: 3",,,,0,0,0,0,1,,
2026-03-19 15:10:38,7,15,15,0,"fit: 2, efit: 2","fit: 2, efit: 2",,,,0,0,0,0,1,,
2026-03-19 15:49:31,7,15,15,0,"fit: 2, efit: 3","fit: 2, efit: 3",,,,0,0,0,0,1,,
2026-03-19 16:00:47,7,15,15,0,"fit: 2, efit: 2","fit: 2, efit: 2",,,,0,0,0,0,1,,
2026-03-19 16:01:17,7,15,15,0,"fit: 2, efit: 1","fit: 2, efit: 1",,,,0,0,0,0,1,,
2026-03-19 16:14:36,7,15,15,0,"fit: 2, efit: 2","fit: 2, efit: 2",,,,0,0,0,0,1,,
2026-03-19 16:40:55,7,15,15,0,"fit: 2, efit: 3","fit: 2, efit: 3",,,,0,0,0,0,1,,
2026-03-19 16:54:42,7,15,15,0,"fit: 2, efit: 2","fit: 2, efit: 2",,,,0,0,0,0,1,,
2026-03-19 16:59:43,7,15,15,0,"fit: 1, efit: 2","fit: 1, efit: 2",,,,0,0,0,0,1,,
2026-03-19 17:19:47,7,15,15,0,"fit: 1, efit: 3","fit: 1, efit: 3",,,,0,0,0,0,1,,
2026-03-19 17:54:53,7,15,15,0,"fit: 1, efit: 2","fit: 1, efit: 1",,,,0,0,0,0,1,,
2026-03-19 17:59:54,7,15,15,0,"fit: 1, efit: 3","fit: 1, efit: 2",,,,0,0,0,0,1,,
2026-03-19 18:14:56,7,15,15,0,"fit: 1, efit: 4","fit: 1, efit: 3",,,,0,0,0,0,1,,
2026-03-19 18:55:03,7,15,15,0,"fit: 1, efit: 5","fit: 1, efit: 4",,,,0,0,0,0,1,,
2026-03-19 19:05:05,7,15,15,0,"fit: 1, efit: 6","fit: 1, efit: 5",,,,0,0,0,0,1,,
2026-03-19 19:06:24,7,15,15,0,"fit: 1, efit: 5","fit: 1, efit: 4",,,,0,0,0,0,1,,
2026-03-19 19:26:28,7,15,15,0,"fit: 1, efit: 6","fit: 1, efit: 5",,,,0,0,0,0,1,,
2026-03-19 19:40:11,7,15,15,0,"fit: 1, efit: 7","fit: 1, efit: 6",,,,0,0,0,0,1,,
2026-03-19 20:00:14,7,15,15,0,"fit: 1, efit: 8","fit: 1, efit: 7",,,,0,0,0,0,1,,
2026-03-19 21:05:26,7,15,15,0,"fit: 1, efit: 9","fit: 1, efit: 8",,,,0,0,0,0,1,,
2026-03-19 21:20:28,7,15,15,0,"fit: 1, efit: 10","fit: 1, efit: 9",,,,0,0,0,0,1,,
2026-03-19 21:27:06,7,15,15,0,"fit: 1, efit: 9","fit: 1, efit: 8",,,,0,0,0,0,1,,
2026-03-19 21:50:33,7,15,15,0,efit: 9,efit: 8,,,,0,0,0,0,1,,
2026-03-19 22:15:38,7,15,15,0,"fit: 1, efit: 9","fit: 1, efit: 8",,,,0,0,0,0,1,,
2026-03-19 22:30:40,7,15,15,0,"fit: 1, efit: 10","fit: 1, efit: 9",,,,0,0,0,0,1,,
2026-03-19 23:37:16,7,15,15,0,"fit: 1, efit: 11","fit: 1, efit: 10",,,,0,0,0,0,1,,
2026-03-20 00:00:55,7,15,15,0,"fit: 1, efit: 11","fit: 1, efit: 10",,,,0,0,0,0,1,,
2026-03-20 06:43:23,7,15,15,0,"fit: 1, efit: 10","fit: 1, efit: 9",,,,0,0,0,0,1,,
2026-03-20 08:22:17,7,15,15,0,"fit: 1, efit: 9","fit: 1, efit: 8",,,,0,0,0,0,1,,
2026-03-20 08:57:23,7,15,15,0,"fit: 1, efit: 9","fit: 1, efit: 7",,,,0,0,0,0,1,,
2026-03-20 09:18:46,7,15,15,0,"fit: 1, efit: 9","fit: 1, efit: 8",,,,0,0,0,0,1,,
2026-03-20 09:37:30,7,15,15,0,"fit: 1, efit: 8","fit: 1, efit: 7",,,,0,0,0,0,1,,
2026-03-20 09:42:31,7,15,15,0,"fit: 1, efit: 7","fit: 1, efit: 6",,,,0,0,0,0,1,,
2026-03-20 10:43:58,7,15,15,0,"fit: 1, efit: 6","fit: 1, efit: 5",,,,0,0,0,0,1,,
2026-03-20 11:19:04,7,15,15,0,"fit: 1, efit: 6","fit: 1, efit: 4",,,,0,0,0,0,1,,
2026-03-20 11:22:48,7,15,15,0,"fit: 1, efit: 5","fit: 1, efit: 3",,,,0,0,0,0,1,,
2026-03-20 11:39:07,7,15,15,0,"fit: 1, efit: 4","fit: 1, efit: 2",,,,0,0,0,0,1,,
2026-03-20 11:59:35,7,15,15,0,"fit: 1, efit: 3","fit: 1, efit: 1",,,,0,0,0,0,1,,
2026-03-20 12:02:54,7,15,15,0,"fit: 1, efit: 4","fit: 1, efit: 2",,,,0,0,0,0,1,,
2026-03-20 12:19:39,7,15,15,0,"fit: 1, efit: 4","fit: 1, efit: 3",,,,0,0,0,0,1,,
2026-03-20 12:39:16,7,15,15,0,"fit: 1, efit: 5","fit: 1, efit: 4",,,,0,0,0,0,1,,
2026-03-20 12:58:04,7,15,15,0,"fit: 1, efit: 6","fit: 1, efit: 5",,,,0,0,0,0,1,,
2026-03-20 15:13:26,7,15,15,0,"fit: 1, efit: 8","fit: 1, efit: 7",,,,0,0,0,0,1,,
2026-03-20 15:23:27,7,15,15,0,"fit: 1, efit: 8","fit: 1, efit: 6",,,,0,0,0,0,1,,
2026-03-20 15:53:32,7,15,15,0,"fit: 1, efit: 8","fit: 1, efit: 7",,,,0,0,0,0,1,,
2026-03-20 16:48:42,7,15,15,0,"fit: 1, efit: 9","fit: 1, efit: 8",,,,0,0,0,0,1,,
2026-03-20 16:53:42,7,15,15,0,"fit: 1, efit: 8","fit: 1, efit: 6",,,,0,0,0,0,1,,
2026-03-20 17:23:47,7,15,15,0,"fit: 1, efit: 9","fit: 1, efit: 8",,,,0,0,0,0,1,,
2026-03-20 17:24:57,7,15,15,0,"fit: 1, efit: 10","fit: 1, efit: 9",,,,0,0,0,0,1,,
2026-03-20 17:25:38,7,15,15,0,"fit: 1, efit: 9","fit: 1, efit: 8",,,,0,0,0,0,1,,
2026-03-20 17:28:49,7,15,15,0,"fit: 1, efit: 10","fit: 1, efit: 9",,,,0,0,0,0,1,,
2026-03-20 18:23:58,7,15,15,0,"fit: 1, efit: 10","fit: 1, efit: 8",,,,0,0,0,0,1,,
2026-03-20 18:54:03,7,15,15,0,"fit: 1, efit: 10","fit: 1, efit: 9",,,,0,0,0,0,1,,
2026-03-20 18:59:04,7,15,15,0,"fit: 1, efit: 11","fit: 1, efit: 10",,,,0,0,0,0,1,,
2026-03-20 19:44:11,7,15,15,0,"fit: 1, efit: 10","fit: 1, efit: 9",,,,0,0,0,0,1,,
2026-03-20 19:49:12,7,15,15,0,"fit: 1, efit: 11","fit: 1, efit: 10",,,,0,0,0,0,1,,
2026-03-20 19:54:13,7,15,15,0,"fit: 1, efit: 12","fit: 1, efit: 11",,,,0,0,0,0,1,,
2026-03-20 20:46:17,7,15,15,0,"fit: 1, efit: 13","fit: 1, efit: 12",,,,0,0,0,0,1,,
2026-03-20 21:54:33,7,15,15,0,"fit: 1, efit: 13","fit: 1, efit: 11",,,,0,0,0,0,1,,
2026-03-20 22:24:38,7,15,15,0,"fit: 1, efit: 13","fit: 1, efit: 12",,,,0,0,0,0,1,,
2026-03-20 22:29:39,7,15,15,0,"fit: 1, efit: 12","fit: 1, efit: 11",,,,0,0,0,0,1,,
2026-03-20 22:30:43,7,15,15,0,"fit: 1, efit: 13","fit: 1, efit: 12",,,,0,0,0,0,1,,
2026-03-20 22:39:40,7,15,15,0,"fit: 1, efit: 12","fit: 1, efit: 11",,,,0,0,0,0,1,,
2026-03-20 23:25:51,7,15,15,0,"fit: 1, efit: 12","fit: 1, efit: 10",,,,0,0,0,0,1,,
2026-03-20 23:55:56,7,15,15,0,"fit: 1, efit: 12","fit: 1, efit: 11",,,,0,0,0,0,1,,
2026-03-21 00:00:56,7,15,15,0,"fit: 1, efit: 12","fit: 1, efit: 11",,,,0,0,0,0,1,,
2026-03-21 00:16:57,7,15,15,0,"fit: 1, efit: 11","fit: 1, efit: 10",,,,0,0,0,0,1,,
2026-03-21 00:19:57,7,15,15,0,"fit: 1, efit: 12","fit: 1, efit: 11",,,,0,0,0,0,1,,
2026-03-21 00:51:04,7,15,15,0,"fit: 1, efit: 11","fit: 1, efit: 10",,,,0,0,0,0,1,,
2026-03-21 01:56:13,7,15,15,0,"fit: 1, efit: 11","fit: 1, efit: 9",,,,0,0,0,0,1,,
2026-03-21 02:00:13,7,15,15,0,"fit: 1, efit: 12","fit: 1, efit: 10",,,,0,0,0,0,1,,
2026-03-21 02:02:17,7,15,15,0,"fit: 1, efit: 11","fit: 1, efit: 9",,,,0,0,0,0,1,,
2026-03-21 05:42:59,7,15,15,0,"fit: 1, efit: 12","fit: 1, efit: 10",,,,0,0,0,0,1,,
2026-03-21 06:35:59,7,15,15,0,"fit: 1, efit: 11","fit: 1, efit: 9",,,,0,0,0,0,1,,
2026-03-21 06:51:02,7,15,15,0,"fit: 1, efit: 12","fit: 1, efit: 10",,,,0,0,0,0,1,,
2026-03-21 09:38:44,7,15,15,0,"fit: 1, efit: 11","fit: 1, efit: 9",,,,0,0,0,0,1,,
2026-03-21 10:01:33,7,15,15,0,efit: 11,efit: 9,,,,0,0,0,0,1,,
2026-03-21 10:18:52,7,15,15,0,efit: 10,efit: 8,,,,0,0,0,0,1,,
2026-03-21 10:23:53,7,15,15,0,efit: 11,efit: 9,,,,0,0,0,0,1,,
2026-03-21 10:26:37,7,15,15,0,efit: 8,efit: 7,,,,0,0,0,0,1,,
2026-03-21 10:28:54,7,15,15,0,efit: 7,efit: 6,,,,0,0,0,0,1,,
2026-03-21 10:31:37,7,15,15,0,efit: 5,efit: 5,,,,0,0,0,0,1,,
2026-03-21 10:32:27,7,15,15,0,efit: 6,efit: 6,,,,0,0,0,0,1,,
2026-03-21 10:36:38,7,15,15,0,efit: 7,efit: 7,,,,0,0,0,0,1,,
2026-03-21 10:41:39,7,15,15,0,efit: 7,efit: 6,,,,0,0,0,0,1,,
2026-03-21 11:01:42,7,15,15,0,efit: 6,efit: 5,,,,0,0,0,0,1,,
2026-03-21 11:02:32,7,15,15,0,efit: 7,efit: 6,,,,0,0,0,0,1,,
2026-03-21 11:04:01,7,15,15,0,efit: 6,efit: 5,,,,0,0,0,0,1,,
2026-03-21 12:04:12,7,15,15,0,efit: 7,efit: 6,,,,0,0,0,0,1,,
2026-03-21 12:11:54,7,15,15,0,efit: 8,efit: 7,,,,0,0,0,0,1,,
2026-03-21 12:16:55,7,15,15,0,efit: 7,efit: 6,,,,0,0,0,0,1,,
2026-03-21 12:21:56,7,15,15,0,efit: 6,efit: 5,,,,0,0,0,0,1,,
2026-03-21 12:24:16,7,15,15,0,efit: 5,efit: 4,,,,0,0,0,0,1,,
2026-03-21 12:36:58,7,15,15,0,"fit: 1, efit: 4","fit: 1, efit: 3",,,,0,0,0,0,1,,
2026-03-21 12:39:19,7,15,15,0,"fit: 1, efit: 5","fit: 1, efit: 4",,,,0,0,0,0,1,,
2026-03-21 12:41:59,7,15,15,0,"fit: 1, efit: 6","fit: 1, efit: 5",,,,0,0,0,0,1,,
2026-03-21 12:57:02,7,15,15,0,"fit: 1, efit: 7","fit: 1, efit: 6",,,,0,0,0,0,1,,
2026-03-21 13:02:02,7,15,15,0,"fit: 1, efit: 8","fit: 1, efit: 7",,,,0,0,0,0,1,,
2026-03-21 13:22:06,7,15,15,0,"fit: 1, efit: 7","fit: 1, efit: 6",,,,0,0,0,0,1,,
2026-03-21 13:47:10,7,15,15,0,"fit: 1, efit: 8","fit: 1, efit: 7",,,,0,0,0,0,1,,
2026-03-21 13:52:57,7,15,15,0,"fit: 1, efit: 7","fit: 1, efit: 6",,,,0,0,0,0,1,,
2026-03-21 13:54:33,7,15,15,0,"fit: 1, efit: 6","fit: 1, efit: 5",,,,0,0,0,0,1,,
2026-03-21 13:57:12,7,15,15,0,"fit: 3, efit: 6","fit: 3, efit: 5",,,,0,0,0,0,1,,
2026-03-21 14:07:13,7,15,15,0,"fit: 3, efit: 4","fit: 3, efit: 3",,,,0,0,0,0,1,,
2026-03-21 14:24:39,7,15,15,0,"fit: 3, efit: 2","fit: 3, efit: 1",,,,0,0,0,0,1,,
2026-03-21 14:47:20,7,15,15,0,"fit: 3, efit: 1",fit: 3,,,,0,0,0,0,1,,
2026-03-21 14:54:45,7,15,15,0,"fit: 2, efit: 1",fit: 2,,,,0,0,0,0,1,,
2026-03-21 14:59:46,7,15,15,0,"fit: 3, efit: 1",fit: 3,,,,0,0,0,0,1,,
2026-03-21 15:07:23,7,15,15,0,"fit: 3, efit: 2","fit: 3, efit: 1",,,,0,0,0,0,1,,
2026-03-21 15:42:29,7,15,15,0,"fit: 3, efit: 3","fit: 3, efit: 2",,,,0,0,0,0,1,,
2026-03-21 15:44:55,7,15,15,0,"fit: 4, efit: 3","fit: 4, efit: 2",,,,0,0,0,0,1,,
2026-03-21 15:52:31,7,15,15,0,"fit: 4, efit: 2","fit: 4, efit: 1",,,,0,0,0,0,1,,
2026-03-21 16:12:35,7,15,15,0,"fit: 4, efit: 1",fit: 4,,,,0,0,0,0,1,,
2026-03-21 16:18:19,7,15,15,0,"fit: 4, efit: 2","fit: 4, efit: 1",,,,0,0,0,0,1,,
2026-03-21 17:07:43,7,15,15,0,"fit: 4, efit: 1",fit: 4,,,,0,0,0,0,1,,
2026-03-21 17:45:18,7,15,15,0,"fit: 4, efit: 3","fit: 4, efit: 2",,,,0,0,0,0,1,,
2026-03-21 17:55:20,7,15,15,0,"fit: 4, efit: 2","fit: 4, efit: 1",,,,0,0,0,0,1,,
2026-03-21 18:00:21,7,15,15,0,"fit: 4, efit: 3","fit: 4, efit: 2",,,,0,0,0,0,1,,
2026-03-21 18:30:27,7,15,15,0,"fit: 4, efit: 2","fit: 4, efit: 1",,,,0,0,0,0,1,,
2026-03-21 19:05:34,7,15,15,0,"fit: 4, efit: 1",fit: 4,,,,0,0,0,0,1,,
2026-03-21 19:28:47,7,15,15,0,"fit: 4, efit: 2","fit: 4, efit: 1",,,,0,0,0,0,1,,
2026-03-21 19:43:09,7,15,15,0,"fit: 4, efit: 3","fit: 4, efit: 2",,,,0,0,0,0,1,,
2026-03-21 19:48:50,7,15,15,0,"fit: 4, efit: 4","fit: 4, efit: 3",,,,0,0,0,0,1,,
2026-03-21 20:08:52,7,15,15,0,"fit: 4, efit: 5","fit: 4, efit: 4",,,,0,0,0,0,1,,
2026-03-21 21:05:57,7,15,15,0,"fit: 5, efit: 5","fit: 5, efit: 4",,,,0,0,0,0,1,,
2026-03-21 21:26:01,7,15,15,0,"fit: 5, efit: 4","fit: 5, efit: 3",,,,0,0,0,0,1,,
2026-03-21 22:06:09,7,15,15,0,"fit: 5, efit: 2","fit: 5, efit: 1",,,,0,0,0,0,1,,
2026-03-21 22:11:10,7,15,15,0,"fit: 5, efit: 1",fit: 5,,,,0,0,0,0,1,,
2026-03-21 22:18:34,7,15,15,0,"fit: 6, efit: 1",fit: 6,,,,0,0,0,0,1,,
2026-03-21 22:31:14,7,15,15,0,"fit: 6, efit: 2","fit: 6, efit: 1",,,,0,0,0,0,1,,
2026-03-21 23:01:19,7,15,15,0,"fit: 6, efit: 1",fit: 6,,,,0,0,0,0,1,,
2026-03-22 00:01:31,7,15,15,0,"fit: 6, efit: 1",fit: 6,,,,0,0,0,0,1,,
2026-03-22 00:56:41,7,15,15,0,"fit: 6, efit: 4","fit: 6, efit: 3",,,,0,0,0,0,1,,
2026-03-22 01:59:43,7,15,15,0,"fit: 6, efit: 5","fit: 6, efit: 4",,,,0,0,0,0,1,,
2026-03-22 02:14:46,7,15,15,0,"fit: 6, efit: 6","fit: 6, efit: 5",,,,0,0,0,0,1,,
2026-03-22 02:29:15,7,15,15,0,"fit: 6, efit: 7","fit: 6, efit: 6",,,,0,0,0,0,1,,
2026-03-22 02:29:48,7,15,15,0,"fit: 6, efit: 7","fit: 6, efit: 5",,,,0,0,0,0,1,,
2026-03-22 02:44:17,7,15,15,0,"fit: 6, efit: 6","fit: 6, efit: 4",,,,0,0,0,0,1,,
2026-03-22 02:59:20,7,15,15,0,"fit: 6, efit: 7","fit: 6, efit: 5",,,,0,0,0,0,1,,
2026-03-22 05:19:42,7,15,15,0,"fit: 6, efit: 6","fit: 6, efit: 4",,,,0,0,0,0,1,,
2026-03-22 06:00:19,7,15,15,0,"fit: 6, efit: 7","fit: 6, efit: 4",,,,0,0,0,0,1,,
2026-03-22 06:32:44,7,15,15,0,"fit: 6, efit: 6","fit: 6, efit: 3",,,,0,0,0,0,1,,
2026-03-22 06:42:46,7,15,15,0,"fit: 6, efit: 6","fit: 6, efit: 4",,,,0,0,0,0,1,,
2026-03-22 06:44:56,7,15,15,0,"fit: 6, efit: 6","fit: 6, efit: 3",,,,0,0,0,0,1,,
2026-03-22 06:54:58,7,15,15,0,"fit: 6, efit: 7","fit: 6, efit: 4",,,,0,0,0,0,1,,
2026-03-22 07:27:55,7,15,15,0,"fit: 6, efit: 6","fit: 6, efit: 3",,,,0,0,0,0,1,,
2026-03-22 07:32:56,7,15,15,0,"fit: 6, efit: 5","fit: 6, efit: 2",,,,0,0,0,0,1,,
2026-03-22 07:42:58,7,15,15,0,"fit: 6, efit: 4","fit: 6, efit: 1",,,,0,0,0,0,1,,
2026-03-22 09:03:13,7,15,15,0,"fit: 6, efit: 3",fit: 6,,,,0,0,0,0,1,,
2026-03-22 10:13:26,7,15,15,0,"fit: 6, efit: 4","fit: 6, efit: 1",,,,0,0,0,0,1,,
2026-03-22 10:23:28,7,15,15,0,"fit: 6, efit: 5","fit: 6, efit: 2",,,,0,0,0,0,1,,
2026-03-22 10:38:31,7,15,15,0,"fit: 6, efit: 4","fit: 6, efit: 1",,,,0,0,0,0,1,,
2026-03-22 10:45:36,7,15,15,0,"fit: 6, efit: 3",fit: 6,,,,0,0,0,0,1,,
2026-03-22 11:13:37,7,15,15,0,"fit: 5, efit: 3",fit: 5,,,,0,0,0,0,1,,
2026-03-22 11:28:40,7,15,15,0,"fit: 5, efit: 4","fit: 5, efit: 1",,,,0,0,0,0,1,,
2026-03-22 11:30:43,7,15,15,0,"fit: 6, efit: 4","fit: 6, efit: 1",,,,0,0,0,0,1,,
2026-03-22 11:43:43,7,15,15,0,"fit: 6, efit: 3",fit: 6,,,,0,0,0,0,1,,
2026-03-22 11:48:44,7,15,15,0,"fit: 5, efit: 3",fit: 5,,,,0,0,0,0,1,,
2026-03-22 11:50:47,7,15,15,0,"fit: 4, efit: 3",fit: 4,,,,0,0,0,0,1,,
2026-03-22 11:58:46,7,15,15,0,"fit: 3, efit: 3",fit: 3,,,,0,0,0,0,1,,
2026-03-22 12:40:55,7,15,15,0,"fit: 3, efit: 4","fit: 3, efit: 1",,,,0,0,0,0,1,,
2026-03-22 12:43:54,7,15,15,0,"fit: 3, efit: 3",fit: 3,,,,0,0,0,0,1,,
2026-03-22 12:55:57,7,15,15,0,"fit: 3, efit: 4","fit: 3, efit: 1",,,,0,0,0,0,1,,
2026-03-22 12:58:57,7,15,15,0,"fit: 4, efit: 4","fit: 4, efit: 1",,,,0,0,0,0,1,,
2026-03-22 13:00:58,7,15,15,0,"fit: 4, efit: 3",fit: 4,,,,0,0,0,0,1,,
2026-03-22 13:14:00,7,15,15,0,"fit: 4, efit: 4","fit: 4, efit: 1",,,,0,0,0,0,1,,
2026-03-22 13:19:01,7,15,15,0,"fit: 4, efit: 5","fit: 4, efit: 2",,,,0,0,0,0,1,,
2026-03-22 13:49:07,7,15,15,0,"fit: 4, efit: 4","fit: 4, efit: 1",,,,0,0,0,0,1,,
2026-03-22 14:19:13,7,15,15,0,"fit: 4, efit: 5","fit: 4, efit: 2",,,,0,0,0,0,1,,
2026-03-22 14:21:12,7,15,15,0,"fit: 4, efit: 4","fit: 4, efit: 1",,,,0,0,0,0,1,,
2026-03-22 14:51:17,7,15,15,0,"fit: 4, efit: 3",fit: 4,,,,0,0,0,0,1,,
2026-03-22 16:01:29,7,15,15,0,"fit: 4, efit: 4","fit: 4, efit: 1",,,,0,0,0,0,1,,
2026-03-22 16:24:38,7,15,15,0,"fit: 4, efit: 3",fit: 4,,,,0,0,0,0,1,,
2026-03-22 16:26:33,7,15,15,0,"fit: 3, efit: 3",fit: 3,,,,0,0,0,0,1,,
2026-03-22 16:34:40,7,15,15,0,"fit: 2, efit: 3",fit: 2,,,,0,0,0,0,1,,
2026-03-22 17:01:39,7,15,15,0,"fit: 1, efit: 3",fit: 1,,,,0,0,0,0,1,,
2026-03-22 17:04:46,7,15,15,0,"fit: 1, efit: 4","fit: 1, efit: 1",,,,0,0,0,0,1,,
2026-03-22 18:14:59,7,15,15,0,"fit: 1, efit: 3",fit: 1,,,,0,0,0,0,1,,
2026-03-22 18:30:02,7,15,15,0,"fit: 1, efit: 4","fit: 1, efit: 1",,,,0,0,0,0,1,,
2026-03-22 19:40:16,7,15,15,0,"fit: 1, efit: 3",fit: 1,,,,0,0,0,0,1,,
2026-03-22 19:47:20,7,15,15,0,"fit: 1, efit: 4","fit: 1, efit: 1",,,,0,0,0,0,1,,
2026-03-22 19:55:19,7,15,15,0,"fit: 1, efit: 3",fit: 1,,,,0,0,0,0,1,,
2026-03-22 19:57:08,7,15,15,0,"fit: 1, efit: 4","fit: 1, efit: 1",,,,0,0,0,0,1,,
2026-03-22 21:50:41,7,15,15,0,"fit: 1, efit: 3",fit: 1,,,,0,0,0,0,1,,
2026-03-22 22:15:45,7,15,15,0,"fit: 1, efit: 4","fit: 1, efit: 1",,,,0,0,0,0,1,,
2026-03-22 23:20:57,7,15,15,0,"fit: 1, efit: 5","fit: 1, efit: 2",,,,0,0,0,0,1,,
2026-03-23 00:01:05,7,15,15,0,"fit: 1, efit: 5","fit: 1, efit: 2",,,,0,0,0,0,1,,
2026-03-23 06:02:13,7,15,15,0,"fit: 1, efit: 5","fit: 1, efit: 2",efit: 1,,,0,0,0,0,1,,
2026-03-23 06:38:47,7,15,15,0,"fit: 1, efit: 6","fit: 1, efit: 3",efit: 1,,,0,0,0,0,1,,
2026-03-23 06:42:20,7,15,15,0,"fit: 1, efit: 5","fit: 1, efit: 2",efit: 1,,,0,0,0,0,1,,
2026-03-23 07:38:54,7,15,15,0,"fit: 1, efit: 4","fit: 1, efit: 1",efit: 1,,,0,0,0,0,1,,
2026-03-23 08:29:01,7,15,15,0,"fit: 1, efit: 3",fit: 1,efit: 1,,,0,0,0,0,1,,
2026-03-23 08:47:47,7,15,15,0,"fit: 1, efit: 3",fit: 1,efit: 2,,,0,0,0,0,1,,
2026-03-23 09:19:08,7,15,15,0,"fit: 1, efit: 2",fit: 1,efit: 1,,,0,0,0,0,1,,
2026-03-23 09:22:54,7,15,15,0,"fit: 2, efit: 3","fit: 2, efit: 3",,,,0,0,0,0,1,,
2026-03-23 11:39:29,7,15,15,0,"fit: 2, efit: 4","fit: 2, efit: 4",,,,0,0,0,0,1,,
2026-03-23 11:58:24,7,15,15,0,"fit: 2, efit: 3","fit: 2, efit: 3",,,,0,0,0,0,1,,
2026-03-23 12:18:28,7,15,15,0,"fit: 3, efit: 2","fit: 3, efit: 2",,,,0,0,0,0,1,,
2026-03-23 13:19:45,7,15,15,0,"fit: 3, efit: 1","fit: 3, efit: 1",,,,0,0,0,0,1,,
2026-03-23 13:33:43,7,15,15,0,"fit: 3, efit: 2","fit: 3, efit: 2",,,,0,0,0,0,1,,
2026-03-23 13:34:47,7,15,15,0,"fit: 3, efit: 1","fit: 3, efit: 1",,,,0,0,0,0,1,,
2026-03-23 13:53:47,7,15,15,0,fit: 3,fit: 3,,,,0,0,0,0,1,,
2026-03-23 14:48:58,7,15,15,0,"fit: 3, efit: 1","fit: 3, efit: 1",,,,0,0,0,0,1,,
2026-03-23 14:53:59,7,15,15,0,fit: 3,fit: 3,,,,0,0,0,0,1,,
2026-03-23 15:19:04,7,15,15,0,"fit: 3, efit: 1","fit: 3, efit: 1",,,,0,0,0,0,1,,
2026-03-23 15:40:17,7,15,15,0,"fit: 3, efit: 2","fit: 3, efit: 2",,,,0,0,0,0,1,,
2026-03-23 16:09:13,7,15,15,0,"fit: 3, efit: 1","fit: 3, efit: 1",,,,0,0,0,0,1,,
2026-03-23 16:39:19,7,15,15,0,"fit: 2, efit: 1","fit: 2, efit: 1",,,,0,0,0,0,1,,
2026-03-23 17:45:25,7,15,15,0,"fit: 2, efit: 2","fit: 2, efit: 2",,,,0,0,0,0,1,,
2026-03-23 18:24:39,7,15,15,0,"fit: 2, efit: 3","fit: 2, efit: 3",,,,0,0,0,0,1,,
2026-03-23 18:54:45,7,15,15,0,"fit: 2, efit: 2","fit: 2, efit: 2",,,,0,0,0,0,1,,
2026-03-23 19:05:52,7,15,15,0,"fit: 3, efit: 2","fit: 3, efit: 2",,,,0,0,0,0,1,,
2026-03-23 21:55:21,7,15,15,0,"fit: 3, efit: 3","fit: 3, efit: 3",,,,0,0,0,0,1,,
2026-03-23 23:15:36,7,15,15,0,"fit: 3, efit: 4","fit: 3, efit: 4",,,,0,0,0,0,1,,
2026-03-24 00:00:45,7,15,15,0,"fit: 3, efit: 4","fit: 3, efit: 4",,,,0,0,0,0,1,,
2026-03-24 06:42:01,7,15,15,0,"fit: 3, efit: 3","fit: 3, efit: 3",,,,0,0,0,0,1,,
2026-03-24 07:22:54,7,15,15,0,"fit: 3, efit: 2","fit: 3, efit: 2",,,,0,0,0,0,1,,
2026-03-24 08:32:22,7,15,15,0,"fit: 3, efit: 1","fit: 3, efit: 1",,,,0,0,0,0,1,,
2026-03-24 09:52:38,7,15,15,0,fit: 3,fit: 3,,,,0,0,0,0,1,,
2026-03-24 10:07:41,7,15,15,0,fit: 2,fit: 2,,,,0,0,0,0,1,,
2026-03-24 12:25:59,7,15,15,0,"fit: 2, efit: 1","fit: 2, efit: 1",,,,0,0,0,0,1,,
2026-03-24 12:31:28,7,15,15,0,fit: 2,fit: 2,,,,0,0,0,0,1,,
2026-03-24 12:41:02,7,15,15,0,fit: 1,fit: 1,,,,0,0,0,0,1,,
2026-03-24 13:21:09,7,15,15,0,"fit: 1, efit: 1","fit: 1, efit: 1",,,,0,0,0,0,1,,
2026-03-24 14:52:14,7,15,15,0,fit: 1,fit: 1,,,,0,0,0,0,1,,
2026-03-24 15:16:29,7,15,15,0,"fit: 1, efit: 1","fit: 1, efit: 1",,,,0,0,0,0,1,,
2026-03-24 15:31:56,7,15,15,0,"fit: 1, efit: 2","fit: 1, efit: 2",,,,0,0,0,0,1,,
2026-03-24 15:46:35,7,15,15,0,"fit: 1, efit: 1","fit: 1, efit: 1",,,,0,0,0,0,1,,
2026-03-24 16:16:40,7,15,15,0,"fit: 1, efit: 2","fit: 1, efit: 2",,,,0,0,0,0,1,,
2026-03-24 16:36:43,7,15,15,0,"fit: 1, efit: 3","fit: 1, efit: 3",,,,0,0,0,0,1,,
2026-03-24 17:26:52,7,15,15,0,"fit: 1, efit: 4","fit: 1, efit: 4",,,,0,0,0,0,1,,
2026-03-24 17:36:54,7,15,15,0,"fit: 1, efit: 3","fit: 1, efit: 3",,,,0,0,0,0,1,,
2026-03-24 17:41:55,7,15,15,0,"fit: 1, efit: 2","fit: 1, efit: 2",,,,0,0,0,0,1,,
2026-03-24 18:22:02,7,15,15,0,"fit: 1, efit: 1","fit: 1, efit: 1",,,,0,0,0,0,1,,
2026-03-24 18:32:04,7,15,15,0,"fit: 1, efit: 2","fit: 1, efit: 2",,,,0,0,0,0,1,,
2026-03-24 18:42:05,7,15,15,0,"fit: 1, efit: 3","fit: 1, efit: 3",,,,0,0,0,0,1,,
2026-03-24 18:57:08,7,15,15,0,"fit: 1, efit: 2","fit: 1, efit: 2",,,,0,0,0,0,1,,
2026-03-24 20:37:25,7,15,15,0,"fit: 1, efit: 1","fit: 1, efit: 1",,,,0,0,0,0,1,,
2026-03-24 23:30:09,7,15,15,0,"fit: 1, efit: 2","fit: 1, efit: 2",,,,0,0,0,0,1,,
2026-03-25 00:00:14,7,15,15,0,"fit: 1, efit: 2","fit: 1, efit: 2",,,,0,0,0,0,1,,
2026-03-25 03:55:49,7,15,15,0,"fit: 1, efit: 1","fit: 1, efit: 1",,,,0,0,0,0,1,,
2026-03-25 04:05:50,7,15,15,0,"fit: 1, efit: 2","fit: 1, efit: 2",,,,0,0,0,0,1,,
2026-03-25 07:46:23,7,15,15,0,"fit: 1, efit: 3","fit: 1, efit: 3",,,,0,0,0,0,1,,
2026-03-25 08:22:20,7,15,15,0,"fit: 1, efit: 2","fit: 1, efit: 2",,,,0,0,0,0,1,,
2026-03-25 09:16:37,7,15,15,0,"fit: 1, efit: 1","fit: 1, efit: 1",,,,0,0,0,0,1,,
2026-03-25 09:36:40,7,15,15,0,fit: 1,fit: 1,,,,0,0,0,0,1,,
2026-03-25 09:42:09,7,15,15,0,,,,,,0,0,0,0,1,,
2026-03-25 10:41:50,7,15,15,0,"fit: 1, efit: 5","fit: 1, efit: 5",,,,0,0,0,0,1,,
2026-03-25 10:46:50,7,15,15,0,"fit: 1, efit: 4","fit: 1, efit: 4",,,,0,0,0,0,1,,
2026-03-25 11:21:56,7,15,15,0,"fit: 2, efit: 4","fit: 2, efit: 4",,,,0,0,0,0,1,,
2026-03-25 11:26:56,7,15,15,0,"fit: 2, efit: 3","fit: 2, efit: 3",,,,0,0,0,0,1,,
2026-03-25 11:52:00,7,15,15,0,"fit: 2, efit: 2","fit: 2, efit: 2",,,,0,0,0,0,1,,
2026-03-25 11:57:01,7,15,15,0,"fit: 2, efit: 3","fit: 2, efit: 3",,,,0,0,0,0,1,,
2026-03-25 12:02:02,7,15,15,0,"fit: 2, efit: 2","fit: 2, efit: 2",,,,0,0,0,0,1,,
2026-03-25 12:32:06,7,15,15,0,"fit: 2, efit: 1","fit: 2, efit: 1",,,,0,0,0,0,1,,
2026-03-25 14:17:23,7,15,15,0,"fit: 2, efit: 2","fit: 2, efit: 2",,,,0,0,0,0,1,,
2026-03-25 14:37:26,7,15,15,0,"fit: 2, efit: 1","fit: 2, efit: 1",,,,0,0,0,0,1,,
2026-03-25 14:52:28,7,15,15,0,fit: 2,fit: 2,,,,0,0,0,0,1,,
2026-03-25 14:58:38,7,15,15,0,"fit: 2, efit: 1","fit: 2, efit: 1",,,,0,0,0,0,1,,
2026-03-25 15:07:30,7,15,15,0,"fit: 2, efit: 2","fit: 2, efit: 2",,,,0,0,0,0,1,,
2026-03-25 15:22:33,7,15,15,0,"fit: 2, efit: 1","fit: 2, efit: 1",,,,0,0,0,0,1,,
2026-03-25 15:42:36,7,15,15,0,"fit: 2, efit: 2","fit: 2, efit: 2",,,,0,0,0,0,1,,
2026-03-25 15:48:48,7,15,15,0,"fit: 2, efit: 3","fit: 2, efit: 3",,,,0,0,0,0,1,,
2026-03-25 16:07:40,7,15,15,0,"fit: 2, efit: 2","fit: 2, efit: 2",,,,0,0,0,0,1,,
2026-03-25 16:12:40,7,15,15,0,"fit: 2, efit: 3","fit: 2, efit: 3",,,,0,0,0,0,1,,
2026-03-25 16:13:53,7,15,15,0,"fit: 3, efit: 3","fit: 3, efit: 3",,,,0,0,0,0,1,,
2026-03-25 17:22:52,7,15,15,0,"fit: 3, efit: 2","fit: 3, efit: 2",,,,0,0,0,0,1,,
2026-03-25 17:34:09,7,15,15,0,"fit: 3, efit: 3","fit: 3, efit: 3",,,,0,0,0,0,1,,
2026-03-25 18:18:00,7,15,15,0,"fit: 3, efit: 2","fit: 3, efit: 2",,,,0,0,0,0,1,,
2026-03-25 18:44:23,7,15,15,0,"fit: 3, efit: 1","fit: 3, efit: 1",,,,0,0,0,0,1,,
2026-03-25 18:53:05,7,15,15,0,"fit: 3, efit: 2","fit: 3, efit: 2",,,,0,0,0,0,1,,
2026-03-25 21:24:55,7,15,15,0,"fit: 3, efit: 3","fit: 3, efit: 3",,,,0,0,0,0,1,,
2026-03-25 21:34:57,7,15,15,0,"fit: 3, efit: 2","fit: 3, efit: 2",,,,0,0,0,0,1,,
2026-03-25 22:03:34,7,15,15,0,"fit: 3, efit: 1","fit: 3, efit: 1",,,,0,0,0,0,1,,
2026-03-25 23:28:46,7,15,15,0,"fit: 3, efit: 2","fit: 3, efit: 2",,,,0,0,0,0,1,,
2026-03-26 00:00:26,7,15,15,0,"fit: 3, efit: 2","fit: 3, efit: 2",,,,0,0,0,0,1,,
2026-03-26 00:55:37,7,15,15,0,"fit: 3, efit: 1","fit: 3, efit: 1",,,,0,0,0,0,1,,
2026-03-26 02:04:09,7,15,15,0,fit: 3,fit: 3,,,,0,0,0,0,1,,
2026-03-26 04:44:32,7,15,15,0,"fit: 3, efit: 1","fit: 3, efit: 1",,,,0,0,0,0,1,,
2026-03-26 05:19:37,7,15,15,0,fit: 3,fit: 3,,,,0,0,0,0,1,,
2026-03-26 05:59:43,7,15,15,0,"fit: 3, efit: 1","fit: 3, efit: 1",,,,0,0,0,0,1,,
2026-03-26 06:34:48,7,15,15,0,"fit: 3, efit: 2","fit: 3, efit: 2",,,,0,0,0,0,1,,
2026-03-26 06:45:45,7,15,15,0,"fit: 3, efit: 1","fit: 3, efit: 1",,,,0,0,0,0,1,,
2026-03-26 06:49:50,7,15,15,0,"fit: 3, efit: 2","fit: 3, efit: 2",,,,0,0,0,0,1,,
2026-03-26 07:14:53,7,15,15,0,"fit: 3, efit: 1","fit: 3, efit: 1",,,,0,0,0,0,1,,
2026-03-26 07:39:57,7,15,15,0,"fit: 3, efit: 2","fit: 3, efit: 2",,,,0,0,0,0,1,,
2026-03-26 07:40:54,7,15,15,0,"fit: 3, efit: 1","fit: 3, efit: 1",,,,0,0,0,0,1,,
2026-03-26 07:44:58,7,15,15,0,fit: 3,fit: 3,,,,0,0,0,0,1,,
2026-03-26 07:55:56,7,15,15,0,fit: 2,fit: 2,,,,0,0,0,0,1,,
2026-03-26 08:05:01,7,15,15,0,"fit: 2, efit: 1","fit: 2, efit: 1",,,,0,0,0,0,1,,
2026-03-26 08:26:02,7,15,15,0,fit: 2,fit: 2,,,,0,0,0,0,1,,
2026-03-26 08:35:06,7,15,15,0,fit: 1,fit: 1,,,,0,0,0,0,1,,
2026-03-26 09:36:14,7,15,15,0,,,,,,0,0,0,0,1,,
2026-03-26 11:10:30,7,15,15,0,efit: 1,efit: 1,,,,0,0,0,0,1,,
2026-03-26 11:40:35,7,15,15,0,efit: 2,efit: 2,,,,0,0,0,0,1,,
2026-03-26 11:41:36,7,15,15,0,"fit: 1, efit: 3","fit: 1, efit: 3",,,,0,0,0,0,1,,
2026-03-26 11:42:43,7,15,15,0,"fit: 2, efit: 3","fit: 2, efit: 3",,,,0,0,0,0,1,,
2026-03-26 13:10:48,7,15,15,0,"fit: 2, efit: 4","fit: 2, efit: 4",,,,0,0,0,0,1,,
2026-03-26 13:21:55,7,15,15,0,"fit: 2, efit: 5","fit: 2, efit: 5",,,,0,0,0,0,1,,
2026-03-26 13:23:03,7,15,15,0,"fit: 2, efit: 6","fit: 2, efit: 6",,,,0,0,0,0,1,,
2026-03-26 13:48:08,7,15,15,0,"fit: 2, efit: 4","fit: 2, efit: 4",,,,0,0,0,0,1,,
2026-03-26 14:37:08,7,15,15,0,"fit: 2, efit: 5","fit: 2, efit: 5",,,,0,0,0,0,1,,
2026-03-26 14:46:03,7,15,15,0,"fit: 2, efit: 4","fit: 2, efit: 4",,,,0,0,0,0,1,,
2026-03-26 14:47:10,7,15,15,0,"fit: 2, efit: 3","fit: 2, efit: 3",,,,0,0,0,0,1,,
2026-03-26 15:16:08,7,15,15,0,"fit: 2, efit: 4","fit: 2, efit: 4",,,,0,0,0,0,1,,
2026-03-26 15:26:09,7,15,15,0,"fit: 2, efit: 3","fit: 2, efit: 3",,,,0,0,0,0,1,,
2026-03-26 15:28:07,7,15,15,0,"fit: 2, efit: 4","fit: 2, efit: 4",,,,0,0,0,0,1,,
2026-03-26 15:48:12,7,15,15,0,"fit: 2, efit: 3","fit: 2, efit: 3",,,,0,0,0,0,1,,
2026-03-26 15:56:14,7,15,15,0,"fit: 2, efit: 4","fit: 2, efit: 4",,,,0,0,0,0,1,,
2026-03-26 16:06:16,7,15,15,0,"fit: 2, efit: 5","fit: 2, efit: 5",,,,0,0,0,0,1,,
2026-03-26 16:11:16,7,15,15,0,"fit: 2, efit: 6","fit: 2, efit: 6",,,,0,0,0,0,1,,
2026-03-26 16:31:19,7,15,15,0,"fit: 2, efit: 7","fit: 2, efit: 7",,,,0,0,0,0,1,,
2026-03-26 16:32:29,7,15,15,0,"fit: 1, efit: 7","fit: 1, efit: 7",,,,0,0,0,0,1,,
2026-03-26 16:43:23,7,15,15,0,"fit: 1, efit: 8","fit: 1, efit: 8",,,,0,0,0,0,1,,
2026-03-26 17:07:35,7,15,15,0,"fit: 1, efit: 9","fit: 1, efit: 9",,,,0,0,0,0,1,,
2026-03-26 17:32:39,7,15,15,0,"fit: 1, efit: 8","fit: 1, efit: 8",,,,0,0,0,0,1,,
2026-03-26 17:43:35,7,15,15,0,"fit: 1, efit: 7","fit: 1, efit: 7",,,,0,0,0,0,1,,
2026-03-26 17:46:31,7,15,15,0,"fit: 1, efit: 8","fit: 1, efit: 8",,,,0,0,0,0,1,,
2026-03-26 18:01:33,7,15,15,0,"fit: 1, efit: 7","fit: 1, efit: 7",,,,0,0,0,0,1,,
2026-03-26 18:02:45,7,15,15,0,"fit: 1, efit: 6","fit: 1, efit: 6",,,,0,0,0,0,1,,
2026-03-26 18:17:47,7,15,15,0,"fit: 1, efit: 7","fit: 1, efit: 7",,,,0,0,0,0,1,,
2026-03-26 18:41:39,7,15,15,0,"fit: 1, efit: 8","fit: 1, efit: 8",,,,0,0,0,0,1,,
2026-03-26 19:31:47,7,15,15,0,"fit: 1, efit: 9","fit: 1, efit: 9",,,,0,0,0,0,1,,
2026-03-26 19:36:48,7,15,15,0,"fit: 1, efit: 10","fit: 1, efit: 10",,,,0,0,0,0,1,,
2026-03-26 19:41:48,7,15,15,0,"fit: 1, efit: 9","fit: 1, efit: 9",,,,0,0,0,0,1,,
2026-03-26 19:53:04,7,15,15,0,"fit: 1, efit: 8","fit: 1, efit: 8",,,,0,0,0,0,1,,
2026-03-26 19:56:51,7,15,15,0,"fit: 2, efit: 8","fit: 2, efit: 8",,,,0,0,0,0,1,,
2026-03-26 20:13:08,7,15,15,0,"fit: 2, efit: 9","fit: 2, efit: 9",,,,0,0,0,0,1,,
2026-03-26 21:07:02,7,15,15,0,"fit: 2, efit: 10","fit: 2, efit: 10",,,,0,0,0,0,1,,
2026-03-27 00:02:28,7,15,15,0,"fit: 2, efit: 10","fit: 2, efit: 10",,,,0,0,0,0,1,,
2026-03-27 06:44:56,7,15,15,0,"fit: 2, efit: 9","fit: 2, efit: 9",,,,0,0,0,0,1,,
2026-03-27 07:35:05,7,15,15,0,"fit: 2, efit: 8","fit: 2, efit: 8",,,,0,0,0,0,1,,
2026-03-27 07:45:07,7,15,15,0,"fit: 2, efit: 9","fit: 2, efit: 9",,,,0,0,0,0,1,,
2026-03-27 07:50:08,7,15,15,0,"fit: 2, efit: 8","fit: 2, efit: 8",,,,0,0,0,0,1,,
2026-03-27 08:01:22,7,15,15,0,"fit: 2, efit: 7","fit: 2, efit: 7",,,,0,0,0,0,1,,
2026-03-27 08:06:23,7,15,15,0,"fit: 2, efit: 8","fit: 2, efit: 8",,,,0,0,0,0,1,,
2026-03-27 08:20:13,7,15,15,0,"fit: 2, efit: 7","fit: 2, efit: 7",,,,0,0,0,0,1,,
2026-03-27 08:23:41,7,15,15,0,"fit: 2, efit: 6","fit: 2, efit: 6",,,,0,0,0,0,1,,
2026-03-27 08:28:42,7,15,15,0,"fit: 2, efit: 5","fit: 2, efit: 5",,,,0,0,0,0,1,,
2026-03-27 08:38:43,7,15,15,0,"fit: 2, efit: 4","fit: 2, efit: 4",,,,0,0,0,0,1,,
2026-03-27 09:43:53,7,15,15,0,"fit: 2, efit: 5","fit: 2, efit: 5",,,,0,0,0,0,1,,
2026-03-27 10:36:52,7,15,15,0,"fit: 2, efit: 4","fit: 2, efit: 4",,,,0,0,0,0,1,,
2026-03-27 10:39:02,7,15,15,0,"fit: 2, efit: 3","fit: 2, efit: 3",,,,0,0,0,0,1,,
2026-03-27 11:30:47,7,15,15,0,"fit: 2, efit: 2","fit: 2, efit: 2",,,,0,0,0,0,1,,
2026-03-27 11:35:47,7,15,15,0,"fit: 2, efit: 1","fit: 2, efit: 1",,,,0,0,0,0,1,,
2026-03-27 11:54:13,7,15,15,0,fit: 2,fit: 2,,,,0,0,0,0,1,,
2026-03-27 12:05:53,7,15,15,0,"fit: 2, efit: 1","fit: 2, efit: 1",,,,0,0,0,0,1,,
2026-03-27 13:14:25,7,15,15,0,fit: 2,fit: 2,,,,0,0,0,0,1,,
2026-03-27 13:32:27,7,15,15,0,fit: 1,fit: 1,,,,0,0,0,0,1,,
2026-03-27 13:39:29,7,15,15,0,,,,,,0,0,0,0,1,,
2026-03-27 14:39:38,7,15,15,0,efit: 1,efit: 1,,,,0,0,0,0,1,,
2026-03-27 15:14:43,7,15,15,0,efit: 2,efit: 2,,,,0,0,0,0,1,,
2026-03-27 15:59:50,7,15,15,0,efit: 1,efit: 1,,,,0,0,0,0,1,,
2026-03-27 16:14:52,7,15,15,0,efit: 2,efit: 2,,,,0,0,0,0,1,,
2026-03-27 16:36:42,7,15,15,0,efit: 1,efit: 1,,,,0,0,0,0,1,,
2026-03-27 17:20:03,7,15,15,0,,,,,,0,0,0,0,1,,
2026-03-27 17:46:55,7,15,15,0,efit: 1,efit: 1,,,,0,0,0,0,1,,
2026-03-27 18:01:58,7,15,15,0,efit: 2,efit: 2,,,,0,0,0,0,1,,
2026-03-27 18:15:12,7,15,15,0,efit: 3,efit: 3,,,,0,0,0,0,1,,
2026-03-27 18:27:03,7,15,15,0,efit: 2,efit: 2,,,,0,0,0,0,1,,
2026-03-27 18:37:05,7,15,15,0,efit: 1,efit: 1,,,,0,0,0,0,1,,
2026-03-27 18:57:08,7,15,15,0,efit: 3,efit: 3,,,,0,0,0,0,1,,
2026-03-27 19:02:09,7,15,15,0,efit: 4,efit: 4,,,,0,0,0,0,1,,
2026-03-27 19:25:22,7,15,15,0,efit: 3,efit: 3,,,,0,0,0,0,1,,
2026-03-27 20:03:45,7,15,15,0,efit: 2,efit: 2,,,,0,0,0,0,1,,
2026-03-27 20:30:32,7,15,15,0,efit: 3,efit: 3,,,,0,0,0,0,1,,
2026-03-27 20:55:36,7,15,15,0,efit: 2,efit: 2,,,,0,0,0,0,1,,
2026-03-27 21:22:34,7,15,15,0,efit: 3,efit: 3,,,,0,0,0,0,1,,
2026-03-27 21:34:03,7,15,15,0,efit: 2,efit: 2,,,,0,0,0,0,1,,
2026-03-27 22:00:46,7,15,15,0,efit: 3,efit: 3,,,,0,0,0,0,1,,
2026-03-27 22:25:50,7,15,15,0,efit: 2,efit: 2,,,,0,0,0,0,1,,
2026-03-27 22:37:47,7,15,15,0,efit: 3,efit: 3,,,,0,0,0,0,1,,
2026-03-27 22:49:17,7,15,15,0,efit: 2,efit: 2,,,,0,0,0,0,1,,
2026-03-27 22:50:54,7,15,15,0,efit: 3,efit: 3,,,,0,0,0,0,1,,
2026-03-28 00:01:04,7,15,15,0,efit: 3,efit: 3,,,,0,0,0,0,1,,
2026-03-28 07:49:22,7,15,15,0,efit: 2,efit: 2,,,,0,0,0,0,1,,
2026-03-28 08:24:28,7,15,15,0,efit: 1,efit: 1,,,,0,0,0,0,1,,
2026-03-28 08:36:11,7,15,15,0,,,,,,0,0,0,0,1,,
2026-03-28 09:19:38,7,15,15,0,efit: 2,efit: 2,,,,0,0,0,0,1,,
2026-03-28 09:46:25,7,15,15,0,efit: 1,efit: 1,,,,0,0,0,0,1,,
2026-03-28 11:31:46,7,15,15,0,efit: 2,efit: 2,,,,0,0,0,0,1,,
2026-03-28 11:50:05,7,15,15,0,"fit: 1, efit: 1","fit: 1, efit: 1",,,,0,0,0,0,1,,
2026-03-28 11:56:50,7,15,15,0,"fit: 4, efit: 4","fit: 4, efit: 4",,,,0,0,0,0,1,,
2026-03-28 11:57:49,7,15,15,0,"fit: 4, efit: 5","fit: 4, efit: 5",,,,0,0,0,0,1,,
2026-03-28 12:00:07,7,15,15,0,"fit: 5, efit: 6","fit: 5, efit: 6",,,,0,0,0,0,1,,
2026-03-28 13:12:05,7,15,15,0,"fit: 5, efit: 5","fit: 5, efit: 5",,,,0,0,0,0,1,,
2026-03-28 13:23:02,7,15,15,0,"fit: 5, efit: 6","fit: 5, efit: 6",,,,0,0,0,0,1,,
2026-03-28 13:25:22,7,15,15,0,"fit: 5, efit: 7","fit: 5, efit: 7",,,,0,0,0,0,1,,
2026-03-28 13:47:12,7,15,15,0,"fit: 6, efit: 5","fit: 6, efit: 5",,,,0,0,0,0,1,,
2026-03-28 13:50:26,7,15,15,0,"fit: 6, efit: 6","fit: 6, efit: 6",,,,0,0,0,0,1,,
2026-03-28 13:52:13,7,15,15,0,"fit: 6, efit: 5","fit: 6, efit: 5",,,,0,0,0,0,1,,
2026-03-28 14:02:15,7,15,15,0,"fit: 6, efit: 6","fit: 6, efit: 6",,,,0,0,0,0,1,,
2026-03-28 14:55:38,7,15,15,0,"fit: 6, efit: 5","fit: 6, efit: 5",,,,0,0,0,0,1,,
2026-03-28 16:10:51,7,15,15,0,"fit: 6, efit: 4","fit: 6, efit: 4",,,,0,0,0,0,1,,
2026-03-28 16:17:41,7,15,15,0,"fit: 6, efit: 5","fit: 6, efit: 5",,,,0,0,0,0,1,,
2026-03-28 17:56:10,7,15,15,0,"fit: 6, efit: 6","fit: 6, efit: 6",,,,0,0,0,0,1,,
2026-03-28 18:01:11,7,15,15,0,"fit: 6, efit: 7","fit: 6, efit: 7",,,,0,0,0,0,1,,
2026-03-28 18:18:05,7,15,15,0,"fit: 6, efit: 8","fit: 6, efit: 8",,,,0,0,0,0,1,,
2026-03-28 18:26:15,7,15,15,0,"fit: 6, efit: 9","fit: 6, efit: 9",,,,0,0,0,0,1,,
2026-03-28 18:56:21,7,15,15,0,"fit: 6, efit: 8","fit: 6, efit: 8",,,,0,0,0,0,1,,
2026-03-28 20:09:02,7,15,15,0,"fit: 6, efit: 7","fit: 6, efit: 7",,,,0,0,0,0,1,,
2026-03-28 20:51:41,7,15,15,0,"fit: 6, efit: 6","fit: 6, efit: 6",,,,0,0,0,0,1,,
2026-03-29 00:02:14,7,15,15,0,"fit: 6, efit: 6","fit: 6, efit: 6",,,,0,0,0,0,1,,
2026-03-29 00:22:18,7,15,15,0,"fit: 6, efit: 5","fit: 6, efit: 5",,,,0,0,0,0,1,,
2026-03-29 05:48:13,7,15,15,0,"fit: 6, efit: 6","fit: 6, efit: 6",,,,0,0,0,0,1,,
2026-03-29 10:19:00,7,15,15,0,"fit: 6, efit: 5","fit: 6, efit: 5",,,,0,0,0,0,1,,
2026-03-29 10:36:07,7,15,15,0,"fit: 6, efit: 4","fit: 6, efit: 4",,,,0,0,0,0,1,,
2026-03-29 10:56:10,7,15,15,0,"fit: 6, efit: 5","fit: 6, efit: 5",,,,0,0,0,0,1,,
2026-03-29 12:04:18,7,15,15,0,"fit: 6, efit: 6","fit: 6, efit: 6",,,,0,0,0,0,1,,
2026-03-29 12:31:24,7,15,15,0,"fit: 6, efit: 5","fit: 6, efit: 5",,,,0,0,0,0,1,,
2026-03-29 12:44:25,7,15,15,0,"fit: 6, efit: 6","fit: 6, efit: 5",,,,0,0,0,0,1,,
2026-03-29 12:59:27,7,15,15,0,"fit: 6, efit: 5","fit: 6, efit: 4",,,,0,0,0,0,1,,
2026-03-29 13:16:30,7,15,15,0,"fit: 6, efit: 5","fit: 6, efit: 5",,,,0,0,0,0,1,,
2026-03-29 13:31:33,7,15,15,0,"fit: 6, efit: 6","fit: 6, efit: 6",,,,0,0,0,0,1,,
2026-03-29 13:49:36,7,15,15,0,"fit: 6, efit: 7","fit: 6, efit: 7",,,,0,0,0,0,1,,
2026-03-29 13:54:37,7,15,15,0,"fit: 6, efit: 6","fit: 6, efit: 6",,,,0,0,0,0,1,,
2026-03-29 16:15:03,7,15,15,0,"fit: 6, efit: 7","fit: 6, efit: 7",,,,0,0,0,0,1,,
2026-03-29 17:17:08,7,15,15,0,"fit: 6, efit: 6","fit: 6, efit: 6",,,,0,0,0,0,1,,
2026-03-29 17:27:09,7,15,15,0,"fit: 6, efit: 5","fit: 6, efit: 5",,,,0,0,0,0,1,,
2026-03-29 17:32:10,7,15,15,0,"fit: 6, efit: 4","fit: 6, efit: 4",,,,0,0,0,0,1,,
2026-03-29 17:32:33,7,15,15,0,"fit: 6, efit: 3","fit: 6, efit: 3",,,,0,0,0,0,1,,
2026-03-29 18:02:14,7,15,15,0,"fit: 6, efit: 1","fit: 6, efit: 1",,,,0,0,0,0,1,,
2026-03-29 18:22:17,7,15,15,0,fit: 6,fit: 6,,,,0,0,0,0,1,,
2026-03-29 20:17:34,7,15,15,0,"fit: 6, efit: 1","fit: 6, efit: 1",,,,0,0,0,0,1,,
2026-03-29 20:30:48,7,15,15,0,"fit: 6, efit: 2","fit: 6, efit: 2",,,,0,0,0,0,1,,
2026-03-29 22:56:13,7,15,15,0,"fit: 6, efit: 3","fit: 6, efit: 3",,,,0,0,0,0,1,,
2026-03-30 00:01:24,7,15,15,0,"fit: 6, efit: 3","fit: 6, efit: 3",,,,0,0,0,0,1,,
2026-03-30 00:56:34,7,15,15,0,"fit: 6, efit: 2","fit: 6, efit: 2",,,,0,0,0,0,1,,
2026-03-30 01:26:38,7,15,15,0,"fit: 6, efit: 3","fit: 6, efit: 3",,,,0,0,0,0,1,,
2026-03-30 02:16:47,7,15,15,0,"fit: 6, efit: 2","fit: 6, efit: 2",,,,0,0,0,0,1,,
2026-03-30 06:44:04,7,15,15,0,"fit: 6, efit: 1","fit: 6, efit: 1",,,,0,0,0,0,1,,
2026-03-30 08:07:47,7,15,15,0,"fit: 6, efit: 2","fit: 6, efit: 2",,,,0,0,0,0,1,,
2026-03-30 08:34:21,7,15,15,0,"fit: 6, efit: 1","fit: 6, efit: 1",,,,0,0,0,0,1,,
2026-03-30 09:07:58,7,15,15,0,fit: 6,fit: 6,,,,0,0,0,0,1,,
2026-03-30 09:17:59,7,15,15,0,fit: 5,fit: 5,,,,0,0,0,0,1,,
2026-03-30 09:43:04,7,15,15,0,fit: 4,fit: 4,,,,0,0,0,0,1,,
2026-03-30 09:55:42,7,15,15,0,fit: 3,fit: 3,,,,0,0,0,0,1,,
2026-03-30 10:43:15,7,15,15,0,"fit: 3, efit: 1","fit: 3, efit: 1",,,,0,0,0,0,1,,
2026-03-30 10:45:52,7,15,15,0,fit: 3,fit: 3,,,,0,0,0,0,1,,
2026-03-30 12:21:12,7,15,15,0,"fit: 3, efit: 1","fit: 3, efit: 1",,,,0,0,0,0,1,,
2026-03-30 12:28:33,7,15,15,0,fit: 3,fit: 3,,,,0,0,0,0,1,,
2026-03-30 12:34:58,7,15,15,0,"fit: 3, efit: 1","fit: 3, efit: 1",,,,0,0,0,0,1,,
2026-03-30 12:41:16,7,15,15,0,fit: 3,fit: 3,,,,0,0,0,0,1,,
2026-03-30 13:00:02,7,15,15,0,fit: 2,fit: 2,,,,0,0,0,0,1,,
2026-03-30 13:40:09,7,15,15,0,"fit: 2, efit: 1","fit: 2, efit: 1",,,,0,0,0,0,1,,
2026-03-30 13:58:49,7,15,15,0,fit: 2,fit: 2,,,,0,0,0,0,1,,
2026-03-30 14:59:00,7,15,15,0,"fit: 2, efit: 1","fit: 2, efit: 1",,,,0,0,0,0,1,,
2026-03-30 15:14:03,7,15,15,0,"fit: 2, efit: 2","fit: 2, efit: 2",,,,0,0,0,0,1,,
2026-03-30 15:54:10,7,15,15,0,"fit: 2, efit: 1","fit: 2, efit: 1",,,,0,0,0,0,1,,
2026-03-30 16:34:17,7,15,15,0,"fit: 1, efit: 1","fit: 1, efit: 1",,,,0,0,0,0,1,,
2026-03-30 16:44:19,7,15,15,0,"fit: 1, efit: 2","fit: 1, efit: 2",,,,0,0,0,0,1,,
2026-03-30 16:54:20,7,15,15,0,"fit: 1, efit: 1","fit: 1, efit: 1",,,,0,0,0,0,1,,
2026-03-30 17:00:40,7,15,15,0,"fit: 1, efit: 2","fit: 1, efit: 2",,,,0,0,0,0,1,,
2026-03-30 17:19:25,7,15,15,0,"fit: 1, efit: 3","fit: 1, efit: 3",,,,0,0,0,0,1,,
2026-03-30 17:20:43,7,15,15,0,"fit: 1, efit: 4","fit: 1, efit: 4",,,,0,0,0,0,1,,
2026-03-30 17:27:14,7,15,15,0,"fit: 1, efit: 5","fit: 1, efit: 5",,,,0,0,0,0,1,,
2026-03-30 17:29:27,7,15,15,0,"fit: 1, efit: 4","fit: 1, efit: 4",,,,0,0,0,0,1,,
2026-03-30 18:15:52,7,15,15,0,"fit: 1, efit: 3","fit: 1, efit: 3",,,,0,0,0,0,1,,
2026-03-30 18:17:24,7,15,15,0,"fit: 1, efit: 4","fit: 1, efit: 4",,,,0,0,0,0,1,,
2026-03-30 18:37:28,7,15,15,0,"fit: 1, efit: 5","fit: 1, efit: 5",,,,0,0,0,0,1,,
2026-03-30 19:06:00,7,15,15,0,"fit: 1, efit: 4","fit: 1, efit: 4",,,,0,0,0,0,1,,
2026-03-30 19:21:02,7,15,15,0,"fit: 1, efit: 3","fit: 1, efit: 3",,,,0,0,0,0,1,,
2026-03-30 19:24:47,7,15,15,0,"fit: 1, efit: 2","fit: 1, efit: 2",,,,0,0,0,0,1,,
2026-03-30 19:47:42,7,15,15,0,"fit: 1, efit: 1","fit: 1, efit: 1",,,,0,0,0,0,1,,
2026-03-30 19:49:52,7,15,15,0,"fit: 1, efit: 2","fit: 1, efit: 2",,,,0,0,0,0,1,,
2026-03-30 20:17:48,7,15,15,0,"fit: 1, efit: 1","fit: 1, efit: 1",,,,0,0,0,0,1,,
2026-03-30 20:22:49,7,15,15,0,fit: 1,fit: 1,,,,0,0,0,0,1,,
2026-03-30 21:55:14,7,15,15,0,"fit: 1, efit: 1","fit: 1, efit: 1",,,,0,0,0,0,1,,
2026-03-30 22:36:32,7,15,15,0,fit: 1,fit: 1,,,,0,0,0,0,1,,
2026-03-30 23:18:24,7,15,15,0,"fit: 1, efit: 1","fit: 1, efit: 1",,,,0,0,0,0,1,,
2026-03-31 00:00:36,7,15,15,0,"fit: 1, efit: 1","fit: 1, efit: 1",,,,0,0,0,0,1,,
2026-03-31 00:51:52,7,15,15,0,"fit: 1, efit: 2","fit: 1, efit: 2",,,,0,0,0,0,1,,
2026-03-31 01:35:52,7,15,15,0,"fit: 1, efit: 4","fit: 1, efit: 4",,,,0,0,0,0,1,,
2026-03-31 06:44:49,7,15,15,0,"fit: 1, efit: 3","fit: 1, efit: 3",,,,0,0,0,0,1,,
2026-03-31 07:09:54,7,15,15,0,"fit: 1, efit: 2","fit: 1, efit: 2",,,,0,0,0,0,1,,
2026-03-31 07:14:55,7,15,15,0,"fit: 1, efit: 1","fit: 1, efit: 1",,,,0,0,0,0,1,,
2026-03-31 08:02:53,7,15,15,0,"fit: 1, efit: 2","fit: 1, efit: 2",,,,0,0,0,0,1,,
2026-03-31 08:17:56,7,15,15,0,"fit: 1, efit: 3","fit: 1, efit: 3",,,,0,0,0,0,1,,
2026-03-31 09:05:17,7,15,15,0,"fit: 1, efit: 2","fit: 1, efit: 2",,,,0,0,0,0,1,,
2026-03-31 09:17:11,7,15,15,0,"fit: 1, efit: 3","fit: 1, efit: 3",,,,0,0,0,0,1,,
2026-03-31 09:33:07,7,15,15,0,"fit: 1, efit: 2","fit: 1, efit: 2",,,,0,0,0,0,1,,
2026-03-31 10:10:30,7,15,15,0,"fit: 1, efit: 1","fit: 1, efit: 1",,,,0,0,0,0,1,,
2026-03-31 10:25:33,7,15,15,0,fit: 1,fit: 1,,,,0,0,0,0,1,,
2026-03-31 10:53:19,7,15,15,0,,,,,,0,0,0,0,1,,
2026-03-31 13:41:13,7,15,15,0,efit: 4,efit: 4,,,,0,0,0,0,1,,
2026-03-31 13:42:59,7,15,15,0,"fit: 1, efit: 7","fit: 1, efit: 7",,,,0,0,0,0,1,,
2026-03-31 14:56:28,7,15,15,0,"fit: 1, efit: 6","fit: 1, efit: 6",,,,0,0,0,0,1,,
2026-03-31 15:16:32,7,15,15,0,"fit: 1, efit: 7","fit: 1, efit: 7",,,,0,0,0,0,1,,
2026-03-31 15:59:07,7,15,15,0,"fit: 1, efit: 8","fit: 1, efit: 8",,,,0,0,0,0,1,,
2026-03-31 16:03:24,7,15,15,0,"fit: 1, efit: 9","fit: 1, efit: 9",,,,0,0,0,0,1,,
2026-03-31 16:11:43,7,15,15,0,"fit: 1, efit: 10","fit: 1, efit: 10",,,,0,0,0,0,1,,
2026-03-31 16:28:28,7,15,15,0,"fit: 1, efit: 11","fit: 1, efit: 11",,,,0,0,0,0,1,,
2026-03-31 16:31:47,7,15,15,0,"fit: 1, efit: 10","fit: 1, efit: 10",,,,0,0,0,0,1,,
2026-03-31 16:33:29,7,15,15,0,efit: 10,efit: 10,,,,0,0,0,0,1,,
2026-03-31 16:51:51,7,15,15,0,efit: 11,efit: 11,,,,0,0,0,0,1,,
2026-03-31 16:53:32,7,15,15,0,efit: 10,efit: 10,,,,0,0,0,0,1,,
2026-03-31 17:28:39,7,15,15,0,efit: 9,efit: 9,,,,0,0,0,0,1,,
2026-03-31 17:38:41,7,15,15,0,efit: 8,efit: 8,,,,0,0,0,0,1,,
2026-03-31 18:12:08,7,15,15,0,efit: 6,efit: 6,,,,0,0,0,0,1,,
2026-03-31 18:27:11,7,15,15,0,efit: 5,efit: 5,,,,0,0,0,0,1,,
2026-03-31 19:42:26,7,15,15,0,efit: 4,efit: 4,,,,0,0,0,0,1,,
2026-03-31 20:39:12,7,15,15,0,efit: 3,efit: 3,,,,0,0,0,0,1,,
2026-03-31 20:47:39,7,15,15,0,efit: 2,efit: 2,,,,0,0,0,0,1,,
2026-03-31 22:27:58,7,15,15,0,efit: 3,efit: 3,,,,0,0,0,0,1,,
2026-04-01 00:04:05,7,15,15,0,efit: 3,efit: 3,,,,0,0,0,0,1,,
2026-04-01 04:29:55,7,15,15,0,efit: 2,efit: 2,,,,0,0,0,0,1,,
2026-04-01 04:39:56,7,15,15,0,efit: 3,efit: 3,,,,0,0,0,0,1,,
2026-04-01 06:35:20,7,15,15,0,efit: 2,efit: 2,,,,0,0,0,0,1,,
2026-04-01 07:25:30,7,15,15,0,efit: 1,efit: 1,,,,0,0,0,0,1,,
2026-04-01 08:20:41,7,15,15,0,,,,,,0,0,0,0,1,,
2026-04-01 09:10:51,7,15,15,0,"fit: 3, efit: 6","fit: 3, efit: 5",,,,0,0,0,0,1,,
2026-04-01 09:11:32,7,15,15,0,"fit: 3, efit: 7","fit: 3, efit: 4",,,,0,0,0,0,1,,
2026-04-01 09:15:52,7,15,15,0,"fit: 3, efit: 7","fit: 3, efit: 3",,,,0,0,0,0,1,,
2026-04-01 09:40:57,7,15,15,0,"fit: 3, efit: 6","fit: 3, efit: 2",,,,0,0,0,0,1,,
2026-04-01 10:16:46,7,15,15,0,"fit: 3, efit: 6","fit: 3, efit: 4",,,,0,0,0,0,1,,
2026-04-01 10:31:02,7,15,15,0,"fit: 3, efit: 5","fit: 3, efit: 3",,,,0,0,0,0,1,,
2026-04-01 10:46:04,7,15,15,0,"fit: 3, efit: 5","fit: 3, efit: 5",,,,0,0,0,0,1,,
2026-04-01 10:51:05,7,15,15,0,"fit: 3, efit: 4","fit: 3, efit: 4",,,,0,0,0,0,1,,
2026-04-01 11:27:01,7,15,15,0,"fit: 3, efit: 3","fit: 3, efit: 3",,,,0,0,0,0,1,,
2026-04-01 11:56:16,7,15,15,0,"fit: 3, efit: 2","fit: 3, efit: 2",,,,0,0,0,0,1,,
2026-04-01 12:17:11,7,15,15,0,"fit: 3, efit: 1","fit: 3, efit: 1",,,,0,0,0,0,1,,
2026-04-01 12:36:22,7,15,15,0,"fit: 3, efit: 1",fit: 3,,,,0,0,0,0,1,,
2026-04-01 12:41:23,7,15,15,0,"fit: 3, efit: 2","fit: 3, efit: 1",,,,0,0,0,0,1,,
2026-04-01 13:51:35,7,15,15,0,"fit: 3, efit: 2","fit: 3, efit: 2",,,,0,0,0,0,1,,
2026-04-01 13:56:36,7,15,15,0,"fit: 3, efit: 1","fit: 3, efit: 1",,,,0,0,0,0,1,,
2026-04-01 14:46:44,7,15,15,0,fit: 3,fit: 3,,,,0,0,0,0,1,,
2026-04-01 15:41:53,7,15,15,0,"fit: 3, efit: 1","fit: 3, efit: 1",,,,0,0,0,0,1,,
2026-04-01 15:56:55,7,15,15,0,fit: 3,fit: 3,,,,0,0,0,0,1,,
2026-04-01 16:16:59,7,15,15,0,"fit: 3, efit: 1","fit: 3, efit: 1",,,,0,0,0,0,1,,
2026-04-01 16:37:03,7,15,15,0,"fit: 3, efit: 2","fit: 3, efit: 2",,,,0,0,0,0,1,,
2026-04-01 16:53:09,7,15,15,0,"fit: 2, efit: 2","fit: 2, efit: 2",,,,0,0,0,0,1,,
2026-04-01 17:27:11,7,15,15,0,"fit: 2, efit: 3","fit: 2, efit: 3",,,,0,0,0,0,1,,
2026-04-01 18:02:17,7,15,15,0,"fit: 3, efit: 3","fit: 3, efit: 3",,,,0,0,0,0,1,,
2026-04-01 18:12:18,7,15,15,0,"fit: 3, efit: 4","fit: 3, efit: 4",,,,0,0,0,0,1,,
2026-04-01 18:17:19,7,15,15,0,"fit: 3, efit: 5","fit: 3, efit: 5",,,,0,0,0,0,1,,
2026-04-01 19:37:33,7,15,15,0,"fit: 3, efit: 6","fit: 3, efit: 6",,,,0,0,0,0,1,,
2026-04-01 19:38:44,7,15,15,0,"fit: 3, efit: 7","fit: 3, efit: 7",,,,0,0,0,0,1,,
2026-04-01 19:47:53,7,15,15,0,"fit: 3, efit: 6","fit: 3, efit: 6",,,,0,0,0,0,1,,
2026-04-01 20:47:45,7,15,15,0,"fit: 3, efit: 5","fit: 3, efit: 5",,,,0,0,0,0,1,,
2026-04-01 22:48:29,7,15,15,0,"fit: 3, efit: 4","fit: 3, efit: 4",,,,0,0,0,0,1,,
2026-04-01 22:58:07,7,15,15,0,"fit: 3, efit: 5","fit: 3, efit: 5",,,,0,0,0,0,1,,
2026-04-01 23:08:33,7,15,15,0,"fit: 3, efit: 4","fit: 3, efit: 4",,,,0,0,0,0,1,,
2026-04-02 00:03:17,7,15,15,0,"fit: 3, efit: 4","fit: 3, efit: 4",,,,0,0,0,0,1,,
2026-04-02 03:03:46,7,15,15,0,"fit: 3, efit: 3","fit: 3, efit: 3",,,,0,0,0,0,1,,
2026-04-02 06:39:20,7,15,15,0,"fit: 3, efit: 2","fit: 3, efit: 2",,,,0,0,0,0,1,,
2026-04-02 07:25:10,7,15,15,0,"fit: 3, efit: 1","fit: 3, efit: 1",,,,0,0,0,0,1,,
2026-04-02 07:39:29,7,15,15,0,"fit: 3, efit: 2","fit: 3, efit: 2",,,,0,0,0,0,1,,
2026-04-02 08:04:34,7,15,15,0,"fit: 3, efit: 3","fit: 3, efit: 3",,,,0,0,0,0,1,,
2026-04-02 08:09:34,7,15,15,0,"fit: 3, efit: 2","fit: 3, efit: 2",,,,0,0,0,0,1,,
2026-04-02 08:24:37,7,15,15,0,"fit: 3, efit: 1","fit: 3, efit: 1",,,,0,0,0,0,1,,
2026-04-02 09:01:30,7,15,15,0,"fit: 3, efit: 2","fit: 3, efit: 2",,,,0,0,0,0,1,,
2026-04-02 09:10:31,7,15,15,0,"fit: 3, efit: 1","fit: 3, efit: 1",,,,0,0,0,0,1,,
2026-04-02 09:14:45,7,15,15,0,fit: 3,fit: 3,,,,0,0,0,0,1,,
2026-04-02 09:15:32,7,15,15,0,"fit: 3, efit: 1",fit: 3,,,,0,0,0,0,1,,
2026-04-02 09:16:33,7,15,15,0,"fit: 3, efit: 2","fit: 3, efit: 1",,,,0,0,0,0,1,,
2026-04-02 09:19:46,7,15,15,0,"fit: 3, efit: 3","fit: 3, efit: 1",,,,0,0,0,0,1,,
2026-04-02 09:35:36,7,15,15,0,"fit: 3, efit: 2",fit: 3,,,,0,0,0,0,1,,
2026-04-02 09:59:52,7,15,15,0,"fit: 3, efit: 2","fit: 3, efit: 2",,,,0,0,0,0,1,,
2026-04-02 10:24:56,7,15,15,0,"fit: 3, efit: 3","fit: 3, efit: 3",,,,0,0,0,0,1,,
2026-04-02 11:00:03,7,15,15,0,"fit: 3, efit: 2","fit: 3, efit: 2",,,,0,0,0,0,1,,
2026-04-02 11:15:56,7,15,15,0,"fit: 2, efit: 2","fit: 2, efit: 2",,,,0,0,0,0,1,,
2026-04-02 11:55:12,7,15,15,0,"fit: 2, efit: 3","fit: 2, efit: 3",,,,0,0,0,0,1,,
2026-04-02 12:00:13,7,15,15,0,"fit: 2, efit: 2","fit: 2, efit: 2",,,,0,0,0,0,1,,
2026-04-02 13:00:23,7,15,15,0,"fit: 2, efit: 1","fit: 2, efit: 1",,,,0,0,0,0,1,,
2026-04-02 14:16:34,7,15,15,0,fit: 2,fit: 2,,,,0,0,0,0,1,,
2026-04-02 15:22:50,7,15,15,0,fit: 1,fit: 1,,,,0,0,0,0,1,,
2026-04-02 15:36:50,7,15,15,0,,,,,,0,0,0,0,1,,
2026-04-02 15:51:53,7,15,15,0,efit: 1,efit: 1,,,,0,0,0,0,1,,
2026-04-02 16:31:00,7,15,15,0,,,,,,0,0,0,0,1,,
2026-04-02 18:02:20,7,15,15,0,fit: 1,fit: 1,,,,0,0,0,0,1,,
2026-04-02 18:03:24,7,15,15,0,"fit: 1, efit: 1","fit: 1, efit: 1",,,,0,0,0,0,1,,
2026-04-02 18:27:25,7,15,15,0,"fit: 1, efit: 2","fit: 1, efit: 2",,,,0,0,0,0,1,,
2026-04-02 18:41:23,7,15,15,0,"fit: 1, efit: 3","fit: 1, efit: 2",,,,0,0,0,0,1,,
2026-04-02 19:01:26,7,15,15,0,"fit: 1, efit: 3","fit: 1, efit: 3",,,,0,0,0,0,1,,
2026-04-02 21:51:55,7,15,15,0,"fit: 1, efit: 2","fit: 1, efit: 2",,,,0,0,0,0,1,,
2026-04-02 22:57:06,7,15,15,0,"fit: 1, efit: 1","fit: 1, efit: 1",,,,0,0,0,0,1,,
2026-04-02 23:27:10,7,15,15,0,"fit: 1, efit: 2","fit: 1, efit: 2",,,,0,0,0,0,1,,
2026-04-02 23:53:31,7,15,15,0,"fit: 1, efit: 1","fit: 1, efit: 1",,,,0,0,0,0,1,,
2026-04-03 00:02:16,7,15,15,0,"fit: 1, efit: 1","fit: 1, efit: 1",,,,0,0,0,0,1,,
2026-04-03 00:53:42,7,15,15,0,fit: 1,fit: 1,,,,0,0,0,0,1,,
2026-04-03 06:41:01,7,15,15,0,,,,,,0,0,0,0,1,,
2026-04-03 07:53:30,7,15,15,0,efit: 1,efit: 1,,,,0,0,0,0,1,,
2026-04-03 08:56:28,7,15,15,0,,,,,,0,0,0,0,1,,
2026-04-03 11:05:44,7,15,15,0,efit: 1,efit: 1,,,,0,0,0,0,1,,
2026-04-03 11:11:56,7,15,15,0,,,,,,0,0,0,0,1,,
2026-04-03 11:25:49,7,15,15,0,"fit: 1, efit: 3","fit: 1, efit: 3",,,,0,0,0,0,1,,
2026-04-03 11:26:59,7,15,15,0,"fit: 2, efit: 5","fit: 2, efit: 5",,,,0,0,0,0,1,,
2026-04-03 11:37:02,7,15,15,0,"fit: 2, efit: 6","fit: 2, efit: 6",,,,0,0,0,0,1,,
2026-04-03 12:16:03,7,15,15,0,"fit: 2, efit: 7","fit: 2, efit: 7",,,,0,0,0,0,1,,
2026-04-03 12:46:09,7,15,15,0,"fit: 2, efit: 5","fit: 2, efit: 5",,,,0,0,0,0,1,,
2026-04-03 13:19:25,7,15,15,0,"fit: 2, efit: 6","fit: 2, efit: 6",,,,0,0,0,0,1,,
2026-04-03 13:42:28,7,15,15,0,"fit: 2, efit: 5","fit: 2, efit: 5",,,,0,0,0,0,1,,
2026-04-03 13:46:22,7,15,15,0,"fit: 2, efit: 4","fit: 2, efit: 4",,,,0,0,0,0,1,,
2026-04-03 13:59:31,7,15,15,0,"fit: 2, efit: 3","fit: 2, efit: 3",,,,0,0,0,0,1,,
2026-04-03 14:09:33,7,15,15,0,"fit: 2, efit: 2","fit: 2, efit: 2",,,,0,0,0,0,1,,
2026-04-03 14:22:37,7,15,15,0,"fit: 2, efit: 1","fit: 2, efit: 1",,,,0,0,0,0,1,,
2026-04-03 14:26:31,7,15,15,0,"fit: 1, efit: 1","fit: 1, efit: 1",,,,0,0,0,0,1,,
2026-04-03 14:56:37,7,15,15,0,fit: 1,fit: 1,,,,0,0,0,0,1,,
2026-04-03 15:11:40,7,15,15,0,"fit: 1, efit: 1","fit: 1, efit: 1",,,,0,0,0,0,1,,
2026-04-03 15:26:44,7,15,15,0,fit: 1,fit: 1,,,,0,0,0,0,1,,
2026-04-03 16:34:58,7,15,15,0,"fit: 1, efit: 1","fit: 1, efit: 1",,,,0,0,0,0,1,,
2026-04-03 17:00:03,7,15,15,0,"fit: 1, efit: 2","fit: 1, efit: 2",,,,0,0,0,0,1,,
2026-04-03 17:12:06,7,15,15,0,"fit: 1, efit: 3","fit: 1, efit: 3",,,,0,0,0,0,1,,
2026-04-03 17:33:18,7,15,15,0,"fit: 1, efit: 4","fit: 1, efit: 4",,,,0,0,0,0,1,,
2026-04-03 17:37:11,7,15,15,0,"fit: 1, efit: 3","fit: 1, efit: 3",,,,0,0,0,0,1,,
2026-04-03 17:50:12,7,15,15,0,"fit: 1, efit: 1","fit: 1, efit: 1",,,,0,0,0,0,1,,
2026-04-03 18:17:20,7,15,15,0,"fit: 1, efit: 2","fit: 1, efit: 2",,,,0,0,0,0,1,,
2026-04-03 18:28:31,7,15,15,0,"fit: 1, efit: 3","fit: 1, efit: 3",,,,0,0,0,0,1,,
2026-04-03 18:55:23,7,15,15,0,"fit: 1, efit: 4","fit: 1, efit: 4",,,,0,0,0,0,1,,
2026-04-03 19:05:25,7,15,15,0,"fit: 1, efit: 3","fit: 1, efit: 3",,,,0,0,0,0,1,,
2026-04-03 21:17:57,7,15,15,0,"fit: 1, efit: 2","fit: 1, efit: 2",,,,0,0,0,0,1,,
2026-04-03 21:49:12,7,15,15,0,"fit: 1, efit: 1","fit: 1, efit: 1",,,,0,0,0,0,1,,
2026-04-03 21:50:52,7,15,15,0,fit: 1,fit: 1,,,,0,0,0,0,1,,
2026-04-03 21:53:04,7,15,15,0,,,,,,0,0,0,0,1,,
2026-04-04 00:01:13,7,15,15,0,,,,,,0,0,0,0,1,,
2026-04-04 01:09:51,7,15,15,0,efit: 2,efit: 2,,,,0,0,0,0,1,,
2026-04-04 02:26:35,7,15,15,0,efit: 1,efit: 1,,,,0,0,0,0,1,,
2026-04-04 08:01:09,7,15,15,0,efit: 2,efit: 2,,,,0,0,0,0,1,,
2026-04-04 08:09:56,7,15,15,0,efit: 1,efit: 1,,,,0,0,0,0,1,,
2026-04-04 08:12:25,7,15,15,0,,,,,,0,0,0,0,1,,
2026-04-04 09:00:06,7,15,15,0,efit: 1,efit: 1,,,,0,0,0,0,1,,
2026-04-04 09:42:39,7,15,15,0,,,,,,0,0,0,0,1,,
2026-04-04 09:55:16,7,15,15,0,efit: 1,efit: 1,,,,0,0,0,0,1,,
2026-04-04 10:35:24,7,15,15,0,,,,,,0,0,0,0,1,,
2026-04-04 11:00:29,7,15,15,0,efit: 1,efit: 1,,,,0,0,0,0,1,,
2026-04-04 11:06:45,7,15,15,0,efit: 2,efit: 2,,,,0,0,0,0,1,,
2026-04-04 11:21:48,7,15,15,0,efit: 1,efit: 1,,,,0,0,0,0,1,,
2026-04-04 11:25:34,7,15,15,0,,,,,,0,0,0,0,1,,
2026-04-04 11:56:55,7,15,15,0,efit: 1,efit: 1,,,,0,0,0,0,1,,
2026-04-04 12:00:40,7,15,15,0,efit: 2,efit: 2,,,,0,0,0,0,1,,
2026-04-04 12:22:00,7,15,15,0,efit: 3,efit: 3,,,,0,0,0,0,1,,
2026-04-04 12:47:05,7,15,15,0,efit: 4,efit: 4,,,,0,0,0,0,1,,
2026-04-04 12:53:08,7,15,15,0,efit: 3,efit: 3,,,,0,0,0,0,1,,
2026-04-04 13:05:53,7,15,15,0,efit: 4,efit: 4,,,,0,0,0,0,1,,
2026-04-04 13:25:56,7,15,15,0,efit: 5,efit: 5,,,,0,0,0,0,1,,
2026-04-04 13:32:13,7,15,15,0,efit: 4,efit: 4,,,,0,0,0,0,1,,
2026-04-04 13:38:15,7,15,15,0,efit: 3,efit: 3,,,,0,0,0,0,1,,
2026-04-04 13:40:59,7,15,15,0,efit: 1,efit: 1,,,,0,0,0,0,1,,
2026-04-04 14:12:21,7,15,15,0,,,,,,0,0,0,0,1,,
2026-04-04 14:37:26,7,15,15,0,efit: 1,efit: 1,,,,0,0,0,0,1,,
2026-04-04 14:42:27,7,15,15,0,,,,,,0,0,0,0,1,,
2026-04-04 15:16:18,7,15,15,0,efit: 1,efit: 1,,,,0,0,0,0,1,,
2026-04-04 15:46:24,7,15,15,0,fit: 1,fit: 1,,,,0,0,0,0,1,,
2026-04-04 17:06:40,7,15,15,0,"fit: 1, efit: 1","fit: 1, efit: 1",,,,0,0,0,0,1,,
2026-04-04 17:41:46,7,15,15,0,fit: 1,fit: 1,,,,0,0,0,0,1,,
2026-04-04 17:56:49,7,15,15,0,"fit: 1, efit: 2","fit: 1, efit: 2",,,,0,0,0,0,1,,
2026-04-04 18:43:15,7,15,15,0,"fit: 1, efit: 3","fit: 1, efit: 3",,,,0,0,0,0,1,,
2026-04-04 19:22:05,7,15,15,0,"fit: 2, efit: 2","fit: 2, efit: 2",,,,0,0,0,0,1,,
2026-04-04 19:48:28,7,15,15,0,"fit: 2, efit: 1","fit: 2, efit: 1",,,,0,0,0,0,1,,
2026-04-04 20:27:18,7,15,15,0,"fit: 3, efit: 1","fit: 3, efit: 1",,,,0,0,0,0,1,,
2026-04-04 20:42:21,7,15,15,0,"fit: 5, efit: 1","fit: 5, efit: 1",,,,0,0,0,0,1,,
2026-04-04 21:02:25,7,15,15,0,"fit: 5, efit: 2","fit: 5, efit: 2",,,,0,0,0,0,1,,
2026-04-04 21:28:47,7,15,15,0,"fit: 5, efit: 1","fit: 5, efit: 1",,,,0,0,0,0,1,,
2026-04-04 21:44:30,7,15,15,0,fit: 5,fit: 5,,,,0,0,0,0,1,,
2026-04-04 22:17:39,7,15,15,0,"fit: 5, efit: 1",fit: 5,,,,0,0,0,0,1,,
2026-04-04 22:29:36,7,15,15,0,"fit: 5, efit: 1","fit: 5, efit: 1",,,,0,0,0,0,1,,
2026-04-04 22:32:41,7,15,15,0,"fit: 5, efit: 2","fit: 5, efit: 2",,,,0,0,0,0,1,,
2026-04-04 22:39:01,7,15,15,0,"fit: 5, efit: 3","fit: 5, efit: 3",,,,0,0,0,0,1,,
2026-04-04 23:14:08,7,15,15,0,"fit: 5, efit: 4","fit: 5, efit: 4",,,,0,0,0,0,1,,
2026-04-04 23:42:54,7,15,15,0,"fit: 5, efit: 5","fit: 5, efit: 5",,,,0,0,0,0,1,,
2026-04-05 00:02:58,7,15,15,0,"fit: 5, efit: 5","fit: 5, efit: 5",,,,0,0,0,0,1,,
2026-04-05 01:04:29,7,15,15,0,"fit: 3, efit: 5","fit: 3, efit: 5",,,,0,0,0,0,1,,
2026-04-05 01:04:59,7,15,15,0,"fit: 4, efit: 5","fit: 4, efit: 5",,,,0,0,0,0,1,,
2026-04-05 01:08:10,7,15,15,0,"fit: 5, efit: 5","fit: 5, efit: 5",,,,0,0,0,0,1,,
2026-04-05 06:44:09,7,15,15,0,"fit: 5, efit: 4","fit: 5, efit: 4",,,,0,0,0,0,1,,
2026-04-05 06:49:10,7,15,15,0,"fit: 5, efit: 5","fit: 5, efit: 5",,,,0,0,0,0,1,,
2026-04-05 07:54:22,7,15,15,0,"fit: 5, efit: 6","fit: 5, efit: 6",,,,0,0,0,0,1,,
2026-04-05 08:30:51,7,15,15,0,"fit: 5, efit: 5","fit: 5, efit: 5",,,,0,0,0,0,1,,
2026-04-05 10:29:50,7,15,15,0,"fit: 5, efit: 4","fit: 5, efit: 4",,,,0,0,0,0,1,,
2026-04-05 10:41:15,7,15,15,0,"fit: 5, efit: 5","fit: 5, efit: 5",,,,0,0,0,0,1,,
2026-04-05 10:56:18,7,15,15,0,"fit: 5, efit: 6","fit: 5, efit: 6",,,,0,0,0,0,1,,
2026-04-05 10:59:56,7,15,15,0,"fit: 5, efit: 5","fit: 5, efit: 5",,,,0,0,0,0,1,,
2026-04-05 11:20:00,7,15,15,0,"fit: 5, efit: 4","fit: 5, efit: 4",,,,0,0,0,0,1,,
2026-04-05 11:35:03,7,15,15,0,"fit: 5, efit: 3","fit: 5, efit: 3",,,,0,0,0,0,1,,
2026-04-05 12:41:38,7,15,15,0,"fit: 5, efit: 4","fit: 5, efit: 4",,,,0,0,0,0,1,,
2026-04-05 12:50:17,7,15,15,0,"fit: 5, efit: 2","fit: 5, efit: 2",,,,0,0,0,0,1,,
2026-04-05 13:00:19,7,15,15,0,"fit: 5, efit: 1","fit: 5, efit: 1",,,,0,0,0,0,1,,
2026-04-05 13:10:20,7,15,15,0,"fit: 4, efit: 1","fit: 4, efit: 1",,,,0,0,0,0,1,,
2026-04-05 13:25:23,7,15,15,0,fit: 4,fit: 4,,,,0,0,0,0,1,,
2026-04-05 13:30:24,7,15,15,0,"fit: 4, efit: 2","fit: 4, efit: 2",,,,0,0,0,0,1,,
2026-04-05 13:45:27,7,15,15,0,"fit: 4, efit: 1","fit: 4, efit: 1",,,,0,0,0,0,1,,
2026-04-05 14:05:31,7,15,15,0,"fit: 5, efit: 2","fit: 5, efit: 2",,,,0,0,0,0,1,,
2026-04-05 14:10:32,7,15,15,0,"fit: 5, efit: 3","fit: 5, efit: 3",,,,0,0,0,0,1,,
2026-04-05 14:15:33,7,15,15,0,"fit: 5, efit: 4","fit: 5, efit: 4",,,,0,0,0,0,1,,
2026-04-05 14:20:34,7,15,15,0,"fit: 5, efit: 3","fit: 5, efit: 3",,,,0,0,0,0,1,,
2026-04-05 14:26:54,7,15,15,0,"fit: 5, efit: 4","fit: 5, efit: 4",,,,0,0,0,0,1,,
2026-04-05 15:20:45,7,15,15,0,"fit: 5, efit: 3","fit: 5, efit: 3",,,,0,0,0,0,1,,
2026-04-05 15:22:02,7,15,15,0,"fit: 5, efit: 2","fit: 5, efit: 2",,,,0,0,0,0,1,,
2026-04-05 15:52:07,7,15,15,0,"fit: 6, efit: 1","fit: 6, efit: 1",,,,0,0,0,0,1,,
2026-04-05 16:46:01,7,15,15,0,fit: 6,fit: 6,,,,0,0,0,0,1,,
2026-04-05 16:57:24,7,15,15,0,fit: 5,fit: 5,,,,0,0,0,0,1,,
2026-04-05 17:07:17,7,15,15,0,fit: 6,fit: 6,,,,0,0,0,0,1,,
2026-04-05 18:02:37,7,15,15,0,"fit: 6, efit: 1","fit: 6, efit: 1",,,,0,0,0,0,1,,
2026-04-05 19:37:40,7,15,15,0,"fit: 6, efit: 2","fit: 6, efit: 2",,,,0,0,0,0,1,,
2026-04-05 19:52:42,7,15,15,0,"fit: 6, efit: 1","fit: 6, efit: 1",,,,0,0,0,0,1,,
2026-04-05 21:07:53,7,15,15,0,fit: 6,fit: 6,,,,0,0,0,0,1,,
2026-04-05 22:33:28,7,15,15,0,fit: 5,fit: 5,,,,0,0,0,0,1,,
2026-04-05 22:42:06,7,15,15,0,"fit: 5, efit: 1","fit: 5, efit: 1",,,,0,0,0,0,1,,
2026-04-05 23:17:12,7,15,15,0,"fit: 6, efit: 1","fit: 6, efit: 1",,,,0,0,0,0,1,,
2026-04-05 23:42:17,7,15,15,0,"fit: 6, efit: 3","fit: 6, efit: 3",,,,0,0,0,0,1,,
2026-04-06 00:02:20,7,15,15,0,"fit: 6, efit: 3","fit: 6, efit: 3",,,,0,0,0,0,1,,
2026-04-06 00:13:46,7,15,15,0,"fit: 6, efit: 4","fit: 6, efit: 3",,,,0,0,0,0,1,,
2026-04-06 00:32:26,7,15,15,0,"fit: 6, efit: 4","fit: 6, efit: 4",,,,0,0,0,0,1,,
2026-04-06 03:02:53,7,15,15,0,"fit: 6, efit: 3","fit: 6, efit: 3",,,,0,0,0,0,1,,
2026-04-06 03:12:55,7,15,15,0,"fit: 6, efit: 2","fit: 6, efit: 2",,,,0,0,0,0,1,,
2026-04-06 03:27:57,7,15,15,0,"fit: 6, efit: 3","fit: 6, efit: 3",,,,0,0,0,0,1,,
2026-04-06 06:43:34,7,15,15,0,"fit: 6, efit: 2","fit: 6, efit: 2",,,,0,0,0,0,1,,
2026-04-06 07:28:43,7,15,15,0,"fit: 6, efit: 1","fit: 6, efit: 1",,,,0,0,0,0,1,,
2026-04-06 07:40:12,7,15,15,0,"fit: 6, efit: 2","fit: 6, efit: 2",,,,0,0,0,0,1,,
2026-04-06 07:53:48,7,15,15,0,"fit: 6, efit: 1","fit: 6, efit: 1",,,,0,0,0,0,1,,
2026-04-06 08:08:51,7,15,15,0,"fit: 6, efit: 2","fit: 6, efit: 2",,,,0,0,0,0,1,,
2026-04-06 08:43:58,7,15,15,0,"fit: 6, efit: 1","fit: 6, efit: 1",,,,0,0,0,0,1,,
2026-04-06 08:48:59,7,15,15,0,fit: 6,fit: 6,,,,0,0,0,0,1,,
2026-04-06 09:14:41,7,15,15,0,"fit: 6, efit: 1","fit: 6, efit: 1",,,,0,0,0,0,1,,
2026-04-06 09:34:09,7,15,15,0,fit: 6,fit: 6,,,,0,0,0,0,1,,
2026-04-06 10:44:23,7,15,15,0,"fit: 6, efit: 1","fit: 6, efit: 1",,,,0,0,0,0,1,,
2026-04-06 11:24:31,7,15,15,0,fit: 6,fit: 6,,,,0,0,0,0,1,,
2026-04-06 13:11:22,7,15,15,0,fit: 5,fit: 5,,,,0,0,0,0,1,,
2026-04-06 14:20:08,7,15,15,0,fit: 4,fit: 4,,,,0,0,0,0,1,,
2026-04-06 14:40:12,7,15,15,0,fit: 5,fit: 5,,,,0,0,0,0,1,,
2026-04-06 15:10:18,7,15,15,0,fit: 4,fit: 4,,,,0,0,0,0,1,,
2026-04-06 15:35:23,7,15,15,0,"fit: 4, efit: 1","fit: 4, efit: 1",,,,0,0,0,0,1,,
2026-04-06 16:05:30,7,15,15,0,fit: 4,fit: 4,,,,0,0,0,0,1,,
2026-04-06 16:10:31,7,15,15,0,fit: 3,fit: 3,,,,0,0,0,0,1,,
2026-04-06 16:32:05,7,15,15,0,fit: 2,fit: 2,,,,0,0,0,0,1,,
2026-04-06 17:32:17,7,15,15,0,"fit: 2, efit: 1","fit: 2, efit: 1",,,,0,0,0,0,1,,
2026-04-06 17:47:20,7,15,15,0,"fit: 2, efit: 2","fit: 2, efit: 2",,,,0,0,0,0,1,,
2026-04-06 17:50:51,7,15,15,0,"fit: 3, efit: 2","fit: 3, efit: 2",,,,0,0,0,0,1,,
2026-04-06 18:05:54,7,15,15,0,"fit: 3, efit: 3","fit: 3, efit: 3",,,,0,0,0,0,1,,
2026-04-06 18:07:24,7,15,15,0,"fit: 3, efit: 2","fit: 3, efit: 2",,,,0,0,0,0,1,,
2026-04-07 00:02:03,7,15,15,0,"fit: 3, efit: 2","fit: 3, efit: 2",,,,0,0,0,0,1,,
2026-04-07 03:32:34,7,15,15,0,"fit: 3, efit: 3","fit: 3, efit: 3",,,,0,0,0,0,1,,
2026-04-07 07:03:06,7,15,15,0,"fit: 3, efit: 2","fit: 3, efit: 2",,,,0,0,0,0,1,,
2026-04-07 07:33:11,7,15,15,0,"fit: 3, efit: 1","fit: 3, efit: 1",,,,0,0,0,0,1,,
2026-04-07 07:53:14,7,15,15,0,fit: 3,fit: 3,,,,0,0,0,0,1,,
2026-04-07 08:08:17,7,15,15,0,fit: 2,fit: 2,,,,0,0,0,0,1,,
2026-04-07 09:48:33,7,15,15,0,fit: 1,fit: 1,,,,0,0,0,0,1,,
2026-04-07 09:50:30,7,15,15,0,,,,,,0,0,0,0,1,,
2026-04-07 09:53:34,7,15,15,0,fit: 1,fit: 1,,,,0,0,0,0,1,,
2026-04-07 13:26:14,7,15,15,0,"fit: 1, efit: 1","fit: 1, efit: 1",,,,0,0,0,0,1,,
2026-04-07 13:56:20,7,15,15,0,fit: 1,fit: 1,,,,0,0,0,0,1,,
2026-04-07 14:11:23,7,15,15,0,"fit: 1, efit: 1","fit: 1, efit: 1",,,,0,0,0,0,1,,
2026-04-07 14:29:18,7,15,15,0,"fit: 1, efit: 2","fit: 1, efit: 2",,,,0,0,0,0,1,,
2026-04-07 15:21:38,7,15,15,0,"fit: 1, efit: 3","fit: 1, efit: 3",,,,0,0,0,0,1,,
2026-04-07 15:29:27,7,15,15,0,"fit: 1, efit: 2","fit: 1, efit: 2",,,,0,0,0,0,1,,
2026-04-07 16:31:52,7,15,15,0,"fit: 1, efit: 1","fit: 1, efit: 1",,,,0,0,0,0,1,,
2026-04-07 16:34:38,7,15,15,0,"fit: 1, efit: 2","fit: 1, efit: 2",,,,0,0,0,0,1,,
2026-04-07 17:14:44,7,15,15,0,"fit: 1, efit: 3","fit: 1, efit: 3",,,,0,0,0,0,1,,
2026-04-07 17:32:05,7,15,15,0,"fit: 1, efit: 4","fit: 1, efit: 4",,,,0,0,0,0,1,,
2026-04-07 17:45:25,7,15,15,0,"fit: 1, efit: 5","fit: 1, efit: 5",,,,0,0,0,0,1,,
2026-04-07 17:47:09,7,15,15,0,"fit: 1, efit: 3","fit: 1, efit: 3",,,,0,0,0,0,1,,
2026-04-07 19:10:04,7,15,15,0,"fit: 1, efit: 2","fit: 1, efit: 2",,,,0,0,0,0,1,,
2026-04-07 20:42:44,7,15,15,0,"fit: 1, efit: 1","fit: 1, efit: 1",,,,0,0,0,0,1,,
2026-04-07 20:55:21,7,15,15,0,"fit: 1, efit: 2","fit: 1, efit: 2",,,,0,0,0,0,1,,
2026-04-07 20:56:03,7,15,15,0,"fit: 1, efit: 3","fit: 1, efit: 3",,,,0,0,0,0,1,,
2026-04-08 00:00:50,7,15,15,0,"fit: 1, efit: 3","fit: 1, efit: 3",,,,0,0,0,0,1,,
2026-04-08 06:19:38,7,15,15,0,"fit: 1, efit: 2","fit: 1, efit: 2",,,,0,0,0,0,1,,
2026-04-08 06:46:52,7,15,15,0,"fit: 1, efit: 1","fit: 1, efit: 1",,,,0,0,0,0,1,,
2026-04-08 07:39:54,7,15,15,0,fit: 1,fit: 1,,,,0,0,0,0,1,,
2026-04-08 08:07:05,7,15,15,0,,,,,,0,0,0,0,1,,
2026-04-08 08:13:12,7,15,15,0,efit: 1,efit: 1,,,,0,0,0,0,1,,
2026-04-08 08:27:08,7,15,15,0,,,,,,0,0,0,0,1,,
2026-04-08 09:30:18,7,15,15,0,efit: 1,efit: 1,,,,0,0,0,0,1,,
2026-04-08 09:53:33,7,15,15,0,efit: 2,efit: 2,,,,0,0,0,0,1,,
2026-04-08 09:55:23,7,15,15,0,efit: 5,efit: 5,,,,0,0,0,0,1,,
2026-04-08 09:57:23,7,15,15,0,efit: 7,efit: 7,,,,0,0,0,0,1,,
2026-04-08 10:42:31,7,15,15,0,"fit: 1, efit: 6","fit: 1, efit: 6",,,,0,0,0,0,1,,
2026-04-08 10:47:31,7,15,15,0,"fit: 1, efit: 5","fit: 1, efit: 5",,,,0,0,0,0,1,,
2026-04-08 12:20:53,7,15,15,0,"fit: 1, efit: 4","fit: 1, efit: 3",,,,0,0,0,0,1,,
2026-04-08 12:27:49,7,15,15,0,"fit: 1, efit: 5","fit: 1, efit: 4",,,,0,0,0,0,1,,
2026-04-08 12:39:07,7,15,15,0,"fit: 1, efit: 5","fit: 1, efit: 5",,,,0,0,0,0,1,,
2026-04-08 13:51:12,7,15,15,0,"fit: 1, efit: 6","fit: 1, efit: 6",,,,0,0,0,0,1,,
2026-04-08 14:06:16,7,15,15,0,"fit: 1, efit: 5","fit: 1, efit: 5",,,,0,0,0,0,1,,
2026-04-08 15:21:31,7,15,15,0,"fit: 1, efit: 6","fit: 1, efit: 6",,,,0,0,0,0,1,,
2026-04-08 16:34:54,7,15,15,0,efit: 6,efit: 6,,,,0,0,0,0,1,,
2026-04-08 16:38:29,7,15,15,0,efit: 5,efit: 5,,,,0,0,0,0,1,,
2026-04-08 16:39:55,7,15,15,0,efit: 6,efit: 6,,,,0,0,0,0,1,,
2026-04-08 16:58:33,7,15,15,0,efit: 7,efit: 7,,,,0,0,0,0,1,,
2026-04-08 17:38:39,7,15,15,0,efit: 8,efit: 8,,,,0,0,0,0,1,,
2026-04-08 17:45:08,7,15,15,0,efit: 9,efit: 9,,,,0,0,0,0,1,,
2026-04-08 17:55:10,7,15,15,0,efit: 8,efit: 8,,,,0,0,0,0,1,,
2026-04-08 18:55:23,7,15,15,0,"fit: 1, efit: 8","fit: 1, efit: 8",,,,0,0,0,0,1,,
2026-04-08 18:58:52,7,15,15,0,"fit: 1, efit: 9","fit: 1, efit: 9",,,,0,0,0,0,1,,
2026-04-08 19:02:18,7,15,15,0,"fit: 1, efit: 8","fit: 1, efit: 8",,,,0,0,0,0,1,,
2026-04-08 19:17:21,7,15,15,0,"fit: 1, efit: 9","fit: 1, efit: 9",,,,0,0,0,0,1,,
2026-04-08 20:17:33,7,15,15,0,"fit: 1, efit: 11","fit: 1, efit: 11",,,,0,0,0,0,1,,
2026-04-08 21:05:49,7,15,15,0,"fit: 1, efit: 10","fit: 1, efit: 10",,,,0,0,0,0,1,,
2026-04-08 21:32:48,7,15,15,0,"fit: 1, efit: 11","fit: 1, efit: 11",,,,0,0,0,0,1,,
2026-04-08 22:12:56,7,15,15,0,"fit: 1, efit: 12","fit: 1, efit: 12",,,,0,0,0,0,1,,
2026-04-08 22:19:25,7,15,15,0,"fit: 1, efit: 11","fit: 1, efit: 11",,,,0,0,0,0,1,,
2026-04-09 00:01:23,7,15,15,0,"fit: 1, efit: 11","fit: 1, efit: 11",,,,0,0,0,0,1,,
2026-04-09 02:08:42,7,15,15,0,"fit: 1, efit: 10","fit: 1, efit: 10",,,,0,0,0,0,1,,
2026-04-09 06:47:40,7,15,15,0,"fit: 1, efit: 11","fit: 1, efit: 11",,,,0,0,0,0,1,,
2026-04-09 06:54:37,7,15,15,0,"fit: 1, efit: 10","fit: 1, efit: 10",,,,0,0,0,0,1,,
2026-04-09 07:42:51,7,15,15,0,"fit: 1, efit: 9","fit: 1, efit: 9",,,,0,0,0,0,1,,
2026-04-09 07:49:48,7,15,15,0,"fit: 1, efit: 10","fit: 1, efit: 10",,,,0,0,0,0,1,,
2026-04-09 08:05:56,7,15,15,0,"fit: 1, efit: 11","fit: 1, efit: 11",,,,0,0,0,0,1,,
2026-04-09 08:24:56,7,15,15,0,"fit: 1, efit: 11","fit: 1, efit: 10",efit: 1,,,0,0,0,0,1,,
2026-04-09 08:28:01,7,15,15,0,"fit: 1, efit: 10","fit: 1, efit: 9",efit: 1,,,0,0,0,0,1,,
2026-04-09 08:29:57,7,15,15,0,"fit: 1, efit: 9","fit: 1, efit: 8",efit: 1,,,0,0,0,0,1,,
2026-04-09 08:33:02,7,15,15,0,"fit: 1, efit: 10","fit: 1, efit: 9",efit: 1,,,0,0,0,0,1,,
2026-04-09 08:55:03,7,15,15,0,"fit: 1, efit: 9","fit: 1, efit: 8",efit: 1,,,0,0,0,0,1,,
2026-04-09 08:58:07,7,15,15,0,"fit: 1, efit: 8","fit: 1, efit: 7",efit: 1,,,0,0,0,0,1,,
2026-04-09 09:05:05,7,15,15,0,"fit: 1, efit: 9","fit: 1, efit: 8",efit: 1,,,0,0,0,0,1,,
2026-04-09 09:06:06,7,15,15,0,"fit: 1, efit: 8","fit: 1, efit: 7",efit: 1,,,0,0,0,0,1,,
2026-04-09 09:20:08,7,15,15,0,"fit: 1, efit: 7","fit: 1, efit: 6",efit: 1,,,0,0,0,0,1,,
2026-04-09 09:23:12,7,15,15,0,"fit: 1, efit: 6","fit: 1, efit: 5",efit: 1,,,0,0,0,0,1,,
2026-04-09 09:26:10,7,15,15,0,"fit: 1, efit: 5","fit: 1, efit: 4",efit: 1,,,0,0,0,0,1,,
2026-04-09 09:33:14,7,15,15,0,"fit: 1, efit: 4","fit: 1, efit: 3",efit: 1,,,0,0,0,0,1,,
2026-04-09 09:35:11,7,15,15,0,"fit: 1, efit: 5","fit: 1, efit: 4",efit: 1,,,0,0,0,0,1,,
2026-04-09 10:45:26,7,15,15,0,"fit: 1, efit: 4","fit: 1, efit: 3",efit: 1,,,0,0,0,0,1,,
2026-04-09 10:50:27,7,15,15,0,"fit: 1, efit: 3","fit: 1, efit: 3",,,,0,0,0,0,1,,
2026-04-09 11:36:31,7,15,15,0,"fit: 1, efit: 4","fit: 1, efit: 4",,,,0,0,0,0,1,,
2026-04-09 11:40:38,7,15,15,0,"fit: 1, efit: 5","fit: 1, efit: 5",,,,0,0,0,0,1,,
2026-04-09 12:10:45,7,15,15,0,"fit: 1, efit: 3","fit: 1, efit: 3",,,,0,0,0,0,1,,
2026-04-09 12:35:50,7,15,15,0,"fit: 1, efit: 4","fit: 1, efit: 4",,,,0,0,0,0,1,,
2026-04-09 13:15:58,7,15,15,0,"fit: 1, efit: 5","fit: 1, efit: 5",,,,0,0,0,0,1,,
2026-04-09 13:20:59,7,15,15,0,"fit: 1, efit: 4","fit: 1, efit: 4",,,,0,0,0,0,1,,
2026-04-09 13:49:07,7,15,15,0,"fit: 1, efit: 3","fit: 1, efit: 3",,,,0,0,0,0,1,,
2026-04-09 14:44:18,7,15,15,0,"fit: 2, efit: 2","fit: 2, efit: 2",,,,0,0,0,0,1,,
2026-04-09 14:49:19,7,15,15,0,"fit: 2, efit: 3","fit: 2, efit: 3",,,,0,0,0,0,1,,
2026-04-09 15:16:24,7,15,15,0,"fit: 2, efit: 1","fit: 2, efit: 1",,,,0,0,0,0,1,,
2026-04-09 15:49:31,7,15,15,0,"fit: 2, efit: 2","fit: 2, efit: 2",,,,0,0,0,0,1,,
2026-04-09 15:54:32,7,15,15,0,"fit: 2, efit: 1","fit: 2, efit: 1",,,,0,0,0,0,1,,
2026-04-09 16:04:34,7,15,15,0,fit: 2,fit: 2,,,,0,0,0,0,1,,
2026-04-09 16:11:35,7,15,15,0,"fit: 2, efit: 1","fit: 2, efit: 1",,,,0,0,0,0,1,,
2026-04-09 16:19:37,7,15,15,0,"fit: 2, efit: 2","fit: 2, efit: 2",,,,0,0,0,0,1,,
2026-04-09 18:37:07,7,15,15,0,"fit: 2, efit: 1","fit: 2, efit: 1",,,,0,0,0,0,1,,
2026-04-09 18:47:43,7,15,15,0,"fit: 3, efit: 2","fit: 3, efit: 1",,,,0,0,0,0,1,,
2026-04-09 18:50:09,7,15,15,0,"fit: 4, efit: 2","fit: 4, efit: 2",,,,0,0,0,0,1,,
2026-04-09 19:00:11,7,15,15,0,"fit: 4, efit: 1","fit: 4, efit: 1",,,,0,0,0,0,1,,
2026-04-09 19:02:12,7,15,15,0,fit: 4,fit: 4,,,,0,0,0,0,1,,
2026-04-09 19:07:14,7,15,15,0,"fit: 4, efit: 1","fit: 4, efit: 1",,,,0,0,0,0,1,,
2026-04-09 19:42:21,7,15,15,0,fit: 4,fit: 4,,,,0,0,0,0,1,,
2026-04-09 20:30:29,7,15,15,0,"fit: 4, efit: 1","fit: 4, efit: 1",,,,0,0,0,0,1,,
2026-04-09 21:03:05,7,15,15,0,fit: 4,fit: 4,,,,0,0,0,0,1,,
2026-04-09 21:05:36,7,15,15,0,"fit: 4, efit: 1","fit: 4, efit: 1",,,,0,0,0,0,1,,
2026-04-09 21:13:07,7,15,15,0,fit: 4,fit: 4,,,,0,0,0,0,1,,
2026-04-09 21:18:07,7,15,15,0,fit: 3,fit: 3,,,,0,0,0,0,1,,
2026-04-09 22:10:49,7,15,15,0,"fit: 3, efit: 1","fit: 3, efit: 1",,,,0,0,0,0,1,,
2026-04-09 23:13:03,7,15,15,0,fit: 3,fit: 3,,,,0,0,0,0,1,,
2026-04-09 23:21:02,7,15,15,0,fit: 2,fit: 2,,,,0,0,0,0,1,,
2026-04-10 00:01:10,7,15,15,0,fit: 2,fit: 2,,,,0,0,0,0,1,,
2026-04-10 01:33:30,7,15,15,0,fit: 1,fit: 1,,,,0,0,0,0,1,,
2026-04-10 02:31:38,7,15,15,0,"fit: 1, efit: 1","fit: 1, efit: 1",,,,0,0,0,0,1,,
2026-04-10 06:39:29,7,15,15,0,,,,,,0,0,0,0,1,,
2026-04-10 07:09:35,7,15,15,0,efit: 1,efit: 1,,,,0,0,0,0,1,,
2026-04-10 08:02:41,7,15,15,0,,,,,,0,0,0,0,1,,
2026-04-10 08:12:43,7,15,15,0,efit: 1,efit: 1,,,,0,0,0,0,1,,
2026-04-10 08:42:49,7,15,15,0,,,,,,0,0,0,0,1,,
2026-04-10 09:27:58,7,15,15,0,efit: 1,efit: 1,,,,0,0,0,0,1,,
2026-04-10 09:44:59,7,15,15,0,,,,,,0,0,0,0,1,,
2026-04-10 10:45:10,7,15,15,0,efit: 4,efit: 4,,,,0,0,0,0,1,,
2026-04-10 10:48:14,7,15,15,0,efit: 6,efit: 6,,,,0,0,0,0,1,,
2026-04-10 11:38:24,7,15,15,0,efit: 5,efit: 5,,,,0,0,0,0,1,,
2026-04-10 12:03:30,7,15,15,0,efit: 4,efit: 4,,,,0,0,0,0,1,,
2026-04-10 12:05:23,7,15,15,0,efit: 5,efit: 5,,,,0,0,0,0,1,,
2026-04-10 12:15:36,7,15,15,0,efit: 3,efit: 3,,,,0,0,0,0,1,,
2026-04-10 12:58:41,7,15,15,0,efit: 4,efit: 4,,,,0,0,0,0,1,,
2026-04-10 15:14:09,7,15,15,0,efit: 5,efit: 5,,,,0,0,0,0,1,,
2026-04-10 15:24:11,7,15,15,0,efit: 4,efit: 4,,,,0,0,0,0,1,,
2026-04-10 15:29:12,7,15,15,0,efit: 3,efit: 3,,,,0,0,0,0,1,,
2026-04-10 15:34:13,7,15,15,0,efit: 4,efit: 4,,,,0,0,0,0,1,,
2026-04-10 15:51:02,7,15,15,0,efit: 3,efit: 3,,,,0,0,0,0,1,,
2026-04-10 16:01:03,7,15,15,0,efit: 2,efit: 2,,,,0,0,0,0,1,,
2026-04-10 16:04:19,7,15,15,0,efit: 1,efit: 1,,,,0,0,0,0,1,,
2026-04-10 16:31:30,7,15,15,0,,,,,,0,0,0,0,1,,
2026-04-10 16:39:26,7,15,15,0,efit: 1,efit: 1,,,,0,0,0,0,1,,
2026-04-10 16:44:27,7,15,15,0,efit: 2,efit: 2,,,,0,0,0,0,1,,
2026-04-10 17:01:13,7,15,15,0,efit: 3,efit: 3,,,,0,0,0,0,1,,
2026-04-10 17:06:14,7,15,15,0,efit: 1,efit: 1,,,,0,0,0,0,1,,
2026-04-10 17:14:33,7,15,15,0,,,,,,0,0,0,0,1,,
2026-04-10 17:16:16,7,15,15,0,efit: 1,efit: 1,,,,0,0,0,0,1,,
2026-04-10 17:44:39,7,15,15,0,"fit: 1, efit: 2","fit: 1, efit: 2",,,,0,0,0,0,1,,
2026-04-10 18:01:23,7,15,15,0,"fit: 1, efit: 3","fit: 1, efit: 3",,,,0,0,0,0,1,,
2026-04-10 22:35:37,7,15,15,0,"fit: 1, efit: 4","fit: 1, efit: 4",,,,0,0,0,0,1,,
2026-04-10 23:10:43,7,15,15,0,"fit: 1, efit: 3","fit: 1, efit: 3",,,,0,0,0,0,1,,
2026-04-11 00:00:53,7,15,15,0,"fit: 1, efit: 4","fit: 1, efit: 4",,,,0,0,0,0,1,,
2026-04-11 00:37:25,7,15,15,0,"fit: 1, efit: 3","fit: 1, efit: 3",,,,0,0,0,0,1,,
2026-04-11 00:42:26,7,15,15,0,"fit: 1, efit: 4","fit: 1, efit: 4",,,,0,0,0,0,1,,
2026-04-11 01:58:24,7,15,15,0,"fit: 1, efit: 3","fit: 1, efit: 3",,,,0,0,0,0,1,,
2026-04-11 07:07:13,7,15,15,0,"fit: 1, efit: 2","fit: 1, efit: 2",,,,0,0,0,0,1,,
2026-04-11 07:38:29,7,15,15,0,"fit: 1, efit: 1","fit: 1, efit: 1",,,,0,0,0,0,1,,
2026-04-11 07:47:21,7,15,15,0,"fit: 1, efit: 2","fit: 1, efit: 2",,,,0,0,0,0,1,,
2026-04-11 07:57:23,7,15,15,0,"fit: 1, efit: 3","fit: 1, efit: 3",,,,0,0,0,0,1,,
2026-04-11 08:18:35,7,15,15,0,"fit: 1, efit: 2","fit: 1, efit: 2",,,,0,0,0,0,1,,
2026-04-11 09:49:56,7,15,15,0,"fit: 1, efit: 1","fit: 1, efit: 1",,,,0,0,0,0,1,,
2026-04-11 09:59:58,7,15,15,0,"fit: 2, efit: 2","fit: 2, efit: 2",,,,0,0,0,0,1,,
2026-04-11 10:10:01,7,15,15,0,"fit: 2, efit: 1","fit: 2, efit: 1",,,,0,0,0,0,1,,
2026-04-11 10:27:53,7,15,15,0,fit: 2,fit: 2,,,,0,0,0,0,1,,
2026-04-11 10:47:56,7,15,15,0,"fit: 2, efit: 4","fit: 2, efit: 3",,,,0,0,0,0,1,,
2026-04-11 10:50:09,7,15,15,0,"fit: 2, efit: 4","fit: 2, efit: 4",,,,0,0,0,0,1,,
2026-04-11 10:52:57,7,15,15,0,"fit: 2, efit: 3","fit: 2, efit: 3",,,,0,0,0,0,1,,
2026-04-11 11:14:04,7,15,15,0,"fit: 2, efit: 2","fit: 2, efit: 2",,,,0,0,0,0,1,,
2026-04-11 11:18:03,7,15,15,0,"fit: 2, efit: 1","fit: 2, efit: 1",,,,0,0,0,0,1,,
2026-04-11 11:19:05,7,15,15,0,fit: 2,fit: 2,,,,0,0,0,0,1,,
2026-04-11 11:38:07,7,15,15,0,"fit: 2, efit: 1","fit: 2, efit: 1",,,,0,0,0,0,1,,
2026-04-11 11:43:08,7,15,15,0,"fit: 2, efit: 2","fit: 2, efit: 2",,,,0,0,0,0,1,,
2026-04-11 11:53:10,7,15,15,0,"fit: 2, efit: 1","fit: 2, efit: 1",,,,0,0,0,0,1,,
2026-04-11 12:08:13,7,15,15,0,fit: 2,fit: 2,,,,0,0,0,0,1,,
2026-04-11 12:13:15,7,15,15,0,"fit: 2, efit: 1","fit: 2, efit: 1",,,,0,0,0,0,1,,
2026-04-11 12:20:28,7,15,15,0,fit: 2,fit: 2,,,,0,0,0,0,1,,
2026-04-11 12:53:23,7,15,15,0,"fit: 2, efit: 1","fit: 2, efit: 1",,,,0,0,0,0,1,,
2026-04-11 12:54:21,7,15,15,0,"fit: 2, efit: 2","fit: 2, efit: 2",,,,0,0,0,0,1,,
2026-04-11 13:00:37,7,15,15,0,"fit: 2, efit: 3","fit: 2, efit: 3",,,,0,0,0,0,1,,
2026-04-11 13:20:41,7,15,15,0,"fit: 2, efit: 2","fit: 2, efit: 2",,,,0,0,0,0,1,,
2026-04-11 13:23:29,7,15,15,0,"fit: 4, efit: 2","fit: 4, efit: 2",,,,0,0,0,0,1,,
2026-04-11 13:25:42,7,15,15,0,"fit: 4, efit: 1","fit: 4, efit: 1",,,,0,0,0,0,1,,
2026-04-11 13:33:31,7,15,15,0,fit: 4,fit: 4,,,,0,0,0,0,1,,
2026-04-11 15:03:51,7,15,15,0,fit: 3,fit: 3,,,,0,0,0,0,1,,
2026-04-11 16:29:58,7,15,15,0,fit: 2,fit: 2,,,,0,0,0,0,1,,
2026-04-11 16:34:58,7,15,15,0,fit: 1,fit: 1,,,,0,0,0,0,1,,
2026-04-11 18:11:44,7,15,15,0,,,,,,0,0,0,0,1,,
2026-04-11 18:14:30,7,15,15,0,efit: 1,efit: 1,,,,0,0,0,0,1,,
2026-04-11 18:16:46,7,15,15,0,efit: 2,efit: 2,,,,0,0,0,0,1,,
2026-04-11 18:51:53,7,15,15,0,efit: 1,efit: 1,,,,0,0,0,0,1,,
2026-04-11 19:05:24,7,15,15,0,"fit: 1, efit: 2","fit: 1, efit: 2",,,,0,0,0,0,1,,
2026-04-11 19:16:59,7,15,15,0,"fit: 1, efit: 1","fit: 1, efit: 1",,,,0,0,0,0,1,,
2026-04-11 19:49:50,7,15,15,0,"fit: 1, efit: 2","fit: 1, efit: 2",,,,0,0,0,0,1,,
2026-04-11 19:54:51,7,15,15,0,"fit: 1, efit: 1","fit: 1, efit: 1",,,,0,0,0,0,1,,
2026-04-11 20:19:56,7,15,15,0,"fit: 1, efit: 2","fit: 1, efit: 2",,,,0,0,0,0,1,,
2026-04-11 20:22:13,7,15,15,0,"fit: 1, efit: 3","fit: 1, efit: 3",,,,0,0,0,0,1,,
2026-04-11 21:35:12,7,15,15,0,"fit: 1, efit: 2","fit: 1, efit: 2",,,,0,0,0,0,1,,
2026-04-11 22:55:28,7,15,15,0,"fit: 1, efit: 3","fit: 1, efit: 3",,,,0,0,0,0,1,,
2026-04-11 23:12:49,7,15,15,0,"fit: 1, efit: 4","fit: 1, efit: 4",,,,0,0,0,0,1,,
2026-04-12 00:00:41,7,15,15,0,"fit: 1, efit: 4","fit: 1, efit: 4",,,,0,0,0,0,1,,
2026-04-12 00:53:09,7,15,15,0,"fit: 3, efit: 4","fit: 3, efit: 4",,,,0,0,0,0,1,,
2026-04-12 01:25:58,7,15,15,0,"fit: 3, efit: 5","fit: 3, efit: 5",,,,0,0,0,0,1,,
2026-04-12 01:58:22,7,15,15,0,"fit: 3, efit: 4","fit: 3, efit: 4",,,,0,0,0,0,1,,
2026-04-12 02:43:32,7,15,15,0,"fit: 3, efit: 3","fit: 3, efit: 3",,,,0,0,0,0,1,,
2026-04-12 06:49:22,7,15,15,0,"fit: 3, efit: 4","fit: 3, efit: 4",,,,0,0,0,0,1,,
2026-04-12 07:37:11,7,15,15,0,"fit: 3, efit: 3","fit: 3, efit: 3",,,,0,0,0,0,1,,
2026-04-12 08:17:19,7,15,15,0,"fit: 3, efit: 2","fit: 3, efit: 2",,,,0,0,0,0,1,,
2026-04-12 10:00:01,7,15,15,0,"fit: 3, efit: 3","fit: 3, efit: 3",,,,0,0,0,0,1,,
2026-04-12 10:02:40,7,15,15,0,"fit: 3, efit: 2","fit: 3, efit: 2",,,,0,0,0,0,1,,
2026-04-12 10:07:41,7,15,15,0,"fit: 3, efit: 3","fit: 3, efit: 3",,,,0,0,0,0,1,,
2026-04-12 10:22:44,7,15,15,0,"fit: 3, efit: 4","fit: 3, efit: 4",,,,0,0,0,0,1,,
2026-04-12 10:42:48,7,15,15,0,"fit: 3, efit: 3","fit: 3, efit: 3",,,,0,0,0,0,1,,
2026-04-12 10:47:56,7,15,15,0,"fit: 3, efit: 4","fit: 3, efit: 4",,,,0,0,0,0,1,,
2026-04-12 11:02:52,7,15,15,0,"fit: 4, efit: 4","fit: 4, efit: 4",,,,0,0,0,0,1,,
2026-04-12 11:20:18,7,15,15,0,"fit: 4, efit: 3","fit: 4, efit: 3",,,,0,0,0,0,1,,
2026-04-12 11:27:57,7,15,15,0,"fit: 4, efit: 2","fit: 4, efit: 2",,,,0,0,0,0,1,,
2026-04-12 12:18:07,7,15,15,0,"fit: 4, efit: 1","fit: 4, efit: 1",,,,0,0,0,0,1,,
2026-04-12 12:33:10,7,15,15,0,"fit: 4, efit: 2","fit: 4, efit: 2",,,,0,0,0,0,1,,
2026-04-12 12:45:36,7,15,15,0,"fit: 4, efit: 1","fit: 4, efit: 1",,,,0,0,0,0,1,,
2026-04-12 13:20:43,7,15,15,0,fit: 4,fit: 4,,,,0,0,0,0,1,,
2026-04-12 13:38:22,7,15,15,0,fit: 3,fit: 3,,,,0,0,0,0,1,,
2026-04-12 15:23:36,7,15,15,0,"fit: 3, efit: 1","fit: 3, efit: 1",,,,0,0,0,0,1,,
2026-04-12 16:03:42,7,15,15,0,"fit: 4, efit: 2","fit: 4, efit: 2",,,,0,0,0,0,1,,
2026-04-12 16:03:47,7,15,15,0,"fit: 4, efit: 1","fit: 4, efit: 1",,,,0,0,0,0,1,,
2026-04-12 16:06:18,7,15,15,0,fit: 4,fit: 4,,,,0,0,0,0,1,,
2026-04-12 16:43:49,7,15,15,0,"fit: 4, efit: 1","fit: 4, efit: 1",,,,0,0,0,0,1,,
2026-04-12 16:53:51,7,15,15,0,fit: 4,fit: 4,,,,0,0,0,0,1,,
2026-04-12 17:21:35,7,15,15,0,fit: 3,fit: 3,,,,0,0,0,0,1,,
2026-04-12 17:26:36,7,15,15,0,"fit: 3, efit: 1","fit: 3, efit: 1",,,,0,0,0,0,1,,
2026-04-12 17:38:59,7,15,15,0,"fit: 4, efit: 1","fit: 4, efit: 1",,,,0,0,0,0,1,,
2026-04-12 18:56:55,7,15,15,0,"fit: 5, efit: 1","fit: 5, efit: 1",,,,0,0,0,0,1,,
2026-04-12 18:59:12,7,15,15,0,fit: 6,fit: 6,,,,0,0,0,0,1,,
2026-04-12 19:01:56,7,15,15,0,"fit: 6, efit: 1","fit: 6, efit: 1",,,,0,0,0,0,1,,
2026-04-12 19:34:30,7,15,15,0,fit: 6,fit: 6,,,,0,0,0,0,1,,
2026-04-12 19:54:21,7,15,15,0,fit: 5,fit: 5,,,,0,0,0,0,1,,
2026-04-12 20:09:23,7,15,15,0,"fit: 5, efit: 1","fit: 5, efit: 1",,,,0,0,0,0,1,,
2026-04-12 20:42:17,7,15,15,0,"fit: 5, efit: 2","fit: 5, efit: 2",,,,0,0,0,0,1,,
2026-04-12 20:57:20,7,15,15,0,"fit: 5, efit: 3","fit: 5, efit: 2",efit: 1,,,0,0,0,0,1,,
2026-04-12 21:09:34,7,15,15,0,"fit: 5, efit: 2","fit: 5, efit: 1",efit: 1,,,0,0,0,0,1,,
2026-04-12 21:19:36,7,15,15,0,"fit: 5, efit: 1",fit: 5,efit: 1,,,0,0,0,0,1,,
2026-04-12 21:39:55,7,15,15,0,"fit: 5, efit: 2","fit: 5, efit: 1",efit: 1,,,0,0,0,0,1,,
2026-04-12 23:57:57,7,15,15,0,"fit: 5, efit: 3","fit: 5, efit: 2",efit: 1,,,0,0,0,0,1,,
2026-04-13 00:00:02,7,15,15,0,"fit: 5, efit: 3","fit: 5, efit: 2",efit: 1,,,0,0,0,0,1,,
2026-04-13 03:30:36,7,15,15,0,"fit: 5, efit: 5","fit: 5, efit: 4",efit: 1,,,0,0,0,0,1,,
2026-04-13 06:26:40,7,15,15,0,"fit: 5, efit: 6","fit: 5, efit: 5",efit: 1,,,0,0,0,0,1,,
2026-04-13 06:41:43,7,15,15,0,"fit: 5, efit: 5","fit: 5, efit: 4",efit: 1,,,0,0,0,0,1,,
2026-04-13 08:04:36,7,15,15,0,"fit: 5, efit: 4","fit: 5, efit: 3",efit: 1,,,0,0,0,0,1,,
2026-04-13 08:19:39,7,15,15,0,"fit: 5, efit: 3","fit: 5, efit: 2",efit: 1,,,0,0,0,0,1,,
2026-04-13 08:34:42,7,15,15,0,"fit: 5, efit: 2","fit: 5, efit: 1",efit: 1,,,0,0,0,0,1,,
2026-04-13 08:41:27,7,15,15,0,"fit: 5, efit: 1",fit: 5,efit: 1,,,0,0,0,0,1,,
2026-04-13 09:46:38,7,15,15,0,"fit: 4, efit: 1",fit: 4,efit: 1,,,0,0,0,0,1,,
2026-04-13 09:49:58,7,15,15,0,"fit: 3, efit: 1",fit: 3,efit: 1,,,0,0,0,0,1,,
2026-04-13 09:54:59,7,15,15,0,"fit: 2, efit: 1",fit: 2,efit: 1,,,0,0,0,0,1,,
2026-04-13 10:46:48,7,15,15,0,"fit: 1, efit: 1",fit: 1,efit: 1,,,0,0,0,0,1,,
2026-04-13 10:51:49,7,15,15,0,"fit: 1, efit: 3","fit: 1, efit: 1",efit: 1,,,0,0,0,0,1,,
2026-04-13 11:00:14,7,15,15,0,"fit: 1, efit: 2",fit: 1,efit: 1,,,0,0,0,0,1,,
2026-04-13 11:17:39,7,15,15,0,"fit: 1, efit: 2","fit: 1, efit: 1",efit: 1,,,0,0,0,0,1,,
2026-04-13 12:10:31,7,15,15,0,"fit: 1, efit: 1",fit: 1,efit: 1,,,0,0,0,0,1,,
2026-04-13 12:40:38,7,15,15,0,"fit: 1, efit: 2","fit: 1, efit: 1",efit: 1,,,0,0,0,0,1,,
2026-04-13 13:00:42,7,15,15,0,"fit: 1, efit: 3","fit: 1, efit: 2",efit: 1,,,0,0,0,0,1,,
2026-04-13 13:10:44,7,15,15,0,"fit: 1, efit: 2","fit: 1, efit: 1",efit: 1,,,0,0,0,0,1,,
2026-04-13 13:50:53,7,15,15,0,"fit: 1, efit: 4","fit: 1, efit: 3",efit: 1,,,0,0,0,0,1,,
2026-04-13 13:55:54,7,15,15,0,"fit: 1, efit: 3","fit: 1, efit: 2",efit: 1,,,0,0,0,0,1,,
2026-04-13 14:23:17,7,15,15,0,"fit: 1, efit: 2","fit: 1, efit: 1",efit: 1,,,0,0,0,0,1,,
2026-04-13 14:53:23,7,15,15,0,"fit: 1, efit: 1",fit: 1,efit: 1,,,0,0,0,0,1,,
2026-04-13 15:06:10,7,15,15,0,efit: 1,,efit: 1,,,0,0,0,0,1,,
2026-04-13 15:12:34,7,15,15,0,efit: 2,efit: 1,efit: 1,,,0,0,0,0,1,,
2026-04-13 15:16:12,7,15,15,0,efit: 3,efit: 2,efit: 1,,,0,0,0,0,1,,
2026-04-13 15:27:36,7,15,15,0,efit: 2,efit: 1,efit: 1,,,0,0,0,0,1,,
2026-04-13 15:31:16,7,15,15,0,efit: 3,efit: 2,efit: 1,,,0,0,0,0,1,,
2026-04-13 15:37:38,7,15,15,0,efit: 4,efit: 3,efit: 1,,,0,0,0,0,1,,
2026-04-13 16:11:24,7,15,15,0,efit: 5,efit: 4,efit: 1,,,0,0,0,0,1,,
2026-04-13 16:46:32,7,15,15,0,efit: 4,efit: 3,efit: 1,,,0,0,0,0,1,,
2026-04-13 16:51:33,7,15,15,0,efit: 3,efit: 2,efit: 1,,,0,0,0,0,1,,
2026-04-13 17:11:37,7,15,15,0,efit: 4,efit: 3,efit: 1,,,0,0,0,0,1,,
2026-04-13 17:27:56,7,15,15,0,efit: 3,efit: 2,efit: 1,,,0,0,0,0,1,,
2026-04-13 17:28:55,7,15,15,0,efit: 2,efit: 1,efit: 1,,,0,0,0,0,1,,
2026-04-13 17:31:41,7,15,15,0,efit: 1,,efit: 1,,,0,0,0,0,1,,
2026-04-13 19:23:16,7,15,15,0,efit: 2,efit: 1,efit: 1,,,0,0,0,0,1,,
2026-04-13 19:53:21,7,15,15,0,efit: 5,efit: 4,efit: 1,,,0,0,0,0,1,,
2026-04-13 20:18:25,7,15,15,0,efit: 6,efit: 5,efit: 1,,,0,0,0,0,1,,
2026-04-13 21:27:33,7,15,15,0,efit: 5,efit: 4,efit: 1,,,0,0,0,0,1,,
2026-04-13 21:58:41,7,15,15,0,efit: 6,efit: 5,efit: 1,,,0,0,0,0,1,,
2026-04-13 21:59:51,7,15,15,0,efit: 5,efit: 4,efit: 1,,,0,0,0,0,1,,
2026-04-13 22:24:56,7,15,15,0,efit: 6,efit: 5,efit: 1,,,0,0,0,0,1,,
2026-04-13 22:39:59,7,15,15,0,efit: 5,efit: 4,efit: 1,,,0,0,0,0,1,,
2026-04-13 23:17:56,7,15,15,0,efit: 6,efit: 5,efit: 1,,,0,0,0,0,1,,
2026-04-14 00:00:15,7,15,15,0,efit: 6,efit: 5,efit: 1,,,0,0,0,0,1,,
2026-04-14 00:45:24,7,15,15,0,"fit: 1, efit: 6","fit: 1, efit: 5",efit: 1,,,0,0,0,0,1,,
2026-04-14 06:59:28,7,15,15,0,"fit: 1, efit: 5","fit: 1, efit: 4",efit: 1,,,0,0,0,0,1,,
2026-04-14 07:39:36,7,15,15,0,"fit: 1, efit: 4","fit: 1, efit: 3",efit: 1,,,0,0,0,0,1,,
2026-04-14 07:44:37,7,15,15,0,"fit: 1, efit: 3","fit: 1, efit: 2",efit: 1,,,0,0,0,0,1,,
2026-04-14 07:49:38,7,15,15,0,"fit: 1, efit: 2","fit: 1, efit: 1",efit: 1,,,0,0,0,0,1,,
2026-04-14 08:01:48,7,15,15,0,"fit: 1, efit: 1",fit: 1,efit: 1,,,0,0,0,0,1,,
2026-04-14 08:06:49,7,15,15,0,"fit: 1, efit: 2","fit: 1, efit: 1",efit: 1,,,0,0,0,0,1,,
2026-04-14 08:16:51,7,15,15,0,"fit: 1, efit: 1",fit: 1,efit: 1,,,0,0,0,0,1,,
2026-04-14 10:52:23,7,15,15,0,"fit: 1, efit: 2","fit: 1, efit: 1",efit: 1,,,0,0,0,0,1,,
2026-04-14 10:57:24,7,15,15,0,"fit: 1, efit: 1",fit: 1,efit: 1,,,0,0,0,0,1,,
2026-04-14 11:27:30,7,15,15,0,"fit: 2, efit: 1",fit: 2,efit: 1,,,0,0,0,0,1,,
2026-04-14 11:30:24,7,15,15,0,"fit: 5, efit: 5","fit: 5, efit: 1",,,,0,0,0,0,1,,
2026-04-14 11:30:51,7,15,15,0,"fit: 5, efit: 5",fit: 5,efit: 1,,,0,0,0,0,1,,
2026-04-14 11:32:31,7,15,15,0,"fit: 6, efit: 5",fit: 6,,,,0,0,0,0,1,,
2026-04-14 12:00:31,7,15,15,0,"fit: 6, efit: 5","fit: 6, efit: 1",,,,0,0,0,0,1,,
2026-04-14 12:12:39,7,15,15,0,"fit: 7, efit: 5","fit: 7, efit: 1",,,,0,0,0,0,1,,
2026-04-14 12:15:34,7,15,15,0,"fit: 7, efit: 4",fit: 7,,,,0,0,0,0,1,,
2026-04-14 12:30:37,7,15,15,0,"fit: 7, efit: 4","fit: 7, efit: 3",,,,0,0,0,0,1,,
2026-04-14 12:41:05,7,15,15,0,"fit: 6, efit: 4","fit: 6, efit: 4",,,,0,0,0,0,1,,
2026-04-14 13:12:51,7,15,15,0,"fit: 7, efit: 3","fit: 7, efit: 3",,,,0,0,0,0,1,,
2026-04-14 13:22:53,7,15,15,0,"fit: 7, efit: 4","fit: 7, efit: 4",,,,0,0,0,0,1,,
2026-04-14 13:25:49,7,15,15,0,"fit: 7, efit: 3","fit: 7, efit: 3",,,,0,0,0,0,1,,
2026-04-14 13:42:57,7,15,15,0,"fit: 7, efit: 2","fit: 7, efit: 2",,,,0,0,0,0,1,,
2026-04-14 13:45:54,7,15,15,0,"fit: 7, efit: 1","fit: 7, efit: 1",,,,0,0,0,0,1,,
2026-04-14 14:26:03,7,15,15,0,fit: 7,fit: 7,,,,0,0,0,0,1,,
2026-04-14 14:33:08,7,15,15,0,"fit: 7, efit: 1","fit: 7, efit: 1",,,,0,0,0,0,1,,
2026-04-14 15:11:12,7,15,15,0,"fit: 7, efit: 2","fit: 7, efit: 2",,,,0,0,0,0,1,,
2026-04-14 15:23:18,7,15,15,0,"fit: 7, efit: 3","fit: 7, efit: 3",,,,0,0,0,0,1,,
2026-04-14 15:53:25,7,15,15,0,"fit: 7, efit: 2","fit: 7, efit: 2",,,,0,0,0,0,1,,
2026-04-14 15:56:22,7,15,15,0,"fit: 7, efit: 3","fit: 7, efit: 3",,,,0,0,0,0,1,,
2026-04-14 15:58:26,7,15,15,0,"fit: 7, efit: 2","fit: 7, efit: 2",,,,0,0,0,0,1,,
2026-04-14 16:18:30,7,15,15,0,"fit: 7, efit: 3","fit: 7, efit: 3",,,,0,0,0,0,1,,
2026-04-14 16:26:43,7,15,15,0,"fit: 7, efit: 4","fit: 7, efit: 4",,,,0,0,0,0,1,,
2026-04-14 16:41:32,7,15,15,0,"fit: 7, efit: 3","fit: 7, efit: 3",,,,0,0,0,0,1,,
2026-04-14 16:56:35,7,15,15,0,"fit: 8, efit: 3","fit: 8, efit: 3",,,,0,0,0,0,1,,
2026-04-14 17:41:45,7,15,15,0,"fit: 8, efit: 4","fit: 8, efit: 4",,,,0,0,0,0,1,,
2026-04-14 18:28:57,7,15,15,0,"fit: 8, efit: 5","fit: 8, efit: 5",,,,0,0,0,0,1,,
2026-04-14 18:31:56,7,15,15,0,"fit: 8, efit: 4","fit: 8, efit: 4",,,,0,0,0,0,1,,
2026-04-14 18:46:59,7,15,15,0,"fit: 8, efit: 5","fit: 8, efit: 5",,,,0,0,0,0,1,,
2026-04-14 19:02:02,7,15,15,0,"fit: 9, efit: 4","fit: 9, efit: 4",,,,0,0,0,0,1,,
2026-04-14 19:22:07,7,15,15,0,"fit: 9, efit: 4","fit: 9, efit: 3",,,,0,0,0,0,1,,
2026-04-14 19:37:10,7,15,15,0,"fit: 10, efit: 4","fit: 10, efit: 3",,,,0,0,0,0,1,,
2026-04-14 19:42:11,7,15,15,0,"fit: 10, efit: 3","fit: 10, efit: 2",,,,0,0,0,0,1,,
2026-04-14 19:49:14,7,15,15,0,"fit: 10, efit: 4","fit: 10, efit: 3",,,,0,0,0,0,1,,
2026-04-14 20:04:17,7,15,15,0,"fit: 10, efit: 3","fit: 10, efit: 3",,,,0,0,0,0,1,,
2026-04-14 20:24:21,7,15,15,0,"fit: 10, efit: 4","fit: 10, efit: 4",,,,0,0,0,0,1,,
2026-04-14 20:37:22,7,15,15,0,"fit: 10, efit: 3","fit: 10, efit: 3",,,,0,0,0,0,1,,
2026-04-14 20:59:28,7,15,15,0,"fit: 11, efit: 3","fit: 11, efit: 3",,,,0,0,0,0,1,,
2026-04-14 21:19:32,7,15,15,0,"fit: 11, efit: 2","fit: 11, efit: 2",,,,0,0,0,0,1,,
2026-04-15 00:00:03,7,15,15,0,"fit: 11, efit: 2","fit: 11, efit: 2",,,,0,0,0,0,1,,
2026-04-15 03:50:49,7,15,15,0,"fit: 11, efit: 1","fit: 11, efit: 1",,,,0,0,0,0,1,,
2026-04-15 06:38:56,7,15,15,0,"fit: 11, efit: 2","fit: 11, efit: 2",,,,0,0,0,0,1,,
2026-04-15 07:39:06,7,15,15,0,"fit: 11, efit: 1","fit: 11, efit: 1",,,,0,0,0,0,1,,
2026-04-15 07:54:08,7,15,15,0,fit: 11,fit: 11,,,,0,0,0,0,1,,
2026-04-15 08:09:38,7,15,15,0,"fit: 11, efit: 1","fit: 11, efit: 1",,,,0,0,0,0,1,,
2026-04-15 08:31:44,7,15,15,0,fit: 11,fit: 11,,,,0,0,0,0,1,,
2026-04-15 08:39:44,7,15,15,0,"fit: 11, efit: 1","fit: 11, efit: 1",,,,0,0,0,0,1,,
2026-04-15 08:41:47,7,15,15,0,"fit: 10, efit: 1","fit: 10, efit: 1",,,,0,0,0,0,1,,
2026-04-15 08:46:48,7,15,15,0,fit: 10,fit: 10,,,,0,0,0,0,1,,
2026-04-15 09:26:56,7,15,15,0,fit: 8,fit: 8,,,,0,0,0,0,1,,
2026-04-15 09:54:28,7,15,15,0,fit: 9,fit: 9,,,,0,0,0,0,1,,
2026-04-15 09:57:02,7,15,15,0,fit: 8,fit: 8,,,,0,0,0,0,1,,
2026-04-15 10:29:34,7,15,15,0,fit: 7,fit: 7,,,,0,0,0,0,1,,
2026-04-15 11:34:45,7,15,15,0,fit: 6,fit: 6,,,,0,0,0,0,1,,
2026-04-15 11:40:22,7,15,15,0,"fit: 6, efit: 1","fit: 6, efit: 1",,,,0,0,0,0,1,,
2026-04-15 12:49:57,7,15,15,0,fit: 6,fit: 6,,,,0,0,0,0,1,,
2026-04-15 13:10:01,7,15,15,0,fit: 5,fit: 5,,,,0,0,0,0,1,,
2026-04-15 14:35:15,7,15,15,0,"fit: 5, efit: 2","fit: 5, efit: 2",,,,0,0,0,0,1,,
2026-04-15 14:36:00,7,15,15,0,"fit: 5, efit: 1","fit: 5, efit: 1",,,,0,0,0,0,1,,
2026-04-15 14:40:16,7,15,15,0,"fit: 5, efit: 2","fit: 5, efit: 2",,,,0,0,0,0,1,,
2026-04-15 14:45:17,7,15,15,0,"fit: 5, efit: 1","fit: 5, efit: 1",,,,0,0,0,0,1,,
2026-04-15 14:46:02,7,15,15,0,fit: 5,fit: 5,,,,0,0,0,0,1,,
2026-04-15 15:13:07,7,15,15,0,"fit: 5, efit: 1","fit: 5, efit: 1",,,,0,0,0,0,1,,
2026-04-15 15:58:16,7,15,15,0,fit: 5,fit: 5,,,,0,0,0,0,1,,
2026-04-15 16:01:18,7,15,15,0,fit: 4,fit: 4,,,,0,0,0,0,1,,
2026-04-15 16:03:17,7,15,15,0,fit: 5,fit: 5,,,,0,0,0,0,1,,
2026-04-15 16:05:30,7,15,15,0,fit: 4,fit: 4,,,,0,0,0,0,1,,
2026-04-15 16:20:32,7,15,15,0,fit: 3,fit: 3,,,,0,0,0,0,1,,
2026-04-15 16:31:24,7,15,15,0,fit: 2,fit: 2,,,,0,0,0,0,1,,
2026-04-15 17:05:40,7,15,15,0,"fit: 2, efit: 1","fit: 2, efit: 1",,,,0,0,0,0,1,,
2026-04-15 17:18:33,7,15,15,0,"fit: 2, efit: 2","fit: 2, efit: 2",,,,0,0,0,0,1,,
2026-04-15 17:50:47,7,15,15,0,"fit: 2, efit: 3","fit: 2, efit: 3",,,,0,0,0,0,1,,
2026-04-15 17:56:41,7,15,15,0,"fit: 2, efit: 2","fit: 2, efit: 2",,,,0,0,0,0,1,,
2026-04-15 18:35:55,7,15,15,0,"fit: 2, efit: 4","fit: 2, efit: 4",,,,0,0,0,0,1,,
2026-04-15 18:48:51,7,15,15,0,"fit: 2, efit: 3","fit: 2, efit: 3",,,,0,0,0,0,1,,
2026-04-15 18:50:58,7,15,15,0,fit: 1,fit: 1,,,,0,0,0,0,1,,
2026-04-15 19:13:56,7,15,15,0,"fit: 1, efit: 1","fit: 1, efit: 1",,,,0,0,0,0,1,,
2026-04-15 19:21:03,7,15,15,0,fit: 1,fit: 1,,,,0,0,0,0,1,,
2026-04-15 19:56:08,7,15,15,0,,,,,,0,0,0,0,1,,
2026-04-15 20:06:10,7,15,15,0,efit: 1,efit: 1,,,,0,0,0,0,1,,
2026-04-15 20:14:08,7,15,15,0,"fit: 1, efit: 4","fit: 1, efit: 4",,,,0,0,0,0,1,,
2026-04-15 20:16:12,7,15,15,0,"fit: 2, efit: 5","fit: 2, efit: 5",,,,0,0,0,0,1,,
2026-04-15 20:39:12,7,15,15,0,"fit: 2, efit: 6","fit: 2, efit: 6",,,,0,0,0,0,1,,
2026-04-15 20:52:17,7,15,15,0,"fit: 2, efit: 7","fit: 2, efit: 7",,,,0,0,0,0,1,,
2026-04-15 20:59:16,7,15,15,0,"fit: 2, efit: 6","fit: 2, efit: 6",,,,0,0,0,0,1,,
2026-04-15 21:01:19,7,15,15,0,"fit: 2, efit: 7","fit: 2, efit: 7",,,,0,0,0,0,1,,
2026-04-15 21:24:21,7,15,15,0,"fit: 2, efit: 6","fit: 2, efit: 6",,,,0,0,0,0,1,,
2026-04-15 21:51:27,7,15,15,0,"fit: 2, efit: 7","fit: 2, efit: 7",,,,0,0,0,0,1,,
2026-04-15 22:26:33,7,15,15,0,"fit: 2, efit: 2","fit: 2, efit: 2",,,,0,0,0,0,1,,
2026-04-15 22:27:37,7,15,15,0,"fit: 2, efit: 1","fit: 2, efit: 1",,,,0,0,0,0,1,,
2026-04-15 23:52:54,7,15,15,0,"fit: 2, efit: 2","fit: 2, efit: 2",,,,0,0,0,0,1,,
2026-04-16 00:01:48,7,15,15,0,"fit: 2, efit: 2","fit: 2, efit: 2",,,,0,0,0,0,1,,
2026-04-16 00:07:57,7,15,15,0,"fit: 2, efit: 3","fit: 2, efit: 3",,,,0,0,0,0,1,,
2026-04-16 07:06:14,7,15,15,0,"fit: 2, efit: 2","fit: 2, efit: 2",,,,0,0,0,0,1,,
2026-04-16 07:22:57,7,15,15,0,"fit: 3, efit: 2","fit: 3, efit: 2",,,,0,0,0,0,1,,
2026-04-16 07:49:29,7,15,15,0,"fit: 3, efit: 1","fit: 3, efit: 1",,,,0,0,0,0,1,,
2026-04-16 07:56:23,7,15,15,0,fit: 3,fit: 3,,,,0,0,0,0,1,,
2026-04-16 08:09:33,7,15,15,0,"fit: 3, efit: 1","fit: 3, efit: 1",,,,0,0,0,0,1,,
2026-04-16 08:19:35,7,15,15,0,fit: 3,fit: 3,,,,0,0,0,0,1,,
2026-04-16 08:21:28,7,15,15,0,fit: 2,fit: 2,,,,0,0,0,0,1,,
2026-04-16 09:01:36,7,15,15,0,fit: 1,fit: 1,,,,0,0,0,0,1,,
2026-04-16 09:23:16,7,15,15,0,fit: 2,fit: 2,,,,0,0,0,0,1,,
2026-04-16 09:41:44,7,15,15,0,fit: 1,fit: 1,,,,0,0,0,0,1,,
2026-04-16 09:49:54,7,15,15,0,,,,,,0,0,0,0,1,,
2026-04-16 12:27:18,7,15,15,0,fit: 1,fit: 1,,,,0,0,0,0,1,,
2026-04-16 12:35:29,7,15,15,0,,,,,,0,0,0,0,1,,
2026-04-16 13:08:53,7,15,15,0,fit: 1,fit: 1,,,,0,0,0,0,1,,
2026-04-16 14:10:49,7,15,15,0,"fit: 1, efit: 1","fit: 1, efit: 1",,,,0,0,0,0,1,,
2026-04-16 14:34:07,7,15,15,0,"fit: 1, efit: 2","fit: 1, efit: 2",,,,0,0,0,0,1,,
2026-04-16 14:42:46,7,15,15,0,"fit: 1, efit: 1","fit: 1, efit: 1",,,,0,0,0,0,1,,
2026-04-16 15:27:54,7,15,15,0,fit: 1,fit: 1,,,,0,0,0,0,1,,
2026-04-16 16:03:02,7,15,15,0,,,,,,0,0,0,0,1,,
2026-04-16 16:24:25,7,15,15,0,efit: 1,efit: 1,,,,0,0,0,0,1,,
2026-04-16 16:51:23,7,15,15,0,,,,,,0,0,0,0,1,,
2026-04-16 17:01:25,7,15,15,0,efit: 1,efit: 1,,,,0,0,0,0,1,,
2026-04-16 19:39:57,7,15,15,0,efit: 2,efit: 2,,,,0,0,0,0,1,,
2026-04-16 19:41:58,7,15,15,0,efit: 1,efit: 1,,,,0,0,0,0,1,,
2026-04-16 20:02:03,7,15,15,0,efit: 2,efit: 2,,,,0,0,0,0,1,,
2026-04-16 21:07:16,7,15,15,0,efit: 1,efit: 1,,,,0,0,0,0,1,,
2026-04-16 21:47:25,7,15,15,0,"fit: 1, efit: 1","fit: 1, efit: 1",,,,0,0,0,0,1,,
2026-04-17 00:00:40,7,15,15,0,"fit: 1, efit: 1","fit: 1, efit: 1",,,,0,0,0,0,1,,
2026-04-17 01:03:05,7,15,15,0,"fit: 1, efit: 2","fit: 1, efit: 2",,,,0,0,0,0,1,,
2026-04-17 01:28:10,7,15,15,0,"fit: 1, efit: 3","fit: 1, efit: 2",,,,0,0,0,0,1,,
2026-04-17 01:29:53,7,15,15,0,"fit: 1, efit: 4","fit: 1, efit: 2",,,,0,0,0,0,1,,
2026-04-17 02:10:03,7,15,15,0,"fit: 1, efit: 4","fit: 1, efit: 3",,,,0,0,0,0,1,,
2026-04-17 02:11:01,7,15,15,0,"fit: 1, efit: 3","fit: 1, efit: 2",,,,0,0,0,0,1,,
2026-04-17 06:50:43,7,15,15,0,"fit: 1, efit: 2","fit: 1, efit: 1",,,,0,0,0,0,1,,
2026-04-17 07:35:00,7,15,15,0,"fit: 1, efit: 1",fit: 1,,,,0,0,0,0,1,,
2026-04-17 07:50:03,7,15,15,0,"fit: 1, efit: 2","fit: 1, efit: 1",,,,0,0,0,0,1,,
2026-04-17 07:55:55,7,15,15,0,efit: 3,efit: 2,,,,0,0,0,0,1,,
2026-04-17 08:05:57,7,15,15,0,efit: 2,efit: 1,,,,0,0,0,0,1,,
2026-04-17 09:30:19,7,15,15,0,efit: 1,,,,,0,0,0,0,1,,
2026-04-17 09:40:21,7,15,15,0,fit: 2,fit: 2,,,,0,0,0,0,1,,
2026-04-17 09:45:22,7,15,15,0,fit: 5,fit: 5,,,,0,0,0,0,1,,
2026-04-17 09:50:23,7,15,15,0,"fit: 5, efit: 1","fit: 5, efit: 1",,,,0,0,0,0,1,,
2026-04-17 10:15:40,7,15,15,0,fit: 5,fit: 5,,,,0,0,0,0,1,,
2026-04-17 10:35:30,7,15,15,0,fit: 4,fit: 4,,,,0,0,0,0,1,,
2026-04-17 10:50:33,7,15,15,0,fit: 3,fit: 3,,,,0,0,0,0,1,,
2026-04-17 11:20:38,7,15,15,0,fit: 4,fit: 4,,,,0,0,0,0,1,,
2026-04-17 13:05:55,7,15,15,0,fit: 3,fit: 3,,,,0,0,0,0,1,,
2026-04-17 13:36:01,7,15,15,0,fit: 2,fit: 2,,,,0,0,0,0,1,,
2026-04-17 14:01:05,7,15,15,0,fit: 1,fit: 1,,,,0,0,0,0,1,,
2026-04-17 14:16:08,7,15,15,0,,,,,,0,0,0,0,1,,
2026-04-17 14:36:11,7,15,15,0,efit: 1,efit: 1,,,,0,0,0,0,1,,
2026-04-17 15:21:19,7,15,15,0,,,,,,0,0,0,0,1,,
2026-04-17 15:21:46,7,15,15,0,efit: 1,efit: 1,,,,0,0,0,0,1,,
2026-04-17 15:51:24,7,15,15,0,,,,,,0,0,0,0,1,,
2026-04-17 17:06:37,7,15,15,0,efit: 2,efit: 2,,,,0,0,0,0,1,,
2026-04-17 17:16:39,7,15,15,0,efit: 3,efit: 3,,,,0,0,0,0,1,,
2026-04-17 18:26:51,7,15,15,0,efit: 4,efit: 4,,,,0,0,0,0,1,,
2026-04-17 18:32:59,7,15,15,0,efit: 3,efit: 3,,,,0,0,0,0,1,,
2026-04-17 18:43:01,7,15,15,0,"fit: 1, efit: 3","fit: 1, efit: 3",,,,0,0,0,0,1,,
2026-04-17 18:46:54,7,15,15,0,fit: 2,fit: 2,,,,0,0,0,0,1,,
2026-04-17 19:11:58,7,15,15,0,fit: 1,fit: 1,,,,0,0,0,0,1,,
2026-04-17 19:37:03,7,15,15,0,,,,,,0,0,0,0,1,,
2026-04-17 19:47:04,7,15,15,0,fit: 1,fit: 1,,,,0,0,0,0,1,,
2026-04-17 19:57:06,7,15,15,0,,,,,,0,0,0,0,1,,
2026-04-17 20:57:16,7,15,15,0,efit: 1,efit: 1,,,,0,0,0,0,1,,
2026-04-17 21:12:18,7,15,15,0,efit: 2,efit: 2,,,,0,0,0,0,1,,
2026-04-17 21:32:22,7,15,15,0,efit: 3,efit: 3,,,,0,0,0,0,1,,
2026-04-17 21:37:23,7,15,15,0,efit: 4,efit: 4,,,,0,0,0,0,1,,
2026-04-17 22:17:29,7,15,15,0,"fit: 1, efit: 4","fit: 1, efit: 4",,,,0,0,0,0,1,,
2026-04-17 22:47:34,7,15,15,0,"fit: 2, efit: 3","fit: 2, efit: 3",,,,0,0,0,0,1,,
2026-04-18 00:02:46,7,15,15,0,"fit: 2, efit: 3","fit: 2, efit: 3",,,,0,0,0,0,1,,
2026-04-18 00:12:48,7,15,15,0,"fit: 2, efit: 1","fit: 2, efit: 1",,,,0,0,0,0,1,,
2026-04-18 00:47:53,7,15,15,0,fit: 2,fit: 2,,,,0,0,0,0,1,,
2026-04-18 01:22:59,7,15,15,0,fit: 1,fit: 1,,,,0,0,0,0,1,,
2026-04-18 05:43:39,7,15,15,0,"fit: 1, efit: 1","fit: 1, efit: 1",,,,0,0,0,0,1,,
2026-04-18 05:58:41,7,15,15,0,fit: 1,fit: 1,,,,0,0,0,0,1,,
2026-04-18 06:23:45,7,15,15,0,"fit: 1, efit: 1","fit: 1, efit: 1",,,,0,0,0,0,1,,
2026-04-18 07:28:55,7,15,15,0,fit: 1,fit: 1,,,,0,0,0,0,1,,
2026-04-18 07:40:04,7,15,15,0,,,,,,0,0,0,0,1,,
2026-04-18 07:59:00,7,15,15,0,efit: 1,efit: 1,,,,0,0,0,0,1,,
2026-04-18 08:24:04,7,15,15,0,,,,,,0,0,0,0,1,,
2026-04-18 11:44:36,7,15,15,0,fit: 2,fit: 2,,,,0,0,0,0,1,,
2026-04-18 11:45:55,7,15,15,0,fit: 5,fit: 5,,,,0,0,0,0,1,,
2026-04-18 12:09:40,7,15,15,0,fit: 3,fit: 3,,,,0,0,0,0,1,,
2026-04-18 12:44:46,7,15,15,0,"fit: 3, efit: 1","fit: 3, efit: 1",,,,0,0,0,0,1,,
2026-04-18 13:29:53,7,15,15,0,fit: 3,fit: 3,,,,0,0,0,0,1,,
2026-04-18 13:44:56,7,15,15,0,fit: 2,fit: 2,,,,0,0,0,0,1,,
2026-04-18 13:51:24,7,15,15,0,"fit: 2, efit: 1","fit: 2, efit: 1",,,,0,0,0,0,1,,
2026-04-18 14:21:30,7,15,15,0,"fit: 2, efit: 2","fit: 2, efit: 2",,,,0,0,0,0,1,,
2026-04-18 14:35:04,7,15,15,0,"fit: 2, efit: 3","fit: 2, efit: 3",,,,0,0,0,0,1,,
2026-04-18 14:51:36,7,15,15,0,"fit: 2, efit: 2","fit: 2, efit: 2",,,,0,0,0,0,1,,
2026-04-18 14:55:08,7,15,15,0,"fit: 2, efit: 1","fit: 2, efit: 1",,,,0,0,0,0,1,,
2026-04-18 15:50:16,7,15,15,0,fit: 2,fit: 2,,,,0,0,0,0,1,,
2026-04-18 19:35:53,7,15,15,0,fit: 1,fit: 1,,,,0,0,0,0,1,,
2026-04-18 22:51:23,7,15,15,0,"fit: 1, efit: 1","fit: 1, efit: 1",,,,0,0,0,0,1,,
2026-04-18 23:41:31,7,15,15,0,fit: 1,fit: 1,,,,0,0,0,0,1,,
2026-04-18 23:56:34,7,15,15,0,"fit: 1, efit: 1","fit: 1, efit: 1",,,,0,0,0,0,1,,
2026-04-19 00:01:34,7,15,15,0,"fit: 1, efit: 1","fit: 1, efit: 1",,,,0,0,0,0,1,,
2026-04-19 00:11:36,7,15,15,0,fit: 1,fit: 1,,,,0,0,0,0,1,,
2026-04-19 00:16:37,7,15,15,0,"fit: 1, efit: 1","fit: 1, efit: 1",,,,0,0,0,0,1,,
2026-04-19 01:38:37,7,15,15,0,"fit: 1, efit: 2","fit: 1, efit: 2",,,,0,0,0,0,1,,
2026-04-19 07:22:42,7,15,15,0,"fit: 1, efit: 1","fit: 1, efit: 1",,,,0,0,0,0,1,,
2026-04-19 07:37:45,7,15,15,0,fit: 1,fit: 1,,,,0,0,0,0,1,,
2026-04-19 11:13:18,7,15,15,0,"fit: 1, efit: 1","fit: 1, efit: 1",,,,0,0,0,0,1,,
2026-04-19 11:20:23,7,15,15,0,fit: 1,fit: 1,,,,0,0,0,0,1,,
2026-04-19 11:33:21,7,15,15,0,,,,,,0,0,0,0,1,,
2026-04-19 13:56:07,7,15,15,0,efit: 1,efit: 1,,,,0,0,0,0,1,,
2026-04-19 14:20:58,7,15,15,0,efit: 2,efit: 2,,,,0,0,0,0,1,,
2026-04-19 14:41:02,7,15,15,0,efit: 3,efit: 3,,,,0,0,0,0,1,,
2026-04-19 15:11:08,7,15,15,0,efit: 4,efit: 4,,,,0,0,0,0,1,,
2026-04-19 16:04:05,7,15,15,0,efit: 3,efit: 3,,,,0,0,0,0,1,,
2026-04-19 16:19:07,7,15,15,0,,,,,,0,0,0,0,1,,
2026-04-19 16:56:28,7,15,15,0,efit: 1,efit: 1,,,,0,0,0,0,1,,
2026-04-19 18:22:01,7,15,15,0,efit: 2,efit: 2,,,,0,0,0,0,1,,
2026-04-19 18:24:27,7,15,15,0,efit: 3,efit: 3,,,,0,0,0,0,1,,
2026-04-19 18:44:30,7,15,15,0,efit: 4,efit: 4,,,,0,0,0,0,1,,
2026-04-19 18:49:31,7,15,15,0,efit: 5,efit: 5,,,,0,0,0,0,1,,
2026-04-19 19:01:51,7,15,15,0,efit: 6,efit: 6,,,,0,0,0,0,1,,
2026-04-19 19:14:35,7,15,15,0,efit: 5,efit: 5,,,,0,0,0,0,1,,
2026-04-19 20:19:45,7,15,15,0,efit: 6,efit: 6,,,,0,0,0,0,1,,
2026-04-19 20:22:06,7,15,15,0,efit: 5,efit: 5,,,,0,0,0,0,1,,
2026-04-19 21:14:54,7,15,15,0,efit: 6,efit: 6,,,,0,0,0,0,1,,
2026-04-19 21:42:42,7,15,15,0,"fit: 1, efit: 6","fit: 1, efit: 6",,,,0,0,0,0,1,,
2026-04-20 00:00:20,7,15,15,0,"fit: 1, efit: 6","fit: 1, efit: 6",,,,0,0,0,0,1,,
2026-04-20 03:13:51,7,15,15,0,"fit: 1, efit: 5","fit: 1, efit: 5",,,,0,0,0,0,1,,
2026-04-20 06:39:32,7,15,15,0,"fit: 1, efit: 4","fit: 1, efit: 4",,,,0,0,0,0,1,,
2026-04-20 07:24:08,7,15,15,0,"fit: 2, efit: 4","fit: 2, efit: 4",,,,0,0,0,0,1,,
2026-04-20 07:44:12,7,15,15,0,"fit: 2, efit: 3","fit: 2, efit: 3",,,,0,0,0,0,1,,
2026-04-20 08:54:59,7,15,15,0,"fit: 2, efit: 2","fit: 2, efit: 2",,,,0,0,0,0,1,,
2026-04-20 10:21:57,7,15,15,0,"fit: 2, efit: 1","fit: 2, efit: 1",,,,0,0,0,0,1,,
2026-04-20 10:47:02,7,15,15,0,fit: 2,fit: 2,,,,0,0,0,0,1,,
2026-04-20 10:59:53,7,15,15,0,fit: 1,fit: 1,,,,0,0,0,0,1,,
2026-04-20 11:34:59,7,15,15,0,"fit: 1, efit: 1","fit: 1, efit: 1",,,,0,0,0,0,1,,
2026-04-20 12:10:43,7,15,15,0,fit: 1,fit: 1,,,,0,0,0,0,1,,
2026-04-20 12:25:46,7,15,15,0,,,,,,0,0,0,0,1,,
2026-04-20 12:40:12,7,15,15,0,efit: 1,efit: 1,,,,0,0,0,0,1,,
2026-04-20 14:17:36,7,15,15,0,,,,,,0,0,0,0,1,,
2026-04-20 15:12:46,7,15,15,0,efit: 1,efit: 1,,,,0,0,0,0,1,,
2026-04-20 15:50:49,7,15,15,0,efit: 2,efit: 2,,,,0,0,0,0,1,,
2026-04-20 16:00:51,7,15,15,0,efit: 3,efit: 3,,,,0,0,0,0,1,,
2026-04-20 16:22:57,7,15,15,0,efit: 4,efit: 4,,,,0,0,0,0,1,,
2026-04-20 17:31:50,7,15,15,0,efit: 5,efit: 5,,,,0,0,0,0,1,,
2026-04-20 17:46:54,7,15,15,0,efit: 6,efit: 6,,,,0,0,0,0,1,,
2026-04-20 18:47:06,7,15,15,0,efit: 7,efit: 7,,,,0,0,0,0,1,,
2026-04-20 19:13:26,7,15,15,0,efit: 8,efit: 8,,,,0,0,0,0,1,,
2026-04-20 22:01:59,7,15,15,0,efit: 9,efit: 9,,,,0,0,0,0,1,,
2026-04-20 23:09:04,7,15,15,0,"fit: 1, efit: 9","fit: 1, efit: 9",,,,0,0,0,0,1,,
2026-04-20 23:14:05,7,15,15,0,"fit: 1, efit: 10","fit: 1, efit: 10",,,,0,0,0,0,1,,
2026-04-21 00:02:22,7,15,15,0,"fit: 1, efit: 10","fit: 1, efit: 10",,,,0,0,0,0,1,,
2026-04-21 06:45:15,7,15,15,0,"fit: 1, efit: 9","fit: 1, efit: 9",,,,0,0,0,0,1,,
2026-04-21 07:43:46,7,15,15,0,"fit: 1, efit: 8","fit: 1, efit: 8",,,,0,0,0,0,1,,
2026-04-21 07:53:48,7,15,15,0,"fit: 1, efit: 7","fit: 1, efit: 7",,,,0,0,0,0,1,,
2026-04-21 08:05:27,7,15,15,0,"fit: 1, efit: 8","fit: 1, efit: 8",,,,0,0,0,0,1,,
2026-04-21 08:23:54,7,15,15,0,"fit: 1, efit: 7","fit: 1, efit: 7",,,,0,0,0,0,1,,
2026-04-21 08:33:56,7,15,15,0,"fit: 1, efit: 8","fit: 1, efit: 8",,,,0,0,0,0,1,,
2026-04-21 08:35:33,7,15,15,0,"fit: 1, efit: 7","fit: 1, efit: 7",,,,0,0,0,0,1,,
2026-04-21 08:59:01,7,15,15,0,"fit: 1, efit: 6","fit: 1, efit: 6",,,,0,0,0,0,1,,
2026-04-21 09:19:05,7,15,15,0,"fit: 2, efit: 6","fit: 2, efit: 6",,,,0,0,0,0,1,,
2026-04-21 09:20:02,7,15,15,0,"fit: 2, efit: 5","fit: 2, efit: 5",,,,0,0,0,0,1,,
2026-04-21 09:30:04,7,15,15,0,"fit: 2, efit: 4","fit: 2, efit: 4",,,,0,0,0,0,1,,
2026-04-21 09:40:06,7,15,15,0,"fit: 2, efit: 3","fit: 2, efit: 3",,,,0,0,0,0,1,,
2026-04-21 10:40:53,7,15,15,0,"fit: 2, efit: 2","fit: 2, efit: 2",,,,0,0,0,0,1,,
2026-04-21 10:50:21,7,15,15,0,"fit: 2, efit: 3","fit: 2, efit: 3",,,,0,0,0,0,1,,
2026-04-21 11:39:31,7,15,15,0,"fit: 2, efit: 2","fit: 2, efit: 2",,,,0,0,0,0,1,,
2026-04-21 11:40:32,7,15,15,0,"fit: 2, efit: 1","fit: 2, efit: 1",,,,0,0,0,0,1,,
2026-04-21 11:45:33,7,15,15,0,"fit: 2, efit: 2","fit: 2, efit: 2",,,,0,0,0,0,1,,
2026-04-21 11:49:33,7,15,15,0,"fit: 2, efit: 3","fit: 2, efit: 3",,,,0,0,0,0,1,,
2026-04-21 12:04:36,7,15,15,0,"fit: 2, efit: 2","fit: 2, efit: 2",,,,0,0,0,0,1,,
2026-04-21 12:14:38,7,15,15,0,"fit: 2, efit: 3","fit: 2, efit: 3",,,,0,0,0,0,1,,
2026-04-21 12:49:45,7,15,15,0,"fit: 2, efit: 2","fit: 2, efit: 2",,,,0,0,0,0,1,,
2026-04-21 14:06:27,7,15,15,0,"fit: 2, efit: 1","fit: 2, efit: 1",,,,0,0,0,0,1,,
2026-04-21 14:15:02,7,15,15,0,fit: 2,fit: 2,,,,0,0,0,0,1,,
2026-04-21 14:20:03,7,15,15,0,fit: 1,fit: 1,,,,0,0,0,0,1,,
2026-04-21 15:05:12,7,15,15,0,,,,,,0,0,0,0,1,,
2026-04-21 15:25:16,7,15,15,0,efit: 1,efit: 1,,,,0,0,0,0,1,,
2026-04-21 15:35:18,7,15,15,0,efit: 2,efit: 2,,,,0,0,0,0,1,,
2026-04-21 15:45:20,7,15,15,0,efit: 5,efit: 1,,,,0,0,0,0,1,,
2026-04-21 15:46:43,7,15,15,0,efit: 7,efit: 1,,,,0,0,0,0,1,,
2026-04-21 15:50:21,7,15,15,0,efit: 9,efit: 1,,,,0,0,0,0,1,,
2026-04-21 16:00:23,7,15,15,0,efit: 10,efit: 2,,,,0,0,0,0,1,,
2026-04-21 16:05:23,7,15,15,0,efit: 12,efit: 4,,,,0,0,0,0,1,,
2026-04-21 16:30:29,7,15,15,0,efit: 12,efit: 5,,,,0,0,0,0,1,,
2026-04-21 16:31:32,7,15,15,0,efit: 11,efit: 4,,,,0,0,0,0,1,,
2026-04-21 16:40:31,7,15,15,0,efit: 11,efit: 5,,,,0,0,0,0,1,,
2026-04-21 17:05:36,7,15,15,0,efit: 10,efit: 4,,,,0,0,0,0,1,,
2026-04-21 17:06:40,7,15,15,0,efit: 11,efit: 5,,,,0,0,0,0,1,,
2026-04-21 17:30:41,7,15,15,0,efit: 10,efit: 8,,,,0,0,0,0,1,,
2026-04-21 17:35:42,7,15,15,0,efit: 9,efit: 7,,,,0,0,0,0,1,,
2026-04-21 17:36:46,7,15,15,0,efit: 10,efit: 8,,,,0,0,0,0,1,,
2026-04-21 17:40:43,7,15,15,0,efit: 11,efit: 9,,,,0,0,0,0,1,,
2026-04-21 17:41:47,7,15,15,0,efit: 12,efit: 10,,,,0,0,0,0,1,,
2026-04-21 17:45:44,7,15,15,0,efit: 13,efit: 11,,,,0,0,0,0,1,,
2026-04-21 18:10:49,7,15,15,0,efit: 12,efit: 10,,,,0,0,0,0,1,,
2026-04-21 18:11:54,7,15,15,0,efit: 12,efit: 11,,,,0,0,0,0,1,,
2026-04-21 18:30:53,7,15,15,0,efit: 12,efit: 10,,,,0,0,0,0,1,,
2026-04-21 18:35:54,7,15,15,0,efit: 11,efit: 9,,,,0,0,0,0,1,,
2026-04-21 18:45:56,7,15,15,0,efit: 11,efit: 10,,,,0,0,0,0,1,,
2026-04-21 18:50:57,7,15,15,0,efit: 12,efit: 11,,,,0,0,0,0,1,,
2026-04-21 19:00:59,7,15,15,0,efit: 13,efit: 12,,,,0,0,0,0,1,,
2026-04-21 19:36:06,7,15,15,0,efit: 14,efit: 13,,,,0,0,0,0,1,,
2026-04-21 19:37:12,7,15,15,0,efit: 15,efit: 14,,,,0,0,0,0,1,,
2026-04-21 19:57:16,7,15,15,0,efit: 15,efit: 13,,,,0,0,0,0,1,,
2026-04-21 21:36:30,7,15,15,0,efit: 14,efit: 12,,,,0,0,0,0,1,,
2026-04-21 22:31:40,7,15,15,0,efit: 15,efit: 13,,,,0,0,0,0,1,,
2026-04-21 23:11:48,7,15,15,0,efit: 14,efit: 12,,,,0,0,0,0,1,,
2026-04-22 00:01:57,7,15,15,0,efit: 14,efit: 12,,,,0,0,0,0,1,,
2026-04-22 00:11:59,7,15,15,0,efit: 15,efit: 13,,,,0,0,0,0,1,,
2026-04-22 02:27:24,7,15,15,0,efit: 14,efit: 12,,,,0,0,0,0,1,,
2026-04-22 06:44:01,7,15,15,0,efit: 13,efit: 11,,,,0,0,0,0,1,,
2026-04-22 07:13:16,7,15,15,0,efit: 14,efit: 12,,,,0,0,0,0,1,,
2026-04-22 07:53:23,7,15,15,0,efit: 15,efit: 13,,,,0,0,0,0,1,,
2026-04-22 08:03:25,7,15,15,0,efit: 14,efit: 12,,,,0,0,0,0,1,,
2026-04-22 08:08:26,7,15,15,0,efit: 15,efit: 13,,,,0,0,0,0,1,,
2026-04-22 08:38:32,7,15,15,0,efit: 15,efit: 13,efit: 1,,,0,0,0,0,1,,
2026-04-22 08:43:33,7,15,15,0,efit: 15,efit: 13,,,,0,0,0,0,1,,
2026-04-22 08:44:47,7,15,15,0,efit: 15,efit: 13,efit: 1,,,0,0,0,0,1,,
2026-04-22 08:48:34,7,15,15,0,efit: 15,efit: 13,,,,0,0,0,0,1,,
2026-04-22 08:49:48,7,15,15,0,efit: 15,efit: 13,efit: 1,,,0,0,0,0,1,,
2026-04-22 08:53:35,7,15,15,0,efit: 15,efit: 13,,,,0,0,0,0,1,,
2026-04-22 09:13:39,7,15,15,0,efit: 14,efit: 12,efit: 1,,,0,0,0,0,1,,
2026-04-22 09:49:31,7,15,15,0,efit: 13,efit: 11,efit: 1,,,0,0,0,0,1,,
2026-04-22 10:18:51,7,15,15,0,"fit: 1, efit: 13","fit: 1, efit: 11",efit: 1,,,0,0,0,0,1,,
2026-04-22 10:44:00,7,15,15,0,"fit: 1, efit: 12","fit: 1, efit: 10",efit: 1,,,0,0,0,0,1,,
2026-04-22 10:49:01,7,15,15,0,"fit: 1, efit: 11","fit: 1, efit: 9",efit: 1,,,0,0,0,0,1,,
2026-04-22 10:49:41,7,15,15,0,"fit: 1, efit: 11","fit: 1, efit: 9",,,,0,0,0,0,1,,
2026-04-22 10:54:02,7,15,15,0,"fit: 1, efit: 11","fit: 1, efit: 9",efit: 1,,,0,0,0,0,1,,
2026-04-22 10:54:42,7,15,15,0,"fit: 1, efit: 11","fit: 1, efit: 9",,,,0,0,0,0,1,,
2026-04-22 11:09:05,7,15,15,0,"fit: 1, efit: 11","fit: 1, efit: 9",efit: 1,,,0,0,0,0,1,,
2026-04-22 11:24:08,7,15,15,0,"fit: 1, efit: 10","fit: 1, efit: 8",efit: 1,,,0,0,0,0,1,,
2026-04-22 11:44:12,7,15,15,0,"fit: 1, efit: 9","fit: 1, efit: 7",efit: 1,,,0,0,0,0,1,,
2026-04-22 11:54:14,7,15,15,0,"fit: 1, efit: 9","fit: 1, efit: 7",,,,0,0,0,0,1,,
2026-04-22 11:54:52,7,15,15,0,"fit: 1, efit: 9","fit: 1, efit: 7",efit: 1,,,0,0,0,0,1,,
2026-04-22 11:59:15,7,15,15,0,"fit: 1, efit: 9","fit: 1, efit: 7",,,,0,0,0,0,1,,
2026-04-22 11:59:53,7,15,15,0,"fit: 1, efit: 9","fit: 1, efit: 7",efit: 1,,,0,0,0,0,1,,
2026-04-22 12:19:18,7,15,15,0,"fit: 1, efit: 10","fit: 1, efit: 8",efit: 1,,,0,0,0,0,1,,
2026-04-22 12:59:26,7,15,15,0,"fit: 1, efit: 9","fit: 1, efit: 7",efit: 1,,,0,0,0,0,1,,
2026-04-22 13:05:44,7,15,15,0,"fit: 1, efit: 9","fit: 1, efit: 7",,,,0,0,0,0,1,,
2026-04-22 13:09:28,7,15,15,0,"fit: 1, efit: 9","fit: 1, efit: 7",efit: 1,,,0,0,0,0,1,,
2026-04-22 13:10:45,7,15,15,0,"fit: 1, efit: 9","fit: 1, efit: 7",,,,0,0,0,0,1,,
2026-04-22 13:14:29,7,15,15,0,"fit: 1, efit: 9","fit: 1, efit: 7",efit: 1,,,0,0,0,0,1,,
2026-04-22 13:44:35,7,15,15,0,"fit: 1, efit: 8","fit: 1, efit: 6",efit: 1,,,0,0,0,0,1,,
2026-04-22 13:45:52,7,15,15,0,"fit: 1, efit: 7","fit: 1, efit: 5",efit: 1,,,0,0,0,0,1,,
2026-04-22 13:59:38,7,15,15,0,"fit: 1, efit: 7","fit: 1, efit: 5",,,,0,0,0,0,1,,
2026-04-22 14:10:57,7,15,15,0,"fit: 1, efit: 7","fit: 1, efit: 5",efit: 1,,,0,0,0,0,1,,
2026-04-22 14:14:41,7,15,15,0,"fit: 1, efit: 7","fit: 1, efit: 5",,,,0,0,0,0,1,,
2026-04-22 14:19:42,7,15,15,0,"fit: 1, efit: 7","fit: 1, efit: 5",efit: 1,,,0,0,0,0,1,,
2026-04-22 15:04:59,7,15,15,0,"fit: 1, efit: 7","fit: 1, efit: 5",,,,0,0,0,0,1,,
2026-04-22 15:05:46,7,15,15,0,"fit: 1, efit: 7","fit: 1, efit: 5",efit: 1,,,0,0,0,0,1,,
2026-04-22 15:15:02,7,15,15,0,"fit: 1, efit: 9","fit: 1, efit: 7",efit: 1,,,0,0,0,0,1,,
2026-04-22 15:45:54,7,15,15,0,"fit: 2, efit: 9","fit: 2, efit: 7",efit: 1,,,0,0,0,0,1,,
2026-04-22 16:05:10,7,15,15,0,"fit: 2, efit: 10","fit: 2, efit: 8",efit: 1,,,0,0,0,0,1,,
2026-04-22 16:20:11,7,15,15,0,"fit: 2, efit: 9","fit: 2, efit: 7",efit: 1,,,0,0,0,0,1,,
2026-04-22 16:21:01,7,15,15,0,"fit: 2, efit: 9","fit: 2, efit: 7",,,,0,0,0,0,1,,
2026-04-22 16:25:12,7,15,15,0,"fit: 2, efit: 9","fit: 2, efit: 7",efit: 1,,,0,0,0,0,1,,
2026-04-22 16:30:13,7,15,15,0,"fit: 2, efit: 10","fit: 2, efit: 8",efit: 1,,,0,0,0,0,1,,
2026-04-22 16:31:03,7,15,15,0,"fit: 2, efit: 11","fit: 2, efit: 9",efit: 1,,,0,0,0,0,1,,
2026-04-22 16:35:14,7,15,15,0,"fit: 1, efit: 11","fit: 1, efit: 9",efit: 1,,,0,0,0,0,1,,
2026-04-22 16:45:15,7,15,15,0,"fit: 1, efit: 12","fit: 1, efit: 10",efit: 1,,,0,0,0,0,1,,
2026-04-22 17:10:20,7,15,15,0,"fit: 1, efit: 12","fit: 1, efit: 10",,,,0,0,0,0,1,,
2026-04-22 17:26:14,7,15,15,0,"fit: 1, efit: 12","fit: 1, efit: 10",efit: 1,,,0,0,0,0,1,,
2026-04-22 18:10:29,7,15,15,0,"fit: 1, efit: 10","fit: 1, efit: 8",efit: 1,,,0,0,0,0,1,,
2026-04-22 18:50:36,7,15,15,0,"fit: 1, efit: 11","fit: 1, efit: 9",efit: 1,,,0,0,0,0,1,,
2026-04-22 19:15:40,7,15,15,0,"fit: 2, efit: 11","fit: 2, efit: 9",efit: 1,,,0,0,0,0,1,,
2026-04-22 19:21:37,7,15,15,0,"fit: 2, efit: 11","fit: 2, efit: 9",,,,0,0,0,0,1,,
2026-04-22 19:25:41,7,15,15,0,"fit: 2, efit: 12","fit: 2, efit: 10",efit: 1,,,0,0,0,0,1,,
2026-04-22 19:26:38,7,15,15,0,"fit: 2, efit: 12","fit: 2, efit: 10",,,,0,0,0,0,1,,
2026-04-22 19:30:42,7,15,15,0,"fit: 2, efit: 12","fit: 2, efit: 10",efit: 1,,,0,0,0,0,1,,
2026-04-22 19:31:39,7,15,15,0,"fit: 2, efit: 12","fit: 2, efit: 10",,,,0,0,0,0,1,,
2026-04-22 19:35:43,7,15,15,0,"fit: 2, efit: 12","fit: 2, efit: 10",efit: 1,,,0,0,0,0,1,,
2026-04-22 19:50:46,7,15,15,0,"fit: 2, efit: 11","fit: 2, efit: 9",efit: 1,,,0,0,0,0,1,,
2026-04-22 20:05:48,7,15,15,0,"fit: 2, efit: 10","fit: 2, efit: 8",efit: 1,,,0,0,0,0,1,,
2026-04-22 20:10:49,7,15,15,0,"fit: 2, efit: 9","fit: 2, efit: 7",efit: 1,,,0,0,0,0,1,,
2026-04-22 20:15:50,7,15,15,0,"fit: 2, efit: 10","fit: 2, efit: 8",efit: 1,,,0,0,0,0,1,,
2026-04-22 20:20:50,7,15,15,0,"fit: 2, efit: 10","fit: 2, efit: 8",,,,0,0,0,0,1,,
2026-04-22 20:25:51,7,15,15,0,"fit: 2, efit: 9","fit: 2, efit: 7",,,,0,0,0,0,1,,
2026-04-22 20:26:50,7,15,15,0,"fit: 2, efit: 9","fit: 2, efit: 7",efit: 1,,,0,0,0,0,1,,
2026-04-22 20:30:52,7,15,15,0,"fit: 2, efit: 9","fit: 2, efit: 7",,,,0,0,0,0,1,,
2026-04-22 20:31:51,7,15,15,0,"fit: 2, efit: 9","fit: 2, efit: 7",efit: 1,,,0,0,0,0,1,,
2026-04-22 20:35:53,7,15,15,0,"fit: 2, efit: 9","fit: 2, efit: 7",,,,0,0,0,0,1,,
2026-04-22 20:36:09,7,15,15,0,"fit: 2, efit: 9","fit: 2, efit: 7",efit: 1,,,0,0,0,0,1,,
2026-04-22 20:40:54,7,15,15,0,"fit: 2, efit: 8","fit: 2, efit: 6",efit: 1,,,0,0,0,0,1,,
2026-04-22 20:45:54,7,15,15,0,"fit: 2, efit: 7","fit: 2, efit: 5",efit: 1,,,0,0,0,0,1,,
2026-04-22 20:50:55,7,15,15,0,"fit: 2, efit: 6","fit: 2, efit: 4",efit: 1,,,0,0,0,0,1,,
2026-04-22 20:55:56,7,15,15,0,"fit: 2, efit: 7","fit: 2, efit: 5",efit: 1,,,0,0,0,0,1,,
2026-04-22 22:16:09,7,15,15,0,"fit: 2, efit: 6","fit: 2, efit: 4",efit: 1,,,0,0,0,0,1,,
2026-04-22 22:27:13,7,15,15,0,"fit: 2, efit: 6","fit: 2, efit: 4",,,,0,0,0,0,1,,
2026-04-22 22:31:11,7,15,15,0,"fit: 2, efit: 6","fit: 2, efit: 4",efit: 1,,,0,0,0,0,1,,
2026-04-22 22:32:14,7,15,15,0,"fit: 2, efit: 6","fit: 2, efit: 4",,,,0,0,0,0,1,,
2026-04-22 22:36:11,7,15,15,0,"fit: 2, efit: 6","fit: 2, efit: 4",efit: 1,,,0,0,0,0,1,,
2026-04-22 22:36:34,7,15,15,0,"fit: 2, efit: 6","fit: 2, efit: 4",,,,0,0,0,0,1,,
2026-04-22 22:46:13,7,15,15,0,"fit: 2, efit: 6","fit: 2, efit: 4",efit: 2,,,0,0,0,0,1,,
2026-04-22 23:31:20,7,15,15,0,"fit: 2, efit: 6","fit: 2, efit: 4",efit: 1,,,0,0,0,0,1,,
2026-04-22 23:32:25,7,15,15,0,"fit: 2, efit: 6","fit: 2, efit: 4",efit: 2,,,0,0,0,0,1,,
2026-04-22 23:36:20,7,15,15,0,"fit: 2, efit: 6","fit: 2, efit: 4",efit: 1,,,0,0,0,0,1,,
2026-04-22 23:37:26,7,15,15,0,"fit: 2, efit: 6","fit: 2, efit: 4",efit: 2,,,0,0,0,0,1,,
2026-04-22 23:41:21,7,15,15,0,"fit: 2, efit: 6","fit: 2, efit: 4",efit: 1,,,0,0,0,0,1,,
2026-04-22 23:41:48,7,15,15,0,"fit: 2, efit: 6","fit: 2, efit: 4",efit: 2,,,0,0,0,0,1,,
2026-04-23 00:01:24,7,15,15,0,"fit: 2, efit: 6","fit: 2, efit: 4",efit: 2,,,0,0,0,0,1,,
2026-04-23 01:37:48,7,15,15,0,"fit: 2, efit: 6","fit: 2, efit: 4",efit: 1,,,0,0,0,0,1,,
2026-04-23 01:41:38,7,15,15,0,"fit: 2, efit: 6","fit: 2, efit: 4",efit: 2,,,0,0,0,0,1,,
2026-04-23 01:42:49,7,15,15,0,"fit: 2, efit: 6","fit: 2, efit: 4",efit: 1,,,0,0,0,0,1,,
2026-04-23 01:46:39,7,15,15,0,"fit: 2, efit: 6","fit: 2, efit: 4",efit: 2,,,0,0,0,0,1,,
2026-04-23 01:47:13,7,15,15,0,"fit: 2, efit: 6","fit: 2, efit: 4",efit: 1,,,0,0,0,0,1,,
2026-04-23 01:51:39,7,15,15,0,"fit: 2, efit: 6","fit: 2, efit: 4",efit: 2,,,0,0,0,0,1,,
2026-04-23 01:52:14,7,15,15,0,"fit: 2, efit: 6","fit: 2, efit: 4",efit: 1,,,0,0,0,0,1,,
2026-04-23 01:56:40,7,15,15,0,"fit: 2, efit: 6","fit: 2, efit: 4",efit: 2,,,0,0,0,0,1,,
2026-04-23 02:36:46,7,15,15,0,"fit: 2, efit: 5","fit: 2, efit: 3",efit: 2,,,0,0,0,0,1,,
2026-04-23 02:41:46,7,15,15,0,"fit: 2, efit: 5","fit: 2, efit: 3",efit: 1,,,0,0,0,0,1,,
2026-04-23 02:48:01,7,15,15,0,"fit: 2, efit: 5","fit: 2, efit: 3",efit: 2,,,0,0,0,0,1,,
2026-04-23 02:51:48,7,15,15,0,"fit: 2, efit: 5","fit: 2, efit: 3",efit: 1,,,0,0,0,0,1,,
2026-04-23 02:53:02,7,15,15,0,"fit: 2, efit: 5","fit: 2, efit: 3",efit: 2,,,0,0,0,0,1,,
2026-04-23 02:56:48,7,15,15,0,"fit: 2, efit: 5","fit: 2, efit: 3",efit: 1,,,0,0,0,0,1,,
2026-04-23 02:57:27,7,15,15,0,"fit: 2, efit: 5","fit: 2, efit: 3",efit: 2,,,0,0,0,0,1,,
2026-04-23 04:48:23,7,15,15,0,"fit: 2, efit: 5","fit: 2, efit: 3",efit: 1,,,0,0,0,0,1,,
2026-04-23 04:52:04,7,15,15,0,"fit: 2, efit: 5","fit: 2, efit: 3",efit: 2,,,0,0,0,0,1,,
2026-04-23 04:52:51,7,15,15,0,"fit: 2, efit: 5","fit: 2, efit: 3",efit: 1,,,0,0,0,0,1,,
2026-04-23 04:57:05,7,15,15,0,"fit: 2, efit: 5","fit: 2, efit: 3",efit: 2,,,0,0,0,0,1,,
2026-04-23 04:57:52,7,15,15,0,"fit: 2, efit: 5","fit: 2, efit: 3",efit: 1,,,0,0,0,0,1,,
2026-04-23 05:02:06,7,15,15,0,"fit: 2, efit: 5","fit: 2, efit: 3",efit: 2,,,0,0,0,0,1,,
2026-04-23 05:02:53,7,15,15,0,"fit: 2, efit: 5","fit: 2, efit: 3",efit: 1,,,0,0,0,0,1,,
2026-04-23 05:07:06,7,15,15,0,"fit: 2, efit: 5","fit: 2, efit: 3",efit: 2,,,0,0,0,0,1,,
2026-04-23 05:12:07,7,15,15,0,"fit: 2, efit: 4","fit: 2, efit: 2",efit: 2,,,0,0,0,0,1,,
2026-04-23 05:27:09,7,15,15,0,"fit: 2, efit: 3","fit: 2, efit: 1",efit: 2,,,0,0,0,0,1,,
2026-04-23 05:33:31,7,15,15,0,"fit: 2, efit: 4","fit: 2, efit: 2",efit: 2,,,0,0,0,0,1,,
2026-04-23 05:52:13,7,15,15,0,"fit: 2, efit: 4","fit: 2, efit: 2",efit: 1,,,0,0,0,0,1,,
2026-04-23 05:53:35,7,15,15,0,"fit: 2, efit: 4","fit: 2, efit: 2",efit: 2,,,0,0,0,0,1,,
2026-04-23 05:57:13,7,15,15,0,"fit: 2, efit: 4","fit: 2, efit: 2",efit: 1,,,0,0,0,0,1,,
2026-04-23 05:58:04,7,15,15,0,"fit: 2, efit: 4","fit: 2, efit: 2",efit: 2,,,0,0,0,0,1,,
2026-04-23 06:02:14,7,15,15,0,"fit: 2, efit: 4","fit: 2, efit: 2",efit: 1,,,0,0,0,0,1,,
2026-04-23 06:03:05,7,15,15,0,"fit: 2, efit: 4","fit: 2, efit: 2",efit: 2,,,0,0,0,0,1,,
2026-04-23 06:07:15,7,15,15,0,"fit: 2, efit: 4","fit: 2, efit: 2",efit: 1,,,0,0,0,0,1,,
2026-04-23 06:08:06,7,15,15,0,"fit: 2, efit: 4","fit: 2, efit: 2",efit: 2,,,0,0,0,0,1,,
2026-04-23 06:48:45,7,15,15,0,"fit: 2, efit: 5","fit: 2, efit: 3",efit: 2,,,0,0,0,0,1,,
2026-04-23 07:22:25,7,15,15,0,"fit: 2, efit: 4","fit: 2, efit: 2",efit: 2,,,0,0,0,0,1,,
2026-04-23 07:23:52,7,15,15,0,"fit: 2, efit: 3","fit: 2, efit: 1",efit: 2,,,0,0,0,0,1,,
2026-04-23 07:52:30,7,15,15,0,"fit: 2, efit: 4","fit: 2, efit: 2",efit: 2,,,0,0,0,0,1,,
2026-04-23 07:58:29,7,15,15,0,"fit: 2, efit: 4","fit: 2, efit: 2",efit: 1,,,0,0,0,0,1,,
2026-04-23 08:02:31,7,15,15,0,"fit: 2, efit: 3","fit: 2, efit: 1",efit: 2,,,0,0,0,0,1,,
2026-04-23 08:03:30,7,15,15,0,"fit: 2, efit: 3","fit: 2, efit: 1",efit: 1,,,0,0,0,0,1,,
2026-04-23 08:07:32,7,15,15,0,"fit: 2, efit: 3","fit: 2, efit: 1",efit: 2,,,0,0,0,0,1,,
2026-04-23 08:08:31,7,15,15,0,"fit: 2, efit: 3","fit: 2, efit: 1",efit: 1,,,0,0,0,0,1,,
2026-04-23 08:12:33,7,15,15,0,"fit: 2, efit: 3","fit: 2, efit: 1",efit: 2,,,0,0,0,0,1,,
2026-04-23 08:13:32,7,15,15,0,"fit: 2, efit: 4","fit: 2, efit: 2",efit: 1,,,0,0,0,0,1,,
2026-04-23 08:17:34,7,15,15,0,"fit: 2, efit: 3","fit: 2, efit: 1",efit: 1,,,0,0,0,0,1,,
2026-04-23 08:24:03,7,15,15,0,"fit: 2, efit: 3","fit: 2, efit: 1",efit: 2,,,0,0,0,0,1,,
2026-04-23 08:42:37,7,15,15,0,"fit: 1, efit: 3","fit: 1, efit: 1",efit: 2,,,0,0,0,0,1,,
2026-04-23 08:57:39,7,15,15,0,"fit: 1, efit: 2",fit: 1,efit: 2,,,0,0,0,0,1,,
2026-04-23 09:03:42,7,15,15,0,"fit: 1, efit: 2",fit: 1,efit: 1,,,0,0,0,0,1,,
2026-04-23 09:09:12,7,15,15,0,"fit: 1, efit: 2",fit: 1,efit: 2,,,0,0,0,0,1,,
2026-04-23 09:12:42,7,15,15,0,"fit: 1, efit: 2",fit: 1,efit: 1,,,0,0,0,0,1,,
2026-04-23 09:13:44,7,15,15,0,"fit: 1, efit: 3","fit: 1, efit: 1",efit: 1,,,0,0,0,0,1,,
2026-04-23 09:14:13,7,15,15,0,"fit: 1, efit: 3","fit: 1, efit: 1",efit: 2,,,0,0,0,0,1,,
2026-04-23 09:17:42,7,15,15,0,"fit: 1, efit: 3","fit: 1, efit: 1",efit: 1,,,0,0,0,0,1,,
2026-04-23 09:18:45,7,15,15,0,"fit: 1, efit: 3","fit: 1, efit: 1",efit: 2,,,0,0,0,0,1,,
2026-04-23 09:42:46,7,15,15,0,"fit: 1, efit: 2",fit: 1,efit: 2,,,0,0,0,0,1,,
2026-04-23 09:47:47,7,15,15,0,efit: 2,,efit: 2,,,0,0,0,0,1,,
2026-04-23 10:07:50,7,15,15,0,efit: 2,,efit: 1,,,0,0,0,0,1,,
2026-04-23 10:08:56,7,15,15,0,efit: 2,,efit: 2,,,0,0,0,0,1,,
2026-04-23 10:52:56,7,15,15,0,"fit: 1, efit: 2",fit: 1,efit: 2,,,0,0,0,0,1,,
2026-04-23 10:59:33,7,15,15,0,"fit: 1, efit: 3","fit: 1, efit: 1",efit: 2,,,0,0,0,0,1,,
2026-04-23 11:13:00,7,15,15,0,"fit: 1, efit: 2",fit: 1,efit: 2,,,0,0,0,0,1,,
2026-04-23 11:24:37,7,15,15,0,"fit: 1, efit: 2",fit: 1,efit: 1,,,0,0,0,0,1,,
2026-04-23 11:28:02,7,15,15,0,"fit: 1, efit: 2",fit: 1,efit: 2,,,0,0,0,0,1,,
2026-04-23 11:43:04,7,15,15,0,efit: 2,,efit: 2,,,0,0,0,0,1,,
2026-04-23 11:49:17,7,15,15,0,"fit: 1, efit: 2",fit: 1,efit: 2,,,0,0,0,0,1,,
2026-04-23 12:14:22,7,15,15,0,"fit: 1, efit: 2",fit: 1,efit: 1,,,0,0,0,0,1,,
2026-04-23 12:18:09,7,15,15,0,"fit: 1, efit: 2",fit: 1,efit: 2,,,0,0,0,0,1,,
2026-04-23 12:19:23,7,15,15,0,"fit: 1, efit: 2",fit: 1,efit: 1,,,0,0,0,0,1,,
2026-04-23 12:23:10,7,15,15,0,"fit: 1, efit: 2",fit: 1,efit: 2,,,0,0,0,0,1,,
2026-04-23 12:24:24,7,15,15,0,"fit: 1, efit: 2",fit: 1,efit: 1,,,0,0,0,0,1,,
2026-04-23 12:29:50,7,15,15,0,"fit: 1, efit: 2",fit: 1,efit: 2,,,0,0,0,0,1,,
2026-04-23 13:18:19,7,15,15,0,"fit: 1, efit: 2",fit: 1,efit: 1,,,0,0,0,0,1,,
2026-04-23 13:19:59,7,15,15,0,"fit: 1, efit: 2",fit: 1,efit: 2,,,0,0,0,0,1,,
2026-04-23 13:23:19,7,15,15,0,"fit: 1, efit: 2",fit: 1,efit: 1,,,0,0,0,0,1,,
2026-04-23 13:24:37,7,15,15,0,"fit: 1, efit: 2",fit: 1,efit: 2,,,0,0,0,0,1,,
2026-04-23 13:28:20,7,15,15,0,"fit: 1, efit: 2",fit: 1,efit: 1,,,0,0,0,0,1,,
2026-04-23 13:29:38,7,15,15,0,"fit: 1, efit: 2",fit: 1,efit: 2,,,0,0,0,0,1,,
2026-04-23 13:33:21,7,15,15,0,"fit: 1, efit: 2",fit: 1,efit: 1,,,0,0,0,0,1,,
2026-04-23 13:34:39,7,15,15,0,"fit: 1, efit: 2",fit: 1,efit: 2,,,0,0,0,0,1,,
2026-04-23 13:43:22,7,15,15,0,efit: 2,,efit: 2,,,0,0,0,0,1,,
2026-04-23 13:49:42,7,15,15,0,,,,,,0,0,0,0,1,,
2026-04-23 13:53:24,7,15,15,0,efit: 2,efit: 2,,,,0,0,0,0,1,,
2026-04-23 14:19:48,7,15,15,0,efit: 1,efit: 1,,,,0,0,0,0,1,,
2026-04-23 15:18:36,7,15,15,0,efit: 2,efit: 2,,,,0,0,0,0,1,,
2026-04-23 15:33:39,7,15,15,0,efit: 3,efit: 3,,,,0,0,0,0,1,,
2026-04-23 15:55:09,7,15,15,0,efit: 1,efit: 1,,,,0,0,0,0,1,,
2026-04-23 15:55:30,7,15,15,0,,,,,,0,0,0,0,1,,
2026-04-23 17:10:26,7,15,15,0,efit: 1,efit: 1,,,,0,0,0,0,1,,
2026-04-23 17:25:30,7,15,15,0,,,,,,0,0,0,0,1,,
2026-04-23 17:55:36,7,15,15,0,efit: 1,,,,,0,0,0,0,1,,
2026-04-23 18:11:00,7,15,15,0,efit: 2,efit: 1,,,,0,0,0,0,1,,
2026-04-23 18:15:41,7,15,15,0,efit: 1,,,,,0,0,0,0,1,,
2026-04-23 18:24:08,7,15,15,0,efit: 1,efit: 1,,,,0,0,0,0,1,,
2026-04-23 18:30:45,7,15,15,0,fit: 1,fit: 1,,,,0,0,0,0,1,,
2026-04-23 19:19:17,7,15,15,0,,,,,,0,0,0,0,1,,
2026-04-23 19:34:19,7,15,15,0,efit: 1,efit: 1,,,,0,0,0,0,1,,
2026-04-23 21:21:24,7,15,15,0,"fit: 1, efit: 1","fit: 1, efit: 1",,,,0,0,0,0,1,,
2026-04-23 21:34:39,7,15,15,0,"fit: 2, efit: 1","fit: 2, efit: 1",,,,0,0,0,0,1,,
2026-04-23 21:39:40,7,15,15,0,fit: 2,fit: 2,,,,0,0,0,0,1,,
2026-04-23 21:41:28,7,15,15,0,"fit: 2, efit: 1",fit: 2,,,,0,0,0,0,1,,
2026-04-23 22:09:44,7,15,15,0,"fit: 1, efit: 1",fit: 1,,,,0,0,0,0,1,,
2026-04-23 22:44:49,7,15,15,0,"fit: 1, efit: 2","fit: 1, efit: 1",,,,0,0,0,0,1,,
2026-04-23 22:56:55,7,15,15,0,"fit: 1, efit: 3","fit: 1, efit: 2",,,,0,0,0,0,1,,
2026-04-23 22:59:52,7,15,15,0,"fit: 1, efit: 2","fit: 1, efit: 1",,,,0,0,0,0,1,,
2026-04-23 23:09:53,7,15,15,0,"fit: 1, efit: 4","fit: 1, efit: 3",,,,0,0,0,0,1,,
2026-04-23 23:16:48,7,15,15,0,"fit: 1, efit: 5","fit: 1, efit: 4",,,,0,0,0,0,1,,
2026-04-23 23:24:56,7,15,15,0,"fit: 1, efit: 6","fit: 1, efit: 5",,,,0,0,0,0,1,,
2026-04-24 00:00:02,7,15,15,0,"fit: 1, efit: 6","fit: 1, efit: 5",,,,0,0,0,0,1,,
2026-04-24 00:22:03,7,15,15,0,"fit: 1, efit: 7","fit: 1, efit: 6",,,,0,0,0,0,1,,
2026-04-24 00:35:08,7,15,15,0,"fit: 1, efit: 8","fit: 1, efit: 7",,,,0,0,0,0,1,,
2026-04-24 00:55:11,7,15,15,0,"fit: 1, efit: 8","fit: 1, efit: 8",,,,0,0,0,0,1,,
2026-04-24 01:05:12,7,15,15,0,"fit: 1, efit: 9","fit: 1, efit: 8",,,,0,0,0,0,1,,
2026-04-24 01:32:17,7,15,15,0,"fit: 1, efit: 10","fit: 1, efit: 9",,,,0,0,0,0,1,,
2026-04-24 01:57:22,7,15,15,0,"fit: 1, efit: 10","fit: 1, efit: 10",,,,0,0,0,0,1,,
2026-04-24 06:25:59,7,15,15,0,"fit: 1, efit: 9","fit: 1, efit: 9",,,,0,0,0,0,1,,
2026-04-24 06:46:02,7,15,15,0,"fit: 1, efit: 8","fit: 1, efit: 8",,,,0,0,0,0,1,,
2026-04-24 07:11:06,7,15,15,0,"fit: 1, efit: 9","fit: 1, efit: 9",,,,0,0,0,0,1,,
2026-04-24 07:26:08,7,15,15,0,"fit: 1, efit: 7","fit: 1, efit: 7",,,,0,0,0,0,1,,
2026-04-24 07:46:11,7,15,15,0,"fit: 1, efit: 6","fit: 1, efit: 6",,,,0,0,0,0,1,,
2026-04-24 07:53:28,7,15,15,0,"fit: 1, efit: 5","fit: 1, efit: 5",,,,0,0,0,0,1,,
2026-04-24 07:58:28,7,15,15,0,"fit: 1, efit: 4","fit: 1, efit: 4",,,,0,0,0,0,1,,
2026-04-24 08:48:38,7,15,15,0,"fit: 1, efit: 3","fit: 1, efit: 3",,,,0,0,0,0,1,,
2026-04-24 08:58:40,7,15,15,0,"fit: 1, efit: 4","fit: 1, efit: 4",,,,0,0,0,0,1,,
2026-04-24 09:41:28,7,15,15,0,"fit: 1, efit: 3","fit: 1, efit: 3",,,,0,0,0,0,1,,
2026-04-24 10:18:56,7,15,15,0,"fit: 1, efit: 2","fit: 1, efit: 2",,,,0,0,0,0,1,,
2026-04-24 10:21:34,7,15,15,0,"fit: 1, efit: 1",fit: 1,efit: 1,,,0,0,0,0,1,,
2026-04-24 10:34:02,7,15,15,0,efit: 1,,efit: 1,,,0,0,0,0,1,,
2026-04-24 11:29:10,7,15,15,0,,,,,,0,0,0,0,1,,
2026-04-24 12:49:25,7,15,15,0,efit: 1,efit: 1,,,,0,0,0,0,1,,
2026-04-24 13:34:34,7,15,15,0,,,,,,0,0,0,0,1,,
2026-04-24 14:49:48,7,15,15,0,efit: 1,efit: 1,,,,0,0,0,0,1,,
2026-04-24 14:59:50,7,15,15,0,,,,,,0,0,0,0,1,,
2026-04-24 15:47:24,7,15,15,0,efit: 1,,,,,0,0,0,0,1,,
2026-04-24 15:57:26,7,15,15,0,efit: 2,efit: 1,,,,0,0,0,0,1,,
2026-04-24 16:02:27,7,15,15,0,efit: 1,,,,,0,0,0,0,1,,
2026-04-24 16:30:19,7,15,15,0,efit: 1,efit: 1,,,,0,0,0,0,1,,
2026-04-24 16:45:12,7,15,15,0,efit: 2,efit: 2,,,,0,0,0,0,1,,
2026-04-24 16:55:14,7,15,15,0,,,,,,0,0,0,0,1,,
2026-04-24 17:07:37,7,15,15,0,efit: 1,efit: 1,,,,0,0,0,0,1,,
2026-04-24 17:12:37,7,15,15,0,"fit: 1, efit: 1","fit: 1, efit: 1",,,,0,0,0,0,1,,
2026-04-24 17:15:18,7,15,15,0,"fit: 2, efit: 1","fit: 2, efit: 1",,,,0,0,0,0,1,,
2026-04-24 17:25:19,7,15,15,0,fit: 6,fit: 6,,,,0,0,0,0,1,,
2026-04-24 17:50:24,7,15,15,0,fit: 5,fit: 5,,,,0,0,0,0,1,,
2026-04-24 17:52:44,7,15,15,0,fit: 4,fit: 4,,,,0,0,0,0,1,,
2026-04-24 18:00:26,7,15,15,0,fit: 3,fit: 3,,,,0,0,0,0,1,,
2026-04-24 18:15:41,7,15,15,0,"fit: 3, efit: 1","fit: 3, efit: 1",,,,0,0,0,0,1,,
2026-04-24 18:17:47,7,15,15,0,fit: 3,fit: 3,,,,0,0,0,0,1,,
2026-04-24 20:26:09,7,15,15,0,"fit: 3, efit: 1","fit: 3, efit: 1",,,,0,0,0,0,1,,
2026-04-24 20:40:58,7,15,15,0,fit: 3,fit: 3,,,,0,0,0,0,1,,
2026-04-24 21:28:17,7,15,15,0,"fit: 3, efit: 1",fit: 3,,,,0,0,0,0,1,,
2026-04-24 21:36:09,7,15,15,0,"fit: 2, efit: 1",fit: 2,,,,0,0,0,0,1,,
2026-04-24 21:53:20,7,15,15,0,"fit: 2, efit: 2","fit: 2, efit: 1",,,,0,0,0,0,1,,
2026-04-24 22:06:14,7,15,15,0,"fit: 2, efit: 2","fit: 2, efit: 2",,,,0,0,0,0,1,,
2026-04-24 22:21:17,7,15,15,0,"fit: 2, efit: 3","fit: 2, efit: 3",,,,0,0,0,0,1,,
2026-04-24 22:41:20,7,15,15,0,"fit: 2, efit: 4","fit: 2, efit: 4",,,,0,0,0,0,1,,
2026-04-24 23:11:26,7,15,15,0,"fit: 2, efit: 3","fit: 2, efit: 3",,,,0,0,0,0,1,,
2026-04-24 23:18:33,7,15,15,0,"fit: 2, efit: 2","fit: 2, efit: 2",,,,0,0,0,0,1,,
2026-04-24 23:26:29,7,15,15,0,"fit: 2, efit: 3","fit: 2, efit: 3",,,,0,0,0,0,1,,
2026-04-24 23:43:36,7,15,15,0,"fit: 2, efit: 2","fit: 2, efit: 2",,,,0,0,0,0,1,,
2026-04-25 00:01:35,7,15,15,0,"fit: 2, efit: 2","fit: 2, efit: 2",,,,0,0,0,0,1,,
2026-04-25 00:03:39,7,15,15,0,"fit: 2, efit: 3","fit: 2, efit: 3",,,,0,0,0,0,1,,
2026-04-25 01:16:48,7,15,15,0,"fit: 2, efit: 4","fit: 2, efit: 4",,,,0,0,0,0,1,,
2026-04-25 01:18:49,7,15,15,0,"fit: 2, efit: 5","fit: 2, efit: 5",,,,0,0,0,0,1,,
2026-04-25 01:33:51,7,15,15,0,"fit: 2, efit: 4","fit: 2, efit: 4",,,,0,0,0,0,1,,
2026-04-25 01:36:52,7,15,15,0,"fit: 2, efit: 5","fit: 2, efit: 4",,,,0,0,0,0,1,,
2026-04-25 02:06:57,7,15,15,0,"fit: 2, efit: 5","fit: 2, efit: 5",,,,0,0,0,0,1,,
2026-04-25 02:16:59,7,15,15,0,"fit: 2, efit: 6","fit: 2, efit: 6",,,,0,0,0,0,1,,
2026-04-25 02:52:06,7,15,15,0,"fit: 2, efit: 7","fit: 2, efit: 7",,,,0,0,0,0,1,,
2026-04-25 03:44:09,7,15,15,0,"fit: 3, efit: 7","fit: 3, efit: 7",,,,0,0,0,0,1,,
2026-04-25 03:47:15,7,15,15,0,"fit: 3, efit: 6","fit: 3, efit: 6",,,,0,0,0,0,1,,
2026-04-25 05:47:36,7,15,15,0,"fit: 3, efit: 5","fit: 3, efit: 5",,,,0,0,0,0,1,,
2026-04-25 07:14:38,7,15,15,0,"fit: 3, efit: 4","fit: 3, efit: 4",,,,0,0,0,0,1,,
2026-04-25 07:52:59,7,15,15,0,"fit: 3, efit: 5","fit: 3, efit: 5",,,,0,0,0,0,1,,
2026-04-25 09:08:44,7,15,15,0,"fit: 3, efit: 4","fit: 3, efit: 4",,,,0,0,0,0,1,,
2026-04-25 09:48:20,7,15,15,0,"fit: 3, efit: 4","fit: 2, efit: 4",fit: 1,,,0,0,0,0,1,,
2026-04-25 09:48:52,7,15,15,0,"fit: 2, efit: 4","fit: 1, efit: 4",fit: 1,,,0,0,0,0,1,,
2026-04-25 09:58:54,7,15,15,0,"fit: 2, efit: 5","fit: 1, efit: 5",fit: 1,,,0,0,0,0,1,,
2026-04-25 10:38:29,7,15,15,0,"fit: 2, efit: 4","fit: 1, efit: 4",fit: 1,,,0,0,0,0,1,,
2026-04-25 11:28:38,7,15,15,0,"fit: 2, efit: 5","fit: 1, efit: 5",fit: 1,,,0,0,0,0,1,,
2026-04-25 12:18:48,7,15,15,0,"fit: 2, efit: 4","fit: 1, efit: 4",fit: 1,,,0,0,0,0,1,,
2026-04-25 12:23:49,7,15,15,0,"fit: 2, efit: 3","fit: 1, efit: 3",fit: 1,,,0,0,0,0,1,,
2026-04-25 12:28:50,7,15,15,0,"fit: 2, efit: 4","fit: 1, efit: 4",fit: 1,,,0,0,0,0,1,,
2026-04-25 13:18:59,7,15,15,0,"fit: 2, efit: 4","fit: 1, efit: 3","fit: 1, efit: 1",,,0,0,0,0,1,,
2026-04-25 13:24:00,7,15,15,0,"fit: 2, efit: 2","fit: 1, efit: 1","fit: 1, efit: 1",,,0,0,0,0,1,,
2026-04-25 13:44:04,7,15,15,0,"fit: 2, efit: 1",fit: 1,"fit: 1, efit: 1",,,0,0,0,0,1,,
2026-04-25 14:29:12,7,15,15,0,"fit: 1, efit: 1",,"fit: 1, efit: 1",,,0,0,0,0,1,,
2026-04-25 14:54:17,7,15,15,0,efit: 5,efit: 4,efit: 1,,,0,0,0,0,1,,
2026-04-25 14:54:55,7,15,15,0,"fit: 1, efit: 6","fit: 1, efit: 5",efit: 1,,,0,0,0,0,1,,
2026-04-25 14:55:45,7,15,15,0,"fit: 1, efit: 7","fit: 1, efit: 7",,,,0,0,0,0,1,,
2026-04-25 15:24:22,7,15,15,0,"fit: 1, efit: 6","fit: 1, efit: 6",,,,0,0,0,0,1,,
2026-04-25 15:44:26,7,15,15,0,"fit: 1, efit: 4","fit: 1, efit: 4",,,,0,0,0,0,1,,
2026-04-25 15:45:53,7,15,15,0,"fit: 1, efit: 5","fit: 1, efit: 5",,,,0,0,0,0,1,,
2026-04-25 15:59:29,7,15,15,0,"fit: 1, efit: 6","fit: 1, efit: 6",,,,0,0,0,0,1,,
2026-04-25 16:19:33,7,15,15,0,"fit: 1, efit: 5","fit: 1, efit: 5",,,,0,0,0,0,1,,
2026-04-25 17:09:42,7,15,15,0,"fit: 1, efit: 4","fit: 1, efit: 4",,,,0,0,0,0,1,,
2026-04-25 17:30:29,7,15,15,0,"fit: 1, efit: 5","fit: 1, efit: 5",,,,0,0,0,0,1,,
2026-04-25 17:44:49,7,15,15,0,"fit: 1, efit: 4","fit: 1, efit: 4",,,,0,0,0,0,1,,
2026-04-25 18:14:55,7,15,15,0,"fit: 1, efit: 5","fit: 1, efit: 5",,,,0,0,0,0,1,,
2026-04-25 18:40:00,7,15,15,0,"fit: 1, efit: 8","fit: 1, efit: 8",,,,0,0,0,0,1,,
2026-04-25 19:55:15,7,15,15,0,"fit: 2, efit: 8","fit: 2, efit: 8",,,,0,0,0,0,1,,
2026-04-25 20:35:22,7,15,15,0,"fit: 2, efit: 7","fit: 2, efit: 7",,,,0,0,0,0,1,,
2026-04-25 20:36:09,7,15,15,0,"fit: 2, efit: 6","fit: 2, efit: 6",,,,0,0,0,0,1,,
2026-04-25 20:40:23,7,15,15,0,"fit: 2, efit: 7","fit: 2, efit: 7",,,,0,0,0,0,1,,
2026-04-25 20:41:10,7,15,15,0,"fit: 3, efit: 6","fit: 3, efit: 6",,,,0,0,0,0,1,,
2026-04-25 20:45:24,7,15,15,0,"fit: 3, efit: 4","fit: 3, efit: 4",,,,0,0,0,0,1,,
2026-04-25 22:15:41,7,15,15,0,"fit: 3, efit: 3","fit: 3, efit: 3",,,,0,0,0,0,1,,
2026-04-25 22:40:45,7,15,15,0,"fit: 3, efit: 4","fit: 3, efit: 4",,,,0,0,0,0,1,,
2026-04-25 22:45:47,7,15,15,0,"fit: 3, efit: 3","fit: 3, efit: 3",,,,0,0,0,0,1,,
2026-04-25 22:50:47,7,15,15,0,"fit: 3, efit: 4","fit: 3, efit: 4",,,,0,0,0,0,1,,
2026-04-26 00:01:01,7,15,15,0,"fit: 3, efit: 4","fit: 3, efit: 4",,,,0,0,0,0,1,,
2026-04-26 07:32:22,7,15,15,0,"fit: 3, efit: 3","fit: 3, efit: 3",,,,0,0,0,0,1,,
2026-04-26 07:53:09,7,15,15,0,"fit: 3, efit: 4","fit: 3, efit: 4",,,,0,0,0,0,1,,
2026-04-26 10:18:30,7,15,15,0,"fit: 3, efit: 3","fit: 3, efit: 3",,,,0,0,0,0,1,,
2026-04-26 10:22:53,7,15,15,0,"fit: 3, efit: 2","fit: 3, efit: 2",,,,0,0,0,0,1,,
2026-04-26 11:18:04,7,15,15,0,"fit: 3, efit: 1","fit: 3, efit: 1",,,,0,0,0,0,1,,
2026-04-26 11:23:05,7,15,15,0,fit: 3,fit: 3,,,,0,0,0,0,1,,
2026-04-26 11:43:09,7,15,15,0,"fit: 3, efit: 1","fit: 3, efit: 1",,,,0,0,0,0,1,,
2026-04-26 11:49:12,7,15,15,0,"fit: 3, efit: 2","fit: 3, efit: 2",,,,0,0,0,0,1,,
2026-04-26 11:53:10,7,15,15,0,"fit: 3, efit: 1","fit: 3, efit: 1",,,,0,0,0,0,1,,
2026-04-26 12:28:17,7,15,15,0,fit: 3,fit: 3,,,,0,0,0,0,1,,
2026-04-26 12:38:50,7,15,15,0,fit: 2,fit: 2,,,,0,0,0,0,1,,
2026-04-26 12:58:23,7,15,15,0,"fit: 2, efit: 1","fit: 2, efit: 1",,,,0,0,0,0,1,,
2026-04-26 14:33:42,7,15,15,0,fit: 1,fit: 1,,,,0,0,0,0,1,,
2026-04-26 15:08:49,7,15,15,0,,,,,,0,0,0,0,1,,
2026-04-26 19:00:47,7,15,15,0,efit: 1,efit: 1,,,,0,0,0,0,1,,
2026-04-26 19:34:41,7,15,15,0,,,,,,0,0,0,0,1,,
2026-04-26 20:21:05,7,15,15,0,efit: 1,efit: 1,,,,0,0,0,0,1,,
2026-04-26 22:31:32,7,15,15,0,"fit: 1, efit: 1","fit: 1, efit: 1",,,,0,0,0,0,1,,
2026-04-26 22:56:37,7,15,15,0,"fit: 1, efit: 4","fit: 1, efit: 4",,,,0,0,0,0,1,,
2026-04-26 23:05:22,7,15,15,0,"fit: 1, efit: 3","fit: 1, efit: 3",,,,0,0,0,0,1,,
2026-04-26 23:05:25,7,15,15,0,"fit: 1, efit: 4","fit: 1, efit: 4",,,,0,0,0,0,1,,
2026-04-26 23:10:23,7,15,15,0,"fit: 1, efit: 1","fit: 1, efit: 1",,,,0,0,0,0,1,,
2026-04-27 00:00:31,7,15,15,0,"fit: 1, efit: 2","fit: 1, efit: 2",,,,0,0,0,0,1,,
2026-04-27 00:16:54,7,15,15,0,fit: 1,fit: 1,,,,0,0,0,0,1,,
2026-04-27 06:36:28,7,15,15,0,,,,,,0,0,0,0,1,,
2026-04-27 08:51:48,7,15,15,0,"fit: 6, efit: 1","fit: 6, efit: 1",,,,0,0,0,0,1,,
2026-04-27 09:17:10,7,15,15,0,fit: 6,fit: 6,,,,0,0,0,0,1,,
2026-04-27 09:56:58,7,15,15,0,fit: 5,fit: 5,,,,0,0,0,0,1,,
2026-04-27 10:08:56,7,15,15,0,"fit: 5, efit: 1","fit: 5, efit: 1",,,,0,0,0,0,1,,
2026-04-27 10:22:02,7,15,15,0,fit: 5,fit: 5,,,,0,0,0,0,1,,
2026-04-27 11:07:12,7,15,15,0,"fit: 5, efit: 1","fit: 5, efit: 1",,,,0,0,0,0,1,,
2026-04-27 11:37:17,7,15,15,0,fit: 5,fit: 5,,,,0,0,0,0,1,,
2026-04-27 11:42:18,7,15,15,0,fit: 4,fit: 4,,,,0,0,0,0,1,,
2026-04-27 12:17:23,7,15,15,0,"fit: 4, efit: 1","fit: 4, efit: 1",,,,0,0,0,0,1,,
2026-04-27 12:57:29,7,15,15,0,"fit: 4, efit: 2","fit: 4, efit: 2",,,,0,0,0,0,1,,
2026-04-27 14:12:40,7,15,15,0,"fit: 4, efit: 3","fit: 4, efit: 3",,,,0,0,0,0,1,,
2026-04-27 14:19:49,7,15,15,0,"fit: 4, efit: 4","fit: 4, efit: 4",,,,0,0,0,0,1,,
2026-04-27 15:12:50,7,15,15,0,"fit: 4, efit: 5","fit: 4, efit: 5",,,,0,0,0,0,1,,
2026-04-27 15:35:06,7,15,15,0,"fit: 4, efit: 5","fit: 4, efit: 4",,,,0,0,0,0,1,,
2026-04-27 15:42:56,7,15,15,0,"fit: 5, efit: 3","fit: 5, efit: 2",,,,0,0,0,0,1,,
2026-04-27 16:03:35,7,15,15,0,"fit: 5, efit: 2","fit: 5, efit: 1",,,,0,0,0,0,1,,
2026-04-27 16:18:39,7,15,15,0,"fit: 5, efit: 1",fit: 5,,,,0,0,0,0,1,,
2026-04-27 16:58:10,7,15,15,0,"fit: 5, efit: 2","fit: 5, efit: 1",,,,0,0,0,0,1,,
2026-04-27 16:58:48,7,15,15,0,"fit: 5, efit: 3","fit: 5, efit: 2",,,,0,0,0,0,1,,
2026-04-27 17:15:31,7,15,15,0,"fit: 5, efit: 2","fit: 5, efit: 1",,,,0,0,0,0,1,,
2026-04-27 17:25:33,7,15,15,0,"fit: 5, efit: 1",fit: 5,,,,0,0,0,0,1,,
2026-04-27 17:40:36,7,15,15,0,"fit: 5, efit: 2","fit: 5, efit: 1",,,,0,0,0,0,1,,
2026-04-27 18:08:21,7,15,15,0,"fit: 3, efit: 2","fit: 3, efit: 1",,,,0,0,0,0,1,,
2026-04-27 18:25:46,7,15,15,0,"fit: 3, efit: 1",fit: 3,,,,0,0,0,0,1,,
2026-04-27 18:33:25,7,15,15,0,"fit: 2, efit: 1",fit: 2,,,,0,0,0,0,1,,
2026-04-27 18:43:27,7,15,15,0,"fit: 2, efit: 2","fit: 2, efit: 1",,,,0,0,0,0,1,,
2026-04-27 18:45:50,7,15,15,0,"fit: 2, efit: 3","fit: 2, efit: 2",,,,0,0,0,0,1,,
2026-04-27 18:49:10,7,15,15,0,"fit: 2, efit: 4","fit: 2, efit: 3",,,,0,0,0,0,1,,
2026-04-27 19:00:53,7,15,15,0,"fit: 2, efit: 3","fit: 2, efit: 2",,,,0,0,0,0,1,,
2026-04-27 19:10:55,7,15,15,0,"fit: 2, efit: 4","fit: 2, efit: 3",,,,0,0,0,0,1,,
2026-04-27 19:49:22,7,15,15,0,"fit: 2, efit: 6","fit: 2, efit: 5",,,,0,0,0,0,1,,
2026-04-27 19:51:04,7,15,15,0,"fit: 2, efit: 6","fit: 2, efit: 4",,,,0,0,0,0,1,,
2026-04-27 20:29:30,7,15,15,0,"fit: 2, efit: 6","fit: 2, efit: 5",,,,0,0,0,0,1,,
2026-04-27 21:18:51,7,15,15,0,"fit: 2, efit: 5","fit: 2, efit: 4",,,,0,0,0,0,1,,
2026-04-27 21:23:51,7,15,15,0,"fit: 2, efit: 4","fit: 2, efit: 3",,,,0,0,0,0,1,,
2026-04-27 22:03:57,7,15,15,0,"fit: 2, efit: 6","fit: 2, efit: 5",,,,0,0,0,0,1,,
2026-04-27 22:21:36,7,15,15,0,"fit: 2, efit: 9","fit: 2, efit: 7",,,,0,0,0,0,1,,
2026-04-27 22:59:59,7,15,15,0,"fit: 2, efit: 9","fit: 2, efit: 8",,,,0,0,0,0,1,,
2026-04-27 23:21:48,7,15,15,0,"fit: 2, efit: 10","fit: 2, efit: 9",,,,0,0,0,0,1,,
2026-04-27 23:41:52,7,15,15,0,"fit: 2, efit: 11","fit: 2, efit: 10",,,,0,0,0,0,1,,
2026-04-28 00:00:12,7,15,15,0,"fit: 2, efit: 11","fit: 2, efit: 10",,,,0,0,0,0,1,,
2026-04-28 02:30:40,7,15,15,0,"fit: 2, efit: 10","fit: 2, efit: 9",,,,0,0,0,0,1,,
2026-04-28 03:24:44,7,15,15,0,"fit: 2, efit: 11","fit: 2, efit: 9",efit: 1,,,0,0,0,0,1,,
2026-04-28 06:48:19,7,15,15,0,"fit: 2, efit: 10","fit: 2, efit: 8",efit: 1,,,0,0,0,0,1,,
2026-04-28 06:55:14,7,15,15,0,"fit: 2, efit: 10","fit: 2, efit: 8",efit: 2,,,0,0,0,0,1,,
2026-04-28 07:00:15,7,15,15,0,"fit: 2, efit: 9","fit: 2, efit: 7",efit: 2,,,0,0,0,0,1,,
2026-04-28 07:20:18,7,15,15,0,"fit: 2, efit: 8","fit: 2, efit: 6",efit: 2,,,0,0,0,0,1,,
2026-04-28 08:05:24,7,15,15,0,"fit: 2, efit: 7","fit: 2, efit: 5",efit: 2,,,0,0,0,0,1,,
2026-04-28 08:06:43,7,15,15,0,"fit: 2, efit: 8","fit: 2, efit: 6",efit: 2,,,0,0,0,0,1,,
2026-04-28 08:55:32,7,15,15,0,"fit: 2, efit: 7","fit: 2, efit: 5",efit: 2,,,0,0,0,0,1,,
2026-04-28 09:28:52,7,15,15,0,"fit: 2, efit: 8","fit: 2, efit: 6",efit: 2,,,0,0,0,0,1,,
2026-04-28 09:38:54,7,15,15,0,"fit: 2, efit: 7","fit: 2, efit: 5",efit: 2,,,0,0,0,0,1,,
2026-04-28 10:10:44,7,15,15,0,"fit: 2, efit: 6","fit: 2, efit: 4",efit: 2,,,0,0,0,0,1,,
2026-04-28 10:59:11,7,15,15,0,"fit: 2, efit: 5","fit: 2, efit: 3",efit: 2,,,0,0,0,0,1,,
2026-04-28 11:19:16,7,15,15,0,"fit: 2, efit: 6","fit: 2, efit: 4",efit: 2,,,0,0,0,0,1,,
2026-04-28 11:32:22,7,15,15,0,"fit: 2, efit: 5","fit: 2, efit: 4",efit: 1,,,0,0,0,0,1,,
2026-04-28 11:34:19,7,15,15,0,"fit: 2, efit: 5","fit: 2, efit: 5",,,,0,0,0,0,1,,
2026-04-28 11:35:56,7,15,15,0,"fit: 2, efit: 6","fit: 2, efit: 6",,,,0,0,0,0,1,,
2026-04-28 12:24:29,7,15,15,0,"fit: 2, efit: 5","fit: 2, efit: 4",efit: 1,,,0,0,0,0,1,,
2026-04-28 12:29:30,7,15,15,0,"fit: 2, efit: 4","fit: 2, efit: 3",efit: 1,,,0,0,0,0,1,,
2026-04-28 12:51:09,7,15,15,0,"fit: 2, efit: 3","fit: 2, efit: 2",efit: 1,,,0,0,0,0,1,,
2026-04-28 13:22:44,7,15,15,0,"fit: 2, efit: 2","fit: 2, efit: 1",efit: 1,,,0,0,0,0,1,,
2026-04-28 13:34:44,7,15,15,0,"fit: 2, efit: 1",fit: 2,efit: 1,,,0,0,0,0,1,,
2026-04-28 13:56:19,7,15,15,0,"fit: 1, efit: 1",fit: 1,efit: 1,,,0,0,0,0,1,,
2026-04-28 14:41:26,7,15,15,0,"fit: 1, efit: 2","fit: 1, efit: 1",efit: 1,,,0,0,0,0,1,,
2026-04-28 14:42:59,7,15,15,0,"fit: 1, efit: 1",fit: 1,efit: 1,,,0,0,0,0,1,,
2026-04-28 14:55:01,7,15,15,0,"fit: 1, efit: 2","fit: 1, efit: 1",efit: 1,,,0,0,0,0,1,,
2026-04-28 15:13:06,7,15,15,0,"fit: 1, efit: 1","fit: 1, efit: 1",,,,0,0,0,0,1,,
2026-04-28 15:40:11,7,15,15,0,"fit: 1, efit: 2","fit: 1, efit: 2",,,,0,0,0,0,1,,
2026-04-28 15:53:14,7,15,15,0,"fit: 1, efit: 1","fit: 1, efit: 1",,,,0,0,0,0,1,,
2026-04-28 16:08:17,7,15,15,0,"fit: 1, efit: 2","fit: 1, efit: 2",,,,0,0,0,0,1,,
2026-04-28 16:36:44,7,15,15,0,efit: 2,efit: 2,,,,0,0,0,0,1,,
2026-04-28 16:51:47,7,15,15,0,efit: 1,efit: 1,,,,0,0,0,0,1,,
2026-04-28 17:03:27,7,15,15,0,,,,,,0,0,0,0,1,,
2026-04-28 17:15:31,7,15,15,0,efit: 1,efit: 1,,,,0,0,0,0,1,,
2026-04-28 17:20:32,7,15,15,0,efit: 2,efit: 2,,,,0,0,0,0,1,,
2026-04-28 17:26:52,7,15,15,0,efit: 1,efit: 1,,,,0,0,0,0,1,,
2026-04-28 17:36:53,7,15,15,0,efit: 2,efit: 2,,,,0,0,0,0,1,,
2026-04-28 17:38:35,7,15,15,0,efit: 1,efit: 1,,,,0,0,0,0,1,,
2026-04-28 17:43:36,7,15,15,0,efit: 2,efit: 2,,,,0,0,0,0,1,,
2026-04-28 17:56:57,7,15,15,0,efit: 1,efit: 1,,,,0,0,0,0,1,,
2026-04-28 18:01:57,7,15,15,0,efit: 2,efit: 2,,,,0,0,0,0,1,,
2026-04-28 18:17:01,7,15,15,0,efit: 1,efit: 1,,,,0,0,0,0,1,,
2026-04-28 18:22:01,7,15,15,0,,,,,,0,0,0,0,1,,
2026-04-28 19:36:02,7,15,15,0,fit: 1,fit: 1,,,,0,0,0,0,1,,
2026-04-28 19:52:15,7,15,15,0,"fit: 1, efit: 1","fit: 1, efit: 1",,,,0,0,0,0,1,,
2026-04-28 20:49:13,7,15,15,0,"fit: 1, efit: 2","fit: 1, efit: 2",,,,0,0,0,0,1,,
2026-04-28 21:27:30,7,15,15,0,"fit: 1, efit: 3","fit: 1, efit: 3",,,,0,0,0,0,1,,
2026-04-28 21:41:29,7,15,15,0,"fit: 1, efit: 4","fit: 1, efit: 4",,,,0,0,0,0,1,,
2026-04-28 22:01:33,7,15,15,0,"fit: 1, efit: 5","fit: 1, efit: 5",,,,0,0,0,0,1,,
2026-04-28 22:56:44,7,15,15,0,"fit: 1, efit: 4","fit: 1, efit: 4",,,,0,0,0,0,1,,
2026-04-28 23:49:48,7,15,15,0,"fit: 1, efit: 5","fit: 1, efit: 5",,,,0,0,0,0,1,,
2026-04-29 00:01:57,7,15,15,0,"fit: 1, efit: 7","fit: 1, efit: 7",,,,0,0,0,0,1,,
2026-04-29 02:28:13,7,15,15,0,"fit: 1, efit: 6","fit: 1, efit: 6",,,,0,0,0,0,1,,
2026-04-29 03:17:36,7,15,15,0,"fit: 1, efit: 7","fit: 1, efit: 7",,,,0,0,0,0,1,,
2026-04-29 06:46:05,7,15,15,0,"fit: 1, efit: 6","fit: 1, efit: 6",,,,0,0,0,0,1,,
2026-04-29 07:08:22,7,15,15,0,"fit: 1, efit: 7","fit: 1, efit: 7",,,,0,0,0,0,1,,
2026-04-29 07:38:28,7,15,15,0,"fit: 1, efit: 8","fit: 1, efit: 8",,,,0,0,0,0,1,,
2026-04-29 07:43:29,7,15,15,0,"fit: 1, efit: 9","fit: 1, efit: 9",,,,0,0,0,0,1,,
2026-04-29 08:08:34,7,15,15,0,"fit: 1, efit: 10","fit: 1, efit: 10",,,,0,0,0,0,1,,
2026-04-29 08:23:37,7,15,15,0,"fit: 1, efit: 9","fit: 1, efit: 9",,,,0,0,0,0,1,,
2026-04-29 08:38:40,7,15,15,0,"fit: 1, efit: 8","fit: 1, efit: 8",,,,0,0,0,0,1,,
2026-04-29 08:41:27,7,15,15,0,"fit: 1, efit: 9","fit: 1, efit: 9",,,,0,0,0,0,1,,
2026-04-29 09:06:32,7,15,15,0,"fit: 1, efit: 9","fit: 1, efit: 8",efit: 1,,,0,0,0,0,1,,
2026-04-29 11:04:11,7,15,15,0,"fit: 1, efit: 8","fit: 1, efit: 7",efit: 1,,,0,0,0,0,1,,
2026-04-29 11:47:03,7,15,15,0,"fit: 1, efit: 7","fit: 1, efit: 6",efit: 1,,,0,0,0,0,1,,
2026-04-29 12:39:30,7,15,15,0,"fit: 1, efit: 6","fit: 1, efit: 5",efit: 1,,,0,0,0,0,1,,
2026-04-29 13:34:41,7,15,15,0,"fit: 1, efit: 7","fit: 1, efit: 6",efit: 1,,,0,0,0,0,1,,
2026-04-29 13:39:42,7,15,15,0,"fit: 1, efit: 8","fit: 1, efit: 7",efit: 1,,,0,0,0,0,1,,
2026-04-29 13:42:25,7,15,15,0,"fit: 1, efit: 9","fit: 1, efit: 8",efit: 1,,,0,0,0,0,1,,
2026-04-29 14:09:48,7,15,15,0,"fit: 1, efit: 8","fit: 1, efit: 7",efit: 1,,,0,0,0,0,1,,
2026-04-29 15:25:04,7,15,15,0,"fit: 1, efit: 9","fit: 1, efit: 8",efit: 1,,,0,0,0,0,1,,
2026-04-29 16:02:51,7,15,15,0,"fit: 1, efit: 8","fit: 1, efit: 7",efit: 1,,,0,0,0,0,1,,
2026-04-29 16:32:57,7,15,15,0,efit: 8,efit: 7,efit: 1,,,0,0,0,0,1,,
2026-04-29 16:53:01,7,15,15,0,efit: 9,efit: 8,efit: 1,,,0,0,0,0,1,,
2026-04-29 17:05:19,7,15,15,0,efit: 8,efit: 7,efit: 1,,,0,0,0,0,1,,
2026-04-29 17:08:04,7,15,15,0,"fit: 1, efit: 7","fit: 1, efit: 6",efit: 1,,,0,0,0,0,1,,
2026-04-29 18:28:19,7,15,15,0,"fit: 1, efit: 6","fit: 1, efit: 5",efit: 1,,,0,0,0,0,1,,
2026-04-29 18:30:32,7,15,15,0,"fit: 1, efit: 7","fit: 1, efit: 6",efit: 1,,,0,0,0,0,1,,
2026-04-29 19:05:47,7,15,15,0,"fit: 1, efit: 8","fit: 1, efit: 7",efit: 1,,,0,0,0,0,1,,
2026-04-29 19:23:30,7,15,15,0,"fit: 1, efit: 7","fit: 1, efit: 6",efit: 1,,,0,0,0,0,1,,
2026-04-29 19:58:36,7,15,15,0,"fit: 1, efit: 8","fit: 1, efit: 7",efit: 1,,,0,0,0,0,1,,
2026-04-29 20:05:46,7,15,15,0,"fit: 2, efit: 8","fit: 2, efit: 7",efit: 1,,,0,0,0,0,1,,
2026-04-29 21:51:02,7,15,15,0,"fit: 2, efit: 9","fit: 2, efit: 8",efit: 1,,,0,0,0,0,1,,
2026-04-29 21:58:58,7,15,15,0,"fit: 2, efit: 8","fit: 2, efit: 7",efit: 1,,,0,0,0,0,1,,
2026-04-29 23:04:10,7,15,15,0,"fit: 2, efit: 6","fit: 2, efit: 5",efit: 1,,,0,0,0,0,1,,
2026-04-29 23:16:14,7,15,15,0,"fit: 2, efit: 5","fit: 2, efit: 4",efit: 1,,,0,0,0,0,1,,
2026-04-29 23:21:15,7,15,15,0,"fit: 3, efit: 5","fit: 3, efit: 4",efit: 1,,,0,0,0,0,1,,
2026-04-29 23:44:17,7,15,15,0,"fit: 3, efit: 6","fit: 3, efit: 5",efit: 1,,,0,0,0,0,1,,
2026-04-30 00:01:20,7,15,15,0,"fit: 3, efit: 6","fit: 3, efit: 5",efit: 1,,,0,0,0,0,1,,
2026-04-30 03:24:57,7,15,15,0,"fit: 3, efit: 5","fit: 3, efit: 4",efit: 1,,,0,0,0,0,1,,
2026-04-30 04:45:11,7,15,15,0,"fit: 3, efit: 4","fit: 3, efit: 3",efit: 1,,,0,0,0,0,1,,
2026-04-30 04:50:12,7,15,15,0,"fit: 3, efit: 5","fit: 3, efit: 4",efit: 1,,,0,0,0,0,1,,
2026-04-30 06:40:33,7,15,15,0,"fit: 3, efit: 4","fit: 3, efit: 3",efit: 1,,,0,0,0,0,1,,
2026-04-30 06:50:35,7,15,15,0,"fit: 3, efit: 5","fit: 3, efit: 4",efit: 1,,,0,0,0,0,1,,
2026-04-30 07:05:37,7,15,15,0,"fit: 3, efit: 4","fit: 3, efit: 3",efit: 1,,,0,0,0,0,1,,
2026-04-30 07:30:42,7,15,15,0,"fit: 3, efit: 5","fit: 3, efit: 4",efit: 1,,,0,0,0,0,1,,
2026-04-30 07:37:24,7,15,15,0,"fit: 4, efit: 5","fit: 4, efit: 4",efit: 1,,,0,0,0,0,1,,
2026-04-30 08:00:48,7,15,15,0,"fit: 4, efit: 4","fit: 4, efit: 3",efit: 1,,,0,0,0,0,1,,
2026-04-30 08:17:30,7,15,15,0,"fit: 4, efit: 5","fit: 4, efit: 4",efit: 1,,,0,0,0,0,1,,
2026-04-30 08:22:30,7,15,15,0,"fit: 4, efit: 6","fit: 4, efit: 5",efit: 1,,,0,0,0,0,1,,
2026-04-30 08:45:56,7,15,15,0,"fit: 4, efit: 5","fit: 4, efit: 4",efit: 1,,,0,0,0,0,1,,
2026-04-30 09:42:42,7,15,15,0,"fit: 4, efit: 4","fit: 4, efit: 3",efit: 1,,,0,0,0,0,1,,
2026-04-30 09:51:09,7,15,15,0,"fit: 5, efit: 2","fit: 5, efit: 1",efit: 1,,,0,0,0,0,1,,
2026-04-30 09:57:44,7,15,15,0,"fit: 5, efit: 1",fit: 5,efit: 1,,,0,0,0,0,1,,
2026-04-30 11:11:24,7,15,15,0,"fit: 5, efit: 2","fit: 5, efit: 1",efit: 1,,,0,0,0,0,1,,
2026-04-30 11:26:27,7,15,15,0,"fit: 5, efit: 1",fit: 5,efit: 1,,,0,0,0,0,1,,
2026-04-30 11:34:04,7,15,15,0,"fit: 4, efit: 1",fit: 4,efit: 1,,,0,0,0,0,1,,
2026-04-30 12:11:36,7,15,15,0,"fit: 4, efit: 2","fit: 4, efit: 1",efit: 1,,,0,0,0,0,1,,
2026-04-30 12:13:05,7,15,15,0,"fit: 4, efit: 3","fit: 4, efit: 2",efit: 1,,,0,0,0,0,1,,
2026-04-30 12:21:38,7,15,15,0,"fit: 4, efit: 2","fit: 4, efit: 1",efit: 1,,,0,0,0,0,1,,
2026-04-30 12:51:44,7,15,15,0,"fit: 4, efit: 1",fit: 4,efit: 1,,,0,0,0,0,1,,
2026-04-30 14:03:20,7,15,15,0,"fit: 3, efit: 1",fit: 3,efit: 1,,,0,0,0,0,1,,
2026-04-30 14:11:59,7,15,15,0,"fit: 3, efit: 1","fit: 3, efit: 1",,,,0,0,0,0,1,,
2026-04-30 14:37:05,7,15,15,0,"fit: 2, efit: 1","fit: 2, efit: 1",,,,0,0,0,0,1,,
2026-04-30 15:43:35,7,15,15,0,"fit: 2, efit: 2","fit: 2, efit: 2",,,,0,0,0,0,1,,
2026-04-30 15:52:20,7,15,15,0,"fit: 3, efit: 1","fit: 3, efit: 1",,,,0,0,0,0,1,,
2026-04-30 16:13:39,7,15,15,0,"fit: 4, efit: 2","fit: 4, efit: 2",,,,0,0,0,0,1,,
2026-04-30 16:15:03,7,15,15,0,"fit: 4, efit: 3","fit: 4, efit: 3",,,,0,0,0,0,1,,
2026-04-30 16:27:27,7,15,15,0,"fit: 4, efit: 4","fit: 4, efit: 4",,,,0,0,0,0,1,,
2026-04-30 16:47:31,7,15,15,0,"fit: 4, efit: 5","fit: 4, efit: 4",,,,0,0,0,0,1,,
2026-04-30 17:00:13,7,15,15,0,"fit: 4, efit: 5","fit: 4, efit: 5",,,,0,0,0,0,1,,
2026-04-30 17:32:41,7,15,15,0,"fit: 4, efit: 4","fit: 4, efit: 4",,,,0,0,0,0,1,,
2026-04-30 18:28:59,7,15,15,0,"fit: 4, efit: 5","fit: 4, efit: 5",,,,0,0,0,0,1,,
2026-04-30 18:30:32,7,15,15,0,"fit: 4, efit: 6","fit: 4, efit: 6",,,,0,0,0,0,1,,
2026-04-30 18:45:36,7,15,15,0,"fit: 4, efit: 7","fit: 4, efit: 7",,,,0,0,0,0,1,,
2026-04-30 19:30:45,7,15,15,0,"fit: 4, efit: 6","fit: 4, efit: 6",,,,0,0,0,0,1,,
2026-04-30 19:38:08,7,15,15,0,"fit: 3, efit: 6","fit: 3, efit: 6",,,,0,0,0,0,1,,
2026-04-30 21:31:11,7,15,15,0,"fit: 3, efit: 5","fit: 3, efit: 5",,,,0,0,0,0,1,,
2026-04-30 22:04:30,7,15,15,0,"fit: 3, efit: 3","fit: 3, efit: 3",,,,0,0,0,0,1,,
2026-04-30 22:16:20,7,15,15,0,"fit: 4, efit: 3","fit: 4, efit: 3",,,,0,0,0,0,1,,
2026-04-30 22:41:25,7,15,15,0,"fit: 4, efit: 4","fit: 4, efit: 4",,,,0,0,0,0,1,,
2026-05-01 00:01:41,7,15,15,0,"fit: 4, efit: 4","fit: 4, efit: 4",,,,0,0,0,0,1,,
2026-05-01 00:04:02,7,15,15,0,"fit: 4, efit: 5","fit: 4, efit: 5",,,,0,0,0,0,1,,
2026-05-01 06:48:01,7,15,15,0,"fit: 4, efit: 4","fit: 4, efit: 4",,,,0,0,0,0,1,,
2026-05-01 07:45:35,7,15,15,0,"fit: 4, efit: 3","fit: 4, efit: 3",,,,0,0,0,0,1,,
2026-05-01 08:05:39,7,15,15,0,"fit: 4, efit: 4","fit: 4, efit: 4",,,,0,0,0,0,1,,
2026-05-01 08:15:41,7,15,15,0,"fit: 4, efit: 5","fit: 4, efit: 5",,,,0,0,0,0,1,,
2026-05-01 08:28:21,7,15,15,0,"fit: 4, efit: 4","fit: 4, efit: 4",,,,0,0,0,0,1,,
2026-05-01 09:35:57,7,15,15,0,"fit: 4, efit: 3","fit: 4, efit: 3",,,,0,0,0,0,1,,
2026-05-01 09:56:02,7,15,15,0,"fit: 4, efit: 2","fit: 4, efit: 2",,,,0,0,0,0,1,,
2026-05-01 10:11:05,7,15,15,0,"fit: 4, efit: 1","fit: 4, efit: 1",,,,0,0,0,0,1,,
2026-05-01 10:36:10,7,15,15,0,"fit: 4, efit: 2","fit: 4, efit: 2",,,,0,0,0,0,1,,
2026-05-01 10:48:50,7,15,15,0,"fit: 4, efit: 3","fit: 4, efit: 3",,,,0,0,0,0,1,,
2026-05-01 11:28:58,7,15,15,0,"fit: 3, efit: 3","fit: 3, efit: 3",,,,0,0,0,0,1,,
2026-05-01 11:49:03,7,15,15,0,"fit: 3, efit: 2","fit: 3, efit: 2",,,,0,0,0,0,1,,
2026-05-01 12:34:12,7,15,15,0,"fit: 4, efit: 2","fit: 4, efit: 2",,,,0,0,0,0,1,,
2026-05-01 12:39:13,7,15,15,0,"fit: 4, efit: 3","fit: 4, efit: 3",,,,0,0,0,0,1,,
2026-05-01 12:46:33,7,15,15,0,"fit: 4, efit: 2","fit: 4, efit: 2",,,,0,0,0,0,1,,
2026-05-01 13:16:37,7,15,15,0,"fit: 4, efit: 3","fit: 4, efit: 3",,,,0,0,0,0,1,,
2026-05-01 13:44:26,7,15,15,0,"fit: 4, efit: 2","fit: 4, efit: 2",,,,0,0,0,0,1,,
2026-05-01 13:59:29,7,15,15,0,"fit: 4, efit: 1","fit: 4, efit: 1",,,,0,0,0,0,1,,
2026-05-01 15:19:46,7,15,15,0,fit: 4,fit: 4,,,,0,0,0,0,1,,
2026-05-01 15:21:55,7,15,15,0,"fit: 4, efit: 1","fit: 4, efit: 1",,,,0,0,0,0,1,,
2026-05-01 15:46:59,7,15,15,0,fit: 4,fit: 4,,,,0,0,0,0,1,,
2026-05-01 15:49:52,7,15,15,0,fit: 3,fit: 3,,,,0,0,0,0,1,,
2026-05-01 15:52:00,7,15,15,0,fit: 2,fit: 2,,,,0,0,0,0,1,,
2026-05-01 16:12:03,7,15,15,0,"fit: 2, efit: 1","fit: 2, efit: 1",,,,0,0,0,0,1,,
2026-05-01 16:27:05,7,15,15,0,"fit: 2, efit: 2","fit: 2, efit: 2",,,,0,0,0,0,1,,
2026-05-01 16:40:03,7,15,15,0,"fit: 2, efit: 1","fit: 2, efit: 1",,,,0,0,0,0,1,,
2026-05-01 18:27:37,7,15,15,0,fit: 2,fit: 2,,,,0,0,0,0,1,,
2026-05-01 18:32:38,7,15,15,0,fit: 1,fit: 1,,,,0,0,0,0,1,,
2026-05-01 20:22:56,7,15,15,0,"fit: 1, efit: 1","fit: 1, efit: 1",,,,0,0,0,0,1,,
2026-05-02 00:03:31,7,15,15,0,"fit: 1, efit: 1","fit: 1, efit: 1",,,,0,0,0,0,1,,
2026-05-02 06:44:33,7,15,15,0,fit: 1,fit: 1,,,,0,0,0,0,1,,
2026-05-02 07:19:39,7,15,15,0,"fit: 1, efit: 1","fit: 1, efit: 1",,,,0,0,0,0,1,,
2026-05-02 07:41:20,7,15,15,0,"fit: 1, efit: 2","fit: 1, efit: 2",,,,0,0,0,0,1,,
2026-05-02 07:44:43,7,15,15,0,"fit: 1, efit: 1","fit: 1, efit: 1",,,,0,0,0,0,1,,
2026-05-02 08:16:26,7,15,15,0,"fit: 1, efit: 2","fit: 1, efit: 2",,,,0,0,0,0,1,,
2026-05-02 08:19:48,7,15,15,0,"fit: 1, efit: 1","fit: 1, efit: 1",,,,0,0,0,0,1,,
2026-05-02 10:20:08,7,15,15,0,"fit: 1, efit: 2","fit: 1, efit: 2",,,,0,0,0,0,1,,
2026-05-02 10:21:33,7,15,15,0,"fit: 2, efit: 2","fit: 2, efit: 2",,,,0,0,0,0,1,,
2026-05-02 11:20:18,7,15,15,0,"fit: 2, efit: 1","fit: 2, efit: 1",,,,0,0,0,0,1,,
2026-05-02 11:45:22,7,15,15,0,"fit: 2, efit: 2","fit: 2, efit: 2",,,,0,0,0,0,1,,
2026-05-02 12:47:02,7,15,15,0,"fit: 2, efit: 1","fit: 2, efit: 1",,,,0,0,0,0,1,,
2026-05-02 13:10:36,7,15,15,0,fit: 2,fit: 2,,,,0,0,0,0,1,,
2026-05-02 13:40:41,7,15,15,0,fit: 1,fit: 1,,,,0,0,0,0,1,,
2026-05-02 14:00:45,7,15,15,0,,,,,,0,0,0,0,1,,
2026-05-02 15:12:28,7,15,15,0,efit: 4,,,,,0,0,0,0,1,,
2026-05-02 15:52:36,7,15,15,0,efit: 4,efit: 2,,,,0,0,0,0,1,,
2026-05-02 16:02:56,7,15,15,0,efit: 4,efit: 3,,,,0,0,0,0,1,,
2026-05-02 16:17:41,7,15,15,0,efit: 5,efit: 4,,,,0,0,0,0,1,,
2026-05-02 16:27:43,7,15,15,0,efit: 6,efit: 5,,,,0,0,0,0,1,,
2026-05-02 16:37:45,7,15,15,0,efit: 4,efit: 3,,,,0,0,0,0,1,,
2026-05-02 17:32:57,7,15,15,0,efit: 3,efit: 2,,,,0,0,0,0,1,,
2026-05-02 17:53:01,7,15,15,0,"fit: 1, efit: 3","fit: 1, efit: 2",,,,0,0,0,0,1,,
2026-05-02 18:13:05,7,15,15,0,"fit: 1, efit: 4","fit: 1, efit: 3",,,,0,0,0,0,1,,
2026-05-02 18:18:06,7,15,15,0,"fit: 1, efit: 5","fit: 1, efit: 4",,,,0,0,0,0,1,,
2026-05-02 18:23:07,7,15,15,0,"fit: 1, efit: 4","fit: 1, efit: 3",,,,0,0,0,0,1,,
2026-05-02 18:33:09,7,15,15,0,"fit: 1, efit: 5","fit: 1, efit: 4",,,,0,0,0,0,1,,
2026-05-02 19:08:16,7,15,15,0,"fit: 1, efit: 4","fit: 1, efit: 3",,,,0,0,0,0,1,,
2026-05-02 21:33:45,7,15,15,0,"fit: 1, efit: 5","fit: 1, efit: 4",,,,0,0,0,0,1,,
2026-05-02 21:43:47,7,15,15,0,"fit: 1, efit: 4","fit: 1, efit: 3",,,,0,0,0,0,1,,
2026-05-02 21:58:50,7,15,15,0,"fit: 1, efit: 3","fit: 1, efit: 2",,,,0,0,0,0,1,,
2026-05-02 22:59:01,7,15,15,0,"fit: 1, efit: 4","fit: 1, efit: 3",,,,0,0,0,0,1,,
2026-05-02 23:39:09,7,15,15,0,"fit: 1, efit: 3","fit: 1, efit: 2",,,,0,0,0,0,1,,
2026-05-02 23:54:12,7,15,15,0,"fit: 1, efit: 4","fit: 1, efit: 3",,,,0,0,0,0,1,,
2026-05-03 00:04:14,7,15,15,0,"fit: 1, efit: 4","fit: 1, efit: 3",,,,0,0,0,0,1,,
2026-05-03 01:34:31,7,15,15,0,"fit: 1, efit: 6","fit: 1, efit: 5",,,,0,0,0,0,1,,
2026-05-03 01:44:33,7,15,15,0,"fit: 1, efit: 5","fit: 1, efit: 4",,,,0,0,0,0,1,,
2026-05-03 01:59:36,7,15,15,0,"fit: 1, efit: 6","fit: 1, efit: 5",,,,0,0,0,0,1,,
2026-05-03 03:44:55,7,15,15,0,"fit: 1, efit: 6","fit: 1, efit: 5",efit: 1,,,0,0,0,0,1,,
2026-05-03 05:50:20,7,15,15,0,"fit: 1, efit: 5","fit: 1, efit: 4",efit: 1,,,0,0,0,0,1,,
2026-05-03 06:25:26,7,15,15,0,"fit: 1, efit: 4","fit: 1, efit: 3",efit: 1,,,0,0,0,0,1,,
2026-05-03 07:20:37,7,15,15,0,"fit: 1, efit: 3","fit: 1, efit: 2",efit: 1,,,0,0,0,0,1,,
2026-05-03 07:35:40,7,15,15,0,"fit: 1, efit: 4","fit: 1, efit: 3",efit: 1,,,0,0,0,0,1,,
2026-05-03 07:50:43,7,15,15,0,"fit: 1, efit: 5","fit: 1, efit: 4",efit: 1,,,0,0,0,0,1,,
2026-05-03 08:00:45,7,15,15,0,"fit: 1, efit: 4","fit: 1, efit: 3",efit: 1,,,0,0,0,0,1,,
2026-05-03 08:25:50,7,15,15,0,"fit: 1, efit: 3","fit: 1, efit: 2",efit: 1,,,0,0,0,0,1,,
2026-05-03 08:40:54,7,15,15,0,"fit: 1, efit: 2","fit: 1, efit: 1",efit: 1,,,0,0,0,0,1,,
2026-05-03 09:01:05,7,15,15,0,"fit: 2, efit: 2","fit: 2, efit: 1",efit: 1,,,0,0,0,0,1,,
2026-05-03 09:11:00,7,15,15,0,"fit: 2, efit: 1",fit: 2,efit: 1,,,0,0,0,0,1,,
2026-05-03 09:21:02,7,15,15,0,"fit: 1, efit: 1",fit: 1,efit: 1,,,0,0,0,0,1,,
2026-05-03 09:31:04,7,15,15,0,"fit: 1, efit: 1","fit: 1, efit: 1",,,,0,0,0,0,1,,
2026-05-03 09:51:09,7,15,15,0,"fit: 2, efit: 1","fit: 2, efit: 1",,,,0,0,0,0,1,,
2026-05-03 10:06:12,7,15,15,0,fit: 2,fit: 2,,,,0,0,0,0,1,,
2026-05-03 10:11:13,7,15,15,0,fit: 1,fit: 1,,,,0,0,0,0,1,,
2026-05-03 10:16:23,7,15,15,0,,,,,,0,0,0,0,1,,
2026-05-03 10:21:15,7,15,15,0,fit: 1,fit: 1,,,,0,0,0,0,1,,
2026-05-03 10:31:17,7,15,15,0,,,,,,0,0,0,0,1,,
2026-05-03 10:31:24,7,15,15,0,fit: 1,fit: 1,,,,0,0,0,0,1,,
2026-05-03 11:06:25,7,15,15,0,"fit: 1, efit: 1","fit: 1, efit: 1",,,,0,0,0,0,1,,
2026-05-03 11:26:29,7,15,15,0,"fit: 1, efit: 3","fit: 1, efit: 3",,,,0,0,0,0,1,,
2026-05-03 11:31:30,7,15,15,0,"fit: 1, efit: 4","fit: 1, efit: 4",,,,0,0,0,0,1,,
2026-05-03 11:36:31,7,15,15,0,"fit: 1, efit: 3","fit: 1, efit: 3",,,,0,0,0,0,1,,
2026-05-03 11:56:35,7,15,15,0,"fit: 1, efit: 5","fit: 1, efit: 5",,,,0,0,0,0,1,,
2026-05-03 12:01:37,7,15,15,0,"fit: 1, efit: 4","fit: 1, efit: 4",,,,0,0,0,0,1,,
2026-05-03 12:16:40,7,15,15,0,"fit: 1, efit: 2","fit: 1, efit: 2",,,,0,0,0,0,1,,
2026-05-03 12:21:41,7,15,15,0,"fit: 1, efit: 1","fit: 1, efit: 1",,,,0,0,0,0,1,,
2026-05-03 12:26:42,7,15,15,0,fit: 1,fit: 1,,,,0,0,0,0,1,,
2026-05-03 12:31:43,7,15,15,0,"fit: 1, efit: 1",fit: 1,,,,0,0,0,0,1,,
2026-05-03 12:41:45,7,15,15,0,"fit: 1, efit: 1","fit: 1, efit: 1",,,,0,0,0,0,1,,
2026-05-03 12:46:46,7,15,15,0,fit: 1,fit: 1,,,,0,0,0,0,1,,
2026-05-03 13:01:48,7,15,15,0,"fit: 1, efit: 1","fit: 1, efit: 1",,,,0,0,0,0,1,,
2026-05-03 13:11:49,7,15,15,0,"fit: 1, efit: 3","fit: 1, efit: 3",,,,0,0,0,0,1,,
2026-05-03 13:16:49,7,15,15,0,"fit: 1, efit: 2","fit: 1, efit: 2",,,,0,0,0,0,1,,
2026-05-03 13:21:49,7,15,15,0,"fit: 1, efit: 3","fit: 1, efit: 3",,,,0,0,0,0,1,,
2026-05-03 13:41:51,7,15,15,0,"fit: 1, efit: 2","fit: 1, efit: 2",,,,0,0,0,0,1,,
2026-05-03 13:56:52,7,15,15,0,fit: 1,fit: 1,,,,0,0,0,0,1,,
2026-05-03 14:16:54,7,15,15,0,"fit: 1, efit: 1","fit: 1, efit: 1",,,,0,0,0,0,1,,
2026-05-03 14:36:56,7,15,15,0,,,,,,0,0,0,0,1,,
2026-05-03 18:12:33,7,15,15,0,fit: 1,fit: 1,,,,0,0,0,0,1,,
2026-05-03 18:52:41,7,15,15,0,"fit: 1, efit: 1","fit: 1, efit: 1",,,,0,0,0,0,1,,
2026-05-03 20:02:55,7,15,15,0,fit: 1,fit: 1,,,,0,0,0,0,1,,
2026-05-03 20:43:03,7,15,15,0,"fit: 1, efit: 1","fit: 1, efit: 1",,,,0,0,0,0,1,,
2026-05-03 20:58:06,7,15,15,0,"fit: 1, efit: 2","fit: 1, efit: 2",,,,0,0,0,0,1,,
2026-05-03 21:38:14,7,15,15,0,"fit: 1, efit: 3","fit: 1, efit: 3",,,,0,0,0,0,1,,
2026-05-03 22:03:19,7,15,15,0,"fit: 1, efit: 4","fit: 1, efit: 4",,,,0,0,0,0,1,,
2026-05-03 22:53:29,7,15,15,0,"fit: 1, efit: 3","fit: 1, efit: 3",,,,0,0,0,0,1,,
2026-05-03 23:13:33,7,15,15,0,"fit: 1, efit: 2","fit: 1, efit: 2",,,,0,0,0,0,1,,
2026-05-03 23:28:36,7,15,15,0,"fit: 1, efit: 3","fit: 1, efit: 3",,,,0,0,0,0,1,,
2026-05-04 00:03:42,7,15,15,0,"fit: 1, efit: 3","fit: 1, efit: 3",,,,0,0,0,0,1,,
2026-05-04 06:09:51,7,15,15,0,"fit: 1, efit: 4","fit: 1, efit: 4",,,,0,0,0,0,1,,
2026-05-04 06:39:54,7,15,15,0,"fit: 1, efit: 3","fit: 1, efit: 3",,,,0,0,0,0,1,,
2026-05-04 07:30:10,7,15,15,0,"fit: 1, efit: 2","fit: 1, efit: 2",,,,0,0,0,0,1,,
2026-05-04 07:45:02,7,15,15,0,"fit: 1, efit: 3","fit: 1, efit: 3",,,,0,0,0,0,1,,
2026-05-04 08:05:17,7,15,15,0,"fit: 1, efit: 2","fit: 1, efit: 2",,,,0,0,0,0,1,,
2026-05-04 08:10:07,7,15,15,0,"fit: 1, efit: 1","fit: 1, efit: 1",,,,0,0,0,0,1,,
2026-05-04 08:35:12,7,15,15,0,fit: 1,fit: 1,,,,0,0,0,0,1,,
2026-05-04 08:45:14,7,15,15,0,,,,,,0,0,0,0,1,,
2026-05-04 11:10:44,7,15,15,0,efit: 1,efit: 1,,,,0,0,0,0,1,,
2026-05-04 11:45:52,7,15,15,0,,,,,,0,0,0,0,1,,
2026-05-04 12:00:55,7,15,15,0,efit: 4,,efit: 1,,,0,0,0,0,1,,
2026-05-04 12:05:56,7,15,15,0,"fit: 2, efit: 6","fit: 2, efit: 2",,,,0,0,0,0,1,,
2026-05-04 12:10:57,7,15,15,0,"fit: 2, efit: 6","fit: 2, efit: 2",efit: 1,,,0,0,0,0,1,,
2026-05-04 12:11:05,7,15,15,0,"fit: 2, efit: 6","fit: 2, efit: 2",,,,0,0,0,0,1,,
2026-05-04 12:26:00,7,15,15,0,"fit: 2, efit: 6","fit: 2, efit: 3",,,,0,0,0,0,1,,
2026-05-04 12:36:03,7,15,15,0,"fit: 2, efit: 7","fit: 2, efit: 4",,,,0,0,0,0,1,,
2026-05-04 12:41:04,7,15,15,0,"fit: 2, efit: 7","fit: 2, efit: 5",,,,0,0,0,0,1,,
2026-05-04 13:11:10,7,15,15,0,"fit: 2, efit: 7","fit: 2, efit: 6",,,,0,0,0,0,1,,
2026-05-04 13:26:13,7,15,15,0,"fit: 2, efit: 6","fit: 2, efit: 5",,,,0,0,0,0,1,,
2026-05-04 14:26:25,7,15,15,0,"fit: 2, efit: 5","fit: 2, efit: 4",,,,0,0,0,0,1,,
2026-05-04 14:26:28,7,15,15,0,"fit: 2, efit: 4","fit: 2, efit: 3",,,,0,0,0,0,1,,
2026-05-04 15:26:37,7,15,15,0,"fit: 2, efit: 5","fit: 2, efit: 4",,,,0,0,0,0,1,,
2026-05-04 15:31:38,7,15,15,0,"fit: 2, efit: 6","fit: 2, efit: 5",,,,0,0,0,0,1,,
2026-05-04 15:51:42,7,15,15,0,"fit: 2, efit: 4","fit: 2, efit: 3",,,,0,0,0,0,1,,
2026-05-04 17:01:57,7,15,15,0,"fit: 2, efit: 5","fit: 2, efit: 4",,,,0,0,0,0,1,,
2026-05-04 17:06:58,7,15,15,0,"fit: 2, efit: 6","fit: 2, efit: 5",,,,0,0,0,0,1,,
2026-05-04 17:21:59,7,15,15,0,"fit: 2, efit: 5","fit: 2, efit: 4",,,,0,0,0,0,1,,
2026-05-04 17:37:01,7,15,15,0,"fit: 2, efit: 6","fit: 2, efit: 5",,,,0,0,0,0,1,,
2026-05-04 17:42:01,7,15,15,0,"fit: 2, efit: 7","fit: 2, efit: 6",,,,0,0,0,0,1,,
2026-05-04 17:52:03,7,15,15,0,"fit: 2, efit: 9","fit: 2, efit: 8",,,,0,0,0,0,1,,
2026-05-04 18:07:05,7,15,15,0,"fit: 2, efit: 8","fit: 2, efit: 7",,,,0,0,0,0,1,,
2026-05-04 18:17:07,7,15,15,0,"fit: 2, efit: 7","fit: 2, efit: 6",,,,0,0,0,0,1,,
2026-05-04 18:37:12,7,15,15,0,"fit: 2, efit: 7","fit: 2, efit: 6",efit: 1,,,0,0,0,0,1,,
2026-05-04 18:47:14,7,15,15,0,"fit: 2, efit: 6","fit: 2, efit: 5",efit: 1,,,0,0,0,0,1,,
2026-05-04 19:22:21,7,15,15,0,"fit: 2, efit: 5","fit: 2, efit: 4",efit: 1,,,0,0,0,0,1,,
2026-05-04 19:27:22,7,15,15,0,"fit: 2, efit: 6","fit: 2, efit: 5",efit: 1,,,0,0,0,0,1,,
2026-05-04 19:47:26,7,15,15,0,"fit: 2, efit: 5","fit: 2, efit: 4",efit: 1,,,0,0,0,0,1,,
2026-05-04 19:57:28,7,15,15,0,"fit: 2, efit: 6","fit: 2, efit: 5",efit: 1,,,0,0,0,0,1,,
2026-05-04 20:57:41,7,15,15,0,"fit: 2, efit: 7","fit: 2, efit: 6",efit: 1,,,0,0,0,0,1,,
2026-05-04 21:02:41,7,15,15,0,"fit: 4, efit: 7","fit: 4, efit: 6",efit: 1,,,0,0,0,0,1,,
2026-05-04 21:22:46,7,15,15,0,"fit: 5, efit: 6","fit: 5, efit: 5",efit: 1,,,0,0,0,0,1,,
2026-05-04 21:32:48,7,15,15,0,"fit: 4, efit: 5","fit: 4, efit: 4",efit: 1,,,0,0,0,0,1,,
2026-05-04 22:22:58,7,15,15,0,"fit: 4, efit: 6","fit: 4, efit: 5",efit: 1,,,0,0,0,0,1,,
2026-05-04 23:48:14,7,15,15,0,"fit: 4, efit: 5","fit: 4, efit: 4",efit: 1,,,0,0,0,0,1,,
2026-05-05 00:03:17,7,15,15,0,"fit: 4, efit: 5","fit: 4, efit: 4",efit: 1,,,0,0,0,0,1,,
2026-05-05 00:08:18,7,15,15,0,"fit: 4, efit: 6","fit: 4, efit: 5",efit: 1,,,0,0,0,0,1,,
2026-05-05 06:48:58,7,15,15,0,"fit: 4, efit: 5","fit: 4, efit: 4",efit: 1,,,0,0,0,0,1,,
2026-05-05 07:03:59,7,15,15,0,"fit: 4, efit: 4","fit: 4, efit: 3",efit: 1,,,0,0,0,0,1,,
2026-05-05 07:09:00,7,15,15,0,"fit: 4, efit: 5","fit: 4, efit: 4",efit: 1,,,0,0,0,0,1,,
2026-05-05 07:14:01,7,15,15,0,"fit: 4, efit: 4","fit: 4, efit: 3",efit: 1,,,0,0,0,0,1,,
2026-05-05 07:29:03,7,15,15,0,"fit: 4, efit: 3","fit: 4, efit: 2",efit: 1,,,0,0,0,0,1,,
2026-05-05 07:44:06,7,15,15,0,"fit: 4, efit: 4","fit: 4, efit: 3",efit: 1,,,0,0,0,0,1,,
2026-05-05 08:09:11,7,15,15,0,"fit: 4, efit: 3","fit: 4, efit: 2",efit: 1,,,0,0,0,0,1,,
2026-05-05 08:14:12,7,15,15,0,"fit: 4, efit: 4","fit: 4, efit: 3",efit: 1,,,0,0,0,0,1,,
2026-05-05 08:19:13,7,15,15,0,"fit: 4, efit: 5","fit: 4, efit: 4",efit: 1,,,0,0,0,0,1,,
2026-05-05 08:24:14,7,15,15,0,"fit: 4, efit: 4","fit: 4, efit: 3",efit: 1,,,0,0,0,0,1,,
2026-05-05 08:34:16,7,15,15,0,"fit: 4, efit: 3","fit: 4, efit: 2",efit: 1,,,0,0,0,0,1,,
2026-05-05 08:57:27,7,15,15,0,"fit: 4, efit: 2","fit: 4, efit: 1",efit: 1,,,0,0,0,0,1,,
2026-05-05 09:07:30,7,15,15,0,"fit: 4, efit: 1",fit: 4,efit: 1,,,0,0,0,0,1,,
2026-05-05 10:02:40,7,15,15,0,"fit: 3, efit: 1",fit: 3,efit: 1,,,0,0,0,0,1,,
2026-05-05 10:08:11,7,15,15,0,"fit: 2, efit: 1",fit: 2,efit: 1,,,0,0,0,0,1,,
2026-05-05 11:12:54,7,15,15,0,"fit: 1, efit: 1",fit: 1,efit: 1,,,0,0,0,0,1,,
2026-05-05 11:58:03,7,15,15,0,"fit: 1, efit: 2","fit: 1, efit: 1",efit: 1,,,0,0,0,0,1,,
2026-05-05 12:53:13,7,15,15,0,"fit: 1, efit: 1",fit: 1,efit: 1,,,0,0,0,0,1,,
2026-05-05 14:03:27,7,15,15,0,efit: 1,,efit: 1,,,0,0,0,0,1,,
2026-05-05 14:18:56,7,15,15,0,,,,,,0,0,0,0,1,,
2026-05-05 14:23:31,7,15,15,0,efit: 1,efit: 1,,,,0,0,0,0,1,,
2026-05-05 14:33:33,7,15,15,0,,,,,,0,0,0,0,1,,
2026-05-05 14:58:38,7,15,15,0,efit: 1,efit: 1,,,,0,0,0,0,1,,
2026-05-05 16:38:57,7,15,15,0,efit: 2,efit: 2,,,,0,0,0,0,1,,
2026-05-05 16:48:59,7,15,15,0,efit: 3,efit: 3,,,,0,0,0,0,1,,
2026-05-05 16:59:01,7,15,15,0,efit: 2,efit: 2,,,,0,0,0,0,1,,
2026-05-05 17:39:09,7,15,15,0,efit: 3,efit: 3,,,,0,0,0,0,1,,
2026-05-05 17:44:10,7,15,15,0,efit: 4,efit: 4,,,,0,0,0,0,1,,
2026-05-05 17:54:12,7,15,15,0,efit: 5,efit: 5,,,,0,0,0,0,1,,
2026-05-05 18:09:15,7,15,15,0,efit: 6,efit: 6,,,,0,0,0,0,1,,
2026-05-05 18:24:53,7,15,15,0,efit: 5,efit: 5,,,,0,0,0,0,1,,
2026-05-05 18:49:22,7,15,15,0,efit: 6,efit: 6,,,,0,0,0,0,1,,
2026-05-05 20:44:47,7,15,15,0,efit: 8,efit: 8,,,,0,0,0,0,1,,
2026-05-05 21:29:55,7,15,15,0,efit: 9,efit: 9,,,,0,0,0,0,1,,
2026-05-05 21:34:56,7,15,15,0,efit: 10,efit: 10,,,,0,0,0,0,1,,
2026-05-05 22:35:09,7,15,15,0,efit: 9,efit: 9,,,,0,0,0,0,1,,
2026-05-05 23:35:37,7,15,15,0,efit: 8,efit: 8,,,,0,0,0,0,1,,
2026-05-05 23:35:57,7,15,15,0,efit: 7,efit: 7,,,,0,0,0,0,1,,
2026-05-05 23:40:58,7,15,15,0,efit: 8,efit: 8,,,,0,0,0,0,1,,
2026-05-05 23:45:22,7,15,15,0,efit: 9,efit: 9,,,,0,0,0,0,1,,
2026-05-06 00:00:25,7,15,15,0,efit: 9,efit: 9,,,,0,0,0,0,1,,
2026-05-06 06:51:41,7,15,15,0,efit: 8,efit: 8,,,,0,0,0,0,1,,
2026-05-06 07:46:51,7,15,15,0,efit: 9,efit: 9,,,,0,0,0,0,1,,
2026-05-06 08:32:00,7,15,15,0,efit: 8,efit: 8,,,,0,0,0,0,1,,
2026-05-06 08:32:42,7,15,15,0,efit: 7,efit: 7,,,,0,0,0,0,1,,
2026-05-06 10:06:33,7,15,15,0,efit: 6,efit: 6,,,,0,0,0,0,1,,
2026-05-06 11:26:48,7,15,15,0,efit: 5,efit: 5,,,,0,0,0,0,1,,
2026-05-06 11:46:52,7,15,15,0,efit: 6,efit: 6,,,,0,0,0,0,1,,
2026-05-06 11:48:21,7,15,15,0,efit: 5,efit: 5,,,,0,0,0,0,1,,
2026-05-06 12:01:54,7,15,15,0,efit: 4,efit: 4,,,,0,0,0,0,1,,
2026-05-06 12:42:01,7,15,15,0,efit: 3,efit: 3,,,,0,0,0,0,1,,
2026-05-06 13:32:10,7,15,15,0,efit: 2,efit: 2,,,,0,0,0,0,1,,
2026-05-06 14:43:11,7,15,15,0,efit: 1,efit: 1,,,,0,0,0,0,1,,
2026-05-06 14:43:56,7,15,15,0,,,,,,0,0,0,0,1,,
2026-05-06 15:17:28,7,15,15,0,"fit: 1, efit: 4","fit: 1, efit: 4",,,,0,0,0,0,1,,
2026-05-06 15:55:21,7,15,15,0,"fit: 1, efit: 5","fit: 1, efit: 5",,,,0,0,0,0,1,,
2026-05-06 16:00:22,7,15,15,0,"fit: 1, efit: 6","fit: 1, efit: 6",,,,0,0,0,0,1,,
2026-05-06 16:10:23,7,15,15,0,"fit: 1, efit: 5","fit: 1, efit: 5",,,,0,0,0,0,1,,
2026-05-06 16:35:27,7,15,15,0,efit: 4,efit: 4,,,,0,0,0,0,1,,
2026-05-06 16:50:29,7,15,15,0,efit: 5,efit: 5,,,,0,0,0,0,1,,
2026-05-06 17:05:32,7,15,15,0,efit: 5,efit: 4,efit: 1,,,0,0,0,0,1,,
2026-05-06 17:15:34,7,15,15,0,efit: 4,efit: 3,efit: 1,,,0,0,0,0,1,,
2026-05-06 17:30:36,7,15,15,0,efit: 6,efit: 5,efit: 1,,,0,0,0,0,1,,
2026-05-06 18:26:31,7,15,15,0,efit: 6,efit: 6,,,,0,0,0,0,1,,
2026-05-06 18:30:45,7,15,15,0,efit: 6,efit: 5,efit: 1,,,0,0,0,0,1,,
2026-05-06 18:35:46,7,15,15,0,efit: 4,efit: 3,efit: 1,,,0,0,0,0,1,,
2026-05-06 18:36:33,7,15,15,0,efit: 3,efit: 2,efit: 1,,,0,0,0,0,1,,
2026-05-06 18:45:48,7,15,15,0,efit: 4,efit: 3,efit: 1,,,0,0,0,0,1,,
2026-05-06 19:15:52,7,15,15,0,efit: 2,efit: 1,efit: 1,,,0,0,0,0,1,,
2026-05-06 19:16:02,7,15,15,0,efit: 2,efit: 2,,,,0,0,0,0,1,,
2026-05-06 19:20:53,7,15,15,0,efit: 1,efit: 1,,,,0,0,0,0,1,,
2026-05-06 19:35:55,7,15,15,0,efit: 1,,efit: 1,,,0,0,0,0,1,,
2026-05-06 19:45:57,7,15,15,0,efit: 1,efit: 1,,,,0,0,0,0,1,,
2026-05-06 19:50:58,7,15,15,0,efit: 3,efit: 3,,,,0,0,0,0,1,,
2026-05-06 20:16:03,7,15,15,0,"fit: 1, efit: 3","fit: 1, efit: 3",,,,0,0,0,0,1,,
2026-05-06 20:21:03,7,15,15,0,"fit: 1, efit: 2","fit: 1, efit: 2",,,,0,0,0,0,1,,
2026-05-06 20:36:06,7,15,15,0,"fit: 1, efit: 1","fit: 1, efit: 1",,,,0,0,0,0,1,,
2026-05-06 21:46:17,7,15,15,0,"fit: 1, efit: 2","fit: 1, efit: 2",,,,0,0,0,0,1,,
2026-05-06 22:36:24,7,15,15,0,"fit: 1, efit: 3","fit: 1, efit: 3",,,,0,0,0,0,1,,
2026-05-07 00:01:37,7,15,15,0,"fit: 1, efit: 3","fit: 1, efit: 3",,,,0,0,0,0,1,,
2026-05-07 06:07:31,7,15,15,0,"fit: 1, efit: 4","fit: 1, efit: 4",,,,0,0,0,0,1,,
2026-05-07 06:47:37,7,15,15,0,"fit: 1, efit: 3","fit: 1, efit: 3",,,,0,0,0,0,1,,
2026-05-07 06:57:39,7,15,15,0,"fit: 1, efit: 2","fit: 1, efit: 2",,,,0,0,0,0,1,,
2026-05-07 07:02:39,7,15,15,0,"fit: 1, efit: 3","fit: 1, efit: 3",,,,0,0,0,0,1,,
2026-05-07 07:07:40,7,15,15,0,"fit: 1, efit: 4","fit: 1, efit: 4",,,,0,0,0,0,1,,
2026-05-07 07:47:46,7,15,15,0,"fit: 1, efit: 5","fit: 1, efit: 5",,,,0,0,0,0,1,,
2026-05-07 07:53:43,7,15,15,0,"fit: 1, efit: 4","fit: 1, efit: 4",,,,0,0,0,0,1,,
2026-05-07 08:22:51,7,15,15,0,"fit: 1, efit: 3","fit: 1, efit: 3",,,,0,0,0,0,1,,
2026-05-07 08:33:38,7,15,15,0,"fit: 1, efit: 2","fit: 1, efit: 2",,,,0,0,0,0,1,,
2026-05-07 08:33:49,7,15,15,0,"fit: 1, efit: 1","fit: 1, efit: 1",,,,0,0,0,0,1,,
2026-05-07 09:18:00,7,15,15,0,fit: 1,fit: 1,,,,0,0,0,0,1,,
2026-05-07 09:44:01,7,15,15,0,,,,,,0,0,0,0,1,,
2026-05-07 10:13:08,7,15,15,0,efit: 1,efit: 1,,,,0,0,0,0,1,,
2026-05-07 10:43:13,7,15,15,0,,,,,,0,0,0,0,1,,
2026-05-07 10:48:14,7,15,15,0,efit: 2,efit: 2,,,,0,0,0,0,1,,
2026-05-07 10:53:14,7,15,15,0,"fit: 2, efit: 4","fit: 2, efit: 4",,,,0,0,0,0,1,,
2026-05-07 11:13:17,7,15,15,0,"fit: 2, efit: 3","fit: 2, efit: 3",,,,0,0,0,0,1,,
2026-05-07 11:53:23,7,15,15,0,"fit: 2, efit: 2","fit: 2, efit: 2",,,,0,0,0,0,1,,
2026-05-07 12:23:28,7,15,15,0,"fit: 2, efit: 1","fit: 2, efit: 1",,,,0,0,0,0,1,,
2026-05-07 13:03:34,7,15,15,0,"fit: 2, efit: 2","fit: 2, efit: 2",,,,0,0,0,0,1,,
2026-05-07 13:08:34,7,15,15,0,"fit: 3, efit: 2","fit: 3, efit: 2",,,,0,0,0,0,1,,
2026-05-07 13:13:35,7,15,15,0,"fit: 3, efit: 1","fit: 3, efit: 1",,,,0,0,0,0,1,,
2026-05-07 13:18:36,7,15,15,0,fit: 3,fit: 3,,,,0,0,0,0,1,,
2026-05-07 14:03:42,7,15,15,0,"fit: 3, efit: 1","fit: 3, efit: 1",,,,0,0,0,0,1,,
2026-05-07 14:48:49,7,15,15,0,fit: 3,fit: 3,,,,0,0,0,0,1,,
2026-05-07 15:23:54,7,15,15,0,"fit: 3, efit: 1","fit: 3, efit: 1",,,,0,0,0,0,1,,
2026-05-07 15:44:55,7,15,15,0,fit: 3,fit: 3,,,,0,0,0,0,1,,
2026-05-07 16:24:04,7,15,15,0,fit: 2,fit: 2,,,,0,0,0,0,1,,
2026-05-07 16:29:04,7,15,15,0,fit: 3,fit: 3,,,,0,0,0,0,1,,
2026-05-07 16:59:09,7,15,15,0,"fit: 3, efit: 1","fit: 3, efit: 1",,,,0,0,0,0,1,,
2026-05-07 17:19:12,7,15,15,0,"fit: 3, efit: 2","fit: 3, efit: 2",,,,0,0,0,0,1,,
2026-05-07 17:25:12,7,15,15,0,"fit: 3, efit: 4","fit: 3, efit: 4",,,,0,0,0,0,1,,
2026-05-07 17:29:14,7,15,15,0,"fit: 3, efit: 3","fit: 3, efit: 3",,,,0,0,0,0,1,,
2026-05-07 17:35:13,7,15,15,0,"fit: 3, efit: 4","fit: 3, efit: 4",,,,0,0,0,0,1,,
2026-05-07 18:04:20,7,15,15,0,"fit: 3, efit: 5","fit: 3, efit: 5",,,,0,0,0,0,1,,
2026-05-07 18:14:21,7,15,15,0,"fit: 4, efit: 4","fit: 4, efit: 4",,,,0,0,0,0,1,,
2026-05-07 18:20:21,7,15,15,0,"fit: 4, efit: 3","fit: 4, efit: 3",,,,0,0,0,0,1,,
2026-05-07 18:49:27,7,15,15,0,"fit: 4, efit: 4","fit: 4, efit: 4",,,,0,0,0,0,1,,
2026-05-07 18:50:26,7,15,15,0,"fit: 4, efit: 6","fit: 4, efit: 6",,,,0,0,0,0,1,,
2026-05-07 18:54:28,7,15,15,0,"fit: 4, efit: 5","fit: 4, efit: 5",,,,0,0,0,0,1,,
2026-05-07 21:54:56,7,15,15,0,"fit: 4, efit: 6","fit: 4, efit: 6",,,,0,0,0,0,1,,
2026-05-07 22:16:01,7,15,15,0,"fit: 4, efit: 5","fit: 4, efit: 5",,,,0,0,0,0,1,,
2026-05-07 22:20:00,7,15,15,0,"fit: 4, efit: 6","fit: 4, efit: 6",,,,0,0,0,0,1,,
2026-05-07 22:30:02,7,15,15,0,"fit: 4, efit: 7","fit: 4, efit: 7",,,,0,0,0,0,1,,
2026-05-08 00:00:16,7,15,15,0,"fit: 4, efit: 7","fit: 4, efit: 7",,,,0,0,0,0,1,,
2026-05-08 00:15:19,7,15,15,0,"fit: 4, efit: 6","fit: 4, efit: 6",,,,0,0,0,0,1,,
2026-05-08 00:30:21,7,15,15,0,"fit: 4, efit: 7","fit: 4, efit: 7",,,,0,0,0,0,1,,
2026-05-08 06:23:17,7,15,15,0,"fit: 4, efit: 8","fit: 4, efit: 8",,,,0,0,0,0,1,,
2026-05-08 06:26:22,7,15,15,0,"fit: 4, efit: 7","fit: 4, efit: 7",,,,0,0,0,0,1,,
2026-05-08 06:31:23,7,15,15,0,"fit: 4, efit: 6","fit: 4, efit: 6",,,,0,0,0,0,1,,
2026-05-08 07:02:21,7,15,15,0,"fit: 4, efit: 5","fit: 4, efit: 5",,,,0,0,0,0,1,,
2026-05-08 07:06:30,7,15,15,0,"fit: 4, efit: 6","fit: 4, efit: 6",,,,0,0,0,0,1,,
2026-05-08 07:11:31,7,15,15,0,"fit: 4, efit: 7","fit: 4, efit: 7",,,,0,0,0,0,1,,
2026-05-08 07:21:32,7,15,15,0,"fit: 4, efit: 6","fit: 4, efit: 6",,,,0,0,0,0,1,,
2026-05-08 07:31:34,7,15,15,0,"fit: 4, efit: 7","fit: 4, efit: 7",,,,0,0,0,0,1,,
2026-05-08 07:52:29,7,15,15,0,"fit: 4, efit: 6","fit: 4, efit: 6",,,,0,0,0,0,1,,
2026-05-08 09:08:57,7,15,15,0,"fit: 4, efit: 5","fit: 4, efit: 5",,,,0,0,0,0,1,,
2026-05-08 09:26:55,7,15,15,0,"fit: 4, efit: 4","fit: 4, efit: 4",,,,0,0,0,0,1,,
2026-05-08 09:29:02,7,15,15,0,"fit: 4, efit: 3","fit: 4, efit: 3",,,,0,0,0,0,1,,
2026-05-08 09:51:59,7,15,15,0,"fit: 4, efit: 2","fit: 4, efit: 2",,,,0,0,0,0,1,,
2026-05-08 11:03:00,7,15,15,0,"fit: 4, efit: 1","fit: 4, efit: 1",,,,0,0,0,0,1,,
2026-05-08 11:37:18,7,15,15,0,fit: 4,fit: 4,,,,0,0,0,0,1,,
2026-05-08 13:08:21,7,15,15,0,"fit: 4, efit: 1","fit: 4, efit: 1",,,,0,0,0,0,1,,
2026-05-08 13:45:05,7,15,15,0,"fit: 4, efit: 2","fit: 4, efit: 2",,,,0,0,0,0,1,,
2026-05-08 14:10:11,7,15,15,0,"fit: 4, efit: 1","fit: 4, efit: 1",,,,0,0,0,0,1,,
2026-05-08 14:28:35,7,15,15,0,fit: 4,fit: 4,,,,0,0,0,0,1,,
2026-05-08 15:33:45,7,15,15,0,fit: 3,fit: 3,,,,0,0,0,0,1,,
2026-05-08 15:35:33,7,15,15,0,"fit: 3, efit: 1","fit: 3, efit: 1",,,,0,0,0,0,1,,
2026-05-08 16:15:43,7,15,15,0,fit: 3,fit: 3,,,,0,0,0,0,1,,
2026-05-08 17:26:02,7,15,15,0,"fit: 3, efit: 1","fit: 3, efit: 1",,,,0,0,0,0,1,,
2026-05-08 18:59:19,7,15,15,0,fit: 3,fit: 3,,,,0,0,0,0,1,,
2026-05-08 19:11:28,7,15,15,0,"fit: 3, efit: 1","fit: 3, efit: 1",,,,0,0,0,0,1,,
2026-05-08 19:38:47,7,15,15,0,"fit: 3, efit: 2","fit: 3, efit: 2",,,,0,0,0,0,1,,
2026-05-08 19:49:27,7,15,15,0,"fit: 3, efit: 1","fit: 3, efit: 1",,,,0,0,0,0,1,,
2026-05-08 20:36:49,7,15,15,0,"fit: 3, efit: 2","fit: 3, efit: 2",,,,0,0,0,0,1,,
2026-05-08 20:41:50,7,15,15,0,"fit: 3, efit: 4","fit: 3, efit: 4",,,,0,0,0,0,1,,
2026-05-08 21:16:59,7,15,15,0,"fit: 3, efit: 3","fit: 3, efit: 3",,,,0,0,0,0,1,,
2026-05-08 21:32:03,7,15,15,0,"fit: 3, efit: 4","fit: 3, efit: 4",,,,0,0,0,0,1,,
2026-05-08 21:57:09,7,15,15,0,"fit: 3, efit: 5","fit: 3, efit: 5",,,,0,0,0,0,1,,
2026-05-09 00:00:07,7,15,15,0,"fit: 3, efit: 5","fit: 3, efit: 5",,,,0,0,0,0,1,,
2026-05-09 07:24:24,7,15,15,0,"fit: 3, efit: 4","fit: 3, efit: 4",,,,0,0,0,0,1,,
2026-05-09 08:14:36,7,15,15,0,"fit: 3, efit: 5","fit: 3, efit: 5",,,,0,0,0,0,1,,
2026-05-09 11:00:16,7,15,15,0,"fit: 2, efit: 5","fit: 2, efit: 5",,,,0,0,0,0,1,,
2026-05-09 12:00:32,7,15,15,0,"fit: 2, efit: 6","fit: 2, efit: 6",,,,0,0,0,0,1,,
2026-05-09 12:10:35,7,15,15,0,"fit: 2, efit: 4","fit: 2, efit: 4",,,,0,0,0,0,1,,
2026-05-09 12:25:39,7,15,15,0,"fit: 2, efit: 3","fit: 2, efit: 3",,,,0,0,0,0,1,,
2026-05-09 12:35:41,7,15,15,0,"fit: 2, efit: 2","fit: 2, efit: 2",,,,0,0,0,0,1,,
2026-05-09 13:05:49,7,15,15,0,"fit: 2, efit: 3","fit: 2, efit: 3",,,,0,0,0,0,1,,
2026-05-09 13:06:52,7,15,15,0,"fit: 2, efit: 2","fit: 2, efit: 2",,,,0,0,0,0,1,,
2026-05-09 13:56:02,7,15,15,0,"fit: 2, efit: 1","fit: 2, efit: 1",,,,0,0,0,0,1,,
2026-05-09 14:02:02,7,15,15,0,"fit: 2, efit: 2","fit: 2, efit: 2",,,,0,0,0,0,1,,
2026-05-09 14:11:06,7,15,15,0,"fit: 2, efit: 4","fit: 2, efit: 4",,,,0,0,0,0,1,,
2026-05-09 14:16:07,7,15,15,0,"fit: 2, efit: 5","fit: 2, efit: 5",,,,0,0,0,0,1,,
2026-05-09 14:17:04,7,15,15,0,"fit: 2, efit: 3","fit: 2, efit: 3",,,,0,0,0,0,1,,
2026-05-09 14:36:12,7,15,15,0,"fit: 2, efit: 4","fit: 2, efit: 4",,,,0,0,0,0,1,,
2026-05-09 14:37:08,7,15,15,0,"fit: 2, efit: 5","fit: 2, efit: 5",,,,0,0,0,0,1,,
2026-05-09 15:02:12,7,15,15,0,"fit: 2, efit: 4","fit: 2, efit: 4",,,,0,0,0,0,1,,
2026-05-09 15:06:19,7,15,15,0,"fit: 3, efit: 4","fit: 3, efit: 4",,,,0,0,0,0,1,,
2026-05-09 15:11:20,7,15,15,0,"fit: 3, efit: 3","fit: 3, efit: 3",,,,0,0,0,0,1,,
2026-05-09 16:01:33,7,15,15,0,"fit: 3, efit: 2","fit: 3, efit: 2",,,,0,0,0,0,1,,
2026-05-09 18:37:12,7,15,15,0,"fit: 3, efit: 1","fit: 3, efit: 1",,,,0,0,0,0,1,,
2026-05-09 18:42:13,7,15,15,0,fit: 3,fit: 3,,,,0,0,0,0,1,,
2026-05-09 18:53:06,7,15,15,0,"fit: 3, efit: 1","fit: 3, efit: 1",,,,0,0,0,0,1,,
2026-05-09 19:02:55,7,15,15,0,fit: 3,fit: 3,,,,0,0,0,0,1,,
2026-05-09 19:12:20,7,15,15,0,"fit: 3, efit: 3","fit: 3, efit: 3",,,,0,0,0,0,1,,
2026-05-09 19:42:28,7,15,15,0,"fit: 3, efit: 4","fit: 3, efit: 4",,,,0,0,0,0,1,,
2026-05-09 20:42:42,7,15,15,0,"fit: 4, efit: 3","fit: 4, efit: 3",,,,0,0,0,0,1,,
2026-05-09 22:18:06,7,15,15,0,"fit: 4, efit: 2","fit: 4, efit: 2",,,,0,0,0,0,1,,
2026-05-10 00:03:30,7,15,15,0,"fit: 4, efit: 3","fit: 4, efit: 3",,,,0,0,0,0,1,,
2026-05-10 00:43:40,7,15,15,0,"fit: 4, efit: 4","fit: 4, efit: 4",,,,0,0,0,0,1,,
2026-05-10 10:05:46,7,15,15,0,"fit: 4, efit: 3","fit: 4, efit: 3",,,,0,0,0,0,1,,
2026-05-10 11:20:27,7,15,15,0,"fit: 4, efit: 2","fit: 4, efit: 2",,,,0,0,0,0,1,,
2026-05-10 11:55:32,7,15,15,0,"fit: 4, efit: 3","fit: 4, efit: 3",,,,0,0,0,0,1,,
2026-05-10 13:11:33,7,15,15,0,"fit: 4, efit: 2","fit: 4, efit: 2",,,,0,0,0,0,1,,
2026-05-10 13:35:49,7,15,15,0,"fit: 4, efit: 1","fit: 4, efit: 1",,,,0,0,0,0,1,,
2026-05-10 13:40:50,7,15,15,0,fit: 4,fit: 4,,,,0,0,0,0,1,,
2026-05-10 14:30:58,7,15,15,0,fit: 3,fit: 3,,,,0,0,0,0,1,,
2026-05-10 15:26:07,7,15,15,0,"fit: 3, efit: 1","fit: 3, efit: 1",,,,0,0,0,0,1,,
2026-05-10 15:36:08,7,15,15,0,"fit: 3, efit: 2","fit: 3, efit: 2",,,,0,0,0,0,1,,
2026-05-10 15:41:09,7,15,15,0,"fit: 3, efit: 1","fit: 3, efit: 1",,,,0,0,0,0,1,,
2026-05-10 16:21:16,7,15,15,0,"fit: 3, efit: 2","fit: 3, efit: 2",,,,0,0,0,0,1,,
2026-05-10 16:22:21,7,15,15,0,"fit: 2, efit: 1","fit: 2, efit: 1",,,,0,0,0,0,1,,
2026-05-10 16:26:17,7,15,15,0,"fit: 1, efit: 1","fit: 1, efit: 1",,,,0,0,0,0,1,,
2026-05-10 17:26:27,7,15,15,0,"fit: 1, efit: 2","fit: 1, efit: 2",,,,0,0,0,0,1,,
2026-05-10 18:31:37,7,15,15,0,"fit: 1, efit: 3","fit: 1, efit: 3",,,,0,0,0,0,1,,
2026-05-10 19:06:43,7,15,15,0,"fit: 1, efit: 2","fit: 1, efit: 2",,,,0,0,0,0,1,,
2026-05-10 19:31:47,7,15,15,0,"fit: 1, efit: 1","fit: 1, efit: 1",,,,0,0,0,0,1,,
2026-05-10 19:51:51,7,15,15,0,"fit: 1, efit: 2","fit: 1, efit: 2",,,,0,0,0,0,1,,
2026-05-10 19:56:52,7,15,15,0,"fit: 1, efit: 1","fit: 1, efit: 1",,,,0,0,0,0,1,,
2026-05-10 21:17:05,7,15,15,0,"fit: 1, efit: 2","fit: 1, efit: 2",,,,0,0,0,0,1,,
2026-05-11 00:02:30,7,15,15,0,"fit: 1, efit: 2","fit: 1, efit: 2",,,,0,0,0,0,1,,
2026-05-11 07:38:40,7,15,15,0,"fit: 1, efit: 3","fit: 1, efit: 3",,,,0,0,0,0,1,,
2026-05-11 07:53:43,7,15,15,0,"fit: 2, efit: 1","fit: 2, efit: 1",,,,0,0,0,0,1,,
2026-05-11 08:08:45,7,15,15,0,"fit: 2, efit: 2","fit: 2, efit: 2",,,,0,0,0,0,1,,
2026-05-11 09:23:57,7,15,15,0,"fit: 2, efit: 1","fit: 2, efit: 1",,,,0,0,0,0,1,,
2026-05-11 09:39:29,7,15,15,0,fit: 2,fit: 2,,,,0,0,0,0,1,,
2026-05-11 09:51:36,7,15,15,0,fit: 1,fit: 1,,,,0,0,0,0,1,,
2026-05-11 11:34:18,7,15,15,0,,,,,,0,0,0,0,1,,
2026-05-11 14:02:42,7,15,15,0,efit: 1,efit: 1,,,,0,0,0,0,1,,
2026-05-11 14:44:49,7,15,15,0,"fit: 1, efit: 3","fit: 1, efit: 3",,,,0,0,0,0,1,,
2026-05-11 14:45:25,7,15,15,0,"fit: 1, efit: 4","fit: 1, efit: 4",,,,0,0,0,0,1,,
2026-05-11 14:47:54,7,15,15,0,"fit: 2, efit: 5","fit: 2, efit: 5",,,,0,0,0,0,1,,
2026-05-11 14:57:56,7,15,15,0,"fit: 2, efit: 6","fit: 2, efit: 6",,,,0,0,0,0,1,,
2026-05-11 16:05:03,7,15,15,0,"fit: 2, efit: 5","fit: 2, efit: 5",,,,0,0,0,0,1,,
2026-05-11 16:23:17,7,15,15,0,"fit: 2, efit: 6","fit: 2, efit: 6",,,,0,0,0,0,1,,
2026-05-11 16:33:19,7,15,15,0,"fit: 2, efit: 7","fit: 2, efit: 7",,,,0,0,0,0,1,,
2026-05-11 16:35:45,7,15,15,0,"fit: 1, efit: 7","fit: 1, efit: 7",,,,0,0,0,0,1,,
2026-05-11 16:43:22,7,15,15,0,"fit: 1, efit: 6","fit: 1, efit: 6",,,,0,0,0,0,1,,
2026-05-11 16:48:23,7,15,15,0,"fit: 1, efit: 7","fit: 1, efit: 7",,,,0,0,0,0,1,,
2026-05-11 16:55:48,7,15,15,0,"fit: 1, efit: 6","fit: 1, efit: 6",,,,0,0,0,0,1,,
2026-05-11 17:38:35,7,15,15,0,"fit: 1, efit: 5","fit: 1, efit: 5",,,,0,0,0,0,1,,
2026-05-11 17:40:19,7,15,15,0,"fit: 1, efit: 6","fit: 1, efit: 6",,,,0,0,0,0,1,,
2026-05-11 18:13:43,7,15,15,0,"fit: 1, efit: 5","fit: 1, efit: 5",,,,0,0,0,0,1,,
2026-05-11 18:15:25,7,15,15,0,"fit: 1, efit: 4","fit: 1, efit: 4",,,,0,0,0,0,1,,
2026-05-11 19:18:58,7,15,15,0,"fit: 1, efit: 3","fit: 1, efit: 3",,,,0,0,0,0,1,,
2026-05-11 19:30:38,7,15,15,0,efit: 3,efit: 3,,,,0,0,0,0,1,,
2026-05-11 19:54:06,7,15,15,0,efit: 4,efit: 4,,,,0,0,0,0,1,,
2026-05-11 19:56:21,7,15,15,0,efit: 3,efit: 3,,,,0,0,0,0,1,,
2026-05-11 20:15:45,7,15,15,0,efit: 4,efit: 4,,,,0,0,0,0,1,,
2026-05-11 21:34:27,7,15,15,0,efit: 5,efit: 5,,,,0,0,0,0,1,,
2026-05-11 23:41:17,7,15,15,0,"fit: 1, efit: 5","fit: 1, efit: 5",,,,0,0,0,0,1,,
2026-05-12 00:01:20,7,15,15,0,"fit: 1, efit: 5","fit: 1, efit: 5",,,,0,0,0,0,1,,
2026-05-12 02:07:25,7,15,15,0,"fit: 1, efit: 4","fit: 1, efit: 4",,,,0,0,0,0,1,,
2026-05-12 02:15:25,7,15,15,0,"fit: 1, efit: 5","fit: 1, efit: 5",,,,0,0,0,0,1,,
2026-05-12 06:43:12,7,15,15,0,"fit: 1, efit: 4","fit: 1, efit: 4",,,,0,0,0,0,1,,
2026-05-12 06:46:22,7,15,15,0,"fit: 1, efit: 2","fit: 1, efit: 2",,,,0,0,0,0,1,,
2026-05-12 07:12:25,7,15,15,0,"fit: 1, efit: 3","fit: 1, efit: 2",efit: 1,,,0,0,0,0,1,,
2026-05-12 07:38:21,7,15,15,0,"fit: 1, efit: 4","fit: 1, efit: 3",efit: 1,,,0,0,0,0,1,,
2026-05-12 08:23:28,7,15,15,0,"fit: 1, efit: 3","fit: 1, efit: 2",efit: 1,,,0,0,0,0,1,,
2026-05-12 08:33:29,7,15,15,0,"fit: 1, efit: 2","fit: 1, efit: 1",efit: 1,,,0,0,0,0,1,,
2026-05-12 08:43:31,7,15,15,0,"fit: 1, efit: 1",fit: 1,efit: 1,,,0,0,0,0,1,,
2026-05-12 09:21:55,7,15,15,0,"fit: 1, efit: 2","fit: 1, efit: 1",efit: 1,,,0,0,0,0,1,,
2026-05-12 09:22:46,7,15,15,0,"fit: 1, efit: 3","fit: 1, efit: 2",efit: 1,,,0,0,0,0,1,,
2026-05-12 09:52:51,7,15,15,0,"fit: 1, efit: 2","fit: 1, efit: 1",efit: 1,,,0,0,0,0,1,,
2026-05-12 10:02:04,7,15,15,0,"fit: 1, efit: 1",fit: 1,efit: 1,,,0,0,0,0,1,,
2026-05-12 10:02:53,7,15,15,0,efit: 1,,efit: 1,,,0,0,0,0,1,,
2026-05-12 10:17:07,7,15,15,0,"fit: 1, efit: 1",fit: 1,efit: 1,,,0,0,0,0,1,,
2026-05-12 11:27:22,7,15,15,0,efit: 1,efit: 1,,,,0,0,0,0,1,,
2026-05-12 11:28:06,7,15,15,0,"fit: 1, efit: 1","fit: 1, efit: 1",,,,0,0,0,0,1,,
2026-05-12 11:38:59,7,15,15,0,"fit: 1, efit: 2","fit: 1, efit: 2",,,,0,0,0,0,1,,
2026-05-12 11:57:28,7,15,15,0,"fit: 1, efit: 1","fit: 1, efit: 1",,,,0,0,0,0,1,,
2026-05-12 13:17:46,7,15,15,0,fit: 1,fit: 1,,,,0,0,0,0,1,,
2026-05-12 13:34:59,7,15,15,0,,,,,,0,0,0,0,1,,
2026-05-12 13:50:02,7,15,15,0,efit: 1,efit: 1,,,,0,0,0,0,1,,
2026-05-12 14:00:04,7,15,15,0,efit: 2,efit: 2,,,,0,0,0,0,1,,
2026-05-12 14:25:41,7,15,15,0,efit: 3,efit: 3,,,,0,0,0,0,1,,
2026-05-12 15:40:24,7,15,15,0,efit: 4,efit: 4,,,,0,0,0,0,1,,
2026-05-12 16:10:30,7,15,15,0,efit: 3,efit: 3,,,,0,0,0,0,1,,
2026-05-12 16:23:58,7,15,15,0,efit: 4,efit: 4,,,,0,0,0,0,1,,
2026-05-12 16:55:39,7,15,15,0,efit: 3,efit: 3,,,,0,0,0,0,1,,
2026-05-12 17:04:07,7,15,15,0,efit: 4,efit: 4,,,,0,0,0,0,1,,
2026-05-12 17:49:16,7,15,15,0,efit: 3,efit: 3,,,,0,0,0,0,1,,
2026-05-12 17:50:50,7,15,15,0,"fit: 1, efit: 3","fit: 1, efit: 3",,,,0,0,0,0,1,,
2026-05-12 17:54:17,7,15,15,0,"fit: 1, efit: 2","fit: 1, efit: 2",,,,0,0,0,0,1,,
2026-05-12 18:24:23,7,15,15,0,"fit: 1, efit: 3","fit: 1, efit: 3",,,,0,0,0,0,1,,
2026-05-12 18:40:56,7,15,15,0,"fit: 1, efit: 2","fit: 1, efit: 2",,,,0,0,0,0,1,,
2026-05-12 18:49:29,7,15,15,0,"fit: 1, efit: 1","fit: 1, efit: 1",,,,0,0,0,0,1,,
2026-05-12 18:59:31,7,15,15,0,fit: 1,fit: 1,,,,0,0,0,0,1,,
2026-05-12 19:09:32,7,15,15,0,,,,,,0,0,0,0,1,,
2026-05-12 19:34:37,7,15,15,0,"fit: 1, efit: 1","fit: 1, efit: 1",,,,0,0,0,0,1,,
2026-05-12 19:54:41,7,15,15,0,"fit: 1, efit: 2","fit: 1, efit: 2",,,,0,0,0,0,1,,
2026-05-12 19:59:42,7,15,15,0,"fit: 3, efit: 4","fit: 3, efit: 4",,,,0,0,0,0,1,,
2026-05-12 20:51:19,7,15,15,0,"fit: 4, efit: 4","fit: 4, efit: 4",,,,0,0,0,0,1,,
2026-05-13 00:00:29,7,15,15,0,"fit: 4, efit: 4","fit: 4, efit: 4",,,,0,0,0,0,1,,
2026-05-13 05:16:28,7,15,15,0,"fit: 4, efit: 3","fit: 4, efit: 3",,,,0,0,0,0,1,,
2026-05-13 05:26:30,7,15,15,0,"fit: 4, efit: 4","fit: 4, efit: 4",,,,0,0,0,0,1,,
2026-05-13 06:32:56,7,15,15,0,"fit: 4, efit: 3","fit: 4, efit: 3",,,,0,0,0,0,1,,
2026-05-13 06:47:58,7,15,15,0,"fit: 4, efit: 4","fit: 4, efit: 4",,,,0,0,0,0,1,,
2026-05-13 07:11:50,7,15,15,0,"fit: 4, efit: 5","fit: 4, efit: 5",,,,0,0,0,0,1,,
2026-05-13 07:41:55,7,15,15,0,"fit: 4, efit: 6","fit: 4, efit: 6",,,,0,0,0,0,1,,
2026-05-13 08:08:28,7,15,15,0,"fit: 4, efit: 5","fit: 4, efit: 5",,,,0,0,0,0,1,,
2026-05-13 08:32:05,7,15,15,0,"fit: 3, efit: 5","fit: 3, efit: 5",,,,0,0,0,0,1,,
2026-05-13 08:33:16,7,15,15,0,"fit: 4, efit: 4","fit: 4, efit: 4",,,,0,0,0,0,1,,
2026-05-13 08:38:17,7,15,15,0,"fit: 4, efit: 3","fit: 4, efit: 3",,,,0,0,0,0,1,,
2026-05-13 09:33:46,7,15,15,0,"fit: 4, efit: 2","fit: 4, efit: 2",,,,0,0,0,0,1,,
2026-05-13 10:07:24,7,15,15,0,"fit: 4, efit: 1","fit: 4, efit: 1",,,,0,0,0,0,1,,
2026-05-13 10:12:25,7,15,15,0,"fit: 4, efit: 2","fit: 4, efit: 2",,,,0,0,0,0,1,,
2026-05-13 10:37:30,7,15,15,0,"fit: 4, efit: 3","fit: 4, efit: 3",,,,0,0,0,0,1,,
2026-05-13 10:49:01,7,15,15,0,"fit: 4, efit: 2","fit: 4, efit: 2",,,,0,0,0,0,1,,
2026-05-13 12:13:54,7,15,15,0,"fit: 4, efit: 1","fit: 4, efit: 1",,,,0,0,0,0,1,,
2026-05-13 13:53:09,7,15,15,0,"fit: 4, efit: 2","fit: 4, efit: 2",,,,0,0,0,0,1,,
2026-05-13 14:48:20,7,15,15,0,"fit: 4, efit: 3","fit: 4, efit: 3",,,,0,0,0,0,1,,
2026-05-13 15:23:26,7,15,15,0,"fit: 4, efit: 4","fit: 4, efit: 4",,,,0,0,0,0,1,,
2026-05-13 15:28:27,7,15,15,0,"fit: 4, efit: 3","fit: 4, efit: 3",,,,0,0,0,0,1,,
2026-05-13 15:53:32,7,15,15,0,"fit: 4, efit: 4","fit: 4, efit: 4",,,,0,0,0,0,1,,
2026-05-13 16:08:35,7,15,15,0,"fit: 4, efit: 3","fit: 4, efit: 3",,,,0,0,0,0,1,,
2026-05-13 17:34:47,7,15,15,0,"fit: 4, efit: 4","fit: 4, efit: 4",,,,0,0,0,0,1,,
2026-05-13 17:48:56,7,15,15,0,"fit: 4, efit: 5","fit: 4, efit: 5",,,,0,0,0,0,1,,
2026-05-13 17:53:57,7,15,15,0,"fit: 5, efit: 6","fit: 5, efit: 6",,,,0,0,0,0,1,,
2026-05-13 18:04:53,7,15,15,0,"fit: 5, efit: 7","fit: 5, efit: 7",,,,0,0,0,0,1,,
2026-05-13 18:44:07,7,15,15,0,"fit: 5, efit: 8","fit: 5, efit: 7",,,,0,0,0,0,1,,
2026-05-13 19:10:39,7,15,15,0,"fit: 5, efit: 7","fit: 5, efit: 6",,,,0,0,0,0,1,,
2026-05-13 19:19:14,7,15,15,0,"fit: 5, efit: 7","fit: 5, efit: 7",,,,0,0,0,0,1,,
2026-05-13 19:29:16,7,15,15,0,"fit: 5, efit: 8","fit: 5, efit: 7",efit: 1,,,0,0,0,0,1,,
2026-05-13 19:45:10,7,15,15,0,"fit: 5, efit: 9","fit: 5, efit: 8",efit: 1,,,0,0,0,0,1,,
2026-05-13 20:34:28,7,15,15,0,"fit: 5, efit: 8","fit: 5, efit: 7",efit: 1,,,0,0,0,0,1,,
2026-05-13 22:14:48,7,15,15,0,"fit: 5, efit: 9","fit: 5, efit: 8",efit: 1,,,0,0,0,0,1,,
2026-05-13 22:34:52,7,15,15,0,"fit: 6, efit: 9","fit: 6, efit: 8",efit: 1,,,0,0,0,0,1,,
2026-05-13 22:44:53,7,15,15,0,"fit: 6, efit: 8","fit: 6, efit: 7",efit: 1,,,0,0,0,0,1,,
2026-05-13 22:56:21,7,15,15,0,"fit: 6, efit: 7","fit: 6, efit: 6",efit: 1,,,0,0,0,0,1,,
2026-05-13 22:59:56,7,15,15,0,"fit: 6, efit: 8","fit: 6, efit: 7",efit: 1,,,0,0,0,0,1,,
2026-05-13 23:36:29,7,15,15,0,"fit: 6, efit: 9","fit: 6, efit: 8",efit: 1,,,0,0,0,0,1,,
2026-05-14 00:01:33,7,15,15,0,"fit: 6, efit: 9","fit: 6, efit: 8",efit: 1,,,0,0,0,0,1,,
2026-05-14 00:41:40,7,15,15,0,"fit: 6, efit: 8","fit: 6, efit: 7",efit: 1,,,0,0,0,0,1,,
2026-05-14 01:12:03,7,15,15,0,"fit: 6, efit: 9","fit: 6, efit: 8",efit: 1,,,0,0,0,0,1,,
2026-05-14 06:52:45,7,15,15,0,"fit: 6, efit: 8","fit: 6, efit: 7",efit: 1,,,0,0,0,0,1,,
2026-05-14 07:32:52,7,15,15,0,"fit: 6, efit: 7","fit: 6, efit: 6",efit: 1,,,0,0,0,0,1,,
2026-05-14 07:37:53,7,15,15,0,"fit: 6, efit: 6","fit: 6, efit: 5",efit: 1,,,0,0,0,0,1,,
2026-05-14 08:02:58,7,15,15,0,"fit: 7, efit: 5","fit: 7, efit: 4",efit: 1,,,0,0,0,0,1,,
2026-05-14 08:07:59,7,15,15,0,"fit: 7, efit: 4","fit: 7, efit: 3",efit: 1,,,0,0,0,0,1,,
2026-05-14 08:13:00,7,15,15,0,"fit: 6, efit: 4","fit: 6, efit: 3",efit: 1,,,0,0,0,0,1,,
2026-05-14 08:33:04,7,15,15,0,"fit: 6, efit: 3","fit: 6, efit: 2",efit: 1,,,0,0,0,0,1,,
2026-05-14 08:43:05,7,15,15,0,"fit: 5, efit: 1",fit: 5,efit: 1,,,0,0,0,0,1,,
2026-05-14 09:18:12,7,15,15,0,"fit: 6, efit: 1",fit: 6,efit: 1,,,0,0,0,0,1,,
2026-05-14 09:18:19,7,15,15,0,"fit: 5, efit: 1",fit: 5,efit: 1,,,0,0,0,0,1,,
2026-05-14 09:23:13,7,15,15,0,"fit: 6, efit: 2","fit: 6, efit: 1",efit: 1,,,0,0,0,0,1,,
2026-05-14 09:33:15,7,15,15,0,"fit: 6, efit: 1",fit: 6,efit: 1,,,0,0,0,0,1,,
2026-05-14 09:43:17,7,15,15,0,"fit: 5, efit: 1",fit: 5,efit: 1,,,0,0,0,0,1,,
2026-05-14 09:53:18,7,15,15,0,"fit: 5, efit: 2","fit: 5, efit: 1",efit: 1,,,0,0,0,0,1,,
2026-05-14 10:48:28,7,15,15,0,"fit: 5, efit: 3","fit: 5, efit: 2",efit: 1,,,0,0,0,0,1,,
2026-05-14 10:58:30,7,15,15,0,"fit: 5, efit: 1",fit: 5,efit: 1,,,0,0,0,0,1,,
2026-05-14 12:38:49,7,15,15,0,"fit: 4, efit: 1",fit: 4,efit: 1,,,0,0,0,0,1,,
2026-05-14 13:25:26,7,15,15,0,"fit: 4, efit: 2","fit: 4, efit: 1",efit: 1,,,0,0,0,0,1,,
2026-05-14 13:30:28,7,15,15,0,"fit: 4, efit: 1","fit: 4, efit: 1",,,,0,0,0,0,1,,
2026-05-14 14:44:11,7,15,15,0,fit: 5,fit: 5,,,,0,0,0,0,1,,
2026-05-14 15:24:18,7,15,15,0,"fit: 5, efit: 1","fit: 5, efit: 1",,,,0,0,0,0,1,,
2026-05-14 15:49:23,7,15,15,0,"fit: 5, efit: 2","fit: 5, efit: 2",,,,0,0,0,0,1,,
2026-05-14 15:50:56,7,15,15,0,"fit: 4, efit: 2","fit: 4, efit: 2",,,,0,0,0,0,1,,
2026-05-14 16:29:29,7,15,15,0,"fit: 4, efit: 3","fit: 4, efit: 3",,,,0,0,0,0,1,,
2026-05-14 16:34:29,7,15,15,0,"fit: 3, efit: 2","fit: 3, efit: 2",,,,0,0,0,0,1,,
2026-05-14 16:49:31,7,15,15,0,"fit: 3, efit: 1","fit: 3, efit: 1",,,,0,0,0,0,1,,
2026-05-14 17:19:34,7,15,15,0,"fit: 3, efit: 3","fit: 3, efit: 2",,,,0,0,0,0,1,,
2026-05-14 17:21:14,7,15,15,0,"fit: 3, efit: 4","fit: 3, efit: 2",,,,0,0,0,0,1,,
2026-05-14 17:24:34,7,15,15,0,"fit: 3, efit: 5","fit: 3, efit: 3",,,,0,0,0,0,1,,
2026-05-14 17:41:18,7,15,15,0,"fit: 3, efit: 6","fit: 3, efit: 4",,,,0,0,0,0,1,,
2026-05-14 17:46:19,7,15,15,0,"fit: 4, efit: 5","fit: 4, efit: 3",,,,0,0,0,0,1,,
2026-05-14 17:54:40,7,15,15,0,"fit: 4, efit: 5","fit: 4, efit: 4",,,,0,0,0,0,1,,
2026-05-14 17:59:40,7,15,15,0,"fit: 4, efit: 5","fit: 4, efit: 5",,,,0,0,0,0,1,,
2026-05-14 18:49:49,7,15,15,0,"fit: 4, efit: 6","fit: 4, efit: 5",,,,0,0,0,0,1,,
2026-05-14 19:19:54,7,15,15,0,"fit: 4, efit: 8","fit: 4, efit: 7",,,,0,0,0,0,1,,
2026-05-14 19:29:56,7,15,15,0,"fit: 4, efit: 8","fit: 4, efit: 8",,,,0,0,0,0,1,,
2026-05-14 19:34:57,7,15,15,0,"fit: 4, efit: 7","fit: 4, efit: 7",,,,0,0,0,0,1,,
2026-05-14 19:51:45,7,15,15,0,"fit: 4, efit: 6","fit: 4, efit: 6",,,,0,0,0,0,1,,
2026-05-14 20:06:48,7,15,15,0,"fit: 6, efit: 6","fit: 6, efit: 6",,,,0,0,0,0,1,,
2026-05-14 21:30:17,7,15,15,0,"fit: 6, efit: 7","fit: 6, efit: 7",,,,0,0,0,0,1,,
2026-05-14 21:55:21,7,15,15,0,"fit: 6, efit: 6","fit: 6, efit: 6",,,,0,0,0,0,1,,
2026-05-14 23:05:33,7,15,15,0,"fit: 6, efit: 4","fit: 6, efit: 4",,,,0,0,0,0,1,,
2026-05-15 00:00:42,7,15,15,0,"fit: 6, efit: 4","fit: 6, efit: 4",,,,0,0,0,0,1,,
2026-05-15 00:07:36,7,15,15,0,"fit: 6, efit: 5","fit: 6, efit: 5",,,,0,0,0,0,1,,
2026-05-15 00:22:39,7,15,15,0,"fit: 6, efit: 6","fit: 6, efit: 6",,,,0,0,0,0,1,,
2026-05-15 00:32:41,7,15,15,0,"fit: 6, efit: 7","fit: 6, efit: 7",,,,0,0,0,0,1,,
2026-05-15 05:56:37,7,15,15,0,"fit: 6, efit: 8","fit: 6, efit: 8",,,,0,0,0,0,1,,
2026-05-15 06:41:44,7,15,15,0,"fit: 6, efit: 7","fit: 6, efit: 7",,,,0,0,0,0,1,,
2026-05-15 07:08:58,7,15,15,0,"fit: 6, efit: 8","fit: 6, efit: 8",,,,0,0,0,0,1,,
2026-05-15 07:29:02,7,15,15,0,"fit: 6, efit: 7","fit: 6, efit: 7",,,,0,0,0,0,1,,
2026-05-15 08:12:20,7,15,15,0,"fit: 6, efit: 6","fit: 6, efit: 6",,,,0,0,0,0,1,,
2026-05-15 08:17:21,7,15,15,0,"fit: 6, efit: 7","fit: 6, efit: 7",,,,0,0,0,0,1,,
2026-05-15 08:27:02,7,15,15,0,"fit: 6, efit: 6","fit: 6, efit: 6",,,,0,0,0,0,1,,
2026-05-15 08:57:07,7,15,15,0,"fit: 6, efit: 5","fit: 6, efit: 5",,,,0,0,0,0,1,,
2026-05-15 09:02:29,7,15,15,0,"fit: 6, efit: 4","fit: 6, efit: 4",,,,0,0,0,0,1,,
2026-05-15 09:24:25,7,15,15,0,"fit: 6, efit: 3","fit: 6, efit: 3",,,,0,0,0,0,1,,
2026-05-15 09:57:16,7,15,15,0,"fit: 6, efit: 2","fit: 6, efit: 2",,,,0,0,0,0,1,,
2026-05-15 10:17:19,7,15,15,0,"fit: 7, efit: 1","fit: 7, efit: 1",,,,0,0,0,0,1,,
2026-05-15 10:17:43,7,15,15,0,"fit: 7, efit: 2","fit: 7, efit: 2",,,,0,0,0,0,1,,
2026-05-15 10:42:23,7,15,15,0,fit: 7,fit: 7,,,,0,0,0,0,1,,
2026-05-15 10:42:47,7,15,15,0,fit: 6,fit: 6,,,,0,0,0,0,1,,
2026-05-15 10:47:24,7,15,15,0,"fit: 6, efit: 1","fit: 6, efit: 1",,,,0,0,0,0,1,,
2026-05-15 11:02:27,7,15,15,0,fit: 6,fit: 6,,,,0,0,0,0,1,,
2026-05-15 11:27:31,7,15,15,0,"fit: 6, efit: 1","fit: 6, efit: 1",,,,0,0,0,0,1,,
2026-05-15 13:52:56,7,15,15,0,fit: 7,fit: 7,,,,0,0,0,0,1,,
2026-05-15 14:07:59,7,15,15,0,"fit: 7, efit: 1","fit: 7, efit: 1",,,,0,0,0,0,1,,
2026-05-15 14:23:02,7,15,15,0,"fit: 8, efit: 1","fit: 8, efit: 1",,,,0,0,0,0,1,,
2026-05-15 14:30:29,7,15,15,0,fit: 8,fit: 8,,,,0,0,0,0,1,,
2026-05-15 15:00:35,7,15,15,0,"fit: 8, efit: 1","fit: 8, efit: 1",,,,0,0,0,0,1,,
2026-05-15 15:28:13,7,15,15,0,"fit: 8, efit: 2","fit: 8, efit: 2",,,,0,0,0,0,1,,
2026-05-15 16:08:20,7,15,15,0,"fit: 8, efit: 1","fit: 8, efit: 1",,,,0,0,0,0,1,,
2026-05-15 16:38:25,7,15,15,0,fit: 8,fit: 8,,,,0,0,0,0,1,,
2026-05-15 16:58:28,7,15,15,0,"fit: 8, efit: 1","fit: 8, efit: 1",,,,0,0,0,0,1,,
2026-05-15 17:13:31,7,15,15,0,fit: 8,fit: 8,,,,0,0,0,0,1,,
2026-05-15 17:36:07,7,15,15,0,"fit: 8, efit: 1","fit: 8, efit: 1",,,,0,0,0,0,1,,
2026-05-15 17:48:37,7,15,15,0,fit: 8,fit: 8,,,,0,0,0,0,1,,
2026-05-15 19:01:25,7,15,15,0,fit: 7,fit: 7,,,,0,0,0,0,1,,
2026-05-15 19:14:25,7,15,15,0,"fit: 7, efit: 1","fit: 7, efit: 1",,,,0,0,0,0,1,,
2026-05-15 20:54:10,7,15,15,0,"fit: 7, efit: 2","fit: 7, efit: 2",,,,0,0,0,0,1,,
2026-05-15 21:19:51,7,15,15,0,"fit: 7, efit: 1","fit: 7, efit: 1",,,,0,0,0,0,1,,
2026-05-15 23:02:15,7,15,15,0,"fit: 5, efit: 1","fit: 5, efit: 1",,,,0,0,0,0,1,,
2026-05-15 23:44:38,7,15,15,0,fit: 5,fit: 5,,,,0,0,0,0,1,,
2026-05-15 23:54:40,7,15,15,0,"fit: 5, efit: 2","fit: 5, efit: 1",,,,0,0,0,0,1,,
2026-05-16 00:00:20,7,15,15,0,"fit: 5, efit: 2","fit: 5, efit: 1",,,,0,0,0,0,1,,
2026-05-16 00:12:28,7,15,15,0,"fit: 5, efit: 2","fit: 5, efit: 2",,,,0,0,0,0,1,,
2026-05-16 01:59:59,7,15,15,0,"fit: 5, efit: 1","fit: 5, efit: 1",,,,0,0,0,0,1,,
2026-05-16 06:06:27,7,15,15,0,fit: 5,fit: 5,,,,0,0,0,0,1,,
2026-05-16 06:25:43,7,15,15,0,"fit: 5, efit: 1","fit: 5, efit: 1",,,,0,0,0,0,1,,
2026-05-16 07:53:58,7,15,15,0,fit: 5,fit: 5,,,,0,0,0,0,1,,
2026-05-16 09:14:14,7,15,15,0,"fit: 5, efit: 1","fit: 5, efit: 1",,,,0,0,0,0,1,,
2026-05-16 09:24:16,7,15,15,0,fit: 5,fit: 5,,,,0,0,0,0,1,,
2026-05-16 10:34:30,7,15,15,0,fit: 4,fit: 4,,,,0,0,0,0,1,,
2026-05-16 11:17:23,7,15,15,0,"fit: 4, efit: 1","fit: 4, efit: 1",,,,0,0,0,0,1,,
2026-05-16 11:56:37,7,15,15,0,"fit: 4, efit: 2","fit: 4, efit: 2",,,,0,0,0,0,1,,
2026-05-16 12:21:41,7,15,15,0,fit: 4,fit: 4,,,,0,0,0,0,1,,
2026-05-16 12:26:43,7,15,15,0,"fit: 3, efit: 1","fit: 3, efit: 1",,,,0,0,0,0,1,,
2026-05-16 12:27:36,7,15,15,0,fit: 3,fit: 3,,,,0,0,0,0,1,,
2026-05-16 12:57:41,7,15,15,0,"fit: 3, efit: 1","fit: 3, efit: 1",,,,0,0,0,0,1,,
2026-05-16 13:30:07,7,15,15,0,"fit: 3, efit: 2","fit: 3, efit: 2",,,,0,0,0,0,1,,
2026-05-16 14:02:53,7,15,15,0,"fit: 4, efit: 2","fit: 4, efit: 2",,,,0,0,0,0,1,,
2026-05-16 14:10:15,7,15,15,0,"fit: 4, efit: 4","fit: 4, efit: 4",,,,0,0,0,0,1,,
2026-05-16 14:20:17,7,15,15,0,"fit: 4, efit: 3","fit: 4, efit: 3",,,,0,0,0,0,1,,
2026-05-16 14:40:21,7,15,15,0,"fit: 4, efit: 2","fit: 4, efit: 2",,,,0,0,0,0,1,,
2026-05-16 15:40:37,7,15,15,0,"fit: 4, efit: 1","fit: 4, efit: 1",,,,0,0,0,0,1,,
2026-05-16 15:50:39,7,15,15,0,fit: 4,fit: 4,,,,0,0,0,0,1,,
2026-05-16 15:55:40,7,15,15,0,fit: 5,fit: 5,,,,0,0,0,0,1,,
2026-05-16 16:00:41,7,15,15,0,"fit: 5, efit: 1","fit: 5, efit: 1",,,,0,0,0,0,1,,
2026-05-16 16:08:17,7,15,15,0,"fit: 4, efit: 1","fit: 4, efit: 1",,,,0,0,0,0,1,,
2026-05-16 16:35:48,7,15,15,0,fit: 4,fit: 4,,,,0,0,0,0,1,,
2026-05-16 17:28:32,7,15,15,0,fit: 3,fit: 3,,,,0,0,0,0,1,,
2026-05-16 17:46:03,7,15,15,0,fit: 2,fit: 2,,,,0,0,0,0,1,,
2026-05-16 17:56:05,7,15,15,0,"fit: 2, efit: 1","fit: 2, efit: 1",,,,0,0,0,0,1,,
2026-05-16 18:27:46,7,15,15,0,"fit: 2, efit: 2","fit: 2, efit: 2",,,,0,0,0,0,1,,
2026-05-16 18:31:12,7,15,15,0,"fit: 2, efit: 1","fit: 2, efit: 1",,,,0,0,0,0,1,,
2026-05-16 19:37:57,7,15,15,0,fit: 1,fit: 1,,,,0,0,0,0,1,,
2026-05-16 19:47:59,7,15,15,0,"fit: 1, efit: 1","fit: 1, efit: 1",,,,0,0,0,0,1,,
2026-05-16 20:46:39,7,15,15,0,fit: 1,fit: 1,,,,0,0,0,0,1,,
2026-05-16 23:02:06,7,15,15,0,"fit: 1, efit: 1","fit: 1, efit: 1",,,,0,0,0,0,1,,
2026-05-16 23:48:37,7,15,15,0,fit: 1,fit: 1,,,,0,0,0,0,1,,
2026-05-17 00:02:18,7,15,15,0,fit: 1,fit: 1,,,,0,0,0,0,1,,
2026-05-17 02:34:03,7,15,15,0,,,,,,0,0,0,0,1,,
2026-05-17 10:59:25,7,15,15,0,efit: 1,efit: 1,,,,0,0,0,0,1,,
2026-05-17 11:24:30,7,15,15,0,,,,,,0,0,0,0,1,,
2026-05-17 11:49:35,7,15,15,0,efit: 1,efit: 1,,,,0,0,0,0,1,,
2026-05-17 12:00:33,7,15,15,0,efit: 3,efit: 3,,,,0,0,0,0,1,,
2026-05-17 12:25:38,7,15,15,0,efit: 2,efit: 2,,,,0,0,0,0,1,,
2026-05-17 12:34:45,7,15,15,0,efit: 3,efit: 3,,,,0,0,0,0,1,,
2026-05-17 12:39:46,7,15,15,0,efit: 2,efit: 2,,,,0,0,0,0,1,,
2026-05-17 12:59:50,7,15,15,0,efit: 3,efit: 3,,,,0,0,0,0,1,,
2026-05-17 13:25:48,7,15,15,0,efit: 2,efit: 2,,,,0,0,0,0,1,,
2026-05-17 13:27:13,7,15,15,0,efit: 1,efit: 1,,,,0,0,0,0,1,,
2026-05-17 13:32:14,7,15,15,0,efit: 2,efit: 2,,,,0,0,0,0,1,,
2026-05-17 13:50:01,7,15,15,0,efit: 1,efit: 1,,,,0,0,0,0,1,,
2026-05-17 14:10:05,7,15,15,0,"fit: 1, efit: 1","fit: 1, efit: 1",,,,0,0,0,0,1,,
2026-05-17 14:10:55,7,15,15,0,fit: 1,fit: 1,,,,0,0,0,0,1,,
2026-05-17 14:17:22,7,15,15,0,,,,,,0,0,0,0,1,,
2026-05-17 15:06:05,7,15,15,0,efit: 1,efit: 1,,,,0,0,0,0,1,,
2026-05-17 15:10:19,7,15,15,0,,,,,,0,0,0,0,1,,
2026-05-17 15:32:37,7,15,15,0,fit: 1,fit: 1,,,,0,0,0,0,1,,
2026-05-17 15:40:25,7,15,15,0,"fit: 5, efit: 4","fit: 5, efit: 4",,,,0,0,0,0,1,,
2026-05-17 16:26:19,7,15,15,0,"fit: 5, efit: 3","fit: 5, efit: 3",,,,0,0,0,0,1,,
2026-05-17 17:43:03,7,15,15,0,"fit: 5, efit: 4","fit: 5, efit: 4",,,,0,0,0,0,1,,
2026-05-17 17:45:52,7,15,15,0,"fit: 5, efit: 3","fit: 5, efit: 3",,,,0,0,0,0,1,,
2026-05-17 18:10:58,7,15,15,0,"fit: 5, efit: 2","fit: 5, efit: 2",,,,0,0,0,0,1,,
2026-05-17 18:36:41,7,15,15,0,"fit: 5, efit: 4","fit: 5, efit: 4",,,,0,0,0,0,1,,
2026-05-17 18:46:43,7,15,15,0,"fit: 5, efit: 5","fit: 5, efit: 5",,,,0,0,0,0,1,,
2026-05-17 18:51:06,7,15,15,0,"fit: 5, efit: 3","fit: 5, efit: 3",,,,0,0,0,0,1,,
2026-05-17 19:26:13,7,15,15,0,"fit: 5, efit: 2","fit: 5, efit: 2",,,,0,0,0,0,1,,
2026-05-17 20:01:21,7,15,15,0,"fit: 5, efit: 1","fit: 5, efit: 1",,,,0,0,0,0,1,,
2026-05-17 20:38:37,7,15,15,0,fit: 5,fit: 5,,,,0,0,0,0,1,,
2026-05-17 20:41:29,7,15,15,0,fit: 4,fit: 4,,,,0,0,0,0,1,,
2026-05-17 20:53:40,7,15,15,0,fit: 3,fit: 3,,,,0,0,0,0,1,,
2026-05-17 22:51:55,7,15,15,0,fit: 2,fit: 2,,,,0,0,0,0,1,,
2026-05-17 23:29:08,7,15,15,0,"fit: 2, efit: 1","fit: 2, efit: 1",,,,0,0,0,0,1,,
2026-05-17 23:52:08,7,15,15,0,fit: 2,fit: 2,,,,0,0,0,0,1,,
2026-05-18 00:02:10,7,15,15,0,fit: 2,fit: 2,,,,0,0,0,0,1,,
2026-05-18 00:34:20,7,15,15,0,"fit: 2, efit: 1","fit: 2, efit: 1",,,,0,0,0,0,1,,
2026-05-18 00:37:17,7,15,15,0,"fit: 2, efit: 2","fit: 2, efit: 2",,,,0,0,0,0,1,,
2026-05-18 01:04:25,7,15,15,0,"fit: 2, efit: 5","fit: 2, efit: 5",,,,0,0,0,0,1,,
2026-05-18 01:07:23,7,15,15,0,"fit: 2, efit: 2","fit: 2, efit: 2",,,,0,0,0,0,1,,
2026-05-18 03:27:50,7,15,15,0,"fit: 2, efit: 1","fit: 2, efit: 1",,,,0,0,0,0,1,,
2026-05-18 03:52:54,7,15,15,0,"fit: 2, efit: 2","fit: 2, efit: 2",,,,0,0,0,0,1,,
2026-05-18 06:33:26,7,15,15,0,"fit: 2, efit: 3","fit: 2, efit: 3",,,,0,0,0,0,1,,
2026-05-18 06:48:29,7,15,15,0,"fit: 2, efit: 2","fit: 2, efit: 2",,,,0,0,0,0,1,,
2026-05-18 06:53:30,7,15,15,0,"fit: 2, efit: 1","fit: 2, efit: 1",,,,0,0,0,0,1,,
2026-05-18 07:13:33,7,15,15,0,fit: 2,fit: 2,,,,0,0,0,0,1,,
2026-05-18 09:18:58,7,15,15,0,fit: 1,fit: 1,,,,0,0,0,0,1,,
2026-05-18 09:39:03,7,15,15,0,"fit: 1, efit: 1","fit: 1, efit: 1",,,,0,0,0,0,1,,
2026-05-18 09:56:02,7,15,15,0,fit: 1,fit: 1,,,,0,0,0,0,1,,
2026-05-18 10:01:03,7,15,15,0,,,,,,0,0,0,0,1,,
2026-05-18 10:49:11,7,15,15,0,efit: 1,efit: 1,,,,0,0,0,0,1,,
2026-05-18 12:29:28,7,15,15,0,efit: 4,efit: 1,,,,0,0,0,0,1,,
2026-05-18 12:39:29,7,15,15,0,efit: 4,efit: 3,,,,0,0,0,0,1,,
2026-05-18 12:54:32,7,15,15,0,efit: 3,efit: 2,,,,0,0,0,0,1,,
2026-05-18 13:34:49,7,15,15,0,efit: 4,efit: 3,,,,0,0,0,0,1,,
2026-05-18 13:39:40,7,15,15,0,efit: 3,efit: 2,,,,0,0,0,0,1,,
2026-05-18 13:59:43,7,15,15,0,efit: 2,efit: 1,,,,0,0,0,0,1,,
2026-05-18 15:22:07,7,15,15,0,efit: 3,efit: 2,,,,0,0,0,0,1,,
2026-05-18 15:24:58,7,15,15,0,efit: 4,efit: 3,,,,0,0,0,0,1,,
2026-05-18 15:27:08,7,15,15,0,efit: 5,efit: 4,,,,0,0,0,0,1,,
2026-05-18 16:00:04,7,15,15,0,efit: 6,efit: 5,,,,0,0,0,0,1,,
2026-05-18 16:57:26,7,15,15,0,efit: 9,efit: 8,,,,0,0,0,0,1,,
2026-05-18 18:00:26,7,15,15,0,efit: 7,efit: 6,,,,0,0,0,0,1,,
2026-05-18 18:02:39,7,15,15,0,efit: 8,efit: 7,,,,0,0,0,0,1,,
2026-05-18 18:05:26,7,15,15,0,efit: 7,efit: 6,,,,0,0,0,0,1,,
2026-05-18 18:12:41,7,15,15,0,efit: 8,efit: 7,,,,0,0,0,0,1,,
2026-05-18 18:15:28,7,15,15,0,efit: 9,efit: 8,,,,0,0,0,0,1,,
2026-05-18 18:17:42,7,15,15,0,efit: 10,efit: 9,,,,0,0,0,0,1,,
2026-05-18 18:20:29,7,15,15,0,efit: 11,efit: 10,,,,0,0,0,0,1,,
2026-05-18 18:25:30,7,15,15,0,efit: 10,efit: 9,,,,0,0,0,0,1,,
2026-05-18 18:37:46,7,15,15,0,efit: 9,efit: 8,,,,0,0,0,0,1,,
2026-05-18 18:55:35,7,15,15,0,efit: 8,efit: 7,,,,0,0,0,0,1,,
2026-05-18 19:32:57,7,15,15,0,efit: 7,efit: 6,,,,0,0,0,0,1,,
2026-05-18 22:03:26,7,15,15,0,efit: 7,efit: 6,efit: 1,,,0,0,0,0,1,,
2026-05-18 22:36:48,7,15,15,0,efit: 8,efit: 7,efit: 1,,,0,0,0,0,1,,
2026-05-18 22:38:32,7,15,15,0,efit: 7,efit: 6,efit: 1,,,0,0,0,0,1,,
2026-05-18 23:33:43,7,15,15,0,efit: 6,efit: 5,efit: 1,,,0,0,0,0,1,,
2026-05-18 23:48:45,7,15,15,0,efit: 7,efit: 6,efit: 1,,,0,0,0,0,1,,
2026-05-19 00:01:26,7,15,15,0,efit: 7,efit: 6,efit: 1,,,0,0,0,0,1,,
2026-05-19 03:57:03,7,15,15,0,efit: 6,efit: 5,efit: 1,,,0,0,0,0,1,,
2026-05-19 06:44:59,7,15,15,0,efit: 5,efit: 4,efit: 1,,,0,0,0,0,1,,
2026-05-19 06:57:30,7,15,15,0,efit: 4,efit: 3,efit: 1,,,0,0,0,0,1,,
2026-05-19 07:10:04,7,15,15,0,efit: 5,efit: 4,efit: 1,,,0,0,0,0,1,,
2026-05-19 07:25:07,7,15,15,0,efit: 4,efit: 3,efit: 1,,,0,0,0,0,1,,
2026-05-19 08:02:41,7,15,15,0,efit: 5,efit: 4,efit: 1,,,0,0,0,0,1,,
2026-05-19 08:10:15,7,15,15,0,efit: 4,efit: 3,efit: 1,,,0,0,0,0,1,,
2026-05-19 08:42:47,7,15,15,0,efit: 3,efit: 2,efit: 1,,,0,0,0,0,1,,
2026-05-19 08:47:48,7,15,15,0,efit: 2,efit: 1,efit: 1,,,0,0,0,0,1,,
2026-05-19 09:15:28,7,15,15,0,"fit: 1, efit: 2","fit: 1, efit: 1",efit: 1,,,0,0,0,0,1,,
2026-05-19 09:17:53,7,15,15,0,"fit: 1, efit: 1",fit: 1,efit: 1,,,0,0,0,0,1,,
2026-05-19 09:45:34,7,15,15,0,"fit: 1, efit: 2","fit: 1, efit: 1",efit: 1,,,0,0,0,0,1,,
2026-05-19 10:29:11,7,15,15,0,"fit: 2, efit: 2","fit: 2, efit: 1",efit: 1,,,0,0,0,0,1,,
2026-05-19 11:39:26,7,15,15,0,"fit: 3, efit: 2","fit: 3, efit: 2",,,,0,0,0,0,1,,
2026-05-19 11:40:56,7,15,15,0,"fit: 3, efit: 3","fit: 3, efit: 3",,,,0,0,0,0,1,,
2026-05-19 11:45:57,7,15,15,0,"fit: 3, efit: 2","fit: 3, efit: 2",,,,0,0,0,0,1,,
2026-05-19 11:53:19,7,15,15,0,"fit: 4, efit: 2","fit: 4, efit: 2",,,,0,0,0,0,1,,
2026-05-19 12:19:35,7,15,15,0,"fit: 4, efit: 1","fit: 4, efit: 1",,,,0,0,0,0,1,,
2026-05-19 14:21:27,7,15,15,0,fit: 4,fit: 4,,,,0,0,0,0,1,,
2026-05-19 15:00:09,7,15,15,0,fit: 3,fit: 3,,,,0,0,0,0,1,,
2026-05-19 15:26:39,7,15,15,0,"fit: 3, efit: 1","fit: 3, efit: 1",,,,0,0,0,0,1,,
2026-05-19 15:48:59,7,15,15,0,"fit: 3, efit: 2","fit: 3, efit: 2",,,,0,0,0,0,1,,
2026-05-19 15:50:20,7,15,15,0,"fit: 3, efit: 3","fit: 3, efit: 3",,,,0,0,0,0,1,,
2026-05-19 15:51:44,7,15,15,0,"fit: 3, efit: 3","fit: 3, efit: 2",efit: 1,,,0,0,0,0,1,,
2026-05-19 16:09:03,7,15,15,0,"fit: 3, efit: 2","fit: 3, efit: 1",efit: 1,,,0,0,0,0,1,,
2026-05-19 16:11:47,7,15,15,0,"fit: 3, efit: 3","fit: 3, efit: 2",efit: 1,,,0,0,0,0,1,,
2026-05-19 16:16:48,7,15,15,0,"fit: 3, efit: 4","fit: 3, efit: 3",efit: 1,,,0,0,0,0,1,,
2026-05-19 16:31:51,7,15,15,0,"fit: 2, efit: 4","fit: 2, efit: 3",efit: 1,,,0,0,0,0,1,,
2026-05-19 16:49:09,7,15,15,0,"fit: 2, efit: 5","fit: 2, efit: 4",efit: 1,,,0,0,0,0,1,,
2026-05-19 16:55:35,7,15,15,0,"fit: 2, efit: 4","fit: 2, efit: 3",efit: 1,,,0,0,0,0,1,,
2026-05-19 17:00:36,7,15,15,0,"fit: 2, efit: 5","fit: 2, efit: 4",efit: 1,,,0,0,0,0,1,,
2026-05-19 17:10:38,7,15,15,0,"fit: 2, efit: 6","fit: 2, efit: 5",efit: 1,,,0,0,0,0,1,,
2026-05-19 17:27:02,7,15,15,0,"fit: 2, efit: 5","fit: 2, efit: 4",efit: 1,,,0,0,0,0,1,,
2026-05-19 17:42:05,7,15,15,0,"fit: 1, efit: 5","fit: 1, efit: 4",efit: 1,,,0,0,0,0,1,,
2026-05-19 17:44:19,7,15,15,0,"fit: 2, efit: 4","fit: 2, efit: 3",efit: 1,,,0,0,0,0,1,,
2026-05-19 17:49:19,7,15,15,0,"fit: 1, efit: 4","fit: 1, efit: 3",efit: 1,,,0,0,0,0,1,,
2026-05-19 18:14:24,7,15,15,0,"fit: 1, efit: 5","fit: 1, efit: 4",efit: 1,,,0,0,0,0,1,,
2026-05-19 18:24:25,7,15,15,0,"fit: 1, efit: 4","fit: 1, efit: 3",efit: 1,,,0,0,0,0,1,,
2026-05-19 18:34:27,7,15,15,0,"fit: 1, efit: 3","fit: 1, efit: 2",efit: 1,,,0,0,0,0,1,,
2026-05-19 18:37:16,7,15,15,0,"fit: 1, efit: 2","fit: 1, efit: 1",efit: 1,,,0,0,0,0,1,,
2026-05-19 18:52:19,7,15,15,0,"fit: 1, efit: 3","fit: 1, efit: 2",efit: 1,,,0,0,0,0,1,,
2026-05-19 19:09:33,7,15,15,0,"fit: 1, efit: 2","fit: 1, efit: 1",efit: 1,,,0,0,0,0,1,,
2026-05-19 19:34:37,7,15,15,0,"fit: 2, efit: 2","fit: 2, efit: 1",efit: 1,,,0,0,0,0,1,,
2026-05-19 19:42:29,7,15,15,0,"fit: 2, efit: 1",fit: 2,efit: 1,,,0,0,0,0,1,,
2026-05-19 19:59:41,7,15,15,0,"fit: 1, efit: 1",fit: 1,efit: 1,,,0,0,0,0,1,,
2026-05-20 00:00:21,7,15,15,0,"fit: 1, efit: 1",fit: 1,efit: 1,,,0,0,0,0,1,,
2026-05-20 06:53:24,7,15,15,0,efit: 1,,efit: 1,,,0,0,0,0,1,,
2026-05-20 07:09:33,7,15,15,0,efit: 2,efit: 1,efit: 1,,,0,0,0,0,1,,
2026-05-20 07:38:33,7,15,15,0,efit: 1,,efit: 1,,,0,0,0,0,1,,
2026-05-20 07:58:37,7,15,15,0,efit: 2,efit: 1,efit: 1,,,0,0,0,0,1,,
2026-05-20 08:14:45,7,15,15,0,efit: 3,efit: 2,efit: 1,,,0,0,0,0,1,,
2026-05-20 08:36:40,7,15,15,0,efit: 3,efit: 3,,,,0,0,0,0,1,,
2026-05-20 08:38:45,7,15,15,0,"fit: 1, efit: 6","fit: 1, efit: 6",,,,0,0,0,0,1,,
2026-05-20 08:49:52,7,15,15,0,"fit: 1, efit: 7","fit: 1, efit: 7",,,,0,0,0,0,1,,
2026-05-20 08:56:43,7,15,15,0,"fit: 1, efit: 5","fit: 1, efit: 5",,,,0,0,0,0,1,,
2026-05-20 08:58:49,7,15,15,0,"fit: 1, efit: 4","fit: 1, efit: 4",,,,0,0,0,0,1,,
2026-05-20 10:16:56,7,15,15,0,"fit: 1, efit: 3","fit: 1, efit: 3",,,,0,0,0,0,1,,
2026-05-20 10:25:11,7,15,15,0,"fit: 1, efit: 2","fit: 1, efit: 2",,,,0,0,0,0,1,,
2026-05-20 10:26:58,7,15,15,0,"fit: 1, efit: 1","fit: 1, efit: 1",,,,0,0,0,0,1,,
2026-05-20 10:30:12,7,15,15,0,fit: 2,fit: 2,,,,0,0,0,0,1,,
2026-05-20 11:17:06,7,15,15,0,"fit: 2, efit: 6","fit: 2, efit: 5",,,,0,0,0,0,1,,
2026-05-20 11:52:11,7,15,15,0,"fit: 2, efit: 5","fit: 2, efit: 4",,,,0,0,0,0,1,,
2026-05-20 12:07:14,7,15,15,0,"fit: 2, efit: 5","fit: 2, efit: 5",,,,0,0,0,0,1,,
2026-05-20 12:24:30,7,15,15,0,"fit: 2, efit: 4","fit: 2, efit: 4",,,,0,0,0,0,1,,
2026-05-20 12:29:31,7,15,15,0,"fit: 2, efit: 4","fit: 2, efit: 3",efit: 1,,,0,0,0,0,1,,
2026-05-20 12:39:34,7,15,15,0,"fit: 2, efit: 3","fit: 2, efit: 2",efit: 1,,,0,0,0,0,1,,
2026-05-20 12:52:21,7,15,15,0,"fit: 2, efit: 4","fit: 2, efit: 3",efit: 1,,,0,0,0,0,1,,
2026-05-20 12:54:37,7,15,15,0,"fit: 2, efit: 3","fit: 2, efit: 2",efit: 1,,,0,0,0,0,1,,
2026-05-20 13:22:26,7,15,15,0,"fit: 2, efit: 4","fit: 2, efit: 3",efit: 1,,,0,0,0,0,1,,
2026-05-20 13:27:27,7,15,15,0,"fit: 2, efit: 3","fit: 2, efit: 2",efit: 1,,,0,0,0,0,1,,
2026-05-20 14:05:52,7,15,15,0,"fit: 3, efit: 1",fit: 3,efit: 1,,,0,0,0,0,1,,
2026-05-20 14:51:01,7,15,15,0,"fit: 3, efit: 2","fit: 3, efit: 1",efit: 1,,,0,0,0,0,1,,
2026-05-20 15:06:04,7,15,15,0,"fit: 3, efit: 1","fit: 3, efit: 1",,,,0,0,0,0,1,,
2026-05-20 15:07:44,7,15,15,0,"fit: 3, efit: 2","fit: 3, efit: 2",,,,0,0,0,0,1,,
2026-05-20 15:15:06,7,15,15,0,"fit: 3, efit: 3","fit: 3, efit: 3",,,,0,0,0,0,1,,
2026-05-20 15:25:08,7,15,15,0,"fit: 3, efit: 2","fit: 3, efit: 2",,,,0,0,0,0,1,,
2026-05-20 15:52:51,7,15,15,0,"fit: 3, efit: 3","fit: 3, efit: 3",,,,0,0,0,0,1,,
2026-05-20 16:01:14,7,15,15,0,"fit: 3, efit: 4","fit: 3, efit: 4",,,,0,0,0,0,1,,
2026-05-20 16:15:19,7,15,15,0,"fit: 3, efit: 2","fit: 3, efit: 2",,,,0,0,0,0,1,,
2026-05-20 17:08:44,7,15,15,0,"fit: 3, efit: 3","fit: 3, efit: 3",,,,0,0,0,0,1,,
2026-05-20 17:13:45,7,15,15,0,"fit: 3, efit: 2","fit: 3, efit: 2",,,,0,0,0,0,1,,
2026-05-20 17:28:47,7,15,15,0,"fit: 3, efit: 1","fit: 3, efit: 1",,,,0,0,0,0,1,,
2026-05-20 17:38:49,7,15,15,0,fit: 3,fit: 3,,,,0,0,0,0,1,,
2026-05-20 17:41:37,7,15,15,0,fit: 2,fit: 2,,,,0,0,0,0,1,,
2026-05-20 17:51:39,7,15,15,0,"fit: 2, efit: 1","fit: 2, efit: 1",,,,0,0,0,0,1,,
2026-05-20 18:06:41,7,15,15,0,fit: 2,fit: 2,,,,0,0,0,0,1,,
2026-05-20 18:31:46,7,15,15,0,"fit: 2, efit: 1","fit: 2, efit: 1",,,,0,0,0,0,1,,
2026-05-20 18:36:47,7,15,15,0,fit: 2,fit: 2,,,,0,0,0,0,1,,
2026-05-20 18:46:49,7,15,15,0,fit: 1,fit: 1,,,,0,0,0,0,1,,
2026-05-20 18:54:01,7,15,15,0,"fit: 1, efit: 1","fit: 1, efit: 1",,,,0,0,0,0,1,,
2026-05-20 19:16:54,7,15,15,0,"fit: 1, efit: 2","fit: 1, efit: 2",,,,0,0,0,0,1,,
2026-05-20 19:19:05,7,15,15,0,"fit: 1, efit: 1","fit: 1, efit: 1",,,,0,0,0,0,1,,
2026-05-20 20:22:05,7,15,15,0,"fit: 1, efit: 2","fit: 1, efit: 2",,,,0,0,0,0,1,,
2026-05-20 20:37:08,7,15,15,0,"fit: 1, efit: 3","fit: 1, efit: 3",,,,0,0,0,0,1,,
2026-05-20 22:14:32,7,15,15,0,"fit: 1, efit: 4","fit: 1, efit: 4",,,,0,0,0,0,1,,
2026-05-20 22:22:25,7,15,15,0,"fit: 1, efit: 5","fit: 1, efit: 5",,,,0,0,0,0,1,,
2026-05-21 00:00:34,7,15,15,0,"fit: 1, efit: 5","fit: 1, efit: 5",,,,0,0,0,0,1,,
2026-05-21 00:27:46,7,15,15,0,"fit: 1, efit: 6","fit: 1, efit: 6",,,,0,0,0,0,1,,
2026-05-21 06:13:42,7,15,15,0,"fit: 1, efit: 7","fit: 1, efit: 7",,,,0,0,0,0,1,,
2026-05-21 06:35:46,7,15,15,0,"fit: 1, efit: 6","fit: 1, efit: 6",,,,0,0,0,0,1,,
2026-05-21 07:43:57,7,15,15,0,"fit: 1, efit: 7","fit: 1, efit: 7",,,,0,0,0,0,1,,
2026-05-21 07:48:58,7,15,15,0,"fit: 1, efit: 6","fit: 1, efit: 6",,,,0,0,0,0,1,,
2026-05-21 08:14:02,7,15,15,0,"fit: 1, efit: 5","fit: 1, efit: 5",,,,0,0,0,0,1,,
2026-05-21 08:44:07,7,15,15,0,"fit: 1, efit: 4","fit: 1, efit: 4",,,,0,0,0,0,1,,
2026-05-21 08:51:07,7,15,15,0,"fit: 1, efit: 3","fit: 1, efit: 3",,,,0,0,0,0,1,,
2026-05-21 09:07:22,7,15,15,0,"fit: 1, efit: 4","fit: 1, efit: 4",,,,0,0,0,0,1,,
2026-05-21 09:21:11,7,15,15,0,"fit: 1, efit: 3","fit: 1, efit: 3",,,,0,0,0,0,1,,
2026-05-21 09:22:25,7,15,15,0,"fit: 2, efit: 2","fit: 2, efit: 2",,,,0,0,0,0,1,,
2026-05-21 09:27:26,7,15,15,0,"fit: 3, efit: 2","fit: 3, efit: 2",,,,0,0,0,0,1,,
2026-05-21 09:29:15,7,15,15,0,"fit: 3, efit: 1","fit: 3, efit: 1",,,,0,0,0,0,1,,
2026-05-21 09:42:30,7,15,15,0,"fit: 2, efit: 1","fit: 2, efit: 1",,,,0,0,0,0,1,,
2026-05-21 09:44:17,7,15,15,0,fit: 2,fit: 2,,,,0,0,0,0,1,,
2026-05-21 10:42:42,7,15,15,0,fit: 1,fit: 1,,,,0,0,0,0,1,,
2026-05-21 10:44:27,7,15,15,0,"fit: 2, efit: 1","fit: 2, efit: 1",,,,0,0,0,0,1,,
2026-05-21 10:46:24,7,15,15,0,"fit: 2, efit: 3","fit: 2, efit: 3",,,,0,0,0,0,1,,
2026-05-21 10:47:43,7,15,15,0,"fit: 2, efit: 4","fit: 2, efit: 4",,,,0,0,0,0,1,,
2026-05-21 10:49:28,7,15,15,0,"fit: 4, efit: 4","fit: 4, efit: 4",,,,0,0,0,0,1,,
2026-05-21 11:32:53,7,15,15,0,"fit: 4, efit: 3","fit: 4, efit: 3",,,,0,0,0,0,1,,
2026-05-21 12:16:37,7,15,15,0,"fit: 4, efit: 4","fit: 4, efit: 4",,,,0,0,0,0,1,,
2026-05-21 12:58:10,7,15,15,0,"fit: 4, efit: 3","fit: 4, efit: 3",,,,0,0,0,0,1,,
2026-05-21 13:44:57,7,15,15,0,"fit: 4, efit: 4","fit: 4, efit: 4",,,,0,0,0,0,1,,
2026-05-21 13:51:52,7,15,15,0,"fit: 4, efit: 5","fit: 4, efit: 5",,,,0,0,0,0,1,,
2026-05-21 13:58:22,7,15,15,0,"fit: 4, efit: 6","fit: 4, efit: 6",,,,0,0,0,0,1,,
2026-05-21 14:01:53,7,15,15,0,"fit: 4, efit: 8","fit: 4, efit: 8",,,,0,0,0,0,1,,
2026-05-21 14:05:02,7,15,15,0,"fit: 4, efit: 7","fit: 4, efit: 7",,,,0,0,0,0,1,,
2026-05-21 15:00:11,7,15,15,0,"fit: 4, efit: 8","fit: 4, efit: 8",,,,0,0,0,0,1,,
2026-05-21 15:23:39,7,15,15,0,"fit: 4, efit: 6","fit: 4, efit: 6",,,,0,0,0,0,1,,
2026-05-21 15:33:41,7,15,15,0,"fit: 4, efit: 7","fit: 4, efit: 7",,,,0,0,0,0,1,,
2026-05-21 15:44:35,7,15,15,0,"fit: 4, efit: 8","fit: 4, efit: 8",,,,0,0,0,0,1,,
2026-05-21 15:49:35,7,15,15,0,"fit: 4, efit: 9","fit: 4, efit: 9",,,,0,0,0,0,1,,
2026-05-21 16:03:47,7,15,15,0,"fit: 4, efit: 7","fit: 4, efit: 7",,,,0,0,0,0,1,,
2026-05-21 16:05:23,7,15,15,0,"fit: 4, efit: 6","fit: 4, efit: 6",,,,0,0,0,0,1,,
2026-05-21 16:13:50,7,15,15,0,"fit: 4, efit: 7","fit: 4, efit: 7",,,,0,0,0,0,1,,
2026-05-21 16:18:51,7,15,15,0,"fit: 4, efit: 8","fit: 4, efit: 8",,,,0,0,0,0,1,,
2026-05-21 16:33:54,7,15,15,0,"fit: 3, efit: 9","fit: 3, efit: 9",,,,0,0,0,0,1,,
2026-05-21 16:48:57,7,15,15,0,"fit: 3, efit: 10","fit: 3, efit: 10",,,,0,0,0,0,1,,
2026-05-21 16:53:58,7,15,15,0,"fit: 3, efit: 9","fit: 3, efit: 9",,,,0,0,0,0,1,,
2026-05-21 17:04:00,7,15,15,0,"fit: 3, efit: 8","fit: 3, efit: 8",,,,0,0,0,0,1,,
2026-05-21 18:34:19,7,15,15,0,"fit: 3, efit: 9","fit: 3, efit: 9",,,,0,0,0,0,1,,
2026-05-21 18:40:52,7,15,15,0,"fit: 4, efit: 9","fit: 4, efit: 9",,,,0,0,0,0,1,,
2026-05-21 18:44:21,7,15,15,0,"fit: 4, efit: 8","fit: 4, efit: 8",,,,0,0,0,0,1,,
2026-05-21 18:49:22,7,15,15,0,"fit: 4, efit: 9","fit: 4, efit: 9",,,,0,0,0,0,1,,
2026-05-21 19:19:29,7,15,15,0,"fit: 4, efit: 8","fit: 4, efit: 8",,,,0,0,0,0,1,,
2026-05-21 19:39:34,7,15,15,0,"fit: 4, efit: 9","fit: 4, efit: 9",,,,0,0,0,0,1,,
2026-05-21 19:54:37,7,15,15,0,"fit: 4, efit: 10","fit: 4, efit: 10",,,,0,0,0,0,1,,
2026-05-21 20:31:12,7,15,15,0,"fit: 4, efit: 9","fit: 4, efit: 9",,,,0,0,0,0,1,,
2026-05-21 21:34:58,7,15,15,0,"fit: 4, efit: 10","fit: 4, efit: 10",,,,0,0,0,0,1,,
2026-05-21 23:06:39,7,15,15,0,"fit: 4, efit: 11","fit: 4, efit: 11",,,,0,0,0,0,1,,
2026-05-22 00:00:29,7,15,15,0,"fit: 4, efit: 11","fit: 4, efit: 11",,,,0,0,0,0,1,,
2026-05-22 07:08:01,7,15,15,0,"fit: 4, efit: 10","fit: 4, efit: 10",,,,0,0,0,0,1,,
2026-05-22 07:11:40,7,15,15,0,"fit: 4, efit: 11","fit: 4, efit: 11",,,,0,0,0,0,1,,
2026-05-22 07:31:43,7,15,15,0,"fit: 4, efit: 10","fit: 4, efit: 10",,,,0,0,0,0,1,,
2026-05-22 07:51:46,7,15,15,0,"fit: 4, efit: 11","fit: 4, efit: 11",,,,0,0,0,0,1,,
2026-05-22 08:26:51,7,15,15,0,"fit: 4, efit: 8","fit: 4, efit: 8",,,,0,0,0,0,1,,
2026-05-22 08:28:15,7,15,15,0,"fit: 4, efit: 6","fit: 4, efit: 6",,,,0,0,0,0,1,,
2026-05-22 08:31:51,7,15,15,0,"fit: 4, efit: 5","fit: 4, efit: 5",,,,0,0,0,0,1,,
2026-05-22 08:46:57,7,15,15,0,"fit: 4, efit: 4","fit: 4, efit: 4",,,,0,0,0,0,1,,
2026-05-22 08:51:58,7,15,15,0,"fit: 4, efit: 3","fit: 4, efit: 3",,,,0,0,0,0,1,,
2026-05-22 09:12:01,7,15,15,0,"fit: 4, efit: 2","fit: 4, efit: 2",,,,0,0,0,0,1,,
2026-05-22 09:22:02,7,15,15,0,"fit: 3, efit: 2","fit: 3, efit: 2",,,,0,0,0,0,1,,
2026-05-22 09:32:04,7,15,15,0,"fit: 3, efit: 1","fit: 3, efit: 1",,,,0,0,0,0,1,,
2026-05-22 10:08:32,7,15,15,0,"fit: 3, efit: 2","fit: 3, efit: 2",,,,0,0,0,0,1,,
2026-05-22 10:52:14,7,15,15,0,"fit: 3, efit: 1","fit: 3, efit: 1",,,,0,0,0,0,1,,
2026-05-22 11:02:16,7,15,15,0,fit: 3,fit: 3,,,,0,0,0,0,1,,
2026-05-22 11:37:21,7,15,15,0,"fit: 3, efit: 1","fit: 3, efit: 1",,,,0,0,0,0,1,,
2026-05-22 12:12:55,7,15,15,0,"fit: 3, efit: 2","fit: 3, efit: 2",,,,0,0,0,0,1,,
2026-05-22 12:17:26,7,15,15,0,"fit: 3, efit: 3","fit: 3, efit: 3",,,,0,0,0,0,1,,
2026-05-22 12:22:27,7,15,15,0,"fit: 3, efit: 2","fit: 3, efit: 2",,,,0,0,0,0,1,,
2026-05-22 12:28:56,7,15,15,0,"fit: 3, efit: 1","fit: 3, efit: 1",,,,0,0,0,0,1,,
2026-05-22 12:57:34,7,15,15,0,"fit: 3, efit: 2","fit: 3, efit: 2",,,,0,0,0,0,1,,
2026-05-22 13:04:02,7,15,15,0,"fit: 3, efit: 3","fit: 3, efit: 3",,,,0,0,0,0,1,,
2026-05-22 13:44:09,7,15,15,0,"fit: 3, efit: 5","fit: 3, efit: 5",,,,0,0,0,0,1,,
2026-05-22 13:52:42,7,15,15,0,"fit: 3, efit: 6","fit: 3, efit: 6",,,,0,0,0,0,1,,
2026-05-22 13:58:17,7,15,15,0,"fit: 3, efit: 5","fit: 3, efit: 5",,,,0,0,0,0,1,,
2026-05-22 14:02:43,7,15,15,0,"fit: 3, efit: 6","fit: 3, efit: 6",,,,0,0,0,0,1,,
2026-05-22 14:28:23,7,15,15,0,"fit: 3, efit: 4","fit: 3, efit: 4",,,,0,0,0,0,1,,
2026-05-22 14:47:52,7,15,15,0,"fit: 3, efit: 3","fit: 3, efit: 3",,,,0,0,0,0,1,,
2026-05-22 14:59:22,7,15,15,0,"fit: 3, efit: 4","fit: 3, efit: 4",,,,0,0,0,0,1,,
2026-05-22 15:02:54,7,15,15,0,"fit: 3, efit: 3","fit: 3, efit: 3",,,,0,0,0,0,1,,
2026-05-22 15:09:24,7,15,15,0,"fit: 3, efit: 2","fit: 3, efit: 2",,,,0,0,0,0,1,,
2026-05-22 15:22:57,7,15,15,0,"fit: 3, efit: 3","fit: 3, efit: 3",,,,0,0,0,0,1,,
2026-05-22 15:27:58,7,15,15,0,"fit: 3, efit: 2","fit: 3, efit: 2",,,,0,0,0,0,1,,
2026-05-22 15:38:38,7,15,15,0,"fit: 3, efit: 3","fit: 3, efit: 3",,,,0,0,0,0,1,,
2026-05-22 15:43:00,7,15,15,0,"fit: 3, efit: 2","fit: 3, efit: 2",,,,0,0,0,0,1,,
2026-05-22 16:08:03,7,15,15,0,"fit: 3, efit: 1","fit: 3, efit: 1",,,,0,0,0,0,1,,
2026-05-22 16:58:10,7,15,15,0,"fit: 3, efit: 3","fit: 3, efit: 3",,,,0,0,0,0,1,,
2026-05-22 17:48:17,7,15,15,0,"fit: 3, efit: 2","fit: 3, efit: 2",,,,0,0,0,0,1,,
2026-05-22 18:03:19,7,15,15,0,"fit: 3, efit: 3","fit: 3, efit: 3",,,,0,0,0,0,1,,
2026-05-22 18:08:20,7,15,15,0,"fit: 3, efit: 4","fit: 3, efit: 4",,,,0,0,0,0,1,,
2026-05-22 19:48:34,7,15,15,0,"fit: 3, efit: 5","fit: 3, efit: 5",,,,0,0,0,0,1,,
2026-05-22 20:08:36,7,15,15,0,"fit: 3, efit: 6","fit: 3, efit: 6",,,,0,0,0,0,1,,
2026-05-22 20:09:35,7,15,15,0,"fit: 3, efit: 5","fit: 3, efit: 5",,,,0,0,0,0,1,,
2026-05-22 20:29:39,7,15,15,0,"fit: 3, efit: 6","fit: 3, efit: 6",,,,0,0,0,0,1,,
2026-05-22 21:03:44,7,15,15,0,"fit: 3, efit: 5","fit: 3, efit: 5",,,,0,0,0,0,1,,
2026-05-22 21:15:32,7,15,15,0,"fit: 3, efit: 6","fit: 3, efit: 6",,,,0,0,0,0,1,,
2026-05-23 00:00:21,7,15,15,0,"fit: 3, efit: 6","fit: 3, efit: 6",,,,0,0,0,0,1,,
2026-05-23 07:45:08,7,15,15,0,"fit: 3, efit: 5","fit: 3, efit: 5",,,,0,0,0,0,1,,
2026-05-23 08:40:16,7,15,15,0,"fit: 3, efit: 6","fit: 3, efit: 6",,,,0,0,0,0,1,,
2026-05-23 10:20:29,7,15,15,0,"fit: 3, efit: 5","fit: 3, efit: 5",,,,0,0,0,0,1,,
2026-05-23 10:40:32,7,15,15,0,"fit: 3, efit: 4","fit: 3, efit: 4",,,,0,0,0,0,1,,
2026-05-23 10:50:34,7,15,15,0,"fit: 3, efit: 3","fit: 3, efit: 3",,,,0,0,0,0,1,,
2026-05-23 11:17:55,7,15,15,0,"fit: 3, efit: 2","fit: 3, efit: 2",,,,0,0,0,0,1,,
2026-05-23 11:20:38,7,15,15,0,"fit: 3, efit: 1","fit: 3, efit: 1",,,,0,0,0,0,1,,
2026-05-23 11:22:35,7,15,15,0,fit: 3,fit: 3,,,,0,0,0,0,1,,
2026-05-23 11:42:39,7,15,15,0,"fit: 3, efit: 1","fit: 3, efit: 1",,,,0,0,0,0,1,,
2026-05-23 13:10:53,7,15,15,0,"fit: 3, efit: 2","fit: 3, efit: 2",,,,0,0,0,0,1,,
2026-05-23 13:25:55,7,15,15,0,"fit: 3, efit: 1","fit: 3, efit: 1",,,,0,0,0,0,1,,
2026-05-23 13:50:58,7,15,15,0,"fit: 3, efit: 2","fit: 3, efit: 2",,,,0,0,0,0,1,,
2026-05-23 14:48:16,7,15,15,0,"fit: 3, efit: 3","fit: 3, efit: 3",,,,0,0,0,0,1,,
2026-05-23 15:41:13,7,15,15,0,"fit: 3, efit: 2","fit: 3, efit: 2",,,,0,0,0,0,1,,
2026-05-23 16:01:16,7,15,15,0,"fit: 3, efit: 1","fit: 3, efit: 1",,,,0,0,0,0,1,,
2026-05-23 16:03:31,7,15,15,0,"fit: 3, efit: 2","fit: 3, efit: 2",,,,0,0,0,0,1,,
2026-05-23 16:21:19,7,15,15,0,"fit: 3, efit: 1","fit: 3, efit: 1",,,,0,0,0,0,1,,
2026-05-23 16:48:40,7,15,15,0,"fit: 3, efit: 2","fit: 3, efit: 2",,,,0,0,0,0,1,,
2026-05-23 17:36:29,7,15,15,0,"fit: 3, efit: 1","fit: 3, efit: 1",,,,0,0,0,0,1,,
2026-05-23 18:08:56,7,15,15,0,"fit: 1, efit: 1","fit: 1, efit: 1",,,,0,0,0,0,1,,
2026-05-23 18:13:57,7,15,15,0,fit: 1,fit: 1,,,,0,0,0,0,1,,
2026-05-23 18:31:36,7,15,15,0,"fit: 1, efit: 1","fit: 1, efit: 1",,,,0,0,0,0,1,,
2026-05-23 21:39:37,7,15,15,0,"fit: 1, efit: 3","fit: 1, efit: 3",,,,0,0,0,0,1,,
2026-05-23 21:54:40,7,15,15,0,"fit: 1, efit: 4","fit: 1, efit: 4",,,,0,0,0,0,1,,
2026-05-23 22:24:46,7,15,15,0,"fit: 1, efit: 3","fit: 1, efit: 3",,,,0,0,0,0,1,,
2026-05-23 22:44:50,7,15,15,0,"fit: 1, efit: 4","fit: 1, efit: 4",,,,0,0,0,0,1,,
2026-05-23 23:54:59,7,15,15,0,"fit: 2, efit: 3","fit: 2, efit: 3",,,,0,0,0,0,1,,
