Date Time,Station ID,Expected Station Size,Total Docks Installed,Number of Faulty Docks,Total Bikes At Station Per Model,Number of Available Bikes Per Model,Number of Inoperative Bikes Per Model,Geofence Occupancy Ratio,Geofence Capacity,Geofence Total Bikes,Geofence Available Bikes,Geofence Operative Bikes,Geofence Inoperative Bikes,Station Groups,Station Cluster,Station Crown
2025-11-30 00:01:54,58,19,19,0,"fit: 2, efit: 3","fit: 2, efit: 3",,,,0,0,0,0,2,,
2025-11-30 02:35:13,58,19,19,0,"fit: 2, efit: 4","fit: 2, efit: 4",,,,0,0,0,0,2,,
2025-11-30 04:22:48,58,19,19,0,"fit: 2, efit: 4","fit: 2, efit: 3",,,,0,0,0,0,2,,
2025-11-30 09:33:53,58,19,19,0,"fit: 2, efit: 3","fit: 2, efit: 3",,,,0,0,0,0,2,,
2025-11-30 09:36:28,58,19,19,0,"fit: 2, efit: 4","fit: 2, efit: 4",,,,0,0,0,0,2,,
2025-11-30 11:54:22,58,19,19,0,"fit: 2, efit: 5","fit: 2, efit: 5",,,,0,0,0,0,2,,
2025-11-30 14:34:56,58,19,19,0,"fit: 2, efit: 4","fit: 2, efit: 4",,,,0,0,0,0,2,,
2025-11-30 14:47:25,58,19,19,0,"fit: 2, efit: 5","fit: 2, efit: 5",,,,0,0,0,0,2,,
2025-11-30 17:45:37,58,19,19,0,"fit: 2, efit: 5","fit: 2, efit: 4",,,,0,0,0,0,2,,
2025-11-30 21:26:23,58,19,19,0,"fit: 2, efit: 5","fit: 2, efit: 5",,,,0,0,0,0,2,,
2025-11-30 21:31:24,58,19,19,0,"fit: 2, efit: 5","fit: 2, efit: 4",,,,0,0,0,0,2,,
2025-11-30 22:16:33,58,19,19,0,"fit: 2, efit: 6","fit: 2, efit: 5",,,,0,0,0,0,2,,
2025-12-01 00:01:55,58,19,19,0,"fit: 2, efit: 6","fit: 2, efit: 5",,,,0,0,0,0,2,,
2025-12-01 08:10:31,58,19,19,0,"fit: 2, efit: 5","fit: 2, efit: 4",,,,0,0,0,0,2,,
2025-12-01 08:25:34,58,19,19,0,"fit: 2, efit: 4","fit: 2, efit: 3",,,,0,0,0,0,2,,
2025-12-01 08:48:10,58,19,19,0,"fit: 2, efit: 3","fit: 2, efit: 2",,,,0,0,0,0,2,,
2025-12-01 09:05:42,58,19,19,0,"fit: 2, efit: 2","fit: 2, efit: 2",,,,0,0,0,0,2,,
2025-12-01 09:53:19,58,19,19,0,"fit: 2, efit: 1","fit: 2, efit: 1",,,,0,0,0,0,2,,
2025-12-01 16:10:17,58,19,19,0,"fit: 2, efit: 2","fit: 2, efit: 2",,,,0,0,0,0,2,,
2025-12-01 17:20:33,58,19,19,0,"fit: 2, efit: 3","fit: 2, efit: 3",,,,0,0,0,0,2,,
2025-12-01 17:37:18,58,19,19,0,"fit: 2, efit: 2","fit: 2, efit: 2",,,,0,0,0,0,2,,
2025-12-01 18:42:31,58,19,19,0,"fit: 2, efit: 3","fit: 2, efit: 3",,,,0,0,0,0,2,,
2025-12-02 00:00:14,58,19,19,0,"fit: 2, efit: 3","fit: 2, efit: 3",,,,0,0,0,0,2,,
2025-12-02 09:58:58,58,19,19,0,,,,,,0,0,0,0,2,,
2025-12-02 10:03:59,58,19,19,0,efit: 2,efit: 2,,,,0,0,0,0,2,,
2025-12-02 10:05:19,58,19,19,0,"fit: 2, efit: 3","fit: 2, efit: 3",,,,0,0,0,0,2,,
2025-12-02 16:45:25,58,19,19,0,"fit: 2, efit: 4","fit: 2, efit: 4",,,,0,0,0,0,2,,
2025-12-02 18:46:55,58,19,19,0,"fit: 1, efit: 4","fit: 1, efit: 4",,,,0,0,0,0,2,,
2025-12-02 20:02:57,58,19,19,0,"fit: 1, efit: 3","fit: 1, efit: 3",,,,0,0,0,0,2,,
2025-12-03 00:01:57,58,19,19,0,"fit: 1, efit: 3","fit: 1, efit: 3",,,,0,0,0,0,2,,
2025-12-03 03:02:34,58,19,19,0,"fit: 1, efit: 3","fit: 1, efit: 2",,,,0,0,0,0,2,,
2025-12-03 04:52:58,58,19,19,0,"fit: 1, efit: 2","fit: 1, efit: 1",,,,0,0,0,0,2,,
2025-12-03 05:59:16,58,19,19,0,"fit: 1, efit: 1",fit: 1,,,,0,0,0,0,2,,
2025-12-03 08:22:40,58,19,19,0,efit: 1,,,,,0,0,0,0,2,,
2025-12-03 10:14:51,58,19,19,0,"fit: 2, efit: 1",fit: 2,,,,0,0,0,0,2,,
2025-12-03 10:15:10,58,19,19,0,"fit: 4, efit: 1",fit: 4,,,,0,0,0,0,2,,
2025-12-03 10:18:05,58,19,19,0,"fit: 4, efit: 1","fit: 4, efit: 1",,,,0,0,0,0,2,,
2025-12-03 15:24:10,58,19,19,0,"fit: 4, efit: 2","fit: 4, efit: 2",,,,0,0,0,0,2,,
2025-12-03 16:06:14,58,19,19,0,"fit: 4, efit: 1","fit: 4, efit: 1",,,,0,0,0,0,2,,
2025-12-03 16:28:23,58,19,19,0,"fit: 4, efit: 2","fit: 4, efit: 2",,,,0,0,0,0,2,,
2025-12-03 16:51:22,58,19,19,0,"fit: 4, efit: 3","fit: 4, efit: 3",,,,0,0,0,0,2,,
2025-12-03 17:03:28,58,19,19,0,"fit: 4, efit: 4","fit: 4, efit: 4",,,,0,0,0,0,2,,
2025-12-03 17:11:26,58,19,19,0,"fit: 4, efit: 3","fit: 4, efit: 3",,,,0,0,0,0,2,,
2025-12-03 20:13:54,58,19,19,0,"fit: 4, efit: 4","fit: 4, efit: 4",,,,0,0,0,0,2,,
2025-12-04 00:01:00,58,19,19,0,"fit: 4, efit: 4","fit: 4, efit: 4",,,,0,0,0,0,2,,
2025-12-04 08:17:43,58,19,19,0,"fit: 4, efit: 3","fit: 4, efit: 3",,,,0,0,0,0,2,,
2025-12-04 10:17:18,58,19,19,0,"fit: 4, efit: 4","fit: 4, efit: 4",,,,0,0,0,0,2,,
2025-12-04 10:22:19,58,19,19,0,"fit: 4, efit: 5","fit: 4, efit: 5",,,,0,0,0,0,2,,
2025-12-04 10:24:29,58,19,19,0,"fit: 4, efit: 4","fit: 4, efit: 4",,,,0,0,0,0,2,,
2025-12-04 10:30:51,58,19,19,0,"fit: 4, efit: 3","fit: 4, efit: 3",,,,0,0,0,0,2,,
2025-12-04 12:07:42,58,19,19,0,"fit: 4, efit: 4","fit: 4, efit: 4",,,,0,0,0,0,2,,
2025-12-04 16:13:34,58,19,19,0,"fit: 4, efit: 3","fit: 4, efit: 3",,,,0,0,0,0,2,,
2025-12-04 16:46:43,58,19,19,0,"fit: 4, efit: 4","fit: 4, efit: 4",,,,0,0,0,0,2,,
2025-12-04 16:56:44,58,19,19,0,"fit: 4, efit: 5","fit: 4, efit: 5",,,,0,0,0,0,2,,
2025-12-05 00:00:11,58,19,19,0,"fit: 4, efit: 5","fit: 4, efit: 5",,,,0,0,0,0,2,,
2025-12-05 08:57:03,58,19,19,0,"fit: 4, efit: 4","fit: 4, efit: 4",,,,0,0,0,0,2,,
2025-12-05 12:44:11,58,19,19,0,"fit: 4, efit: 5","fit: 4, efit: 5",,,,0,0,0,0,2,,
2025-12-05 13:53:06,58,19,19,0,"fit: 4, efit: 4","fit: 4, efit: 4",,,,0,0,0,0,2,,
2025-12-05 13:54:24,58,19,19,0,"fit: 4, efit: 5","fit: 4, efit: 5",,,,0,0,0,0,2,,
2025-12-06 00:00:16,58,19,19,0,"fit: 4, efit: 5","fit: 4, efit: 5",,,,0,0,0,0,2,,
2025-12-06 00:41:06,58,19,19,0,"fit: 4, efit: 6","fit: 4, efit: 6",,,,0,0,0,0,2,,
2025-12-06 03:41:02,58,19,19,0,"fit: 4, efit: 6","fit: 4, efit: 5",,,,0,0,0,0,2,,
2025-12-06 11:40:56,58,19,19,0,"fit: 4, efit: 5","fit: 4, efit: 4",,,,0,0,0,0,2,,
2025-12-06 14:01:21,58,19,19,0,"fit: 4, efit: 4","fit: 4, efit: 4",,,,0,0,0,0,2,,
2025-12-06 14:06:22,58,19,19,0,"fit: 4, efit: 5","fit: 4, efit: 5",,,,0,0,0,0,2,,
2025-12-06 15:18:03,58,19,19,0,"fit: 4, efit: 4","fit: 4, efit: 4",,,,0,0,0,0,2,,
2025-12-06 16:23:12,58,19,19,0,"fit: 4, efit: 5","fit: 4, efit: 5",,,,0,0,0,0,2,,
2025-12-07 00:00:16,58,19,19,0,"fit: 4, efit: 5","fit: 4, efit: 5",,,,0,0,0,0,2,,
2025-12-07 11:12:37,58,19,19,0,"fit: 4, efit: 6","fit: 4, efit: 6",,,,0,0,0,0,2,,
2025-12-07 11:15:06,58,19,19,0,"fit: 5, efit: 6","fit: 5, efit: 6",,,,0,0,0,0,2,,
2025-12-07 13:13:03,58,19,19,0,"fit: 5, efit: 5","fit: 5, efit: 5",,,,0,0,0,0,2,,
2025-12-07 17:11:11,58,19,19,0,"fit: 5, efit: 4","fit: 5, efit: 4",,,,0,0,0,0,2,,
2025-12-07 17:31:14,58,19,19,0,"fit: 5, efit: 5","fit: 5, efit: 5",,,,0,0,0,0,2,,
2025-12-07 18:14:07,58,19,19,0,"fit: 5, efit: 4","fit: 5, efit: 4",,,,0,0,0,0,2,,
2025-12-07 19:59:30,58,19,19,0,"fit: 5, efit: 3","fit: 5, efit: 3",,,,0,0,0,0,2,,
2025-12-07 20:39:38,58,19,19,0,"fit: 5, efit: 3","fit: 5, efit: 2",,,,0,0,0,0,2,,
2025-12-07 22:19:59,58,19,19,0,"fit: 5, efit: 4","fit: 5, efit: 3",,,,0,0,0,0,2,,
2025-12-08 00:00:20,58,19,19,0,"fit: 5, efit: 4","fit: 5, efit: 3",,,,0,0,0,0,2,,
2025-12-08 07:21:52,58,19,19,0,"fit: 5, efit: 5","fit: 5, efit: 4",,,,0,0,0,0,2,,
2025-12-08 07:31:54,58,19,19,0,"fit: 5, efit: 4","fit: 5, efit: 3",,,,0,0,0,0,2,,
2025-12-08 07:41:56,58,19,19,0,"fit: 5, efit: 4","fit: 5, efit: 2",,,,0,0,0,0,2,,
2025-12-08 08:22:06,58,19,19,0,"fit: 5, efit: 3","fit: 5, efit: 1",,,,0,0,0,0,2,,
2025-12-08 08:32:08,58,19,19,0,"fit: 5, efit: 2",fit: 5,,,,0,0,0,0,2,,
2025-12-08 09:12:16,58,19,19,0,fit: 5,fit: 5,,,,0,0,0,0,2,,
2025-12-08 09:13:40,58,19,19,0,"fit: 5, efit: 2","fit: 5, efit: 2",,,,0,0,0,0,2,,
2025-12-08 09:57:26,58,19,19,0,"fit: 5, efit: 1","fit: 5, efit: 1",,,,0,0,0,0,2,,
2025-12-08 13:48:16,58,19,19,0,"fit: 5, efit: 2","fit: 5, efit: 2",,,,0,0,0,0,2,,
2025-12-08 14:49:56,58,19,19,0,"fit: 5, efit: 1","fit: 5, efit: 1",,,,0,0,0,0,2,,
2025-12-08 15:33:38,58,19,19,0,fit: 5,fit: 5,,,,0,0,0,0,2,,
2025-12-08 16:38:53,58,19,19,0,"fit: 5, efit: 1","fit: 5, efit: 1",,,,0,0,0,0,2,,
2025-12-08 16:58:57,58,19,19,0,"fit: 5, efit: 2","fit: 5, efit: 2",,,,0,0,0,0,2,,
2025-12-09 00:00:30,58,19,19,0,"fit: 5, efit: 2","fit: 5, efit: 2",,,,0,0,0,0,2,,
2025-12-09 08:11:49,58,19,19,0,"fit: 5, efit: 1","fit: 5, efit: 1",,,,0,0,0,0,2,,
2025-12-09 08:36:52,58,19,19,0,fit: 5,fit: 5,,,,0,0,0,0,2,,
2025-12-09 09:21:58,58,19,19,0,"fit: 5, efit: 1","fit: 5, efit: 1",,,,0,0,0,0,2,,
2025-12-09 10:22:07,58,19,19,0,fit: 5,fit: 5,,,,0,0,0,0,2,,
2025-12-09 13:52:36,58,19,19,0,"fit: 5, efit: 2","fit: 5, efit: 2",,,,0,0,0,0,2,,
2025-12-09 14:32:42,58,19,19,0,"fit: 5, efit: 3","fit: 5, efit: 3",,,,0,0,0,0,2,,
2025-12-09 14:44:10,58,19,19,0,"fit: 5, efit: 4","fit: 5, efit: 4",,,,0,0,0,0,2,,
2025-12-09 15:09:14,58,19,19,0,"fit: 5, efit: 2","fit: 5, efit: 2",,,,0,0,0,0,2,,
2025-12-09 15:18:39,58,19,19,0,"fit: 5, efit: 1","fit: 5, efit: 1",,,,0,0,0,0,2,,
2025-12-09 15:58:47,58,19,19,0,fit: 5,fit: 5,,,,0,0,0,0,2,,
2025-12-09 16:43:00,58,19,19,0,"fit: 5, efit: 1","fit: 5, efit: 1",,,,0,0,0,0,2,,
2025-12-09 16:49:32,58,19,19,0,"fit: 5, efit: 2","fit: 5, efit: 2",,,,0,0,0,0,2,,
2025-12-09 17:03:03,58,19,19,0,"fit: 5, efit: 4","fit: 5, efit: 4",,,,0,0,0,0,2,,
2025-12-09 17:38:08,58,19,19,0,"fit: 5, efit: 5","fit: 5, efit: 5",,,,0,0,0,0,2,,
2025-12-09 22:23:47,58,19,19,0,"fit: 5, efit: 6","fit: 5, efit: 6",,,,0,0,0,0,2,,
2025-12-10 00:00:30,58,19,19,0,"fit: 5, efit: 6","fit: 5, efit: 6",,,,0,0,0,0,2,,
2025-12-10 03:06:10,58,19,19,0,"fit: 3, efit: 4","fit: 3, efit: 4",,,,0,0,0,0,2,,
2025-12-10 03:06:22,58,19,19,0,"fit: 5, efit: 6","fit: 5, efit: 6",,,,0,0,0,0,2,,
2025-12-10 05:44:47,58,19,19,0,"fit: 5, efit: 5","fit: 5, efit: 5",,,,0,0,0,0,2,,
2025-12-10 08:20:10,58,19,19,0,"fit: 5, efit: 4","fit: 5, efit: 4",,,,0,0,0,0,2,,
2025-12-10 08:35:12,58,19,19,0,"fit: 5, efit: 3","fit: 5, efit: 3",,,,0,0,0,0,2,,
2025-12-10 14:16:01,58,19,19,0,"fit: 5, efit: 4","fit: 5, efit: 4",,,,0,0,0,0,2,,
2025-12-10 15:23:29,58,19,19,0,"fit: 5, efit: 5","fit: 5, efit: 5",,,,0,0,0,0,2,,
2025-12-10 17:03:46,58,19,19,0,"fit: 5, efit: 6","fit: 5, efit: 6",,,,0,0,0,0,2,,
2025-12-10 18:06:32,58,19,19,0,"fit: 5, efit: 7","fit: 5, efit: 7",,,,0,0,0,0,2,,
2025-12-11 00:00:27,58,19,19,0,"fit: 5, efit: 7","fit: 5, efit: 7",,,,0,0,0,0,2,,
2025-12-11 07:41:21,58,19,19,0,"fit: 5, efit: 6","fit: 5, efit: 6",,,,0,0,0,0,2,,
2025-12-11 08:12:11,58,19,19,0,"fit: 5, efit: 5","fit: 5, efit: 5",,,,0,0,0,0,2,,
2025-12-11 08:38:30,58,19,19,0,"fit: 5, efit: 4","fit: 5, efit: 4",,,,0,0,0,0,2,,
2025-12-11 08:43:30,58,19,19,0,"fit: 5, efit: 3","fit: 5, efit: 3",,,,0,0,0,0,2,,
2025-12-11 12:18:03,58,19,19,0,"fit: 5, efit: 4","fit: 5, efit: 4",,,,0,0,0,0,2,,
2025-12-11 14:57:39,58,19,19,0,"fit: 5, efit: 4","fit: 5, efit: 3",,,,0,0,0,0,2,,
2025-12-11 17:38:08,58,19,19,0,"fit: 5, efit: 5","fit: 5, efit: 4",,,,0,0,0,0,2,,
2025-12-11 17:48:09,58,19,19,0,"fit: 5, efit: 4","fit: 5, efit: 3",,,,0,0,0,0,2,,
2025-12-11 17:53:10,58,19,19,0,"fit: 5, efit: 5","fit: 5, efit: 4",,,,0,0,0,0,2,,
2025-12-11 17:58:11,58,19,19,0,"fit: 5, efit: 6","fit: 5, efit: 5",,,,0,0,0,0,2,,
2025-12-11 19:18:05,58,19,19,0,"fit: 5, efit: 6","fit: 5, efit: 4",,,,0,0,0,0,2,,
2025-12-11 20:35:09,58,19,19,0,"fit: 5, efit: 7","fit: 5, efit: 5",,,,0,0,0,0,2,,
2025-12-12 00:02:32,58,19,19,0,"fit: 5, efit: 7","fit: 5, efit: 5",,,,0,0,0,0,2,,
2025-12-12 08:43:49,58,19,19,0,"fit: 5, efit: 6","fit: 5, efit: 4",,,,0,0,0,0,2,,
2025-12-12 13:04:27,58,19,19,0,"fit: 5, efit: 7","fit: 5, efit: 5",,,,0,0,0,0,2,,
2025-12-12 13:06:27,58,19,19,0,"fit: 5, efit: 6","fit: 5, efit: 4",,,,0,0,0,0,2,,
2025-12-12 13:09:28,58,19,19,0,"fit: 5, efit: 5","fit: 5, efit: 5",,,,0,0,0,0,2,,
2025-12-12 13:11:28,58,19,19,0,"fit: 5, efit: 6","fit: 5, efit: 6",,,,0,0,0,0,2,,
2025-12-12 13:41:33,58,19,19,0,"fit: 5, efit: 7","fit: 5, efit: 7",,,,0,0,0,0,2,,
2025-12-12 13:44:33,58,19,19,0,"fit: 5, efit: 6","fit: 5, efit: 6",,,,0,0,0,0,2,,
2025-12-12 15:34:48,58,19,19,0,"fit: 5, efit: 5","fit: 5, efit: 5",,,,0,0,0,0,2,,
2025-12-12 16:42:53,58,19,19,0,"fit: 5, efit: 6","fit: 5, efit: 6",,,,0,0,0,0,2,,
2025-12-12 17:15:03,58,19,19,0,"fit: 5, efit: 7","fit: 5, efit: 7",,,,0,0,0,0,2,,
2025-12-12 17:23:00,58,19,19,0,"fit: 5, efit: 6","fit: 5, efit: 6",,,,0,0,0,0,2,,
2025-12-12 21:05:36,58,19,19,0,"fit: 5, efit: 5","fit: 5, efit: 5",,,,0,0,0,0,2,,
2025-12-13 00:01:01,58,19,19,0,"fit: 5, efit: 5","fit: 5, efit: 5",,,,0,0,0,0,2,,
2025-12-13 08:51:55,58,19,19,0,"fit: 5, efit: 6","fit: 5, efit: 6",,,,0,0,0,0,2,,
2025-12-13 09:25:41,58,19,19,0,"fit: 5, efit: 5","fit: 5, efit: 5",,,,0,0,0,0,2,,
2025-12-13 09:35:43,58,19,19,0,"fit: 5, efit: 4","fit: 5, efit: 4",,,,0,0,0,0,2,,
2025-12-13 10:37:21,58,19,19,0,"fit: 5, efit: 3","fit: 5, efit: 3",,,,0,0,0,0,2,,
2025-12-13 11:42:37,58,19,19,0,"fit: 5, efit: 2","fit: 5, efit: 2",,,,0,0,0,0,2,,
2025-12-13 11:52:40,58,19,19,0,"fit: 5, efit: 1","fit: 5, efit: 1",,,,0,0,0,0,2,,
2025-12-13 11:56:07,58,19,19,0,fit: 5,fit: 5,,,,0,0,0,0,2,,
2025-12-13 12:52:49,58,19,19,0,"fit: 5, efit: 1","fit: 5, efit: 1",,,,0,0,0,0,2,,
2025-12-13 15:26:42,58,19,19,0,fit: 5,fit: 5,,,,0,0,0,0,2,,
2025-12-13 23:39:20,58,19,19,0,"fit: 5, efit: 1","fit: 5, efit: 1",,,,0,0,0,0,2,,
2025-12-14 00:00:34,58,19,19,0,"fit: 5, efit: 1","fit: 5, efit: 1",,,,0,0,0,0,2,,
2025-12-14 12:41:10,58,19,19,0,fit: 5,fit: 5,,,,0,0,0,0,2,,
2025-12-14 12:43:36,58,19,19,0,"fit: 5, efit: 1","fit: 5, efit: 1",,,,0,0,0,0,2,,
2025-12-14 20:00:21,58,19,19,0,fit: 5,fit: 5,,,,0,0,0,0,2,,
2025-12-14 22:21:51,58,19,19,0,"fit: 5, efit: 1","fit: 5, efit: 1",,,,0,0,0,0,2,,
2025-12-15 00:01:19,58,19,19,0,"fit: 5, efit: 1","fit: 5, efit: 1",,,,0,0,0,0,2,,
2025-12-15 05:12:34,58,19,19,0,"fit: 5, efit: 2","fit: 5, efit: 2",,,,0,0,0,0,2,,
2025-12-15 09:13:31,58,19,19,0,"fit: 4, efit: 2","fit: 4, efit: 2",,,,0,0,0,0,2,,
2025-12-15 15:04:35,58,19,19,0,"fit: 4, efit: 1","fit: 4, efit: 1",,,,0,0,0,0,2,,
2025-12-15 15:30:33,58,19,19,0,"fit: 4, efit: 2","fit: 4, efit: 1",,,,0,0,0,0,2,,
2025-12-16 00:02:02,58,19,19,0,"fit: 4, efit: 2","fit: 4, efit: 1",,,,0,0,0,0,2,,
2025-12-16 15:20:17,58,19,19,0,"fit: 4, efit: 1","fit: 4, efit: 1",,,,0,0,0,0,2,,
2025-12-16 15:26:27,58,19,19,0,"fit: 4, efit: 2","fit: 4, efit: 2",,,,0,0,0,0,2,,
2025-12-16 15:30:20,58,19,19,0,"fit: 6, efit: 2","fit: 6, efit: 2",,,,0,0,0,0,2,,
2025-12-16 15:54:30,58,19,19,0,"fit: 6, efit: 3","fit: 6, efit: 3",,,,0,0,0,0,2,,
2025-12-16 15:56:32,58,19,19,0,"fit: 6, efit: 2","fit: 6, efit: 2",,,,0,0,0,0,2,,
2025-12-16 16:54:40,58,19,19,0,"fit: 6, efit: 3","fit: 6, efit: 2",,,,0,0,0,0,2,,
2025-12-16 16:55:37,58,19,19,0,"fit: 6, efit: 2","fit: 6, efit: 1",,,,0,0,0,0,2,,
2025-12-16 18:14:52,58,19,19,0,"fit: 6, efit: 1",fit: 6,,,,0,0,0,0,2,,
2025-12-16 18:24:54,58,19,19,0,"fit: 6, efit: 2","fit: 6, efit: 1",,,,0,0,0,0,2,,
2025-12-16 19:01:03,58,19,19,0,"fit: 6, efit: 3","fit: 6, efit: 2",,,,0,0,0,0,2,,
2025-12-17 00:00:47,58,19,19,0,"fit: 6, efit: 3","fit: 6, efit: 2",,,,0,0,0,0,2,,
2025-12-17 06:11:45,58,19,19,0,"fit: 6, efit: 2","fit: 6, efit: 1",,,,0,0,0,0,2,,
2025-12-17 08:42:09,58,19,19,0,"fit: 6, efit: 2","fit: 5, efit: 1",fit: 1,,,0,0,0,0,2,,
2025-12-17 10:09:04,58,19,19,0,"fit: 5, efit: 2","fit: 5, efit: 1",efit: 1,,,0,0,0,0,2,,
2025-12-17 10:09:37,58,19,19,0,"fit: 5, efit: 2","fit: 5, efit: 2",,,,0,0,0,0,2,,
2025-12-17 10:12:24,58,19,19,0,"fit: 5, efit: 1","fit: 5, efit: 1",,,,0,0,0,0,2,,
2025-12-17 13:07:52,58,19,19,0,"fit: 5, efit: 2","fit: 5, efit: 2",,,,0,0,0,0,2,,
2025-12-17 14:28:05,58,19,19,0,"fit: 5, efit: 3","fit: 5, efit: 3",,,,0,0,0,0,2,,
2025-12-17 15:28:15,58,19,19,0,"fit: 5, efit: 4","fit: 5, efit: 4",,,,0,0,0,0,2,,
2025-12-17 17:00:28,58,19,19,0,"fit: 5, efit: 5","fit: 5, efit: 5",,,,0,0,0,0,2,,
2025-12-18 00:01:53,58,19,19,0,"fit: 5, efit: 5","fit: 5, efit: 5",,,,0,0,0,0,2,,
2025-12-18 00:06:54,58,19,19,0,"fit: 5, efit: 6","fit: 5, efit: 6",,,,0,0,0,0,2,,
2025-12-18 07:48:21,58,19,19,0,"fit: 5, efit: 5","fit: 5, efit: 5",,,,0,0,0,0,2,,
2025-12-18 08:28:23,58,19,19,0,"fit: 5, efit: 4","fit: 5, efit: 4",,,,0,0,0,0,2,,
2025-12-18 08:43:25,58,19,19,0,"fit: 5, efit: 3","fit: 5, efit: 3",,,,0,0,0,0,2,,
2025-12-18 11:01:14,58,19,19,0,"fit: 5, efit: 2","fit: 5, efit: 2",,,,0,0,0,0,2,,
2025-12-18 11:33:55,58,19,19,0,"fit: 5, efit: 2","fit: 5, efit: 1",,,,0,0,0,0,2,,
2025-12-18 11:51:21,58,19,19,0,"fit: 4, efit: 2","fit: 4, efit: 1",,,,0,0,0,0,2,,
2025-12-18 12:14:02,58,19,19,0,"fit: 5, efit: 2","fit: 5, efit: 1",,,,0,0,0,0,2,,
2025-12-18 14:26:45,58,19,19,0,"fit: 5, efit: 1","fit: 5, efit: 1",,,,0,0,0,0,2,,
2025-12-18 15:21:53,58,19,19,0,"fit: 5, efit: 2","fit: 5, efit: 2",,,,0,0,0,0,2,,
2025-12-18 16:34:46,58,19,19,0,"fit: 5, efit: 1","fit: 5, efit: 1",,,,0,0,0,0,2,,
2025-12-18 16:39:47,58,19,19,0,fit: 5,fit: 5,,,,0,0,0,0,2,,
2025-12-18 16:42:06,58,19,19,0,"fit: 5, efit: 1","fit: 5, efit: 1",,,,0,0,0,0,2,,
2025-12-18 17:07:10,58,19,19,0,fit: 5,fit: 5,,,,0,0,0,0,2,,
2025-12-18 19:35:17,58,19,19,0,fit: 4,fit: 4,,,,0,0,0,0,2,,
2025-12-18 19:37:33,58,19,19,0,fit: 5,fit: 5,,,,0,0,0,0,2,,
2025-12-18 19:42:34,58,19,19,0,fit: 4,fit: 4,,,,0,0,0,0,2,,
2025-12-18 19:45:19,58,19,19,0,fit: 3,fit: 3,,,,0,0,0,0,2,,
2025-12-18 22:00:43,58,19,19,0,fit: 2,fit: 2,,,,0,0,0,0,2,,
2025-12-18 22:01:15,58,19,19,0,fit: 3,fit: 3,,,,0,0,0,0,2,,
2025-12-18 23:28:08,58,19,19,0,"fit: 3, efit: 2","fit: 3, efit: 2",,,,0,0,0,0,2,,
2025-12-19 00:01:04,58,19,19,0,"fit: 3, efit: 2","fit: 3, efit: 2",,,,0,0,0,0,2,,
2025-12-19 08:24:29,58,19,19,0,"fit: 3, efit: 1","fit: 3, efit: 1",,,,0,0,0,0,2,,
2025-12-19 08:52:33,58,19,19,0,fit: 3,fit: 3,,,,0,0,0,0,2,,
2025-12-19 12:30:08,58,19,19,0,fit: 2,fit: 2,,,,0,0,0,0,2,,
2025-12-19 14:43:31,58,19,19,0,"fit: 2, efit: 1","fit: 2, efit: 1",,,,0,0,0,0,2,,
2025-12-19 17:10:51,58,19,19,0,"fit: 2, efit: 2","fit: 2, efit: 2",,,,0,0,0,0,2,,
2025-12-19 18:16:01,58,19,19,0,"fit: 2, efit: 3","fit: 2, efit: 3",,,,0,0,0,0,2,,
2025-12-20 00:00:01,58,19,19,0,"fit: 2, efit: 3","fit: 2, efit: 3",,,,0,0,0,0,2,,
2025-12-20 12:52:07,58,19,19,0,"fit: 2, efit: 2","fit: 2, efit: 2",,,,0,0,0,0,2,,
2025-12-20 13:07:10,58,19,19,0,"fit: 3, efit: 1","fit: 3, efit: 1",,,,0,0,0,0,2,,
2025-12-20 14:52:27,58,19,19,0,fit: 3,fit: 3,,,,0,0,0,0,2,,
2025-12-20 15:12:31,58,19,19,0,"fit: 3, efit: 1","fit: 3, efit: 1",,,,0,0,0,0,2,,
2025-12-20 17:32:54,58,19,19,0,fit: 2,fit: 2,,,,0,0,0,0,2,,
2025-12-21 00:00:31,58,19,19,0,fit: 2,fit: 2,,,,0,0,0,0,2,,
2025-12-21 11:17:12,58,19,19,0,,,,,,0,0,0,0,2,,
2025-12-21 14:06:13,58,19,19,0,efit: 2,efit: 2,,,,0,0,0,0,2,,
2025-12-21 14:46:20,58,19,19,0,,,,,,0,0,0,0,2,,
2025-12-22 00:01:04,58,19,19,0,,,,,,0,0,0,0,2,,
2025-12-22 10:13:08,58,19,19,0,fit: 2,fit: 2,,,,0,0,0,0,2,,
2025-12-22 10:18:09,58,19,19,0,"fit: 2, efit: 2","fit: 2, efit: 2",,,,0,0,0,0,2,,
2025-12-22 10:20:44,58,19,19,0,"fit: 2, efit: 4","fit: 2, efit: 4",,,,0,0,0,0,2,,
2025-12-22 11:54:47,58,19,19,0,"fit: 2, efit: 3","fit: 2, efit: 3",,,,0,0,0,0,2,,
2025-12-22 12:43:39,58,19,19,0,"fit: 2, efit: 4","fit: 2, efit: 4",,,,0,0,0,0,2,,
2025-12-22 14:35:13,58,19,19,0,"fit: 2, efit: 5","fit: 2, efit: 5",,,,0,0,0,0,2,,
2025-12-22 17:45:45,58,19,19,0,"fit: 2, efit: 6","fit: 2, efit: 6",,,,0,0,0,0,2,,
2025-12-23 00:00:56,58,19,19,0,"fit: 2, efit: 6","fit: 2, efit: 6",,,,0,0,0,0,2,,
2025-12-23 06:02:45,58,19,19,0,"fit: 2, efit: 5","fit: 2, efit: 5",,,,0,0,0,0,2,,
2025-12-23 12:43:28,58,19,19,0,"fit: 2, efit: 6","fit: 2, efit: 6",,,,0,0,0,0,2,,
2025-12-23 13:48:41,58,19,19,0,"fit: 2, efit: 5","fit: 2, efit: 5",,,,0,0,0,0,2,,
2025-12-23 16:10:14,58,19,19,0,"fit: 2, efit: 4","fit: 2, efit: 4",,,,0,0,0,0,2,,
2025-12-24 00:00:37,58,19,19,0,"fit: 2, efit: 4","fit: 2, efit: 4",,,,0,0,0,0,2,,
2025-12-24 06:07:21,58,19,19,0,"fit: 2, efit: 3","fit: 2, efit: 3",,,,0,0,0,0,2,,
2025-12-24 10:07:40,58,19,19,0,"fit: 2, efit: 2","fit: 2, efit: 2",,,,0,0,0,0,2,,
2025-12-24 11:43:10,58,19,19,0,"fit: 2, efit: 3","fit: 2, efit: 3",,,,0,0,0,0,2,,
2025-12-24 12:32:37,58,19,19,0,"fit: 2, efit: 2","fit: 2, efit: 2",,,,0,0,0,0,2,,
2025-12-24 15:18:05,58,19,19,0,"fit: 2, efit: 1","fit: 2, efit: 1",,,,0,0,0,0,2,,
2025-12-24 16:33:17,58,19,19,0,"fit: 2, efit: 1",fit: 2,,,,0,0,0,0,2,,
2025-12-24 21:39:06,58,19,19,0,"fit: 2, efit: 2","fit: 2, efit: 1",,,,0,0,0,0,2,,
2025-12-25 00:00:25,58,19,19,0,"fit: 2, efit: 2","fit: 2, efit: 1",,,,0,0,0,0,2,,
2025-12-25 23:23:18,58,19,19,0,"fit: 2, efit: 2",fit: 2,,,,0,0,0,0,2,,
2025-12-26 00:00:15,58,19,19,0,"fit: 2, efit: 2",fit: 2,,,,0,0,0,0,2,,
2025-12-26 04:54:12,58,19,19,0,"fit: 2, efit: 2",fit: 2,efit: 1,,,0,0,0,0,2,,
2025-12-26 23:04:54,58,19,19,0,"fit: 2, efit: 3","fit: 2, efit: 1",efit: 1,,,0,0,0,0,2,,
2025-12-27 00:00:05,58,19,19,0,"fit: 2, efit: 3","fit: 2, efit: 1",efit: 1,,,0,0,0,0,2,,
2025-12-27 01:32:24,58,19,19,0,"fit: 3, efit: 2",fit: 3,efit: 1,,,0,0,0,0,2,,
2025-12-27 10:32:11,58,19,19,0,"fit: 2, efit: 1",fit: 2,,,,0,0,0,0,2,,
2025-12-27 10:33:45,58,19,19,0,"fit: 3, efit: 1","fit: 3, efit: 1",,,,0,0,0,0,2,,
2025-12-27 10:37:12,58,19,19,0,"fit: 3, efit: 2","fit: 3, efit: 2",,,,0,0,0,0,2,,
2025-12-27 10:38:45,58,19,19,0,"fit: 3, efit: 3","fit: 3, efit: 3",,,,0,0,0,0,2,,
2025-12-27 14:07:55,58,19,19,0,"fit: 3, efit: 4","fit: 3, efit: 4",,,,0,0,0,0,2,,
2025-12-27 14:09:18,58,19,19,0,"fit: 3, efit: 3","fit: 3, efit: 3",,,,0,0,0,0,2,,
2025-12-27 14:27:59,58,19,19,0,"fit: 2, efit: 3","fit: 2, efit: 3",,,,0,0,0,0,2,,
2025-12-27 15:08:07,58,19,19,0,"fit: 2, efit: 1","fit: 2, efit: 1",,,,0,0,0,0,2,,
2025-12-27 15:29:46,58,19,19,0,"fit: 2, efit: 3","fit: 2, efit: 3",,,,0,0,0,0,2,,
2025-12-27 21:49:28,58,19,19,0,"fit: 2, efit: 4","fit: 2, efit: 4",,,,0,0,0,0,2,,
2025-12-27 21:54:29,58,19,19,0,"fit: 2, efit: 3","fit: 2, efit: 3",,,,0,0,0,0,2,,
2025-12-28 00:00:49,58,19,19,0,"fit: 2, efit: 3","fit: 2, efit: 3",,,,0,0,0,0,2,,
2025-12-28 13:58:28,58,19,19,0,"fit: 2, efit: 2","fit: 2, efit: 2",,,,0,0,0,0,2,,
2025-12-28 16:33:14,58,19,19,0,"fit: 2, efit: 3","fit: 2, efit: 3",,,,0,0,0,0,2,,
2025-12-28 17:08:21,58,19,19,0,"fit: 2, efit: 3","fit: 2, efit: 2",,,,0,0,0,0,2,,
2025-12-29 00:00:07,58,19,19,0,"fit: 2, efit: 3","fit: 2, efit: 2",,,,0,0,0,0,2,,
2025-12-29 08:15:37,58,19,19,0,"fit: 2, efit: 2","fit: 2, efit: 1",,,,0,0,0,0,2,,
2025-12-29 08:35:40,58,19,19,0,"fit: 2, efit: 1",fit: 2,,,,0,0,0,0,2,,
2025-12-29 11:41:09,58,19,19,0,fit: 2,fit: 2,,,,0,0,0,0,2,,
2025-12-29 11:41:59,58,19,19,0,"fit: 2, efit: 1","fit: 2, efit: 1",,,,0,0,0,0,2,,
2025-12-29 16:40:17,58,19,19,0,"fit: 2, efit: 2","fit: 2, efit: 2",,,,0,0,0,0,2,,
2025-12-29 17:05:21,58,19,19,0,"fit: 2, efit: 3","fit: 2, efit: 3",,,,0,0,0,0,2,,
2025-12-30 00:01:25,58,19,19,0,"fit: 2, efit: 3","fit: 2, efit: 3",,,,0,0,0,0,2,,
2025-12-30 18:37:01,58,19,19,0,"fit: 2, efit: 4","fit: 2, efit: 4",,,,0,0,0,0,2,,
2025-12-30 18:43:09,58,19,19,0,"fit: 2, efit: 3","fit: 2, efit: 3",,,,0,0,0,0,2,,
2025-12-31 00:00:05,58,19,19,0,"fit: 2, efit: 3","fit: 2, efit: 3",,,,0,0,0,0,2,,
2025-12-31 18:45:58,58,19,19,0,"fit: 2, efit: 4","fit: 2, efit: 4",,,,0,0,0,0,2,,
2026-01-01 00:01:50,58,19,19,0,"fit: 2, efit: 4","fit: 2, efit: 4",,,,0,0,0,0,2,,
2026-01-01 04:34:23,58,19,19,0,"fit: 2, efit: 4","fit: 2, efit: 3",,,,0,0,0,0,2,,
2026-01-01 04:34:53,58,19,19,0,"fit: 2, efit: 4","fit: 2, efit: 4",,,,0,0,0,0,2,,
2026-01-01 08:04:55,58,19,19,0,"fit: 2, efit: 4","fit: 2, efit: 3",,,,0,0,0,0,2,,
2026-01-01 21:30:21,58,19,19,0,"fit: 2, efit: 4","fit: 2, efit: 2",efit: 1,,,0,0,0,0,2,,
2026-01-01 21:57:04,58,19,19,0,"fit: 2, efit: 4","fit: 2, efit: 3",,,,0,0,0,0,2,,
2026-01-01 22:35:32,58,19,19,0,"fit: 2, efit: 4","fit: 2, efit: 2",efit: 1,,,0,0,0,0,2,,
2026-01-01 22:43:35,58,19,19,0,"fit: 2, efit: 4","fit: 2, efit: 3",,,,0,0,0,0,2,,
2026-01-01 23:38:46,58,19,19,0,"fit: 2, efit: 4","fit: 2, efit: 2",efit: 1,,,0,0,0,0,2,,
2026-01-02 00:00:46,58,19,19,0,"fit: 2, efit: 4","fit: 2, efit: 2",efit: 1,,,0,0,0,0,2,,
2026-01-02 00:50:54,58,19,19,0,"fit: 2, efit: 4","fit: 2, efit: 3",,,,0,0,0,0,2,,
2026-01-02 09:22:18,58,19,19,0,"fit: 2, efit: 1",fit: 2,,,,0,0,0,0,2,,
2026-01-02 09:23:49,58,19,19,0,,,,,,0,0,0,0,2,,
2026-01-02 09:33:50,58,19,19,0,efit: 1,efit: 1,,,,0,0,0,0,2,,
2026-01-02 09:35:47,58,19,19,0,"fit: 2, efit: 4","fit: 2, efit: 4",,,,0,0,0,0,2,,
2026-01-02 17:52:28,58,19,19,0,"fit: 2, efit: 5","fit: 2, efit: 5",,,,0,0,0,0,2,,
2026-01-03 00:01:07,58,19,19,0,"fit: 2, efit: 5","fit: 2, efit: 5",,,,0,0,0,0,2,,
2026-01-03 07:30:13,58,19,19,0,"fit: 2, efit: 6","fit: 2, efit: 6",,,,0,0,0,0,2,,
2026-01-03 08:52:28,58,19,19,0,"fit: 2, efit: 6","fit: 2, efit: 5",,,,0,0,0,0,2,,
2026-01-04 00:03:35,58,19,19,0,"fit: 2, efit: 6","fit: 2, efit: 5",,,,0,0,0,0,2,,
2026-01-04 04:19:18,58,19,19,0,"fit: 2, efit: 6","fit: 2, efit: 4",,,,0,0,0,0,2,,
2026-01-04 10:50:23,58,19,19,0,"fit: 2, efit: 5","fit: 2, efit: 4",,,,0,0,0,0,2,,
2026-01-04 10:51:26,58,19,19,0,"fit: 2, efit: 5","fit: 2, efit: 5",,,,0,0,0,0,2,,
2026-01-04 10:55:24,58,19,19,0,"fit: 2, efit: 6","fit: 2, efit: 6",,,,0,0,0,0,2,,
2026-01-04 18:16:37,58,19,19,0,"fit: 2, efit: 6","fit: 2, efit: 5",,,,0,0,0,0,2,,
2026-01-05 00:02:34,58,19,19,0,"fit: 2, efit: 6","fit: 2, efit: 5",,,,0,0,0,0,2,,
2026-01-05 09:34:08,58,19,19,0,"fit: 2, efit: 7","fit: 2, efit: 6",,,,0,0,0,0,2,,
2026-01-05 14:10:37,58,19,19,0,"fit: 2, efit: 6","fit: 2, efit: 6",,,,0,0,0,0,2,,
2026-01-05 14:14:55,58,19,19,0,"fit: 2, efit: 7","fit: 2, efit: 7",,,,0,0,0,0,2,,
2026-01-05 17:55:33,58,19,19,0,"fit: 2, efit: 8","fit: 2, efit: 8",,,,0,0,0,0,2,,
2026-01-05 17:57:00,58,19,19,0,"fit: 2, efit: 7","fit: 2, efit: 7",,,,0,0,0,0,2,,
2026-01-06 00:01:33,58,19,19,0,"fit: 2, efit: 7","fit: 2, efit: 7",,,,0,0,0,0,2,,
2026-01-06 00:13:18,58,19,19,0,"fit: 2, efit: 7","fit: 2, efit: 6",,,,0,0,0,0,2,,
2026-01-06 07:37:48,58,19,19,0,"fit: 2, efit: 6","fit: 2, efit: 5",,,,0,0,0,0,2,,
2026-01-06 08:53:01,58,19,19,0,"fit: 2, efit: 5","fit: 2, efit: 4",,,,0,0,0,0,2,,
2026-01-06 13:33:48,58,19,19,0,"fit: 2, efit: 6","fit: 2, efit: 5",,,,0,0,0,0,2,,
2026-01-06 13:34:14,58,19,19,0,"fit: 2, efit: 5","fit: 2, efit: 4",,,,0,0,0,0,2,,
2026-01-06 17:04:47,58,19,19,0,"fit: 2, efit: 6","fit: 2, efit: 5",,,,0,0,0,0,2,,
2026-01-07 00:00:32,58,19,19,0,"fit: 2, efit: 6","fit: 2, efit: 5",,,,0,0,0,0,2,,
2026-01-07 05:39:15,58,19,19,0,"fit: 2, efit: 5","fit: 2, efit: 4",,,,0,0,0,0,2,,
2026-01-07 06:59:32,58,19,19,0,"fit: 2, efit: 5","fit: 2, efit: 3",,,,0,0,0,0,2,,
2026-01-07 08:19:48,58,19,19,0,"fit: 2, efit: 4","fit: 2, efit: 2",,,,0,0,0,0,2,,
2026-01-07 08:29:50,58,19,19,0,"fit: 2, efit: 3","fit: 2, efit: 1",,,,0,0,0,0,2,,
2026-01-07 10:42:17,58,19,19,0,"fit: 2, efit: 2",fit: 2,,,,0,0,0,0,2,,
2026-01-07 12:55:43,58,19,19,0,"fit: 2, efit: 3","fit: 2, efit: 1",,,,0,0,0,0,2,,
2026-01-07 14:47:58,58,19,19,0,"fit: 2, efit: 2","fit: 2, efit: 1",,,,0,0,0,0,2,,
2026-01-07 14:51:07,58,19,19,0,"fit: 2, efit: 3","fit: 2, efit: 3",,,,0,0,0,0,2,,
2026-01-07 15:31:15,58,19,19,0,"fit: 2, efit: 4","fit: 2, efit: 4",,,,0,0,0,0,2,,
2026-01-07 17:01:34,58,19,19,0,"fit: 2, efit: 5","fit: 2, efit: 5",,,,0,0,0,0,2,,
2026-01-07 21:42:31,58,19,19,0,"fit: 2, efit: 6","fit: 2, efit: 6",,,,0,0,0,0,2,,
2026-01-07 22:07:36,58,19,19,0,"fit: 2, efit: 5","fit: 2, efit: 5",,,,0,0,0,0,2,,
2026-01-08 00:02:59,58,19,19,0,"fit: 2, efit: 5","fit: 2, efit: 5",,,,0,0,0,0,2,,
2026-01-08 08:54:47,58,19,19,0,"fit: 2, efit: 4","fit: 2, efit: 4",,,,0,0,0,0,2,,
2026-01-08 11:35:21,58,19,19,0,"fit: 2, efit: 3","fit: 2, efit: 3",,,,0,0,0,0,2,,
2026-01-08 13:50:49,58,19,19,0,"fit: 2, efit: 4","fit: 2, efit: 3",efit: 1,,,0,0,0,0,2,,
2026-01-08 16:46:25,58,19,19,0,"fit: 2, efit: 3","fit: 2, efit: 2",efit: 1,,,0,0,0,0,2,,
2026-01-08 16:51:27,58,19,19,0,"fit: 2, efit: 5","fit: 2, efit: 4",efit: 1,,,0,0,0,0,2,,
2026-01-08 17:26:34,58,19,19,0,"fit: 2, efit: 7","fit: 2, efit: 6",efit: 1,,,0,0,0,0,2,,
2026-01-08 19:47:02,58,19,19,0,"fit: 2, efit: 6","fit: 2, efit: 5",efit: 1,,,0,0,0,0,2,,
2026-01-09 00:02:54,58,19,19,0,"fit: 2, efit: 6","fit: 2, efit: 5",efit: 1,,,0,0,0,0,2,,
2026-01-09 05:23:57,58,19,19,0,"fit: 2, efit: 5","fit: 2, efit: 4",efit: 1,,,0,0,0,0,2,,
2026-01-09 05:33:58,58,19,19,0,"fit: 2, efit: 5","fit: 2, efit: 3",efit: 1,,,0,0,0,0,2,,
2026-01-09 09:49:36,58,19,19,0,"fit: 2, efit: 4","fit: 2, efit: 2",efit: 1,,,0,0,0,0,2,,
2026-01-09 12:04:58,58,19,19,0,"fit: 2, efit: 5","fit: 2, efit: 3",efit: 1,,,0,0,0,0,2,,
2026-01-09 12:35:03,58,19,19,0,"fit: 2, efit: 6","fit: 2, efit: 4",efit: 1,,,0,0,0,0,2,,
2026-01-09 14:10:18,58,19,19,0,"fit: 2, efit: 5","fit: 2, efit: 3",efit: 1,,,0,0,0,0,2,,
2026-01-09 14:15:19,58,19,19,0,"fit: 2, efit: 5","fit: 2, efit: 5",,,,0,0,0,0,2,,
2026-01-09 14:20:20,58,19,19,0,"fit: 2, efit: 6","fit: 2, efit: 6",,,,0,0,0,0,2,,
2026-01-09 14:40:23,58,19,19,0,"fit: 2, efit: 4","fit: 2, efit: 4",,,,0,0,0,0,2,,
2026-01-09 16:00:55,58,19,19,0,"fit: 2, efit: 6","fit: 2, efit: 6",,,,0,0,0,0,2,,
2026-01-09 16:50:43,58,19,19,0,"fit: 2, efit: 5","fit: 2, efit: 5",,,,0,0,0,0,2,,
2026-01-09 17:10:46,58,19,19,0,"fit: 2, efit: 4","fit: 2, efit: 4",,,,0,0,0,0,2,,
2026-01-09 17:45:52,58,19,19,0,"fit: 2, efit: 5","fit: 2, efit: 5",,,,0,0,0,0,2,,
2026-01-09 18:46:01,58,19,19,0,"fit: 2, efit: 4","fit: 2, efit: 4",,,,0,0,0,0,2,,
2026-01-09 20:16:16,58,19,19,0,"fit: 3, efit: 4","fit: 3, efit: 4",,,,0,0,0,0,2,,
2026-01-09 21:06:24,58,19,19,0,"fit: 3, efit: 2","fit: 3, efit: 2",,,,0,0,0,0,2,,
2026-01-09 22:51:40,58,19,19,0,"fit: 3, efit: 4","fit: 3, efit: 4",,,,0,0,0,0,2,,
2026-01-10 00:01:51,58,19,19,0,"fit: 3, efit: 4","fit: 3, efit: 4",,,,0,0,0,0,2,,
2026-01-10 10:33:27,58,19,19,0,"fit: 3, efit: 3","fit: 3, efit: 3",,,,0,0,0,0,2,,
2026-01-10 14:34:04,58,19,19,0,"fit: 3, efit: 2","fit: 3, efit: 2",,,,0,0,0,0,2,,
2026-01-10 20:39:59,58,19,19,0,"fit: 3, efit: 1","fit: 3, efit: 1",,,,0,0,0,0,2,,
2026-01-10 22:50:21,58,19,19,0,"fit: 3, efit: 2","fit: 3, efit: 2",,,,0,0,0,0,2,,
2026-01-11 00:00:31,58,19,19,0,"fit: 3, efit: 2","fit: 3, efit: 2",,,,0,0,0,0,2,,
2026-01-12 00:00:07,58,19,19,0,"fit: 3, efit: 2","fit: 3, efit: 2",,,,0,0,0,0,2,,
2026-01-12 08:11:28,58,19,19,0,"fit: 3, efit: 1","fit: 3, efit: 1",,,,0,0,0,0,2,,
2026-01-12 08:44:07,58,19,19,0,fit: 3,fit: 3,,,,0,0,0,0,2,,
2026-01-12 11:19:38,58,19,19,0,fit: 2,fit: 2,,,,0,0,0,0,2,,
2026-01-12 11:20:58,58,19,19,0,fit: 3,fit: 3,,,,0,0,0,0,2,,
2026-01-12 14:56:32,58,19,19,0,fit: 2,fit: 2,,,,0,0,0,0,2,,
2026-01-12 15:22:40,58,19,19,0,"fit: 2, efit: 1","fit: 2, efit: 1",,,,0,0,0,0,2,,
2026-01-12 16:10:38,58,19,19,0,"fit: 2, efit: 2","fit: 2, efit: 2",,,,0,0,0,0,2,,
2026-01-12 17:01:52,58,19,19,0,"fit: 2, efit: 3","fit: 2, efit: 3",,,,0,0,0,0,2,,
2026-01-12 17:25:54,58,19,19,0,"fit: 2, efit: 4","fit: 2, efit: 4",,,,0,0,0,0,2,,
2026-01-12 18:13:09,58,19,19,0,"fit: 2, efit: 5","fit: 2, efit: 5",,,,0,0,0,0,2,,
2026-01-13 00:02:18,58,19,19,0,"fit: 2, efit: 5","fit: 2, efit: 5",,,,0,0,0,0,2,,
2026-01-13 07:38:53,58,19,19,0,"fit: 2, efit: 4","fit: 2, efit: 4",,,,0,0,0,0,2,,
2026-01-13 08:14:00,58,19,19,0,"fit: 2, efit: 3","fit: 2, efit: 3",,,,0,0,0,0,2,,
2026-01-13 08:39:06,58,19,19,0,"fit: 2, efit: 2","fit: 2, efit: 2",,,,0,0,0,0,2,,
2026-01-13 11:19:40,58,19,19,0,"fit: 2, efit: 1","fit: 2, efit: 1",,,,0,0,0,0,2,,
2026-01-13 17:20:39,58,19,19,0,"fit: 2, efit: 2","fit: 2, efit: 2",,,,0,0,0,0,2,,
2026-01-13 17:37:05,58,19,19,0,"fit: 2, efit: 3","fit: 2, efit: 3",,,,0,0,0,0,2,,
2026-01-13 18:40:52,58,19,19,0,"fit: 2, efit: 4","fit: 2, efit: 4",,,,0,0,0,0,2,,
2026-01-14 00:00:09,58,19,19,0,"fit: 2, efit: 4","fit: 2, efit: 4",,,,0,0,0,0,2,,
2026-01-14 05:50:24,58,19,19,0,"fit: 2, efit: 3","fit: 2, efit: 3",,,,0,0,0,0,2,,
2026-01-14 08:41:35,58,19,19,0,"fit: 2, efit: 2","fit: 2, efit: 2",,,,0,0,0,0,2,,
2026-01-14 08:50:52,58,19,19,0,"fit: 2, efit: 1","fit: 2, efit: 1",,,,0,0,0,0,2,,
2026-01-14 15:36:55,58,19,19,0,"fit: 2, efit: 2","fit: 2, efit: 2",,,,0,0,0,0,2,,
2026-01-14 16:08:35,58,19,19,0,"fit: 2, efit: 3","fit: 2, efit: 3",,,,0,0,0,0,2,,
2026-01-14 16:22:03,58,19,19,0,"fit: 2, efit: 4","fit: 2, efit: 4",,,,0,0,0,0,2,,
2026-01-14 17:27:13,58,19,19,0,"fit: 2, efit: 5","fit: 2, efit: 5",,,,0,0,0,0,2,,
2026-01-15 00:00:32,58,19,19,0,"fit: 2, efit: 5","fit: 2, efit: 5",,,,0,0,0,0,2,,
2026-01-15 08:39:39,58,19,19,0,"fit: 2, efit: 4","fit: 2, efit: 4",,,,0,0,0,0,2,,
2026-01-15 09:37:54,58,19,19,0,"fit: 2, efit: 3","fit: 2, efit: 3",,,,0,0,0,0,2,,
2026-01-15 12:15:15,58,19,19,0,"fit: 2, efit: 4","fit: 2, efit: 4",,,,0,0,0,0,2,,
2026-01-15 16:44:37,58,19,19,0,"fit: 2, efit: 5","fit: 2, efit: 5",,,,0,0,0,0,2,,
2026-01-15 16:59:41,58,19,19,0,"fit: 2, efit: 6","fit: 2, efit: 6",,,,0,0,0,0,2,,
2026-01-15 18:47:29,58,19,19,0,"fit: 2, efit: 6","fit: 2, efit: 5",,,,0,0,0,0,2,,
2026-01-16 00:01:24,58,19,19,0,"fit: 2, efit: 6","fit: 2, efit: 5",,,,0,0,0,0,2,,
2026-01-16 08:38:28,58,19,19,0,"fit: 2, efit: 5","fit: 2, efit: 4",,,,0,0,0,0,2,,
2026-01-16 16:54:48,58,19,19,0,"fit: 2, efit: 6","fit: 2, efit: 5",,,,0,0,0,0,2,,
2026-01-16 18:35:05,58,19,19,0,"fit: 2, efit: 7","fit: 2, efit: 6",,,,0,0,0,0,2,,
2026-01-16 19:05:10,58,19,19,0,"fit: 2, efit: 7","fit: 2, efit: 5",,,,0,0,0,0,2,,
2026-01-16 19:55:18,58,19,19,0,"fit: 2, efit: 5","fit: 2, efit: 3",,,,0,0,0,0,2,,
2026-01-16 22:20:41,58,19,19,0,"fit: 2, efit: 7","fit: 2, efit: 5",,,,0,0,0,0,2,,
2026-01-17 00:00:57,58,19,19,0,"fit: 2, efit: 7","fit: 2, efit: 5",,,,0,0,0,0,2,,
2026-01-17 00:36:03,58,19,19,0,"fit: 2, efit: 6","fit: 2, efit: 4",,,,0,0,0,0,2,,
2026-01-17 12:12:53,58,19,19,0,"fit: 2, efit: 5","fit: 2, efit: 4",,,,0,0,0,0,2,,
2026-01-17 12:14:31,58,19,19,0,"fit: 2, efit: 4","fit: 2, efit: 4",,,,0,0,0,0,2,,
2026-01-17 13:19:42,58,19,19,0,"fit: 2, efit: 5","fit: 2, efit: 5",,,,0,0,0,0,2,,
2026-01-17 16:20:13,58,19,19,0,"fit: 2, efit: 6","fit: 2, efit: 6",,,,0,0,0,0,2,,
2026-01-17 16:23:32,58,19,19,0,"fit: 2, efit: 5","fit: 2, efit: 5",,,,0,0,0,0,2,,
2026-01-18 00:01:32,58,19,19,0,"fit: 2, efit: 5","fit: 2, efit: 5",,,,0,0,0,0,2,,
2026-01-18 13:51:13,58,19,19,0,"fit: 2, efit: 6","fit: 2, efit: 6",,,,0,0,0,0,2,,
2026-01-18 15:42:12,58,19,19,0,"fit: 1, efit: 4","fit: 1, efit: 4",,,,0,0,0,0,2,,
2026-01-18 15:44:11,58,19,19,0,"fit: 2, efit: 6","fit: 2, efit: 6",,,,0,0,0,0,2,,
2026-01-19 00:00:37,58,19,19,0,"fit: 2, efit: 6","fit: 2, efit: 6",,,,0,0,0,0,2,,
2026-01-19 11:07:32,58,19,19,0,"fit: 2, efit: 6","fit: 2, efit: 5",,,,0,0,0,0,2,,
2026-01-19 14:18:05,58,19,19,0,"fit: 2, efit: 5","fit: 2, efit: 5",,,,0,0,0,0,2,,
2026-01-19 14:20:54,58,19,19,0,"fit: 2, efit: 6","fit: 2, efit: 6",,,,0,0,0,0,2,,
2026-01-19 16:22:39,58,19,19,0,"fit: 2, efit: 5","fit: 2, efit: 5",,,,0,0,0,0,2,,
2026-01-19 20:16:52,58,19,19,0,"fit: 2, efit: 5","fit: 2, efit: 4",,,,0,0,0,0,2,,
2026-01-20 00:00:32,58,19,19,0,"fit: 2, efit: 5","fit: 2, efit: 4",,,,0,0,0,0,2,,
2026-01-20 01:17:40,58,19,19,0,"fit: 2, efit: 5","fit: 2, efit: 3",,,,0,0,0,0,2,,
2026-01-20 03:16:05,58,19,19,0,"fit: 2, efit: 5","fit: 2, efit: 2",,,,0,0,0,0,2,,
2026-01-20 15:23:07,58,19,19,0,"fit: 2, efit: 4","fit: 2, efit: 1",,,,0,0,0,0,2,,
2026-01-20 15:48:11,58,19,19,0,"fit: 2, efit: 3",fit: 2,,,,0,0,0,0,2,,
2026-01-20 16:15:04,58,19,19,0,"fit: 2, efit: 4","fit: 2, efit: 1",,,,0,0,0,0,2,,
2026-01-21 00:00:17,58,19,19,0,"fit: 2, efit: 4","fit: 2, efit: 1",,,,0,0,0,0,2,,
2026-01-21 07:36:39,58,19,19,0,"fit: 2, efit: 3",fit: 2,,,,0,0,0,0,2,,
2026-01-21 08:47:27,58,19,19,0,"fit: 1, efit: 3",fit: 1,,,,0,0,0,0,2,,
2026-01-21 10:37:10,58,19,19,0,"fit: 1, efit: 4","fit: 1, efit: 1",,,,0,0,0,0,2,,
2026-01-21 12:27:29,58,19,19,0,"fit: 1, efit: 4","fit: 1, efit: 3",,,,0,0,0,0,2,,
2026-01-21 12:32:30,58,19,19,0,"fit: 1, efit: 5","fit: 1, efit: 5",,,,0,0,0,0,2,,
2026-01-21 16:18:09,58,19,19,0,"fit: 1, efit: 6","fit: 1, efit: 6",,,,0,0,0,0,2,,
2026-01-21 21:04:00,58,19,19,0,"fit: 1, efit: 7","fit: 1, efit: 7",,,,0,0,0,0,2,,
2026-01-22 00:00:12,58,19,19,0,"fit: 1, efit: 7","fit: 1, efit: 7",,,,0,0,0,0,2,,
2026-01-22 10:21:52,58,19,19,0,"fit: 1, efit: 7","fit: 1, efit: 6",,,,0,0,0,0,2,,
2026-01-22 10:26:21,58,19,19,0,"fit: 1, efit: 6","fit: 1, efit: 5",,,,0,0,0,0,2,,
2026-01-22 11:06:28,58,19,19,0,"fit: 1, efit: 7","fit: 1, efit: 6",,,,0,0,0,0,2,,
2026-01-22 12:21:42,58,19,19,0,"fit: 1, efit: 8","fit: 1, efit: 7",,,,0,0,0,0,2,,
2026-01-23 00:02:16,58,19,19,0,"fit: 1, efit: 8","fit: 1, efit: 7",,,,0,0,0,0,2,,
2026-01-23 07:44:14,58,19,19,0,"fit: 1, efit: 7","fit: 1, efit: 6",,,,0,0,0,0,2,,
2026-01-23 08:20:09,58,19,19,0,"fit: 1, efit: 6","fit: 1, efit: 5",,,,0,0,0,0,2,,
2026-01-23 08:29:25,58,19,19,0,"fit: 1, efit: 7","fit: 1, efit: 6",,,,0,0,0,0,2,,
2026-01-23 10:04:50,58,19,19,0,"fit: 1, efit: 6","fit: 1, efit: 5",,,,0,0,0,0,2,,
2026-01-23 11:10:07,58,19,19,0,"fit: 1, efit: 7","fit: 1, efit: 6",,,,0,0,0,0,2,,
2026-01-24 00:02:32,58,19,19,0,"fit: 1, efit: 7","fit: 1, efit: 6",,,,0,0,0,0,2,,
2026-01-24 07:15:03,58,19,19,0,"fit: 1, efit: 7","fit: 1, efit: 6",efit: 1,,,0,0,0,0,2,,
2026-01-24 11:14:35,58,19,19,0,"fit: 1, efit: 5","fit: 1, efit: 4",efit: 1,,,0,0,0,0,2,,
2026-01-24 11:19:15,58,19,19,0,"fit: 1, efit: 2","fit: 1, efit: 1",efit: 1,,,0,0,0,0,2,,
2026-01-24 11:21:04,58,19,19,0,fit: 1,fit: 1,,,,0,0,0,0,2,,
2026-01-25 00:01:13,58,19,19,0,fit: 1,fit: 1,,,,0,0,0,0,2,,
2026-01-26 00:00:10,58,19,19,0,fit: 1,fit: 1,,,,0,0,0,0,2,,
2026-01-27 00:01:05,58,19,19,0,fit: 1,fit: 1,,,,0,0,0,0,2,,
2026-01-28 00:02:05,58,19,19,0,fit: 1,fit: 1,,,,0,0,0,0,2,,
2026-01-29 00:01:22,58,19,19,0,fit: 1,fit: 1,,,,0,0,0,0,2,,
2026-01-29 14:21:33,58,19,19,0,,,,,,0,0,0,0,2,,
2026-01-29 14:43:44,58,19,19,0,fit: 1,fit: 1,,,,0,0,0,0,2,,
2026-01-30 00:00:15,58,19,19,0,fit: 1,fit: 1,,,,0,0,0,0,2,,
2026-01-31 00:01:27,58,19,19,0,fit: 1,fit: 1,,,,0,0,0,0,2,,
2026-02-01 00:00:33,58,19,19,0,fit: 1,fit: 1,,,,0,0,0,0,2,,
2026-02-02 00:01:50,58,19,19,0,fit: 1,fit: 1,,,,0,0,0,0,2,,
2026-02-03 00:00:45,58,19,19,0,fit: 1,fit: 1,,,,0,0,0,0,2,,
2026-02-03 10:30:29,58,19,19,0,"fit: 1, efit: 3","fit: 1, efit: 3",,,,0,0,0,0,2,,
2026-02-03 10:32:27,58,19,19,0,"fit: 1, efit: 5","fit: 1, efit: 5",,,,0,0,0,0,2,,
2026-02-03 10:35:31,58,19,19,0,"fit: 1, efit: 7","fit: 1, efit: 7",,,,0,0,0,0,2,,
2026-02-03 14:46:22,58,19,19,0,"fit: 1, efit: 6","fit: 1, efit: 6",,,,0,0,0,0,2,,
2026-02-03 15:38:18,58,19,19,0,"fit: 1, efit: 5","fit: 1, efit: 5",,,,0,0,0,0,2,,
2026-02-03 15:41:31,58,19,19,0,"fit: 1, efit: 4","fit: 1, efit: 4",,,,0,0,0,0,2,,
2026-02-03 16:21:38,58,19,19,0,"fit: 1, efit: 3","fit: 1, efit: 3",,,,0,0,0,0,2,,
2026-02-03 16:41:41,58,19,19,0,"fit: 1, efit: 4","fit: 1, efit: 4",,,,0,0,0,0,2,,
2026-02-03 21:48:17,58,19,19,0,"fit: 1, efit: 5","fit: 1, efit: 4",,,,0,0,0,0,2,,
2026-02-04 00:02:56,58,19,19,0,"fit: 1, efit: 5","fit: 1, efit: 4",,,,0,0,0,0,2,,
2026-02-04 10:09:38,58,19,19,0,"fit: 1, efit: 4","fit: 1, efit: 3",,,,0,0,0,0,2,,
2026-02-04 13:20:11,58,19,19,0,"fit: 1, efit: 3","fit: 1, efit: 2",,,,0,0,0,0,2,,
2026-02-04 14:16:56,58,19,19,0,"fit: 1, efit: 4","fit: 1, efit: 3",,,,0,0,0,0,2,,
2026-02-04 14:17:19,58,19,19,0,"fit: 1, efit: 3","fit: 1, efit: 2",,,,0,0,0,0,2,,
2026-02-04 23:16:54,58,19,19,0,"fit: 1, efit: 4","fit: 1, efit: 3",,,,0,0,0,0,2,,
2026-02-05 00:02:02,58,19,19,0,"fit: 1, efit: 4","fit: 1, efit: 3",,,,0,0,0,0,2,,
2026-02-05 05:16:01,58,19,19,0,"fit: 1, efit: 4","fit: 1, efit: 3",efit: 1,,,0,0,0,0,2,,
2026-02-05 06:03:05,58,19,19,0,"fit: 1, efit: 4","fit: 1, efit: 3",,,,0,0,0,0,2,,
2026-02-05 06:36:21,58,19,19,0,"fit: 1, efit: 4","fit: 1, efit: 3",efit: 1,,,0,0,0,0,2,,
2026-02-05 06:51:24,58,19,19,0,"fit: 1, efit: 4","fit: 1, efit: 3",,,,0,0,0,0,2,,
2026-02-05 07:36:35,58,19,19,0,"fit: 1, efit: 4","fit: 1, efit: 3",efit: 1,,,0,0,0,0,2,,
2026-02-05 10:02:11,58,19,19,0,"fit: 1, efit: 4","fit: 1, efit: 3",,,,0,0,0,0,2,,
2026-02-05 10:42:21,58,19,19,0,"fit: 1, efit: 4","fit: 1, efit: 3",efit: 1,,,0,0,0,0,2,,
2026-02-05 10:57:25,58,19,19,0,"fit: 1, efit: 4","fit: 1, efit: 3",,,,0,0,0,0,2,,
2026-02-05 11:07:27,58,19,19,0,"fit: 3, efit: 3","fit: 3, efit: 3",,,,0,0,0,0,2,,
2026-02-05 11:08:58,58,19,19,0,"fit: 3, efit: 4","fit: 3, efit: 4",,,,0,0,0,0,2,,
2026-02-05 18:11:31,58,19,19,0,"fit: 3, efit: 3","fit: 3, efit: 3",,,,0,0,0,0,2,,
2026-02-05 18:14:14,58,19,19,0,"fit: 3, efit: 4","fit: 3, efit: 4",,,,0,0,0,0,2,,
2026-02-06 00:00:40,58,19,19,0,"fit: 3, efit: 4","fit: 3, efit: 4",,,,0,0,0,0,2,,
2026-02-07 00:00:17,58,19,19,0,"fit: 3, efit: 4","fit: 3, efit: 4",,,,0,0,0,0,2,,
2026-02-07 12:04:30,58,19,19,0,"fit: 3, efit: 4","fit: 3, efit: 3",,,,0,0,0,0,2,,
2026-02-07 21:43:58,58,19,19,0,"fit: 3, efit: 5","fit: 3, efit: 4",,,,0,0,0,0,2,,
2026-02-08 00:00:29,58,19,19,0,"fit: 3, efit: 5","fit: 3, efit: 4",,,,0,0,0,0,2,,
2026-02-08 01:44:38,58,19,19,0,"fit: 3, efit: 5","fit: 3, efit: 3",,,,0,0,0,0,2,,
2026-02-08 08:39:32,58,19,19,0,"fit: 3, efit: 5","fit: 3, efit: 3",efit: 1,,,0,0,0,0,2,,
2026-02-08 17:11:41,58,19,19,0,"fit: 3, efit: 6","fit: 3, efit: 4",efit: 1,,,0,0,0,0,2,,
2026-02-09 00:03:24,58,19,19,0,"fit: 3, efit: 6","fit: 3, efit: 4",efit: 1,,,0,0,0,0,2,,
2026-02-09 07:40:46,58,19,19,0,"fit: 3, efit: 5","fit: 3, efit: 3",efit: 1,,,0,0,0,0,2,,
2026-02-09 10:30:57,58,19,19,0,"fit: 3, efit: 4","fit: 3, efit: 2",efit: 1,,,0,0,0,0,2,,
2026-02-09 10:35:10,58,19,19,0,"fit: 3, efit: 5","fit: 3, efit: 3",efit: 1,,,0,0,0,0,2,,
2026-02-09 11:26:24,58,19,19,0,"fit: 3, efit: 5","fit: 3, efit: 3",,,,0,0,0,0,2,,
2026-02-09 11:31:12,58,19,19,0,"fit: 3, efit: 4","fit: 3, efit: 3",,,,0,0,0,0,2,,
2026-02-09 11:35:20,58,19,19,0,"fit: 3, efit: 4","fit: 3, efit: 4",,,,0,0,0,0,2,,
2026-02-09 11:36:13,58,19,19,0,"fit: 3, efit: 5","fit: 3, efit: 5",,,,0,0,0,0,2,,
2026-02-09 15:46:04,58,19,19,0,"fit: 3, efit: 4","fit: 3, efit: 4",,,,0,0,0,0,2,,
2026-02-10 00:02:30,58,19,19,0,"fit: 3, efit: 4","fit: 3, efit: 4",,,,0,0,0,0,2,,
2026-02-10 02:44:58,58,19,19,0,"fit: 3, efit: 4","fit: 3, efit: 3",,,,0,0,0,0,2,,
2026-02-10 13:29:50,58,19,19,0,"fit: 3, efit: 5","fit: 3, efit: 4",,,,0,0,0,0,2,,
2026-02-10 13:37:43,58,19,19,0,"fit: 3, efit: 4","fit: 3, efit: 3",,,,0,0,0,0,2,,
2026-02-10 14:53:03,58,19,19,0,"fit: 3, efit: 3","fit: 3, efit: 3",,,,0,0,0,0,2,,
2026-02-10 14:55:06,58,19,19,0,"fit: 3, efit: 4","fit: 3, efit: 4",,,,0,0,0,0,2,,
2026-02-10 16:45:26,58,19,19,0,"fit: 3, efit: 5","fit: 3, efit: 5",,,,0,0,0,0,2,,
2026-02-10 16:46:24,58,19,19,0,"fit: 3, efit: 5","fit: 3, efit: 4",,,,0,0,0,0,2,,
2026-02-10 17:25:33,58,19,19,0,"fit: 3, efit: 4","fit: 3, efit: 3",,,,0,0,0,0,2,,
2026-02-10 17:53:50,58,19,19,0,"fit: 3, efit: 5","fit: 3, efit: 4",,,,0,0,0,0,2,,
2026-02-11 00:00:22,58,19,19,0,"fit: 3, efit: 5","fit: 3, efit: 4",,,,0,0,0,0,2,,
2026-02-11 00:42:44,58,19,19,0,"fit: 3, efit: 5","fit: 3, efit: 5",,,,0,0,0,0,2,,
2026-02-11 00:45:33,58,19,19,0,"fit: 3, efit: 5","fit: 3, efit: 4",,,,0,0,0,0,2,,
2026-02-11 08:24:00,58,19,19,0,"fit: 3, efit: 4","fit: 3, efit: 3",,,,0,0,0,0,2,,
2026-02-11 10:38:01,58,19,19,0,"fit: 3, efit: 4","fit: 3, efit: 2",,,,0,0,0,0,2,,
2026-02-11 14:14:59,58,19,19,0,"fit: 3, efit: 3","fit: 3, efit: 1",,,,0,0,0,0,2,,
2026-02-11 14:35:03,58,19,19,0,"fit: 3, efit: 4","fit: 3, efit: 2",,,,0,0,0,0,2,,
2026-02-11 14:44:04,58,19,19,0,"fit: 3, efit: 3","fit: 3, efit: 2",,,,0,0,0,0,2,,
2026-02-11 14:45:04,58,19,19,0,"fit: 3, efit: 3","fit: 3, efit: 3",,,,0,0,0,0,2,,
2026-02-11 14:49:05,58,19,19,0,"fit: 3, efit: 4","fit: 3, efit: 4",,,,0,0,0,0,2,,
2026-02-11 16:24:29,58,19,19,0,"fit: 3, efit: 3","fit: 3, efit: 3",,,,0,0,0,0,2,,
2026-02-11 17:14:40,58,19,19,0,"fit: 3, efit: 4","fit: 3, efit: 4",,,,0,0,0,0,2,,
2026-02-11 17:24:42,58,19,19,0,"fit: 3, efit: 3","fit: 3, efit: 3",,,,0,0,0,0,2,,
2026-02-11 23:05:43,58,19,19,0,"fit: 3, efit: 3","fit: 3, efit: 2",,,,0,0,0,0,2,,
2026-02-12 00:00:52,58,19,19,0,"fit: 3, efit: 3","fit: 3, efit: 2",,,,0,0,0,0,2,,
2026-02-12 08:08:23,58,19,19,0,"fit: 3, efit: 2","fit: 3, efit: 1",,,,0,0,0,0,2,,
2026-02-12 13:03:07,58,19,19,0,"fit: 3, efit: 3","fit: 3, efit: 2",,,,0,0,0,0,2,,
2026-02-12 14:23:21,58,19,19,0,"fit: 3, efit: 4","fit: 3, efit: 3",,,,0,0,0,0,2,,
2026-02-12 17:33:53,58,19,19,0,"fit: 3, efit: 5","fit: 3, efit: 4",,,,0,0,0,0,2,,
2026-02-13 00:00:02,58,19,19,0,"fit: 3, efit: 5","fit: 3, efit: 4",,,,0,0,0,0,2,,
2026-02-13 10:11:49,58,19,19,0,"fit: 3, efit: 4","fit: 3, efit: 3",,,,0,0,0,0,2,,
2026-02-13 10:41:55,58,19,19,0,"fit: 3, efit: 3","fit: 3, efit: 2",,,,0,0,0,0,2,,
2026-02-13 11:20:10,58,19,19,0,"fit: 3, efit: 2","fit: 3, efit: 1",,,,0,0,0,0,2,,
2026-02-13 11:37:05,58,19,19,0,"fit: 3, efit: 3","fit: 3, efit: 2",,,,0,0,0,0,2,,
2026-02-13 12:05:21,58,19,19,0,"fit: 3, efit: 4","fit: 3, efit: 3",,,,0,0,0,0,2,,
2026-02-13 16:41:32,58,19,19,0,"fit: 3, efit: 5","fit: 3, efit: 4",,,,0,0,0,0,2,,
2026-02-13 17:36:46,58,19,19,0,"fit: 3, efit: 5","fit: 3, efit: 4",efit: 1,,,0,0,0,0,2,,
2026-02-13 19:03:23,58,19,19,0,"fit: 3, efit: 3","fit: 3, efit: 2",efit: 1,,,0,0,0,0,2,,
2026-02-13 20:02:23,58,19,19,0,"fit: 3, efit: 2","fit: 3, efit: 1",efit: 1,,,0,0,0,0,2,,
2026-02-13 20:17:27,58,19,19,0,"fit: 3, efit: 3","fit: 3, efit: 2",efit: 1,,,0,0,0,0,2,,
2026-02-13 22:38:02,58,19,19,0,"fit: 3, efit: 5","fit: 3, efit: 4",efit: 1,,,0,0,0,0,2,,
2026-02-14 00:03:24,58,19,19,0,"fit: 3, efit: 5","fit: 3, efit: 4",efit: 1,,,0,0,0,0,2,,
2026-02-14 08:00:24,58,19,19,0,"fit: 3, efit: 5","fit: 3, efit: 3",efit: 1,,,0,0,0,0,2,,
2026-02-14 09:26:16,58,19,19,0,"fit: 3, efit: 3","fit: 3, efit: 3",,,,0,0,0,0,2,,
2026-02-14 09:30:46,58,19,19,0,"fit: 3, efit: 5","fit: 3, efit: 5",,,,0,0,0,0,2,,
2026-02-14 09:55:53,58,19,19,0,"fit: 3, efit: 4","fit: 3, efit: 4",,,,0,0,0,0,2,,
2026-02-14 13:06:31,58,19,19,0,"fit: 3, efit: 3","fit: 3, efit: 3",,,,0,0,0,0,2,,
2026-02-14 13:16:32,58,19,19,0,"fit: 3, efit: 4","fit: 3, efit: 4",,,,0,0,0,0,2,,
2026-02-14 14:46:49,58,19,19,0,"fit: 3, efit: 5","fit: 3, efit: 5",,,,0,0,0,0,2,,
2026-02-14 15:21:55,58,19,19,0,"fit: 3, efit: 4","fit: 3, efit: 4",,,,0,0,0,0,2,,
2026-02-14 15:36:57,58,19,19,0,"fit: 3, efit: 2","fit: 3, efit: 2",,,,0,0,0,0,2,,
2026-02-14 15:41:58,58,19,19,0,fit: 3,fit: 3,,,,0,0,0,0,2,,
2026-02-14 15:52:00,58,19,19,0,"fit: 3, efit: 2","fit: 3, efit: 2",,,,0,0,0,0,2,,
2026-02-14 16:52:11,58,19,19,0,"fit: 3, efit: 4","fit: 3, efit: 4",,,,0,0,0,0,2,,
2026-02-14 17:32:18,58,19,19,0,"fit: 3, efit: 6","fit: 3, efit: 6",,,,0,0,0,0,2,,
2026-02-14 19:33:15,58,19,19,0,"fit: 3, efit: 6","fit: 3, efit: 5",,,,0,0,0,0,2,,
2026-02-14 23:38:22,58,19,19,0,"fit: 3, efit: 6","fit: 3, efit: 4",,,,0,0,0,0,2,,
2026-02-15 00:03:26,58,19,19,0,"fit: 3, efit: 6","fit: 3, efit: 4",,,,0,0,0,0,2,,
2026-02-15 09:55:10,58,19,19,0,"fit: 3, efit: 5","fit: 3, efit: 3",,,,0,0,0,0,2,,
2026-02-15 10:50:14,58,19,19,0,"fit: 3, efit: 4","fit: 3, efit: 4",,,,0,0,0,0,2,,
2026-02-15 10:52:00,58,19,19,0,"fit: 3, efit: 5","fit: 3, efit: 5",,,,0,0,0,0,2,,
2026-02-15 11:10:16,58,19,19,0,"fit: 3, efit: 6","fit: 3, efit: 6",,,,0,0,0,0,2,,
2026-02-15 16:18:21,58,19,19,0,"fit: 2, efit: 6","fit: 2, efit: 6",,,,0,0,0,0,2,,
2026-02-15 16:36:00,58,19,19,0,"fit: 2, efit: 7","fit: 2, efit: 7",,,,0,0,0,0,2,,
2026-02-15 16:38:26,58,19,19,0,"fit: 2, efit: 6","fit: 2, efit: 5",efit: 1,,,0,0,0,0,2,,
2026-02-15 16:56:04,58,19,19,0,"fit: 2, efit: 7","fit: 2, efit: 6",efit: 1,,,0,0,0,0,2,,
2026-02-15 16:58:31,58,19,19,0,"fit: 2, efit: 6","fit: 2, efit: 5",efit: 1,,,0,0,0,0,2,,
2026-02-15 17:48:43,58,19,19,0,"fit: 2, efit: 8","fit: 2, efit: 7",efit: 1,,,0,0,0,0,2,,
2026-02-15 17:51:12,58,19,19,0,"fit: 2, efit: 6","fit: 2, efit: 5",efit: 1,,,0,0,0,0,2,,
2026-02-15 18:18:51,58,19,19,0,"fit: 2, efit: 6","fit: 2, efit: 4",efit: 1,,,0,0,0,0,2,,
2026-02-16 00:00:16,58,19,19,0,"fit: 2, efit: 6","fit: 2, efit: 4",efit: 1,,,0,0,0,0,2,,
2026-02-16 08:02:14,58,19,19,0,"fit: 2, efit: 5","fit: 2, efit: 3",efit: 1,,,0,0,0,0,2,,
2026-02-16 08:17:17,58,19,19,0,"fit: 2, efit: 4","fit: 2, efit: 2",efit: 1,,,0,0,0,0,2,,
2026-02-16 08:27:20,58,19,19,0,"fit: 2, efit: 5","fit: 2, efit: 3",efit: 1,,,0,0,0,0,2,,
2026-02-16 09:52:41,58,19,19,0,"fit: 2, efit: 3","fit: 2, efit: 3",,,,0,0,0,0,2,,
2026-02-16 09:53:50,58,19,19,0,"fit: 2, efit: 5","fit: 2, efit: 5",,,,0,0,0,0,2,,
2026-02-16 13:09:23,58,19,19,0,"fit: 2, efit: 6","fit: 2, efit: 6",,,,0,0,0,0,2,,
2026-02-16 13:13:32,58,19,19,0,"fit: 2, efit: 5","fit: 2, efit: 5",,,,0,0,0,0,2,,
2026-02-16 13:19:24,58,19,19,0,"fit: 2, efit: 6","fit: 2, efit: 6",,,,0,0,0,0,2,,
2026-02-16 15:14:03,58,19,19,0,"fit: 2, efit: 5","fit: 2, efit: 5",,,,0,0,0,0,2,,
2026-02-16 16:14:18,58,19,19,0,"fit: 2, efit: 6","fit: 2, efit: 6",,,,0,0,0,0,2,,
2026-02-16 16:49:26,58,19,19,0,"fit: 2, efit: 7","fit: 2, efit: 7",,,,0,0,0,0,2,,
2026-02-16 17:39:39,58,19,19,0,"fit: 2, efit: 6","fit: 2, efit: 6",,,,0,0,0,0,2,,
2026-02-16 18:04:45,58,19,19,0,"fit: 2, efit: 7","fit: 2, efit: 7",,,,0,0,0,0,2,,
2026-02-17 00:00:54,58,19,19,0,"fit: 2, efit: 7","fit: 2, efit: 7",,,,0,0,0,0,2,,
2026-02-17 04:58:30,58,19,19,0,"fit: 2, efit: 7","fit: 2, efit: 6",,,,0,0,0,0,2,,
2026-02-17 08:08:23,58,19,19,0,"fit: 2, efit: 6","fit: 2, efit: 5",,,,0,0,0,0,2,,
2026-02-17 08:22:17,58,19,19,0,"fit: 2, efit: 5","fit: 2, efit: 4",,,,0,0,0,0,2,,
2026-02-17 09:02:24,58,19,19,0,"fit: 2, efit: 4","fit: 2, efit: 3",,,,0,0,0,0,2,,
2026-02-17 12:09:47,58,19,19,0,"fit: 2, efit: 5","fit: 2, efit: 4",,,,0,0,0,0,2,,
2026-02-17 12:32:58,58,19,19,0,"fit: 2, efit: 6","fit: 2, efit: 5",,,,0,0,0,0,2,,
2026-02-17 13:28:08,58,19,19,0,"fit: 2, efit: 7","fit: 2, efit: 6",,,,0,0,0,0,2,,
2026-02-17 13:29:28,58,19,19,0,"fit: 2, efit: 6","fit: 2, efit: 5",,,,0,0,0,0,2,,
2026-02-17 13:43:11,58,19,19,0,"fit: 2, efit: 5","fit: 2, efit: 4",,,,0,0,0,0,2,,
2026-02-17 14:34:42,58,19,19,0,"fit: 2, efit: 4","fit: 2, efit: 4",,,,0,0,0,0,2,,
2026-02-17 14:38:20,58,19,19,0,"fit: 2, efit: 5","fit: 2, efit: 5",,,,0,0,0,0,2,,
2026-02-17 16:50:12,58,19,19,0,"fit: 2, efit: 6","fit: 2, efit: 6",,,,0,0,0,0,2,,
2026-02-17 17:05:15,58,19,19,0,"fit: 2, efit: 7","fit: 2, efit: 7",,,,0,0,0,0,2,,
2026-02-17 17:10:16,58,19,19,0,"fit: 2, efit: 5","fit: 2, efit: 5",,,,0,0,0,0,2,,
2026-02-17 17:35:21,58,19,19,0,"fit: 2, efit: 6","fit: 2, efit: 6",,,,0,0,0,0,2,,
2026-02-17 17:38:50,58,19,19,0,"fit: 2, efit: 8","fit: 2, efit: 8",,,,0,0,0,0,2,,
2026-02-17 17:45:49,58,19,19,0,"fit: 2, efit: 9","fit: 2, efit: 9",,,,0,0,0,0,2,,
2026-02-17 18:44:01,58,19,19,0,"fit: 2, efit: 8","fit: 2, efit: 8",,,,0,0,0,0,2,,
2026-02-18 00:01:41,58,19,19,0,"fit: 2, efit: 8","fit: 2, efit: 8",,,,0,0,0,0,2,,
2026-02-18 07:43:15,58,19,19,0,"fit: 2, efit: 7","fit: 2, efit: 7",,,,0,0,0,0,2,,
2026-02-18 07:56:12,58,19,19,0,"fit: 2, efit: 6","fit: 2, efit: 6",,,,0,0,0,0,2,,
2026-02-18 08:08:20,58,19,19,0,"fit: 2, efit: 5","fit: 2, efit: 5",,,,0,0,0,0,2,,
2026-02-18 08:11:14,58,19,19,0,"fit: 2, efit: 4","fit: 2, efit: 4",,,,0,0,0,0,2,,
2026-02-18 08:21:16,58,19,19,0,"fit: 2, efit: 3","fit: 2, efit: 3",,,,0,0,0,0,2,,
2026-02-18 09:21:25,58,19,19,0,"fit: 2, efit: 3","fit: 2, efit: 2",,,,0,0,0,0,2,,
2026-02-18 11:33:54,58,19,19,0,"fit: 3, efit: 5","fit: 3, efit: 4",,,,0,0,0,0,2,,
2026-02-18 14:34:26,58,19,19,0,"fit: 3, efit: 6","fit: 3, efit: 4",efit: 1,,,0,0,0,0,2,,
2026-02-18 16:02:30,58,19,19,0,"fit: 3, efit: 7","fit: 3, efit: 5",efit: 1,,,0,0,0,0,2,,
2026-02-18 17:32:44,58,19,19,0,"fit: 3, efit: 8","fit: 3, efit: 6",efit: 1,,,0,0,0,0,2,,
2026-02-18 18:15:04,58,19,19,0,"fit: 3, efit: 9","fit: 3, efit: 7",efit: 1,,,0,0,0,0,2,,
2026-02-18 19:53:06,58,19,19,0,"fit: 3, efit: 10","fit: 3, efit: 8",efit: 1,,,0,0,0,0,2,,
2026-02-19 00:01:05,58,19,19,0,"fit: 3, efit: 10","fit: 3, efit: 8",efit: 1,,,0,0,0,0,2,,
2026-02-19 04:21:48,58,19,19,0,"fit: 3, efit: 10","fit: 3, efit: 7",efit: 1,,,0,0,0,0,2,,
2026-02-19 08:14:58,58,19,19,0,"fit: 3, efit: 9","fit: 3, efit: 6",efit: 1,,,0,0,0,0,2,,
2026-02-19 08:18:11,58,19,19,0,"fit: 3, efit: 8","fit: 3, efit: 5",efit: 1,,,0,0,0,0,2,,
2026-02-19 08:48:17,58,19,19,0,"fit: 3, efit: 7","fit: 3, efit: 4",efit: 1,,,0,0,0,0,2,,
2026-02-19 09:10:07,58,19,19,0,"fit: 3, efit: 6","fit: 3, efit: 5",,,,0,0,0,0,2,,
2026-02-19 09:12:38,58,19,19,0,"fit: 3, efit: 8","fit: 3, efit: 8",,,,0,0,0,0,2,,
2026-02-19 12:18:59,58,19,19,0,"fit: 3, efit: 9","fit: 3, efit: 9",,,,0,0,0,0,2,,
2026-02-19 14:18:30,58,19,19,0,"fit: 3, efit: 10","fit: 3, efit: 10",,,,0,0,0,0,2,,
2026-02-19 17:25:02,58,19,19,0,"fit: 3, efit: 11","fit: 3, efit: 11",,,,0,0,0,0,2,,
2026-02-19 17:35:04,58,19,19,0,"fit: 3, efit: 9","fit: 3, efit: 9",,,,0,0,0,0,2,,
2026-02-19 17:47:07,58,19,19,0,"fit: 3, efit: 8","fit: 3, efit: 8",,,,0,0,0,0,2,,
2026-02-19 17:50:08,58,19,19,0,"fit: 3, efit: 7","fit: 3, efit: 7",,,,0,0,0,0,2,,
2026-02-19 19:00:22,58,19,19,0,"fit: 3, efit: 8","fit: 3, efit: 8",,,,0,0,0,0,2,,
2026-02-20 00:01:25,58,19,19,0,"fit: 3, efit: 8","fit: 3, efit: 8",,,,0,0,0,0,2,,
2026-02-20 07:17:51,58,19,19,0,"fit: 3, efit: 7","fit: 3, efit: 7",,,,0,0,0,0,2,,
2026-02-20 07:52:58,58,19,19,0,"fit: 3, efit: 6","fit: 3, efit: 6",,,,0,0,0,0,2,,
2026-02-20 08:18:47,58,19,19,0,"fit: 3, efit: 7","fit: 3, efit: 7",,,,0,0,0,0,2,,
2026-02-20 08:44:40,58,19,19,0,"fit: 3, efit: 6","fit: 3, efit: 6",,,,0,0,0,0,2,,
2026-02-20 08:53:11,58,19,19,0,"fit: 3, efit: 7","fit: 3, efit: 7",,,,0,0,0,0,2,,
2026-02-20 10:09:05,58,19,19,0,"fit: 3, efit: 6","fit: 3, efit: 6",,,,0,0,0,0,2,,
2026-02-20 12:53:59,58,19,19,0,"fit: 3, efit: 5","fit: 3, efit: 5",,,,0,0,0,0,2,,
2026-02-20 12:59:00,58,19,19,0,"fit: 3, efit: 6","fit: 3, efit: 6",,,,0,0,0,0,2,,
2026-02-20 13:49:10,58,19,19,0,"fit: 3, efit: 5","fit: 3, efit: 5",,,,0,0,0,0,2,,
2026-02-20 17:09:51,58,19,19,0,"fit: 3, efit: 4","fit: 3, efit: 4",,,,0,0,0,0,2,,
2026-02-20 17:21:13,58,19,19,0,"fit: 3, efit: 3","fit: 3, efit: 3",,,,0,0,0,0,2,,
2026-02-20 17:29:55,58,19,19,0,"fit: 3, efit: 4","fit: 3, efit: 4",,,,0,0,0,0,2,,
2026-02-20 18:45:11,58,19,19,0,"fit: 3, efit: 3","fit: 3, efit: 3",,,,0,0,0,0,2,,
2026-02-20 18:50:12,58,19,19,0,"fit: 3, efit: 2","fit: 3, efit: 2",,,,0,0,0,0,2,,
2026-02-20 19:11:32,58,19,19,0,"fit: 3, efit: 3","fit: 3, efit: 3",,,,0,0,0,0,2,,
2026-02-20 19:15:18,58,19,19,0,"fit: 3, efit: 4","fit: 3, efit: 4",,,,0,0,0,0,2,,
2026-02-20 20:40:35,58,19,19,0,"fit: 3, efit: 3","fit: 3, efit: 3",,,,0,0,0,0,2,,
2026-02-20 21:56:02,58,19,19,0,"fit: 3, efit: 4","fit: 3, efit: 4",,,,0,0,0,0,2,,
2026-02-20 22:05:52,58,19,19,0,"fit: 3, efit: 5","fit: 3, efit: 5",,,,0,0,0,0,2,,
2026-02-20 23:01:04,58,19,19,0,"fit: 3, efit: 6","fit: 3, efit: 6",,,,0,0,0,0,2,,
2026-02-21 00:01:16,58,19,19,0,"fit: 3, efit: 6","fit: 3, efit: 6",,,,0,0,0,0,2,,
2026-02-21 02:11:42,58,19,19,0,"fit: 3, efit: 7","fit: 3, efit: 7",,,,0,0,0,0,2,,
2026-02-21 10:53:03,58,19,19,0,"fit: 3, efit: 6","fit: 3, efit: 6",,,,0,0,0,0,2,,
2026-02-21 11:44:24,58,19,19,0,"fit: 3, efit: 7","fit: 3, efit: 7",,,,0,0,0,0,2,,
2026-02-21 12:58:24,58,19,19,0,"fit: 3, efit: 6","fit: 3, efit: 6",,,,0,0,0,0,2,,
2026-02-21 13:48:32,58,19,19,0,"fit: 3, efit: 7","fit: 3, efit: 7",,,,0,0,0,0,2,,
2026-02-21 14:48:41,58,19,19,0,"fit: 3, efit: 6","fit: 3, efit: 6",,,,0,0,0,0,2,,
2026-02-21 15:33:49,58,19,19,0,"fit: 3, efit: 7","fit: 3, efit: 6",,,,0,0,0,0,2,,
2026-02-21 16:03:54,58,19,19,0,"fit: 3, efit: 6","fit: 3, efit: 5",,,,0,0,0,0,2,,
2026-02-21 16:28:58,58,19,19,0,"fit: 3, efit: 7","fit: 3, efit: 6",,,,0,0,0,0,2,,
2026-02-21 16:44:01,58,19,19,0,"fit: 3, efit: 6","fit: 3, efit: 5",,,,0,0,0,0,2,,
2026-02-21 16:59:03,58,19,19,0,"fit: 4, efit: 6","fit: 4, efit: 5",,,,0,0,0,0,2,,
2026-02-22 00:00:13,58,19,19,0,"fit: 4, efit: 6","fit: 4, efit: 5",,,,0,0,0,0,2,,
2026-02-22 08:12:41,58,19,19,0,"fit: 4, efit: 7","fit: 4, efit: 6",,,,0,0,0,0,2,,
2026-02-22 15:12:40,58,19,19,0,"fit: 4, efit: 6","fit: 4, efit: 5",,,,0,0,0,0,2,,
2026-02-22 19:18:20,58,19,19,0,"fit: 4, efit: 6","fit: 4, efit: 4",,,,0,0,0,0,2,,
2026-02-23 00:00:41,58,19,19,0,"fit: 4, efit: 6","fit: 4, efit: 4",,,,0,0,0,0,2,,
2026-02-23 09:07:18,58,19,19,0,"fit: 4, efit: 5","fit: 4, efit: 3",,,,0,0,0,0,2,,
2026-02-23 09:20:36,58,19,19,0,"fit: 4, efit: 6","fit: 4, efit: 4",,,,0,0,0,0,2,,
2026-02-23 10:30:47,58,19,19,0,"fit: 4, efit: 6","fit: 4, efit: 6",,,,0,0,0,0,2,,
2026-02-23 10:45:50,58,19,19,0,"fit: 4, efit: 6","fit: 4, efit: 5",efit: 1,,,0,0,0,0,2,,
2026-02-23 13:56:21,58,19,19,0,"fit: 4, efit: 5","fit: 4, efit: 4",efit: 1,,,0,0,0,0,2,,
2026-02-24 00:00:16,58,19,19,0,"fit: 4, efit: 5","fit: 4, efit: 4",efit: 1,,,0,0,0,0,2,,
2026-02-24 05:05:49,58,19,19,0,"fit: 4, efit: 5","fit: 4, efit: 3",efit: 1,,,0,0,0,0,2,,
2026-02-24 08:56:32,58,19,19,0,"fit: 4, efit: 5","fit: 4, efit: 4",efit: 1,,,0,0,0,0,2,,
2026-02-24 08:57:02,58,19,19,0,"fit: 4, efit: 5","fit: 4, efit: 3",efit: 1,,,0,0,0,0,2,,
2026-02-24 14:32:33,58,19,19,0,"fit: 4, efit: 5","fit: 4, efit: 5",,,,0,0,0,0,2,,
2026-02-24 16:12:51,58,19,19,0,"fit: 4, efit: 6","fit: 4, efit: 6",,,,0,0,0,0,2,,
2026-02-24 16:29:22,58,19,19,0,"fit: 4, efit: 6","fit: 4, efit: 5",,,,0,0,0,0,2,,
2026-02-24 17:46:36,58,19,19,0,"fit: 4, efit: 7","fit: 4, efit: 6",,,,0,0,0,0,2,,
2026-02-24 18:30:15,58,19,19,0,"fit: 4, efit: 5","fit: 4, efit: 4",,,,0,0,0,0,2,,
2026-02-24 18:45:17,58,19,19,0,"fit: 4, efit: 7","fit: 4, efit: 6",,,,0,0,0,0,2,,
2026-02-25 00:01:15,58,19,19,0,"fit: 4, efit: 7","fit: 4, efit: 6",,,,0,0,0,0,2,,
2026-02-25 08:17:38,58,19,19,0,"fit: 4, efit: 6","fit: 4, efit: 5",,,,0,0,0,0,2,,
2026-02-25 10:07:57,58,19,19,0,"fit: 4, efit: 5","fit: 4, efit: 4",,,,0,0,0,0,2,,
2026-02-25 10:12:58,58,19,19,0,"fit: 4, efit: 4","fit: 4, efit: 3",,,,0,0,0,0,2,,
2026-02-25 11:26:03,58,19,19,0,"fit: 4, efit: 4","fit: 4, efit: 4",,,,0,0,0,0,2,,
2026-02-25 11:31:04,58,19,19,0,"fit: 4, efit: 3","fit: 4, efit: 3",,,,0,0,0,0,2,,
2026-02-25 13:08:30,58,19,19,0,"fit: 4, efit: 4","fit: 4, efit: 4",,,,0,0,0,0,2,,
2026-02-25 13:58:39,58,19,19,0,"fit: 4, efit: 3","fit: 4, efit: 3",,,,0,0,0,0,2,,
2026-02-25 15:38:50,58,19,19,0,"fit: 4, efit: 4","fit: 4, efit: 4",,,,0,0,0,0,2,,
2026-02-25 16:22:17,58,19,19,0,"fit: 4, efit: 5","fit: 4, efit: 5",,,,0,0,0,0,2,,
2026-02-25 16:52:26,58,19,19,0,"fit: 4, efit: 6","fit: 4, efit: 6",,,,0,0,0,0,2,,
2026-02-25 17:04:04,58,19,19,0,"fit: 4, efit: 5","fit: 4, efit: 5",,,,0,0,0,0,2,,
2026-02-25 18:37:51,58,19,19,0,"fit: 4, efit: 6","fit: 4, efit: 6",,,,0,0,0,0,2,,
2026-02-25 20:08:12,58,19,19,0,"fit: 4, efit: 7","fit: 4, efit: 7",,,,0,0,0,0,2,,
2026-02-25 22:03:40,58,19,19,0,"fit: 4, efit: 7","fit: 4, efit: 6",,,,0,0,0,0,2,,
2026-02-25 22:43:50,58,19,19,0,"fit: 4, efit: 6","fit: 4, efit: 5",,,,0,0,0,0,2,,
2026-02-26 00:00:08,58,19,19,0,"fit: 4, efit: 6","fit: 4, efit: 5",,,,0,0,0,0,2,,
2026-02-26 08:11:43,58,19,19,0,"fit: 4, efit: 5","fit: 4, efit: 4",,,,0,0,0,0,2,,
2026-02-26 08:31:17,58,19,19,0,"fit: 4, efit: 4","fit: 4, efit: 3",,,,0,0,0,0,2,,
2026-02-26 10:26:39,58,19,19,0,"fit: 4, efit: 3","fit: 4, efit: 2",,,,0,0,0,0,2,,
2026-02-26 11:01:44,58,19,19,0,"fit: 4, efit: 2","fit: 4, efit: 1",,,,0,0,0,0,2,,
2026-02-26 13:37:10,58,19,19,0,"fit: 4, efit: 3","fit: 4, efit: 2",,,,0,0,0,0,2,,
2026-02-26 14:02:14,58,19,19,0,"fit: 4, efit: 5","fit: 4, efit: 5",,,,0,0,0,0,2,,
2026-02-26 14:07:15,58,19,19,0,"fit: 4, efit: 6","fit: 4, efit: 6",,,,0,0,0,0,2,,
2026-02-26 14:12:42,58,19,19,0,"fit: 4, efit: 7","fit: 4, efit: 7",,,,0,0,0,0,2,,
2026-02-26 15:12:25,58,19,19,0,"fit: 4, efit: 7","fit: 4, efit: 6",,,,0,0,0,0,2,,
2026-02-26 15:27:27,58,19,19,0,"fit: 4, efit: 8","fit: 4, efit: 7",,,,0,0,0,0,2,,
2026-02-26 17:47:48,58,19,19,0,"fit: 4, efit: 9","fit: 4, efit: 8",,,,0,0,0,0,2,,
2026-02-27 00:00:09,58,19,19,0,"fit: 4, efit: 9","fit: 4, efit: 8",,,,0,0,0,0,2,,
2026-02-27 08:17:11,58,19,19,0,"fit: 4, efit: 8","fit: 4, efit: 7",,,,0,0,0,0,2,,
2026-02-27 09:00:01,58,19,19,0,"fit: 4, efit: 7","fit: 4, efit: 7",,,,0,0,0,0,2,,
2026-02-27 09:02:23,58,19,19,0,"fit: 4, efit: 5","fit: 4, efit: 5",,,,0,0,0,0,2,,
2026-02-27 09:05:02,58,19,19,0,"fit: 4, efit: 4","fit: 4, efit: 4",,,,0,0,0,0,2,,
2026-02-27 12:00:28,58,19,19,0,"fit: 4, efit: 3","fit: 4, efit: 3",,,,0,0,0,0,2,,
2026-02-27 12:28:15,58,19,19,0,"fit: 4, efit: 4","fit: 4, efit: 4",,,,0,0,0,0,2,,
2026-02-27 14:56:57,58,19,19,0,"fit: 4, efit: 3","fit: 4, efit: 3",,,,0,0,0,0,2,,
2026-02-27 16:16:07,58,19,19,0,"fit: 4, efit: 1","fit: 4, efit: 1",,,,0,0,0,0,2,,
2026-02-27 16:37:14,58,19,19,0,"fit: 4, efit: 3","fit: 4, efit: 3",,,,0,0,0,0,2,,
2026-02-27 16:52:17,58,19,19,0,"fit: 4, efit: 4","fit: 4, efit: 4",,,,0,0,0,0,2,,
2026-02-27 16:54:22,58,19,19,0,"fit: 4, efit: 3","fit: 4, efit: 3",,,,0,0,0,0,2,,
2026-02-27 17:04:25,58,19,19,0,"fit: 4, efit: 4","fit: 4, efit: 4",,,,0,0,0,0,2,,
2026-02-27 18:21:26,58,19,19,0,"fit: 4, efit: 2","fit: 4, efit: 2",,,,0,0,0,0,2,,
2026-02-27 18:52:38,58,19,19,0,"fit: 4, efit: 3","fit: 4, efit: 3",,,,0,0,0,0,2,,
2026-02-27 19:06:32,58,19,19,0,"fit: 4, efit: 4","fit: 4, efit: 4",,,,0,0,0,0,2,,
2026-02-27 20:10:11,58,19,19,0,"fit: 3, efit: 4","fit: 3, efit: 4",,,,0,0,0,0,2,,
2026-02-27 20:40:18,58,19,19,0,"fit: 3, efit: 6","fit: 3, efit: 6",,,,0,0,0,0,2,,
2026-02-27 22:30:44,58,19,19,0,"fit: 3, efit: 7","fit: 3, efit: 7",,,,0,0,0,0,2,,
2026-02-28 00:01:07,58,19,19,0,"fit: 3, efit: 7","fit: 3, efit: 7",,,,0,0,0,0,2,,
2026-02-28 05:17:22,58,19,19,0,"fit: 3, efit: 8","fit: 3, efit: 8",,,,0,0,0,0,2,,
2026-02-28 07:49:50,58,19,19,0,"fit: 3, efit: 7","fit: 3, efit: 7",,,,0,0,0,0,2,,
2026-02-28 10:55:22,58,19,19,0,"fit: 3, efit: 6","fit: 3, efit: 6",,,,0,0,0,0,2,,
2026-02-28 10:58:43,58,19,19,0,"fit: 3, efit: 4","fit: 3, efit: 4",,,,0,0,0,0,2,,
2026-02-28 11:43:54,58,19,19,0,"fit: 3, efit: 5","fit: 3, efit: 5",,,,0,0,0,0,2,,
2026-02-28 11:45:31,58,19,19,0,"fit: 3, efit: 6","fit: 3, efit: 6",,,,0,0,0,0,2,,
2026-02-28 11:48:55,58,19,19,0,"fit: 3, efit: 7","fit: 3, efit: 7",,,,0,0,0,0,2,,
2026-02-28 13:05:44,58,19,19,0,"fit: 3, efit: 9","fit: 3, efit: 9",,,,0,0,0,0,2,,
2026-02-28 13:19:13,58,19,19,0,"fit: 3, efit: 10","fit: 3, efit: 10",,,,0,0,0,0,2,,
2026-02-28 13:44:16,58,19,19,0,"fit: 3, efit: 11","fit: 3, efit: 11",,,,0,0,0,0,2,,
2026-02-28 14:24:23,58,19,19,0,"fit: 3, efit: 10","fit: 3, efit: 10",,,,0,0,0,0,2,,
2026-02-28 14:34:24,58,19,19,0,"fit: 3, efit: 6","fit: 3, efit: 6",,,,0,0,0,0,2,,
2026-02-28 14:36:00,58,19,19,0,"fit: 3, efit: 4","fit: 3, efit: 4",,,,0,0,0,0,2,,
2026-02-28 14:39:25,58,19,19,0,"fit: 3, efit: 3","fit: 3, efit: 3",,,,0,0,0,0,2,,
2026-02-28 14:41:01,58,19,19,0,"fit: 3, efit: 2","fit: 3, efit: 2",,,,0,0,0,0,2,,
2026-02-28 14:56:04,58,19,19,0,fit: 3,fit: 3,,,,0,0,0,0,2,,
2026-02-28 15:04:29,58,19,19,0,fit: 2,fit: 2,,,,0,0,0,0,2,,
2026-02-28 15:26:09,58,19,19,0,"fit: 3, efit: 1","fit: 3, efit: 1",,,,0,0,0,0,2,,
2026-02-28 15:29:33,58,19,19,0,"fit: 3, efit: 2","fit: 3, efit: 2",,,,0,0,0,0,2,,
2026-02-28 16:31:21,58,19,19,0,"fit: 3, efit: 3","fit: 3, efit: 3",,,,0,0,0,0,2,,
2026-02-28 17:09:49,58,19,19,0,fit: 2,fit: 2,,,,0,0,0,0,2,,
2026-02-28 17:16:28,58,19,19,0,fit: 1,fit: 1,,,,0,0,0,0,2,,
2026-02-28 17:51:34,58,19,19,0,"fit: 1, efit: 1","fit: 1, efit: 1",,,,0,0,0,0,2,,
2026-02-28 18:21:40,58,19,19,0,"fit: 1, efit: 2","fit: 1, efit: 2",,,,0,0,0,0,2,,
2026-03-01 00:00:51,58,19,19,0,"fit: 1, efit: 2","fit: 1, efit: 2",,,,0,0,0,0,2,,
2026-03-01 09:34:05,58,19,19,0,"fit: 1, efit: 1","fit: 1, efit: 1",,,,0,0,0,0,2,,
2026-03-01 12:34:41,58,19,19,0,efit: 1,efit: 1,,,,0,0,0,0,2,,
2026-03-01 18:25:40,58,19,19,0,efit: 2,efit: 2,,,,0,0,0,0,2,,
2026-03-02 00:01:37,58,19,19,0,efit: 2,efit: 2,,,,0,0,0,0,2,,
2026-03-02 08:49:34,58,19,19,0,efit: 1,efit: 1,,,,0,0,0,0,2,,
2026-03-02 09:15:51,58,19,19,0,"fit: 3, efit: 2","fit: 3, efit: 2",,,,0,0,0,0,2,,
2026-03-02 09:18:10,58,19,19,0,"fit: 5, efit: 4","fit: 5, efit: 4",,,,0,0,0,0,2,,
2026-03-02 13:45:46,58,19,19,0,"fit: 5, efit: 3","fit: 5, efit: 3",,,,0,0,0,0,2,,
2026-03-02 17:16:36,58,19,19,0,"fit: 5, efit: 4","fit: 5, efit: 4",,,,0,0,0,0,2,,
2026-03-02 18:29:42,58,19,19,0,"fit: 5, efit: 2","fit: 5, efit: 2",,,,0,0,0,0,2,,
2026-03-02 20:25:02,58,19,19,0,"fit: 5, efit: 1","fit: 5, efit: 1",,,,0,0,0,0,2,,
2026-03-02 22:37:51,58,19,19,0,"fit: 5, efit: 2","fit: 5, efit: 2",,,,0,0,0,0,2,,
2026-03-02 22:40:25,58,19,19,0,"fit: 5, efit: 3","fit: 5, efit: 3",,,,0,0,0,0,2,,
2026-03-03 00:00:38,58,19,19,0,"fit: 5, efit: 3","fit: 5, efit: 3",,,,0,0,0,0,2,,
2026-03-03 08:40:14,58,19,19,0,"fit: 5, efit: 3","fit: 5, efit: 2",,,,0,0,0,0,2,,
2026-03-03 15:20:20,58,19,19,0,"fit: 5, efit: 2","fit: 5, efit: 2",,,,0,0,0,0,2,,
2026-03-03 15:22:53,58,19,19,0,"fit: 5, efit: 3","fit: 5, efit: 3",,,,0,0,0,0,2,,
2026-03-04 00:01:38,58,19,19,0,"fit: 5, efit: 3","fit: 5, efit: 3",,,,0,0,0,0,2,,
2026-03-04 08:32:55,58,19,19,0,"fit: 5, efit: 2","fit: 5, efit: 2",,,,0,0,0,0,2,,
2026-03-04 08:51:03,58,19,19,0,"fit: 5, efit: 1","fit: 5, efit: 1",,,,0,0,0,0,2,,
2026-03-04 09:33:04,58,19,19,0,"fit: 5, efit: 2","fit: 5, efit: 2",,,,0,0,0,0,2,,
2026-03-04 11:06:26,58,19,19,0,"fit: 5, efit: 1","fit: 5, efit: 1",,,,0,0,0,0,2,,
2026-03-04 15:02:48,58,19,19,0,fit: 5,fit: 5,,,,0,0,0,0,2,,
2026-03-04 15:22:33,58,19,19,0,"fit: 5, efit: 1","fit: 5, efit: 1",,,,0,0,0,0,2,,
2026-03-04 16:31:07,58,19,19,0,"fit: 6, efit: 1","fit: 6, efit: 1",,,,0,0,0,0,2,,
2026-03-04 22:31:05,58,19,19,0,"fit: 6, efit: 2","fit: 6, efit: 2",,,,0,0,0,0,2,,
2026-03-05 00:02:33,58,19,19,0,"fit: 6, efit: 2","fit: 6, efit: 2",,,,0,0,0,0,2,,
2026-03-05 08:19:05,58,19,19,0,"fit: 6, efit: 1","fit: 6, efit: 1",,,,0,0,0,0,2,,
2026-03-05 08:20:30,58,19,19,0,fit: 6,fit: 6,,,,0,0,0,0,2,,
2026-03-05 08:49:11,58,19,19,0,fit: 5,fit: 5,,,,0,0,0,0,2,,
2026-03-05 11:24:40,58,19,19,0,"fit: 5, efit: 1","fit: 5, efit: 1",,,,0,0,0,0,2,,
2026-03-05 14:20:15,58,19,19,0,"fit: 5, efit: 2","fit: 5, efit: 2",,,,0,0,0,0,2,,
2026-03-05 15:10:25,58,19,19,0,"fit: 5, efit: 1","fit: 5, efit: 1",,,,0,0,0,0,2,,
2026-03-05 16:45:43,58,19,19,0,"fit: 5, efit: 2","fit: 5, efit: 2",,,,0,0,0,0,2,,
2026-03-05 16:55:45,58,19,19,0,"fit: 5, efit: 3","fit: 5, efit: 3",,,,0,0,0,0,2,,
2026-03-06 00:01:33,58,19,19,0,"fit: 5, efit: 3","fit: 5, efit: 3",,,,0,0,0,0,2,,
2026-03-06 08:12:53,58,19,19,0,"fit: 5, efit: 2","fit: 5, efit: 2",,,,0,0,0,0,2,,
2026-03-06 10:53:19,58,19,19,0,"fit: 5, efit: 1","fit: 5, efit: 1",,,,0,0,0,0,2,,
2026-03-06 11:49:31,58,19,19,0,"fit: 5, efit: 2","fit: 5, efit: 2",,,,0,0,0,0,2,,
2026-03-06 13:39:58,58,19,19,0,"fit: 5, efit: 1","fit: 5, efit: 1",,,,0,0,0,0,2,,
2026-03-06 13:58:50,58,19,19,0,fit: 5,fit: 5,,,,0,0,0,0,2,,
2026-03-06 14:33:56,58,19,19,0,"fit: 5, efit: 1","fit: 5, efit: 1",,,,0,0,0,0,2,,
2026-03-06 16:34:16,58,19,19,0,"fit: 5, efit: 2","fit: 5, efit: 2",,,,0,0,0,0,2,,
2026-03-06 17:09:22,58,19,19,0,"fit: 5, efit: 3","fit: 5, efit: 3",,,,0,0,0,0,2,,
2026-03-06 17:39:27,58,19,19,0,"fit: 5, efit: 4","fit: 5, efit: 4",,,,0,0,0,0,2,,
2026-03-06 17:59:30,58,19,19,0,"fit: 5, efit: 2","fit: 5, efit: 2",,,,0,0,0,0,2,,
2026-03-06 18:09:32,58,19,19,0,"fit: 5, efit: 1","fit: 5, efit: 1",,,,0,0,0,0,2,,
2026-03-06 18:19:34,58,19,19,0,"fit: 5, efit: 2","fit: 5, efit: 2",,,,0,0,0,0,2,,
2026-03-06 18:29:35,58,19,19,0,"fit: 5, efit: 1","fit: 5, efit: 1",,,,0,0,0,0,2,,
2026-03-06 18:39:37,58,19,19,0,"fit: 5, efit: 2","fit: 5, efit: 2",,,,0,0,0,0,2,,
2026-03-06 18:51:13,58,19,19,0,"fit: 5, efit: 1","fit: 5, efit: 1",,,,0,0,0,0,2,,
2026-03-06 19:57:07,58,19,19,0,"fit: 5, efit: 3","fit: 5, efit: 3",,,,0,0,0,0,2,,
2026-03-06 20:26:36,58,19,19,0,"fit: 4, efit: 3","fit: 4, efit: 3",,,,0,0,0,0,2,,
2026-03-06 20:49:59,58,19,19,0,"fit: 4, efit: 4","fit: 4, efit: 4",,,,0,0,0,0,2,,
2026-03-06 21:50:10,58,19,19,0,"fit: 4, efit: 2","fit: 4, efit: 2",,,,0,0,0,0,2,,
2026-03-06 22:30:17,58,19,19,0,"fit: 4, efit: 5","fit: 4, efit: 5",,,,0,0,0,0,2,,
2026-03-07 00:00:32,58,19,19,0,"fit: 4, efit: 5","fit: 4, efit: 5",,,,0,0,0,0,2,,
2026-03-07 02:53:07,58,19,19,0,"fit: 4, efit: 8","fit: 4, efit: 8",,,,0,0,0,0,2,,
2026-03-07 03:31:07,58,19,19,0,"fit: 4, efit: 8","fit: 4, efit: 7",,,,0,0,0,0,2,,
2026-03-07 03:33:12,58,19,19,0,"fit: 4, efit: 8","fit: 4, efit: 8",,,,0,0,0,0,2,,
2026-03-07 04:26:16,58,19,19,0,"fit: 5, efit: 8","fit: 5, efit: 8",,,,0,0,0,0,2,,
2026-03-07 09:37:07,58,19,19,0,"fit: 5, efit: 6","fit: 5, efit: 6",,,,0,0,0,0,2,,
2026-03-07 09:39:05,58,19,19,0,"fit: 5, efit: 5","fit: 5, efit: 5",,,,0,0,0,0,2,,
2026-03-07 09:39:40,58,19,19,0,"fit: 5, efit: 4","fit: 5, efit: 4",,,,0,0,0,0,2,,
2026-03-07 09:42:07,58,19,19,0,"fit: 5, efit: 3","fit: 5, efit: 3",,,,0,0,0,0,2,,
2026-03-07 10:29:13,58,19,19,0,"fit: 6, efit: 3","fit: 6, efit: 3",,,,0,0,0,0,2,,
2026-03-07 10:49:16,58,19,19,0,"fit: 6, efit: 1","fit: 6, efit: 1",,,,0,0,0,0,2,,
2026-03-07 11:05:01,58,19,19,0,"fit: 5, efit: 1","fit: 5, efit: 1",,,,0,0,0,0,2,,
2026-03-07 11:07:21,58,19,19,0,"fit: 4, efit: 1","fit: 4, efit: 1",,,,0,0,0,0,2,,
2026-03-07 11:29:22,58,19,19,0,fit: 4,fit: 4,,,,0,0,0,0,2,,
2026-03-07 13:14:37,58,19,19,0,fit: 2,fit: 2,,,,0,0,0,0,2,,
2026-03-07 13:34:40,58,19,19,0,,,,,,0,0,0,0,2,,
2026-03-07 14:09:46,58,19,19,0,fit: 2,fit: 2,,,,0,0,0,0,2,,
2026-03-07 14:12:52,58,19,19,0,"fit: 2, efit: 2","fit: 2, efit: 2",,,,0,0,0,0,2,,
2026-03-07 14:19:47,58,19,19,0,"fit: 2, efit: 1","fit: 2, efit: 1",,,,0,0,0,0,2,,
2026-03-07 14:58:00,58,19,19,0,"fit: 2, efit: 2","fit: 2, efit: 2",,,,0,0,0,0,2,,
2026-03-07 15:16:01,58,19,19,0,"fit: 2, efit: 1","fit: 2, efit: 1",,,,0,0,0,0,2,,
2026-03-07 15:18:03,58,19,19,0,fit: 2,fit: 2,,,,0,0,0,0,2,,
2026-03-07 15:19:56,58,19,19,0,"fit: 2, efit: 1","fit: 2, efit: 1",,,,0,0,0,0,2,,
2026-03-07 16:13:12,58,19,19,0,"fit: 2, efit: 2","fit: 2, efit: 2",,,,0,0,0,0,2,,
2026-03-07 16:15:05,58,19,19,0,"fit: 2, efit: 3","fit: 2, efit: 3",,,,0,0,0,0,2,,
2026-03-07 17:13:22,58,19,19,0,"fit: 2, efit: 3","fit: 2, efit: 2",,,,0,0,0,0,2,,
2026-03-08 00:01:14,58,19,19,0,"fit: 2, efit: 3","fit: 2, efit: 2",,,,0,0,0,0,2,,
2026-03-08 01:26:27,58,19,19,0,"fit: 2, efit: 4","fit: 2, efit: 3",,,,0,0,0,0,2,,
2026-03-08 01:28:26,58,19,19,0,"fit: 3, efit: 5","fit: 3, efit: 4",,,,0,0,0,0,2,,
2026-03-08 07:19:35,58,19,19,0,"fit: 3, efit: 4","fit: 3, efit: 3",,,,0,0,0,0,2,,
2026-03-08 10:30:22,58,19,19,0,"fit: 3, efit: 3","fit: 3, efit: 2",,,,0,0,0,0,2,,
2026-03-08 11:30:36,58,19,19,0,"fit: 3, efit: 3","fit: 3, efit: 3",,,,0,0,0,0,2,,
2026-03-08 12:22:54,58,19,19,0,"fit: 3, efit: 4","fit: 3, efit: 4",,,,0,0,0,0,2,,
2026-03-08 12:25:49,58,19,19,0,"fit: 3, efit: 5","fit: 3, efit: 5",,,,0,0,0,0,2,,
2026-03-08 12:40:53,58,19,19,0,"fit: 1, efit: 5","fit: 1, efit: 5",,,,0,0,0,0,2,,
2026-03-08 12:55:56,58,19,19,0,"fit: 1, efit: 3","fit: 1, efit: 3",,,,0,0,0,0,2,,
2026-03-08 13:58:09,58,19,19,0,"fit: 1, efit: 1","fit: 1, efit: 1",,,,0,0,0,0,2,,
2026-03-08 14:36:21,58,19,19,0,fit: 1,fit: 1,,,,0,0,0,0,2,,
2026-03-08 14:38:15,58,19,19,0,,,,,,0,0,0,0,2,,
2026-03-08 15:06:28,58,19,19,0,efit: 2,efit: 2,,,,0,0,0,0,2,,
2026-03-08 15:21:32,58,19,19,0,efit: 4,efit: 4,,,,0,0,0,0,2,,
2026-03-08 15:46:38,58,19,19,0,efit: 5,efit: 5,,,,0,0,0,0,2,,
2026-03-08 15:48:25,58,19,19,0,efit: 6,efit: 6,,,,0,0,0,0,2,,
2026-03-08 15:53:26,58,19,19,0,efit: 5,efit: 5,,,,0,0,0,0,2,,
2026-03-08 15:58:27,58,19,19,0,efit: 4,efit: 4,,,,0,0,0,0,2,,
2026-03-08 16:06:42,58,19,19,0,efit: 3,efit: 3,,,,0,0,0,0,2,,
2026-03-08 16:18:30,58,19,19,0,efit: 4,efit: 4,,,,0,0,0,0,2,,
2026-03-08 17:32:03,58,19,19,0,efit: 5,efit: 5,,,,0,0,0,0,2,,
2026-03-08 17:42:06,58,19,19,0,efit: 4,efit: 4,,,,0,0,0,0,2,,
2026-03-08 18:07:12,58,19,19,0,efit: 5,efit: 5,,,,0,0,0,0,2,,
2026-03-08 18:12:13,58,19,19,0,efit: 4,efit: 4,,,,0,0,0,0,2,,
2026-03-08 19:02:25,58,19,19,0,efit: 5,efit: 5,,,,0,0,0,0,2,,
2026-03-09 00:03:17,58,19,19,0,efit: 5,efit: 5,,,,0,0,0,0,2,,
2026-03-09 08:15:26,58,19,19,0,efit: 4,efit: 4,,,,0,0,0,0,2,,
2026-03-09 08:34:39,58,19,19,0,efit: 3,efit: 3,,,,0,0,0,0,2,,
2026-03-09 08:49:42,58,19,19,0,efit: 2,efit: 2,,,,0,0,0,0,2,,
2026-03-09 15:43:36,58,19,19,0,efit: 1,efit: 1,,,,0,0,0,0,2,,
2026-03-09 16:08:40,58,19,19,0,,,,,,0,0,0,0,2,,
2026-03-09 16:51:06,58,19,19,0,efit: 1,efit: 1,,,,0,0,0,0,2,,
2026-03-09 17:16:11,58,19,19,0,,,,,,0,0,0,0,2,,
2026-03-09 17:18:49,58,19,19,0,efit: 1,efit: 1,,,,0,0,0,0,2,,
2026-03-09 17:21:12,58,19,19,0,efit: 2,efit: 2,,,,0,0,0,0,2,,
2026-03-09 18:16:20,58,19,19,0,efit: 3,efit: 3,,,,0,0,0,0,2,,
2026-03-09 18:39:00,58,19,19,0,efit: 2,efit: 2,,,,0,0,0,0,2,,
2026-03-09 18:41:25,58,19,19,0,efit: 1,efit: 1,,,,0,0,0,0,2,,
2026-03-09 20:14:14,58,19,19,0,efit: 3,efit: 3,,,,0,0,0,0,2,,
2026-03-09 20:37:39,58,19,19,0,efit: 2,efit: 2,,,,0,0,0,0,2,,
2026-03-09 22:19:30,58,19,19,0,efit: 4,efit: 4,,,,0,0,0,0,2,,
2026-03-10 00:02:17,58,19,19,0,efit: 4,efit: 4,,,,0,0,0,0,2,,
2026-03-10 07:30:43,58,19,19,0,efit: 3,efit: 3,,,,0,0,0,0,2,,
2026-03-10 07:40:44,58,19,19,0,efit: 2,efit: 2,,,,0,0,0,0,2,,
2026-03-10 08:13:38,58,19,19,0,efit: 1,efit: 1,,,,0,0,0,0,2,,
2026-03-10 08:20:49,58,19,19,0,,,,,,0,0,0,0,2,,
2026-03-10 12:11:21,58,19,19,0,efit: 1,efit: 1,,,,0,0,0,0,2,,
2026-03-10 14:29:40,58,19,19,0,efit: 5,efit: 5,,,,0,0,0,0,2,,
2026-03-10 14:31:40,58,19,19,0,efit: 6,efit: 6,,,,0,0,0,0,2,,
2026-03-10 15:54:54,58,19,19,0,efit: 5,efit: 5,,,,0,0,0,0,2,,
2026-03-10 16:09:57,58,19,19,0,efit: 6,efit: 6,,,,0,0,0,0,2,,
2026-03-10 16:24:59,58,19,19,0,efit: 7,efit: 7,,,,0,0,0,0,2,,
2026-03-10 16:35:02,58,19,19,0,efit: 8,efit: 8,,,,0,0,0,0,2,,
2026-03-10 16:40:02,58,19,19,0,efit: 9,efit: 9,,,,0,0,0,0,2,,
2026-03-10 16:55:05,58,19,19,0,efit: 10,efit: 10,,,,0,0,0,0,2,,
2026-03-10 17:22:03,58,19,19,0,efit: 11,efit: 11,,,,0,0,0,0,2,,
2026-03-10 18:02:09,58,19,19,0,efit: 12,efit: 12,,,,0,0,0,0,2,,
2026-03-10 18:15:19,58,19,19,0,efit: 13,efit: 13,,,,0,0,0,0,2,,
2026-03-10 18:35:22,58,19,19,0,efit: 14,efit: 14,,,,0,0,0,0,2,,
2026-03-10 19:00:26,58,19,19,0,efit: 15,efit: 15,,,,0,0,0,0,2,,
2026-03-10 19:30:32,58,19,19,0,efit: 13,efit: 13,,,,0,0,0,0,2,,
2026-03-10 20:16:06,58,19,19,0,efit: 15,efit: 15,,,,0,0,0,0,2,,
2026-03-10 20:22:28,58,19,19,0,efit: 14,efit: 14,,,,0,0,0,0,2,,
2026-03-10 20:25:41,58,19,19,0,efit: 13,efit: 13,,,,0,0,0,0,2,,
2026-03-11 00:01:17,58,19,19,0,efit: 13,efit: 13,,,,0,0,0,0,2,,
2026-03-11 00:31:22,58,19,19,0,efit: 15,efit: 15,,,,0,0,0,0,2,,
2026-03-11 06:02:16,58,19,19,0,efit: 15,efit: 14,,,,0,0,0,0,2,,
2026-03-11 07:27:30,58,19,19,0,efit: 14,efit: 13,,,,0,0,0,0,2,,
2026-03-11 07:38:57,58,19,19,0,efit: 13,efit: 12,,,,0,0,0,0,2,,
2026-03-11 08:22:50,58,19,19,0,efit: 14,efit: 13,,,,0,0,0,0,2,,
2026-03-11 08:32:51,58,19,19,0,efit: 13,efit: 12,,,,0,0,0,0,2,,
2026-03-11 10:48:03,58,19,19,0,efit: 12,efit: 11,,,,0,0,0,0,2,,
2026-03-11 10:49:23,58,19,19,0,efit: 13,efit: 12,,,,0,0,0,0,2,,
2026-03-11 11:38:11,58,19,19,0,efit: 14,efit: 13,,,,0,0,0,0,2,,
2026-03-11 19:34:19,58,19,19,0,efit: 12,efit: 11,,,,0,0,0,0,2,,
2026-03-11 20:39:28,58,19,19,0,efit: 11,efit: 10,,,,0,0,0,0,2,,
2026-03-12 00:00:05,58,19,19,0,efit: 11,efit: 10,,,,0,0,0,0,2,,
2026-03-12 07:21:02,58,19,19,0,efit: 10,efit: 9,,,,0,0,0,0,2,,
2026-03-12 08:06:25,58,19,19,0,efit: 9,efit: 8,,,,0,0,0,0,2,,
2026-03-12 08:47:20,58,19,19,0,efit: 8,efit: 7,,,,0,0,0,0,2,,
2026-03-12 09:01:16,58,19,19,0,efit: 7,efit: 6,,,,0,0,0,0,2,,
2026-03-12 10:41:31,58,19,19,0,efit: 6,efit: 6,,,,0,0,0,0,2,,
2026-03-12 10:41:50,58,19,19,0,efit: 7,efit: 7,,,,0,0,0,0,2,,
2026-03-12 13:06:52,58,19,19,0,efit: 6,efit: 6,,,,0,0,0,0,2,,
2026-03-12 14:12:01,58,19,19,0,efit: 7,efit: 7,,,,0,0,0,0,2,,
2026-03-12 14:42:05,58,19,19,0,efit: 8,efit: 8,,,,0,0,0,0,2,,
2026-03-12 14:57:08,58,19,19,0,efit: 9,efit: 9,,,,0,0,0,0,2,,
2026-03-12 15:52:16,58,19,19,0,efit: 10,efit: 10,,,,0,0,0,0,2,,
2026-03-12 16:07:18,58,19,19,0,efit: 11,efit: 11,,,,0,0,0,0,2,,
2026-03-12 16:32:21,58,19,19,0,efit: 10,efit: 10,,,,0,0,0,0,2,,
2026-03-12 18:47:41,58,19,19,0,efit: 9,efit: 9,,,,0,0,0,0,2,,
2026-03-12 23:48:25,58,19,19,0,efit: 9,efit: 8,,,,0,0,0,0,2,,
2026-03-13 00:03:27,58,19,19,0,efit: 9,efit: 8,,,,0,0,0,0,2,,
2026-03-13 02:23:47,58,19,19,0,efit: 9,efit: 7,,,,0,0,0,0,2,,
2026-03-13 04:14:03,58,19,19,0,efit: 9,efit: 6,,,,0,0,0,0,2,,
2026-03-13 10:04:54,58,19,19,0,efit: 8,efit: 7,,,,0,0,0,0,2,,
2026-03-13 10:05:42,58,19,19,0,efit: 8,efit: 8,,,,0,0,0,0,2,,
2026-03-13 10:09:54,58,19,19,0,efit: 9,efit: 9,,,,0,0,0,0,2,,
2026-03-13 11:20:05,58,19,19,0,efit: 8,efit: 8,,,,0,0,0,0,2,,
2026-03-13 12:30:15,58,19,19,0,efit: 7,efit: 7,,,,0,0,0,0,2,,
2026-03-13 12:50:18,58,19,19,0,efit: 8,efit: 8,,,,0,0,0,0,2,,
2026-03-13 13:50:27,58,19,19,0,efit: 13,efit: 13,,,,0,0,0,0,2,,
2026-03-13 14:40:34,58,19,19,0,efit: 8,efit: 8,,,,0,0,0,0,2,,
2026-03-13 14:45:35,58,19,19,0,efit: 8,efit: 7,,,,0,0,0,0,2,,
2026-03-13 16:00:45,58,19,19,0,efit: 9,efit: 8,,,,0,0,0,0,2,,
2026-03-13 16:20:48,58,19,19,0,efit: 8,efit: 7,,,,0,0,0,0,2,,
2026-03-13 16:55:53,58,19,19,0,efit: 9,efit: 8,,,,0,0,0,0,2,,
2026-03-13 19:51:19,58,19,19,0,efit: 7,efit: 6,,,,0,0,0,0,2,,
2026-03-13 19:56:20,58,19,19,0,efit: 6,efit: 5,,,,0,0,0,0,2,,
2026-03-14 00:01:55,58,19,19,0,efit: 6,efit: 5,,,,0,0,0,0,2,,
2026-03-14 04:38:40,58,19,19,0,efit: 6,efit: 4,,,,0,0,0,0,2,,
2026-03-14 09:23:15,58,19,19,0,efit: 4,efit: 2,,,,0,0,0,0,2,,
2026-03-14 10:54:41,58,19,19,0,"fit: 1, efit: 4","fit: 1, efit: 2",,,,0,0,0,0,2,,
2026-03-14 11:23:32,58,19,19,0,"fit: 1, efit: 5","fit: 1, efit: 3",,,,0,0,0,0,2,,
2026-03-14 11:39:48,58,19,19,0,"fit: 1, efit: 4","fit: 1, efit: 2",,,,0,0,0,0,2,,
2026-03-14 11:43:35,58,19,19,0,"fit: 1, efit: 3","fit: 1, efit: 1",,,,0,0,0,0,2,,
2026-03-14 11:48:36,58,19,19,0,"fit: 1, efit: 2",fit: 1,,,,0,0,0,0,2,,
2026-03-14 11:58:37,58,19,19,0,efit: 2,,,,,0,0,0,0,2,,
2026-03-14 12:38:43,58,19,19,0,efit: 4,efit: 2,,,,0,0,0,0,2,,
2026-03-14 12:43:44,58,19,19,0,"fit: 1, efit: 4","fit: 1, efit: 2",,,,0,0,0,0,2,,
2026-03-14 13:38:52,58,19,19,0,"fit: 1, efit: 2",fit: 1,,,,0,0,0,0,2,,
2026-03-14 14:24:32,58,19,19,0,"fit: 1, efit: 3","fit: 1, efit: 1",,,,0,0,0,0,2,,
2026-03-14 15:09:05,58,19,19,0,"fit: 1, efit: 2","fit: 1, efit: 2",,,,0,0,0,0,2,,
2026-03-14 15:10:23,58,19,19,0,"fit: 1, efit: 3","fit: 1, efit: 3",,,,0,0,0,0,2,,
2026-03-14 16:05:33,58,19,19,0,"fit: 1, efit: 2","fit: 1, efit: 2",,,,0,0,0,0,2,,
2026-03-14 16:24:16,58,19,19,0,"fit: 1, efit: 3","fit: 1, efit: 3",,,,0,0,0,0,2,,
2026-03-14 18:29:35,58,19,19,0,"fit: 1, efit: 2","fit: 1, efit: 2",,,,0,0,0,0,2,,
2026-03-14 18:50:10,58,19,19,0,"fit: 1, efit: 3","fit: 1, efit: 3",,,,0,0,0,0,2,,
2026-03-14 19:15:14,58,19,19,0,"fit: 1, efit: 2","fit: 1, efit: 2",,,,0,0,0,0,2,,
2026-03-14 19:19:42,58,19,19,0,"fit: 1, efit: 3","fit: 1, efit: 3",,,,0,0,0,0,2,,
2026-03-14 20:59:57,58,19,19,0,"fit: 1, efit: 5","fit: 1, efit: 5",,,,0,0,0,0,2,,
2026-03-14 23:10:16,58,19,19,0,"fit: 1, efit: 6","fit: 1, efit: 6",,,,0,0,0,0,2,,
2026-03-15 00:00:24,58,19,19,0,"fit: 1, efit: 6","fit: 1, efit: 6",,,,0,0,0,0,2,,
2026-03-15 08:11:34,58,19,19,0,"fit: 1, efit: 7","fit: 1, efit: 7",,,,0,0,0,0,2,,
2026-03-15 10:31:54,58,19,19,0,"fit: 1, efit: 5","fit: 1, efit: 5",,,,0,0,0,0,2,,
2026-03-15 10:32:22,58,19,19,0,"fit: 1, efit: 4","fit: 1, efit: 4",,,,0,0,0,0,2,,
2026-03-15 10:41:56,58,19,19,0,"fit: 1, efit: 3","fit: 1, efit: 3",,,,0,0,0,0,2,,
2026-03-15 11:01:59,58,19,19,0,"fit: 1, efit: 1","fit: 1, efit: 1",,,,0,0,0,0,2,,
2026-03-15 11:52:06,58,19,19,0,"fit: 1, efit: 2","fit: 1, efit: 2",,,,0,0,0,0,2,,
2026-03-15 11:57:07,58,19,19,0,"fit: 1, efit: 4","fit: 1, efit: 4",,,,0,0,0,0,2,,
2026-03-15 12:17:10,58,19,19,0,"fit: 1, efit: 5","fit: 1, efit: 5",,,,0,0,0,0,2,,
2026-03-15 12:38:54,58,19,19,0,"fit: 1, efit: 4","fit: 1, efit: 4",,,,0,0,0,0,2,,
2026-03-15 12:42:13,58,19,19,0,"fit: 1, efit: 3","fit: 1, efit: 3",,,,0,0,0,0,2,,
2026-03-15 12:47:14,58,19,19,0,"fit: 1, efit: 2","fit: 1, efit: 2",,,,0,0,0,0,2,,
2026-03-15 15:42:40,58,19,19,0,"fit: 1, efit: 4","fit: 1, efit: 4",,,,0,0,0,0,2,,
2026-03-15 17:02:52,58,19,19,0,"fit: 1, efit: 5","fit: 1, efit: 5",,,,0,0,0,0,2,,
2026-03-16 00:00:48,58,19,19,0,"fit: 1, efit: 5","fit: 1, efit: 5",,,,0,0,0,0,2,,
2026-03-16 07:11:59,58,19,19,0,"fit: 1, efit: 4","fit: 1, efit: 4",,,,0,0,0,0,2,,
2026-03-16 07:52:05,58,19,19,0,"fit: 1, efit: 4","fit: 1, efit: 3",,,,0,0,0,0,2,,
2026-03-16 08:17:10,58,19,19,0,"fit: 1, efit: 3","fit: 1, efit: 2",,,,0,0,0,0,2,,
2026-03-16 10:00:43,58,19,19,0,"fit: 1, efit: 3","fit: 1, efit: 1",,,,0,0,0,0,2,,
2026-03-16 15:35:44,58,19,19,0,"fit: 1, efit: 4","fit: 1, efit: 2",,,,0,0,0,0,2,,
2026-03-16 16:03:05,58,19,19,0,"fit: 1, efit: 5","fit: 1, efit: 3",,,,0,0,0,0,2,,
2026-03-17 00:02:17,58,19,19,0,"fit: 1, efit: 5","fit: 1, efit: 3",,,,0,0,0,0,2,,
2026-03-17 07:25:29,58,19,19,0,"fit: 1, efit: 5","fit: 1, efit: 2",,,,0,0,0,0,2,,
2026-03-17 10:43:46,58,19,19,0,"fit: 1, efit: 4","fit: 1, efit: 2",,,,0,0,0,0,2,,
2026-03-17 10:45:43,58,19,19,0,"fit: 1, efit: 4","fit: 1, efit: 3",,,,0,0,0,0,2,,
2026-03-17 10:46:01,58,19,19,0,"fit: 1, efit: 4","fit: 1, efit: 4",,,,0,0,0,0,2,,
2026-03-17 10:48:47,58,19,19,0,"fit: 1, efit: 5","fit: 1, efit: 5",,,,0,0,0,0,2,,
2026-03-17 21:42:42,58,19,19,0,"fit: 2, efit: 5","fit: 2, efit: 5",,,,0,0,0,0,2,,
2026-03-18 00:00:40,58,19,19,0,"fit: 2, efit: 5","fit: 2, efit: 5",,,,0,0,0,0,2,,
2026-03-18 04:06:15,58,19,19,0,"fit: 2, efit: 5","fit: 2, efit: 4",,,,0,0,0,0,2,,
2026-03-18 10:37:10,58,19,19,0,"fit: 2, efit: 4","fit: 2, efit: 3",,,,0,0,0,0,2,,
2026-03-18 11:14:51,58,19,19,0,"fit: 2, efit: 3","fit: 2, efit: 2",,,,0,0,0,0,2,,
2026-03-18 14:00:19,58,19,19,0,"fit: 2, efit: 2","fit: 2, efit: 2",,,,0,0,0,0,2,,
2026-03-18 15:22:51,58,19,19,0,"fit: 2, efit: 1","fit: 2, efit: 1",,,,0,0,0,0,2,,
2026-03-18 16:05:40,58,19,19,0,fit: 2,fit: 2,,,,0,0,0,0,2,,
2026-03-18 17:10:50,58,19,19,0,"fit: 2, efit: 1","fit: 2, efit: 1",,,,0,0,0,0,2,,
2026-03-18 18:26:39,58,19,19,0,"fit: 2, efit: 2","fit: 2, efit: 2",,,,0,0,0,0,2,,
2026-03-18 20:31:23,58,19,19,0,"fit: 2, efit: 3","fit: 2, efit: 3",,,,0,0,0,0,2,,
2026-03-19 00:01:58,58,19,19,0,"fit: 2, efit: 3","fit: 2, efit: 3",,,,0,0,0,0,2,,
2026-03-19 08:28:19,58,19,19,0,"fit: 2, efit: 2","fit: 2, efit: 2",,,,0,0,0,0,2,,
2026-03-19 08:53:23,58,19,19,0,"fit: 2, efit: 1","fit: 2, efit: 1",,,,0,0,0,0,2,,
2026-03-19 12:08:55,58,19,19,0,"fit: 2, efit: 2","fit: 2, efit: 2",,,,0,0,0,0,2,,
2026-03-19 14:30:30,58,19,19,0,"fit: 2, efit: 3","fit: 2, efit: 3",,,,0,0,0,0,2,,
2026-03-19 17:29:49,58,19,19,0,"fit: 2, efit: 4","fit: 2, efit: 4",,,,0,0,0,0,2,,
2026-03-19 17:51:09,58,19,19,0,"fit: 2, efit: 3","fit: 2, efit: 3",,,,0,0,0,0,2,,
2026-03-19 18:50:03,58,19,19,0,"fit: 2, efit: 2","fit: 2, efit: 2",,,,0,0,0,0,2,,
2026-03-19 19:25:09,58,19,19,0,"fit: 2, efit: 3","fit: 2, efit: 3",,,,0,0,0,0,2,,
2026-03-19 19:30:10,58,19,19,0,"fit: 2, efit: 2","fit: 2, efit: 2",,,,0,0,0,0,2,,
2026-03-19 21:30:30,58,19,19,0,"fit: 2, efit: 3","fit: 2, efit: 3",,,,0,0,0,0,2,,
2026-03-20 00:00:55,58,19,19,0,"fit: 2, efit: 3","fit: 2, efit: 3",,,,0,0,0,0,2,,
2026-03-20 04:21:38,58,19,19,0,"fit: 2, efit: 3","fit: 2, efit: 2",,,,0,0,0,0,2,,
2026-03-20 08:27:19,58,19,19,0,"fit: 2, efit: 2","fit: 2, efit: 1",,,,0,0,0,0,2,,
2026-03-20 08:57:24,58,19,19,0,"fit: 2, efit: 1",fit: 2,,,,0,0,0,0,2,,
2026-03-20 12:19:13,58,19,19,0,"fit: 2, efit: 2","fit: 2, efit: 1",,,,0,0,0,0,2,,
2026-03-20 13:58:14,58,19,19,0,"fit: 2, efit: 1",fit: 2,,,,0,0,0,0,2,,
2026-03-20 14:38:20,58,19,19,0,"fit: 4, efit: 1","fit: 4, efit: 1",,,,0,0,0,0,2,,
2026-03-20 14:45:08,58,19,19,0,"fit: 5, efit: 1","fit: 5, efit: 1",,,,0,0,0,0,2,,
2026-03-20 14:55:09,58,19,19,0,"fit: 5, efit: 2","fit: 5, efit: 1",,,,0,0,0,0,2,,
2026-03-20 15:33:29,58,19,19,0,"fit: 5, efit: 1",fit: 5,,,,0,0,0,0,2,,
2026-03-20 18:08:55,58,19,19,0,"fit: 5, efit: 2","fit: 5, efit: 1",,,,0,0,0,0,2,,
2026-03-21 00:00:57,58,19,19,0,"fit: 5, efit: 2","fit: 5, efit: 1",,,,0,0,0,0,2,,
2026-03-21 07:21:07,58,19,19,0,"fit: 5, efit: 1",fit: 5,,,,0,0,0,0,2,,
2026-03-21 10:59:00,58,19,19,0,"fit: 4, efit: 1",fit: 4,,,,0,0,0,0,2,,
2026-03-21 11:47:39,58,19,19,0,"fit: 3, efit: 1",fit: 3,,,,0,0,0,0,2,,
2026-03-21 11:56:52,58,19,19,0,"fit: 2, efit: 1",fit: 2,,,,0,0,0,0,2,,
2026-03-21 12:11:54,58,19,19,0,"fit: 1, efit: 1",fit: 1,,,,0,0,0,0,2,,
2026-03-21 13:37:09,58,19,19,0,"fit: 1, efit: 2","fit: 1, efit: 1",,,,0,0,0,0,2,,
2026-03-21 14:47:20,58,19,19,0,"fit: 1, efit: 3","fit: 1, efit: 2",,,,0,0,0,0,2,,
2026-03-21 15:53:15,58,19,19,0,efit: 1,,,,,0,0,0,0,2,,
2026-03-21 16:15:01,58,19,19,0,efit: 2,efit: 1,,,,0,0,0,0,2,,
2026-03-21 16:32:38,58,19,19,0,efit: 1,,,,,0,0,0,0,2,,
2026-03-21 16:37:39,58,19,19,0,efit: 2,efit: 1,,,,0,0,0,0,2,,
2026-03-21 16:45:07,58,19,19,0,efit: 3,efit: 2,,,,0,0,0,0,2,,
2026-03-21 16:52:41,58,19,19,0,efit: 6,efit: 5,,,,0,0,0,0,2,,
2026-03-21 19:28:07,58,19,19,0,efit: 5,efit: 4,,,,0,0,0,0,2,,
2026-03-21 19:38:09,58,19,19,0,efit: 4,efit: 3,,,,0,0,0,0,2,,
2026-03-21 19:43:10,58,19,19,0,efit: 5,efit: 4,,,,0,0,0,0,2,,
2026-03-21 20:00:44,58,19,19,0,efit: 4,efit: 3,,,,0,0,0,0,2,,
2026-03-21 20:13:14,58,19,19,0,efit: 5,efit: 4,,,,0,0,0,0,2,,
2026-03-21 22:01:08,58,19,19,0,efit: 6,efit: 5,,,,0,0,0,0,2,,
2026-03-21 22:31:14,58,19,19,0,efit: 8,efit: 7,,,,0,0,0,0,2,,
2026-03-22 00:01:31,58,19,19,0,efit: 8,efit: 7,,,,0,0,0,0,2,,
2026-03-22 03:02:06,58,19,19,0,efit: 8,efit: 7,efit: 1,,,0,0,0,0,2,,
2026-03-22 03:34:26,58,19,19,0,efit: 8,efit: 6,efit: 1,,,0,0,0,0,2,,
2026-03-22 07:15:01,58,19,19,0,efit: 7,efit: 5,efit: 1,,,0,0,0,0,2,,
2026-03-22 09:30:23,58,19,19,0,"fit: 1, efit: 6","fit: 1, efit: 4",efit: 1,,,0,0,0,0,2,,
2026-03-22 11:43:43,58,19,19,0,"fit: 1, efit: 5","fit: 1, efit: 3",efit: 1,,,0,0,0,0,2,,
2026-03-22 12:45:56,58,19,19,0,"fit: 1, efit: 4","fit: 1, efit: 2",efit: 1,,,0,0,0,0,2,,
2026-03-22 12:46:17,58,19,19,0,"fit: 1, efit: 5","fit: 1, efit: 3",efit: 1,,,0,0,0,0,2,,
2026-03-22 13:59:09,58,19,19,0,"fit: 1, efit: 4","fit: 1, efit: 2",efit: 1,,,0,0,0,0,2,,
2026-03-22 14:34:16,58,19,19,0,"fit: 2, efit: 4","fit: 2, efit: 2",efit: 1,,,0,0,0,0,2,,
2026-03-22 14:49:19,58,19,19,0,"fit: 2, efit: 3","fit: 2, efit: 1",efit: 1,,,0,0,0,0,2,,
2026-03-22 16:14:36,58,19,19,0,"fit: 1, efit: 2",fit: 1,efit: 1,,,0,0,0,0,2,,
2026-03-22 16:36:35,58,19,19,0,"fit: 1, efit: 4","fit: 1, efit: 1",efit: 1,,,0,0,0,0,2,,
2026-03-23 00:01:05,58,19,19,0,"fit: 1, efit: 4","fit: 1, efit: 1",efit: 1,,,0,0,0,0,2,,
2026-03-23 08:47:47,58,19,19,0,"fit: 1, efit: 3",fit: 1,efit: 1,,,0,0,0,0,2,,
2026-03-23 11:24:27,58,19,19,0,"fit: 1, efit: 2",fit: 1,,,,0,0,0,0,2,,
2026-03-23 11:28:19,58,19,19,0,"fit: 1, efit: 3","fit: 1, efit: 3",,,,0,0,0,0,2,,
2026-03-23 12:18:29,58,19,19,0,"fit: 1, efit: 4","fit: 1, efit: 4",,,,0,0,0,0,2,,
2026-03-23 15:09:02,58,19,19,0,"fit: 1, efit: 4","fit: 1, efit: 3",,,,0,0,0,0,2,,
2026-03-23 17:14:26,58,19,19,0,"fit: 1, efit: 5","fit: 1, efit: 4",,,,0,0,0,0,2,,
2026-03-23 17:15:21,58,19,19,0,"fit: 1, efit: 4","fit: 1, efit: 3",,,,0,0,0,0,2,,
2026-03-23 17:19:27,58,19,19,0,"fit: 1, efit: 5","fit: 1, efit: 4",,,,0,0,0,0,2,,
2026-03-23 20:30:04,58,19,19,0,"fit: 1, efit: 4","fit: 1, efit: 3",,,,0,0,0,0,2,,
2026-03-24 00:00:45,58,19,19,0,"fit: 1, efit: 4","fit: 1, efit: 3",,,,0,0,0,0,2,,
2026-03-24 10:43:27,58,19,19,0,"fit: 3, efit: 4","fit: 3, efit: 3",,,,0,0,0,0,2,,
2026-03-24 10:47:49,58,19,19,0,"fit: 4, efit: 5","fit: 4, efit: 5",,,,0,0,0,0,2,,
2026-03-24 11:45:53,58,19,19,0,"fit: 4, efit: 4","fit: 4, efit: 4",,,,0,0,0,0,2,,
2026-03-24 12:41:30,58,19,19,0,"fit: 4, efit: 5","fit: 4, efit: 5",,,,0,0,0,0,2,,
2026-03-24 16:21:41,58,19,19,0,"fit: 4, efit: 4","fit: 4, efit: 4",,,,0,0,0,0,2,,
2026-03-24 16:36:44,58,19,19,0,"fit: 4, efit: 6","fit: 4, efit: 6",,,,0,0,0,0,2,,
2026-03-24 16:57:40,58,19,19,0,"fit: 4, efit: 5","fit: 4, efit: 5",,,,0,0,0,0,2,,
2026-03-24 17:11:50,58,19,19,0,"fit: 4, efit: 6","fit: 4, efit: 6",,,,0,0,0,0,2,,
2026-03-24 17:26:53,58,19,19,0,"fit: 4, efit: 7","fit: 4, efit: 7",,,,0,0,0,0,2,,
2026-03-24 17:52:17,58,19,19,0,"fit: 4, efit: 6","fit: 4, efit: 6",,,,0,0,0,0,2,,
2026-03-24 17:56:58,58,19,19,0,"fit: 4, efit: 7","fit: 4, efit: 7",,,,0,0,0,0,2,,
2026-03-24 18:12:21,58,19,19,0,"fit: 4, efit: 6","fit: 4, efit: 6",,,,0,0,0,0,2,,
2026-03-24 18:32:04,58,19,19,0,"fit: 4, efit: 5","fit: 4, efit: 5",,,,0,0,0,0,2,,
2026-03-24 18:42:25,58,19,19,0,"fit: 4, efit: 6","fit: 4, efit: 6",,,,0,0,0,0,2,,
2026-03-24 21:57:38,58,19,19,0,"fit: 4, efit: 7","fit: 4, efit: 7",,,,0,0,0,0,2,,
2026-03-24 22:03:41,58,19,19,0,"fit: 5, efit: 8","fit: 5, efit: 8",,,,0,0,0,0,2,,
2026-03-25 00:00:14,58,19,19,0,"fit: 5, efit: 8","fit: 5, efit: 8",,,,0,0,0,0,2,,
2026-03-25 07:56:25,58,19,19,0,"fit: 5, efit: 7","fit: 5, efit: 7",,,,0,0,0,0,2,,
2026-03-25 08:06:26,58,19,19,0,"fit: 5, efit: 6","fit: 5, efit: 6",,,,0,0,0,0,2,,
2026-03-25 09:26:38,58,19,19,0,"fit: 5, efit: 5","fit: 5, efit: 5",,,,0,0,0,0,2,,
2026-03-25 09:31:39,58,19,19,0,"fit: 5, efit: 4","fit: 5, efit: 4",,,,0,0,0,0,2,,
2026-03-25 09:51:42,58,19,19,0,"fit: 5, efit: 3","fit: 5, efit: 3",,,,0,0,0,0,2,,
2026-03-25 13:27:15,58,19,19,0,"fit: 5, efit: 4","fit: 5, efit: 4",,,,0,0,0,0,2,,
2026-03-25 15:32:35,58,19,19,0,"fit: 5, efit: 3","fit: 5, efit: 3",,,,0,0,0,0,2,,
2026-03-25 15:33:10,58,19,19,0,"fit: 5, efit: 2","fit: 5, efit: 2",,,,0,0,0,0,2,,
2026-03-25 16:13:17,58,19,19,0,"fit: 5, efit: 3","fit: 5, efit: 3",,,,0,0,0,0,2,,
2026-03-25 16:17:41,58,19,19,0,"fit: 5, efit: 2","fit: 5, efit: 2",,,,0,0,0,0,2,,
2026-03-25 16:32:44,58,19,19,0,"fit: 5, efit: 3","fit: 5, efit: 3",,,,0,0,0,0,2,,
2026-03-25 16:37:45,58,19,19,0,"fit: 5, efit: 2","fit: 5, efit: 2",,,,0,0,0,0,2,,
2026-03-25 17:27:53,58,19,19,0,"fit: 6, efit: 2","fit: 6, efit: 2",,,,0,0,0,0,2,,
2026-03-25 18:28:02,58,19,19,0,"fit: 6, efit: 3","fit: 6, efit: 2",,,,0,0,0,0,2,,
2026-03-25 18:28:41,58,19,19,0,"fit: 6, efit: 2","fit: 6, efit: 1",,,,0,0,0,0,2,,
2026-03-25 18:49:24,58,19,19,0,"fit: 6, efit: 1",fit: 6,,,,0,0,0,0,2,,
2026-03-25 19:03:07,58,19,19,0,"fit: 6, efit: 2","fit: 6, efit: 1",,,,0,0,0,0,2,,
2026-03-26 00:00:26,58,19,19,0,"fit: 6, efit: 2","fit: 6, efit: 1",,,,0,0,0,0,2,,
2026-03-26 08:10:02,58,19,19,0,"fit: 6, efit: 1",fit: 6,,,,0,0,0,0,2,,
2026-03-26 08:15:03,58,19,19,0,"fit: 5, efit: 1",fit: 5,,,,0,0,0,0,2,,
2026-03-26 09:30:15,58,19,19,0,fit: 5,fit: 5,,,,0,0,0,0,2,,
2026-03-26 09:31:14,58,19,19,0,"fit: 5, efit: 1","fit: 5, efit: 1",,,,0,0,0,0,2,,
2026-03-26 09:35:16,58,19,19,0,"fit: 5, efit: 2","fit: 5, efit: 2",,,,0,0,0,0,2,,
2026-03-26 09:37:19,58,19,19,0,"fit: 5, efit: 1","fit: 5, efit: 1",,,,0,0,0,0,2,,
2026-03-26 09:41:15,58,19,19,0,fit: 5,fit: 5,,,,0,0,0,0,2,,
2026-03-26 10:46:27,58,19,19,0,fit: 4,fit: 4,,,,0,0,0,0,2,,
2026-03-26 11:12:38,58,19,19,0,"fit: 4, efit: 1","fit: 4, efit: 1",,,,0,0,0,0,2,,
2026-03-26 11:15:31,58,19,19,0,fit: 4,fit: 4,,,,0,0,0,0,2,,
2026-03-26 11:56:39,58,19,19,0,"fit: 4, efit: 1","fit: 4, efit: 1",,,,0,0,0,0,2,,
2026-03-26 12:20:41,58,19,19,0,"fit: 4, efit: 2","fit: 4, efit: 2",,,,0,0,0,0,2,,
2026-03-26 14:43:19,58,19,19,0,"fit: 4, efit: 1","fit: 4, efit: 1",,,,0,0,0,0,2,,
2026-03-26 15:18:06,58,19,19,0,fit: 4,fit: 4,,,,0,0,0,0,2,,
2026-03-26 15:36:11,58,19,19,0,"fit: 4, efit: 1","fit: 4, efit: 1",,,,0,0,0,0,2,,
2026-03-26 16:06:16,58,19,19,0,fit: 4,fit: 4,,,,0,0,0,0,2,,
2026-03-26 16:36:20,58,19,19,0,"fit: 4, efit: 1","fit: 4, efit: 1",,,,0,0,0,0,2,,
2026-03-26 16:47:32,58,19,19,0,"fit: 4, efit: 3","fit: 4, efit: 3",,,,0,0,0,0,2,,
2026-03-26 16:51:23,58,19,19,0,"fit: 4, efit: 2","fit: 4, efit: 2",,,,0,0,0,0,2,,
2026-03-26 17:22:38,58,19,19,0,"fit: 4, efit: 3","fit: 4, efit: 2",,,,0,0,0,0,2,,
2026-03-26 17:52:43,58,19,19,0,"fit: 4, efit: 4","fit: 4, efit: 3",,,,0,0,0,0,2,,
2026-03-26 18:37:51,58,19,19,0,"fit: 4, efit: 5","fit: 4, efit: 4",,,,0,0,0,0,2,,
2026-03-26 18:38:46,58,19,19,0,"fit: 5, efit: 3","fit: 5, efit: 2",,,,0,0,0,0,2,,
2026-03-26 20:41:58,58,19,19,0,"fit: 5, efit: 4","fit: 5, efit: 3",,,,0,0,0,0,2,,
2026-03-26 20:52:00,58,19,19,0,"fit: 5, efit: 5","fit: 5, efit: 4",,,,0,0,0,0,2,,
2026-03-27 00:02:28,58,19,19,0,"fit: 5, efit: 5","fit: 5, efit: 4",,,,0,0,0,0,2,,
2026-03-27 07:13:31,58,19,19,0,"fit: 5, efit: 4","fit: 5, efit: 3",,,,0,0,0,0,2,,
2026-03-27 07:48:36,58,19,19,0,"fit: 5, efit: 5","fit: 5, efit: 4",,,,0,0,0,0,2,,
2026-03-27 08:13:40,58,19,19,0,"fit: 5, efit: 4","fit: 5, efit: 3",,,,0,0,0,0,2,,
2026-03-27 08:50:19,58,19,19,0,"fit: 5, efit: 3","fit: 5, efit: 2",,,,0,0,0,0,2,,
2026-03-27 11:05:42,58,19,19,0,"fit: 5, efit: 4","fit: 5, efit: 3",,,,0,0,0,0,2,,
2026-03-27 12:46:01,58,19,19,0,"fit: 5, efit: 5","fit: 5, efit: 4",,,,0,0,0,0,2,,
2026-03-27 12:47:19,58,19,19,0,"fit: 5, efit: 4","fit: 5, efit: 3",,,,0,0,0,0,2,,
2026-03-27 14:01:14,58,19,19,0,"fit: 5, efit: 5","fit: 5, efit: 4",,,,0,0,0,0,2,,
2026-03-27 14:44:39,58,19,19,0,"fit: 5, efit: 4","fit: 5, efit: 3",,,,0,0,0,0,2,,
2026-03-27 14:51:23,58,19,19,0,"fit: 5, efit: 3","fit: 5, efit: 2",,,,0,0,0,0,2,,
2026-03-27 15:37:53,58,19,19,0,"fit: 5, efit: 3","fit: 5, efit: 2",efit: 1,,,0,0,0,0,2,,
2026-03-27 15:59:50,58,19,19,0,"fit: 5, efit: 4","fit: 5, efit: 3",efit: 1,,,0,0,0,0,2,,
2026-03-27 16:39:56,58,19,19,0,"fit: 5, efit: 3","fit: 5, efit: 2",efit: 1,,,0,0,0,0,2,,
2026-03-27 17:13:11,58,19,19,0,"fit: 5, efit: 4","fit: 5, efit: 3",efit: 1,,,0,0,0,0,2,,
2026-03-27 17:15:03,58,19,19,0,"fit: 5, efit: 5","fit: 5, efit: 4",efit: 1,,,0,0,0,0,2,,
2026-03-27 17:30:05,58,19,19,0,"fit: 5, efit: 6","fit: 5, efit: 5",efit: 1,,,0,0,0,0,2,,
2026-03-27 18:47:07,58,19,19,0,"fit: 5, efit: 6","fit: 5, efit: 5",,,,0,0,0,0,2,,
2026-03-27 19:05:20,58,19,19,0,"fit: 5, efit: 7","fit: 5, efit: 6",,,,0,0,0,0,2,,
2026-03-27 19:27:14,58,19,19,0,"fit: 5, efit: 6","fit: 5, efit: 5",efit: 1,,,0,0,0,0,2,,
2026-03-27 20:52:29,58,19,19,0,"fit: 5, efit: 5","fit: 5, efit: 4",efit: 1,,,0,0,0,0,2,,
2026-03-27 21:13:59,58,19,19,0,"fit: 5, efit: 6","fit: 5, efit: 5",efit: 1,,,0,0,0,0,2,,
2026-03-27 21:27:35,58,19,19,0,"fit: 5, efit: 4","fit: 5, efit: 3",efit: 1,,,0,0,0,0,2,,
2026-03-28 00:01:05,58,19,19,0,"fit: 5, efit: 4","fit: 5, efit: 3",efit: 1,,,0,0,0,0,2,,
2026-03-28 04:13:46,58,19,19,0,"fit: 5, efit: 4","fit: 5, efit: 3",,,,0,0,0,0,2,,
2026-03-28 04:35:24,58,19,19,0,"fit: 5, efit: 4","fit: 5, efit: 3",efit: 1,,,0,0,0,0,2,,
2026-03-28 09:37:28,58,19,19,0,"fit: 5, efit: 3","fit: 5, efit: 2",efit: 1,,,0,0,0,0,2,,
2026-03-28 13:30:23,58,19,19,0,"fit: 5, efit: 2","fit: 5, efit: 1",efit: 1,,,0,0,0,0,2,,
2026-03-28 13:40:25,58,19,19,0,"fit: 4, efit: 2","fit: 4, efit: 1",efit: 1,,,0,0,0,0,2,,
2026-03-28 19:33:20,58,19,19,0,"fit: 4, efit: 3","fit: 4, efit: 2",efit: 1,,,0,0,0,0,2,,
2026-03-29 00:02:15,58,19,19,0,"fit: 4, efit: 3","fit: 4, efit: 2",efit: 1,,,0,0,0,0,2,,
2026-03-29 05:25:14,58,19,19,0,"fit: 4, efit: 3","fit: 4, efit: 2",,,,0,0,0,0,2,,
2026-03-29 05:45:18,58,19,19,0,"fit: 4, efit: 3","fit: 4, efit: 2",efit: 1,,,0,0,0,0,2,,
2026-03-29 09:18:49,58,19,19,0,"fit: 4, efit: 2","fit: 4, efit: 1",,,,0,0,0,0,2,,
2026-03-29 09:40:59,58,19,19,0,"fit: 4, efit: 2","fit: 4, efit: 1",efit: 1,,,0,0,0,0,2,,
2026-03-29 09:43:54,58,19,19,0,"fit: 3, efit: 2","fit: 3, efit: 1",efit: 1,,,0,0,0,0,2,,
2026-03-29 10:29:02,58,19,19,0,"fit: 3, efit: 3","fit: 3, efit: 2",efit: 1,,,0,0,0,0,2,,
2026-03-29 14:24:43,58,19,19,0,"fit: 3, efit: 2","fit: 3, efit: 1",efit: 1,,,0,0,0,0,2,,
2026-03-29 14:46:44,58,19,19,0,"fit: 2, efit: 2","fit: 2, efit: 1",efit: 1,,,0,0,0,0,2,,
2026-03-29 15:36:52,58,19,19,0,"fit: 2, efit: 3","fit: 2, efit: 2",efit: 1,,,0,0,0,0,2,,
2026-03-29 15:41:53,58,19,19,0,"fit: 2, efit: 1",fit: 2,efit: 1,,,0,0,0,0,2,,
2026-03-29 16:20:04,58,19,19,0,"fit: 2, efit: 3","fit: 2, efit: 2",efit: 1,,,0,0,0,0,2,,
2026-03-29 16:40:08,58,19,19,0,"fit: 2, efit: 4","fit: 2, efit: 2",efit: 1,,,0,0,0,0,2,,
2026-03-29 17:22:09,58,19,19,0,"fit: 1, efit: 4","fit: 1, efit: 2",efit: 1,,,0,0,0,0,2,,
2026-03-29 17:47:12,58,19,19,0,"fit: 1, efit: 3","fit: 1, efit: 1",efit: 1,,,0,0,0,0,2,,
2026-03-29 18:05:23,58,19,19,0,"fit: 2, efit: 3","fit: 2, efit: 1",efit: 1,,,0,0,0,0,2,,
2026-03-29 20:27:36,58,19,19,0,"fit: 2, efit: 4","fit: 2, efit: 2",efit: 1,,,0,0,0,0,2,,
2026-03-30 00:01:25,58,19,19,0,"fit: 2, efit: 4","fit: 2, efit: 2",efit: 1,,,0,0,0,0,2,,
2026-03-30 08:05:21,58,19,19,0,"fit: 2, efit: 3","fit: 2, efit: 1",efit: 1,,,0,0,0,0,2,,
2026-03-30 08:27:51,58,19,19,0,"fit: 2, efit: 2",fit: 2,efit: 1,,,0,0,0,0,2,,
2026-03-30 08:47:54,58,19,19,0,"fit: 1, efit: 2",fit: 1,efit: 1,,,0,0,0,0,2,,
2026-03-30 10:43:15,58,19,19,0,fit: 1,fit: 1,,,,0,0,0,0,2,,
2026-03-30 10:44:41,58,19,19,0,"fit: 1, efit: 2","fit: 1, efit: 2",,,,0,0,0,0,2,,
2026-03-30 11:14:46,58,19,19,0,"fit: 1, efit: 1","fit: 1, efit: 1",,,,0,0,0,0,2,,
2026-03-30 11:53:27,58,19,19,0,"fit: 1, efit: 2","fit: 1, efit: 2",,,,0,0,0,0,2,,
2026-03-30 12:16:11,58,19,19,0,"fit: 1, efit: 3","fit: 1, efit: 3",,,,0,0,0,0,2,,
2026-03-30 12:24:57,58,19,19,0,"fit: 1, efit: 2","fit: 1, efit: 2",,,,0,0,0,0,2,,
2026-03-30 12:39:59,58,19,19,0,"fit: 1, efit: 4","fit: 1, efit: 4",,,,0,0,0,0,2,,
2026-03-30 13:35:08,58,19,19,0,"fit: 1, efit: 3","fit: 1, efit: 3",,,,0,0,0,0,2,,
2026-03-30 14:11:35,58,19,19,0,"fit: 1, efit: 1","fit: 1, efit: 1",,,,0,0,0,0,2,,
2026-03-30 16:44:19,58,19,19,0,"fit: 1, efit: 2","fit: 1, efit: 2",,,,0,0,0,0,2,,
2026-03-30 18:02:21,58,19,19,0,"fit: 1, efit: 3","fit: 1, efit: 3",,,,0,0,0,0,2,,
2026-03-30 18:19:36,58,19,19,0,"fit: 1, efit: 4","fit: 1, efit: 4",,,,0,0,0,0,2,,
2026-03-30 18:25:54,58,19,19,0,"fit: 1, efit: 3","fit: 1, efit: 3",,,,0,0,0,0,2,,
2026-03-30 19:17:36,58,19,19,0,"fit: 1, efit: 4","fit: 1, efit: 4",,,,0,0,0,0,2,,
2026-03-30 19:29:48,58,19,19,0,"fit: 1, efit: 5","fit: 1, efit: 5",,,,0,0,0,0,2,,
2026-03-31 00:00:36,58,19,19,0,"fit: 1, efit: 5","fit: 1, efit: 5",,,,0,0,0,0,2,,
2026-03-31 07:55:03,58,19,19,0,"fit: 1, efit: 4","fit: 1, efit: 4",,,,0,0,0,0,2,,
2026-03-31 08:10:06,58,19,19,0,"fit: 1, efit: 3","fit: 1, efit: 3",,,,0,0,0,0,2,,
2026-03-31 08:17:56,58,19,19,0,"fit: 1, efit: 2","fit: 1, efit: 2",,,,0,0,0,0,2,,
2026-03-31 08:22:01,58,19,19,0,"fit: 1, efit: 1","fit: 1, efit: 1",,,,0,0,0,0,2,,
2026-03-31 08:27:02,58,19,19,0,fit: 1,fit: 1,,,,0,0,0,0,2,,
2026-03-31 10:37:26,58,19,19,0,,,,,,0,0,0,0,2,,
2026-03-31 11:37:37,58,19,19,0,efit: 1,efit: 1,,,,0,0,0,0,2,,
2026-03-31 12:05:54,58,19,19,0,,,,,,0,0,0,0,2,,
2026-03-31 14:28:07,58,19,19,0,efit: 4,efit: 4,,,,0,0,0,0,2,,
2026-03-31 14:28:53,58,19,19,0,"fit: 1, efit: 5","fit: 1, efit: 5",,,,0,0,0,0,2,,
2026-03-31 15:31:36,58,19,19,0,"fit: 1, efit: 4","fit: 1, efit: 4",,,,0,0,0,0,2,,
2026-03-31 16:06:43,58,19,19,0,"fit: 1, efit: 3","fit: 1, efit: 3",,,,0,0,0,0,2,,
2026-03-31 16:36:49,58,19,19,0,"fit: 1, efit: 5","fit: 1, efit: 5",,,,0,0,0,0,2,,
2026-03-31 16:48:32,58,19,19,0,"fit: 1, efit: 6","fit: 1, efit: 5",efit: 1,,,0,0,0,0,2,,
2026-03-31 17:04:17,58,19,19,0,"fit: 1, efit: 7","fit: 1, efit: 6",efit: 1,,,0,0,0,0,2,,
2026-03-31 17:06:55,58,19,19,0,"fit: 1, efit: 5","fit: 1, efit: 4",efit: 1,,,0,0,0,0,2,,
2026-03-31 17:18:37,58,19,19,0,"fit: 1, efit: 6","fit: 1, efit: 5",efit: 1,,,0,0,0,0,2,,
2026-03-31 18:08:46,58,19,19,0,"fit: 1, efit: 7","fit: 1, efit: 6",efit: 1,,,0,0,0,0,2,,
2026-03-31 18:12:08,58,19,19,0,"fit: 1, efit: 8","fit: 1, efit: 7",efit: 1,,,0,0,0,0,2,,
2026-03-31 18:13:47,58,19,19,0,"fit: 1, efit: 9","fit: 1, efit: 8",efit: 1,,,0,0,0,0,2,,
2026-03-31 18:19:30,58,19,19,0,"fit: 1, efit: 8","fit: 1, efit: 7",efit: 1,,,0,0,0,0,2,,
2026-03-31 18:33:50,58,19,19,0,"fit: 1, efit: 6","fit: 1, efit: 5",efit: 1,,,0,0,0,0,2,,
2026-03-31 19:39:42,58,19,19,0,"fit: 1, efit: 5","fit: 1, efit: 4",efit: 1,,,0,0,0,0,2,,
2026-03-31 19:42:26,58,19,19,0,"fit: 1, efit: 4","fit: 1, efit: 3",efit: 1,,,0,0,0,0,2,,
2026-03-31 19:47:27,58,19,19,0,"fit: 1, efit: 6","fit: 1, efit: 5",efit: 1,,,0,0,0,0,2,,
2026-03-31 19:49:44,58,19,19,0,"fit: 1, efit: 4","fit: 1, efit: 3",efit: 1,,,0,0,0,0,2,,
2026-03-31 19:52:28,58,19,19,0,"fit: 1, efit: 3","fit: 1, efit: 2",efit: 1,,,0,0,0,0,2,,
2026-03-31 19:54:05,58,19,19,0,"fit: 1, efit: 2","fit: 1, efit: 1",efit: 1,,,0,0,0,0,2,,
2026-03-31 19:57:29,58,19,19,0,"fit: 1, efit: 4","fit: 1, efit: 3",efit: 1,,,0,0,0,0,2,,
2026-03-31 20:22:34,58,19,19,0,"fit: 1, efit: 5","fit: 1, efit: 4",efit: 1,,,0,0,0,0,2,,
2026-03-31 20:27:35,58,19,19,0,"fit: 1, efit: 7","fit: 1, efit: 6",efit: 1,,,0,0,0,0,2,,
2026-04-01 00:04:05,58,19,19,0,"fit: 1, efit: 7","fit: 1, efit: 6",efit: 1,,,0,0,0,0,2,,
2026-04-01 08:30:43,58,19,19,0,"fit: 1, efit: 6","fit: 1, efit: 5",efit: 1,,,0,0,0,0,2,,
2026-04-01 10:01:43,58,19,19,0,"fit: 1, efit: 6","fit: 1, efit: 6",,,,0,0,0,0,2,,
2026-04-01 11:26:11,58,19,19,0,"fit: 1, efit: 5","fit: 1, efit: 5",,,,0,0,0,0,2,,
2026-04-01 12:41:23,58,19,19,0,"fit: 1, efit: 6","fit: 1, efit: 6",,,,0,0,0,0,2,,
2026-04-01 12:42:17,58,19,19,0,"fit: 1, efit: 5","fit: 1, efit: 5",,,,0,0,0,0,2,,
2026-04-01 14:12:36,58,19,19,0,"fit: 1, efit: 6","fit: 1, efit: 6",,,,0,0,0,0,2,,
2026-04-01 14:31:42,58,19,19,0,"fit: 1, efit: 7","fit: 1, efit: 7",,,,0,0,0,0,2,,
2026-04-01 16:06:57,58,19,19,0,"fit: 1, efit: 8","fit: 1, efit: 8",,,,0,0,0,0,2,,
2026-04-01 16:57:06,58,19,19,0,"fit: 1, efit: 9","fit: 1, efit: 9",,,,0,0,0,0,2,,
2026-04-01 17:22:10,58,19,19,0,"fit: 1, efit: 10","fit: 1, efit: 10",,,,0,0,0,0,2,,
2026-04-02 00:03:17,58,19,19,0,"fit: 1, efit: 10","fit: 1, efit: 10",,,,0,0,0,0,2,,
2026-04-02 08:19:36,58,19,19,0,"fit: 1, efit: 9","fit: 1, efit: 9",,,,0,0,0,0,2,,
2026-04-02 08:24:37,58,19,19,0,"fit: 1, efit: 8","fit: 1, efit: 8",,,,0,0,0,0,2,,
2026-04-02 08:34:39,58,19,19,0,"fit: 1, efit: 7","fit: 1, efit: 7",,,,0,0,0,0,2,,
2026-04-02 09:46:39,58,19,19,0,"fit: 1, efit: 6","fit: 1, efit: 6",,,,0,0,0,0,2,,
2026-04-02 10:19:56,58,19,19,0,"fit: 1, efit: 6","fit: 1, efit: 5",,,,0,0,0,0,2,,
2026-04-02 12:20:17,58,19,19,0,"fit: 1, efit: 7","fit: 1, efit: 6",,,,0,0,0,0,2,,
2026-04-02 13:40:30,58,19,19,0,"fit: 1, efit: 8","fit: 1, efit: 7",,,,0,0,0,0,2,,
2026-04-02 13:45:31,58,19,19,0,"fit: 1, efit: 9","fit: 1, efit: 8",,,,0,0,0,0,2,,
2026-04-02 13:52:31,58,19,19,0,"fit: 1, efit: 8","fit: 1, efit: 7",,,,0,0,0,0,2,,
2026-04-02 15:50:52,58,19,19,0,"fit: 1, efit: 9","fit: 1, efit: 8",,,,0,0,0,0,2,,
2026-04-02 16:31:00,58,19,19,0,"fit: 1, efit: 8","fit: 1, efit: 7",,,,0,0,0,0,2,,
2026-04-02 16:58:11,58,19,19,0,"fit: 1, efit: 10","fit: 1, efit: 9",,,,0,0,0,0,2,,
2026-04-02 17:26:10,58,19,19,0,"fit: 1, efit: 9","fit: 1, efit: 8",,,,0,0,0,0,2,,
2026-04-02 17:41:12,58,19,19,0,"fit: 1, efit: 10","fit: 1, efit: 9",,,,0,0,0,0,2,,
2026-04-02 18:26:20,58,19,19,0,"fit: 1, efit: 11","fit: 1, efit: 10",,,,0,0,0,0,2,,
2026-04-02 18:52:31,58,19,19,0,"fit: 1, efit: 10","fit: 1, efit: 9",,,,0,0,0,0,2,,
2026-04-02 19:01:26,58,19,19,0,"fit: 1, efit: 9","fit: 1, efit: 8",,,,0,0,0,0,2,,
2026-04-02 19:21:30,58,19,19,0,"fit: 1, efit: 10","fit: 1, efit: 9",,,,0,0,0,0,2,,
2026-04-02 19:26:31,58,19,19,0,"fit: 1, efit: 11","fit: 1, efit: 10",,,,0,0,0,0,2,,
2026-04-02 20:01:37,58,19,19,0,"fit: 1, efit: 10","fit: 1, efit: 9",,,,0,0,0,0,2,,
2026-04-02 20:36:43,58,19,19,0,"fit: 1, efit: 9","fit: 1, efit: 8",,,,0,0,0,0,2,,
2026-04-02 20:37:52,58,19,19,0,"fit: 1, efit: 8","fit: 1, efit: 7",,,,0,0,0,0,2,,
2026-04-02 21:29:09,58,19,19,0,"fit: 1, efit: 9","fit: 1, efit: 8",,,,0,0,0,0,2,,
2026-04-03 00:02:16,58,19,19,0,"fit: 1, efit: 9","fit: 1, efit: 8",,,,0,0,0,0,2,,
2026-04-03 07:09:56,58,19,19,0,"fit: 1, efit: 8","fit: 1, efit: 7",,,,0,0,0,0,2,,
2026-04-03 09:26:35,58,19,19,0,"fit: 1, efit: 9","fit: 1, efit: 8",,,,0,0,0,0,2,,
2026-04-03 10:18:54,58,19,19,0,"fit: 1, efit: 9","fit: 1, efit: 7",,,,0,0,0,0,2,,
2026-04-03 10:31:48,58,19,19,0,"fit: 1, efit: 8","fit: 1, efit: 6",,,,0,0,0,0,2,,
2026-04-03 11:14:04,58,19,19,0,"fit: 1, efit: 9","fit: 1, efit: 7",,,,0,0,0,0,2,,
2026-04-03 11:35:51,58,19,19,0,"fit: 2, efit: 8","fit: 2, efit: 6",,,,0,0,0,0,2,,
2026-04-03 11:49:09,58,19,19,0,"fit: 2, efit: 6","fit: 2, efit: 4",,,,0,0,0,0,2,,
2026-04-03 12:49:20,58,19,19,0,"fit: 2, efit: 5","fit: 2, efit: 3",,,,0,0,0,0,2,,
2026-04-03 13:32:27,58,19,19,0,"fit: 2, efit: 6","fit: 2, efit: 4",,,,0,0,0,0,2,,
2026-04-03 13:44:29,58,19,19,0,"fit: 2, efit: 7","fit: 2, efit: 5",,,,0,0,0,0,2,,
2026-04-03 13:57:32,58,19,19,0,"fit: 2, efit: 6","fit: 2, efit: 4",,,,0,0,0,0,2,,
2026-04-03 14:17:36,58,19,19,0,"fit: 2, efit: 7","fit: 2, efit: 5",,,,0,0,0,0,2,,
2026-04-03 14:46:36,58,19,19,0,"fit: 2, efit: 8","fit: 2, efit: 6",,,,0,0,0,0,2,,
2026-04-03 15:31:45,58,19,19,0,"fit: 2, efit: 7","fit: 2, efit: 5",,,,0,0,0,0,2,,
2026-04-03 15:32:52,58,19,19,0,"fit: 1, efit: 7","fit: 1, efit: 5",,,,0,0,0,0,2,,
2026-04-03 15:34:48,58,19,19,0,"fit: 1, efit: 6","fit: 1, efit: 4",,,,0,0,0,0,2,,
2026-04-03 15:36:46,58,19,19,0,"fit: 2, efit: 5","fit: 2, efit: 3",,,,0,0,0,0,2,,
2026-04-03 15:39:49,58,19,19,0,"fit: 2, efit: 4","fit: 2, efit: 2",,,,0,0,0,0,2,,
2026-04-03 16:04:53,58,19,19,0,"fit: 2, efit: 5","fit: 2, efit: 3",,,,0,0,0,0,2,,
2026-04-03 16:06:53,58,19,19,0,"fit: 2, efit: 6","fit: 2, efit: 4",,,,0,0,0,0,2,,
2026-04-03 16:42:00,58,19,19,0,"fit: 2, efit: 5","fit: 2, efit: 3",,,,0,0,0,0,2,,
2026-04-03 16:47:01,58,19,19,0,"fit: 2, efit: 6","fit: 2, efit: 4",,,,0,0,0,0,2,,
2026-04-03 17:13:14,58,19,19,0,"fit: 2, efit: 10","fit: 2, efit: 8",,,,0,0,0,0,2,,
2026-04-03 17:37:12,58,19,19,0,"fit: 2, efit: 11","fit: 2, efit: 9",,,,0,0,0,0,2,,
2026-04-03 18:37:25,58,19,19,0,"fit: 2, efit: 10","fit: 2, efit: 8",,,,0,0,0,0,2,,
2026-04-03 19:18:42,58,19,19,0,"fit: 2, efit: 8","fit: 2, efit: 6",,,,0,0,0,0,2,,
2026-04-03 19:23:43,58,19,19,0,"fit: 2, efit: 9","fit: 2, efit: 7",,,,0,0,0,0,2,,
2026-04-03 20:27:48,58,19,19,0,"fit: 2, efit: 11","fit: 2, efit: 9",,,,0,0,0,0,2,,
2026-04-03 20:45:42,58,19,19,0,"fit: 2, efit: 10","fit: 2, efit: 8",,,,0,0,0,0,2,,
2026-04-03 20:59:03,58,19,19,0,"fit: 2, efit: 11","fit: 2, efit: 9",,,,0,0,0,0,2,,
2026-04-03 21:25:49,58,19,19,0,"fit: 2, efit: 10","fit: 2, efit: 8",,,,0,0,0,0,2,,
2026-04-04 00:01:13,58,19,19,0,"fit: 2, efit: 10","fit: 2, efit: 8",,,,0,0,0,0,2,,
2026-04-04 05:54:32,58,19,19,0,"fit: 2, efit: 10","fit: 2, efit: 8",efit: 1,,,0,0,0,0,2,,
2026-04-04 06:22:09,58,19,19,0,"fit: 2, efit: 10","fit: 2, efit: 8",efit: 2,,,0,0,0,0,2,,
2026-04-04 07:57:23,58,19,19,0,"fit: 2, efit: 10","fit: 2, efit: 7",efit: 3,,,0,0,0,0,2,,
2026-04-04 08:01:09,58,19,19,0,"fit: 2, efit: 10","fit: 2, efit: 6",efit: 3,,,0,0,0,0,2,,
2026-04-04 09:00:06,58,19,19,0,"fit: 2, efit: 10","fit: 2, efit: 6",efit: 2,,,0,0,0,0,2,,
2026-04-04 09:27:36,58,19,19,0,"fit: 2, efit: 9","fit: 2, efit: 5",efit: 2,,,0,0,0,0,2,,
2026-04-04 10:41:41,58,19,19,0,"fit: 2, efit: 10","fit: 2, efit: 6",efit: 2,,,0,0,0,0,2,,
2026-04-04 11:00:29,58,19,19,0,"fit: 2, efit: 7","fit: 2, efit: 3",efit: 2,,,0,0,0,0,2,,
2026-04-04 11:37:56,58,19,19,0,"fit: 2, efit: 8","fit: 2, efit: 3",efit: 2,,,0,0,0,0,2,,
2026-04-04 12:15:43,58,19,19,0,"fit: 2, efit: 10","fit: 2, efit: 5",efit: 2,,,0,0,0,0,2,,
2026-04-04 13:25:57,58,19,19,0,"fit: 2, efit: 9","fit: 2, efit: 4",efit: 2,,,0,0,0,0,2,,
2026-04-04 15:11:17,58,19,19,0,"fit: 2, efit: 8","fit: 2, efit: 3",efit: 2,,,0,0,0,0,2,,
2026-04-04 15:12:34,58,19,19,0,"fit: 2, efit: 9","fit: 2, efit: 4",efit: 2,,,0,0,0,0,2,,
2026-04-04 15:16:19,58,19,19,0,"fit: 2, efit: 10","fit: 2, efit: 5",efit: 2,,,0,0,0,0,2,,
2026-04-04 15:21:19,58,19,19,0,"fit: 2, efit: 9","fit: 2, efit: 4",efit: 2,,,0,0,0,0,2,,
2026-04-04 15:22:36,58,19,19,0,"fit: 2, efit: 8","fit: 2, efit: 3",efit: 2,,,0,0,0,0,2,,
2026-04-04 15:27:37,58,19,19,0,"fit: 1, efit: 8","fit: 1, efit: 3",efit: 2,,,0,0,0,0,2,,
2026-04-04 15:32:38,58,19,19,0,"fit: 1, efit: 7","fit: 1, efit: 2",efit: 2,,,0,0,0,0,2,,
2026-04-04 16:31:33,58,19,19,0,"fit: 1, efit: 8","fit: 1, efit: 3",efit: 2,,,0,0,0,0,2,,
2026-04-04 16:37:51,58,19,19,0,"fit: 1, efit: 9","fit: 1, efit: 4",efit: 2,,,0,0,0,0,2,,
2026-04-04 16:38:43,58,19,19,0,"fit: 1, efit: 8","fit: 1, efit: 3",efit: 2,,,0,0,0,0,2,,
2026-04-04 16:41:35,58,19,19,0,"fit: 1, efit: 7","fit: 1, efit: 2",efit: 2,,,0,0,0,0,2,,
2026-04-04 18:16:53,58,19,19,0,"fit: 1, efit: 9","fit: 1, efit: 4",efit: 2,,,0,0,0,0,2,,
2026-04-04 18:21:54,58,19,19,0,"fit: 1, efit: 12","fit: 1, efit: 7",efit: 2,,,0,0,0,0,2,,
2026-04-04 18:52:00,58,19,19,0,"fit: 1, efit: 13","fit: 1, efit: 7",efit: 2,,,0,0,0,0,2,,
2026-04-04 18:57:01,58,19,19,0,"fit: 1, efit: 11","fit: 1, efit: 5",efit: 2,,,0,0,0,0,2,,
2026-04-04 19:17:05,58,19,19,0,"fit: 1, efit: 12","fit: 1, efit: 6",efit: 2,,,0,0,0,0,2,,
2026-04-04 19:33:25,58,19,19,0,"fit: 2, efit: 10","fit: 2, efit: 4",efit: 2,,,0,0,0,0,2,,
2026-04-04 19:42:10,58,19,19,0,"fit: 2, efit: 12","fit: 2, efit: 6",efit: 2,,,0,0,0,0,2,,
2026-04-04 19:52:11,58,19,19,0,"fit: 2, efit: 14","fit: 2, efit: 8",efit: 2,,,0,0,0,0,2,,
2026-04-04 20:27:18,58,19,19,0,"fit: 2, efit: 12","fit: 2, efit: 6",efit: 3,,,0,0,0,0,2,,
2026-04-04 21:37:32,58,19,19,0,"fit: 2, efit: 13","fit: 2, efit: 7",efit: 3,,,0,0,0,0,2,,
2026-04-04 21:59:32,58,19,19,0,"fit: 2, efit: 12","fit: 2, efit: 6",efit: 3,,,0,0,0,0,2,,
2026-04-04 22:23:59,58,19,19,0,"fit: 2, efit: 13","fit: 2, efit: 7",efit: 3,,,0,0,0,0,2,,
2026-04-05 00:02:58,58,19,19,0,"fit: 2, efit: 13","fit: 2, efit: 7",efit: 3,,,0,0,0,0,2,,
2026-04-05 00:07:59,58,19,19,0,"fit: 2, efit: 12","fit: 2, efit: 6",efit: 3,,,0,0,0,0,2,,
2026-04-05 00:09:19,58,19,19,0,"fit: 2, efit: 11","fit: 2, efit: 5",efit: 3,,,0,0,0,0,2,,
2026-04-05 00:13:00,58,19,19,0,"fit: 2, efit: 10","fit: 2, efit: 4",efit: 3,,,0,0,0,0,2,,
2026-04-05 00:48:07,58,19,19,0,"fit: 2, efit: 13","fit: 2, efit: 7",efit: 3,,,0,0,0,0,2,,
2026-04-05 02:13:22,58,19,19,0,"fit: 2, efit: 13","fit: 2, efit: 7",efit: 2,,,0,0,0,0,2,,
2026-04-05 02:18:23,58,19,19,0,"fit: 2, efit: 14","fit: 2, efit: 8",efit: 2,,,0,0,0,0,2,,
2026-04-05 02:59:50,58,19,19,0,"fit: 2, efit: 14","fit: 2, efit: 8",efit: 3,,,0,0,0,0,2,,
2026-04-05 05:23:55,58,19,19,0,"fit: 2, efit: 14","fit: 2, efit: 9",efit: 3,,,0,0,0,0,2,,
2026-04-05 05:25:17,58,19,19,0,"fit: 2, efit: 14","fit: 2, efit: 8",efit: 3,,,0,0,0,0,2,,
2026-04-05 08:40:53,58,19,19,0,"fit: 2, efit: 14","fit: 2, efit: 7",efit: 3,,,0,0,0,0,2,,
2026-04-05 10:06:18,58,19,19,0,"fit: 3, efit: 14","fit: 3, efit: 7",efit: 3,,,0,0,0,0,2,,
2026-04-05 10:09:47,58,19,19,0,"fit: 4, efit: 14","fit: 4, efit: 7",efit: 3,,,0,0,0,0,2,,
2026-04-05 10:24:50,58,19,19,0,"fit: 4, efit: 12","fit: 4, efit: 8",efit: 2,,,0,0,0,0,2,,
2026-04-05 10:29:50,58,19,19,0,"fit: 4, efit: 12","fit: 4, efit: 12",,,,0,0,0,0,2,,
2026-04-05 10:31:14,58,19,19,0,"fit: 4, efit: 13","fit: 4, efit: 13",,,,0,0,0,0,2,,
2026-04-05 11:35:03,58,19,19,0,"fit: 3, efit: 13","fit: 3, efit: 13",,,,0,0,0,0,2,,
2026-04-05 11:56:30,58,19,19,0,"fit: 3, efit: 12","fit: 3, efit: 12",,,,0,0,0,0,2,,
2026-04-05 12:01:31,58,19,19,0,"fit: 2, efit: 12","fit: 2, efit: 12",,,,0,0,0,0,2,,
2026-04-05 12:35:14,58,19,19,0,"fit: 3, efit: 12","fit: 3, efit: 12",,,,0,0,0,0,2,,
2026-04-05 13:20:23,58,19,19,0,"fit: 3, efit: 13","fit: 3, efit: 13",,,,0,0,0,0,2,,
2026-04-05 13:55:29,58,19,19,0,"fit: 1, efit: 13","fit: 1, efit: 13",,,,0,0,0,0,2,,
2026-04-05 14:30:36,58,19,19,0,"fit: 1, efit: 14","fit: 1, efit: 14",,,,0,0,0,0,2,,
2026-04-05 14:47:00,58,19,19,0,"fit: 1, efit: 13","fit: 1, efit: 13",,,,0,0,0,0,2,,
2026-04-05 14:50:40,58,19,19,0,"fit: 1, efit: 12","fit: 1, efit: 12",,,,0,0,0,0,2,,
2026-04-05 15:15:44,58,19,19,0,"fit: 1, efit: 10","fit: 1, efit: 10",,,,0,0,0,0,2,,
2026-04-05 17:36:10,58,19,19,0,"fit: 1, efit: 10","fit: 1, efit: 9",,,,0,0,0,0,2,,
2026-04-05 17:46:12,58,19,19,0,"fit: 1, efit: 12","fit: 1, efit: 11",,,,0,0,0,0,2,,
2026-04-05 21:17:55,58,19,19,0,"fit: 1, efit: 12","fit: 1, efit: 10",,,,0,0,0,0,2,,
2026-04-05 21:21:52,58,19,19,0,"fit: 1, efit: 12","fit: 1, efit: 11",,,,0,0,0,0,2,,
2026-04-05 23:33:39,58,19,19,0,"fit: 1, efit: 12","fit: 1, efit: 10",,,,0,0,0,0,2,,
2026-04-06 00:02:21,58,19,19,0,"fit: 1, efit: 12","fit: 1, efit: 10",,,,0,0,0,0,2,,
2026-04-06 07:18:41,58,19,19,0,"fit: 1, efit: 12","fit: 1, efit: 9",efit: 1,,,0,0,0,0,2,,
2026-04-06 08:49:00,58,19,19,0,"fit: 1, efit: 10","fit: 1, efit: 7",efit: 1,,,0,0,0,0,2,,
2026-04-06 18:36:01,58,19,19,0,"fit: 2, efit: 10","fit: 2, efit: 7",efit: 1,,,0,0,0,0,2,,
2026-04-06 18:51:04,58,19,19,0,"fit: 2, efit: 10","fit: 2, efit: 6",efit: 1,,,0,0,0,0,2,,
2026-04-06 21:06:30,58,19,19,0,"fit: 2, efit: 10","fit: 2, efit: 5",efit: 1,,,0,0,0,0,2,,
2026-04-06 21:11:31,58,19,19,0,"fit: 2, efit: 10","fit: 2, efit: 4",efit: 1,,,0,0,0,0,2,,
2026-04-07 00:02:04,58,19,19,0,"fit: 2, efit: 10","fit: 2, efit: 4",efit: 1,,,0,0,0,0,2,,
2026-04-07 07:35:02,58,19,19,0,"fit: 2, efit: 11","fit: 2, efit: 5",efit: 1,,,0,0,0,0,2,,
2026-04-07 11:30:51,58,19,19,0,"fit: 2, efit: 10","fit: 2, efit: 5",efit: 1,,,0,0,0,0,2,,
2026-04-07 11:33:50,58,19,19,0,"fit: 2, efit: 10","fit: 2, efit: 7",efit: 1,,,0,0,0,0,2,,
2026-04-07 11:34:11,58,19,19,0,"fit: 2, efit: 10","fit: 2, efit: 8",,,,0,0,0,0,2,,
2026-04-07 11:35:52,58,19,19,0,"fit: 2, efit: 11","fit: 2, efit: 9",,,,0,0,0,0,2,,
2026-04-07 11:38:51,58,19,19,0,"fit: 2, efit: 9","fit: 2, efit: 9",,,,0,0,0,0,2,,
2026-04-07 18:12:14,58,19,19,0,"fit: 2, efit: 8","fit: 2, efit: 8",,,,0,0,0,0,2,,
2026-04-07 18:55:02,58,19,19,0,"fit: 2, efit: 7","fit: 2, efit: 7",,,,0,0,0,0,2,,
2026-04-07 20:30:18,58,19,19,0,"fit: 3, efit: 7","fit: 3, efit: 7",,,,0,0,0,0,2,,
2026-04-07 21:25:26,58,19,19,0,"fit: 3, efit: 8","fit: 3, efit: 8",,,,0,0,0,0,2,,
2026-04-07 22:20:35,58,19,19,0,"fit: 3, efit: 9","fit: 3, efit: 9",,,,0,0,0,0,2,,
2026-04-08 00:00:50,58,19,19,0,"fit: 3, efit: 9","fit: 3, efit: 9",,,,0,0,0,0,2,,
2026-04-08 07:37:01,58,19,19,0,"fit: 3, efit: 10","fit: 3, efit: 10",,,,0,0,0,0,2,,
2026-04-08 08:12:06,58,19,19,0,"fit: 3, efit: 8","fit: 3, efit: 8",,,,0,0,0,0,2,,
2026-04-08 08:32:09,58,19,19,0,"fit: 3, efit: 9","fit: 3, efit: 9",,,,0,0,0,0,2,,
2026-04-08 08:52:13,58,19,19,0,"fit: 3, efit: 8","fit: 3, efit: 8",,,,0,0,0,0,2,,
2026-04-08 09:47:22,58,19,19,0,"fit: 3, efit: 7","fit: 3, efit: 7",,,,0,0,0,0,2,,
2026-04-08 11:17:37,58,19,19,0,"fit: 3, efit: 8","fit: 3, efit: 8",,,,0,0,0,0,2,,
2026-04-08 11:32:39,58,19,19,0,"fit: 3, efit: 7","fit: 3, efit: 7",,,,0,0,0,0,2,,
2026-04-08 12:30:56,58,19,19,0,"fit: 3, efit: 6","fit: 3, efit: 6",,,,0,0,0,0,2,,
2026-04-08 13:09:13,58,19,19,0,"fit: 3, efit: 5","fit: 3, efit: 5",,,,0,0,0,0,2,,
2026-04-08 14:26:20,58,19,19,0,"fit: 3, efit: 6","fit: 3, efit: 6",,,,0,0,0,0,2,,
2026-04-08 14:43:11,58,19,19,0,"fit: 3, efit: 7","fit: 3, efit: 7",,,,0,0,0,0,2,,
2026-04-08 15:08:15,58,19,19,0,"fit: 1, efit: 7","fit: 1, efit: 7",,,,0,0,0,0,2,,
2026-04-08 16:13:26,58,19,19,0,efit: 7,efit: 7,,,,0,0,0,0,2,,
2026-04-08 16:16:43,58,19,19,0,efit: 8,efit: 8,,,,0,0,0,0,2,,
2026-04-08 16:38:30,58,19,19,0,"fit: 1, efit: 8","fit: 1, efit: 8",,,,0,0,0,0,2,,
2026-04-08 16:44:56,58,19,19,0,"fit: 1, efit: 9","fit: 1, efit: 9",,,,0,0,0,0,2,,
2026-04-08 17:15:02,58,19,19,0,"fit: 1, efit: 10","fit: 1, efit: 10",,,,0,0,0,0,2,,
2026-04-08 17:42:01,58,19,19,0,"fit: 1, efit: 9","fit: 1, efit: 9",,,,0,0,0,0,2,,
2026-04-08 17:43:40,58,19,19,0,"fit: 1, efit: 10","fit: 1, efit: 10",,,,0,0,0,0,2,,
2026-04-08 18:02:05,58,19,19,0,"fit: 1, efit: 9","fit: 1, efit: 9",,,,0,0,0,0,2,,
2026-04-08 18:13:45,58,19,19,0,"fit: 1, efit: 10","fit: 1, efit: 10",,,,0,0,0,0,2,,
2026-04-08 18:28:48,58,19,19,0,"fit: 1, efit: 9","fit: 1, efit: 9",,,,0,0,0,0,2,,
2026-04-08 19:13:55,58,19,19,0,"fit: 1, efit: 9","fit: 1, efit: 8",,,,0,0,0,0,2,,
2026-04-08 19:25:30,58,19,19,0,"fit: 1, efit: 7","fit: 1, efit: 6",,,,0,0,0,0,2,,
2026-04-08 20:42:38,58,19,19,0,"fit: 1, efit: 8","fit: 1, efit: 7",,,,0,0,0,0,2,,
2026-04-09 00:01:24,58,19,19,0,"fit: 1, efit: 8","fit: 1, efit: 7",,,,0,0,0,0,2,,
2026-04-09 08:07:56,58,19,19,0,"fit: 1, efit: 7","fit: 1, efit: 6",,,,0,0,0,0,2,,
2026-04-09 08:29:57,58,19,19,0,"fit: 1, efit: 6","fit: 1, efit: 5",,,,0,0,0,0,2,,
2026-04-09 08:34:58,58,19,19,0,"fit: 1, efit: 7","fit: 1, efit: 6",,,,0,0,0,0,2,,
2026-04-09 13:00:55,58,19,19,0,"fit: 1, efit: 8","fit: 1, efit: 7",,,,0,0,0,0,2,,
2026-04-09 13:41:04,58,19,19,0,"fit: 1, efit: 7","fit: 1, efit: 6",,,,0,0,0,0,2,,
2026-04-09 15:26:26,58,19,19,0,"fit: 1, efit: 6","fit: 1, efit: 5",,,,0,0,0,0,2,,
2026-04-09 15:44:31,58,19,19,0,"fit: 1, efit: 5","fit: 1, efit: 4",,,,0,0,0,0,2,,
2026-04-09 15:51:31,58,19,19,0,"fit: 1, efit: 4","fit: 1, efit: 3",,,,0,0,0,0,2,,
2026-04-09 15:59:34,58,19,19,0,"fit: 1, efit: 6","fit: 1, efit: 5",,,,0,0,0,0,2,,
2026-04-09 16:19:38,58,19,19,0,"fit: 1, efit: 7","fit: 1, efit: 6",,,,0,0,0,0,2,,
2026-04-09 16:32:21,58,19,19,0,"fit: 1, efit: 9","fit: 1, efit: 8",,,,0,0,0,0,2,,
2026-04-09 16:41:42,58,19,19,0,"fit: 1, efit: 8","fit: 1, efit: 7",,,,0,0,0,0,2,,
2026-04-09 16:54:45,58,19,19,0,"fit: 1, efit: 9","fit: 1, efit: 8",,,,0,0,0,0,2,,
2026-04-09 17:14:49,58,19,19,0,"fit: 1, efit: 10","fit: 1, efit: 9",,,,0,0,0,0,2,,
2026-04-09 17:29:52,58,19,19,0,"fit: 1, efit: 9","fit: 1, efit: 8",,,,0,0,0,0,2,,
2026-04-09 17:31:53,58,19,19,0,"fit: 1, efit: 8","fit: 1, efit: 7",,,,0,0,0,0,2,,
2026-04-09 17:46:56,58,19,19,0,"fit: 1, efit: 6","fit: 1, efit: 5",,,,0,0,0,0,2,,
2026-04-09 18:27:05,58,19,19,0,"fit: 1, efit: 7","fit: 1, efit: 6",,,,0,0,0,0,2,,
2026-04-09 19:10:14,58,19,19,0,"fit: 1, efit: 8","fit: 1, efit: 7",,,,0,0,0,0,2,,
2026-04-09 19:25:17,58,19,19,0,efit: 8,efit: 7,,,,0,0,0,0,2,,
2026-04-09 19:30:18,58,19,19,0,efit: 7,efit: 6,,,,0,0,0,0,2,,
2026-04-09 19:42:21,58,19,19,0,efit: 8,efit: 7,,,,0,0,0,0,2,,
2026-04-09 19:50:22,58,19,19,0,efit: 9,efit: 8,,,,0,0,0,0,2,,
2026-04-09 20:48:03,58,19,19,0,efit: 10,efit: 9,,,,0,0,0,0,2,,
2026-04-09 21:40:43,58,19,19,0,efit: 12,efit: 11,,,,0,0,0,0,2,,
2026-04-09 22:25:52,58,19,19,0,"fit: 1, efit: 12","fit: 1, efit: 11",,,,0,0,0,0,2,,
2026-04-09 23:51:08,58,19,19,0,"fit: 1, efit: 13","fit: 1, efit: 12",,,,0,0,0,0,2,,
2026-04-10 00:01:10,58,19,19,0,"fit: 1, efit: 13","fit: 1, efit: 12",,,,0,0,0,0,2,,
2026-04-10 07:59:42,58,19,19,0,"fit: 1, efit: 12","fit: 1, efit: 11",,,,0,0,0,0,2,,
2026-04-10 08:02:41,58,19,19,0,"fit: 1, efit: 11","fit: 1, efit: 10",,,,0,0,0,0,2,,
2026-04-10 08:12:43,58,19,19,0,"fit: 1, efit: 10","fit: 1, efit: 9",,,,0,0,0,0,2,,
2026-04-10 08:37:48,58,19,19,0,"fit: 1, efit: 9","fit: 1, efit: 8",,,,0,0,0,0,2,,
2026-04-10 08:47:50,58,19,19,0,"fit: 1, efit: 8","fit: 1, efit: 7",,,,0,0,0,0,2,,
2026-04-10 11:13:20,58,19,19,0,"fit: 1, efit: 9","fit: 1, efit: 8",,,,0,0,0,0,2,,
2026-04-10 12:35:28,58,19,19,0,"fit: 1, efit: 10","fit: 1, efit: 9",,,,0,0,0,0,2,,
2026-04-10 13:50:41,58,19,19,0,"fit: 1, efit: 9","fit: 1, efit: 8",,,,0,0,0,0,2,,
2026-04-10 13:58:54,58,19,19,0,"fit: 1, efit: 9","fit: 1, efit: 8",efit: 1,,,0,0,0,0,2,,
2026-04-10 14:49:04,58,19,19,0,"fit: 1, efit: 10","fit: 1, efit: 9",efit: 1,,,0,0,0,0,2,,
2026-04-10 14:54:05,58,19,19,0,"fit: 1, efit: 9","fit: 1, efit: 8",efit: 1,,,0,0,0,0,2,,
2026-04-10 15:10:55,58,19,19,0,"fit: 1, efit: 8","fit: 1, efit: 7",efit: 1,,,0,0,0,0,2,,
2026-04-10 15:19:10,58,19,19,0,"fit: 1, efit: 10","fit: 1, efit: 9",efit: 1,,,0,0,0,0,2,,
2026-04-10 16:09:20,58,19,19,0,"fit: 1, efit: 11","fit: 1, efit: 10",efit: 1,,,0,0,0,0,2,,
2026-04-10 16:26:07,58,19,19,0,"fit: 1, efit: 10","fit: 1, efit: 9",efit: 1,,,0,0,0,0,2,,
2026-04-10 16:49:28,58,19,19,0,"fit: 1, efit: 11","fit: 1, efit: 10",efit: 1,,,0,0,0,0,2,,
2026-04-10 17:01:13,58,19,19,0,"fit: 1, efit: 12","fit: 1, efit: 10",efit: 1,,,0,0,0,0,2,,
2026-04-10 17:24:35,58,19,19,0,"fit: 1, efit: 13","fit: 1, efit: 11",efit: 1,,,0,0,0,0,2,,
2026-04-10 17:34:37,58,19,19,0,"fit: 2, efit: 14","fit: 2, efit: 12",efit: 1,,,0,0,0,0,2,,
2026-04-10 17:59:42,58,19,19,0,"fit: 2, efit: 15","fit: 2, efit: 13",efit: 1,,,0,0,0,0,2,,
2026-04-10 18:56:33,58,19,19,0,"fit: 2, efit: 14","fit: 2, efit: 12",efit: 1,,,0,0,0,0,2,,
2026-04-10 20:31:48,58,19,19,0,"fit: 2, efit: 13","fit: 2, efit: 11",efit: 1,,,0,0,0,0,2,,
2026-04-10 23:32:15,58,19,19,0,"fit: 2, efit: 11","fit: 2, efit: 9",efit: 1,,,0,0,0,0,2,,
2026-04-10 23:35:48,58,19,19,0,"fit: 2, efit: 9","fit: 2, efit: 7",efit: 1,,,0,0,0,0,2,,
2026-04-10 23:37:16,58,19,19,0,"fit: 2, efit: 8","fit: 2, efit: 6",efit: 1,,,0,0,0,0,2,,
2026-04-11 00:00:53,58,19,19,0,"fit: 2, efit: 8","fit: 2, efit: 6",efit: 1,,,0,0,0,0,2,,
2026-04-11 05:21:54,58,19,19,0,"fit: 2, efit: 9","fit: 2, efit: 7",efit: 1,,,0,0,0,0,2,,
2026-04-11 07:24:27,58,19,19,0,"fit: 2, efit: 10","fit: 2, efit: 8",efit: 1,,,0,0,0,0,2,,
2026-04-11 09:17:39,58,19,19,0,"fit: 2, efit: 9","fit: 2, efit: 7",efit: 1,,,0,0,0,0,2,,
2026-04-11 09:42:44,58,19,19,0,"fit: 2, efit: 9","fit: 2, efit: 6",efit: 1,,,0,0,0,0,2,,
2026-04-11 10:12:50,58,19,19,0,"fit: 2, efit: 8","fit: 2, efit: 5",efit: 1,,,0,0,0,0,2,,
2026-04-11 11:43:09,58,19,19,0,"fit: 2, efit: 7","fit: 2, efit: 4",efit: 1,,,0,0,0,0,2,,
2026-04-11 11:45:21,58,19,19,0,"fit: 2, efit: 8","fit: 2, efit: 5",efit: 1,,,0,0,0,0,2,,
2026-04-11 12:03:13,58,19,19,0,"fit: 2, efit: 6","fit: 2, efit: 3",efit: 1,,,0,0,0,0,2,,
2026-04-11 12:05:25,58,19,19,0,"fit: 2, efit: 5","fit: 2, efit: 2",efit: 1,,,0,0,0,0,2,,
2026-04-11 12:08:14,58,19,19,0,"fit: 2, efit: 4","fit: 2, efit: 1",efit: 1,,,0,0,0,0,2,,
2026-04-11 12:28:18,58,19,19,0,"fit: 2, efit: 6","fit: 2, efit: 2",efit: 1,,,0,0,0,0,2,,
2026-04-11 14:08:39,58,19,19,0,"fit: 2, efit: 5","fit: 2, efit: 1",efit: 1,,,0,0,0,0,2,,
2026-04-11 15:31:10,58,19,19,0,"fit: 2, efit: 7","fit: 2, efit: 3",efit: 1,,,0,0,0,0,2,,
2026-04-11 15:54:01,58,19,19,0,"fit: 2, efit: 8","fit: 2, efit: 4",efit: 1,,,0,0,0,0,2,,
2026-04-11 19:29:46,58,19,19,0,"fit: 2, efit: 10","fit: 2, efit: 6",efit: 1,,,0,0,0,0,2,,
2026-04-11 19:39:48,58,19,19,0,"fit: 2, efit: 9","fit: 2, efit: 5",efit: 1,,,0,0,0,0,2,,
2026-04-11 19:49:50,58,19,19,0,"fit: 2, efit: 8","fit: 2, efit: 4",efit: 1,,,0,0,0,0,2,,
2026-04-11 21:50:15,58,19,19,0,"fit: 2, efit: 8","fit: 2, efit: 3",efit: 1,,,0,0,0,0,2,,
2026-04-11 22:45:26,58,19,19,0,"fit: 2, efit: 6","fit: 2, efit: 1",efit: 1,,,0,0,0,0,2,,
2026-04-12 00:00:41,58,19,19,0,"fit: 2, efit: 6","fit: 2, efit: 1",efit: 1,,,0,0,0,0,2,,
2026-04-12 08:04:37,58,19,19,0,"fit: 2, efit: 6","fit: 2, efit: 1",efit: 2,,,0,0,0,0,2,,
2026-04-12 11:32:58,58,19,19,0,"fit: 2, efit: 5",fit: 2,efit: 2,,,0,0,0,0,2,,
2026-04-12 11:50:24,58,19,19,0,"fit: 1, efit: 5",fit: 1,efit: 2,,,0,0,0,0,2,,
2026-04-12 11:58:04,58,19,19,0,efit: 5,,efit: 2,,,0,0,0,0,2,,
2026-04-12 12:08:06,58,19,19,0,"fit: 1, efit: 4",,"fit: 1, efit: 1",,,0,0,0,0,2,,
2026-04-12 12:10:29,58,19,19,0,"fit: 1, efit: 1",,fit: 1,,,0,0,0,0,2,,
2026-04-12 12:13:07,58,19,19,0,fit: 1,,fit: 1,,,0,0,0,0,2,,
2026-04-12 12:15:30,58,19,19,0,,,,,,0,0,0,0,2,,
2026-04-12 12:18:08,58,19,19,0,fit: 1,fit: 1,,,,0,0,0,0,2,,
2026-04-12 12:20:31,58,19,19,0,"fit: 1, efit: 5","fit: 1, efit: 5",,,,0,0,0,0,2,,
2026-04-12 13:25:45,58,19,19,0,"fit: 1, efit: 4","fit: 1, efit: 4",,,,0,0,0,0,2,,
2026-04-12 13:30:46,58,19,19,0,"fit: 1, efit: 3","fit: 1, efit: 3",,,,0,0,0,0,2,,
2026-04-12 14:20:56,58,19,19,0,"fit: 1, efit: 1","fit: 1, efit: 1",,,,0,0,0,0,2,,
2026-04-12 14:25:57,58,19,19,0,"fit: 1, efit: 2","fit: 1, efit: 2",,,,0,0,0,0,2,,
2026-04-12 15:03:33,58,19,19,0,"fit: 1, efit: 3","fit: 1, efit: 3",,,,0,0,0,0,2,,
2026-04-12 15:23:36,58,19,19,0,"fit: 1, efit: 5","fit: 1, efit: 5",,,,0,0,0,0,2,,
2026-04-12 15:56:17,58,19,19,0,"fit: 1, efit: 4","fit: 1, efit: 4",,,,0,0,0,0,2,,
2026-04-12 16:21:22,58,19,19,0,"fit: 1, efit: 3","fit: 1, efit: 3",,,,0,0,0,0,2,,
2026-04-12 16:51:29,58,19,19,0,"fit: 1, efit: 5","fit: 1, efit: 5",,,,0,0,0,0,2,,
2026-04-12 16:53:51,58,19,19,0,"fit: 1, efit: 7","fit: 1, efit: 7",,,,0,0,0,0,2,,
2026-04-12 17:08:54,58,19,19,0,"fit: 1, efit: 8","fit: 1, efit: 8",,,,0,0,0,0,2,,
2026-04-12 17:13:55,58,19,19,0,"fit: 1, efit: 7","fit: 1, efit: 7",,,,0,0,0,0,2,,
2026-04-12 17:16:34,58,19,19,0,"fit: 1, efit: 6","fit: 1, efit: 6",,,,0,0,0,0,2,,
2026-04-12 17:21:35,58,19,19,0,"fit: 1, efit: 7","fit: 1, efit: 7",,,,0,0,0,0,2,,
2026-04-12 17:23:56,58,19,19,0,"fit: 1, efit: 6","fit: 1, efit: 6",,,,0,0,0,0,2,,
2026-04-12 18:19:06,58,19,19,0,"fit: 1, efit: 5","fit: 1, efit: 5",,,,0,0,0,0,2,,
2026-04-12 19:37:04,58,19,19,0,"fit: 1, efit: 6","fit: 1, efit: 6",,,,0,0,0,0,2,,
2026-04-13 00:00:02,58,19,19,0,"fit: 1, efit: 6","fit: 1, efit: 6",,,,0,0,0,0,2,,
2026-04-13 00:55:11,58,19,19,0,"fit: 2, efit: 6","fit: 2, efit: 6",,,,0,0,0,0,2,,
2026-04-13 06:59:23,58,19,19,0,"fit: 2, efit: 7","fit: 2, efit: 7",,,,0,0,0,0,2,,
2026-04-13 07:31:53,58,19,19,0,"fit: 2, efit: 8","fit: 2, efit: 8",,,,0,0,0,0,2,,
2026-04-13 08:04:36,58,19,19,0,"fit: 2, efit: 7","fit: 2, efit: 7",,,,0,0,0,0,2,,
2026-04-13 08:12:01,58,19,19,0,"fit: 2, efit: 6","fit: 2, efit: 6",,,,0,0,0,0,2,,
2026-04-13 08:22:03,58,19,19,0,"fit: 2, efit: 5","fit: 2, efit: 5",,,,0,0,0,0,2,,
2026-04-13 08:29:42,58,19,19,0,"fit: 2, efit: 4","fit: 2, efit: 4",,,,0,0,0,0,2,,
2026-04-13 08:44:45,58,19,19,0,"fit: 2, efit: 3","fit: 2, efit: 3",,,,0,0,0,0,2,,
2026-04-13 09:29:55,58,19,19,0,"fit: 2, efit: 2","fit: 2, efit: 2",,,,0,0,0,0,2,,
2026-04-13 10:20:06,58,19,19,0,"fit: 2, efit: 1","fit: 2, efit: 1",,,,0,0,0,0,2,,
2026-04-13 11:15:19,58,19,19,0,"fit: 2, efit: 2","fit: 2, efit: 2",,,,0,0,0,0,2,,
2026-04-13 12:20:34,58,19,19,0,"fit: 2, efit: 3","fit: 2, efit: 3",,,,0,0,0,0,2,,
2026-04-13 14:42:29,58,19,19,0,"fit: 2, efit: 4","fit: 2, efit: 4",,,,0,0,0,0,2,,
2026-04-13 15:11:11,58,19,19,0,"fit: 2, efit: 5","fit: 2, efit: 5",,,,0,0,0,0,2,,
2026-04-13 15:37:38,58,19,19,0,"fit: 2, efit: 4","fit: 2, efit: 4",,,,0,0,0,0,2,,
2026-04-13 15:53:36,58,19,19,0,"fit: 2, efit: 2","fit: 2, efit: 2",,,,0,0,0,0,2,,
2026-04-13 16:53:48,58,19,19,0,"fit: 2, efit: 3","fit: 2, efit: 3",,,,0,0,0,0,2,,
2026-04-13 17:01:35,58,19,19,0,"fit: 2, efit: 4","fit: 2, efit: 4",,,,0,0,0,0,2,,
2026-04-13 17:17:55,58,19,19,0,"fit: 2, efit: 5","fit: 2, efit: 5",,,,0,0,0,0,2,,
2026-04-13 17:22:56,58,19,19,0,"fit: 2, efit: 6","fit: 2, efit: 6",,,,0,0,0,0,2,,
2026-04-13 17:31:41,58,19,19,0,"fit: 1, efit: 6","fit: 1, efit: 6",,,,0,0,0,0,2,,
2026-04-13 17:36:42,58,19,19,0,"fit: 1, efit: 5","fit: 1, efit: 5",,,,0,0,0,0,2,,
2026-04-13 17:46:45,58,19,19,0,"fit: 1, efit: 6","fit: 1, efit: 6",,,,0,0,0,0,2,,
2026-04-13 17:56:47,58,19,19,0,"fit: 1, efit: 5","fit: 1, efit: 5",,,,0,0,0,0,2,,
2026-04-13 18:16:52,58,19,19,0,"fit: 2, efit: 4","fit: 2, efit: 4",,,,0,0,0,0,2,,
2026-04-13 18:28:07,58,19,19,0,"fit: 2, efit: 5","fit: 2, efit: 4",,,,0,0,0,0,2,,
2026-04-13 18:29:08,58,19,19,0,"fit: 2, efit: 6","fit: 2, efit: 5",,,,0,0,0,0,2,,
2026-04-13 18:34:09,58,19,19,0,"fit: 2, efit: 4","fit: 2, efit: 3",,,,0,0,0,0,2,,
2026-04-13 19:17:05,58,19,19,0,"fit: 2, efit: 6","fit: 2, efit: 5",,,,0,0,0,0,2,,
2026-04-13 20:02:15,58,19,19,0,"fit: 2, efit: 7","fit: 2, efit: 6",,,,0,0,0,0,2,,
2026-04-13 20:13:25,58,19,19,0,"fit: 2, efit: 5","fit: 2, efit: 4",,,,0,0,0,0,2,,
2026-04-13 20:27:20,58,19,19,0,"fit: 2, efit: 7","fit: 2, efit: 6",,,,0,0,0,0,2,,
2026-04-13 21:37:35,58,19,19,0,"fit: 2, efit: 8","fit: 2, efit: 7",,,,0,0,0,0,2,,
2026-04-13 21:38:38,58,19,19,0,"fit: 2, efit: 9","fit: 2, efit: 8",,,,0,0,0,0,2,,
2026-04-13 22:02:40,58,19,19,0,"fit: 2, efit: 9","fit: 2, efit: 7",,,,0,0,0,0,2,,
2026-04-13 22:04:52,58,19,19,0,"fit: 2, efit: 8","fit: 2, efit: 6",,,,0,0,0,0,2,,
2026-04-14 00:00:15,58,19,19,0,"fit: 2, efit: 8","fit: 2, efit: 6",,,,0,0,0,0,2,,
2026-04-14 06:54:27,58,19,19,0,"fit: 2, efit: 9","fit: 2, efit: 7",,,,0,0,0,0,2,,
2026-04-14 07:34:36,58,19,19,0,"fit: 2, efit: 10","fit: 2, efit: 8",,,,0,0,0,0,2,,
2026-04-14 08:04:42,58,19,19,0,"fit: 2, efit: 9","fit: 2, efit: 7",,,,0,0,0,0,2,,
2026-04-14 08:19:45,58,19,19,0,"fit: 2, efit: 8","fit: 2, efit: 6",,,,0,0,0,0,2,,
2026-04-14 08:21:53,58,19,19,0,"fit: 2, efit: 7","fit: 2, efit: 5",,,,0,0,0,0,2,,
2026-04-14 08:24:46,58,19,19,0,"fit: 2, efit: 5","fit: 2, efit: 3",,,,0,0,0,0,2,,
2026-04-14 08:29:47,58,19,19,0,"fit: 2, efit: 4","fit: 2, efit: 2",,,,0,0,0,0,2,,
2026-04-14 09:55:05,58,19,19,0,"fit: 2, efit: 3","fit: 2, efit: 3",,,,0,0,0,0,2,,
2026-04-14 10:17:16,58,19,19,0,"fit: 2, efit: 2","fit: 2, efit: 2",,,,0,0,0,0,2,,
2026-04-14 10:37:20,58,19,19,0,"fit: 2, efit: 1","fit: 2, efit: 1",,,,0,0,0,0,2,,
2026-04-14 14:23:06,58,19,19,0,"fit: 1, efit: 1","fit: 1, efit: 1",,,,0,0,0,0,2,,
2026-04-14 14:36:05,58,19,19,0,"fit: 1, efit: 2","fit: 1, efit: 2",,,,0,0,0,0,2,,
2026-04-14 15:08:16,58,19,19,0,"fit: 1, efit: 3","fit: 1, efit: 3",,,,0,0,0,0,2,,
2026-04-14 15:33:21,58,19,19,0,"fit: 1, efit: 2","fit: 1, efit: 2",,,,0,0,0,0,2,,
2026-04-14 15:56:22,58,19,19,0,"fit: 1, efit: 1","fit: 1, efit: 1",,,,0,0,0,0,2,,
2026-04-14 16:01:23,58,19,19,0,"fit: 1, efit: 2","fit: 1, efit: 2",,,,0,0,0,0,2,,
2026-04-14 16:23:31,58,19,19,0,"fit: 1, efit: 4","fit: 1, efit: 4",,,,0,0,0,0,2,,
2026-04-14 16:28:33,58,19,19,0,"fit: 1, efit: 5","fit: 1, efit: 5",,,,0,0,0,0,2,,
2026-04-14 16:43:36,58,19,19,0,"fit: 1, efit: 4","fit: 1, efit: 4",,,,0,0,0,0,2,,
2026-04-14 16:51:34,58,19,19,0,"fit: 1, efit: 5","fit: 1, efit: 5",,,,0,0,0,0,2,,
2026-04-15 00:00:03,58,19,19,0,"fit: 1, efit: 5","fit: 1, efit: 5",,,,0,0,0,0,2,,
2026-04-15 07:36:34,58,19,19,0,"fit: 1, efit: 6","fit: 1, efit: 6",,,,0,0,0,0,2,,
2026-04-15 08:11:41,58,19,19,0,"fit: 1, efit: 5","fit: 1, efit: 5",,,,0,0,0,0,2,,
2026-04-15 08:14:40,58,19,19,0,"fit: 1, efit: 4","fit: 1, efit: 4",,,,0,0,0,0,2,,
2026-04-15 08:34:15,58,19,19,0,"fit: 1, efit: 3","fit: 1, efit: 3",,,,0,0,0,0,2,,
2026-04-15 08:34:44,58,19,19,0,"fit: 1, efit: 2","fit: 1, efit: 2",,,,0,0,0,0,2,,
2026-04-15 08:36:46,58,19,19,0,"fit: 1, efit: 1","fit: 1, efit: 1",,,,0,0,0,0,2,,
2026-04-15 11:14:42,58,19,19,0,"fit: 2, efit: 3","fit: 2, efit: 3",,,,0,0,0,0,2,,
2026-04-15 11:15:18,58,19,19,0,"fit: 3, efit: 3","fit: 3, efit: 3",,,,0,0,0,0,2,,
2026-04-15 11:17:19,58,19,19,0,"fit: 4, efit: 5","fit: 4, efit: 5",,,,0,0,0,0,2,,
2026-04-15 12:57:39,58,19,19,0,"fit: 4, efit: 4","fit: 4, efit: 4",,,,0,0,0,0,2,,
2026-04-15 15:00:19,58,19,19,0,"fit: 4, efit: 3","fit: 4, efit: 3",,,,0,0,0,0,2,,
2026-04-15 15:05:20,58,19,19,0,"fit: 4, efit: 4","fit: 4, efit: 4",,,,0,0,0,0,2,,
2026-04-15 15:33:11,58,19,19,0,"fit: 4, efit: 3","fit: 4, efit: 3",,,,0,0,0,0,2,,
2026-04-15 15:35:25,58,19,19,0,"fit: 4, efit: 2","fit: 4, efit: 2",,,,0,0,0,0,2,,
2026-04-15 15:46:15,58,19,19,0,"fit: 4, efit: 3","fit: 4, efit: 3",,,,0,0,0,0,2,,
2026-04-15 16:01:18,58,19,19,0,"fit: 4, efit: 4","fit: 4, efit: 4",,,,0,0,0,0,2,,
2026-04-15 16:03:17,58,19,19,0,"fit: 4, efit: 3","fit: 4, efit: 3",,,,0,0,0,0,2,,
2026-04-15 16:23:21,58,19,19,0,"fit: 4, efit: 4","fit: 4, efit: 4",,,,0,0,0,0,2,,
2026-04-15 16:26:23,58,19,19,0,"fit: 4, efit: 5","fit: 4, efit: 5",,,,0,0,0,0,2,,
2026-04-15 16:48:27,58,19,19,0,"fit: 4, efit: 6","fit: 4, efit: 6",,,,0,0,0,0,2,,
2026-04-15 17:00:39,58,19,19,0,"fit: 4, efit: 7","fit: 4, efit: 6",,,,0,0,0,0,2,,
2026-04-15 17:03:30,58,19,19,0,"fit: 4, efit: 9","fit: 4, efit: 8",,,,0,0,0,0,2,,
2026-04-15 17:15:42,58,19,19,0,"fit: 4, efit: 10","fit: 4, efit: 8",,,,0,0,0,0,2,,
2026-04-15 17:28:35,58,19,19,0,"fit: 4, efit: 9","fit: 4, efit: 7",,,,0,0,0,0,2,,
2026-04-15 17:40:46,58,19,19,0,"fit: 4, efit: 7","fit: 4, efit: 5",,,,0,0,0,0,2,,
2026-04-15 18:00:49,58,19,19,0,"fit: 4, efit: 8","fit: 4, efit: 6",,,,0,0,0,0,2,,
2026-04-15 18:01:43,58,19,19,0,"fit: 4, efit: 7","fit: 4, efit: 5",,,,0,0,0,0,2,,
2026-04-15 18:25:53,58,19,19,0,"fit: 4, efit: 6","fit: 4, efit: 4",,,,0,0,0,0,2,,
2026-04-15 18:31:49,58,19,19,0,"fit: 4, efit: 7","fit: 4, efit: 5",,,,0,0,0,0,2,,
2026-04-15 18:38:49,58,19,19,0,"fit: 4, efit: 8","fit: 4, efit: 6",,,,0,0,0,0,2,,
2026-04-15 18:51:53,58,19,19,0,"fit: 4, efit: 9","fit: 4, efit: 7",,,,0,0,0,0,2,,
2026-04-15 20:01:09,58,19,19,0,"fit: 4, efit: 9","fit: 4, efit: 6",,,,0,0,0,0,2,,
2026-04-15 20:29:11,58,19,19,0,"fit: 4, efit: 8","fit: 4, efit: 5",,,,0,0,0,0,2,,
2026-04-15 20:31:14,58,19,19,0,"fit: 4, efit: 7","fit: 4, efit: 4",,,,0,0,0,0,2,,
2026-04-15 20:36:15,58,19,19,0,"fit: 4, efit: 6","fit: 4, efit: 3",,,,0,0,0,0,2,,
2026-04-15 20:44:14,58,19,19,0,"fit: 4, efit: 8","fit: 4, efit: 5",,,,0,0,0,0,2,,
2026-04-15 21:07:21,58,19,19,0,"fit: 4, efit: 7","fit: 4, efit: 4",,,,0,0,0,0,2,,
2026-04-15 21:09:18,58,19,19,0,"fit: 4, efit: 8","fit: 4, efit: 5",,,,0,0,0,0,2,,
2026-04-15 22:22:36,58,19,19,0,"fit: 4, efit: 9","fit: 4, efit: 6",,,,0,0,0,0,2,,
2026-04-15 23:41:45,58,19,19,0,"fit: 5, efit: 9","fit: 5, efit: 6",,,,0,0,0,0,2,,
2026-04-16 00:01:48,58,19,19,0,"fit: 5, efit: 9","fit: 5, efit: 6",,,,0,0,0,0,2,,
2026-04-16 01:30:09,58,19,19,0,"fit: 6, efit: 8","fit: 6, efit: 5",,,,0,0,0,0,2,,
2026-04-16 06:56:12,58,19,19,0,"fit: 6, efit: 9","fit: 6, efit: 6",,,,0,0,0,0,2,,
2026-04-16 08:26:30,58,19,19,0,"fit: 6, efit: 10","fit: 6, efit: 7",,,,0,0,0,0,2,,
2026-04-16 08:29:38,58,19,19,0,"fit: 6, efit: 8","fit: 6, efit: 5",,,,0,0,0,0,2,,
2026-04-16 09:06:37,58,19,19,0,"fit: 6, efit: 7","fit: 6, efit: 4",,,,0,0,0,0,2,,
2026-04-16 09:49:54,58,19,19,0,"fit: 6, efit: 6","fit: 6, efit: 4",,,,0,0,0,0,2,,
2026-04-16 09:51:47,58,19,19,0,"fit: 6, efit: 6","fit: 6, efit: 6",,,,0,0,0,0,2,,
2026-04-16 09:53:21,58,19,19,0,"fit: 6, efit: 7","fit: 6, efit: 7",,,,0,0,0,0,2,,
2026-04-16 10:06:50,58,19,19,0,"fit: 6, efit: 7","fit: 6, efit: 6",efit: 1,,,0,0,0,0,2,,
2026-04-16 11:40:17,58,19,19,0,"fit: 6, efit: 8","fit: 6, efit: 7",efit: 1,,,0,0,0,0,2,,
2026-04-16 13:18:55,58,19,19,0,"fit: 6, efit: 9","fit: 6, efit: 8",efit: 1,,,0,0,0,0,2,,
2026-04-16 13:37:33,58,19,19,0,"fit: 6, efit: 8","fit: 6, efit: 7",efit: 1,,,0,0,0,0,2,,
2026-04-16 13:42:34,58,19,19,0,"fit: 7, efit: 7","fit: 7, efit: 6",efit: 1,,,0,0,0,0,2,,
2026-04-16 15:11:02,58,19,19,0,"fit: 7, efit: 8","fit: 7, efit: 7",efit: 1,,,0,0,0,0,2,,
2026-04-16 15:36:07,58,19,19,0,"fit: 7, efit: 9","fit: 7, efit: 8",efit: 1,,,0,0,0,0,2,,
2026-04-16 15:37:57,58,19,19,0,"fit: 7, efit: 8","fit: 7, efit: 7",efit: 1,,,0,0,0,0,2,,
2026-04-16 16:03:02,58,19,19,0,"fit: 7, efit: 9","fit: 7, efit: 8",efit: 1,,,0,0,0,0,2,,
2026-04-16 16:36:20,58,19,19,0,"fit: 7, efit: 10","fit: 7, efit: 9",efit: 1,,,0,0,0,0,2,,
2026-04-16 16:38:09,58,19,19,0,"fit: 7, efit: 8","fit: 7, efit: 7",efit: 1,,,0,0,0,0,2,,
2026-04-16 16:51:23,58,19,19,0,"fit: 7, efit: 9","fit: 7, efit: 8",efit: 1,,,0,0,0,0,2,,
2026-04-16 16:59:31,58,19,19,0,"fit: 7, efit: 8","fit: 7, efit: 7",efit: 1,,,0,0,0,0,2,,
2026-04-16 17:04:32,58,19,19,0,"fit: 7, efit: 7","fit: 7, efit: 6",efit: 1,,,0,0,0,0,2,,
2026-04-16 17:06:26,58,19,19,0,"fit: 8, efit: 9","fit: 8, efit: 7",efit: 2,,,0,0,0,0,2,,
2026-04-16 17:11:27,58,19,19,0,"fit: 8, efit: 10","fit: 8, efit: 8",efit: 2,,,0,0,0,0,2,,
2026-04-16 17:13:16,58,19,19,0,"fit: 8, efit: 9","fit: 8, efit: 7",efit: 2,,,0,0,0,0,2,,
2026-04-16 17:23:19,58,19,19,0,"fit: 8, efit: 10","fit: 8, efit: 8",efit: 2,,,0,0,0,0,2,,
2026-04-16 17:33:20,58,19,19,0,"fit: 8, efit: 11","fit: 8, efit: 9",efit: 2,,,0,0,0,0,2,,
2026-04-16 19:09:52,58,19,19,0,"fit: 8, efit: 11","fit: 8, efit: 8",efit: 2,,,0,0,0,0,2,,
2026-04-16 20:02:03,58,19,19,0,"fit: 8, efit: 10","fit: 8, efit: 7",efit: 2,,,0,0,0,0,2,,
2026-04-16 21:29:08,58,19,19,0,"fit: 8, efit: 11","fit: 8, efit: 8",efit: 2,,,0,0,0,0,2,,
2026-04-16 21:39:10,58,19,19,0,"fit: 8, efit: 10","fit: 8, efit: 7",efit: 2,,,0,0,0,0,2,,
2026-04-16 21:42:24,58,19,19,0,"fit: 8, efit: 11","fit: 8, efit: 8",efit: 2,,,0,0,0,0,2,,
2026-04-16 22:07:29,58,19,19,0,"fit: 8, efit: 10","fit: 8, efit: 7",efit: 2,,,0,0,0,0,2,,
2026-04-16 22:57:39,58,19,19,0,"fit: 8, efit: 11","fit: 8, efit: 8",efit: 2,,,0,0,0,0,2,,
2026-04-17 00:00:40,58,19,19,0,"fit: 8, efit: 11","fit: 8, efit: 8",efit: 2,,,0,0,0,0,2,,
2026-04-17 08:10:58,58,19,19,0,"fit: 8, efit: 10","fit: 8, efit: 7",efit: 2,,,0,0,0,0,2,,
2026-04-17 08:15:07,58,19,19,0,"fit: 8, efit: 9","fit: 8, efit: 6",efit: 2,,,0,0,0,0,2,,
2026-04-17 08:46:06,58,19,19,0,"fit: 8, efit: 8","fit: 8, efit: 5",efit: 2,,,0,0,0,0,2,,
2026-04-17 09:00:15,58,19,19,0,"fit: 7, efit: 7","fit: 7, efit: 5",efit: 1,,,0,0,0,0,2,,
2026-04-17 09:05:16,58,19,19,0,"fit: 7, efit: 5","fit: 7, efit: 4",efit: 1,,,0,0,0,0,2,,
2026-04-17 09:10:16,58,19,19,0,"fit: 7, efit: 3","fit: 7, efit: 3",,,,0,0,0,0,2,,
2026-04-17 09:15:17,58,19,19,0,"fit: 5, efit: 1","fit: 5, efit: 1",,,,0,0,0,0,2,,
2026-04-17 09:20:18,58,19,19,0,"fit: 3, efit: 1","fit: 3, efit: 1",,,,0,0,0,0,2,,
2026-04-17 10:51:29,58,19,19,0,fit: 3,fit: 3,,,,0,0,0,0,2,,
2026-04-17 12:00:44,58,19,19,0,fit: 2,fit: 2,,,,0,0,0,0,2,,
2026-04-17 12:01:04,58,19,19,0,fit: 3,fit: 3,,,,0,0,0,0,2,,
2026-04-17 12:11:45,58,19,19,0,"fit: 3, efit: 1","fit: 3, efit: 1",,,,0,0,0,0,2,,
2026-04-17 12:50:53,58,19,19,0,"fit: 3, efit: 3","fit: 3, efit: 3",,,,0,0,0,0,2,,
2026-04-17 13:20:58,58,19,19,0,"fit: 3, efit: 2","fit: 3, efit: 2",,,,0,0,0,0,2,,
2026-04-17 13:25:59,58,19,19,0,"fit: 3, efit: 1","fit: 3, efit: 1",,,,0,0,0,0,2,,
2026-04-17 13:36:01,58,19,19,0,fit: 3,fit: 3,,,,0,0,0,0,2,,
2026-04-17 13:41:02,58,19,19,0,fit: 2,fit: 2,,,,0,0,0,0,2,,
2026-04-17 15:51:24,58,19,19,0,fit: 1,fit: 1,,,,0,0,0,0,2,,
2026-04-17 16:26:30,58,19,19,0,"fit: 1, efit: 1","fit: 1, efit: 1",,,,0,0,0,0,2,,
2026-04-17 16:41:33,58,19,19,0,fit: 1,fit: 1,,,,0,0,0,0,2,,
2026-04-17 16:46:34,58,19,19,0,,,,,,0,0,0,0,2,,
2026-04-17 16:47:39,58,19,19,0,efit: 2,efit: 2,,,,0,0,0,0,2,,
2026-04-17 17:06:37,58,19,19,0,efit: 4,efit: 4,,,,0,0,0,0,2,,
2026-04-17 17:21:40,58,19,19,0,efit: 5,efit: 5,,,,0,0,0,0,2,,
2026-04-17 17:46:44,58,19,19,0,"fit: 1, efit: 5","fit: 1, efit: 5",,,,0,0,0,0,2,,
2026-04-17 18:31:52,58,19,19,0,"fit: 2, efit: 3","fit: 2, efit: 3",,,,0,0,0,0,2,,
2026-04-17 19:16:59,58,19,19,0,"fit: 2, efit: 5","fit: 2, efit: 5",,,,0,0,0,0,2,,
2026-04-17 19:27:01,58,19,19,0,"fit: 2, efit: 7","fit: 2, efit: 7",,,,0,0,0,0,2,,
2026-04-17 19:37:03,58,19,19,0,"fit: 2, efit: 6","fit: 2, efit: 6",,,,0,0,0,0,2,,
2026-04-17 21:23:03,58,19,19,0,"fit: 2, efit: 5","fit: 2, efit: 5",,,,0,0,0,0,2,,
2026-04-17 21:23:33,58,19,19,0,"fit: 2, efit: 4","fit: 2, efit: 4",,,,0,0,0,0,2,,
2026-04-17 21:37:23,58,19,19,0,"fit: 2, efit: 6","fit: 2, efit: 6",,,,0,0,0,0,2,,
2026-04-17 21:52:25,58,19,19,0,"fit: 2, efit: 7","fit: 2, efit: 7",,,,0,0,0,0,2,,
2026-04-17 23:47:44,58,19,19,0,"fit: 2, efit: 8","fit: 2, efit: 8",,,,0,0,0,0,2,,
2026-04-18 00:02:47,58,19,19,0,"fit: 2, efit: 8","fit: 2, efit: 8",,,,0,0,0,0,2,,
2026-04-18 02:18:08,58,19,19,0,"fit: 2, efit: 9","fit: 2, efit: 9",,,,0,0,0,0,2,,
2026-04-18 08:49:08,58,19,19,0,"fit: 2, efit: 10","fit: 2, efit: 10",,,,0,0,0,0,2,,
2026-04-18 11:49:37,58,19,19,0,"fit: 2, efit: 11","fit: 2, efit: 11",,,,0,0,0,0,2,,
2026-04-18 15:31:53,58,19,19,0,"fit: 2, efit: 10","fit: 2, efit: 10",,,,0,0,0,0,2,,
2026-04-18 15:35:14,58,19,19,0,"fit: 2, efit: 9","fit: 2, efit: 9",,,,0,0,0,0,2,,
2026-04-18 17:52:14,58,19,19,0,"fit: 3, efit: 9","fit: 3, efit: 9",,,,0,0,0,0,2,,
2026-04-18 18:50:46,58,19,19,0,"fit: 3, efit: 8","fit: 3, efit: 8",,,,0,0,0,0,2,,
2026-04-18 20:00:57,58,19,19,0,"fit: 3, efit: 7","fit: 3, efit: 7",,,,0,0,0,0,2,,
2026-04-18 20:17:43,58,19,19,0,"fit: 3, efit: 8","fit: 3, efit: 8",,,,0,0,0,0,2,,
2026-04-18 21:01:06,58,19,19,0,"fit: 3, efit: 10","fit: 3, efit: 10",,,,0,0,0,0,2,,
2026-04-18 21:26:10,58,19,19,0,"fit: 3, efit: 9","fit: 3, efit: 9",,,,0,0,0,0,2,,
2026-04-18 21:36:12,58,19,19,0,"fit: 3, efit: 10","fit: 3, efit: 10",,,,0,0,0,0,2,,
2026-04-19 00:01:35,58,19,19,0,"fit: 3, efit: 10","fit: 3, efit: 10",,,,0,0,0,0,2,,
2026-04-19 00:13:23,58,19,19,0,"fit: 3, efit: 9","fit: 3, efit: 9",,,,0,0,0,0,2,,
2026-04-19 00:31:39,58,19,19,0,"fit: 3, efit: 10","fit: 3, efit: 10",,,,0,0,0,0,2,,
2026-04-19 07:52:47,58,19,19,0,"fit: 3, efit: 10","fit: 3, efit: 9",,,,0,0,0,0,2,,
2026-04-19 08:44:54,58,19,19,0,"fit: 3, efit: 9","fit: 3, efit: 8",,,,0,0,0,0,2,,
2026-04-19 09:55:08,58,19,19,0,"fit: 3, efit: 10","fit: 3, efit: 9",,,,0,0,0,0,2,,
2026-04-19 10:03:07,58,19,19,0,"fit: 3, efit: 9","fit: 3, efit: 8",,,,0,0,0,0,2,,
2026-04-19 12:10:33,58,19,19,0,"fit: 3, efit: 11","fit: 3, efit: 10",,,,0,0,0,0,2,,
2026-04-19 12:40:52,58,19,19,0,"fit: 3, efit: 12","fit: 3, efit: 11",,,,0,0,0,0,2,,
2026-04-19 13:25:48,58,19,19,0,"fit: 3, efit: 13","fit: 3, efit: 12",,,,0,0,0,0,2,,
2026-04-19 13:43:42,58,19,19,0,"fit: 3, efit: 11","fit: 3, efit: 10",,,,0,0,0,0,2,,
2026-04-19 13:45:52,58,19,19,0,"fit: 3, efit: 9","fit: 3, efit: 8",,,,0,0,0,0,2,,
2026-04-19 14:20:58,58,19,19,0,"fit: 3, efit: 8","fit: 3, efit: 7",,,,0,0,0,0,2,,
2026-04-19 14:51:04,58,19,19,0,"fit: 3, efit: 9","fit: 3, efit: 8",,,,0,0,0,0,2,,
2026-04-19 15:08:56,58,19,19,0,"fit: 3, efit: 10","fit: 3, efit: 9",,,,0,0,0,0,2,,
2026-04-19 15:36:13,58,19,19,0,"fit: 3, efit: 9","fit: 3, efit: 8",,,,0,0,0,0,2,,
2026-04-19 17:39:20,58,19,19,0,"fit: 3, efit: 10","fit: 3, efit: 9",,,,0,0,0,0,2,,
2026-04-19 18:04:24,58,19,19,0,"fit: 3, efit: 9","fit: 3, efit: 8",,,,0,0,0,0,2,,
2026-04-19 19:14:35,58,19,19,0,"fit: 3, efit: 8","fit: 3, efit: 7",,,,0,0,0,0,2,,
2026-04-19 19:24:37,58,19,19,0,"fit: 2, efit: 8","fit: 2, efit: 7",,,,0,0,0,0,2,,
2026-04-19 19:26:56,58,19,19,0,"fit: 2, efit: 7","fit: 2, efit: 6",,,,0,0,0,0,2,,
2026-04-19 20:12:24,58,19,19,0,"fit: 3, efit: 7","fit: 3, efit: 6",,,,0,0,0,0,2,,
2026-04-20 00:00:21,58,19,19,0,"fit: 3, efit: 7","fit: 3, efit: 6",,,,0,0,0,0,2,,
2026-04-20 04:21:01,58,19,19,0,"fit: 3, efit: 8","fit: 3, efit: 7",,,,0,0,0,0,2,,
2026-04-20 07:49:47,58,19,19,0,"fit: 3, efit: 8","fit: 3, efit: 6",,,,0,0,0,0,2,,
2026-04-20 08:24:20,58,19,19,0,"fit: 3, efit: 7","fit: 3, efit: 5",,,,0,0,0,0,2,,
2026-04-20 08:44:23,58,19,19,0,"fit: 3, efit: 6","fit: 3, efit: 4",,,,0,0,0,0,2,,
2026-04-20 08:49:59,58,19,19,0,"fit: 3, efit: 5","fit: 3, efit: 3",,,,0,0,0,0,2,,
2026-04-20 11:40:01,58,19,19,0,"fit: 3, efit: 4","fit: 3, efit: 3",efit: 1,,,0,0,0,0,2,,
2026-04-20 11:40:37,58,19,19,0,"fit: 3, efit: 3","fit: 3, efit: 3",,,,0,0,0,0,2,,
2026-04-20 11:42:11,58,19,19,0,"fit: 3, efit: 5","fit: 3, efit: 5",,,,0,0,0,0,2,,
2026-04-20 13:35:23,58,19,19,0,"fit: 3, efit: 4","fit: 3, efit: 4",,,,0,0,0,0,2,,
2026-04-20 14:25:33,58,19,19,0,"fit: 3, efit: 5","fit: 3, efit: 5",,,,0,0,0,0,2,,
2026-04-20 17:56:14,58,19,19,0,"fit: 3, efit: 6","fit: 3, efit: 6",,,,0,0,0,0,2,,
2026-04-20 19:06:27,58,19,19,0,"fit: 3, efit: 5","fit: 3, efit: 5",,,,0,0,0,0,2,,
2026-04-20 19:16:29,58,19,19,0,"fit: 3, efit: 3","fit: 3, efit: 3",,,,0,0,0,0,2,,
2026-04-20 19:38:30,58,19,19,0,"fit: 3, efit: 2","fit: 3, efit: 2",,,,0,0,0,0,2,,
2026-04-20 19:47:19,58,19,19,0,"fit: 3, efit: 3","fit: 3, efit: 3",,,,0,0,0,0,2,,
2026-04-21 00:02:22,58,19,19,0,"fit: 3, efit: 3","fit: 3, efit: 3",,,,0,0,0,0,2,,
2026-04-21 02:17:47,58,19,19,0,"fit: 3, efit: 4","fit: 3, efit: 3",,,,0,0,0,0,2,,
2026-04-21 08:13:52,58,19,19,0,"fit: 3, efit: 3","fit: 3, efit: 2",,,,0,0,0,0,2,,
2026-04-21 08:20:30,58,19,19,0,"fit: 3, efit: 2","fit: 3, efit: 1",,,,0,0,0,0,2,,
2026-04-21 08:28:55,58,19,19,0,"fit: 3, efit: 1",fit: 3,,,,0,0,0,0,2,,
2026-04-21 08:45:34,58,19,19,0,"fit: 2, efit: 1",fit: 2,,,,0,0,0,0,2,,
2026-04-21 12:15:39,58,19,19,0,"fit: 1, efit: 1",fit: 1,,,,0,0,0,0,2,,
2026-04-21 13:20:53,58,19,19,0,"fit: 1, efit: 2","fit: 1, efit: 1",,,,0,0,0,0,2,,
2026-04-21 14:55:10,58,19,19,0,"fit: 1, efit: 1","fit: 1, efit: 1",,,,0,0,0,0,2,,
2026-04-21 15:01:36,58,19,19,0,"fit: 1, efit: 2","fit: 1, efit: 2",,,,0,0,0,0,2,,
2026-04-21 16:55:34,58,19,19,0,"fit: 1, efit: 3","fit: 1, efit: 3",,,,0,0,0,0,2,,
2026-04-21 17:10:37,58,19,19,0,"fit: 1, efit: 4","fit: 1, efit: 4",,,,0,0,0,0,2,,
2026-04-21 17:20:39,58,19,19,0,"fit: 1, efit: 5","fit: 1, efit: 5",,,,0,0,0,0,2,,
2026-04-21 17:25:40,58,19,19,0,"fit: 1, efit: 6","fit: 1, efit: 6",,,,0,0,0,0,2,,
2026-04-21 17:41:48,58,19,19,0,"fit: 1, efit: 5","fit: 1, efit: 5",,,,0,0,0,0,2,,
2026-04-21 17:42:02,58,19,19,0,"fit: 1, efit: 4","fit: 1, efit: 4",,,,0,0,0,0,2,,
2026-04-21 17:45:44,58,19,19,0,"fit: 1, efit: 3","fit: 1, efit: 3",,,,0,0,0,0,2,,
2026-04-21 18:30:53,58,19,19,0,"fit: 1, efit: 2","fit: 1, efit: 2",,,,0,0,0,0,2,,
2026-04-21 19:06:01,58,19,19,0,"fit: 1, efit: 3","fit: 1, efit: 3",,,,0,0,0,0,2,,
2026-04-21 21:26:28,58,19,19,0,"fit: 1, efit: 5","fit: 1, efit: 5",,,,0,0,0,0,2,,
2026-04-21 21:27:35,58,19,19,0,"fit: 1, efit: 3","fit: 1, efit: 3",,,,0,0,0,0,2,,
2026-04-21 21:36:30,58,19,19,0,"fit: 1, efit: 2","fit: 1, efit: 2",,,,0,0,0,0,2,,
2026-04-21 21:56:34,58,19,19,0,"fit: 1, efit: 4","fit: 1, efit: 4",,,,0,0,0,0,2,,
2026-04-22 00:01:57,58,19,19,0,"fit: 1, efit: 4","fit: 1, efit: 4",,,,0,0,0,0,2,,
2026-04-22 07:53:24,58,19,19,0,"fit: 1, efit: 5","fit: 1, efit: 5",,,,0,0,0,0,2,,
2026-04-22 08:28:31,58,19,19,0,"fit: 1, efit: 4","fit: 1, efit: 4",,,,0,0,0,0,2,,
2026-04-22 09:49:32,58,19,19,0,"fit: 1, efit: 5","fit: 1, efit: 5",,,,0,0,0,0,2,,
2026-04-22 10:54:02,58,19,19,0,"fit: 1, efit: 4","fit: 1, efit: 4",,,,0,0,0,0,2,,
2026-04-22 13:34:33,58,19,19,0,"fit: 1, efit: 5","fit: 1, efit: 5",,,,0,0,0,0,2,,
2026-04-22 13:35:50,58,19,19,0,"fit: 1, efit: 6","fit: 1, efit: 6",,,,0,0,0,0,2,,
2026-04-22 15:10:01,58,19,19,0,"fit: 1, efit: 7","fit: 1, efit: 7",,,,0,0,0,0,2,,
2026-04-22 15:50:08,58,19,19,0,"fit: 1, efit: 6","fit: 1, efit: 6",,,,0,0,0,0,2,,
2026-04-22 16:05:10,58,19,19,0,"fit: 1, efit: 7","fit: 1, efit: 7",,,,0,0,0,0,2,,
2026-04-22 16:20:12,58,19,19,0,"fit: 1, efit: 6","fit: 1, efit: 6",,,,0,0,0,0,2,,
2026-04-22 16:35:14,58,19,19,0,"fit: 1, efit: 7","fit: 1, efit: 7",,,,0,0,0,0,2,,
2026-04-22 16:50:17,58,19,19,0,"fit: 1, efit: 9","fit: 1, efit: 9",,,,0,0,0,0,2,,
2026-04-22 16:56:08,58,19,19,0,"fit: 1, efit: 8","fit: 1, efit: 8",,,,0,0,0,0,2,,
2026-04-22 18:15:31,58,19,19,0,"fit: 1, efit: 9","fit: 1, efit: 9",,,,0,0,0,0,2,,
2026-04-22 19:25:42,58,19,19,0,efit: 9,efit: 9,,,,0,0,0,0,2,,
2026-04-22 19:55:47,58,19,19,0,efit: 8,efit: 8,,,,0,0,0,0,2,,
2026-04-22 20:20:51,58,19,19,0,efit: 7,efit: 7,,,,0,0,0,0,2,,
2026-04-22 20:36:10,58,19,19,0,efit: 6,efit: 6,,,,0,0,0,0,2,,
2026-04-22 20:36:52,58,19,19,0,efit: 5,efit: 5,,,,0,0,0,0,2,,
2026-04-22 21:00:57,58,19,19,0,"fit: 1, efit: 7","fit: 1, efit: 7",,,,0,0,0,0,2,,
2026-04-22 21:27:02,58,19,19,0,"fit: 1, efit: 8","fit: 1, efit: 8",,,,0,0,0,0,2,,
2026-04-22 21:32:03,58,19,19,0,"fit: 1, efit: 7","fit: 1, efit: 7",,,,0,0,0,0,2,,
2026-04-22 21:36:03,58,19,19,0,"fit: 1, efit: 6","fit: 1, efit: 6",,,,0,0,0,0,2,,
2026-04-22 22:11:08,58,19,19,0,"fit: 1, efit: 5","fit: 1, efit: 5",,,,0,0,0,0,2,,
2026-04-22 22:31:11,58,19,19,0,"fit: 1, efit: 7","fit: 1, efit: 7",,,,0,0,0,0,2,,
2026-04-23 00:01:24,58,19,19,0,"fit: 1, efit: 7","fit: 1, efit: 7",,,,0,0,0,0,2,,
2026-04-23 00:21:56,58,19,19,0,"fit: 1, efit: 8","fit: 1, efit: 8",,,,0,0,0,0,2,,
2026-04-23 00:51:31,58,19,19,0,"fit: 2, efit: 8","fit: 2, efit: 8",,,,0,0,0,0,2,,
2026-04-23 01:46:39,58,19,19,0,"fit: 2, efit: 7","fit: 2, efit: 7",,,,0,0,0,0,2,,
2026-04-23 04:17:00,58,19,19,0,"fit: 2, efit: 8","fit: 2, efit: 8",,,,0,0,0,0,2,,
2026-04-23 06:32:19,58,19,19,0,"fit: 2, efit: 7","fit: 2, efit: 7",,,,0,0,0,0,2,,
2026-04-23 08:12:33,58,19,19,0,"fit: 2, efit: 6","fit: 2, efit: 6",,,,0,0,0,0,2,,
2026-04-23 08:27:35,58,19,19,0,"fit: 2, efit: 5","fit: 2, efit: 5",,,,0,0,0,0,2,,
2026-04-23 09:02:40,58,19,19,0,"fit: 2, efit: 4","fit: 2, efit: 4",,,,0,0,0,0,2,,
2026-04-23 09:22:43,58,19,19,0,"fit: 2, efit: 3","fit: 2, efit: 3",,,,0,0,0,0,2,,
2026-04-23 09:32:45,58,19,19,0,"fit: 2, efit: 2","fit: 2, efit: 2",,,,0,0,0,0,2,,
2026-04-23 10:29:01,58,19,19,0,"fit: 2, efit: 3","fit: 2, efit: 3",,,,0,0,0,0,2,,
2026-04-23 11:58:07,58,19,19,0,"fit: 2, efit: 2","fit: 2, efit: 2",,,,0,0,0,0,2,,
2026-04-23 12:09:46,58,19,19,0,"fit: 2, efit: 3","fit: 2, efit: 3",,,,0,0,0,0,2,,
2026-04-23 12:14:47,58,19,19,0,"fit: 2, efit: 2","fit: 2, efit: 2",,,,0,0,0,0,2,,
2026-04-23 12:18:10,58,19,19,0,"fit: 2, efit: 1","fit: 2, efit: 1",,,,0,0,0,0,2,,
2026-04-23 12:43:13,58,19,19,0,"fit: 2, efit: 2","fit: 2, efit: 2",,,,0,0,0,0,2,,
2026-04-23 12:53:15,58,19,19,0,"fit: 2, efit: 3","fit: 2, efit: 3",,,,0,0,0,0,2,,
2026-04-23 15:23:37,58,19,19,0,"fit: 2, efit: 4","fit: 2, efit: 4",,,,0,0,0,0,2,,
2026-04-23 15:30:04,58,19,19,0,"fit: 2, efit: 3","fit: 2, efit: 3",,,,0,0,0,0,2,,
2026-04-23 15:43:40,58,19,19,0,"fit: 2, efit: 4","fit: 2, efit: 4",,,,0,0,0,0,2,,
2026-04-23 16:08:44,58,19,19,0,"fit: 2, efit: 5","fit: 2, efit: 5",,,,0,0,0,0,2,,
2026-04-23 16:18:46,58,19,19,0,"fit: 2, efit: 6","fit: 2, efit: 6",,,,0,0,0,0,2,,
2026-04-23 16:28:48,58,19,19,0,"fit: 2, efit: 7","fit: 2, efit: 7",,,,0,0,0,0,2,,
2026-04-23 16:50:22,58,19,19,0,"fit: 2, efit: 6","fit: 2, efit: 6",,,,0,0,0,0,2,,
2026-04-23 16:50:41,58,19,19,0,"fit: 2, efit: 7","fit: 2, efit: 7",,,,0,0,0,0,2,,
2026-04-23 16:53:52,58,19,19,0,"fit: 2, efit: 8","fit: 2, efit: 8",,,,0,0,0,0,2,,
2026-04-23 16:55:23,58,19,19,0,"fit: 2, efit: 9","fit: 2, efit: 9",,,,0,0,0,0,2,,
2026-04-23 17:05:26,58,19,19,0,"fit: 2, efit: 10","fit: 2, efit: 10",,,,0,0,0,0,2,,
2026-04-23 17:05:45,58,19,19,0,"fit: 2, efit: 9","fit: 2, efit: 9",,,,0,0,0,0,2,,
2026-04-23 17:08:54,58,19,19,0,"fit: 2, efit: 9","fit: 2, efit: 8",efit: 1,,,0,0,0,0,2,,
2026-04-23 17:13:55,58,19,19,0,"fit: 2, efit: 8","fit: 2, efit: 7",efit: 1,,,0,0,0,0,2,,
2026-04-23 17:28:58,58,19,19,0,"fit: 2, efit: 11","fit: 2, efit: 10",efit: 1,,,0,0,0,0,2,,
2026-04-23 17:33:59,58,19,19,0,"fit: 2, efit: 10","fit: 2, efit: 9",efit: 1,,,0,0,0,0,2,,
2026-04-23 17:35:32,58,19,19,0,"fit: 2, efit: 11","fit: 2, efit: 10",efit: 1,,,0,0,0,0,2,,
2026-04-23 17:39:00,58,19,19,0,"fit: 2, efit: 14","fit: 2, efit: 13",efit: 1,,,0,0,0,0,2,,
2026-04-23 17:50:36,58,19,19,0,"fit: 2, efit: 13","fit: 2, efit: 12",efit: 1,,,0,0,0,0,2,,
2026-04-23 17:54:03,58,19,19,0,"fit: 2, efit: 14","fit: 2, efit: 13",efit: 1,,,0,0,0,0,2,,
2026-04-23 18:04:05,58,19,19,0,"fit: 3, efit: 13","fit: 3, efit: 12",efit: 1,,,0,0,0,0,2,,
2026-04-23 18:05:39,58,19,19,0,"fit: 4, efit: 14","fit: 4, efit: 13",efit: 1,,,0,0,0,0,2,,
2026-04-23 18:15:42,58,19,19,0,"fit: 4, efit: 13","fit: 4, efit: 12",efit: 1,,,0,0,0,0,2,,
2026-04-23 18:16:01,58,19,19,0,"fit: 4, efit: 12","fit: 4, efit: 11",efit: 1,,,0,0,0,0,2,,
2026-04-23 18:19:07,58,19,19,0,"fit: 6, efit: 12","fit: 6, efit: 11",efit: 1,,,0,0,0,0,2,,
2026-04-23 18:30:45,58,19,19,0,"fit: 6, efit: 13","fit: 6, efit: 12",efit: 1,,,0,0,0,0,2,,
2026-04-23 18:31:04,58,19,19,0,"fit: 6, efit: 12","fit: 6, efit: 11",efit: 1,,,0,0,0,0,2,,
2026-04-23 18:35:47,58,19,19,0,"fit: 6, efit: 10","fit: 6, efit: 9",efit: 1,,,0,0,0,0,2,,
2026-04-23 18:49:12,58,19,19,0,"fit: 5, efit: 9","fit: 5, efit: 8",efit: 1,,,0,0,0,0,2,,
2026-04-23 18:54:13,58,19,19,0,"fit: 5, efit: 8","fit: 5, efit: 7",efit: 1,,,0,0,0,0,2,,
2026-04-23 18:59:14,58,19,19,0,"fit: 5, efit: 9","fit: 5, efit: 8",efit: 1,,,0,0,0,0,2,,
2026-04-23 19:25:58,58,19,19,0,"fit: 5, efit: 10","fit: 5, efit: 9",efit: 1,,,0,0,0,0,2,,
2026-04-23 20:01:06,58,19,19,0,"fit: 5, efit: 11","fit: 5, efit: 10",efit: 1,,,0,0,0,0,2,,
2026-04-23 20:11:08,58,19,19,0,"fit: 5, efit: 14","fit: 5, efit: 13",efit: 1,,,0,0,0,0,2,,
2026-04-23 20:14:26,58,19,19,0,"fit: 5, efit: 11","fit: 5, efit: 10",efit: 1,,,0,0,0,0,2,,
2026-04-23 20:21:11,58,19,19,0,"fit: 5, efit: 12","fit: 5, efit: 11",efit: 1,,,0,0,0,0,2,,
2026-04-23 20:29:29,58,19,19,0,"fit: 5, efit: 11","fit: 5, efit: 10",efit: 1,,,0,0,0,0,2,,
2026-04-23 20:31:13,58,19,19,0,"fit: 5, efit: 13","fit: 5, efit: 12",efit: 1,,,0,0,0,0,2,,
2026-04-23 20:51:17,58,19,19,0,"fit: 5, efit: 12","fit: 5, efit: 11",efit: 1,,,0,0,0,0,2,,
2026-04-23 21:06:21,58,19,19,0,"fit: 5, efit: 10","fit: 5, efit: 9",efit: 1,,,0,0,0,0,2,,
2026-04-23 21:19:37,58,19,19,0,"fit: 5, efit: 9","fit: 5, efit: 8",efit: 1,,,0,0,0,0,2,,
2026-04-23 21:26:25,58,19,19,0,"fit: 5, efit: 8","fit: 5, efit: 7",efit: 1,,,0,0,0,0,2,,
2026-04-23 21:29:38,58,19,19,0,"fit: 5, efit: 7","fit: 5, efit: 6",efit: 1,,,0,0,0,0,2,,
2026-04-23 21:41:41,58,19,19,0,"fit: 5, efit: 6","fit: 5, efit: 5",efit: 1,,,0,0,0,0,2,,
2026-04-23 21:44:41,58,19,19,0,"fit: 5, efit: 5","fit: 5, efit: 4",efit: 1,,,0,0,0,0,2,,
2026-04-23 21:46:29,58,19,19,0,"fit: 5, efit: 4","fit: 5, efit: 3",efit: 1,,,0,0,0,0,2,,
2026-04-23 21:49:41,58,19,19,0,"fit: 5, efit: 3","fit: 5, efit: 2",efit: 1,,,0,0,0,0,2,,
2026-04-23 22:04:44,58,19,19,0,"fit: 5, efit: 1",fit: 5,efit: 1,,,0,0,0,0,2,,
2026-04-23 22:24:47,58,19,19,0,"fit: 5, efit: 2","fit: 5, efit: 1",efit: 1,,,0,0,0,0,2,,
2026-04-23 22:34:48,58,19,19,0,"fit: 3, efit: 2","fit: 3, efit: 1",efit: 1,,,0,0,0,0,2,,
2026-04-23 22:36:40,58,19,19,0,"fit: 4, efit: 3","fit: 4, efit: 2",efit: 1,,,0,0,0,0,2,,
2026-04-23 22:39:49,58,19,19,0,"fit: 4, efit: 1",fit: 4,efit: 1,,,0,0,0,0,2,,
2026-04-23 22:44:50,58,19,19,0,"fit: 4, efit: 3","fit: 4, efit: 2",efit: 1,,,0,0,0,0,2,,
2026-04-23 22:46:42,58,19,19,0,"fit: 5, efit: 5","fit: 5, efit: 4",efit: 1,,,0,0,0,0,2,,
2026-04-23 22:49:50,58,19,19,0,"fit: 6, efit: 3","fit: 6, efit: 2",efit: 1,,,0,0,0,0,2,,
2026-04-23 22:51:43,58,19,19,0,"fit: 7, efit: 4","fit: 7, efit: 3",efit: 1,,,0,0,0,0,2,,
2026-04-23 23:14:54,58,19,19,0,"fit: 8, efit: 2","fit: 8, efit: 1",efit: 1,,,0,0,0,0,2,,
2026-04-23 23:24:56,58,19,19,0,"fit: 8, efit: 1",fit: 8,efit: 1,,,0,0,0,0,2,,
2026-04-23 23:26:50,58,19,19,0,"fit: 7, efit: 2","fit: 7, efit: 1",efit: 1,,,0,0,0,0,2,,
2026-04-23 23:39:58,58,19,19,0,"fit: 7, efit: 4","fit: 7, efit: 3",efit: 1,,,0,0,0,0,2,,
2026-04-23 23:50:00,58,19,19,0,"fit: 7, efit: 5","fit: 7, efit: 4",efit: 1,,,0,0,0,0,2,,
2026-04-24 00:00:03,58,19,19,0,"fit: 7, efit: 5","fit: 7, efit: 4",efit: 1,,,0,0,0,0,2,,
2026-04-24 01:07:13,58,19,19,0,"fit: 7, efit: 4","fit: 7, efit: 3",efit: 1,,,0,0,0,0,2,,
2026-04-24 01:10:13,58,19,19,0,"fit: 7, efit: 3","fit: 7, efit: 2",efit: 1,,,0,0,0,0,2,,
2026-04-24 01:15:14,58,19,19,0,"fit: 8, efit: 3","fit: 8, efit: 2",efit: 1,,,0,0,0,0,2,,
2026-04-24 01:50:19,58,19,19,0,"fit: 8, efit: 4","fit: 8, efit: 3",efit: 1,,,0,0,0,0,2,,
2026-04-24 05:48:10,58,19,19,0,"fit: 8, efit: 5","fit: 8, efit: 4",efit: 1,,,0,0,0,0,2,,
2026-04-24 06:51:03,58,19,19,0,"fit: 8, efit: 4","fit: 8, efit: 3",efit: 1,,,0,0,0,0,2,,
2026-04-24 06:53:22,58,19,19,0,"fit: 8, efit: 3","fit: 8, efit: 2",efit: 1,,,0,0,0,0,2,,
2026-04-24 08:18:33,58,19,19,0,"fit: 8, efit: 2","fit: 8, efit: 1",efit: 1,,,0,0,0,0,2,,
2026-04-24 08:21:16,58,19,19,0,"fit: 7, efit: 2","fit: 7, efit: 1",efit: 1,,,0,0,0,0,2,,
2026-04-24 08:56:21,58,19,19,0,"fit: 7, efit: 1",fit: 7,efit: 1,,,0,0,0,0,2,,
2026-04-24 08:58:40,58,19,19,0,"fit: 5, efit: 2","fit: 5, efit: 1",efit: 1,,,0,0,0,0,2,,
2026-04-24 09:08:42,58,19,19,0,"fit: 5, efit: 1",fit: 5,efit: 1,,,0,0,0,0,2,,
2026-04-24 10:18:56,58,19,19,0,"fit: 4, efit: 1",fit: 4,efit: 1,,,0,0,0,0,2,,
2026-04-24 10:23:57,58,19,19,0,"fit: 3, efit: 1",fit: 3,efit: 1,,,0,0,0,0,2,,
2026-04-24 10:46:39,58,19,19,0,"fit: 2, efit: 1",fit: 2,efit: 1,,,0,0,0,0,2,,
2026-04-24 11:44:13,58,19,19,0,"fit: 2, efit: 2","fit: 2, efit: 1",efit: 1,,,0,0,0,0,2,,
2026-04-24 11:46:48,58,19,19,0,"fit: 2, efit: 1",fit: 2,efit: 1,,,0,0,0,0,2,,
2026-04-24 12:06:51,58,19,19,0,"fit: 1, efit: 1",fit: 1,efit: 1,,,0,0,0,0,2,,
2026-04-24 12:11:52,58,19,19,0,efit: 1,,efit: 1,,,0,0,0,0,2,,
2026-04-24 14:32:13,58,19,19,0,efit: 3,efit: 2,efit: 1,,,0,0,0,0,2,,
2026-04-24 14:44:47,58,19,19,0,efit: 2,efit: 1,efit: 1,,,0,0,0,0,2,,
2026-04-24 14:59:50,58,19,19,0,efit: 1,,efit: 1,,,0,0,0,0,2,,
2026-04-24 14:59:59,58,19,19,0,efit: 2,efit: 1,efit: 1,,,0,0,0,0,2,,
2026-04-24 15:02:17,58,19,19,0,efit: 4,efit: 3,efit: 1,,,0,0,0,0,2,,
2026-04-24 15:07:18,58,19,19,0,efit: 5,efit: 4,efit: 1,,,0,0,0,0,2,,
2026-04-24 15:12:19,58,19,19,0,efit: 6,efit: 5,efit: 1,,,0,0,0,0,2,,
2026-04-24 15:14:53,58,19,19,0,efit: 5,efit: 3,efit: 1,,,0,0,0,0,2,,
2026-04-24 15:15:02,58,19,19,0,efit: 6,efit: 4,efit: 1,,,0,0,0,0,2,,
2026-04-24 15:17:20,58,19,19,0,efit: 4,efit: 2,efit: 1,,,0,0,0,0,2,,
2026-04-24 15:29:56,58,19,19,0,efit: 2,,efit: 1,,,0,0,0,0,2,,
2026-04-24 15:47:25,58,19,19,0,"fit: 1, efit: 3","fit: 1, efit: 1",efit: 1,,,0,0,0,0,2,,
2026-04-24 15:50:01,58,19,19,0,efit: 2,,efit: 1,,,0,0,0,0,2,,
2026-04-24 16:00:03,58,19,19,0,"fit: 2, efit: 2",fit: 2,efit: 1,,,0,0,0,0,2,,
2026-04-24 16:00:12,58,19,19,0,"fit: 1, efit: 2",fit: 1,efit: 1,,,0,0,0,0,2,,
2026-04-24 16:02:27,58,19,19,0,"fit: 2, efit: 2",fit: 2,efit: 1,,,0,0,0,0,2,,
2026-04-24 16:07:28,58,19,19,0,"fit: 3, efit: 2",fit: 3,efit: 1,,,0,0,0,0,2,,
2026-04-24 16:25:08,58,19,19,0,"fit: 2, efit: 2",fit: 2,efit: 1,,,0,0,0,0,2,,
2026-04-24 16:30:09,58,19,19,0,"fit: 1, efit: 2",fit: 1,efit: 1,,,0,0,0,0,2,,
2026-04-24 16:32:32,58,19,19,0,efit: 2,,efit: 1,,,0,0,0,0,2,,
2026-04-24 16:40:11,58,19,19,0,efit: 5,efit: 3,efit: 1,,,0,0,0,0,2,,
2026-04-24 16:45:12,58,19,19,0,efit: 4,efit: 2,efit: 1,,,0,0,0,0,2,,
2026-04-24 16:57:35,58,19,19,0,efit: 3,efit: 1,efit: 1,,,0,0,0,0,2,,
2026-04-24 17:10:17,58,19,19,0,efit: 2,,efit: 1,,,0,0,0,0,2,,
2026-04-24 17:27:40,58,19,19,0,efit: 5,efit: 3,efit: 1,,,0,0,0,0,2,,
2026-04-24 17:30:21,58,19,19,0,efit: 7,efit: 5,efit: 1,,,0,0,0,0,2,,
2026-04-24 17:40:23,58,19,19,0,efit: 8,efit: 6,efit: 1,,,0,0,0,0,2,,
2026-04-24 17:45:24,58,19,19,0,efit: 9,efit: 7,efit: 1,,,0,0,0,0,2,,
2026-04-24 17:47:43,58,19,19,0,efit: 11,efit: 8,efit: 1,,,0,0,0,0,2,,
2026-04-24 17:55:26,58,19,19,0,efit: 9,efit: 6,efit: 1,,,0,0,0,0,2,,
2026-04-24 17:57:45,58,19,19,0,efit: 7,efit: 4,efit: 1,,,0,0,0,0,2,,
2026-04-24 18:00:26,58,19,19,0,efit: 9,efit: 6,efit: 1,,,0,0,0,0,2,,
2026-04-24 18:10:29,58,19,19,0,efit: 8,efit: 5,efit: 1,,,0,0,0,0,2,,
2026-04-24 18:10:40,58,19,19,0,efit: 9,efit: 6,efit: 1,,,0,0,0,0,2,,
2026-04-24 18:12:47,58,19,19,0,efit: 8,efit: 5,efit: 1,,,0,0,0,0,2,,
2026-04-24 18:15:29,58,19,19,0,efit: 7,efit: 4,efit: 1,,,0,0,0,0,2,,
2026-04-24 18:37:51,58,19,19,0,efit: 6,efit: 3,efit: 1,,,0,0,0,0,2,,
2026-04-24 18:40:35,58,19,19,0,efit: 7,efit: 4,efit: 1,,,0,0,0,0,2,,
2026-04-24 18:50:37,58,19,19,0,efit: 6,efit: 3,efit: 1,,,0,0,0,0,2,,
2026-04-24 19:55:49,58,19,19,0,"fit: 3, efit: 5","fit: 3, efit: 2",efit: 1,,,0,0,0,0,2,,
2026-04-24 20:38:09,58,19,19,0,"fit: 4, efit: 5","fit: 4, efit: 2",efit: 1,,,0,0,0,0,2,,
2026-04-24 21:41:10,58,19,19,0,"fit: 4, efit: 4","fit: 4, efit: 1",efit: 1,,,0,0,0,0,2,,
2026-04-24 21:56:13,58,19,19,0,"fit: 4, efit: 3",fit: 4,efit: 1,,,0,0,0,0,2,,
2026-04-24 22:38:27,58,19,19,0,"fit: 1, efit: 3",fit: 1,efit: 1,,,0,0,0,0,2,,
2026-04-25 00:01:35,58,19,19,0,"fit: 1, efit: 3",fit: 1,efit: 1,,,0,0,0,0,2,,
2026-04-25 01:03:48,58,19,19,0,"fit: 1, efit: 4","fit: 1, efit: 1",efit: 1,,,0,0,0,0,2,,
2026-04-25 02:27:23,58,19,19,0,"fit: 1, efit: 5","fit: 1, efit: 2",efit: 1,,,0,0,0,0,2,,
2026-04-25 09:18:15,58,19,19,0,"fit: 1, efit: 4","fit: 1, efit: 1",efit: 1,,,0,0,0,0,2,,
2026-04-25 09:50:01,58,19,19,0,"fit: 1, efit: 4","fit: 1, efit: 1",efit: 2,,,0,0,0,0,2,,
2026-04-25 10:38:30,58,19,19,0,"fit: 1, efit: 3","fit: 1, efit: 1",efit: 1,,,0,0,0,0,2,,
2026-04-25 12:33:51,58,19,19,0,"fit: 1, efit: 2",fit: 1,efit: 1,,,0,0,0,0,2,,
2026-04-25 12:38:52,58,19,19,0,"fit: 1, efit: 2",fit: 1,,,,0,0,0,0,2,,
2026-04-25 13:13:58,58,19,19,0,"fit: 1, efit: 2",fit: 1,efit: 1,,,0,0,0,0,2,,
2026-04-25 13:24:00,58,19,19,0,"fit: 2, efit: 2",fit: 2,efit: 1,,,0,0,0,0,2,,
2026-04-25 13:54:06,58,19,19,0,"fit: 1, efit: 2",fit: 1,efit: 1,,,0,0,0,0,2,,
2026-04-25 14:24:11,58,19,19,0,"fit: 1, efit: 4","fit: 1, efit: 2",efit: 1,,,0,0,0,0,2,,
2026-04-25 14:29:12,58,19,19,0,"fit: 1, efit: 4","fit: 1, efit: 2",efit: 2,,,0,0,0,0,2,,
2026-04-25 14:34:13,58,19,19,0,"fit: 1, efit: 2",fit: 1,efit: 2,,,0,0,0,0,2,,
2026-04-25 14:39:14,58,19,19,0,efit: 2,,efit: 2,,,0,0,0,0,2,,
2026-04-25 15:49:27,58,19,19,0,efit: 4,efit: 2,efit: 2,,,0,0,0,0,2,,
2026-04-25 16:59:41,58,19,19,0,efit: 3,efit: 1,efit: 2,,,0,0,0,0,2,,
2026-04-25 17:01:04,58,19,19,0,efit: 2,,efit: 2,,,0,0,0,0,2,,
2026-04-25 17:15:26,58,19,19,0,efit: 3,efit: 1,efit: 2,,,0,0,0,0,2,,
2026-04-25 17:26:08,58,19,19,0,efit: 2,,efit: 2,,,0,0,0,0,2,,
2026-04-25 18:19:56,58,19,19,0,efit: 3,efit: 1,efit: 2,,,0,0,0,0,2,,
2026-04-25 18:51:21,58,19,19,0,efit: 5,efit: 3,efit: 2,,,0,0,0,0,2,,
2026-04-25 19:10:06,58,19,19,0,"fit: 1, efit: 5","fit: 1, efit: 3",efit: 2,,,0,0,0,0,2,,
2026-04-25 20:10:18,58,19,19,0,"fit: 1, efit: 6","fit: 1, efit: 4",efit: 2,,,0,0,0,0,2,,
2026-04-25 20:25:21,58,19,19,0,"fit: 1, efit: 5","fit: 1, efit: 3",efit: 2,,,0,0,0,0,2,,
2026-04-25 21:00:27,58,19,19,0,"fit: 1, efit: 6","fit: 1, efit: 4",efit: 2,,,0,0,0,0,2,,
2026-04-25 21:01:40,58,19,19,0,"fit: 1, efit: 7","fit: 1, efit: 5",efit: 2,,,0,0,0,0,2,,
2026-04-25 21:05:28,58,19,19,0,"fit: 1, efit: 9","fit: 1, efit: 6",efit: 2,,,0,0,0,0,2,,
2026-04-26 00:01:01,58,19,19,0,"fit: 1, efit: 9","fit: 1, efit: 6",efit: 2,,,0,0,0,0,2,,
2026-04-26 02:01:23,58,19,19,0,"fit: 1, efit: 10","fit: 1, efit: 7",efit: 2,,,0,0,0,0,2,,
2026-04-26 03:27:33,58,19,19,0,"fit: 1, efit: 11","fit: 1, efit: 8",efit: 2,,,0,0,0,0,2,,
2026-04-26 08:38:33,58,19,19,0,"fit: 1, efit: 10","fit: 1, efit: 7",efit: 2,,,0,0,0,0,2,,
2026-04-26 08:52:36,58,19,19,0,"fit: 1, efit: 9","fit: 1, efit: 6",efit: 2,,,0,0,0,0,2,,
2026-04-26 09:27:43,58,19,19,0,"fit: 1, efit: 8","fit: 1, efit: 5",efit: 2,,,0,0,0,0,2,,
2026-04-26 09:32:44,58,19,19,0,"fit: 1, efit: 9","fit: 1, efit: 6",efit: 2,,,0,0,0,0,2,,
2026-04-26 10:33:57,58,19,19,0,"fit: 1, efit: 8","fit: 1, efit: 5",efit: 2,,,0,0,0,0,2,,
2026-04-26 10:47:58,58,19,19,0,"fit: 1, efit: 9","fit: 1, efit: 6",efit: 2,,,0,0,0,0,2,,
2026-04-26 11:18:04,58,19,19,0,"fit: 1, efit: 8","fit: 1, efit: 5",efit: 2,,,0,0,0,0,2,,
2026-04-26 12:19:19,58,19,19,0,"fit: 1, efit: 7","fit: 1, efit: 4",efit: 2,,,0,0,0,0,2,,
2026-04-26 14:28:41,58,19,19,0,"fit: 1, efit: 6","fit: 1, efit: 3",efit: 2,,,0,0,0,0,2,,
2026-04-26 14:44:51,58,19,19,0,"fit: 1, efit: 5","fit: 1, efit: 2",efit: 2,,,0,0,0,0,2,,
2026-04-26 14:48:45,58,19,19,0,"fit: 1, efit: 4","fit: 1, efit: 1",efit: 2,,,0,0,0,0,2,,
2026-04-26 15:28:54,58,19,19,0,"fit: 1, efit: 6","fit: 1, efit: 3",efit: 2,,,0,0,0,0,2,,
2026-04-26 15:59:00,58,19,19,0,"fit: 1, efit: 7","fit: 1, efit: 4",efit: 2,,,0,0,0,0,2,,
2026-04-26 17:19:15,58,19,19,0,"fit: 1, efit: 6","fit: 1, efit: 3",efit: 2,,,0,0,0,0,2,,
2026-04-26 21:41:22,58,19,19,0,"fit: 1, efit: 4","fit: 1, efit: 1",efit: 2,,,0,0,0,0,2,,
2026-04-26 22:01:26,58,19,19,0,"fit: 1, efit: 5","fit: 1, efit: 1",efit: 2,,,0,0,0,0,2,,
2026-04-26 22:05:11,58,19,19,0,"fit: 1, efit: 4",fit: 1,efit: 2,,,0,0,0,0,2,,
2026-04-26 23:40:29,58,19,19,0,"fit: 1, efit: 5",fit: 1,efit: 2,,,0,0,0,0,2,,
2026-04-27 00:00:32,58,19,19,0,"fit: 1, efit: 6","fit: 1, efit: 1",efit: 2,,,0,0,0,0,2,,
2026-04-27 03:21:01,58,19,18,0,"fit: 1, efit: 4","fit: 1, efit: 1",,,,0,0,0,0,2,,
2026-04-27 03:21:05,58,19,18,0,"fit: 1, efit: 5","fit: 1, efit: 1",,,,0,0,0,0,2,,
2026-04-27 03:47:37,58,19,18,0,"fit: 1, efit: 5","fit: 1, efit: 1",efit: 1,,,0,0,0,0,2,,
2026-04-27 08:11:42,58,19,18,0,"fit: 1, efit: 4",fit: 1,efit: 1,,,0,0,0,0,2,,
2026-04-27 08:26:44,58,19,18,0,efit: 4,,efit: 1,,,0,0,0,0,2,,
2026-04-27 08:41:47,58,19,18,0,efit: 4,,efit: 2,,,0,0,0,0,2,,
2026-04-27 12:49:30,58,19,18,0,efit: 5,efit: 1,efit: 2,,,0,0,0,0,2,,
2026-04-27 13:32:35,58,19,18,0,efit: 6,efit: 2,efit: 2,,,0,0,0,0,2,,
2026-04-27 15:42:56,58,19,18,0,"fit: 3, efit: 4","fit: 3, efit: 3",efit: 1,,,0,0,0,0,2,,
2026-04-27 15:45:09,58,19,18,0,"fit: 3, efit: 5","fit: 3, efit: 5",,,,0,0,0,0,2,,
2026-04-27 15:47:57,58,19,18,0,"fit: 3, efit: 8","fit: 3, efit: 8",,,,0,0,0,0,2,,
2026-04-27 17:15:31,58,19,18,0,"fit: 3, efit: 9","fit: 3, efit: 9",,,,0,0,0,0,2,,
2026-04-27 17:43:57,58,19,18,0,"fit: 3, efit: 7","fit: 3, efit: 7",,,,0,0,0,0,2,,
2026-04-27 17:59:00,58,19,18,0,"fit: 3, efit: 8","fit: 3, efit: 8",,,,0,0,0,0,2,,
2026-04-27 18:05:42,58,19,18,0,"fit: 3, efit: 9","fit: 3, efit: 9",,,,0,0,0,0,2,,
2026-04-27 18:53:29,58,19,18,0,"fit: 3, efit: 8","fit: 3, efit: 8",,,,0,0,0,0,2,,
2026-04-27 19:13:32,58,19,18,0,"fit: 3, efit: 7","fit: 3, efit: 7",,,,0,0,0,0,2,,
2026-04-27 19:36:01,58,19,18,0,"fit: 3, efit: 6","fit: 3, efit: 6",,,,0,0,0,0,2,,
2026-04-27 19:38:35,58,19,18,0,"fit: 3, efit: 5","fit: 3, efit: 5",,,,0,0,0,0,2,,
2026-04-27 19:43:36,58,19,18,0,"fit: 3, efit: 4","fit: 3, efit: 4",,,,0,0,0,0,2,,
2026-04-27 20:53:47,58,19,18,0,"fit: 3, efit: 3","fit: 3, efit: 3",,,,0,0,0,0,2,,
2026-04-27 21:16:23,58,19,18,0,"fit: 2, efit: 3","fit: 2, efit: 3",,,,0,0,0,0,2,,
2026-04-27 21:26:25,58,19,18,0,"fit: 3, efit: 4","fit: 3, efit: 4",,,,0,0,0,0,2,,
2026-04-27 21:28:52,58,19,18,0,"fit: 3, efit: 5","fit: 3, efit: 5",,,,0,0,0,0,2,,
2026-04-27 22:06:33,58,19,18,0,"fit: 3, efit: 6","fit: 3, efit: 6",,,,0,0,0,0,2,,
2026-04-27 22:11:34,58,19,18,0,"fit: 3, efit: 8","fit: 3, efit: 8",,,,0,0,0,0,2,,
2026-04-28 00:00:13,58,19,18,0,"fit: 3, efit: 8","fit: 3, efit: 8",,,,0,0,0,0,2,,
2026-04-28 08:15:26,58,19,18,0,"fit: 3, efit: 7","fit: 3, efit: 7",,,,0,0,0,0,2,,
2026-04-28 08:16:45,58,19,18,0,"fit: 3, efit: 5","fit: 3, efit: 5",,,,0,0,0,0,2,,
2026-04-28 08:26:47,58,19,18,0,"fit: 3, efit: 4","fit: 3, efit: 4",,,,0,0,0,0,2,,
2026-04-28 08:28:40,58,19,18,0,"fit: 3, efit: 3","fit: 3, efit: 3",,,,0,0,0,0,2,,
2026-04-28 08:30:29,58,19,18,0,"fit: 3, efit: 2","fit: 3, efit: 2",,,,0,0,0,0,2,,
2026-04-28 09:28:53,58,19,18,0,"fit: 3, efit: 1","fit: 3, efit: 1",,,,0,0,0,0,2,,
2026-04-28 11:51:00,58,19,18,0,"fit: 3, efit: 2","fit: 3, efit: 2",,,,0,0,0,0,2,,
2026-04-28 12:04:25,58,19,18,0,"fit: 3, efit: 1","fit: 3, efit: 1",,,,0,0,0,0,2,,
2026-04-28 12:07:29,58,19,18,0,fit: 3,fit: 3,,,,0,0,0,0,2,,
2026-04-28 12:49:35,58,19,18,0,"fit: 3, efit: 1","fit: 3, efit: 1",,,,0,0,0,0,2,,
2026-04-28 13:16:13,58,19,18,0,"fit: 3, efit: 2","fit: 3, efit: 2",,,,0,0,0,0,2,,
2026-04-28 13:24:42,58,19,18,0,"fit: 3, efit: 3","fit: 3, efit: 3",,,,0,0,0,0,2,,
2026-04-28 13:59:49,58,19,18,0,"fit: 3, efit: 4","fit: 3, efit: 4",,,,0,0,0,0,2,,
2026-04-28 17:00:28,58,19,18,0,"fit: 3, efit: 5","fit: 3, efit: 5",,,,0,0,0,0,2,,
2026-04-28 17:13:30,58,19,18,0,"fit: 3, efit: 6","fit: 3, efit: 6",,,,0,0,0,0,2,,
2026-04-28 17:21:51,58,19,18,0,"fit: 3, efit: 7","fit: 3, efit: 7",,,,0,0,0,0,2,,
2026-04-28 18:03:40,58,19,18,0,"fit: 3, efit: 8","fit: 3, efit: 8",,,,0,0,0,0,2,,
2026-04-28 19:00:55,58,19,18,0,"fit: 3, efit: 9","fit: 3, efit: 9",,,,0,0,0,0,2,,
2026-04-28 20:19:07,58,19,18,0,"fit: 3, efit: 7","fit: 3, efit: 7",,,,0,0,0,0,2,,
2026-04-28 20:21:12,58,19,18,0,"fit: 3, efit: 6","fit: 3, efit: 6",,,,0,0,0,0,2,,
2026-04-28 20:27:21,58,19,18,0,"fit: 3, efit: 4","fit: 3, efit: 4",,,,0,0,0,0,2,,
2026-04-28 20:31:14,58,19,18,0,"fit: 3, efit: 3","fit: 3, efit: 3",,,,0,0,0,0,2,,
2026-04-28 20:49:13,58,19,18,0,"fit: 3, efit: 2","fit: 3, efit: 2",,,,0,0,0,0,2,,
2026-04-28 21:39:23,58,19,18,0,"fit: 3, efit: 1","fit: 3, efit: 1",,,,0,0,0,0,2,,
2026-04-28 21:54:26,58,19,18,0,"fit: 3, efit: 2","fit: 3, efit: 2",,,,0,0,0,0,2,,
2026-04-29 00:01:57,58,19,18,0,"fit: 3, efit: 2","fit: 3, efit: 2",,,,0,0,0,0,2,,
2026-04-29 07:54:00,58,19,18,0,"fit: 3, efit: 1","fit: 3, efit: 1",,,,0,0,0,0,2,,
2026-04-29 08:01:20,58,19,18,0,"fit: 3, efit: 1",fit: 3,,,,0,0,0,0,2,,
2026-04-29 08:03:33,58,19,18,0,"fit: 3, efit: 2","fit: 3, efit: 1",,,,0,0,0,0,2,,
2026-04-29 08:21:23,58,19,18,0,"fit: 3, efit: 3","fit: 3, efit: 2",,,,0,0,0,0,2,,
2026-04-29 10:16:46,58,19,18,0,"fit: 3, efit: 2","fit: 3, efit: 1",,,,0,0,0,0,2,,
2026-04-29 10:24:02,58,19,18,0,"fit: 1, efit: 1","fit: 1, efit: 1",,,,0,0,0,0,2,,
2026-04-29 10:34:05,58,19,19,0,"fit: 1, efit: 2","fit: 1, efit: 2",,,,0,0,0,0,2,,
2026-04-29 11:59:22,58,19,19,0,"fit: 1, efit: 1","fit: 1, efit: 1",,,,0,0,0,0,2,,
2026-04-29 14:34:54,58,19,19,0,"fit: 2, efit: 1","fit: 2, efit: 1",,,,0,0,0,0,2,,
2026-04-29 16:00:12,58,19,19,0,"fit: 1, efit: 1","fit: 1, efit: 1",,,,0,0,0,0,2,,
2026-04-29 18:05:29,58,19,19,0,fit: 1,fit: 1,,,,0,0,0,0,2,,
2026-04-29 18:23:19,58,19,19,0,"fit: 1, efit: 1","fit: 1, efit: 1",,,,0,0,0,0,2,,
2026-04-29 18:43:22,58,19,19,0,fit: 1,fit: 1,,,,0,0,0,0,2,,
2026-04-29 22:03:59,58,19,19,0,"fit: 1, efit: 1","fit: 1, efit: 1",,,,0,0,0,0,2,,
2026-04-29 22:06:23,58,19,19,0,"fit: 1, efit: 2","fit: 1, efit: 2",,,,0,0,0,0,2,,
2026-04-30 00:01:21,58,19,19,0,"fit: 1, efit: 2","fit: 1, efit: 2",,,,0,0,0,0,2,,
2026-04-30 04:21:57,58,19,19,0,"fit: 1, efit: 3","fit: 1, efit: 3",,,,0,0,0,0,2,,
2026-04-30 07:58:21,58,19,19,0,"fit: 1, efit: 2","fit: 1, efit: 2",,,,0,0,0,0,2,,
2026-04-30 08:37:33,58,19,19,0,"fit: 1, efit: 1","fit: 1, efit: 1",,,,0,0,0,0,2,,
2026-04-30 08:40:56,58,19,19,0,"fit: 1, efit: 2","fit: 1, efit: 2",,,,0,0,0,0,2,,
2026-04-30 11:02:54,58,19,19,0,"fit: 1, efit: 1","fit: 1, efit: 1",,,,0,0,0,0,2,,
2026-04-30 11:22:57,58,19,19,0,fit: 1,fit: 1,,,,0,0,0,0,2,,
2026-04-30 11:37:59,58,19,19,0,,,,,,0,0,0,0,2,,
2026-04-30 12:06:36,58,19,19,0,efit: 1,efit: 1,,,,0,0,0,0,2,,
2026-04-30 12:49:20,58,19,19,0,,,,,,0,0,0,0,2,,
2026-04-30 14:06:59,58,19,19,0,efit: 1,efit: 1,,,,0,0,0,0,2,,
2026-04-30 14:08:21,58,19,19,0,,,,,,0,0,0,0,2,,
2026-04-30 14:37:05,58,19,19,0,efit: 4,efit: 4,,,,0,0,0,0,2,,
2026-04-30 14:38:25,58,19,19,0,efit: 6,efit: 6,,,,0,0,0,0,2,,
2026-04-30 15:08:30,58,19,19,0,efit: 7,efit: 7,,,,0,0,0,0,2,,
2026-04-30 15:09:49,58,19,19,0,efit: 8,efit: 8,,,,0,0,0,0,2,,
2026-04-30 15:42:18,58,19,19,0,efit: 9,efit: 9,,,,0,0,0,0,2,,
2026-04-30 16:50:11,58,19,19,0,efit: 10,efit: 10,,,,0,0,0,0,2,,
2026-04-30 17:05:14,58,19,19,0,efit: 9,efit: 9,,,,0,0,0,0,2,,
2026-04-30 17:22:39,58,19,19,0,efit: 8,efit: 8,,,,0,0,0,0,2,,
2026-04-30 18:52:59,58,19,19,0,efit: 9,efit: 9,,,,0,0,0,0,2,,
2026-04-30 20:53:24,58,19,19,0,efit: 8,efit: 8,,,,0,0,0,0,2,,
2026-05-01 00:01:41,58,19,19,0,efit: 8,efit: 8,,,,0,0,0,0,2,,
2026-05-01 07:30:32,58,19,19,0,efit: 7,efit: 7,,,,0,0,0,0,2,,
2026-05-01 08:00:38,58,19,19,0,efit: 8,efit: 8,,,,0,0,0,0,2,,
2026-05-01 10:03:41,58,19,19,0,"fit: 1, efit: 8","fit: 1, efit: 8",,,,0,0,0,0,2,,
2026-05-01 11:59:05,58,19,19,0,"fit: 1, efit: 7","fit: 1, efit: 7",,,,0,0,0,0,2,,
2026-05-01 13:14:20,58,19,19,0,"fit: 1, efit: 8","fit: 1, efit: 8",,,,0,0,0,0,2,,
2026-05-01 15:26:56,58,19,19,0,"fit: 1, efit: 9","fit: 1, efit: 9",,,,0,0,0,0,2,,
2026-05-01 15:46:59,58,19,19,0,"fit: 1, efit: 6","fit: 1, efit: 6",,,,0,0,0,0,2,,
2026-05-01 16:07:02,58,19,19,0,"fit: 1, efit: 7","fit: 1, efit: 7",,,,0,0,0,0,2,,
2026-05-01 17:07:24,58,19,19,0,"fit: 1, efit: 6","fit: 1, efit: 6",,,,0,0,0,0,2,,
2026-05-01 20:58:02,58,19,19,0,"fit: 1, efit: 5","fit: 1, efit: 5",,,,0,0,0,0,2,,
2026-05-01 21:28:07,58,19,19,0,"fit: 1, efit: 6","fit: 1, efit: 6",,,,0,0,0,0,2,,
2026-05-01 21:38:09,58,19,19,0,"fit: 1, efit: 5","fit: 1, efit: 5",,,,0,0,0,0,2,,
2026-05-01 22:03:13,58,19,19,0,"fit: 1, efit: 6","fit: 1, efit: 6",,,,0,0,0,0,2,,
2026-05-01 22:39:15,58,19,19,0,"fit: 1, efit: 7","fit: 1, efit: 7",,,,0,0,0,0,2,,
2026-05-02 00:03:31,58,19,19,0,"fit: 1, efit: 7","fit: 1, efit: 7",,,,0,0,0,0,2,,
2026-05-02 00:48:38,58,19,19,0,"fit: 1, efit: 6","fit: 1, efit: 6",,,,0,0,0,0,2,,
2026-05-02 10:15:07,58,19,19,0,"fit: 1, efit: 5","fit: 1, efit: 5",,,,0,0,0,0,2,,
2026-05-02 10:55:14,58,19,19,0,"fit: 1, efit: 6","fit: 1, efit: 6",,,,0,0,0,0,2,,
2026-05-02 11:00:15,58,19,19,0,"fit: 1, efit: 4","fit: 1, efit: 4",,,,0,0,0,0,2,,
2026-05-02 11:56:52,58,19,19,0,"fit: 1, efit: 5","fit: 1, efit: 5",,,,0,0,0,0,2,,
2026-05-02 12:01:53,58,19,19,0,"fit: 1, efit: 4","fit: 1, efit: 4",,,,0,0,0,0,2,,
2026-05-02 14:05:46,58,19,19,0,"fit: 1, efit: 5","fit: 1, efit: 5",,,,0,0,0,0,2,,
2026-05-02 17:17:54,58,19,19,0,"fit: 1, efit: 6","fit: 1, efit: 6",,,,0,0,0,0,2,,
2026-05-02 18:18:06,58,19,19,0,"fit: 1, efit: 5","fit: 1, efit: 5",,,,0,0,0,0,2,,
2026-05-02 20:08:28,58,19,19,0,"fit: 1, efit: 4","fit: 1, efit: 4",,,,0,0,0,0,2,,
2026-05-02 20:38:34,58,19,19,0,"fit: 2, efit: 4","fit: 2, efit: 4",,,,0,0,0,0,2,,
2026-05-03 00:04:14,58,19,19,0,"fit: 2, efit: 4","fit: 2, efit: 4",,,,0,0,0,0,2,,
2026-05-03 06:00:22,58,19,19,0,"fit: 1, efit: 4","fit: 1, efit: 4",,,,0,0,0,0,2,,
2026-05-03 07:40:41,58,19,19,0,"fit: 1, efit: 5","fit: 1, efit: 5",,,,0,0,0,0,2,,
2026-05-03 07:50:43,58,19,19,0,"fit: 2, efit: 7","fit: 2, efit: 7",,,,0,0,0,0,2,,
2026-05-03 08:20:50,58,19,19,0,"fit: 2, efit: 6","fit: 2, efit: 6",,,,0,0,0,0,2,,
2026-05-03 08:40:54,58,19,19,0,"fit: 2, efit: 5","fit: 2, efit: 5",,,,0,0,0,0,2,,
2026-05-03 09:36:06,58,19,19,0,"fit: 2, efit: 6","fit: 2, efit: 6",,,,0,0,0,0,2,,
2026-05-03 09:46:08,58,19,19,0,"fit: 2, efit: 7","fit: 2, efit: 7",,,,0,0,0,0,2,,
2026-05-03 10:01:11,58,19,19,0,"fit: 2, efit: 6","fit: 2, efit: 6",,,,0,0,0,0,2,,
2026-05-03 10:46:21,58,19,19,0,"fit: 3, efit: 9","fit: 3, efit: 8",,,,0,0,0,0,2,,
2026-05-03 14:16:55,58,19,19,0,"fit: 3, efit: 10","fit: 3, efit: 9",,,,0,0,0,0,2,,
2026-05-03 14:21:55,58,19,19,0,"fit: 3, efit: 9","fit: 3, efit: 8",,,,0,0,0,0,2,,
2026-05-03 14:41:58,58,19,19,0,"fit: 3, efit: 10","fit: 3, efit: 9",,,,0,0,0,0,2,,
2026-05-03 14:46:58,58,19,19,0,"fit: 7, efit: 10","fit: 7, efit: 8",,,,0,0,0,0,2,,
2026-05-03 15:07:00,58,19,19,0,"fit: 7, efit: 11","fit: 7, efit: 9",,,,0,0,0,0,2,,
2026-05-03 18:22:35,58,19,19,0,"fit: 7, efit: 9","fit: 7, efit: 7",,,,0,0,0,0,2,,
2026-05-03 18:27:36,58,19,19,0,"fit: 7, efit: 7","fit: 7, efit: 5",,,,0,0,0,0,2,,
2026-05-03 19:52:53,58,19,19,0,"fit: 8, efit: 11","fit: 8, efit: 7",,,,0,0,0,0,2,,
2026-05-03 21:53:17,58,19,19,0,"fit: 8, efit: 10","fit: 8, efit: 6",,,,0,0,0,0,2,,
2026-05-04 00:03:43,58,19,19,0,"fit: 8, efit: 10","fit: 8, efit: 6",,,,0,0,0,0,2,,
2026-05-04 01:28:59,58,19,19,0,"fit: 8, efit: 10","fit: 8, efit: 6",efit: 1,,,0,0,0,0,2,,
2026-05-04 09:35:25,58,19,19,0,"fit: 8, efit: 10","fit: 8, efit: 5",efit: 1,,,0,0,0,0,2,,
2026-05-04 11:00:43,58,19,19,0,"fit: 8, efit: 9","fit: 8, efit: 6",efit: 1,,,0,0,0,0,2,,
2026-05-04 11:05:44,58,19,19,0,"fit: 8, efit: 9","fit: 8, efit: 9",,,,0,0,0,0,2,,
2026-05-04 12:51:06,58,19,19,0,"fit: 8, efit: 8","fit: 8, efit: 8",,,,0,0,0,0,2,,
2026-05-04 12:56:07,58,19,19,0,"fit: 8, efit: 6","fit: 8, efit: 6",,,,0,0,0,0,2,,
2026-05-04 13:26:13,58,19,19,0,"fit: 8, efit: 5","fit: 8, efit: 5",,,,0,0,0,0,2,,
2026-05-04 14:26:25,58,19,19,0,"fit: 8, efit: 3","fit: 8, efit: 3",,,,0,0,0,0,2,,
2026-05-04 14:36:27,58,19,19,0,"fit: 8, efit: 4","fit: 8, efit: 4",,,,0,0,0,0,2,,
2026-05-04 17:16:59,58,19,19,0,"fit: 8, efit: 3","fit: 8, efit: 3",,,,0,0,0,0,2,,
2026-05-04 18:17:08,58,19,19,0,"fit: 8, efit: 2","fit: 8, efit: 2",,,,0,0,0,0,2,,
2026-05-04 18:22:09,58,19,19,0,"fit: 8, efit: 1","fit: 8, efit: 1",,,,0,0,0,0,2,,
2026-05-04 18:37:12,58,19,19,0,"fit: 8, efit: 1",fit: 8,,,,0,0,0,0,2,,
2026-05-04 19:22:21,58,19,19,0,"fit: 8, efit: 2","fit: 8, efit: 1",,,,0,0,0,0,2,,
2026-05-04 19:32:24,58,19,19,0,"fit: 8, efit: 1",fit: 8,,,,0,0,0,0,2,,
2026-05-04 20:27:35,58,19,19,0,"fit: 8, efit: 2","fit: 8, efit: 1",,,,0,0,0,0,2,,
2026-05-04 21:32:48,58,19,19,0,"fit: 8, efit: 4","fit: 8, efit: 3",,,,0,0,0,0,2,,
2026-05-05 00:03:18,58,19,19,0,"fit: 8, efit: 4","fit: 8, efit: 3",,,,0,0,0,0,2,,
2026-05-05 07:44:06,58,19,19,0,"fit: 8, efit: 3","fit: 8, efit: 2",,,,0,0,0,0,2,,
2026-05-05 08:34:16,58,19,19,0,"fit: 8, efit: 2","fit: 8, efit: 1",,,,0,0,0,0,2,,
2026-05-05 09:37:36,58,19,19,0,"fit: 8, efit: 3","fit: 8, efit: 2",,,,0,0,0,0,2,,
2026-05-05 10:07:42,58,19,19,0,"fit: 8, efit: 2","fit: 8, efit: 2",,,,0,0,0,0,2,,
2026-05-05 12:13:06,58,19,19,0,"fit: 8, efit: 3","fit: 8, efit: 3",,,,0,0,0,0,2,,
2026-05-05 13:38:22,58,19,19,0,"fit: 8, efit: 4","fit: 8, efit: 4",,,,0,0,0,0,2,,
2026-05-05 13:43:23,58,19,19,0,"fit: 9, efit: 4","fit: 9, efit: 4",,,,0,0,0,0,2,,
2026-05-05 13:43:50,58,19,19,0,"fit: 9, efit: 3","fit: 9, efit: 3",,,,0,0,0,0,2,,
2026-05-05 14:28:32,58,19,19,0,"fit: 9, efit: 2","fit: 9, efit: 2",,,,0,0,0,0,2,,
2026-05-05 17:04:02,58,19,19,0,"fit: 9, efit: 3","fit: 9, efit: 3",,,,0,0,0,0,2,,
2026-05-05 17:54:12,58,19,19,0,"fit: 9, efit: 4","fit: 9, efit: 4",,,,0,0,0,0,2,,
2026-05-05 18:04:14,58,19,19,0,"fit: 9, efit: 5","fit: 9, efit: 5",,,,0,0,0,0,2,,
2026-05-05 19:09:27,58,19,19,0,"fit: 9, efit: 6","fit: 9, efit: 6",,,,0,0,0,0,2,,
2026-05-05 20:34:45,58,19,19,0,"fit: 9, efit: 5","fit: 9, efit: 5",,,,0,0,0,0,2,,
2026-05-05 23:00:14,58,19,19,0,"fit: 9, efit: 6","fit: 9, efit: 6",,,,0,0,0,0,2,,
2026-05-05 23:05:32,58,19,19,0,"fit: 9, efit: 7","fit: 9, efit: 7",,,,0,0,0,0,2,,
2026-05-06 00:00:25,58,19,19,0,"fit: 9, efit: 7","fit: 9, efit: 7",,,,0,0,0,0,2,,
2026-05-06 09:12:08,58,19,19,0,"fit: 9, efit: 6","fit: 9, efit: 6",,,,0,0,0,0,2,,
2026-05-06 12:37:47,58,19,19,0,"fit: 9, efit: 5","fit: 9, efit: 5",,,,0,0,0,0,2,,
2026-05-06 14:02:15,58,19,19,0,"fit: 9, efit: 6","fit: 9, efit: 6",,,,0,0,0,0,2,,
2026-05-06 14:03:04,58,19,19,0,"fit: 9, efit: 5","fit: 9, efit: 5",,,,0,0,0,0,2,,
2026-05-06 14:12:17,58,19,19,0,"fit: 5, efit: 3","fit: 5, efit: 3",,,,0,0,0,0,2,,
2026-05-06 14:18:52,58,19,19,1,"fit: 5, efit: 4","fit: 5, efit: 4",,,,0,0,0,0,2,,
2026-05-06 14:22:19,58,19,19,0,"fit: 5, efit: 4","fit: 5, efit: 4",,,,0,0,0,0,2,,
2026-05-06 14:23:07,58,19,19,0,"fit: 5, efit: 3","fit: 5, efit: 3",,,,0,0,0,0,2,,
2026-05-06 14:28:08,58,19,19,0,"fit: 5, efit: 6","fit: 5, efit: 6",,,,0,0,0,0,2,,
2026-05-06 15:17:29,58,19,19,0,"fit: 5, efit: 7","fit: 5, efit: 7",,,,0,0,0,0,2,,
2026-05-06 16:10:23,58,19,19,0,"fit: 6, efit: 10","fit: 6, efit: 10",,,,0,0,0,0,2,,
2026-05-06 16:25:26,58,19,19,0,"fit: 6, efit: 12","fit: 6, efit: 12",,,,0,0,0,0,2,,
2026-05-06 16:30:26,58,19,19,0,"fit: 6, efit: 11","fit: 6, efit: 11",,,,0,0,0,0,2,,
2026-05-06 17:25:35,58,19,19,0,"fit: 6, efit: 7","fit: 6, efit: 7",,,,0,0,0,0,2,,
2026-05-06 18:30:46,58,19,19,0,"fit: 6, efit: 8","fit: 6, efit: 8",,,,0,0,0,0,2,,
2026-05-06 18:55:49,58,19,19,0,"fit: 6, efit: 9","fit: 6, efit: 9",,,,0,0,0,0,2,,
2026-05-06 19:30:55,58,19,19,0,"fit: 6, efit: 8","fit: 6, efit: 8",,,,0,0,0,0,2,,
2026-05-06 22:16:22,58,19,19,0,"fit: 6, efit: 8","fit: 6, efit: 7",,,,0,0,0,0,2,,
2026-05-06 23:11:30,58,19,19,0,"fit: 6, efit: 7","fit: 6, efit: 6",,,,0,0,0,0,2,,
2026-05-06 23:41:34,58,19,19,0,"fit: 6, efit: 8","fit: 6, efit: 7",,,,0,0,0,0,2,,
2026-05-07 00:01:37,58,19,19,0,"fit: 6, efit: 8","fit: 6, efit: 7",,,,0,0,0,0,2,,
2026-05-07 04:13:09,58,19,19,0,"fit: 6, efit: 8","fit: 6, efit: 6",,,,0,0,0,0,2,,
2026-05-07 07:37:45,58,19,19,0,"fit: 7, efit: 8","fit: 7, efit: 6",,,,0,0,0,0,2,,
2026-05-07 07:57:48,58,19,19,0,"fit: 7, efit: 9","fit: 7, efit: 7",,,,0,0,0,0,2,,
2026-05-07 08:02:49,58,19,19,0,"fit: 7, efit: 8","fit: 7, efit: 6",,,,0,0,0,0,2,,
2026-05-07 08:22:52,58,19,19,0,"fit: 7, efit: 7","fit: 7, efit: 5",,,,0,0,0,0,2,,
2026-05-07 08:52:56,58,19,19,0,"fit: 7, efit: 6","fit: 7, efit: 4",,,,0,0,0,0,2,,
2026-05-07 09:07:58,58,19,19,0,"fit: 7, efit: 5","fit: 7, efit: 3",,,,0,0,0,0,2,,
2026-05-07 09:18:48,58,19,19,0,"fit: 7, efit: 4","fit: 7, efit: 2",,,,0,0,0,0,2,,
2026-05-07 09:53:05,58,19,19,0,"fit: 7, efit: 2","fit: 7, efit: 2",,,,0,0,0,0,2,,
2026-05-07 09:53:54,58,19,19,0,"fit: 5, efit: 3","fit: 5, efit: 3",,,,0,0,0,0,2,,
2026-05-07 14:48:49,58,19,19,0,"fit: 5, efit: 5","fit: 5, efit: 5",,,,0,0,0,0,2,,
2026-05-07 14:58:51,58,19,19,0,"fit: 5, efit: 4","fit: 5, efit: 4",,,,0,0,0,0,2,,
2026-05-07 15:04:49,58,19,19,0,"fit: 5, efit: 5","fit: 5, efit: 5",,,,0,0,0,0,2,,
2026-05-07 15:43:58,58,19,19,0,"fit: 5, efit: 6","fit: 5, efit: 6",,,,0,0,0,0,2,,
2026-05-07 16:34:05,58,19,19,0,"fit: 5, efit: 5","fit: 5, efit: 5",,,,0,0,0,0,2,,
2026-05-07 16:55:16,58,19,19,0,"fit: 5, efit: 7","fit: 5, efit: 7",,,,0,0,0,0,2,,
2026-05-07 16:59:09,58,19,19,0,"fit: 5, efit: 6","fit: 5, efit: 6",,,,0,0,0,0,2,,
2026-05-07 17:05:08,58,19,19,0,"fit: 5, efit: 5","fit: 5, efit: 5",,,,0,0,0,0,2,,
2026-05-07 17:10:09,58,19,19,0,"fit: 5, efit: 4","fit: 5, efit: 4",,,,0,0,0,0,2,,
2026-05-07 17:15:10,58,19,19,0,"fit: 5, efit: 3","fit: 5, efit: 3",,,,0,0,0,0,2,,
2026-05-07 17:29:14,58,19,19,0,"fit: 5, efit: 4","fit: 5, efit: 4",,,,0,0,0,0,2,,
2026-05-07 17:34:15,58,19,19,0,"fit: 5, efit: 3","fit: 5, efit: 3",,,,0,0,0,0,2,,
2026-05-07 17:39:16,58,19,19,0,"fit: 5, efit: 4","fit: 5, efit: 4",,,,0,0,0,0,2,,
2026-05-07 17:45:15,58,19,19,0,"fit: 5, efit: 2","fit: 5, efit: 2",,,,0,0,0,0,2,,
2026-05-07 18:14:21,58,19,19,0,"fit: 5, efit: 3","fit: 5, efit: 2",,,,0,0,0,0,2,,
2026-05-07 18:20:21,58,19,19,0,"fit: 5, efit: 2","fit: 5, efit: 1",,,,0,0,0,0,2,,
2026-05-07 18:20:35,58,19,19,0,"fit: 4, efit: 2","fit: 4, efit: 1",,,,0,0,0,0,2,,
2026-05-07 18:29:24,58,19,19,0,"fit: 4, efit: 3","fit: 4, efit: 2",,,,0,0,0,0,2,,
2026-05-07 20:44:45,58,19,19,0,"fit: 4, efit: 2","fit: 4, efit: 1",,,,0,0,0,0,2,,
2026-05-07 20:54:47,58,19,19,0,"fit: 4, efit: 1",fit: 4,,,,0,0,0,0,2,,
2026-05-07 20:56:08,58,19,19,0,"fit: 4, efit: 2","fit: 4, efit: 1",,,,0,0,0,0,2,,
2026-05-07 21:09:49,58,19,19,0,"fit: 4, efit: 3","fit: 4, efit: 2",,,,0,0,0,0,2,,
2026-05-08 00:00:17,58,19,19,0,"fit: 4, efit: 3","fit: 4, efit: 2",,,,0,0,0,0,2,,
2026-05-08 08:13:44,58,19,19,0,"fit: 4, efit: 2","fit: 4, efit: 1",,,,0,0,0,0,2,,
2026-05-08 08:31:45,58,19,19,0,"fit: 4, efit: 1",fit: 4,,,,0,0,0,0,2,,
2026-05-08 09:21:54,58,19,19,0,"fit: 3, efit: 1",fit: 3,,,,0,0,0,0,2,,
2026-05-08 09:41:58,58,19,19,0,"fit: 3, efit: 2","fit: 3, efit: 1",,,,0,0,0,0,2,,
2026-05-08 10:17:53,58,19,19,0,"fit: 3, efit: 1",fit: 3,,,,0,0,0,0,2,,
2026-05-08 10:32:55,58,19,19,0,"fit: 3, efit: 2","fit: 3, efit: 1",,,,0,0,0,0,2,,
2026-05-08 13:07:36,58,19,19,0,"fit: 3, efit: 1",fit: 3,,,,0,0,0,0,2,,
2026-05-08 13:12:36,58,19,19,0,"fit: 2, efit: 2","fit: 2, efit: 1",,,,0,0,0,0,2,,
2026-05-08 13:19:59,58,19,19,0,"fit: 1, efit: 2","fit: 1, efit: 1",,,,0,0,0,0,2,,
2026-05-08 13:50:07,58,19,19,0,"fit: 1, efit: 3","fit: 1, efit: 2",,,,0,0,0,0,2,,
2026-05-08 14:32:51,58,19,19,0,"fit: 1, efit: 2","fit: 1, efit: 1",,,,0,0,0,0,2,,
2026-05-08 15:17:59,58,19,19,0,"fit: 1, efit: 3","fit: 1, efit: 2",,,,0,0,0,0,2,,
2026-05-08 15:43:04,58,19,19,0,"fit: 1, efit: 5","fit: 1, efit: 4",,,,0,0,0,0,2,,
2026-05-08 16:03:08,58,19,19,0,"fit: 1, efit: 5","fit: 1, efit: 3",efit: 1,,,0,0,0,0,2,,
2026-05-08 16:05:41,58,19,19,0,"fit: 1, efit: 4","fit: 1, efit: 2",efit: 1,,,0,0,0,0,2,,
2026-05-08 16:33:55,58,19,19,0,"fit: 1, efit: 5","fit: 1, efit: 3",efit: 1,,,0,0,0,0,2,,
2026-05-08 16:45:51,58,19,19,0,"fit: 2, efit: 5","fit: 2, efit: 3",efit: 1,,,0,0,0,0,2,,
2026-05-08 17:04:01,58,19,19,0,"fit: 2, efit: 4","fit: 2, efit: 2",efit: 1,,,0,0,0,0,2,,
2026-05-08 17:10:58,58,19,19,0,"fit: 2, efit: 3","fit: 2, efit: 1",efit: 1,,,0,0,0,0,2,,
2026-05-08 18:28:34,58,19,19,0,"fit: 2, efit: 4","fit: 2, efit: 2",efit: 1,,,0,0,0,0,2,,
2026-05-08 18:53:39,58,19,19,0,"fit: 2, efit: 5","fit: 2, efit: 3",efit: 1,,,0,0,0,0,2,,
2026-05-08 21:24:06,58,19,19,0,"fit: 2, efit: 4","fit: 2, efit: 2",efit: 1,,,0,0,0,0,2,,
2026-05-08 21:52:08,58,19,19,0,"fit: 2, efit: 5","fit: 2, efit: 3",efit: 1,,,0,0,0,0,2,,
2026-05-08 22:37:19,58,19,19,0,"fit: 2, efit: 6","fit: 2, efit: 4",efit: 1,,,0,0,0,0,2,,
2026-05-09 00:00:08,58,19,19,0,"fit: 2, efit: 6","fit: 2, efit: 4",efit: 1,,,0,0,0,0,2,,
2026-05-09 00:59:44,58,19,19,0,"fit: 2, efit: 5","fit: 2, efit: 3",efit: 1,,,0,0,0,0,2,,
2026-05-09 01:10:19,58,19,19,0,"fit: 2, efit: 6","fit: 2, efit: 4",efit: 1,,,0,0,0,0,2,,
2026-05-09 07:19:23,58,19,19,0,"fit: 2, efit: 5","fit: 2, efit: 3",efit: 1,,,0,0,0,0,2,,
2026-05-09 11:01:49,58,19,19,0,"fit: 2, efit: 5","fit: 2, efit: 3",efit: 2,,,0,0,0,0,2,,
2026-05-09 12:15:37,58,19,19,0,"fit: 2, efit: 4","fit: 2, efit: 2",efit: 2,,,0,0,0,0,2,,
2026-05-09 12:31:46,58,19,19,0,"fit: 2, efit: 5","fit: 2, efit: 3",efit: 2,,,0,0,0,0,2,,
2026-05-09 15:02:28,58,19,19,0,"fit: 2, efit: 6","fit: 2, efit: 4",efit: 2,,,0,0,0,0,2,,
2026-05-09 15:06:20,58,19,19,0,"fit: 2, efit: 5","fit: 2, efit: 3",efit: 2,,,0,0,0,0,2,,
2026-05-09 15:11:21,58,19,19,0,"fit: 2, efit: 4","fit: 2, efit: 2",efit: 2,,,0,0,0,0,2,,
2026-05-09 18:07:05,58,19,19,0,"fit: 1, efit: 4","fit: 1, efit: 2",efit: 2,,,0,0,0,0,2,,
2026-05-09 18:07:45,58,19,19,0,"fit: 1, efit: 3","fit: 1, efit: 1",efit: 2,,,0,0,0,0,2,,
2026-05-09 18:12:06,58,19,19,0,efit: 4,efit: 2,efit: 2,,,0,0,0,0,2,,
2026-05-09 18:57:17,58,19,19,0,efit: 2,,efit: 2,,,0,0,0,0,2,,
2026-05-09 19:07:20,58,19,19,0,"fit: 1, efit: 2",fit: 1,efit: 2,,,0,0,0,0,2,,
2026-05-09 19:37:27,58,19,19,0,"fit: 1, efit: 4","fit: 1, efit: 2",efit: 2,,,0,0,0,0,2,,
2026-05-09 19:47:29,58,19,19,0,"fit: 1, efit: 3","fit: 1, efit: 1",efit: 2,,,0,0,0,0,2,,
2026-05-09 20:12:35,58,19,19,0,efit: 2,,efit: 2,,,0,0,0,0,2,,
2026-05-09 20:43:13,58,19,19,0,efit: 3,efit: 1,efit: 2,,,0,0,0,0,2,,
2026-05-09 20:57:46,58,19,19,0,efit: 2,,efit: 2,,,0,0,0,0,2,,
2026-05-10 00:03:31,58,19,19,0,efit: 2,,efit: 2,,,0,0,0,0,2,,
2026-05-10 06:19:48,58,19,19,0,efit: 3,efit: 1,efit: 2,,,0,0,0,0,2,,
2026-05-10 08:25:01,58,19,19,0,efit: 4,efit: 2,efit: 2,,,0,0,0,0,2,,
2026-05-10 08:45:02,58,19,19,0,efit: 3,efit: 1,efit: 2,,,0,0,0,0,2,,
2026-05-10 10:05:15,58,19,19,0,efit: 2,,efit: 2,,,0,0,0,0,2,,
2026-05-10 14:10:55,58,19,19,0,efit: 3,efit: 1,efit: 2,,,0,0,0,0,2,,
2026-05-10 14:25:57,58,19,19,0,efit: 1,efit: 1,,,,0,0,0,0,2,,
2026-05-10 14:26:52,58,19,19,0,efit: 2,efit: 2,,,,0,0,0,0,2,,
2026-05-10 14:35:59,58,19,19,0,efit: 3,efit: 3,,,,0,0,0,0,2,,
2026-05-10 16:56:31,58,19,19,0,efit: 2,efit: 2,,,,0,0,0,0,2,,
2026-05-10 17:01:22,58,19,19,0,efit: 3,efit: 3,,,,0,0,0,0,2,,
2026-05-10 17:36:29,58,19,19,0,efit: 2,efit: 2,,,,0,0,0,0,2,,
2026-05-10 20:13:20,58,19,19,0,efit: 1,efit: 1,,,,0,0,0,0,2,,
2026-05-11 00:02:30,58,19,19,0,efit: 1,efit: 1,,,,0,0,0,0,2,,
2026-05-11 07:23:38,58,19,19,0,efit: 2,efit: 2,,,,0,0,0,0,2,,
2026-05-11 07:58:44,58,19,19,0,efit: 1,efit: 1,,,,0,0,0,0,2,,
2026-05-11 08:36:18,58,19,19,0,efit: 2,efit: 2,,,,0,0,0,0,2,,
2026-05-11 11:47:06,58,19,19,0,"fit: 2, efit: 2","fit: 2, efit: 2",,,,0,0,0,0,2,,
2026-05-11 11:49:21,58,19,19,0,"fit: 4, efit: 2","fit: 4, efit: 2",,,,0,0,0,0,2,,
2026-05-11 11:52:09,58,19,19,0,"fit: 6, efit: 2","fit: 6, efit: 2",,,,0,0,0,0,2,,
2026-05-11 11:54:22,58,19,19,0,"fit: 8, efit: 2","fit: 8, efit: 2",,,,0,0,0,0,2,,
2026-05-11 13:57:41,58,19,19,0,"fit: 8, efit: 3","fit: 8, efit: 3",,,,0,0,0,0,2,,
2026-05-11 14:09:44,58,19,19,0,"fit: 8, efit: 3","fit: 6, efit: 3",fit: 2,,,0,0,0,0,2,,
2026-05-11 14:10:19,58,19,19,0,"fit: 8, efit: 3","fit: 5, efit: 3",fit: 3,,,0,0,0,0,2,,
2026-05-11 14:12:45,58,19,19,0,"fit: 8, efit: 3","fit: 4, efit: 3",fit: 4,,,0,0,0,0,2,,
2026-05-11 15:33:06,58,19,19,0,"fit: 5, efit: 3","fit: 4, efit: 3",fit: 1,,,0,0,0,0,2,,
2026-05-11 15:34:58,58,19,19,0,"fit: 4, efit: 3","fit: 4, efit: 3",,,,0,0,0,0,2,,
2026-05-11 16:00:02,58,19,19,0,"fit: 4, efit: 4","fit: 4, efit: 4",,,,0,0,0,0,2,,
2026-05-11 19:00:33,58,19,19,0,"fit: 4, efit: 3","fit: 4, efit: 3",,,,0,0,0,0,2,,
2026-05-11 19:05:34,58,19,19,0,"fit: 5, efit: 3","fit: 5, efit: 3",,,,0,0,0,0,2,,
2026-05-12 00:01:20,58,19,19,0,"fit: 5, efit: 3","fit: 5, efit: 3",,,,0,0,0,0,2,,
2026-05-12 07:31:32,58,19,19,0,"fit: 5, efit: 2","fit: 5, efit: 2",,,,0,0,0,0,2,,
2026-05-12 07:56:37,58,19,19,0,"fit: 5, efit: 1","fit: 5, efit: 1",,,,0,0,0,0,2,,
2026-05-12 07:57:33,58,19,19,0,fit: 5,fit: 5,,,,0,0,0,0,2,,
2026-05-12 11:42:26,58,19,19,0,fit: 4,fit: 4,,,,0,0,0,0,2,,
2026-05-12 13:45:33,58,19,19,0,"fit: 4, efit: 1","fit: 4, efit: 1",,,,0,0,0,0,2,,
2026-05-12 15:00:16,58,19,19,0,"fit: 5, efit: 1","fit: 5, efit: 1",,,,0,0,0,0,2,,
2026-05-12 15:05:17,58,19,19,0,"fit: 5, efit: 2","fit: 5, efit: 2",,,,0,0,0,0,2,,
2026-05-12 15:23:47,58,19,19,0,"fit: 5, efit: 1","fit: 5, efit: 1",,,,0,0,0,0,2,,
2026-05-12 15:53:53,58,19,19,0,"fit: 5, efit: 3","fit: 5, efit: 3",,,,0,0,0,0,2,,
2026-05-12 16:29:00,58,19,19,0,"fit: 4, efit: 3","fit: 4, efit: 3",,,,0,0,0,0,2,,
2026-05-12 17:00:40,58,19,19,0,"fit: 4, efit: 4","fit: 4, efit: 4",,,,0,0,0,0,2,,
2026-05-12 17:04:08,58,19,19,0,"fit: 4, efit: 6","fit: 4, efit: 6",,,,0,0,0,0,2,,
2026-05-12 17:29:13,58,19,19,0,"fit: 3, efit: 6","fit: 3, efit: 6",,,,0,0,0,0,2,,
2026-05-12 17:59:19,58,19,19,0,"fit: 4, efit: 6","fit: 4, efit: 6",,,,0,0,0,0,2,,
2026-05-12 18:29:25,58,19,19,0,"fit: 4, efit: 5","fit: 4, efit: 5",,,,0,0,0,0,2,,
2026-05-12 18:34:26,58,19,19,0,"fit: 4, efit: 6","fit: 4, efit: 6",,,,0,0,0,0,2,,
2026-05-12 18:35:56,58,19,19,0,"fit: 4, efit: 5","fit: 4, efit: 5",,,,0,0,0,0,2,,
2026-05-12 20:16:13,58,19,19,0,"fit: 4, efit: 4","fit: 4, efit: 4",,,,0,0,0,0,2,,
2026-05-12 20:19:47,58,19,19,0,"fit: 4, efit: 2","fit: 4, efit: 2",,,,0,0,0,0,2,,
2026-05-12 21:21:25,58,19,19,0,"fit: 4, efit: 5","fit: 4, efit: 5",,,,0,0,0,0,2,,
2026-05-12 21:26:25,58,19,19,0,"fit: 4, efit: 7","fit: 4, efit: 7",,,,0,0,0,0,2,,
2026-05-13 00:00:29,58,19,19,0,"fit: 4, efit: 7","fit: 4, efit: 7",,,,0,0,0,0,2,,
2026-05-13 01:47:19,58,19,19,0,"fit: 4, efit: 7","fit: 4, efit: 6",,,,0,0,0,0,2,,
2026-05-13 04:46:23,58,19,19,0,"fit: 4, efit: 7","fit: 4, efit: 5",,,,0,0,0,0,2,,
2026-05-13 07:43:07,58,19,19,0,"fit: 4, efit: 6","fit: 4, efit: 4",,,,0,0,0,0,2,,
2026-05-13 07:43:24,58,19,19,0,"fit: 4, efit: 7","fit: 4, efit: 5",,,,0,0,0,0,2,,
2026-05-13 07:46:57,58,19,19,0,"fit: 4, efit: 6","fit: 4, efit: 4",,,,0,0,0,0,2,,
2026-05-13 07:48:08,58,19,19,0,"fit: 4, efit: 5","fit: 4, efit: 3",,,,0,0,0,0,2,,
2026-05-13 09:57:23,58,19,19,0,"fit: 4, efit: 4","fit: 4, efit: 4",,,,0,0,0,0,2,,
2026-05-13 09:58:31,58,19,19,0,"fit: 4, efit: 5","fit: 4, efit: 5",,,,0,0,0,0,2,,
2026-05-13 11:57:46,58,19,19,0,"fit: 4, efit: 4","fit: 4, efit: 4",,,,0,0,0,0,2,,
2026-05-13 13:02:59,58,19,19,0,"fit: 4, efit: 5","fit: 4, efit: 5",,,,0,0,0,0,2,,
2026-05-13 13:18:02,58,19,19,0,"fit: 4, efit: 4","fit: 4, efit: 4",,,,0,0,0,0,2,,
2026-05-13 14:13:13,58,19,19,0,"fit: 4, efit: 5","fit: 4, efit: 5",,,,0,0,0,0,2,,
2026-05-13 16:23:39,58,19,19,0,"fit: 4, efit: 6","fit: 4, efit: 6",,,,0,0,0,0,2,,
2026-05-13 19:00:37,58,19,19,0,"fit: 4, efit: 5","fit: 4, efit: 5",,,,0,0,0,0,2,,
2026-05-13 19:19:14,58,19,19,0,"fit: 4, efit: 4","fit: 4, efit: 4",,,,0,0,0,0,2,,
2026-05-13 20:09:24,58,19,19,0,"fit: 4, efit: 3","fit: 4, efit: 3",,,,0,0,0,0,2,,
2026-05-13 21:34:40,58,19,19,0,"fit: 4, efit: 4","fit: 4, efit: 4",,,,0,0,0,0,2,,
2026-05-14 00:01:33,58,19,19,0,"fit: 4, efit: 4","fit: 4, efit: 4",,,,0,0,0,0,2,,
2026-05-14 07:23:00,58,19,19,0,"fit: 4, efit: 3","fit: 4, efit: 3",,,,0,0,0,0,2,,
2026-05-14 08:02:58,58,19,19,0,"fit: 4, efit: 2","fit: 4, efit: 2",,,,0,0,0,0,2,,
2026-05-14 08:07:59,58,19,19,0,"fit: 4, efit: 3","fit: 4, efit: 3",,,,0,0,0,0,2,,
2026-05-14 08:28:03,58,19,19,0,"fit: 4, efit: 1","fit: 4, efit: 1",,,,0,0,0,0,2,,
2026-05-14 11:18:34,58,19,19,0,"fit: 4, efit: 2","fit: 4, efit: 2",,,,0,0,0,0,2,,
2026-05-14 14:39:11,58,19,19,0,"fit: 4, efit: 3","fit: 4, efit: 3",,,,0,0,0,0,2,,
2026-05-14 15:44:22,58,19,19,0,"fit: 4, efit: 2","fit: 4, efit: 2",,,,0,0,0,0,2,,
2026-05-14 19:14:54,58,19,19,0,"fit: 5, efit: 2","fit: 5, efit: 2",,,,0,0,0,0,2,,
2026-05-14 19:31:41,58,19,19,0,"fit: 5, efit: 1","fit: 5, efit: 1",,,,0,0,0,0,2,,
2026-05-14 19:55:01,58,19,19,0,fit: 5,fit: 5,,,,0,0,0,0,2,,
2026-05-14 21:20:16,58,19,19,0,fit: 4,fit: 4,,,,0,0,0,0,2,,
2026-05-14 22:10:24,58,19,19,0,fit: 3,fit: 3,,,,0,0,0,0,2,,
2026-05-15 00:00:42,58,19,19,0,fit: 3,fit: 3,,,,0,0,0,0,2,,
2026-05-15 06:13:48,58,19,19,0,"fit: 3, efit: 1","fit: 3, efit: 1",,,,0,0,0,0,2,,
2026-05-15 08:09:10,58,19,19,0,"fit: 2, efit: 1","fit: 2, efit: 1",,,,0,0,0,0,2,,
2026-05-15 08:42:04,58,19,19,0,fit: 2,fit: 2,,,,0,0,0,0,2,,
2026-05-15 10:04:33,58,19,19,0,"fit: 2, efit: 2","fit: 2, efit: 2",,,,0,0,0,0,2,,
2026-05-15 12:10:00,58,19,19,0,"fit: 2, efit: 3","fit: 2, efit: 3",,,,0,0,0,0,2,,
2026-05-15 14:33:04,58,19,19,0,"fit: 2, efit: 5","fit: 2, efit: 4",efit: 1,,,0,0,0,0,2,,
2026-05-15 14:35:30,58,19,19,0,"fit: 2, efit: 7","fit: 2, efit: 6",efit: 1,,,0,0,0,0,2,,
2026-05-15 15:48:45,58,19,19,0,"fit: 2, efit: 6","fit: 2, efit: 5",efit: 1,,,0,0,0,0,2,,
2026-05-15 16:00:48,58,19,19,0,"fit: 2, efit: 5","fit: 2, efit: 4",efit: 1,,,0,0,0,0,2,,
2026-05-15 16:23:52,58,19,19,0,"fit: 2, efit: 6","fit: 2, efit: 5",efit: 1,,,0,0,0,0,2,,
2026-05-15 16:25:53,58,19,19,0,"fit: 2, efit: 7","fit: 2, efit: 6",efit: 1,,,0,0,0,0,2,,
2026-05-15 16:28:23,58,19,19,0,"fit: 2, efit: 8","fit: 2, efit: 7",efit: 1,,,0,0,0,0,2,,
2026-05-15 16:40:56,58,19,19,0,"fit: 2, efit: 9","fit: 2, efit: 8",efit: 1,,,0,0,0,0,2,,
2026-05-15 17:24:04,58,19,19,0,"fit: 3, efit: 9","fit: 3, efit: 8",efit: 1,,,0,0,0,0,2,,
2026-05-15 17:28:34,58,19,19,0,"fit: 2, efit: 9","fit: 2, efit: 8",efit: 1,,,0,0,0,0,2,,
2026-05-15 18:16:16,58,19,19,0,"fit: 2, efit: 10","fit: 2, efit: 9",efit: 1,,,0,0,0,0,2,,
2026-05-15 18:21:17,58,19,19,0,"fit: 2, efit: 9","fit: 2, efit: 8",efit: 1,,,0,0,0,0,2,,
2026-05-15 19:23:54,58,19,19,0,"fit: 2, efit: 8","fit: 2, efit: 7",efit: 1,,,0,0,0,0,2,,
2026-05-15 22:04:59,58,19,19,0,"fit: 2, efit: 10","fit: 2, efit: 9",efit: 1,,,0,0,0,0,2,,
2026-05-16 00:00:21,58,19,19,0,"fit: 2, efit: 10","fit: 2, efit: 9",efit: 1,,,0,0,0,0,2,,
2026-05-16 03:18:05,58,19,19,0,"fit: 2, efit: 9","fit: 2, efit: 8",efit: 1,,,0,0,0,0,2,,
2026-05-16 07:40:55,58,19,19,0,"fit: 2, efit: 8","fit: 2, efit: 7",efit: 1,,,0,0,0,0,2,,
2026-05-16 11:36:34,58,19,19,0,"fit: 2, efit: 9","fit: 2, efit: 8",efit: 1,,,0,0,0,0,2,,
2026-05-16 11:46:36,58,19,19,0,"fit: 2, efit: 10","fit: 2, efit: 9",efit: 1,,,0,0,0,0,2,,
2026-05-16 12:36:48,58,19,19,0,"fit: 2, efit: 9","fit: 2, efit: 8",efit: 1,,,0,0,0,0,2,,
2026-05-16 13:36:57,58,19,19,0,"fit: 2, efit: 10","fit: 2, efit: 9",efit: 1,,,0,0,0,0,2,,
2026-05-16 14:05:15,58,19,19,0,"fit: 2, efit: 9","fit: 2, efit: 9",,,,0,0,0,0,2,,
2026-05-16 14:12:03,58,19,19,1,"fit: 2, efit: 9","fit: 2, efit: 9",,,,0,0,0,0,2,,
2026-05-16 15:00:27,58,19,19,1,"fit: 3, efit: 9","fit: 3, efit: 9",,,,0,0,0,0,2,,
2026-05-16 15:07:13,58,19,19,1,"fit: 3, efit: 10","fit: 3, efit: 10",,,,0,0,0,0,2,,
2026-05-16 15:08:06,58,19,19,1,"fit: 3, efit: 13","fit: 3, efit: 13",,,,0,0,0,0,2,,
2026-05-16 15:32:17,58,19,19,1,"fit: 3, efit: 12","fit: 3, efit: 12",,,,0,0,0,0,2,,
2026-05-16 15:45:38,58,19,19,0,"fit: 3, efit: 11","fit: 3, efit: 11",,,,0,0,0,0,2,,
2026-05-16 16:00:41,58,19,19,0,"fit: 3, efit: 10","fit: 3, efit: 10",,,,0,0,0,0,2,,
2026-05-16 22:57:06,58,19,19,0,"fit: 3, efit: 9","fit: 3, efit: 9",,,,0,0,0,0,2,,
2026-05-16 22:58:30,58,19,19,0,"fit: 3, efit: 8","fit: 3, efit: 8",,,,0,0,0,0,2,,
2026-05-17 00:02:19,58,19,19,0,"fit: 3, efit: 8","fit: 3, efit: 8",,,,0,0,0,0,2,,
2026-05-17 02:03:59,58,19,19,0,"fit: 3, efit: 8","fit: 3, efit: 7",,,,0,0,0,0,2,,
2026-05-17 02:27:47,58,19,19,0,"fit: 3, efit: 9","fit: 3, efit: 8",,,,0,0,0,0,2,,
2026-05-17 08:18:54,58,19,19,0,"fit: 3, efit: 10","fit: 3, efit: 9",,,,0,0,0,0,2,,
2026-05-17 08:43:59,58,19,19,0,"fit: 3, efit: 9","fit: 3, efit: 8",,,,0,0,0,0,2,,
2026-05-17 09:54:12,58,19,19,0,"fit: 3, efit: 8","fit: 3, efit: 7",,,,0,0,0,0,2,,
2026-05-17 10:36:40,58,19,19,0,"fit: 3, efit: 7","fit: 3, efit: 7",,,,0,0,0,0,2,,
2026-05-17 10:39:21,58,19,19,0,"fit: 3, efit: 8","fit: 3, efit: 8",,,,0,0,0,0,2,,
2026-05-17 11:24:31,58,19,19,0,"fit: 3, efit: 9","fit: 3, efit: 9",,,,0,0,0,0,2,,
2026-05-17 12:00:34,58,19,19,0,"fit: 3, efit: 10","fit: 3, efit: 10",,,,0,0,0,0,2,,
2026-05-17 13:14:53,58,19,19,0,"fit: 4, efit: 10","fit: 4, efit: 10",,,,0,0,0,0,2,,
2026-05-17 14:30:10,58,19,19,0,"fit: 4, efit: 8","fit: 4, efit: 8",,,,0,0,0,0,2,,
2026-05-17 14:35:11,58,19,19,0,"fit: 4, efit: 6","fit: 4, efit: 6",,,,0,0,0,0,2,,
2026-05-17 14:45:14,58,19,19,0,"fit: 4, efit: 7","fit: 4, efit: 7",,,,0,0,0,0,2,,
2026-05-17 15:01:05,58,19,19,0,"fit: 4, efit: 8","fit: 4, efit: 8",,,,0,0,0,0,2,,
2026-05-17 15:10:19,58,19,19,0,"fit: 4, efit: 9","fit: 4, efit: 9",,,,0,0,0,0,2,,
2026-05-17 15:15:20,58,19,19,0,"fit: 4, efit: 8","fit: 4, efit: 8",,,,0,0,0,0,2,,
2026-05-17 15:21:08,58,19,19,0,"fit: 4, efit: 9","fit: 4, efit: 9",,,,0,0,0,0,2,,
2026-05-17 15:22:35,58,19,19,0,"fit: 4, efit: 10","fit: 4, efit: 10",,,,0,0,0,0,2,,
2026-05-17 15:35:24,58,19,19,0,"fit: 4, efit: 9","fit: 4, efit: 9",,,,0,0,0,0,2,,
2026-05-17 15:40:25,58,19,19,0,"fit: 4, efit: 8","fit: 4, efit: 8",,,,0,0,0,0,2,,
2026-05-17 16:20:34,58,19,19,0,"fit: 3, efit: 11","fit: 3, efit: 11",,,,0,0,0,0,2,,
2026-05-17 16:25:35,58,19,19,0,"fit: 3, efit: 10","fit: 3, efit: 10",,,,0,0,0,0,2,,
2026-05-17 16:30:36,58,19,19,0,"fit: 3, efit: 12","fit: 3, efit: 12",,,,0,0,0,0,2,,
2026-05-17 16:52:54,58,19,19,0,"fit: 3, efit: 14","fit: 3, efit: 14",,,,0,0,0,0,2,,
2026-05-17 16:55:41,58,19,19,0,"fit: 3, efit: 12","fit: 3, efit: 12",,,,0,0,0,0,2,,
2026-05-17 17:15:46,58,19,19,0,"fit: 5, efit: 12","fit: 5, efit: 12",,,,0,0,0,0,2,,
2026-05-17 17:20:47,58,19,19,0,"fit: 6, efit: 12","fit: 6, efit: 12",,,,0,0,0,0,2,,
2026-05-17 18:31:02,58,19,19,0,"fit: 6, efit: 11","fit: 6, efit: 11",,,,0,0,0,0,2,,
2026-05-17 18:36:03,58,19,19,0,"fit: 6, efit: 13","fit: 6, efit: 12",efit: 1,,,0,0,0,0,2,,
2026-05-17 18:38:15,58,19,19,0,"fit: 6, efit: 11","fit: 6, efit: 10",efit: 1,,,0,0,0,0,2,,
2026-05-17 18:43:16,58,19,19,0,"fit: 6, efit: 11","fit: 6, efit: 9",efit: 1,,,0,0,0,0,2,,
2026-05-17 19:18:22,58,19,19,0,"fit: 6, efit: 9","fit: 6, efit: 7",efit: 1,,,0,0,0,0,2,,
2026-05-17 19:36:51,58,19,19,0,"fit: 6, efit: 10","fit: 6, efit: 8",efit: 1,,,0,0,0,0,2,,
2026-05-17 20:18:33,58,19,19,0,"fit: 8, efit: 10","fit: 8, efit: 8",efit: 1,,,0,0,0,0,2,,
2026-05-17 20:36:28,58,19,19,0,"fit: 8, efit: 9","fit: 8, efit: 7",efit: 1,,,0,0,0,0,2,,
2026-05-17 20:46:30,58,19,19,0,"fit: 8, efit: 8","fit: 8, efit: 6",efit: 1,,,0,0,0,0,2,,
2026-05-17 21:26:38,58,19,19,0,"fit: 8, efit: 7","fit: 8, efit: 5",efit: 1,,,0,0,0,0,2,,
2026-05-18 00:02:10,58,19,19,0,"fit: 8, efit: 7","fit: 8, efit: 5",efit: 1,,,0,0,0,0,2,,
2026-05-18 06:53:30,58,19,19,0,"fit: 8, efit: 8","fit: 8, efit: 6",efit: 1,,,0,0,0,0,2,,
2026-05-18 07:15:32,58,19,19,0,"fit: 8, efit: 7","fit: 8, efit: 5",efit: 1,,,0,0,0,0,2,,
2026-05-18 08:23:48,58,19,19,0,"fit: 8, efit: 6","fit: 8, efit: 4",efit: 1,,,0,0,0,0,2,,
2026-05-18 08:33:50,58,19,19,0,"fit: 8, efit: 5","fit: 8, efit: 3",efit: 1,,,0,0,0,0,2,,
2026-05-18 08:53:54,58,19,19,0,"fit: 8, efit: 4","fit: 8, efit: 2",efit: 1,,,0,0,0,0,2,,
2026-05-18 11:24:17,58,19,19,0,"fit: 8, efit: 2","fit: 8, efit: 2",,,,0,0,0,0,2,,
2026-05-18 12:26:33,58,19,19,0,"fit: 8, efit: 3","fit: 8, efit: 3",,,,0,0,0,0,2,,
2026-05-18 13:24:37,58,19,19,0,"fit: 8, efit: 1","fit: 8, efit: 1",,,,0,0,0,0,2,,
2026-05-18 13:29:38,58,19,19,0,"fit: 7, efit: 1","fit: 7, efit: 1",,,,0,0,0,0,2,,
2026-05-18 14:09:46,58,19,19,0,"fit: 7, efit: 2","fit: 7, efit: 2",,,,0,0,0,0,2,,
2026-05-18 14:21:56,58,19,19,0,"fit: 7, efit: 3","fit: 7, efit: 3",,,,0,0,0,0,2,,
2026-05-18 15:07:05,58,19,19,0,"fit: 7, efit: 2","fit: 7, efit: 2",,,,0,0,0,0,2,,
2026-05-18 15:19:57,58,19,19,0,"fit: 7, efit: 3","fit: 7, efit: 3",,,,0,0,0,0,2,,
2026-05-18 15:35:00,58,19,19,0,"fit: 7, efit: 4","fit: 7, efit: 4",,,,0,0,0,0,2,,
2026-05-18 15:40:01,58,19,19,0,"fit: 7, efit: 3","fit: 7, efit: 3",,,,0,0,0,0,2,,
2026-05-18 16:20:08,58,19,19,0,"fit: 7, efit: 2","fit: 7, efit: 2",,,,0,0,0,0,2,,
2026-05-18 16:22:19,58,19,19,0,"fit: 7, efit: 1","fit: 7, efit: 1",,,,0,0,0,0,2,,
2026-05-18 16:47:24,58,19,19,0,"fit: 7, efit: 3","fit: 7, efit: 3",,,,0,0,0,0,2,,
2026-05-18 17:55:25,58,19,19,0,"fit: 7, efit: 2","fit: 7, efit: 2",,,,0,0,0,0,2,,
2026-05-18 17:57:38,58,19,19,0,fit: 8,fit: 8,,,,0,0,0,0,2,,
2026-05-18 18:17:42,58,19,19,0,fit: 7,fit: 7,,,,0,0,0,0,2,,
2026-05-18 18:20:29,58,19,19,0,fit: 6,fit: 6,,,,0,0,0,0,2,,
2026-05-18 18:30:31,58,19,19,0,"fit: 6, efit: 1","fit: 6, efit: 1",,,,0,0,0,0,2,,
2026-05-18 19:32:57,58,19,19,0,fit: 6,fit: 6,,,,0,0,0,0,2,,
2026-05-18 19:45:44,58,19,19,0,"fit: 6, efit: 2","fit: 6, efit: 2",,,,0,0,0,0,2,,
2026-05-18 19:56:14,58,19,19,0,fit: 6,fit: 6,,,,0,0,0,0,2,,
2026-05-18 21:15:59,58,19,19,0,"fit: 6, efit: 1","fit: 6, efit: 1",,,,0,0,0,0,2,,
2026-05-18 21:48:23,58,19,19,0,"fit: 6, efit: 3","fit: 6, efit: 3",,,,0,0,0,0,2,,
2026-05-19 00:01:26,58,19,19,0,"fit: 6, efit: 3","fit: 6, efit: 3",,,,0,0,0,0,2,,
2026-05-19 07:45:11,58,19,19,0,"fit: 6, efit: 2","fit: 6, efit: 2",,,,0,0,0,0,2,,
2026-05-19 08:20:17,58,19,19,0,"fit: 6, efit: 1","fit: 6, efit: 1",,,,0,0,0,0,2,,
2026-05-19 08:45:22,58,19,19,0,fit: 6,fit: 6,,,,0,0,0,0,2,,
2026-05-19 09:52:59,58,19,19,0,fit: 5,fit: 5,,,,0,0,0,0,2,,
2026-05-19 10:14:09,58,19,19,0,fit: 4,fit: 4,,,,0,0,0,0,2,,
2026-05-19 13:56:22,58,19,19,0,"fit: 4, efit: 1","fit: 4, efit: 1",,,,0,0,0,0,2,,
2026-05-19 13:58:41,58,19,19,0,"fit: 4, efit: 2","fit: 4, efit: 2",,,,0,0,0,0,2,,
2026-05-19 14:16:26,58,19,19,0,"fit: 4, efit: 3","fit: 4, efit: 3",,,,0,0,0,0,2,,
2026-05-19 16:59:11,58,19,19,0,"fit: 4, efit: 1","fit: 4, efit: 1",,,,0,0,0,0,2,,
2026-05-19 17:44:19,58,19,19,0,"fit: 4, efit: 3","fit: 4, efit: 3",,,,0,0,0,0,2,,
2026-05-19 17:50:48,58,19,19,0,"fit: 3, efit: 3","fit: 3, efit: 3",,,,0,0,0,0,2,,
2026-05-19 18:02:10,58,19,19,0,"fit: 3, efit: 4","fit: 3, efit: 4",,,,0,0,0,0,2,,
2026-05-19 18:04:22,58,19,19,0,"fit: 3, efit: 7","fit: 3, efit: 7",,,,0,0,0,0,2,,
2026-05-19 18:14:24,58,19,19,0,"fit: 4, efit: 7","fit: 4, efit: 7",,,,0,0,0,0,2,,
2026-05-19 19:09:33,58,19,19,0,"fit: 4, efit: 6","fit: 4, efit: 6",,,,0,0,0,0,2,,
2026-05-19 19:19:35,58,19,19,0,"fit: 4, efit: 7","fit: 4, efit: 7",,,,0,0,0,0,2,,
2026-05-19 19:44:39,58,19,19,0,"fit: 4, efit: 6","fit: 4, efit: 6",,,,0,0,0,0,2,,
2026-05-19 19:49:40,58,19,19,0,"fit: 4, efit: 5","fit: 4, efit: 5",,,,0,0,0,0,2,,
2026-05-19 20:34:47,58,19,19,0,"fit: 4, efit: 4","fit: 4, efit: 4",,,,0,0,0,0,2,,
2026-05-19 20:51:27,58,19,19,0,"fit: 4, efit: 5","fit: 4, efit: 5",,,,0,0,0,0,2,,
2026-05-20 00:00:21,58,19,19,0,"fit: 4, efit: 5","fit: 4, efit: 5",,,,0,0,0,0,2,,
2026-05-20 08:28:43,58,19,19,0,"fit: 4, efit: 4","fit: 4, efit: 4",,,,0,0,0,0,2,,
2026-05-20 08:29:48,58,19,19,0,"fit: 4, efit: 2","fit: 4, efit: 2",,,,0,0,0,0,2,,
2026-05-20 12:00:29,58,19,19,0,"fit: 4, efit: 3","fit: 4, efit: 3",,,,0,0,0,0,2,,
2026-05-20 14:39:59,58,19,19,0,"fit: 4, efit: 4","fit: 4, efit: 4",,,,0,0,0,0,2,,
2026-05-20 14:45:00,58,19,19,0,"fit: 4, efit: 3","fit: 4, efit: 3",,,,0,0,0,0,2,,
2026-05-20 15:37:49,58,19,19,0,"fit: 4, efit: 4","fit: 4, efit: 4",,,,0,0,0,0,2,,
2026-05-20 15:45:13,58,19,19,0,"fit: 4, efit: 3","fit: 4, efit: 3",,,,0,0,0,0,2,,
2026-05-20 16:36:22,58,19,19,0,"fit: 4, efit: 4","fit: 4, efit: 4",,,,0,0,0,0,2,,
2026-05-20 16:39:01,58,19,19,0,"fit: 4, efit: 3","fit: 4, efit: 3",,,,0,0,0,0,2,,
2026-05-20 17:33:48,58,19,19,0,"fit: 4, efit: 3","fit: 4, efit: 2",,,,0,0,0,0,2,,
2026-05-20 17:53:51,58,19,19,0,"fit: 4, efit: 4","fit: 4, efit: 3",,,,0,0,0,0,2,,
2026-05-20 18:33:58,58,19,19,0,"fit: 4, efit: 6","fit: 4, efit: 5",,,,0,0,0,0,2,,
2026-05-20 18:34:27,58,19,19,0,"fit: 4, efit: 5","fit: 4, efit: 4",,,,0,0,0,0,2,,
2026-05-20 19:24:06,58,19,19,0,"fit: 4, efit: 6","fit: 4, efit: 5",,,,0,0,0,0,2,,
2026-05-20 19:24:38,58,19,19,0,"fit: 4, efit: 5","fit: 4, efit: 4",,,,0,0,0,0,2,,
2026-05-20 20:04:46,58,19,19,0,"fit: 4, efit: 6","fit: 4, efit: 5",,,,0,0,0,0,2,,
2026-05-20 20:29:51,58,19,19,0,"fit: 4, efit: 5","fit: 4, efit: 4",,,,0,0,0,0,2,,
2026-05-20 23:49:46,58,19,19,0,"fit: 4, efit: 4","fit: 4, efit: 3",,,,0,0,0,0,2,,
2026-05-21 00:00:34,58,19,19,0,"fit: 4, efit: 4","fit: 4, efit: 3",,,,0,0,0,0,2,,
2026-05-21 04:35:28,58,19,19,0,"fit: 4, efit: 5","fit: 4, efit: 4",,,,0,0,0,0,2,,
2026-05-21 08:14:02,58,19,19,0,"fit: 4, efit: 4","fit: 4, efit: 3",,,,0,0,0,0,2,,
2026-05-21 08:34:06,58,19,19,0,"fit: 4, efit: 2","fit: 4, efit: 1",,,,0,0,0,0,2,,
2026-05-21 08:49:08,58,19,19,0,"fit: 5, efit: 2","fit: 5, efit: 1",,,,0,0,0,0,2,,
2026-05-21 08:51:07,58,19,19,0,"fit: 5, efit: 1",fit: 5,,,,0,0,0,0,2,,
2026-05-21 12:54:49,58,19,19,0,"fit: 5, efit: 2","fit: 5, efit: 1",,,,0,0,0,0,2,,
2026-05-21 14:01:54,58,19,19,0,"fit: 5, efit: 1",fit: 5,,,,0,0,0,0,2,,
2026-05-21 14:08:25,58,19,19,0,"fit: 5, efit: 2","fit: 5, efit: 1",,,,0,0,0,0,2,,
2026-05-21 15:38:43,58,19,19,0,"fit: 5, efit: 1",fit: 5,,,,0,0,0,0,2,,
2026-05-21 16:28:53,58,19,19,0,"fit: 3, efit: 1",fit: 3,,,,0,0,0,0,2,,
2026-05-21 16:45:30,58,19,19,0,"fit: 3, efit: 2","fit: 3, efit: 1",,,,0,0,0,0,2,,
2026-05-21 16:48:57,58,19,19,0,"fit: 3, efit: 4","fit: 3, efit: 3",,,,0,0,0,0,2,,
2026-05-21 17:14:03,58,19,19,0,"fit: 3, efit: 5","fit: 3, efit: 4",,,,0,0,0,0,2,,
2026-05-21 17:40:41,58,19,19,0,"fit: 3, efit: 4","fit: 3, efit: 3",,,,0,0,0,0,2,,
2026-05-21 18:04:13,58,19,19,0,"fit: 3, efit: 3","fit: 3, efit: 2",,,,0,0,0,0,2,,
2026-05-21 18:05:46,58,19,19,0,"fit: 3, efit: 2","fit: 3, efit: 1",,,,0,0,0,0,2,,
2026-05-21 18:09:14,58,19,19,0,"fit: 3, efit: 1",fit: 3,,,,0,0,0,0,2,,
2026-05-21 18:44:22,58,19,19,0,"fit: 2, efit: 1",fit: 2,,,,0,0,0,0,2,,
2026-05-21 21:34:58,58,19,19,0,"fit: 3, efit: 1",fit: 3,,,,0,0,0,0,2,,
2026-05-21 21:39:59,58,19,19,0,"fit: 3, efit: 2","fit: 3, efit: 1",,,,0,0,0,0,2,,
2026-05-21 21:41:24,58,19,19,0,"fit: 3, efit: 1",fit: 3,,,,0,0,0,0,2,,
2026-05-21 23:00:36,58,19,19,0,"fit: 3, efit: 2","fit: 3, efit: 1",,,,0,0,0,0,2,,
2026-05-22 00:00:29,58,19,19,0,"fit: 3, efit: 2","fit: 3, efit: 1",,,,0,0,0,0,2,,
2026-05-22 06:17:52,58,19,19,0,"fit: 3, efit: 2","fit: 3, efit: 1",efit: 1,,,0,0,0,0,2,,
2026-05-22 07:06:40,58,19,19,0,"fit: 2, efit: 2","fit: 2, efit: 1",efit: 1,,,0,0,0,0,2,,
2026-05-22 08:16:49,58,19,19,0,"fit: 2, efit: 1",fit: 2,efit: 1,,,0,0,0,0,2,,
2026-05-22 08:36:52,58,19,19,0,"fit: 1, efit: 1",fit: 1,efit: 1,,,0,0,0,0,2,,
2026-05-22 09:07:18,58,19,19,0,efit: 1,,efit: 1,,,0,0,0,0,2,,
2026-05-22 09:37:05,58,19,19,0,"fit: 1, efit: 1",fit: 1,efit: 1,,,0,0,0,0,2,,
2026-05-22 11:47:22,58,19,19,0,"fit: 1, efit: 3","fit: 1, efit: 2",efit: 1,,,0,0,0,0,2,,
2026-05-22 12:02:24,58,19,19,0,"fit: 1, efit: 1",fit: 1,efit: 1,,,0,0,0,0,2,,
2026-05-22 12:27:28,58,19,19,0,"fit: 1, efit: 2","fit: 1, efit: 1",efit: 1,,,0,0,0,0,2,,
2026-05-22 13:09:03,58,19,19,0,"fit: 2, efit: 2","fit: 2, efit: 1",efit: 1,,,0,0,0,0,2,,
2026-05-22 14:28:24,58,19,19,0,"fit: 1, efit: 2","fit: 1, efit: 1",efit: 1,,,0,0,0,0,2,,
2026-05-22 15:48:41,58,19,19,0,"fit: 1, efit: 3","fit: 1, efit: 2",efit: 1,,,0,0,0,0,2,,
2026-05-22 16:53:10,58,19,19,0,"fit: 1, efit: 4","fit: 1, efit: 3",efit: 1,,,0,0,0,0,2,,
2026-05-22 17:23:14,58,19,19,0,"fit: 1, efit: 5","fit: 1, efit: 4",efit: 1,,,0,0,0,0,2,,
2026-05-22 19:34:28,58,19,19,0,"fit: 1, efit: 4","fit: 1, efit: 3",efit: 1,,,0,0,0,0,2,,
2026-05-22 21:28:47,58,19,19,0,"fit: 1, efit: 5","fit: 1, efit: 4",efit: 1,,,0,0,0,0,2,,
2026-05-22 23:20:13,58,19,19,0,"fit: 1, efit: 4","fit: 1, efit: 3",efit: 1,,,0,0,0,0,2,,
2026-05-22 23:24:03,58,19,19,0,"fit: 1, efit: 4","fit: 1, efit: 2",efit: 2,,,0,0,0,0,2,,
2026-05-22 23:49:06,58,19,19,0,"fit: 1, efit: 5","fit: 1, efit: 3",efit: 2,,,0,0,0,0,2,,
2026-05-23 00:00:21,58,19,19,0,"fit: 1, efit: 5","fit: 1, efit: 3",efit: 2,,,0,0,0,0,2,,
2026-05-23 04:19:41,58,19,19,0,"fit: 1, efit: 6","fit: 1, efit: 4",efit: 2,,,0,0,0,0,2,,
2026-05-23 09:25:22,58,19,19,0,"fit: 1, efit: 6","fit: 1, efit: 5",efit: 1,,,0,0,0,0,2,,
2026-05-23 09:27:12,58,19,19,0,"fit: 1, efit: 5","fit: 1, efit: 5",,,,0,0,0,0,2,,
2026-05-23 09:37:15,58,19,19,0,"fit: 1, efit: 4","fit: 1, efit: 4",,,,0,0,0,0,2,,
2026-05-23 10:05:28,58,19,19,0,"fit: 1, efit: 5","fit: 1, efit: 5",,,,0,0,0,0,2,,
2026-05-23 10:30:31,58,19,19,0,"fit: 1, efit: 4","fit: 1, efit: 4",,,,0,0,0,0,2,,
2026-05-23 10:45:33,58,19,19,0,"fit: 1, efit: 3","fit: 1, efit: 3",,,,0,0,0,0,2,,
2026-05-23 10:50:34,58,19,19,0,"fit: 1, efit: 4","fit: 1, efit: 4",,,,0,0,0,0,2,,
2026-05-23 11:02:31,58,19,19,0,"fit: 1, efit: 5","fit: 1, efit: 5",,,,0,0,0,0,2,,
2026-05-23 12:17:46,58,19,19,0,"fit: 1, efit: 4","fit: 1, efit: 4",,,,0,0,0,0,2,,
2026-05-23 12:32:49,58,19,19,0,"fit: 1, efit: 5","fit: 1, efit: 5",,,,0,0,0,0,2,,
2026-05-23 12:37:50,58,19,19,0,"fit: 1, efit: 4","fit: 1, efit: 4",,,,0,0,0,0,2,,
2026-05-23 12:50:50,58,19,19,0,"fit: 1, efit: 2","fit: 1, efit: 2",,,,0,0,0,0,2,,
2026-05-23 13:30:55,58,19,19,0,"fit: 1, efit: 3","fit: 1, efit: 3",,,,0,0,0,0,2,,
2026-05-23 13:43:03,58,19,19,0,"fit: 1, efit: 2","fit: 1, efit: 2",,,,0,0,0,0,2,,
2026-05-23 14:28:12,58,19,19,0,"fit: 1, efit: 3","fit: 1, efit: 3",,,,0,0,0,0,2,,
2026-05-23 14:43:15,58,19,19,0,"fit: 1, efit: 5","fit: 1, efit: 5",,,,0,0,0,0,2,,
2026-05-23 15:51:15,58,19,19,0,"fit: 2, efit: 6","fit: 2, efit: 6",,,,0,0,0,0,2,,
2026-05-23 15:53:29,58,19,19,0,"fit: 2, efit: 5","fit: 2, efit: 5",,,,0,0,0,0,2,,
2026-05-23 16:53:41,58,19,19,0,"fit: 2, efit: 4","fit: 2, efit: 4",,,,0,0,0,0,2,,
2026-05-23 16:58:42,58,19,19,0,"fit: 2, efit: 5","fit: 2, efit: 5",,,,0,0,0,0,2,,
2026-05-23 17:11:26,58,19,19,0,"fit: 2, efit: 3","fit: 2, efit: 3",,,,0,0,0,0,2,,
2026-05-23 17:41:30,58,19,19,0,"fit: 2, efit: 4","fit: 2, efit: 4",,,,0,0,0,0,2,,
2026-05-23 18:06:33,58,19,19,0,"fit: 2, efit: 5","fit: 2, efit: 5",,,,0,0,0,0,2,,
2026-05-23 18:08:56,58,19,19,0,"fit: 2, efit: 6","fit: 2, efit: 6",,,,0,0,0,0,2,,
2026-05-23 19:51:47,58,19,19,0,"fit: 2, efit: 5","fit: 2, efit: 5",,,,0,0,0,0,2,,
2026-05-23 20:01:49,58,19,19,0,"fit: 2, efit: 4","fit: 2, efit: 4",,,,0,0,0,0,2,,
2026-05-23 20:06:49,58,19,19,0,"fit: 2, efit: 5","fit: 2, efit: 5",,,,0,0,0,0,2,,
2026-05-23 20:41:54,58,19,19,0,"fit: 2, efit: 4","fit: 2, efit: 4",,,,0,0,0,0,2,,
2026-05-23 22:59:53,58,19,19,0,"fit: 2, efit: 3","fit: 2, efit: 3",,,,0,0,0,0,2,,
2026-05-23 23:32:17,58,19,19,0,"fit: 3, efit: 3","fit: 3, efit: 3",,,,0,0,0,0,2,,
